text_order_id,sentence,num_triplets,triplets,abbreviation
1256,"Die Band musste Dimebag Darrells Anfrage abweisen, weil sie gerade erst Schlagzeuger Nick Menza angeheuert hatten und keine weiteren Gitarristen einstellen konnten.",3,"[{'subject': {'upos': 'NOUN', 'text': 'Band', 'id': 2, 'deprel': 'nsubj', 'head': 7}, 'object': {'upos': 'NOUN', 'text': 'Anfrage', 'id': 6, 'deprel': 'obj', 'head': 7}, 'verb': {'upos': 'VERB', 'text': 'abweisen', 'id': 7, 'deprel': 'root', 'head': 0}}, {'subject': {'upos': 'PRON', 'text': 'sie', 'id': 10, 'deprel': 'nsubj', 'head': 16}, 'object': {'upos': 'NOUN', 'text': 'Schlagzeuger', 'id': 13, 'deprel': 'obj', 'head': 16}, 'verb': {'upos': 'VERB', 'text': 'angeheuert', 'id': 16, 'deprel': 'advcl', 'head': 7}}, {'subject': {'upos': 'PRON', 'text': 'sie', 'id': 10, 'deprel': 'nsubj', 'head': 16}, 'object': {'upos': 'NOUN', 'text': 'Gitarristen', 'id': 21, 'deprel': 'obj', 'head': 22}, 'verb': {'upos': 'VERB', 'text': 'einstellen', 'id': 22, 'deprel': 'conj', 'head': 16}}]","['SOV', 'SOV', 'SOV']"
313,"Jianyuan bezeichnet in der traditionellen chinesischen Geschichtsschreibung das Ausrufen des ersten Äranamens, wenn ein Kaiser eine neue Ära ausrief, die eine alte ablöste.",3,"[{'subject': {'upos': 'PROPN', 'text': 'Jianyuan', 'id': 1, 'deprel': 'nsubj', 'head': 2}, 'verb': {'upos': 'VERB', 'text': 'bezeichnet', 'id': 2, 'deprel': 'root', 'head': 0}, 'object': {'upos': 'NOUN', 'text': 'Ausrufen', 'id': 9, 'deprel': 'obj', 'head': 2}}, {'subject': {'upos': 'NOUN', 'text': 'Kaiser', 'id': 16, 'deprel': 'nsubj', 'head': 20}, 'object': {'upos': 'NOUN', 'text': 'Ära', 'id': 19, 'deprel': 'obj', 'head': 20}, 'verb': {'upos': 'VERB', 'text': 'ausrief', 'id': 20, 'deprel': 'advcl', 'head': 2}}, {'subject': {'upos': 'PRON', 'text': 'die', 'id': 22, 'deprel': 'nsubj', 'head': 25}, 'object': {'upos': 'NOUN', 'text': 'alte', 'id': 24, 'deprel': 'obj', 'head': 25}, 'verb': {'upos': 'VERB', 'text': 'ablöste', 'id': 25, 'deprel': 'acl', 'head': 19}}]","['SVO', 'SOV', 'SOV']"
880,"Katharina unterstützte öffentlich Heinrichs Beziehung zu Anne vor der Reise nach Calais im Oktober 1532, indem sie ihre Kronjuwelen an Anne abgab, die diese bei offiziellen Anlässen trug.",3,"[{'subject': {'upos': 'PROPN', 'text': 'Katharina', 'id': 1, 'deprel': 'nsubj', 'head': 2}, 'verb': {'upos': 'VERB', 'text': 'unterstützte', 'id': 2, 'deprel': 'root', 'head': 0}, 'object': {'upos': 'NOUN', 'text': 'Beziehung', 'id': 5, 'deprel': 'obj', 'head': 2}}, {'subject': {'upos': 'PRON', 'text': 'sie', 'id': 19, 'deprel': 'nsubj', 'head': 24}, 'object': {'upos': 'NOUN', 'text': 'Kronjuwelen', 'id': 21, 'deprel': 'obj', 'head': 24}, 'verb': {'upos': 'VERB', 'text': 'abgab', 'id': 24, 'deprel': 'advcl', 'head': 2}}, {'object': {'upos': 'PRON', 'text': 'die', 'id': 26, 'deprel': 'obj', 'head': 31}, 'subject': {'upos': 'DET', 'text': 'diese', 'id': 27, 'deprel': 'nsubj', 'head': 31}, 'verb': {'upos': 'VERB', 'text': 'trug', 'id': 31, 'deprel': 'acl', 'head': 23}}]","['SVO', 'SOV', 'OSV']"
653,"Man kann eine nicht schwer ausgeprägte virale Meningitis ambulant zu Hause behandeln, indem man Bettruhe einhält, Schmerzmittel nimmt und ausreichend Flüssigkeit intakes.",3,"[{'subject': {'upos': 'PRON', 'text': 'Man', 'id': 1, 'deprel': 'nsubj', 'head': 12}, 'object': {'upos': 'NOUN', 'text': 'Meningitis', 'id': 8, 'deprel': 'obj', 'head': 12}, 'verb': {'upos': 'VERB', 'text': 'behandeln', 'id': 12, 'deprel': 'root', 'head': 0}}, {'subject': {'upos': 'PRON', 'text': 'man', 'id': 15, 'deprel': 'nsubj', 'head': 17}, 'object': {'upos': 'NOUN', 'text': 'Bettruhe', 'id': 16, 'deprel': 'obj', 'head': 17}, 'verb': {'upos': 'VERB', 'text': 'einhält', 'id': 17, 'deprel': 'advcl', 'head': 12}}, {'subject': {'upos': 'PRON', 'text': 'man', 'id': 15, 'deprel': 'nsubj', 'head': 17}, 'object': {'upos': 'NOUN', 'text': 'Schmerzmittel', 'id': 19, 'deprel': 'obj', 'head': 20}, 'verb': {'upos': 'VERB', 'text': 'nimmt', 'id': 20, 'deprel': 'conj', 'head': 17}}]","['SOV', 'SOV', 'SOV']"
612,"Pascha löst seine missliche Lage, indem er an seinen besten Mann Jackie schreibt, der Shrikanth Mathur warnt und dessen Tochter Radha entführt.",3,"[{'subject': {'upos': 'PROPN', 'text': 'Pascha', 'id': 1, 'deprel': 'nsubj', 'head': 2}, 'verb': {'upos': 'VERB', 'text': 'löst', 'id': 2, 'deprel': 'root', 'head': 0}, 'object': {'upos': 'NOUN', 'text': 'Lage', 'id': 5, 'deprel': 'obj', 'head': 2}}, {'subject': {'upos': 'PRON', 'text': 'der', 'id': 16, 'deprel': 'nsubj', 'head': 19}, 'object': {'upos': 'PROPN', 'text': 'Shrikanth', 'id': 17, 'deprel': 'obj', 'head': 19}, 'verb': {'upos': 'VERB', 'text': 'warnt', 'id': 19, 'deprel': 'acl', 'head': 12}}, {'subject': {'upos': 'PRON', 'text': 'der', 'id': 16, 'deprel': 'nsubj', 'head': 19}, 'object': {'upos': 'NOUN', 'text': 'Tochter', 'id': 22, 'deprel': 'obj', 'head': 24}, 'verb': {'upos': 'VERB', 'text': 'entführt', 'id': 24, 'deprel': 'conj', 'head': 19}}]","['SVO', 'SOV', 'SOV']"
1557,"Supply-Chain-Management betont die Lieferkette, während Demand-Chain-Management die Nachfrageseite betont und die Lücke zwischen Customer-Relationship-Management und Supply-Chain-Management schließt.",3,"[{'subject': {'upos': 'NOUN', 'text': 'Management', 'id': 5, 'deprel': 'nsubj', 'head': 6}, 'verb': {'upos': 'VERB', 'text': 'betont', 'id': 6, 'deprel': 'root', 'head': 0}, 'object': {'upos': 'NOUN', 'text': 'Lieferkette', 'id': 8, 'deprel': 'obj', 'head': 6}}, {'subject': {'upos': 'PROPN', 'text': 'Demand', 'id': 11, 'deprel': 'nsubj', 'head': 18}, 'object': {'upos': 'NOUN', 'text': 'Nachfrageseite', 'id': 17, 'deprel': 'obj', 'head': 18}, 'verb': {'upos': 'VERB', 'text': 'betont', 'id': 18, 'deprel': 'advcl', 'head': 6}}, {'subject': {'upos': 'PROPN', 'text': 'Demand', 'id': 11, 'deprel': 'nsubj', 'head': 18}, 'object': {'upos': 'NOUN', 'text': 'Lücke', 'id': 21, 'deprel': 'obj', 'head': 34}, 'verb': {'upos': 'VERB', 'text': 'schließt', 'id': 34, 'deprel': 'conj', 'head': 18}}]","['SVO', 'SOV', 'SOV']"
506,"Bayramov komponierte sein tiefgreifendstes Meisterwerk 1985, genauer gesagt begann er die Arbeit an ""Goldener Schleier"" diesem Jahr.",2,"[{'subject': {'upos': 'PROPN', 'text': 'Bayramov', 'id': 1, 'deprel': 'nsubj', 'head': 2}, 'verb': {'upos': 'VERB', 'text': 'komponierte', 'id': 2, 'deprel': 'root', 'head': 0}, 'object': {'upos': 'NOUN', 'text': 'Meisterwerk', 'id': 5, 'deprel': 'obj', 'head': 2}}, {'verb': {'upos': 'VERB', 'text': 'begann', 'id': 10, 'deprel': 'conj', 'head': 2}, 'subject': {'upos': 'PRON', 'text': 'er', 'id': 11, 'deprel': 'nsubj', 'head': 10}, 'object': {'upos': 'NOUN', 'text': 'Arbeit', 'id': 13, 'deprel': 'obj', 'head': 10}}]","['SVO', 'VSO']"
1490,"Bevor Carlin Burns ein erfolgreiches Komödianten-Team mit Jack Burns gründete, trafen sie sich beim Sender KXOL in Fort Worth (Texas).",2,"[{'subject': {'upos': 'PROPN', 'text': 'Carlin', 'id': 2, 'deprel': 'nsubj', 'head': 12}, 'object': {'upos': 'NOUN', 'text': 'Team', 'id': 8, 'deprel': 'obj', 'head': 12}, 'verb': {'upos': 'VERB', 'text': 'gründete', 'id': 12, 'deprel': 'advcl', 'head': 14}}, {'verb': {'upos': 'VERB', 'text': 'trafen', 'id': 14, 'deprel': 'root', 'head': 0}, 'subject': {'upos': 'PRON', 'text': 'sie', 'id': 15, 'deprel': 'nsubj', 'head': 14}, 'object': {'upos': 'PRON', 'text': 'sich', 'id': 16, 'deprel': 'obj', 'head': 14}}]","['SOV', 'VSO']"
101,"Bond tötet Sciarra, da dieser sich als Terroristen-Anführer herausstellt.",2,"[{'subject': {'upos': 'PROPN', 'text': 'Bond', 'id': 1, 'deprel': 'nsubj', 'head': 2}, 'verb': {'upos': 'VERB', 'text': 'tötet', 'id': 2, 'deprel': 'root', 'head': 0}, 'object': {'upos': 'PROPN', 'text': 'Sciarra', 'id': 3, 'deprel': 'obj', 'head': 2}}, {'subject': {'upos': 'DET', 'text': 'dieser', 'id': 6, 'deprel': 'nsubj', 'head': 12}, 'object': {'upos': 'PRON', 'text': 'sich', 'id': 7, 'deprel': 'obj', 'head': 12}, 'verb': {'upos': 'VERB', 'text': 'herausstellt', 'id': 12, 'deprel': 'advcl', 'head': 2}}]","['SVO', 'SOV']"
385,"China hätte Nachteile bei einer Besetzung Burmas, da die Burmastraße dann geschlossen werden würde, was den alliierten Nachschub für China abcappen würde.",2,"[{'subject': {'upos': 'PROPN', 'text': 'China', 'id': 1, 'deprel': 'nsubj', 'head': 2}, 'verb': {'upos': 'VERB', 'text': 'hätte', 'id': 2, 'deprel': 'root', 'head': 0}, 'object': {'upos': 'NOUN', 'text': 'Nachteile', 'id': 3, 'deprel': 'obj', 'head': 2}}, {'subject': {'upos': 'PRON', 'text': 'was', 'id': 17, 'deprel': 'nsubj', 'head': 23}, 'object': {'upos': 'NOUN', 'text': 'Nachschub', 'id': 20, 'deprel': 'obj', 'head': 23}, 'verb': {'upos': 'VERB', 'text': 'abcappen', 'id': 23, 'deprel': 'acl', 'head': 13}}]","['SVO', 'SOV']"
1937,"Das Grove-Element wurde dem Daniell-Element vorzuziehen, weil es eine höhere Zellspannung von 1,9 V hatte, was zuverlässigere Betriebsvorgänge bei den ersten Telegrafiesystemen ermöglichte.",2,"[{'subject': {'upos': 'PRON', 'text': 'es', 'id': 13, 'deprel': 'nsubj', 'head': 20}, 'object': {'upos': 'NOUN', 'text': 'Zellspannung', 'id': 16, 'deprel': 'obj', 'head': 20}, 'verb': {'upos': 'VERB', 'text': 'hatte', 'id': 20, 'deprel': 'advcl', 'head': 10}}, {'subject': {'upos': 'PRON', 'text': 'was', 'id': 22, 'deprel': 'nsubj', 'head': 29}, 'object': {'upos': 'NOUN', 'text': 'Betriebsvorgänge', 'id': 24, 'deprel': 'obj', 'head': 29}, 'verb': {'upos': 'VERB', 'text': 'ermöglichte', 'id': 29, 'deprel': 'acl', 'head': 20}}]","['SOV', 'SOV']"
1963,"Der Massenprotest führte zu einem allgemeinen Aufstand, bei dem Soldaten und Arbeiter die öffentlichen und militärischen Einrichtungen Kiels unter ihre Kontrolle brachten und die Abdankung der Hohenzollern sowie das freie und gleiche Wahlrecht für Männer und Frauen forderten.",2,"[{'subject': {'upos': 'NOUN', 'text': 'Soldaten', 'id': 11, 'deprel': 'nsubj', 'head': 23}, 'object': {'upos': 'NOUN', 'text': 'Einrichtungen', 'id': 18, 'deprel': 'obj', 'head': 23}, 'verb': {'upos': 'VERB', 'text': 'brachten', 'id': 23, 'deprel': 'acl', 'head': 7}}, {'subject': {'upos': 'NOUN', 'text': 'Soldaten', 'id': 11, 'deprel': 'nsubj', 'head': 23}, 'object': {'upos': 'NOUN', 'text': 'Abdankung', 'id': 26, 'deprel': 'obj', 'head': 39}, 'verb': {'upos': 'VERB', 'text': 'forderten', 'id': 39, 'deprel': 'conj', 'head': 23}}]","['SOV', 'SOV']"
893,"Der Name MySQL setzt sich zusammen aus dem Vornamen My, den die Tochter des MySQL-AB-Mitbegründers Michael Widenius trägt, und SQL.",2,"[{'subject': {'upos': 'NOUN', 'text': 'Name', 'id': 2, 'deprel': 'nsubj', 'head': 4}, 'verb': {'upos': 'VERB', 'text': 'setzt', 'id': 4, 'deprel': 'root', 'head': 0}, 'object': {'upos': 'PRON', 'text': 'sich', 'id': 5, 'deprel': 'obj', 'head': 4}}, {'object': {'upos': 'PRON', 'text': 'den', 'id': 12, 'deprel': 'obj', 'head': 21}, 'subject': {'upos': 'NOUN', 'text': 'Tochter', 'id': 14, 'deprel': 'nsubj', 'head': 21}, 'verb': {'upos': 'VERB', 'text': 'trägt', 'id': 21, 'deprel': 'acl', 'head': 9}}]","['SVO', 'OSV']"
347,"Der Text gibt keine spezifischen Informationen über den militärischen Rang des spanischen Kommandanten, der Wilkinsons Streitmacht keinen Widerstand leistete.",2,"[{'subject': {'upos': 'NOUN', 'text': 'Text', 'id': 2, 'deprel': 'nsubj', 'head': 3}, 'verb': {'upos': 'VERB', 'text': 'gibt', 'id': 3, 'deprel': 'root', 'head': 0}, 'object': {'upos': 'NOUN', 'text': 'Informationen', 'id': 6, 'deprel': 'obj', 'head': 3}}, {'subject': {'upos': 'PRON', 'text': 'der', 'id': 15, 'deprel': 'nsubj', 'head': 20}, 'object': {'upos': 'NOUN', 'text': 'Streitmacht', 'id': 17, 'deprel': 'obj', 'head': 20}, 'verb': {'upos': 'VERB', 'text': 'leistete', 'id': 20, 'deprel': 'acl', 'head': 13}}]","['SVO', 'SOV']"
187,"Der Text gibt nicht genügend Informationen darüber, wie oft der Mossad vergebliche Versuche unternommen hat, Salameh umzubringen.",2,"[{'subject': {'upos': 'NOUN', 'text': 'Text', 'id': 2, 'deprel': 'nsubj', 'head': 3}, 'verb': {'upos': 'VERB', 'text': 'gibt', 'id': 3, 'deprel': 'root', 'head': 0}, 'object': {'upos': 'NOUN', 'text': 'Informationen', 'id': 6, 'deprel': 'obj', 'head': 3}}, {'subject': {'upos': 'PROPN', 'text': 'Mossad', 'id': 12, 'deprel': 'nsubj', 'head': 15}, 'object': {'upos': 'NOUN', 'text': 'Versuche', 'id': 14, 'deprel': 'obj', 'head': 15}, 'verb': {'upos': 'VERB', 'text': 'unternommen', 'id': 15, 'deprel': 'ccomp', 'head': 6}}]","['SVO', 'SOV']"
1974,Die bisherigen kaiserlichen Beamten konnten ihre Stellungen halten und ihre Arbeit zum großen Teil unverändert fortsetzen.,2,"[{'subject': {'upos': 'NOUN', 'text': 'Beamten', 'id': 4, 'deprel': 'nsubj', 'head': 8}, 'object': {'upos': 'NOUN', 'text': 'Stellungen', 'id': 7, 'deprel': 'obj', 'head': 8}, 'verb': {'upos': 'VERB', 'text': 'halten', 'id': 8, 'deprel': 'root', 'head': 0}}, {'subject': {'upos': 'NOUN', 'text': 'Beamten', 'id': 4, 'deprel': 'nsubj', 'head': 8}, 'object': {'upos': 'NOUN', 'text': 'Arbeit', 'id': 11, 'deprel': 'obj', 'head': 17}, 'verb': {'upos': 'VERB', 'text': 'fortsetzen', 'id': 17, 'deprel': 'conj', 'head': 8}}]","['SOV', 'SOV']"
1551,"Die Exclusion Bill führte zur Bildung des englischen Zweiparteiensystems, da die Whigs das Gesetz unterstützten und die Tories sich ihm widersetzten.",2,"[{'subject': {'upos': 'NOUN', 'text': 'Whigs', 'id': 14, 'deprel': 'nsubj', 'head': 17}, 'object': {'upos': 'NOUN', 'text': 'Gesetz', 'id': 16, 'deprel': 'obj', 'head': 17}, 'verb': {'upos': 'VERB', 'text': 'unterstützten', 'id': 17, 'deprel': 'advcl', 'head': 4}}, {'subject': {'upos': 'NOUN', 'text': 'Tories', 'id': 20, 'deprel': 'nsubj', 'head': 23}, 'object': {'upos': 'PRON', 'text': 'sich', 'id': 21, 'deprel': 'obj', 'head': 23}, 'verb': {'upos': 'VERB', 'text': 'widersetzten', 'id': 23, 'deprel': 'conj', 'head': 17}}]","['SOV', 'SOV']"
5,Die feinen Aschepartikel bewirkten Kurzschlüsse in Transformatoren und zogen so Stromausfälle nach sich.,2,"[{'subject': {'upos': 'NOUN', 'text': 'Aschepartikel', 'id': 3, 'deprel': 'nsubj', 'head': 4}, 'verb': {'upos': 'VERB', 'text': 'bewirkten', 'id': 4, 'deprel': 'root', 'head': 0}, 'object': {'upos': 'NOUN', 'text': 'Kurzschlüsse', 'id': 5, 'deprel': 'obj', 'head': 4}}, {'subject': {'upos': 'NOUN', 'text': 'Aschepartikel', 'id': 3, 'deprel': 'nsubj', 'head': 4}, 'verb': {'upos': 'VERB', 'text': 'zogen', 'id': 9, 'deprel': 'conj', 'head': 4}, 'object': {'upos': 'NOUN', 'text': 'Stromausfälle', 'id': 11, 'deprel': 'obj', 'head': 9}}]","['SVO', 'SVO']"
1580,"Die Gruppe, die sich in Halifax zu sehr von der Regierung getrennt sah, nannte sich die Loyalisten.",2,"[{'subject': {'upos': 'PRON', 'text': 'die', 'id': 4, 'deprel': 'nsubj', 'head': 14}, 'object': {'upos': 'PRON', 'text': 'sich', 'id': 5, 'deprel': 'obj', 'head': 14}, 'verb': {'upos': 'VERB', 'text': 'sah', 'id': 14, 'deprel': 'acl', 'head': 2}}, {'subject': {'upos': 'NOUN', 'text': 'Gruppe', 'id': 2, 'deprel': 'nsubj', 'head': 16}, 'verb': {'upos': 'VERB', 'text': 'nannte', 'id': 16, 'deprel': 'root', 'head': 0}, 'object': {'upos': 'PRON', 'text': 'sich', 'id': 17, 'deprel': 'obj', 'head': 16}}]","['SOV', 'SVO']"
1855,Die HomO-Behörde unntersuchte Beschwerden und reichte die Klagen ein.,2,"[{'subject': {'upos': 'PROPN', 'text': 'HomO', 'id': 2, 'deprel': 'nsubj', 'head': 5}, 'verb': {'upos': 'VERB', 'text': 'unntersuchte', 'id': 5, 'deprel': 'root', 'head': 0}, 'object': {'upos': 'NOUN', 'text': 'Beschwerden', 'id': 6, 'deprel': 'obj', 'head': 5}}, {'subject': {'upos': 'PROPN', 'text': 'HomO', 'id': 2, 'deprel': 'nsubj', 'head': 5}, 'verb': {'upos': 'VERB', 'text': 'reichte', 'id': 8, 'deprel': 'conj', 'head': 5}, 'object': {'upos': 'NOUN', 'text': 'Klagen', 'id': 10, 'deprel': 'obj', 'head': 8}}]","['SVO', 'SVO']"
1472,Die Informationen in den bereitgestellten Texten lassen keine spezifische Antwort auf die Frage „Wo trafen sich die Eltern des Jungen?“ zu.,2,"[{'subject': {'upos': 'NOUN', 'text': 'Informationen', 'id': 2, 'deprel': 'nsubj', 'head': 7}, 'verb': {'upos': 'VERB', 'text': 'lassen', 'id': 7, 'deprel': 'root', 'head': 0}, 'object': {'upos': 'NOUN', 'text': 'Antwort', 'id': 10, 'deprel': 'obj', 'head': 7}}, {'verb': {'upos': 'VERB', 'text': 'trafen', 'id': 16, 'deprel': 'parataxis', 'head': 7}, 'object': {'upos': 'PRON', 'text': 'sich', 'id': 17, 'deprel': 'obj', 'head': 16}, 'subject': {'upos': 'NOUN', 'text': 'Eltern', 'id': 19, 'deprel': 'nsubj', 'head': 16}}]","['SVO', 'VOS']"
443,"Die isländische Route 1 führt durch die Außenbezirke von Reykjavík und erstreckt sich nach Osten über die Hellisheiði Richtung Selfoss und nach Nordwesten Richtung Akranes und Borgarnes, wobei sie das Bergmassiv der Esja umrundet.",2,"[{'subject': {'upos': 'NOUN', 'text': 'Route', 'id': 3, 'deprel': 'nsubj', 'head': 5}, 'verb': {'upos': 'VERB', 'text': 'erstreckt', 'id': 12, 'deprel': 'conj', 'head': 5}, 'object': {'upos': 'PRON', 'text': 'sich', 'id': 13, 'deprel': 'obj', 'head': 12}}, {'subject': {'upos': 'PRON', 'text': 'sie', 'id': 30, 'deprel': 'nsubj', 'head': 35}, 'object': {'upos': 'NOUN', 'text': 'Bergmassiv', 'id': 32, 'deprel': 'obj', 'head': 35}, 'verb': {'upos': 'VERB', 'text': 'umrundet', 'id': 35, 'deprel': 'advcl', 'head': 12}}]","['SVO', 'SOV']"
104,"Die japanische Armee verlor auf Leyte etwa 49.000 Mann, während die japanische Marine 26 große Kriegsschiffe und 46 große Frachter und Handelsschiffe einbüßte.",2,"[{'subject': {'upos': 'NOUN', 'text': 'Armee', 'id': 3, 'deprel': 'nsubj', 'head': 4}, 'verb': {'upos': 'VERB', 'text': 'verlor', 'id': 4, 'deprel': 'root', 'head': 0}, 'object': {'upos': 'NOUN', 'text': 'Mann', 'id': 9, 'deprel': 'obj', 'head': 4}}, {'subject': {'upos': 'NOUN', 'text': 'Marine', 'id': 14, 'deprel': 'nsubj', 'head': 24}, 'object': {'upos': 'NOUN', 'text': 'Kriegsschiffe', 'id': 17, 'deprel': 'obj', 'head': 24}, 'verb': {'upos': 'VERB', 'text': 'einbüßte', 'id': 24, 'deprel': 'advcl', 'head': 4}}]","['SVO', 'SOV']"
1345,"Die Modifikation des ENIAC zu einem Computer mit Befehlsspeicher verlangsamte seine Rechenleistung auf 1/6, aber es verringerte auch die Dauer des Umprogrammierens, sodass insgesamt ein Zeitgewinn erzielt wurde.",2,"[{'subject': {'upos': 'NOUN', 'text': 'Modifikation', 'id': 2, 'deprel': 'nsubj', 'head': 10}, 'verb': {'upos': 'VERB', 'text': 'verlangsamte', 'id': 10, 'deprel': 'root', 'head': 0}, 'object': {'upos': 'NOUN', 'text': 'Rechenleistung', 'id': 12, 'deprel': 'obj', 'head': 10}}, {'subject': {'upos': 'NOUN', 'text': 'Modifikation', 'id': 2, 'deprel': 'nsubj', 'head': 10}, 'verb': {'upos': 'VERB', 'text': 'verringerte', 'id': 18, 'deprel': 'conj', 'head': 10}, 'object': {'upos': 'NOUN', 'text': 'Dauer', 'id': 21, 'deprel': 'obj', 'head': 18}}]","['SVO', 'SVO']"
1445,"Die Resolution der Generalversammlung der Vereinten Nationen erwähnt Lieferanten von Konfliktdiamanten wie die UNITA-Rebellen in Angola und die Revolutionary United Front-Rebellen (RUF) in Sierra Leone, die ihre Kriege gegen die Regierung finanzierten.",2,"[{'subject': {'upos': 'NOUN', 'text': 'Resolution', 'id': 2, 'deprel': 'nsubj', 'head': 8}, 'verb': {'upos': 'VERB', 'text': 'erwähnt', 'id': 8, 'deprel': 'root', 'head': 0}, 'object': {'upos': 'NOUN', 'text': 'Lieferanten', 'id': 9, 'deprel': 'obj', 'head': 8}}, {'subject': {'upos': 'PRON', 'text': 'die', 'id': 33, 'deprel': 'nsubj', 'head': 39}, 'object': {'upos': 'NOUN', 'text': 'Kriege', 'id': 35, 'deprel': 'obj', 'head': 39}, 'verb': {'upos': 'VERB', 'text': 'finanzierten', 'id': 39, 'deprel': 'acl', 'head': 30}}]","['SVO', 'SOV']"
1962,"Die sowjetische Regierung 1918 vereinbarte mit Leo Trotzki den Friedensvertrag von Brest-Litowsk, der Russland härtere Friedensbedingungen auferlegte als später der Versailler Vertrag dem Deutschen Reich.",2,"[{'subject': {'upos': 'NOUN', 'text': 'Regierung', 'id': 3, 'deprel': 'nsubj', 'head': 5}, 'verb': {'upos': 'VERB', 'text': 'vereinbarte', 'id': 5, 'deprel': 'root', 'head': 0}, 'object': {'upos': 'NOUN', 'text': 'Friedensvertrag', 'id': 10, 'deprel': 'obj', 'head': 5}}, {'subject': {'upos': 'PRON', 'text': 'der', 'id': 16, 'deprel': 'nsubj', 'head': 20}, 'object': {'upos': 'NOUN', 'text': 'Friedensbedingungen', 'id': 19, 'deprel': 'obj', 'head': 20}, 'verb': {'upos': 'VERB', 'text': 'auferlegte', 'id': 20, 'deprel': 'acl', 'head': 10}}]","['SVO', 'SOV']"
277,"Die Texte geben keine spezifischen Informationen darüber, wer den Schlüssel hatte, um das Fläschchen mit Christi Blut zu besorgen.",2,"[{'subject': {'upos': 'NOUN', 'text': 'Texte', 'id': 2, 'deprel': 'nsubj', 'head': 3}, 'verb': {'upos': 'VERB', 'text': 'geben', 'id': 3, 'deprel': 'root', 'head': 0}, 'object': {'upos': 'NOUN', 'text': 'Informationen', 'id': 6, 'deprel': 'obj', 'head': 3}}, {'subject': {'upos': 'PRON', 'text': 'wer', 'id': 9, 'deprel': 'nsubj', 'head': 12}, 'object': {'upos': 'NOUN', 'text': 'Schlüssel', 'id': 11, 'deprel': 'obj', 'head': 12}, 'verb': {'upos': 'VERB', 'text': 'hatte', 'id': 12, 'deprel': 'acl', 'head': 6}}]","['SVO', 'SOV']"
1341,"Die Wählerbeteiligung erhöhte sich um etwa die Hälfte, da die Zahl der registrierten Wähler in den Südstaaten innerhalb von vier Jahren verdoppelte sich.",2,"[{'subject': {'upos': 'NOUN', 'text': 'Wählerbeteiligung', 'id': 2, 'deprel': 'nsubj', 'head': 3}, 'verb': {'upos': 'VERB', 'text': 'erhöhte', 'id': 3, 'deprel': 'root', 'head': 0}, 'object': {'upos': 'PRON', 'text': 'sich', 'id': 4, 'deprel': 'obj', 'head': 3}}, {'subject': {'upos': 'NOUN', 'text': 'Zahl', 'id': 12, 'deprel': 'nsubj', 'head': 23}, 'verb': {'upos': 'VERB', 'text': 'verdoppelte', 'id': 23, 'deprel': 'advcl', 'head': 3}, 'object': {'upos': 'PRON', 'text': 'sich', 'id': 24, 'deprel': 'obj', 'head': 23}}]","['SVO', 'SVO']"
1997,Drogo führte eine Expedition nach Kalabrien und übergab die Festung bei Scribla seinem Bruder Robert Guiskard.,2,"[{'subject': {'upos': 'PROPN', 'text': 'Drogo', 'id': 1, 'deprel': 'nsubj', 'head': 2}, 'verb': {'upos': 'VERB', 'text': 'führte', 'id': 2, 'deprel': 'root', 'head': 0}, 'object': {'upos': 'NOUN', 'text': 'Expedition', 'id': 4, 'deprel': 'obj', 'head': 2}}, {'subject': {'upos': 'PROPN', 'text': 'Drogo', 'id': 1, 'deprel': 'nsubj', 'head': 2}, 'verb': {'upos': 'VERB', 'text': 'übergab', 'id': 8, 'deprel': 'conj', 'head': 2}, 'object': {'upos': 'NOUN', 'text': 'Festung', 'id': 10, 'deprel': 'obj', 'head': 8}}]","['SVO', 'SVO']"
682,"Eine Person, die sich im hohen Maße wohl fühlt, verspürt oft Dankbarkeit.",2,"[{'subject': {'upos': 'PRON', 'text': 'die', 'id': 4, 'deprel': 'nsubj', 'head': 11}, 'object': {'upos': 'PRON', 'text': 'sich', 'id': 5, 'deprel': 'obj', 'head': 11}, 'verb': {'upos': 'VERB', 'text': 'fühlt', 'id': 11, 'deprel': 'acl', 'head': 2}}, {'subject': {'upos': 'NOUN', 'text': 'Person', 'id': 2, 'deprel': 'nsubj', 'head': 13}, 'verb': {'upos': 'VERB', 'text': 'verspürt', 'id': 13, 'deprel': 'root', 'head': 0}, 'object': {'upos': 'NOUN', 'text': 'Dankbarkeit', 'id': 15, 'deprel': 'obj', 'head': 13}}]","['SOV', 'SVO']"
1591,"Eisenhower machte Eden wütend, indem er keine Unterstützung für die Invasion Ägyptens bereitstellte.",2,"[{'subject': {'upos': 'PROPN', 'text': 'Eisenhower', 'id': 1, 'deprel': 'nsubj', 'head': 2}, 'verb': {'upos': 'VERB', 'text': 'machte', 'id': 2, 'deprel': 'root', 'head': 0}, 'object': {'upos': 'PROPN', 'text': 'Eden', 'id': 3, 'deprel': 'obj', 'head': 2}}, {'subject': {'upos': 'PRON', 'text': 'er', 'id': 7, 'deprel': 'nsubj', 'head': 14}, 'object': {'upos': 'NOUN', 'text': 'Unterstützung', 'id': 9, 'deprel': 'obj', 'head': 14}, 'verb': {'upos': 'VERB', 'text': 'bereitstellte', 'id': 14, 'deprel': 'advcl', 'head': 2}}]","['SVO', 'SOV']"
874,"Maneka Gandhi besuchte die Lawrence School und anschließend das Lady Shri Ram College, wo sie 1973 einen Schönheitswettbewerb gewann.",2,"[{'subject': {'upos': 'PROPN', 'text': 'Maneka', 'id': 1, 'deprel': 'nsubj', 'head': 3}, 'verb': {'upos': 'VERB', 'text': 'besuchte', 'id': 3, 'deprel': 'root', 'head': 0}, 'object': {'upos': 'PROPN', 'text': 'Lawrence', 'id': 5, 'deprel': 'obj', 'head': 3}}, {'subject': {'upos': 'PRON', 'text': 'sie', 'id': 16, 'deprel': 'nsubj', 'head': 20}, 'object': {'upos': 'NOUN', 'text': 'Schönheitswettbewerb', 'id': 19, 'deprel': 'obj', 'head': 20}, 'verb': {'upos': 'VERB', 'text': 'gewann', 'id': 20, 'deprel': 'acl', 'head': 10}}]","['SVO', 'SOV']"
1660,Nach Abschluss des Schuljahres machen die Schüler in der Regel eine GCSE-Prüfung und bilden sich anschließend für etwa zwei Jahre weiter.,2,"[{'verb': {'upos': 'VERB', 'text': 'machen', 'id': 5, 'deprel': 'root', 'head': 0}, 'subject': {'upos': 'NOUN', 'text': 'Schüler', 'id': 7, 'deprel': 'nsubj', 'head': 5}, 'object': {'upos': 'PROPN', 'text': 'GCSE', 'id': 12, 'deprel': 'obj', 'head': 5}}, {'subject': {'upos': 'NOUN', 'text': 'Schüler', 'id': 7, 'deprel': 'nsubj', 'head': 5}, 'verb': {'upos': 'VERB', 'text': 'bilden', 'id': 16, 'deprel': 'conj', 'head': 5}, 'object': {'upos': 'PRON', 'text': 'sich', 'id': 17, 'deprel': 'obj', 'head': 16}}]","['VSO', 'SVO']"
553,"Nachdem Marga Faulstich mit 44 Jahren in den Ruhestand ging, verbrachte sie die folgenden Jahre mit Reisen in alle Welt und hielt Vorträge und Referate auf Glas-Kongressen.",2,"[{'verb': {'upos': 'VERB', 'text': 'verbrachte', 'id': 12, 'deprel': 'root', 'head': 0}, 'subject': {'upos': 'PRON', 'text': 'sie', 'id': 13, 'deprel': 'nsubj', 'head': 12}, 'object': {'upos': 'NOUN', 'text': 'Jahre', 'id': 16, 'deprel': 'obj', 'head': 12}}, {'subject': {'upos': 'PRON', 'text': 'sie', 'id': 13, 'deprel': 'nsubj', 'head': 12}, 'verb': {'upos': 'VERB', 'text': 'hielt', 'id': 23, 'deprel': 'conj', 'head': 12}, 'object': {'upos': 'NOUN', 'text': 'Vorträge', 'id': 24, 'deprel': 'obj', 'head': 23}}]","['VSO', 'SVO']"
427,"Raj hatte einen Aufenthalt von zwei Wochen, bei dem er sich von Pooja ignoriert fühlte.",2,"[{'subject': {'upos': 'PROPN', 'text': 'Raj', 'id': 1, 'deprel': 'nsubj', 'head': 2}, 'verb': {'upos': 'VERB', 'text': 'hatte', 'id': 2, 'deprel': 'root', 'head': 0}, 'object': {'upos': 'NOUN', 'text': 'Aufenthalt', 'id': 4, 'deprel': 'obj', 'head': 2}}, {'subject': {'upos': 'PRON', 'text': 'er', 'id': 11, 'deprel': 'nsubj', 'head': 16}, 'object': {'upos': 'PRON', 'text': 'sich', 'id': 12, 'deprel': 'obj', 'head': 16}, 'verb': {'upos': 'VERB', 'text': 'fühlte', 'id': 16, 'deprel': 'acl', 'head': 4}}]","['SVO', 'SOV']"
1238,"Seine Errungenschaften beinhalten eine neuartige Methode zur Berechnung der vermutlichen Größe eines Polymers in Lösung (Flory-Huggins-Theorie) sowie die Herleitung des Flory-Exponenten, der die Bewegung von Polymeren in Lösungen charakterisiert.",2,"[{'subject': {'upos': 'NOUN', 'text': 'Errungenschaften', 'id': 2, 'deprel': 'nsubj', 'head': 3}, 'verb': {'upos': 'VERB', 'text': 'beinhalten', 'id': 3, 'deprel': 'root', 'head': 0}, 'object': {'upos': 'NOUN', 'text': 'Methode', 'id': 6, 'deprel': 'obj', 'head': 3}}, {'subject': {'upos': 'PRON', 'text': 'der', 'id': 32, 'deprel': 'nsubj', 'head': 39}, 'object': {'upos': 'NOUN', 'text': 'Bewegung', 'id': 34, 'deprel': 'obj', 'head': 39}, 'verb': {'upos': 'VERB', 'text': 'charakterisiert', 'id': 39, 'deprel': 'acl', 'head': 28}}]","['SVO', 'SOV']"
1099,"Sie beide beobachteten und analysierten ihre Umgebung sehr genau, um Schlüsse zu ziehen.",2,"[{'subject': {'upos': 'PRON', 'text': 'Sie', 'id': 1, 'deprel': 'nsubj', 'head': 3}, 'object': {'upos': 'DET', 'text': 'beide', 'id': 2, 'deprel': 'obj', 'head': 3}, 'verb': {'upos': 'VERB', 'text': 'beobachteten', 'id': 3, 'deprel': 'root', 'head': 0}}, {'subject': {'upos': 'PRON', 'text': 'Sie', 'id': 1, 'deprel': 'nsubj', 'head': 3}, 'verb': {'upos': 'VERB', 'text': 'analysierten', 'id': 5, 'deprel': 'conj', 'head': 3}, 'object': {'upos': 'NOUN', 'text': 'Umgebung', 'id': 7, 'deprel': 'obj', 'head': 5}}]","['SOV', 'SVO']"
838,"Sie beraubte sich für den Rest ihres Lebens der Sicht, indem sie eine Augenbinde trug.",2,"[{'subject': {'upos': 'PRON', 'text': 'Sie', 'id': 1, 'deprel': 'nsubj', 'head': 2}, 'verb': {'upos': 'VERB', 'text': 'beraubte', 'id': 2, 'deprel': 'root', 'head': 0}, 'object': {'upos': 'PRON', 'text': 'sich', 'id': 3, 'deprel': 'obj', 'head': 2}}, {'subject': {'upos': 'PRON', 'text': 'sie', 'id': 13, 'deprel': 'nsubj', 'head': 16}, 'object': {'upos': 'NOUN', 'text': 'Augenbinde', 'id': 15, 'deprel': 'obj', 'head': 16}, 'verb': {'upos': 'VERB', 'text': 'trug', 'id': 16, 'deprel': 'advcl', 'head': 2}}]","['SVO', 'SOV']"
1853,Sie betreiben Photosynthese und haben spezielle Zellen für die Stickstoffbindung.,2,"[{'subject': {'upos': 'PRON', 'text': 'Sie', 'id': 1, 'deprel': 'nsubj', 'head': 2}, 'verb': {'upos': 'VERB', 'text': 'betreiben', 'id': 2, 'deprel': 'root', 'head': 0}, 'object': {'upos': 'NOUN', 'text': 'Photosynthese', 'id': 3, 'deprel': 'obj', 'head': 2}}, {'subject': {'upos': 'PRON', 'text': 'Sie', 'id': 1, 'deprel': 'nsubj', 'head': 2}, 'verb': {'upos': 'VERB', 'text': 'haben', 'id': 5, 'deprel': 'conj', 'head': 2}, 'object': {'upos': 'NOUN', 'text': 'Zellen', 'id': 7, 'deprel': 'obj', 'head': 5}}]","['SVO', 'SVO']"
1074,"Stallman startete eine Kampagne gegen proprietäre Software, die Nutzern Freiheitsrechte entzieht.",2,"[{'subject': {'upos': 'PROPN', 'text': 'Stallman', 'id': 1, 'deprel': 'nsubj', 'head': 2}, 'verb': {'upos': 'VERB', 'text': 'startete', 'id': 2, 'deprel': 'root', 'head': 0}, 'object': {'upos': 'NOUN', 'text': 'Kampagne', 'id': 4, 'deprel': 'obj', 'head': 2}}, {'subject': {'upos': 'PRON', 'text': 'die', 'id': 9, 'deprel': 'nsubj', 'head': 12}, 'object': {'upos': 'NOUN', 'text': 'Freiheitsrechte', 'id': 11, 'deprel': 'obj', 'head': 12}, 'verb': {'upos': 'VERB', 'text': 'entzieht', 'id': 12, 'deprel': 'acl', 'head': 7}}]","['SVO', 'SOV']"
1113,"Viv Richards erzielte im Laufe seiner Karriere 8540 Runs in Tests und 6721 Runs in ODIs, was insgesamt 15261 Runs beträgt.",2,"[{'subject': {'upos': 'PROPN', 'text': 'Viv', 'id': 1, 'deprel': 'nsubj', 'head': 3}, 'verb': {'upos': 'VERB', 'text': 'erzielte', 'id': 3, 'deprel': 'root', 'head': 0}, 'object': {'upos': 'NOUN', 'text': 'Runs', 'id': 10, 'deprel': 'obj', 'head': 3}}, {'subject': {'upos': 'PRON', 'text': 'was', 'id': 19, 'deprel': 'nsubj', 'head': 23}, 'object': {'upos': 'NOUN', 'text': 'Runs', 'id': 22, 'deprel': 'obj', 'head': 23}, 'verb': {'upos': 'VERB', 'text': 'beträgt', 'id': 23, 'deprel': 'acl', 'head': 10}}]","['SVO', 'SOV']"
125,Vologaeses einigte sich mit den aufständischen Hyrkaniern und berief eine Versammlung ein.,2,"[{'subject': {'upos': 'PROPN', 'text': 'Vologaeses', 'id': 1, 'deprel': 'nsubj', 'head': 2}, 'verb': {'upos': 'VERB', 'text': 'einigte', 'id': 2, 'deprel': 'root', 'head': 0}, 'object': {'upos': 'PRON', 'text': 'sich', 'id': 3, 'deprel': 'obj', 'head': 2}}, {'subject': {'upos': 'PROPN', 'text': 'Vologaeses', 'id': 1, 'deprel': 'nsubj', 'head': 2}, 'verb': {'upos': 'VERB', 'text': 'berief', 'id': 9, 'deprel': 'conj', 'head': 2}, 'object': {'upos': 'NOUN', 'text': 'Versammlung', 'id': 11, 'deprel': 'obj', 'head': 9}}]","['SVO', 'SVO']"
574,"VSMPO-AVISMA produziert Titan, welches ein Übergangsmetallem gehört.",2,"[{'subject': {'upos': 'PROPN', 'text': 'VSMPO-AVISMA', 'id': 1, 'deprel': 'nsubj', 'head': 2}, 'verb': {'upos': 'VERB', 'text': 'produziert', 'id': 2, 'deprel': 'root', 'head': 0}, 'object': {'upos': 'PROPN', 'text': 'Titan', 'id': 3, 'deprel': 'obj', 'head': 2}}, {'subject': {'upos': 'DET', 'text': 'welches', 'id': 5, 'deprel': 'nsubj', 'head': 8}, 'object': {'upos': 'NOUN', 'text': 'Übergangsmetallem', 'id': 7, 'deprel': 'obj', 'head': 8}, 'verb': {'upos': 'VERB', 'text': 'gehört', 'id': 8, 'deprel': 'acl', 'head': 3}}]","['SVO', 'SOV']"
235,"Xu Fu ist in See gestochen, aber niemals zurückgekehrt, nachdem Qin Shi Huang seine Hilfe mit Bogenschützen anbot, die eine riesige Meereskratur töten sollten.",2,"[{'subject': {'upos': 'PROPN', 'text': 'Qin', 'id': 13, 'deprel': 'nsubj', 'head': 20}, 'object': {'upos': 'NOUN', 'text': 'Hilfe', 'id': 17, 'deprel': 'obj', 'head': 20}, 'verb': {'upos': 'VERB', 'text': 'anbot', 'id': 20, 'deprel': 'advcl', 'head': 6}}, {'subject': {'upos': 'PRON', 'text': 'die', 'id': 22, 'deprel': 'nsubj', 'head': 26}, 'object': {'upos': 'NOUN', 'text': 'Meereskratur', 'id': 25, 'deprel': 'obj', 'head': 26}, 'verb': {'upos': 'VERB', 'text': 'töten', 'id': 26, 'deprel': 'acl', 'head': 19}}]","['SOV', 'SOV']"
471,"1786 bedeutete einen signifikanten Wachstum der Macht für den Generalgouverneur, da die Beschlüsse des Ratsgremiums für ihn keine bindende Wirkung mehr hatten.",1,"[{'subject': {'upos': 'NOUN', 'text': 'Beschlüsse', 'id': 14, 'deprel': 'nsubj', 'head': 23}, 'object': {'upos': 'NOUN', 'text': 'Wirkung', 'id': 21, 'deprel': 'obj', 'head': 23}, 'verb': {'upos': 'VERB', 'text': 'hatten', 'id': 23, 'deprel': 'advcl', 'head': 2}}]",['SOV']
1374,"1951 trat er als Minister zurück, da die hinduistische Führungsschicht seine Forderungen nach sozialer, wirtschaftlicher und politischer Gleichstellung der Dalits nicht in vollem Umfang erfüllen wollte.",1,"[{'subject': {'upos': 'NOUN', 'text': 'Führungsschicht', 'id': 11, 'deprel': 'nsubj', 'head': 27}, 'object': {'upos': 'NOUN', 'text': 'Forderungen', 'id': 13, 'deprel': 'obj', 'head': 27}, 'verb': {'upos': 'VERB', 'text': 'erfüllen', 'id': 27, 'deprel': 'advcl', 'head': 2}}]",['SOV']
356,"Ab 1944 kämpften die australischen Truppen nicht mehr im Zentrum des alliierten Vormarsches, führten bis Kriegsende aber weiterhin groß angelegte Operationen an Nebenfronten durch.",1,"[{'subject': {'upos': 'NOUN', 'text': 'Truppen', 'id': 6, 'deprel': 'nsubj', 'head': 3}, 'verb': {'upos': 'VERB', 'text': 'führten', 'id': 16, 'deprel': 'conj', 'head': 3}, 'object': {'upos': 'NOUN', 'text': 'Operationen', 'id': 23, 'deprel': 'obj', 'head': 16}}]",['SVO']
764,Ab dem Jahr 1932 nahm McGee Airways zunächst mit einer einmotorigen Maschine mit drei Sitzplätzen zwischen Anchorage und Bristol Bay den Verkehr auf.,1,"[{'verb': {'upos': 'VERB', 'text': 'nahm', 'id': 5, 'deprel': 'root', 'head': 0}, 'subject': {'upos': 'PROPN', 'text': 'McGee', 'id': 6, 'deprel': 'nsubj', 'head': 5}, 'object': {'upos': 'NOUN', 'text': 'Verkehr', 'id': 22, 'deprel': 'obj', 'head': 5}}]",['VSO']
654,Aciclovir könnte Herpes ansprechen.,1,"[{'subject': {'upos': 'PROPN', 'text': 'Aciclovir', 'id': 1, 'deprel': 'nsubj', 'head': 4}, 'object': {'upos': 'PROPN', 'text': 'Herpes', 'id': 3, 'deprel': 'obj', 'head': 4}, 'verb': {'upos': 'VERB', 'text': 'ansprechen', 'id': 4, 'deprel': 'root', 'head': 0}}]",['SOV']
630,Adam entführte Johnson.,1,"[{'subject': {'upos': 'PROPN', 'text': 'Adam', 'id': 1, 'deprel': 'nsubj', 'head': 2}, 'verb': {'upos': 'VERB', 'text': 'entführte', 'id': 2, 'deprel': 'root', 'head': 0}, 'object': {'upos': 'PROPN', 'text': 'Johnson', 'id': 3, 'deprel': 'obj', 'head': 2}}]",['SVO']
733,Aleksander Wolszczan entdeckte PSR B1257+12.,1,"[{'subject': {'upos': 'PROPN', 'text': 'Aleksander', 'id': 1, 'deprel': 'nsubj', 'head': 3}, 'verb': {'upos': 'VERB', 'text': 'entdeckte', 'id': 3, 'deprel': 'root', 'head': 0}, 'object': {'upos': 'PROPN', 'text': 'PSR', 'id': 4, 'deprel': 'obj', 'head': 3}}]",['SVO']
230,"Allgemein unterstützten Adelige aus dem gallorömischen Senatorat Jovinus, die Konstantins Niederlage überlebt hatten.",1,"[{'subject': {'upos': 'PRON', 'text': 'die', 'id': 10, 'deprel': 'nsubj', 'head': 13}, 'object': {'upos': 'NOUN', 'text': 'Niederlage', 'id': 12, 'deprel': 'obj', 'head': 13}, 'verb': {'upos': 'VERB', 'text': 'überlebt', 'id': 13, 'deprel': 'acl', 'head': 7}}]",['SOV']
3,An den südlichen und östlichen Flanken des Berges wiesen die Schlammströme etwa die Konsistenz flüssigen Betons auf.,1,"[{'verb': {'upos': 'VERB', 'text': 'wiesen', 'id': 9, 'deprel': 'root', 'head': 0}, 'subject': {'upos': 'NOUN', 'text': 'Schlammströme', 'id': 11, 'deprel': 'nsubj', 'head': 9}, 'object': {'upos': 'NOUN', 'text': 'Konsistenz', 'id': 14, 'deprel': 'obj', 'head': 9}}]",['VSO']
1233,Anfang des Jahres 2001 verließ Criss erneut die Band.,1,"[{'verb': {'upos': 'VERB', 'text': 'verließ', 'id': 5, 'deprel': 'root', 'head': 0}, 'subject': {'upos': 'PROPN', 'text': 'Criss', 'id': 6, 'deprel': 'nsubj', 'head': 5}, 'object': {'upos': 'NOUN', 'text': 'Band', 'id': 9, 'deprel': 'obj', 'head': 5}}]",['VSO']
1958,Angel verlässt Sandbourne.,1,"[{'subject': {'upos': 'PROPN', 'text': 'Angel', 'id': 1, 'deprel': 'nsubj', 'head': 2}, 'verb': {'upos': 'VERB', 'text': 'verlässt', 'id': 2, 'deprel': 'root', 'head': 0}, 'object': {'upos': 'PROPN', 'text': 'Sandbourne', 'id': 3, 'deprel': 'obj', 'head': 2}}]",['SVO']
1628,Argentinien schoss bei der Niederlage gegen Deutschland 0 Tore.,1,"[{'subject': {'upos': 'PROPN', 'text': 'Argentinien', 'id': 1, 'deprel': 'nsubj', 'head': 2}, 'verb': {'upos': 'VERB', 'text': 'schoss', 'id': 2, 'deprel': 'root', 'head': 0}, 'object': {'upos': 'NOUN', 'text': 'Tore', 'id': 9, 'deprel': 'obj', 'head': 2}}]",['SVO']
63,Armenien behielt seinen beachtlichen Grad an Autonomie durch die Bewahrung einheimischer Herrscher und den Unterhaltung einer gewissen Unabhängigkeit innerhalb der Seleukiden-Einflusssphäre.,1,"[{'subject': {'upos': 'PROPN', 'text': 'Armenien', 'id': 1, 'deprel': 'nsubj', 'head': 2}, 'verb': {'upos': 'VERB', 'text': 'behielt', 'id': 2, 'deprel': 'root', 'head': 0}, 'object': {'upos': 'NOUN', 'text': 'Grad', 'id': 5, 'deprel': 'obj', 'head': 2}}]",['SVO']
822,"Aston Villa hatte sein erstes offizielles Spiel gegen eine Rugby-Mannschaft, in der die Regeln eine Mischung aus Rugby und Fußball waren.",1,"[{'subject': {'upos': 'PROPN', 'text': 'Aston', 'id': 1, 'deprel': 'nsubj', 'head': 3}, 'verb': {'upos': 'VERB', 'text': 'hatte', 'id': 3, 'deprel': 'root', 'head': 0}, 'object': {'upos': 'NOUN', 'text': 'Spiel', 'id': 7, 'deprel': 'obj', 'head': 3}}]",['SVO']
851,Atkinson hatte drei Kinder.,1,"[{'subject': {'upos': 'PROPN', 'text': 'Atkinson', 'id': 1, 'deprel': 'nsubj', 'head': 2}, 'verb': {'upos': 'VERB', 'text': 'hatte', 'id': 2, 'deprel': 'root', 'head': 0}, 'object': {'upos': 'NOUN', 'text': 'Kinder', 'id': 4, 'deprel': 'obj', 'head': 2}}]",['SVO']
948,"AUDIT steht für Alcohol Use Disorders Identification Test und ist ein Screeningverfahren für Alkoholmissbrauch, das anhand zehn Fragen persönliche Trinkgewohnheiten erhebt.",1,"[{'subject': {'upos': 'PRON', 'text': 'das', 'id': 16, 'deprel': 'nsubj', 'head': 22}, 'object': {'upos': 'NOUN', 'text': 'Trinkgewohnheiten', 'id': 21, 'deprel': 'obj', 'head': 22}, 'verb': {'upos': 'VERB', 'text': 'erhebt', 'id': 22, 'deprel': 'acl', 'head': 14}}]",['SOV']
211,August erreichen die meisten überlebenden Japaner die japanischen Stellungen bei Taivu Point und funkten an das Hauptquartier der 17.,1,"[{'verb': {'upos': 'VERB', 'text': 'erreichen', 'id': 2, 'deprel': 'root', 'head': 0}, 'subject': {'upos': 'NOUN', 'text': 'Japaner', 'id': 6, 'deprel': 'nsubj', 'head': 2}, 'object': {'upos': 'NOUN', 'text': 'Stellungen', 'id': 9, 'deprel': 'obj', 'head': 2}}]",['VSO']
1207,"Auks finden Sie in den kühlen, borealen bis kalten, arktischen Gewässern des Nordatlantiks und des Nordpazifiks.",1,"[{'subject': {'upos': 'PROPN', 'text': 'Auks', 'id': 1, 'deprel': 'nsubj', 'head': 2}, 'verb': {'upos': 'VERB', 'text': 'finden', 'id': 2, 'deprel': 'root', 'head': 0}, 'object': {'upos': 'PRON', 'text': 'Sie', 'id': 3, 'deprel': 'obj', 'head': 2}}]",['SVO']
803,Aus religiösen und kulturellen Gründen würde jemand die Zirkumzision durchführen.,1,"[{'subject': {'upos': 'PRON', 'text': 'jemand', 'id': 7, 'deprel': 'nsubj', 'head': 10}, 'object': {'upos': 'NOUN', 'text': 'Zirkumzision', 'id': 9, 'deprel': 'obj', 'head': 10}, 'verb': {'upos': 'VERB', 'text': 'durchführen', 'id': 10, 'deprel': 'root', 'head': 0}}]",['SOV']
1783,Australien besiegte Neuseeland in der zweiten Runde mit 2:0 im Hinspiel und 4:1 im Rückspiel.,1,"[{'subject': {'upos': 'PROPN', 'text': 'Australien', 'id': 1, 'deprel': 'nsubj', 'head': 2}, 'verb': {'upos': 'VERB', 'text': 'besiegte', 'id': 2, 'deprel': 'root', 'head': 0}, 'object': {'upos': 'PROPN', 'text': 'Neuseeland', 'id': 3, 'deprel': 'obj', 'head': 2}}]",['SVO']
1744,Australien hat seit Jahren eine defizitäre Leistungsbilanz.,1,"[{'subject': {'upos': 'PROPN', 'text': 'Australien', 'id': 1, 'deprel': 'nsubj', 'head': 2}, 'verb': {'upos': 'VERB', 'text': 'hat', 'id': 2, 'deprel': 'root', 'head': 0}, 'object': {'upos': 'NOUN', 'text': 'Leistungsbilanz', 'id': 7, 'deprel': 'obj', 'head': 2}}]",['SVO']
1348,AVC steht für Advanced Video Coding und bezieht sich auf den H.264-Videokompressionsstandard.,1,"[{'subject': {'upos': 'PROPN', 'text': 'AVC', 'id': 1, 'deprel': 'nsubj', 'head': 2}, 'verb': {'upos': 'VERB', 'text': 'bezieht', 'id': 8, 'deprel': 'conj', 'head': 2}, 'object': {'upos': 'PRON', 'text': 'sich', 'id': 9, 'deprel': 'obj', 'head': 8}}]",['SVO']
1422,"Bärenmakis können ein Gewicht von etwa 0,3 bis 0,5 Kilogramm erreichen.",1,"[{'subject': {'upos': 'NOUN', 'text': 'Bärenmakis', 'id': 1, 'deprel': 'nsubj', 'head': 11}, 'object': {'upos': 'NOUN', 'text': 'Gewicht', 'id': 4, 'deprel': 'obj', 'head': 11}, 'verb': {'upos': 'VERB', 'text': 'erreichen', 'id': 11, 'deprel': 'root', 'head': 0}}]",['SOV']
83,"Basierend auf den gegebenen Informationen kann nicht genau bestimmt werden, bis zu welchem Zeitpunkt DuPont für das USDOE aktive Arbeit leistete.",1,"[{'subject': {'upos': 'PROPN', 'text': 'DuPont', 'id': 16, 'deprel': 'nsubj', 'head': 22}, 'object': {'upos': 'NOUN', 'text': 'Arbeit', 'id': 21, 'deprel': 'obj', 'head': 22}, 'verb': {'upos': 'VERB', 'text': 'leistete', 'id': 22, 'deprel': 'advcl', 'head': 9}}]",['SOV']
954,Bates erhielt ihren Abschluss 2007.,1,"[{'subject': {'upos': 'PROPN', 'text': 'Bates', 'id': 1, 'deprel': 'nsubj', 'head': 2}, 'verb': {'upos': 'VERB', 'text': 'erhielt', 'id': 2, 'deprel': 'root', 'head': 0}, 'object': {'upos': 'NOUN', 'text': 'Abschluss', 'id': 4, 'deprel': 'obj', 'head': 2}}]",['SVO']
1782,Batman fängt Lau in Gotham.,1,"[{'subject': {'upos': 'PROPN', 'text': 'Batman', 'id': 1, 'deprel': 'nsubj', 'head': 2}, 'verb': {'upos': 'VERB', 'text': 'fängt', 'id': 2, 'deprel': 'root', 'head': 0}, 'object': {'upos': 'PROPN', 'text': 'Lau', 'id': 3, 'deprel': 'obj', 'head': 2}}]",['SVO']
533,Bei den tasmanischen Farmers verschafften sich die Beutelteufel Respekt.,1,"[{'verb': {'upos': 'VERB', 'text': 'verschafften', 'id': 5, 'deprel': 'root', 'head': 0}, 'object': {'upos': 'PRON', 'text': 'sich', 'id': 6, 'deprel': 'obj', 'head': 5}, 'subject': {'upos': 'NOUN', 'text': 'Beutelteufel', 'id': 8, 'deprel': 'nsubj', 'head': 5}}]",['VOS']
894,"Bei einem Gallensteinangriff könnte sich jemand im rechten Oberbauch unwohl fühlen, der Schmerz kann auch in den Rücken oder die rechte Schulter ausstrahlen.",1,"[{'object': {'upos': 'PRON', 'text': 'sich', 'id': 5, 'deprel': 'obj', 'head': 12}, 'subject': {'upos': 'PRON', 'text': 'jemand', 'id': 6, 'deprel': 'nsubj', 'head': 12}, 'verb': {'upos': 'VERB', 'text': 'fühlen', 'id': 12, 'deprel': 'root', 'head': 0}}]",['OSV']
1032,Beowulf erschlägt den Drachen vor seinem Tod.,1,"[{'subject': {'upos': 'PROPN', 'text': 'Beowulf', 'id': 1, 'deprel': 'nsubj', 'head': 2}, 'verb': {'upos': 'VERB', 'text': 'erschlägt', 'id': 2, 'deprel': 'root', 'head': 0}, 'object': {'upos': 'NOUN', 'text': 'Drachen', 'id': 4, 'deprel': 'obj', 'head': 2}}]",['SVO']
109,"Berengar II., der fränkische König von Italien und Römische Kaiser, nahm Spoleto von seinem letzten Markgrafen zurück.",1,"[{'subject': {'upos': 'PROPN', 'text': 'Berengar', 'id': 1, 'deprel': 'nsubj', 'head': 13}, 'verb': {'upos': 'VERB', 'text': 'nahm', 'id': 13, 'deprel': 'root', 'head': 0}, 'object': {'upos': 'PROPN', 'text': 'Spoleto', 'id': 14, 'deprel': 'obj', 'head': 13}}]",['SVO']
1318,Beth Foraker hat ihren mittleren Sohn David Cook am 20.,1,"[{'subject': {'upos': 'PROPN', 'text': 'Beth', 'id': 1, 'deprel': 'nsubj', 'head': 3}, 'verb': {'upos': 'VERB', 'text': 'hat', 'id': 3, 'deprel': 'root', 'head': 0}, 'object': {'upos': 'NOUN', 'text': 'Sohn', 'id': 6, 'deprel': 'obj', 'head': 3}}]",['SVO']
343,"Beyoncé Knowles, Anthony Dent und Mathew Knowles haben den Song „Survivor“ geschrieben.",1,"[{'subject': {'upos': 'PROPN', 'text': 'Beyoncé', 'id': 1, 'deprel': 'nsubj', 'head': 15}, 'object': {'upos': 'NOUN', 'text': 'Song', 'id': 11, 'deprel': 'obj', 'head': 15}, 'verb': {'upos': 'VERB', 'text': 'geschrieben', 'id': 15, 'deprel': 'root', 'head': 0}}]",['SOV']
582,Biff versucht sich bei Lorraine einzudrängen.,1,"[{'subject': {'upos': 'PROPN', 'text': 'Biff', 'id': 1, 'deprel': 'nsubj', 'head': 2}, 'verb': {'upos': 'VERB', 'text': 'versucht', 'id': 2, 'deprel': 'root', 'head': 0}, 'object': {'upos': 'PRON', 'text': 'sich', 'id': 3, 'deprel': 'obj', 'head': 2}}]",['SVO']
1667,Boni hatte laut chinesischen Berichten 100 Kriegsschiffe.,1,"[{'subject': {'upos': 'PROPN', 'text': 'Boni', 'id': 1, 'deprel': 'nsubj', 'head': 2}, 'verb': {'upos': 'VERB', 'text': 'hatte', 'id': 2, 'deprel': 'root', 'head': 0}, 'object': {'upos': 'NOUN', 'text': 'Kriegsschiffe', 'id': 7, 'deprel': 'obj', 'head': 2}}]",['SVO']
1589,Brunei erlangte seine Unabhängigkeit 1984.,1,"[{'subject': {'upos': 'PROPN', 'text': 'Brunei', 'id': 1, 'deprel': 'nsubj', 'head': 2}, 'verb': {'upos': 'VERB', 'text': 'erlangte', 'id': 2, 'deprel': 'root', 'head': 0}, 'object': {'upos': 'NOUN', 'text': 'Unabhängigkeit', 'id': 4, 'deprel': 'obj', 'head': 2}}]",['SVO']
1669,Brunei's Reich in West-Kalimantan erstreckte sich bis zum Delta des Kapuas-Flusses.,1,"[{'subject': {'upos': 'PROPN', 'text': 'Reich', 'id': 3, 'deprel': 'nsubj', 'head': 8}, 'verb': {'upos': 'VERB', 'text': 'erstreckte', 'id': 8, 'deprel': 'root', 'head': 0}, 'object': {'upos': 'PRON', 'text': 'sich', 'id': 9, 'deprel': 'obj', 'head': 8}}]",['SVO']
919,Butch machte sich im Chopper davon.,1,"[{'subject': {'upos': 'PROPN', 'text': 'Butch', 'id': 1, 'deprel': 'nsubj', 'head': 2}, 'verb': {'upos': 'VERB', 'text': 'machte', 'id': 2, 'deprel': 'root', 'head': 0}, 'object': {'upos': 'PRON', 'text': 'sich', 'id': 3, 'deprel': 'obj', 'head': 2}}]",['SVO']
1641,"Caballé hat insgesamt drei Kinder, darunter eine gemeinsame Tochter mit Bernabé Martí.",1,"[{'subject': {'upos': 'PROPN', 'text': 'Caballé', 'id': 1, 'deprel': 'nsubj', 'head': 2}, 'verb': {'upos': 'VERB', 'text': 'hat', 'id': 2, 'deprel': 'root', 'head': 0}, 'object': {'upos': 'NOUN', 'text': 'Kinder', 'id': 5, 'deprel': 'obj', 'head': 2}}]",['SVO']
1480,Charles Louis Alphonse Laveran entdeckte das parasitäre Protozoon.,1,"[{'subject': {'upos': 'PROPN', 'text': 'Charles', 'id': 1, 'deprel': 'nsubj', 'head': 5}, 'verb': {'upos': 'VERB', 'text': 'entdeckte', 'id': 5, 'deprel': 'root', 'head': 0}, 'object': {'upos': 'NOUN', 'text': 'Protozoon', 'id': 8, 'deprel': 'obj', 'head': 5}}]",['SVO']
1878,Charles Nicolle heiratete 1895 Alice Avice.,1,"[{'subject': {'upos': 'PROPN', 'text': 'Charles', 'id': 1, 'deprel': 'nsubj', 'head': 3}, 'verb': {'upos': 'VERB', 'text': 'heiratete', 'id': 3, 'deprel': 'root', 'head': 0}, 'object': {'upos': 'PROPN', 'text': 'Alice', 'id': 5, 'deprel': 'obj', 'head': 3}}]",['SVO']
1500,Charles und Diana trennten sich offiziell am 28.,1,"[{'subject': {'upos': 'PROPN', 'text': 'Charles', 'id': 1, 'deprel': 'nsubj', 'head': 4}, 'verb': {'upos': 'VERB', 'text': 'trennten', 'id': 4, 'deprel': 'root', 'head': 0}, 'object': {'upos': 'PRON', 'text': 'sich', 'id': 5, 'deprel': 'obj', 'head': 4}}]",['SVO']
1019,Che Guevara heiratete Aleida March am 2.,1,"[{'subject': {'upos': 'PROPN', 'text': 'Che', 'id': 1, 'deprel': 'nsubj', 'head': 3}, 'verb': {'upos': 'VERB', 'text': 'heiratete', 'id': 3, 'deprel': 'root', 'head': 0}, 'object': {'upos': 'PROPN', 'text': 'Aleida', 'id': 4, 'deprel': 'obj', 'head': 3}}]",['SVO']
508,China führte seine sechste Volkszählung am 1.,1,"[{'subject': {'upos': 'PROPN', 'text': 'China', 'id': 1, 'deprel': 'nsubj', 'head': 2}, 'verb': {'upos': 'VERB', 'text': 'führte', 'id': 2, 'deprel': 'root', 'head': 0}, 'object': {'upos': 'NOUN', 'text': 'Volkszählung', 'id': 5, 'deprel': 'obj', 'head': 2}}]",['SVO']
1666,"Chinesische Texte bieten mögliche Hinweise auf die Frühgeschichte, aber es fehlen lokale oder einheimische Quellen.",1,"[{'subject': {'upos': 'NOUN', 'text': 'Texte', 'id': 2, 'deprel': 'nsubj', 'head': 3}, 'verb': {'upos': 'VERB', 'text': 'bieten', 'id': 3, 'deprel': 'root', 'head': 0}, 'object': {'upos': 'NOUN', 'text': 'Hinweise', 'id': 5, 'deprel': 'obj', 'head': 3}}]",['SVO']
676,Christen sollten bei der Verehrung Gottes Dankbarkeit verspüren.,1,"[{'subject': {'upos': 'NOUN', 'text': 'Christen', 'id': 1, 'deprel': 'nsubj', 'head': 8}, 'object': {'upos': 'NOUN', 'text': 'Dankbarkeit', 'id': 7, 'deprel': 'obj', 'head': 8}, 'verb': {'upos': 'VERB', 'text': 'verspüren', 'id': 8, 'deprel': 'root', 'head': 0}}]",['SOV']
1909,Christoph Kolumbus führte bei seiner zweiten Reise 17 Schiffe aus.,1,"[{'subject': {'upos': 'PROPN', 'text': 'Christoph', 'id': 1, 'deprel': 'nsubj', 'head': 3}, 'verb': {'upos': 'VERB', 'text': 'führte', 'id': 3, 'deprel': 'root', 'head': 0}, 'object': {'upos': 'NOUN', 'text': 'Schiffe', 'id': 9, 'deprel': 'obj', 'head': 3}}]",['SVO']
1005,Christopher Nolan hat britische und amerikanische Staatsangehörigkeit.,1,"[{'subject': {'upos': 'PROPN', 'text': 'Christopher', 'id': 1, 'deprel': 'nsubj', 'head': 3}, 'verb': {'upos': 'VERB', 'text': 'hat', 'id': 3, 'deprel': 'root', 'head': 0}, 'object': {'upos': 'NOUN', 'text': 'Staatsangehörigkeit', 'id': 7, 'deprel': 'obj', 'head': 3}}]",['SVO']
1330,"Claudie André-Deshays hat ihre Abschlüsse in Medizin, Biologie, Sportmedizin, Luft- und Raumfahrtmedizin sowie Rheumatik gemacht.",1,"[{'subject': {'upos': 'PROPN', 'text': 'Claudie', 'id': 1, 'deprel': 'nsubj', 'head': 21}, 'object': {'upos': 'NOUN', 'text': 'Abschlüsse', 'id': 7, 'deprel': 'obj', 'head': 21}, 'verb': {'upos': 'VERB', 'text': 'gemacht', 'id': 21, 'deprel': 'root', 'head': 0}}]",['SOV']
1438,Clive verließ zuletzt Indien Ende Januar 1767.,1,"[{'subject': {'upos': 'PROPN', 'text': 'Clive', 'id': 1, 'deprel': 'nsubj', 'head': 2}, 'verb': {'upos': 'VERB', 'text': 'verließ', 'id': 2, 'deprel': 'root', 'head': 0}, 'object': {'upos': 'PROPN', 'text': 'Indien', 'id': 4, 'deprel': 'obj', 'head': 2}}]",['SVO']
18,Colgate belegte den zweiten Platz der sportlichsten Colleges in Amerika.,1,"[{'subject': {'upos': 'PROPN', 'text': 'Colgate', 'id': 1, 'deprel': 'nsubj', 'head': 2}, 'verb': {'upos': 'VERB', 'text': 'belegte', 'id': 2, 'deprel': 'root', 'head': 0}, 'object': {'upos': 'NOUN', 'text': 'Platz', 'id': 5, 'deprel': 'obj', 'head': 2}}]",['SVO']
1211,"Croatia Airlines unterhält Codeshare-Abkommen mit Fluggesellschaften, die Star Alliance Mitglieder sind.",1,"[{'subject': {'upos': 'PROPN', 'text': 'Croatia', 'id': 1, 'deprel': 'nsubj', 'head': 3}, 'verb': {'upos': 'VERB', 'text': 'unterhält', 'id': 3, 'deprel': 'root', 'head': 0}, 'object': {'upos': 'PROPN', 'text': 'Codeshare', 'id': 4, 'deprel': 'obj', 'head': 3}}]",['SVO']
85,d'Hérelle unterhielt Versuche am Menschen.,1,"[{'subject': {'upos': 'PROPN', 'text': ""d'Hérelle"", 'id': 1, 'deprel': 'nsubj', 'head': 2}, 'verb': {'upos': 'VERB', 'text': 'unterhielt', 'id': 2, 'deprel': 'root', 'head': 0}, 'object': {'upos': 'NOUN', 'text': 'Versuche', 'id': 3, 'deprel': 'obj', 'head': 2}}]",['SVO']
275,Daly gehörte Kanada.,1,"[{'subject': {'upos': 'PROPN', 'text': 'Daly', 'id': 1, 'deprel': 'nsubj', 'head': 2}, 'verb': {'upos': 'VERB', 'text': 'gehörte', 'id': 2, 'deprel': 'root', 'head': 0}, 'object': {'upos': 'PROPN', 'text': 'Kanada', 'id': 3, 'deprel': 'obj', 'head': 2}}]",['SVO']
1754,Daniel Frost Comstock konnte die ersten Herleitungen der Relativität der Gleichzeitigkeit durch Synchronisation mit Lichtsignalen vereinfachen.,1,"[{'subject': {'upos': 'PROPN', 'text': 'Daniel', 'id': 1, 'deprel': 'nsubj', 'head': 16}, 'object': {'upos': 'NOUN', 'text': 'Herleitungen', 'id': 7, 'deprel': 'obj', 'head': 16}, 'verb': {'upos': 'VERB', 'text': 'vereinfachen', 'id': 16, 'deprel': 'root', 'head': 0}}]",['SOV']
674,Dankbarkeit kann positives soziales Verhalten im Wohltäter verstärken.,1,"[{'subject': {'upos': 'NOUN', 'text': 'Dankbarkeit', 'id': 1, 'deprel': 'nsubj', 'head': 9}, 'object': {'upos': 'NOUN', 'text': 'Verhalten', 'id': 5, 'deprel': 'obj', 'head': 9}, 'verb': {'upos': 'VERB', 'text': 'verstärken', 'id': 9, 'deprel': 'root', 'head': 0}}]",['SOV']
681,Dankbarkeit spielt für das Wohlergehen der Menschen eine große Rolle.,1,"[{'subject': {'upos': 'NOUN', 'text': 'Dankbarkeit', 'id': 1, 'deprel': 'nsubj', 'head': 2}, 'verb': {'upos': 'VERB', 'text': 'spielt', 'id': 2, 'deprel': 'root', 'head': 0}, 'object': {'upos': 'NOUN', 'text': 'Rolle', 'id': 10, 'deprel': 'obj', 'head': 2}}]",['SVO']
675,"Dankbarkeit wird in der Religion als wertvolles menschliches Gefühl gesehen, das Religionen in ihren Anhängern erwecken und erhalten wollen.",1,"[{'subject': {'upos': 'PRON', 'text': 'das', 'id': 12, 'deprel': 'nsubj', 'head': 17}, 'object': {'upos': 'NOUN', 'text': 'Religionen', 'id': 13, 'deprel': 'obj', 'head': 17}, 'verb': {'upos': 'VERB', 'text': 'erwecken', 'id': 17, 'deprel': 'acl', 'head': 9}}]",['SOV']
509,"Das Bevölkerungswachstum in China beträgt 0,59 %.",1,"[{'subject': {'upos': 'NOUN', 'text': 'Bevölkerungswachstum', 'id': 2, 'deprel': 'nsubj', 'head': 5}, 'verb': {'upos': 'VERB', 'text': 'beträgt', 'id': 5, 'deprel': 'root', 'head': 0}, 'object': {'upos': 'NOUN', 'text': '%', 'id': 7, 'deprel': 'obj', 'head': 5}}]",['SVO']
1250,Das Bild zeigt die meisten Feldpositionen und deren Bezeichnungen im Cricket.,1,"[{'subject': {'upos': 'NOUN', 'text': 'Bild', 'id': 2, 'deprel': 'nsubj', 'head': 3}, 'verb': {'upos': 'VERB', 'text': 'zeigt', 'id': 3, 'deprel': 'root', 'head': 0}, 'object': {'upos': 'NOUN', 'text': 'Feldpositionen', 'id': 6, 'deprel': 'obj', 'head': 3}}]",['SVO']
1798,Das Celebesbecken bildete sich vor 42 Millionen Jahren.,1,"[{'subject': {'upos': 'NOUN', 'text': 'Celebesbecken', 'id': 2, 'deprel': 'nsubj', 'head': 3}, 'verb': {'upos': 'VERB', 'text': 'bildete', 'id': 3, 'deprel': 'root', 'head': 0}, 'object': {'upos': 'PRON', 'text': 'sich', 'id': 4, 'deprel': 'obj', 'head': 3}}]",['SVO']
199,Das Chandra-Röntgenteleskop enthüllte 2001 die Existenz extrem heißen Gases in NGC 6543.,1,"[{'subject': {'upos': 'PROPN', 'text': 'Chandra', 'id': 2, 'deprel': 'nsubj', 'head': 5}, 'verb': {'upos': 'VERB', 'text': 'enthüllte', 'id': 5, 'deprel': 'root', 'head': 0}, 'object': {'upos': 'NOUN', 'text': 'Existenz', 'id': 8, 'deprel': 'obj', 'head': 5}}]",['SVO']
1367,Das Direktorium kann 12 Mitglieder des Verwaltungsrates wählen.,1,"[{'subject': {'upos': 'NOUN', 'text': 'Direktorium', 'id': 2, 'deprel': 'nsubj', 'head': 8}, 'object': {'upos': 'NOUN', 'text': 'Mitglieder', 'id': 5, 'deprel': 'obj', 'head': 8}, 'verb': {'upos': 'VERB', 'text': 'wählen', 'id': 8, 'deprel': 'root', 'head': 0}}]",['SOV']
212,Das Durchschnittsalter im Land beträgt 35 Jahre.,1,"[{'subject': {'upos': 'NOUN', 'text': 'Durchschnittsalter', 'id': 2, 'deprel': 'nsubj', 'head': 6}, 'verb': {'upos': 'VERB', 'text': 'beträgt', 'id': 6, 'deprel': 'root', 'head': 0}, 'object': {'upos': 'NOUN', 'text': 'Jahre', 'id': 8, 'deprel': 'obj', 'head': 6}}]",['SVO']
1291,"Das E 80 Straßennetz setzte sich fort nach Sofia, von dort weiter nach Priština, Dubrovnik, Pescara, Rom, Genua, Toulouse, Burgos, Salamanca bis nach Lissabon.",1,"[{'subject': {'upos': 'PROPN', 'text': 'E', 'id': 2, 'deprel': 'nsubj', 'head': 5}, 'verb': {'upos': 'VERB', 'text': 'setzte', 'id': 5, 'deprel': 'root', 'head': 0}, 'object': {'upos': 'PRON', 'text': 'sich', 'id': 6, 'deprel': 'obj', 'head': 5}}]",['SVO']
1936,"Das Gravity-Daniell-Zelle ersetzte die frühe elektrische Primärzelle, das Grove-Element.",1,"[{'subject': {'upos': 'PROPN', 'text': 'Gravity', 'id': 2, 'deprel': 'nsubj', 'head': 7}, 'verb': {'upos': 'VERB', 'text': 'ersetzte', 'id': 7, 'deprel': 'root', 'head': 0}, 'object': {'upos': 'NOUN', 'text': 'Primärzelle', 'id': 11, 'deprel': 'obj', 'head': 7}}]",['SVO']
1743,Das Howard-Government deregulierte teilweise das Währungs- und Finanzsystem sowie das Transport- und Telekommunikationswesen.,1,"[{'subject': {'upos': 'PROPN', 'text': 'Howard', 'id': 2, 'deprel': 'nsubj', 'head': 5}, 'verb': {'upos': 'VERB', 'text': 'deregulierte', 'id': 5, 'deprel': 'root', 'head': 0}, 'object': {'upos': 'NOUN', 'text': 'Währungs', 'id': 8, 'deprel': 'obj', 'head': 5}}]",['SVO']
126,"Das Merkmal, das die Strategiehelden von den Kriegerhelden unterscheidet, ist ihre Heilfähigkeiten.",1,"[{'subject': {'upos': 'PRON', 'text': 'das', 'id': 4, 'deprel': 'nsubj', 'head': 10}, 'object': {'upos': 'NOUN', 'text': 'Strategiehelden', 'id': 6, 'deprel': 'obj', 'head': 10}, 'verb': {'upos': 'VERB', 'text': 'unterscheidet', 'id': 10, 'deprel': 'acl', 'head': 2}}]",['SOV']
1523,Das Nexus 5 verwendet eine 8-Megapixel-Rückkamera.,1,"[{'subject': {'upos': 'PROPN', 'text': 'Nexus', 'id': 2, 'deprel': 'nsubj', 'head': 4}, 'verb': {'upos': 'VERB', 'text': 'verwendet', 'id': 4, 'deprel': 'root', 'head': 0}, 'object': {'upos': 'NOUN', 'text': 'Rückkamera', 'id': 10, 'deprel': 'obj', 'head': 4}}]",['SVO']
704,Das Paar legt in den meisten Fällen 3–4 Eier.,1,"[{'subject': {'upos': 'NOUN', 'text': 'Paar', 'id': 2, 'deprel': 'nsubj', 'head': 3}, 'verb': {'upos': 'VERB', 'text': 'legt', 'id': 3, 'deprel': 'root', 'head': 0}, 'object': {'upos': 'NOUN', 'text': 'Eier', 'id': 9, 'deprel': 'obj', 'head': 3}}]",['SVO']
1610,Das Poland-Syndrom betrifft Männer am häufigsten.,1,"[{'subject': {'upos': 'NOUN', 'text': 'Syndrom', 'id': 4, 'deprel': 'nsubj', 'head': 5}, 'verb': {'upos': 'VERB', 'text': 'betrifft', 'id': 5, 'deprel': 'root', 'head': 0}, 'object': {'upos': 'NOUN', 'text': 'Männer', 'id': 6, 'deprel': 'obj', 'head': 5}}]",['SVO']
1314,Das Spitzschwanz-Bronzemännchen erreicht eine Körperlänge von elf bis zwölf Zentimeter.,1,"[{'subject': {'upos': 'NOUN', 'text': 'Bronzemännchen', 'id': 4, 'deprel': 'nsubj', 'head': 5}, 'verb': {'upos': 'VERB', 'text': 'erreicht', 'id': 5, 'deprel': 'root', 'head': 0}, 'object': {'upos': 'NOUN', 'text': 'Körperlänge', 'id': 7, 'deprel': 'obj', 'head': 5}}]",['SVO']
713,Das Streikkomitee half Gefangenen in Weißrussland.,1,"[{'subject': {'upos': 'NOUN', 'text': 'Streikkomitee', 'id': 2, 'deprel': 'nsubj', 'head': 3}, 'verb': {'upos': 'VERB', 'text': 'half', 'id': 3, 'deprel': 'root', 'head': 0}, 'object': {'upos': 'NOUN', 'text': 'Gefangenen', 'id': 4, 'deprel': 'obj', 'head': 3}}]",['SVO']
1897,Das Textexemplar gibt keine spezifische Dauer der Sperre an.,1,"[{'subject': {'upos': 'NOUN', 'text': 'Textexemplar', 'id': 2, 'deprel': 'nsubj', 'head': 3}, 'verb': {'upos': 'VERB', 'text': 'gibt', 'id': 3, 'deprel': 'root', 'head': 0}, 'object': {'upos': 'NOUN', 'text': 'Dauer', 'id': 6, 'deprel': 'obj', 'head': 3}}]",['SVO']
467,"Das Textstück gibt keine Informationen darüber, was Zack Snyders neuer Film inspiriert hat.",1,"[{'subject': {'upos': 'NOUN', 'text': 'Textstück', 'id': 2, 'deprel': 'nsubj', 'head': 3}, 'verb': {'upos': 'VERB', 'text': 'gibt', 'id': 3, 'deprel': 'root', 'head': 0}, 'object': {'upos': 'NOUN', 'text': 'Informationen', 'id': 5, 'deprel': 'obj', 'head': 3}}]",['SVO']
342,Das Tier legt in der Regel zwei Eier.,1,"[{'subject': {'upos': 'NOUN', 'text': 'Tier', 'id': 2, 'deprel': 'nsubj', 'head': 3}, 'verb': {'upos': 'VERB', 'text': 'legt', 'id': 3, 'deprel': 'root', 'head': 0}, 'object': {'upos': 'NOUN', 'text': 'Eier', 'id': 8, 'deprel': 'obj', 'head': 3}}]",['SVO']
1582,Das Unterdrücken des Sepoy-Aufstands von 1857 dauerte ein halbes Jahr.,1,"[{'subject': {'upos': 'NOUN', 'text': 'Unterdrücken', 'id': 2, 'deprel': 'nsubj', 'head': 9}, 'verb': {'upos': 'VERB', 'text': 'dauerte', 'id': 9, 'deprel': 'root', 'head': 0}, 'object': {'upos': 'NOUN', 'text': 'Jahr', 'id': 12, 'deprel': 'obj', 'head': 9}}]",['SVO']
1306,"Das Unterseeboot der US-Navy wird von Splicer-Soldaten übernommen, die an Bord befindliche Nuklearwaffen stehlen.",1,"[{'subject': {'upos': 'PRON', 'text': 'die', 'id': 14, 'deprel': 'nsubj', 'head': 19}, 'object': {'upos': 'NOUN', 'text': 'Nuklearwaffen', 'id': 18, 'deprel': 'obj', 'head': 19}, 'verb': {'upos': 'VERB', 'text': 'stehlen', 'id': 19, 'deprel': 'acl', 'head': 9}}]",['SOV']
812,"Das Wort ""Jeep"" entstammt angeblich dem Begriff GP, wobei Lee Ermey die Theorie unterstützt, dass der Name auf die Figur Eugene the Jeep aus dem Comicstrip Popeye zurückgeht.",1,"[{'subject': {'upos': 'PROPN', 'text': 'Lee', 'id': 13, 'deprel': 'nsubj', 'head': 17}, 'object': {'upos': 'NOUN', 'text': 'Theorie', 'id': 16, 'deprel': 'obj', 'head': 17}, 'verb': {'upos': 'VERB', 'text': 'unterstützt', 'id': 17, 'deprel': 'advcl', 'head': 6}}]",['SOV']
1029,"Das Wort Comoros stammt vom arabischen Dschuzur al-Qamar (جزر القمر) ab, was „Mondinseln“ bedeutet.",1,"[{'subject': {'upos': 'PRON', 'text': 'was', 'id': 18, 'deprel': 'nsubj', 'head': 22}, 'object': {'upos': 'NOUN', 'text': 'Mondinseln', 'id': 20, 'deprel': 'obj', 'head': 22}, 'verb': {'upos': 'VERB', 'text': 'bedeutet', 'id': 22, 'deprel': 'acl', 'head': 8}}]",['SOV']
456,Das Zentrum der Staatsgemächer bildet das Musikzimmer.,1,"[{'subject': {'upos': 'NOUN', 'text': 'Zentrum', 'id': 2, 'deprel': 'nsubj', 'head': 5}, 'verb': {'upos': 'VERB', 'text': 'bildet', 'id': 5, 'deprel': 'root', 'head': 0}, 'object': {'upos': 'NOUN', 'text': 'Musikzimmer', 'id': 7, 'deprel': 'obj', 'head': 5}}]",['SVO']
975,Dean machte während seiner Zeit bei UCLA den Theater-Workshop von James Whitmore.,1,"[{'subject': {'upos': 'PROPN', 'text': 'Dean', 'id': 1, 'deprel': 'nsubj', 'head': 2}, 'verb': {'upos': 'VERB', 'text': 'machte', 'id': 2, 'deprel': 'root', 'head': 0}, 'object': {'upos': 'NOUN', 'text': 'Workshop', 'id': 11, 'deprel': 'obj', 'head': 2}}]",['SVO']
1399,Der Antarktika weist die niedrigste Durchschnittstemperatur auf.,1,"[{'subject': {'upos': 'PROPN', 'text': 'Antarktika', 'id': 2, 'deprel': 'nsubj', 'head': 3}, 'verb': {'upos': 'VERB', 'text': 'weist', 'id': 3, 'deprel': 'root', 'head': 0}, 'object': {'upos': 'NOUN', 'text': 'Durchschnittstemperatur', 'id': 6, 'deprel': 'obj', 'head': 3}}]",['SVO']
1175,Der Begriff rupya leitet sich vom altindischen Wort rūp oder rūpā mit der Bedeutung „Silber“ her.,1,"[{'subject': {'upos': 'NOUN', 'text': 'Begriff', 'id': 2, 'deprel': 'nsubj', 'head': 4}, 'verb': {'upos': 'VERB', 'text': 'leitet', 'id': 4, 'deprel': 'root', 'head': 0}, 'object': {'upos': 'PRON', 'text': 'sich', 'id': 5, 'deprel': 'obj', 'head': 4}}]",['SVO']
1626,Der DFB (Deutscher Fußballbund) bot nach dem Rückzug Frankreichs Unterstützung an.,1,"[{'subject': {'upos': 'PROPN', 'text': 'DFB', 'id': 2, 'deprel': 'nsubj', 'head': 7}, 'verb': {'upos': 'VERB', 'text': 'bot', 'id': 7, 'deprel': 'root', 'head': 0}, 'object': {'upos': 'NOUN', 'text': 'Unterstützung', 'id': 12, 'deprel': 'obj', 'head': 7}}]",['SVO']
776,Der Discovery Channel beendete seine Zusammenarbeit mit Bear Grylls aufgrund von Vertragsstreitigkeiten im März 2012.,1,"[{'subject': {'upos': 'PROPN', 'text': 'Discovery', 'id': 2, 'deprel': 'nsubj', 'head': 4}, 'verb': {'upos': 'VERB', 'text': 'beendete', 'id': 4, 'deprel': 'root', 'head': 0}, 'object': {'upos': 'NOUN', 'text': 'Zusammenarbeit', 'id': 6, 'deprel': 'obj', 'head': 4}}]",['SVO']
156,"Der Erzbischof von Seoul, Stephen Kardinal Kim Sou-hwan, hat die Rolle der Weihe gespielt.",1,"[{'subject': {'upos': 'NOUN', 'text': 'Erzbischof', 'id': 2, 'deprel': 'nsubj', 'head': 18}, 'object': {'upos': 'NOUN', 'text': 'Rolle', 'id': 15, 'deprel': 'obj', 'head': 18}, 'verb': {'upos': 'VERB', 'text': 'gespielt', 'id': 18, 'deprel': 'root', 'head': 0}}]",['SOV']
1446,"Der Film ""Braveheart"" erhielt fünf Oscars aus zehn Nominierungen.",1,"[{'subject': {'upos': 'NOUN', 'text': 'Film', 'id': 2, 'deprel': 'nsubj', 'head': 6}, 'verb': {'upos': 'VERB', 'text': 'erhielt', 'id': 6, 'deprel': 'root', 'head': 0}, 'object': {'upos': 'NOUN', 'text': 'Oscars', 'id': 8, 'deprel': 'obj', 'head': 6}}]",['SVO']
47,"Der Film ""The Light Between Oceans"" brachte Fassbender und Alicia Vikander zusammen.",1,"[{'subject': {'upos': 'NOUN', 'text': 'Film', 'id': 2, 'deprel': 'nsubj', 'head': 9}, 'verb': {'upos': 'VERB', 'text': 'brachte', 'id': 9, 'deprel': 'root', 'head': 0}, 'object': {'upos': 'PROPN', 'text': 'Fassbender', 'id': 10, 'deprel': 'obj', 'head': 9}}]",['SVO']
583,"Der Film ""Zurück in die Zukunft"" spielte in Nordamerika rund 210 Millionen US-Dollar ein.",1,"[{'subject': {'upos': 'NOUN', 'text': 'Film', 'id': 2, 'deprel': 'nsubj', 'head': 9}, 'verb': {'upos': 'VERB', 'text': 'spielte', 'id': 9, 'deprel': 'root', 'head': 0}, 'object': {'upos': 'PROPN', 'text': 'US', 'id': 15, 'deprel': 'obj', 'head': 9}}]",['SVO']
1444,Der Film erhielt einen Oscar in der Kategorie „Beste visuelle Effekte“.,1,"[{'subject': {'upos': 'NOUN', 'text': 'Film', 'id': 2, 'deprel': 'nsubj', 'head': 3}, 'verb': {'upos': 'VERB', 'text': 'erhielt', 'id': 3, 'deprel': 'root', 'head': 0}, 'object': {'upos': 'PROPN', 'text': 'Oscar', 'id': 5, 'deprel': 'obj', 'head': 3}}]",['SVO']
178,Der Film hatte seine Premiere am 25.,1,"[{'subject': {'upos': 'NOUN', 'text': 'Film', 'id': 2, 'deprel': 'nsubj', 'head': 3}, 'verb': {'upos': 'VERB', 'text': 'hatte', 'id': 3, 'deprel': 'root', 'head': 0}, 'object': {'upos': 'NOUN', 'text': 'Premiere', 'id': 5, 'deprel': 'obj', 'head': 3}}]",['SVO']
1443,Der Film spielte weltweit über 1 Milliarde Dollar ein.,1,"[{'subject': {'upos': 'NOUN', 'text': 'Film', 'id': 2, 'deprel': 'nsubj', 'head': 3}, 'verb': {'upos': 'VERB', 'text': 'spielte', 'id': 3, 'deprel': 'root', 'head': 0}, 'object': {'upos': 'PROPN', 'text': 'Dollar', 'id': 8, 'deprel': 'obj', 'head': 3}}]",['SVO']
371,Der freiwillige Wehrdienst ersetzte 2011 die Wehrpflicht.,1,"[{'subject': {'upos': 'NOUN', 'text': 'Wehrdienst', 'id': 3, 'deprel': 'nsubj', 'head': 4}, 'verb': {'upos': 'VERB', 'text': 'ersetzte', 'id': 4, 'deprel': 'root', 'head': 0}, 'object': {'upos': 'NOUN', 'text': 'Wehrpflicht', 'id': 7, 'deprel': 'obj', 'head': 4}}]",['SVO']
1172,"Der für die übrige Körperhaut übliche Hydro-Lipid-Film, bestehend aus Schweiß und Talg, schützt die Haut.",1,"[{'subject': {'upos': 'NOUN', 'text': 'Film', 'id': 11, 'deprel': 'nsubj', 'head': 19}, 'verb': {'upos': 'VERB', 'text': 'schützt', 'id': 19, 'deprel': 'root', 'head': 0}, 'object': {'upos': 'NOUN', 'text': 'Haut', 'id': 21, 'deprel': 'obj', 'head': 19}}]",['SVO']
463,"Der größte und offiziellste Empfang findet jeden November statt, als der Monarch das ausländische diplomatische Korps einlädt.",1,"[{'subject': {'upos': 'NOUN', 'text': 'Monarch', 'id': 13, 'deprel': 'nsubj', 'head': 18}, 'object': {'upos': 'NOUN', 'text': 'Korps', 'id': 17, 'deprel': 'obj', 'head': 18}, 'verb': {'upos': 'VERB', 'text': 'einlädt', 'id': 18, 'deprel': 'advcl', 'head': 6}}]",['SOV']
922,Der heilige Francisco de Xavier brachte die Lehre Christi nach Japan.,1,"[{'subject': {'upos': 'PROPN', 'text': 'Francisco', 'id': 3, 'deprel': 'nsubj', 'head': 6}, 'verb': {'upos': 'VERB', 'text': 'brachte', 'id': 6, 'deprel': 'root', 'head': 0}, 'object': {'upos': 'NOUN', 'text': 'Lehre', 'id': 8, 'deprel': 'obj', 'head': 6}}]",['SVO']
1411,"Der Krieg von Netscape wurde durch die Verkaufskontrolle von Netscape und ihren Rückzug vom Markt im Jahr 1998 beendet, was Microsoft die Führung in den Browser-Kriegen einbrachte.",1,"[{'object': {'upos': 'PRON', 'text': 'was', 'id': 23, 'deprel': 'obj', 'head': 32}, 'subject': {'upos': 'PROPN', 'text': 'Microsoft', 'id': 24, 'deprel': 'nsubj', 'head': 32}, 'verb': {'upos': 'VERB', 'text': 'einbrachte', 'id': 32, 'deprel': 'acl', 'head': 21}}]",['OSV']
777,"Der Lindy Hop erfuhr um 1940 eine Abwandlung zum Boogie-Woogie, der auf deutlich schnellerer Musik basierte.",1,"[{'subject': {'upos': 'PROPN', 'text': 'Lindy', 'id': 2, 'deprel': 'nsubj', 'head': 4}, 'verb': {'upos': 'VERB', 'text': 'erfuhr', 'id': 4, 'deprel': 'root', 'head': 0}, 'object': {'upos': 'NOUN', 'text': 'Abwandlung', 'id': 8, 'deprel': 'obj', 'head': 4}}]",['SVO']
799,"Der Name Kızılay Derneği bezieht sich auf das Krankenhaus des Türkischen Roten Halbmonds, das sich in diesem Stadtteil von Ankara befindet.",1,"[{'subject': {'upos': 'NOUN', 'text': 'Name', 'id': 2, 'deprel': 'nsubj', 'head': 5}, 'verb': {'upos': 'VERB', 'text': 'bezieht', 'id': 5, 'deprel': 'root', 'head': 0}, 'object': {'upos': 'PRON', 'text': 'sich', 'id': 6, 'deprel': 'obj', 'head': 5}}]",['SVO']
1245,Der Name Shakira stammt aus Arabisch und bedeutet „die Dankbare“.,1,"[{'subject': {'upos': 'NOUN', 'text': 'Name', 'id': 2, 'deprel': 'nsubj', 'head': 4}, 'verb': {'upos': 'VERB', 'text': 'bedeutet', 'id': 8, 'deprel': 'conj', 'head': 4}, 'object': {'upos': 'NOUN', 'text': 'Dankbare', 'id': 11, 'deprel': 'obj', 'head': 8}}]",['SVO']
844,Der Patient kann den Mund nicht mehr öffnen und die Nahrungsaufnahme ist erschwert.,1,"[{'subject': {'upos': 'NOUN', 'text': 'Patient', 'id': 2, 'deprel': 'nsubj', 'head': 8}, 'object': {'upos': 'NOUN', 'text': 'Mund', 'id': 5, 'deprel': 'obj', 'head': 8}, 'verb': {'upos': 'VERB', 'text': 'öffnen', 'id': 8, 'deprel': 'root', 'head': 0}}]",['SOV']
227,"Der Person, die hier gemeint ist, steht der Vorstand der Bundesanstalt für Wasserbau BAW zu, da sie seit 2011 im wissenschaftlichen Beirat dieser Stelle arbeitet und diesen Beirat leitet.",1,"[{'subject': {'upos': 'PRON', 'text': 'sie', 'id': 20, 'deprel': 'nsubj', 'head': 29}, 'object': {'upos': 'NOUN', 'text': 'Beirat', 'id': 32, 'deprel': 'obj', 'head': 33}, 'verb': {'upos': 'VERB', 'text': 'leitet', 'id': 33, 'deprel': 'conj', 'head': 29}}]",['SOV']
1491,"Der Präsident folgt den Befehlen des Premierministers und des Kabinetts, wenn er seine exekutiven Befugnisse ausübt.",1,"[{'subject': {'upos': 'PRON', 'text': 'er', 'id': 13, 'deprel': 'nsubj', 'head': 17}, 'object': {'upos': 'NOUN', 'text': 'Befugnisse', 'id': 16, 'deprel': 'obj', 'head': 17}, 'verb': {'upos': 'VERB', 'text': 'ausübt', 'id': 17, 'deprel': 'advcl', 'head': 3}}]",['SOV']
67,Der Rumpf des Schiffwracks Royal Oak steigt bis 5 Meter Tiefe auf und kann von der Wasseroberfläche aus gut gesehen werden.,1,"[{'subject': {'upos': 'NOUN', 'text': 'Rumpf', 'id': 2, 'deprel': 'nsubj', 'head': 7}, 'verb': {'upos': 'VERB', 'text': 'steigt', 'id': 7, 'deprel': 'root', 'head': 0}, 'object': {'upos': 'NOUN', 'text': 'Tiefe', 'id': 11, 'deprel': 'obj', 'head': 7}}]",['SVO']
568,Der Saal bietet lediglich Platz für 427 der insgesamt 646 Unterhausabgeordneten.,1,"[{'subject': {'upos': 'NOUN', 'text': 'Saal', 'id': 2, 'deprel': 'nsubj', 'head': 3}, 'verb': {'upos': 'VERB', 'text': 'bietet', 'id': 3, 'deprel': 'root', 'head': 0}, 'object': {'upos': 'NOUN', 'text': 'Platz', 'id': 5, 'deprel': 'obj', 'head': 3}}]",['SVO']
1232,Der Schlagzeuger Kevin Valentine kümmerte sich um die Trommelaufgaben für das Album Psycho Circus.,1,"[{'subject': {'upos': 'NOUN', 'text': 'Schlagzeuger', 'id': 2, 'deprel': 'nsubj', 'head': 5}, 'verb': {'upos': 'VERB', 'text': 'kümmerte', 'id': 5, 'deprel': 'root', 'head': 0}, 'object': {'upos': 'PRON', 'text': 'sich', 'id': 6, 'deprel': 'obj', 'head': 5}}]",['SVO']
513,"Der Schwimmer Cristian Quintero war am erfolgreichsten, da er in verschiedenen Swimming-Wettbewerben Medaillen gewann.",1,"[{'subject': {'upos': 'PRON', 'text': 'er', 'id': 11, 'deprel': 'nsubj', 'head': 18}, 'object': {'upos': 'NOUN', 'text': 'Medaillen', 'id': 17, 'deprel': 'obj', 'head': 18}, 'verb': {'upos': 'VERB', 'text': 'gewann', 'id': 18, 'deprel': 'advcl', 'head': 8}}]",['SOV']
1459,Der Som ersetzte den Rubel aus der Sowjetzeit.,1,"[{'subject': {'upos': 'NOUN', 'text': 'Som', 'id': 2, 'deprel': 'nsubj', 'head': 3}, 'verb': {'upos': 'VERB', 'text': 'ersetzte', 'id': 3, 'deprel': 'root', 'head': 0}, 'object': {'upos': 'NOUN', 'text': 'Rubel', 'id': 5, 'deprel': 'obj', 'head': 3}}]",['SVO']
9,Der Stern hatte eine enorme Eruption von Materie vor 4000 bis 6000 Jahren.,1,"[{'subject': {'upos': 'NOUN', 'text': 'Stern', 'id': 2, 'deprel': 'nsubj', 'head': 3}, 'verb': {'upos': 'VERB', 'text': 'hatte', 'id': 3, 'deprel': 'root', 'head': 0}, 'object': {'upos': 'NOUN', 'text': 'Eruption', 'id': 6, 'deprel': 'obj', 'head': 3}}]",['SVO']
1634,"Der Text gibt keine Informationen darüber, für welche spezifischen Gerichte der Oberste Richter verantwortlich ist.",1,"[{'subject': {'upos': 'NOUN', 'text': 'Text', 'id': 2, 'deprel': 'nsubj', 'head': 3}, 'verb': {'upos': 'VERB', 'text': 'gibt', 'id': 3, 'deprel': 'root', 'head': 0}, 'object': {'upos': 'NOUN', 'text': 'Informationen', 'id': 5, 'deprel': 'obj', 'head': 3}}]",['SVO']
186,Der Text gibt keine Informationen über Zaiad Muchasis Nachfolger.,1,"[{'subject': {'upos': 'NOUN', 'text': 'Text', 'id': 2, 'deprel': 'nsubj', 'head': 3}, 'verb': {'upos': 'VERB', 'text': 'gibt', 'id': 3, 'deprel': 'root', 'head': 0}, 'object': {'upos': 'NOUN', 'text': 'Informationen', 'id': 5, 'deprel': 'obj', 'head': 3}}]",['SVO']
670,"Der Text gibt keine spezifische Information darüber, in welchem Monat eine bestimmte Organisation gestartet wurde.",1,"[{'subject': {'upos': 'NOUN', 'text': 'Text', 'id': 2, 'deprel': 'nsubj', 'head': 3}, 'verb': {'upos': 'VERB', 'text': 'gibt', 'id': 3, 'deprel': 'root', 'head': 0}, 'object': {'upos': 'NOUN', 'text': 'Information', 'id': 6, 'deprel': 'obj', 'head': 3}}]",['SVO']
1945,Der Text gibt keine spezifische Nationalität des Liebhabers von Roza Eskenazy bekannt.,1,"[{'subject': {'upos': 'NOUN', 'text': 'Text', 'id': 2, 'deprel': 'nsubj', 'head': 3}, 'verb': {'upos': 'VERB', 'text': 'gibt', 'id': 3, 'deprel': 'root', 'head': 0}, 'object': {'upos': 'NOUN', 'text': 'Nationalität', 'id': 6, 'deprel': 'obj', 'head': 3}}]",['SVO']
1473,Der Text gibt keine spezifische Todesursache der Eltern des Jungen an.,1,"[{'subject': {'upos': 'NOUN', 'text': 'Text', 'id': 2, 'deprel': 'nsubj', 'head': 3}, 'verb': {'upos': 'VERB', 'text': 'gibt', 'id': 3, 'deprel': 'root', 'head': 0}, 'object': {'upos': 'NOUN', 'text': 'Todesursache', 'id': 6, 'deprel': 'obj', 'head': 3}}]",['SVO']
876,"Der verbindende Router, der Verbindungen aufrecht erhält, heißt Area Border Router (ABR).",1,"[{'subject': {'upos': 'PRON', 'text': 'der', 'id': 5, 'deprel': 'nsubj', 'head': 8}, 'object': {'upos': 'NOUN', 'text': 'Verbindungen', 'id': 6, 'deprel': 'obj', 'head': 8}, 'verb': {'upos': 'VERB', 'text': 'erhält', 'id': 8, 'deprel': 'acl', 'head': 3}}]",['SOV']
859,Der Welttag der NRO ist der Tag an dem sich NGOs aus aller Welt austauschen können.,1,"[{'object': {'upos': 'PRON', 'text': 'sich', 'id': 10, 'deprel': 'obj', 'head': 15}, 'subject': {'upos': 'NOUN', 'text': 'NGOs', 'id': 11, 'deprel': 'nsubj', 'head': 15}, 'verb': {'upos': 'VERB', 'text': 'austauschen', 'id': 15, 'deprel': 'acl', 'head': 7}}]",['OSV']
1244,"Der Widerstand hat ein Abschaltsignal bekommen, das jedoch eine Falle war.",1,"[{'subject': {'upos': 'NOUN', 'text': 'Widerstand', 'id': 2, 'deprel': 'nsubj', 'head': 6}, 'object': {'upos': 'NOUN', 'text': 'Abschaltsignal', 'id': 5, 'deprel': 'obj', 'head': 6}, 'verb': {'upos': 'VERB', 'text': 'bekommen', 'id': 6, 'deprel': 'root', 'head': 0}}]",['SOV']
1697,Der Wisconsin-Gletscher zog sich vor 12.000 Jahren aus Minnesota zurück.,1,"[{'subject': {'upos': 'PROPN', 'text': 'Wisconsin', 'id': 2, 'deprel': 'nsubj', 'head': 5}, 'verb': {'upos': 'VERB', 'text': 'zog', 'id': 5, 'deprel': 'root', 'head': 0}, 'object': {'upos': 'PRON', 'text': 'sich', 'id': 6, 'deprel': 'obj', 'head': 5}}]",['SVO']
422,Der württembergische Herzog Karl Eugen gab ihr den heutigen Namen.,1,"[{'subject': {'upos': 'NOUN', 'text': 'Herzog', 'id': 3, 'deprel': 'nsubj', 'head': 6}, 'verb': {'upos': 'VERB', 'text': 'gab', 'id': 6, 'deprel': 'root', 'head': 0}, 'object': {'upos': 'NOUN', 'text': 'Namen', 'id': 10, 'deprel': 'obj', 'head': 6}}]",['SVO']
1581,"Der Zustand, den die Briten umfassten, wurde als ""Pax Britannica"" bezeichnet.",1,"[{'object': {'upos': 'PRON', 'text': 'den', 'id': 4, 'deprel': 'obj', 'head': 7}, 'subject': {'upos': 'NOUN', 'text': 'Briten', 'id': 6, 'deprel': 'nsubj', 'head': 7}, 'verb': {'upos': 'VERB', 'text': 'umfassten', 'id': 7, 'deprel': 'acl', 'head': 2}}]",['OSV']
1382,Deshalb hat die vietnamesische Regierung 20 Unternehmen zusammengebracht.,1,"[{'subject': {'upos': 'NOUN', 'text': 'Regierung', 'id': 5, 'deprel': 'nsubj', 'head': 8}, 'object': {'upos': 'NOUN', 'text': 'Unternehmen', 'id': 7, 'deprel': 'obj', 'head': 8}, 'verb': {'upos': 'VERB', 'text': 'zusammengebracht', 'id': 8, 'deprel': 'root', 'head': 0}}]",['SOV']
1897,"Deshalb kann ich keine genaue Antwort darauf geben, wie lange der Spieler gesperrt wurde.",1,"[{'subject': {'upos': 'PRON', 'text': 'ich', 'id': 3, 'deprel': 'nsubj', 'head': 8}, 'object': {'upos': 'NOUN', 'text': 'Antwort', 'id': 6, 'deprel': 'obj', 'head': 8}, 'verb': {'upos': 'VERB', 'text': 'geben', 'id': 8, 'deprel': 'root', 'head': 0}}]",['SOV']
372,"Deutschland hat in den Bereichen Technologie, Wissenschaft und Patentinventivität einen großen Beitrag geleistet.",1,"[{'subject': {'upos': 'PROPN', 'text': 'Deutschland', 'id': 1, 'deprel': 'nsubj', 'head': 14}, 'object': {'upos': 'NOUN', 'text': 'Beitrag', 'id': 13, 'deprel': 'obj', 'head': 14}, 'verb': {'upos': 'VERB', 'text': 'geleistet', 'id': 14, 'deprel': 'root', 'head': 0}}]",['SOV']
1457,Dev S. Sukumar schrieb die Biografie von Prakash Padukone.,1,"[{'subject': {'upos': 'PROPN', 'text': 'Dev', 'id': 1, 'deprel': 'nsubj', 'head': 4}, 'verb': {'upos': 'VERB', 'text': 'schrieb', 'id': 4, 'deprel': 'root', 'head': 0}, 'object': {'upos': 'NOUN', 'text': 'Biografie', 'id': 6, 'deprel': 'obj', 'head': 4}}]",['SVO']
384,Dezember 2005 änderte Awair ihren Namen in Indonesia AirAsia.,1,"[{'verb': {'upos': 'VERB', 'text': 'änderte', 'id': 3, 'deprel': 'root', 'head': 0}, 'subject': {'upos': 'PROPN', 'text': 'Awair', 'id': 4, 'deprel': 'nsubj', 'head': 3}, 'object': {'upos': 'NOUN', 'text': 'Namen', 'id': 6, 'deprel': 'obj', 'head': 3}}]",['VSO']
811,Die A-Straßen A58 und A61 führen den Verkehr nach Leeds Zentrum.,1,"[{'subject': {'upos': 'PROPN', 'text': 'A', 'id': 2, 'deprel': 'nsubj', 'head': 8}, 'verb': {'upos': 'VERB', 'text': 'führen', 'id': 8, 'deprel': 'root', 'head': 0}, 'object': {'upos': 'NOUN', 'text': 'Verkehr', 'id': 10, 'deprel': 'obj', 'head': 8}}]",['SVO']
324,Die Aktionen Gorbatschows lösten bei Hardlinern der Nomenklatur Ablehnung und Widerstand aus.,1,"[{'subject': {'upos': 'NOUN', 'text': 'Aktionen', 'id': 2, 'deprel': 'nsubj', 'head': 4}, 'verb': {'upos': 'VERB', 'text': 'lösten', 'id': 4, 'deprel': 'root', 'head': 0}, 'object': {'upos': 'NOUN', 'text': 'Ablehnung', 'id': 9, 'deprel': 'obj', 'head': 4}}]",['SVO']
307,Die Alliierten besiegten die deutschen Streitkräfte am 19.,1,"[{'subject': {'upos': 'NOUN', 'text': 'Alliierten', 'id': 2, 'deprel': 'nsubj', 'head': 3}, 'verb': {'upos': 'VERB', 'text': 'besiegten', 'id': 3, 'deprel': 'root', 'head': 0}, 'object': {'upos': 'NOUN', 'text': 'Streitkräfte', 'id': 6, 'deprel': 'obj', 'head': 3}}]",['SVO']
1365,"Die Amtszeit des Präsidenten beträgt fünf Jahre, wobei seine Wiederwahl möglich ist.",1,"[{'subject': {'upos': 'NOUN', 'text': 'Amtszeit', 'id': 2, 'deprel': 'nsubj', 'head': 5}, 'verb': {'upos': 'VERB', 'text': 'beträgt', 'id': 5, 'deprel': 'root', 'head': 0}, 'object': {'upos': 'NOUN', 'text': 'Jahre', 'id': 7, 'deprel': 'obj', 'head': 5}}]",['SVO']
640,"Die Arbeiter waren ungeschützt vor hohen Staubbelastungen ausgesetzt und bekamen keine Schutzmasken ausgehändigt, während das Management entsprechende Masken trug.",1,"[{'subject': {'upos': 'NOUN', 'text': 'Management', 'id': 17, 'deprel': 'nsubj', 'head': 20}, 'object': {'upos': 'NOUN', 'text': 'Masken', 'id': 19, 'deprel': 'obj', 'head': 20}, 'verb': {'upos': 'VERB', 'text': 'trug', 'id': 20, 'deprel': 'advcl', 'head': 10}}]",['SOV']
1023,"Die Böcke gewinnen die Gunst der weiblichen Tiere durch den Besitz von Hörnern und durch ihre Kampfkraft, um Harems von Weibchen zu schaffen.",1,"[{'subject': {'upos': 'NOUN', 'text': 'Böcke', 'id': 2, 'deprel': 'nsubj', 'head': 3}, 'verb': {'upos': 'VERB', 'text': 'gewinnen', 'id': 3, 'deprel': 'root', 'head': 0}, 'object': {'upos': 'NOUN', 'text': 'Gunst', 'id': 5, 'deprel': 'obj', 'head': 3}}]",['SVO']
1796,"Die Brahmanen, die vegetarisch leben, verzehren Huhn (kukhura) und Fisch, aber niemals Rindfleisch.",1,"[{'subject': {'upos': 'NOUN', 'text': 'Brahmanen', 'id': 2, 'deprel': 'nsubj', 'head': 8}, 'verb': {'upos': 'VERB', 'text': 'verzehren', 'id': 8, 'deprel': 'root', 'head': 0}, 'object': {'upos': 'NOUN', 'text': 'Huhn', 'id': 9, 'deprel': 'obj', 'head': 8}}]",['SVO']
468,Die britische Regierung übernahm in Folge von Korruption in Indien teilweise die Kontrolle.,1,"[{'subject': {'upos': 'NOUN', 'text': 'Regierung', 'id': 3, 'deprel': 'nsubj', 'head': 4}, 'verb': {'upos': 'VERB', 'text': 'übernahm', 'id': 4, 'deprel': 'root', 'head': 0}, 'object': {'upos': 'NOUN', 'text': 'Kontrolle', 'id': 13, 'deprel': 'obj', 'head': 4}}]",['SVO']
1296,"Die CEMS Global Alliance umfasst 7 Sozialpartner, aber ihre Art oder Art der Beteiligung wird in dem bereitgestellten Text nicht spezifiziert.",1,"[{'subject': {'upos': 'PROPN', 'text': 'CEMS', 'id': 2, 'deprel': 'nsubj', 'head': 5}, 'verb': {'upos': 'VERB', 'text': 'umfasst', 'id': 5, 'deprel': 'root', 'head': 0}, 'object': {'upos': 'NOUN', 'text': 'Sozialpartner', 'id': 7, 'deprel': 'obj', 'head': 5}}]",['SVO']
1300,Die CEMS unterzeichnete die PRME-Erklärung.,1,"[{'subject': {'upos': 'PROPN', 'text': 'CEMS', 'id': 2, 'deprel': 'nsubj', 'head': 3}, 'verb': {'upos': 'VERB', 'text': 'unterzeichnete', 'id': 3, 'deprel': 'root', 'head': 0}, 'object': {'upos': 'PROPN', 'text': 'PRME', 'id': 5, 'deprel': 'obj', 'head': 3}}]",['SVO']
1831,Die Charité hatte vier Hauptstandort-Campus-Plätze.,1,"[{'subject': {'upos': 'PROPN', 'text': 'Charité', 'id': 2, 'deprel': 'nsubj', 'head': 3}, 'verb': {'upos': 'VERB', 'text': 'hatte', 'id': 3, 'deprel': 'root', 'head': 0}, 'object': {'upos': 'NOUN', 'text': 'Plätze', 'id': 9, 'deprel': 'obj', 'head': 3}}]",['SVO']
0,Die Dampfexplosion schleuderte Vulkanasche zwischen 3050 und 3350 Meter hoch über den Krater hinaus.,1,"[{'subject': {'upos': 'NOUN', 'text': 'Dampfexplosion', 'id': 2, 'deprel': 'nsubj', 'head': 3}, 'verb': {'upos': 'VERB', 'text': 'schleuderte', 'id': 3, 'deprel': 'root', 'head': 0}, 'object': {'upos': 'NOUN', 'text': 'Vulkanasche', 'id': 4, 'deprel': 'obj', 'head': 3}}]",['SVO']
298,Die Dekolonisation Afrikas setzte sich in den 1960er und 1970er Jahren fort.,1,"[{'subject': {'upos': 'NOUN', 'text': 'Dekolonisation', 'id': 2, 'deprel': 'nsubj', 'head': 4}, 'verb': {'upos': 'VERB', 'text': 'setzte', 'id': 4, 'deprel': 'root', 'head': 0}, 'object': {'upos': 'PRON', 'text': 'sich', 'id': 5, 'deprel': 'obj', 'head': 4}}]",['SVO']
396,"Die durchschnittliche Familiengröße betrugen 3,21 Personen.",1,"[{'subject': {'upos': 'NOUN', 'text': 'Familiengröße', 'id': 3, 'deprel': 'nsubj', 'head': 4}, 'verb': {'upos': 'VERB', 'text': 'betrugen', 'id': 4, 'deprel': 'root', 'head': 0}, 'object': {'upos': 'NOUN', 'text': 'Personen', 'id': 6, 'deprel': 'obj', 'head': 4}}]",['SVO']
415,Die durchschnittliche Jahresdurchschnittstemperatur beträgt relativ gleich bleibend 26 °C.,1,"[{'subject': {'upos': 'NOUN', 'text': 'Jahresdurchschnittstemperatur', 'id': 3, 'deprel': 'nsubj', 'head': 4}, 'verb': {'upos': 'VERB', 'text': 'beträgt', 'id': 4, 'deprel': 'root', 'head': 0}, 'object': {'upos': 'NOUN', 'text': '°', 'id': 9, 'deprel': 'obj', 'head': 4}}]",['SVO']
668,Die Engländer entsandten Streitkräfte nach Pune.,1,"[{'subject': {'upos': 'NOUN', 'text': 'Engländer', 'id': 2, 'deprel': 'nsubj', 'head': 3}, 'verb': {'upos': 'VERB', 'text': 'entsandten', 'id': 3, 'deprel': 'root', 'head': 0}, 'object': {'upos': 'NOUN', 'text': 'Streitkräfte', 'id': 4, 'deprel': 'obj', 'head': 3}}]",['SVO']
1703,Die Entdecker kartierten das Gebiet des heutigen Staats Minnesota.,1,"[{'subject': {'upos': 'NOUN', 'text': 'Entdecker', 'id': 2, 'deprel': 'nsubj', 'head': 3}, 'verb': {'upos': 'VERB', 'text': 'kartierten', 'id': 3, 'deprel': 'root', 'head': 0}, 'object': {'upos': 'NOUN', 'text': 'Gebiet', 'id': 5, 'deprel': 'obj', 'head': 3}}]",['SVO']
1721,"Die FANK-Truppen konnten letztendlich nicht sich gegenseitig militärische Unterstützung geben, da sie immer mehr zerstreut und isoliert wurden.",1,"[{'subject': {'upos': 'PROPN', 'text': 'FANK', 'id': 2, 'deprel': 'nsubj', 'head': 12}, 'object': {'upos': 'PRON', 'text': 'sich', 'id': 8, 'deprel': 'obj', 'head': 12}, 'verb': {'upos': 'VERB', 'text': 'geben', 'id': 12, 'deprel': 'root', 'head': 0}}]",['SOV']
1930,Die Fazilität für den Privaten Sektor konzentriert sich auf Entwicklungsländer.,1,"[{'subject': {'upos': 'NOUN', 'text': 'Fazilität', 'id': 2, 'deprel': 'nsubj', 'head': 7}, 'verb': {'upos': 'VERB', 'text': 'konzentriert', 'id': 7, 'deprel': 'root', 'head': 0}, 'object': {'upos': 'PRON', 'text': 'sich', 'id': 8, 'deprel': 'obj', 'head': 7}}]",['SVO']
543,"Die Fische der Kardinalbarsche-Gattungen erreichen eine Größe von 3 bis 25 Zentimeter, wobei die meisten Arten kleiner als 10 Zentimeter werden.",1,"[{'subject': {'upos': 'NOUN', 'text': 'Fische', 'id': 2, 'deprel': 'nsubj', 'head': 7}, 'verb': {'upos': 'VERB', 'text': 'erreichen', 'id': 7, 'deprel': 'root', 'head': 0}, 'object': {'upos': 'NOUN', 'text': 'Größe', 'id': 9, 'deprel': 'obj', 'head': 7}}]",['SVO']
1684,Die Fischerboote verdienen das meiste Geld mit den Flossen des Haies.,1,"[{'subject': {'upos': 'NOUN', 'text': 'Fischerboote', 'id': 2, 'deprel': 'nsubj', 'head': 3}, 'verb': {'upos': 'VERB', 'text': 'verdienen', 'id': 3, 'deprel': 'root', 'head': 0}, 'object': {'upos': 'NOUN', 'text': 'Geld', 'id': 6, 'deprel': 'obj', 'head': 3}}]",['SVO']
1517,Die Flügelspannweite des Schlangenhalsvogels beträgt im Durchschnitt etwa 120 cm.,1,"[{'subject': {'upos': 'NOUN', 'text': 'Flügelspannweite', 'id': 2, 'deprel': 'nsubj', 'head': 5}, 'verb': {'upos': 'VERB', 'text': 'beträgt', 'id': 5, 'deprel': 'root', 'head': 0}, 'object': {'upos': 'NOUN', 'text': 'cm', 'id': 11, 'deprel': 'obj', 'head': 5}}]",['SVO']
723,"Die Formel verbindet die komplexen Zahlen mit der Trigonometrie, sodass die komplexen Zahlen trigonometrisch dargestellt werden können.",1,"[{'subject': {'upos': 'NOUN', 'text': 'Formel', 'id': 2, 'deprel': 'nsubj', 'head': 3}, 'verb': {'upos': 'VERB', 'text': 'verbindet', 'id': 3, 'deprel': 'root', 'head': 0}, 'object': {'upos': 'NOUN', 'text': 'Zahlen', 'id': 6, 'deprel': 'obj', 'head': 3}}]",['SVO']
967,"Die Friedrich-Naumann-Stiftung für die Freiheit fördert den organisierten Liberalismus durch politische Bildung, die Organisation von Veranstaltungen und die Zusammenarbeit mit Landesstiftungen in verschiedenen Bundesländern.",1,"[{'subject': {'upos': 'PROPN', 'text': 'Friedrich', 'id': 2, 'deprel': 'nsubj', 'head': 10}, 'verb': {'upos': 'VERB', 'text': 'fördert', 'id': 10, 'deprel': 'root', 'head': 0}, 'object': {'upos': 'NOUN', 'text': 'Liberalismus', 'id': 13, 'deprel': 'obj', 'head': 10}}]",['SVO']
1643,"Die frühesten Amnioten besaßen ein Kiefergelenk, das aus dem Articulare und dem Quadratum zusammengesetzt war.",1,"[{'subject': {'upos': 'NOUN', 'text': 'Amnioten', 'id': 3, 'deprel': 'nsubj', 'head': 4}, 'verb': {'upos': 'VERB', 'text': 'besaßen', 'id': 4, 'deprel': 'root', 'head': 0}, 'object': {'upos': 'NOUN', 'text': 'Kiefergelenk', 'id': 6, 'deprel': 'obj', 'head': 4}}]",['SVO']
1512,"Die Funktion von KI wird durch Skripte kontrolliert, was Aktionen wie das Suchen nach Deckung, Überraschungsangriffe und Teamwork regelt.",1,"[{'subject': {'upos': 'PRON', 'text': 'was', 'id': 10, 'deprel': 'nsubj', 'head': 21}, 'object': {'upos': 'NOUN', 'text': 'Aktionen', 'id': 11, 'deprel': 'obj', 'head': 21}, 'verb': {'upos': 'VERB', 'text': 'regelt', 'id': 21, 'deprel': 'acl', 'head': 7}}]",['SOV']
1902,"Die G-15 konzentrierte sich auf die Kooperation der Länder auf den Gebieten der Investitionen, des Handels und der Technologie.",1,"[{'subject': {'upos': 'PROPN', 'text': 'G-15', 'id': 2, 'deprel': 'nsubj', 'head': 3}, 'verb': {'upos': 'VERB', 'text': 'konzentrierte', 'id': 3, 'deprel': 'root', 'head': 0}, 'object': {'upos': 'PRON', 'text': 'sich', 'id': 4, 'deprel': 'obj', 'head': 3}}]",['SVO']
1817,"Die Gelehrten bezweifeln, dass Theoderich tatsächlich schon eine Gesetzgebung vornahm, wie früher angenommen.",1,"[{'subject': {'upos': 'PROPN', 'text': 'Theoderich', 'id': 6, 'deprel': 'nsubj', 'head': 11}, 'object': {'upos': 'NOUN', 'text': 'Gesetzgebung', 'id': 10, 'deprel': 'obj', 'head': 11}, 'verb': {'upos': 'VERB', 'text': 'vornahm', 'id': 11, 'deprel': 'ccomp', 'head': 3}}]",['SOV']
739,Die geschätzte Zahl der Zeitungen im Umlauf betrug etwa 60.000 Exemplare.,1,"[{'subject': {'upos': 'NOUN', 'text': 'Zahl', 'id': 3, 'deprel': 'nsubj', 'head': 9}, 'verb': {'upos': 'VERB', 'text': 'betrug', 'id': 9, 'deprel': 'root', 'head': 0}, 'object': {'upos': 'NOUN', 'text': 'Exemplare', 'id': 12, 'deprel': 'obj', 'head': 9}}]",['SVO']
473,Die gesetzgebenden Kammern beschäftigten sich mit staatlicher Gesetzgebung.,1,"[{'subject': {'upos': 'NOUN', 'text': 'Kammern', 'id': 3, 'deprel': 'nsubj', 'head': 4}, 'verb': {'upos': 'VERB', 'text': 'beschäftigten', 'id': 4, 'deprel': 'root', 'head': 0}, 'object': {'upos': 'PRON', 'text': 'sich', 'id': 5, 'deprel': 'obj', 'head': 4}}]",['SVO']
1972,Die Gewerkschaftsführer trafen sich in Berlin.,1,"[{'subject': {'upos': 'NOUN', 'text': 'Gewerkschaftsführer', 'id': 2, 'deprel': 'nsubj', 'head': 3}, 'verb': {'upos': 'VERB', 'text': 'trafen', 'id': 3, 'deprel': 'root', 'head': 0}, 'object': {'upos': 'PRON', 'text': 'sich', 'id': 4, 'deprel': 'obj', 'head': 3}}]",['SVO']
801,"Die Gewürzpulvermischung Chat masala enthält typischerweise Amchoor (Mangopulver), Asafoetida, Kreuzkümmel, Granatapfelsamen, Ingwer, Kala Namak (schwarzes Salz), Koriander, Paprika, schwarzer Pfeffer und Salz.",1,"[{'subject': {'upos': 'NOUN', 'text': 'Gewürzpulvermischung', 'id': 2, 'deprel': 'nsubj', 'head': 5}, 'verb': {'upos': 'VERB', 'text': 'enthält', 'id': 5, 'deprel': 'root', 'head': 0}, 'object': {'upos': 'PROPN', 'text': 'Amchoor', 'id': 7, 'deprel': 'obj', 'head': 5}}]",['SVO']
66,"Die Graue Bergraseneule verbreitet sich bis nach Ostasien (Amurgebiet), was Teil Asiens ist.",1,"[{'subject': {'upos': 'PROPN', 'text': 'Bergraseneule', 'id': 3, 'deprel': 'nsubj', 'head': 4}, 'verb': {'upos': 'VERB', 'text': 'verbreitet', 'id': 4, 'deprel': 'root', 'head': 0}, 'object': {'upos': 'PRON', 'text': 'sich', 'id': 5, 'deprel': 'obj', 'head': 4}}]",['SVO']
1012,Die Großeltern väterlicherseits von Kasparian erlebten den Völkermord an den Armeniern von 1915 unmittelbar.,1,"[{'subject': {'upos': 'NOUN', 'text': 'Großeltern', 'id': 2, 'deprel': 'nsubj', 'head': 6}, 'verb': {'upos': 'VERB', 'text': 'erlebten', 'id': 6, 'deprel': 'root', 'head': 0}, 'object': {'upos': 'NOUN', 'text': 'Völkermord', 'id': 8, 'deprel': 'obj', 'head': 6}}]",['SVO']
461,"Die größte solche Abendgesellschaft findet jeden November statt, wenn der Monarch das ausländische diplomatische Korps einlädt.",1,"[{'subject': {'upos': 'NOUN', 'text': 'Monarch', 'id': 12, 'deprel': 'nsubj', 'head': 17}, 'object': {'upos': 'NOUN', 'text': 'Korps', 'id': 16, 'deprel': 'obj', 'head': 17}, 'verb': {'upos': 'VERB', 'text': 'einlädt', 'id': 17, 'deprel': 'advcl', 'head': 5}}]",['SOV']
522,Die Hereros bilden eine nicht geringe Sprachminderheit in Windhoek.,1,"[{'subject': {'upos': 'PROPN', 'text': 'Hereros', 'id': 2, 'deprel': 'nsubj', 'head': 3}, 'verb': {'upos': 'VERB', 'text': 'bilden', 'id': 3, 'deprel': 'root', 'head': 0}, 'object': {'upos': 'NOUN', 'text': 'Sprachminderheit', 'id': 7, 'deprel': 'obj', 'head': 3}}]",['SVO']
132,Die Honolulu erlitt nur geringe Schäden am Rumpf durch einen Nahtreffer und wurde nach Reparatur am 12.,1,"[{'subject': {'upos': 'PROPN', 'text': 'Honolulu', 'id': 2, 'deprel': 'nsubj', 'head': 3}, 'verb': {'upos': 'VERB', 'text': 'erlitt', 'id': 3, 'deprel': 'root', 'head': 0}, 'object': {'upos': 'NOUN', 'text': 'Schäden', 'id': 6, 'deprel': 'obj', 'head': 3}}]",['SVO']
1299,"Die Informationen in den Texten deuten darauf hin, dass die CEMS-Programm für Studierende nützlich ist, da sie einen Einblick in echte Unternehmensprobleme und -lösungen bietet.",1,"[{'subject': {'upos': 'PRON', 'text': 'sie', 'id': 21, 'deprel': 'nsubj', 'head': 30}, 'object': {'upos': 'NOUN', 'text': 'Einblick', 'id': 23, 'deprel': 'obj', 'head': 30}, 'verb': {'upos': 'VERB', 'text': 'bietet', 'id': 30, 'deprel': 'advcl', 'head': 17}}]",['SOV']
808,Die Inkubationszeit beträgt 5 bis 207 Tage.,1,"[{'subject': {'upos': 'NOUN', 'text': 'Inkubationszeit', 'id': 2, 'deprel': 'nsubj', 'head': 3}, 'verb': {'upos': 'VERB', 'text': 'beträgt', 'id': 3, 'deprel': 'root', 'head': 0}, 'object': {'upos': 'NOUN', 'text': 'Tage', 'id': 7, 'deprel': 'obj', 'head': 3}}]",['SVO']
260,"Die Japaner können Vergeltungsmaßnahmen ergreifen, wegen der grausamen Behandlung der Körper.",1,"[{'subject': {'upos': 'NOUN', 'text': 'Japaner', 'id': 2, 'deprel': 'nsubj', 'head': 5}, 'object': {'upos': 'NOUN', 'text': 'Vergeltungsmaßnahmen', 'id': 4, 'deprel': 'obj', 'head': 5}, 'verb': {'upos': 'VERB', 'text': 'ergreifen', 'id': 5, 'deprel': 'root', 'head': 0}}]",['SOV']
1604,Die Kammern des Grabes von Hor-Aha umfassten drei wesentlich größere Räume.,1,"[{'subject': {'upos': 'NOUN', 'text': 'Kammern', 'id': 2, 'deprel': 'nsubj', 'head': 9}, 'verb': {'upos': 'VERB', 'text': 'umfassten', 'id': 9, 'deprel': 'root', 'head': 0}, 'object': {'upos': 'NOUN', 'text': 'Räume', 'id': 13, 'deprel': 'obj', 'head': 9}}]",['SVO']
1179,Die Keynote-Adresse erhielt überwiegend positive Kommentare.,1,"[{'subject': {'upos': 'NOUN', 'text': 'Adresse', 'id': 4, 'deprel': 'nsubj', 'head': 5}, 'verb': {'upos': 'VERB', 'text': 'erhielt', 'id': 5, 'deprel': 'root', 'head': 0}, 'object': {'upos': 'NOUN', 'text': 'Kommentare', 'id': 8, 'deprel': 'obj', 'head': 5}}]",['SVO']
434,Die Lebenserwartung der Weißbrauengibbons in freier Wildbahn beträgt rund 25 Jahre.,1,"[{'subject': {'upos': 'NOUN', 'text': 'Lebenserwartung', 'id': 2, 'deprel': 'nsubj', 'head': 8}, 'verb': {'upos': 'VERB', 'text': 'beträgt', 'id': 8, 'deprel': 'root', 'head': 0}, 'object': {'upos': 'NOUN', 'text': 'Jahre', 'id': 11, 'deprel': 'obj', 'head': 8}}]",['SVO']
177,Die Lehre Jesu Christi symbolisiert das Portal.,1,"[{'subject': {'upos': 'NOUN', 'text': 'Lehre', 'id': 2, 'deprel': 'nsubj', 'head': 5}, 'verb': {'upos': 'VERB', 'text': 'symbolisiert', 'id': 5, 'deprel': 'root', 'head': 0}, 'object': {'upos': 'NOUN', 'text': 'Portal', 'id': 7, 'deprel': 'obj', 'head': 5}}]",['SVO']
1284,"Die letzte Edition der aktuellen chinesischen Währung, die nur noch Banknoten im Wert von 1, 5, 10, 20, 50 und 100 Yuan kennt, wurde seit dem 1.",1,"[{'subject': {'upos': 'PRON', 'text': 'die', 'id': 9, 'deprel': 'nsubj', 'head': 29}, 'object': {'upos': 'NOUN', 'text': 'Banknoten', 'id': 12, 'deprel': 'obj', 'head': 29}, 'verb': {'upos': 'VERB', 'text': 'kennt', 'id': 29, 'deprel': 'acl', 'head': 3}}]",['SOV']
94,Die letzten US-Truppen verließen Usbekistan im November 2005.,1,"[{'subject': {'upos': 'PROPN', 'text': 'US', 'id': 3, 'deprel': 'nsubj', 'head': 6}, 'verb': {'upos': 'VERB', 'text': 'verließen', 'id': 6, 'deprel': 'root', 'head': 0}, 'object': {'upos': 'PROPN', 'text': 'Usbekistan', 'id': 7, 'deprel': 'obj', 'head': 6}}]",['SVO']
1302,"Die Local-Committees treffen sich regelmäßig, um die Aktivitäten und Entwicklung der CEMS Alumni Assoziation zu erörtern.",1,"[{'subject': {'upos': 'PROPN', 'text': 'Committees', 'id': 4, 'deprel': 'nsubj', 'head': 5}, 'verb': {'upos': 'VERB', 'text': 'treffen', 'id': 5, 'deprel': 'root', 'head': 0}, 'object': {'upos': 'PRON', 'text': 'sich', 'id': 6, 'deprel': 'obj', 'head': 5}}]",['SVO']
1813,"Die maximalen Spieler pro Mannschaft betrugen 23, von denen mindestens drei Torhüter sein mussten.",1,"[{'subject': {'upos': 'NOUN', 'text': 'Spieler', 'id': 3, 'deprel': 'nsubj', 'head': 6}, 'verb': {'upos': 'VERB', 'text': 'betrugen', 'id': 6, 'deprel': 'root', 'head': 0}, 'object': {'upos': 'NUM', 'text': '23', 'id': 7, 'deprel': 'obj', 'head': 6}}]",['SVO']
1828,Die meisten akademischen Institutionen der Tschechischen Akademie der Wissenschaften haben ihren Sitz in Prag.,1,"[{'subject': {'upos': 'NOUN', 'text': 'Institutionen', 'id': 4, 'deprel': 'nsubj', 'head': 10}, 'verb': {'upos': 'VERB', 'text': 'haben', 'id': 10, 'deprel': 'root', 'head': 0}, 'object': {'upos': 'NOUN', 'text': 'Sitz', 'id': 12, 'deprel': 'obj', 'head': 10}}]",['SVO']
1578,Die meisten ehemaligen britischen Kolonien traten dem Commonwealth of Nations bei und erkennen bis heute 16 Commonwealth-Staaten den britischen Monarchen als gemeinsames Staatsoberhaupt an.,1,"[{'subject': {'upos': 'NOUN', 'text': 'Kolonien', 'id': 5, 'deprel': 'nsubj', 'head': 6}, 'verb': {'upos': 'VERB', 'text': 'erkennen', 'id': 13, 'deprel': 'conj', 'head': 6}, 'object': {'upos': 'PROPN', 'text': 'Commonwealth', 'id': 17, 'deprel': 'obj', 'head': 13}}]",['SVO']
1119,Die MIG-25 hatte Schwierigkeiten mit dem Fliegen bei hohen Geschwindigkeiten in geringer Höhe.,1,"[{'subject': {'upos': 'PROPN', 'text': 'MIG-25', 'id': 2, 'deprel': 'nsubj', 'head': 3}, 'verb': {'upos': 'VERB', 'text': 'hatte', 'id': 3, 'deprel': 'root', 'head': 0}, 'object': {'upos': 'NOUN', 'text': 'Schwierigkeiten', 'id': 4, 'deprel': 'obj', 'head': 3}}]",['SVO']
1920,Die Nationalsozialisten und die Sowjetunion stellten für die Polen eine große Bedrohung dar.,1,"[{'subject': {'upos': 'NOUN', 'text': 'Nationalsozialisten', 'id': 2, 'deprel': 'nsubj', 'head': 6}, 'verb': {'upos': 'VERB', 'text': 'stellten', 'id': 6, 'deprel': 'root', 'head': 0}, 'object': {'upos': 'NOUN', 'text': 'Bedrohung', 'id': 12, 'deprel': 'obj', 'head': 6}}]",['SVO']
1889,Die NATO verurteilte gemeinsam mit der OSZE und der EU das Referendum in Südossetien.,1,"[{'subject': {'upos': 'PROPN', 'text': 'NATO', 'id': 2, 'deprel': 'nsubj', 'head': 3}, 'verb': {'upos': 'VERB', 'text': 'verurteilte', 'id': 3, 'deprel': 'root', 'head': 0}, 'object': {'upos': 'NOUN', 'text': 'Referendum', 'id': 12, 'deprel': 'obj', 'head': 3}}]",['SVO']
1976,"Die neuen Räte übernahmen die Verteilung von Nahrungsmitteln, die Polizeigewalt sowie die Unterbringung und Verpflegung der Frontsoldaten, die allmählich heimkehrten.",1,"[{'subject': {'upos': 'NOUN', 'text': 'Räte', 'id': 3, 'deprel': 'nsubj', 'head': 4}, 'verb': {'upos': 'VERB', 'text': 'übernahmen', 'id': 4, 'deprel': 'root', 'head': 0}, 'object': {'upos': 'NOUN', 'text': 'Verteilung', 'id': 6, 'deprel': 'obj', 'head': 4}}]",['SVO']
1935,Die OPEC-Staaten haben die IFAD seit seiner Gründung unterstützt.,1,"[{'subject': {'upos': 'PROPN', 'text': 'OPEC', 'id': 2, 'deprel': 'nsubj', 'head': 11}, 'object': {'upos': 'PROPN', 'text': 'IFAD', 'id': 7, 'deprel': 'obj', 'head': 11}, 'verb': {'upos': 'VERB', 'text': 'unterstützt', 'id': 11, 'deprel': 'root', 'head': 0}}]",['SOV']
968,"Die Organisation unterhält Regionalbüros in den Regionen Mittel-, Ost- und Südeuropa, Mittelmeerländer, Lateinamerika, Afrika, Südasien sowie Südost- und Ostasien.",1,"[{'subject': {'upos': 'NOUN', 'text': 'Organisation', 'id': 2, 'deprel': 'nsubj', 'head': 3}, 'verb': {'upos': 'VERB', 'text': 'unterhält', 'id': 3, 'deprel': 'root', 'head': 0}, 'object': {'upos': 'NOUN', 'text': 'Regionalbüros', 'id': 4, 'deprel': 'obj', 'head': 3}}]",['SVO']
836,"Die Padma Awards werden jährlich an zumeist indische Bürger verliehen, die auf vielfältigen Gebieten herausragende Leistungen erbracht haben.",1,"[{'subject': {'upos': 'PRON', 'text': 'die', 'id': 12, 'deprel': 'nsubj', 'head': 18}, 'object': {'upos': 'NOUN', 'text': 'Leistungen', 'id': 17, 'deprel': 'obj', 'head': 18}, 'verb': {'upos': 'VERB', 'text': 'erbracht', 'id': 18, 'deprel': 'acl', 'head': 9}}]",['SOV']
70,Die Paläontologen fanden vollständige oder großenteils vollständige Skelette von Plateosaurus sowie Teile von weiteren ca.,1,"[{'subject': {'upos': 'NOUN', 'text': 'Paläontologen', 'id': 2, 'deprel': 'nsubj', 'head': 3}, 'verb': {'upos': 'VERB', 'text': 'fanden', 'id': 3, 'deprel': 'root', 'head': 0}, 'object': {'upos': 'NOUN', 'text': 'Skelette', 'id': 8, 'deprel': 'obj', 'head': 3}}]",['SVO']
1094,Die Pause bei einem Standardspiel beträgt 10 Minuten.,1,"[{'subject': {'upos': 'NOUN', 'text': 'Pause', 'id': 2, 'deprel': 'nsubj', 'head': 6}, 'verb': {'upos': 'VERB', 'text': 'beträgt', 'id': 6, 'deprel': 'root', 'head': 0}, 'object': {'upos': 'NOUN', 'text': 'Minuten', 'id': 8, 'deprel': 'obj', 'head': 6}}]",['SVO']
1478,Die Primärstruktur (Aminosäuresequenz) des Proteins enthält wertvolle Informationen über seine Funktion.,1,"[{'subject': {'upos': 'NOUN', 'text': 'Primärstruktur', 'id': 2, 'deprel': 'nsubj', 'head': 8}, 'verb': {'upos': 'VERB', 'text': 'enthält', 'id': 8, 'deprel': 'root', 'head': 0}, 'object': {'upos': 'NOUN', 'text': 'Informationen', 'id': 10, 'deprel': 'obj', 'head': 8}}]",['SVO']
1203,Die Provinz Baglan hatte Pol-e Chomri als Verwaltungszentrum und befand sich im Norden Afghanistans.,1,"[{'subject': {'upos': 'NOUN', 'text': 'Provinz', 'id': 2, 'deprel': 'nsubj', 'head': 4}, 'verb': {'upos': 'VERB', 'text': 'hatte', 'id': 4, 'deprel': 'root', 'head': 0}, 'object': {'upos': 'PROPN', 'text': 'Pol-e', 'id': 5, 'deprel': 'obj', 'head': 4}}]",['SVO']
1173,"Die Rampur Raza Bibliothek enthält seltene Manuskripte, historische Dokumente, islamische Kalligraphie, Miniaturmalereien, astronomische Instrumente und seltene illustrierte Werke in Arabisch und Persisch.",1,"[{'subject': {'upos': 'PROPN', 'text': 'Rampur', 'id': 2, 'deprel': 'nsubj', 'head': 5}, 'verb': {'upos': 'VERB', 'text': 'enthält', 'id': 5, 'deprel': 'root', 'head': 0}, 'object': {'upos': 'NOUN', 'text': 'Manuskripte', 'id': 7, 'deprel': 'obj', 'head': 5}}]",['SVO']
943,"Die Raumsonde Voyager 1 lieferte hochauflösende Bilder des Saturn, seiner Ringe und Satelliten zurück.",1,"[{'subject': {'upos': 'NOUN', 'text': 'Raumsonde', 'id': 2, 'deprel': 'nsubj', 'head': 5}, 'verb': {'upos': 'VERB', 'text': 'lieferte', 'id': 5, 'deprel': 'root', 'head': 0}, 'object': {'upos': 'NOUN', 'text': 'Bilder', 'id': 7, 'deprel': 'obj', 'head': 5}}]",['SVO']
462,Die Reflexion aller Kristallleuchter hat die beabsichtigte optische Illusion von Raum und Licht erzeugt.,1,"[{'subject': {'upos': 'NOUN', 'text': 'Reflexion', 'id': 2, 'deprel': 'nsubj', 'head': 14}, 'object': {'upos': 'NOUN', 'text': 'Illusion', 'id': 9, 'deprel': 'obj', 'head': 14}, 'verb': {'upos': 'VERB', 'text': 'erzeugt', 'id': 14, 'deprel': 'root', 'head': 0}}]",['SOV']
1260,Die Regierung in Kenia nutzt weitreichende Exekutivvollmachten durch den Staatspräsidenten.,1,"[{'subject': {'upos': 'NOUN', 'text': 'Regierung', 'id': 2, 'deprel': 'nsubj', 'head': 5}, 'verb': {'upos': 'VERB', 'text': 'nutzt', 'id': 5, 'deprel': 'root', 'head': 0}, 'object': {'upos': 'NOUN', 'text': 'Exekutivvollmachten', 'id': 7, 'deprel': 'obj', 'head': 5}}]",['SVO']
74,Die Regierung sah den Wert einer Flotte zur Unterstützung von Handelsinteressen und zum Schutz der eigenen Schifffahrt ein.,1,"[{'subject': {'upos': 'NOUN', 'text': 'Regierung', 'id': 2, 'deprel': 'nsubj', 'head': 3}, 'verb': {'upos': 'VERB', 'text': 'sah', 'id': 3, 'deprel': 'root', 'head': 0}, 'object': {'upos': 'NOUN', 'text': 'Wert', 'id': 5, 'deprel': 'obj', 'head': 3}}]",['SVO']
1808,Die Republik Kiribati hieß vorher die Gilbertinseln.,1,"[{'subject': {'upos': 'NOUN', 'text': 'Republik', 'id': 2, 'deprel': 'nsubj', 'head': 4}, 'verb': {'upos': 'VERB', 'text': 'hieß', 'id': 4, 'deprel': 'root', 'head': 0}, 'object': {'upos': 'NOUN', 'text': 'Gilbertinseln', 'id': 7, 'deprel': 'obj', 'head': 4}}]",['SVO']
1369,"Die Revolution, bei der die Bolschewiki unter Lenins Führung die Macht ergriffen, fand im Oktober 1917 statt.",1,"[{'subject': {'upos': 'NOUN', 'text': 'Bolschewiki', 'id': 7, 'deprel': 'nsubj', 'head': 13}, 'object': {'upos': 'NOUN', 'text': 'Macht', 'id': 12, 'deprel': 'obj', 'head': 13}, 'verb': {'upos': 'VERB', 'text': 'ergriffen', 'id': 13, 'deprel': 'acl', 'head': 2}}]",['SOV']
251,"Die Royals nehmen verschiedene offizielle, zeremonielle und repräsentative Funktionen wahr.",1,"[{'subject': {'upos': 'NOUN', 'text': 'Royals', 'id': 2, 'deprel': 'nsubj', 'head': 3}, 'verb': {'upos': 'VERB', 'text': 'nehmen', 'id': 3, 'deprel': 'root', 'head': 0}, 'object': {'upos': 'NOUN', 'text': 'Funktionen', 'id': 10, 'deprel': 'obj', 'head': 3}}]",['SVO']
1400,"Die Scott Expedition erreichte den Südpol erst einen Monat nach Roald Amundsen, aber sie kam ebenfalls zum Südpol.",1,"[{'subject': {'upos': 'PROPN', 'text': 'Scott', 'id': 2, 'deprel': 'nsubj', 'head': 4}, 'verb': {'upos': 'VERB', 'text': 'erreichte', 'id': 4, 'deprel': 'root', 'head': 0}, 'object': {'upos': 'NOUN', 'text': 'Südpol', 'id': 6, 'deprel': 'obj', 'head': 4}}]",['SVO']
112,Die Somali stellen 60 % der lokalen Bevölkerung von Dschibuti.,1,"[{'subject': {'upos': 'PROPN', 'text': 'Somali', 'id': 2, 'deprel': 'nsubj', 'head': 3}, 'verb': {'upos': 'VERB', 'text': 'stellen', 'id': 3, 'deprel': 'root', 'head': 0}, 'object': {'upos': 'NOUN', 'text': '%', 'id': 5, 'deprel': 'obj', 'head': 3}}]",['SVO']
1921,Die Sowjetunion musste im Zweiten Weltkrieg gegenüber den Deutschen ihr Territorium aufgeben.,1,"[{'subject': {'upos': 'PROPN', 'text': 'Sowjetunion', 'id': 2, 'deprel': 'nsubj', 'head': 13}, 'object': {'upos': 'NOUN', 'text': 'Territorium', 'id': 12, 'deprel': 'obj', 'head': 13}, 'verb': {'upos': 'VERB', 'text': 'aufgeben', 'id': 13, 'deprel': 'root', 'head': 0}}]",['SOV']
1407,Die Sozialistische Linkspartei (SLP) handelt es sich um eine trotzkistische Kleinstpartei in Österreich.,1,"[{'subject': {'upos': 'PROPN', 'text': 'Linkspartei', 'id': 3, 'deprel': 'nsubj', 'head': 7}, 'verb': {'upos': 'VERB', 'text': 'handelt', 'id': 7, 'deprel': 'root', 'head': 0}, 'object': {'upos': 'PRON', 'text': 'sich', 'id': 9, 'deprel': 'obj', 'head': 7}}]",['SVO']
1104,"Die Staaten haben Listen von unentbehrlichen Arzneimitteln definiert, die in der Modell-Liste der unentbehrlichen Arzneimittel der WHO enthalten sind.",1,"[{'subject': {'upos': 'NOUN', 'text': 'Staaten', 'id': 2, 'deprel': 'nsubj', 'head': 8}, 'object': {'upos': 'NOUN', 'text': 'Listen', 'id': 4, 'deprel': 'obj', 'head': 8}, 'verb': {'upos': 'VERB', 'text': 'definiert', 'id': 8, 'deprel': 'root', 'head': 0}}]",['SOV']
440,Die Texte geben keine spezifischen Informationen über die Produktionsstätten des Automobilherstellers Mercedes-Benz.,1,"[{'subject': {'upos': 'NOUN', 'text': 'Texte', 'id': 2, 'deprel': 'nsubj', 'head': 3}, 'verb': {'upos': 'VERB', 'text': 'geben', 'id': 3, 'deprel': 'root', 'head': 0}, 'object': {'upos': 'NOUN', 'text': 'Informationen', 'id': 6, 'deprel': 'obj', 'head': 3}}]",['SVO']
1423,Die Tragezeit beträgt 130 Tage.,1,"[{'subject': {'upos': 'NOUN', 'text': 'Tragezeit', 'id': 2, 'deprel': 'nsubj', 'head': 3}, 'verb': {'upos': 'VERB', 'text': 'beträgt', 'id': 3, 'deprel': 'root', 'head': 0}, 'object': {'upos': 'NOUN', 'text': 'Tage', 'id': 5, 'deprel': 'obj', 'head': 3}}]",['SVO']
1987,"Die USPD hat 7,6 Prozent der Stimmen erhalten.",1,"[{'subject': {'upos': 'PROPN', 'text': 'USPD', 'id': 2, 'deprel': 'nsubj', 'head': 8}, 'object': {'upos': 'NOUN', 'text': 'Prozent', 'id': 5, 'deprel': 'obj', 'head': 8}, 'verb': {'upos': 'VERB', 'text': 'erhalten', 'id': 8, 'deprel': 'root', 'head': 0}}]",['SOV']
1856,"Die Vandalen konsultierten Wodan, bevor sie in den Krieg zogen.",1,"[{'subject': {'upos': 'NOUN', 'text': 'Vandalen', 'id': 2, 'deprel': 'nsubj', 'head': 3}, 'verb': {'upos': 'VERB', 'text': 'konsultierten', 'id': 3, 'deprel': 'root', 'head': 0}, 'object': {'upos': 'PROPN', 'text': 'Wodan', 'id': 4, 'deprel': 'obj', 'head': 3}}]",['SVO']
1745,Die Vögel legen in der Regel zwei Eier pro Brut.,1,"[{'subject': {'upos': 'NOUN', 'text': 'Vögel', 'id': 2, 'deprel': 'nsubj', 'head': 3}, 'verb': {'upos': 'VERB', 'text': 'legen', 'id': 3, 'deprel': 'root', 'head': 0}, 'object': {'upos': 'NOUN', 'text': 'Eier', 'id': 8, 'deprel': 'obj', 'head': 3}}]",['SVO']
751,"Die VU-Bibliothek hat rund 5,4 Mio.",1,"[{'subject': {'upos': 'PROPN', 'text': 'VU', 'id': 2, 'deprel': 'nsubj', 'head': 5}, 'verb': {'upos': 'VERB', 'text': 'hat', 'id': 5, 'deprel': 'root', 'head': 0}, 'object': {'upos': 'NOUN', 'text': 'Mio', 'id': 8, 'deprel': 'obj', 'head': 5}}]",['SVO']
2,"Die Vulkanasche erreichte Spokane um 9:45 Uhr nicht, sondern es wird keine spezifische Zeit für Spokane angegeben.",1,"[{'subject': {'upos': 'NOUN', 'text': 'Vulkanasche', 'id': 2, 'deprel': 'nsubj', 'head': 3}, 'verb': {'upos': 'VERB', 'text': 'erreichte', 'id': 3, 'deprel': 'root', 'head': 0}, 'object': {'upos': 'PROPN', 'text': 'Spokane', 'id': 4, 'deprel': 'obj', 'head': 3}}]",['SVO']
433,Die Weißbrauengibbons haben bei der Geburt ein milchig-weißes Fell.,1,"[{'subject': {'upos': 'NOUN', 'text': 'Weißbrauengibbons', 'id': 2, 'deprel': 'nsubj', 'head': 3}, 'verb': {'upos': 'VERB', 'text': 'haben', 'id': 3, 'deprel': 'root', 'head': 0}, 'object': {'upos': 'NOUN', 'text': 'Fell', 'id': 11, 'deprel': 'obj', 'head': 3}}]",['SVO']
896,Die Weltgesundheitsorganisation (WHO) befasst sich mit großen Pandemien.,1,"[{'subject': {'upos': 'NOUN', 'text': 'Weltgesundheitsorganisation', 'id': 2, 'deprel': 'nsubj', 'head': 6}, 'verb': {'upos': 'VERB', 'text': 'befasst', 'id': 6, 'deprel': 'root', 'head': 0}, 'object': {'upos': 'PRON', 'text': 'sich', 'id': 7, 'deprel': 'obj', 'head': 6}}]",['SVO']
883,"Die Wirkdauer von kurzwirksamen Beta-2-Agonisten beträgt etwa 4–6 Stunden, während die von langwirksamen Beta-2-Agonisten etwa 12 Stunden anhält.",1,"[{'subject': {'upos': 'NOUN', 'text': 'Wirkdauer', 'id': 2, 'deprel': 'nsubj', 'head': 7}, 'verb': {'upos': 'VERB', 'text': 'beträgt', 'id': 7, 'deprel': 'root', 'head': 0}, 'object': {'upos': 'NOUN', 'text': 'Stunden', 'id': 10, 'deprel': 'obj', 'head': 7}}]",['SVO']
51,"Die Wirtschaft der entwickelten Welt verlässt sich auf billige, örtlich konzentrierte fossile Brennstoffe.",1,"[{'subject': {'upos': 'NOUN', 'text': 'Wirtschaft', 'id': 2, 'deprel': 'nsubj', 'head': 6}, 'verb': {'upos': 'VERB', 'text': 'verlässt', 'id': 6, 'deprel': 'root', 'head': 0}, 'object': {'upos': 'PRON', 'text': 'sich', 'id': 7, 'deprel': 'obj', 'head': 6}}]",['SVO']
738,"Die Zeitung richtete sich vor allem an Englands aufstrebenden Mittelstand, große und kleine Kaufleute und Händler.",1,"[{'subject': {'upos': 'NOUN', 'text': 'Zeitung', 'id': 2, 'deprel': 'nsubj', 'head': 3}, 'verb': {'upos': 'VERB', 'text': 'richtete', 'id': 3, 'deprel': 'root', 'head': 0}, 'object': {'upos': 'PRON', 'text': 'sich', 'id': 4, 'deprel': 'obj', 'head': 3}}]",['SVO']
1072,"Die Zentrumspartei hat bei der jüngsten Reichstagswahl 2018 8,6 % der Stimmen erhalten.",1,"[{'subject': {'upos': 'NOUN', 'text': 'Zentrumspartei', 'id': 2, 'deprel': 'nsubj', 'head': 13}, 'object': {'upos': 'NOUN', 'text': '%', 'id': 10, 'deprel': 'obj', 'head': 13}, 'verb': {'upos': 'VERB', 'text': 'erhalten', 'id': 13, 'deprel': 'root', 'head': 0}}]",['SOV']
767,"Diese Bewegung, die im Text erwähnt wird, hatte ihren Ursprung in Indien, speziell mit dem Film Bhuvan Shome aus dem Jahr 1969.",1,"[{'subject': {'upos': 'NOUN', 'text': 'Bewegung', 'id': 2, 'deprel': 'nsubj', 'head': 11}, 'verb': {'upos': 'VERB', 'text': 'hatte', 'id': 11, 'deprel': 'root', 'head': 0}, 'object': {'upos': 'NOUN', 'text': 'Ursprung', 'id': 13, 'deprel': 'obj', 'head': 11}}]",['SVO']
987,Diese Branchen erlebten einen Niedergang in Aberdeen.,1,"[{'subject': {'upos': 'NOUN', 'text': 'Branchen', 'id': 2, 'deprel': 'nsubj', 'head': 3}, 'verb': {'upos': 'VERB', 'text': 'erlebten', 'id': 3, 'deprel': 'root', 'head': 0}, 'object': {'upos': 'NOUN', 'text': 'Niedergang', 'id': 5, 'deprel': 'obj', 'head': 3}}]",['SVO']
389,Diese Kreaturen bewohnen typischerweise Sumpfgebiete und tropischen Regenwald.,1,"[{'subject': {'upos': 'NOUN', 'text': 'Kreaturen', 'id': 2, 'deprel': 'nsubj', 'head': 3}, 'verb': {'upos': 'VERB', 'text': 'bewohnen', 'id': 3, 'deprel': 'root', 'head': 0}, 'object': {'upos': 'NOUN', 'text': 'Sumpfgebiete', 'id': 5, 'deprel': 'obj', 'head': 3}}]",['SVO']
1793,"Dilong bedeutet ""kaiserlicher Drache"" und ist eine Gattung theropoder Dinosaurier aus der frühen Unterkreide.",1,"[{'subject': {'upos': 'PROPN', 'text': 'Dilong', 'id': 1, 'deprel': 'nsubj', 'head': 2}, 'verb': {'upos': 'VERB', 'text': 'bedeutet', 'id': 2, 'deprel': 'root', 'head': 0}, 'object': {'upos': 'NOUN', 'text': 'Drache', 'id': 5, 'deprel': 'obj', 'head': 2}}]",['SVO']
594,Doxing betrifft die Durchsetzung durch das Bloßstellen von Informationen.,1,"[{'subject': {'upos': 'PROPN', 'text': 'Doxing', 'id': 1, 'deprel': 'nsubj', 'head': 2}, 'verb': {'upos': 'VERB', 'text': 'betrifft', 'id': 2, 'deprel': 'root', 'head': 0}, 'object': {'upos': 'NOUN', 'text': 'Durchsetzung', 'id': 4, 'deprel': 'obj', 'head': 2}}]",['SVO']
83,"DuPont betrieb die Anreicherungsanlagen zunächst, aber ohne explizites Zeitende für ihre Wirkung für das USDOE anzugeben.",1,"[{'subject': {'upos': 'PROPN', 'text': 'DuPont', 'id': 1, 'deprel': 'nsubj', 'head': 2}, 'verb': {'upos': 'VERB', 'text': 'betrieb', 'id': 2, 'deprel': 'root', 'head': 0}, 'object': {'upos': 'NOUN', 'text': 'Anreicherungsanlagen', 'id': 4, 'deprel': 'obj', 'head': 2}}]",['SVO']
1969,Ebert forderte Wilhelm II.,1,"[{'object': {'upos': 'PROPN', 'text': 'Ebert', 'id': 1, 'deprel': 'obj', 'head': 2}, 'verb': {'upos': 'VERB', 'text': 'forderte', 'id': 2, 'deprel': 'root', 'head': 0}, 'subject': {'upos': 'PROPN', 'text': 'Wilhelm', 'id': 3, 'deprel': 'nsubj', 'head': 2}}]",['OVS']
1967,Ebert wollte die bürgerlichen Parteien sowie die alten Eliten des Kaiserreichs überzeugen.,1,"[{'subject': {'upos': 'PROPN', 'text': 'Ebert', 'id': 1, 'deprel': 'nsubj', 'head': 12}, 'object': {'upos': 'NOUN', 'text': 'Parteien', 'id': 5, 'deprel': 'obj', 'head': 12}, 'verb': {'upos': 'VERB', 'text': 'überzeugen', 'id': 12, 'deprel': 'root', 'head': 0}}]",['SOV']
1120,Ecuador annektierte die Galapagos-Inseln am 12.,1,"[{'subject': {'upos': 'PROPN', 'text': 'Ecuador', 'id': 1, 'deprel': 'nsubj', 'head': 2}, 'verb': {'upos': 'VERB', 'text': 'annektierte', 'id': 2, 'deprel': 'root', 'head': 0}, 'object': {'upos': 'PROPN', 'text': 'Galapagos', 'id': 4, 'deprel': 'obj', 'head': 2}}]",['SVO']
1891,"Ecuador hat aktive Vulkane, da die Messungen am Chimborazo, einem 6310 m hohen Vulkan, durchgeführt wurden.",1,"[{'subject': {'upos': 'PROPN', 'text': 'Ecuador', 'id': 1, 'deprel': 'nsubj', 'head': 2}, 'verb': {'upos': 'VERB', 'text': 'hat', 'id': 2, 'deprel': 'root', 'head': 0}, 'object': {'upos': 'NOUN', 'text': 'Vulkane', 'id': 4, 'deprel': 'obj', 'head': 2}}]",['SVO']
1804,"Ein Engelhai hat fünf seitlich, unten liegende Kiemenöffnungen.",1,"[{'subject': {'upos': 'NOUN', 'text': 'Engelhai', 'id': 2, 'deprel': 'nsubj', 'head': 3}, 'verb': {'upos': 'VERB', 'text': 'hat', 'id': 3, 'deprel': 'root', 'head': 0}, 'object': {'upos': 'NOUN', 'text': 'Kiemenöffnungen', 'id': 9, 'deprel': 'obj', 'head': 3}}]",['SVO']
915,"Ein Kontrakt mit Niederländisch-Indien half Deli 1861, die Unabhängigkeit zu erlangen.",1,"[{'object': {'upos': 'NOUN', 'text': 'Kontrakt', 'id': 2, 'deprel': 'obj', 'head': 7}, 'verb': {'upos': 'VERB', 'text': 'half', 'id': 7, 'deprel': 'root', 'head': 0}, 'subject': {'upos': 'PROPN', 'text': 'Deli', 'id': 8, 'deprel': 'nsubj', 'head': 7}}]",['OVS']
602,"Ein Porträt ist ein künstlerisches Bildnis, das das Wesen oder die Persönlichkeit des Porträtierten darstellt.",1,"[{'subject': {'upos': 'PRON', 'text': 'das', 'id': 8, 'deprel': 'nsubj', 'head': 16}, 'object': {'upos': 'NOUN', 'text': 'Wesen', 'id': 10, 'deprel': 'obj', 'head': 16}, 'verb': {'upos': 'VERB', 'text': 'darstellt', 'id': 16, 'deprel': 'acl', 'head': 6}}]",['SOV']
1685,Ein rechnerisches Mittel ergibt etwa 38 Millionen Haie pro Jahr.,1,"[{'subject': {'upos': 'NOUN', 'text': 'Mittel', 'id': 3, 'deprel': 'nsubj', 'head': 4}, 'verb': {'upos': 'VERB', 'text': 'ergibt', 'id': 4, 'deprel': 'root', 'head': 0}, 'object': {'upos': 'PROPN', 'text': 'Haie', 'id': 8, 'deprel': 'obj', 'head': 4}}]",['SVO']
1560,"Ein Sakuru bezeichnet eine Dōjin-Gruppe, die aus einer Person oder mehreren Personen besteht und von nichtprofessionalen Zeichnern im Selbstverlag herausgegebene Mangas produziert.",1,"[{'subject': {'upos': 'PROPN', 'text': 'Sakuru', 'id': 2, 'deprel': 'nsubj', 'head': 3}, 'verb': {'upos': 'VERB', 'text': 'bezeichnet', 'id': 3, 'deprel': 'root', 'head': 0}, 'object': {'upos': 'PROPN', 'text': 'Dōjin', 'id': 5, 'deprel': 'obj', 'head': 3}}]",['SVO']
519,"Ein Selenium Grid kann dieparallele Ausführung von Tests ermöglichen, um die Testdauer zu verkürzen.",1,"[{'subject': {'upos': 'PROPN', 'text': 'Grid', 'id': 3, 'deprel': 'nsubj', 'head': 9}, 'object': {'upos': 'NOUN', 'text': 'Ausführung', 'id': 6, 'deprel': 'obj', 'head': 9}, 'verb': {'upos': 'VERB', 'text': 'ermöglichen', 'id': 9, 'deprel': 'root', 'head': 0}}]",['SOV']
949,"Ein solches alkoholisches Getränk nennt man ""Eye Opener"".",1,"[{'object': {'upos': 'NOUN', 'text': 'Getränk', 'id': 4, 'deprel': 'obj', 'head': 5}, 'verb': {'upos': 'VERB', 'text': 'nennt', 'id': 5, 'deprel': 'root', 'head': 0}, 'subject': {'upos': 'PRON', 'text': 'man', 'id': 6, 'deprel': 'nsubj', 'head': 5}}]",['OVS']
901,"Ein Spieler erhält einen zusätzlichen Bonusfreiwurf, wenn er unmittelbar während eines Wurfversuchs gefoult wird und der Versuch trotz des Fouls erfolgreich ist.",1,"[{'subject': {'upos': 'NOUN', 'text': 'Spieler', 'id': 2, 'deprel': 'nsubj', 'head': 3}, 'verb': {'upos': 'VERB', 'text': 'erhält', 'id': 3, 'deprel': 'root', 'head': 0}, 'object': {'upos': 'NOUN', 'text': 'Bonusfreiwurf', 'id': 6, 'deprel': 'obj', 'head': 3}}]",['SVO']
1896,Eine direkte Rote Karte entspricht vier Punkten.,1,"[{'subject': {'upos': 'NOUN', 'text': 'Karte', 'id': 4, 'deprel': 'nsubj', 'head': 5}, 'verb': {'upos': 'VERB', 'text': 'entspricht', 'id': 5, 'deprel': 'root', 'head': 0}, 'object': {'upos': 'NOUN', 'text': 'Punkten', 'id': 7, 'deprel': 'obj', 'head': 5}}]",['SVO']
1894,"Einige Ägyptologen bestreiten die ""Usurpator-Thesen"".",1,"[{'subject': {'upos': 'NOUN', 'text': 'Ägyptologen', 'id': 2, 'deprel': 'nsubj', 'head': 3}, 'verb': {'upos': 'VERB', 'text': 'bestreiten', 'id': 3, 'deprel': 'root', 'head': 0}, 'object': {'upos': 'PROPN', 'text': 'Usurpator', 'id': 6, 'deprel': 'obj', 'head': 3}}]",['SVO']
604,Einzelpixel geben die Feinheit der farblichen Abstufungen wieder.,1,"[{'subject': {'upos': 'NOUN', 'text': 'Einzelpixel', 'id': 1, 'deprel': 'nsubj', 'head': 2}, 'verb': {'upos': 'VERB', 'text': 'geben', 'id': 2, 'deprel': 'root', 'head': 0}, 'object': {'upos': 'NOUN', 'text': 'Feinheit', 'id': 4, 'deprel': 'obj', 'head': 2}}]",['SVO']
1484,Elisabeth sicherte Marys Unterstützung.,1,"[{'subject': {'upos': 'PROPN', 'text': 'Elisabeth', 'id': 1, 'deprel': 'nsubj', 'head': 2}, 'verb': {'upos': 'VERB', 'text': 'sicherte', 'id': 2, 'deprel': 'root', 'head': 0}, 'object': {'upos': 'NOUN', 'text': 'Unterstützung', 'id': 4, 'deprel': 'obj', 'head': 2}}]",['SVO']
1452,Entwicklungsländer kritisierten das TRIPS-Abkommen am stärksten.,1,"[{'subject': {'upos': 'NOUN', 'text': 'Entwicklungsländer', 'id': 1, 'deprel': 'nsubj', 'head': 2}, 'verb': {'upos': 'VERB', 'text': 'kritisierten', 'id': 2, 'deprel': 'root', 'head': 0}, 'object': {'upos': 'PROPN', 'text': 'TRIPS', 'id': 4, 'deprel': 'obj', 'head': 2}}]",['SVO']
117,Er begann seine Mechanikerlehre im Frühsommer 1894.,1,"[{'subject': {'upos': 'PRON', 'text': 'Er', 'id': 1, 'deprel': 'nsubj', 'head': 2}, 'verb': {'upos': 'VERB', 'text': 'begann', 'id': 2, 'deprel': 'root', 'head': 0}, 'object': {'upos': 'NOUN', 'text': 'Mechanikerlehre', 'id': 4, 'deprel': 'obj', 'head': 2}}]",['SVO']
1077,Er erhielt 1996 einen Ehrendoktor der Königlich Technischen Hochschule Stockholm.,1,"[{'subject': {'upos': 'PRON', 'text': 'Er', 'id': 1, 'deprel': 'nsubj', 'head': 2}, 'verb': {'upos': 'VERB', 'text': 'erhielt', 'id': 2, 'deprel': 'root', 'head': 0}, 'object': {'upos': 'NOUN', 'text': 'Ehrendoktor', 'id': 5, 'deprel': 'obj', 'head': 2}}]",['SVO']
1183,Er führte die Biegesteifigkeit in die Stringtheorie ein.,1,"[{'subject': {'upos': 'PRON', 'text': 'Er', 'id': 1, 'deprel': 'nsubj', 'head': 2}, 'verb': {'upos': 'VERB', 'text': 'führte', 'id': 2, 'deprel': 'root', 'head': 0}, 'object': {'upos': 'NOUN', 'text': 'Biegesteifigkeit', 'id': 4, 'deprel': 'obj', 'head': 2}}]",['SVO']
80,Er mietete ein Apartment in Mayfair.,1,"[{'subject': {'upos': 'PRON', 'text': 'Er', 'id': 1, 'deprel': 'nsubj', 'head': 2}, 'verb': {'upos': 'VERB', 'text': 'mietete', 'id': 2, 'deprel': 'root', 'head': 0}, 'object': {'upos': 'NOUN', 'text': 'Apartment', 'id': 4, 'deprel': 'obj', 'head': 2}}]",['SVO']
615,Er schleudert Dr.,1,"[{'subject': {'upos': 'PRON', 'text': 'Er', 'id': 1, 'deprel': 'nsubj', 'head': 2}, 'verb': {'upos': 'VERB', 'text': 'schleudert', 'id': 2, 'deprel': 'root', 'head': 0}, 'object': {'upos': 'NOUN', 'text': 'Dr.', 'id': 3, 'deprel': 'obj', 'head': 2}}]",['SVO']
1190,"Er war 17 Jahre alt, als seine Eltern sich trennten.",1,"[{'subject': {'upos': 'NOUN', 'text': 'Eltern', 'id': 9, 'deprel': 'nsubj', 'head': 11}, 'object': {'upos': 'PRON', 'text': 'sich', 'id': 10, 'deprel': 'obj', 'head': 11}, 'verb': {'upos': 'VERB', 'text': 'trennten', 'id': 11, 'deprel': 'advcl', 'head': 5}}]",['SOV']
690,Es fügt eine irische Nuance und ein typisches Instrument der traditionellen irischen Musik hinzu.,1,"[{'subject': {'upos': 'PRON', 'text': 'Es', 'id': 1, 'deprel': 'nsubj', 'head': 2}, 'verb': {'upos': 'VERB', 'text': 'fügt', 'id': 2, 'deprel': 'root', 'head': 0}, 'object': {'upos': 'NOUN', 'text': 'Nuance', 'id': 5, 'deprel': 'obj', 'head': 2}}]",['SVO']
1192,"Es gibt sechs Atolls und drei Inseln in Tuvalu, was insgesamt neun Riffinseln ergibt.",1,"[{'subject': {'upos': 'PRON', 'text': 'was', 'id': 11, 'deprel': 'nsubj', 'head': 15}, 'object': {'upos': 'NOUN', 'text': 'Riffinseln', 'id': 14, 'deprel': 'obj', 'head': 15}, 'verb': {'upos': 'VERB', 'text': 'ergibt', 'id': 15, 'deprel': 'acl', 'head': 4}}]",['SOV']
1180,Es grenzt an den Indischen Ozean und erstreckt sich über etwa 2.600.000 Quadratkilometer.,1,"[{'subject': {'upos': 'PRON', 'text': 'Es', 'id': 1, 'deprel': 'nsubj', 'head': 2}, 'verb': {'upos': 'VERB', 'text': 'erstreckt', 'id': 8, 'deprel': 'conj', 'head': 2}, 'object': {'upos': 'PRON', 'text': 'sich', 'id': 9, 'deprel': 'obj', 'head': 8}}]",['SVO']
1445,"Es ist anzunehmen, dass diese Rebellen auch Waffen mit den Erlösen kaufen konnten.",1,"[{'subject': {'upos': 'NOUN', 'text': 'Rebellen', 'id': 7, 'deprel': 'nsubj', 'head': 13}, 'object': {'upos': 'NOUN', 'text': 'Waffen', 'id': 9, 'deprel': 'obj', 'head': 13}, 'verb': {'upos': 'VERB', 'text': 'kaufen', 'id': 13, 'deprel': 'csubj:pass', 'head': 3}}]",['SOV']
1102,"Escobars Frau war 15 Jahre alt, als er sie heiratete.",1,"[{'subject': {'upos': 'PRON', 'text': 'er', 'id': 9, 'deprel': 'nsubj', 'head': 11}, 'object': {'upos': 'PRON', 'text': 'sie', 'id': 10, 'deprel': 'obj', 'head': 11}, 'verb': {'upos': 'VERB', 'text': 'heiratete', 'id': 11, 'deprel': 'advcl', 'head': 6}}]",['SOV']
1264,"Februar 2004 stellte Intel den neuen Core-Codenamen ""Prescott"" vor.",1,"[{'verb': {'upos': 'VERB', 'text': 'stellte', 'id': 3, 'deprel': 'root', 'head': 0}, 'subject': {'upos': 'PROPN', 'text': 'Intel', 'id': 4, 'deprel': 'nsubj', 'head': 3}, 'object': {'upos': 'PROPN', 'text': 'Core', 'id': 7, 'deprel': 'obj', 'head': 3}}]",['VSO']
1293,"FeedBurner bietet angepasste RSS-Feeds und Verwaltungswerkzeuge für Blogger, Podcaster und andere Anbieter webbasierter Inhalte.",1,"[{'subject': {'upos': 'PROPN', 'text': 'FeedBurner', 'id': 1, 'deprel': 'nsubj', 'head': 2}, 'verb': {'upos': 'VERB', 'text': 'bietet', 'id': 2, 'deprel': 'root', 'head': 0}, 'object': {'upos': 'PROPN', 'text': 'RSS', 'id': 4, 'deprel': 'obj', 'head': 2}}]",['SVO']
827,Fisk gab der NYT einen Kommentar ab.,1,"[{'subject': {'upos': 'PROPN', 'text': 'Fisk', 'id': 1, 'deprel': 'nsubj', 'head': 2}, 'verb': {'upos': 'VERB', 'text': 'gab', 'id': 2, 'deprel': 'root', 'head': 0}, 'object': {'upos': 'NOUN', 'text': 'Kommentar', 'id': 6, 'deprel': 'obj', 'head': 2}}]",['SVO']
644,"Fox war an Prison Break interessiert, bevor es sich zurückzog.",1,"[{'subject': {'upos': 'PRON', 'text': 'es', 'id': 9, 'deprel': 'nsubj', 'head': 11}, 'object': {'upos': 'PRON', 'text': 'sich', 'id': 10, 'deprel': 'obj', 'head': 11}, 'verb': {'upos': 'VERB', 'text': 'zurückzog', 'id': 11, 'deprel': 'advcl', 'head': 6}}]",['SOV']
336,Frauen hatten ein niedrigeres mittleres Einkommen als Männer.,1,"[{'subject': {'upos': 'NOUN', 'text': 'Frauen', 'id': 1, 'deprel': 'nsubj', 'head': 2}, 'verb': {'upos': 'VERB', 'text': 'hatten', 'id': 2, 'deprel': 'root', 'head': 0}, 'object': {'upos': 'NOUN', 'text': 'Einkommen', 'id': 6, 'deprel': 'obj', 'head': 2}}]",['SVO']
394,Fünf Nummer-eins-Hits hatte das Album.,1,"[{'object': {'upos': 'NOUN', 'text': 'Hits', 'id': 6, 'deprel': 'obj', 'head': 7}, 'verb': {'upos': 'VERB', 'text': 'hatte', 'id': 7, 'deprel': 'root', 'head': 0}, 'subject': {'upos': 'NOUN', 'text': 'Album', 'id': 9, 'deprel': 'nsubj', 'head': 7}}]",['OVS']
1873,Für den Schutz der Rechte und Interessen von Frauen hat das Zentrum große Arbeit geleistet.,1,"[{'subject': {'upos': 'NOUN', 'text': 'Zentrum', 'id': 12, 'deprel': 'nsubj', 'head': 15}, 'object': {'upos': 'NOUN', 'text': 'Arbeit', 'id': 14, 'deprel': 'obj', 'head': 15}, 'verb': {'upos': 'VERB', 'text': 'geleistet', 'id': 15, 'deprel': 'root', 'head': 0}}]",['SOV']
687,"Garfield hatte vier Charakterzüge: frech, fett, faul und filosofisch.",1,"[{'subject': {'upos': 'PROPN', 'text': 'Garfield', 'id': 1, 'deprel': 'nsubj', 'head': 2}, 'verb': {'upos': 'VERB', 'text': 'hatte', 'id': 2, 'deprel': 'root', 'head': 0}, 'object': {'upos': 'NOUN', 'text': 'Charakterzüge', 'id': 4, 'deprel': 'obj', 'head': 2}}]",['SVO']
1734,Gegen Kateryna Bondarenko verlor Icanovic das Endspiel der Juniorinnen in Wimbledon.,1,"[{'verb': {'upos': 'VERB', 'text': 'verlor', 'id': 4, 'deprel': 'root', 'head': 0}, 'subject': {'upos': 'PROPN', 'text': 'Icanovic', 'id': 5, 'deprel': 'nsubj', 'head': 4}, 'object': {'upos': 'NOUN', 'text': 'Endspiel', 'id': 7, 'deprel': 'obj', 'head': 4}}]",['VSO']
1887,"Gegen Menschenhandel und Bandengewalt sprechen sich die Musikvideos von ""Pure Grinding"" und ""For a Better Day"" aus.",1,"[{'verb': {'upos': 'VERB', 'text': 'sprechen', 'id': 5, 'deprel': 'root', 'head': 0}, 'object': {'upos': 'PRON', 'text': 'sich', 'id': 6, 'deprel': 'obj', 'head': 5}, 'subject': {'upos': 'NOUN', 'text': 'Musikvideos', 'id': 8, 'deprel': 'nsubj', 'head': 5}}]",['VOS']
1739,Gideon Sundbäck machte in Bingen am Rhein 1903 seinen Studienabschluss.,1,"[{'subject': {'upos': 'PROPN', 'text': 'Gideon', 'id': 1, 'deprel': 'nsubj', 'head': 3}, 'verb': {'upos': 'VERB', 'text': 'machte', 'id': 3, 'deprel': 'root', 'head': 0}, 'object': {'upos': 'NOUN', 'text': 'Studienabschluss', 'id': 11, 'deprel': 'obj', 'head': 3}}]",['SVO']
1847,"Gomez war fünf Jahre alt, als sich ihre Eltern trennten.",1,"[{'object': {'upos': 'PRON', 'text': 'sich', 'id': 8, 'deprel': 'obj', 'head': 11}, 'subject': {'upos': 'NOUN', 'text': 'Eltern', 'id': 10, 'deprel': 'nsubj', 'head': 11}, 'verb': {'upos': 'VERB', 'text': 'trennten', 'id': 11, 'deprel': 'advcl', 'head': 5}}]",['OSV']
1577,Gongyi hat 790.000 Einwohner.,1,"[{'subject': {'upos': 'PROPN', 'text': 'Gongyi', 'id': 1, 'deprel': 'nsubj', 'head': 2}, 'verb': {'upos': 'VERB', 'text': 'hat', 'id': 2, 'deprel': 'root', 'head': 0}, 'object': {'upos': 'NOUN', 'text': 'Einwohner', 'id': 4, 'deprel': 'obj', 'head': 2}}]",['SVO']
1590,"Großbritannien entsandte nach der Suezkanal-Krise bald wieder Truppen in Oman (1957), Jordanien (1958) und Kuwait (1961).",1,"[{'subject': {'upos': 'PROPN', 'text': 'Großbritannien', 'id': 1, 'deprel': 'nsubj', 'head': 2}, 'verb': {'upos': 'VERB', 'text': 'entsandte', 'id': 2, 'deprel': 'root', 'head': 0}, 'object': {'upos': 'NOUN', 'text': 'Truppen', 'id': 10, 'deprel': 'obj', 'head': 2}}]",['SVO']
667,Großbritannien versprach 2500 Soldaten.,1,"[{'subject': {'upos': 'PROPN', 'text': 'Großbritannien', 'id': 1, 'deprel': 'nsubj', 'head': 2}, 'verb': {'upos': 'VERB', 'text': 'versprach', 'id': 2, 'deprel': 'root', 'head': 0}, 'object': {'upos': 'NOUN', 'text': 'Soldaten', 'id': 4, 'deprel': 'obj', 'head': 2}}]",['SVO']
707,"Hamza, Zaid, Bilal oder andere zitierten Mohammeds Worte.",1,"[{'subject': {'upos': 'PROPN', 'text': 'Hamza', 'id': 1, 'deprel': 'nsubj', 'head': 8}, 'verb': {'upos': 'VERB', 'text': 'zitierten', 'id': 8, 'deprel': 'root', 'head': 0}, 'object': {'upos': 'NOUN', 'text': 'Worte', 'id': 10, 'deprel': 'obj', 'head': 8}}]",['SVO']
632,Harriet hat mittels der Underground Railroad aus Silber gefertigte Bajonette und Kugeln geschmuggelt.,1,"[{'subject': {'upos': 'PROPN', 'text': 'Harriet', 'id': 1, 'deprel': 'nsubj', 'head': 13}, 'object': {'upos': 'NOUN', 'text': 'Bajonette', 'id': 10, 'deprel': 'obj', 'head': 13}, 'verb': {'upos': 'VERB', 'text': 'geschmuggelt', 'id': 13, 'deprel': 'root', 'head': 0}}]",['SOV']
37,Henry James wiederholte das Experiment zur Überprüfung der Erddichte.,1,"[{'subject': {'upos': 'PROPN', 'text': 'Henry', 'id': 1, 'deprel': 'nsubj', 'head': 3}, 'verb': {'upos': 'VERB', 'text': 'wiederholte', 'id': 3, 'deprel': 'root', 'head': 0}, 'object': {'upos': 'NOUN', 'text': 'Experiment', 'id': 5, 'deprel': 'obj', 'head': 3}}]",['SVO']
1117,"Hermann Minkowski ist bekannt für seine Entwicklungen in der Geometrie der Zahlen und seine Anwendungen auf die Zahlentheorie, insbesondere seinen Gitterpunktsatz, mit dem er wichtige Sätze wie den Einheitensatz bewies.",1,"[{'subject': {'upos': 'PRON', 'text': 'er', 'id': 26, 'deprel': 'nsubj', 'head': 32}, 'object': {'upos': 'NOUN', 'text': 'Sätze', 'id': 28, 'deprel': 'obj', 'head': 32}, 'verb': {'upos': 'VERB', 'text': 'bewies', 'id': 32, 'deprel': 'acl', 'head': 22}}]",['SOV']
119,Hesse wurde von der deutschen Presse angegriffen und Hassbriefe eingingen.,1,"[{'subject': {'upos': 'PROPN', 'text': 'Hesse', 'id': 1, 'deprel': 'nsubj:pass', 'head': 7}, 'object': {'upos': 'NOUN', 'text': 'Hassbriefe', 'id': 9, 'deprel': 'obj', 'head': 10}, 'verb': {'upos': 'VERB', 'text': 'eingingen', 'id': 10, 'deprel': 'conj', 'head': 7}}]",['SOV']
947,"ICD-10 klassifiziert Alkoholismus unter F10 ""Psychische und Verhaltensstörungen durch Alkohol"".",1,"[{'subject': {'upos': 'PROPN', 'text': 'ICD-10', 'id': 1, 'deprel': 'nsubj', 'head': 2}, 'verb': {'upos': 'VERB', 'text': 'klassifiziert', 'id': 2, 'deprel': 'root', 'head': 0}, 'object': {'upos': 'NOUN', 'text': 'Alkoholismus', 'id': 3, 'deprel': 'obj', 'head': 2}}]",['SVO']
670,Ich habe keine genauen Monatsangaben für das Startdatum einer Organisation in den bereitgestellten Texten finden können.,1,"[{'subject': {'upos': 'PRON', 'text': 'Ich', 'id': 1, 'deprel': 'nsubj', 'head': 15}, 'object': {'upos': 'NOUN', 'text': 'Monatsangaben', 'id': 5, 'deprel': 'obj', 'head': 15}, 'verb': {'upos': 'VERB', 'text': 'finden', 'id': 15, 'deprel': 'root', 'head': 0}}]",['SOV']
403,"Ich habe keine spezifischen Informationen, die darauf hindeuten, was als zu bequemes Habitat für das Gelege passen könnte.",1,"[{'subject': {'upos': 'PRON', 'text': 'Ich', 'id': 1, 'deprel': 'nsubj', 'head': 2}, 'verb': {'upos': 'VERB', 'text': 'habe', 'id': 2, 'deprel': 'root', 'head': 0}, 'object': {'upos': 'NOUN', 'text': 'Informationen', 'id': 5, 'deprel': 'obj', 'head': 2}}]",['SVO']
891,IFAB steht für International Football Association Board und berät und beschließt Regeländerungen im Fußball.,1,"[{'subject': {'upos': 'PROPN', 'text': 'IFAB', 'id': 1, 'deprel': 'nsubj', 'head': 2}, 'verb': {'upos': 'VERB', 'text': 'beschließt', 'id': 11, 'deprel': 'conj', 'head': 2}, 'object': {'upos': 'NOUN', 'text': 'Regeländerungen', 'id': 12, 'deprel': 'obj', 'head': 11}}]",['SVO']
1598,IGN Entertainment erwarb Rottentomatoes.com im Juni 2004.,1,"[{'subject': {'upos': 'PROPN', 'text': 'IGN', 'id': 1, 'deprel': 'nsubj', 'head': 3}, 'verb': {'upos': 'VERB', 'text': 'erwarb', 'id': 3, 'deprel': 'root', 'head': 0}, 'object': {'upos': 'PROPN', 'text': 'Rottentomatoes.com', 'id': 4, 'deprel': 'obj', 'head': 3}}]",['SVO']
1353,"Ihre Eltern haben sich, als sie ein Teenager war, scheiden lassen.ngenesis",1,"[{'subject': {'upos': 'NOUN', 'text': 'Eltern', 'id': 2, 'deprel': 'nsubj', 'head': 3}, 'verb': {'upos': 'VERB', 'text': 'haben', 'id': 3, 'deprel': 'root', 'head': 0}, 'object': {'upos': 'PRON', 'text': 'sich', 'id': 4, 'deprel': 'obj', 'head': 3}}]",['SVO']
1309,Im Alter von acht Jahren gewann Tiger Woods den Wettbewerb 9-10 boys.,1,"[{'verb': {'upos': 'VERB', 'text': 'gewann', 'id': 7, 'deprel': 'root', 'head': 0}, 'subject': {'upos': 'PROPN', 'text': 'Tiger', 'id': 8, 'deprel': 'nsubj', 'head': 7}, 'object': {'upos': 'NOUN', 'text': 'Wettbewerb', 'id': 11, 'deprel': 'obj', 'head': 7}}]",['VSO']
36,Im Dezember 1738 führten Pierre Bouguer und Charles Marie de La Condamine zwei Messungen in Höhen von 4680 und 4340 m durch.,1,"[{'verb': {'upos': 'VERB', 'text': 'führten', 'id': 5, 'deprel': 'root', 'head': 0}, 'subject': {'upos': 'PROPN', 'text': 'Pierre', 'id': 6, 'deprel': 'nsubj', 'head': 5}, 'object': {'upos': 'NOUN', 'text': 'Messungen', 'id': 15, 'deprel': 'obj', 'head': 5}}]",['VSO']
1998,"Im Jahr 1100 erweiterte Robert von Loritello seine Besitzungen durch Fortore, Bovino und Dragonara.",1,"[{'verb': {'upos': 'VERB', 'text': 'erweiterte', 'id': 5, 'deprel': 'root', 'head': 0}, 'subject': {'upos': 'PROPN', 'text': 'Robert', 'id': 6, 'deprel': 'nsubj', 'head': 5}, 'object': {'upos': 'NOUN', 'text': 'Besitzungen', 'id': 10, 'deprel': 'obj', 'head': 5}}]",['VSO']
76,Im Jahr 1854 verließ Worth das Elternhaus und zog zunächst nach Boston.,1,"[{'verb': {'upos': 'VERB', 'text': 'verließ', 'id': 5, 'deprel': 'root', 'head': 0}, 'subject': {'upos': 'PROPN', 'text': 'Worth', 'id': 6, 'deprel': 'nsubj', 'head': 5}, 'object': {'upos': 'NOUN', 'text': 'Elternhaus', 'id': 8, 'deprel': 'obj', 'head': 5}}]",['VSO']
926,Im Jahr 1918 verursachte die Tuberkulose in Frankreich ein Sechstel der Todesfälle.,1,"[{'verb': {'upos': 'VERB', 'text': 'verursachte', 'id': 5, 'deprel': 'root', 'head': 0}, 'subject': {'upos': 'NOUN', 'text': 'Tuberkulose', 'id': 7, 'deprel': 'nsubj', 'head': 5}, 'object': {'upos': 'NOUN', 'text': 'Sechstel', 'id': 11, 'deprel': 'obj', 'head': 5}}]",['VSO']
1944,Im Jahr 1942 eröffnete Krystal einen eigenen Nachtklub.,1,"[{'verb': {'upos': 'VERB', 'text': 'eröffnete', 'id': 5, 'deprel': 'root', 'head': 0}, 'subject': {'upos': 'PROPN', 'text': 'Krystal', 'id': 6, 'deprel': 'nsubj', 'head': 5}, 'object': {'upos': 'NOUN', 'text': 'Nachtklub', 'id': 9, 'deprel': 'obj', 'head': 5}}]",['VSO']
1243,Im Jahr 1972 hatte die Stadt eine Einwohnerzahl von 1.338.924.,1,"[{'verb': {'upos': 'VERB', 'text': 'hatte', 'id': 5, 'deprel': 'root', 'head': 0}, 'subject': {'upos': 'NOUN', 'text': 'Stadt', 'id': 7, 'deprel': 'nsubj', 'head': 5}, 'object': {'upos': 'NOUN', 'text': 'Einwohnerzahl', 'id': 9, 'deprel': 'obj', 'head': 5}}]",['VSO']
1492,Im Jahr 1993 ersetzte der Manat den russischen Rubel in Turkmenistan.,1,"[{'verb': {'upos': 'VERB', 'text': 'ersetzte', 'id': 5, 'deprel': 'root', 'head': 0}, 'subject': {'upos': 'NOUN', 'text': 'Manat', 'id': 7, 'deprel': 'nsubj', 'head': 5}, 'object': {'upos': 'NOUN', 'text': 'Rubel', 'id': 10, 'deprel': 'obj', 'head': 5}}]",['VSO']
530,Im Jahr 1995 begann Kornienko seine Karriere beim RKK Energija.,1,"[{'verb': {'upos': 'VERB', 'text': 'begann', 'id': 5, 'deprel': 'root', 'head': 0}, 'subject': {'upos': 'PROPN', 'text': 'Kornienko', 'id': 6, 'deprel': 'nsubj', 'head': 5}, 'object': {'upos': 'NOUN', 'text': 'Karriere', 'id': 8, 'deprel': 'obj', 'head': 5}}]",['VSO']
145,Im Jahr 1999 schaffte Iglesias einen erfolgreichen Wechsel ins englische Musikmarkt.,1,"[{'verb': {'upos': 'VERB', 'text': 'schaffte', 'id': 5, 'deprel': 'root', 'head': 0}, 'subject': {'upos': 'PROPN', 'text': 'Iglesias', 'id': 6, 'deprel': 'nsubj', 'head': 5}, 'object': {'upos': 'NOUN', 'text': 'Wechsel', 'id': 9, 'deprel': 'obj', 'head': 5}}]",['VSO']
1204,Im Jahr 2004 brach Muttiah Muralitharan den Rekord von Courtney Walsh mit 519 Test-Wickets.,1,"[{'verb': {'upos': 'VERB', 'text': 'brach', 'id': 5, 'deprel': 'root', 'head': 0}, 'subject': {'upos': 'PROPN', 'text': 'Muttiah', 'id': 6, 'deprel': 'nsubj', 'head': 5}, 'object': {'upos': 'NOUN', 'text': 'Rekord', 'id': 9, 'deprel': 'obj', 'head': 5}}]",['VSO']
982,Im Jahre 1647 tötete ein Ausbruch der Pest ein Viertel der Bevölkerung.,1,"[{'verb': {'upos': 'VERB', 'text': 'tötete', 'id': 5, 'deprel': 'root', 'head': 0}, 'subject': {'upos': 'NOUN', 'text': 'Ausbruch', 'id': 7, 'deprel': 'nsubj', 'head': 5}, 'object': {'upos': 'NOUN', 'text': 'Viertel', 'id': 11, 'deprel': 'obj', 'head': 5}}]",['VSO']
23,Im Juni 1939 unternahm das verbesserte Flugzeug den Erstflug.,1,"[{'verb': {'upos': 'VERB', 'text': 'unternahm', 'id': 5, 'deprel': 'root', 'head': 0}, 'subject': {'upos': 'NOUN', 'text': 'Flugzeug', 'id': 8, 'deprel': 'nsubj', 'head': 5}, 'object': {'upos': 'NOUN', 'text': 'Erstflug', 'id': 10, 'deprel': 'obj', 'head': 5}}]",['VSO']
877,Im Kontext des OSPF-Protokolls gewinnt der Router mit der höchsten Router-Priorität die Priorität.,1,"[{'verb': {'upos': 'VERB', 'text': 'gewinnt', 'id': 8, 'deprel': 'root', 'head': 0}, 'subject': {'upos': 'NOUN', 'text': 'Router', 'id': 10, 'deprel': 'nsubj', 'head': 8}, 'object': {'upos': 'NOUN', 'text': 'Priorität', 'id': 18, 'deprel': 'obj', 'head': 8}}]",['VSO']
658,Im Mai 1995 bekam die Fluglinie ihren neuen Namen ČSA Czech Airlines.,1,"[{'verb': {'upos': 'VERB', 'text': 'bekam', 'id': 5, 'deprel': 'root', 'head': 0}, 'subject': {'upos': 'NOUN', 'text': 'Fluglinie', 'id': 7, 'deprel': 'nsubj', 'head': 5}, 'object': {'upos': 'NOUN', 'text': 'Namen', 'id': 10, 'deprel': 'obj', 'head': 5}}]",['VSO']
367,"Im nationalen Wappen ist eine Scheibe enthalten, in der sich zwei Drachen um das Rad eines doppelten Vajra drehen.",1,"[{'object': {'upos': 'PRON', 'text': 'sich', 'id': 12, 'deprel': 'obj', 'head': 21}, 'subject': {'upos': 'NOUN', 'text': 'Drachen', 'id': 14, 'deprel': 'nsubj', 'head': 21}, 'verb': {'upos': 'VERB', 'text': 'drehen', 'id': 21, 'deprel': 'acl', 'head': 7}}]",['OSV']
1075,Im September 1983 gründete Stallman das GNU-Projekt.,1,"[{'verb': {'upos': 'VERB', 'text': 'gründete', 'id': 5, 'deprel': 'root', 'head': 0}, 'subject': {'upos': 'PROPN', 'text': 'Stallman', 'id': 6, 'deprel': 'nsubj', 'head': 5}, 'object': {'upos': 'PROPN', 'text': 'GNU', 'id': 8, 'deprel': 'obj', 'head': 5}}]",['VSO']
1827,Im Verwaltungsrat des KfW wechseln die Bundesminister jährlich die Vorsitzposition.,1,"[{'verb': {'upos': 'VERB', 'text': 'wechseln', 'id': 6, 'deprel': 'root', 'head': 0}, 'subject': {'upos': 'NOUN', 'text': 'Bundesminister', 'id': 8, 'deprel': 'nsubj', 'head': 6}, 'object': {'upos': 'NOUN', 'text': 'Vorsitzposition', 'id': 11, 'deprel': 'obj', 'head': 6}}]",['VSO']
459,Im viktorianischen Ballsaal erhielten Ritter ihren Titel.,1,"[{'verb': {'upos': 'VERB', 'text': 'erhielten', 'id': 5, 'deprel': 'root', 'head': 0}, 'subject': {'upos': 'PROPN', 'text': 'Ritter', 'id': 6, 'deprel': 'nsubj', 'head': 5}, 'object': {'upos': 'NOUN', 'text': 'Titel', 'id': 8, 'deprel': 'obj', 'head': 5}}]",['VSO']
907,In der Datenbank finden sich Benennungen geographischer Objekte.,1,"[{'verb': {'upos': 'VERB', 'text': 'finden', 'id': 4, 'deprel': 'root', 'head': 0}, 'object': {'upos': 'PRON', 'text': 'sich', 'id': 5, 'deprel': 'obj', 'head': 4}, 'subject': {'upos': 'NOUN', 'text': 'Benennungen', 'id': 6, 'deprel': 'nsubj', 'head': 4}}]",['VOS']
258,In der Schlacht um Monte Cassino haben die Goumiers grausame Verbrechen begangen.,1,"[{'subject': {'upos': 'PROPN', 'text': 'Goumiers', 'id': 9, 'deprel': 'nsubj', 'head': 12}, 'object': {'upos': 'NOUN', 'text': 'Verbrechen', 'id': 11, 'deprel': 'obj', 'head': 12}, 'verb': {'upos': 'VERB', 'text': 'begangen', 'id': 12, 'deprel': 'root', 'head': 0}}]",['SOV']
1187,In einem Freundschaftsspiel gegen England erzielte er sein erstes Tor für Spanien.,1,"[{'verb': {'upos': 'VERB', 'text': 'erzielte', 'id': 6, 'deprel': 'root', 'head': 0}, 'subject': {'upos': 'PRON', 'text': 'er', 'id': 7, 'deprel': 'nsubj', 'head': 6}, 'object': {'upos': 'NOUN', 'text': 'Tor', 'id': 10, 'deprel': 'obj', 'head': 6}}]",['VSO']
269,"In Japan könnten Soldaten Eliten sein, da im Text angegeben wurde, dass während Militär und Geistlichkeit im chinesischen Modell ganz unten standen, in Japan einige von ihnen die herrschende Elite bildeten.",1,"[{'subject': {'upos': 'DET', 'text': 'einige', 'id': 30, 'deprel': 'nsubj', 'head': 36}, 'object': {'upos': 'NOUN', 'text': 'Elite', 'id': 35, 'deprel': 'obj', 'head': 36}, 'verb': {'upos': 'VERB', 'text': 'bildeten', 'id': 36, 'deprel': 'conj', 'head': 26}}]",['SOV']
1343,Innerhalb weniger Monate nach dem Inkrafttreten des Gesetzes ließen sich eine Viertelmillion schwarze Wähler neu registrieren.,1,"[{'verb': {'upos': 'VERB', 'text': 'ließen', 'id': 9, 'deprel': 'root', 'head': 0}, 'object': {'upos': 'PRON', 'text': 'sich', 'id': 10, 'deprel': 'obj', 'head': 9}, 'subject': {'upos': 'NOUN', 'text': 'Wähler', 'id': 14, 'deprel': 'nsubj', 'head': 9}}]",['VOS']
952,Insbesondere erwachsene Männer haben einen höheren Risikofaktor.,1,"[{'subject': {'upos': 'NOUN', 'text': 'Männer', 'id': 3, 'deprel': 'nsubj', 'head': 4}, 'verb': {'upos': 'VERB', 'text': 'haben', 'id': 4, 'deprel': 'root', 'head': 0}, 'object': {'upos': 'NOUN', 'text': 'Risikofaktor', 'id': 7, 'deprel': 'obj', 'head': 4}}]",['SVO']
1691,"Italien hatte große Verluste von rund 250.000 Mann, als alle vier Offensiven versagten.",1,"[{'subject': {'upos': 'PROPN', 'text': 'Italien', 'id': 1, 'deprel': 'nsubj', 'head': 2}, 'verb': {'upos': 'VERB', 'text': 'hatte', 'id': 2, 'deprel': 'root', 'head': 0}, 'object': {'upos': 'NOUN', 'text': 'Verluste', 'id': 4, 'deprel': 'obj', 'head': 2}}]",['SVO']
1218,"Ja, elektrochemische Zellen können Emf zur Verfügung stellen.",1,"[{'subject': {'upos': 'NOUN', 'text': 'Zellen', 'id': 4, 'deprel': 'nsubj', 'head': 10}, 'object': {'upos': 'PROPN', 'text': 'Emf', 'id': 6, 'deprel': 'obj', 'head': 10}, 'verb': {'upos': 'VERB', 'text': 'stellen', 'id': 10, 'deprel': 'root', 'head': 0}}]",['SOV']
611,Jackie erhielt Shrikanth Mathur eine Warnung.,1,"[{'subject': {'upos': 'PROPN', 'text': 'Jackie', 'id': 1, 'deprel': 'nsubj', 'head': 2}, 'verb': {'upos': 'VERB', 'text': 'erhielt', 'id': 2, 'deprel': 'root', 'head': 0}, 'object': {'upos': 'PROPN', 'text': 'Shrikanth', 'id': 3, 'deprel': 'obj', 'head': 2}}]",['SVO']
981,"Jahrhundert passierte, da Robert Bruce dies tat, aber das genaue Jahr ist nicht angegeben.",1,"[{'subject': {'upos': 'PROPN', 'text': 'Robert', 'id': 5, 'deprel': 'nsubj', 'head': 8}, 'object': {'upos': 'DET', 'text': 'dies', 'id': 7, 'deprel': 'obj', 'head': 8}, 'verb': {'upos': 'VERB', 'text': 'tat', 'id': 8, 'deprel': 'advcl', 'head': 2}}]",['SOV']
1858,Januzaj begann seine Fußballkarriere beim FC Brüssel.,1,"[{'subject': {'upos': 'PROPN', 'text': 'Januzaj', 'id': 1, 'deprel': 'nsubj', 'head': 2}, 'verb': {'upos': 'VERB', 'text': 'begann', 'id': 2, 'deprel': 'root', 'head': 0}, 'object': {'upos': 'NOUN', 'text': 'Fußballkarriere', 'id': 4, 'deprel': 'obj', 'head': 2}}]",['SVO']
1800,Jean-Philippe Lauer begann neue Ausgrabungen 1948.,1,"[{'subject': {'upos': 'PROPN', 'text': 'Jean', 'id': 1, 'deprel': 'nsubj', 'head': 5}, 'verb': {'upos': 'VERB', 'text': 'begann', 'id': 5, 'deprel': 'root', 'head': 0}, 'object': {'upos': 'NOUN', 'text': 'Ausgrabungen', 'id': 7, 'deprel': 'obj', 'head': 5}}]",['SVO']
1338,Jimmie Lee Jackson's Todesfall löste den MLK-Marsch aus.,1,"[{'subject': {'upos': 'NOUN', 'text': 'Todesfall', 'id': 5, 'deprel': 'nsubj', 'head': 6}, 'verb': {'upos': 'VERB', 'text': 'löste', 'id': 6, 'deprel': 'root', 'head': 0}, 'object': {'upos': 'PROPN', 'text': 'MLK', 'id': 8, 'deprel': 'obj', 'head': 6}}]",['SVO']
1681,John Cornyn schlug Kirk im Wahlkampf um den Senatsposten.,1,"[{'subject': {'upos': 'PROPN', 'text': 'John', 'id': 1, 'deprel': 'nsubj', 'head': 3}, 'verb': {'upos': 'VERB', 'text': 'schlug', 'id': 3, 'deprel': 'root', 'head': 0}, 'object': {'upos': 'PROPN', 'text': 'Kirk', 'id': 4, 'deprel': 'obj', 'head': 3}}]",['SVO']
688,Jon besuchte ab und zu seinen Vater auf der Familienfarm.,1,"[{'subject': {'upos': 'PROPN', 'text': 'Jon', 'id': 1, 'deprel': 'nsubj', 'head': 2}, 'verb': {'upos': 'VERB', 'text': 'besuchte', 'id': 2, 'deprel': 'root', 'head': 0}, 'object': {'upos': 'NOUN', 'text': 'Vater', 'id': 7, 'deprel': 'obj', 'head': 2}}]",['SVO']
1821,Jöns Jakob Berzelius gab Proteinen ihren Namen.,1,"[{'subject': {'upos': 'PROPN', 'text': 'Jöns', 'id': 1, 'deprel': 'nsubj', 'head': 4}, 'verb': {'upos': 'VERB', 'text': 'gab', 'id': 4, 'deprel': 'root', 'head': 0}, 'object': {'upos': 'NOUN', 'text': 'Proteinen', 'id': 5, 'deprel': 'obj', 'head': 4}}]",['SVO']
1477,Juan Cabre wurde die korrekte Datierung des ersten Erscheinens der Kunst zugeschrieben.,1,"[{'subject': {'upos': 'PROPN', 'text': 'Juan', 'id': 1, 'deprel': 'nsubj:pass', 'head': 12}, 'object': {'upos': 'NOUN', 'text': 'Datierung', 'id': 6, 'deprel': 'obj', 'head': 12}, 'verb': {'upos': 'VERB', 'text': 'zugeschrieben', 'id': 12, 'deprel': 'root', 'head': 0}}]",['SOV']
1852,Kaizen bezeichnet eine japanische Lebens- und Arbeitsphilosophie sowie ein methodisches Konzept zur kontinuierlichen und unendlichen Verbesserung von Produkten oder Prozessen.,1,"[{'subject': {'upos': 'PROPN', 'text': 'Kaizen', 'id': 1, 'deprel': 'nsubj', 'head': 2}, 'verb': {'upos': 'VERB', 'text': 'bezeichnet', 'id': 2, 'deprel': 'root', 'head': 0}, 'object': {'upos': 'NOUN', 'text': 'Lebens', 'id': 5, 'deprel': 'obj', 'head': 2}}]",['SVO']
597,Kane hat according to the given information won one World Tag Team Championship.,1,"[{'subject': {'upos': 'PROPN', 'text': 'Kane', 'id': 1, 'deprel': 'nsubj', 'head': 2}, 'verb': {'upos': 'VERB', 'text': 'hat', 'id': 2, 'deprel': 'root', 'head': 0}, 'object': {'upos': 'X', 'text': 'according', 'id': 3, 'deprel': 'obj', 'head': 2}}]",['SVO']
439,Kang aktivierte Cerberus.,1,"[{'subject': {'upos': 'PROPN', 'text': 'Kang', 'id': 1, 'deprel': 'nsubj', 'head': 2}, 'verb': {'upos': 'VERB', 'text': 'aktivierte', 'id': 2, 'deprel': 'root', 'head': 0}, 'object': {'upos': 'PROPN', 'text': 'Cerberus', 'id': 3, 'deprel': 'obj', 'head': 2}}]",['SVO']
438,Kang will die Nuklearwaffen der Vereinigten Staaten in deren Raketensilos in die Luft sprengen.,1,"[{'subject': {'upos': 'PROPN', 'text': 'Kang', 'id': 1, 'deprel': 'nsubj', 'head': 14}, 'object': {'upos': 'NOUN', 'text': 'Nuklearwaffen', 'id': 4, 'deprel': 'obj', 'head': 14}, 'verb': {'upos': 'VERB', 'text': 'sprengen', 'id': 14, 'deprel': 'root', 'head': 0}}]",['SOV']
1763,"Kap Fligely wird oft zu Asien gezählt, obwohl es sich technisch gesehen als nördlicher Landpunkt von Franz-Josef-Land zu Europa gehört.",1,"[{'subject': {'upos': 'PRON', 'text': 'es', 'id': 10, 'deprel': 'nsubj', 'head': 25}, 'object': {'upos': 'PRON', 'text': 'sich', 'id': 11, 'deprel': 'obj', 'head': 25}, 'verb': {'upos': 'VERB', 'text': 'gehört', 'id': 25, 'deprel': 'advcl', 'head': 7}}]",['SOV']
1638,Kasachstan hält den Rekord als neuntgrößter Staat der Erde gemessen an der Fläche.,1,"[{'subject': {'upos': 'PROPN', 'text': 'Kasachstan', 'id': 1, 'deprel': 'nsubj', 'head': 2}, 'verb': {'upos': 'VERB', 'text': 'hält', 'id': 2, 'deprel': 'root', 'head': 0}, 'object': {'upos': 'NOUN', 'text': 'Rekord', 'id': 4, 'deprel': 'obj', 'head': 2}}]",['SVO']
870,"Khan gestand 1994, dass er während Test Matches gelegentlich den Ball manipuliert hat.",1,"[{'subject': {'upos': 'PRON', 'text': 'er', 'id': 6, 'deprel': 'nsubj', 'head': 13}, 'object': {'upos': 'NOUN', 'text': 'Ball', 'id': 12, 'deprel': 'obj', 'head': 13}, 'verb': {'upos': 'VERB', 'text': 'manipuliert', 'id': 13, 'deprel': 'advcl', 'head': 2}}]",['SOV']
865,Khan spielte 88 Test Matches während seiner gesamten Karriere.,1,"[{'subject': {'upos': 'PROPN', 'text': 'Khan', 'id': 1, 'deprel': 'nsubj', 'head': 2}, 'verb': {'upos': 'VERB', 'text': 'spielte', 'id': 2, 'deprel': 'root', 'head': 0}, 'object': {'upos': 'NOUN', 'text': 'Matches', 'id': 5, 'deprel': 'obj', 'head': 2}}]",['SVO']
1680,Kirk erlangte 1976 den Grad Bachelor am Austin College und 1979 den Titel Juris Doctor der University of Texas.,1,"[{'subject': {'upos': 'PROPN', 'text': 'Kirk', 'id': 1, 'deprel': 'nsubj', 'head': 2}, 'verb': {'upos': 'VERB', 'text': 'erlangte', 'id': 2, 'deprel': 'root', 'head': 0}, 'object': {'upos': 'NOUN', 'text': 'Grad', 'id': 5, 'deprel': 'obj', 'head': 2}}]",['SVO']
1694,"Kitts and Nevis umfasst elf gewählte und drei vom Generalgouverneur ernannte Mitglieder, wobei acht gewählte Sitze für St.",1,"[{'subject': {'upos': 'PROPN', 'text': 'Kitts', 'id': 1, 'deprel': 'nsubj', 'head': 4}, 'verb': {'upos': 'VERB', 'text': 'umfasst', 'id': 4, 'deprel': 'root', 'head': 0}, 'object': {'upos': 'NOUN', 'text': 'Mitglieder', 'id': 13, 'deprel': 'obj', 'head': 4}}]",['SVO']
77,Kitty Flynn heiratete Charles H. Bullard.,1,"[{'subject': {'upos': 'PROPN', 'text': 'Kitty', 'id': 1, 'deprel': 'nsubj', 'head': 3}, 'verb': {'upos': 'VERB', 'text': 'heiratete', 'id': 3, 'deprel': 'root', 'head': 0}, 'object': {'upos': 'PROPN', 'text': 'Charles', 'id': 4, 'deprel': 'obj', 'head': 3}}]",['SVO']
1182,Kleinert studierte Physik an der Technischen Hochschule Hannover.,1,"[{'subject': {'upos': 'PROPN', 'text': 'Kleinert', 'id': 1, 'deprel': 'nsubj', 'head': 2}, 'verb': {'upos': 'VERB', 'text': 'studierte', 'id': 2, 'deprel': 'root', 'head': 0}, 'object': {'upos': 'NOUN', 'text': 'Physik', 'id': 3, 'deprel': 'obj', 'head': 2}}]",['SVO']
1780,Knight machte seinen Abschluss an der University of Oregon mit dem Bachelor of Business Administration.,1,"[{'subject': {'upos': 'PROPN', 'text': 'Knight', 'id': 1, 'deprel': 'nsubj', 'head': 2}, 'verb': {'upos': 'VERB', 'text': 'machte', 'id': 2, 'deprel': 'root', 'head': 0}, 'object': {'upos': 'NOUN', 'text': 'Abschluss', 'id': 4, 'deprel': 'obj', 'head': 2}}]",['SVO']
50,"Kohlenstoffaussonderung kann den Effekt der Verbrennung fossiler Brennstoffe reduzieren, bis erneuerbare Energien kostengünstiger zur Verfügung stehen.",1,"[{'subject': {'upos': 'NOUN', 'text': 'Kohlenstoffaussonderung', 'id': 1, 'deprel': 'nsubj', 'head': 9}, 'object': {'upos': 'NOUN', 'text': 'Effekt', 'id': 4, 'deprel': 'obj', 'head': 9}, 'verb': {'upos': 'VERB', 'text': 'reduzieren', 'id': 9, 'deprel': 'root', 'head': 0}}]",['SOV']
430,"Krishna versprach seiner Großmutter, niemandem von seinen Kräften zu erzählen, damit sie ihn gehen ließ.",1,"[{'subject': {'upos': 'PRON', 'text': 'sie', 'id': 14, 'deprel': 'nsubj', 'head': 17}, 'object': {'upos': 'PRON', 'text': 'ihn', 'id': 15, 'deprel': 'obj', 'head': 17}, 'verb': {'upos': 'VERB', 'text': 'ließ', 'id': 17, 'deprel': 'advcl', 'head': 11}}]",['SOV']
20,Kurtiss baute knapp 1100 Curtiss P-36 Hawk Flugzeuge.,1,"[{'subject': {'upos': 'PROPN', 'text': 'Kurtiss', 'id': 1, 'deprel': 'nsubj', 'head': 2}, 'verb': {'upos': 'VERB', 'text': 'baute', 'id': 2, 'deprel': 'root', 'head': 0}, 'object': {'upos': 'PROPN', 'text': 'Curtiss', 'id': 5, 'deprel': 'obj', 'head': 2}}]",['SVO']
1106,Länder sollten die WHO-Liste berücksichtigen und auf ihre regionalen Bedürfnisse abstimmen.,1,"[{'subject': {'upos': 'NOUN', 'text': 'Länder', 'id': 1, 'deprel': 'nsubj', 'head': 7}, 'object': {'upos': 'PROPN', 'text': 'WHO', 'id': 4, 'deprel': 'obj', 'head': 7}, 'verb': {'upos': 'VERB', 'text': 'berücksichtigen', 'id': 7, 'deprel': 'root', 'head': 0}}]",['SOV']
1361,"Lanes Mutter, Colleen Farrington, hatte die Karrieren einer Nachtclubtänzerin und einer Schauspielerin.",1,"[{'subject': {'upos': 'NOUN', 'text': 'Mutter', 'id': 2, 'deprel': 'nsubj', 'head': 7}, 'verb': {'upos': 'VERB', 'text': 'hatte', 'id': 7, 'deprel': 'root', 'head': 0}, 'object': {'upos': 'NOUN', 'text': 'Karrieren', 'id': 9, 'deprel': 'obj', 'head': 7}}]",['SVO']
1481,Laveran erhielt 1907 den Nobelpreis für Physiologie oder Medizin.,1,"[{'subject': {'upos': 'PROPN', 'text': 'Laveran', 'id': 1, 'deprel': 'nsubj', 'head': 2}, 'verb': {'upos': 'VERB', 'text': 'erhielt', 'id': 2, 'deprel': 'root', 'head': 0}, 'object': {'upos': 'NOUN', 'text': 'Nobelpreis', 'id': 5, 'deprel': 'obj', 'head': 2}}]",['SVO']
1716,Leonid Breschnew führte die Sowjetunion letztlich an.,1,"[{'subject': {'upos': 'PROPN', 'text': 'Leonid', 'id': 1, 'deprel': 'nsubj', 'head': 3}, 'verb': {'upos': 'VERB', 'text': 'führte', 'id': 3, 'deprel': 'root', 'head': 0}, 'object': {'upos': 'PROPN', 'text': 'Sowjetunion', 'id': 5, 'deprel': 'obj', 'head': 3}}]",['SVO']
631,Lincolns Soldaten schlugen die Vampirarmee mit den neuen Silberwaffen.,1,"[{'subject': {'upos': 'NOUN', 'text': 'Soldaten', 'id': 2, 'deprel': 'nsubj', 'head': 3}, 'verb': {'upos': 'VERB', 'text': 'schlugen', 'id': 3, 'deprel': 'root', 'head': 0}, 'object': {'upos': 'NOUN', 'text': 'Vampirarmee', 'id': 5, 'deprel': 'obj', 'head': 3}}]",['SVO']
614,Louis Leterrier führte bei dem Film Regie.,1,"[{'subject': {'upos': 'PROPN', 'text': 'Louis', 'id': 1, 'deprel': 'nsubj', 'head': 3}, 'verb': {'upos': 'VERB', 'text': 'führte', 'id': 3, 'deprel': 'root', 'head': 0}, 'object': {'upos': 'NOUN', 'text': 'Regie', 'id': 7, 'deprel': 'obj', 'head': 3}}]",['SVO']
1592,MacMillan hielt die Rede im Februar 1960 in Kapstadt.,1,"[{'subject': {'upos': 'PROPN', 'text': 'MacMillan', 'id': 1, 'deprel': 'nsubj', 'head': 2}, 'verb': {'upos': 'VERB', 'text': 'hielt', 'id': 2, 'deprel': 'root', 'head': 0}, 'object': {'upos': 'NOUN', 'text': 'Rede', 'id': 4, 'deprel': 'obj', 'head': 2}}]",['SVO']
410,Madonna spielte sowohl die Rolle der katholischen Frau als auch die der Latina in Madonnas Musikvideo.,1,"[{'subject': {'upos': 'PROPN', 'text': 'Madonna', 'id': 1, 'deprel': 'nsubj', 'head': 2}, 'verb': {'upos': 'VERB', 'text': 'spielte', 'id': 2, 'deprel': 'root', 'head': 0}, 'object': {'upos': 'NOUN', 'text': 'Rolle', 'id': 5, 'deprel': 'obj', 'head': 2}}]",['SVO']
287,Magnentius beging Selbstmord nach seiner Niederlage in der Schlacht am Mons Seleucus.,1,"[{'subject': {'upos': 'PROPN', 'text': 'Magnentius', 'id': 1, 'deprel': 'nsubj', 'head': 2}, 'verb': {'upos': 'VERB', 'text': 'beging', 'id': 2, 'deprel': 'root', 'head': 0}, 'object': {'upos': 'NOUN', 'text': 'Selbstmord', 'id': 3, 'deprel': 'obj', 'head': 2}}]",['SVO']
357,Major General (Generalmajor) Gordon Bennett hatte das Kommando in der 8.,1,"[{'subject': {'upos': 'PROPN', 'text': 'Major', 'id': 1, 'deprel': 'nsubj', 'head': 8}, 'verb': {'upos': 'VERB', 'text': 'hatte', 'id': 8, 'deprel': 'root', 'head': 0}, 'object': {'upos': 'NOUN', 'text': 'Kommando', 'id': 10, 'deprel': 'obj', 'head': 8}}]",['SVO']
1413,"Malaria ist abgeleitet von italienisch ""mal'aria"", was ""schlechte Luft"" bedeutet.",1,"[{'subject': {'upos': 'PRON', 'text': 'was', 'id': 10, 'deprel': 'nsubj', 'head': 15}, 'object': {'upos': 'NOUN', 'text': 'Luft', 'id': 13, 'deprel': 'obj', 'head': 15}, 'verb': {'upos': 'VERB', 'text': 'bedeutet', 'id': 15, 'deprel': 'acl', 'head': 7}}]",['SOV']
1073,Mallika Sherawat erlangte ihren Abschluss in Philosophie an der University of Delhi.,1,"[{'subject': {'upos': 'PROPN', 'text': 'Mallika', 'id': 1, 'deprel': 'nsubj', 'head': 3}, 'verb': {'upos': 'VERB', 'text': 'erlangte', 'id': 3, 'deprel': 'root', 'head': 0}, 'object': {'upos': 'NOUN', 'text': 'Abschluss', 'id': 5, 'deprel': 'obj', 'head': 3}}]",['SVO']
1900,"Man geht davon aus, dass die Puerto-Rico-Amazone etwa 60 verschiedene Nahrungsbestandteile konsumiert.",1,"[{'subject': {'upos': 'PROPN', 'text': 'Puerto', 'id': 8, 'deprel': 'nsubj', 'head': 17}, 'object': {'upos': 'NOUN', 'text': 'Nahrungsbestandteile', 'id': 16, 'deprel': 'obj', 'head': 17}, 'verb': {'upos': 'VERB', 'text': 'konsumiert', 'id': 17, 'deprel': 'acl', 'head': 3}}]",['SOV']
664,Männer erzielten ein höheres Durchschnittseinkommen mit 29.748 $ im Vergleich zu 25.734 $ für Frauen.,1,"[{'subject': {'upos': 'NOUN', 'text': 'Männer', 'id': 1, 'deprel': 'nsubj', 'head': 2}, 'verb': {'upos': 'VERB', 'text': 'erzielten', 'id': 2, 'deprel': 'root', 'head': 0}, 'object': {'upos': 'NOUN', 'text': 'Durchschnittseinkommen', 'id': 5, 'deprel': 'obj', 'head': 2}}]",['SVO']
952,"Männer und Frauen, die in ihrer Lebenszeit bestimmte Kriterien für Alkoholismus erfüllen, sind in der Risikogruppe.",1,"[{'subject': {'upos': 'PRON', 'text': 'die', 'id': 5, 'deprel': 'nsubj', 'head': 13}, 'object': {'upos': 'NOUN', 'text': 'Kriterien', 'id': 10, 'deprel': 'obj', 'head': 13}, 'verb': {'upos': 'VERB', 'text': 'erfüllen', 'id': 13, 'deprel': 'acl', 'head': 1}}]",['SOV']
1255,Megadeth hat weltweit mehr als 25 Millionen Alben verkauft.,1,"[{'subject': {'upos': 'PROPN', 'text': 'Megadeth', 'id': 1, 'deprel': 'nsubj', 'head': 9}, 'object': {'upos': 'NOUN', 'text': 'Alben', 'id': 8, 'deprel': 'obj', 'head': 9}, 'verb': {'upos': 'VERB', 'text': 'verkauft', 'id': 9, 'deprel': 'root', 'head': 0}}]",['SOV']
1118,Mexiko hat 31 Bundesstaaten.,1,"[{'subject': {'upos': 'PROPN', 'text': 'Mexiko', 'id': 1, 'deprel': 'nsubj', 'head': 2}, 'verb': {'upos': 'VERB', 'text': 'hat', 'id': 2, 'deprel': 'root', 'head': 0}, 'object': {'upos': 'NOUN', 'text': 'Bundesstaaten', 'id': 4, 'deprel': 'obj', 'head': 2}}]",['SVO']
8,Mioli hat einen hohen Bevölkerungsanteil der Hakka-Volksgruppe.,1,"[{'subject': {'upos': 'PROPN', 'text': 'Mioli', 'id': 1, 'deprel': 'nsubj', 'head': 2}, 'verb': {'upos': 'VERB', 'text': 'hat', 'id': 2, 'deprel': 'root', 'head': 0}, 'object': {'upos': 'NOUN', 'text': 'Bevölkerungsanteil', 'id': 5, 'deprel': 'obj', 'head': 2}}]",['SVO']
1342,Mississippi hatte 1965 die höchste Wahlbeteiligung unter der schwarzen Bevölkerung mit 74 %.,1,"[{'subject': {'upos': 'PROPN', 'text': 'Mississippi', 'id': 1, 'deprel': 'nsubj', 'head': 2}, 'verb': {'upos': 'VERB', 'text': 'hatte', 'id': 2, 'deprel': 'root', 'head': 0}, 'object': {'upos': 'NOUN', 'text': 'Wahlbeteiligung', 'id': 6, 'deprel': 'obj', 'head': 2}}]",['SVO']
504,Mit dem Projekt „Kulturelle Persönlichkeiten“ begann Bayramov seine Arbeit.,1,"[{'verb': {'upos': 'VERB', 'text': 'begann', 'id': 8, 'deprel': 'root', 'head': 0}, 'subject': {'upos': 'PROPN', 'text': 'Bayramov', 'id': 9, 'deprel': 'nsubj', 'head': 8}, 'object': {'upos': 'NOUN', 'text': 'Arbeit', 'id': 11, 'deprel': 'obj', 'head': 8}}]",['VSO']
1845,Mit Elizabeth Blackburn teilte Albert Lasker den Award for Basic Medical Research.,1,"[{'verb': {'upos': 'VERB', 'text': 'teilte', 'id': 4, 'deprel': 'root', 'head': 0}, 'subject': {'upos': 'PROPN', 'text': 'Albert', 'id': 5, 'deprel': 'nsubj', 'head': 4}, 'object': {'upos': 'PROPN', 'text': 'Award', 'id': 8, 'deprel': 'obj', 'head': 4}}]",['VSO']
757,"Mitchell-Hedges, entdeckte den berühmten Kristallschädel angeblich 1924 in Lubaantun, Belize.",1,"[{'subject': {'upos': 'PROPN', 'text': 'Mitchell', 'id': 1, 'deprel': 'nsubj', 'head': 5}, 'verb': {'upos': 'VERB', 'text': 'entdeckte', 'id': 5, 'deprel': 'root', 'head': 0}, 'object': {'upos': 'NOUN', 'text': 'Kristallschädel', 'id': 8, 'deprel': 'obj', 'head': 5}}]",['SVO']
1084,Morse besuchte Vorlesungen über Elektrizität an Yale.,1,"[{'subject': {'upos': 'PROPN', 'text': 'Morse', 'id': 1, 'deprel': 'nsubj', 'head': 2}, 'verb': {'upos': 'VERB', 'text': 'besuchte', 'id': 2, 'deprel': 'root', 'head': 0}, 'object': {'upos': 'NOUN', 'text': 'Vorlesungen', 'id': 3, 'deprel': 'obj', 'head': 2}}]",['SVO']
1196,"Muslime haben in ganz Indien wichtige Beiträge zur Kultur und Gesellschaft geleistet, aber gleichzeitig gibt es auch historische Konflikte zwischen Muslimen und Hindus.",1,"[{'subject': {'upos': 'NOUN', 'text': 'Muslime', 'id': 1, 'deprel': 'nsubj', 'head': 13}, 'object': {'upos': 'NOUN', 'text': 'Beiträge', 'id': 7, 'deprel': 'obj', 'head': 13}, 'verb': {'upos': 'VERB', 'text': 'geleistet', 'id': 13, 'deprel': 'root', 'head': 0}}]",['SOV']
266,"Myanmar teilt die längste Grenze mit Deutschland, da die Länge der Grenze 1.800 km beträgt.",1,"[{'subject': {'upos': 'PROPN', 'text': 'Myanmar', 'id': 1, 'deprel': 'nsubj', 'head': 2}, 'verb': {'upos': 'VERB', 'text': 'teilt', 'id': 2, 'deprel': 'root', 'head': 0}, 'object': {'upos': 'NOUN', 'text': 'Grenze', 'id': 5, 'deprel': 'obj', 'head': 2}}]",['SVO']
231,Nach Abschluss der Ausbildung verließ die USS Jarvis den Stützpunkt am 21.,1,"[{'verb': {'upos': 'VERB', 'text': 'verließ', 'id': 5, 'deprel': 'root', 'head': 0}, 'subject': {'upos': 'PROPN', 'text': 'USS', 'id': 7, 'deprel': 'nsubj', 'head': 5}, 'object': {'upos': 'NOUN', 'text': 'Stützpunkt', 'id': 10, 'deprel': 'obj', 'head': 5}}]",['VSO']
1266,Nach dem Hochschulabschluss leitete Ebner Sprachkurse und arbeitete in IT-Ausbildungsprojekten.,1,"[{'verb': {'upos': 'VERB', 'text': 'leitete', 'id': 4, 'deprel': 'root', 'head': 0}, 'subject': {'upos': 'PROPN', 'text': 'Ebner', 'id': 5, 'deprel': 'nsubj', 'head': 4}, 'object': {'upos': 'NOUN', 'text': 'Sprachkurse', 'id': 6, 'deprel': 'obj', 'head': 4}}]",['VSO']
1915,"Nach dem Sturz Napoleons herrschte in Spanien wieder der Absolutismus, der die Cádiz-Verfassung außer Kraft setzte und Puerto Rico in den früheren Status einer Kolonie versetzte, die der uneingeschränkten Macht des spanischen Monarchen unterworfen war.",1,"[{'subject': {'upos': 'PRON', 'text': 'der', 'id': 12, 'deprel': 'nsubj', 'head': 19}, 'object': {'upos': 'PROPN', 'text': 'Cádiz', 'id': 14, 'deprel': 'obj', 'head': 19}, 'verb': {'upos': 'VERB', 'text': 'setzte', 'id': 19, 'deprel': 'acl', 'head': 10}}]",['SOV']
1585,"Nach dem Überlassen des Osmanischen Reiches 1919 bekamen die britischen Dominions Mandatsgebiete zugewiesen, und Großbritannien erhielt die Kontrolle über Palästina und Jordanien, den Irak, Teile Kameruns, Togo und Tanganjika.",1,"[{'subject': {'upos': 'PROPN', 'text': 'Großbritannien', 'id': 16, 'deprel': 'nsubj', 'head': 17}, 'verb': {'upos': 'VERB', 'text': 'erhielt', 'id': 17, 'deprel': 'conj', 'head': 8}, 'object': {'upos': 'NOUN', 'text': 'Kontrolle', 'id': 19, 'deprel': 'obj', 'head': 17}}]",['SVO']
1622,Nach dem Zweiten Weltkrieg konnten die Unabhängigkeitsbewegungen und die Dekolonisation eine Vollendung der politischen Verbindungen in Afrika unmöglich machen.,1,"[{'subject': {'upos': 'NOUN', 'text': 'Unabhängigkeitsbewegungen', 'id': 7, 'deprel': 'nsubj', 'head': 19}, 'object': {'upos': 'NOUN', 'text': 'Vollendung', 'id': 12, 'deprel': 'obj', 'head': 19}, 'verb': {'upos': 'VERB', 'text': 'machen', 'id': 19, 'deprel': 'root', 'head': 0}}]",['SOV']
1588,Nach der Kapitulation der Japaner im Zweiten Weltkrieg richteten die anti-japanischen Widerstandsbewegungen ihre Aufmerksamkeit auf die Briten.,1,"[{'verb': {'upos': 'VERB', 'text': 'richteten', 'id': 10, 'deprel': 'root', 'head': 0}, 'subject': {'upos': 'NOUN', 'text': 'Widerstandsbewegungen', 'id': 15, 'deprel': 'nsubj', 'head': 10}, 'object': {'upos': 'NOUN', 'text': 'Aufmerksamkeit', 'id': 17, 'deprel': 'obj', 'head': 10}}]",['VSO']
902,"Nach der Umstellung des Korbes muss der Ball erst den Korb berühren, bevor er wieder frei spielbar ist.",1,"[{'subject': {'upos': 'NOUN', 'text': 'Ball', 'id': 8, 'deprel': 'nsubj', 'head': 12}, 'object': {'upos': 'NOUN', 'text': 'Korb', 'id': 11, 'deprel': 'obj', 'head': 12}, 'verb': {'upos': 'VERB', 'text': 'berühren', 'id': 12, 'deprel': 'root', 'head': 0}}]",['SOV']
1668,"Nach seinem Aufstieg entsandte Kaiser Yongle 1403 unmittelbar Gesandte in zahlreiche Länder, um sie einzuladen, Tribut an China zu entsenden.",1,"[{'verb': {'upos': 'VERB', 'text': 'entsandte', 'id': 4, 'deprel': 'root', 'head': 0}, 'subject': {'upos': 'PROPN', 'text': 'Kaiser', 'id': 5, 'deprel': 'nsubj', 'head': 4}, 'object': {'upos': 'NOUN', 'text': 'Gesandte', 'id': 9, 'deprel': 'obj', 'head': 4}}]",['VSO']
1373,Nach seinem Dienst in Bosnien begann Sajjan seine Karriere im Vancouver Police Department.,1,"[{'verb': {'upos': 'VERB', 'text': 'begann', 'id': 6, 'deprel': 'root', 'head': 0}, 'subject': {'upos': 'PROPN', 'text': 'Sajjan', 'id': 7, 'deprel': 'nsubj', 'head': 6}, 'object': {'upos': 'NOUN', 'text': 'Karriere', 'id': 9, 'deprel': 'obj', 'head': 6}}]",['VSO']
106,"Nach Spoleto herrschte nach den Herzögen die Zentralgewalt von Pavia, als Liutprand starb und sein Reich zusammenfiel.",1,"[{'subject': {'upos': 'PROPN', 'text': 'Liutprand', 'id': 13, 'deprel': 'nsubj', 'head': 14}, 'object': {'upos': 'NOUN', 'text': 'Reich', 'id': 17, 'deprel': 'obj', 'head': 18}, 'verb': {'upos': 'VERB', 'text': 'zusammenfiel', 'id': 18, 'deprel': 'conj', 'head': 14}}]",['SOV']
1374,"Nachdem Ambedkar zum Justizminister ernannt wurde, bekleidete er den Vorsitz im Verfassungskomitee und war maßgeblich an der Ausarbeitung der indischen Verfassung beteiligt.",1,"[{'verb': {'upos': 'VERB', 'text': 'bekleidete', 'id': 9, 'deprel': 'root', 'head': 0}, 'subject': {'upos': 'PRON', 'text': 'er', 'id': 10, 'deprel': 'nsubj', 'head': 9}, 'object': {'upos': 'NOUN', 'text': 'Vorsitz', 'id': 12, 'deprel': 'obj', 'head': 9}}]",['VSO']
1269,"Naidangiin Tüwschinbajar, Enchbatyn Badar-Uugan und Pürewdordschiin Serdamba aus der Mongolei haben bei den Olympischen Sommerspielen 2008 Medaillen gewonnen.",1,"[{'subject': {'upos': 'PROPN', 'text': 'Naidangiin', 'id': 1, 'deprel': 'nsubj', 'head': 21}, 'object': {'upos': 'NOUN', 'text': 'Medaillen', 'id': 20, 'deprel': 'obj', 'head': 21}, 'verb': {'upos': 'VERB', 'text': 'gewonnen', 'id': 21, 'deprel': 'root', 'head': 0}}]",['SOV']
402,NARAS-Mitglieder erhalten keine DVDs von den für den Oscar nominierten Filmen.,1,"[{'subject': {'upos': 'PROPN', 'text': 'NARAS', 'id': 1, 'deprel': 'nsubj', 'head': 4}, 'verb': {'upos': 'VERB', 'text': 'erhalten', 'id': 4, 'deprel': 'root', 'head': 0}, 'object': {'upos': 'NOUN', 'text': 'DVDs', 'id': 6, 'deprel': 'obj', 'head': 4}}]",['SVO']
1672,"Nein, Augustinus ließ sich mit seinem Sohn Adeodatus und seinem Freund Alypius von Ambrosius taufen.",1,"[{'subject': {'upos': 'PROPN', 'text': 'Augustinus', 'id': 3, 'deprel': 'nsubj', 'head': 4}, 'verb': {'upos': 'VERB', 'text': 'ließ', 'id': 4, 'deprel': 'root', 'head': 0}, 'object': {'upos': 'PRON', 'text': 'sich', 'id': 5, 'deprel': 'obj', 'head': 4}}]",['SVO']
40,"Nein, Frankreich und Russland reagierten auf die Bedrohung durch neue Seemächte wie Deutschland, Japan oder die Vereinigten Staaten, indem sie ihre Schlachtschiffflotten erweiterten.",1,"[{'subject': {'upos': 'PRON', 'text': 'sie', 'id': 23, 'deprel': 'nsubj', 'head': 26}, 'object': {'upos': 'NOUN', 'text': 'Schlachtschiffflotten', 'id': 25, 'deprel': 'obj', 'head': 26}, 'verb': {'upos': 'VERB', 'text': 'erweiterten', 'id': 26, 'deprel': 'advcl', 'head': 6}}]",['SOV']
488,"Nein, nachdem sie sich in den betroffenen Orten hauptsächlich zwei Wochen gehalten hatte, trat die Krankheit in Europa nicht wieder auf.",1,"[{'subject': {'upos': 'PRON', 'text': 'sie', 'id': 4, 'deprel': 'nsubj', 'head': 13}, 'object': {'upos': 'PRON', 'text': 'sich', 'id': 5, 'deprel': 'obj', 'head': 13}, 'verb': {'upos': 'VERB', 'text': 'gehalten', 'id': 13, 'deprel': 'advcl', 'head': 16}}]",['SOV']
1653,Neloren haben eine natürliche Resistenz gegen Parasiten und Krankheiten.,1,"[{'subject': {'upos': 'PROPN', 'text': 'Neloren', 'id': 1, 'deprel': 'nsubj', 'head': 2}, 'verb': {'upos': 'VERB', 'text': 'haben', 'id': 2, 'deprel': 'root', 'head': 0}, 'object': {'upos': 'NOUN', 'text': 'Resistenz', 'id': 5, 'deprel': 'obj', 'head': 2}}]",['SVO']
304,"Neutrinooszillationen zeigen, dass Neutrinos eine Masse haben.",1,"[{'subject': {'upos': 'NOUN', 'text': 'Neutrinos', 'id': 5, 'deprel': 'nsubj', 'head': 8}, 'object': {'upos': 'NOUN', 'text': 'Masse', 'id': 7, 'deprel': 'obj', 'head': 8}, 'verb': {'upos': 'VERB', 'text': 'haben', 'id': 8, 'deprel': 'ccomp', 'head': 2}}]",['SOV']
1045,Nissin Food Products stellt hauptsächlich Instant-Nudelgerichte her.,1,"[{'subject': {'upos': 'PROPN', 'text': 'Nissin', 'id': 1, 'deprel': 'nsubj', 'head': 4}, 'verb': {'upos': 'VERB', 'text': 'stellt', 'id': 4, 'deprel': 'root', 'head': 0}, 'object': {'upos': 'PROPN', 'text': 'Instant', 'id': 6, 'deprel': 'obj', 'head': 4}}]",['SVO']
180,North American Aviation entwickelte den NA-130-Entwurf.,1,"[{'subject': {'upos': 'PROPN', 'text': 'Aviation', 'id': 3, 'deprel': 'nsubj', 'head': 4}, 'verb': {'upos': 'VERB', 'text': 'entwickelte', 'id': 4, 'deprel': 'root', 'head': 0}, 'object': {'upos': 'PROPN', 'text': 'NA-130', 'id': 6, 'deprel': 'obj', 'head': 4}}]",['SVO']
1853,"Nostoc ist eine Gattung von Cyanobakterien, die kugelige oder hautartige Kolonien aus langen, unverzweigten Zellschnüren in einer gelatinösen Hülle bilden.",1,"[{'subject': {'upos': 'PRON', 'text': 'die', 'id': 8, 'deprel': 'nsubj', 'head': 22}, 'object': {'upos': 'NOUN', 'text': 'Kolonien', 'id': 12, 'deprel': 'obj', 'head': 22}, 'verb': {'upos': 'VERB', 'text': 'bilden', 'id': 22, 'deprel': 'acl', 'head': 4}}]",['SOV']
1583,Nova Scotia erhielt als erste Kolonie eine richtige Regierung.,1,"[{'subject': {'upos': 'PROPN', 'text': 'Nova', 'id': 1, 'deprel': 'nsubj', 'head': 3}, 'verb': {'upos': 'VERB', 'text': 'erhielt', 'id': 3, 'deprel': 'root', 'head': 0}, 'object': {'upos': 'NOUN', 'text': 'Regierung', 'id': 9, 'deprel': 'obj', 'head': 3}}]",['SVO']
1933,"OFID beschäftigt sich mit Tuberkulose, Malaria und durch Wasser übertragbaren Krankheiten sowie nicht übertragbaren Krankheiten wie Krebs, Diabetes und Herzerkrankungen.",1,"[{'subject': {'upos': 'PROPN', 'text': 'OFID', 'id': 1, 'deprel': 'nsubj', 'head': 2}, 'verb': {'upos': 'VERB', 'text': 'beschäftigt', 'id': 2, 'deprel': 'root', 'head': 0}, 'object': {'upos': 'PRON', 'text': 'sich', 'id': 3, 'deprel': 'obj', 'head': 2}}]",['SVO']
1928,OFID erhöht das Volumen seiner Geschäftstätigkeit im Energiesektor.,1,"[{'subject': {'upos': 'PROPN', 'text': 'OFID', 'id': 1, 'deprel': 'nsubj', 'head': 2}, 'verb': {'upos': 'VERB', 'text': 'erhöht', 'id': 2, 'deprel': 'root', 'head': 0}, 'object': {'upos': 'NOUN', 'text': 'Volumen', 'id': 4, 'deprel': 'obj', 'head': 2}}]",['SVO']
1934,OFID's Vorzeige-Programm konzentriert sich hauptsächlich auf die Bereitstellung von innovativen Energiearmutlösungen für nicht an das Stromnetz angeschlossene ländliche Haushalte.,1,"[{'subject': {'upos': 'NOUN', 'text': 'Programm', 'id': 5, 'deprel': 'nsubj', 'head': 6}, 'verb': {'upos': 'VERB', 'text': 'konzentriert', 'id': 6, 'deprel': 'root', 'head': 0}, 'object': {'upos': 'PRON', 'text': 'sich', 'id': 7, 'deprel': 'obj', 'head': 6}}]",['SVO']
1565,"Over 1,3 Millionen Migranten haben seit der Lockerung des belgischen Staatsangehörigkeitsrechts die belgische Staatsbürgerschaft erworben.",1,"[{'subject': {'upos': 'NOUN', 'text': 'Migranten', 'id': 4, 'deprel': 'nsubj', 'head': 15}, 'object': {'upos': 'NOUN', 'text': 'Staatsbürgerschaft', 'id': 14, 'deprel': 'obj', 'head': 15}, 'verb': {'upos': 'VERB', 'text': 'erworben', 'id': 15, 'deprel': 'root', 'head': 0}}]",['SOV']
1718,"Over 70,000 Rekruten erhielt Kambodscha.",1,"[{'object': {'upos': 'NOUN', 'text': 'Rekruten', 'id': 3, 'deprel': 'obj', 'head': 4}, 'verb': {'upos': 'VERB', 'text': 'erhielt', 'id': 4, 'deprel': 'root', 'head': 0}, 'subject': {'upos': 'PROPN', 'text': 'Kambodscha', 'id': 5, 'deprel': 'nsubj', 'head': 4}}]",['OVS']
207,Pan Am und Iran Air haben die 747SP angefordert.,1,"[{'subject': {'upos': 'PROPN', 'text': 'Pan', 'id': 1, 'deprel': 'nsubj', 'head': 9}, 'object': {'upos': 'PROPN', 'text': '747SP', 'id': 8, 'deprel': 'obj', 'head': 9}, 'verb': {'upos': 'VERB', 'text': 'angefordert', 'id': 9, 'deprel': 'root', 'head': 0}}]",['SOV']
1007,Parmly hat die moderne Zahnseide erfunden.,1,"[{'subject': {'upos': 'PROPN', 'text': 'Parmly', 'id': 1, 'deprel': 'nsubj', 'head': 6}, 'object': {'upos': 'NOUN', 'text': 'Zahnseide', 'id': 5, 'deprel': 'obj', 'head': 6}, 'verb': {'upos': 'VERB', 'text': 'erfunden', 'id': 6, 'deprel': 'root', 'head': 0}}]",['SOV']
840,"Paul Gardner ist ein US-amerikanischer Broker, der den Aufstieg vom Obdachlosen zum Self-Made-Millionär schaffte.",1,"[{'subject': {'upos': 'PRON', 'text': 'der', 'id': 10, 'deprel': 'nsubj', 'head': 23}, 'object': {'upos': 'NOUN', 'text': 'Aufstieg', 'id': 12, 'deprel': 'obj', 'head': 23}, 'verb': {'upos': 'VERB', 'text': 'schaffte', 'id': 23, 'deprel': 'acl', 'head': 8}}]",['SOV']
331,Pauling veröffentlichte in den 1930er-Jahren Aufsätze über die Natur chemischer Bindungen.,1,"[{'subject': {'upos': 'PROPN', 'text': 'Pauling', 'id': 1, 'deprel': 'nsubj', 'head': 2}, 'verb': {'upos': 'VERB', 'text': 'veröffentlichte', 'id': 2, 'deprel': 'root', 'head': 0}, 'object': {'upos': 'NOUN', 'text': 'Aufsätze', 'id': 8, 'deprel': 'obj', 'head': 2}}]",['SVO']
997,Paulo Freire wurde die Position des Direktors gegeben.,1,"[{'subject': {'upos': 'PROPN', 'text': 'Paulo', 'id': 1, 'deprel': 'nsubj:pass', 'head': 8}, 'object': {'upos': 'NOUN', 'text': 'Position', 'id': 5, 'deprel': 'obj', 'head': 8}, 'verb': {'upos': 'VERB', 'text': 'gegeben', 'id': 8, 'deprel': 'root', 'head': 0}}]",['SOV']
123,Pavlyuchenko begann seine Fußballkarriere 1998 beim südrussischen Zweitligisten Dynamo Stawropol.,1,"[{'subject': {'upos': 'PROPN', 'text': 'Pavlyuchenko', 'id': 1, 'deprel': 'nsubj', 'head': 2}, 'verb': {'upos': 'VERB', 'text': 'begann', 'id': 2, 'deprel': 'root', 'head': 0}, 'object': {'upos': 'NOUN', 'text': 'Fußballkarriere', 'id': 4, 'deprel': 'obj', 'head': 2}}]",['SVO']
1384,Philip Seymour Hoffman erhielt 2008 eine Nominierung für den Oscar als bester Nebendarsteller.,1,"[{'subject': {'upos': 'PROPN', 'text': 'Philip', 'id': 1, 'deprel': 'nsubj', 'head': 4}, 'verb': {'upos': 'VERB', 'text': 'erhielt', 'id': 4, 'deprel': 'root', 'head': 0}, 'object': {'upos': 'NOUN', 'text': 'Nominierung', 'id': 7, 'deprel': 'obj', 'head': 4}}]",['SVO']
393,"Phoebes Mutter Lily hat sich durch Selbstmord das Leben genommen, als Phoebe 14 Jahre alt war.",1,"[{'subject': {'upos': 'NOUN', 'text': 'Mutter', 'id': 2, 'deprel': 'nsubj', 'head': 10}, 'object': {'upos': 'PRON', 'text': 'sich', 'id': 5, 'deprel': 'obj', 'head': 10}, 'verb': {'upos': 'VERB', 'text': 'genommen', 'id': 10, 'deprel': 'root', 'head': 0}}]",['SOV']
1252,Picabia gab von 1917 bis 1924 das Dada-Periodikum 391 heraus.,1,"[{'subject': {'upos': 'PROPN', 'text': 'Picabia', 'id': 1, 'deprel': 'nsubj', 'head': 2}, 'verb': {'upos': 'VERB', 'text': 'gab', 'id': 2, 'deprel': 'root', 'head': 0}, 'object': {'upos': 'PROPN', 'text': 'Dada', 'id': 8, 'deprel': 'obj', 'head': 2}}]",['SVO']
1201,Pistor begründete den medizinischen Bereich der Mesotherapie.,1,"[{'subject': {'upos': 'PROPN', 'text': 'Pistor', 'id': 1, 'deprel': 'nsubj', 'head': 2}, 'verb': {'upos': 'VERB', 'text': 'begründete', 'id': 2, 'deprel': 'root', 'head': 0}, 'object': {'upos': 'NOUN', 'text': 'Bereich', 'id': 5, 'deprel': 'obj', 'head': 2}}]",['SVO']
562,Pitt-Watson gab das Buch an den Dekan von Westminster zurück.,1,"[{'subject': {'upos': 'PROPN', 'text': 'Pitt', 'id': 1, 'deprel': 'nsubj', 'head': 4}, 'verb': {'upos': 'VERB', 'text': 'gab', 'id': 4, 'deprel': 'root', 'head': 0}, 'object': {'upos': 'NOUN', 'text': 'Buch', 'id': 6, 'deprel': 'obj', 'head': 4}}]",['SVO']
429,"Pooja erhält die selbstlose Geste, als Raj und Tina am selben Tag heiraten, obwohl Pooja und Raj in Wirklichkeit verliebt sind.",1,"[{'subject': {'upos': 'PROPN', 'text': 'Pooja', 'id': 1, 'deprel': 'nsubj', 'head': 2}, 'verb': {'upos': 'VERB', 'text': 'erhält', 'id': 2, 'deprel': 'root', 'head': 0}, 'object': {'upos': 'NOUN', 'text': 'Geste', 'id': 5, 'deprel': 'obj', 'head': 2}}]",['SVO']
1002,Präsident Reagan hat 1983 einen Zoll auf Motorräder erhoben.,1,"[{'subject': {'upos': 'PROPN', 'text': 'Reagan', 'id': 2, 'deprel': 'nsubj', 'head': 9}, 'object': {'upos': 'NOUN', 'text': 'Zoll', 'id': 6, 'deprel': 'obj', 'head': 9}, 'verb': {'upos': 'VERB', 'text': 'erhoben', 'id': 9, 'deprel': 'root', 'head': 0}}]",['SOV']
1617,Prinz Guillaume besuchte die Militärakademie Sandhurst.,1,"[{'subject': {'upos': 'PROPN', 'text': 'Guillaume', 'id': 2, 'deprel': 'nsubj', 'head': 3}, 'verb': {'upos': 'VERB', 'text': 'besuchte', 'id': 3, 'deprel': 'root', 'head': 0}, 'object': {'upos': 'NOUN', 'text': 'Militärakademie', 'id': 5, 'deprel': 'obj', 'head': 3}}]",['SVO']
1469,Priyanka Gandhi machte ihren Abschluss an der University of Delhi.,1,"[{'subject': {'upos': 'PROPN', 'text': 'Priyanka', 'id': 1, 'deprel': 'nsubj', 'head': 3}, 'verb': {'upos': 'VERB', 'text': 'machte', 'id': 3, 'deprel': 'root', 'head': 0}, 'object': {'upos': 'NOUN', 'text': 'Abschluss', 'id': 5, 'deprel': 'obj', 'head': 3}}]",['SVO']
1133,Pro Jahr haben rund 5 % der Frauen im jüngeren Alter eine Harnwegsinfektion (HWI).,1,"[{'verb': {'upos': 'VERB', 'text': 'haben', 'id': 3, 'deprel': 'root', 'head': 0}, 'subject': {'upos': 'NOUN', 'text': '%', 'id': 6, 'deprel': 'nsubj', 'head': 3}, 'object': {'upos': 'NOUN', 'text': 'Harnwegsinfektion', 'id': 14, 'deprel': 'obj', 'head': 3}}]",['VSO']
137,Raimund von Aguilers trug die Reste der Heiligen Lanze.,1,"[{'subject': {'upos': 'PROPN', 'text': 'Raimund', 'id': 1, 'deprel': 'nsubj', 'head': 4}, 'verb': {'upos': 'VERB', 'text': 'trug', 'id': 4, 'deprel': 'root', 'head': 0}, 'object': {'upos': 'NOUN', 'text': 'Reste', 'id': 6, 'deprel': 'obj', 'head': 4}}]",['SVO']
426,"Rajs Vater entschied sich, wegen seines Berufs mit seiner Familie nach England zu ziehen, und Raj ging mit ihm.",1,"[{'subject': {'upos': 'NOUN', 'text': 'Vater', 'id': 2, 'deprel': 'nsubj', 'head': 3}, 'verb': {'upos': 'VERB', 'text': 'entschied', 'id': 3, 'deprel': 'root', 'head': 0}, 'object': {'upos': 'PRON', 'text': 'sich', 'id': 4, 'deprel': 'obj', 'head': 3}}]",['SVO']
1636,"Ray plante eine Reise nach Memphis, Tennessee.",1,"[{'subject': {'upos': 'PROPN', 'text': 'Ray', 'id': 1, 'deprel': 'nsubj', 'head': 2}, 'verb': {'upos': 'VERB', 'text': 'plante', 'id': 2, 'deprel': 'root', 'head': 0}, 'object': {'upos': 'NOUN', 'text': 'Reise', 'id': 4, 'deprel': 'obj', 'head': 2}}]",['SVO']
1405,Real Madrid und der FC Barcelona dominieren das Fußballspielen in Spanien.,1,"[{'subject': {'upos': 'PROPN', 'text': 'Real', 'id': 1, 'deprel': 'nsubj', 'head': 7}, 'verb': {'upos': 'VERB', 'text': 'dominieren', 'id': 7, 'deprel': 'root', 'head': 0}, 'object': {'upos': 'NOUN', 'text': 'Fußballspielen', 'id': 9, 'deprel': 'obj', 'head': 7}}]",['SVO']
1768,"Rex bedeutet ""König"" im Lateinischen.",1,"[{'subject': {'upos': 'PROPN', 'text': 'Rex', 'id': 1, 'deprel': 'nsubj', 'head': 2}, 'verb': {'upos': 'VERB', 'text': 'bedeutet', 'id': 2, 'deprel': 'root', 'head': 0}, 'object': {'upos': 'PROPN', 'text': 'König', 'id': 4, 'deprel': 'obj', 'head': 2}}]",['SVO']
1254,"Richard Matheson schrieb die Kurzgeschichte ""Steel"" Mitte der 50er Jahre.",1,"[{'subject': {'upos': 'PROPN', 'text': 'Richard', 'id': 1, 'deprel': 'nsubj', 'head': 3}, 'verb': {'upos': 'VERB', 'text': 'schrieb', 'id': 3, 'deprel': 'root', 'head': 0}, 'object': {'upos': 'NOUN', 'text': 'Kurzgeschichte', 'id': 5, 'deprel': 'obj', 'head': 3}}]",['SVO']
814,"Ridley Scott hat Regie geführt bei ""Alien – Das unheimliche Wesen aus einer fremden Welt"".",1,"[{'subject': {'upos': 'PROPN', 'text': 'Ridley', 'id': 1, 'deprel': 'nsubj', 'head': 5}, 'object': {'upos': 'NOUN', 'text': 'Regie', 'id': 4, 'deprel': 'obj', 'head': 5}, 'verb': {'upos': 'VERB', 'text': 'geführt', 'id': 5, 'deprel': 'root', 'head': 0}}]",['SOV']
102,Rory Kinnear spielt Bill Tanner.,1,"[{'subject': {'upos': 'PROPN', 'text': 'Rory', 'id': 1, 'deprel': 'nsubj', 'head': 3}, 'verb': {'upos': 'VERB', 'text': 'spielt', 'id': 3, 'deprel': 'root', 'head': 0}, 'object': {'upos': 'PROPN', 'text': 'Bill', 'id': 4, 'deprel': 'obj', 'head': 3}}]",['SVO']
1982,"Rosa Luxemburg wurde überstimmt, als sie die Teilnahme an den geplanten Parlamentswahlen forderte.",1,"[{'subject': {'upos': 'PRON', 'text': 'sie', 'id': 7, 'deprel': 'nsubj', 'head': 14}, 'object': {'upos': 'NOUN', 'text': 'Teilnahme', 'id': 9, 'deprel': 'obj', 'head': 14}, 'verb': {'upos': 'VERB', 'text': 'forderte', 'id': 14, 'deprel': 'advcl', 'head': 4}}]",['SOV']
1608,Russland übte eine überraschende Invasion zur Vergeltung aus.,1,"[{'subject': {'upos': 'PROPN', 'text': 'Russland', 'id': 1, 'deprel': 'nsubj', 'head': 2}, 'verb': {'upos': 'VERB', 'text': 'übte', 'id': 2, 'deprel': 'root', 'head': 0}, 'object': {'upos': 'NOUN', 'text': 'Invasion', 'id': 5, 'deprel': 'obj', 'head': 2}}]",['SVO']
240,Sam Childers widmet sein Leben der Unterstützung von Waisenkinder im Südsudan durch die Gründung des Kinderdorfs Angels of East Africa.,1,"[{'subject': {'upos': 'PROPN', 'text': 'Sam', 'id': 1, 'deprel': 'nsubj', 'head': 3}, 'verb': {'upos': 'VERB', 'text': 'widmet', 'id': 3, 'deprel': 'root', 'head': 0}, 'object': {'upos': 'NOUN', 'text': 'Leben', 'id': 5, 'deprel': 'obj', 'head': 3}}]",['SVO']
921,"Sanabria führte seine neue Methode ein, um den Mangel an Inkubatoren, Betreuungspersonal und weiteren Mitteln am Instituto Materno Infantil in Bogotá zu mindern.",1,"[{'subject': {'upos': 'PROPN', 'text': 'Sanabria', 'id': 1, 'deprel': 'nsubj', 'head': 2}, 'verb': {'upos': 'VERB', 'text': 'führte', 'id': 2, 'deprel': 'root', 'head': 0}, 'object': {'upos': 'NOUN', 'text': 'Methode', 'id': 5, 'deprel': 'obj', 'head': 2}}]",['SVO']
420,Saving Face gewann 2012 den Oscar in der Kategorie Bester Dokumentar-Kurzfilm.,1,"[{'subject': {'upos': 'PROPN', 'text': 'Saving', 'id': 1, 'deprel': 'nsubj', 'head': 3}, 'verb': {'upos': 'VERB', 'text': 'gewann', 'id': 3, 'deprel': 'root', 'head': 0}, 'object': {'upos': 'PROPN', 'text': 'Oscar', 'id': 6, 'deprel': 'obj', 'head': 3}}]",['SVO']
665,Schall forderte 150.000 US-Dollar von Hudgens.,1,"[{'subject': {'upos': 'PROPN', 'text': 'Schall', 'id': 1, 'deprel': 'nsubj', 'head': 2}, 'verb': {'upos': 'VERB', 'text': 'forderte', 'id': 2, 'deprel': 'root', 'head': 0}, 'object': {'upos': 'PROPN', 'text': 'US', 'id': 4, 'deprel': 'obj', 'head': 2}}]",['SVO']
844,"Schmerzhafte Blasen im Mund-, Rachen- und Genitalbereich sowie eine erosive Konjunktivitis beeinträchtigen die Funktionen.",1,"[{'subject': {'upos': 'NOUN', 'text': 'Blasen', 'id': 2, 'deprel': 'nsubj', 'head': 16}, 'verb': {'upos': 'VERB', 'text': 'beeinträchtigen', 'id': 16, 'deprel': 'root', 'head': 0}, 'object': {'upos': 'NOUN', 'text': 'Funktionen', 'id': 18, 'deprel': 'obj', 'head': 16}}]",['SVO']
360,Sein Sohn bestieg nachher den Thron unter dem Namen Afonso I.,1,"[{'subject': {'upos': 'NOUN', 'text': 'Sohn', 'id': 2, 'deprel': 'nsubj', 'head': 3}, 'verb': {'upos': 'VERB', 'text': 'bestieg', 'id': 3, 'deprel': 'root', 'head': 0}, 'object': {'upos': 'NOUN', 'text': 'Thron', 'id': 6, 'deprel': 'obj', 'head': 3}}]",['SVO']
518,Selenium-WebDriver leitet die Befehle an einen Browser weiter.,1,"[{'subject': {'upos': 'PROPN', 'text': 'Selenium', 'id': 1, 'deprel': 'nsubj', 'head': 4}, 'verb': {'upos': 'VERB', 'text': 'leitet', 'id': 4, 'deprel': 'root', 'head': 0}, 'object': {'upos': 'NOUN', 'text': 'Befehle', 'id': 6, 'deprel': 'obj', 'head': 4}}]",['SVO']
1246,"Shakira nahm sich eine Auszeit nach ihrem zweiten Studioalbum, um ihren Schulabschluss zu machen.",1,"[{'subject': {'upos': 'PROPN', 'text': 'Shakira', 'id': 1, 'deprel': 'nsubj', 'head': 2}, 'verb': {'upos': 'VERB', 'text': 'nahm', 'id': 2, 'deprel': 'root', 'head': 0}, 'object': {'upos': 'PRON', 'text': 'sich', 'id': 3, 'deprel': 'obj', 'head': 2}}]",['SVO']
345,Shin’ichi Kimura schrieb Kore wa Zombie Desu ka?.,1,"[{'subject': {'upos': 'PROPN', 'text': 'Shin’ichi', 'id': 1, 'deprel': 'nsubj', 'head': 3}, 'verb': {'upos': 'VERB', 'text': 'schrieb', 'id': 3, 'deprel': 'root', 'head': 0}, 'object': {'upos': 'PROPN', 'text': 'Kore', 'id': 4, 'deprel': 'obj', 'head': 3}}]",['SVO']
1287,"Sie erhielt die Nachricht, dass ihr Freund Dan Pontifex bei einem Autounfall in London ums Leben gekommen sei.",1,"[{'subject': {'upos': 'PRON', 'text': 'Sie', 'id': 1, 'deprel': 'nsubj', 'head': 2}, 'verb': {'upos': 'VERB', 'text': 'erhielt', 'id': 2, 'deprel': 'root', 'head': 0}, 'object': {'upos': 'NOUN', 'text': 'Nachricht', 'id': 4, 'deprel': 'obj', 'head': 2}}]",['SVO']
1848,Sie haben fünf Tore bei dem 5:0-Sieg gegen Aston Villa erzielt.,1,"[{'subject': {'upos': 'PRON', 'text': 'Sie', 'id': 1, 'deprel': 'nsubj', 'head': 13}, 'object': {'upos': 'NOUN', 'text': 'Tore', 'id': 4, 'deprel': 'obj', 'head': 13}, 'verb': {'upos': 'VERB', 'text': 'erzielt', 'id': 13, 'deprel': 'root', 'head': 0}}]",['SOV']
412,Sie hat ein Lied von Kool & the Gang gecovert.,1,"[{'subject': {'upos': 'PRON', 'text': 'Sie', 'id': 1, 'deprel': 'nsubj', 'head': 10}, 'object': {'upos': 'NOUN', 'text': 'Lied', 'id': 4, 'deprel': 'obj', 'head': 10}, 'verb': {'upos': 'VERB', 'text': 'gecovert', 'id': 10, 'deprel': 'root', 'head': 0}}]",['SOV']
1352,Sie hat zwei jüngere Brüder.,1,"[{'subject': {'upos': 'PRON', 'text': 'Sie', 'id': 1, 'deprel': 'nsubj', 'head': 2}, 'verb': {'upos': 'VERB', 'text': 'hat', 'id': 2, 'deprel': 'root', 'head': 0}, 'object': {'upos': 'NOUN', 'text': 'Brüder', 'id': 5, 'deprel': 'obj', 'head': 2}}]",['SVO']
708,"Sie machen mehrfach wiederholte, quietschende und nasale „ki-juu, tschirrick“-oder „tsch-juuh“-Laute, sowie sehr hohe „kii-kii-kii-kii“-Rufe und ein langgezogenes, kratzendes „tschur-r“.",1,"[{'subject': {'upos': 'PRON', 'text': 'Sie', 'id': 1, 'deprel': 'nsubj', 'head': 2}, 'verb': {'upos': 'VERB', 'text': 'machen', 'id': 2, 'deprel': 'root', 'head': 0}, 'object': {'upos': 'NOUN', 'text': 'juu', 'id': 12, 'deprel': 'obj', 'head': 2}}]",['SVO']
1360,Sieben Nachrichtenagenturen gründeten die EPA.,1,"[{'subject': {'upos': 'NOUN', 'text': 'Nachrichtenagenturen', 'id': 2, 'deprel': 'nsubj', 'head': 3}, 'verb': {'upos': 'VERB', 'text': 'gründeten', 'id': 3, 'deprel': 'root', 'head': 0}, 'object': {'upos': 'PROPN', 'text': 'EPA', 'id': 5, 'deprel': 'obj', 'head': 3}}]",['SVO']
1614,Simon Beaufoy und Michael Arndt lieferten das Drehbuch für The Hunger Games: Catching Fire.,1,"[{'subject': {'upos': 'PROPN', 'text': 'Simon', 'id': 1, 'deprel': 'nsubj', 'head': 6}, 'verb': {'upos': 'VERB', 'text': 'lieferten', 'id': 6, 'deprel': 'root', 'head': 0}, 'object': {'upos': 'NOUN', 'text': 'Drehbuch', 'id': 8, 'deprel': 'obj', 'head': 6}}]",['SVO']
1705,Sioux und Ojibwe hatten Verträge mit europäischen Siedlern.,1,"[{'subject': {'upos': 'PROPN', 'text': 'Sioux', 'id': 1, 'deprel': 'nsubj', 'head': 4}, 'verb': {'upos': 'VERB', 'text': 'hatten', 'id': 4, 'deprel': 'root', 'head': 0}, 'object': {'upos': 'NOUN', 'text': 'Verträge', 'id': 5, 'deprel': 'obj', 'head': 4}}]",['SVO']
1236,"Sir Marc Aurel Stein war ein Entdecker und Archäologe, der wahrscheinlich wichtige archäologische Funde gemacht hat.",1,"[{'subject': {'upos': 'PRON', 'text': 'der', 'id': 11, 'deprel': 'nsubj', 'head': 16}, 'object': {'upos': 'NOUN', 'text': 'Funde', 'id': 15, 'deprel': 'obj', 'head': 16}, 'verb': {'upos': 'VERB', 'text': 'gemacht', 'id': 16, 'deprel': 'acl', 'head': 7}}]",['SOV']
1354,Smith verdiente sich während des Studiums ihren Lebensunterhalt als Jazzsängerin.,1,"[{'subject': {'upos': 'PROPN', 'text': 'Smith', 'id': 1, 'deprel': 'nsubj', 'head': 2}, 'verb': {'upos': 'VERB', 'text': 'verdiente', 'id': 2, 'deprel': 'root', 'head': 0}, 'object': {'upos': 'PRON', 'text': 'sich', 'id': 3, 'deprel': 'obj', 'head': 2}}]",['SVO']
1223,"Sollten beide Mannschaften die gleiche Anzahl von Runs haben, gibt es ein Unentschieden.",1,"[{'subject': {'upos': 'NOUN', 'text': 'Mannschaften', 'id': 3, 'deprel': 'nsubj', 'head': 9}, 'object': {'upos': 'NOUN', 'text': 'Anzahl', 'id': 6, 'deprel': 'obj', 'head': 9}, 'verb': {'upos': 'VERB', 'text': 'haben', 'id': 9, 'deprel': 'advcl', 'head': 11}}]",['SOV']
1047,Søren Sørensen besuchte die Universität Kopenhagen zur Hochschullehre.,1,"[{'subject': {'upos': 'PROPN', 'text': 'Søren', 'id': 1, 'deprel': 'nsubj', 'head': 3}, 'verb': {'upos': 'VERB', 'text': 'besuchte', 'id': 3, 'deprel': 'root', 'head': 0}, 'object': {'upos': 'NOUN', 'text': 'Universität', 'id': 5, 'deprel': 'obj', 'head': 3}}]",['SVO']
1426,Spears trennte sich 2013 von Jason Trawick.,1,"[{'subject': {'upos': 'PROPN', 'text': 'Spears', 'id': 1, 'deprel': 'nsubj', 'head': 2}, 'verb': {'upos': 'VERB', 'text': 'trennte', 'id': 2, 'deprel': 'root', 'head': 0}, 'object': {'upos': 'PRON', 'text': 'sich', 'id': 3, 'deprel': 'obj', 'head': 2}}]",['SVO']
1234,"Standard Oil of California verkaufte diverse Ölstationen im Golf und eine Raffinerie an der Ostküste der USA, um den Ansprüchen der US-Kartellbehörden gerecht zu werden.",1,"[{'subject': {'upos': 'PROPN', 'text': 'Standard', 'id': 1, 'deprel': 'nsubj', 'head': 5}, 'verb': {'upos': 'VERB', 'text': 'verkaufte', 'id': 5, 'deprel': 'root', 'head': 0}, 'object': {'upos': 'NOUN', 'text': 'Ölstationen', 'id': 7, 'deprel': 'obj', 'head': 5}}]",['SVO']
918,"Stattdessen wird beschrieben, dass Butch eine Vereinbarung mit Marsellus getroffen hat und dass Marsellus Zed foltern lassen will.",1,"[{'subject': {'upos': 'PROPN', 'text': 'Butch', 'id': 6, 'deprel': 'nsubj', 'head': 11}, 'object': {'upos': 'NOUN', 'text': 'Vereinbarung', 'id': 8, 'deprel': 'obj', 'head': 11}, 'verb': {'upos': 'VERB', 'text': 'getroffen', 'id': 11, 'deprel': 'csubj:pass', 'head': 3}}]",['SOV']
1789,"Stechmücken wiegen etwa 2 bis 2,5 Milligramm.",1,"[{'subject': {'upos': 'NOUN', 'text': 'Stechmücken', 'id': 1, 'deprel': 'nsubj', 'head': 2}, 'verb': {'upos': 'VERB', 'text': 'wiegen', 'id': 2, 'deprel': 'root', 'head': 0}, 'object': {'upos': 'NOUN', 'text': 'Milligramm', 'id': 7, 'deprel': 'obj', 'head': 2}}]",['SVO']
1049,Stowe hatte sieben Kinder.,1,"[{'subject': {'upos': 'PROPN', 'text': 'Stowe', 'id': 1, 'deprel': 'nsubj', 'head': 2}, 'verb': {'upos': 'VERB', 'text': 'hatte', 'id': 2, 'deprel': 'root', 'head': 0}, 'object': {'upos': 'NOUN', 'text': 'Kinder', 'id': 4, 'deprel': 'obj', 'head': 2}}]",['SVO']
237,"Sunday sterbt dabei, als die CAB-Leute die Schwestern angreifen.",1,"[{'subject': {'upos': 'PROPN', 'text': 'CAB', 'id': 7, 'deprel': 'nsubj', 'head': 12}, 'object': {'upos': 'NOUN', 'text': 'Schwestern', 'id': 11, 'deprel': 'obj', 'head': 12}, 'verb': {'upos': 'VERB', 'text': 'angreifen', 'id': 12, 'deprel': 'advcl', 'head': 2}}]",['SOV']
1380,"Suzanne Collins schrieb ""The Hunger Games"".",1,"[{'subject': {'upos': 'PROPN', 'text': 'Suzanne', 'id': 1, 'deprel': 'nsubj', 'head': 3}, 'verb': {'upos': 'VERB', 'text': 'schrieb', 'id': 3, 'deprel': 'root', 'head': 0}, 'object': {'upos': 'PROPN', 'text': 'Hunger', 'id': 6, 'deprel': 'obj', 'head': 3}}]",['SVO']
1441,Ted Elliott und Terry Rossio haben das Drehbuch für den Film Pirates of the Caribbean – Fluch der Karibik 2 geschrieben.,1,"[{'subject': {'upos': 'PROPN', 'text': 'Ted', 'id': 1, 'deprel': 'nsubj', 'head': 21}, 'object': {'upos': 'NOUN', 'text': 'Drehbuch', 'id': 8, 'deprel': 'obj', 'head': 21}, 'verb': {'upos': 'VERB', 'text': 'geschrieben', 'id': 21, 'deprel': 'root', 'head': 0}}]",['SOV']
1612,Tennō Hirohito kündigte die Kapitulation Japans im Zweiten Weltkrieg an.,1,"[{'subject': {'upos': 'PROPN', 'text': 'Tennō', 'id': 1, 'deprel': 'nsubj', 'head': 3}, 'verb': {'upos': 'VERB', 'text': 'kündigte', 'id': 3, 'deprel': 'root', 'head': 0}, 'object': {'upos': 'NOUN', 'text': 'Kapitulation', 'id': 5, 'deprel': 'obj', 'head': 3}}]",['SVO']
1613,Tennō Hirohito setzte dem Krieg ein Ende.,1,"[{'subject': {'upos': 'PROPN', 'text': 'Tennō', 'id': 1, 'deprel': 'nsubj', 'head': 3}, 'verb': {'upos': 'VERB', 'text': 'setzte', 'id': 3, 'deprel': 'root', 'head': 0}, 'object': {'upos': 'NOUN', 'text': 'Ende', 'id': 7, 'deprel': 'obj', 'head': 3}}]",['SVO']
1956,Tess gibt sich unter dem Namen Mrs.,1,"[{'subject': {'upos': 'PROPN', 'text': 'Tess', 'id': 1, 'deprel': 'nsubj', 'head': 2}, 'verb': {'upos': 'VERB', 'text': 'gibt', 'id': 2, 'deprel': 'root', 'head': 0}, 'object': {'upos': 'PRON', 'text': 'sich', 'id': 3, 'deprel': 'obj', 'head': 2}}]",['SVO']
1989,Theodor Wolff hat sich in einem Artikel vom 10.,1,"[{'subject': {'upos': 'PROPN', 'text': 'Theodor', 'id': 1, 'deprel': 'nsubj', 'head': 3}, 'verb': {'upos': 'VERB', 'text': 'hat', 'id': 3, 'deprel': 'root', 'head': 0}, 'object': {'upos': 'PRON', 'text': 'sich', 'id': 4, 'deprel': 'obj', 'head': 3}}]",['SVO']
144,Thrasybulos eroberte Byzantion (Istanbul) während seiner Kampagne.,1,"[{'subject': {'upos': 'PROPN', 'text': 'Thrasybulos', 'id': 1, 'deprel': 'nsubj', 'head': 2}, 'verb': {'upos': 'VERB', 'text': 'eroberte', 'id': 2, 'deprel': 'root', 'head': 0}, 'object': {'upos': 'PROPN', 'text': 'Byzantion', 'id': 3, 'deprel': 'obj', 'head': 2}}]",['SVO']
140,Thrasybulus gründete vermutlich eine moderate Oligarchie.,1,"[{'subject': {'upos': 'PROPN', 'text': 'Thrasybulus', 'id': 1, 'deprel': 'nsubj', 'head': 2}, 'verb': {'upos': 'VERB', 'text': 'gründete', 'id': 2, 'deprel': 'root', 'head': 0}, 'object': {'upos': 'NOUN', 'text': 'Oligarchie', 'id': 6, 'deprel': 'obj', 'head': 2}}]",['SVO']
616,"Tony Stark informiert Ross, wenn ein Team zusammengestellt wird.",1,"[{'subject': {'upos': 'PROPN', 'text': 'Tony', 'id': 1, 'deprel': 'nsubj', 'head': 3}, 'verb': {'upos': 'VERB', 'text': 'informiert', 'id': 3, 'deprel': 'root', 'head': 0}, 'object': {'upos': 'PROPN', 'text': 'Ross', 'id': 4, 'deprel': 'obj', 'head': 3}}]",['SVO']
1994,Tornikios hatte das zweite Kommando.,1,"[{'subject': {'upos': 'PROPN', 'text': 'Tornikios', 'id': 1, 'deprel': 'nsubj', 'head': 2}, 'verb': {'upos': 'VERB', 'text': 'hatte', 'id': 2, 'deprel': 'root', 'head': 0}, 'object': {'upos': 'NOUN', 'text': 'Kommando', 'id': 5, 'deprel': 'obj', 'head': 2}}]",['SVO']
1225,Ulrich Beck begann 1966 an der Universität Freiburg im Breisgau sein Studium der Rechtswissenschaften.,1,"[{'subject': {'upos': 'PROPN', 'text': 'Ulrich', 'id': 1, 'deprel': 'nsubj', 'head': 3}, 'verb': {'upos': 'VERB', 'text': 'begann', 'id': 3, 'deprel': 'root', 'head': 0}, 'object': {'upos': 'NOUN', 'text': 'Studium', 'id': 13, 'deprel': 'obj', 'head': 3}}]",['SVO']
1708,"Um 1900 hatte Minnesota 1,75 Millionen Einwohner.",1,"[{'verb': {'upos': 'VERB', 'text': 'hatte', 'id': 3, 'deprel': 'root', 'head': 0}, 'subject': {'upos': 'PROPN', 'text': 'Minnesota', 'id': 4, 'deprel': 'nsubj', 'head': 3}, 'object': {'upos': 'NOUN', 'text': 'Einwohner', 'id': 7, 'deprel': 'obj', 'head': 3}}]",['VSO']
736,Ungarn besiegte England in Budapest mit 7:1.,1,"[{'subject': {'upos': 'PROPN', 'text': 'Ungarn', 'id': 1, 'deprel': 'nsubj', 'head': 2}, 'verb': {'upos': 'VERB', 'text': 'besiegte', 'id': 2, 'deprel': 'root', 'head': 0}, 'object': {'upos': 'PROPN', 'text': 'England', 'id': 3, 'deprel': 'obj', 'head': 2}}]",['SVO']
953,"Ungefähr 2.5% der Weltbevölkerung leiden unter Alkoholismus, was aufgrund der angegebenen Zahlen ungefähr 140 Millionen Menschen entspricht.",1,"[{'subject': {'upos': 'PRON', 'text': 'was', 'id': 9, 'deprel': 'nsubj', 'head': 18}, 'object': {'upos': 'NOUN', 'text': 'Menschen', 'id': 17, 'deprel': 'obj', 'head': 18}, 'verb': {'upos': 'VERB', 'text': 'entspricht', 'id': 18, 'deprel': 'acl', 'head': 5}}]",['SOV']
474,Viceroy behielt dennoch bedeutenden Einfluss auf die Gesetzgebung.,1,"[{'subject': {'upos': 'PROPN', 'text': 'Viceroy', 'id': 1, 'deprel': 'nsubj', 'head': 2}, 'verb': {'upos': 'VERB', 'text': 'behielt', 'id': 2, 'deprel': 'root', 'head': 0}, 'object': {'upos': 'NOUN', 'text': 'Einfluss', 'id': 5, 'deprel': 'obj', 'head': 2}}]",['SVO']
1675,"Victoria lernte bei George Davys, dem späteren Bischof von Peterborough, die Fächer Bibelkunde, Geschichte, Geographie und den Spracherwerb.",1,"[{'subject': {'upos': 'PROPN', 'text': 'Victoria', 'id': 1, 'deprel': 'nsubj', 'head': 2}, 'verb': {'upos': 'VERB', 'text': 'lernte', 'id': 2, 'deprel': 'root', 'head': 0}, 'object': {'upos': 'NOUN', 'text': 'Fächer', 'id': 14, 'deprel': 'obj', 'head': 2}}]",['SVO']
499,Viele seiner frühen Werke ernteten hohes Kritikerlob.,1,"[{'subject': {'upos': 'DET', 'text': 'Viele', 'id': 1, 'deprel': 'nsubj', 'head': 5}, 'verb': {'upos': 'VERB', 'text': 'ernteten', 'id': 5, 'deprel': 'root', 'head': 0}, 'object': {'upos': 'NOUN', 'text': 'Kritikerlob', 'id': 7, 'deprel': 'obj', 'head': 5}}]",['SVO']
1195,"Vijay gab die Liebe zur Familie auf, um seinen Bruder Vicky zu unterstützen und Sapna zu erobern.",1,"[{'subject': {'upos': 'PROPN', 'text': 'Vijay', 'id': 1, 'deprel': 'nsubj', 'head': 2}, 'verb': {'upos': 'VERB', 'text': 'gab', 'id': 2, 'deprel': 'root', 'head': 0}, 'object': {'upos': 'NOUN', 'text': 'Liebe', 'id': 4, 'deprel': 'obj', 'head': 2}}]",['SVO']
1289,"Vikas Swarup studierte Moderne Geschichte, Psychologie und Philosophie an der Allahabad University.",1,"[{'subject': {'upos': 'PROPN', 'text': 'Vikas', 'id': 1, 'deprel': 'nsubj', 'head': 3}, 'verb': {'upos': 'VERB', 'text': 'studierte', 'id': 3, 'deprel': 'root', 'head': 0}, 'object': {'upos': 'NOUN', 'text': 'Moderne', 'id': 4, 'deprel': 'obj', 'head': 3}}]",['SVO']
1463,Von 2002 bis 2006 leitete ar-Razzaz die Niederlassung der Weltbank im Libanon.,1,"[{'verb': {'upos': 'VERB', 'text': 'leitete', 'id': 5, 'deprel': 'root', 'head': 0}, 'subject': {'upos': 'PROPN', 'text': 'ar', 'id': 6, 'deprel': 'nsubj', 'head': 5}, 'object': {'upos': 'NOUN', 'text': 'Niederlassung', 'id': 10, 'deprel': 'obj', 'head': 5}}]",['VSO']
1288,Von JD Samson trennte sich Sia 2011.,1,"[{'verb': {'upos': 'VERB', 'text': 'trennte', 'id': 4, 'deprel': 'root', 'head': 0}, 'object': {'upos': 'PRON', 'text': 'sich', 'id': 5, 'deprel': 'obj', 'head': 4}, 'subject': {'upos': 'PROPN', 'text': 'Sia', 'id': 6, 'deprel': 'nsubj', 'head': 4}}]",['VOS']
869,"Von Shoaib Khan wurde angenommen, er hätte den Ball manipuliert.",1,"[{'subject': {'upos': 'PRON', 'text': 'er', 'id': 7, 'deprel': 'nsubj', 'head': 11}, 'object': {'upos': 'NOUN', 'text': 'Ball', 'id': 10, 'deprel': 'obj', 'head': 11}, 'verb': {'upos': 'VERB', 'text': 'manipuliert', 'id': 11, 'deprel': 'csubj:pass', 'head': 5}}]",['SOV']
851,Von Stauffenberg hatten sie fünf Kinder.,1,"[{'verb': {'upos': 'VERB', 'text': 'hatten', 'id': 3, 'deprel': 'root', 'head': 0}, 'subject': {'upos': 'PRON', 'text': 'sie', 'id': 4, 'deprel': 'nsubj', 'head': 3}, 'object': {'upos': 'NOUN', 'text': 'Kinder', 'id': 6, 'deprel': 'obj', 'head': 3}}]",['VSO']
592,"Während der Wartungsarbeiten wurde ein Elektromotor eingeschaltet, der die Uhr aufzieht.",1,"[{'subject': {'upos': 'PRON', 'text': 'der', 'id': 9, 'deprel': 'nsubj', 'head': 12}, 'object': {'upos': 'NOUN', 'text': 'Uhr', 'id': 11, 'deprel': 'obj', 'head': 12}, 'verb': {'upos': 'VERB', 'text': 'aufzieht', 'id': 12, 'deprel': 'acl', 'head': 6}}]",['SOV']
1871,"Während Portugals Vorsitz im Rat der Europäischen Union im ersten Halbjahr 2000 und im zweiten Halbjahr 2007 verfolgte das Land vor allem das Ziel, den Dialog mit Afrika zu forcieren und Impulse zur Stärkung der Wettbewerbsfähigkeit der europäischen Wirtschaft zu geben.",1,"[{'subject': {'upos': 'NOUN', 'text': 'Vorsitz', 'id': 3, 'deprel': 'nsubj', 'head': 21}, 'verb': {'upos': 'VERB', 'text': 'verfolgte', 'id': 21, 'deprel': 'root', 'head': 0}, 'object': {'upos': 'NOUN', 'text': 'Ziel', 'id': 27, 'deprel': 'obj', 'head': 21}}]",['SVO']
369,"Walter Tuchman hat angemerkt, dass die NSA keine einzige Leitung diktiert hat.",1,"[{'subject': {'upos': 'PROPN', 'text': 'NSA', 'id': 8, 'deprel': 'nsubj', 'head': 12}, 'object': {'upos': 'NOUN', 'text': 'Leitung', 'id': 11, 'deprel': 'obj', 'head': 12}, 'verb': {'upos': 'VERB', 'text': 'diktiert', 'id': 12, 'deprel': 'ccomp', 'head': 4}}]",['SOV']
475,Warn Hastings hatte keine besonderen Titel.,1,"[{'subject': {'upos': 'PROPN', 'text': 'Warn', 'id': 1, 'deprel': 'nsubj', 'head': 3}, 'verb': {'upos': 'VERB', 'text': 'hatte', 'id': 3, 'deprel': 'root', 'head': 0}, 'object': {'upos': 'NOUN', 'text': 'Titel', 'id': 6, 'deprel': 'obj', 'head': 3}}]",['SVO']
1770,"Weiße waren die höchste Rasse im Land, da sie 94,83 Prozent der Bevölkerung ausmachten.",1,"[{'subject': {'upos': 'PRON', 'text': 'sie', 'id': 11, 'deprel': 'nsubj', 'head': 16}, 'object': {'upos': 'NOUN', 'text': 'Prozent', 'id': 13, 'deprel': 'obj', 'head': 16}, 'verb': {'upos': 'VERB', 'text': 'ausmachten', 'id': 16, 'deprel': 'advcl', 'head': 5}}]",['SOV']
1570,Weltbank und Internationaler Währungsfonds (IWF) gewährten Georgien 1995 Kredite.,1,"[{'subject': {'upos': 'PROPN', 'text': 'Weltbank', 'id': 1, 'deprel': 'nsubj', 'head': 8}, 'verb': {'upos': 'VERB', 'text': 'gewährten', 'id': 8, 'deprel': 'root', 'head': 0}, 'object': {'upos': 'PROPN', 'text': 'Georgien', 'id': 9, 'deprel': 'obj', 'head': 8}}]",['SVO']
878,"Wenn der aktuelle DR ausfällt, übernimmt der BDR nahtlos dessen Rolle.",1,"[{'verb': {'upos': 'VERB', 'text': 'übernimmt', 'id': 7, 'deprel': 'root', 'head': 0}, 'subject': {'upos': 'PROPN', 'text': 'BDR', 'id': 9, 'deprel': 'nsubj', 'head': 7}, 'object': {'upos': 'NOUN', 'text': 'Rolle', 'id': 12, 'deprel': 'obj', 'head': 7}}]",['VSO']
657,Westliche Muster wie Boeing 737 und Airbus A320 ersetzten die sowjetischen Flugzeuge.,1,"[{'subject': {'upos': 'NOUN', 'text': 'Muster', 'id': 2, 'deprel': 'nsubj', 'head': 9}, 'verb': {'upos': 'VERB', 'text': 'ersetzten', 'id': 9, 'deprel': 'root', 'head': 0}, 'object': {'upos': 'NOUN', 'text': 'Flugzeuge', 'id': 12, 'deprel': 'obj', 'head': 9}}]",['SVO']
845,William Armstrong schloss die Restaurierung ab.,1,"[{'subject': {'upos': 'PROPN', 'text': 'William', 'id': 1, 'deprel': 'nsubj', 'head': 3}, 'verb': {'upos': 'VERB', 'text': 'schloss', 'id': 3, 'deprel': 'root', 'head': 0}, 'object': {'upos': 'NOUN', 'text': 'Restaurierung', 'id': 5, 'deprel': 'obj', 'head': 3}}]",['SVO']
607,"William Blake, Charles Baudelaire und Arthur Rimbaud haben das Denken von Morrison beeinflusst.",1,"[{'subject': {'upos': 'PROPN', 'text': 'William', 'id': 1, 'deprel': 'nsubj', 'head': 14}, 'object': {'upos': 'NOUN', 'text': 'Denken', 'id': 11, 'deprel': 'obj', 'head': 14}, 'verb': {'upos': 'VERB', 'text': 'beeinflusst', 'id': 14, 'deprel': 'root', 'head': 0}}]",['SOV']
79,"Worth nutzte die Bar ein letztes Mal, um einen Diamantenhändler zu betrügen, bevor er nach London zog.",1,"[{'subject': {'upos': 'PROPN', 'text': 'Worth', 'id': 1, 'deprel': 'nsubj', 'head': 2}, 'verb': {'upos': 'VERB', 'text': 'nutzte', 'id': 2, 'deprel': 'root', 'head': 0}, 'object': {'upos': 'NOUN', 'text': 'Bar', 'id': 4, 'deprel': 'obj', 'head': 2}}]",['SVO']
244,Zhong Man hat bei den Olympischen Spielen die Fackel gehalten und war 2008 Goldmedaillengewinner im Fechten.,1,"[{'subject': {'upos': 'PROPN', 'text': 'Zhong', 'id': 1, 'deprel': 'nsubj', 'head': 10}, 'object': {'upos': 'NOUN', 'text': 'Fackel', 'id': 9, 'deprel': 'obj', 'head': 10}, 'verb': {'upos': 'VERB', 'text': 'gehalten', 'id': 10, 'deprel': 'root', 'head': 0}}]",['SOV']
1914,"Zudem brachte sie Menschen aus verschiedenen europäischen Ländern, die der wirtschaftlichen Misere in Europa entkommen wollten.",1,"[{'verb': {'upos': 'VERB', 'text': 'brachte', 'id': 2, 'deprel': 'root', 'head': 0}, 'subject': {'upos': 'PRON', 'text': 'sie', 'id': 3, 'deprel': 'nsubj', 'head': 2}, 'object': {'upos': 'NOUN', 'text': 'Menschen', 'id': 4, 'deprel': 'obj', 'head': 2}}]",['VSO']
1041,"Zudem kann Joggen bei einer Diät helfen, indem es den Leistungsumsatz erhöht.",1,"[{'subject': {'upos': 'PRON', 'text': 'es', 'id': 10, 'deprel': 'nsubj', 'head': 13}, 'object': {'upos': 'NOUN', 'text': 'Leistungsumsatz', 'id': 12, 'deprel': 'obj', 'head': 13}, 'verb': {'upos': 'VERB', 'text': 'erhöht', 'id': 13, 'deprel': 'advcl', 'head': 7}}]",['SOV']
1433,Zuerst führt der Arzt eine visuelle Inspektion des Perineums durch.,1,"[{'verb': {'upos': 'VERB', 'text': 'führt', 'id': 2, 'deprel': 'root', 'head': 0}, 'subject': {'upos': 'NOUN', 'text': 'Arzt', 'id': 4, 'deprel': 'nsubj', 'head': 2}, 'object': {'upos': 'NOUN', 'text': 'Inspektion', 'id': 7, 'deprel': 'obj', 'head': 2}}]",['VSO']
1633,"Zwei Komplikationen, die die Nauru-Diät verursachen kann, sind Fettleibigkeit und Herzkrankheiten.",1,"[{'subject': {'upos': 'PRON', 'text': 'die', 'id': 4, 'deprel': 'nsubj', 'head': 9}, 'object': {'upos': 'PROPN', 'text': 'Nauru', 'id': 6, 'deprel': 'obj', 'head': 9}, 'verb': {'upos': 'VERB', 'text': 'verursachen', 'id': 9, 'deprel': 'acl', 'head': 2}}]",['SOV']
1055,38%,0,[],[]
792,12,0,[],[]
1601,15,0,[],[]
472,60,0,[],[]
868,362,0,[],[]
966,431.902,0,[],[]
1996,1034,0,[],[]
940,1678,0,[],[]
621,1687,0,[],[]
971,1855,0,[],[]
256,1867,0,[],[]
1466,1876,0,[],[]
69,1895,0,[],[]
233,1900,0,[],[]
1000,1903,0,[],[]
689,1906,0,[],[]
1280,1914,0,[],[]
1573,1914,0,[],[]
172,1915,0,[],[]
1574,1916,0,[],[]
380,1918,0,[],[]
87,1920,0,[],[]
1990,1928,0,[],[]
1714,1945,0,[],[]
1819,1948,0,[],[]
1760,1951,0,[],[]
1605,1952,0,[],[]
332,1958,0,[],[]
334,1958,0,[],[]
1145,1958,0,[],[]
1837,1962,0,[],[]
717,1963,0,[],[]
1307,1963,0,[],[]
500,1968,0,[],[]
1600,1974,0,[],[]
826,1976,0,[],[]
605,1981,0,[],[]
1103,1982,0,[],[]
1527,1983,0,[],[]
904,1986,0,[],[]
527,1987,0,[],[]
1651,1991,0,[],[]
1053,2001,0,[],[]
663,2004,0,[],[]
1416,2006,0,[],[]
1191,2007,0,[],[]
1268,2007,0,[],[]
1951,2009,0,[],[]
700,2011,0,[],[]
1456,2012,0,[],[]
1539,2013,0,[],[]
492,2014,0,[],[]
1042,2016,0,[],[]
1335,2016,0,[],[]
606,"""Waiting for the Sun"" ist das dritte Studioalbum der Doors.",0,[],[]
126,"""While the Warrior offers immense combat strength and grants adjacent allied units a combat bonus, the Strategist possesses the ability to heal his soldiers.""",0,[],[]
147,"0,59 Prozent",0,[],[]
1421,1.820 Athleten waren an der Asian Games Federation beteiligt.,0,[],[]
558,10 bis 50 Kilometer,0,[],[]
193,"10,3 Prozent der Familien und 14,5 Prozent der Einwohner lebten unterhalb der Armutsgrenze.",0,[],[]
1711,"10.000 Jahre müssen hinzugefügt werden, um den Julianischen Kalender in den Holozän-Kalender umzurechnen.",0,[],[]
1277,100 Kandarin sind in 1 Tael.,0,[],[]
1898,100.000 Individuen.,0,[],[]
711,13 Jahre,0,[],[]
10,152.251 Personen wurden durch die Volkszählung erfasst.,0,[],[]
158,"16,3 Prozent der Familien lebten unterhalb der Armutsgrenze.",0,[],[]
204,18-tägiger Marsch,0,[],[]
386,1944 und 1945,0,[],[]
554,1973 wurde Marga Faulstich für ihre Erfindung des Leichtgewichts-Brillenglases Schwerflint 64 mit der IR-100-Medaille der Industrial Research Incorporation in Chicago geehrt.,0,[],[]
290,"20,1 Millionen Aufrufe in den ersten 24 Stunden.",0,[],[]
1942,200 Drachmen.,0,[],[]
1518,200 Lehmhäuser wurden berichtet zu zerstört in Dalbandin.,0,[],[]
961,200 Lichtjahre entfernt.,0,[],[]
619,210 km²,0,[],[]
259,250 Zivilisten sowie 20 japanische Militärangehörige wurden getötet.,0,[],[]
1403,288.563 GWh,0,[],[]
1771,"3,33 Prozent",0,[],[]
480,30.000 Menschen wurden wegen der Überschwemmungen evakuiert.,0,[],[]
1050,300.000 Exemplare wurden in weniger als einem Jahr verkauft.,0,[],[]
1497,32 Kilometer nordwestlich von San José.,0,[],[]
229,"34,20 %",0,[],[]
152,345 Flugstunden,0,[],[]
303,36 Schiffe der gotischen Flotte wurden zerstört.,0,[],[]
255,47 Besatzungsmitglieder kamen bei der Explosion im Jahre 1989 auf dem Marineschiff Iowa um.,0,[],[]
397,5 Quadratkilometer,0,[],[]
659,5440 Mitarbeiter,0,[],[]
1086,60 km,0,[],[]
1339,600 Menschen marschierten 87 km weit.,0,[],[]
1544,650 km,0,[],[]
1773,7 bis 15 Wochen,0,[],[]
70,70 Individuen.,0,[],[]
1904,70 Kinder wurden im Schulbus transportiert.,0,[],[]
1644,70 Prozent,0,[],[]
1913,7000 Mann wurden an der Invasion von San Juan beteiligt.,0,[],[]
930,80 bis 90 %,0,[],[]
1387,80 km/h fahren.,0,[],[]
1090,81 Tage,0,[],[]
1728,83 kg,0,[],[]
636,"83,2 Prozent",0,[],[]
1923,"93,8 Männer kamen auf 100 Frauen.",0,[],[]
160,"98,83 %",0,[],[]
73,A Dash of Home: The Fusion Cookbook,0,[],[]
1868,A.S.S.,0,[],[]
914,"Ab 1520 begann Ali Mughayat Syah, Kontrolle auf ganz Nordsumatra auszudehnen.",0,[],[]
874,Ab 1974 studierte sie an der Jawaharlal Nehru University.,0,[],[]
1506,Ab 2005 studierte Silva in Rom für ein Lizentiat in Spiritualität an der Päpstlichen Salesianer-Universität.,0,[],[]
536,Ab dem 49.,0,[],[]
1134,Ab dem Gewicht von zehn Kilogramm beider Brüste betrachtet man das Gewicht als zu hoch.,0,[],[]
981,"Aberdeen Castle wurde nach langer Belagerung zerstört, was bedeutet, dass es im 14.",0,[],[]
629,Abraham Lincolns Vater wurde von Jack Barts entlassen.,0,[],[]
248,Acronicta auricoma gehört zur Familie der Eulenfalter (Noctuidae).,0,[],[]
1749,Adeodatus diente etwa 40 Jahre lang als Priester vor seiner Wahl zum Papst.,0,[],[]
656,Adil wurde am Ende freigelassen.,0,[],[]
1200,"AFP steht für Alpha-1-Fetoprotein, ein Glykoprotein, das insbesondere in der menschlichen Embryonalentwicklung und bei Leberkrebszellen produziert wird.",0,[],[]
710,Ahal ist eine der fünf Provinzen Turkmenistans.,0,[],[]
762,"Aich war gut im Bodybuilding, insbesondere im Mr.",0,[],[]
1152,Aiwasowski starb im Jahr 1900.,0,[],[]
138,Al-Afdal campierte in der Ebene von al-Majdal in einem Tal außerhalb Askalons.,0,[],[]
191,Albanos echter Name ist Albano Carrisi.,0,[],[]
1071,Albert Wendt ist ein samoanischer Dichter.,0,[],[]
1957,Alec wurde tot aufgefunden.,0,[],[]
529,Alexei Kornienko arbeitete ab 1977 in einer Fabrik für Radiozubehör in Tscheljabinsk.,0,[],[]
719,Alice folgt dem weißen Kaninchen in seinen Bau.,0,[],[]
720,"Alice traf auf eine Raupe, die ihr half, ihre Normalgröße zu erlangen.",0,[],[]
976,Alis richtiger Name lautet Mahershalalhashbaz Gilmore.,0,[],[]
142,"Alkibiades' Absicht war es, die spartanischen Schiffe zu kapern.",0,[],[]
1571,"Allerdings blieben Armut und Korruption weiter bestehen, während die Industrie undeveloppt blieb und die Landwirtschaft von fehlender Registrierung beeinträchtigt wurde.",0,[],[]
1750,Als Ausdruck für die Selbstinduktion der Konvektionsströme im Äther wird die elektromagnetische Masse interpretiert.,0,[],[]
165,als erfüllt,0,[],[]
384,Am 1.,0,[],[]
1264,Am 1.,0,[],[]
330,Am 11.,0,[],[]
320,Am 13.,0,[],[]
131,Am 14.,0,[],[]
71,Am 15.,0,[],[]
624,Am 25.,0,[],[]
166,Am 5.,0,[],[]
1524,Am 5.,0,[],[]
1229,Am 9.,0,[],[]
1814,Am Anfang seiner Profikarriere spielte Ćustić 2000 bis 2005 für seinen Jugendverein NK Zadar.,0,[],[]
1340,Amelia Boynton Robinson wurde vergast und geschlagen.,0,[],[]
1618,Amin wurde am 1.,0,[],[]
1010,Ana wurde am 7.,0,[],[]
161,Ananda Everingham ist ein laotisch-australischer Filmschauspieler und Model.,0,[],[]
1830,Anastacia Lyn Newkirk wurde am 17.,0,[],[]
1430,Andere Zusammenhänge sind noch nicht vollständig geklärt.,0,[],[]
1522,Android,0,[],[]
1409,Anfangs konnten World Wide Web-Text-Seiten mit Hilfe eines einfachen Linien-Webbrowsers angezeigt werden.,0,[],[]
757,"Anna Mitchell-Hedges, der Adoptivtochter von F.A.",0,[],[]
1483,Anne,0,[],[]
64,Antiochos III.,0,[],[]
547,Anything Could Happen,0,[],[]
1294,API steht für Programmierschnittstelle.,0,[],[]
589,April 1858 gegossen.,0,[],[]
1975,April 1919.,0,[],[]
231,"April 1955, um in den Fernen Osten zu fahren.",0,[],[]
1606,April 1973.,0,[],[]
1231,April 1996 statt.,0,[],[]
1719,April getötet.,0,[],[]
1440,April in Toronto.,0,[],[]
1235,Äquatorialguinea,0,[],[]
445,"Ariadne war in der griechischen Mythologie eine Prinzessin, Tochter des kretischen Königs Minos und seiner Gattin Pasiphaë.",0,[],[]
1166,Arm- und Beinknochen,0,[],[]
307,Armee das Gebiet einnehmen konnte.,0,[],[]
211,Armee in Rabaul die Nachricht von der fast vollständigen Vernichtung des Regiments.,0,[],[]
214,Arsenal spielte bei Invicta Ground zwischen 1890 und 1893.,0,[],[]
378,Arsène Wenger half bei seiner Genesung.,0,[],[]
931,Arthur Conan Doyle wurde am 22.,0,[],[]
662,AS/IS,0,[],[]
1833,Asha Haji Elmi,0,[],[]
1153,Asian Games werden auch als Panasiatische Spiele bezeichnet.,0,[],[]
1449,Asienspiele.,0,[],[]
213,Auf 100 Männer kommen 94 Frauen.,0,[],[]
1169,Auf dem Gelände der ehemaligen Western Wall wurde die Western Wall Plaza errichtet.,0,[],[]
1969,"auf, den Thron zu verlassen.",0,[],[]
136,August,0,[],[]
1618,August 1929 geboren.,0,[],[]
1229,"August 1995 traten KISS ""Unplugged"" auf.",0,[],[]
1500,August 1996.,0,[],[]
545,August 2008.,0,[],[]
179,August 2014 und endeten am 31.,0,[],[]
601,August Poniatowski.,0,[],[]
153,August.,0,[],[]
155,Augustus,0,[],[]
1673,Aus dem vierten Studioalbum stammt Toxic.,0,[],[]
1701,ausgedehnte,0,[],[]
44,Außer Dialogen werden in dem Spiel Musik und Klangeffekte verwendet.,0,[],[]
985,Außer über Westhill führt die A944 auch nach Alford und weiter westwärts.,0,[],[]
743,Australien,0,[],[]
1635,Australienbeschützt Nauru.,0,[],[]
1742,"Australier kämpften in der Türkei, Palästina und an der Westfront in Frankreich und Belgien.",0,[],[]
1036,"Automatisierte Immunassays wie CMIA, ECLIA und FPIA sowie ELISA.",0,[],[]
1206,Balraj Sahni wurde am 1.,0,[],[]
314,Bangkok ist die Hauptstadt von Thailand und enthält den Bezirk Bang Bon.,0,[],[]
362,Barbour County befindet sich im Bundesstaat West Virginia der Vereinigten Staaten.,0,[],[]
778,"Basierend auf den angegebenen Informationen kann man nicht abschließen, ob er der neunte Generalgouverneur war, da keine Historie der Generalgouverneure von Papua-Neuguinea vorliegt.",0,[],[]
238,Basierend auf den bereitgestellten Informationen kann keine genaue Bestimmung der Position von Monday aus dem Videofeed abgeleitet werden.,0,[],[]
375,Basierend auf konfuzianistischen und Shintō-Prinzipien.,0,[],[]
1666,Basiert auf den bereitgestellten Informationen gibt es nur wenige Nachweise des Bruneiischen Imperiums.,0,[],[]
1840,Baskin-Robbins wurde in Kalifornien gegründet.,0,[],[]
749,Batagram wurde im Juli 1993 offiziell ein Distrikt.,0,[],[]
1624,"Beckerath vermutet, dass das Bauprojekt für Baka's Grab frühzeitig aufgegeben wurde, weil Baka nach der Thronbesteigung überraschend verstarb.",0,[],[]
567,Bei der feierlichen Parlamentseröffnung nimmt jedes Regierungsmitglied teil.,0,[],[]
1044,"Bei der Mammographie werden die Brust aus zwei, gegebenenfalls mehreren Richtungen aufgenommen.",0,[],[]
1433,Bei dringender Erkennung können prolabierende Hämorrhoiden zweiten und dritten Grades während des Drucktests festgestellt werden.,0,[],[]
1251,Bei einem sehr offensiven Feld können 1 oder 2 Gullies aufgestellt werden.,0,[],[]
1141,Beide Ansätze zur Ausnahme von Beitragern aus der Archivierung wurden durch Google Groups unterstützt.,0,[],[]
1066,Beide Unternehmen bestehen seit über 150 Jahren.,0,[],[]
1489,Beim Radiosender KJOE arbeitete er.,0,[],[]
1031,"Beowulf fand heraus, dass sein Reich von Grendel und dessen Mutter sowie später von einem feuerspeienden Drachen terrorisiert wurde.",0,[],[]
760,Berauschende Mittel wie Alkohol sind nicht koscher.,0,[],[]
1063,"Berge steigen an, durch die Bewegung von Platten der Erdkruste gegeneinander, was oft durch Plattentektonik oder vulkanische Aktivitäten verursacht wird.",0,[],[]
223,"Berggegenden sind seltene Lebensräume, in denen das Zebra der Ebenen herumstreift.",0,[],[]
1790,Bernardo Alberto Houssay starb am 21.,0,[],[]
1597,Bernie Sanders wurde von einigen Mitgliedern des DNC bevorzugt.,0,[],[]
1862,Bert starb im November 1886.,0,[],[]
596,Bess Katramados,0,[],[]
1111,Bessere Arbeitsbedingungen sind ein Ziel der Gewerkschaften.,0,[],[]
620,Besucher aus sozialistischen Ländern,0,[],[]
960,Beta Andromedae ist ein Roter Riese vom Spektraltyp M0 III.,0,[],[]
1474,Beth,0,[],[]
278,"Bevor die Polizei in das Flugzeug gelangen konnte, wurde Byck von zwei Kugeln getroffen.",0,[],[]
1333,"Bevor Jugoslawien selbst an den olympischen Spielen teilnehmen konnte, musste es für Österreich-Ungarn antreten.",0,[],[]
1216,"Bewusstlosigkeit tritt nach wenigen Sekunden bei klinischem Tod ein, wenn die Pulslosigkeit der Arteria radialis auftritt.",0,[],[]
557,"Bezogen auf den Text wird das Bezahlfernsehen als Beitrag zur Premier League bezeichnet, insbesondere die Übertragungsrechte an BSkyB.",0,[],[]
1054,Bier ist weltweit das älteste und am häufigsten konsumierte alkoholische Getränk.,0,[],[]
1227,Bill Aucoin war der Manager von KISS.,0,[],[]
211,Bis zum 25.,0,[],[]
806,Black Sabbath,0,[],[]
282,Blackburn Rovers,0,[],[]
302,"Blairs Anstrengungen, um in Nordirland Frieden zu schaffen, wurden von der Queen bewundert.",0,[],[]
729,Blei und Kohle.,0,[],[]
1727,Blogs wurden auf die Google-Server übertragen.,0,[],[]
1432,Blut,0,[],[]
1995,"Boioannes begann sofort, eine Festung auf einem Pass der Apenninen zu bauen, um den Eingang in die apulische Ebene zu sichern.",0,[],[]
388,Bokuto steht für ein gebrochenes Holzschwert.,0,[],[]
588,Brit Air ist der Mehrheitsaktionär von Airlinair mit etwa 19 %.,0,[],[]
759,"Browning begann bereits im Alter von 14 Jahren, Altgriechisch zu studieren.",0,[],[]
1257,Bud Prager,0,[],[]
1028,Bukavu ist die Hauptstadt der Demokratischen Republik Kongo.,0,[],[]
78,Bullard ist nach Liverpool gegangen.,0,[],[]
1569,"Bürgerkriege, Unabhängigkeitskämpfe und die Wirtschaftsblockade durch Russlandbeschleunigten Georgiens wirtschaftlichen Niedergang.",0,[],[]
1640,Caballé und Bernabé Martí waren die Eltern von Montserrai Martí.,0,[],[]
366,"California Spangled Cats werden als anhänglich, sozial, neugierig und energiegeladen mit einem starken Jagdinstinkt und akrobatischen Fähigkeiten nachgesagt.",0,[],[]
1740,Canberra,0,[],[]
1911,Caparra,0,[],[]
53,Captain Roger Welles,0,[],[]
1695,CARICOM,0,[],[]
1731,Carrel ist am 5.,0,[],[]
775,Cecelia Marie Halpert,0,[],[]
103,Central Visayas besteht aus den Hauptinseln Cebu und Bohol sowie der Osthälfte von Negros.,0,[],[]
411,Charlene Mitchell,0,[],[]
661,Charlotte war eine englische Dichterin.,0,[],[]
1331,Chester-le-Street liegt im nordenglischen County Durham.,0,[],[]
28,China,0,[],[]
1281,China,0,[],[]
1388,China,0,[],[]
817,"Chris Benoit, seine Frau Nancy und ihr siebenjähriger Sohn Daniel wurden bei Benoit entdeckt.",0,[],[]
1949,Christopher Lloyd und Steven Levitan,0,[],[]
1950,Claire Dunphy lebte in Los Angeles County.,0,[],[]
763,Clarence Melvin,0,[],[]
55,Claudia Schiffers Vater war Rechtsanwalt.,0,[],[]
1436,Clive of India verstarb am 22.,0,[],[]
19,Colgate ist auf der Liste der einhundert besten Hochschulen für homo- und bisexuelle Studierende.,0,[],[]
564,College Green,0,[],[]
1510,Cooper und Esposito waren verheiratet von Dezember 2006 bis Mai 2007.,0,[],[]
1215,CPR steht für Herz-Lungen-Wiederbelebung.,0,[],[]
323,Crawley Town Football Club stammt aus der Stadt Crawley in West Sussex.,0,[],[]
225,Curbach wurde 2015 Vorsitzender des wissenschaftlichen Beirats der Bundesanstalt für Wasserbau BAW.,0,[],[]
1240,Curling und Militärpatrouille sind nicht als Demonstrationssportart gelistet.,0,[],[]
1241,Curling wurde 2006 bei den Olympischen Winterspielen offiziell eingeführt.,0,[],[]
1956,d'Urberville an der Pension in Sandbourne.,0,[],[]
1795,"Dal-bhat-tarkari ist ein Standardgericht, das zweimal am Tag gegessen wird.",0,[],[]
1393,Daman und Diu blieben nach der Spaltung ein Unionsgebiet.,0,[],[]
982,Danach wurde im 18.,0,[],[]
1358,Dang ist im indischen Bundesstaat Gujarat.,0,[],[]
189,"Dangauru Tharau befindet sich im westlichen Terai in Nepal in den Distrikten Dang Deukhuri, Banke und Bardiya.",0,[],[]
319,DAP steht für Diammoniumhydrogenphosphat.,0,[],[]
600,Darüber hinaus sollen drei weitere Nationalparks eingerichtet werden.,0,[],[]
1386,Darüber hinaus wurden die Wandmalereien von indischen Hochschulstudenten erstellt.,0,[],[]
1447,Das 20.,0,[],[]
217,"Das Adele-Lied „Rolling in the Deep"" war im Kinofilm „I Am Number Four"" aus dem Jahr 2011 zu hören.",0,[],[]
1429,Das allergische (extrinsische) Asthma und das nicht-allergische (intrinsische) Asthma.,0,[],[]
1649,Das Aufrechterhalten einer konstanten Körpertemperatur wird durch Wärmedämmung beschrieben.,0,[],[]
1128,Das Bauwerk besteht aus sieben dreieckig geformten Wänden.,0,[],[]
502,"Das Bild ""Turkmenische Teppichweberinnen"" wurde 1971 entstanden.",0,[],[]
181,Das Bomben-Navigationsradar.,0,[],[]
310,Das Café de la Régence befand sich in Paris.,0,[],[]
273,Das Dorf Trang existiert nicht.,0,[],[]
754,Das Dream Theater wurde im September 1985 gegründet.,0,[],[]
1584,Das dritte Home Rule Gesetz wurde 1914 verabschiedet.,0,[],[]
148,Das Durchschnittseinkommen der Männer betrug 28.884 USD.,0,[],[]
157,"Das Durchschnittseinkommen eines Haushalts betrug 27.066 USD, das Durchschnittseinkommen der Familien 32.431 USD.",0,[],[]
243,Das Durchschnittseinkommen von Männern betrug 26.302 USD.,0,[],[]
27,"Das Ende der letztlichen Aktivitätsperiode der argentinischen Hawks war 1964, da einige davon bis in die 1960er-Jahre in Betrieb gehalten wurden.",0,[],[]
477,"Das Gebäude, in das die Regierung im Sommer zog, war das Landhaus des Vizekönigs in Darjiling.",0,[],[]
1841,Das Geschäft auf der Rue Royale brannte 1871 during der Pariser Kommune nieder.,0,[],[]
541,Das Glas für die Säulen wurde vom Emmaboda glasverk in Schweden entwickelt.,0,[],[]
481,Das Grundstück wird heute vom National Botanical Research Institute von Indien genutzt.,0,[],[]
752,Das Hauptquartier von Reliance Industries Limited befindet sich in Mumbai.,0,[],[]
1924,"Das Hauptziel der OFID besteht in der Förderung der Süd-Süd-Kooperation mit anderen Entwicklungsländern weltweit mit dem Ziel, die Armut gänzlich zu überwinden.",0,[],[]
30,Das Hawk 75A-5 wurde erst in China unter Lizenz gebaut und dann die Produktion nach Indien verlegt.,0,[],[]
523,Das Hereroland umfasst das sogenannte Hereroland; dies besteht hauptsächlich aus der östlichen namibischen Region Omaheke sowie Teilen der Regionen Otjozondjupa und Kunene.,0,[],[]
110,Das Herzogtum wurde 1057 ein zweites Mal mit der Toskana vereinigt.,0,[],[]
1448,Das Jahr 1922.,0,[],[]
363,Das jährliche Durchschnittseinkommen der Männer betrug 24.861 USD.,0,[],[]
1498,Das Jasper Ridge Biological Preserve wird von Biologen für Forschungszwecke verwendet.,0,[],[]
1642,Das Kiefergelenk von Säugetieren besteht aus den Deckknochen Dentale (dem zahntragenden Unterkieferknochen) und Squamosum (kleiner Schädelknochen).,0,[],[]
645,Das Liberale Forum (LIF) war eine österreichische Partei.,0,[],[]
1502,"Das Männchen des Himalaya-Glanzfasans wiegt bis zu 2,5 kg.",0,[],[]
1085,"Das Meisterwerk des jungen Künstlers ist ""The Dying Hercules"".",0,[],[]
526,Das moderne Usbekische und das Uigurische sind den direkten Nachfolgesprachen des Chagatai.,0,[],[]
785,Das Museums-Haus Gaudí wurde am 28.,0,[],[]
1572,Das neunte Kind war Graf.,0,[],[]
1334,"Das offizielle Bezeichnung des Königreichs Jugoslawien war ""Staat der Slowenen, Kroaten und Serben"" bis 1929.",0,[],[]
151,Das P-600 war strikt als reines Jagdflugzeug konzipiert.,0,[],[]
1273,Das Paar heiratete am 17.,0,[],[]
712,Das Pantanal hauptsächlich im mittleren Südwesten von Brasilien.,0,[],[]
283,"Das Parlament ist in der Lage, die Macht eines Prinzen zu begrenzen.",0,[],[]
1116,Das Projekt heißt phoneME.,0,[],[]
127,Das Projekt Neom wird von Klaus Kleinfeld geleitet.,0,[],[]
1021,Das Qingming-Fest wurde seit 2008 auf dem chinesischen Festland zu einem offiziellen Feiertag.,0,[],[]
769,Das Ranking basiert auf 20 Ländern.,0,[],[]
992,Das RDFRS wurde im Jahre 2006 gegründet.,0,[],[]
727,Das Repräsentantenhaus und der Senat.,0,[],[]
672,Das Sarvadarshanasaṃgraha wurde im 14.,0,[],[]
133,Das Schiff Honolulu trat 1939 der Pazifikflotte bei.,0,[],[]
232,"Das Schiff war ursprünglich der Zerstörer, wurde aber als SPS Alcalá Galiano in Dienst gestellt.",0,[],[]
419,Das Schiff wurde am 1.,0,[],[]
168,Das Spiel Five Nights at Freddy's: Sister Location wurde am 7.,0,[],[]
740,"Das Spiel, bei dem es auch verwendet wurde, war Prince of Persia: Warrior Within.",0,[],[]
1451,Das TRIPS-Abkommen muss ratifiziert werden.,0,[],[]
638,Das Unternehmen wurde 1736 als Barclays genannt.,0,[],[]
1823,Das Unternehmen wurde 1961 getrennt.,0,[],[]
1385,"Das vollständige Name der Firma ist Western India Vegetable Products Limited, wurde aber später zu Wipro abgekürzt.",0,[],[]
1471,Das wissenschaftliche Modell für Quarks wurde Anfang der 1960er Jahre vorgeschlagen.,0,[],[]
1410,Das World Wide Web Consortium (W3C) wurde im Herbst 1994 geschaffen.,0,[],[]
1408,Das World Wide Web wurde 1991 bis 1993 erschaffen.,0,[],[]
858,"Das Ziel der NROs besteht darin, weltweit einzelne Personen über NROs und deren Auswirkungen aufzuklären.",0,[],[]
1041,"Das Ziel des Joggens ist das Steigerung der körperlichen Ausdauer, der physischen Leistungsfähigkeit, des Herz-Kreislauf-Systems, der Knochendichte sowie der Fitness.",0,[],[]
32,Das Ziel des Schiehallion-Experiments war die Bestimmung der mittleren Massendichte der Erde durch die Messung der geringfügigen Lotabweichung.,0,[],[]
857,"Das Ziel war, Menschen zu inspirieren, sie aktiver in Nichtregierungsorganisationen (NROs) einzubringen und eine stärkere Symbiose zwischen NROs und dem öffentlichen und privaten Sektor zu fördern.",0,[],[]
561,David Eccles war für die dekorativen Vorbereitungen zuständig.,0,[],[]
974,"Dean war zu diesem Zeitpunkt neun Jahre alt, als seine Mutter starb.",0,[],[]
1596,Deborah Wasserman Schultz war eine US-Abgeordnete des Bundesstaates Florida.,0,[],[]
1918,debütierte im Lucha Libre Wrestling mit 14 Jahren.,0,[],[]
1505,"Deobandi wird in Pakistan und Indien, Bangladesch, Afghanistan, Malaysia, Südafrika und Indonesien praktiziert.",0,[],[]
626,Der 3.,0,[],[]
1304,"Der Alumni-Vorstand besteht aus dem CAA-Präsidenten, dem CEMS Executive Director, einem Vertreter des CEMS-Studentenvorstands, einem Vertreter der CEMS-Mitgliedshochschulen, 3 Local-Committee-Vertretern, 2 Senior-Alumni und 2 Junior-Alumni.",0,[],[]
321,Der am 28.,0,[],[]
289,Der Andamanensee und der Golf von Thailand grenzen an die Landenge.,0,[],[]
1364,Der Angabe nach geschah das Ereignis im Mai.,0,[],[]
1842,Der Angriff der sowjetischen Streitkräfte begann im November.,0,[],[]
1888,"Der atlantische Riesenzackenbarsch kommt von den Florida Keys, den Bahamas, der Karibik bis in brasilianische Küstengewässer vor.",0,[],[]
747,Der Battagram Distrikt liegt in Pakistan.,0,[],[]
376,Der Bauvertrag mit der John F. Kennedy betrug 374 Mio.,0,[],[]
791,Der Bechdel-Test tauchte zum ersten Mal 1985 auf.,0,[],[]
531,"Der Beutelteufel ist das größte lebende, fleischfressende Beuteltier.",0,[],[]
1700,Der Bewaldungsanteil des Staates Minnesotas liegt bei etwa einem Drittel.,0,[],[]
457,Der Blor-Bau des Ostflügels fand zwischen 1847 und 1850 statt.,0,[],[]
805,Der Chobe-Nationalpark wurde in einen Nationalpark verwandelt.,0,[],[]
431,Der Coppermine River entspringt beim Lac de Gras.,0,[],[]
1155,Der Da Vinci Code erschien im Jahr 2003.,0,[],[]
374,Der dadurch erlittene Schaden war für das Bakufu immens.,0,[],[]
1167,Der Debüt-Film dieser Person gehörte zum DramenGenre.,0,[],[]
79,Der Diamantenhändler wurde ausgenutzt.,0,[],[]
485,"Der Englische Schweiß wird auch als sudor anglicus, Schweißfieber, Schweißsucht, pestis sudorosa oder kalter Schweiß genannt.",0,[],[]
1060,Der Erfolg Kiplings mit seinen Werken in den frühen 1930er Jahren ging immer mehr aus.,0,[],[]
764,Der erste Flug startete also zwischen Anchorage und Bristol Bay.,0,[],[]
787,Der erste größere öffentliche Auftritt fand 1955 statt.,0,[],[]
1040,Der erste Jogging-Club wurde 1961 gegründet.,0,[],[]
21,Der erste Prototyp des Curtiss Modells 75 wurde im Jahr 1934 gebaut.,0,[],[]
404,Der erste Solo-Aufstieg des Projekts wurde auf der Nordwand des Cholatse (6440 m) und der Ostwand des Tawoche (6505 m) durchgeführt.,0,[],[]
782,Der erste Sonntagstrip von Tarzan erschien am 15.,0,[],[]
1101,Der erste Trailer für Mission: Impossible - Fallout wurde während der Halbzeitpause des Super Bowls am 4.,0,[],[]
1883,Der Europäische Wolfsbarsch.,0,[],[]
1279,"Der Fǎbì wurde eingeführt, um den Zusammenbruch des Silberstandards zu bekämpfen und die Wirtschaftsstabilität zu gewährleisten.",0,[],[]
793,Der Fernsehdienst war ab 1972 in Bombay (Mumbai) verfügbar.,0,[],[]
699,"Der Film ""The Equalizer"" kam am 9.",0,[],[]
1228,"Der Film sollte laut Konzept eine Mischung aus ""A Hard Day's Night"" und ""Star Wars"" sein.",0,[],[]
1383,Der Film war bei den Golden Globe Awards 2008 in fünf Kategorien nominiert.,0,[],[]
873,Der Fluss hieß früher Zhe Jiang.,0,[],[]
1219,"Der Fluss Tschüi verhilft dem Land zur Fruchtbarkeit, da es für die intensive Bewässerung der fruchtbaren Böden in diesem Gebiet genutzt wird.",0,[],[]
250,Der Fußballverein sitzt in Viterbo.,0,[],[]
1885,Der Geburtstag von John Alan Lasseters ist der 12.,0,[],[]
408,Der Generalbefehl wurde am 6.,0,[],[]
377,"Der Gewinner des Booker Prize wird durch einen Juri ausgewählt, der jährlich von einem Beirat berufen wird.",0,[],[]
1576,"Der Graf kam nach New York City, USA.",0,[],[]
1709,Der größte Verkehrsflughafen in Minnesota ist der Minneapolis-St.,0,[],[]
417,Der Hahn wurde im Nationalpark Gunung Leuser im Hochland von Gayo beobachtet.,0,[],[]
721,Der Herzbube wird in Alice im Wunderland wegen Diebstahls vor Gericht gestellt.,0,[],[]
815,"Der heutige Name von De architectura ist ""Die Zehn Bücher über Architektur"".",0,[],[]
1503,Der Himalaya-Glanzfasan kommt vom östlichen Afghanistan bis zur Ostgrenze Bhutans und in Teile Tibets vor.,0,[],[]
1398,Der höchste Gipfel von Antarktika ist Mount Vinson mit einer Höhe von 4892 Metern.,0,[],[]
1078,"Der höchste Punkt in Schweden liegt auf einer Höhe von etwa 2.100 m über dem Meeresspiegel, der Kebnekaise.",0,[],[]
249,Der italienische Fußballverein Viterbese spielt derzeit in der Serie C.,0,[],[]
1702,Der Jahresniederschlag in Minnesota reicht von rund 480 mm im Nordwesten bis zu 860 mm im Südosten.,0,[],[]
1698,Der Kanadische Schild befindet sich im Nordosten Minnesotas.,0,[],[]
1991,Der Katepano Johannes Kurkuas wurde Anfang 1010 im Kampf getötet.,0,[],[]
1265,Der Kern wurde in einem 90-nm-Prozess gefertigt.,0,[],[]
934,Der Klub wurde zum ersten Mal im Jahr 1899 erwähnt.,0,[],[]
1761,Der Kodiakbär gehört zur Unterart des Braunbären.,0,[],[]
1160,Der Koran besteht aus 114 Suren.,0,[],[]
1964,"Der letzte deutsche Monarch, Günther Victor von Schwarzburg-Rudolstadt, abdankte am 25.",0,[],[]
601,"Der letzte gewählte polnische König, also der letzte Herrscher im Zentrum des polnischen Klassizismus, war Stanislaus II.",0,[],[]
1689,Der Manchinelbaum wird als einer der giftigsten Bäume der Welt erachtet.,0,[],[]
1283,"Der Mandschukuo-Yuan war ursprünglich an eine Silberbindung gebunden, ab 1935 dann an den Japanischen Yen.",0,[],[]
1262,"Der Name des Kerns, der von Intel im Jahr 2002 herausgegeben wurde, ist Northwood.",0,[],[]
546,Der Name des zweiten Albums von Goulding ist Halcyon.,0,[],[]
1616,Der Name Epimetheus wurde offiziell am 30.,0,[],[]
1537,"Der Name Konstanz stammt entweder von Constantius I., der um 300 n. Chr.",0,[],[]
1248,Der nepalesische Distrikt Ilam liegt nördlich von Jhapa.,0,[],[]
862,Der NGO-Welttag wird in sechs Kontinenten gefeiert.,0,[],[]
1925,Der OFID-Sitz befindet sich in Wien.,0,[],[]
450,Der Palast sollte eine respektvolle und funktionierende Residenz für die britische Monarchie sein.,0,[],[]
1366,"Der Präsident einer Bank ist traditionell immer ein Japanese, weil Japan einer der größten Anteilseigner der Bank ist und diese Tradition aufrechterhalten wird.",0,[],[]
1545,Der Präsident von Weißrussland ist Alexander Lukaschenko.,0,[],[]
979,Der Preis wurde für seine überragende Leistung in der Musik verliehen.,0,[],[]
1346,Der private SSH-Schlüssel kann mit einem Passwort geschützt werden.,0,[],[]
572,"Der protestantische König Jakob I., seine Familie und ein Großteil der Aristokratie wäre zerstört worden.",0,[],[]
1975,Der Rat der Volksvertreter endete am 7.,0,[],[]
1882,"Der Rücken ist dunkelgrau, die Färbung wird an den Seiten zunehmend heller, der Bauch ist fast weiß.",0,[],[]
1323,"Der schneereichste Winter, der jemals aufgezeichnet wurde, war der Winter 1983/84 in Minneapolis, als 2,5 Meter Schnee fielen.",0,[],[]
1337,Der Sheriff in Selma war Jim Clark.,0,[],[]
1520,"Der Sitz von Pixar befindet sich in Emeryville, Kalifornien.",0,[],[]
691,Der Song wurde in Malibu am Klavier geschrieben.,0,[],[]
669,Der South Nahanni River entspringt am Mount Christie in den Mackenzie Mountains auf einer Höhe von 1600 m.,0,[],[]
899,Der Spielball wiegt zwischen 567 und 650 Gramm.,0,[],[]
961,Der Stern Mirach ist ca.,0,[],[]
484,Der Süden Chinas wurde von Kriegen erschüttert.,0,[],[]
916,Der Sultan wurde im Mai geboren.,0,[],[]
2,"Der Text nennt nur, dass in Spokane bis zur Mittagszeit eine Sichtweite von drei Metern herrschte, was darauf hinweist, dass die Asche dort ebenfalls fiel, aber die genaue Ankunftszeit wird nicht genannt.",0,[],[]
15,Der theologische Zweig der Colgate University wurde nach der Fusion mit dem Rochester Theological Seminary zur Colgate Rochester Divinity School.,0,[],[]
692,Der Turibaum (Sesbania grandiflora) gehört zur Familie der Hülsenfrüchtler (Fabaceae).,0,[],[]
358,Der Umzug wird vom Münchner Kindl (heute eine Frau) angeführt.,0,[],[]
1558,Der Unterschied zwischen Demand Chain Management und Supply Chain Management liegt in der Betonung auf die Nachfrageseite.,0,[],[]
1556,Der ursprüngliche Name von Leo war Konon.,0,[],[]
1670,Der Vater von Philipp II.,0,[],[]
1485,Der Vertrag von London wurde 1604 geschlossen.,0,[],[]
1212,Der Vertrag von Petrópolis wurde am 17.,0,[],[]
560,"Der Vertrag zur Vereinigung der Streitkräfte, der Währung und des Wirtschaftsraumes in der Konföderation Senegambia wurde nach dem versuchten Schlag abgeschlossen.",0,[],[]
1769,Der Verwaltungssitz von Wood County ist Bowling Green.,0,[],[]
1003,"Der Vizepräsident kann zum Präsidenten werden, wenn dieser durch Tod, Rücktritt oder Entlassung aus dem Amt替换为德语版本： Der Vizepräsident kann zum Präsidenten ernannt werden, wenn dieser durch Tod, Rücktritt oder Entlassung aus dem Amt",0,[],[]
860,Der Welttag der NRO.,0,[],[]
1387,Der Zug kann mit einer Geschwindigkeit von ca.,0,[],[]
1097,Der Zweite Englisch-Birmanische Krieg brach 1852 aus.,0,[],[]
1922,Des Moines ist die Hauptstadt und größte Stadt des US-Bundesstaates Iowa.,0,[],[]
1188,Deutscher Boxer,0,[],[]
1625,Deutschland und Kanada waren die letzten Kandidaten für die Frauen-Weltmeisterschaft 2011.,0,[],[]
1161,Dezember,0,[],[]
408,Dezember 1922 herausgegeben.,0,[],[]
206,Dezember 1935 von seinem Amt zurück.,0,[],[]
1519,Dezember 1950.,0,[],[]
1594,Dezember 1966 wird Audouin Dollfus zugeschrieben.,0,[],[]
1226,Dezember 1973 in der Academy of Music in New York statt.,0,[],[]
1318,Dezember 1982 in Houston (Texas) zur Welt gebracht.,0,[],[]
1447,Dezember 2000.,0,[],[]
1394,Dezember 2011 vom Weltraumteleskop Kepler entdeckt.,0,[],[]
1747,Dezember als Fraktionsvorsitzender der CDU/CSU-Fraktion im Deutschen Bundestag Oppositionsführer.,0,[],[]
135,Dezember an Espírito Santo angekommen.,0,[],[]
1979,Dezember die Residenz an.,0,[],[]
327,DFW ist der IATA-Code für den Flughafen Dallas/Fort Worth.,0,[],[]
944,Dicht unter der Oberfläche des Enceladus wurde unterirdisches Wasser gefunden.,0,[],[]
1284,Die 1-Yuan-Note wurde erst 2004 ausgegeben.,0,[],[]
209,Die 747-400 war bis zum Erscheinen des Airbus A380 das größte Passagierflugzeug der Welt.,0,[],[]
986,"Die A92 dient heute als touristische Route nach Süden, nachdem die A90 gebaut wurde.",0,[],[]
1620,"Die afghanischen Medien verschwiegen, dass Taraki wahrscheinlich mit einem Kissen erstickt wurde.",0,[],[]
1834,Die ägyptische Stella von Wadji ist im Louvre zu sehen.,0,[],[]
1917,Die aktuelle Währung in Puerto Rico ist der US-Dollar.,0,[],[]
1753,Die alte Definition für die longitudinale und transversale Masse wurde überflüssig.,0,[],[]
406,"Die ältesten Minen befinden sich in Cerrillos (New Mexico), die als die älteste Mine erwähnt wird und vor 1920 sogar die größte Mine der USA war.",0,[],[]
1632,"Die am weitesten verbreitete Religion auf Nauru ist der Protestantismus, insbesondere die Nauru Congregational Church mit 35,7 % der Bevölkerung.",0,[],[]
373,"Die Ansei-Reform hat versucht, niederländische Kriegsschiffe zu benutzen.",0,[],[]
1965,"Die Arbeiter- und Soldatenräte dienten zur Entmachtung militärischer Generalkommandos und zur Oberaufsicht über zivilen Verwaltungsweg, ohne die bisherigen Behörden und Amtsträger zu stürzen.",0,[],[]
1194,Die Auslöser für Gastroschisis sind nach wie vor nicht geklärt.,0,[],[]
1980,Die Ausschaltung der Regierung Ebert erwarteten die spartakistischen Revolutionäre von den Seeleuten nicht.,0,[],[]
897,Die Basketballmeisterschaft der Frauen im 1926 veranstalteten Jahr folgte den für den Männer-Basketball vorgeschriebenen Regeln.,0,[],[]
218,"Die Beeren haben je nach Sorte grün, gelb bis purpurrot.",0,[],[]
261,Die Beeren werden traditionell von Hand geerntet.,0,[],[]
1044,Die beiden am häufigsten angewendeten Projektionen sind die cranio-caudale Abbildung und die MLO-Aufnahme.,0,[],[]
4,Die beiden Hauptgründe für die Annullierung von Flügen waren schlechte Sicht und große Ascheansammlungen aufgrund des Ascheregens.,0,[],[]
267,"Die bekannten Merkmale Thailands sind die Gebirge im Norden, die Zentralebene des Chao Phraya und eine Hochebene.",0,[],[]
774,Die Belagerung von Seringapatam fand 1799 statt.,0,[],[]
31,"Die beliebteste Single des Albums war ""I'm Your Angel"", ein Duett mit R. Kelly, die sechs Wochen lang an der Spitze der amerikanischen Charts stand.",0,[],[]
454,"Die Berichte über den Bombenangriff auf den Buckingham Palace wurden in allen Kinos Englands gezeigt, um zu zeigen, dass Reiche und Arme gemeinsam litten.",0,[],[]
1209,Die beste verfügbare Auflösung beträgt 15 cm.,0,[],[]
1811,Die Bevölkerung der Insel beträgt 127 Einwohner.,0,[],[]
1418,Die Bevölkerungszahl nach der Volkszählung 2010 betrug 1.010.073 Bewohner.,0,[],[]
850,Die Boeing 737-200 flogen ursprünglich auf den Routen von London Luton nach Glasgow und Edinburgh.,0,[],[]
1912,"Die Briten unter Führung von Clifford trafen auf spanischen Widerstand, als sie von Condado aus versuchten, die San-Antonio-Brücke nach San Juan zu überqueren.",0,[],[]
482,"Die britischen Gefallenen wurden in einem Massengrab beigesetzt, während die indischen Toten liegen gelassen wurden.",0,[],[]
1880,Die Broadway-Lichter wurden Katharines Hepburn zu Ehren verdunkelt.,0,[],[]
1303,Die CAA wurde 1993 von CEMS-Absolventen gegründet.,0,[],[]
906,Die Datenbank heißt Geographic Names Information System (GNIS).,0,[],[]
365,"Die DB-1 stand in Konkurrenz zur Boeing Model 299, der späteren B-17 Flying Fortress und dem Martin Model 146.",0,[],[]
170,Die Deportierten waren im Zug 20 Stunden unterwegs.,0,[],[]
1009,Die Dermatophagie kann zu Blutungen und Verfärbungen der Haut führen.,0,[],[]
532,Die Diät des Beutelteufels hängt ab von den verfügbaren Nahrungsquellen.,0,[],[]
635,Die Dreharbeiten begannen am 14.,0,[],[]
179,Die Dreharbeiten begannen am 4.,0,[],[]
819,Die Dreharbeiten begannen im März.,0,[],[]
1135,Die Dreharbeiten fanden in den Vereinigten Staaten und Schottland statt.,0,[],[]
900,"Die Drei-Punkte-Linie ist 6,75 Meter vom Mittelpunkt des Korbes entfernt.",0,[],[]
91,"Die Duncan wurde dem Wasser überlassen, während es in Flammen aufging.",0,[],[]
1882,Die dunkle Seitenlinie ist gut erkennbar.,0,[],[]
650,"Die Dura mater ist die Membran, die mit zwei Bereichen des Schädels verbunden ist.",0,[],[]
163,Die durchschnittliche Körperlänge des Dickschnabelkittas beträgt 66 cm.,0,[],[]
1979,Die Ebert treuen Truppen griffen am Morgen des 24.,0,[],[]
1425,Die Ehe wurde nach 55 Stunden annulliert.,0,[],[]
1914,"Die Einwanderung nach Puerto Rico führte zu einem wirtschaftlichen Wachstum basierend auf Landwirtschaft, wobei Zucker, Tabak und Kaffee wichtige Produkte wurden.",0,[],[]
1621,"Die Eisenbahnstrecke ist die wichtigste Infrastruktur, die Regierungen, dem Militär und der Wirtschaft von Siedlungen hilft.",0,[],[]
1317,Die Eltern von David Cook heißen Beth Foraker (geb.,0,[],[]
1594,Die Entdeckung von Janus am 15.,0,[],[]
1482,Die Erreger der Malaria im Blut von Patienten wurden von Laveran als Auslöser von Malaria bekannt.,0,[],[]
1726,Die erste Ausgabe der Geschichte des Niedergangs und dem Fall des römischen Reichs wurde zwischen 1776 und 1789 veröffentlicht.,0,[],[]
715,Die erste Farbsendung von CBS war mit der vorhandenen Schwarz-Weiß-Fernsehtechnik inkompatibel.,0,[],[]
1226,Die erste offizielle Premiere von Kiss fand am 31.,0,[],[]
1095,Die ersten Regeln für Handball wurden 1906 verfasst.,0,[],[]
1315,"Die erwachsenen Vögel sind an der Körperoberseite und an den Halsseiten dunkelbraun gefärbt, besitzen jedoch silbrigweiße Schaftstriche.",0,[],[]
449,Die Erweiterung des Buckingham Palace im 18.,0,[],[]
905,Die Familie zog nach Bombay um.,0,[],[]
1866,Die Familie zog nach dem Attentat auf den Zar Alexander II.,0,[],[]
903,"Die FIBA besteht aus Gründungsmitgliedern wie Argentinien, Griechenland, Italien, Lettland, Portugal, Rumänien, Schweiz und Tschechoslowakei.",0,[],[]
1319,Die finanziellen Probleme des Raffles Hotel wurden durch die Gründung einer Aktiengesellschaft im Jahr 1933 überwunden.,0,[],[]
781,Die Fläche des Agra-Bezirks beträgt 4041 km².,0,[],[]
1901,Die Fortpflanzungszeit der Puerto-Rico-Amazone dauert von Januar bis Juli.,0,[],[]
984,"Die Frage ist nicht präzise genug, um einen eindeutigen Antwortwert zu bestimmen.",0,[],[]
452,"Die Frage kann nicht beantwortet werden, da keine Informationen über eine aktuelle Königin vorhanden sind.",0,[],[]
116,"Die Franklin wollte hin zu den Marianen-Inseln, um dort Luftangriffe durchzuführen und vorbereitende Maßnahmen für die kommenden amphibischen Landungsoperationen zu treffen.",0,[],[]
1553,Die französische Armee stand im März 1689 auf der Seite von König Jakob.,0,[],[]
1732,Die Frau von Ptolemaios war Eurydike.,0,[],[]
545,Die Frist für die Angabe des Interesses war bis zum 15.,0,[],[]
90,Die Fubuki sank bereits kurz nach Gefechtsbeginn.,0,[],[]
1315,"Die Füße und Beine sowie das Unterschnabel sind blaugrau, während der Oberschnabel schwärzlich und die Augen dunkelbraun sind.",0,[],[]
1098,Die gemeinsame Sprache und vor allem Ethnie werden von den Südkoreanern als wichtiger Bestandteil der Identität betrachtet.,0,[],[]
1839,"Die geschätzte Zahl der Toten bei der Flutkatastrophe in China 1931 reicht von 145.000 bis 3,7 Millionen.",0,[],[]
970,"Die Geschichte der Han-Dynastie handelt von militärischen und politischen Auseinandersetzungen, Intrigen und Schlachten, die letztlich zur Auflösung der östlichen Han-Dynastie und zur Entstehung der Drei Reiche führten.",0,[],[]
432,"Die Geschlechter der Sprunggelenke sind zwar gleich groß, unterscheiden sich jedoch hinsichtlich der Fellfärbung.",0,[],[]
789,"Die Geschmackssorten sind Vanille, Himbeere, Orange, Heidelbeere, grüner Apfel und Zitrone.",0,[],[]
65,Die Graue Bergraseneule oder Violettgraue Kapseleule gehört zur Familie der Eulenfalter (Noctuidae).,0,[],[]
584,Die Great Trigonometrical Survey diente der Grundlagenvermessung des Indischen Subkontinents durch trigonometrische Vermessungsnetze.,0,[],[]
539,"Die Grön eld Glasskulptur ist neun Meter高 user Antwort auf Deutsch, bitte.",0,[],[]
556,Die größte Monster-Truck-Serie ist Monster Jam.,0,[],[]
1349,Die größte VBSMC-Blockgröße ist 16 × 16 Pixel.,0,[],[]
150,"Die Grundkonstruktion der Flugzeuge stammt aus dem Northropprojekt N-300, das 1965 im Rahmen der Firma entwickelt wurde.",0,[],[]
234,Die Hauptfunktion der kleinen Vorstädten und Stadtmitten war das Zentrum gewerblicher und sozialer Aktivitäten.,0,[],[]
1892,"Die Hauptinseln in Malampa sind Malakula, Ambrym und Paama.",0,[],[]
627,"Die Hauptreligion im Gebiet von British-Indien, das zu Pakistan wurde, war Muslimisch.",0,[],[]
829,Die Hauptstadt ist Vientiane.,0,[],[]
1652,Die Hauptstadt Somalis heißt Jijiga.,0,[],[]
493,"Die Hauptstadt von Laos, Vientiane (Viang Chan), liegt auf der anderen Seite des Mekong von der Provinz Nong Khai in Thailand.",0,[],[]
1835,Die Hinspiele waren für den 14. und 15.,0,[],[]
1324,"Die höchste jemals gemessene Temperatur wurde im Juli 1936 auf 42,2 Grad Celsius aufgezeichnet.",0,[],[]
134,Die Honolulu-Operationen wurden vor Long Beach fortgesetzt.,0,[],[]
517,"Die indische Verfassung sieht vor, dass das Unterhaus des Parlaments, die Lok Sabha, alle fünf Jahre neu gewählt werden muss.",0,[],[]
1316,"Die induktive Erwärmung kann zur Anlassen, Glühen, Löten, Schweißen, Schmelzen, Aufschrumpfen und zur Materialprüfung verwendet werden.",0,[],[]
957,Die Information über das Licht von der Sonnenoberfläche zur Erde ist in der Liste nicht enthalten.,0,[],[]
458,Die Informationen zur Größe des Palasts in Delhi Durbar sind nicht enthalten in den bereitgestellten Texten.,0,[],[]
783,Die Informationen zur Tamil-Filmschau nicht gefunden.,0,[],[]
113,Die Internet-Symbolleiste von Google heißt die Google-Toolbar.,0,[],[]
400,Die Interstate 5 verläuft durch Eugene in Oregon.,0,[],[]
1158,Die Jōyō-Kanji-Liste wurde 1981 eingeführt.,0,[],[]
377,"Die Juroren werden aus Meinungsführern der Literaturkritiker, Schriftsteller, Literaturwissenschaftler und öffentlichen Persönlichkeiten gewählt.",0,[],[]
176,Die Kathedrale wurde vollständig aus roten Ziegeln gebaut.,0,[],[]
1057,"Die Kichererbse wird im Wesentlichen in Nordafrika und Afghanistan angebaut, aber auch in anderen teilen Asiens wie in der Türkei, Mexiko, Indien, Pakistan und Spanien.",0,[],[]
301,Die Königin weilte auf Balmoral Castle im Urlaub.,0,[],[]
1676,Die Krönung fand am 28.,0,[],[]
1020,Die Kubakrise befand sich 1962 auf dem Höhepunkt.,0,[],[]
478,Die Länge eines Orangespechts beträgt 26–29 cm.,0,[],[]
1538,Die linguistischen Daten müssen in einem genau festgelegten XML-Format erstellt werden.,0,[],[]
1171,Die Lippenhaut trocknet schneller aus und wird leichter spröde.,0,[],[]
1301,Die Lokalkomitees (LCs) sind für den Kontakt zu pflegen.,0,[],[]
1453,Die Luftfahrtrakete landete in der Inneren Mongolei.,0,[],[]
1213,Die Madeira-Mamoré-Eisenbahn.,0,[],[]
11,Die Magdiwang-Fraktion und die Magdalo-Fraktion wurden gespalten.,0,[],[]
809,"Die Mehrheit der Bevölkerung in Leeds bezeichnet sich als christlich, mit anglikanischen und römisch-katholischen Gemeinschaften.",0,[],[]
1983,"Die Mehrheit hoffte weiter, die Macht durch fortgesetzte Agitation in den Betrieben und den Druck der „Straße“ zu erringen.",0,[],[]
1079,"Die meisten ausländischen Einwohner in Schweden kommen aus Finnland, mit insgesamt 153.620 Personen im Jahr 2016.",0,[],[]
1507,Die meisten OLTP-fokussierten RDBMS-Systeme sind zeilenorientiert.,0,[],[]
26,Die meisten vom Wright-Cyclone-Motor angetriebenen Hawk 75A-8 wurden an einen norwegischen Trainingsstützpunkt nahe Toronto in Kanada geliefert.,0,[],[]
407,"Die Mine in Kalifornien befindet sich in San Bernardino, Imperial oder Inyo.",0,[],[]
856,"Die Mitgliedsländer des Ostsee-NRO-Forums waren Weißrussland, Dänemark, Estland, Finnland, Deutschland, Island, Lettland, Litauen, Polen, Russland, Norwegen und Schweden.",0,[],[]
1022,Die mongolische Saiga-Unterart kommt nur in der westlichen Mongolei vor.,0,[],[]
573,Die Motoren werden für militärische und zivile Luftfahrt- und Weltraumforschungsprogramme gebaut.,0,[],[]
1014,Die Mutter von Elizabeth Hurley arbeitete als Lehrerin an der Kempshott Infant School.,0,[],[]
1013,Die Mutter von Yagnik ist Shubha Yagnik.,0,[],[]
1274,Die nationalen Naadam-Spiele finden in der Hauptstadt Ulaanbaatar statt.,0,[],[]
1694,Die Nationalversammlung von St.,0,[],[]
149,Die Nester der Gentoo-Pinguine bestehen normalerweise aus einem kreisförmigen Stapel von Steinen.,0,[],[]
589,Die neue Glocke wurde am 10.,0,[],[]
453,"Die neue Hauptfassade wurde entworfen, um als Hintergrund für das Victoria Memorial zu dienen.",0,[],[]
1910,"Die nördliche Siedlung auf Puerto Rico wurde 1521 wegen eines geeigneten Hafens benannt und erhalten, was für Entdecker wie Christoph Kolumbus attraktiv war.",0,[],[]
1988,Die Novemberrevolution wird von den Deutschen nicht gerne gedacht.,0,[],[]
1688,Die Oberflächentemperatur auf Titan wird als −179 °C (94 K) angenommen.,0,[],[]
1347,Die offizielle Genehmigung der Videokodierungs-Standards durch die ITU und ISO/IEC erfolgte im Jahr 2003.,0,[],[]
190,Die Originalversionen der Umineko-Spiele verfügten über sehr einfache Grafiken.,0,[],[]
1420,Die Ovula Nabothi wurden nach Martin Naboth benannt.,0,[],[]
1181,Die Oxidation versucht den Kohlenstoff und andere Verunreinigungen zu beseitigen.,0,[],[]
1966,Die Parteiführer der SPD hielten die Handlungen des Rates für störend.,0,[],[]
1356,"Die Passagiere standen vor dem Problem, ohne Ausrüstung, mit wenig Proviant und ohne Karten einen elf Tage dauernden Abstieg vom Auyan-Tepui zu bewältigen.",0,[],[]
571,Die Peers' Lobby diente als Versammlungsraum und Informationszentrum für die Mitglieder des House of Lords.,0,[],[]
593,"Die Penny-Münzen werden verwendet, um den Schwerpunkt des Pendels zu verändern und somit die Schwingdauer zu optimieren.",0,[],[]
489,"Die Picardsche Fiefer, auch als Picardy sweat bezeichnet, trat in Frankreich, Italien und Süddeutschland auf.",0,[],[]
1231,Die Pressekonferenz fand am 16.,0,[],[]
159,Die Provinz liegt am nordöstlichen Rand von Thailand.,0,[],[]
273,"Die Provinz Trang ist in zehn Amphoe (Bezirke) gegliedert, die wiederum in 87 Tambon (Unterbezirke) aufgeteilt sind.",0,[],[]
1916,Die Puerto Ricaner haben im 19.,0,[],[]
1801,Die Pyramide war ursprünglich 49 m hoch.,0,[],[]
1683,Die Qualifikationsrunde endete am 15.,0,[],[]
1609,Die Rakete explodierte über der Erdatmosphäre von Washington D.C.,0,[],[]
1973,Die Räte wurden weitgehend ausgeschaltet.,0,[],[]
496,Die Ratte (Maus) ist das erste Tier im Sternzeichenzyklus.,0,[],[]
1495,"Die Region Malwa wurde von den Kulturen Gujarats, Rajasthans und Marathas beeinflusst.",0,[],[]
1985,"Die Revolutionären Obleute begannen sich zu bewaffnen, um den Sturz der Regierung Ebert zu unterstützen.",0,[],[]
1088,"Die RMS Queen Mary 2 ist das einzige Passagierschiff, das als Kreuzfahrtschiff eingesetzt wird.",0,[],[]
1371,Die Rockband The Eagles wurde 1971 in Los Angeles gegründet.,0,[],[]
398,Die Santa Ana Freeway verläuft durch die Bezirke von Orange und Los Angeles County.,0,[],[]
1271,Die Schwarzen Löcher im Zentrum großer Galaxien können bis zu mehreren Millionen bis Milliarden Sonnenmassen betragen.,0,[],[]
487,"Die Schweißkrankheit trat unabhängig von anderen bekannten Epidemien auf, insbesondere nicht von der Pest.",0,[],[]
390,"Die sechs Hauptcharaktere der Show heißen Rachel, Monica, Phoebe, Joey, Chandler und Ross.",0,[],[]
29,Die Seriennummer der P-36A ist 38-010.,0,[],[]
843,"Die Single hieß ""Shame"".",0,[],[]
565,Die Sitzungszimmer für die parlamentarischen Ausschüsse liegen im dritten und vierten Stockwerk.,0,[],[]
643,Die Slowakei nimmt seit 1994 an den Olympischen Spielen teil.,0,[],[]
625,Die Spektralklasse des Riesensterns ist K4 und die Leuchtkraftklasse III.,0,[],[]
1470,"Die Sprengsätze wurden in der Metro Sankt Petersburg gezündet, speziell zwischen den Stationen Sennaja Ploschtschad und Technologitscheski Institut.",0,[],[]
1838,"Die Stadt Washington ist in vier Quadranten eingeteilt: Northwest (NW), Southwest (SW), Northeast (NE) und Southeast (SE).",0,[],[]
1320,Die Streifen von der Augenstelle zur Schnauze der Indischen Gazelle sind dunkelbraun.,0,[],[]
1442,"Die Studios, wo der Film gedreht wurde, gehörten Disney.",0,[],[]
1802,"Die Substruktur wurde in einem tiefen, offenen Graben erbaut.",0,[],[]
184,"Die Tageslicht-Missionen der RB-45C endeten kurz nach Anfang 1952, da sie für Nachtoperationen eingesetzt wurden und anschließend von der Front zurückgezogen wurden.",0,[],[]
198,Die Temperatur im äußeren Halo beträgt etwa 15.000 K.,0,[],[]
761,"Die tiefe Inzision bewirkt in diesem Kontext, dass die großen Blutgefäße sowie die Luft- und Speiseröhre des getöteten Tieres durchtrennt werden.",0,[],[]
479,Die tiefliegenden Populationen der Orangespechte können bis 1700 m Höhe vorkommen.,0,[],[]
925,Die Tuberkulose wurde in Wyoming in Bisonresten von vor 17.000 Jahren entdeckt.,0,[],[]
1805,"Die typische Nahrung eines Engelhais besteht aus Weichtieren, kleinen Fischen und Krebstieren.",0,[],[]
1529,Die Umfrage wurde im Jahr 2003 durchgeführt.,0,[],[]
1127,Die Unabhängigkeit Bangladeschs geht auf den Bangladesch-Krieg zurück.,0,[],[]
86,"Die Ungewissheit über die genauen Mechanismen der Phagentherapie und D'Hérelles Unbeirrtheit trotz kritischer Angriffe anderer Wissenschaftler führten dazu, dass er von seinen Kollegen nicht ernstgenommen wurde.",0,[],[]
768,Die Universität Heidelberg rangiert national auf dem ersten Platz.,0,[],[]
1430,"Die Ursachen für Unterschiede in der Asthma-Veranlagung können Infektionen, bestimmte Medikamente, giftige oder irritierende Stoffe, körperliche Belastung und die Refluxerkrankung sein.",0,[],[]
1328,Die ursprüngliche tonganische Flagge war weiß mit einem roten Kreuz in der Mitte.,0,[],[]
613,Die US Open 2007 wurden im August/September 2007 eröffnet.,0,[],[]
1579,Die USA bestanden aus dreizehn Kolonien.,0,[],[]
1440,Die Verfilmung begann am 15.,0,[],[]
139,"Die Verluste der Ägypter wurden in manchen Quellen mit 10–12.000 angegeben, was trotz ihrer numerischen Überlegenheit deutet, dass die Kreuzfahrerarmee stärker oder besser organisiert war.",0,[],[]
1720,Die Versorgungslinien zur Republik Vietnam wurden abgeschnitten.,0,[],[]
559,"Die vielen ethnischen Gruppen in Gambia sind hauptsächlich durch ihre eigenen Sprachen definiert, was zur Polyglottheit der Gambier führt.",0,[],[]
1382,Die Vietnam Airlines Corporation besteht aus Vietnam Airlines und rund 20 flugbezogenen Geschäftsbereichen.,0,[],[]
575,Die von RT-Business Development eingesetzte Strategie heißt Rostec-Strategie.,0,[],[]
1315,"Die Vorderbrust, das Gesicht und die Kehle sind schwarzbraun bis schwarz.",0,[],[]
671,Die Werke stammen aus dem 8. bis 12.,0,[],[]
598,Die Wikinger reisten mit ihren Langschiffen.,0,[],[]
813,"Die WWF Tag Team Meisterschaft fand zweimal statt, jeweils mit Jim Neidhart.",0,[],[]
326,Die Zitadelle wurde 2011 zum UNESCO-Welterbe erklärt.,0,[],[]
354,Die Zweite australische Imperial Force begann anfänglich mit über 20.000 Mann.,0,[],[]
153,Die zweite YF-17 (S/N 72-1570) flog am 21.,0,[],[]
1509,Dies geschah während seines Regierungszeitraums.,0,[],[]
125,"Diese bestimmte Trdat als armenischen König, der dann während der Versammlung mit einem Diadem gekrönt wurde.",0,[],[]
1133,Diese Rate steigt im Alter auf rund 20 %.,0,[],[]
377,"Dieser Beirat besteht aus einem Schriftstellervertreter, zwei Verlegern, einem Literaturagenten, einem Buchhändler, einem Bibliothekar sowie einem Moderator und Vorsitzenden der Bookerpreisstiftung.",0,[],[]
1051,"Digitale Wasserzeichen werden eingesetzt, um Rechteinhaberinformationen zur Urheberrechtsverfolgung in Bilder, Videos, Audiodaten, Texte und andere Medien einzubetten.",0,[],[]
316,"Dirie lebte später in Mogadischu bei ihrer Tante und in London, wo sie zunächst in den Straßen lebte und später im YMCA-Heim.",0,[],[]
641,Dirk Sager war ein deutscher Journalist.,0,[],[]
357,Division in Malaya.,0,[],[]
933,Doyle wurde auf dem All Saints Churchyard der All Saints Church des kleinen Ortes Minstead beerdigt.,0,[],[]
421,Dr.,0,[],[]
921,Dr.,0,[],[]
202,Dragon Quest VIII ursprünglich für die PlayStation 2 hergestellt.,0,[],[]
466,Drei Kinder der Königin wurden im Musikzimmer getauft.,0,[],[]
679,Drei unterschiedliche Skalen wurden entwickelt.,0,[],[]
58,Drei Wochen.,0,[],[]
111,Dschibuti befindet sich in Ostafrika an der Meerenge Bab al-Mandab.,0,[],[]
253,Duke,0,[],[]
1350,Durch die Explosionen wurden drei Menschen getötet.,0,[],[]
1931,Durch erfolgreiche Interventionen wird so die Armut reduziert.,0,[],[]
724,Durch Marokko entgleiste die Konferenz in 2005.,0,[],[]
292,Edward war verheiratet mit Wallis Simpson.,0,[],[]
1525,"Ein Amethyst kann von einem sehr hellen, leicht rosafarbenen bis zu einem sehr dunklen Violett farbig sein.",0,[],[]
1960,Ein Anwesen war bei der Ankunft leer.,0,[],[]
1724,Ein Benediktinerkloster wurde auf dem Schlachtfeld errichtet.,0,[],[]
1062,Ein Berg ist im Allgemeinen steiler als ein Hügel.,0,[],[]
1292,Ein Einakter besteht aus einem einzigen Akt.,0,[],[]
1056,"Ein Größensystem wird verwendet, um die Organisation für diese Messungen der Eigenschaften von Materialien zu gewährleisten.",0,[],[]
1295,Ein Gruß für die allgemeinen Menschenrechte.,0,[],[]
254,"Ein Löwe ist für Schottland, die goldene Harfe für Irland/Nordirland.",0,[],[]
941,"Ein Mausoleum ist eines der drei Gebäude, aus denen das Fort einst bestand.",0,[],[]
1530,"Ein Neugeborenes sollte einen Bilirubinwert von über 25 mg/dl (425 µmol/l) haben, um in Betracht gezogen zu werden für eine Austauschtransfusion.",0,[],[]
1679,Ein Postflugzeug der Florida Airways aus Jacksonville (Florida) landete erstmals in Candler Field am 15.,0,[],[]
942,Ein primäres Offenwinkelglaukom kann zur chronischen Drucksteigerung im Auge führen.,0,[],[]
833,Ein spezifisches Antiserum wurde 30 Stunden nach dem Biss verabreicht.,0,[],[]
1249,Ein Team besteht aus 11 Spielern.,0,[],[]
38,Ein Wert von etwa 5300 kg·m−3 wurde für die Dichte ermittelt.,0,[],[]
185,Ein Zündsignal durchs Telefon.,0,[],[]
43,Eine große Anzahl von Einheitslinienschiffen kam während der Schlacht von Gallipoli zum Einsatz.,0,[],[]
888,Eine Mannschaft besteht in der Regel aus elf Spielern.,0,[],[]
460,Eine Militärkapelle spielte auf der Musikantengalerie während der Zeremonie.,0,[],[]
646,"Eine Möglichkeit, sich eine Meningitis zu einfangen, ist durch eine Infektion mit Viren, Bakterien, Pilzen oder Parasiten.",0,[],[]
294,Einige Zeitungen wiesen oft und ausführlich auf seine ausländische Herkunft hin.“,0,[],[]
1971,Einigkeit der Arbeiterklasse,0,[],[]
1110,Einstein emigrierte 1933 in die USA.,0,[],[]
1534,Einstein heiratete 1927.,0,[],[]
578,Electronic Arts kündigte Dead Space das erste Mal im September 2007 an.,0,[],[]
1465,"Elefanten lebten in feuchtkalten, montanen Wäldern.",0,[],[]
1464,Elephas maximus maximus,0,[],[]
296,Elisabeth war die Thronfolgerin nach dem Tod des Königs.,0,[],[]
1015,Elizabeth war 16 Jahre alt im Jahr 1981 oder 1982.,0,[],[]
1061,Emma,0,[],[]
59,Emotions war für den Grammy Award in der Kategorie Best Female Pop Vocal Performance nominiert.,0,[],[]
1082,Empfangen von Boni in Form von „Schiffsladungen“ aus der Heimatstadt.,0,[],[]
1017,"Endodontie ist notwendig, um einen kranken oder gebrochenen Zahn zu retten.",0,[],[]
735,"England spielte viele Jahre lang fast ausschließlich gegen Schottland, Wales und Irland.",0,[],[]
1927,"EPI steht für ""Energie für die Armen Initiative"".",0,[],[]
542,Epoxidharz.,0,[],[]
1267,Er arbeitete für Aston Martin.,0,[],[]
281,Er verfügte über 43 Patente zur Zeit seiner Pensionierung.,0,[],[]
1477,"Er vermutete, dass die Felsmalerien der Jungsteinzeit zuzuordnen sind, da keine Eiszeitfauna abgebildet ist.",0,[],[]
294,Er war ein Prinz ohne Heimat und Königreich.,0,[],[]
1515,Er wurde am 12.,0,[],[]
978,Er zog mit 18 Jahren nach Mumbai.,0,[],[]
1148,Erucasäure ist mehr prävalent in Senföl als Ölsäure.,0,[],[]
432,"Erwachsene Männchen und Jungtiere sind schwarz gefärbt mit Ausnahme der weißen Augenbrauen, während Weibchen graubraun sind mit dunkelbraunen Wangen und einem weißen Ring um das gesamte Gesicht.",0,[],[]
1795,Es besteht aus Reis oder anderen Getreidesorten sowie Gemüse.,0,[],[]
1629,Es geht um die Frauen-Weltmeisterschaft.,0,[],[]
1157,Es gibt 1.006 Schriftzeichen in Kyōiku-Kanji.,0,[],[]
1809,Es gibt 21 bewohnte Inseln.,0,[],[]
497,Es gibt 53 Porträts seiner Frau Gosel in Bayramovs 'Gozel'.,0,[],[]
1108,Es gibt flexible und starre Zystoskope.,0,[],[]
1121,"Es gibt fünf bewohnte Inseln: Baltra, Floreana, Isabela, San Cristóbal und Santa Cruz.",0,[],[]
1479,Es gibt vier Strukturebenen in Proteinen.,0,[],[]
590,Es gibt vier Viertelstundenglocken-Töne.,0,[],[]
1865,"Es gibt zwei Rollbahnen auf der Shayrat Airbase, eine Hauptrollbahn von drei Kilometern Länge und eine Not-Rollbahn ebenfalls von drei Kilometern Länge.",0,[],[]
1521,Es ging beim Vertrag zwischen Pixar Animation und den Walt Disney Studios um 26 Millionen US-Dollar.,0,[],[]
1147,"Es kann aus Schwarzem Senf (Brassica nigra), Braunem indischem Senf (Brassica juncea) oder Weißem Senf (Sinapis alba) hergestellt werden.",0,[],[]
1194,Es werden zwei Hauptthesen diskutiert.,0,[],[]
1876,"Es wird geschätzt, dass es momentan 1080 Protonen im Universum gibt.",0,[],[]
403,Es wird in den angegebenen Texten nichts über mögliche zu bequeme Habitats für das Gelege des Cape Francolins erwähnt.,0,[],[]
918,Es wird kein Verbrechen gegen Marsellus erwähnt.,0,[],[]
984,"Es wird von mehreren Ereignissen in verschiedenen Jahren die Rede, bei denen Teile der Stadt betroffen waren.",0,[],[]
1247,Estoy aquí (Ich bin hier),0,[],[]
1533,ETH Zürich,0,[],[]
1402,Etwa 40 öffentliche Flugplätze gibt es in Spanien.,0,[],[]
130,Every Night debütierte auf Platz 43 der Gaon Singles Charts.,0,[],[]
1210,Fareed Rafiq Zakaria wurde am 20.,0,[],[]
1185,Februar,0,[],[]
1120,Februar 1832.,0,[],[]
1881,Februar 1931.,0,[],[]
350,Februar 1980.,0,[],[]
351,Februar 2004 von Putin gefeuert.,0,[],[]
1843,"Februar 2009, als er gegen Finlay in einem Non-Title-Match verlor.",0,[],[]
778,Februar 2011 bis zu seinem Tod der Generalgouverneur von Papua-Neuguinea.,0,[],[]
1101,Februar 2018 veröffentlicht.,0,[],[]
325,Felix Mendelssohn Bartholdy,0,[],[]
1208,FEMA steht für Federal Emergency Management Agency und ist in den USA zuständig für Katastrophenschutz.,0,[],[]
1186,FIFA-All-Star-Mannschaft,0,[],[]
169,Five Nights at Freddy's: Sister Location ist der fünfte Teil der Five Nights at Freddy’s-Spielreihe.,0,[],[]
932,Foley,0,[],[]
1606,Fouad Chehab starb am 25.,0,[],[]
1946,Frank Aleksander,0,[],[]
114,Franklin hat nach dem Tankstopp auf Saipan aufgefüllt.,0,[],[]
1794,Frankreich wird als ein Gründungsmitglied der NATO betrachtet.,0,[],[]
1142,"Frauen treten im Siebenkampf an, anstelle des Zehnkampfs.",0,[],[]
239,Friday kann hacken.,0,[],[]
348,Friedrich Trendelenburg war ein deutscher Chirurg.,0,[],[]
1317,Frye) und Stanley Cook.,0,[],[]
825,Fünf Hauptstrategien werden für die Vergleichenden Politikwissenschaft aufgefasst.,0,[],[]
566,Fünf Stockwerke.,0,[],[]
1298,"Für das CEMS-MIM-Programm ist es erforderlich, bereits für einen Master of Business Degree bei einer Mitgliedsuniversität eingeschrieben oder ausgewählt zu sein.",0,[],[]
1092,"Für den elektrischen Motor werden Elektromotoren eingesetzt, die von Dieselmotoren oder Gasturbinen angetrieben werden.",0,[],[]
951,"Für die American Medical Association (AMA) ist Alkohol eine Droge und Drogenabhängigkeit wird als chronische, wiederkehrende Krankheit des Gehirns beschrieben.",0,[],[]
956,Für die Erde ist die Sonne eine lebenswichtige Energiequelle.,0,[],[]
1034,Für eine Arthroskopie wird ein Endoskop verwendet.,0,[],[]
980,Für Frauen sind im Allgemeinen 60 Sitze der Nationalversammlung reserviert.,0,[],[]
544,Fußball,0,[],[]
64,gab Xerxes seine Schwester Antiochis zur Frau.,0,[],[]
932,geb.,0,[],[]
1630,Gede für Fortuna Köln aufgelaufen ist 416 Mal.,0,[],[]
1970,Gegen 20 Uhr.,0,[],[]
1064,Genauen Tag und Monat sind nicht bekannt.,0,[],[]
914,Genaueres Jahr nicht spezifiziert im Text.,0,[],[]
884,"General Motors, Chrysler und Ford stimmten dem QS 9000-Standard zu.",0,[],[]
1567,Georgien befindet sich im eurasischen Teil von Eurasien.,0,[],[]
1273,Georgs-Kapelle auf Schloss Windsor.,0,[],[]
173,geschützt und gefördert.,0,[],[]
714,"Gewöhnlich lebte der Leitungsbeamte mit seiner Familie auf dem Gelände des Yamen, insbesondere während der Qing-Dynastie.",0,[],[]
1419,Gillian wurde 1989 erneut entlassen von Deep Purple wegen musikalischer Dispute mit Blackmore.,0,[],[]
1599,Gletscherzungen,0,[],[]
1150,GLONASS,0,[],[]
1850,Gold,0,[],[]
220,Goldberg gewann am 22.,0,[],[]
1735,Google Photos war ab dem 28.,0,[],[]
603,Grafikgröße wird oft auf verschiedene Arten bemessen.,0,[],[]
46,"Greifvögel, Schlangen und Bonobos sind natürliche Feinde der Sumpfmeerkatzen.",0,[],[]
540,Grön eld,0,[],[]
1767,Große OLED-Bildschirme sind momentan teurer in der Herstellung als entsprechend große TFT LCD-Bildschirme.,0,[],[]
1434,Gründungsdirektor,0,[],[]
1018,"Guevara erlernte schnell, direkt bei bewaffneten Aktionen teilzunehmen und sich zu einem wichtigen militärischen Führungsfigur zu entwickeln.",0,[],[]
1027,Guiyang befindet sich in der Provinz Guizhou.,0,[],[]
1026,Guiyang liegt auf einer Höhe von 1.070 Metern ü. NN.,0,[],[]
969,"Gut 1,8 Prozent der isländischen Bevölkerung leiden offenbar an Angststörungen.",0,[],[]
1433,Hämorrhoiden ersten Grades können nur mit einem Proktoskop diagnostiziert werden.,0,[],[]
1762,"Hans Emil Meyer war der echte Name von Hannes Meyer, einem Architekt und Urbanisten.",0,[],[]
1048,Harriet Beecher Stowe wurde am 14.,0,[],[]
623,"Hattar entstammte einer christlich-arabischen Familie, bezeichnete sich jedoch als Atheist.",0,[],[]
1083,"Heard und Johnny Depp traten gemeinsam in dem Film ""The Rum Diary"" auf.",0,[],[]
486,Heinrich VII.,0,[],[]
879,Heinrich VIII.,0,[],[]
1777,Henutsen wurde möglicherweise in einer Nebenpyramide begraben.,0,[],[]
97,"Hermann Gmeiners Mutter starb, als er noch sehr jung war.",0,[],[]
13,"Herzog Eugen wuchs in Carlsruhe, einem Jagdbesitz seines Vaters in Schlesien, auf.",0,[],[]
476,Heute ist der Rashtrapati Bhavan der Amtssitz des Präsidenten von Indien.,0,[],[]
501,Hilfe für die Front,0,[],[]
1929,"HIPC steht für ""Heavily Indebted Poor Countries"" (stark verschuldete Armutsländer).",0,[],[]
41,HMVS Cerberus,0,[],[]
197,"Hochauflösende Aufnahmen des Hubble-Weltraumteleskops wurden benutzt, um das Katzenaugennebel zu sehen.",0,[],[]
911,Hölderlin war für Hegel als Vermittler tätig.,0,[],[]
135,Honolulu ist am 11.,0,[],[]
824,"HRH Prince Philip, Duke of Edinburgh war mit Queen Elizabeth II.",0,[],[]
309,HST steht für das Hubble-Weltraumteleskop.,0,[],[]
483,Hu arbeitete als Ingenieur für das sinohydrische Ingenieursbüro Nummer 4.,0,[],[]
756,I Don’t Like You,0,[],[]
171,Ibrahim war der Direktor des Zentralgefängnisses von Istanbul.,0,[],[]
12,Ich habe keine Antwort auf Ihre Frage.,0,[],[]
16,Ich habe keine Antwort auf Ihre Frage.,0,[],[]
17,Ich habe keine Antwort auf Ihre Frage.,0,[],[]
25,Ich habe keine Antwort auf Ihre Frage.,0,[],[]
35,Ich habe keine Antwort auf Ihre Frage.,0,[],[]
39,Ich habe keine Antwort auf Ihre Frage.,0,[],[]
49,Ich habe keine Antwort auf Ihre Frage.,0,[],[]
56,Ich habe keine Antwort auf Ihre Frage.,0,[],[]
60,Ich habe keine Antwort auf Ihre Frage.,0,[],[]
68,Ich habe keine Antwort auf Ihre Frage.,0,[],[]
75,Ich habe keine Antwort auf Ihre Frage.,0,[],[]
82,Ich habe keine Antwort auf Ihre Frage.,0,[],[]
84,Ich habe keine Antwort auf Ihre Frage.,0,[],[]
88,Ich habe keine Antwort auf Ihre Frage.,0,[],[]
89,Ich habe keine Antwort auf Ihre Frage.,0,[],[]
92,Ich habe keine Antwort auf Ihre Frage.,0,[],[]
95,Ich habe keine Antwort auf Ihre Frage.,0,[],[]
98,Ich habe keine Antwort auf Ihre Frage.,0,[],[]
120,Ich habe keine Antwort auf Ihre Frage.,0,[],[]
128,Ich habe keine Antwort auf Ihre Frage.,0,[],[]
141,Ich habe keine Antwort auf Ihre Frage.,0,[],[]
143,Ich habe keine Antwort auf Ihre Frage.,0,[],[]
154,Ich habe keine Antwort auf Ihre Frage.,0,[],[]
162,Ich habe keine Antwort auf Ihre Frage.,0,[],[]
174,Ich habe keine Antwort auf Ihre Frage.,0,[],[]
175,Ich habe keine Antwort auf Ihre Frage.,0,[],[]
188,Ich habe keine Antwort auf Ihre Frage.,0,[],[]
196,Ich habe keine Antwort auf Ihre Frage.,0,[],[]
203,Ich habe keine Antwort auf Ihre Frage.,0,[],[]
205,Ich habe keine Antwort auf Ihre Frage.,0,[],[]
210,Ich habe keine Antwort auf Ihre Frage.,0,[],[]
221,Ich habe keine Antwort auf Ihre Frage.,0,[],[]
224,Ich habe keine Antwort auf Ihre Frage.,0,[],[]
228,Ich habe keine Antwort auf Ihre Frage.,0,[],[]
236,Ich habe keine Antwort auf Ihre Frage.,0,[],[]
242,Ich habe keine Antwort auf Ihre Frage.,0,[],[]
252,Ich habe keine Antwort auf Ihre Frage.,0,[],[]
257,Ich habe keine Antwort auf Ihre Frage.,0,[],[]
263,Ich habe keine Antwort auf Ihre Frage.,0,[],[]
265,Ich habe keine Antwort auf Ihre Frage.,0,[],[]
270,Ich habe keine Antwort auf Ihre Frage.,0,[],[]
271,Ich habe keine Antwort auf Ihre Frage.,0,[],[]
272,Ich habe keine Antwort auf Ihre Frage.,0,[],[]
274,Ich habe keine Antwort auf Ihre Frage.,0,[],[]
276,Ich habe keine Antwort auf Ihre Frage.,0,[],[]
284,Ich habe keine Antwort auf Ihre Frage.,0,[],[]
285,Ich habe keine Antwort auf Ihre Frage.,0,[],[]
299,Ich habe keine Antwort auf Ihre Frage.,0,[],[]
306,Ich habe keine Antwort auf Ihre Frage.,0,[],[]
308,Ich habe keine Antwort auf Ihre Frage.,0,[],[]
317,Ich habe keine Antwort auf Ihre Frage.,0,[],[]
318,Ich habe keine Antwort auf Ihre Frage.,0,[],[]
328,Ich habe keine Antwort auf Ihre Frage.,0,[],[]
333,Ich habe keine Antwort auf Ihre Frage.,0,[],[]
335,Ich habe keine Antwort auf Ihre Frage.,0,[],[]
340,Ich habe keine Antwort auf Ihre Frage.,0,[],[]
341,Ich habe keine Antwort auf Ihre Frage.,0,[],[]
346,Ich habe keine Antwort auf Ihre Frage.,0,[],[]
352,Ich habe keine Antwort auf Ihre Frage.,0,[],[]
353,Ich habe keine Antwort auf Ihre Frage.,0,[],[]
364,Ich habe keine Antwort auf Ihre Frage.,0,[],[]
368,Ich habe keine Antwort auf Ihre Frage.,0,[],[]
370,Ich habe keine Antwort auf Ihre Frage.,0,[],[]
382,Ich habe keine Antwort auf Ihre Frage.,0,[],[]
387,Ich habe keine Antwort auf Ihre Frage.,0,[],[]
399,Ich habe keine Antwort auf Ihre Frage.,0,[],[]
405,Ich habe keine Antwort auf Ihre Frage.,0,[],[]
414,Ich habe keine Antwort auf Ihre Frage.,0,[],[]
416,Ich habe keine Antwort auf Ihre Frage.,0,[],[]
428,Ich habe keine Antwort auf Ihre Frage.,0,[],[]
436,Ich habe keine Antwort auf Ihre Frage.,0,[],[]
441,Ich habe keine Antwort auf Ihre Frage.,0,[],[]
469,Ich habe keine Antwort auf Ihre Frage.,0,[],[]
490,Ich habe keine Antwort auf Ihre Frage.,0,[],[]
491,Ich habe keine Antwort auf Ihre Frage.,0,[],[]
510,Ich habe keine Antwort auf Ihre Frage.,0,[],[]
511,Ich habe keine Antwort auf Ihre Frage.,0,[],[]
514,Ich habe keine Antwort auf Ihre Frage.,0,[],[]
515,Ich habe keine Antwort auf Ihre Frage.,0,[],[]
524,Ich habe keine Antwort auf Ihre Frage.,0,[],[]
525,Ich habe keine Antwort auf Ihre Frage.,0,[],[]
534,Ich habe keine Antwort auf Ihre Frage.,0,[],[]
535,Ich habe keine Antwort auf Ihre Frage.,0,[],[]
537,Ich habe keine Antwort auf Ihre Frage.,0,[],[]
550,Ich habe keine Antwort auf Ihre Frage.,0,[],[]
555,Ich habe keine Antwort auf Ihre Frage.,0,[],[]
570,Ich habe keine Antwort auf Ihre Frage.,0,[],[]
579,Ich habe keine Antwort auf Ihre Frage.,0,[],[]
580,Ich habe keine Antwort auf Ihre Frage.,0,[],[]
581,Ich habe keine Antwort auf Ihre Frage.,0,[],[]
586,Ich habe keine Antwort auf Ihre Frage.,0,[],[]
587,Ich habe keine Antwort auf Ihre Frage.,0,[],[]
591,Ich habe keine Antwort auf Ihre Frage.,0,[],[]
595,Ich habe keine Antwort auf Ihre Frage.,0,[],[]
608,Ich habe keine Antwort auf Ihre Frage.,0,[],[]
617,Ich habe keine Antwort auf Ihre Frage.,0,[],[]
618,Ich habe keine Antwort auf Ihre Frage.,0,[],[]
633,Ich habe keine Antwort auf Ihre Frage.,0,[],[]
634,Ich habe keine Antwort auf Ihre Frage.,0,[],[]
637,Ich habe keine Antwort auf Ihre Frage.,0,[],[]
651,Ich habe keine Antwort auf Ihre Frage.,0,[],[]
652,Ich habe keine Antwort auf Ihre Frage.,0,[],[]
655,Ich habe keine Antwort auf Ihre Frage.,0,[],[]
666,Ich habe keine Antwort auf Ihre Frage.,0,[],[]
673,Ich habe keine Antwort auf Ihre Frage.,0,[],[]
678,Ich habe keine Antwort auf Ihre Frage.,0,[],[]
680,Ich habe keine Antwort auf Ihre Frage.,0,[],[]
684,Ich habe keine Antwort auf Ihre Frage.,0,[],[]
686,Ich habe keine Antwort auf Ihre Frage.,0,[],[]
693,Ich habe keine Antwort auf Ihre Frage.,0,[],[]
694,Ich habe keine Antwort auf Ihre Frage.,0,[],[]
696,Ich habe keine Antwort auf Ihre Frage.,0,[],[]
702,Ich habe keine Antwort auf Ihre Frage.,0,[],[]
709,Ich habe keine Antwort auf Ihre Frage.,0,[],[]
722,Ich habe keine Antwort auf Ihre Frage.,0,[],[]
730,Ich habe keine Antwort auf Ihre Frage.,0,[],[]
731,Ich habe keine Antwort auf Ihre Frage.,0,[],[]
737,Ich habe keine Antwort auf Ihre Frage.,0,[],[]
741,Ich habe keine Antwort auf Ihre Frage.,0,[],[]
742,Ich habe keine Antwort auf Ihre Frage.,0,[],[]
746,Ich habe keine Antwort auf Ihre Frage.,0,[],[]
750,Ich habe keine Antwort auf Ihre Frage.,0,[],[]
753,Ich habe keine Antwort auf Ihre Frage.,0,[],[]
755,Ich habe keine Antwort auf Ihre Frage.,0,[],[]
765,Ich habe keine Antwort auf Ihre Frage.,0,[],[]
773,Ich habe keine Antwort auf Ihre Frage.,0,[],[]
780,Ich habe keine Antwort auf Ihre Frage.,0,[],[]
783,Ich habe keine Antwort auf Ihre Frage.,0,[],[]
784,Ich habe keine Antwort auf Ihre Frage.,0,[],[]
786,Ich habe keine Antwort auf Ihre Frage.,0,[],[]
790,Ich habe keine Antwort auf Ihre Frage.,0,[],[]
794,Ich habe keine Antwort auf Ihre Frage.,0,[],[]
795,Ich habe keine Antwort auf Ihre Frage.,0,[],[]
798,Ich habe keine Antwort auf Ihre Frage.,0,[],[]
802,Ich habe keine Antwort auf Ihre Frage.,0,[],[]
804,Ich habe keine Antwort auf Ihre Frage.,0,[],[]
816,Ich habe keine Antwort auf Ihre Frage.,0,[],[]
828,Ich habe keine Antwort auf Ihre Frage.,0,[],[]
832,Ich habe keine Antwort auf Ihre Frage.,0,[],[]
835,Ich habe keine Antwort auf Ihre Frage.,0,[],[]
837,Ich habe keine Antwort auf Ihre Frage.,0,[],[]
839,Ich habe keine Antwort auf Ihre Frage.,0,[],[]
842,Ich habe keine Antwort auf Ihre Frage.,0,[],[]
846,Ich habe keine Antwort auf Ihre Frage.,0,[],[]
847,Ich habe keine Antwort auf Ihre Frage.,0,[],[]
848,Ich habe keine Antwort auf Ihre Frage.,0,[],[]
849,Ich habe keine Antwort auf Ihre Frage.,0,[],[]
853,Ich habe keine Antwort auf Ihre Frage.,0,[],[]
864,Ich habe keine Antwort auf Ihre Frage.,0,[],[]
871,Ich habe keine Antwort auf Ihre Frage.,0,[],[]
882,Ich habe keine Antwort auf Ihre Frage.,0,[],[]
886,Ich habe keine Antwort auf Ihre Frage.,0,[],[]
887,Ich habe keine Antwort auf Ihre Frage.,0,[],[]
895,Ich habe keine Antwort auf Ihre Frage.,0,[],[]
898,Ich habe keine Antwort auf Ihre Frage.,0,[],[]
908,Ich habe keine Antwort auf Ihre Frage.,0,[],[]
910,Ich habe keine Antwort auf Ihre Frage.,0,[],[]
912,Ich habe keine Antwort auf Ihre Frage.,0,[],[]
913,Ich habe keine Antwort auf Ihre Frage.,0,[],[]
917,Ich habe keine Antwort auf Ihre Frage.,0,[],[]
923,Ich habe keine Antwort auf Ihre Frage.,0,[],[]
924,Ich habe keine Antwort auf Ihre Frage.,0,[],[]
928,Ich habe keine Antwort auf Ihre Frage.,0,[],[]
929,Ich habe keine Antwort auf Ihre Frage.,0,[],[]
935,Ich habe keine Antwort auf Ihre Frage.,0,[],[]
936,Ich habe keine Antwort auf Ihre Frage.,0,[],[]
938,Ich habe keine Antwort auf Ihre Frage.,0,[],[]
945,Ich habe keine Antwort auf Ihre Frage.,0,[],[]
946,Ich habe keine Antwort auf Ihre Frage.,0,[],[]
957,Ich habe keine Antwort auf Ihre Frage.,0,[],[]
958,Ich habe keine Antwort auf Ihre Frage.,0,[],[]
959,Ich habe keine Antwort auf Ihre Frage.,0,[],[]
962,Ich habe keine Antwort auf Ihre Frage.,0,[],[]
965,Ich habe keine Antwort auf Ihre Frage.,0,[],[]
973,Ich habe keine Antwort auf Ihre Frage.,0,[],[]
977,Ich habe keine Antwort auf Ihre Frage.,0,[],[]
983,Ich habe keine Antwort auf Ihre Frage.,0,[],[]
989,Ich habe keine Antwort auf Ihre Frage.,0,[],[]
990,Ich habe keine Antwort auf Ihre Frage.,0,[],[]
991,Ich habe keine Antwort auf Ihre Frage.,0,[],[]
993,Ich habe keine Antwort auf Ihre Frage.,0,[],[]
994,Ich habe keine Antwort auf Ihre Frage.,0,[],[]
996,Ich habe keine Antwort auf Ihre Frage.,0,[],[]
998,Ich habe keine Antwort auf Ihre Frage.,0,[],[]
1001,Ich habe keine Antwort auf Ihre Frage.,0,[],[]
1006,Ich habe keine Antwort auf Ihre Frage.,0,[],[]
1016,Ich habe keine Antwort auf Ihre Frage.,0,[],[]
1024,Ich habe keine Antwort auf Ihre Frage.,0,[],[]
1025,Ich habe keine Antwort auf Ihre Frage.,0,[],[]
1043,Ich habe keine Antwort auf Ihre Frage.,0,[],[]
1052,Ich habe keine Antwort auf Ihre Frage.,0,[],[]
1067,Ich habe keine Antwort auf Ihre Frage.,0,[],[]
1069,Ich habe keine Antwort auf Ihre Frage.,0,[],[]
1076,Ich habe keine Antwort auf Ihre Frage.,0,[],[]
1081,Ich habe keine Antwort auf Ihre Frage.,0,[],[]
1089,Ich habe keine Antwort auf Ihre Frage.,0,[],[]
1091,Ich habe keine Antwort auf Ihre Frage.,0,[],[]
1115,Ich habe keine Antwort auf Ihre Frage.,0,[],[]
1122,Ich habe keine Antwort auf Ihre Frage.,0,[],[]
1123,Ich habe keine Antwort auf Ihre Frage.,0,[],[]
1124,Ich habe keine Antwort auf Ihre Frage.,0,[],[]
1131,Ich habe keine Antwort auf Ihre Frage.,0,[],[]
1136,Ich habe keine Antwort auf Ihre Frage.,0,[],[]
1137,Ich habe keine Antwort auf Ihre Frage.,0,[],[]
1139,Ich habe keine Antwort auf Ihre Frage.,0,[],[]
1143,Ich habe keine Antwort auf Ihre Frage.,0,[],[]
1144,Ich habe keine Antwort auf Ihre Frage.,0,[],[]
1146,Ich habe keine Antwort auf Ihre Frage.,0,[],[]
1149,Ich habe keine Antwort auf Ihre Frage.,0,[],[]
1151,Ich habe keine Antwort auf Ihre Frage.,0,[],[]
1154,Ich habe keine Antwort auf Ihre Frage.,0,[],[]
1163,Ich habe keine Antwort auf Ihre Frage.,0,[],[]
1168,Ich habe keine Antwort auf Ihre Frage.,0,[],[]
1170,Ich habe keine Antwort auf Ihre Frage.,0,[],[]
1174,Ich habe keine Antwort auf Ihre Frage.,0,[],[]
1184,Ich habe keine Antwort auf Ihre Frage.,0,[],[]
1197,Ich habe keine Antwort auf Ihre Frage.,0,[],[]
1199,Ich habe keine Antwort auf Ihre Frage.,0,[],[]
1205,Ich habe keine Antwort auf Ihre Frage.,0,[],[]
1214,Ich habe keine Antwort auf Ihre Frage.,0,[],[]
1217,Ich habe keine Antwort auf Ihre Frage.,0,[],[]
1221,Ich habe keine Antwort auf Ihre Frage.,0,[],[]
1230,Ich habe keine Antwort auf Ihre Frage.,0,[],[]
1239,Ich habe keine Antwort auf Ihre Frage.,0,[],[]
1261,Ich habe keine Antwort auf Ihre Frage.,0,[],[]
1263,Ich habe keine Antwort auf Ihre Frage.,0,[],[]
1270,Ich habe keine Antwort auf Ihre Frage.,0,[],[]
1272,Ich habe keine Antwort auf Ihre Frage.,0,[],[]
1276,Ich habe keine Antwort auf Ihre Frage.,0,[],[]
1278,Ich habe keine Antwort auf Ihre Frage.,0,[],[]
1282,Ich habe keine Antwort auf Ihre Frage.,0,[],[]
1285,Ich habe keine Antwort auf Ihre Frage.,0,[],[]
1286,Ich habe keine Antwort auf Ihre Frage.,0,[],[]
1290,Ich habe keine Antwort auf Ihre Frage.,0,[],[]
1305,Ich habe keine Antwort auf Ihre Frage.,0,[],[]
1311,Ich habe keine Antwort auf Ihre Frage.,0,[],[]
1312,Ich habe keine Antwort auf Ihre Frage.,0,[],[]
1313,Ich habe keine Antwort auf Ihre Frage.,0,[],[]
1322,Ich habe keine Antwort auf Ihre Frage.,0,[],[]
1327,Ich habe keine Antwort auf Ihre Frage.,0,[],[]
1329,Ich habe keine Antwort auf Ihre Frage.,0,[],[]
1332,Ich habe keine Antwort auf Ihre Frage.,0,[],[]
1336,Ich habe keine Antwort auf Ihre Frage.,0,[],[]
1355,Ich habe keine Antwort auf Ihre Frage.,0,[],[]
1357,Ich habe keine Antwort auf Ihre Frage.,0,[],[]
1359,Ich habe keine Antwort auf Ihre Frage.,0,[],[]
1362,Ich habe keine Antwort auf Ihre Frage.,0,[],[]
1363,Ich habe keine Antwort auf Ihre Frage.,0,[],[]
1368,Ich habe keine Antwort auf Ihre Frage.,0,[],[]
1370,Ich habe keine Antwort auf Ihre Frage.,0,[],[]
1372,Ich habe keine Antwort auf Ihre Frage.,0,[],[]
1376,Ich habe keine Antwort auf Ihre Frage.,0,[],[]
1378,Ich habe keine Antwort auf Ihre Frage.,0,[],[]
1381,Ich habe keine Antwort auf Ihre Frage.,0,[],[]
1389,Ich habe keine Antwort auf Ihre Frage.,0,[],[]
1390,Ich habe keine Antwort auf Ihre Frage.,0,[],[]
1391,Ich habe keine Antwort auf Ihre Frage.,0,[],[]
1395,Ich habe keine Antwort auf Ihre Frage.,0,[],[]
1396,Ich habe keine Antwort auf Ihre Frage.,0,[],[]
1397,Ich habe keine Antwort auf Ihre Frage.,0,[],[]
1404,Ich habe keine Antwort auf Ihre Frage.,0,[],[]
1412,Ich habe keine Antwort auf Ihre Frage.,0,[],[]
1414,Ich habe keine Antwort auf Ihre Frage.,0,[],[]
1415,Ich habe keine Antwort auf Ihre Frage.,0,[],[]
1417,Ich habe keine Antwort auf Ihre Frage.,0,[],[]
1427,Ich habe keine Antwort auf Ihre Frage.,0,[],[]
1428,Ich habe keine Antwort auf Ihre Frage.,0,[],[]
1431,Ich habe keine Antwort auf Ihre Frage.,0,[],[]
1454,Ich habe keine Antwort auf Ihre Frage.,0,[],[]
1455,Ich habe keine Antwort auf Ihre Frage.,0,[],[]
1460,Ich habe keine Antwort auf Ihre Frage.,0,[],[]
1461,Ich habe keine Antwort auf Ihre Frage.,0,[],[]
1462,Ich habe keine Antwort auf Ihre Frage.,0,[],[]
1467,Ich habe keine Antwort auf Ihre Frage.,0,[],[]
1476,Ich habe keine Antwort auf Ihre Frage.,0,[],[]
1486,Ich habe keine Antwort auf Ihre Frage.,0,[],[]
1488,Ich habe keine Antwort auf Ihre Frage.,0,[],[]
1494,Ich habe keine Antwort auf Ihre Frage.,0,[],[]
1496,Ich habe keine Antwort auf Ihre Frage.,0,[],[]
1499,Ich habe keine Antwort auf Ihre Frage.,0,[],[]
1504,Ich habe keine Antwort auf Ihre Frage.,0,[],[]
1511,Ich habe keine Antwort auf Ihre Frage.,0,[],[]
1528,Ich habe keine Antwort auf Ihre Frage.,0,[],[]
1532,Ich habe keine Antwort auf Ihre Frage.,0,[],[]
1536,Ich habe keine Antwort auf Ihre Frage.,0,[],[]
1547,Ich habe keine Antwort auf Ihre Frage.,0,[],[]
1549,Ich habe keine Antwort auf Ihre Frage.,0,[],[]
1561,Ich habe keine Antwort auf Ihre Frage.,0,[],[]
1563,Ich habe keine Antwort auf Ihre Frage.,0,[],[]
1564,Ich habe keine Antwort auf Ihre Frage.,0,[],[]
1568,Ich habe keine Antwort auf Ihre Frage.,0,[],[]
1587,Ich habe keine Antwort auf Ihre Frage.,0,[],[]
1603,Ich habe keine Antwort auf Ihre Frage.,0,[],[]
1611,Ich habe keine Antwort auf Ihre Frage.,0,[],[]
1615,Ich habe keine Antwort auf Ihre Frage.,0,[],[]
1619,Ich habe keine Antwort auf Ihre Frage.,0,[],[]
1637,Ich habe keine Antwort auf Ihre Frage.,0,[],[]
1645,Ich habe keine Antwort auf Ihre Frage.,0,[],[]
1646,Ich habe keine Antwort auf Ihre Frage.,0,[],[]
1654,Ich habe keine Antwort auf Ihre Frage.,0,[],[]
1655,Ich habe keine Antwort auf Ihre Frage.,0,[],[]
1656,Ich habe keine Antwort auf Ihre Frage.,0,[],[]
1658,Ich habe keine Antwort auf Ihre Frage.,0,[],[]
1659,Ich habe keine Antwort auf Ihre Frage.,0,[],[]
1661,Ich habe keine Antwort auf Ihre Frage.,0,[],[]
1662,Ich habe keine Antwort auf Ihre Frage.,0,[],[]
1664,Ich habe keine Antwort auf Ihre Frage.,0,[],[]
1665,Ich habe keine Antwort auf Ihre Frage.,0,[],[]
1678,Ich habe keine Antwort auf Ihre Frage.,0,[],[]
1682,Ich habe keine Antwort auf Ihre Frage.,0,[],[]
1690,Ich habe keine Antwort auf Ihre Frage.,0,[],[]
1693,Ich habe keine Antwort auf Ihre Frage.,0,[],[]
1696,Ich habe keine Antwort auf Ihre Frage.,0,[],[]
1704,Ich habe keine Antwort auf Ihre Frage.,0,[],[]
1710,Ich habe keine Antwort auf Ihre Frage.,0,[],[]
1713,Ich habe keine Antwort auf Ihre Frage.,0,[],[]
1717,Ich habe keine Antwort auf Ihre Frage.,0,[],[]
1723,Ich habe keine Antwort auf Ihre Frage.,0,[],[]
1752,Ich habe keine Antwort auf Ihre Frage.,0,[],[]
1756,Ich habe keine Antwort auf Ihre Frage.,0,[],[]
1759,Ich habe keine Antwort auf Ihre Frage.,0,[],[]
1765,Ich habe keine Antwort auf Ihre Frage.,0,[],[]
1766,Ich habe keine Antwort auf Ihre Frage.,0,[],[]
1774,Ich habe keine Antwort auf Ihre Frage.,0,[],[]
1775,Ich habe keine Antwort auf Ihre Frage.,0,[],[]
1781,Ich habe keine Antwort auf Ihre Frage.,0,[],[]
1784,Ich habe keine Antwort auf Ihre Frage.,0,[],[]
1785,Ich habe keine Antwort auf Ihre Frage.,0,[],[]
1786,Ich habe keine Antwort auf Ihre Frage.,0,[],[]
1787,Ich habe keine Antwort auf Ihre Frage.,0,[],[]
1788,Ich habe keine Antwort auf Ihre Frage.,0,[],[]
1791,Ich habe keine Antwort auf Ihre Frage.,0,[],[]
1797,Ich habe keine Antwort auf Ihre Frage.,0,[],[]
1806,Ich habe keine Antwort auf Ihre Frage.,0,[],[]
1807,Ich habe keine Antwort auf Ihre Frage.,0,[],[]
1812,Ich habe keine Antwort auf Ihre Frage.,0,[],[]
1815,Ich habe keine Antwort auf Ihre Frage.,0,[],[]
1824,Ich habe keine Antwort auf Ihre Frage.,0,[],[]
1825,Ich habe keine Antwort auf Ihre Frage.,0,[],[]
1829,Ich habe keine Antwort auf Ihre Frage.,0,[],[]
1832,Ich habe keine Antwort auf Ihre Frage.,0,[],[]
1836,Ich habe keine Antwort auf Ihre Frage.,0,[],[]
1844,Ich habe keine Antwort auf Ihre Frage.,0,[],[]
1859,Ich habe keine Antwort auf Ihre Frage.,0,[],[]
1863,Ich habe keine Antwort auf Ihre Frage.,0,[],[]
1864,Ich habe keine Antwort auf Ihre Frage.,0,[],[]
1874,Ich habe keine Antwort auf Ihre Frage.,0,[],[]
1875,Ich habe keine Antwort auf Ihre Frage.,0,[],[]
1879,Ich habe keine Antwort auf Ihre Frage.,0,[],[]
1886,Ich habe keine Antwort auf Ihre Frage.,0,[],[]
1890,Ich habe keine Antwort auf Ihre Frage.,0,[],[]
1893,Ich habe keine Antwort auf Ihre Frage.,0,[],[]
1906,Ich habe keine Antwort auf Ihre Frage.,0,[],[]
1907,Ich habe keine Antwort auf Ihre Frage.,0,[],[]
1908,Ich habe keine Antwort auf Ihre Frage.,0,[],[]
1939,Ich habe keine Antwort auf Ihre Frage.,0,[],[]
1940,Ich habe keine Antwort auf Ihre Frage.,0,[],[]
1943,Ich habe keine Antwort auf Ihre Frage.,0,[],[]
1947,Ich habe keine Antwort auf Ihre Frage.,0,[],[]
1953,Ich habe keine Antwort auf Ihre Frage.,0,[],[]
1968,Ich habe keine Antwort auf Ihre Frage.,0,[],[]
1977,Ich habe keine Antwort auf Ihre Frage.,0,[],[]
1978,Ich habe keine Antwort auf Ihre Frage.,0,[],[]
1981,Ich habe keine Antwort auf Ihre Frage.,0,[],[]
1984,Ich habe keine Antwort auf Ihre Frage.,0,[],[]
1986,Ich habe keine Antwort auf Ihre Frage.,0,[],[]
1999,Ich habe keine Antwort auf Ihre Frage.,0,[],[]
823,"Ihr Hauptrivalen waren West Bromwich Albion und die anderen Vereine der Big Six aus den West Midlands: Aston Villa, Birmingham City, Coventry City und Wolverhampton Wanderers.",0,[],[]
1543,Ihr Kind叫醒我，我们继续。你的问题是关于某个特定人物的孩子的名字。根据提供的信息，这个人物与Aditya Chopra结婚并有了一个女儿。具体信息如下： - 她与印度Yash Raj Films的导演、编剧和制作人Aditya Chopra结婚。 - 他们于2015年12月9日共同迎来了他们的女儿Adira。 因此，她孩子的名字是Adira。,0,[],[]
1861,Ihr Vater arbeitete als Ingenieur.,0,[],[]
1468,Ihre Eltern sind Rajiv und Sonia Gandhi.,0,[],[]
464,"Im ""Raum von 1844"" finden immer eher kleinere Veranstaltungen statt.",0,[],[]
927,Im 19.,0,[],[]
963,Im August 2001.,0,[],[]
1559,Im Durchschnitt sind männliche Wehrpflichtige in der Schweizer Armee zwischen 20 und 34 Jahren alt.,0,[],[]
565,"Im Erdgeschoss des Westminster Palace befinden sich Büros, Speisesäle und Bars.",0,[],[]
964,Im ersten Teil der Oxidation wird das Ammoniak zu Hydroxylamin durch das Enzym Ammoniummonooxygenase (AMO) oxidiert.,0,[],[]
841,Im Ferrari.,0,[],[]
698,Im Horrorfilm Imago Mortis spielte sie an der Seite ihrer Mutter.,0,[],[]
470,Im Jahr 1784 wurde das Ratsgremium auf drei Mitglieder reduziert.,0,[],[]
22,Im Jahr 1936 flog der Prototyp schließlich.,0,[],[]
1242,Im Jahr 1972 war die Bevölkerung von München am höchsten mit 1.338.924 Einwohnern.,0,[],[]
796,Im Jahr 2002 kandidierte Khan.,0,[],[]
1657,Im Jahre 1966 wurde er Maître de conférences ernannt.,0,[],[]
505,Im Jahre 1984 wurde Bayramov der zweite Platz und ein Laureate Diplom für den Wettbewerb zum 60-jährigen Bestehen der Turkmenischen SSR und der Kommunistischen Partei der TuSSR zugesprochen.,0,[],[]
1253,Im Jahre 2020 werden Boxer durch Roboter ersetzt.,0,[],[]
1258,Im Januar 2002 kam Mustaine ins Krankenhaus.,0,[],[]
115,Im Juni 1944 brach die Franklin zur Insel Eniwetok auf.,0,[],[]
1325,Im Kunstmuseum Minneapolis Institute können über 80.000 Ausstellungsstücke angesehen werden.,0,[],[]
1992,Im März 1010.,0,[],[]
24,Im März 1942 wurden zehn USAAC P-36A nach Brasilien überführt.,0,[],[]
1177,Im März 2012 wurde Annan zum Sondergesandten der Vereinten Nationen und der Arabischen Liga für Syrien ernannt.,0,[],[]
465,Im Musikzimmer fanden königliche Taufen nach dem Zweiten Weltkrieg oft statt.,0,[],[]
182,Im November 1948 wurden die ersten B-45As bei der 47th Bombardment Group eingesetzt.,0,[],[]
329,"Im Pima Air & Space Museum bei Tucson, Arizona.",0,[],[]
1037,Im RT-PCR-Test wird die reverse Transkriptase verwendet.,0,[],[]
677,Im Schma Jisrael wird Dankbarkeit erwähnt.,0,[],[]
96,"Im Text werden die folgenden Sprachen genannt: Englisch, Französisch, Italienisch, Spanisch, Niederländisch, Tschechisch, Polnisch, Russisch, Lettisch und Türkisch.",0,[],[]
950,"Im Vereinigten Königreich wurde die Zahl der abhängigen Trinker im Jahr 2001 auf über 2,8 Millionen geschätzt.",0,[],[]
831,Im vorderen Bereich des Körpers sind die Querbänder in der Rückenmitte schmal und werden zum Bauch hin deutlich breiter.,0,[],[]
293,Im Windsor Castle.,0,[],[]
57,Im Zweiten Weltkrieg wurden auf beiden Seiten neue Flugzeuge eingesetzt.,0,[],[]
312,"Impression, soleil levant",0,[],[]
1224,"In alten Kulturen wurde durch Zählen die Anzahl und Vollständigkeit von sozialen und ökonomischen Zählobjekten wie Gruppenmitgliedern, Beutetieren, Besitz oder Schulden erfasst.",0,[],[]
262,In Armenien wurde 1048 gekämpft.,0,[],[]
379,In dem Programm sind zwölf Schritte enthalten.,0,[],[]
1030,"In den Komoren werden Komorisch, Arabisch und Französisch gesprochen.",0,[],[]
881,In den USA sind etwa 16 Millionen Menschen an COPD erkrankt.,0,[],[]
1100,In den USA und Kanada ist der DIN-Standard nicht üblich.,0,[],[]
770,"In der am häufigsten genutzten Bibliothek Deutschlands, der Universitätsbibliothek Heidelberg, stehen über 3 Millionen Bücher.",0,[],[]
194,In der C-Bibliothek sind keine genormten Container-Datentypen und keine Unterstützung für grafische Benutzeroberflächen oder Netzwerkfunktionalitäten vorhanden.,0,[],[]
1799,"In der Celebessee leben 26 der insgesamt 78 weltweit bekannten Walarten, ungefähr 580 verschiedene Korallen, Delphine, Meeresschildkröten, Barrakudas, Mantarochen und reichlich Thunfisch sowie viele andere Tiere.",0,[],[]
1849,In der Einheit Femtomol (fmol) wird die Goldkonzentration gemessen.,0,[],[]
446,"In der griechischen Mythologie befindet sich die Figur Ariadne, verlassen auf der Insel Naxos, wo sie später vom Weingott Dionysos verheiratet wird.",0,[],[]
1275,In einem Kajak kann normalerweise ein bis zwei Menschen sitzen.,0,[],[]
745,In jedem Viertel der Monate 1-5 gibt es 28 Sol.,0,[],[]
1259,"In Kenia wird der Staatsführer, der Präsident, durch Wahlen gewählt.",0,[],[]
551,In Landshut wurde das Forschungslabor gebaut.,0,[],[]
810,In Leeds gibt es den Innenstadtring sowie den Außenring.,0,[],[]
1707,"In Minnesota hält das Bevölkerungswachstum vornehmlich in städtischen Gebieten inne, während in vielen Countys die Bevölkerung sinkt.",0,[],[]
1699,In Minnesota ist es heute in Bezug auf geologische Aktivität ruhig und es kommt nur selten zu kleinen Erdbeben.,0,[],[]
728,"In Missouri ist der deutsche Abstammung die größte Gruppe mit 27,4 Prozent.",0,[],[]
1503,In Nepal ist er im Sagarmatha-Nationalpark und im Langtang-Nationalpark zu finden.,0,[],[]
1516,In Sri Lanka wurde Pali überwiegend in Sinhala aufgezeichnet.,0,[],[]
599,In Zentralpolen werden Sumpfgebiete an Flüssen und Seen rechtlich geschützt.,0,[],[]
425,Indien,0,[],[]
1237,Indien,0,[],[]
1509,"Indravarman ließ den ersten Baray errichten, um Wasser zu speichern.",0,[],[]
1866,ins festungsartige Schloss Gattschina um.,0,[],[]
1959,Ins Landesinnere.,0,[],[]
105,Invincible Youth 2,0,[],[]
726,Iowa liegt nördlich von Missouri.,0,[],[]
167,Irmgard Möller wurde mit vier Messerstichen in die Herzgegend gestochen.,0,[],[]
355,Italienische.,0,[],[]
855,"Ja, der Welttag der Nichtregierungsorganisationen wurde vor 2016 von den Vereinten Nationen anerkannt.",0,[],[]
628,Jack Barts,0,[],[]
982,Jahrhundert ein neues Rathaus gebaut.,0,[],[]
1447,Jahrhundert endete am 31.,0,[],[]
672,Jahrhundert geschrieben.,0,[],[]
927,Jahrhundert hieß Sokołowsko noch Görbersdorf.,0,[],[]
671,Jahrhundert sowie aus dem 14.,0,[],[]
1916,Jahrhundert um die Freiheit gerungen.,0,[],[]
449,Jahrhundert wurden hauptsächlich durch die Architekten John Nash und Edward Blore entworfen.,0,[],[]
671,Jahrhundert.,0,[],[]
1571,"Jahrhunderts zeigten positive Entwicklungen in der georgischen Volkswirtschaft auf, insbesondere durch bessere Bürokratie und hohe Platzierungen im Doing-Business-Index.",0,[],[]
1449,Jakarta und Palembang waren Gastgeber der 18.,0,[],[]
1555,Jakob landete im März 1689 in Irland.,0,[],[]
1552,Jakobs Tochter Maria wurde Königin.,0,[],[]
437,James McAvoy wurde aufgrund seines Aussehens zunächst abgelehnt.,0,[],[]
1575,Januar 1918 in der Münchener Druckerei Mannzmann verhaftet.,0,[],[]
132,Januar 1942 wieder in Dienst gestellt.,0,[],[]
909,Januar 1943.,0,[],[]
1885,Januar 1957.,0,[],[]
1210,Januar 1964 geboren.,0,[],[]
1375,Januar 1979 ein vollwertiges souveränes Mitglied der Schweizer Konföderation.,0,[],[]
1870,Januar 1986 trat Portugal der EEC bei.,0,[],[]
311,Januar 1992 geboren.,0,[],[]
1515,Januar 2007 zum Chef der Übergangsregierung ernannt.,0,[],[]
1835,Januar 2012 ausgetragen.,0,[],[]
1857,Januzaj wurde in Brüssel geboren.,0,[],[]
1193,Japan ist am anfälligsten für die Kawasaki-Krankheit.,0,[],[]
1758,Jede Uhr bestand aus zwei Spiegeln.,0,[],[]
1741,Jeweils zwei Senatoren.,0,[],[]
1140,Jieitai,0,[],[]
1039,"Jogging ist eine Form des Freizeit- oder Laufsports, bei der durch gemächliche Dauerläufe die Kondition (Ausdauer) gesteigert wird.",0,[],[]
1138,"John Hinckley, Jr., hat versucht, Präsident Reagan zu ermorden.",0,[],[]
361,John Perring beschrieb die Mastabat al-Firʿaun als Erster.,0,[],[]
1686,"John Willard Milnor wurde in Orange, New Jersey geboren.",0,[],[]
1792,Jon Hamm lieh seiner Stimme dem Ehemann von Sandra Bullocks Charakter Scarlet Overkill im Film Minions.,0,[],[]
1004,Jonathan Nolan ist der Co-Autor der meisten von Nolans Filmen.,0,[],[]
1820,"Jöns Jakob Berzelius kam auf das Wort ""Protein"".",0,[],[]
1099,Joseph Bell war das lebende Vorbild für Sherlock Holmes.,0,[],[]
792,Juli 1884,0,[],[]
972,Juli 1914 geboren.,0,[],[]
1010,Juli 1986 geboren.,0,[],[]
321,"Juli 2017 unterzeichnete Vertrag sah vor, dass die Investitionen von Infraero für das Passagierterminal und die Verlängerung der Piste abgeschlossen werden sollten.",0,[],[]
1424,Juli geboren.,0,[],[]
54,Juni,0,[],[]
1048,Juni 1811 geboren.,0,[],[]
1676,Juni 1838 statt.,0,[],[]
1019,Juni 1959.,0,[],[]
419,Juni 1967 aus der Schiffliste der US Navy gestrichen.,0,[],[]
1631,"Juni 2018 einen Vertrag bei Inter Mailand, der bis zum 30.",0,[],[]
1631,Juni 2022 gültig war.,0,[],[]
131,Juni eintraf sie in San Pedro.,0,[],[]
626,Juni-Plan ist auch als Mountbattenplan bekannt.,0,[],[]
1375,Jura wurde am 1.,0,[],[]
972,Jyoti Basu wurde am 8.,0,[],[]
1437,Kaiser Aurangzeb des Mughal-Reichs ist 1707 gestorben.,0,[],[]
1114,Karan Johar,0,[],[]
1822,Karl diente ab 1939 in der Wehrmacht und nahm am Krieg gegen die Sowjetunion teil.,0,[],[]
1189,"Karp begann, HTML zu lernen, als er 11 Jahre alt war.",0,[],[]
1011,Kasparian ist im Stadtteil Reseda im San Fernando Valley aufgewachsen.,0,[],[]
1501,Kate Elizabeth Winslet ist britischer Staatsbürger.,0,[],[]
863,Khan ging ans Keble College in Oxford.,0,[],[]
1059,Khan starb am 28.,0,[],[]
1694,Kitts und drei für Nevis vorgesehen sind.,0,[],[]
1176,"Kofi Annan war in Ghana geboren, einem modernen Staat, das zu seiner Geburt noch als britische Kolonie bekannt war und unter dem Namen Goldküste firmierte.",0,[],[]
1747,Kohl trat als Ministerpräsident zurück und wurde am 13.,0,[],[]
448,Königin Elisabeth II.,0,[],[]
280,Konstantinopel,0,[],[]
1159,Koran,0,[],[]
42,Kreuzer oder kleinerer Schiffstypen nehmen normalerweise an der Kanonendiplomatie teil.,0,[],[]
1542,Krishna,0,[],[]
1156,Kun-Lesung und On-Lesung.,0,[],[]
268,Kurgane,0,[],[]
1860,Lagos,0,[],[]
108,Lambert und Guido II.,0,[],[]
1826,Lamm und Schaf werden bevorzugt.,0,[],[]
129,LE trat der Gruppe nach den drei Ursprungsmitgliedern bei.,0,[],[]
536,Lebenstag sind die Jungtiere vollständig mit Fell bedeckt.,0,[],[]
1526,Lech Wałęsa wurde am 29.,0,[],[]
215,Lee Dixon und Nigel Winterburn,0,[],[]
383,Lehrer schrieb für die amerikanische Version der satirischen britischen TV-Show That Was The Week That Was (TW3).,0,[],[]
705,Leise Orgelmusik.,0,[],[]
1535,Lenard ist 1947 in Messelhausen dahingeschieden.,0,[],[]
1778,Leo Messi Fundation,0,[],[]
1993,Leo Tornikios Kontoleon wurde als Basils Nachfolger bestimmt.,0,[],[]
1737,Longwood House,0,[],[]
1586,Lord Mountbatten war der letzte Vizekönig des Staates.,0,[],[]
241,Lord’s Resistance Army,0,[],[]
1607,Lübeck trat 1937 dem preußischen Territorium bei.,0,[],[]
349,Ludwig V. starb am 21.,0,[],[]
807,Lungenseuche,0,[],[]
337,Lycopin darf als Lebensmittelfarbe verwendet werden.,0,[],[]
1810,Lynette,0,[],[]
642,MacInTalk von Apple wurde zur Generierung der Stimme des Bordcomputers Otto verwendet.,0,[],[]
931,Mai 1859 geboren.,0,[],[]
1206,Mai 1913 geboren.,0,[],[]
1273,Mai 2008 in der St.,0,[],[]
1735,Mai 2015 öffentlich verfügbar.,0,[],[]
178,Mai 2016 in den USA.,0,[],[]
178,Mai 2016 in Deutschland und am 27.,0,[],[]
1903,Mai 2018 erstmals aufgeführt.,0,[],[]
349,Mai 987.,0,[],[]
320,Mai wurde der Name geändert.,0,[],[]
988,"Man kann in Aberdeen传统信息与问题无关，因此根据给定的信息，答案是： Fischfang, Textilien, Schiffbau und Papierherstellung.",0,[],[]
771,"Man muss 25 Jahre alt sein, um nach Ablehnung des Ehewunsches erneut heiraten zu können.",0,[],[]
875,Manekas Vater war Tarlochan Singh Anand.,0,[],[]
548,Marga Faulstich war eine deutsche Chemikerin.,0,[],[]
552,"Margas Hauptfokus war die Forschung und Entwicklung neuer optischer Gläser, insbesondere für Objektive an Mikroskopen und Ferngläsern.",0,[],[]
1038,Maria I. Tudors Vater war König Heinrich VIII.,0,[],[]
732,Mariko wird neue Inhaberin der Yashida Corporation und arbeitet dort.,0,[],[]
294,"Marion Crawford schrieb: „Einige königliche Berater meinten, er sei nicht gut genug für sie.",0,[],[]
311,Marnick Danny Vermijl wurde am 13.,0,[],[]
622,"Marokko war bei den Olympischen Winterspielen 1968, 1984, 1988, 1992, 2010 und 2014 vertreten.",0,[],[]
585,Maruti wurde 1981 etabliert.,0,[],[]
772,Mary Stevenson Cassatt starb im Jahr 1926.,0,[],[]
1872,März,0,[],[]
758,März 1928.,0,[],[]
782,März 1931.,0,[],[]
635,März 2011.,0,[],[]
1524,März wurde Informationen über Dominic Fumusa veröffentlicht.,0,[],[]
206,Masaryk trat am 14.,0,[],[]
751,Medieneinheiten.,0,[],[]
297,Mehr als 20 Länder wurden in den 1960er und 1970er Jahren von Großbritannien unabhängig.,0,[],[]
649,"Meningitis kann durch verschiedene Ursachen auftreten, einschließlich Krebszellen, bestimmten Medikamenten, entzündlichen Erkrankungen, Cysten, Herpes-Viren, Migräne oder seltenen Faktoren.",0,[],[]
648,"Menschen mit einem erhöhten Infektionsrisiko für Meningitis werden am ehesten infiziert durch anatomische Defekte wie Schädelfrakturen, insbesondere der Schädelbasis, sowie durch Störungen des Immunsystems.",0,[],[]
1895,"Metoprolol sollte in der Schwangerschaft und Stillzeit nur unter strenger ärztlicher Kontrolle eingesetzt werden, da es potenzielle Nebenwirkungen gibt.",0,[],[]
339,Mevalonsäure,0,[],[]
609,MEXT,0,[],[]
7,Miaoli City befindet sich in der Republik China auf Taiwan.,0,[],[]
351,Michail Kasjanow wurde am 24.,0,[],[]
1198,Microsoft begann mit der Entwicklung des .NET Frameworks in den späten 1990ern.,0,[],[]
1593,Millionen von Menschen sind von den Britischen Inseln ausgewandert.,0,[],[]
1905,Mindestens drei Torhüter.,0,[],[]
118,Misserfolg,0,[],[]
1876,"Mit der angenommenen Halbwertszeit des Protons und dem Alter des Universums von 1040 Jahren, sind etwa 1000 Halbwertszeiten vergangen, was zu einer fast vollständigen Zerfallshälfte der Protonen geführt hat.",0,[],[]
683,Mit der Winchester-M70-Jagdgewehr soll die Reichweite angeblich aus drei Kilometer Entfernung treffen können.,0,[],[]
1764,Mit Deutschland und dessen verbündeten Mittelmächten.,0,[],[]
421,Mohammad Jawad,0,[],[]
392,Monica mag Chandler.,0,[],[]
1639,Mont Usborne liegt auf einer Höhe von 705 Metern über dem Meeresspiegel.,0,[],[]
1715,Moskau,0,[],[]
639,Mount Everest befindet sich in der Nähe von Nuptse.,0,[],[]
1109,München,0,[],[]
1243,München wuchs kontinuierlich in Bevölkerungszahl.,0,[],[]
1439,Munition,0,[],[]
920,"Müttern wird empfohlen, ihre frühgeborenen Kinder regelmäßig in Hautkontakt zu halten, um sie warmzuhalten und zu stillen.",0,[],[]
1899,Nach 1650 stieg die Besiedlungsdichte auf der Insel Puerto Rico stark an und die Bestände der Puerto-Rico-Amazone begannen zurückzugehen.,0,[],[]
498,Nach dem Abschluss an der Kunstfachhochschule 1965 trat Durdy Bayramov dem Verband der bildenden Künstler der UdSSR bei und begann seine Karriere als professioneller Künstler.,0,[],[]
549,Nach dem Jahr 1935 begann Faulstich als wissenschaftliche Hilfskraft zu arbeiten.,0,[],[]
1575,Nach dem Munitionsarbeiterstreik wurde Graf am 29.,0,[],[]
62,Nach dem Tod Alexanders des Großen wurde Armenien bis zu seinem Tod 321 v. Chr.,0,[],[]
173,Nach dem Tod Martinians wurde das Ferapontow-Kloster durch die Mitglieder der Familie Iwans III.,0,[],[]
1877,Nach dem Verdampfen der schwarzen Löcher wird das Universum so gut wie leer sein.,0,[],[]
1080,Nach dem Zweiten Weltkrieg entwickelte Schweden sich zu einer der führenden Industrienationen der Welt und blieb wirtschaftlich in Ordnung.,0,[],[]
338,Nach der Desaturierung werden zwei Moleküle Phytoen zu Lycopin gebildet.,0,[],[]
1458,Nach der Third United Nations Conference on the Exploration and Peaceful Uses of Outer Space (UNISPACE III) haben die Hilfsorganisationen der Europäischen Weltraumorganisation teilgenommen.,0,[],[]
6,Nach der Wiederaufnahme der Nutzholzgewinnung.,0,[],[]
1344,Nader,0,[],[]
1,Nahe dem Vulkan.,0,[],[]
1631,Nainggolan unterschrieb am 26.,0,[],[]
818,Nanometer,0,[],[]
779,"Nape war nur eine Woche im Amt, bevor er zurücktrat.",0,[],[]
1738,Napoleon III.,0,[],[]
1129,"Nein, der iPod ist mit DRM-geschützten Musik von Anbietern wie Musicload nicht kompatibel.",0,[],[]
423,"Nein, Masala Chai ist kein feststes Rezept.",0,[],[]
706,"Nein, Muhammad's Stimme wird nicht direkt gehört.",0,[],[]
1202,Netflix startete 1997.,0,[],[]
124,Netzer spielte als Mittelfeldspieler.,0,[],[]
34,Nevil Maskelyne war einer der Wissenschaftler im Team.,0,[],[]
820,NGC 7006 ist 135.000 Lichtjahre entfernt.,0,[],[]
1869,Ninja Melk,0,[],[]
121,Ninon Dolbin war Kunsthistorikerin.,0,[],[]
1706,Norman Borlaug,0,[],[]
1854,Nostoc gehört zur Familie der Nostocaceae.,0,[],[]
1436,November 1774 in London.,0,[],[]
1212,November 1903 unterzeichnet.,0,[],[]
1731,November 1944 gestorben.,0,[],[]
295,November 1948 geboren.,0,[],[]
1683,November 2006.,0,[],[]
508,November 2010 durch.,0,[],[]
1989,November im Berliner Tageblatt 2008 überaus optimistisch ausgedrückt bezüglich des Erfolgs der Revolution.,0,[],[]
1964,November.,0,[],[]
183,Nur zehn Maschinen davon wurden gebaut.,0,[],[]
800,Nyberg diente als Bordingenieurin in den ISS-Expeditionen 36 und 37.,0,[],[]
451,"Offizielle Veranstaltungen des Hofes wurden nach London zurückgekehrt, weiterhin in Windsor Castle abgehalten.",0,[],[]
984,Ohne spezifiziertes Gebiet oder Ereignis kann keine genaue Antwort gegeben werden.,0,[],[]
1059,Oktober 1921.,0,[],[]
71,Oktober 1934 wurde mit dem Bau des Henschel Flugzeug-Werkes in Schönefeld begonnen.,0,[],[]
1284,Oktober 1999 verwendet.,0,[],[]
699,Oktober 2014 in die Kinos in Deutschland.,0,[],[]
179,Oktober 2014.,0,[],[]
168,Oktober 2016 veröffentlicht.,0,[],[]
1736,Online-Dienst zur Speicherung von Bildern und Videos.,0,[],[]
697,Oona Castilla Chaplin ist eine Schauspielerin.,0,[],[]
442,Öskjuhlíð,0,[],[]
1881,Otto Wallach starb am 26.,0,[],[]
1531,Ovid ist ein berühmter lateinischer Poet.,0,[],[]
830,Pakse,0,[],[]
245,Paramount Pictures.,0,[],[]
1948,Parapositronium,0,[],[]
195,Pascal und Fortran.,0,[],[]
1884,Pattee,0,[],[]
1709,Paul International Airport.,0,[],[]
1755,"Pauli und Miller waren der Meinung, dass sowohl Ignatowski als auch Frank/Rothe nicht in der Lage waren, in den erhaltenen Transformationen die invariante Geschwindigkeit mit der Lichtgeschwindigkeit zu identifizieren.",0,[],[]
995,Paulo Freire wurde Lehrer für Portugiesisch.,0,[],[]
107,Paulus Diaconus,0,[],[]
1475,Pavreen Babi ist 2005 gestorben.,0,[],[]
1772,PE,0,[],[]
409,Pearl Harbor liegt im Bundesstaat Hawaii.,0,[],[]
100,"Pedaliaceae sind eine Pflanzenfamilie in der Ordnung der Lippenblütlerartigen (Lamiales), und die bekannteste Art ist der Sesam (Sesamum indicum).",0,[],[]
766,"Perfektes Erinnerungsvermögen im Spiel ist das Wissen jedes Spielers über sämtliche Informationen, die ihm bereits in der Vergangenheit zugänglich waren.",0,[],[]
61,Pergamon,0,[],[]
1165,Peter Dinklages Vater war ein Versicherungsvertreter.,0,[],[]
1424,Peter Kapitza wurde am 8.,0,[],[]
854,Philip Joel Hughes ist für Cricket bekannt.,0,[],[]
1670,Philoromäus war Philipp I. Philadelphos.,0,[],[]
344,Platz 12 in Frankreich.,0,[],[]
300,Platzpatronen.,0,[],[]
1919,Polnischer Untergrundstaat,0,[],[]
1722,Premierminister und Verteidigungsminister,0,[],[]
295,Prinz Charles wurde am 14.,0,[],[]
885,QS 9000 wurde von der ISO 9001 und der ISO/TS 16949 ersetzt.,0,[],[]
391,Rachel wartet am Flughafen zu Beginn der zweiten Saison auf Ross.,0,[],[]
1623,Radjedef,0,[],[]
164,Raimund IV.,0,[],[]
1130,Rainer Weiss war an der Tufts University und an der Princeton University beschäftigt.,0,[],[]
424,Raj fühlt sich trotz Poojas Liebe zu ihm von der schönen Tina angezogen.,0,[],[]
1132,Rakesh Sawant ist Regisseur.,0,[],[]
1401,"Rechte Militärs und Teile der paramilitärischen Guardia Civil versuchten 1981 einen Putschversuch (""23-F"") durchzuführen.",0,[],[]
1406,Reena Chopra ist Parineeti Chopras Mutter.,0,[],[]
1918,Rey Misterio Jr.,0,[],[]
1308,Rhodesien,0,[],[]
852,Richter am Obersten Gerichtshof treten mit 65 Jahren in den Ruhestand.,0,[],[]
495,Roberts war Co-Kapitän des Football-Teams.,0,[],[]
1748,Rohit war der jüngere Bruder.,0,[],[]
494,Rosemary (geborene Podrasky),0,[],[]
1548,Rossler trat 1992 den Jungen Liberalen bei.,0,[],[]
576,Rostec arbeitet mit 312 unterstützenden Universitäten zusammen.,0,[],[]
1941,"Rozas wichtigster Beitrag war der Rembetiko, insbesondere in der Smyrna-Variante.",0,[],[]
1540,Rudolf Diesel ging an Bord der SS Dresden in Antwerpen.,0,[],[]
1068,Rūmīs und seines Vaters.,0,[],[]
1541,Rund 16.000 Rebsorten gibt es.,0,[],[]
1321,Rund 25 Kilogramm.,0,[],[]
52,Rund 550.000 m².,0,[],[]
435,Rund ein halbes Jahr.,0,[],[]
1175,"Rupya wurde ursprünglich für eine Silbermünze von 178 Gran (11,534 Gramm) verwendet.",0,[],[]
1487,Russland,0,[],[]
208,Sabena,0,[],[]
288,Saint-Domingue war ein Gebiet in der westlichen Drittelinsel Hispaniola und gehörte Frankreich.,0,[],[]
615,Samuel Sterns gegen einen Schrank.,0,[],[]
1671,Sarajevo,0,[],[]
718,Saudi-Arabien,0,[],[]
1685,"Schätzungen gehen von 26 bis 73 Millionen Haie pro Jahr aus, die nur wegen ihrer Flossen getötet wurden.",0,[],[]
1818,"Scheindel Grün, David Ben-Gurions Mutter, starb, als er 11 Jahre alt war.",0,[],[]
33,Schiehallion wurde wegen seiner isolierten Lage und nahezu symmetrischen Form zum idealen Ort für das Experiment.,0,[],[]
216,Schleimhäute und Klauen sind dunkel gefärbt.,0,[],[]
305,Schnee ist in Haifa nicht üblich.,0,[],[]
72,"Schönefeld war ein Flughafen, der geplant wurde, bis 2012 ausgebaut und zu einem leistungsfähigeren ""Single Airport"" für Berlin ausgebaut zu werden.",0,[],[]
1725,Schuldmünzen müssen eingelöst werden.,0,[],[]
861,Sechs Kontinente.,0,[],[]
395,Sein Körper wurde nach seinem Tod in Korea verstümmelt und öffentlich zur Schau gestellt.,0,[],[]
1554,Sein Spitzname in Irland war 'James the be-shitten'.,0,[],[]
734,"Sein Spitzname war ""Dick"".",0,[],[]
867,"Seine durchschnittliche Schlagpunktzahl betrug 37,69.",0,[],[]
933,Seine Leiche wurde dort entdeckt.,0,[],[]
1843,"Seine Serie, unbesiegt in Einzelmatches zu sein, endete am 3.",0,[],[]
1310,Seine Tochter叫醒我的不是鳥鳴而是咖啡機的声音。她的名字是Kathleen Gertrud Ferrier。,0,[],[]
706,Seine Worte werden von anderen Personen zitiert.,0,[],[]
866,SeinHighestScore in Bowling ist 6 Wickets.,0,[],[]
516,Seit 1936 befindet sich im Erdgeschoss der Burg in Palma das Museum zur Stadtgeschichte Palmas.,0,[],[]
1851,Seit 1968 gibt es das Nachmittagsfixing.,0,[],[]
1926,Seit 1975 dient das OFID-Hauptquartier als Palais.,0,[],[]
892,Seit 1991 gibt es Frauenfußball-Profi-Meisterschaften.,0,[],[]
1571,Seit Anfang des 21.,0,[],[]
1070,Seit fast 30 Jahren ist Samoa bei den Rugby-Union-Weltmeisterschaften dabei.,0,[],[]
1867,Seitdem wurden die Videos eigenproduziert von Ryan Higa.,0,[],[]
1562,"Sektion Acuminati liegt in nördliches Queensland, Neuguinea, Neubritannien, Borneo.",0,[],[]
1888,"Selten wird er auch vor Neuengland, Maine oder Massachusetts gefunden.",0,[],[]
1627,Sepp Blatter war 2007 Präsident der FIFA.,0,[],[]
1679,September 1926.,0,[],[]
1526,September 1943 geboren.,0,[],[]
307,"September 1944, als die britische 8.",0,[],[]
785,September 1963 eröffnet.,0,[],[]
1035,September 1965 geboren.,0,[],[]
1830,September 1968 geboren.,0,[],[]
1790,September 1971.,0,[],[]
166,September 1977 wurde das Auto angegriffen.,0,[],[]
1616,September 1983 vergeben.,0,[],[]
220,"September 1997 gegen Hugh Morrus, also verlor Hugh Morrus gegen Goldberg am 22.",0,[],[]
220,September 1997.,0,[],[]
330,September 2001.,0,[],[]
624,September 2016 wurde Hattar getötet.,0,[],[]
660,Serova ist 1976 geboren.,0,[],[]
1379,Service above self,0,[],[]
99,Sesam-Samen werden aus der Frucht des Sesambesuchs gewonnen.,0,[],[]
1595,shareyourworld.com wurde geschlossen aus Kosten- und Bandbreitengründen.,0,[],[]
725,Shaula wird dem Stachel des Skorpions wegen seiner einzigartigen Merkmale im arabischen Raum gegeben.,0,[],[]
1650,Sheerans älterer Bruder arbeitet als Komponist.,0,[],[]
1178,Sidley & Austin,0,[],[]
797,Sie blieb in Vance drei Jahre.,0,[],[]
610,"Sie findet heraus, dass er ein Idiot ist.",0,[],[]
831,Sie sind hellbeiger bis weißlich.,0,[],[]
685,Sie wird abgeschoben aus den USA.,0,[],[]
834,Sie wird von der International Union for Conservation of Nature and Natural Resources (IUCN) gelistet.,0,[],[]
1508,Sie wollten ihre Gruppe zuerst als Sons of Jonas nennen.,0,[],[]
1537,"Siege über die Alamannen errang, oder von seinem Enkel Constantius II., der 354 und 355 gegen die Alamannen kämpfte.",0,[],[]
955,"Simon & Schuster veröffentlichte 2014 ""Everyday Sexism"".",0,[],[]
758,Sir David Ferrier starb am 19.,0,[],[]
778,Sir Michael Ogio GCMG CBE KStJ war vom 25.,0,[],[]
1351,Smiths Mutter hieß Yvonne Bailey.,0,[],[]
744,Sol ist eine Übersetzung für einen Sonnentag auf dem Mars.,0,[],[]
1093,Sole,0,[],[]
1903,Solo wurde am 25.,0,[],[]
1046,Sørensen war von 1901 bis 1938 Leiter der chemischen Abteilung des Carlsberg-Laboratoriums.,0,[],[]
1513,Southall liegt im Stadtteil des London Borough of Ealing im Westen von London.,0,[],[]
1674,Spears' untreuer Freund wurde vergiftet.,0,[],[]
447,"Sportler aus Usbekistan nahmen nach dem Zerfall der UdSSR zunächst an den Olympischen Spielen der Sowjetunion teil, bevor Usbekistan selbständig an den Spielen teilnehmen konnte.",0,[],[]
999,"Sportster, Dyna und die Modelle der VRSC-Familie.",0,[],[]
569,Staatliche Bestattungen finden in der Westminster Hall statt.,0,[],[]
219,Stachelbeeren sind sowohl in Westasien heimisch als auch in Teilen Asiens.,0,[],[]
1164,Stanford University,0,[],[]
1868,steht für Agent of Secret Stuff.,0,[],[]
401,Straßburg,0,[],[]
507,"Suhrob Kurbanov, Tahir Salahov",0,[],[]
45,Sumpfmeerkatzen können bis zu 23 Jahre alt werden.,0,[],[]
939,Sunil Veerappa Shetty ist am bekanntesten für seine Rollen in Filmkomödien und als Bösewicht.,0,[],[]
93,Sunnitische Muslime sind am dominierendsten in Usbekistan.,0,[],[]
1162,"Tears for Water, ein Songbook mit eigenen Gedichten und Liedtexten.",0,[],[]
695,Tennis wurde nach den Olympischen Sommerspielen 1924 aus dem Programm gestrichen.,0,[],[]
909,Tesla starb am 7.,0,[],[]
1955,Tess geht in ihr Schlafzimmer.,0,[],[]
1952,Tess von den d'Urbervilles gilt als ein Meisterwerk.,0,[],[]
1961,Tess wird hingerichtet.,0,[],[]
1954,"Tess' Vater war zu betrunken, um sie abzuholen.",0,[],[]
1602,Thailand,0,[],[]
291,The Little Princesses,0,[],[]
413,The Showgirl Princess,0,[],[]
1751,The Time Machine wurde 1895 veröffentlicht.,0,[],[]
1816,Theodorich wollte durch den Angriff auf Narbo Martius ins Mittelmeer gelangen.,0,[],[]
1435,Thiel,0,[],[]
1065,Thomas kehrte 1259 nach Paris zurück.,0,[],[]
1064,Thomas von Aquino wurde kurz vor oder kurz nach Neujahr 1225 geboren.,0,[],[]
315,"Thonburi und Phra Nakhon wurden zusammengezogen, um eine einzige Provinz zu bilden.",0,[],[]
146,Tired of Being Being Sorry,0,[],[]
1687,Titan,0,[],[]
1776,Tochter des Königs,0,[],[]
1566,Toots,0,[],[]
222,Trevinos Mutter stammte ursprünglich aus dem mexikanischen Zacatecas.,0,[],[]
264,Trifolium alexandrinum,0,[],[]
1746,Turako wurden ursprünglich mit den Kuckucksvögeln (Cuculiformes) verbunden.,0,[],[]
703,Turdoides affinis,0,[],[]
512,"Typische Kernprozesse wie die Verwaltung von Spar-, Darlehens- oder Girokonten werden durch Core Banking Systeme übernommen.",0,[],[]
1729,Über 500 Millionen Menschen sahen die Landung der Apollo 11.,0,[],[]
1719,Über 800 Vietnamesen wurden beim Massenmord am 15.,0,[],[]
600,"Über ein Prozent der Fläche Polens, was 3.145 km² betrifft, werden in 23 Nationalparks geschützt.",0,[],[]
1033,Übernatürliche Wesen und Untiere.,0,[],[]
503,"Überspannte das Projekt ""Cultural Figures"" über vier Jahrzehnte.",0,[],[]
322,Um Platz für einen kommerziellen Badeort und Wasserpark zu schaffen.,0,[],[]
448,und Prinz Philip leben im Buckingham Palace.,0,[],[]
1107,Universität Zürich,0,[],[]
762,"Universum-Wettbewerb, wo er 1952 in der Amateurwertung gewann.",0,[],[]
1377,Unter dem Pseudonym Gabriela Mistral schrieb die Nobelpreisträgerin Lucila Godoy Alcayaga.,0,[],[]
1392,"Upendrakishore Raychowdhury, Rays Großvater, war ein berühmter Intellektueller als Verfasser von Kinderliteratur, Musiker und Wissenschaftler.",0,[],[]
247,"Ursprünglich sollte neben Vin Diesel auch der Regisseur des ersten Teils, Rob Cohen, zurückkehren.",0,[],[]
279,Uruguay,0,[],[]
376,US-Dollar.,0,[],[]
1087,"Utica, New York.",0,[],[]
1519,Vallabhbhai Patel starb am 15.,0,[],[]
381,Věra Čáslavská,0,[],[]
1450,"Vereinigte Staaten, EU, Japan und andere Erste-Welt-Länder drängten auf die Einbeziehung von TRIPS.",0,[],[]
1493,Vergara wurde 1972 geboren.,0,[],[]
824,verheiratet.,0,[],[]
1738,verlangte Longwood House an das französische Kaiserreich.,0,[],[]
48,"Vermutlich, weil das Potenzial weniger spektakulärer Technologien in Schottland weniger auffällt.",0,[],[]
1126,VHDL und Verilog werden für spezielle Entwicklerwerkzeuge im Rahmen des Computer-aided engineering (CAE) angewendet.,0,[],[]
1677,Victoria wurde in einem weißen Kleid und mit ihrem Brautschleier bestattet.,0,[],[]
1550,"Viele Briten misstrauten der neuen Herzogin von York, Maria von Modena.",0,[],[]
1386,"Viele der Stationen sind mit Geldautomaten, Kiosken und anderen Anlagen versehen und haben ein einzigartiges Design.",0,[],[]
286,Viele der Statuen von Georg IV.,0,[],[]
122,vier,0,[],[]
889,vier,0,[],[]
538,Vier Beutelteufel wurden von der tasmanischen Regierung dem Zoo Kopenhagen übergeben.,0,[],[]
1112,"Viv Richards war ein ehemaliger Cricketspieler, der für das West Indies Cricket Team spielte.",0,[],[]
577,Von 1940 bis in die 1970er Jahre wurde die Kirche von dem Architekten Luis Menéndez Pidal restauriert.,0,[],[]
529,Von 1986 bis 1991 arbeitete er als Ingenieur am Raumfahrtbahnhof in Baikonur.,0,[],[]
1663,Von der griechischen Mythologie stammt Callisto.,0,[],[]
62,von General Neoptolemos unterstellt.,0,[],[]
529,Von Oktober 1991 bis April 1995 war er in der privaten Wirtschaft beschäftigt.,0,[],[]
528,Von Oktober 1991 bis April 1995 war Kornijenko in der privaten Wirtschaft beschäftigt.,0,[],[]
164,von Toulouse,0,[],[]
701,Vor 1994 haben Athleten aus der Ukraine im Vereinten Team teilgenommen.,0,[],[]
788,"Vor dem 802.1Q-Standard wurden die VLANs nach IEEE 802.1Q, Shortest Path Bridging, Ciscos Inter-Switch Link Protocol (ISL) oder auch 3Coms VLT (Virtual LAN Trunk) Tagging verwendete Methoden zur Übertragung von VLAN-Informationen im Netzwerk.",0,[],[]
821,"Vor dem Jahr 1980, speziell in den 1980er Jahren.",0,[],[]
1647,Vor dem Legen bestehen die Eierschalen aus einer dreilagigen Schicht.,0,[],[]
226,Vorstandsvorsitzender der VDI-Gesellschaft Bautechnik,0,[],[]
1730,Während der 1990er Jahre stagnierten die Ausgaben für Weltraumprogramme bei NASA.,0,[],[]
1648,"Während der Inkubation werden Monotremeneier von einer klebrigen Substanz bedeckt, deren Herkunft unbekannt ist.",0,[],[]
1733,Während der NATO-Luftangriffe auf Jugoslawien 1999 trainierte Ivanović in einem umgebauten Schwimmbad im Belgrader Sportcenter.,0,[],[]
1803,"Während der Saïtenzeit-Dynastie wurde im östlichen Teil des Totentempels ein Schachtgrab angelegt, was darauf hindeutet, dass der Tempel bereits weitgehend zerstört war.",0,[],[]
1712,Während des Neumondes steht der Mond zwischen der Sonne und der Erde.,0,[],[]
455,Während des Zweiten Weltkrieges wurden Berichterstattungen zu Bombardierungen des Buckingham Palace eingeschränkt.,0,[],[]
1938,Wahrscheinlich zwischen 1895 und 1897.,0,[],[]
1125,"Wales widerspricht dem Oberschichten-Vorteil von Rugby, da Rugby Union dort mit Mannschaften aus kleinen Dörfern in Zusammenhang gebracht wird, in denen Bergleute und Industriarbeiter leben.",0,[],[]
200,Wasserstoff und Helium.,0,[],[]
432,Weibchen der östlichen Art sind deutlich kontrastreicher gefärbt.,0,[],[]
418,Weiblicher Schauspielerinnen.,0,[],[]
1058,Weibliches Geschlecht.,0,[],[]
1546,Weißrussland gehörte neben Russland zur Gemeinschaft (GUS - Gemeinschaft derunistischer Staaten).,0,[],[]
521,Weizen und Gerste.,0,[],[]
1514,"Wenn bei einer Teilstrecke beide Schalter auf On stehen, wird die Zwischenkreisspannung kurzgeschlossen.",0,[],[]
1220,"Wenn ein Ball verloren geht, wird er durch einen möglichst vergleichbaren Ersatzball ersetzt.",0,[],[]
1222,"Wenn ein Inning als beendet gilt, kann dies entweder durch das Verlieren aller Wickets, das Nichtverfügbarkeit eines weiteren Batsmans, eine Deklaration oder Forfaitture, die Endzeit oder die erreichte Overanzahl bestimmt werden.",0,[],[]
748,Westen.,0,[],[]
563,Westminster hieß vorher Thorney Island und das umliegende Gebiet.,0,[],[]
1558,"While Supply Chain Management focuses on the entire process from suppliers to customers, Demand Chain Management emphasizes managing relationships with suppliers and customers to fulfill customer demand as efficiently as possible and at the lowest cost.",0,[],[]
1105,WHO,0,[],[]
359,Who's That Girl,0,[],[]
937,"Wichtige Personen erwähnt in den Texten sind Hughie Gallacher, Neil Harris, Stan Seymour, Frank Hudspeth, José Mujica und Cecily Strong.",0,[],[]
14,Wilhelm Eugen studierte in Tübingen.,0,[],[]
1180,Wilkes Land ist der größte Bereich des Australischen Antarktis-Territoriums in der östlichen Antarktis.,0,[],[]
350,William Howard Stein starb am 2.,0,[],[]
1035,Williams wurde am 19.,0,[],[]
1846,Workprint: The Greatest Mixtape of All Time wurde 2007 veröffentlicht.,0,[],[]
81,Worths Bruder kehrte nach den Anklagen befreit in die USA zurück.,0,[],[]
286,"wurden während seiner Herrschaft, also zwischen 1820 und 1830, ursprünglich gebaut.",0,[],[]
246,Xiang ist für Markes Tod verantwortlich.,0,[],[]
192,Yari Marco wurde 1973 geboren.,0,[],[]
1779,Yvonne Strahovski,0,[],[]
201,Zabbix wird von der Firma Zabbix SIA weiterentwickelt.,0,[],[]
1008,"Zahnseide wurde 1882 kommerziell erhältlich, als die Firma Codman und Shurtleft damit begann, ungewacherte Zahnseide herzustellen.",0,[],[]
872,Zhèjiāng,0,[],[]
461,Zu den Staatsbanketten am ersten Abend des Besuchs ausländischer Staatsoberhäupter werden Staatsbankette vorbereitet.,0,[],[]
890,Zu einem leitenden Schiedsrichter helfen normalerweise zwei Linienrichter und je nach Wettbewerb möglicherweise ein Vierte Offizieller oder sogar zwei Torrichter.,0,[],[]
1505,Zudem hat es unter den meisten aus Südasien stammenden Muslimen in Großbritannien einen großen Einfluss.,0,[],[]
1173,"Zudem sind gedruckte Werke in Sanskrit, Hindi, Urdu, Paschtu, Tamil und Türkisch sowie rund 30.000 gedruckte Bücher (einschließlich Zeitschriften) in verschiedenen anderen Sprachen vorhanden.",0,[],[]
810,"Zudem wird die Stadt von den A-Straßen A58 und A61 durchkreuzt und ist Anfangspunkt der A62, A63, A64, A65 und A660.",0,[],[]
1870,Zum 1.,0,[],[]
520,Zusammen mit den Ornamenten wurden auch einfach gearbeitete Figurinen von Frauenfiguren und Tieren gefunden.,0,[],[]
1932,Zuschüsse werden größtenteils auf der Grundlage des Projekttyps und seiner zu erwarteten Ergebnisse vergeben.,0,[],[]
1297,"Zwei Fremdsprachenprüfungen müssen bestanden werden, um beim CEMS MIM abschließen zu können.",0,[],[]
1394,Zwei Planeten von der Größe der Erde wurden am 20.,0,[],[]
444,Zwei Seehäfen befinden sich in Reykjavík.,0,[],[]
1692,Zwischen 1915 und 1917 wurden die elf Kriege gekämpft.,0,[],[]
716,Zwischen 300.000 und 400.000 Menschen sollen unter Amins achtjähriger Herrschaft getötet worden sein.,0,[],[]
1757,Zwischen den Spiegeln.,0,[],[]
647,zwischen der äußeren Umgebung und dem Nervensystem,0,[],[]
1326,Zwölf Mitglieder des Stadtrats gehören der DFL an.,0,[],[]
1096,ကုန်းဘောင်ခေတ်,0,[],[]