text_order_id,sentence,num_triplets,triplets,abbreviation
1415,"Allerdings besuchte er die The British School in Neu-Delhi und studierte Geschichte am Balliol College in Oxford, wo er auch einen Master in International Relations machte.",3,"[{'verb': {'upos': 'VERB', 'text': 'besuchte', 'id': 2, 'deprel': 'root', 'head': 0}, 'subject': {'upos': 'PRON', 'text': 'er', 'id': 3, 'deprel': 'nsubj', 'head': 2}, 'object': {'upos': 'DET', 'text': 'The', 'id': 5, 'deprel': 'obj', 'head': 2}}, {'subject': {'upos': 'PRON', 'text': 'er', 'id': 3, 'deprel': 'nsubj', 'head': 2}, 'verb': {'upos': 'VERB', 'text': 'studierte', 'id': 13, 'deprel': 'conj', 'head': 2}, 'object': {'upos': 'NOUN', 'text': 'Geschichte', 'id': 14, 'deprel': 'obj', 'head': 13}}, {'subject': {'upos': 'PRON', 'text': 'er', 'id': 23, 'deprel': 'nsubj', 'head': 30}, 'object': {'upos': 'NOUN', 'text': 'Master', 'id': 26, 'deprel': 'obj', 'head': 30}, 'verb': {'upos': 'VERB', 'text': 'machte', 'id': 30, 'deprel': 'acl', 'head': 17}}]","['VSO', 'SVO', 'SOV']"
533,"Beutelteufel verschaffen sich Respekt durch ihre ökologische Rolle, da sie Kadaver schnell beseitigen und somit die Vermehrung von Schädlingen verhindern.",3,"[{'subject': {'upos': 'NOUN', 'text': 'Beutelteufel', 'id': 1, 'deprel': 'nsubj', 'head': 2}, 'verb': {'upos': 'VERB', 'text': 'verschaffen', 'id': 2, 'deprel': 'root', 'head': 0}, 'object': {'upos': 'PRON', 'text': 'sich', 'id': 3, 'deprel': 'obj', 'head': 2}}, {'subject': {'upos': 'PRON', 'text': 'sie', 'id': 11, 'deprel': 'nsubj', 'head': 14}, 'object': {'upos': 'NOUN', 'text': 'Kadaver', 'id': 12, 'deprel': 'obj', 'head': 14}, 'verb': {'upos': 'VERB', 'text': 'beseitigen', 'id': 14, 'deprel': 'advcl', 'head': 2}}, {'subject': {'upos': 'PRON', 'text': 'sie', 'id': 11, 'deprel': 'nsubj', 'head': 14}, 'object': {'upos': 'NOUN', 'text': 'Vermehrung', 'id': 18, 'deprel': 'obj', 'head': 21}, 'verb': {'upos': 'VERB', 'text': 'verhindern', 'id': 21, 'deprel': 'conj', 'head': 14}}]","['SVO', 'SOV', 'SOV']"
1560,"Ein Sakuru bezeichnet eine Gruppe, die sich aus einer Person besteht und Dōjinshi herausgibt.",3,"[{'subject': {'upos': 'PROPN', 'text': 'Sakuru', 'id': 2, 'deprel': 'nsubj', 'head': 3}, 'verb': {'upos': 'VERB', 'text': 'bezeichnet', 'id': 3, 'deprel': 'root', 'head': 0}, 'object': {'upos': 'NOUN', 'text': 'Gruppe', 'id': 5, 'deprel': 'obj', 'head': 3}}, {'subject': {'upos': 'PRON', 'text': 'die', 'id': 7, 'deprel': 'nsubj', 'head': 12}, 'object': {'upos': 'PRON', 'text': 'sich', 'id': 8, 'deprel': 'obj', 'head': 12}, 'verb': {'upos': 'VERB', 'text': 'besteht', 'id': 12, 'deprel': 'acl', 'head': 5}}, {'subject': {'upos': 'PRON', 'text': 'die', 'id': 7, 'deprel': 'nsubj', 'head': 12}, 'object': {'upos': 'PROPN', 'text': 'Dōjinshi', 'id': 14, 'deprel': 'obj', 'head': 15}, 'verb': {'upos': 'VERB', 'text': 'herausgibt', 'id': 15, 'deprel': 'conj', 'head': 12}}]","['SVO', 'SOV', 'SOV']"
612,"Pascha löst seine missliche Lage, indem er an seinen besten Mann Jackie schreibt, der Shrikanth Mathurs Tochter Radha entführt und sie als Polizist vorgibt.",3,"[{'subject': {'upos': 'PROPN', 'text': 'Pascha', 'id': 1, 'deprel': 'nsubj', 'head': 2}, 'verb': {'upos': 'VERB', 'text': 'löst', 'id': 2, 'deprel': 'root', 'head': 0}, 'object': {'upos': 'NOUN', 'text': 'Lage', 'id': 5, 'deprel': 'obj', 'head': 2}}, {'subject': {'upos': 'PRON', 'text': 'der', 'id': 16, 'deprel': 'nsubj', 'head': 21}, 'object': {'upos': 'NOUN', 'text': 'Tochter', 'id': 19, 'deprel': 'obj', 'head': 21}, 'verb': {'upos': 'VERB', 'text': 'entführt', 'id': 21, 'deprel': 'acl', 'head': 12}}, {'subject': {'upos': 'PRON', 'text': 'der', 'id': 16, 'deprel': 'nsubj', 'head': 21}, 'object': {'upos': 'PRON', 'text': 'sie', 'id': 23, 'deprel': 'obj', 'head': 26}, 'verb': {'upos': 'VERB', 'text': 'vorgibt', 'id': 26, 'deprel': 'conj', 'head': 21}}]","['SVO', 'SOV', 'SOV']"
1557,"Supply-Chain-Management betont die Lieferkette, während Demand-Chain-Management sich auf die Nachfrageseite konzentriert und die Lücke zwischen Customer-Relationship-Management und Supply-Chain-Management schließt.",3,"[{'subject': {'upos': 'NOUN', 'text': 'Management', 'id': 5, 'deprel': 'nsubj', 'head': 6}, 'verb': {'upos': 'VERB', 'text': 'betont', 'id': 6, 'deprel': 'root', 'head': 0}, 'object': {'upos': 'NOUN', 'text': 'Lieferkette', 'id': 8, 'deprel': 'obj', 'head': 6}}, {'subject': {'upos': 'PROPN', 'text': 'Demand', 'id': 11, 'deprel': 'nsubj', 'head': 20}, 'object': {'upos': 'PRON', 'text': 'sich', 'id': 16, 'deprel': 'obj', 'head': 20}, 'verb': {'upos': 'VERB', 'text': 'konzentriert', 'id': 20, 'deprel': 'advcl', 'head': 6}}, {'subject': {'upos': 'PROPN', 'text': 'Demand', 'id': 11, 'deprel': 'nsubj', 'head': 20}, 'object': {'upos': 'NOUN', 'text': 'Lücke', 'id': 23, 'deprel': 'obj', 'head': 36}, 'verb': {'upos': 'VERB', 'text': 'schließt', 'id': 36, 'deprel': 'conj', 'head': 20}}]","['SVO', 'SOV', 'SOV']"
739,"Addison schätzte die Leserschaft des Spectator auf 60.000, was etwa ein Zehntel der Bevölkerung Londons entsprach.",2,"[{'subject': {'upos': 'PROPN', 'text': 'Addison', 'id': 1, 'deprel': 'nsubj', 'head': 2}, 'verb': {'upos': 'VERB', 'text': 'schätzte', 'id': 2, 'deprel': 'root', 'head': 0}, 'object': {'upos': 'NOUN', 'text': 'Leserschaft', 'id': 4, 'deprel': 'obj', 'head': 2}}, {'subject': {'upos': 'PRON', 'text': 'was', 'id': 10, 'deprel': 'nsubj', 'head': 17}, 'object': {'upos': 'NOUN', 'text': 'Zehntel', 'id': 13, 'deprel': 'obj', 'head': 17}, 'verb': {'upos': 'VERB', 'text': 'entsprach', 'id': 17, 'deprel': 'acl', 'head': 4}}]","['SVO', 'SOV']"
63,"Armenien behielt einen beachtlichen Grad an Autonomie durch diplomatische Maßnahmen und lokale Herrscher, die sich zwischen den Interessen der Seleukiden und eigenen Bedürfnissen bewegten.",2,"[{'subject': {'upos': 'PROPN', 'text': 'Armenien', 'id': 1, 'deprel': 'nsubj', 'head': 2}, 'verb': {'upos': 'VERB', 'text': 'behielt', 'id': 2, 'deprel': 'root', 'head': 0}, 'object': {'upos': 'NOUN', 'text': 'Grad', 'id': 5, 'deprel': 'obj', 'head': 2}}, {'subject': {'upos': 'PRON', 'text': 'die', 'id': 15, 'deprel': 'nsubj', 'head': 25}, 'object': {'upos': 'PRON', 'text': 'sich', 'id': 16, 'deprel': 'obj', 'head': 25}, 'verb': {'upos': 'VERB', 'text': 'bewegten', 'id': 25, 'deprel': 'acl', 'head': 13}}]","['SVO', 'SOV']"
385,"Australien hätte Nachteile bei einer Besetzung Burmas, da die Burmastraße für den Nachschub an China wichtig wäre und eine solche Besetzung den Zugriff auf diesen Nachschub behindern würde.",2,"[{'subject': {'upos': 'PROPN', 'text': 'Australien', 'id': 1, 'deprel': 'nsubj', 'head': 2}, 'verb': {'upos': 'VERB', 'text': 'hätte', 'id': 2, 'deprel': 'root', 'head': 0}, 'object': {'upos': 'NOUN', 'text': 'Nachteile', 'id': 3, 'deprel': 'obj', 'head': 2}}, {'subject': {'upos': 'NOUN', 'text': 'Besetzung', 'id': 22, 'deprel': 'nsubj', 'head': 28}, 'object': {'upos': 'NOUN', 'text': 'Zugriff', 'id': 24, 'deprel': 'obj', 'head': 28}, 'verb': {'upos': 'VERB', 'text': 'behindern', 'id': 28, 'deprel': 'conj', 'head': 17}}]","['SVO', 'SOV']"
984,Bitte geben Sie weitere Informationen oder stellen Sie die Frage erneut.,2,"[{'verb': {'upos': 'VERB', 'text': 'geben', 'id': 2, 'deprel': 'root', 'head': 0}, 'subject': {'upos': 'PRON', 'text': 'Sie', 'id': 3, 'deprel': 'nsubj', 'head': 2}, 'object': {'upos': 'NOUN', 'text': 'Informationen', 'id': 5, 'deprel': 'obj', 'head': 2}}, {'verb': {'upos': 'VERB', 'text': 'stellen', 'id': 7, 'deprel': 'conj', 'head': 2}, 'subject': {'upos': 'PRON', 'text': 'Sie', 'id': 8, 'deprel': 'nsubj', 'head': 7}, 'object': {'upos': 'NOUN', 'text': 'Frage', 'id': 10, 'deprel': 'obj', 'head': 7}}]","['VSO', 'VSO']"
1995,"Boioannes baute eine Festung auf einem Pass der Apenninen und setzte normannische Söldner ein, um den Eingang in die apulische Ebene zu sichern.",2,"[{'subject': {'upos': 'PROPN', 'text': 'Boioannes', 'id': 1, 'deprel': 'nsubj', 'head': 2}, 'verb': {'upos': 'VERB', 'text': 'baute', 'id': 2, 'deprel': 'root', 'head': 0}, 'object': {'upos': 'NOUN', 'text': 'Festung', 'id': 4, 'deprel': 'obj', 'head': 2}}, {'subject': {'upos': 'PROPN', 'text': 'Boioannes', 'id': 1, 'deprel': 'nsubj', 'head': 2}, 'verb': {'upos': 'VERB', 'text': 'setzte', 'id': 11, 'deprel': 'conj', 'head': 2}, 'object': {'upos': 'NOUN', 'text': 'Söldner', 'id': 13, 'deprel': 'obj', 'head': 11}}]","['SVO', 'SVO']"
101,"Bond tötet Sciarra, weil dieser sich als Terroristen-Anführer herausstellt.",2,"[{'subject': {'upos': 'PROPN', 'text': 'Bond', 'id': 1, 'deprel': 'nsubj', 'head': 2}, 'verb': {'upos': 'VERB', 'text': 'tötet', 'id': 2, 'deprel': 'root', 'head': 0}, 'object': {'upos': 'PROPN', 'text': 'Sciarra', 'id': 3, 'deprel': 'obj', 'head': 2}}, {'subject': {'upos': 'DET', 'text': 'dieser', 'id': 6, 'deprel': 'nsubj', 'head': 12}, 'object': {'upos': 'PRON', 'text': 'sich', 'id': 7, 'deprel': 'obj', 'head': 12}, 'verb': {'upos': 'VERB', 'text': 'herausstellt', 'id': 12, 'deprel': 'advcl', 'head': 2}}]","['SVO', 'SOV']"
759,"Browning beherrschte bereits im Alter von 14 Jahren Altgriechisch, daher kann man davon ausgehen, dass er es auch vor dem Alter von 14 Jahren studiert haben muss.",2,"[{'subject': {'upos': 'PROPN', 'text': 'Browning', 'id': 1, 'deprel': 'nsubj', 'head': 2}, 'verb': {'upos': 'VERB', 'text': 'beherrschte', 'id': 2, 'deprel': 'root', 'head': 0}, 'object': {'upos': 'NOUN', 'text': 'Altgriechisch', 'id': 10, 'deprel': 'obj', 'head': 2}}, {'subject': {'upos': 'PRON', 'text': 'er', 'id': 19, 'deprel': 'nsubj', 'head': 28}, 'object': {'upos': 'PRON', 'text': 'es', 'id': 20, 'deprel': 'obj', 'head': 28}, 'verb': {'upos': 'VERB', 'text': 'studiert', 'id': 28, 'deprel': 'acl', 'head': 15}}]","['SVO', 'SOV']"
1537,"Chr., als Constantius I. Siege über die Alamannen errang und die Grenzen des Imperium Romanum sicherten.",2,"[{'subject': {'upos': 'PROPN', 'text': 'Constantius', 'id': 4, 'deprel': 'nsubj', 'head': 10}, 'object': {'upos': 'NOUN', 'text': 'Siege', 'id': 6, 'deprel': 'obj', 'head': 10}, 'verb': {'upos': 'VERB', 'text': 'errang', 'id': 10, 'deprel': 'root', 'head': 0}}, {'subject': {'upos': 'PROPN', 'text': 'Constantius', 'id': 4, 'deprel': 'nsubj', 'head': 10}, 'object': {'upos': 'NOUN', 'text': 'Grenzen', 'id': 13, 'deprel': 'obj', 'head': 17}, 'verb': {'upos': 'VERB', 'text': 'sicherten', 'id': 17, 'deprel': 'conj', 'head': 10}}]","['SOV', 'SOV']"
676,"Christen sollten Dankbarkeit verspüren, wenn sie Gott verehren.",2,"[{'subject': {'upos': 'NOUN', 'text': 'Christen', 'id': 1, 'deprel': 'nsubj', 'head': 4}, 'object': {'upos': 'NOUN', 'text': 'Dankbarkeit', 'id': 3, 'deprel': 'obj', 'head': 4}, 'verb': {'upos': 'VERB', 'text': 'verspüren', 'id': 4, 'deprel': 'root', 'head': 0}}, {'subject': {'upos': 'PRON', 'text': 'sie', 'id': 7, 'deprel': 'nsubj', 'head': 9}, 'object': {'upos': 'NOUN', 'text': 'Gott', 'id': 8, 'deprel': 'obj', 'head': 9}, 'verb': {'upos': 'VERB', 'text': 'verehren', 'id': 9, 'deprel': 'advcl', 'head': 4}}]","['SOV', 'SOV']"
367,"Das nationalen Wappen enthält eine Scheibe, in der sich zwei Drachen um das Rad eines doppelten Vajra drehen.",2,"[{'subject': {'upos': 'NOUN', 'text': 'Wappen', 'id': 3, 'deprel': 'nsubj', 'head': 4}, 'verb': {'upos': 'VERB', 'text': 'enthält', 'id': 4, 'deprel': 'root', 'head': 0}, 'object': {'upos': 'NOUN', 'text': 'Scheibe', 'id': 6, 'deprel': 'obj', 'head': 4}}, {'object': {'upos': 'PRON', 'text': 'sich', 'id': 10, 'deprel': 'obj', 'head': 19}, 'subject': {'upos': 'NOUN', 'text': 'Drachen', 'id': 12, 'deprel': 'nsubj', 'head': 19}, 'verb': {'upos': 'VERB', 'text': 'drehen', 'id': 19, 'deprel': 'acl', 'head': 6}}]","['SVO', 'OSV']"
1551,"Der Exclusion Bill führte zur Bildung des englischen Zweiparteiensystems, da die Whigs das Gesetz unterstützten und die Tories sich ihm widersetzten.",2,"[{'subject': {'upos': 'NOUN', 'text': 'Whigs', 'id': 14, 'deprel': 'nsubj', 'head': 17}, 'object': {'upos': 'NOUN', 'text': 'Gesetz', 'id': 16, 'deprel': 'obj', 'head': 17}, 'verb': {'upos': 'VERB', 'text': 'unterstützten', 'id': 17, 'deprel': 'advcl', 'head': 4}}, {'subject': {'upos': 'NOUN', 'text': 'Tories', 'id': 20, 'deprel': 'nsubj', 'head': 23}, 'object': {'upos': 'PRON', 'text': 'sich', 'id': 21, 'deprel': 'obj', 'head': 23}, 'verb': {'upos': 'VERB', 'text': 'widersetzten', 'id': 23, 'deprel': 'conj', 'head': 17}}]","['SOV', 'SOV']"
1963,"Der Massenprotest führte zu einem allgemeinen Aufstand, in dem Soldaten und Arbeiter öffentliche und militärische Einrichtungen Kiel unter ihre Kontrolle brachten und die Abdankung der Hohenzollern sowie das freie und gleiche Wahlrecht für Männer und Frauen forderten.",2,"[{'subject': {'upos': 'NOUN', 'text': 'Soldaten', 'id': 11, 'deprel': 'nsubj', 'head': 22}, 'object': {'upos': 'NOUN', 'text': 'Einrichtungen', 'id': 17, 'deprel': 'obj', 'head': 22}, 'verb': {'upos': 'VERB', 'text': 'brachten', 'id': 22, 'deprel': 'acl', 'head': 7}}, {'subject': {'upos': 'NOUN', 'text': 'Soldaten', 'id': 11, 'deprel': 'nsubj', 'head': 22}, 'object': {'upos': 'NOUN', 'text': 'Abdankung', 'id': 25, 'deprel': 'obj', 'head': 38}, 'verb': {'upos': 'VERB', 'text': 'forderten', 'id': 38, 'deprel': 'conj', 'head': 22}}]","['SOV', 'SOV']"
347,"Der Text gibt keine spezifischen Informationen über den militärischen Rang des Kommandanten, der Wilkinsons Streitmacht keinen Widerstand leistete.",2,"[{'subject': {'upos': 'NOUN', 'text': 'Text', 'id': 2, 'deprel': 'nsubj', 'head': 3}, 'verb': {'upos': 'VERB', 'text': 'gibt', 'id': 3, 'deprel': 'root', 'head': 0}, 'object': {'upos': 'NOUN', 'text': 'Informationen', 'id': 6, 'deprel': 'obj', 'head': 3}}, {'subject': {'upos': 'PRON', 'text': 'der', 'id': 14, 'deprel': 'nsubj', 'head': 19}, 'object': {'upos': 'NOUN', 'text': 'Streitmacht', 'id': 16, 'deprel': 'obj', 'head': 19}, 'verb': {'upos': 'VERB', 'text': 'leistete', 'id': 19, 'deprel': 'acl', 'head': 12}}]","['SVO', 'SOV']"
187,"Der Text gibt nicht genügend Informationen darüber, wie oft der Mossad vergebliche Versuche machte, Salameh umzubringen.",2,"[{'subject': {'upos': 'NOUN', 'text': 'Text', 'id': 2, 'deprel': 'nsubj', 'head': 3}, 'verb': {'upos': 'VERB', 'text': 'gibt', 'id': 3, 'deprel': 'root', 'head': 0}, 'object': {'upos': 'NOUN', 'text': 'Informationen', 'id': 6, 'deprel': 'obj', 'head': 3}}, {'subject': {'upos': 'PROPN', 'text': 'Mossad', 'id': 12, 'deprel': 'nsubj', 'head': 15}, 'object': {'upos': 'NOUN', 'text': 'Versuche', 'id': 14, 'deprel': 'obj', 'head': 15}, 'verb': {'upos': 'VERB', 'text': 'machte', 'id': 15, 'deprel': 'ccomp', 'head': 6}}]","['SVO', 'SOV']"
1919,"Der Text nennt keine spezifische Untergrund-Organisation, sondern erwähnt den Polnischen Untergrundstaat und die katholische Kirche als Träger, die kulturelle Erbschaft schützten.",2,"[{'subject': {'upos': 'NOUN', 'text': 'Text', 'id': 2, 'deprel': 'nsubj', 'head': 3}, 'verb': {'upos': 'VERB', 'text': 'nennt', 'id': 3, 'deprel': 'root', 'head': 0}, 'object': {'upos': 'NOUN', 'text': 'Organisation', 'id': 8, 'deprel': 'obj', 'head': 3}}, {'subject': {'upos': 'NOUN', 'text': 'Text', 'id': 2, 'deprel': 'nsubj', 'head': 3}, 'verb': {'upos': 'VERB', 'text': 'erwähnt', 'id': 11, 'deprel': 'conj', 'head': 3}, 'object': {'upos': 'NOUN', 'text': 'Untergrundstaat', 'id': 14, 'deprel': 'obj', 'head': 11}}]","['SVO', 'SVO']"
1965,"Die Arbeiter- und Soldatenräte entmachten militärische Generalkommandos und schufen Oberaufsicht über zivilen Verwaltungsbereich, ohne zivile Behörden und Amtsträger anzuhalten.",2,"[{'subject': {'upos': 'NOUN', 'text': 'Arbeiter', 'id': 2, 'deprel': 'nsubj', 'head': 6}, 'verb': {'upos': 'VERB', 'text': 'entmachten', 'id': 6, 'deprel': 'root', 'head': 0}, 'object': {'upos': 'NOUN', 'text': 'Generalkommandos', 'id': 8, 'deprel': 'obj', 'head': 6}}, {'subject': {'upos': 'NOUN', 'text': 'Arbeiter', 'id': 2, 'deprel': 'nsubj', 'head': 6}, 'verb': {'upos': 'VERB', 'text': 'schufen', 'id': 10, 'deprel': 'conj', 'head': 6}, 'object': {'upos': 'NOUN', 'text': 'Oberaufsicht', 'id': 11, 'deprel': 'obj', 'head': 10}}]","['SVO', 'SVO']"
1256,"Die Band musste Dimebag Darrells Anfrage abweisen, weil er die Bedingung stellen wollte, dass sein Bruder Vinnie Paul Abbott ebenfalls in die Band komme, was gegen die aktuelle Bandstruktur ging.",2,"[{'subject': {'upos': 'NOUN', 'text': 'Band', 'id': 2, 'deprel': 'nsubj', 'head': 7}, 'object': {'upos': 'NOUN', 'text': 'Anfrage', 'id': 6, 'deprel': 'obj', 'head': 7}, 'verb': {'upos': 'VERB', 'text': 'abweisen', 'id': 7, 'deprel': 'root', 'head': 0}}, {'subject': {'upos': 'PRON', 'text': 'er', 'id': 10, 'deprel': 'nsubj', 'head': 13}, 'object': {'upos': 'NOUN', 'text': 'Bedingung', 'id': 12, 'deprel': 'obj', 'head': 13}, 'verb': {'upos': 'VERB', 'text': 'stellen', 'id': 13, 'deprel': 'advcl', 'head': 7}}]","['SOV', 'SOV']"
1023,"Die Böcke gewinnen die Gunst der weiblichen Tiere durch Aggressivität und Kampf um die Vorherrschaft, wobei sie Weibchen in Harems sammeln.",2,"[{'subject': {'upos': 'NOUN', 'text': 'Böcke', 'id': 2, 'deprel': 'nsubj', 'head': 3}, 'verb': {'upos': 'VERB', 'text': 'gewinnen', 'id': 3, 'deprel': 'root', 'head': 0}, 'object': {'upos': 'NOUN', 'text': 'Gunst', 'id': 5, 'deprel': 'obj', 'head': 3}}, {'subject': {'upos': 'PRON', 'text': 'sie', 'id': 18, 'deprel': 'nsubj', 'head': 22}, 'object': {'upos': 'NOUN', 'text': 'Weibchen', 'id': 19, 'deprel': 'obj', 'head': 22}, 'verb': {'upos': 'VERB', 'text': 'sammeln', 'id': 22, 'deprel': 'advcl', 'head': 3}}]","['SVO', 'SOV']"
1508,"Die drei Brüder wollten ihre Gruppe ursprünglich als Sons of Jonas auftreten, änderten sich jedoch später auf Jonas Brothers fest.",2,"[{'subject': {'upos': 'NOUN', 'text': 'Brüder', 'id': 3, 'deprel': 'nsubj', 'head': 12}, 'object': {'upos': 'NOUN', 'text': 'Gruppe', 'id': 6, 'deprel': 'obj', 'head': 12}, 'verb': {'upos': 'VERB', 'text': 'auftreten', 'id': 12, 'deprel': 'root', 'head': 0}}, {'subject': {'upos': 'NOUN', 'text': 'Brüder', 'id': 3, 'deprel': 'nsubj', 'head': 12}, 'verb': {'upos': 'VERB', 'text': 'änderten', 'id': 14, 'deprel': 'conj', 'head': 12}, 'object': {'upos': 'PRON', 'text': 'sich', 'id': 15, 'deprel': 'obj', 'head': 14}}]","['SOV', 'SVO']"
1855,Die HomO-Behörde untersuchte Beschwerden und reichte die Klagen ein.,2,"[{'subject': {'upos': 'PROPN', 'text': 'HomO', 'id': 2, 'deprel': 'nsubj', 'head': 5}, 'verb': {'upos': 'VERB', 'text': 'untersuchte', 'id': 5, 'deprel': 'root', 'head': 0}, 'object': {'upos': 'NOUN', 'text': 'Beschwerden', 'id': 6, 'deprel': 'obj', 'head': 5}}, {'subject': {'upos': 'PROPN', 'text': 'HomO', 'id': 2, 'deprel': 'nsubj', 'head': 5}, 'verb': {'upos': 'VERB', 'text': 'reichte', 'id': 8, 'deprel': 'conj', 'head': 5}, 'object': {'upos': 'NOUN', 'text': 'Klagen', 'id': 10, 'deprel': 'obj', 'head': 8}}]","['SVO', 'SVO']"
1345,"Die Modifikation des ENIAC zu einem Computer mit Befehlsspeicher verlangsamte seine Rechenleistung auf 1/6, aber es verringerte die Dauer des Umprogrammierens, sodass insgesamt ein Zeitgewinn erzielt wurde.",2,"[{'subject': {'upos': 'NOUN', 'text': 'Modifikation', 'id': 2, 'deprel': 'nsubj', 'head': 10}, 'verb': {'upos': 'VERB', 'text': 'verlangsamte', 'id': 10, 'deprel': 'root', 'head': 0}, 'object': {'upos': 'NOUN', 'text': 'Rechenleistung', 'id': 12, 'deprel': 'obj', 'head': 10}}, {'subject': {'upos': 'PRON', 'text': 'es', 'id': 17, 'deprel': 'nsubj', 'head': 18}, 'verb': {'upos': 'VERB', 'text': 'verringerte', 'id': 18, 'deprel': 'conj', 'head': 10}, 'object': {'upos': 'NOUN', 'text': 'Dauer', 'id': 20, 'deprel': 'obj', 'head': 18}}]","['SVO', 'SVO']"
1999,Die Normannen eroberten Gebiete an der adriatischen Küste des Herzogtums Benevent und erweiterten ihre Besitzungen weiter nach Norden bis nach Pescara.,2,"[{'subject': {'upos': 'NOUN', 'text': 'Normannen', 'id': 2, 'deprel': 'nsubj', 'head': 3}, 'verb': {'upos': 'VERB', 'text': 'eroberten', 'id': 3, 'deprel': 'root', 'head': 0}, 'object': {'upos': 'NOUN', 'text': 'Gebiete', 'id': 4, 'deprel': 'obj', 'head': 3}}, {'subject': {'upos': 'NOUN', 'text': 'Normannen', 'id': 2, 'deprel': 'nsubj', 'head': 3}, 'verb': {'upos': 'VERB', 'text': 'erweiterten', 'id': 13, 'deprel': 'conj', 'head': 3}, 'object': {'upos': 'NOUN', 'text': 'Besitzungen', 'id': 15, 'deprel': 'obj', 'head': 13}}]","['SVO', 'SVO']"
1921,"Die Sowjetunion musste im Zweiten Weltkrieg gegenüber den Deutschen ihr Territorium aufgeben, das sie 1939 annektiert hatte.",2,"[{'subject': {'upos': 'PROPN', 'text': 'Sowjetunion', 'id': 2, 'deprel': 'nsubj', 'head': 13}, 'object': {'upos': 'NOUN', 'text': 'Territorium', 'id': 12, 'deprel': 'obj', 'head': 13}, 'verb': {'upos': 'VERB', 'text': 'aufgeben', 'id': 13, 'deprel': 'root', 'head': 0}}, {'object': {'upos': 'PRON', 'text': 'das', 'id': 15, 'deprel': 'obj', 'head': 18}, 'subject': {'upos': 'PRON', 'text': 'sie', 'id': 16, 'deprel': 'nsubj', 'head': 18}, 'verb': {'upos': 'VERB', 'text': 'annektiert', 'id': 18, 'deprel': 'acl', 'head': 12}}]","['SOV', 'OSV']"
1083,"Die Texte geben keine Informationen darüber, wie Heard und Johnny Depp sich trafen.",2,"[{'subject': {'upos': 'NOUN', 'text': 'Texte', 'id': 2, 'deprel': 'nsubj', 'head': 3}, 'verb': {'upos': 'VERB', 'text': 'geben', 'id': 3, 'deprel': 'root', 'head': 0}, 'object': {'upos': 'NOUN', 'text': 'Informationen', 'id': 5, 'deprel': 'obj', 'head': 3}}, {'subject': {'upos': 'PROPN', 'text': 'Heard', 'id': 9, 'deprel': 'nsubj', 'head': 14}, 'object': {'upos': 'PRON', 'text': 'sich', 'id': 13, 'deprel': 'obj', 'head': 14}, 'verb': {'upos': 'VERB', 'text': 'trafen', 'id': 14, 'deprel': 'ccomp', 'head': 3}}]","['SVO', 'SOV']"
490,"Die Texte geben keine spezifische Anzahl von Avataren an, die Vishnu repräsentieren.",2,"[{'subject': {'upos': 'NOUN', 'text': 'Texte', 'id': 2, 'deprel': 'nsubj', 'head': 3}, 'verb': {'upos': 'VERB', 'text': 'geben', 'id': 3, 'deprel': 'root', 'head': 0}, 'object': {'upos': 'NOUN', 'text': 'Anzahl', 'id': 6, 'deprel': 'obj', 'head': 3}}, {'subject': {'upos': 'PRON', 'text': 'die', 'id': 11, 'deprel': 'nsubj', 'head': 13}, 'object': {'upos': 'PROPN', 'text': 'Vishnu', 'id': 12, 'deprel': 'obj', 'head': 13}, 'verb': {'upos': 'VERB', 'text': 'repräsentieren', 'id': 13, 'deprel': 'acl', 'head': 6}}]","['SVO', 'SOV']"
1587,"Die Texte geben keine spezifischen Angaben darüber, welche Nationalität die Kommunisten hauptsächlich hatten.",2,"[{'subject': {'upos': 'NOUN', 'text': 'Texte', 'id': 2, 'deprel': 'nsubj', 'head': 3}, 'verb': {'upos': 'VERB', 'text': 'geben', 'id': 3, 'deprel': 'root', 'head': 0}, 'object': {'upos': 'NOUN', 'text': 'Angaben', 'id': 6, 'deprel': 'obj', 'head': 3}}, {'subject': {'upos': 'NOUN', 'text': 'Nationalität', 'id': 10, 'deprel': 'nsubj', 'head': 14}, 'object': {'upos': 'NOUN', 'text': 'Kommunisten', 'id': 12, 'deprel': 'obj', 'head': 14}, 'verb': {'upos': 'VERB', 'text': 'hatten', 'id': 14, 'deprel': 'ccomp', 'head': 6}}]","['SVO', 'SOV']"
682,"Eine Person verspürt oft Dankbarkeit, wenn sie sich im hohen Maße wohl fühlt.",2,"[{'subject': {'upos': 'NOUN', 'text': 'Person', 'id': 2, 'deprel': 'nsubj', 'head': 3}, 'verb': {'upos': 'VERB', 'text': 'verspürt', 'id': 3, 'deprel': 'root', 'head': 0}, 'object': {'upos': 'NOUN', 'text': 'Dankbarkeit', 'id': 5, 'deprel': 'obj', 'head': 3}}, {'subject': {'upos': 'PRON', 'text': 'sie', 'id': 8, 'deprel': 'nsubj', 'head': 15}, 'object': {'upos': 'PRON', 'text': 'sich', 'id': 9, 'deprel': 'obj', 'head': 15}, 'verb': {'upos': 'VERB', 'text': 'fühlt', 'id': 15, 'deprel': 'advcl', 'head': 3}}]","['SVO', 'SOV']"
1591,"Eisenhower machte Eden wütend, indem er jegliche Unterstützung verweigerte.",2,"[{'subject': {'upos': 'PROPN', 'text': 'Eisenhower', 'id': 1, 'deprel': 'nsubj', 'head': 2}, 'verb': {'upos': 'VERB', 'text': 'machte', 'id': 2, 'deprel': 'root', 'head': 0}, 'object': {'upos': 'PROPN', 'text': 'Eden', 'id': 3, 'deprel': 'obj', 'head': 2}}, {'subject': {'upos': 'PRON', 'text': 'er', 'id': 7, 'deprel': 'nsubj', 'head': 10}, 'object': {'upos': 'NOUN', 'text': 'Unterstützung', 'id': 9, 'deprel': 'obj', 'head': 10}, 'verb': {'upos': 'VERB', 'text': 'verweigerte', 'id': 10, 'deprel': 'advcl', 'head': 2}}]","['SVO', 'SOV']"
1484,"Elisabeth ersuchte Mary um Unterstützung, aber sie sicherte Marys Unterstützung nicht.",2,"[{'subject': {'upos': 'PROPN', 'text': 'Elisabeth', 'id': 1, 'deprel': 'nsubj', 'head': 2}, 'verb': {'upos': 'VERB', 'text': 'ersuchte', 'id': 2, 'deprel': 'root', 'head': 0}, 'object': {'upos': 'PROPN', 'text': 'Mary', 'id': 3, 'deprel': 'obj', 'head': 2}}, {'subject': {'upos': 'PRON', 'text': 'sie', 'id': 8, 'deprel': 'nsubj', 'head': 9}, 'verb': {'upos': 'VERB', 'text': 'sicherte', 'id': 9, 'deprel': 'conj', 'head': 2}, 'object': {'upos': 'NOUN', 'text': 'Unterstützung', 'id': 11, 'deprel': 'obj', 'head': 9}}]","['SVO', 'SVO']"
1117,Er bewies wichtige Sätze wie den Einheitensatz und bewies die Endlichkeit der Klassenzahl.,2,"[{'subject': {'upos': 'PRON', 'text': 'Er', 'id': 1, 'deprel': 'nsubj', 'head': 2}, 'verb': {'upos': 'VERB', 'text': 'bewies', 'id': 2, 'deprel': 'root', 'head': 0}, 'object': {'upos': 'NOUN', 'text': 'Sätze', 'id': 4, 'deprel': 'obj', 'head': 2}}, {'subject': {'upos': 'PRON', 'text': 'Er', 'id': 1, 'deprel': 'nsubj', 'head': 2}, 'verb': {'upos': 'VERB', 'text': 'bewies', 'id': 9, 'deprel': 'conj', 'head': 2}, 'object': {'upos': 'NOUN', 'text': 'Endlichkeit', 'id': 11, 'deprel': 'obj', 'head': 9}}]","['SVO', 'SVO']"
1180,Es erstreckt sich über eine Strecke von 2600 Kilometern bis zum Südpol und umfasst eine Fläche von etwa 2.600.000 Quadratkilometer.,2,"[{'subject': {'upos': 'PRON', 'text': 'Es', 'id': 1, 'deprel': 'nsubj', 'head': 2}, 'verb': {'upos': 'VERB', 'text': 'erstreckt', 'id': 2, 'deprel': 'root', 'head': 0}, 'object': {'upos': 'PRON', 'text': 'sich', 'id': 3, 'deprel': 'obj', 'head': 2}}, {'subject': {'upos': 'PRON', 'text': 'Es', 'id': 1, 'deprel': 'nsubj', 'head': 2}, 'verb': {'upos': 'VERB', 'text': 'umfasst', 'id': 15, 'deprel': 'conj', 'head': 2}, 'object': {'upos': 'NOUN', 'text': 'Fläche', 'id': 17, 'deprel': 'obj', 'head': 15}}]","['SVO', 'SVO']"
838,"Für den Rest ihres Lebens beraubte sie sich der Sicht durch die Augenbinde, die sie trug, um ihrer verbundenen Ehe mit Dhritarashtra Ausdruck zu verleihen.",2,"[{'verb': {'upos': 'VERB', 'text': 'beraubte', 'id': 6, 'deprel': 'root', 'head': 0}, 'subject': {'upos': 'PRON', 'text': 'sie', 'id': 7, 'deprel': 'nsubj', 'head': 6}, 'object': {'upos': 'PRON', 'text': 'sich', 'id': 8, 'deprel': 'obj', 'head': 6}}, {'object': {'upos': 'PRON', 'text': 'die', 'id': 15, 'deprel': 'obj', 'head': 17}, 'subject': {'upos': 'PRON', 'text': 'sie', 'id': 16, 'deprel': 'nsubj', 'head': 17}, 'verb': {'upos': 'VERB', 'text': 'trug', 'id': 17, 'deprel': 'acl', 'head': 13}}]","['VSO', 'OSV']"
1571,Georgien verbesserte sich auf dem Doing-Business-Index der Weltbank und sah einen Anstieg der Direktinvestitionen sowie des Kreditportfolios der Banken.,2,"[{'subject': {'upos': 'PROPN', 'text': 'Georgien', 'id': 1, 'deprel': 'nsubj', 'head': 2}, 'verb': {'upos': 'VERB', 'text': 'verbesserte', 'id': 2, 'deprel': 'root', 'head': 0}, 'object': {'upos': 'PRON', 'text': 'sich', 'id': 3, 'deprel': 'obj', 'head': 2}}, {'subject': {'upos': 'PROPN', 'text': 'Georgien', 'id': 1, 'deprel': 'nsubj', 'head': 2}, 'verb': {'upos': 'VERB', 'text': 'sah', 'id': 14, 'deprel': 'conj', 'head': 2}, 'object': {'upos': 'NOUN', 'text': 'Anstieg', 'id': 16, 'deprel': 'obj', 'head': 14}}]","['SVO', 'SVO']"
1547,"Ich habe keine spezifischen Informationen darüber, was Rösler vor dieser Position getan hat.",2,"[{'subject': {'upos': 'PRON', 'text': 'Ich', 'id': 1, 'deprel': 'nsubj', 'head': 2}, 'verb': {'upos': 'VERB', 'text': 'habe', 'id': 2, 'deprel': 'root', 'head': 0}, 'object': {'upos': 'NOUN', 'text': 'Informationen', 'id': 5, 'deprel': 'obj', 'head': 2}}, {'object': {'upos': 'PRON', 'text': 'was', 'id': 8, 'deprel': 'obj', 'head': 13}, 'subject': {'upos': 'PROPN', 'text': 'Rösler', 'id': 9, 'deprel': 'nsubj', 'head': 13}, 'verb': {'upos': 'VERB', 'text': 'getan', 'id': 13, 'deprel': 'acl', 'head': 5}}]","['SVO', 'OSV']"
1309,"Im Alter von sechs Monaten ahmte Woods schon Golfschwünge seines Vaters nach, aber er gewann sein erstes bedeutendes Amateurturnier, die Junior World Golf Championship der 9- bis 10-Jährigen, bereits im Alter von acht Jahren.",2,"[{'verb': {'upos': 'VERB', 'text': 'ahmte', 'id': 7, 'deprel': 'root', 'head': 0}, 'subject': {'upos': 'PROPN', 'text': 'Woods', 'id': 8, 'deprel': 'nsubj', 'head': 7}, 'object': {'upos': 'NOUN', 'text': 'Golfschwünge', 'id': 10, 'deprel': 'obj', 'head': 7}}, {'subject': {'upos': 'PRON', 'text': 'er', 'id': 16, 'deprel': 'nsubj', 'head': 17}, 'verb': {'upos': 'VERB', 'text': 'gewann', 'id': 17, 'deprel': 'conj', 'head': 7}, 'object': {'upos': 'NOUN', 'text': 'Amateurturnier', 'id': 21, 'deprel': 'obj', 'head': 17}}]","['VSO', 'SVO']"
1204,"Im Jahre 2004 brach Muttiah Muralitharan den Rekord der am häufigsten erzielten Test-Wickets in der Cricket-Geschichte, als er den Rekord von Courtney Walsh mit 519 Wickets im Mai 2004 brach.",2,"[{'verb': {'upos': 'VERB', 'text': 'brach', 'id': 5, 'deprel': 'root', 'head': 0}, 'subject': {'upos': 'PROPN', 'text': 'Muttiah', 'id': 6, 'deprel': 'nsubj', 'head': 5}, 'object': {'upos': 'NOUN', 'text': 'Rekord', 'id': 9, 'deprel': 'obj', 'head': 5}}, {'subject': {'upos': 'PRON', 'text': 'er', 'id': 25, 'deprel': 'nsubj', 'head': 38}, 'object': {'upos': 'NOUN', 'text': 'Rekord', 'id': 27, 'deprel': 'obj', 'head': 38}, 'verb': {'upos': 'VERB', 'text': 'brach', 'id': 38, 'deprel': 'advcl', 'head': 5}}]","['VSO', 'SOV']"
952,"Insbesondere erwachsene Männer haben ein höheres Risiko, jedoch hat sich der Anteil alkoholabhängiger Frauen in den vergangenen Jahren erhöht.",2,"[{'subject': {'upos': 'NOUN', 'text': 'Männer', 'id': 3, 'deprel': 'nsubj', 'head': 4}, 'verb': {'upos': 'VERB', 'text': 'haben', 'id': 4, 'deprel': 'root', 'head': 0}, 'object': {'upos': 'NOUN', 'text': 'Risiko', 'id': 7, 'deprel': 'obj', 'head': 4}}, {'object': {'upos': 'PRON', 'text': 'sich', 'id': 11, 'deprel': 'obj', 'head': 20}, 'subject': {'upos': 'NOUN', 'text': 'Anteil', 'id': 13, 'deprel': 'nsubj', 'head': 20}, 'verb': {'upos': 'VERB', 'text': 'erhöht', 'id': 20, 'deprel': 'conj', 'head': 4}}]","['SVO', 'OSV']"
77,"Kitty Flynn heiratete Charles H. Wells, der die Wahrheit als Charles Bullard ansah.",2,"[{'subject': {'upos': 'PROPN', 'text': 'Kitty', 'id': 1, 'deprel': 'nsubj', 'head': 3}, 'verb': {'upos': 'VERB', 'text': 'heiratete', 'id': 3, 'deprel': 'root', 'head': 0}, 'object': {'upos': 'PROPN', 'text': 'Charles', 'id': 4, 'deprel': 'obj', 'head': 3}}, {'subject': {'upos': 'PRON', 'text': 'der', 'id': 8, 'deprel': 'nsubj', 'head': 14}, 'object': {'upos': 'NOUN', 'text': 'Wahrheit', 'id': 10, 'deprel': 'obj', 'head': 14}, 'verb': {'upos': 'VERB', 'text': 'ansah', 'id': 14, 'deprel': 'acl', 'head': 4}}]","['SVO', 'SOV']"
1106,"Länder sollten ihre eigenen Listen auf der Grundlage der WHO-Liste erstellen, berücksichtigen Krankheitshäufigkeit, Wirksamkeit und Sicherheit der Arzneimittel sowie deren Kosteneffektivität.",2,"[{'subject': {'upos': 'NOUN', 'text': 'Länder', 'id': 1, 'deprel': 'nsubj', 'head': 13}, 'object': {'upos': 'NOUN', 'text': 'Listen', 'id': 5, 'deprel': 'obj', 'head': 13}, 'verb': {'upos': 'VERB', 'text': 'erstellen', 'id': 13, 'deprel': 'root', 'head': 0}}, {'subject': {'upos': 'NOUN', 'text': 'Länder', 'id': 1, 'deprel': 'nsubj', 'head': 13}, 'verb': {'upos': 'VERB', 'text': 'berücksichtigen', 'id': 15, 'deprel': 'conj', 'head': 13}, 'object': {'upos': 'NOUN', 'text': 'Krankheitshäufigkeit', 'id': 16, 'deprel': 'obj', 'head': 15}}]","['SOV', 'SVO']"
874,"Maneka Gandhi besuchte die Lawrence School und anschließend das Lady Shri Ram College, wo sie 1973 einen Schönheitswettbewerb gewann.",2,"[{'subject': {'upos': 'PROPN', 'text': 'Maneka', 'id': 1, 'deprel': 'nsubj', 'head': 3}, 'verb': {'upos': 'VERB', 'text': 'besuchte', 'id': 3, 'deprel': 'root', 'head': 0}, 'object': {'upos': 'PROPN', 'text': 'Lawrence', 'id': 5, 'deprel': 'obj', 'head': 3}}, {'subject': {'upos': 'PRON', 'text': 'sie', 'id': 16, 'deprel': 'nsubj', 'head': 20}, 'object': {'upos': 'NOUN', 'text': 'Schönheitswettbewerb', 'id': 19, 'deprel': 'obj', 'head': 20}, 'verb': {'upos': 'VERB', 'text': 'gewann', 'id': 20, 'deprel': 'acl', 'head': 10}}]","['SVO', 'SOV']"
1266,"Nach dem Studium bot Ebner Übersetzungsdienstleistungen an, leitete Sprachkurse und arbeitete in IT-Ausbildungsprojekten.",2,"[{'verb': {'upos': 'VERB', 'text': 'bot', 'id': 4, 'deprel': 'root', 'head': 0}, 'subject': {'upos': 'PROPN', 'text': 'Ebner', 'id': 5, 'deprel': 'nsubj', 'head': 4}, 'object': {'upos': 'NOUN', 'text': 'Übersetzungsdienstleistungen', 'id': 6, 'deprel': 'obj', 'head': 4}}, {'subject': {'upos': 'PROPN', 'text': 'Ebner', 'id': 5, 'deprel': 'nsubj', 'head': 4}, 'verb': {'upos': 'VERB', 'text': 'leitete', 'id': 9, 'deprel': 'conj', 'head': 4}, 'object': {'upos': 'NOUN', 'text': 'Sprachkurse', 'id': 10, 'deprel': 'obj', 'head': 9}}]","['VSO', 'SVO']"
553,"Nachdem Marga Faulstich mit 44 Jahren in den Ruhestand ging, verbrachte sie die folgenden Jahre mit Reisen in alle Welt und hielt Vorträge und Referate auf Glas-Kongressen.",2,"[{'verb': {'upos': 'VERB', 'text': 'verbrachte', 'id': 12, 'deprel': 'root', 'head': 0}, 'subject': {'upos': 'PRON', 'text': 'sie', 'id': 13, 'deprel': 'nsubj', 'head': 12}, 'object': {'upos': 'NOUN', 'text': 'Jahre', 'id': 16, 'deprel': 'obj', 'head': 12}}, {'subject': {'upos': 'PRON', 'text': 'sie', 'id': 13, 'deprel': 'nsubj', 'head': 12}, 'verb': {'upos': 'VERB', 'text': 'hielt', 'id': 23, 'deprel': 'conj', 'head': 12}, 'object': {'upos': 'NOUN', 'text': 'Vorträge', 'id': 24, 'deprel': 'obj', 'head': 23}}]","['VSO', 'SVO']"
1853,Sie betreiben Photosynthese und enthalten grüne Farbstoffe im Zytoplasma.,2,"[{'subject': {'upos': 'PRON', 'text': 'Sie', 'id': 1, 'deprel': 'nsubj', 'head': 2}, 'verb': {'upos': 'VERB', 'text': 'betreiben', 'id': 2, 'deprel': 'root', 'head': 0}, 'object': {'upos': 'NOUN', 'text': 'Photosynthese', 'id': 3, 'deprel': 'obj', 'head': 2}}, {'subject': {'upos': 'PRON', 'text': 'Sie', 'id': 1, 'deprel': 'nsubj', 'head': 2}, 'verb': {'upos': 'VERB', 'text': 'enthalten', 'id': 5, 'deprel': 'conj', 'head': 2}, 'object': {'upos': 'NOUN', 'text': 'Farbstoffe', 'id': 7, 'deprel': 'obj', 'head': 5}}]","['SVO', 'SVO']"
1999,Sie bildeten die Grafschaft Loritello und eroberten weitere Gebiete der langobardischen Abruzzen.,2,"[{'subject': {'upos': 'PRON', 'text': 'Sie', 'id': 1, 'deprel': 'nsubj', 'head': 2}, 'verb': {'upos': 'VERB', 'text': 'bildeten', 'id': 2, 'deprel': 'root', 'head': 0}, 'object': {'upos': 'NOUN', 'text': 'Grafschaft', 'id': 4, 'deprel': 'obj', 'head': 2}}, {'subject': {'upos': 'PRON', 'text': 'Sie', 'id': 1, 'deprel': 'nsubj', 'head': 2}, 'verb': {'upos': 'VERB', 'text': 'eroberten', 'id': 7, 'deprel': 'conj', 'head': 2}, 'object': {'upos': 'NOUN', 'text': 'Gebiete', 'id': 9, 'deprel': 'obj', 'head': 7}}]","['SVO', 'SVO']"
1074,"Stallman startete eine Kampagne gegen proprietäre Software, die Nutzern Freiheitsrechte entzieht.",2,"[{'subject': {'upos': 'PROPN', 'text': 'Stallman', 'id': 1, 'deprel': 'nsubj', 'head': 2}, 'verb': {'upos': 'VERB', 'text': 'startete', 'id': 2, 'deprel': 'root', 'head': 0}, 'object': {'upos': 'NOUN', 'text': 'Kampagne', 'id': 4, 'deprel': 'obj', 'head': 2}}, {'subject': {'upos': 'PRON', 'text': 'die', 'id': 9, 'deprel': 'nsubj', 'head': 12}, 'object': {'upos': 'NOUN', 'text': 'Freiheitsrechte', 'id': 11, 'deprel': 'obj', 'head': 12}, 'verb': {'upos': 'VERB', 'text': 'entzieht', 'id': 12, 'deprel': 'acl', 'head': 7}}]","['SVO', 'SOV']"
1113,"Viv Richards erzielte im Laufe seiner Karriere 8540 Runs in Tests und 6721 Runs in ODIs, was insgesamt 15261 Runs beträgt.",2,"[{'subject': {'upos': 'PROPN', 'text': 'Viv', 'id': 1, 'deprel': 'nsubj', 'head': 3}, 'verb': {'upos': 'VERB', 'text': 'erzielte', 'id': 3, 'deprel': 'root', 'head': 0}, 'object': {'upos': 'NOUN', 'text': 'Runs', 'id': 10, 'deprel': 'obj', 'head': 3}}, {'subject': {'upos': 'PRON', 'text': 'was', 'id': 19, 'deprel': 'nsubj', 'head': 23}, 'object': {'upos': 'NOUN', 'text': 'Runs', 'id': 22, 'deprel': 'obj', 'head': 23}, 'verb': {'upos': 'VERB', 'text': 'beträgt', 'id': 23, 'deprel': 'acl', 'head': 10}}]","['SVO', 'SOV']"
235,"Xu Fu ist in See gestochen, aber niemals zurückgekehrt, nachdem Qin Shi Huang seine Hilfe mit Bogenschützen anbot, die eine riesige Meereskratur töten sollten.",2,"[{'subject': {'upos': 'PROPN', 'text': 'Qin', 'id': 13, 'deprel': 'nsubj', 'head': 20}, 'object': {'upos': 'NOUN', 'text': 'Hilfe', 'id': 17, 'deprel': 'obj', 'head': 20}, 'verb': {'upos': 'VERB', 'text': 'anbot', 'id': 20, 'deprel': 'advcl', 'head': 6}}, {'subject': {'upos': 'PRON', 'text': 'die', 'id': 22, 'deprel': 'nsubj', 'head': 26}, 'object': {'upos': 'NOUN', 'text': 'Meereskratur', 'id': 25, 'deprel': 'obj', 'head': 26}, 'verb': {'upos': 'VERB', 'text': 'töten', 'id': 26, 'deprel': 'acl', 'head': 19}}]","['SOV', 'SOV']"
1997,1048 führte Drogo eine Expedition nach Kalabrien.,1,"[{'verb': {'upos': 'VERB', 'text': 'führte', 'id': 2, 'deprel': 'root', 'head': 0}, 'subject': {'upos': 'PROPN', 'text': 'Drogo', 'id': 3, 'deprel': 'nsubj', 'head': 2}, 'object': {'upos': 'NOUN', 'text': 'Expedition', 'id': 5, 'deprel': 'obj', 'head': 2}}]",['VSO']
356,"Ab 1944 kämpften die australischen Truppen nicht mehr im Zentrum des alliierten Vormarsches, führten bis Kriegsende aber weiterhin groß angelegte Operationen an Nebenfronten durch.",1,"[{'subject': {'upos': 'NOUN', 'text': 'Truppen', 'id': 6, 'deprel': 'nsubj', 'head': 3}, 'verb': {'upos': 'VERB', 'text': 'führten', 'id': 16, 'deprel': 'conj', 'head': 3}, 'object': {'upos': 'NOUN', 'text': 'Operationen', 'id': 23, 'deprel': 'obj', 'head': 16}}]",['SVO']
874,Ab 1974 besuchte sie die Jawaharlal Nehru University.,1,"[{'verb': {'upos': 'VERB', 'text': 'besuchte', 'id': 3, 'deprel': 'root', 'head': 0}, 'subject': {'upos': 'PRON', 'text': 'sie', 'id': 4, 'deprel': 'nsubj', 'head': 3}, 'object': {'upos': 'PROPN', 'text': 'Jawaharlal', 'id': 6, 'deprel': 'obj', 'head': 3}}]",['VSO']
1291,Ab der Grenze mit Bulgarien bei Kapitan Andreevo/Kapıkule führte das E 80 Straßennetz nach Sofia.,1,"[{'verb': {'upos': 'VERB', 'text': 'führte', 'id': 9, 'deprel': 'root', 'head': 0}, 'subject': {'upos': 'PROPN', 'text': 'E', 'id': 11, 'deprel': 'nsubj', 'head': 9}, 'object': {'upos': 'NOUN', 'text': 'Straßennetz', 'id': 13, 'deprel': 'obj', 'head': 9}}]",['VSO']
654,Aciclovir könnte Herpes ansprechen.,1,"[{'subject': {'upos': 'PROPN', 'text': 'Aciclovir', 'id': 1, 'deprel': 'nsubj', 'head': 4}, 'object': {'upos': 'PROPN', 'text': 'Herpes', 'id': 3, 'deprel': 'obj', 'head': 4}, 'verb': {'upos': 'VERB', 'text': 'ansprechen', 'id': 4, 'deprel': 'root', 'head': 0}}]",['SOV']
630,Adam entführte Johnson.,1,"[{'subject': {'upos': 'PROPN', 'text': 'Adam', 'id': 1, 'deprel': 'nsubj', 'head': 2}, 'verb': {'upos': 'VERB', 'text': 'entführte', 'id': 2, 'deprel': 'root', 'head': 0}, 'object': {'upos': 'PROPN', 'text': 'Johnson', 'id': 3, 'deprel': 'obj', 'head': 2}}]",['SVO']
733,Aleksander Wolszczan entdeckte PSR B1257+12.,1,"[{'subject': {'upos': 'PROPN', 'text': 'Aleksander', 'id': 1, 'deprel': 'nsubj', 'head': 3}, 'verb': {'upos': 'VERB', 'text': 'entdeckte', 'id': 3, 'deprel': 'root', 'head': 0}, 'object': {'upos': 'PROPN', 'text': 'PSR', 'id': 4, 'deprel': 'obj', 'head': 3}}]",['SVO']
724,Algerien hatte sich davor offen für die Unterstützung der Unabhängigkeit Westsaharas ausgesprochen.,1,"[{'subject': {'upos': 'PROPN', 'text': 'Algerien', 'id': 1, 'deprel': 'nsubj', 'head': 12}, 'object': {'upos': 'PRON', 'text': 'sich', 'id': 3, 'deprel': 'obj', 'head': 12}, 'verb': {'upos': 'VERB', 'text': 'ausgesprochen', 'id': 12, 'deprel': 'root', 'head': 0}}]",['SOV']
720,"Alice wurde wieder zu ihrer normalen Größe, indem sie im Haus des weißen Kaninchens etwas aß.",1,"[{'subject': {'upos': 'PRON', 'text': 'sie', 'id': 10, 'deprel': 'nsubj', 'head': 18}, 'object': {'upos': 'PRON', 'text': 'etwas', 'id': 17, 'deprel': 'obj', 'head': 18}, 'verb': {'upos': 'VERB', 'text': 'aß', 'id': 18, 'deprel': 'advcl', 'head': 2}}]",['SOV']
142,"Alkibiades lockte die spartanische Flotte aus dem Hafen, um sie von ihren Schiffen abzulenken und ihnen den Rückweg zu versperren.",1,"[{'subject': {'upos': 'PROPN', 'text': 'Alkibiades', 'id': 1, 'deprel': 'nsubj', 'head': 2}, 'verb': {'upos': 'VERB', 'text': 'lockte', 'id': 2, 'deprel': 'root', 'head': 0}, 'object': {'upos': 'NOUN', 'text': 'Flotte', 'id': 5, 'deprel': 'obj', 'head': 2}}]",['SVO']
230,"Allerdings war Jovinus unterstützt von einer Anzahl gallo-römischer Adliger, die Konstantins Niederlage überlebt hatten.",1,"[{'subject': {'upos': 'PRON', 'text': 'die', 'id': 13, 'deprel': 'nsubj', 'head': 16}, 'object': {'upos': 'NOUN', 'text': 'Niederlage', 'id': 15, 'deprel': 'obj', 'head': 16}, 'verb': {'upos': 'VERB', 'text': 'überlebt', 'id': 16, 'deprel': 'acl', 'head': 11}}]",['SOV']
174,"Als es Probleme gab, mussten Nietzsche und andere Personen, die in den beschriebenen Texten erwähnt werden, mit Krankheiten, finanziellen Schwierigkeiten und politischen Konflikten umgehen.",1,"[{'subject': {'upos': 'PRON', 'text': 'es', 'id': 2, 'deprel': 'nsubj', 'head': 4}, 'object': {'upos': 'NOUN', 'text': 'Probleme', 'id': 3, 'deprel': 'obj', 'head': 4}, 'verb': {'upos': 'VERB', 'text': 'gab', 'id': 4, 'deprel': 'advcl', 'head': 28}}]",['SOV']
1233,Anfang des Jahres 2001 verließ Criss erneut die Band.,1,"[{'verb': {'upos': 'VERB', 'text': 'verließ', 'id': 5, 'deprel': 'root', 'head': 0}, 'subject': {'upos': 'PROPN', 'text': 'Criss', 'id': 6, 'deprel': 'nsubj', 'head': 5}, 'object': {'upos': 'NOUN', 'text': 'Band', 'id': 9, 'deprel': 'obj', 'head': 5}}]",['VSO']
1958,Angel hat Sandbourne entmutigt verlassen.,1,"[{'subject': {'upos': 'PROPN', 'text': 'Angel', 'id': 1, 'deprel': 'nsubj', 'head': 5}, 'object': {'upos': 'PROPN', 'text': 'Sandbourne', 'id': 3, 'deprel': 'obj', 'head': 5}, 'verb': {'upos': 'VERB', 'text': 'verlassen', 'id': 5, 'deprel': 'root', 'head': 0}}]",['SOV']
60,"Angel sollte ursprünglich das Bild einer tapferen, kämpfenden Maid haben.",1,"[{'subject': {'upos': 'PROPN', 'text': 'Angel', 'id': 1, 'deprel': 'nsubj', 'head': 11}, 'object': {'upos': 'NOUN', 'text': 'Bild', 'id': 5, 'deprel': 'obj', 'head': 11}, 'verb': {'upos': 'VERB', 'text': 'haben', 'id': 11, 'deprel': 'root', 'head': 0}}]",['SOV']
757,"Anna Mitchell-Hedges, die Adoptivtochter von Frederick Albert Mitchell-Hedges, entdeckte den berühmten Kristallschädel angeblich 1924 in Lubaantun im heutigen Belize.",1,"[{'subject': {'upos': 'PROPN', 'text': 'Anna', 'id': 1, 'deprel': 'nsubj', 'head': 15}, 'verb': {'upos': 'VERB', 'text': 'entdeckte', 'id': 15, 'deprel': 'root', 'head': 0}, 'object': {'upos': 'NOUN', 'text': 'Kristallschädel', 'id': 18, 'deprel': 'obj', 'head': 15}}]",['SVO']
1399,Antarktika weist die niedrigste Durchschnittstemperatur auf.,1,"[{'subject': {'upos': 'PROPN', 'text': 'Antarktika', 'id': 1, 'deprel': 'nsubj', 'head': 2}, 'verb': {'upos': 'VERB', 'text': 'weist', 'id': 2, 'deprel': 'root', 'head': 0}, 'object': {'upos': 'NOUN', 'text': 'Durchschnittstemperatur', 'id': 5, 'deprel': 'obj', 'head': 2}}]",['SVO']
231,"April 1955 verließ die USS Jarvis ihren Stützpunkt am Marinestützpunkt Long Beach, um in den Fernen Osten zu fahren.",1,"[{'verb': {'upos': 'VERB', 'text': 'verließ', 'id': 3, 'deprel': 'root', 'head': 0}, 'subject': {'upos': 'PROPN', 'text': 'USS', 'id': 5, 'deprel': 'nsubj', 'head': 3}, 'object': {'upos': 'NOUN', 'text': 'Stützpunkt', 'id': 8, 'deprel': 'obj', 'head': 3}}]",['VSO']
1628,Argentinien schoss bei der Niederlage gegen Deutschland 0 Tore.,1,"[{'subject': {'upos': 'PROPN', 'text': 'Argentinien', 'id': 1, 'deprel': 'nsubj', 'head': 2}, 'verb': {'upos': 'VERB', 'text': 'schoss', 'id': 2, 'deprel': 'root', 'head': 0}, 'object': {'upos': 'NOUN', 'text': 'Tore', 'id': 9, 'deprel': 'obj', 'head': 2}}]",['SVO']
851,Atkinson hatte insgesamt fünf Kinder.,1,"[{'subject': {'upos': 'PROPN', 'text': 'Atkinson', 'id': 1, 'deprel': 'nsubj', 'head': 2}, 'verb': {'upos': 'VERB', 'text': 'hatte', 'id': 2, 'deprel': 'root', 'head': 0}, 'object': {'upos': 'NOUN', 'text': 'Kinder', 'id': 5, 'deprel': 'obj', 'head': 2}}]",['SVO']
1888,Auf afrikanischer Seite findet man ihn vom Kongo bis nach Senegal.,1,"[{'verb': {'upos': 'VERB', 'text': 'findet', 'id': 4, 'deprel': 'root', 'head': 0}, 'subject': {'upos': 'PRON', 'text': 'man', 'id': 5, 'deprel': 'nsubj', 'head': 4}, 'object': {'upos': 'PRON', 'text': 'ihn', 'id': 6, 'deprel': 'obj', 'head': 4}}]",['VSO']
3,Auf den südlichen und östlichen Flanken des Berges wiesen die Schlammströme etwa die Konsistenz flüssigen Betons auf.,1,"[{'verb': {'upos': 'VERB', 'text': 'wiesen', 'id': 9, 'deprel': 'root', 'head': 0}, 'subject': {'upos': 'NOUN', 'text': 'Schlammströme', 'id': 11, 'deprel': 'nsubj', 'head': 9}, 'object': {'upos': 'NOUN', 'text': 'Konsistenz', 'id': 14, 'deprel': 'obj', 'head': 9}}]",['VSO']
211,August erreichten die meisten überlebenden Japaner die japanischen Stellungen bei Taivu Point und funkten an das Hauptquartier der 17.,1,"[{'verb': {'upos': 'VERB', 'text': 'erreichten', 'id': 2, 'deprel': 'root', 'head': 0}, 'subject': {'upos': 'NOUN', 'text': 'Japaner', 'id': 6, 'deprel': 'nsubj', 'head': 2}, 'object': {'upos': 'NOUN', 'text': 'Stellungen', 'id': 9, 'deprel': 'obj', 'head': 2}}]",['VSO']
1207,"Auks finden Sie in den kühlen, borealen bis kalten, arktischen Gewässern des Nordatlantiks und des Nordpazifiks.",1,"[{'subject': {'upos': 'PROPN', 'text': 'Auks', 'id': 1, 'deprel': 'nsubj', 'head': 2}, 'verb': {'upos': 'VERB', 'text': 'finden', 'id': 2, 'deprel': 'root', 'head': 0}, 'object': {'upos': 'PRON', 'text': 'Sie', 'id': 3, 'deprel': 'obj', 'head': 2}}]",['SVO']
1784,Australien und Neuseeland hatten eine denkwürdige Rivalität in der Badminton-Weltmeisterschaft.,1,"[{'subject': {'upos': 'PROPN', 'text': 'Australien', 'id': 1, 'deprel': 'nsubj', 'head': 4}, 'verb': {'upos': 'VERB', 'text': 'hatten', 'id': 4, 'deprel': 'root', 'head': 0}, 'object': {'upos': 'NOUN', 'text': 'Rivalität', 'id': 7, 'deprel': 'obj', 'head': 4}}]",['SVO']
1422,"Bärenmakis erreichen ein Gewicht von etwa 0,3 bis 0,5 Kilogramm.",1,"[{'subject': {'upos': 'PROPN', 'text': 'Bärenmakis', 'id': 1, 'deprel': 'nsubj', 'head': 2}, 'verb': {'upos': 'VERB', 'text': 'erreichen', 'id': 2, 'deprel': 'root', 'head': 0}, 'object': {'upos': 'NOUN', 'text': 'Gewicht', 'id': 4, 'deprel': 'obj', 'head': 2}}]",['SVO']
1305,"Basierend auf dem dritten Text, der über das Spiel Rapture berichtet, beginnt das Spiel damit, dass der Protagonist Jack im Jahr 1960 mit einem Flugzeug über dem Atlantik abstürzt und sich an einem nahe liegenden Leuchtturm rettet.",1,"[{'subject': {'upos': 'NOUN', 'text': 'Protagonist', 'id': 21, 'deprel': 'nsubj', 'head': 33}, 'object': {'upos': 'PRON', 'text': 'sich', 'id': 35, 'deprel': 'obj', 'head': 41}, 'verb': {'upos': 'VERB', 'text': 'rettet', 'id': 41, 'deprel': 'conj', 'head': 33}}]",['SOV']
1414,"Basierend auf den bereitgestellten Informationen haben Soha Ali Khan und ihr Bruder Saif Ali Khan denselben Beruf, nämlich Schauspieler.",1,"[{'verb': {'upos': 'VERB', 'text': 'haben', 'id': 6, 'deprel': 'root', 'head': 0}, 'subject': {'upos': 'PROPN', 'text': 'Soha', 'id': 7, 'deprel': 'nsubj', 'head': 6}, 'object': {'upos': 'NOUN', 'text': 'Beruf', 'id': 17, 'deprel': 'obj', 'head': 6}}]",['VSO']
1667,Basierend auf den bereitgestellten Informationen hatte Boni 100 Kriegsschiffe.,1,"[{'verb': {'upos': 'VERB', 'text': 'hatte', 'id': 6, 'deprel': 'root', 'head': 0}, 'subject': {'upos': 'PROPN', 'text': 'Boni', 'id': 7, 'deprel': 'nsubj', 'head': 6}, 'object': {'upos': 'NOUN', 'text': 'Kriegsschiffe', 'id': 9, 'deprel': 'obj', 'head': 6}}]",['VSO']
628,"Basierend auf den gegebenen Informationen kann nicht bestimmt werden, ob es sich um eine Familie handelt oder um eine andere Person.",1,"[{'subject': {'upos': 'PRON', 'text': 'es', 'id': 12, 'deprel': 'nsubj', 'head': 17}, 'object': {'upos': 'PRON', 'text': 'sich', 'id': 13, 'deprel': 'obj', 'head': 17}, 'verb': {'upos': 'VERB', 'text': 'handelt', 'id': 17, 'deprel': 'csubj:pass', 'head': 8}}]",['SOV']
1267,"Basierend auf den gegebenen Informationen kann nicht konkret darauf hingewiesen werden, ob es sich um ein bestimmtes Branchenprofil handelt.",1,"[{'subject': {'upos': 'PRON', 'text': 'es', 'id': 14, 'deprel': 'nsubj', 'head': 20}, 'object': {'upos': 'PRON', 'text': 'sich', 'id': 15, 'deprel': 'obj', 'head': 20}, 'verb': {'upos': 'VERB', 'text': 'handelt', 'id': 20, 'deprel': 'acl', 'head': 9}}]",['SOV']
954,Bates erhielt ihren Abschluss 2007.,1,"[{'subject': {'upos': 'PROPN', 'text': 'Bates', 'id': 1, 'deprel': 'nsubj', 'head': 2}, 'verb': {'upos': 'VERB', 'text': 'erhielt', 'id': 2, 'deprel': 'root', 'head': 0}, 'object': {'upos': 'NOUN', 'text': 'Abschluss', 'id': 4, 'deprel': 'obj', 'head': 2}}]",['SVO']
1049,Beecher zeugte mit Calvin Ellis Stowe sieben Kinder.,1,"[{'subject': {'upos': 'PROPN', 'text': 'Beecher', 'id': 1, 'deprel': 'nsubj', 'head': 2}, 'verb': {'upos': 'VERB', 'text': 'zeugte', 'id': 2, 'deprel': 'root', 'head': 0}, 'object': {'upos': 'NOUN', 'text': 'Kinder', 'id': 8, 'deprel': 'obj', 'head': 2}}]",['SVO']
1433,Bei der ärztlichen Erstuntersuchung kann ein Arzt vorgefallene Hämorrhoiden vierten Grades problemlos feststellen.,1,"[{'subject': {'upos': 'NOUN', 'text': 'Arzt', 'id': 7, 'deprel': 'nsubj', 'head': 13}, 'object': {'upos': 'NOUN', 'text': 'Grades', 'id': 11, 'deprel': 'obj', 'head': 13}, 'verb': {'upos': 'VERB', 'text': 'feststellen', 'id': 13, 'deprel': 'root', 'head': 0}}]",['SOV']
894,Bei einem Gallensteinangriff könnte sich jemand im rechten Oberbauch unwohl fühlen.,1,"[{'object': {'upos': 'PRON', 'text': 'sich', 'id': 5, 'deprel': 'obj', 'head': 12}, 'subject': {'upos': 'PRON', 'text': 'jemand', 'id': 6, 'deprel': 'nsubj', 'head': 12}, 'verb': {'upos': 'VERB', 'text': 'fühlen', 'id': 12, 'deprel': 'root', 'head': 0}}]",['OSV']
582,Bei Lorraine versucht sich Biff einzudrängen.,1,"[{'verb': {'upos': 'VERB', 'text': 'versucht', 'id': 3, 'deprel': 'root', 'head': 0}, 'object': {'upos': 'PRON', 'text': 'sich', 'id': 4, 'deprel': 'obj', 'head': 3}, 'subject': {'upos': 'PROPN', 'text': 'Biff', 'id': 5, 'deprel': 'nsubj', 'head': 3}}]",['VOS']
1066,"Beide Unternehmen bestehen jeweils seit über 150 Jahren, bevor sie sich zum globalen Netzwerk PricewaterhouseCoopers zusammenschlossen.",1,"[{'subject': {'upos': 'PRON', 'text': 'sie', 'id': 11, 'deprel': 'nsubj', 'head': 18}, 'object': {'upos': 'PRON', 'text': 'sich', 'id': 12, 'deprel': 'obj', 'head': 18}, 'verb': {'upos': 'VERB', 'text': 'zusammenschlossen', 'id': 18, 'deprel': 'advcl', 'head': 3}}]",['SOV']
1032,Beowulf erschlägt den Drachen vor seinem Tod.,1,"[{'subject': {'upos': 'PROPN', 'text': 'Beowulf', 'id': 1, 'deprel': 'nsubj', 'head': 2}, 'verb': {'upos': 'VERB', 'text': 'erschlägt', 'id': 2, 'deprel': 'root', 'head': 0}, 'object': {'upos': 'NOUN', 'text': 'Drachen', 'id': 4, 'deprel': 'obj', 'head': 2}}]",['SVO']
109,"Berengar II., der fränkische König von Italien und Römische Kaiser, nahm Spoleto von seinem letzten Markgrafen zurück.",1,"[{'subject': {'upos': 'PROPN', 'text': 'Berengar', 'id': 1, 'deprel': 'nsubj', 'head': 13}, 'verb': {'upos': 'VERB', 'text': 'nahm', 'id': 13, 'deprel': 'root', 'head': 0}, 'object': {'upos': 'PROPN', 'text': 'Spoleto', 'id': 14, 'deprel': 'obj', 'head': 13}}]",['SVO']
1318,Beth Foraker brachte ihren mittleren Sohn David Cook am 20.,1,"[{'subject': {'upos': 'PROPN', 'text': 'Beth', 'id': 1, 'deprel': 'nsubj', 'head': 3}, 'verb': {'upos': 'VERB', 'text': 'brachte', 'id': 3, 'deprel': 'root', 'head': 0}, 'object': {'upos': 'NOUN', 'text': 'Sohn', 'id': 6, 'deprel': 'obj', 'head': 3}}]",['SVO']
343,"Beyoncé Knowles, Anthony Dent und Mathew Knowles haben das Lied ""Survivor"" geschrieben.",1,"[{'subject': {'upos': 'PROPN', 'text': 'Beyoncé', 'id': 1, 'deprel': 'nsubj', 'head': 15}, 'object': {'upos': 'NOUN', 'text': 'Lied', 'id': 11, 'deprel': 'obj', 'head': 15}, 'verb': {'upos': 'VERB', 'text': 'geschrieben', 'id': 15, 'deprel': 'root', 'head': 0}}]",['SOV']
1243,Bis 1901 verdoppelte sich die Einwohnerzahl von München auf etwa 500.000.,1,"[{'verb': {'upos': 'VERB', 'text': 'verdoppelte', 'id': 3, 'deprel': 'root', 'head': 0}, 'object': {'upos': 'PRON', 'text': 'sich', 'id': 4, 'deprel': 'obj', 'head': 3}, 'subject': {'upos': 'NOUN', 'text': 'Einwohnerzahl', 'id': 6, 'deprel': 'nsubj', 'head': 3}}]",['VOS']
1104,Bis Ende 2003 hatten 156 Staaten offizielle Listen von unentbehrlichen Arzneimitteln definiert.,1,"[{'subject': {'upos': 'NOUN', 'text': 'Staaten', 'id': 6, 'deprel': 'nsubj', 'head': 12}, 'object': {'upos': 'NOUN', 'text': 'Listen', 'id': 8, 'deprel': 'obj', 'head': 12}, 'verb': {'upos': 'VERB', 'text': 'definiert', 'id': 12, 'deprel': 'root', 'head': 0}}]",['SOV']
1205,Blüten haben typischerweise zwei Hauptbestäubungsmethoden: Windbestäubung und Insektenbestäubung.,1,"[{'subject': {'upos': 'NOUN', 'text': 'Blüten', 'id': 1, 'deprel': 'nsubj', 'head': 2}, 'verb': {'upos': 'VERB', 'text': 'haben', 'id': 2, 'deprel': 'root', 'head': 0}, 'object': {'upos': 'NOUN', 'text': 'Hauptbestäubungsmethoden', 'id': 5, 'deprel': 'obj', 'head': 2}}]",['SVO']
1782,Bruce Wayne fängt Lau in Gotham.,1,"[{'subject': {'upos': 'PROPN', 'text': 'Bruce', 'id': 1, 'deprel': 'nsubj', 'head': 3}, 'verb': {'upos': 'VERB', 'text': 'fängt', 'id': 3, 'deprel': 'root', 'head': 0}, 'object': {'upos': 'PROPN', 'text': 'Lau', 'id': 4, 'deprel': 'obj', 'head': 3}}]",['SVO']
1589,Brunei erlangte seine Unabhängigkeit 1984.,1,"[{'subject': {'upos': 'PROPN', 'text': 'Brunei', 'id': 1, 'deprel': 'nsubj', 'head': 2}, 'verb': {'upos': 'VERB', 'text': 'erlangte', 'id': 2, 'deprel': 'root', 'head': 0}, 'object': {'upos': 'NOUN', 'text': 'Unabhängigkeit', 'id': 4, 'deprel': 'obj', 'head': 2}}]",['SVO']
1569,"Bürgerkriege, Unabhängigkeitskämpfe und die Wirtschaftsblockade durch Russland beschleunigten Georgiens wirtschaftlichen Niedergang.",1,"[{'subject': {'upos': 'NOUN', 'text': 'Bürgerkriege', 'id': 1, 'deprel': 'nsubj', 'head': 9}, 'verb': {'upos': 'VERB', 'text': 'beschleunigten', 'id': 9, 'deprel': 'root', 'head': 0}, 'object': {'upos': 'NOUN', 'text': 'Niedergang', 'id': 12, 'deprel': 'obj', 'head': 9}}]",['SVO']
919,Butch machte sich im Chopper davon.,1,"[{'subject': {'upos': 'PROPN', 'text': 'Butch', 'id': 1, 'deprel': 'nsubj', 'head': 2}, 'verb': {'upos': 'VERB', 'text': 'machte', 'id': 2, 'deprel': 'root', 'head': 0}, 'object': {'upos': 'PRON', 'text': 'sich', 'id': 3, 'deprel': 'obj', 'head': 2}}]",['SVO']
1641,Caballé hat eine gemeinsame Tochter und einen Sohn.,1,"[{'subject': {'upos': 'PROPN', 'text': 'Caballé', 'id': 1, 'deprel': 'nsubj', 'head': 2}, 'verb': {'upos': 'VERB', 'text': 'hat', 'id': 2, 'deprel': 'root', 'head': 0}, 'object': {'upos': 'NOUN', 'text': 'Tochter', 'id': 5, 'deprel': 'obj', 'head': 2}}]",['SVO']
1490,Carlin Burns traf sich 1959 mit Jack Burns als Comedyteam beim Sender KXOL in Fort Worth (Texas).,1,"[{'subject': {'upos': 'PROPN', 'text': 'Carlin', 'id': 1, 'deprel': 'nsubj', 'head': 3}, 'verb': {'upos': 'VERB', 'text': 'traf', 'id': 3, 'deprel': 'root', 'head': 0}, 'object': {'upos': 'PRON', 'text': 'sich', 'id': 4, 'deprel': 'obj', 'head': 3}}]",['SVO']
1019,Che Guevara heiratete Aleida March am 2.,1,"[{'subject': {'upos': 'PROPN', 'text': 'Che', 'id': 1, 'deprel': 'nsubj', 'head': 3}, 'verb': {'upos': 'VERB', 'text': 'heiratete', 'id': 3, 'deprel': 'root', 'head': 0}, 'object': {'upos': 'PROPN', 'text': 'Aleida', 'id': 4, 'deprel': 'obj', 'head': 3}}]",['SVO']
508,China führte seine sechste nationale Volkszählung am 1.,1,"[{'subject': {'upos': 'PROPN', 'text': 'China', 'id': 1, 'deprel': 'nsubj', 'head': 2}, 'verb': {'upos': 'VERB', 'text': 'führte', 'id': 2, 'deprel': 'root', 'head': 0}, 'object': {'upos': 'NOUN', 'text': 'Volkszählung', 'id': 6, 'deprel': 'obj', 'head': 2}}]",['SVO']
1005,Christopher Nolan hat britische und amerikanische Staatsangehörigkeit.,1,"[{'subject': {'upos': 'PROPN', 'text': 'Christopher', 'id': 1, 'deprel': 'nsubj', 'head': 3}, 'verb': {'upos': 'VERB', 'text': 'hat', 'id': 3, 'deprel': 'root', 'head': 0}, 'object': {'upos': 'NOUN', 'text': 'Staatsangehörigkeit', 'id': 7, 'deprel': 'obj', 'head': 3}}]",['SVO']
840,Christopher Paul Gardner hat den Aufstieg vom Obdachlosen zum Self-Made-Millionär geschafft.,1,"[{'subject': {'upos': 'PROPN', 'text': 'Christopher', 'id': 1, 'deprel': 'nsubj', 'head': 17}, 'object': {'upos': 'NOUN', 'text': 'Aufstieg', 'id': 6, 'deprel': 'obj', 'head': 17}, 'verb': {'upos': 'VERB', 'text': 'geschafft', 'id': 17, 'deprel': 'root', 'head': 0}}]",['SOV']
1330,"Claudie André-Deshays hat ihre Abschlüsse in Medizin, Biologie und Sportmedizin gemacht.",1,"[{'subject': {'upos': 'PROPN', 'text': 'Claudie', 'id': 1, 'deprel': 'nsubj', 'head': 14}, 'object': {'upos': 'NOUN', 'text': 'Abschlüsse', 'id': 7, 'deprel': 'obj', 'head': 14}, 'verb': {'upos': 'VERB', 'text': 'gemacht', 'id': 14, 'deprel': 'root', 'head': 0}}]",['SOV']
1438,Clive verließ Indien Ende Januar 1767 zuletzt wegen seiner angegriffenen Gesundheit.,1,"[{'subject': {'upos': 'PROPN', 'text': 'Clive', 'id': 1, 'deprel': 'nsubj', 'head': 2}, 'verb': {'upos': 'VERB', 'text': 'verließ', 'id': 2, 'deprel': 'root', 'head': 0}, 'object': {'upos': 'PROPN', 'text': 'Indien', 'id': 3, 'deprel': 'obj', 'head': 2}}]",['SVO']
19,Colgate belegt Platz 2 der sportlichsten Colleges in Amerika.,1,"[{'subject': {'upos': 'PROPN', 'text': 'Colgate', 'id': 1, 'deprel': 'nsubj', 'head': 2}, 'verb': {'upos': 'VERB', 'text': 'belegt', 'id': 2, 'deprel': 'root', 'head': 0}, 'object': {'upos': 'NOUN', 'text': 'Platz', 'id': 3, 'deprel': 'obj', 'head': 2}}]",['SVO']
18,Colgate belegte im Oktober 2006 den zweiten Platz der sportlichsten Colleges in Amerika.,1,"[{'subject': {'upos': 'PROPN', 'text': 'Colgate', 'id': 1, 'deprel': 'nsubj', 'head': 2}, 'verb': {'upos': 'VERB', 'text': 'belegte', 'id': 2, 'deprel': 'root', 'head': 0}, 'object': {'upos': 'NOUN', 'text': 'Platz', 'id': 9, 'deprel': 'obj', 'head': 2}}]",['SVO']
1211,Croatia Airlines unterhält Codeshare-Abkommen mit folgenden Fluggesellschaften: (Star Alliance-Mitglieder sind mit * gekennzeichnet),1,"[{'subject': {'upos': 'PROPN', 'text': 'Croatia', 'id': 1, 'deprel': 'nsubj', 'head': 3}, 'verb': {'upos': 'VERB', 'text': 'unterhält', 'id': 3, 'deprel': 'root', 'head': 0}, 'object': {'upos': 'PROPN', 'text': 'Codeshare', 'id': 4, 'deprel': 'obj', 'head': 3}}]",['SVO']
85,d'Hérelle unterhielt Versuche am Menschen.,1,"[{'subject': {'upos': 'PROPN', 'text': ""d'Hérelle"", 'id': 1, 'deprel': 'nsubj', 'head': 2}, 'verb': {'upos': 'VERB', 'text': 'unterhielt', 'id': 2, 'deprel': 'root', 'head': 0}, 'object': {'upos': 'NOUN', 'text': 'Versuche', 'id': 3, 'deprel': 'obj', 'head': 2}}]",['SVO']
2,"Da die Sichtweite in Spokane nach den Angaben etwa drei Meter betrug, kann angenommen werden, dass die Vulkanasche Spokane ebenfalls um 9:45 Uhr erreichte, da die Entfernungen vergleichbar sind.",1,"[{'subject': {'upos': 'NOUN', 'text': 'Sichtweite', 'id': 3, 'deprel': 'nsubj', 'head': 12}, 'object': {'upos': 'NOUN', 'text': 'Meter', 'id': 11, 'deprel': 'obj', 'head': 12}, 'verb': {'upos': 'VERB', 'text': 'betrug', 'id': 12, 'deprel': 'advcl', 'head': 15}}]",['SOV']
1395,"Da keine Informationen über Shiki vorhanden sind, kann ich keine Antwort darauf geben, wie er starb.",1,"[{'subject': {'upos': 'PRON', 'text': 'ich', 'id': 10, 'deprel': 'nsubj', 'head': 14}, 'object': {'upos': 'NOUN', 'text': 'Antwort', 'id': 12, 'deprel': 'obj', 'head': 14}, 'verb': {'upos': 'VERB', 'text': 'geben', 'id': 14, 'deprel': 'root', 'head': 0}}]",['SOV']
1754,Daniel Frost Comstock konnte die Herleitungen der Relativität der Gleichzeitigkeit durch Synchronisation mit Lichtsignalen vereinfachen.,1,"[{'subject': {'upos': 'PROPN', 'text': 'Daniel', 'id': 1, 'deprel': 'nsubj', 'head': 15}, 'object': {'upos': 'NOUN', 'text': 'Herleitungen', 'id': 6, 'deprel': 'obj', 'head': 15}, 'verb': {'upos': 'VERB', 'text': 'vereinfachen', 'id': 15, 'deprel': 'root', 'head': 0}}]",['SOV']
674,Dankbarkeit kann positives soziales Verhalten im Wohltäter verstärken.,1,"[{'subject': {'upos': 'NOUN', 'text': 'Dankbarkeit', 'id': 1, 'deprel': 'nsubj', 'head': 9}, 'object': {'upos': 'NOUN', 'text': 'Verhalten', 'id': 5, 'deprel': 'obj', 'head': 9}, 'verb': {'upos': 'VERB', 'text': 'verstärken', 'id': 9, 'deprel': 'root', 'head': 0}}]",['SOV']
681,Dankbarkeit spielt für das Wohlergehen der Menschen eine große Rolle.,1,"[{'subject': {'upos': 'NOUN', 'text': 'Dankbarkeit', 'id': 1, 'deprel': 'nsubj', 'head': 2}, 'verb': {'upos': 'VERB', 'text': 'spielt', 'id': 2, 'deprel': 'root', 'head': 0}, 'object': {'upos': 'NOUN', 'text': 'Rolle', 'id': 10, 'deprel': 'obj', 'head': 2}}]",['SVO']
1058,"Das Baby, das Aishwarya Rai zur Welt brachte, war ein Mädchen.",1,"[{'object': {'upos': 'PRON', 'text': 'das', 'id': 4, 'deprel': 'obj', 'head': 10}, 'subject': {'upos': 'PROPN', 'text': 'Aishwarya', 'id': 5, 'deprel': 'nsubj', 'head': 10}, 'verb': {'upos': 'VERB', 'text': 'brachte', 'id': 10, 'deprel': 'acl', 'head': 2}}]",['OSV']
509,"Das Bevölkerungswachstum in China beträgt 0,59 %.",1,"[{'subject': {'upos': 'NOUN', 'text': 'Bevölkerungswachstum', 'id': 2, 'deprel': 'nsubj', 'head': 5}, 'verb': {'upos': 'VERB', 'text': 'beträgt', 'id': 5, 'deprel': 'root', 'head': 0}, 'object': {'upos': 'NOUN', 'text': '%', 'id': 7, 'deprel': 'obj', 'head': 5}}]",['SVO']
1250,Das Bild zeigt die meisten Feldpositionen und deren Bezeichnungen für Cricket.,1,"[{'subject': {'upos': 'NOUN', 'text': 'Bild', 'id': 2, 'deprel': 'nsubj', 'head': 3}, 'verb': {'upos': 'VERB', 'text': 'zeigt', 'id': 3, 'deprel': 'root', 'head': 0}, 'object': {'upos': 'NOUN', 'text': 'Feldpositionen', 'id': 6, 'deprel': 'obj', 'head': 3}}]",['SVO']
199,Das Chandra-Röntgenteleskop enthüllte 2001 die Existenz extrem heißen Gases in NGC 6543.,1,"[{'subject': {'upos': 'PROPN', 'text': 'Chandra', 'id': 2, 'deprel': 'nsubj', 'head': 5}, 'verb': {'upos': 'VERB', 'text': 'enthüllte', 'id': 5, 'deprel': 'root', 'head': 0}, 'object': {'upos': 'NOUN', 'text': 'Existenz', 'id': 8, 'deprel': 'obj', 'head': 5}}]",['SVO']
1367,Das Direktorium kann 12 Mitglieder des Verwaltungsrates wählen.,1,"[{'subject': {'upos': 'NOUN', 'text': 'Direktorium', 'id': 2, 'deprel': 'nsubj', 'head': 8}, 'object': {'upos': 'NOUN', 'text': 'Mitglieder', 'id': 5, 'deprel': 'obj', 'head': 8}, 'verb': {'upos': 'VERB', 'text': 'wählen', 'id': 8, 'deprel': 'root', 'head': 0}}]",['SOV']
1244,"Das Dokument erwähnt, dass der Widerstand ein Führungs-U-Boot hatte, das von einem Hunterkiller mit einer Plasma-Waffe zerstört wurde.",1,"[{'subject': {'upos': 'NOUN', 'text': 'Widerstand', 'id': 7, 'deprel': 'nsubj', 'head': 12}, 'object': {'upos': 'NOUN', 'text': 'Boot', 'id': 11, 'deprel': 'obj', 'head': 12}, 'verb': {'upos': 'VERB', 'text': 'hatte', 'id': 12, 'deprel': 'ccomp', 'head': 3}}]",['SOV']
212,Das Durchschnittsalter im Land beträgt 35 Jahre.,1,"[{'subject': {'upos': 'NOUN', 'text': 'Durchschnittsalter', 'id': 2, 'deprel': 'nsubj', 'head': 6}, 'verb': {'upos': 'VERB', 'text': 'beträgt', 'id': 6, 'deprel': 'root', 'head': 0}, 'object': {'upos': 'NOUN', 'text': 'Jahre', 'id': 8, 'deprel': 'obj', 'head': 6}}]",['SVO']
243,Das Durchschnittseinkommen von Männern im County betrugen 26.302 USD.,1,"[{'subject': {'upos': 'NOUN', 'text': 'Durchschnittseinkommen', 'id': 2, 'deprel': 'nsubj', 'head': 8}, 'verb': {'upos': 'VERB', 'text': 'betrugen', 'id': 8, 'deprel': 'root', 'head': 0}, 'object': {'upos': 'PROPN', 'text': 'USD', 'id': 10, 'deprel': 'obj', 'head': 8}}]",['SVO']
252,"Das erste Land, das mit der Tradition der Monarchie von 1649 bis 1660 brach, war England, da es während dieser Zeit eine kurze republikanische Phase mit dem Commonwealth of England gab.",1,"[{'subject': {'upos': 'PRON', 'text': 'es', 'id': 21, 'deprel': 'nsubj', 'head': 34}, 'object': {'upos': 'NOUN', 'text': 'Phase', 'id': 28, 'deprel': 'obj', 'head': 34}, 'verb': {'upos': 'VERB', 'text': 'gab', 'id': 34, 'deprel': 'advcl', 'head': 18}}]",['SOV']
1937,"Das Grove-Element wurde dem Daniell-Element vorzuziehen, weil es eine höhere Spannung von 1,9 V hat, was zu einer fast doppelt so hohen Spannung im Vergleich zu 1,1 V beim Daniell-Element führt.",1,"[{'subject': {'upos': 'PRON', 'text': 'es', 'id': 13, 'deprel': 'nsubj', 'head': 20}, 'object': {'upos': 'NOUN', 'text': 'Spannung', 'id': 16, 'deprel': 'obj', 'head': 20}, 'verb': {'upos': 'VERB', 'text': 'hat', 'id': 20, 'deprel': 'advcl', 'head': 10}}]",['SOV']
523,Das Hereroland umfasst das sogenannte Hereroland; größtenteils die östliche namibische Region Omaheke sowie Teile der Regionen Otjozondjupa und Kunene.,1,"[{'subject': {'upos': 'PROPN', 'text': 'Hereroland', 'id': 2, 'deprel': 'nsubj', 'head': 3}, 'verb': {'upos': 'VERB', 'text': 'umfasst', 'id': 3, 'deprel': 'root', 'head': 0}, 'object': {'upos': 'PROPN', 'text': 'Hereroland', 'id': 6, 'deprel': 'obj', 'head': 3}}]",['SVO']
799,"Das Kızılay Derneği ist ein Krankenhaus in Ankara, das das Stadtviertel Kızılay benannt hat.",1,"[{'subject': {'upos': 'PRON', 'text': 'das', 'id': 10, 'deprel': 'nsubj', 'head': 14}, 'object': {'upos': 'NOUN', 'text': 'Stadtviertel', 'id': 12, 'deprel': 'obj', 'head': 14}, 'verb': {'upos': 'VERB', 'text': 'benannt', 'id': 14, 'deprel': 'acl', 'head': 6}}]",['SOV']
957,Das Licht von der Sonnenoberfläche zur Erde benötigt etwa 8 Minuten.,1,"[{'subject': {'upos': 'NOUN', 'text': 'Licht', 'id': 2, 'deprel': 'nsubj', 'head': 9}, 'verb': {'upos': 'VERB', 'text': 'benötigt', 'id': 9, 'deprel': 'root', 'head': 0}, 'object': {'upos': 'NOUN', 'text': 'Minuten', 'id': 12, 'deprel': 'obj', 'head': 9}}]",['SVO']
1669,Das malaiische Sultanat von Brunei hatte während der Herrschaft des Sultans Bolkiah seinen Einflussbereich bis zum Delta des Kapuas-Flusses in West-Kalimantan.,1,"[{'subject': {'upos': 'NOUN', 'text': 'Sultanat', 'id': 3, 'deprel': 'nsubj', 'head': 6}, 'verb': {'upos': 'VERB', 'text': 'hatte', 'id': 6, 'deprel': 'root', 'head': 0}, 'object': {'upos': 'NOUN', 'text': 'Einflussbereich', 'id': 14, 'deprel': 'obj', 'head': 6}}]",['SVO']
126,"Das Merkmal, das die Strategiehelden von den Kriegerhelden unterscheidet, ist die Heilfähigkeit des Strategen.",1,"[{'subject': {'upos': 'PRON', 'text': 'das', 'id': 4, 'deprel': 'nsubj', 'head': 10}, 'object': {'upos': 'NOUN', 'text': 'Strategiehelden', 'id': 6, 'deprel': 'obj', 'head': 10}, 'verb': {'upos': 'VERB', 'text': 'unterscheidet', 'id': 10, 'deprel': 'acl', 'head': 2}}]",['SOV']
1523,Das Nexus 5 verwendet eine 8-Megapixel-Rückkamera.,1,"[{'subject': {'upos': 'PROPN', 'text': 'Nexus', 'id': 2, 'deprel': 'nsubj', 'head': 4}, 'verb': {'upos': 'VERB', 'text': 'verwendet', 'id': 4, 'deprel': 'root', 'head': 0}, 'object': {'upos': 'NOUN', 'text': 'Rückkamera', 'id': 10, 'deprel': 'obj', 'head': 4}}]",['SVO']
32,"Das Schiehallion-Experiment hatte das Ziel, die mittlere Massendichte der Erde zu bestimmen, indem es die geringfügige Lotabweichung im Schwerefeld der Erde aufgrund der gravitativen Anziehung des Berges Schiehallion misste.",1,"[{'subject': {'upos': 'PROPN', 'text': 'Schiehallion', 'id': 2, 'deprel': 'nsubj', 'head': 5}, 'verb': {'upos': 'VERB', 'text': 'hatte', 'id': 5, 'deprel': 'root', 'head': 0}, 'object': {'upos': 'NOUN', 'text': 'Ziel', 'id': 7, 'deprel': 'obj', 'head': 5}}]",['SVO']
1314,Das Spitzschwanz-Bronzemännchen erreicht eine Körperlänge von elf bis zwölf Zentimeter.,1,"[{'subject': {'upos': 'NOUN', 'text': 'Bronzemännchen', 'id': 4, 'deprel': 'nsubj', 'head': 5}, 'verb': {'upos': 'VERB', 'text': 'erreicht', 'id': 5, 'deprel': 'root', 'head': 0}, 'object': {'upos': 'NOUN', 'text': 'Körperlänge', 'id': 7, 'deprel': 'obj', 'head': 5}}]",['SVO']
713,Das Streikkomitee half Gefangenen in Weißrussland.,1,"[{'subject': {'upos': 'NOUN', 'text': 'Streikkomitee', 'id': 2, 'deprel': 'nsubj', 'head': 3}, 'verb': {'upos': 'VERB', 'text': 'half', 'id': 3, 'deprel': 'root', 'head': 0}, 'object': {'upos': 'NOUN', 'text': 'Gefangenen', 'id': 4, 'deprel': 'obj', 'head': 3}}]",['SVO']
342,Das Tier legt in der Regel zwei Eier.,1,"[{'subject': {'upos': 'NOUN', 'text': 'Tier', 'id': 2, 'deprel': 'nsubj', 'head': 3}, 'verb': {'upos': 'VERB', 'text': 'legt', 'id': 3, 'deprel': 'root', 'head': 0}, 'object': {'upos': 'NOUN', 'text': 'Eier', 'id': 8, 'deprel': 'obj', 'head': 3}}]",['SVO']
1582,Das Unterdrücken des Sepoy-Aufstands von 1857 dauerte ein haltes Jahr.,1,"[{'subject': {'upos': 'NOUN', 'text': 'Unterdrücken', 'id': 2, 'deprel': 'nsubj', 'head': 9}, 'verb': {'upos': 'VERB', 'text': 'dauerte', 'id': 9, 'deprel': 'root', 'head': 0}, 'object': {'upos': 'NOUN', 'text': 'Jahr', 'id': 12, 'deprel': 'obj', 'head': 9}}]",['SVO']
1029,"Das Wort Comoros stammt vom arabischen Dschuzur al-Qamar (جزر القمر) abgeleitet, was „Mondinseln“ bedeutet.",1,"[{'subject': {'upos': 'PRON', 'text': 'was', 'id': 18, 'deprel': 'nsubj', 'head': 22}, 'object': {'upos': 'NOUN', 'text': 'Mondinseln', 'id': 20, 'deprel': 'obj', 'head': 22}, 'verb': {'upos': 'VERB', 'text': 'bedeutet', 'id': 22, 'deprel': 'acl', 'head': 8}}]",['SOV']
456,Das Zentrum der Staatsgemächer bildet das Musikzimmer.,1,"[{'subject': {'upos': 'NOUN', 'text': 'Zentrum', 'id': 2, 'deprel': 'nsubj', 'head': 5}, 'verb': {'upos': 'VERB', 'text': 'bildet', 'id': 5, 'deprel': 'root', 'head': 0}, 'object': {'upos': 'NOUN', 'text': 'Musikzimmer', 'id': 7, 'deprel': 'obj', 'head': 5}}]",['SVO']
1873,"Das Zentrum hat große Arbeit geleistet, um die Rechte und Interessen von Frauen in China zu schützen.",1,"[{'subject': {'upos': 'NOUN', 'text': 'Zentrum', 'id': 2, 'deprel': 'nsubj', 'head': 6}, 'object': {'upos': 'NOUN', 'text': 'Arbeit', 'id': 5, 'deprel': 'obj', 'head': 6}, 'verb': {'upos': 'VERB', 'text': 'geleistet', 'id': 6, 'deprel': 'root', 'head': 0}}]",['SOV']
781,Der Agra-Bezirk erstreckt sich über eine Fläche von 4041 km².,1,"[{'subject': {'upos': 'PROPN', 'text': 'Agra', 'id': 2, 'deprel': 'nsubj', 'head': 5}, 'verb': {'upos': 'VERB', 'text': 'erstreckt', 'id': 5, 'deprel': 'root', 'head': 0}, 'object': {'upos': 'PRON', 'text': 'sich', 'id': 6, 'deprel': 'obj', 'head': 5}}]",['SVO']
1700,Der Anteil der Bewaldung des Staates Minnesota beträgt etwa ein Drittel.,1,"[{'subject': {'upos': 'NOUN', 'text': 'Anteil', 'id': 2, 'deprel': 'nsubj', 'head': 8}, 'verb': {'upos': 'VERB', 'text': 'beträgt', 'id': 8, 'deprel': 'root', 'head': 0}, 'object': {'upos': 'NOUN', 'text': 'Drittel', 'id': 11, 'deprel': 'obj', 'head': 8}}]",['SVO']
822,"Der Aston Villa Football Club hatte sein erstes offizielles Spiel gegen eine Rugby-Mannschaft, in der die Regeln eine Mischung aus Rugby und Fußball waren.",1,"[{'subject': {'upos': 'PROPN', 'text': 'Aston', 'id': 2, 'deprel': 'nsubj', 'head': 6}, 'verb': {'upos': 'VERB', 'text': 'hatte', 'id': 6, 'deprel': 'root', 'head': 0}, 'object': {'upos': 'NOUN', 'text': 'Spiel', 'id': 10, 'deprel': 'obj', 'head': 6}}]",['SVO']
1175,Der Begriff Rupya leitet sich von dem altindischen Wort rūp oder rūpā mit der Bedeutung „Silber“ her.,1,"[{'subject': {'upos': 'NOUN', 'text': 'Begriff', 'id': 2, 'deprel': 'nsubj', 'head': 4}, 'verb': {'upos': 'VERB', 'text': 'leitet', 'id': 4, 'deprel': 'root', 'head': 0}, 'object': {'upos': 'PRON', 'text': 'sich', 'id': 5, 'deprel': 'obj', 'head': 4}}]",['SVO']
1974,Der bisherige Verwaltungsapparat konnte seine Stellungen halten.,1,"[{'subject': {'upos': 'NOUN', 'text': 'Verwaltungsapparat', 'id': 3, 'deprel': 'nsubj', 'head': 7}, 'object': {'upos': 'NOUN', 'text': 'Stellungen', 'id': 6, 'deprel': 'obj', 'head': 7}, 'verb': {'upos': 'VERB', 'text': 'halten', 'id': 7, 'deprel': 'root', 'head': 0}}]",['SOV']
340,Der Chanshui Airport verbindet nicht explizit zwei größere Gebiete in den gegebenen Texten.,1,"[{'subject': {'upos': 'PROPN', 'text': 'Chanshui', 'id': 2, 'deprel': 'nsubj', 'head': 4}, 'verb': {'upos': 'VERB', 'text': 'verbindet', 'id': 4, 'deprel': 'root', 'head': 0}, 'object': {'upos': 'NOUN', 'text': 'Gebiete', 'id': 9, 'deprel': 'obj', 'head': 4}}]",['SVO']
1626,Der Deutsche Fußballverband (DFB) bot nach dem Rückzug Frankreichs Unterstützung an.,1,"[{'subject': {'upos': 'PROPN', 'text': 'Fußballverband', 'id': 3, 'deprel': 'nsubj', 'head': 7}, 'verb': {'upos': 'VERB', 'text': 'bot', 'id': 7, 'deprel': 'root', 'head': 0}, 'object': {'upos': 'NOUN', 'text': 'Unterstützung', 'id': 12, 'deprel': 'obj', 'head': 7}}]",['SVO']
776,Der Discovery Channel beendete seine Zusammenarbeit mit Bear Grylls aufgrund von Vertragsstreitigkeiten.,1,"[{'subject': {'upos': 'PROPN', 'text': 'Discovery', 'id': 2, 'deprel': 'nsubj', 'head': 4}, 'verb': {'upos': 'VERB', 'text': 'beendete', 'id': 4, 'deprel': 'root', 'head': 0}, 'object': {'upos': 'NOUN', 'text': 'Zusammenarbeit', 'id': 6, 'deprel': 'obj', 'head': 4}}]",['SVO']
1446,"Der Film ""Braveheart"" erhielt fünf Oscars aus zehn Nominierungen.",1,"[{'subject': {'upos': 'NOUN', 'text': 'Film', 'id': 2, 'deprel': 'nsubj', 'head': 6}, 'verb': {'upos': 'VERB', 'text': 'erhielt', 'id': 6, 'deprel': 'root', 'head': 0}, 'object': {'upos': 'NOUN', 'text': 'Oscars', 'id': 8, 'deprel': 'obj', 'head': 6}}]",['SVO']
1228,"Der Film ""Kiss Meets the Phantom of the Park"" orientierte sich an ""A Hard Day's Night"" und ""Star Wars"".",1,"[{'subject': {'upos': 'NOUN', 'text': 'Film', 'id': 2, 'deprel': 'nsubj', 'head': 12}, 'verb': {'upos': 'VERB', 'text': 'orientierte', 'id': 12, 'deprel': 'root', 'head': 0}, 'object': {'upos': 'PRON', 'text': 'sich', 'id': 13, 'deprel': 'obj', 'head': 12}}]",['SVO']
47,"Der Film ""The Light Between Oceans"" brachte Fassbender und Alicia Vikander zusammen.",1,"[{'subject': {'upos': 'NOUN', 'text': 'Film', 'id': 2, 'deprel': 'nsubj', 'head': 9}, 'verb': {'upos': 'VERB', 'text': 'brachte', 'id': 9, 'deprel': 'root', 'head': 0}, 'object': {'upos': 'PROPN', 'text': 'Fassbender', 'id': 10, 'deprel': 'obj', 'head': 9}}]",['SVO']
1444,Der Film erhielt einen Oscar in der Kategorie „Beste visuelle Effekte“.,1,"[{'subject': {'upos': 'NOUN', 'text': 'Film', 'id': 2, 'deprel': 'nsubj', 'head': 3}, 'verb': {'upos': 'VERB', 'text': 'erhielt', 'id': 3, 'deprel': 'root', 'head': 0}, 'object': {'upos': 'PROPN', 'text': 'Oscar', 'id': 5, 'deprel': 'obj', 'head': 3}}]",['SVO']
178,Der Film hatte seine Premiere am 25.,1,"[{'subject': {'upos': 'NOUN', 'text': 'Film', 'id': 2, 'deprel': 'nsubj', 'head': 3}, 'verb': {'upos': 'VERB', 'text': 'hatte', 'id': 3, 'deprel': 'root', 'head': 0}, 'object': {'upos': 'NOUN', 'text': 'Premiere', 'id': 5, 'deprel': 'obj', 'head': 3}}]",['SVO']
474,Der Generalgouverneur behielt dennoch bedeutenden Einfluss auf die Gesetzgebung.,1,"[{'subject': {'upos': 'NOUN', 'text': 'Generalgouverneur', 'id': 2, 'deprel': 'nsubj', 'head': 3}, 'verb': {'upos': 'VERB', 'text': 'behielt', 'id': 3, 'deprel': 'root', 'head': 0}, 'object': {'upos': 'NOUN', 'text': 'Einfluss', 'id': 6, 'deprel': 'obj', 'head': 3}}]",['SVO']
377,"Der Gewinner des Booker Prize wird von einem Beirat ausgewählt, der jedes Jahr neu bestimmte Juroren kürt.",1,"[{'subject': {'upos': 'PRON', 'text': 'der', 'id': 12, 'deprel': 'nsubj', 'head': 18}, 'object': {'upos': 'NOUN', 'text': 'Juroren', 'id': 17, 'deprel': 'obj', 'head': 18}, 'verb': {'upos': 'VERB', 'text': 'kürt', 'id': 18, 'deprel': 'acl', 'head': 9}}]",['SOV']
1576,"Der Graf kam nach New York City, USA, nachdem er Europa 1938 verlassen hatte.",1,"[{'subject': {'upos': 'PRON', 'text': 'er', 'id': 12, 'deprel': 'nsubj', 'head': 15}, 'object': {'upos': 'PROPN', 'text': 'Europa', 'id': 13, 'deprel': 'obj', 'head': 15}, 'verb': {'upos': 'VERB', 'text': 'verlassen', 'id': 15, 'deprel': 'advcl', 'head': 3}}]",['SOV']
463,"Der größte und offiziellste Empfang findet jeden November statt, wenn der Monarch die Angehörigen des ausländischen diplomatischen Korps einlädt.",1,"[{'subject': {'upos': 'NOUN', 'text': 'Monarch', 'id': 13, 'deprel': 'nsubj', 'head': 20}, 'object': {'upos': 'NOUN', 'text': 'Angehörigen', 'id': 15, 'deprel': 'obj', 'head': 20}, 'verb': {'upos': 'VERB', 'text': 'einlädt', 'id': 20, 'deprel': 'advcl', 'head': 6}}]",['SOV']
922,Der heilige Francisco de Xavier brachte die Lehre Christi nach Japan.,1,"[{'subject': {'upos': 'PROPN', 'text': 'Francisco', 'id': 3, 'deprel': 'nsubj', 'head': 6}, 'verb': {'upos': 'VERB', 'text': 'brachte', 'id': 6, 'deprel': 'root', 'head': 0}, 'object': {'upos': 'NOUN', 'text': 'Lehre', 'id': 8, 'deprel': 'obj', 'head': 6}}]",['SVO']
1477,"Der Historiker Juan Cabre war der Erste, der die Felsmalerien der Jungsteinzeit datierte.",1,"[{'subject': {'upos': 'PRON', 'text': 'der', 'id': 9, 'deprel': 'nsubj', 'head': 14}, 'object': {'upos': 'NOUN', 'text': 'Felsmalerien', 'id': 11, 'deprel': 'obj', 'head': 14}, 'verb': {'upos': 'VERB', 'text': 'datierte', 'id': 14, 'deprel': 'acl', 'head': 7}}]",['SOV']
1269,Der Judoka Naidangiin Tüwschinbajar und der Boxer Enchbatyn Badar-Uugan aus der Mongolei haben bei den Olympischen Sommerspielen 2008 in Peking Medaillen gewonnen.,1,"[{'subject': {'upos': 'NOUN', 'text': 'Judoka', 'id': 2, 'deprel': 'nsubj', 'head': 24}, 'object': {'upos': 'NOUN', 'text': 'Medaillen', 'id': 23, 'deprel': 'obj', 'head': 24}, 'verb': {'upos': 'VERB', 'text': 'gewonnen', 'id': 24, 'deprel': 'root', 'head': 0}}]",['SOV']
687,"Der Kater Garfield hatte vier Charakterzüge: fetter, faul, sarkastisch und filosofisch.",1,"[{'subject': {'upos': 'NOUN', 'text': 'Kater', 'id': 2, 'deprel': 'nsubj', 'head': 4}, 'verb': {'upos': 'VERB', 'text': 'hatte', 'id': 4, 'deprel': 'root', 'head': 0}, 'object': {'upos': 'NOUN', 'text': 'Charakterzüge', 'id': 6, 'deprel': 'obj', 'head': 4}}]",['SVO']
1411,Der Krieg von Netscape beendete sich durch die Verkaufstransaktion von Netscape an Microsoft.,1,"[{'subject': {'upos': 'NOUN', 'text': 'Krieg', 'id': 2, 'deprel': 'nsubj', 'head': 5}, 'verb': {'upos': 'VERB', 'text': 'beendete', 'id': 5, 'deprel': 'root', 'head': 0}, 'object': {'upos': 'PRON', 'text': 'sich', 'id': 6, 'deprel': 'obj', 'head': 5}}]",['SVO']
777,"Der Lindy Hop erfuhr um 1940 eine Abwandlung zum Boogie-Woogie, der auf deutlich schnellerer Musik basierte.",1,"[{'subject': {'upos': 'PROPN', 'text': 'Lindy', 'id': 2, 'deprel': 'nsubj', 'head': 4}, 'verb': {'upos': 'VERB', 'text': 'erfuhr', 'id': 4, 'deprel': 'root', 'head': 0}, 'object': {'upos': 'NOUN', 'text': 'Abwandlung', 'id': 8, 'deprel': 'obj', 'head': 4}}]",['SVO']
1946,"Der Mann, den sie heiratete, hieß Frank Aleksander.",1,"[{'object': {'upos': 'PRON', 'text': 'den', 'id': 4, 'deprel': 'obj', 'head': 6}, 'subject': {'upos': 'PRON', 'text': 'sie', 'id': 5, 'deprel': 'nsubj', 'head': 6}, 'verb': {'upos': 'VERB', 'text': 'heiratete', 'id': 6, 'deprel': 'acl', 'head': 2}}]",['OSV']
1115,Der Name einer Provinz bezieht sich auf eine politische Verwaltungseinheit innerhalb eines Landes oder einer Nation.,1,"[{'subject': {'upos': 'NOUN', 'text': 'Name', 'id': 2, 'deprel': 'nsubj', 'head': 5}, 'verb': {'upos': 'VERB', 'text': 'bezieht', 'id': 5, 'deprel': 'root', 'head': 0}, 'object': {'upos': 'PRON', 'text': 'sich', 'id': 6, 'deprel': 'obj', 'head': 5}}]",['SVO']
1537,Der Name Konstanz stammt nach Ansicht vieler Forscher aus der Zeit um 300 n.,1,"[{'subject': {'upos': 'NOUN', 'text': 'Name', 'id': 2, 'deprel': 'nsubj', 'head': 4}, 'verb': {'upos': 'VERB', 'text': 'stammt', 'id': 4, 'deprel': 'root', 'head': 0}, 'object': {'upos': 'NOUN', 'text': 'n', 'id': 14, 'deprel': 'obj', 'head': 4}}]",['SVO']
1245,"Der Name Shakira stammt aus Arabisch und bedeutet ""die Dankbare"".",1,"[{'subject': {'upos': 'NOUN', 'text': 'Name', 'id': 2, 'deprel': 'nsubj', 'head': 4}, 'verb': {'upos': 'VERB', 'text': 'bedeutet', 'id': 8, 'deprel': 'conj', 'head': 4}, 'object': {'upos': 'NOUN', 'text': 'Dankbare', 'id': 11, 'deprel': 'obj', 'head': 8}}]",['SVO']
844,Der Patient kann den Mund nicht mehr öffnen und die Nahrungsaufnahme ist erschwert.,1,"[{'subject': {'upos': 'NOUN', 'text': 'Patient', 'id': 2, 'deprel': 'nsubj', 'head': 8}, 'object': {'upos': 'NOUN', 'text': 'Mund', 'id': 5, 'deprel': 'obj', 'head': 8}, 'verb': {'upos': 'VERB', 'text': 'öffnen', 'id': 8, 'deprel': 'root', 'head': 0}}]",['SOV']
1491,"Der Präsident folgt den Befehlen seines Premierministers und seines Kabinetts, wenn er seine exekutiven Befugnisse ausübt.",1,"[{'subject': {'upos': 'PRON', 'text': 'er', 'id': 13, 'deprel': 'nsubj', 'head': 17}, 'object': {'upos': 'NOUN', 'text': 'Befugnisse', 'id': 16, 'deprel': 'obj', 'head': 17}, 'verb': {'upos': 'VERB', 'text': 'ausübt', 'id': 17, 'deprel': 'advcl', 'head': 3}}]",['SOV']
1615,Der Präsident Snow machte einen Besuch bei Katniss in District 12.,1,"[{'subject': {'upos': 'NOUN', 'text': 'Präsident', 'id': 2, 'deprel': 'nsubj', 'head': 4}, 'verb': {'upos': 'VERB', 'text': 'machte', 'id': 4, 'deprel': 'root', 'head': 0}, 'object': {'upos': 'NOUN', 'text': 'Besuch', 'id': 6, 'deprel': 'obj', 'head': 4}}]",['SVO']
67,Der Rumpf des Schiffwracks Royal Oak steigt bis 5 Meter Tiefe auf und kann von der Wasseroberfläche aus gesehen werden.,1,"[{'subject': {'upos': 'NOUN', 'text': 'Rumpf', 'id': 2, 'deprel': 'nsubj', 'head': 7}, 'verb': {'upos': 'VERB', 'text': 'steigt', 'id': 7, 'deprel': 'root', 'head': 0}, 'object': {'upos': 'NOUN', 'text': 'Tiefe', 'id': 11, 'deprel': 'obj', 'head': 7}}]",['SVO']
1459,Der Som ersetzte den Rubel aus der Sowjetzeit.,1,"[{'subject': {'upos': 'NOUN', 'text': 'Som', 'id': 2, 'deprel': 'nsubj', 'head': 3}, 'verb': {'upos': 'VERB', 'text': 'ersetzte', 'id': 3, 'deprel': 'root', 'head': 0}, 'object': {'upos': 'NOUN', 'text': 'Rubel', 'id': 5, 'deprel': 'obj', 'head': 3}}]",['SVO']
1728,Der Sputnik 1 wog 83 kg.,1,"[{'subject': {'upos': 'PROPN', 'text': 'Sputnik', 'id': 2, 'deprel': 'nsubj', 'head': 4}, 'verb': {'upos': 'VERB', 'text': 'wog', 'id': 4, 'deprel': 'root', 'head': 0}, 'object': {'upos': 'NOUN', 'text': 'kg', 'id': 6, 'deprel': 'obj', 'head': 4}}]",['SVO']
9,Der Stern hatte eine enorme Eruption von Materie vor 4000 bis 6000 Jahren.,1,"[{'subject': {'upos': 'NOUN', 'text': 'Stern', 'id': 2, 'deprel': 'nsubj', 'head': 3}, 'verb': {'upos': 'VERB', 'text': 'hatte', 'id': 3, 'deprel': 'root', 'head': 0}, 'object': {'upos': 'NOUN', 'text': 'Eruption', 'id': 6, 'deprel': 'obj', 'head': 3}}]",['SVO']
1482,"Der Text beschreibt die Entdeckung des Malaria-Erregers durch Laveran, aber nicht den Auslöser der Krankheit.",1,"[{'subject': {'upos': 'NOUN', 'text': 'Text', 'id': 2, 'deprel': 'nsubj', 'head': 3}, 'verb': {'upos': 'VERB', 'text': 'beschreibt', 'id': 3, 'deprel': 'root', 'head': 0}, 'object': {'upos': 'NOUN', 'text': 'Entdeckung', 'id': 5, 'deprel': 'obj', 'head': 3}}]",['SVO']
1448,Der Text bezieht sich auf verschiedene Jahre.,1,"[{'subject': {'upos': 'NOUN', 'text': 'Text', 'id': 2, 'deprel': 'nsubj', 'head': 3}, 'verb': {'upos': 'VERB', 'text': 'bezieht', 'id': 3, 'deprel': 'root', 'head': 0}, 'object': {'upos': 'PRON', 'text': 'sich', 'id': 4, 'deprel': 'obj', 'head': 3}}]",['SVO']
475,Der Text enthält keine Informationen über horroschcen Titel von Warren Hastings.,1,"[{'subject': {'upos': 'NOUN', 'text': 'Text', 'id': 2, 'deprel': 'nsubj', 'head': 3}, 'verb': {'upos': 'VERB', 'text': 'enthält', 'id': 3, 'deprel': 'root', 'head': 0}, 'object': {'upos': 'NOUN', 'text': 'Informationen', 'id': 5, 'deprel': 'obj', 'head': 3}}]",['SVO']
1454,Der Text gibt keine Informationen über den dritten Präsidenten von Trinidad und Tobago.,1,"[{'subject': {'upos': 'NOUN', 'text': 'Text', 'id': 2, 'deprel': 'nsubj', 'head': 3}, 'verb': {'upos': 'VERB', 'text': 'gibt', 'id': 3, 'deprel': 'root', 'head': 0}, 'object': {'upos': 'NOUN', 'text': 'Informationen', 'id': 5, 'deprel': 'obj', 'head': 3}}]",['SVO']
670,"Der Text gibt keine spezifische Information darüber, in welchem Monat eine bestimmte Organisation gestartet wurde.",1,"[{'subject': {'upos': 'NOUN', 'text': 'Text', 'id': 2, 'deprel': 'nsubj', 'head': 3}, 'verb': {'upos': 'VERB', 'text': 'gibt', 'id': 3, 'deprel': 'root', 'head': 0}, 'object': {'upos': 'NOUN', 'text': 'Information', 'id': 6, 'deprel': 'obj', 'head': 3}}]",['SVO']
1945,Der Text gibt keine spezifische Nationalität des Liebhabers von Roza Eskenazy bekannt.,1,"[{'subject': {'upos': 'NOUN', 'text': 'Text', 'id': 2, 'deprel': 'nsubj', 'head': 3}, 'verb': {'upos': 'VERB', 'text': 'gibt', 'id': 3, 'deprel': 'root', 'head': 0}, 'object': {'upos': 'NOUN', 'text': 'Nationalität', 'id': 6, 'deprel': 'obj', 'head': 3}}]",['SVO']
1473,Der Text gibt keine spezifische Todesursache der Eltern des Jungen an.,1,"[{'subject': {'upos': 'NOUN', 'text': 'Text', 'id': 2, 'deprel': 'nsubj', 'head': 3}, 'verb': {'upos': 'VERB', 'text': 'gibt', 'id': 3, 'deprel': 'root', 'head': 0}, 'object': {'upos': 'NOUN', 'text': 'Todesursache', 'id': 6, 'deprel': 'obj', 'head': 3}}]",['SVO']
458,Der Text gibt keine spezifischen Maße des Palasts in Delhi Durbar an.,1,"[{'subject': {'upos': 'NOUN', 'text': 'Text', 'id': 2, 'deprel': 'nsubj', 'head': 3}, 'verb': {'upos': 'VERB', 'text': 'gibt', 'id': 3, 'deprel': 'root', 'head': 0}, 'object': {'upos': 'NOUN', 'text': 'Maße', 'id': 6, 'deprel': 'obj', 'head': 3}}]",['SVO']
651,Der Text liefert keine spezifischen Informationen über den Hirndruck in Fällen von Kryptokokkenmeningitis.,1,"[{'subject': {'upos': 'NOUN', 'text': 'Text', 'id': 2, 'deprel': 'nsubj', 'head': 3}, 'verb': {'upos': 'VERB', 'text': 'liefert', 'id': 3, 'deprel': 'root', 'head': 0}, 'object': {'upos': 'NOUN', 'text': 'Informationen', 'id': 6, 'deprel': 'obj', 'head': 3}}]",['SVO']
783,Der Text liefert keine spezifischen Informationen über den Namen des tamilischen Debütfilms des Schauspielers.,1,"[{'subject': {'upos': 'NOUN', 'text': 'Text', 'id': 2, 'deprel': 'nsubj', 'head': 3}, 'verb': {'upos': 'VERB', 'text': 'liefert', 'id': 3, 'deprel': 'root', 'head': 0}, 'object': {'upos': 'NOUN', 'text': 'Informationen', 'id': 6, 'deprel': 'obj', 'head': 3}}]",['SVO']
876,"Der verbindende Router, der Verbindungen aufrecht erhält, heißt Area Border Router (ABR).",1,"[{'subject': {'upos': 'PRON', 'text': 'der', 'id': 5, 'deprel': 'nsubj', 'head': 8}, 'object': {'upos': 'NOUN', 'text': 'Verbindungen', 'id': 6, 'deprel': 'obj', 'head': 8}, 'verb': {'upos': 'VERB', 'text': 'erhält', 'id': 8, 'deprel': 'acl', 'head': 3}}]",['SOV']
1003,"Der Vizepräsident kann zum Präsidenten werden, wenn der Präsident stirbt, zurücktritt oder entlassen wird, bis ein neuer Präsident sein Amt antritt.",1,"[{'subject': {'upos': 'NOUN', 'text': 'Präsident', 'id': 22, 'deprel': 'nsubj', 'head': 25}, 'object': {'upos': 'NOUN', 'text': 'Amt', 'id': 24, 'deprel': 'obj', 'head': 25}, 'verb': {'upos': 'VERB', 'text': 'antritt', 'id': 25, 'deprel': 'advcl', 'head': 14}}]",['SOV']
859,"Der Welttag der NRO ist ein Tag, an dem sich NGOs aus aller Welt austauschen können.",1,"[{'object': {'upos': 'PRON', 'text': 'sich', 'id': 11, 'deprel': 'obj', 'head': 16}, 'subject': {'upos': 'NOUN', 'text': 'NGOs', 'id': 12, 'deprel': 'nsubj', 'head': 16}, 'verb': {'upos': 'VERB', 'text': 'austauschen', 'id': 16, 'deprel': 'acl', 'head': 7}}]",['OSV']
566,"Der Westminster Palace hat vier Stockwerke, die im Text erwähnt wurden: das Erdgeschoss und die dritter und vierte Stockwerk.",1,"[{'subject': {'upos': 'PROPN', 'text': 'Westminster', 'id': 2, 'deprel': 'nsubj', 'head': 4}, 'verb': {'upos': 'VERB', 'text': 'hat', 'id': 4, 'deprel': 'root', 'head': 0}, 'object': {'upos': 'NOUN', 'text': 'Stockwerke', 'id': 6, 'deprel': 'obj', 'head': 4}}]",['SVO']
1697,Der Wisconsin-Gletscher zog sich vor 12.000 Jahren aus Minnesota zurück.,1,"[{'subject': {'upos': 'PROPN', 'text': 'Wisconsin', 'id': 2, 'deprel': 'nsubj', 'head': 5}, 'verb': {'upos': 'VERB', 'text': 'zog', 'id': 5, 'deprel': 'root', 'head': 0}, 'object': {'upos': 'PRON', 'text': 'sich', 'id': 6, 'deprel': 'obj', 'head': 5}}]",['SVO']
185,Der Zündsignal durchs Telefon löste die Bombe aus.,1,"[{'subject': {'upos': 'NOUN', 'text': 'Zündsignal', 'id': 2, 'deprel': 'nsubj', 'head': 5}, 'verb': {'upos': 'VERB', 'text': 'löste', 'id': 5, 'deprel': 'root', 'head': 0}, 'object': {'upos': 'NOUN', 'text': 'Bombe', 'id': 7, 'deprel': 'obj', 'head': 5}}]",['SVO']
1581,"Der Zustand, den die Briten umfassten, wurde als ""Pax Britannica"" bezeichnet.",1,"[{'object': {'upos': 'PRON', 'text': 'den', 'id': 4, 'deprel': 'obj', 'head': 7}, 'subject': {'upos': 'NOUN', 'text': 'Briten', 'id': 6, 'deprel': 'nsubj', 'head': 7}, 'verb': {'upos': 'VERB', 'text': 'umfassten', 'id': 7, 'deprel': 'acl', 'head': 2}}]",['OSV']
756,"Derek Sherinian sang das Lied ""I Don't Like You"" mit Petrucci und Portnoy als Zweitstimmen.",1,"[{'subject': {'upos': 'PROPN', 'text': 'Derek', 'id': 1, 'deprel': 'nsubj', 'head': 3}, 'verb': {'upos': 'VERB', 'text': 'sang', 'id': 3, 'deprel': 'root', 'head': 0}, 'object': {'upos': 'NOUN', 'text': 'Lied', 'id': 5, 'deprel': 'obj', 'head': 3}}]",['SVO']
1647,"Deshalb haben Eier vier Schichten, bevor sie in Schichten zusammengesetzt bekannt sind.",1,"[{'verb': {'upos': 'VERB', 'text': 'haben', 'id': 2, 'deprel': 'root', 'head': 0}, 'subject': {'upos': 'NOUN', 'text': 'Eier', 'id': 3, 'deprel': 'nsubj', 'head': 2}, 'object': {'upos': 'NOUN', 'text': 'Schichten', 'id': 5, 'deprel': 'obj', 'head': 2}}]",['VSO']
490,Deshalb kann ich keine genaue Antwort auf die Frage geben.,1,"[{'subject': {'upos': 'PRON', 'text': 'ich', 'id': 3, 'deprel': 'nsubj', 'head': 10}, 'object': {'upos': 'NOUN', 'text': 'Antwort', 'id': 6, 'deprel': 'obj', 'head': 10}, 'verb': {'upos': 'VERB', 'text': 'geben', 'id': 10, 'deprel': 'root', 'head': 0}}]",['SOV']
1457,Dev S. Sukumar schrieb die Biografie von Prakash.,1,"[{'subject': {'upos': 'PROPN', 'text': 'Dev', 'id': 1, 'deprel': 'nsubj', 'head': 4}, 'verb': {'upos': 'VERB', 'text': 'schrieb', 'id': 4, 'deprel': 'root', 'head': 0}, 'object': {'upos': 'NOUN', 'text': 'Biografie', 'id': 6, 'deprel': 'obj', 'head': 4}}]",['SVO']
1594,"Dezember 1966 wird Audouin Dollfus zugeschrieben, obwohl Jean Texereau das Objekt kurz zuvor fotografiert hatte.",1,"[{'subject': {'upos': 'PROPN', 'text': 'Jean', 'id': 9, 'deprel': 'nsubj', 'head': 15}, 'object': {'upos': 'NOUN', 'text': 'Objekt', 'id': 12, 'deprel': 'obj', 'head': 15}, 'verb': {'upos': 'VERB', 'text': 'fotografiert', 'id': 15, 'deprel': 'advcl', 'head': 6}}]",['SOV']
384,Dezember 2005 änderte Awair ihren Namen in Indonesia AirAsia.,1,"[{'verb': {'upos': 'VERB', 'text': 'änderte', 'id': 3, 'deprel': 'root', 'head': 0}, 'subject': {'upos': 'PROPN', 'text': 'Awair', 'id': 4, 'deprel': 'nsubj', 'head': 3}, 'object': {'upos': 'NOUN', 'text': 'Namen', 'id': 6, 'deprel': 'obj', 'head': 3}}]",['VSO']
1979,Dezember griffen die Ebert treuen Truppen die Residenz an.,1,"[{'verb': {'upos': 'VERB', 'text': 'griffen', 'id': 2, 'deprel': 'root', 'head': 0}, 'subject': {'upos': 'PROPN', 'text': 'Ebert', 'id': 4, 'deprel': 'nsubj', 'head': 2}, 'object': {'upos': 'NOUN', 'text': 'Truppen', 'id': 6, 'deprel': 'obj', 'head': 2}}]",['VSO']
307,Die Alliierten besiegten die deutschen Streitkräfte am 19.,1,"[{'subject': {'upos': 'NOUN', 'text': 'Alliierten', 'id': 2, 'deprel': 'nsubj', 'head': 3}, 'verb': {'upos': 'VERB', 'text': 'besiegten', 'id': 3, 'deprel': 'root', 'head': 0}, 'object': {'upos': 'NOUN', 'text': 'Streitkräfte', 'id': 6, 'deprel': 'obj', 'head': 3}}]",['SVO']
1365,"Die Amtszeit des Präsidenten beträgt fünf Jahre, wobei die Wiederwahl möglich ist.",1,"[{'subject': {'upos': 'NOUN', 'text': 'Amtszeit', 'id': 2, 'deprel': 'nsubj', 'head': 5}, 'verb': {'upos': 'VERB', 'text': 'beträgt', 'id': 5, 'deprel': 'root', 'head': 0}, 'object': {'upos': 'NOUN', 'text': 'Jahre', 'id': 7, 'deprel': 'obj', 'head': 5}}]",['SVO']
373,Die Ansei-Reform hat niederländische Kriegsschiffe bestellt.,1,"[{'subject': {'upos': 'NOUN', 'text': 'Reform', 'id': 4, 'deprel': 'nsubj', 'head': 8}, 'object': {'upos': 'NOUN', 'text': 'Kriegsschiffe', 'id': 7, 'deprel': 'obj', 'head': 8}, 'verb': {'upos': 'VERB', 'text': 'bestellt', 'id': 8, 'deprel': 'root', 'head': 0}}]",['SOV']
640,"Die Arbeiter waren ungeschützt hohen Staubbelastungen ausgesetzt und bekamen keine Schutzmasken ausgehändigt, während das Management diese während der Inspektionszeiten trug.",1,"[{'subject': {'upos': 'NOUN', 'text': 'Management', 'id': 16, 'deprel': 'nsubj', 'head': 21}, 'object': {'upos': 'DET', 'text': 'diese', 'id': 17, 'deprel': 'obj', 'head': 21}, 'verb': {'upos': 'VERB', 'text': 'trug', 'id': 21, 'deprel': 'advcl', 'head': 9}}]",['SOV']
1730,"Die Ausgaben für Weltraumprogramme stagnierten während der 1990er Jahre, als die NASA keinen direkten Konkurrenten mehr hatte.",1,"[{'subject': {'upos': 'PROPN', 'text': 'NASA', 'id': 13, 'deprel': 'nsubj', 'head': 18}, 'object': {'upos': 'NOUN', 'text': 'Konkurrenten', 'id': 16, 'deprel': 'obj', 'head': 18}, 'verb': {'upos': 'VERB', 'text': 'hatte', 'id': 18, 'deprel': 'advcl', 'head': 5}}]",['SOV']
1741,Die australische Hauptstadt und die nördlichen Territorien haben jeweils zwei Senatoren.,1,"[{'subject': {'upos': 'NOUN', 'text': 'Hauptstadt', 'id': 3, 'deprel': 'nsubj', 'head': 8}, 'verb': {'upos': 'VERB', 'text': 'haben', 'id': 8, 'deprel': 'root', 'head': 0}, 'object': {'upos': 'NOUN', 'text': 'Senatoren', 'id': 11, 'deprel': 'obj', 'head': 8}}]",['SVO']
1230,Die Band Kiss kontaktierte die ehemaligen Mitglieder Criss und Frehley für ein MTV Unplugged-Auftritt.,1,"[{'subject': {'upos': 'NOUN', 'text': 'Band', 'id': 2, 'deprel': 'nsubj', 'head': 4}, 'verb': {'upos': 'VERB', 'text': 'kontaktierte', 'id': 4, 'deprel': 'root', 'head': 0}, 'object': {'upos': 'NOUN', 'text': 'Mitglieder', 'id': 7, 'deprel': 'obj', 'head': 4}}]",['SVO']
897,Die Basketballmeisterschaft der Frauen im Jahr 1926 verwendete die für den Männer-Basketball vorgeschriebenen Regeln.,1,"[{'subject': {'upos': 'NOUN', 'text': 'Basketballmeisterschaft', 'id': 2, 'deprel': 'nsubj', 'head': 9}, 'verb': {'upos': 'VERB', 'text': 'verwendete', 'id': 9, 'deprel': 'root', 'head': 0}, 'object': {'upos': 'NOUN', 'text': 'Regeln', 'id': 17, 'deprel': 'obj', 'head': 9}}]",['SVO']
1796,"Die Brahmanen, die vegetarisch leben, dürfen Huhn, Büffel- und Yakfleisch sowie Wildschwein verzehren, aber nicht Rindfleisch.",1,"[{'subject': {'upos': 'NOUN', 'text': 'Brahmanen', 'id': 2, 'deprel': 'nsubj', 'head': 17}, 'object': {'upos': 'NOUN', 'text': 'Huhn', 'id': 9, 'deprel': 'obj', 'head': 17}, 'verb': {'upos': 'VERB', 'text': 'verzehren', 'id': 17, 'deprel': 'root', 'head': 0}}]",['SOV']
468,Die britische Regierung übernahm teilweise die Kontrolle über die Verwaltung Indiens im Jahr 1773 due zu Korruption in der britischen Ostindien-Kompanie.,1,"[{'subject': {'upos': 'NOUN', 'text': 'Regierung', 'id': 3, 'deprel': 'nsubj', 'head': 4}, 'verb': {'upos': 'VERB', 'text': 'übernahm', 'id': 4, 'deprel': 'root', 'head': 0}, 'object': {'upos': 'NOUN', 'text': 'Kontrolle', 'id': 7, 'deprel': 'obj', 'head': 4}}]",['SVO']
1296,Die CEMS Global Alliance umfasst 7 Sozialpartner.,1,"[{'subject': {'upos': 'PROPN', 'text': 'CEMS', 'id': 2, 'deprel': 'nsubj', 'head': 5}, 'verb': {'upos': 'VERB', 'text': 'umfasst', 'id': 5, 'deprel': 'root', 'head': 0}, 'object': {'upos': 'NOUN', 'text': 'Sozialpartner', 'id': 7, 'deprel': 'obj', 'head': 5}}]",['SVO']
1300,Die CEMS unterzeichnete die PRME-Erklärung (Principles for Responsible Management Education).,1,"[{'subject': {'upos': 'PROPN', 'text': 'CEMS', 'id': 2, 'deprel': 'nsubj', 'head': 3}, 'verb': {'upos': 'VERB', 'text': 'unterzeichnete', 'id': 3, 'deprel': 'root', 'head': 0}, 'object': {'upos': 'PROPN', 'text': 'PRME', 'id': 5, 'deprel': 'obj', 'head': 3}}]",['SVO']
1505,"Die Deobandis praktizieren ihre Lehren in Pakistan und Indien, Bangladesch, Afghanistan, Malaysia, Südafrika und Indonesien sowie unter den meisten aus Südasien stammenden Muslimen in Großbritannien.",1,"[{'subject': {'upos': 'PROPN', 'text': 'Deobandis', 'id': 2, 'deprel': 'nsubj', 'head': 3}, 'verb': {'upos': 'VERB', 'text': 'praktizieren', 'id': 3, 'deprel': 'root', 'head': 0}, 'object': {'upos': 'NOUN', 'text': 'Lehren', 'id': 5, 'deprel': 'obj', 'head': 3}}]",['SVO']
434,Die durchschnittliche Lebenserwartung der Weißbrauengibbons in freier Wildbahn beträgt rund 25 Jahre.,1,"[{'subject': {'upos': 'NOUN', 'text': 'Lebenserwartung', 'id': 3, 'deprel': 'nsubj', 'head': 9}, 'verb': {'upos': 'VERB', 'text': 'beträgt', 'id': 9, 'deprel': 'root', 'head': 0}, 'object': {'upos': 'NOUN', 'text': 'Jahre', 'id': 12, 'deprel': 'obj', 'head': 9}}]",['SVO']
668,Die Engländer entsandten eine Streitmacht nach Pune.,1,"[{'subject': {'upos': 'NOUN', 'text': 'Engländer', 'id': 2, 'deprel': 'nsubj', 'head': 3}, 'verb': {'upos': 'VERB', 'text': 'entsandten', 'id': 3, 'deprel': 'root', 'head': 0}, 'object': {'upos': 'NOUN', 'text': 'Streitmacht', 'id': 5, 'deprel': 'obj', 'head': 3}}]",['SVO']
1703,Die Entdecker kartierten das Gebiet des heutigen Staats Minnesota.,1,"[{'subject': {'upos': 'NOUN', 'text': 'Entdecker', 'id': 2, 'deprel': 'nsubj', 'head': 3}, 'verb': {'upos': 'VERB', 'text': 'kartierten', 'id': 3, 'deprel': 'root', 'head': 0}, 'object': {'upos': 'NOUN', 'text': 'Gebiet', 'id': 5, 'deprel': 'obj', 'head': 3}}]",['SVO']
1889,"Die EU, der Europarat, die OSZE, die USA und die NATO verurteilten das Referendum in Südossetien gemeinsam.",1,"[{'subject': {'upos': 'PROPN', 'text': 'EU', 'id': 2, 'deprel': 'nsubj', 'head': 15}, 'verb': {'upos': 'VERB', 'text': 'verurteilten', 'id': 15, 'deprel': 'root', 'head': 0}, 'object': {'upos': 'NOUN', 'text': 'Referendum', 'id': 17, 'deprel': 'obj', 'head': 15}}]",['SVO']
1721,"Die FANK-Truppen konnten letztendlich nicht sich gegenseitig militärische Unterstützung geben, da sie immer mehr zerstreut und isoliert wurden.",1,"[{'subject': {'upos': 'PROPN', 'text': 'FANK', 'id': 2, 'deprel': 'nsubj', 'head': 12}, 'object': {'upos': 'PRON', 'text': 'sich', 'id': 8, 'deprel': 'obj', 'head': 12}, 'verb': {'upos': 'VERB', 'text': 'geben', 'id': 12, 'deprel': 'root', 'head': 0}}]",['SOV']
604,Die Farbtiefe gibt die Feinheit der farblichen Abstufungen wieder.,1,"[{'subject': {'upos': 'NOUN', 'text': 'Farbtiefe', 'id': 2, 'deprel': 'nsubj', 'head': 3}, 'verb': {'upos': 'VERB', 'text': 'gibt', 'id': 3, 'deprel': 'root', 'head': 0}, 'object': {'upos': 'NOUN', 'text': 'Feinheit', 'id': 5, 'deprel': 'obj', 'head': 3}}]",['SVO']
1930,Die Fazilität konzentriert sich auf Entwicklungsländer für Investitionen in private Unternehmen.,1,"[{'subject': {'upos': 'NOUN', 'text': 'Fazilität', 'id': 2, 'deprel': 'nsubj', 'head': 3}, 'verb': {'upos': 'VERB', 'text': 'konzentriert', 'id': 3, 'deprel': 'root', 'head': 0}, 'object': {'upos': 'PRON', 'text': 'sich', 'id': 4, 'deprel': 'obj', 'head': 3}}]",['SVO']
5,"Die feinen Aschepartikel during der Ascheregen verursachten Kurzschlüsse in Transformatoren, was zu Stromausfällen führte.",1,"[{'subject': {'upos': 'NOUN', 'text': 'Aschepartikel', 'id': 3, 'deprel': 'nsubj', 'head': 7}, 'verb': {'upos': 'VERB', 'text': 'verursachten', 'id': 7, 'deprel': 'root', 'head': 0}, 'object': {'upos': 'NOUN', 'text': 'Kurzschlüsse', 'id': 8, 'deprel': 'obj', 'head': 7}}]",['SVO']
1684,Die Fischerboote verdienen das meiste Geld mit den Flossen der Haie.,1,"[{'subject': {'upos': 'NOUN', 'text': 'Fischerboote', 'id': 2, 'deprel': 'nsubj', 'head': 3}, 'verb': {'upos': 'VERB', 'text': 'verdienen', 'id': 3, 'deprel': 'root', 'head': 0}, 'object': {'upos': 'NOUN', 'text': 'Geld', 'id': 6, 'deprel': 'obj', 'head': 3}}]",['SVO']
1517,Die Flügelspannweite des Schlangenhalsvogels beträgt im Durchschnitt etwa 120 cm.,1,"[{'subject': {'upos': 'NOUN', 'text': 'Flügelspannweite', 'id': 2, 'deprel': 'nsubj', 'head': 5}, 'verb': {'upos': 'VERB', 'text': 'beträgt', 'id': 5, 'deprel': 'root', 'head': 0}, 'object': {'upos': 'NOUN', 'text': 'cm', 'id': 11, 'deprel': 'obj', 'head': 5}}]",['SVO']
658,Die Fluglinie übernahm ihren neuen Namen ČSA Czech Airlines im Mai 1995.,1,"[{'subject': {'upos': 'NOUN', 'text': 'Fluglinie', 'id': 2, 'deprel': 'nsubj', 'head': 3}, 'verb': {'upos': 'VERB', 'text': 'übernahm', 'id': 3, 'deprel': 'root', 'head': 0}, 'object': {'upos': 'NOUN', 'text': 'Namen', 'id': 6, 'deprel': 'obj', 'head': 3}}]",['SVO']
723,"Die Formel verbindet die komplexen Zahlen mit der Trigonometrie, sodass die komplexen Zahlen trigonometrisch dargestellt werden können.",1,"[{'subject': {'upos': 'NOUN', 'text': 'Formel', 'id': 2, 'deprel': 'nsubj', 'head': 3}, 'verb': {'upos': 'VERB', 'text': 'verbindet', 'id': 3, 'deprel': 'root', 'head': 0}, 'object': {'upos': 'NOUN', 'text': 'Zahlen', 'id': 6, 'deprel': 'obj', 'head': 3}}]",['SVO']
967,"Die Friedrich-Naumann-Stiftung für die Freiheit fördert den organisierten Liberalismus durch politische Bildung, Veranstaltungen und Zusammenarbeit mit Landesstiftungen in verschiedenen Ländern und Regionen.",1,"[{'subject': {'upos': 'PROPN', 'text': 'Friedrich', 'id': 2, 'deprel': 'nsubj', 'head': 10}, 'verb': {'upos': 'VERB', 'text': 'fördert', 'id': 10, 'deprel': 'root', 'head': 0}, 'object': {'upos': 'NOUN', 'text': 'Liberalismus', 'id': 13, 'deprel': 'obj', 'head': 10}}]",['SVO']
968,Die Friedrich-Naumann-Stiftung für die Freiheit unterhält nationaler Ebene acht Regionalbüros und arbeitet mit zehn Landesstiftungen zusammen.,1,"[{'subject': {'upos': 'PROPN', 'text': 'Friedrich', 'id': 2, 'deprel': 'nsubj', 'head': 10}, 'verb': {'upos': 'VERB', 'text': 'unterhält', 'id': 10, 'deprel': 'root', 'head': 0}, 'object': {'upos': 'NOUN', 'text': 'Regionalbüros', 'id': 14, 'deprel': 'obj', 'head': 10}}]",['SVO']
1643,"Die frühesten Amnioten besaßen ein Kiefergelenk, das aus dem Articulare und dem Quadratum zusammengesetzt war.",1,"[{'subject': {'upos': 'NOUN', 'text': 'Amnioten', 'id': 3, 'deprel': 'nsubj', 'head': 4}, 'verb': {'upos': 'VERB', 'text': 'besaßen', 'id': 4, 'deprel': 'root', 'head': 0}, 'object': {'upos': 'NOUN', 'text': 'Kiefergelenk', 'id': 6, 'deprel': 'obj', 'head': 4}}]",['SVO']
1902,"Die G-15 konzentrierte sich auf die Kooperation der Länder auf den Gebieten der Investitionen, des Handels und der Technologie sowie der Unterstützung bei internationalen Gipfeltreffen, insbesondere bei denen der Welthandelsorganisation.",1,"[{'subject': {'upos': 'PROPN', 'text': 'G-15', 'id': 2, 'deprel': 'nsubj', 'head': 3}, 'verb': {'upos': 'VERB', 'text': 'konzentrierte', 'id': 3, 'deprel': 'root', 'head': 0}, 'object': {'upos': 'PRON', 'text': 'sich', 'id': 4, 'deprel': 'obj', 'head': 3}}]",['SVO']
1817,"Die Gelehrten zweifeln neuernachsichtig an der Annahme, dass Theoderich eine Gesetzgebung vornahm.",1,"[{'subject': {'upos': 'PROPN', 'text': 'Theoderich', 'id': 10, 'deprel': 'nsubj', 'head': 13}, 'object': {'upos': 'NOUN', 'text': 'Gesetzgebung', 'id': 12, 'deprel': 'obj', 'head': 13}, 'verb': {'upos': 'VERB', 'text': 'vornahm', 'id': 13, 'deprel': 'ccomp', 'head': 7}}]",['SOV']
970,"Die Geschichte der Han-Dynastie beschreibt den Untergang der östlichen Han-Dynastie und die Entstehung der Drei Reiche, während sie von politischen und militärischen Auseinandersetzungen geprägt ist.",1,"[{'subject': {'upos': 'NOUN', 'text': 'Geschichte', 'id': 2, 'deprel': 'nsubj', 'head': 7}, 'verb': {'upos': 'VERB', 'text': 'beschreibt', 'id': 7, 'deprel': 'root', 'head': 0}, 'object': {'upos': 'NOUN', 'text': 'Untergang', 'id': 9, 'deprel': 'obj', 'head': 7}}]",['SVO']
473,Die gesetzgebende Versammlung und der Staatsrat beschäftigten sich mit staatlicher Gesetzgebung.,1,"[{'subject': {'upos': 'NOUN', 'text': 'Versammlung', 'id': 3, 'deprel': 'nsubj', 'head': 7}, 'verb': {'upos': 'VERB', 'text': 'beschäftigten', 'id': 7, 'deprel': 'root', 'head': 0}, 'object': {'upos': 'PRON', 'text': 'sich', 'id': 8, 'deprel': 'obj', 'head': 7}}]",['SVO']
1111,Die Gewerkschaften setzen sich unter anderem für bessere Arbeitsbedingungen ein.,1,"[{'subject': {'upos': 'NOUN', 'text': 'Gewerkschaften', 'id': 2, 'deprel': 'nsubj', 'head': 3}, 'verb': {'upos': 'VERB', 'text': 'setzen', 'id': 3, 'deprel': 'root', 'head': 0}, 'object': {'upos': 'PRON', 'text': 'sich', 'id': 4, 'deprel': 'obj', 'head': 3}}]",['SVO']
1972,Die Gewerkschaftsführer trafen sich in Berlin.,1,"[{'subject': {'upos': 'NOUN', 'text': 'Gewerkschaftsführer', 'id': 2, 'deprel': 'nsubj', 'head': 3}, 'verb': {'upos': 'VERB', 'text': 'trafen', 'id': 3, 'deprel': 'root', 'head': 0}, 'object': {'upos': 'PRON', 'text': 'sich', 'id': 4, 'deprel': 'obj', 'head': 3}}]",['SVO']
801,"Die Gewürzpulvermischung Chat Masala enthält Amchoor (Mangopulver), Asafoetida, Kreuzkümmel, Granatapfelsamen, Ingwer, Kala Namak (schwarzes Salz), Koriander, Paprika und schwarzer Pfeffer.",1,"[{'subject': {'upos': 'NOUN', 'text': 'Gewürzpulvermischung', 'id': 2, 'deprel': 'nsubj', 'head': 5}, 'verb': {'upos': 'VERB', 'text': 'enthält', 'id': 5, 'deprel': 'root', 'head': 0}, 'object': {'upos': 'PROPN', 'text': 'Amchoor', 'id': 6, 'deprel': 'obj', 'head': 5}}]",['SVO']
258,Die Goumiers begingen grausame Verbrechen während der Schlacht um Monte Cassino und in Deutschland.,1,"[{'subject': {'upos': 'PROPN', 'text': 'Goumiers', 'id': 2, 'deprel': 'nsubj', 'head': 3}, 'verb': {'upos': 'VERB', 'text': 'begingen', 'id': 3, 'deprel': 'root', 'head': 0}, 'object': {'upos': 'NOUN', 'text': 'Verbrechen', 'id': 5, 'deprel': 'obj', 'head': 3}}]",['SVO']
277,"Die Gruppe hatte den Schlüssel, um das Fläschchen mit Christi Blut zu besorgen und damit Valak aufzuhalten.",1,"[{'subject': {'upos': 'NOUN', 'text': 'Gruppe', 'id': 2, 'deprel': 'nsubj', 'head': 3}, 'verb': {'upos': 'VERB', 'text': 'hatte', 'id': 3, 'deprel': 'root', 'head': 0}, 'object': {'upos': 'NOUN', 'text': 'Schlüssel', 'id': 5, 'deprel': 'obj', 'head': 3}}]",['SVO']
1580,"Die Gruppe, die sich in Halifax zu sehr von der Regierung getrennt sah, waren die 14.000 Loyalisten, die zum Saint John River zogen.",1,"[{'subject': {'upos': 'PRON', 'text': 'die', 'id': 4, 'deprel': 'nsubj', 'head': 14}, 'object': {'upos': 'PRON', 'text': 'sich', 'id': 5, 'deprel': 'obj', 'head': 14}, 'verb': {'upos': 'VERB', 'text': 'sah', 'id': 14, 'deprel': 'acl', 'head': 2}}]",['SOV']
8,Die Hakka haben einen hohen Bevölkerungsanteil in Mioli.,1,"[{'subject': {'upos': 'PROPN', 'text': 'Hakka', 'id': 2, 'deprel': 'nsubj', 'head': 3}, 'verb': {'upos': 'VERB', 'text': 'haben', 'id': 3, 'deprel': 'root', 'head': 0}, 'object': {'upos': 'NOUN', 'text': 'Bevölkerungsanteil', 'id': 6, 'deprel': 'obj', 'head': 3}}]",['SVO']
522,Die Hereros bilden eine Sprachminderheit in Windhoek.,1,"[{'subject': {'upos': 'PROPN', 'text': 'Hereros', 'id': 2, 'deprel': 'nsubj', 'head': 3}, 'verb': {'upos': 'VERB', 'text': 'bilden', 'id': 3, 'deprel': 'root', 'head': 0}, 'object': {'upos': 'NOUN', 'text': 'Sprachminderheit', 'id': 5, 'deprel': 'obj', 'head': 3}}]",['SVO']
132,Die Honolulu erlitt nur geringe Schäden am Rumpf und durch einen Nahtreffer während der Angriffe auf Pearl Harbor am 7.,1,"[{'subject': {'upos': 'PROPN', 'text': 'Honolulu', 'id': 2, 'deprel': 'nsubj', 'head': 3}, 'verb': {'upos': 'VERB', 'text': 'erlitt', 'id': 3, 'deprel': 'root', 'head': 0}, 'object': {'upos': 'NOUN', 'text': 'Schäden', 'id': 6, 'deprel': 'obj', 'head': 3}}]",['SVO']
1320,Die Hörner der männlichen Indischen Gazellen erstrecken sich von den Augen zur Schnauze und sind dunkelbraun gefärbt.,1,"[{'subject': {'upos': 'NOUN', 'text': 'Hörner', 'id': 2, 'deprel': 'nsubj', 'head': 7}, 'verb': {'upos': 'VERB', 'text': 'erstrecken', 'id': 7, 'deprel': 'root', 'head': 0}, 'object': {'upos': 'PRON', 'text': 'sich', 'id': 8, 'deprel': 'obj', 'head': 7}}]",['SVO']
1299,"Die Informationen zur CEMS (Corporate Executive Master's in Business Administration) sind nützlich für Studenten, die eine praxisorientierte Ausbildung in Management und Unternehmensführung suchen.",1,"[{'subject': {'upos': 'PRON', 'text': 'die', 'id': 20, 'deprel': 'nsubj', 'head': 28}, 'object': {'upos': 'NOUN', 'text': 'Ausbildung', 'id': 23, 'deprel': 'obj', 'head': 28}, 'verb': {'upos': 'VERB', 'text': 'suchen', 'id': 28, 'deprel': 'acl', 'head': 18}}]",['SOV']
808,Die Inkubationszeit beträgt 5 bis 207 Tage.,1,"[{'subject': {'upos': 'NOUN', 'text': 'Inkubationszeit', 'id': 2, 'deprel': 'nsubj', 'head': 3}, 'verb': {'upos': 'VERB', 'text': 'beträgt', 'id': 3, 'deprel': 'root', 'head': 0}, 'object': {'upos': 'NOUN', 'text': 'Tage', 'id': 7, 'deprel': 'obj', 'head': 3}}]",['SVO']
443,Die isländische Route 1 führt durch die Außenbezirke von Reykjavík und umrundet das Bergmassiv der Esja.,1,"[{'subject': {'upos': 'NOUN', 'text': 'Route', 'id': 3, 'deprel': 'nsubj', 'head': 5}, 'verb': {'upos': 'VERB', 'text': 'umrundet', 'id': 12, 'deprel': 'conj', 'head': 5}, 'object': {'upos': 'NOUN', 'text': 'Bergmassiv', 'id': 14, 'deprel': 'obj', 'head': 12}}]",['SVO']
1693,"Die Isonzo- und Trentino-Gebiete waren ungünstige Orte für eine offensive Schlachttaktik, da sie von steilen Hängen und tiefen Schluchten geprägt waren, was die Fortbewegung und Koordination der Truppen erschwerte.",1,"[{'subject': {'upos': 'PRON', 'text': 'was', 'id': 27, 'deprel': 'nsubj', 'head': 34}, 'object': {'upos': 'NOUN', 'text': 'Fortbewegung', 'id': 29, 'deprel': 'obj', 'head': 34}, 'verb': {'upos': 'VERB', 'text': 'erschwerte', 'id': 34, 'deprel': 'acl', 'head': 24}}]",['SOV']
260,"Die Japaner können Vergeltungsmaßnahmen ergreifen, wegen der grausamen Verhaltensweisen.",1,"[{'subject': {'upos': 'NOUN', 'text': 'Japaner', 'id': 2, 'deprel': 'nsubj', 'head': 5}, 'object': {'upos': 'NOUN', 'text': 'Vergeltungsmaßnahmen', 'id': 4, 'deprel': 'obj', 'head': 5}, 'verb': {'upos': 'VERB', 'text': 'ergreifen', 'id': 5, 'deprel': 'root', 'head': 0}}]",['SOV']
104,Die japanischen Truppen verloren bei der Verteidigung von Leyte etwa 49.000 Mann.,1,"[{'subject': {'upos': 'NOUN', 'text': 'Truppen', 'id': 3, 'deprel': 'nsubj', 'head': 4}, 'verb': {'upos': 'VERB', 'text': 'verloren', 'id': 4, 'deprel': 'root', 'head': 0}, 'object': {'upos': 'NOUN', 'text': 'Mann', 'id': 12, 'deprel': 'obj', 'head': 4}}]",['SVO']
1604,Die Kammern des Grabes von Hor-Aha umfassten drei wesentlich größere Kammern.,1,"[{'subject': {'upos': 'NOUN', 'text': 'Kammern', 'id': 2, 'deprel': 'nsubj', 'head': 9}, 'verb': {'upos': 'VERB', 'text': 'umfassten', 'id': 9, 'deprel': 'root', 'head': 0}, 'object': {'upos': 'NOUN', 'text': 'Kammern', 'id': 13, 'deprel': 'obj', 'head': 9}}]",['SVO']
1179,Die Keynote-Adresse vor der Democratic National Convention im August 2008 erhielt Michelle Obama überwiegend positive Kommentare.,1,"[{'object': {'upos': 'NOUN', 'text': 'Adresse', 'id': 4, 'deprel': 'obj', 'head': 14}, 'verb': {'upos': 'VERB', 'text': 'erhielt', 'id': 14, 'deprel': 'root', 'head': 0}, 'subject': {'upos': 'PROPN', 'text': 'Michelle', 'id': 15, 'deprel': 'nsubj', 'head': 14}}]",['OVS']
381,Die Kunstturnerin Věra Čáslavská konnte sieben Gold- und vier Silbermedaillen im Kunstturnen gewinnen.,1,"[{'subject': {'upos': 'NOUN', 'text': 'Kunstturnerin', 'id': 2, 'deprel': 'nsubj', 'head': 15}, 'object': {'upos': 'NOUN', 'text': 'Gold', 'id': 7, 'deprel': 'obj', 'head': 15}, 'verb': {'upos': 'VERB', 'text': 'gewinnen', 'id': 15, 'deprel': 'root', 'head': 0}}]",['SOV']
177,Die Lehre Jesu Christi symbolisiert das Portal.,1,"[{'subject': {'upos': 'NOUN', 'text': 'Lehre', 'id': 2, 'deprel': 'nsubj', 'head': 5}, 'verb': {'upos': 'VERB', 'text': 'symbolisiert', 'id': 5, 'deprel': 'root', 'head': 0}, 'object': {'upos': 'NOUN', 'text': 'Portal', 'id': 7, 'deprel': 'obj', 'head': 5}}]",['SVO']
94,Die letzten US-Truppen verließen Usbekistan im November 2005.,1,"[{'subject': {'upos': 'PROPN', 'text': 'US', 'id': 3, 'deprel': 'nsubj', 'head': 6}, 'verb': {'upos': 'VERB', 'text': 'verließen', 'id': 6, 'deprel': 'root', 'head': 0}, 'object': {'upos': 'PROPN', 'text': 'Usbekistan', 'id': 7, 'deprel': 'obj', 'head': 6}}]",['SVO']
1302,"Die Local-Committees treffen sich regelmäßig, um die Aktivitäten und Entwicklung der CEMS-Alumni-Assoziation zu erörtern.",1,"[{'subject': {'upos': 'PROPN', 'text': 'Committees', 'id': 4, 'deprel': 'nsubj', 'head': 5}, 'verb': {'upos': 'VERB', 'text': 'treffen', 'id': 5, 'deprel': 'root', 'head': 0}, 'object': {'upos': 'PRON', 'text': 'sich', 'id': 6, 'deprel': 'obj', 'head': 5}}]",['SVO']
1813,"Die maximalen Spieler pro Mannschaft betrugen 23, von denen mindestens drei Torhüter sein mussten.",1,"[{'subject': {'upos': 'NOUN', 'text': 'Spieler', 'id': 3, 'deprel': 'nsubj', 'head': 6}, 'verb': {'upos': 'VERB', 'text': 'betrugen', 'id': 6, 'deprel': 'root', 'head': 0}, 'object': {'upos': 'NUM', 'text': '23', 'id': 7, 'deprel': 'obj', 'head': 6}}]",['SVO']
1828,"Die meisten akademischen Institutionen der Akademie der Wissenschaften der Tschechischen Republik haben ihren Sitz in Prag, mit vierzig Forschungsinstituten dort und weiteren in anderen Städten des Landes.",1,"[{'subject': {'upos': 'NOUN', 'text': 'Institutionen', 'id': 4, 'deprel': 'nsubj', 'head': 12}, 'verb': {'upos': 'VERB', 'text': 'haben', 'id': 12, 'deprel': 'root', 'head': 0}, 'object': {'upos': 'NOUN', 'text': 'Sitz', 'id': 14, 'deprel': 'obj', 'head': 12}}]",['SVO']
1578,Die meisten ehemaligen britischen Kolonien traten dem Commonwealth of Nations bei und erkennen bis heute 16 Commonwealth-Staaten den britischen Monarchen als gemeinsames Staatsoberhaupt an.,1,"[{'subject': {'upos': 'NOUN', 'text': 'Kolonien', 'id': 5, 'deprel': 'nsubj', 'head': 6}, 'verb': {'upos': 'VERB', 'text': 'erkennen', 'id': 13, 'deprel': 'conj', 'head': 6}, 'object': {'upos': 'PROPN', 'text': 'Commonwealth', 'id': 17, 'deprel': 'obj', 'head': 13}}]",['SVO']
1119,Die MIG-25 hatte Schwierigkeiten bei hohen Geschwindigkeiten in geringer Höhe.,1,"[{'subject': {'upos': 'PROPN', 'text': 'MIG-25', 'id': 2, 'deprel': 'nsubj', 'head': 3}, 'verb': {'upos': 'VERB', 'text': 'hatte', 'id': 3, 'deprel': 'root', 'head': 0}, 'object': {'upos': 'NOUN', 'text': 'Schwierigkeiten', 'id': 4, 'deprel': 'obj', 'head': 3}}]",['SVO']
407,"Die Mine in Kalifornien, die noch Türkis abbaut, befindet sich in Apache Canyon.",1,"[{'subject': {'upos': 'PRON', 'text': 'die', 'id': 6, 'deprel': 'nsubj', 'head': 9}, 'object': {'upos': 'PROPN', 'text': 'Türkis', 'id': 8, 'deprel': 'obj', 'head': 9}, 'verb': {'upos': 'VERB', 'text': 'abbaut', 'id': 9, 'deprel': 'acl', 'head': 2}}]",['SOV']
1887,"Die Musikvideos von ""Pure Grinding"" und ""For a Better Day"" unterstützen Kampagnen gegen Menschenhandel und Bandengewalt.",1,"[{'subject': {'upos': 'NOUN', 'text': 'Musikvideos', 'id': 2, 'deprel': 'nsubj', 'head': 15}, 'verb': {'upos': 'VERB', 'text': 'unterstützen', 'id': 15, 'deprel': 'root', 'head': 0}, 'object': {'upos': 'NOUN', 'text': 'Kampagnen', 'id': 16, 'deprel': 'obj', 'head': 15}}]",['SVO']
1196,"Die Muslime haben den sozialen, politischen und kulturellen Lebensraum Indiens beeinflusst, aber es gibt auch Konflikte zwischen Muslimen und Hindus.",1,"[{'subject': {'upos': 'NOUN', 'text': 'Muslime', 'id': 2, 'deprel': 'nsubj', 'head': 12}, 'object': {'upos': 'NOUN', 'text': 'Lebensraum', 'id': 10, 'deprel': 'obj', 'head': 12}, 'verb': {'upos': 'VERB', 'text': 'beeinflusst', 'id': 12, 'deprel': 'root', 'head': 0}}]",['SOV']
1920,Die Nationalsozialisten und die Sowjetunion stellten für die Pole eine große Bedrohung dar.,1,"[{'subject': {'upos': 'NOUN', 'text': 'Nationalsozialisten', 'id': 2, 'deprel': 'nsubj', 'head': 6}, 'verb': {'upos': 'VERB', 'text': 'stellten', 'id': 6, 'deprel': 'root', 'head': 0}, 'object': {'upos': 'NOUN', 'text': 'Bedrohung', 'id': 12, 'deprel': 'obj', 'head': 6}}]",['SVO']
767,Die neue politische Filmbewegung in Indien hatte ihren Ursprung in dem Film Bhuvan Shome aus dem Jahr 1969.,1,"[{'subject': {'upos': 'NOUN', 'text': 'Filmbewegung', 'id': 4, 'deprel': 'nsubj', 'head': 7}, 'verb': {'upos': 'VERB', 'text': 'hatte', 'id': 7, 'deprel': 'root', 'head': 0}, 'object': {'upos': 'NOUN', 'text': 'Ursprung', 'id': 9, 'deprel': 'obj', 'head': 7}}]",['SVO']
1688,Die Oberflächentemperatur auf Titan beträgt im Mittel −179 °C.,1,"[{'subject': {'upos': 'NOUN', 'text': 'Oberflächentemperatur', 'id': 2, 'deprel': 'nsubj', 'head': 5}, 'verb': {'upos': 'VERB', 'text': 'beträgt', 'id': 5, 'deprel': 'root', 'head': 0}, 'object': {'upos': 'NOUN', 'text': '°', 'id': 10, 'deprel': 'obj', 'head': 5}}]",['SVO']
1417,Die Oblast Astrachan liegt am Kaspischen Meer in Russland und bildet den östlichen Rand des Föderationskreises Südrussland.,1,"[{'subject': {'upos': 'NOUN', 'text': 'Oblast', 'id': 2, 'deprel': 'nsubj', 'head': 4}, 'verb': {'upos': 'VERB', 'text': 'bildet', 'id': 12, 'deprel': 'conj', 'head': 4}, 'object': {'upos': 'NOUN', 'text': 'Rand', 'id': 15, 'deprel': 'obj', 'head': 12}}]",['SVO']
1935,Die OPEC-Staaten haben die IFAD seit ihrer Gründung unterstützt.,1,"[{'subject': {'upos': 'PROPN', 'text': 'OPEC', 'id': 2, 'deprel': 'nsubj', 'head': 11}, 'object': {'upos': 'PROPN', 'text': 'IFAD', 'id': 7, 'deprel': 'obj', 'head': 11}, 'verb': {'upos': 'VERB', 'text': 'unterstützt', 'id': 11, 'deprel': 'root', 'head': 0}}]",['SOV']
1181,Die Oxidation soll einen Teil oder den gesamten Kohlenstoff zusammen mit anderen Verunreinigungen beseitigen.,1,"[{'subject': {'upos': 'NOUN', 'text': 'Oxidation', 'id': 2, 'deprel': 'nsubj', 'head': 14}, 'object': {'upos': 'NOUN', 'text': 'Teil', 'id': 5, 'deprel': 'obj', 'head': 14}, 'verb': {'upos': 'VERB', 'text': 'beseitigen', 'id': 14, 'deprel': 'root', 'head': 0}}]",['SOV']
836,"Die Padma Awards werden jährlich an indische Bürger verliehen, die bemerkenswerte Leistungen auf verschiedenen Gebieten erbracht haben.",1,"[{'subject': {'upos': 'PRON', 'text': 'die', 'id': 11, 'deprel': 'nsubj', 'head': 17}, 'object': {'upos': 'NOUN', 'text': 'Leistungen', 'id': 13, 'deprel': 'obj', 'head': 17}, 'verb': {'upos': 'VERB', 'text': 'erbracht', 'id': 17, 'deprel': 'acl', 'head': 8}}]",['SOV']
70,Die Paläontologen fanden vollständige oder großenteils vollständige Skelette von Plateosaurus sowie Teile von weiteren ca.,1,"[{'subject': {'upos': 'NOUN', 'text': 'Paläontologen', 'id': 2, 'deprel': 'nsubj', 'head': 3}, 'verb': {'upos': 'VERB', 'text': 'fanden', 'id': 3, 'deprel': 'root', 'head': 0}, 'object': {'upos': 'NOUN', 'text': 'Skelette', 'id': 8, 'deprel': 'obj', 'head': 3}}]",['SVO']
1094,Die Pause bei einem Standardspiel beträgt 10 Minuten.,1,"[{'subject': {'upos': 'NOUN', 'text': 'Pause', 'id': 2, 'deprel': 'nsubj', 'head': 6}, 'verb': {'upos': 'VERB', 'text': 'beträgt', 'id': 6, 'deprel': 'root', 'head': 0}, 'object': {'upos': 'NOUN', 'text': 'Minuten', 'id': 8, 'deprel': 'obj', 'head': 6}}]",['SVO']
1182,Die Person studierte Physik an der Technischen Hochschule Hannover.,1,"[{'subject': {'upos': 'NOUN', 'text': 'Person', 'id': 2, 'deprel': 'nsubj', 'head': 3}, 'verb': {'upos': 'VERB', 'text': 'studierte', 'id': 3, 'deprel': 'root', 'head': 0}, 'object': {'upos': 'NOUN', 'text': 'Physik', 'id': 4, 'deprel': 'obj', 'head': 3}}]",['SVO']
607,"Die Poeten, die Morrison's Schaffen beeinflusst haben, waren William Blake, Charles Baudelaire und Arthur Rimbaud.",1,"[{'subject': {'upos': 'PRON', 'text': 'die', 'id': 4, 'deprel': 'nsubj', 'head': 8}, 'object': {'upos': 'NOUN', 'text': 'Schaffen', 'id': 7, 'deprel': 'obj', 'head': 8}, 'verb': {'upos': 'VERB', 'text': 'beeinflusst', 'id': 8, 'deprel': 'acl', 'head': 2}}]",['SOV']
1144,"Die Polflucht-Hypothese wurde bald widerlegt, aber der Name desjenigen, der sie für inakkurat hielt, ist nicht in den bereitgestellten Texten enthalten.",1,"[{'subject': {'upos': 'PRON', 'text': 'der', 'id': 14, 'deprel': 'nsubj', 'head': 18}, 'object': {'upos': 'PRON', 'text': 'sie', 'id': 15, 'deprel': 'obj', 'head': 18}, 'verb': {'upos': 'VERB', 'text': 'hielt', 'id': 18, 'deprel': 'acl', 'head': 12}}]",['SOV']
1478,"Die Primärstruktur, also die Aminosäuresequenz, enthält wertvolle Informationen über die Funktion des Proteins.",1,"[{'subject': {'upos': 'NOUN', 'text': 'Primärstruktur', 'id': 2, 'deprel': 'nsubj', 'head': 8}, 'verb': {'upos': 'VERB', 'text': 'enthält', 'id': 8, 'deprel': 'root', 'head': 0}, 'object': {'upos': 'NOUN', 'text': 'Informationen', 'id': 10, 'deprel': 'obj', 'head': 8}}]",['SVO']
245,"Die Produktionsfirma, die den Film ""xXx: Die Rückkehr des Xander Cage"" veröffentlicht hat, ist Paramount Pictures und Revolution Studios.",1,"[{'subject': {'upos': 'PRON', 'text': 'die', 'id': 4, 'deprel': 'nsubj', 'head': 16}, 'object': {'upos': 'NOUN', 'text': 'Film', 'id': 6, 'deprel': 'obj', 'head': 16}, 'verb': {'upos': 'VERB', 'text': 'veröffentlicht', 'id': 16, 'deprel': 'acl', 'head': 2}}]",['SOV']
1801,Die Pyramide hatte ursprünglich 49 Meter Höhe.,1,"[{'subject': {'upos': 'NOUN', 'text': 'Pyramide', 'id': 2, 'deprel': 'nsubj', 'head': 3}, 'verb': {'upos': 'VERB', 'text': 'hatte', 'id': 3, 'deprel': 'root', 'head': 0}, 'object': {'upos': 'NOUN', 'text': 'Höhe', 'id': 7, 'deprel': 'obj', 'head': 3}}]",['SVO']
1173,"Die Rampur Raza Bibliothek enthält sehr seltene und wertvolle Sammlungen von Manuskripten, historische Dokumente, Exemplare der islamischen Kalligraphie, Miniaturmalereien, astronomische Instrumente und seltene illustrierte Werke in Arabisch und Persisch.",1,"[{'subject': {'upos': 'PROPN', 'text': 'Rampur', 'id': 2, 'deprel': 'nsubj', 'head': 5}, 'verb': {'upos': 'VERB', 'text': 'enthält', 'id': 5, 'deprel': 'root', 'head': 0}, 'object': {'upos': 'NOUN', 'text': 'Sammlungen', 'id': 10, 'deprel': 'obj', 'head': 5}}]",['SVO']
1976,"Die Räte übernahmen die Verteilung von Nahrungsmittel, die Polizeigewalt sowie die Unterbringung und Verpflegung der Frontsoldaten.",1,"[{'subject': {'upos': 'NOUN', 'text': 'Räte', 'id': 2, 'deprel': 'nsubj', 'head': 3}, 'verb': {'upos': 'VERB', 'text': 'übernahmen', 'id': 3, 'deprel': 'root', 'head': 0}, 'object': {'upos': 'NOUN', 'text': 'Verteilung', 'id': 5, 'deprel': 'obj', 'head': 3}}]",['SVO']
943,Die Raumsonde Voyager 1 sendete Bilder und Daten des Saturnsystems zurück.,1,"[{'subject': {'upos': 'NOUN', 'text': 'Raumsonde', 'id': 2, 'deprel': 'nsubj', 'head': 5}, 'verb': {'upos': 'VERB', 'text': 'sendete', 'id': 5, 'deprel': 'root', 'head': 0}, 'object': {'upos': 'NOUN', 'text': 'Bilder', 'id': 6, 'deprel': 'obj', 'head': 5}}]",['SVO']
462,Die Reflexion aller Kristallleuchter hat die beabsichtigte optische Illusion von Raum und Licht erzeugt.,1,"[{'subject': {'upos': 'NOUN', 'text': 'Reflexion', 'id': 2, 'deprel': 'nsubj', 'head': 14}, 'object': {'upos': 'NOUN', 'text': 'Illusion', 'id': 9, 'deprel': 'obj', 'head': 14}, 'verb': {'upos': 'VERB', 'text': 'erzeugt', 'id': 14, 'deprel': 'root', 'head': 0}}]",['SOV']
74,"Die Regierung baute ihre Flotte wieder auf, um Handelsinteressen zu unterstützen und eigene Schifffahrt zu schützen.",1,"[{'subject': {'upos': 'NOUN', 'text': 'Regierung', 'id': 2, 'deprel': 'nsubj', 'head': 3}, 'verb': {'upos': 'VERB', 'text': 'baute', 'id': 3, 'deprel': 'root', 'head': 0}, 'object': {'upos': 'NOUN', 'text': 'Flotte', 'id': 5, 'deprel': 'obj', 'head': 3}}]",['SVO']
1808,Die Republik Kiribati hieß vorher die Gilbertinseln.,1,"[{'subject': {'upos': 'NOUN', 'text': 'Republik', 'id': 2, 'deprel': 'nsubj', 'head': 4}, 'verb': {'upos': 'VERB', 'text': 'hieß', 'id': 4, 'deprel': 'root', 'head': 0}, 'object': {'upos': 'NOUN', 'text': 'Gilbertinseln', 'id': 7, 'deprel': 'obj', 'head': 4}}]",['SVO']
251,"Die Royals nehmen offizielle, zeremonielle und repräsentative Funktionen wahr.",1,"[{'subject': {'upos': 'NOUN', 'text': 'Royals', 'id': 2, 'deprel': 'nsubj', 'head': 3}, 'verb': {'upos': 'VERB', 'text': 'nehmen', 'id': 3, 'deprel': 'root', 'head': 0}, 'object': {'upos': 'NOUN', 'text': 'Funktionen', 'id': 9, 'deprel': 'obj', 'head': 3}}]",['SVO']
709,"Die schmalste Stelle der Landenge hat etwa 6,4 Kilometer Breite und dient daher als Maß für die Öffnung.",1,"[{'subject': {'upos': 'NOUN', 'text': 'Stelle', 'id': 3, 'deprel': 'nsubj', 'head': 6}, 'verb': {'upos': 'VERB', 'text': 'hat', 'id': 6, 'deprel': 'root', 'head': 0}, 'object': {'upos': 'NOUN', 'text': 'Breite', 'id': 10, 'deprel': 'obj', 'head': 6}}]",['SVO']
1271,Die Schwarzen Löcher im Zentrum großer Galaxien können mehrere Millionen bis Milliarden Sonnenmassen umfassen.,1,"[{'subject': {'upos': 'NOUN', 'text': 'Löcher', 'id': 3, 'deprel': 'nsubj', 'head': 15}, 'object': {'upos': 'NOUN', 'text': 'Sonnenmassen', 'id': 14, 'deprel': 'obj', 'head': 15}, 'verb': {'upos': 'VERB', 'text': 'umfassen', 'id': 15, 'deprel': 'root', 'head': 0}}]",['SOV']
936,"Die Serie wurde nicht erwähnt, wer sie adaptiert hat.",1,"[{'object': {'upos': 'PRON', 'text': 'wer', 'id': 7, 'deprel': 'obj', 'head': 9}, 'subject': {'upos': 'PRON', 'text': 'sie', 'id': 8, 'deprel': 'nsubj', 'head': 9}, 'verb': {'upos': 'VERB', 'text': 'adaptiert', 'id': 9, 'deprel': 'acl', 'head': 5}}]",['OSV']
112,Die Somali stellen 60 % der lokalen Bevölkerung in Dschibuti.,1,"[{'subject': {'upos': 'PROPN', 'text': 'Somali', 'id': 2, 'deprel': 'nsubj', 'head': 3}, 'verb': {'upos': 'VERB', 'text': 'stellen', 'id': 3, 'deprel': 'root', 'head': 0}, 'object': {'upos': 'NOUN', 'text': '%', 'id': 5, 'deprel': 'obj', 'head': 3}}]",['SVO']
1962,"Die sowjetische Regierung 1918 stimmte dem Friedensvertrag von Brest-Litowsk zu, der Russland härtere Friedensbedingungen auferlegte als später der Versailler Vertrag dem Deutschen Reich.",1,"[{'subject': {'upos': 'PRON', 'text': 'der', 'id': 14, 'deprel': 'nsubj', 'head': 18}, 'object': {'upos': 'NOUN', 'text': 'Friedensbedingungen', 'id': 17, 'deprel': 'obj', 'head': 18}, 'verb': {'upos': 'VERB', 'text': 'auferlegte', 'id': 18, 'deprel': 'acl', 'head': 7}}]",['SOV']
1980,"Die spartakistischen Revolutionäre erwarteten von den Seeleuten, dass sie die Regierung Ebert ausschalten würden.",1,"[{'subject': {'upos': 'PRON', 'text': 'sie', 'id': 10, 'deprel': 'nsubj', 'head': 14}, 'object': {'upos': 'NOUN', 'text': 'Regierung', 'id': 12, 'deprel': 'obj', 'head': 14}, 'verb': {'upos': 'VERB', 'text': 'ausschalten', 'id': 14, 'deprel': 'ccomp', 'head': 4}}]",['SOV']
1423,Die Tragezeit beträgt 130 Tage.,1,"[{'subject': {'upos': 'NOUN', 'text': 'Tragezeit', 'id': 2, 'deprel': 'nsubj', 'head': 3}, 'verb': {'upos': 'VERB', 'text': 'beträgt', 'id': 3, 'deprel': 'root', 'head': 0}, 'object': {'upos': 'NOUN', 'text': 'Tage', 'id': 5, 'deprel': 'obj', 'head': 3}}]",['SVO']
86,"Die Ungewissheit über die Ursache der Bakterienlyse und die Unbekümmertheit, mit der D'Herelle seine Phagentherapie beim Menschen anwandte, führten dazu, dass er ständigen Angriffen anderer Wissenschaftler ausgesetzt war und nicht ernstgenommen wurde.",1,"[{'subject': {'upos': 'PROPN', 'text': ""D'"", 'id': 14, 'deprel': 'nsubj', 'head': 21}, 'object': {'upos': 'NOUN', 'text': 'Phagentherapie', 'id': 17, 'deprel': 'obj', 'head': 21}, 'verb': {'upos': 'VERB', 'text': 'anwandte', 'id': 21, 'deprel': 'acl', 'head': 10}}]",['SOV']
422,Die Universität erhielt ihren heutigen Namen 1769 von dem württembergischen Herzog Karl Eugen.,1,"[{'subject': {'upos': 'NOUN', 'text': 'Universität', 'id': 2, 'deprel': 'nsubj', 'head': 3}, 'verb': {'upos': 'VERB', 'text': 'erhielt', 'id': 3, 'deprel': 'root', 'head': 0}, 'object': {'upos': 'NOUN', 'text': 'Namen', 'id': 6, 'deprel': 'obj', 'head': 3}}]",['SVO']
804,"Die USA praktizieren noch die Beschneidung, da der ""Gomco Clamp"" dort zur Säuglingsbeschneidung eingesetzt wird.",1,"[{'subject': {'upos': 'PROPN', 'text': 'USA', 'id': 2, 'deprel': 'nsubj', 'head': 3}, 'verb': {'upos': 'VERB', 'text': 'praktizieren', 'id': 3, 'deprel': 'root', 'head': 0}, 'object': {'upos': 'NOUN', 'text': 'Beschneidung', 'id': 6, 'deprel': 'obj', 'head': 3}}]",['SVO']
1987,"Die USPD hat 7,6 Prozent erhalten.",1,"[{'subject': {'upos': 'PROPN', 'text': 'USPD', 'id': 2, 'deprel': 'nsubj', 'head': 6}, 'object': {'upos': 'NOUN', 'text': 'Prozent', 'id': 5, 'deprel': 'obj', 'head': 6}, 'verb': {'upos': 'VERB', 'text': 'erhalten', 'id': 6, 'deprel': 'root', 'head': 0}}]",['SOV']
1856,"Die Vandalen baten Wodan um Rat, bevor sie in den Krieg zogen.",1,"[{'subject': {'upos': 'NOUN', 'text': 'Vandalen', 'id': 2, 'deprel': 'nsubj', 'head': 3}, 'verb': {'upos': 'VERB', 'text': 'baten', 'id': 3, 'deprel': 'root', 'head': 0}, 'object': {'upos': 'PROPN', 'text': 'Wodan', 'id': 4, 'deprel': 'obj', 'head': 3}}]",['SVO']
559,"Die vielen ethnischen Gruppen in Gambia definieren sich hauptsächlich durch ihre eigenen Sprachen, was zur Polyglottheit der Bevölkerung führt.",1,"[{'subject': {'upos': 'NOUN', 'text': 'Gruppen', 'id': 4, 'deprel': 'nsubj', 'head': 7}, 'verb': {'upos': 'VERB', 'text': 'definieren', 'id': 7, 'deprel': 'root', 'head': 0}, 'object': {'upos': 'PRON', 'text': 'sich', 'id': 8, 'deprel': 'obj', 'head': 7}}]",['SVO']
1745,Die Vögel legen in der Regel zwei Eier.,1,"[{'subject': {'upos': 'NOUN', 'text': 'Vögel', 'id': 2, 'deprel': 'nsubj', 'head': 3}, 'verb': {'upos': 'VERB', 'text': 'legen', 'id': 3, 'deprel': 'root', 'head': 0}, 'object': {'upos': 'NOUN', 'text': 'Eier', 'id': 8, 'deprel': 'obj', 'head': 3}}]",['SVO']
751,"Die VU-Bibliothek hat rund 5,4 Millionen Medieneinheiten.",1,"[{'subject': {'upos': 'PROPN', 'text': 'VU', 'id': 2, 'deprel': 'nsubj', 'head': 5}, 'verb': {'upos': 'VERB', 'text': 'hat', 'id': 5, 'deprel': 'root', 'head': 0}, 'object': {'upos': 'NOUN', 'text': 'Medieneinheiten', 'id': 9, 'deprel': 'obj', 'head': 5}}]",['SVO']
1341,Die Wählerbeteiligung der afroamerikanischen Wähler verdoppelte sich innerhalb von vier Jahren nach dem Inkrafttreten des Gesetzes.,1,"[{'subject': {'upos': 'NOUN', 'text': 'Wählerbeteiligung', 'id': 2, 'deprel': 'nsubj', 'head': 6}, 'verb': {'upos': 'VERB', 'text': 'verdoppelte', 'id': 6, 'deprel': 'root', 'head': 0}, 'object': {'upos': 'PRON', 'text': 'sich', 'id': 7, 'deprel': 'obj', 'head': 6}}]",['SVO']
896,Die Weltgesundheitsorganisation (WHO) befasst sich mit großen Pandemien.,1,"[{'subject': {'upos': 'NOUN', 'text': 'Weltgesundheitsorganisation', 'id': 2, 'deprel': 'nsubj', 'head': 6}, 'verb': {'upos': 'VERB', 'text': 'befasst', 'id': 6, 'deprel': 'root', 'head': 0}, 'object': {'upos': 'PRON', 'text': 'sich', 'id': 7, 'deprel': 'obj', 'head': 6}}]",['SVO']
883,"Die Wirkdauer von kurzwirksamen Beta-2-Agonisten beträgt etwa 4–6 Stunden, während die Wirkdauer von langwirksamen Beta-2-Agonisten etwa 12 Stunden lang anhält.",1,"[{'subject': {'upos': 'NOUN', 'text': 'Wirkdauer', 'id': 2, 'deprel': 'nsubj', 'head': 7}, 'verb': {'upos': 'VERB', 'text': 'beträgt', 'id': 7, 'deprel': 'root', 'head': 0}, 'object': {'upos': 'NOUN', 'text': 'Stunden', 'id': 10, 'deprel': 'obj', 'head': 7}}]",['SVO']
51,"Die Wirtschaft der entwickelten Welt verlässt sich auf billige, örtlich konzentrierte fossile Brennstoffe.",1,"[{'subject': {'upos': 'NOUN', 'text': 'Wirtschaft', 'id': 2, 'deprel': 'nsubj', 'head': 6}, 'verb': {'upos': 'VERB', 'text': 'verlässt', 'id': 6, 'deprel': 'root', 'head': 0}, 'object': {'upos': 'PRON', 'text': 'sich', 'id': 7, 'deprel': 'obj', 'head': 6}}]",['SVO']
813,"Die WWF Tag Team Meisterschaft wurde zweimal ausgetragen, da in der angegebenen Liste nur die Angabe ""WWF World Tag Team Championship (2× mit Jim Neidhart)"" steht, was darauf hindeutet, dass Jim Neidhart zweimal dieses Titel gewonnen hat.",1,"[{'subject': {'upos': 'PROPN', 'text': 'Jim', 'id': 38, 'deprel': 'nsubj', 'head': 43}, 'object': {'upos': 'NOUN', 'text': 'Titel', 'id': 42, 'deprel': 'obj', 'head': 43}, 'verb': {'upos': 'VERB', 'text': 'gewonnen', 'id': 43, 'deprel': 'acl', 'head': 34}}]",['SOV']
738,"Die Zeitung The Spectator richtete sich vor allem an Englands aufstrebenden Mittelstand, große und kleine Kaufleute und Händler.",1,"[{'subject': {'upos': 'NOUN', 'text': 'Zeitung', 'id': 2, 'deprel': 'nsubj', 'head': 5}, 'verb': {'upos': 'VERB', 'text': 'richtete', 'id': 5, 'deprel': 'root', 'head': 0}, 'object': {'upos': 'PRON', 'text': 'sich', 'id': 6, 'deprel': 'obj', 'head': 5}}]",['SVO']
1072,"Die Zentrumspartei hat bei der jüngsten Reichstagswahl 2018 8,6 % der Stimmen erhalten.",1,"[{'subject': {'upos': 'NOUN', 'text': 'Zentrumspartei', 'id': 2, 'deprel': 'nsubj', 'head': 13}, 'object': {'upos': 'NOUN', 'text': '%', 'id': 10, 'deprel': 'obj', 'head': 13}, 'verb': {'upos': 'VERB', 'text': 'erhalten', 'id': 13, 'deprel': 'root', 'head': 0}}]",['SOV']
1428,Diesbezüglich handelt es sich jedoch nicht um eine unübliche amerikanische Norm.,1,"[{'verb': {'upos': 'VERB', 'text': 'handelt', 'id': 2, 'deprel': 'root', 'head': 0}, 'subject': {'upos': 'PRON', 'text': 'es', 'id': 3, 'deprel': 'nsubj', 'head': 2}, 'object': {'upos': 'PRON', 'text': 'sich', 'id': 4, 'deprel': 'obj', 'head': 2}}]",['VSO']
987,Diese Branchen erlebten einen Niedergang in Aberdeen.,1,"[{'subject': {'upos': 'NOUN', 'text': 'Branchen', 'id': 2, 'deprel': 'nsubj', 'head': 3}, 'verb': {'upos': 'VERB', 'text': 'erlebten', 'id': 3, 'deprel': 'root', 'head': 0}, 'object': {'upos': 'NOUN', 'text': 'Niedergang', 'id': 5, 'deprel': 'obj', 'head': 3}}]",['SVO']
1793,"Dilong bedeutet ""kaiserlicher Drache"" und ist eine Gattung theropoder Dinosaurier aus der frühen Unterkreide von Ostasien.",1,"[{'subject': {'upos': 'PROPN', 'text': 'Dilong', 'id': 1, 'deprel': 'nsubj', 'head': 2}, 'verb': {'upos': 'VERB', 'text': 'bedeutet', 'id': 2, 'deprel': 'root', 'head': 0}, 'object': {'upos': 'NOUN', 'text': 'Drache', 'id': 5, 'deprel': 'obj', 'head': 2}}]",['SVO']
594,"Doxing betrifft die Selbstjustiz, das öffentliche Bloßstellen sowie die Belästigung.",1,"[{'subject': {'upos': 'PROPN', 'text': 'Doxing', 'id': 1, 'deprel': 'nsubj', 'head': 2}, 'verb': {'upos': 'VERB', 'text': 'betrifft', 'id': 2, 'deprel': 'root', 'head': 0}, 'object': {'upos': 'NOUN', 'text': 'Selbstjustiz', 'id': 4, 'deprel': 'obj', 'head': 2}}]",['SVO']
1969,Ebert forderte Wilhelm II.,1,"[{'object': {'upos': 'PROPN', 'text': 'Ebert', 'id': 1, 'deprel': 'obj', 'head': 2}, 'verb': {'upos': 'VERB', 'text': 'forderte', 'id': 2, 'deprel': 'root', 'head': 0}, 'subject': {'upos': 'PROPN', 'text': 'Wilhelm', 'id': 3, 'deprel': 'nsubj', 'head': 2}}]",['OVS']
1967,Ebert wollte die bürgerlichen Parteien sowie die alten Eliten des Kaiserreichs überzeugen.,1,"[{'subject': {'upos': 'PROPN', 'text': 'Ebert', 'id': 1, 'deprel': 'nsubj', 'head': 12}, 'object': {'upos': 'NOUN', 'text': 'Parteien', 'id': 5, 'deprel': 'obj', 'head': 12}, 'verb': {'upos': 'VERB', 'text': 'überzeugen', 'id': 12, 'deprel': 'root', 'head': 0}}]",['SOV']
1120,Ecuador annektierte die Galapagos-Inseln im Jahr 1832.,1,"[{'subject': {'upos': 'PROPN', 'text': 'Ecuador', 'id': 1, 'deprel': 'nsubj', 'head': 2}, 'verb': {'upos': 'VERB', 'text': 'annektierte', 'id': 2, 'deprel': 'root', 'head': 0}, 'object': {'upos': 'PROPN', 'text': 'Galapagos', 'id': 4, 'deprel': 'obj', 'head': 2}}]",['SVO']
602,"Ein Porträt ist ein künstlerisches Bildnis, das das Wesen oder die Persönlichkeit des Porträtierten darstellt.",1,"[{'subject': {'upos': 'PRON', 'text': 'das', 'id': 8, 'deprel': 'nsubj', 'head': 16}, 'object': {'upos': 'NOUN', 'text': 'Wesen', 'id': 10, 'deprel': 'obj', 'head': 16}, 'verb': {'upos': 'VERB', 'text': 'darstellt', 'id': 16, 'deprel': 'acl', 'head': 6}}]",['SOV']
519,"Ein Selenium Grid kann dieparallele Ausführung von Tests auf mehreren Servern ermöglichen, um die Dauer der Testdurchführung zu verkürzen.",1,"[{'subject': {'upos': 'NOUN', 'text': 'Selenium', 'id': 2, 'deprel': 'nsubj', 'head': 12}, 'object': {'upos': 'NOUN', 'text': 'Ausführung', 'id': 6, 'deprel': 'obj', 'head': 12}, 'verb': {'upos': 'VERB', 'text': 'ermöglichen', 'id': 12, 'deprel': 'root', 'head': 0}}]",['SOV']
901,"Ein Spieler erhält einen zusätzlichen Bonusfreiwurf, wenn er unmittelbar während eines Wurfversuchs gefoult wird und der Versuch trotz des Fouls erfolgreich ist.",1,"[{'subject': {'upos': 'NOUN', 'text': 'Spieler', 'id': 2, 'deprel': 'nsubj', 'head': 3}, 'verb': {'upos': 'VERB', 'text': 'erhält', 'id': 3, 'deprel': 'root', 'head': 0}, 'object': {'upos': 'NOUN', 'text': 'Bonusfreiwurf', 'id': 6, 'deprel': 'obj', 'head': 3}}]",['SVO']
1082,Ein Spieler kann Boni in Form von „Schiffsladungen“ aus der Heimatstadt empfangen.,1,"[{'subject': {'upos': 'NOUN', 'text': 'Spieler', 'id': 2, 'deprel': 'nsubj', 'head': 14}, 'object': {'upos': 'PROPN', 'text': 'Boni', 'id': 4, 'deprel': 'obj', 'head': 14}, 'verb': {'upos': 'VERB', 'text': 'empfangen', 'id': 14, 'deprel': 'root', 'head': 0}}]",['SOV']
1312,Ein Supermarkt würde Daten sammeln über Kunden in Bezug auf ähnliches Kaufverhalten bzw.,1,"[{'subject': {'upos': 'NOUN', 'text': 'Supermarkt', 'id': 2, 'deprel': 'nsubj', 'head': 5}, 'object': {'upos': 'NOUN', 'text': 'Daten', 'id': 4, 'deprel': 'obj', 'head': 5}, 'verb': {'upos': 'VERB', 'text': 'sammeln', 'id': 5, 'deprel': 'root', 'head': 0}}]",['SOV']
844,"Eine erosive Konjunktivitis tritt auf, was eine augenärztliche Behandlung erfordert.",1,"[{'subject': {'upos': 'PRON', 'text': 'was', 'id': 7, 'deprel': 'nsubj', 'head': 11}, 'object': {'upos': 'NOUN', 'text': 'Behandlung', 'id': 10, 'deprel': 'obj', 'head': 11}, 'verb': {'upos': 'VERB', 'text': 'erfordert', 'id': 11, 'deprel': 'acl', 'head': 4}}]",['SOV']
1896,Eine rote Karte entspricht vier Punkten.,1,"[{'subject': {'upos': 'NOUN', 'text': 'Karte', 'id': 3, 'deprel': 'nsubj', 'head': 4}, 'verb': {'upos': 'VERB', 'text': 'entspricht', 'id': 4, 'deprel': 'root', 'head': 0}, 'object': {'upos': 'NOUN', 'text': 'Punkten', 'id': 6, 'deprel': 'obj', 'head': 4}}]",['SVO']
690,Einfall von Tin Whistle in eine Melodie kann die Harmonie und die irische Atmosphäre verstärken.,1,"[{'subject': {'upos': 'NOUN', 'text': 'Einfall', 'id': 1, 'deprel': 'nsubj', 'head': 15}, 'object': {'upos': 'NOUN', 'text': 'Harmonie', 'id': 10, 'deprel': 'obj', 'head': 15}, 'verb': {'upos': 'VERB', 'text': 'verstärken', 'id': 15, 'deprel': 'root', 'head': 0}}]",['SOV']
1484,Elisabeth ließ Mary stattdessen verhaften.,1,"[{'subject': {'upos': 'PROPN', 'text': 'Elisabeth', 'id': 1, 'deprel': 'nsubj', 'head': 2}, 'verb': {'upos': 'VERB', 'text': 'ließ', 'id': 2, 'deprel': 'root', 'head': 0}, 'object': {'upos': 'PROPN', 'text': 'Mary', 'id': 3, 'deprel': 'obj', 'head': 2}}]",['SVO']
1805,"Engelhaie ernähren sich aus Weichtieren, kleinen Fischen und Krebstieren.",1,"[{'subject': {'upos': 'NOUN', 'text': 'Engelhaie', 'id': 1, 'deprel': 'nsubj', 'head': 2}, 'verb': {'upos': 'VERB', 'text': 'ernähren', 'id': 2, 'deprel': 'root', 'head': 0}, 'object': {'upos': 'PRON', 'text': 'sich', 'id': 3, 'deprel': 'obj', 'head': 2}}]",['SVO']
1452,Entwicklungsländer kritisierten das TRIPS-Abkommen am stärksten.,1,"[{'subject': {'upos': 'NOUN', 'text': 'Entwicklungsländer', 'id': 1, 'deprel': 'nsubj', 'head': 2}, 'verb': {'upos': 'VERB', 'text': 'kritisierten', 'id': 2, 'deprel': 'root', 'head': 0}, 'object': {'upos': 'PROPN', 'text': 'TRIPS', 'id': 4, 'deprel': 'obj', 'head': 2}}]",['SVO']
1077,Er erhielt 1996 einen Ehrendoktor der Königlich Technischen Hochschule Stockholm.,1,"[{'subject': {'upos': 'PRON', 'text': 'Er', 'id': 1, 'deprel': 'nsubj', 'head': 2}, 'verb': {'upos': 'VERB', 'text': 'erhielt', 'id': 2, 'deprel': 'root', 'head': 0}, 'object': {'upos': 'NOUN', 'text': 'Ehrendoktor', 'id': 5, 'deprel': 'obj', 'head': 2}}]",['SVO']
1183,Er führte die Biegesteifigkeit in die Stringtheorie ein.,1,"[{'subject': {'upos': 'PRON', 'text': 'Er', 'id': 1, 'deprel': 'nsubj', 'head': 2}, 'verb': {'upos': 'VERB', 'text': 'führte', 'id': 2, 'deprel': 'root', 'head': 0}, 'object': {'upos': 'NOUN', 'text': 'Biegesteifigkeit', 'id': 4, 'deprel': 'obj', 'head': 2}}]",['SVO']
1018,Er gewann bald an militärischer Bedeutung und vollstreckte Todesurteile.,1,"[{'subject': {'upos': 'PRON', 'text': 'Er', 'id': 1, 'deprel': 'nsubj', 'head': 2}, 'verb': {'upos': 'VERB', 'text': 'vollstreckte', 'id': 8, 'deprel': 'conj', 'head': 2}, 'object': {'upos': 'NOUN', 'text': 'Todesurteile', 'id': 9, 'deprel': 'obj', 'head': 8}}]",['SVO']
1415,Er hat moderne Geschichte nicht explizit erwähnt zu lernen.,1,"[{'subject': {'upos': 'PRON', 'text': 'Er', 'id': 1, 'deprel': 'nsubj', 'head': 9}, 'object': {'upos': 'NOUN', 'text': 'Geschichte', 'id': 4, 'deprel': 'obj', 'head': 9}, 'verb': {'upos': 'VERB', 'text': 'lernen', 'id': 9, 'deprel': 'xcomp', 'head': 7}}]",['SOV']
80,Er mietete ein Apartment in Mayfair.,1,"[{'subject': {'upos': 'PRON', 'text': 'Er', 'id': 1, 'deprel': 'nsubj', 'head': 2}, 'verb': {'upos': 'VERB', 'text': 'mietete', 'id': 2, 'deprel': 'root', 'head': 0}, 'object': {'upos': 'NOUN', 'text': 'Apartment', 'id': 4, 'deprel': 'obj', 'head': 2}}]",['SVO']
990,Er trennte sich 1984 von Marian Stamp.,1,"[{'subject': {'upos': 'PRON', 'text': 'Er', 'id': 1, 'deprel': 'nsubj', 'head': 2}, 'verb': {'upos': 'VERB', 'text': 'trennte', 'id': 2, 'deprel': 'root', 'head': 0}, 'object': {'upos': 'PRON', 'text': 'sich', 'id': 3, 'deprel': 'obj', 'head': 2}}]",['SVO']
1997,Er übergab seinem Bruder Robert Guiskard die Festung bei Scribla.,1,"[{'subject': {'upos': 'PRON', 'text': 'Er', 'id': 1, 'deprel': 'nsubj', 'head': 2}, 'verb': {'upos': 'VERB', 'text': 'übergab', 'id': 2, 'deprel': 'root', 'head': 0}, 'object': {'upos': 'NOUN', 'text': 'Festung', 'id': 8, 'deprel': 'obj', 'head': 2}}]",['SVO']
1190,"Er war 17 Jahre alt, als seine Eltern sich trennten.",1,"[{'subject': {'upos': 'NOUN', 'text': 'Eltern', 'id': 9, 'deprel': 'nsubj', 'head': 11}, 'object': {'upos': 'PRON', 'text': 'sich', 'id': 10, 'deprel': 'obj', 'head': 11}, 'verb': {'upos': 'VERB', 'text': 'trennten', 'id': 11, 'deprel': 'advcl', 'head': 5}}]",['SOV']
1795,Es besteht aus bhat (gekochtem Reis oder anderen Getreidesorten) und bhat begleitenden Gerichten wie tarkari (Gemüse).,1,"[{'subject': {'upos': 'PRON', 'text': 'Es', 'id': 1, 'deprel': 'nsubj', 'head': 2}, 'verb': {'upos': 'VERB', 'text': 'bhat', 'id': 13, 'deprel': 'conj', 'head': 2}, 'object': {'upos': 'NOUN', 'text': 'Gerichten', 'id': 15, 'deprel': 'obj', 'head': 13}}]",['SVO']
1547,"Es wird jedoch erwähnt, dass er von Dezember 2017 bis Anfang 2019 leitete die Hainan Cihang Charity Foundation, aber dies ist keine gemeinnützige Organisation im Sinne der Frage.",1,"[{'subject': {'upos': 'PRON', 'text': 'er', 'id': 7, 'deprel': 'nsubj', 'head': 14}, 'verb': {'upos': 'VERB', 'text': 'leitete', 'id': 14, 'deprel': 'csubj:pass', 'head': 4}, 'object': {'upos': 'PROPN', 'text': 'Hainan', 'id': 16, 'deprel': 'obj', 'head': 14}}]",['SVO']
628,"Es wird nicht spezifisch erwähnt, wer die Plantage besitzt, auf der Abraham Lincoln mit seinen Eltern lebt.",1,"[{'subject': {'upos': 'PRON', 'text': 'wer', 'id': 7, 'deprel': 'nsubj', 'head': 10}, 'object': {'upos': 'NOUN', 'text': 'Plantage', 'id': 9, 'deprel': 'obj', 'head': 10}, 'verb': {'upos': 'VERB', 'text': 'besitzt', 'id': 10, 'deprel': 'csubj:pass', 'head': 5}}]",['SOV']
1473,"Es wird nur erwähnt, dass Johnny McGowan seine Eltern bei einem Verkehrsunfall verlor.",1,"[{'subject': {'upos': 'PROPN', 'text': 'Johnny', 'id': 7, 'deprel': 'nsubj', 'head': 14}, 'object': {'upos': 'NOUN', 'text': 'Eltern', 'id': 10, 'deprel': 'obj', 'head': 14}, 'verb': {'upos': 'VERB', 'text': 'verlor', 'id': 14, 'deprel': 'csubj:pass', 'head': 4}}]",['SOV']
1102,"Escobars Frau war 15 Jahre alt, als er sie heiratete.",1,"[{'subject': {'upos': 'PRON', 'text': 'er', 'id': 9, 'deprel': 'nsubj', 'head': 11}, 'object': {'upos': 'PRON', 'text': 'sie', 'id': 10, 'deprel': 'obj', 'head': 11}, 'verb': {'upos': 'VERB', 'text': 'heiratete', 'id': 11, 'deprel': 'advcl', 'head': 6}}]",['SOV']
1293,"FeedBurner bietet angepasste RSS-Feeds und Verwaltungswerkzeuge für Blogger, Podcaster und andere Anbieter webbasierter Inhalte.",1,"[{'subject': {'upos': 'PROPN', 'text': 'FeedBurner', 'id': 1, 'deprel': 'nsubj', 'head': 2}, 'verb': {'upos': 'VERB', 'text': 'bietet', 'id': 2, 'deprel': 'root', 'head': 0}, 'object': {'upos': 'PROPN', 'text': 'RSS', 'id': 4, 'deprel': 'obj', 'head': 2}}]",['SVO']
827,"Fisk, der von der New York Times als „der wohl berühmteste britische Auslandskorrespondent“ bezeichnet wurde, gab die NYT einen Kommentar ab.",1,"[{'subject': {'upos': 'PROPN', 'text': 'Fisk', 'id': 1, 'deprel': 'nsubj', 'head': 20}, 'verb': {'upos': 'VERB', 'text': 'gab', 'id': 20, 'deprel': 'root', 'head': 0}, 'object': {'upos': 'NOUN', 'text': 'Kommentar', 'id': 24, 'deprel': 'obj', 'head': 20}}]",['SVO']
336,Frauen hatten ein niedrigeres mittleres Einkommen als Männer.,1,"[{'subject': {'upos': 'NOUN', 'text': 'Frauen', 'id': 1, 'deprel': 'nsubj', 'head': 2}, 'verb': {'upos': 'VERB', 'text': 'hatten', 'id': 2, 'deprel': 'root', 'head': 0}, 'object': {'upos': 'NOUN', 'text': 'Einkommen', 'id': 6, 'deprel': 'obj', 'head': 2}}]",['SVO']
394,Fünf Nummer-eins-Hits hatte das Album.,1,"[{'object': {'upos': 'NOUN', 'text': 'Hits', 'id': 6, 'deprel': 'obj', 'head': 7}, 'verb': {'upos': 'VERB', 'text': 'hatte', 'id': 7, 'deprel': 'root', 'head': 0}, 'subject': {'upos': 'NOUN', 'text': 'Album', 'id': 9, 'deprel': 'nsubj', 'head': 7}}]",['OVS']
1585,"Gemäß den Bestimmungen des Friedensvertrages von Versailles 1919 erhielt Großbritannien die Kontrolle über Palästina und Jordanien, den Irak, Teile Kameruns, Togo und Tanganjika.",1,"[{'verb': {'upos': 'VERB', 'text': 'erhielt', 'id': 9, 'deprel': 'root', 'head': 0}, 'subject': {'upos': 'PROPN', 'text': 'Großbritannien', 'id': 10, 'deprel': 'nsubj', 'head': 9}, 'object': {'upos': 'NOUN', 'text': 'Kontrolle', 'id': 12, 'deprel': 'obj', 'head': 9}}]",['VSO']
759,"Genauer kann ich dies jedoch nicht bestätigen, da keine genauen Angaben zur Zeit seines Griechisch-Erwerbs existieren.",1,"[{'subject': {'upos': 'PRON', 'text': 'ich', 'id': 3, 'deprel': 'nsubj', 'head': 7}, 'object': {'upos': 'DET', 'text': 'dies', 'id': 4, 'deprel': 'obj', 'head': 7}, 'verb': {'upos': 'VERB', 'text': 'bestätigen', 'id': 7, 'deprel': 'root', 'head': 0}}]",['SOV']
285,"George trug einen hohen Kragen, um sein Doppelkinn zu verbergen.",1,"[{'subject': {'upos': 'PROPN', 'text': 'George', 'id': 1, 'deprel': 'nsubj', 'head': 2}, 'verb': {'upos': 'VERB', 'text': 'trug', 'id': 2, 'deprel': 'root', 'head': 0}, 'object': {'upos': 'NOUN', 'text': 'Kragen', 'id': 5, 'deprel': 'obj', 'head': 2}}]",['SVO']
1739,Gideon Sundbäck machte in Bingen am Rhein seinen Studienabschluss 1903.,1,"[{'subject': {'upos': 'PROPN', 'text': 'Gideon', 'id': 1, 'deprel': 'nsubj', 'head': 3}, 'verb': {'upos': 'VERB', 'text': 'machte', 'id': 3, 'deprel': 'root', 'head': 0}, 'object': {'upos': 'NOUN', 'text': 'Studienabschluss', 'id': 10, 'deprel': 'obj', 'head': 3}}]",['SVO']
1847,"Gomez war fünf Jahre alt, als sich ihre Eltern trennten.",1,"[{'object': {'upos': 'PRON', 'text': 'sich', 'id': 8, 'deprel': 'obj', 'head': 11}, 'subject': {'upos': 'NOUN', 'text': 'Eltern', 'id': 10, 'deprel': 'nsubj', 'head': 11}, 'verb': {'upos': 'VERB', 'text': 'trennten', 'id': 11, 'deprel': 'advcl', 'head': 5}}]",['OSV']
324,Gorbatschows Aktionen lösten den Widerstand und Ablehnung des linken Flügels der kommunistischen Partei aus.,1,"[{'subject': {'upos': 'NOUN', 'text': 'Aktionen', 'id': 2, 'deprel': 'nsubj', 'head': 3}, 'verb': {'upos': 'VERB', 'text': 'lösten', 'id': 3, 'deprel': 'root', 'head': 0}, 'object': {'upos': 'NOUN', 'text': 'Widerstand', 'id': 5, 'deprel': 'obj', 'head': 3}}]",['SVO']
1590,"Großbritannien entsandte nach der Suezkanal-Krise Truppen in Oman (1957), Jordanien (1958) und Kuwait (1961).",1,"[{'subject': {'upos': 'PROPN', 'text': 'Großbritannien', 'id': 1, 'deprel': 'nsubj', 'head': 2}, 'verb': {'upos': 'VERB', 'text': 'entsandte', 'id': 2, 'deprel': 'root', 'head': 0}, 'object': {'upos': 'NOUN', 'text': 'Truppen', 'id': 8, 'deprel': 'obj', 'head': 2}}]",['SVO']
1018,"Guevara erlernte schnell, taktisch aktiv zu werden und zu kämpfen, was seine Rolle von Arzt zu direktem Teilnehmer bei bewaffneten Aktionen veränderte.",1,"[{'subject': {'upos': 'PRON', 'text': 'was', 'id': 13, 'deprel': 'nsubj', 'head': 24}, 'object': {'upos': 'NOUN', 'text': 'Rolle', 'id': 15, 'deprel': 'obj', 'head': 24}, 'verb': {'upos': 'VERB', 'text': 'veränderte', 'id': 24, 'deprel': 'acl', 'head': 11}}]",['SOV']
1617,Guillaume besuchte die Militärakademie Sandhurst in Großbritannien.,1,"[{'subject': {'upos': 'PROPN', 'text': 'Guillaume', 'id': 1, 'deprel': 'nsubj', 'head': 2}, 'verb': {'upos': 'VERB', 'text': 'besuchte', 'id': 2, 'deprel': 'root', 'head': 0}, 'object': {'upos': 'NOUN', 'text': 'Militärakademie', 'id': 4, 'deprel': 'obj', 'head': 2}}]",['SVO']
707,"Hamza, Zaid, Bilal oder andere zitierten Mohammeds Worte.",1,"[{'subject': {'upos': 'PROPN', 'text': 'Hamza', 'id': 1, 'deprel': 'nsubj', 'head': 8}, 'verb': {'upos': 'VERB', 'text': 'zitierten', 'id': 8, 'deprel': 'root', 'head': 0}, 'object': {'upos': 'NOUN', 'text': 'Worte', 'id': 10, 'deprel': 'obj', 'head': 8}}]",['SVO']
632,Harriet schmuggelte Bajonette und Kugeln mittels der Underground Railroad nach Gettysburg.,1,"[{'subject': {'upos': 'PROPN', 'text': 'Harriet', 'id': 1, 'deprel': 'nsubj', 'head': 2}, 'verb': {'upos': 'VERB', 'text': 'schmuggelte', 'id': 2, 'deprel': 'root', 'head': 0}, 'object': {'upos': 'NOUN', 'text': 'Bajonette', 'id': 3, 'deprel': 'obj', 'head': 2}}]",['SVO']
6,Helens normalisierte sich die Arbeitslosigkeit nach Wiederaufnahme der Nutzholzgewinnung wieder annähernd auf das Ausgangsniveau.,1,"[{'subject': {'upos': 'PROPN', 'text': 'Helens', 'id': 1, 'deprel': 'nsubj', 'head': 2}, 'verb': {'upos': 'VERB', 'text': 'normalisierte', 'id': 2, 'deprel': 'root', 'head': 0}, 'object': {'upos': 'PRON', 'text': 'sich', 'id': 3, 'deprel': 'obj', 'head': 2}}]",['SVO']
37,Henry James wiederholte das Experiment zur Überprüfung der Erddichte.,1,"[{'subject': {'upos': 'PROPN', 'text': 'Henry', 'id': 1, 'deprel': 'nsubj', 'head': 3}, 'verb': {'upos': 'VERB', 'text': 'wiederholte', 'id': 3, 'deprel': 'root', 'head': 0}, 'object': {'upos': 'NOUN', 'text': 'Experiment', 'id': 5, 'deprel': 'obj', 'head': 3}}]",['SVO']
119,"Hesse wurde nach der Veröffentlichung seines Aufsatzes ""O Freunde, nicht diese Töne"" mit Hassbriefen bedroht und bekam die Unterstützung von Theodor Heuss und Romain Rolland, aber auch kritische Reaktionen von der deutschen Presse.",1,"[{'subject': {'upos': 'PROPN', 'text': 'Hesse', 'id': 1, 'deprel': 'nsubj:pass', 'head': 18}, 'verb': {'upos': 'VERB', 'text': 'bekam', 'id': 20, 'deprel': 'conj', 'head': 18}, 'object': {'upos': 'NOUN', 'text': 'Unterstützung', 'id': 22, 'deprel': 'obj', 'head': 20}}]",['SVO']
1984,"Hierbei wird nicht explizit erwähnt, dass diese speziell Meldungen mit Todeswunsch veröffentlicht haben, aber es deutet darauf hin, dass sie zu gewalttätigen Aktivitäten aufriefen.",1,"[{'subject': {'upos': 'DET', 'text': 'diese', 'id': 8, 'deprel': 'nsubj', 'head': 13}, 'object': {'upos': 'NOUN', 'text': 'Meldungen', 'id': 10, 'deprel': 'obj', 'head': 13}, 'verb': {'upos': 'VERB', 'text': 'veröffentlicht', 'id': 13, 'deprel': 'csubj:pass', 'head': 5}}]",['SOV']
869,"Ian Botham wurde angenommen, er hätte den Ball manipuliert.",1,"[{'subject': {'upos': 'PRON', 'text': 'er', 'id': 6, 'deprel': 'nsubj', 'head': 10}, 'object': {'upos': 'NOUN', 'text': 'Ball', 'id': 9, 'deprel': 'obj', 'head': 10}, 'verb': {'upos': 'VERB', 'text': 'manipuliert', 'id': 10, 'deprel': 'conj', 'head': 4}}]",['SOV']
670,Ich habe keine genauen Monatsangaben für das Startdatum einer Organisation gefunden.,1,"[{'subject': {'upos': 'PRON', 'text': 'Ich', 'id': 1, 'deprel': 'nsubj', 'head': 11}, 'object': {'upos': 'NOUN', 'text': 'Monatsangaben', 'id': 5, 'deprel': 'obj', 'head': 11}, 'verb': {'upos': 'VERB', 'text': 'gefunden', 'id': 11, 'deprel': 'root', 'head': 0}}]",['SOV']
798,Ich habe keine spezifische Technik identifizieren können.,1,"[{'subject': {'upos': 'PRON', 'text': 'Ich', 'id': 1, 'deprel': 'nsubj', 'head': 6}, 'object': {'upos': 'NOUN', 'text': 'Technik', 'id': 5, 'deprel': 'obj', 'head': 6}, 'verb': {'upos': 'VERB', 'text': 'identifizieren', 'id': 6, 'deprel': 'root', 'head': 0}}]",['SOV']
1428,Ich habe keine spezifischen Informationen über unübliche amerikanische Normen gefunden.,1,"[{'subject': {'upos': 'PRON', 'text': 'Ich', 'id': 1, 'deprel': 'nsubj', 'head': 10}, 'object': {'upos': 'NOUN', 'text': 'Informationen', 'id': 5, 'deprel': 'obj', 'head': 10}, 'verb': {'upos': 'VERB', 'text': 'gefunden', 'id': 10, 'deprel': 'root', 'head': 0}}]",['SOV']
1167,Ich habe keine spezifischen Informationen zu diesem Aspekt seines Debüt-Films.,1,"[{'subject': {'upos': 'PRON', 'text': 'Ich', 'id': 1, 'deprel': 'nsubj', 'head': 2}, 'verb': {'upos': 'VERB', 'text': 'habe', 'id': 2, 'deprel': 'root', 'head': 0}, 'object': {'upos': 'NOUN', 'text': 'Informationen', 'id': 5, 'deprel': 'obj', 'head': 2}}]",['SVO']
891,IFAB steht für International Football Association Board und berät und beschließt Regeländerungen im Fußball.,1,"[{'subject': {'upos': 'PROPN', 'text': 'IFAB', 'id': 1, 'deprel': 'nsubj', 'head': 2}, 'verb': {'upos': 'VERB', 'text': 'beschließt', 'id': 11, 'deprel': 'conj', 'head': 2}, 'object': {'upos': 'NOUN', 'text': 'Regeländerungen', 'id': 12, 'deprel': 'obj', 'head': 11}}]",['SVO']
1598,"IGN Entertainment erwarb Rottentomatoes.com im Juni 2004, anschließend wurde das Unternehmen im Januar 2010 an Flixster verkauft.",1,"[{'subject': {'upos': 'PROPN', 'text': 'IGN', 'id': 1, 'deprel': 'nsubj', 'head': 3}, 'verb': {'upos': 'VERB', 'text': 'erwarb', 'id': 3, 'deprel': 'root', 'head': 0}, 'object': {'upos': 'PROPN', 'text': 'Rottentomatoes.com', 'id': 4, 'deprel': 'obj', 'head': 3}}]",['SVO']
1353,"Ihre Eltern trennten sich, als sie ein Teenager war.",1,"[{'subject': {'upos': 'NOUN', 'text': 'Eltern', 'id': 2, 'deprel': 'nsubj', 'head': 3}, 'verb': {'upos': 'VERB', 'text': 'trennten', 'id': 3, 'deprel': 'root', 'head': 0}, 'object': {'upos': 'PRON', 'text': 'sich', 'id': 4, 'deprel': 'obj', 'head': 3}}]",['SVO']
36,Im Dezember 1738 führten Pierre Bouguer und Charles Marie de La Condamine zwei Messungen in Höhen von 4680 und 4340 m durch.,1,"[{'verb': {'upos': 'VERB', 'text': 'führten', 'id': 5, 'deprel': 'root', 'head': 0}, 'subject': {'upos': 'PROPN', 'text': 'Pierre', 'id': 6, 'deprel': 'nsubj', 'head': 5}, 'object': {'upos': 'NOUN', 'text': 'Messungen', 'id': 15, 'deprel': 'obj', 'head': 5}}]",['VSO']
1500,"Im Dezember 1992 sah sich das Paar gezwungen, die offizielle Trennung bekanntzugeben.",1,"[{'verb': {'upos': 'VERB', 'text': 'sah', 'id': 5, 'deprel': 'root', 'head': 0}, 'object': {'upos': 'PRON', 'text': 'sich', 'id': 6, 'deprel': 'obj', 'head': 5}, 'subject': {'upos': 'NOUN', 'text': 'Paar', 'id': 8, 'deprel': 'nsubj', 'head': 5}}]",['VOS']
1765,"Im Film sorgt die elektrische Stromdichte und der Bau aus organischen halbleitenden Materialien dafür, dass eine organische Leuchtdiode Licht von sich gibt.",1,"[{'subject': {'upos': 'NOUN', 'text': 'Leuchtdiode', 'id': 20, 'deprel': 'nsubj', 'head': 24}, 'object': {'upos': 'NOUN', 'text': 'Licht', 'id': 21, 'deprel': 'obj', 'head': 24}, 'verb': {'upos': 'VERB', 'text': 'gibt', 'id': 24, 'deprel': 'ccomp', 'head': 14}}]",['SOV']
117,Im Frühsommer 1894 begann er seine Mechanikerlehre.,1,"[{'verb': {'upos': 'VERB', 'text': 'begann', 'id': 5, 'deprel': 'root', 'head': 0}, 'subject': {'upos': 'PRON', 'text': 'er', 'id': 6, 'deprel': 'nsubj', 'head': 5}, 'object': {'upos': 'NOUN', 'text': 'Mechanikerlehre', 'id': 8, 'deprel': 'obj', 'head': 5}}]",['VSO']
965,"Im gegebenen Kontext wird kein spezifischer Prozess beschrieben, der Stickstoff und Wasserstoff zu Stickoxid führt.",1,"[{'subject': {'upos': 'PRON', 'text': 'der', 'id': 11, 'deprel': 'nsubj', 'head': 17}, 'object': {'upos': 'NOUN', 'text': 'Stickstoff', 'id': 12, 'deprel': 'obj', 'head': 17}, 'verb': {'upos': 'VERB', 'text': 'führt', 'id': 17, 'deprel': 'acl', 'head': 8}}]",['SOV']
1998,"Im Jahr 1100 erweiterte Robert von Loritello seine Besitzungen durch die Einnahme von Fortore, Bovino und Dragonara.",1,"[{'verb': {'upos': 'VERB', 'text': 'erweiterte', 'id': 5, 'deprel': 'root', 'head': 0}, 'subject': {'upos': 'PROPN', 'text': 'Robert', 'id': 6, 'deprel': 'nsubj', 'head': 5}, 'object': {'upos': 'NOUN', 'text': 'Besitzungen', 'id': 10, 'deprel': 'obj', 'head': 5}}]",['VSO']
16,"Im Jahr 1846 hatte die Colgate University noch ihren ursprünglichen Namen, Madison University.",1,"[{'verb': {'upos': 'VERB', 'text': 'hatte', 'id': 5, 'deprel': 'root', 'head': 0}, 'subject': {'upos': 'PROPN', 'text': 'Colgate', 'id': 7, 'deprel': 'nsubj', 'head': 5}, 'object': {'upos': 'NOUN', 'text': 'Namen', 'id': 12, 'deprel': 'obj', 'head': 5}}]",['VSO']
1944,Im Jahr 1942 eröffnete Roza Eskenazy zusammen mit ihrem Sohn Paraschoss den Nachtklub Kristall.,1,"[{'verb': {'upos': 'VERB', 'text': 'eröffnete', 'id': 5, 'deprel': 'root', 'head': 0}, 'subject': {'upos': 'PROPN', 'text': 'Roza', 'id': 6, 'deprel': 'nsubj', 'head': 5}, 'object': {'upos': 'NOUN', 'text': 'Nachtklub', 'id': 14, 'deprel': 'obj', 'head': 5}}]",['VSO']
1492,Im Jahr 1993 ersetzte der 1 Manat den russischen Rubel.,1,"[{'verb': {'upos': 'VERB', 'text': 'ersetzte', 'id': 5, 'deprel': 'root', 'head': 0}, 'subject': {'upos': 'PROPN', 'text': '1', 'id': 7, 'deprel': 'nsubj', 'head': 5}, 'object': {'upos': 'NOUN', 'text': 'Rubel', 'id': 11, 'deprel': 'obj', 'head': 5}}]",['VSO']
1846,Im Jahr 2007 veröffentlichte Lucas gemeinsam mit seinem Onkel Cyrus tha Great das Mixtape Workprint: The Greatest Mixtape of All Time.,1,"[{'verb': {'upos': 'VERB', 'text': 'veröffentlichte', 'id': 5, 'deprel': 'root', 'head': 0}, 'subject': {'upos': 'PROPN', 'text': 'Lucas', 'id': 6, 'deprel': 'nsubj', 'head': 5}, 'object': {'upos': 'PROPN', 'text': 'Mixtape', 'id': 15, 'deprel': 'obj', 'head': 5}}]",['VSO']
23,Im Juni 1939 unternahm das verbesserte Flugzeug den Erstflug.,1,"[{'verb': {'upos': 'VERB', 'text': 'unternahm', 'id': 5, 'deprel': 'root', 'head': 0}, 'subject': {'upos': 'NOUN', 'text': 'Flugzeug', 'id': 8, 'deprel': 'nsubj', 'head': 5}, 'object': {'upos': 'NOUN', 'text': 'Erstflug', 'id': 10, 'deprel': 'obj', 'head': 5}}]",['VSO']
877,"Im Kontext des OSPF-Protokolls gewinnt der Router mit der höchsten Router-Priorität die Priorität, wobei gleich hohe Prioritäten durch die höhere Router-ID entschieden werden.",1,"[{'verb': {'upos': 'VERB', 'text': 'gewinnt', 'id': 8, 'deprel': 'root', 'head': 0}, 'subject': {'upos': 'NOUN', 'text': 'Router', 'id': 10, 'deprel': 'nsubj', 'head': 8}, 'object': {'upos': 'NOUN', 'text': 'Priorität', 'id': 18, 'deprel': 'obj', 'head': 8}}]",['VSO']
513,"Im Schwimmen waren die Athleten von Venezuela am erfolgreichsten, da Cristian Quintero zwei Silbermedaillen und eine Bronzemedaille gewann.",1,"[{'subject': {'upos': 'PROPN', 'text': 'Cristian', 'id': 14, 'deprel': 'nsubj', 'head': 21}, 'object': {'upos': 'NOUN', 'text': 'Silbermedaillen', 'id': 17, 'deprel': 'obj', 'head': 21}, 'verb': {'upos': 'VERB', 'text': 'gewann', 'id': 21, 'deprel': 'advcl', 'head': 11}}]",['SOV']
1075,Im September 1983 gründete Stallman das GNU-Projekt.,1,"[{'verb': {'upos': 'VERB', 'text': 'gründete', 'id': 5, 'deprel': 'root', 'head': 0}, 'subject': {'upos': 'PROPN', 'text': 'Stallman', 'id': 6, 'deprel': 'nsubj', 'head': 5}, 'object': {'upos': 'PROPN', 'text': 'GNU', 'id': 8, 'deprel': 'obj', 'head': 5}}]",['VSO']
1827,Im Verwaltungsrat des KfW wechseln jährlich der Bundesminister der Finanzen und der Bundesminister für Wirtschaft und Energie die Vorsitznutzung.,1,"[{'verb': {'upos': 'VERB', 'text': 'wechseln', 'id': 6, 'deprel': 'root', 'head': 0}, 'subject': {'upos': 'PROPN', 'text': 'Bundesminister', 'id': 9, 'deprel': 'nsubj', 'head': 6}, 'object': {'upos': 'NOUN', 'text': 'Vorsitznutzung', 'id': 20, 'deprel': 'obj', 'head': 6}}]",['VSO']
459,Im viktorianischen Ballsaal erhielten Ritter ihren Titel.,1,"[{'verb': {'upos': 'VERB', 'text': 'erhielten', 'id': 5, 'deprel': 'root', 'head': 0}, 'subject': {'upos': 'PROPN', 'text': 'Ritter', 'id': 6, 'deprel': 'nsubj', 'head': 5}, 'object': {'upos': 'NOUN', 'text': 'Titel', 'id': 8, 'deprel': 'obj', 'head': 5}}]",['VSO']
736,In Budapest besiegten Ungarn England mit 7:1.,1,"[{'verb': {'upos': 'VERB', 'text': 'besiegten', 'id': 3, 'deprel': 'root', 'head': 0}, 'subject': {'upos': 'PROPN', 'text': 'Ungarn', 'id': 4, 'deprel': 'nsubj', 'head': 3}, 'object': {'upos': 'PROPN', 'text': 'England', 'id': 5, 'deprel': 'obj', 'head': 3}}]",['VSO']
907,In der Datenbank finden sich Benennungen geographischer Objekte.,1,"[{'verb': {'upos': 'VERB', 'text': 'finden', 'id': 4, 'deprel': 'root', 'head': 0}, 'object': {'upos': 'PRON', 'text': 'sich', 'id': 5, 'deprel': 'obj', 'head': 4}, 'subject': {'upos': 'NOUN', 'text': 'Benennungen', 'id': 6, 'deprel': 'nsubj', 'head': 4}}]",['VOS']
1187,In der Fußball-WM 2006 in Deutschland erzielte Iniesta sein erstes Tor für Spanien.,1,"[{'verb': {'upos': 'VERB', 'text': 'erzielte', 'id': 7, 'deprel': 'root', 'head': 0}, 'subject': {'upos': 'PROPN', 'text': 'Iniesta', 'id': 8, 'deprel': 'nsubj', 'head': 7}, 'object': {'upos': 'NOUN', 'text': 'Tor', 'id': 11, 'deprel': 'obj', 'head': 7}}]",['VSO']
313,In der traditionellen chinesischen Geschichtsschreibung bezeichnet Jianyuan das Ausrufen des ersten Äranamens.,1,"[{'verb': {'upos': 'VERB', 'text': 'bezeichnet', 'id': 6, 'deprel': 'root', 'head': 0}, 'subject': {'upos': 'PROPN', 'text': 'Jianyuan', 'id': 7, 'deprel': 'nsubj', 'head': 6}, 'object': {'upos': 'NOUN', 'text': 'Ausrufen', 'id': 9, 'deprel': 'obj', 'head': 6}}]",['VSO']
926,In Frankreich verursachte die Tuberkulose im Jahr 1918 ein Sechstel der Todesfälle.,1,"[{'verb': {'upos': 'VERB', 'text': 'verursachte', 'id': 3, 'deprel': 'root', 'head': 0}, 'subject': {'upos': 'NOUN', 'text': 'Tuberkulose', 'id': 5, 'deprel': 'nsubj', 'head': 3}, 'object': {'upos': 'NOUN', 'text': 'Sechstel', 'id': 11, 'deprel': 'obj', 'head': 3}}]",['VSO']
269,"In Japan könnten Soldaten Eliten sein, da während des Neo-Konfuzianismus in Japan einige Militärs und Geistliche die herrschende Elite bildeten.",1,"[{'subject': {'upos': 'NOUN', 'text': 'Militärs', 'id': 17, 'deprel': 'nsubj', 'head': 23}, 'object': {'upos': 'NOUN', 'text': 'Elite', 'id': 22, 'deprel': 'obj', 'head': 23}, 'verb': {'upos': 'VERB', 'text': 'bildeten', 'id': 23, 'deprel': 'advcl', 'head': 5}}]",['SOV']
1370,In Schuschenskoje heiratete er Nadeschda Krupskaja.,1,"[{'verb': {'upos': 'VERB', 'text': 'heiratete', 'id': 3, 'deprel': 'root', 'head': 0}, 'subject': {'upos': 'PRON', 'text': 'er', 'id': 4, 'deprel': 'nsubj', 'head': 3}, 'object': {'upos': 'PROPN', 'text': 'Nadeschda', 'id': 5, 'deprel': 'obj', 'head': 3}}]",['VSO']
1343,Innerhalb weniger Monaten nach dem Inkrafttreten des Gesetzes ließen sich eine Viertelmillion schwarze Wähler neu registrieren.,1,"[{'verb': {'upos': 'VERB', 'text': 'ließen', 'id': 9, 'deprel': 'root', 'head': 0}, 'object': {'upos': 'PRON', 'text': 'sich', 'id': 10, 'deprel': 'obj', 'head': 9}, 'subject': {'upos': 'NOUN', 'text': 'Wähler', 'id': 14, 'deprel': 'nsubj', 'head': 9}}]",['VOS']
1691,Italien hatte bei allen vier Offensiven etwa 250.000 Mann Verluste.,1,"[{'subject': {'upos': 'PROPN', 'text': 'Italien', 'id': 1, 'deprel': 'nsubj', 'head': 2}, 'verb': {'upos': 'VERB', 'text': 'hatte', 'id': 2, 'deprel': 'root', 'head': 0}, 'object': {'upos': 'NOUN', 'text': 'Verluste', 'id': 10, 'deprel': 'obj', 'head': 2}}]",['SVO']
1218,"Ja, elektrochemische Zellen können Emf zur Verfügung stellen.",1,"[{'subject': {'upos': 'NOUN', 'text': 'Zellen', 'id': 4, 'deprel': 'nsubj', 'head': 10}, 'object': {'upos': 'PROPN', 'text': 'Emf', 'id': 6, 'deprel': 'obj', 'head': 10}, 'verb': {'upos': 'VERB', 'text': 'stellen', 'id': 10, 'deprel': 'root', 'head': 0}}]",['SOV']
611,Jackie erhielt Shrikanth Mathur eine Warnung.,1,"[{'subject': {'upos': 'PROPN', 'text': 'Jackie', 'id': 1, 'deprel': 'nsubj', 'head': 2}, 'verb': {'upos': 'VERB', 'text': 'erhielt', 'id': 2, 'deprel': 'root', 'head': 0}, 'object': {'upos': 'PROPN', 'text': 'Shrikanth', 'id': 3, 'deprel': 'obj', 'head': 2}}]",['SVO']
612,Jackie verrät dann die Wahrheit und wird festgenommen.,1,"[{'subject': {'upos': 'PROPN', 'text': 'Jackie', 'id': 1, 'deprel': 'nsubj', 'head': 2}, 'verb': {'upos': 'VERB', 'text': 'verrät', 'id': 2, 'deprel': 'root', 'head': 0}, 'object': {'upos': 'NOUN', 'text': 'Wahrheit', 'id': 5, 'deprel': 'obj', 'head': 2}}]",['SVO']
1532,James verfolgte Bella nach Phoenix.,1,"[{'subject': {'upos': 'PROPN', 'text': 'James', 'id': 1, 'deprel': 'nsubj', 'head': 2}, 'verb': {'upos': 'VERB', 'text': 'verfolgte', 'id': 2, 'deprel': 'root', 'head': 0}, 'object': {'upos': 'PROPN', 'text': 'Bella', 'id': 3, 'deprel': 'obj', 'head': 2}}]",['SVO']
1858,Januzaj begann seine Fußballkarriere beim FC Brüssel.,1,"[{'subject': {'upos': 'PROPN', 'text': 'Januzaj', 'id': 1, 'deprel': 'nsubj', 'head': 2}, 'verb': {'upos': 'VERB', 'text': 'begann', 'id': 2, 'deprel': 'root', 'head': 0}, 'object': {'upos': 'NOUN', 'text': 'Fußballkarriere', 'id': 4, 'deprel': 'obj', 'head': 2}}]",['SVO']
1800,Jean-Philippe Lauer begann 1948 neue Ausgrabungen.,1,"[{'subject': {'upos': 'PROPN', 'text': 'Jean', 'id': 1, 'deprel': 'nsubj', 'head': 5}, 'verb': {'upos': 'VERB', 'text': 'begann', 'id': 5, 'deprel': 'root', 'head': 0}, 'object': {'upos': 'NOUN', 'text': 'Ausgrabungen', 'id': 8, 'deprel': 'obj', 'head': 5}}]",['SVO']
567,"Jedes Regierungsmitglied nimmt an der feierlichen Parlamentseröffnung teil, bei der der Monarch die Thronrede hält.",1,"[{'subject': {'upos': 'NOUN', 'text': 'Monarch', 'id': 13, 'deprel': 'nsubj', 'head': 16}, 'object': {'upos': 'NOUN', 'text': 'Thronrede', 'id': 15, 'deprel': 'obj', 'head': 16}, 'verb': {'upos': 'VERB', 'text': 'hält', 'id': 16, 'deprel': 'acl', 'head': 7}}]",['SOV']
1874,Jianmei erhielt 2010 den Simone-de-Beauvoir-Preis.,1,"[{'subject': {'upos': 'PROPN', 'text': 'Jianmei', 'id': 1, 'deprel': 'nsubj', 'head': 2}, 'verb': {'upos': 'VERB', 'text': 'erhielt', 'id': 2, 'deprel': 'root', 'head': 0}, 'object': {'upos': 'PROPN', 'text': 'Simone', 'id': 5, 'deprel': 'obj', 'head': 2}}]",['SVO']
1681,John Cornyn schlug Kirk im Wahlkampf um den Senatsposten.,1,"[{'subject': {'upos': 'PROPN', 'text': 'John', 'id': 1, 'deprel': 'nsubj', 'head': 3}, 'verb': {'upos': 'VERB', 'text': 'schlug', 'id': 3, 'deprel': 'root', 'head': 0}, 'object': {'upos': 'PROPN', 'text': 'Kirk', 'id': 4, 'deprel': 'obj', 'head': 3}}]",['SVO']
688,"Jon besuchte ab und zu seinen Vater, den Farmer, auf der Familienfarm.",1,"[{'subject': {'upos': 'PROPN', 'text': 'Jon', 'id': 1, 'deprel': 'nsubj', 'head': 2}, 'verb': {'upos': 'VERB', 'text': 'besuchte', 'id': 2, 'deprel': 'root', 'head': 0}, 'object': {'upos': 'NOUN', 'text': 'Vater', 'id': 7, 'deprel': 'obj', 'head': 2}}]",['SVO']
1821,Jöns Jakob Berzelius gab Proteinen ihren Namen.,1,"[{'subject': {'upos': 'PROPN', 'text': 'Jöns', 'id': 1, 'deprel': 'nsubj', 'head': 4}, 'verb': {'upos': 'VERB', 'text': 'gab', 'id': 4, 'deprel': 'root', 'head': 0}, 'object': {'upos': 'NOUN', 'text': 'Proteinen', 'id': 5, 'deprel': 'obj', 'head': 4}}]",['SVO']
1852,Kaizen bezeichnet eine japanische Lebens- und Arbeitsphilosophie sowie ein methodisches Konzept zur kontinuierlichen und unendlichen Verbesserung von Produkten oder Prozessen.,1,"[{'subject': {'upos': 'PROPN', 'text': 'Kaizen', 'id': 1, 'deprel': 'nsubj', 'head': 2}, 'verb': {'upos': 'VERB', 'text': 'bezeichnet', 'id': 2, 'deprel': 'root', 'head': 0}, 'object': {'upos': 'NOUN', 'text': 'Lebens', 'id': 5, 'deprel': 'obj', 'head': 2}}]",['SVO']
597,"Kane hat keine Tag-Team-Meisterschaft gewonnen, die im Text erwähnt wird.",1,"[{'subject': {'upos': 'PROPN', 'text': 'Kane', 'id': 1, 'deprel': 'nsubj', 'head': 9}, 'object': {'upos': 'NOUN', 'text': 'Meisterschaft', 'id': 8, 'deprel': 'obj', 'head': 9}, 'verb': {'upos': 'VERB', 'text': 'gewonnen', 'id': 9, 'deprel': 'root', 'head': 0}}]",['SOV']
439,Kang aktivierte Cerberus.,1,"[{'subject': {'upos': 'PROPN', 'text': 'Kang', 'id': 1, 'deprel': 'nsubj', 'head': 2}, 'verb': {'upos': 'VERB', 'text': 'aktivierte', 'id': 2, 'deprel': 'root', 'head': 0}, 'object': {'upos': 'PROPN', 'text': 'Cerberus', 'id': 3, 'deprel': 'obj', 'head': 2}}]",['SVO']
438,Kang will die Nuklearwaffen der Vereinigten Staaten in deren Raketensilos in die Luft sprengen.,1,"[{'subject': {'upos': 'PROPN', 'text': 'Kang', 'id': 1, 'deprel': 'nsubj', 'head': 14}, 'object': {'upos': 'NOUN', 'text': 'Nuklearwaffen', 'id': 4, 'deprel': 'obj', 'head': 14}, 'verb': {'upos': 'VERB', 'text': 'sprengen', 'id': 14, 'deprel': 'root', 'head': 0}}]",['SOV']
870,"Khan gestand 1994, dass er während Test Matches gelegentlich den Ball manipuliert hat.",1,"[{'subject': {'upos': 'PRON', 'text': 'er', 'id': 6, 'deprel': 'nsubj', 'head': 13}, 'object': {'upos': 'NOUN', 'text': 'Ball', 'id': 12, 'deprel': 'obj', 'head': 13}, 'verb': {'upos': 'VERB', 'text': 'manipuliert', 'id': 13, 'deprel': 'advcl', 'head': 2}}]",['SOV']
863,Khan ging nach England und besuchte die Royal Grammar School in Worcester.,1,"[{'subject': {'upos': 'PROPN', 'text': 'Khan', 'id': 1, 'deprel': 'nsubj', 'head': 2}, 'verb': {'upos': 'VERB', 'text': 'besuchte', 'id': 6, 'deprel': 'conj', 'head': 2}, 'object': {'upos': 'PROPN', 'text': 'Royal', 'id': 8, 'deprel': 'obj', 'head': 6}}]",['SVO']
865,Khan spielte 88 Test Matches während seiner gesamten Karriere.,1,"[{'subject': {'upos': 'PROPN', 'text': 'Khan', 'id': 1, 'deprel': 'nsubj', 'head': 2}, 'verb': {'upos': 'VERB', 'text': 'spielte', 'id': 2, 'deprel': 'root', 'head': 0}, 'object': {'upos': 'NOUN', 'text': 'Matches', 'id': 5, 'deprel': 'obj', 'head': 2}}]",['SVO']
1680,Kirk erlangte 1979 den Titel Juris Doctor der University of Texas.,1,"[{'subject': {'upos': 'PROPN', 'text': 'Kirk', 'id': 1, 'deprel': 'nsubj', 'head': 2}, 'verb': {'upos': 'VERB', 'text': 'erlangte', 'id': 2, 'deprel': 'root', 'head': 0}, 'object': {'upos': 'NOUN', 'text': 'Titel', 'id': 5, 'deprel': 'obj', 'head': 2}}]",['SVO']
1694,"Kitts and Nevis umfasst elf gewählte und drei vom Generalgouverneur ernannte Mitglieder, wobei acht Sitze für St.",1,"[{'subject': {'upos': 'PROPN', 'text': 'Kitts', 'id': 1, 'deprel': 'nsubj', 'head': 4}, 'verb': {'upos': 'VERB', 'text': 'umfasst', 'id': 4, 'deprel': 'root', 'head': 0}, 'object': {'upos': 'NOUN', 'text': 'Mitglieder', 'id': 13, 'deprel': 'obj', 'head': 4}}]",['SVO']
1780,Knight machte seinen Abschluss an der University of Oregon mit dem Bachelor of Business Administration.,1,"[{'subject': {'upos': 'PROPN', 'text': 'Knight', 'id': 1, 'deprel': 'nsubj', 'head': 2}, 'verb': {'upos': 'VERB', 'text': 'machte', 'id': 2, 'deprel': 'root', 'head': 0}, 'object': {'upos': 'NOUN', 'text': 'Abschluss', 'id': 4, 'deprel': 'obj', 'head': 2}}]",['SVO']
50,"Kohlenstoffaussonderung kann den Effekt der Verbrennung fossiler Brennstoffe reduzieren, bis erneuerbare Energien kostengünstiger zur Verfügung stehen.",1,"[{'subject': {'upos': 'NOUN', 'text': 'Kohlenstoffaussonderung', 'id': 1, 'deprel': 'nsubj', 'head': 9}, 'object': {'upos': 'NOUN', 'text': 'Effekt', 'id': 4, 'deprel': 'obj', 'head': 9}, 'verb': {'upos': 'VERB', 'text': 'reduzieren', 'id': 9, 'deprel': 'root', 'head': 0}}]",['SOV']
430,"Krishna versprach seiner Großmutter, niemandem von seinen Kräften zu erzählen, damit sie ihn gehen ließ.",1,"[{'subject': {'upos': 'PRON', 'text': 'sie', 'id': 14, 'deprel': 'nsubj', 'head': 17}, 'object': {'upos': 'PRON', 'text': 'ihn', 'id': 15, 'deprel': 'obj', 'head': 17}, 'verb': {'upos': 'VERB', 'text': 'ließ', 'id': 17, 'deprel': 'advcl', 'head': 11}}]",['SOV']
20,Kurtiss baute knapp 1100 Curtiss P-36 Hawk Flugzeuge.,1,"[{'subject': {'upos': 'PROPN', 'text': 'Kurtiss', 'id': 1, 'deprel': 'nsubj', 'head': 2}, 'verb': {'upos': 'VERB', 'text': 'baute', 'id': 2, 'deprel': 'root', 'head': 0}, 'object': {'upos': 'PROPN', 'text': 'Curtiss', 'id': 5, 'deprel': 'obj', 'head': 2}}]",['SVO']
418,Lam hat oft die Vertretung weiblicher Schauspielerinnen als Stuntman und Kampfsport-Trainer bei den Shaw-Brothers-Studios übernommen.,1,"[{'subject': {'upos': 'PROPN', 'text': 'Lam', 'id': 1, 'deprel': 'nsubj', 'head': 21}, 'object': {'upos': 'NOUN', 'text': 'Vertretung', 'id': 5, 'deprel': 'obj', 'head': 21}, 'verb': {'upos': 'VERB', 'text': 'übernommen', 'id': 21, 'deprel': 'root', 'head': 0}}]",['SOV']
1361,Lanes Mutter hatte die Karrieren einer Schauspiellehrerin und einer Nachtclubtänzerin.,1,"[{'subject': {'upos': 'NOUN', 'text': 'Mutter', 'id': 2, 'deprel': 'nsubj', 'head': 3}, 'verb': {'upos': 'VERB', 'text': 'hatte', 'id': 3, 'deprel': 'root', 'head': 0}, 'object': {'upos': 'NOUN', 'text': 'Karrieren', 'id': 5, 'deprel': 'obj', 'head': 3}}]",['SVO']
1481,Laveran erhielt 1907 den Nobelpreis für Physiologie oder Medizin.,1,"[{'subject': {'upos': 'PROPN', 'text': 'Laveran', 'id': 1, 'deprel': 'nsubj', 'head': 2}, 'verb': {'upos': 'VERB', 'text': 'erhielt', 'id': 2, 'deprel': 'root', 'head': 0}, 'object': {'upos': 'NOUN', 'text': 'Nobelpreis', 'id': 5, 'deprel': 'obj', 'head': 2}}]",['SVO']
1716,Leonid Breschnew führte die Soviets letztlich an.,1,"[{'subject': {'upos': 'PROPN', 'text': 'Leonid', 'id': 1, 'deprel': 'nsubj', 'head': 3}, 'verb': {'upos': 'VERB', 'text': 'führte', 'id': 3, 'deprel': 'root', 'head': 0}, 'object': {'upos': 'PROPN', 'text': 'Soviets', 'id': 5, 'deprel': 'obj', 'head': 3}}]",['SVO']
1592,MacMillan hielt die Rede im Februar 1960 in Kapstadt.,1,"[{'subject': {'upos': 'PROPN', 'text': 'MacMillan', 'id': 1, 'deprel': 'nsubj', 'head': 2}, 'verb': {'upos': 'VERB', 'text': 'hielt', 'id': 2, 'deprel': 'root', 'head': 0}, 'object': {'upos': 'NOUN', 'text': 'Rede', 'id': 4, 'deprel': 'obj', 'head': 2}}]",['SVO']
359,"Madonna hat das Lied ""Who's That Girl"" gesungen.",1,"[{'subject': {'upos': 'PROPN', 'text': 'Madonna', 'id': 1, 'deprel': 'nsubj', 'head': 10}, 'object': {'upos': 'NOUN', 'text': 'Lied', 'id': 4, 'deprel': 'obj', 'head': 10}, 'verb': {'upos': 'VERB', 'text': 'gesungen', 'id': 10, 'deprel': 'root', 'head': 0}}]",['SOV']
410,Madonna spielte sowohl die Rolle der katholischen Frau als auch die der Latina in Madonnas Musikvideo.,1,"[{'subject': {'upos': 'PROPN', 'text': 'Madonna', 'id': 1, 'deprel': 'nsubj', 'head': 2}, 'verb': {'upos': 'VERB', 'text': 'spielte', 'id': 2, 'deprel': 'root', 'head': 0}, 'object': {'upos': 'NOUN', 'text': 'Rolle', 'id': 5, 'deprel': 'obj', 'head': 2}}]",['SVO']
287,Magnentius beging Selbstmord nach seiner Niederlage in der Schlacht am Mons Seleucus im Jahr 353.,1,"[{'subject': {'upos': 'PROPN', 'text': 'Magnentius', 'id': 1, 'deprel': 'nsubj', 'head': 2}, 'verb': {'upos': 'VERB', 'text': 'beging', 'id': 2, 'deprel': 'root', 'head': 0}, 'object': {'upos': 'NOUN', 'text': 'Selbstmord', 'id': 3, 'deprel': 'obj', 'head': 2}}]",['SVO']
357,Major General Gordon Bennett hatte das Kommando in der 8.,1,"[{'subject': {'upos': 'PROPN', 'text': 'General', 'id': 2, 'deprel': 'nsubj', 'head': 5}, 'verb': {'upos': 'VERB', 'text': 'hatte', 'id': 5, 'deprel': 'root', 'head': 0}, 'object': {'upos': 'NOUN', 'text': 'Kommando', 'id': 7, 'deprel': 'obj', 'head': 5}}]",['SVO']
1892,"Malampa leitet sich von den Namen der Hauptinseln Malakula, Ambrym und Paama ab.",1,"[{'subject': {'upos': 'PROPN', 'text': 'Malampa', 'id': 1, 'deprel': 'nsubj', 'head': 2}, 'verb': {'upos': 'VERB', 'text': 'leitet', 'id': 2, 'deprel': 'root', 'head': 0}, 'object': {'upos': 'PRON', 'text': 'sich', 'id': 3, 'deprel': 'obj', 'head': 2}}]",['SVO']
1900,"Man geht davon aus, dass die Puerto-Rico-Amazone mindestens 60 verschiedene Nahrungsbestandteile konsumiert.",1,"[{'subject': {'upos': 'PROPN', 'text': 'Puerto', 'id': 8, 'deprel': 'nsubj', 'head': 17}, 'object': {'upos': 'NOUN', 'text': 'Nahrungsbestandteile', 'id': 16, 'deprel': 'obj', 'head': 17}, 'verb': {'upos': 'VERB', 'text': 'konsumiert', 'id': 17, 'deprel': 'ccomp', 'head': 2}}]",['SOV']
653,"Man kann eine nicht schwer ausgeprägte virale Meningitis ambulant zu Hause mit Bettruhe, Schmerzmitteln und ausreichend Flüssigkeit behandeln.",1,"[{'subject': {'upos': 'PRON', 'text': 'Man', 'id': 1, 'deprel': 'nsubj', 'head': 19}, 'object': {'upos': 'NOUN', 'text': 'Meningitis', 'id': 8, 'deprel': 'obj', 'head': 19}, 'verb': {'upos': 'VERB', 'text': 'behandeln', 'id': 19, 'deprel': 'root', 'head': 0}}]",['SOV']
1009,Manche Betroffenen konsumieren die abgetrennten Hautstücke.,1,"[{'subject': {'upos': 'NOUN', 'text': 'Betroffenen', 'id': 2, 'deprel': 'nsubj', 'head': 3}, 'verb': {'upos': 'VERB', 'text': 'konsumieren', 'id': 3, 'deprel': 'root', 'head': 0}, 'object': {'upos': 'NOUN', 'text': 'Hautstücke', 'id': 6, 'deprel': 'obj', 'head': 3}}]",['SVO']
664,Männer erzielten ein höheres Durchschnittseinkommen von 29.748 $ im Vergleich zu 25.734 $ für Frauen.,1,"[{'subject': {'upos': 'NOUN', 'text': 'Männer', 'id': 1, 'deprel': 'nsubj', 'head': 2}, 'verb': {'upos': 'VERB', 'text': 'erzielten', 'id': 2, 'deprel': 'root', 'head': 0}, 'object': {'upos': 'NOUN', 'text': 'Durchschnittseinkommen', 'id': 5, 'deprel': 'obj', 'head': 2}}]",['SVO']
952,"Männer und Frauen, die in ihrer Lebenszeit Alkoholabhängigkeit entwickeln, sind in der Risikogruppe für Alkoholismus.",1,"[{'subject': {'upos': 'PRON', 'text': 'die', 'id': 5, 'deprel': 'nsubj', 'head': 10}, 'object': {'upos': 'NOUN', 'text': 'Alkoholabhängigkeit', 'id': 9, 'deprel': 'obj', 'head': 10}, 'verb': {'upos': 'VERB', 'text': 'entwickeln', 'id': 10, 'deprel': 'acl', 'head': 1}}]",['SOV']
205,Maressjew erlangte durch seine umfassenden Untersuchungen und Anstrengungen den Doktorgrad der Geschichtswissenschaft und begann im sowjetischen Kriegsveteranen-Komitee zu arbeiten.,1,"[{'subject': {'upos': 'PROPN', 'text': 'Maressjew', 'id': 1, 'deprel': 'nsubj', 'head': 2}, 'verb': {'upos': 'VERB', 'text': 'erlangte', 'id': 2, 'deprel': 'root', 'head': 0}, 'object': {'upos': 'NOUN', 'text': 'Doktorgrad', 'id': 10, 'deprel': 'obj', 'head': 2}}]",['SVO']
1255,Megadeth hat weltweit mehr als 25 Millionen Alben verkauft.,1,"[{'subject': {'upos': 'PROPN', 'text': 'Megadeth', 'id': 1, 'deprel': 'nsubj', 'head': 9}, 'object': {'upos': 'NOUN', 'text': 'Alben', 'id': 8, 'deprel': 'obj', 'head': 9}, 'verb': {'upos': 'VERB', 'text': 'verkauft', 'id': 9, 'deprel': 'root', 'head': 0}}]",['SOV']
1778,Messis Hauptstiftung heißt die Leo Messi Stiftung.,1,"[{'object': {'upos': 'NOUN', 'text': 'Hauptstiftung', 'id': 2, 'deprel': 'obj', 'head': 3}, 'verb': {'upos': 'VERB', 'text': 'heißt', 'id': 3, 'deprel': 'root', 'head': 0}, 'subject': {'upos': 'PROPN', 'text': 'Leo', 'id': 5, 'deprel': 'nsubj', 'head': 3}}]",['OVS']
1118,Mexiko hat 31 Bundesstaaten.,1,"[{'subject': {'upos': 'PROPN', 'text': 'Mexiko', 'id': 1, 'deprel': 'nsubj', 'head': 2}, 'verb': {'upos': 'VERB', 'text': 'hat', 'id': 2, 'deprel': 'root', 'head': 0}, 'object': {'upos': 'NOUN', 'text': 'Bundesstaaten', 'id': 4, 'deprel': 'obj', 'head': 2}}]",['SVO']
341,Michaël Van Canneyt erzeugte den Linux-Port für das anfängliche 32-Bit-Programm Free Pascal.,1,"[{'subject': {'upos': 'PROPN', 'text': 'Michaël', 'id': 1, 'deprel': 'nsubj', 'head': 4}, 'verb': {'upos': 'VERB', 'text': 'erzeugte', 'id': 4, 'deprel': 'root', 'head': 0}, 'object': {'upos': 'PROPN', 'text': 'Linux', 'id': 6, 'deprel': 'obj', 'head': 4}}]",['SVO']
1342,Mississippi hatte 1965 die höchste Wahlbeteiligung unter der schwarzen Bevölkerung mit 74 %.,1,"[{'subject': {'upos': 'PROPN', 'text': 'Mississippi', 'id': 1, 'deprel': 'nsubj', 'head': 2}, 'verb': {'upos': 'VERB', 'text': 'hatte', 'id': 2, 'deprel': 'root', 'head': 0}, 'object': {'upos': 'NOUN', 'text': 'Wahlbeteiligung', 'id': 6, 'deprel': 'obj', 'head': 2}}]",['SVO']
1876,"Mit der angenommenen Halbwertszeit des Protons und dem Alter des Universums von 1040 Jahren, sind etwa 1000 Halbwertszeiten vergangen, was bedeuten würde, dass sich die Anzahl der Protonen 1000-mal halbiert hat.",1,"[{'object': {'upos': 'PRON', 'text': 'sich', 'id': 27, 'deprel': 'obj', 'head': 33}, 'subject': {'upos': 'NOUN', 'text': 'Anzahl', 'id': 29, 'deprel': 'nsubj', 'head': 33}, 'verb': {'upos': 'VERB', 'text': 'halbiert', 'id': 33, 'deprel': 'ccomp', 'head': 23}}]",['OSV']
1845,Mit Elizabeth Blackburn teilte Albert Lasker den Award for Basic Medical Research.,1,"[{'verb': {'upos': 'VERB', 'text': 'teilte', 'id': 4, 'deprel': 'root', 'head': 0}, 'subject': {'upos': 'PROPN', 'text': 'Albert', 'id': 5, 'deprel': 'nsubj', 'head': 4}, 'object': {'upos': 'PROPN', 'text': 'Award', 'id': 8, 'deprel': 'obj', 'head': 4}}]",['VSO']
1084,"Morse hörte Vorlesungen über Elektrizität an Yale, bei Benjamin Silliman sr.",1,"[{'subject': {'upos': 'PROPN', 'text': 'Morse', 'id': 1, 'deprel': 'nsubj', 'head': 2}, 'verb': {'upos': 'VERB', 'text': 'hörte', 'id': 2, 'deprel': 'root', 'head': 0}, 'object': {'upos': 'NOUN', 'text': 'Vorlesungen', 'id': 3, 'deprel': 'obj', 'head': 2}}]",['SVO']
266,"Myanmar teilt die längste Grenze, da es 1.800 km lang ist.",1,"[{'subject': {'upos': 'PROPN', 'text': 'Myanmar', 'id': 1, 'deprel': 'nsubj', 'head': 2}, 'verb': {'upos': 'VERB', 'text': 'teilt', 'id': 2, 'deprel': 'root', 'head': 0}, 'object': {'upos': 'NOUN', 'text': 'Grenze', 'id': 5, 'deprel': 'obj', 'head': 2}}]",['SVO']
1225,"Nach dem Abitur ging Ulrich Beck 1966 an die Universität Freiburg im Breisgau, wo er Rechtswissenschaften studierte.",1,"[{'subject': {'upos': 'PRON', 'text': 'er', 'id': 17, 'deprel': 'nsubj', 'head': 19}, 'object': {'upos': 'NOUN', 'text': 'Rechtswissenschaften', 'id': 18, 'deprel': 'obj', 'head': 19}, 'verb': {'upos': 'VERB', 'text': 'studierte', 'id': 19, 'deprel': 'acl', 'head': 10}}]",['SOV']
360,Nach dem König bestieg sein Sohn den Thron.,1,"[{'verb': {'upos': 'VERB', 'text': 'bestieg', 'id': 4, 'deprel': 'root', 'head': 0}, 'subject': {'upos': 'NOUN', 'text': 'Sohn', 'id': 6, 'deprel': 'nsubj', 'head': 4}, 'object': {'upos': 'NOUN', 'text': 'Thron', 'id': 8, 'deprel': 'obj', 'head': 4}}]",['VSO']
1915,"Nach dem Sturz Napoleons herrschte in Spanien wieder der Absolutismus, der die Cádiz-Verfassung außer Kraft setzte und Puerto Rico in den früheren Status einer Kolonie versetzte, die der uneingeschränkten Macht des spanischen Monarchen unterworfen war.",1,"[{'subject': {'upos': 'PRON', 'text': 'der', 'id': 12, 'deprel': 'nsubj', 'head': 19}, 'object': {'upos': 'PROPN', 'text': 'Cádiz', 'id': 14, 'deprel': 'obj', 'head': 19}, 'verb': {'upos': 'VERB', 'text': 'setzte', 'id': 19, 'deprel': 'acl', 'head': 10}}]",['SOV']
1622,Nach dem Zweiten Weltkrieg konnten die Unabhängigkeitsbewegungen und die Dekolonisation eine Vollendung der politischen Integration Afrikas unmöglich machen.,1,"[{'subject': {'upos': 'NOUN', 'text': 'Unabhängigkeitsbewegungen', 'id': 7, 'deprel': 'nsubj', 'head': 18}, 'object': {'upos': 'NOUN', 'text': 'Vollendung', 'id': 12, 'deprel': 'obj', 'head': 18}, 'verb': {'upos': 'VERB', 'text': 'machen', 'id': 18, 'deprel': 'root', 'head': 0}}]",['SOV']
1588,Nach der Kapitulation der Japaner richteten die anti-japanischen Widerstandsbewegungen ihre Aufmerksamkeit auf die Briten.,1,"[{'verb': {'upos': 'VERB', 'text': 'richteten', 'id': 6, 'deprel': 'root', 'head': 0}, 'subject': {'upos': 'NOUN', 'text': 'Widerstandsbewegungen', 'id': 11, 'deprel': 'nsubj', 'head': 6}, 'object': {'upos': 'NOUN', 'text': 'Aufmerksamkeit', 'id': 13, 'deprel': 'obj', 'head': 6}}]",['VSO']
902,"Nach der Umstellung des Korbes muss der Ball erst den Korb berühren, bevor er wieder frei spielbar ist.",1,"[{'subject': {'upos': 'NOUN', 'text': 'Ball', 'id': 8, 'deprel': 'nsubj', 'head': 12}, 'object': {'upos': 'NOUN', 'text': 'Korb', 'id': 11, 'deprel': 'obj', 'head': 12}, 'verb': {'upos': 'VERB', 'text': 'berühren', 'id': 12, 'deprel': 'root', 'head': 0}}]",['SOV']
1400,Nach einem Monat erreichte die Scott-Expedition den Südpol.,1,"[{'verb': {'upos': 'VERB', 'text': 'erreichte', 'id': 4, 'deprel': 'root', 'head': 0}, 'subject': {'upos': 'PROPN', 'text': 'Scott', 'id': 6, 'deprel': 'nsubj', 'head': 4}, 'object': {'upos': 'NOUN', 'text': 'Südpol', 'id': 10, 'deprel': 'obj', 'head': 4}}]",['VSO']
1373,Nach seinem Dienst in Bosnien begann Sajjan seine Karriere im Vancouver Police Department.,1,"[{'verb': {'upos': 'VERB', 'text': 'begann', 'id': 6, 'deprel': 'root', 'head': 0}, 'subject': {'upos': 'PROPN', 'text': 'Sajjan', 'id': 7, 'deprel': 'nsubj', 'head': 6}, 'object': {'upos': 'NOUN', 'text': 'Karriere', 'id': 9, 'deprel': 'obj', 'head': 6}}]",['VSO']
1668,"Nach seinem Regierungsantritt 1403 entsandte Kaiser Yongle unmittelbar Gesandte in zahlreiche Länder, um sie einzuladen, Tribut an China zu entsenden.",1,"[{'verb': {'upos': 'VERB', 'text': 'entsandte', 'id': 5, 'deprel': 'root', 'head': 0}, 'subject': {'upos': 'PROPN', 'text': 'Kaiser', 'id': 6, 'deprel': 'nsubj', 'head': 5}, 'object': {'upos': 'NOUN', 'text': 'Gesandte', 'id': 9, 'deprel': 'obj', 'head': 5}}]",['VSO']
1374,"Nachdem Ambedkar zum Justizminister ernannt wurde, bekleidete er den Vorsitz im Verfassungskomitee und war maßgeblich an der Ausarbeitung der indischen Verfassung beteiligt.",1,"[{'verb': {'upos': 'VERB', 'text': 'bekleidete', 'id': 9, 'deprel': 'root', 'head': 0}, 'subject': {'upos': 'PRON', 'text': 'er', 'id': 10, 'deprel': 'nsubj', 'head': 9}, 'object': {'upos': 'NOUN', 'text': 'Vorsitz', 'id': 12, 'deprel': 'obj', 'head': 9}}]",['VSO']
1672,"Nein, Augustinus taufte sich nicht zusammen mit Ambrosius.",1,"[{'subject': {'upos': 'PROPN', 'text': 'Augustinus', 'id': 3, 'deprel': 'nsubj', 'head': 4}, 'verb': {'upos': 'VERB', 'text': 'taufte', 'id': 4, 'deprel': 'root', 'head': 0}, 'object': {'upos': 'PRON', 'text': 'sich', 'id': 5, 'deprel': 'obj', 'head': 4}}]",['SVO']
1129,"Nein, Musik aus konkurrierenden Musikshops wie Musicload, die DRM-geschützt ist, lässt sich auf dem iPod nicht abspielen.",1,"[{'subject': {'upos': 'NOUN', 'text': 'Musik', 'id': 3, 'deprel': 'nsubj', 'head': 16}, 'verb': {'upos': 'VERB', 'text': 'lässt', 'id': 16, 'deprel': 'root', 'head': 0}, 'object': {'upos': 'PRON', 'text': 'sich', 'id': 17, 'deprel': 'obj', 'head': 16}}]",['SVO']
304,"Neutrinooszillationen zeigen, dass Neutrinos eine Masse haben.",1,"[{'subject': {'upos': 'NOUN', 'text': 'Neutrinos', 'id': 5, 'deprel': 'nsubj', 'head': 8}, 'object': {'upos': 'NOUN', 'text': 'Masse', 'id': 7, 'deprel': 'obj', 'head': 8}, 'verb': {'upos': 'VERB', 'text': 'haben', 'id': 8, 'deprel': 'ccomp', 'head': 2}}]",['SOV']
180,North American Aviation entwarf den NA-130-Entwurf.,1,"[{'subject': {'upos': 'PROPN', 'text': 'Aviation', 'id': 3, 'deprel': 'nsubj', 'head': 4}, 'verb': {'upos': 'VERB', 'text': 'entwarf', 'id': 4, 'deprel': 'root', 'head': 0}, 'object': {'upos': 'PROPN', 'text': 'NA-130', 'id': 6, 'deprel': 'obj', 'head': 4}}]",['SVO']
1853,"Nostoc ist eine Gattung von Cyanobakterien, die kugelige oder hautartige Kolonien aus langen, unverzweigten Zellschnüren in einer gelatinösen Hülle bilden.",1,"[{'subject': {'upos': 'PRON', 'text': 'die', 'id': 8, 'deprel': 'nsubj', 'head': 22}, 'object': {'upos': 'NOUN', 'text': 'Kolonien', 'id': 12, 'deprel': 'obj', 'head': 22}, 'verb': {'upos': 'VERB', 'text': 'bilden', 'id': 22, 'deprel': 'acl', 'head': 4}}]",['SOV']
1583,Nova Scotia erhielt als erste Kolonie eine eigenverantwortliche Regierung 1848.,1,"[{'subject': {'upos': 'PROPN', 'text': 'Nova', 'id': 1, 'deprel': 'nsubj', 'head': 3}, 'verb': {'upos': 'VERB', 'text': 'erhielt', 'id': 3, 'deprel': 'root', 'head': 0}, 'object': {'upos': 'NOUN', 'text': 'Regierung', 'id': 9, 'deprel': 'obj', 'head': 3}}]",['SVO']
1964,November sahen sich auch die übrigen deutschen Monarchen zur Abdankung gezwungen.,1,"[{'verb': {'upos': 'VERB', 'text': 'sahen', 'id': 2, 'deprel': 'root', 'head': 0}, 'object': {'upos': 'PRON', 'text': 'sich', 'id': 3, 'deprel': 'obj', 'head': 2}, 'subject': {'upos': 'NOUN', 'text': 'Monarchen', 'id': 8, 'deprel': 'nsubj', 'head': 2}}]",['VOS']
1666,Nur chinesische Texte geben einige Hinweise zur Frühgeschichte wieder.,1,"[{'subject': {'upos': 'NOUN', 'text': 'Texte', 'id': 3, 'deprel': 'nsubj', 'head': 4}, 'verb': {'upos': 'VERB', 'text': 'geben', 'id': 4, 'deprel': 'root', 'head': 0}, 'object': {'upos': 'NOUN', 'text': 'Hinweise', 'id': 6, 'deprel': 'obj', 'head': 4}}]",['SVO']
1933,"OFID beschäftigt sich mit Tuberkulose, Malaria und durch Wasser übertragbaren Krankheiten.",1,"[{'subject': {'upos': 'PROPN', 'text': 'OFID', 'id': 1, 'deprel': 'nsubj', 'head': 2}, 'verb': {'upos': 'VERB', 'text': 'beschäftigt', 'id': 2, 'deprel': 'root', 'head': 0}, 'object': {'upos': 'PRON', 'text': 'sich', 'id': 3, 'deprel': 'obj', 'head': 2}}]",['SVO']
1928,OFID erhöht das Volumen seiner Geschäftstätigkeit im Energiesektor.,1,"[{'subject': {'upos': 'PROPN', 'text': 'OFID', 'id': 1, 'deprel': 'nsubj', 'head': 2}, 'verb': {'upos': 'VERB', 'text': 'erhöht', 'id': 2, 'deprel': 'root', 'head': 0}, 'object': {'upos': 'NOUN', 'text': 'Volumen', 'id': 4, 'deprel': 'obj', 'head': 2}}]",['SVO']
1934,"OFID's Vorzeige-Initiative ""Energy for the Poor"" konzentriert sich hauptsächlich auf die Bereitstellung von innovativen Energielösungen für nicht an das Stromnetz angeschlossene ländliche Haushalte.",1,"[{'subject': {'upos': 'NOUN', 'text': 'Initiative', 'id': 5, 'deprel': 'nsubj', 'head': 12}, 'verb': {'upos': 'VERB', 'text': 'konzentriert', 'id': 12, 'deprel': 'root', 'head': 0}, 'object': {'upos': 'PRON', 'text': 'sich', 'id': 13, 'deprel': 'obj', 'head': 12}}]",['SVO']
1718,"Over 70,000 Rekruten meldeten sich in Kambodscha.",1,"[{'subject': {'upos': 'NOUN', 'text': 'Rekruten', 'id': 3, 'deprel': 'nsubj', 'head': 4}, 'verb': {'upos': 'VERB', 'text': 'meldeten', 'id': 4, 'deprel': 'root', 'head': 0}, 'object': {'upos': 'PRON', 'text': 'sich', 'id': 5, 'deprel': 'obj', 'head': 4}}]",['SVO']
207,Pan Am und Iran Air haben die 747SP angefordert.,1,"[{'subject': {'upos': 'PROPN', 'text': 'Pan', 'id': 1, 'deprel': 'nsubj', 'head': 9}, 'object': {'upos': 'PROPN', 'text': '747SP', 'id': 8, 'deprel': 'obj', 'head': 9}, 'verb': {'upos': 'VERB', 'text': 'angefordert', 'id': 9, 'deprel': 'root', 'head': 0}}]",['SOV']
1007,Parmly hat die moderne Zahnseide erfunden.,1,"[{'subject': {'upos': 'PROPN', 'text': 'Parmly', 'id': 1, 'deprel': 'nsubj', 'head': 6}, 'object': {'upos': 'NOUN', 'text': 'Zahnseide', 'id': 5, 'deprel': 'obj', 'head': 6}, 'verb': {'upos': 'VERB', 'text': 'erfunden', 'id': 6, 'deprel': 'root', 'head': 0}}]",['SOV']
644,"Paul T. Scheuring war an Prison Break interessiert, bevor er sich dem Projekt zurückzog.",1,"[{'subject': {'upos': 'PRON', 'text': 'er', 'id': 11, 'deprel': 'nsubj', 'head': 15}, 'object': {'upos': 'PRON', 'text': 'sich', 'id': 12, 'deprel': 'obj', 'head': 15}, 'verb': {'upos': 'VERB', 'text': 'zurückzog', 'id': 15, 'deprel': 'advcl', 'head': 8}}]",['SOV']
1755,"Pauli und Miller waren der Meinung, dass sowohl Ignatowskis als auch Franks/Rothes Herleitungen der Lorentz-Transformation nicht vollständig wären, da sie die Lichtgeschwindigkeit nicht eindeutig identifizieren konnten.",1,"[{'subject': {'upos': 'PRON', 'text': 'sie', 'id': 24, 'deprel': 'nsubj', 'head': 29}, 'object': {'upos': 'NOUN', 'text': 'Lichtgeschwindigkeit', 'id': 26, 'deprel': 'obj', 'head': 29}, 'verb': {'upos': 'VERB', 'text': 'identifizieren', 'id': 29, 'deprel': 'advcl', 'head': 20}}]",['SOV']
331,Pauling veröffentlichte in den 1930er-Jahren Aufsätze über die Natur chemischer Bindungen.,1,"[{'subject': {'upos': 'PROPN', 'text': 'Pauling', 'id': 1, 'deprel': 'nsubj', 'head': 2}, 'verb': {'upos': 'VERB', 'text': 'veröffentlichte', 'id': 2, 'deprel': 'root', 'head': 0}, 'object': {'upos': 'NOUN', 'text': 'Aufsätze', 'id': 8, 'deprel': 'obj', 'head': 2}}]",['SVO']
997,Paulo Freire wurde die Position des Direktors gegeben.,1,"[{'subject': {'upos': 'PROPN', 'text': 'Paulo', 'id': 1, 'deprel': 'nsubj:pass', 'head': 8}, 'object': {'upos': 'NOUN', 'text': 'Position', 'id': 5, 'deprel': 'obj', 'head': 8}, 'verb': {'upos': 'VERB', 'text': 'gegeben', 'id': 8, 'deprel': 'root', 'head': 0}}]",['SOV']
123,Pawljutschenko begann seine Karriere als Profifußballer 1998 beim südrussischen Zweitligisten Dynamo Stawropol.,1,"[{'subject': {'upos': 'PROPN', 'text': 'Pawljutschenko', 'id': 1, 'deprel': 'nsubj', 'head': 2}, 'verb': {'upos': 'VERB', 'text': 'begann', 'id': 2, 'deprel': 'root', 'head': 0}, 'object': {'upos': 'NOUN', 'text': 'Karriere', 'id': 4, 'deprel': 'obj', 'head': 2}}]",['SVO']
1384,Philip Seymour Hoffman erhielt eine Nominierung für den Oscar als bester Nebendarsteller (2008).,1,"[{'subject': {'upos': 'PROPN', 'text': 'Philip', 'id': 1, 'deprel': 'nsubj', 'head': 4}, 'verb': {'upos': 'VERB', 'text': 'erhielt', 'id': 4, 'deprel': 'root', 'head': 0}, 'object': {'upos': 'NOUN', 'text': 'Nominierung', 'id': 6, 'deprel': 'obj', 'head': 4}}]",['SVO']
393,Phoebes Mutter Lily hat sich vor Beginn der Serie durch Selbstmord das Leben genommen.,1,"[{'subject': {'upos': 'NOUN', 'text': 'Mutter', 'id': 2, 'deprel': 'nsubj', 'head': 14}, 'object': {'upos': 'PRON', 'text': 'sich', 'id': 5, 'deprel': 'obj', 'head': 14}, 'verb': {'upos': 'VERB', 'text': 'genommen', 'id': 14, 'deprel': 'root', 'head': 0}}]",['SOV']
1252,Picabia gab von 1917 bis 1924 das Dada-Periodikum 391 heraus.,1,"[{'subject': {'upos': 'PROPN', 'text': 'Picabia', 'id': 1, 'deprel': 'nsubj', 'head': 2}, 'verb': {'upos': 'VERB', 'text': 'gab', 'id': 2, 'deprel': 'root', 'head': 0}, 'object': {'upos': 'PROPN', 'text': 'Dada', 'id': 8, 'deprel': 'obj', 'head': 2}}]",['SVO']
429,"Pooja ergibt sich durch ihre Selbstlosigkeit, indem sie am Tag der Hochzeit Tina freigibt, damit diese Raj heiraten kann.",1,"[{'subject': {'upos': 'PROPN', 'text': 'Pooja', 'id': 1, 'deprel': 'nsubj', 'head': 2}, 'verb': {'upos': 'VERB', 'text': 'ergibt', 'id': 2, 'deprel': 'root', 'head': 0}, 'object': {'upos': 'PRON', 'text': 'sich', 'id': 3, 'deprel': 'obj', 'head': 2}}]",['SVO']
428,"Pooja und Raj gestehen einander ihre Liebe und beschließen, heiraten zu wollen.",1,"[{'subject': {'upos': 'PROPN', 'text': 'Pooja', 'id': 1, 'deprel': 'nsubj', 'head': 4}, 'verb': {'upos': 'VERB', 'text': 'gestehen', 'id': 4, 'deprel': 'root', 'head': 0}, 'object': {'upos': 'NOUN', 'text': 'Liebe', 'id': 7, 'deprel': 'obj', 'head': 4}}]",['SVO']
1002,Präsident Ronald Reagan hat 1983 einen Zoll auf Motorräder erhoben.,1,"[{'subject': {'upos': 'PROPN', 'text': 'Ronald', 'id': 2, 'deprel': 'nsubj', 'head': 10}, 'object': {'upos': 'NOUN', 'text': 'Zoll', 'id': 7, 'deprel': 'obj', 'head': 10}, 'verb': {'upos': 'VERB', 'text': 'erhoben', 'id': 10, 'deprel': 'root', 'head': 0}}]",['SOV']
1469,Priyanka Gandhi studierte Psychologie an der University of Delhi.,1,"[{'subject': {'upos': 'PROPN', 'text': 'Priyanka', 'id': 1, 'deprel': 'nsubj', 'head': 3}, 'verb': {'upos': 'VERB', 'text': 'studierte', 'id': 3, 'deprel': 'root', 'head': 0}, 'object': {'upos': 'NOUN', 'text': 'Psychologie', 'id': 4, 'deprel': 'obj', 'head': 3}}]",['SVO']
137,Raimund von Aguilers trug die Reste der Heiligen Lanze.,1,"[{'subject': {'upos': 'PROPN', 'text': 'Raimund', 'id': 1, 'deprel': 'nsubj', 'head': 4}, 'verb': {'upos': 'VERB', 'text': 'trug', 'id': 4, 'deprel': 'root', 'head': 0}, 'object': {'upos': 'NOUN', 'text': 'Reste', 'id': 6, 'deprel': 'obj', 'head': 4}}]",['SVO']
514,Raj ärgerte sich über die Freundschaft zwischen Rohit und Nisha.,1,"[{'subject': {'upos': 'PROPN', 'text': 'Raj', 'id': 1, 'deprel': 'nsubj', 'head': 2}, 'verb': {'upos': 'VERB', 'text': 'ärgerte', 'id': 2, 'deprel': 'root', 'head': 0}, 'object': {'upos': 'PRON', 'text': 'sich', 'id': 3, 'deprel': 'obj', 'head': 2}}]",['SVO']
424,Raj fühlt sich trotz Poojas Liebe zu ihm angezogen von Tina.,1,"[{'subject': {'upos': 'PROPN', 'text': 'Raj', 'id': 1, 'deprel': 'nsubj', 'head': 2}, 'verb': {'upos': 'VERB', 'text': 'fühlt', 'id': 2, 'deprel': 'root', 'head': 0}, 'object': {'upos': 'PRON', 'text': 'sich', 'id': 3, 'deprel': 'obj', 'head': 2}}]",['SVO']
427,Raj hatte einen Aufenthalt von zwei Wochen.,1,"[{'subject': {'upos': 'PROPN', 'text': 'Raj', 'id': 1, 'deprel': 'nsubj', 'head': 2}, 'verb': {'upos': 'VERB', 'text': 'hatte', 'id': 2, 'deprel': 'root', 'head': 0}, 'object': {'upos': 'NOUN', 'text': 'Aufenthalt', 'id': 4, 'deprel': 'obj', 'head': 2}}]",['SVO']
426,"Rajs Vater entschied sich, wegen seines Berufs mit der Familie nach England zu ziehen.",1,"[{'subject': {'upos': 'NOUN', 'text': 'Vater', 'id': 2, 'deprel': 'nsubj', 'head': 3}, 'verb': {'upos': 'VERB', 'text': 'entschied', 'id': 3, 'deprel': 'root', 'head': 0}, 'object': {'upos': 'PRON', 'text': 'sich', 'id': 4, 'deprel': 'obj', 'head': 3}}]",['SVO']
1405,Real Madrid und der FC Barcelona dominierten den Fußball in Spanien.,1,"[{'subject': {'upos': 'PROPN', 'text': 'Real', 'id': 1, 'deprel': 'nsubj', 'head': 7}, 'verb': {'upos': 'VERB', 'text': 'dominierten', 'id': 7, 'deprel': 'root', 'head': 0}, 'object': {'upos': 'NOUN', 'text': 'Fußball', 'id': 9, 'deprel': 'obj', 'head': 7}}]",['SVO']
614,Regie führte Louis Leterrier.,1,"[{'object': {'upos': 'NOUN', 'text': 'Regie', 'id': 1, 'deprel': 'obj', 'head': 2}, 'verb': {'upos': 'VERB', 'text': 'führte', 'id': 2, 'deprel': 'root', 'head': 0}, 'subject': {'upos': 'PROPN', 'text': 'Louis', 'id': 3, 'deprel': 'nsubj', 'head': 2}}]",['OVS']
991,Richard Dawkins kritisiert insbesondere jede Form von Kreationismus und Intelligent Design.,1,"[{'subject': {'upos': 'PROPN', 'text': 'Richard', 'id': 1, 'deprel': 'nsubj', 'head': 3}, 'verb': {'upos': 'VERB', 'text': 'kritisiert', 'id': 3, 'deprel': 'root', 'head': 0}, 'object': {'upos': 'NOUN', 'text': 'Form', 'id': 6, 'deprel': 'obj', 'head': 3}}]",['SVO']
1254,"Richard Matheson schrieb 1956 die Kurzgeschichte ""Steel"".",1,"[{'subject': {'upos': 'PROPN', 'text': 'Richard', 'id': 1, 'deprel': 'nsubj', 'head': 3}, 'verb': {'upos': 'VERB', 'text': 'schrieb', 'id': 3, 'deprel': 'root', 'head': 0}, 'object': {'upos': 'NOUN', 'text': 'Kurzgeschichte', 'id': 6, 'deprel': 'obj', 'head': 3}}]",['SVO']
814,Ridley Scott hat Regie geführt bei Alien – Das unheimliche Wesen aus einer fremden Welt.,1,"[{'subject': {'upos': 'PROPN', 'text': 'Ridley', 'id': 1, 'deprel': 'nsubj', 'head': 5}, 'object': {'upos': 'NOUN', 'text': 'Regie', 'id': 4, 'deprel': 'obj', 'head': 5}, 'verb': {'upos': 'VERB', 'text': 'geführt', 'id': 5, 'deprel': 'root', 'head': 0}}]",['SOV']
102,Rory Kinnear spielt Bill Tanner.,1,"[{'subject': {'upos': 'PROPN', 'text': 'Rory', 'id': 1, 'deprel': 'nsubj', 'head': 3}, 'verb': {'upos': 'VERB', 'text': 'spielt', 'id': 3, 'deprel': 'root', 'head': 0}, 'object': {'upos': 'PROPN', 'text': 'Bill', 'id': 4, 'deprel': 'obj', 'head': 3}}]",['SVO']
1942,"Roza bekam für jeden Auftritt im Nachtclub Taygetos ein Honorar von 200 Drachmen, was zu der Zeit ein sehr hoher Betrag war.",1,"[{'subject': {'upos': 'PROPN', 'text': 'Roza', 'id': 1, 'deprel': 'nsubj', 'head': 2}, 'verb': {'upos': 'VERB', 'text': 'bekam', 'id': 2, 'deprel': 'root', 'head': 0}, 'object': {'upos': 'NOUN', 'text': 'Honorar', 'id': 11, 'deprel': 'obj', 'head': 2}}]",['SVO']
1608,Russland übte eine überraschende Invasion zur Vergeltung aus.,1,"[{'subject': {'upos': 'PROPN', 'text': 'Russland', 'id': 1, 'deprel': 'nsubj', 'head': 2}, 'verb': {'upos': 'VERB', 'text': 'übte', 'id': 2, 'deprel': 'root', 'head': 0}, 'object': {'upos': 'NOUN', 'text': 'Invasion', 'id': 5, 'deprel': 'obj', 'head': 2}}]",['SVO']
240,Sam Childers widmet sein Leben der Unterstützung von Waisenkinder im Südsudan durch das Grüßen des Kindersdorfs Angels of East Africa.,1,"[{'subject': {'upos': 'PROPN', 'text': 'Sam', 'id': 1, 'deprel': 'nsubj', 'head': 3}, 'verb': {'upos': 'VERB', 'text': 'widmet', 'id': 3, 'deprel': 'root', 'head': 0}, 'object': {'upos': 'NOUN', 'text': 'Leben', 'id': 5, 'deprel': 'obj', 'head': 3}}]",['SVO']
921,"Sanabria führte seine neue Methode ein, um den Mangel an Inkubatoren, Betreuungspersonal und weiteren Mitteln am Instituto Materno Infantil in Bogotá zu mindern.",1,"[{'subject': {'upos': 'PROPN', 'text': 'Sanabria', 'id': 1, 'deprel': 'nsubj', 'head': 2}, 'verb': {'upos': 'VERB', 'text': 'führte', 'id': 2, 'deprel': 'root', 'head': 0}, 'object': {'upos': 'NOUN', 'text': 'Methode', 'id': 5, 'deprel': 'obj', 'head': 2}}]",['SVO']
420,Saving Face gewann 2012 den Oscar in der Kategorie Bester Dokumentar-Kurzfilm.,1,"[{'subject': {'upos': 'PROPN', 'text': 'Saving', 'id': 1, 'deprel': 'nsubj', 'head': 3}, 'verb': {'upos': 'VERB', 'text': 'gewann', 'id': 3, 'deprel': 'root', 'head': 0}, 'object': {'upos': 'PROPN', 'text': 'Oscar', 'id': 6, 'deprel': 'obj', 'head': 3}}]",['SVO']
665,Schall forderte 150.000 US-Dollar von Hudgens.,1,"[{'subject': {'upos': 'PROPN', 'text': 'Schall', 'id': 1, 'deprel': 'nsubj', 'head': 2}, 'verb': {'upos': 'VERB', 'text': 'forderte', 'id': 2, 'deprel': 'root', 'head': 0}, 'object': {'upos': 'PROPN', 'text': 'US', 'id': 4, 'deprel': 'obj', 'head': 2}}]",['SVO']
844,"Schmerzhafte Blasen bilden sich im Mund-, Rachen- und Genitalbereich.",1,"[{'subject': {'upos': 'NOUN', 'text': 'Blasen', 'id': 2, 'deprel': 'nsubj', 'head': 3}, 'verb': {'upos': 'VERB', 'text': 'bilden', 'id': 3, 'deprel': 'root', 'head': 0}, 'object': {'upos': 'PRON', 'text': 'sich', 'id': 4, 'deprel': 'obj', 'head': 3}}]",['SVO']
51,"Schottland steht in der Lage, einen Übergang in eine Wirtschaft mit geringem Kohlenstoffverbrauch und weitverzweigter Energieerzeugung vorzunehmen, indem es erneuerbare Energien nutzt.",1,"[{'subject': {'upos': 'PRON', 'text': 'es', 'id': 21, 'deprel': 'nsubj', 'head': 24}, 'object': {'upos': 'NOUN', 'text': 'Energien', 'id': 23, 'deprel': 'obj', 'head': 24}, 'verb': {'upos': 'VERB', 'text': 'nutzt', 'id': 24, 'deprel': 'advcl', 'head': 18}}]",['SOV']
1238,Seine Errungenschaften umfassten eine neuartige Methode zur Berechnung der vermutlichen Größe eines Polymers in Lösung sowie die Herleitung des Flory-Exponenten.,1,"[{'subject': {'upos': 'NOUN', 'text': 'Errungenschaften', 'id': 2, 'deprel': 'nsubj', 'head': 3}, 'verb': {'upos': 'VERB', 'text': 'umfassten', 'id': 3, 'deprel': 'root', 'head': 0}, 'object': {'upos': 'NOUN', 'text': 'Methode', 'id': 6, 'deprel': 'obj', 'head': 3}}]",['SVO']
1070,Seit 1991 qualifiziert sich Samoa für die Rugby-Union-Weltmeisterschaften.,1,"[{'verb': {'upos': 'VERB', 'text': 'qualifiziert', 'id': 3, 'deprel': 'root', 'head': 0}, 'object': {'upos': 'PRON', 'text': 'sich', 'id': 4, 'deprel': 'obj', 'head': 3}, 'subject': {'upos': 'PROPN', 'text': 'Samoa', 'id': 5, 'deprel': 'nsubj', 'head': 3}}]",['VOS']
1867,Seitdem produzierte Ryan Higa die Musik für seine Videos selbst.,1,"[{'verb': {'upos': 'VERB', 'text': 'produzierte', 'id': 2, 'deprel': 'root', 'head': 0}, 'subject': {'upos': 'PROPN', 'text': 'Ryan', 'id': 3, 'deprel': 'nsubj', 'head': 2}, 'object': {'upos': 'NOUN', 'text': 'Musik', 'id': 6, 'deprel': 'obj', 'head': 2}}]",['VSO']
518,Selenium-WebDriver leitet die Befehle an einen Browser weiter.,1,"[{'subject': {'upos': 'PROPN', 'text': 'Selenium', 'id': 1, 'deprel': 'nsubj', 'head': 4}, 'verb': {'upos': 'VERB', 'text': 'leitet', 'id': 4, 'deprel': 'root', 'head': 0}, 'object': {'upos': 'NOUN', 'text': 'Befehle', 'id': 6, 'deprel': 'obj', 'head': 4}}]",['SVO']
1246,"Shakira nahm sich eine Auszeit nach ihrem zweiten Studioalbum, um ihren Schulabschluss zu machen.",1,"[{'subject': {'upos': 'PROPN', 'text': 'Shakira', 'id': 1, 'deprel': 'nsubj', 'head': 2}, 'verb': {'upos': 'VERB', 'text': 'nahm', 'id': 2, 'deprel': 'root', 'head': 0}, 'object': {'upos': 'PRON', 'text': 'sich', 'id': 3, 'deprel': 'obj', 'head': 2}}]",['SVO']
345,Shin’ichi Kimura schrieb Kore wa Zombie Desu ka?.,1,"[{'subject': {'upos': 'PROPN', 'text': 'Shin’ichi', 'id': 1, 'deprel': 'nsubj', 'head': 3}, 'verb': {'upos': 'VERB', 'text': 'schrieb', 'id': 3, 'deprel': 'root', 'head': 0}, 'object': {'upos': 'PROPN', 'text': 'Kore', 'id': 4, 'deprel': 'obj', 'head': 3}}]",['SVO']
1287,"Sie erhielt die Nachricht, dass ihr Freund Dan Pontifex bei einem Autounfall in London ums Leben gekommen sei.",1,"[{'subject': {'upos': 'PRON', 'text': 'Sie', 'id': 1, 'deprel': 'nsubj', 'head': 2}, 'verb': {'upos': 'VERB', 'text': 'erhielt', 'id': 2, 'deprel': 'root', 'head': 0}, 'object': {'upos': 'NOUN', 'text': 'Nachricht', 'id': 4, 'deprel': 'obj', 'head': 2}}]",['SVO']
412,Sie hat ein Lied von Kool & the Gang gecovert.,1,"[{'subject': {'upos': 'PRON', 'text': 'Sie', 'id': 1, 'deprel': 'nsubj', 'head': 10}, 'object': {'upos': 'NOUN', 'text': 'Lied', 'id': 4, 'deprel': 'obj', 'head': 10}, 'verb': {'upos': 'VERB', 'text': 'gecovert', 'id': 10, 'deprel': 'root', 'head': 0}}]",['SOV']
708,"Sie machen quietschende und nasale „ki-juu, tschirrick“-oder „tsch-juuh“-Laute, die auf der zweiten Silbe betont werden.",1,"[{'subject': {'upos': 'PRON', 'text': 'Sie', 'id': 1, 'deprel': 'nsubj', 'head': 2}, 'verb': {'upos': 'VERB', 'text': 'machen', 'id': 2, 'deprel': 'root', 'head': 0}, 'object': {'upos': 'NOUN', 'text': 'juu', 'id': 9, 'deprel': 'obj', 'head': 2}}]",['SVO']
1236,"Sir Marc Aurel Stein war ein Entdecker und Archäologe, der wahrscheinlich wichtige archäologische Funde und Entdeckungen machte.",1,"[{'subject': {'upos': 'PRON', 'text': 'der', 'id': 11, 'deprel': 'nsubj', 'head': 18}, 'object': {'upos': 'NOUN', 'text': 'Funde', 'id': 15, 'deprel': 'obj', 'head': 18}, 'verb': {'upos': 'VERB', 'text': 'machte', 'id': 18, 'deprel': 'acl', 'head': 7}}]",['SOV']
1354,Smith verdiente sich während ihres Studiums ihren Lebensunterhalt als Jazzsängerin.,1,"[{'subject': {'upos': 'PROPN', 'text': 'Smith', 'id': 1, 'deprel': 'nsubj', 'head': 2}, 'verb': {'upos': 'VERB', 'text': 'verdiente', 'id': 2, 'deprel': 'root', 'head': 0}, 'object': {'upos': 'PRON', 'text': 'sich', 'id': 3, 'deprel': 'obj', 'head': 2}}]",['SVO']
1223,"Sollten beide Mannschaften die gleiche Anzahl von Runs haben, gibt es ein Unentschieden.",1,"[{'subject': {'upos': 'NOUN', 'text': 'Mannschaften', 'id': 3, 'deprel': 'nsubj', 'head': 9}, 'object': {'upos': 'NOUN', 'text': 'Anzahl', 'id': 6, 'deprel': 'obj', 'head': 9}, 'verb': {'upos': 'VERB', 'text': 'haben', 'id': 9, 'deprel': 'advcl', 'head': 11}}]",['SOV']
1047,Søren Sørensen besuchte die Universität Kopenhagen.,1,"[{'subject': {'upos': 'PROPN', 'text': 'Søren', 'id': 1, 'deprel': 'nsubj', 'head': 3}, 'verb': {'upos': 'VERB', 'text': 'besuchte', 'id': 3, 'deprel': 'root', 'head': 0}, 'object': {'upos': 'NOUN', 'text': 'Universität', 'id': 5, 'deprel': 'obj', 'head': 3}}]",['SVO']
461,"Staatsbankette werden vorbereitet, um ausländische Staatsoberhäupter zu feiern, die einen Besuch in der königlichen Residenz abstatten.",1,"[{'subject': {'upos': 'PRON', 'text': 'die', 'id': 11, 'deprel': 'nsubj', 'head': 18}, 'object': {'upos': 'NOUN', 'text': 'Besuch', 'id': 13, 'deprel': 'obj', 'head': 18}, 'verb': {'upos': 'VERB', 'text': 'abstatten', 'id': 18, 'deprel': 'acl', 'head': 7}}]",['SOV']
1234,"Standard Oil of California verkaufte diverse Ölstationen im Golf und eine Raffinerie an der Ostküste der USA, um den Ansprüchen der US-Kartellbehörden gerecht zu werden.",1,"[{'subject': {'upos': 'PROPN', 'text': 'Standard', 'id': 1, 'deprel': 'nsubj', 'head': 5}, 'verb': {'upos': 'VERB', 'text': 'verkaufte', 'id': 5, 'deprel': 'root', 'head': 0}, 'object': {'upos': 'NOUN', 'text': 'Ölstationen', 'id': 7, 'deprel': 'obj', 'head': 5}}]",['SVO']
918,"Stattdessen wird beschrieben, dass Butch die Stadt für immer verlassen und über die Vergewaltigung schweigen soll.",1,"[{'subject': {'upos': 'PROPN', 'text': 'Butch', 'id': 6, 'deprel': 'nsubj', 'head': 11}, 'object': {'upos': 'NOUN', 'text': 'Stadt', 'id': 8, 'deprel': 'obj', 'head': 11}, 'verb': {'upos': 'VERB', 'text': 'verlassen', 'id': 11, 'deprel': 'csubj:pass', 'head': 3}}]",['SOV']
1789,"Stechmücken wiegen etwa 2 bis 2,5 Milligramm.",1,"[{'subject': {'upos': 'NOUN', 'text': 'Stechmücken', 'id': 1, 'deprel': 'nsubj', 'head': 2}, 'verb': {'upos': 'VERB', 'text': 'wiegen', 'id': 2, 'deprel': 'root', 'head': 0}, 'object': {'upos': 'NOUN', 'text': 'Milligramm', 'id': 7, 'deprel': 'obj', 'head': 2}}]",['SVO']
615,Sterns greift Blonsky an.,1,"[{'object': {'upos': 'NOUN', 'text': 'Sterns', 'id': 1, 'deprel': 'obj', 'head': 2}, 'verb': {'upos': 'VERB', 'text': 'greift', 'id': 2, 'deprel': 'root', 'head': 0}, 'subject': {'upos': 'PROPN', 'text': 'Blonsky', 'id': 3, 'deprel': 'nsubj', 'head': 2}}]",['OVS']
1380,"Suzanne Collins schrieb ""The Hunger Games"".",1,"[{'subject': {'upos': 'PROPN', 'text': 'Suzanne', 'id': 1, 'deprel': 'nsubj', 'head': 3}, 'verb': {'upos': 'VERB', 'text': 'schrieb', 'id': 3, 'deprel': 'root', 'head': 0}, 'object': {'upos': 'PROPN', 'text': 'Hunger', 'id': 6, 'deprel': 'obj', 'head': 3}}]",['SVO']
1289,"Swarup studierte Moderne Geschichte, Psychologie und Philosophie an der Allahabad University.",1,"[{'subject': {'upos': 'PROPN', 'text': 'Swarup', 'id': 1, 'deprel': 'nsubj', 'head': 2}, 'verb': {'upos': 'VERB', 'text': 'studierte', 'id': 2, 'deprel': 'root', 'head': 0}, 'object': {'upos': 'NOUN', 'text': 'Moderne', 'id': 3, 'deprel': 'obj', 'head': 2}}]",['SVO']
1612,Tennō Hirohito kündigte die Kapitulation Japans im Zweiten Weltkrieg an.,1,"[{'subject': {'upos': 'PROPN', 'text': 'Tennō', 'id': 1, 'deprel': 'nsubj', 'head': 3}, 'verb': {'upos': 'VERB', 'text': 'kündigte', 'id': 3, 'deprel': 'root', 'head': 0}, 'object': {'upos': 'NOUN', 'text': 'Kapitulation', 'id': 5, 'deprel': 'obj', 'head': 3}}]",['SVO']
1613,Tennō Hirohito setzte dem Krieg ein Ende.,1,"[{'subject': {'upos': 'PROPN', 'text': 'Tennō', 'id': 1, 'deprel': 'nsubj', 'head': 3}, 'verb': {'upos': 'VERB', 'text': 'setzte', 'id': 3, 'deprel': 'root', 'head': 0}, 'object': {'upos': 'NOUN', 'text': 'Ende', 'id': 7, 'deprel': 'obj', 'head': 3}}]",['SVO']
1956,Tess gibt sich unter dem Namen Mrs.,1,"[{'subject': {'upos': 'PROPN', 'text': 'Tess', 'id': 1, 'deprel': 'nsubj', 'head': 2}, 'verb': {'upos': 'VERB', 'text': 'gibt', 'id': 2, 'deprel': 'root', 'head': 0}, 'object': {'upos': 'PRON', 'text': 'sich', 'id': 3, 'deprel': 'obj', 'head': 2}}]",['SVO']
1953,Tess schließt sich ihren Partnern beim Maitanz an.,1,"[{'subject': {'upos': 'PROPN', 'text': 'Tess', 'id': 1, 'deprel': 'nsubj', 'head': 2}, 'verb': {'upos': 'VERB', 'text': 'schließt', 'id': 2, 'deprel': 'root', 'head': 0}, 'object': {'upos': 'PRON', 'text': 'sich', 'id': 3, 'deprel': 'obj', 'head': 2}}]",['SVO']
1989,Theodor Wolff zeigte sich am 10.,1,"[{'subject': {'upos': 'PROPN', 'text': 'Theodor', 'id': 1, 'deprel': 'nsubj', 'head': 3}, 'verb': {'upos': 'VERB', 'text': 'zeigte', 'id': 3, 'deprel': 'root', 'head': 0}, 'object': {'upos': 'PRON', 'text': 'sich', 'id': 4, 'deprel': 'obj', 'head': 3}}]",['SVO']
1816,Theodorich wollte durch den Angriff auf Narbo Martius eine Verbindung zum Mittelmeer und zu den über die Pyrenäen nach Spanien verlaufenden Wege schaffen.,1,"[{'subject': {'upos': 'PROPN', 'text': 'Theodorich', 'id': 1, 'deprel': 'nsubj', 'head': 24}, 'object': {'upos': 'NOUN', 'text': 'Verbindung', 'id': 10, 'deprel': 'obj', 'head': 24}, 'verb': {'upos': 'VERB', 'text': 'schaffen', 'id': 24, 'deprel': 'root', 'head': 0}}]",['SOV']
734,Theodorus Jacobus Leonardus „Dick“ Quax hatte den Spitznamen „Dick“.,1,"[{'subject': {'upos': 'PROPN', 'text': 'Theodorus', 'id': 1, 'deprel': 'nsubj', 'head': 8}, 'verb': {'upos': 'VERB', 'text': 'hatte', 'id': 8, 'deprel': 'root', 'head': 0}, 'object': {'upos': 'NOUN', 'text': 'Spitznamen', 'id': 10, 'deprel': 'obj', 'head': 8}}]",['SVO']
144,Thrasybulos eroberte Byzantion (Istanbul) während seiner Kampagne.,1,"[{'subject': {'upos': 'PROPN', 'text': 'Thrasybulos', 'id': 1, 'deprel': 'nsubj', 'head': 2}, 'verb': {'upos': 'VERB', 'text': 'eroberte', 'id': 2, 'deprel': 'root', 'head': 0}, 'object': {'upos': 'PROPN', 'text': 'Byzantion', 'id': 3, 'deprel': 'obj', 'head': 2}}]",['SVO']
1894,Toby Wilkinson verneint die „Usurpator-Thesen“.,1,"[{'subject': {'upos': 'PROPN', 'text': 'Toby', 'id': 1, 'deprel': 'nsubj', 'head': 3}, 'verb': {'upos': 'VERB', 'text': 'verneint', 'id': 3, 'deprel': 'root', 'head': 0}, 'object': {'upos': 'PROPN', 'text': 'Usurpator', 'id': 6, 'deprel': 'obj', 'head': 3}}]",['SVO']
616,"Tony Stark informiert Ross, wenn ein Team zusammengestellt wird.",1,"[{'subject': {'upos': 'PROPN', 'text': 'Tony', 'id': 1, 'deprel': 'nsubj', 'head': 3}, 'verb': {'upos': 'VERB', 'text': 'informiert', 'id': 3, 'deprel': 'root', 'head': 0}, 'object': {'upos': 'PROPN', 'text': 'Ross', 'id': 4, 'deprel': 'obj', 'head': 3}}]",['SVO']
1994,Tornikios hatte das zweite Kommando.,1,"[{'subject': {'upos': 'PROPN', 'text': 'Tornikios', 'id': 1, 'deprel': 'nsubj', 'head': 2}, 'verb': {'upos': 'VERB', 'text': 'hatte', 'id': 2, 'deprel': 'root', 'head': 0}, 'object': {'upos': 'NOUN', 'text': 'Kommando', 'id': 5, 'deprel': 'obj', 'head': 2}}]",['SVO']
1675,"Victoria lernte bei George Davys, dem späteren Bischof von Peterborough, die Fächer Bibelkunde, Geschichte, Geographie und den Spracherwerb.",1,"[{'subject': {'upos': 'PROPN', 'text': 'Victoria', 'id': 1, 'deprel': 'nsubj', 'head': 2}, 'verb': {'upos': 'VERB', 'text': 'lernte', 'id': 2, 'deprel': 'root', 'head': 0}, 'object': {'upos': 'NOUN', 'text': 'Fächer', 'id': 14, 'deprel': 'obj', 'head': 2}}]",['SVO']
156,Victorinus Youn Kong-hi und Nicholas Cheong Jin-Suk haben die Rolle der Weihe gespielt.,1,"[{'subject': {'upos': 'PROPN', 'text': 'Victorinus', 'id': 1, 'deprel': 'nsubj', 'head': 17}, 'object': {'upos': 'NOUN', 'text': 'Rolle', 'id': 14, 'deprel': 'obj', 'head': 17}, 'verb': {'upos': 'VERB', 'text': 'gespielt', 'id': 17, 'deprel': 'root', 'head': 0}}]",['SOV']
499,Viele seiner frühen Werke ernteten hohes Kritikerlob.,1,"[{'subject': {'upos': 'DET', 'text': 'Viele', 'id': 1, 'deprel': 'nsubj', 'head': 5}, 'verb': {'upos': 'VERB', 'text': 'ernteten', 'id': 5, 'deprel': 'root', 'head': 0}, 'object': {'upos': 'NOUN', 'text': 'Kritikerlob', 'id': 7, 'deprel': 'obj', 'head': 5}}]",['SVO']
1195,Vijay gab die Liebe zur Familie auf.,1,"[{'subject': {'upos': 'PROPN', 'text': 'Vijay', 'id': 1, 'deprel': 'nsubj', 'head': 2}, 'verb': {'upos': 'VERB', 'text': 'gab', 'id': 2, 'deprel': 'root', 'head': 0}, 'object': {'upos': 'NOUN', 'text': 'Liebe', 'id': 4, 'deprel': 'obj', 'head': 2}}]",['SVO']
125,"Vologaeses berief eine Versammlung ein, bei der Trdat als armenischer König gekrönt wurde.",1,"[{'subject': {'upos': 'PROPN', 'text': 'Vologaeses', 'id': 1, 'deprel': 'nsubj', 'head': 2}, 'verb': {'upos': 'VERB', 'text': 'berief', 'id': 2, 'deprel': 'root', 'head': 0}, 'object': {'upos': 'NOUN', 'text': 'Versammlung', 'id': 4, 'deprel': 'obj', 'head': 2}}]",['SVO']
1463,Von 2002 bis 2006 leitete ar-Razzaz die Niederlassung der Weltbank im Libanon.,1,"[{'verb': {'upos': 'VERB', 'text': 'leitete', 'id': 5, 'deprel': 'root', 'head': 0}, 'subject': {'upos': 'PROPN', 'text': 'ar', 'id': 6, 'deprel': 'nsubj', 'head': 5}, 'object': {'upos': 'NOUN', 'text': 'Niederlassung', 'id': 10, 'deprel': 'obj', 'head': 5}}]",['VSO']
1426,Von 2013 bekannt gab Britney Spears die Trennung von Jason Trawick.,1,"[{'verb': {'upos': 'VERB', 'text': 'gab', 'id': 4, 'deprel': 'root', 'head': 0}, 'subject': {'upos': 'PROPN', 'text': 'Britney', 'id': 5, 'deprel': 'nsubj', 'head': 4}, 'object': {'upos': 'NOUN', 'text': 'Trennung', 'id': 8, 'deprel': 'obj', 'head': 4}}]",['VSO']
1428,"Von der Erde aus erschien es lange Zeit so, dass Titan etwa 5550 Kilometer Durchmesser hätte und damit größer sei als Ganymed.",1,"[{'subject': {'upos': 'PROPN', 'text': 'Titan', 'id': 12, 'deprel': 'nsubj', 'head': 17}, 'object': {'upos': 'NOUN', 'text': 'Durchmesser', 'id': 16, 'deprel': 'obj', 'head': 17}, 'verb': {'upos': 'VERB', 'text': 'hätte', 'id': 17, 'deprel': 'ccomp', 'head': 5}}]",['SOV']
562,Von Pitt-Watson gab das Buch der Königin zurück der Dekan von Westminster.,1,"[{'subject': {'upos': 'ADP', 'text': 'Von', 'id': 1, 'deprel': 'nsubj', 'head': 5}, 'verb': {'upos': 'VERB', 'text': 'gab', 'id': 5, 'deprel': 'root', 'head': 0}, 'object': {'upos': 'NOUN', 'text': 'Dekan', 'id': 12, 'deprel': 'obj', 'head': 5}}]",['SVO']
1395,Vor dem Öffnen bildet die Blüte eine Knospe ähnlich den Überwinterungsknospen.,1,"[{'verb': {'upos': 'VERB', 'text': 'bildet', 'id': 4, 'deprel': 'root', 'head': 0}, 'subject': {'upos': 'NOUN', 'text': 'Blüte', 'id': 6, 'deprel': 'nsubj', 'head': 4}, 'object': {'upos': 'NOUN', 'text': 'Knospe', 'id': 8, 'deprel': 'obj', 'head': 4}}]",['VSO']
574,VSMPO-AVISMA produziert dieses Übergangsmetallo.,1,"[{'subject': {'upos': 'PROPN', 'text': 'VSMPO-AVISMA', 'id': 1, 'deprel': 'nsubj', 'head': 2}, 'verb': {'upos': 'VERB', 'text': 'produziert', 'id': 2, 'deprel': 'root', 'head': 0}, 'object': {'upos': 'NOUN', 'text': 'Übergangsmetallo', 'id': 4, 'deprel': 'obj', 'head': 2}}]",['SVO']
1871,"Während Portugals Vorsitz im Rat der Europäischen Union im Jahr 2000 und 2007 verfolgte das Land vor allem das Ziel, den Dialog mit Afrika zu forcieren und Impulse zur Stärkung der Wettbewerbsfähigkeit der europäischen Wirtschaft zu geben.",1,"[{'verb': {'upos': 'VERB', 'text': 'verfolgte', 'id': 16, 'deprel': 'root', 'head': 0}, 'subject': {'upos': 'NOUN', 'text': 'Land', 'id': 18, 'deprel': 'nsubj', 'head': 16}, 'object': {'upos': 'NOUN', 'text': 'Ziel', 'id': 22, 'deprel': 'obj', 'head': 16}}]",['VSO']
369,Walter Tuchman hat die Leitungen nicht in irgendeiner Weise beeinflusst.,1,"[{'subject': {'upos': 'PROPN', 'text': 'Walter', 'id': 1, 'deprel': 'nsubj', 'head': 10}, 'object': {'upos': 'NOUN', 'text': 'Leitungen', 'id': 5, 'deprel': 'obj', 'head': 10}, 'verb': {'upos': 'VERB', 'text': 'beeinflusst', 'id': 10, 'deprel': 'root', 'head': 0}}]",['SOV']
433,Weißbrauengibbons haben bei der Geburt ein milchig-weißes Fell.,1,"[{'subject': {'upos': 'NOUN', 'text': 'Weißbrauengibbons', 'id': 1, 'deprel': 'nsubj', 'head': 2}, 'verb': {'upos': 'VERB', 'text': 'haben', 'id': 2, 'deprel': 'root', 'head': 0}, 'object': {'upos': 'NOUN', 'text': 'Fell', 'id': 10, 'deprel': 'obj', 'head': 2}}]",['SVO']
878,"Wenn der aktuelle DR ausfällt, übernimmt der BDR nahtlos dessen Rolle ohne einen erneuten Wahlvorgang zu initiieren.",1,"[{'verb': {'upos': 'VERB', 'text': 'übernimmt', 'id': 7, 'deprel': 'root', 'head': 0}, 'subject': {'upos': 'PROPN', 'text': 'BDR', 'id': 9, 'deprel': 'nsubj', 'head': 7}, 'object': {'upos': 'NOUN', 'text': 'Rolle', 'id': 12, 'deprel': 'obj', 'head': 7}}]",['VSO']
1222,"Wenn ein Inning als beendet gilt, kann dies durch das Verlieren aller Wickets der Schlagmannschaft, der Endzeit oder der festgelegten Overanzahl, eine Deklaration oder Forfaitture erfolgen.",1,"[{'subject': {'upos': 'DET', 'text': 'dies', 'id': 9, 'deprel': 'nsubj', 'head': 29}, 'object': {'upos': 'NOUN', 'text': 'Deklaration', 'id': 26, 'deprel': 'obj', 'head': 29}, 'verb': {'upos': 'VERB', 'text': 'erfolgen', 'id': 29, 'deprel': 'root', 'head': 0}}]",['SOV']
845,William Armstrong schloss die Restaurierung ab.,1,"[{'subject': {'upos': 'PROPN', 'text': 'William', 'id': 1, 'deprel': 'nsubj', 'head': 3}, 'verb': {'upos': 'VERB', 'text': 'schloss', 'id': 3, 'deprel': 'root', 'head': 0}, 'object': {'upos': 'NOUN', 'text': 'Restaurierung', 'id': 5, 'deprel': 'obj', 'head': 3}}]",['SVO']
79,"Worth nutzte die Bar ein letztes Mal, um einen Diamantenhändler zu betrügen, bevor er nach London zog.",1,"[{'subject': {'upos': 'PROPN', 'text': 'Worth', 'id': 1, 'deprel': 'nsubj', 'head': 2}, 'verb': {'upos': 'VERB', 'text': 'nutzte', 'id': 2, 'deprel': 'root', 'head': 0}, 'object': {'upos': 'NOUN', 'text': 'Bar', 'id': 4, 'deprel': 'obj', 'head': 2}}]",['SVO']
1352,Zadie Smith hat zwei jüngere Brüder.,1,"[{'subject': {'upos': 'PROPN', 'text': 'Zadie', 'id': 1, 'deprel': 'nsubj', 'head': 3}, 'verb': {'upos': 'VERB', 'text': 'hat', 'id': 3, 'deprel': 'root', 'head': 0}, 'object': {'upos': 'NOUN', 'text': 'Brüder', 'id': 6, 'deprel': 'obj', 'head': 3}}]",['SVO']
1693,Zudem boten diese Landschaften viele Deckmöglichkeiten für die Verteidiger.,1,"[{'verb': {'upos': 'VERB', 'text': 'boten', 'id': 2, 'deprel': 'root', 'head': 0}, 'subject': {'upos': 'NOUN', 'text': 'Landschaften', 'id': 4, 'deprel': 'nsubj', 'head': 2}, 'object': {'upos': 'NOUN', 'text': 'Deckmöglichkeiten', 'id': 6, 'deprel': 'obj', 'head': 2}}]",['VSO']
1675,"Zudem erhielt sie Unterricht in Tanz, Malen, Reiten und Klavierspielen.",1,"[{'verb': {'upos': 'VERB', 'text': 'erhielt', 'id': 2, 'deprel': 'root', 'head': 0}, 'subject': {'upos': 'PRON', 'text': 'sie', 'id': 3, 'deprel': 'nsubj', 'head': 2}, 'object': {'upos': 'NOUN', 'text': 'Unterricht', 'id': 4, 'deprel': 'obj', 'head': 2}}]",['VSO']
968,Zudem unterhält sie Regionalbüros in mehr als sechzig Ländern auf internationaler Ebene.,1,"[{'verb': {'upos': 'VERB', 'text': 'unterhält', 'id': 2, 'deprel': 'root', 'head': 0}, 'subject': {'upos': 'PRON', 'text': 'sie', 'id': 3, 'deprel': 'nsubj', 'head': 2}, 'object': {'upos': 'NOUN', 'text': 'Regionalbüros', 'id': 4, 'deprel': 'obj', 'head': 2}}]",['VSO']
63,"Zuflucht im Armenien des Königs Arsames, was zeigt, dass Armenien eine gewisse Unabhängigkeit aufrechterhielt.",1,"[{'subject': {'upos': 'PROPN', 'text': 'Armenien', 'id': 13, 'deprel': 'nsubj', 'head': 17}, 'object': {'upos': 'NOUN', 'text': 'Unabhängigkeit', 'id': 16, 'deprel': 'obj', 'head': 17}, 'verb': {'upos': 'VERB', 'text': 'aufrechterhielt', 'id': 17, 'deprel': 'ccomp', 'head': 10}}]",['SOV']
1055,38%,0,[],[]
1157,1.006,0,[],[]
792,12,0,[],[]
1601,15,0,[],[]
255,47,0,[],[]
472,60,0,[],[]
980,60,0,[],[]
1277,100,0,[],[]
10,152.251,0,[],[]
868,362,0,[],[]
568,427,0,[],[]
966,431.902,0,[],[]
1996,1034,0,[],[]
914,1530,0,[],[]
940,1678,0,[],[]
621,1687,0,[],[]
971,1855,0,[],[]
256,1867,0,[],[]
1466,1876,0,[],[]
1008,1882,0,[],[]
69,1895,0,[],[]
1878,1895,0,[],[]
233,1900,0,[],[]
1000,1903,0,[],[]
1280,1914,0,[],[]
1573,1914,0,[],[]
172,1915,0,[],[]
1574,1916,0,[],[]
380,1918,0,[],[]
120,1919,0,[],[]
87,1920,0,[],[]
772,1926,0,[],[]
1990,1928,0,[],[]
21,1934,0,[],[]
133,1939,0,[],[]
1714,1945,0,[],[]
295,1948,0,[],[]
1819,1948,0,[],[]
1760,1951,0,[],[]
1605,1952,0,[],[]
332,1958,0,[],[]
334,1958,0,[],[]
1145,1958,0,[],[]
1837,1962,0,[],[]
717,1963,0,[],[]
1307,1963,0,[],[]
500,1968,0,[],[]
502,1971,0,[],[]
793,1972,0,[],[]
1242,1972,0,[],[]
1493,1972,0,[],[]
928,1974,0,[],[]
1600,1974,0,[],[]
660,1976,0,[],[]
826,1976,0,[],[]
605,1981,0,[],[]
1103,1982,0,[],[]
1527,1983,0,[],[]
506,1985,0,[],[]
904,1986,0,[],[]
527,1987,0,[],[]
1651,1991,0,[],[]
1053,2001,0,[],[]
663,2004,0,[],[]
1089,2006,0,[],[]
1416,2006,0,[],[]
1191,2007,0,[],[]
1268,2007,0,[],[]
1951,2009,0,[],[]
242,2011,0,[],[]
700,2011,0,[],[]
730,2011,0,[],[]
1456,2012,0,[],[]
1539,2013,0,[],[]
492,2014,0,[],[]
1042,2016,0,[],[]
1335,2016,0,[],[]
834,„gefährdet“) gelistet.,0,[],[]
606,"""Waiting for the Sun"" wurde von den Doors veröffentlicht.",0,[],[]
147,"0,59 Prozent",0,[],[]
1708,"1,75 Millionen",0,[],[]
558,10 bis 50 Kilometer,0,[],[]
193,"10,3 Prozent der Familien und 14,5 Prozent der Einwohner lebten unterhalb der Armutsgrenze.",0,[],[]
1711,"10.000 Jahre müssen hinzugefügt werden, um den Julianischen Kalender in den Holozän-Kalender umzurechnen.",0,[],[]
1898,100.000 Individuen,0,[],[]
711,13 Jahre,0,[],[]
158,"16,3 Prozent der Familien lebten unterhalb der Armutsgrenze.",0,[],[]
1909,17 Schiffen,0,[],[]
471,1786 bedeutete einen signifikanten Wachstum der Macht für den Generalgouverneur.,0,[],[]
978,18 Jahre,0,[],[]
204,18 Tage,0,[],[]
457,1847 bis 1850,0,[],[]
1319,1933 wurden die finanziellen Probleme durch die Gründung einer Aktiengesellschaft überwunden.,0,[],[]
386,1944 und 1945,0,[],[]
1374,"1951 trat er als Minister zurück, nachdem er erkennen musste, dass die hinduistische Führungsschicht nicht bereit war, seine Forderungen nach sozialer, wirtschaftlicher und politischer Gleichstellung der Dalits im vollen Umfang nachzukommen.",0,[],[]
704,2–5 Eier.,0,[],[]
290,"20,1 Millionen Aufrufe innerhalb der ersten 24 Stunden.",0,[],[]
1518,200 Häuser wurden Berichten zufolge beschädigt.,0,[],[]
961,200 Lichtjahre entfernt.,0,[],[]
619,210 km²,0,[],[]
396,"22,8 Prozent der Haushalte bestehen aus Familien mit einer durchschnittlichen Familiengröße von 3,21 Personen.",0,[],[]
259,250 Menschen wurden during dem Tongzhou-Aufruhr getötet.,0,[],[]
667,2500 Soldaten,0,[],[]
1521,26 Millionen US-Dollar,0,[],[]
228,"27,00 %",0,[],[]
745,28 Sol,0,[],[]
1403,288.563 GWh,0,[],[]
1771,"3,33 Prozent",0,[],[]
480,30.000 Menschen wurden wegen der Überschwemmungen evakuiert.,0,[],[]
1050,300.000 Exemplare wurden in weniger als einem Jahr verkauft.,0,[],[]
1497,32 Kilometer nordwestlich von San José liegt es.,0,[],[]
229,"34,20 %",0,[],[]
152,345 Stunden,0,[],[]
303,36 Schiffe.,0,[],[]
867,"37,69",0,[],[]
29,38-010,0,[],[]
397,5 Quadratkilometer,0,[],[]
659,5440 Mitarbeiter,0,[],[]
52,550.000 m²,0,[],[]
1086,60 km,0,[],[]
1339,600 Menschen marschierten 87 km weit.,0,[],[]
1544,650 km,0,[],[]
273,697 Dörfer,0,[],[]
1773,7 bis 15 Wochen,0,[],[]
70,70 Individuen.,0,[],[]
1904,70 Kinder wurden im Schulbus transportiert.,0,[],[]
1644,70 Prozent,0,[],[]
1913,7000 Mann wurden an der Invasion von San Juan beteiligt.,0,[],[]
1639,705 m,0,[],[]
38,"8,1 ± 2,4·1024 kg als Wert für die Erdmasse entspricht einer mittleren Dichte von 7500 ± 1900 kg·m−3.",0,[],[]
930,80 bis 90 %.,0,[],[]
1387,80 km/h,0,[],[]
1090,81 Tage,0,[],[]
636,"83,2 Prozent",0,[],[]
1265,90-nm-Prozess,0,[],[]
1923,"93,8 Männer kamen auf 100 Frauen.",0,[],[]
160,"98,83 %",0,[],[]
1868,A.S.S.,0,[],[]
1283,Ab 1935 wurde der Mandschukuo-Yuan an den japanischen Yen gebunden.,0,[],[]
536,Ab dem 49.,0,[],[]
1068,Abdülvahit war verantwortlich für die Innenausstattung und die Holzschnitzereien der Katafalke Rumis und seines Vaters.,0,[],[]
981,Aberdeen Castle wurde nach langer Belagerung im Jahr 1308 zerstört.,0,[],[]
629,"Abraham Lincolns Vater wurde von Jack Barts entlassen, nachdem sein Sohn Lincoln eingegriffen hatte, um einen afroamerikanischen Freund namens William Johnson zu schützen, der von einem Aufseher geschlagen wurde.",0,[],[]
248,Acronicta auricoma gehört zur Familie der Eulenfalter (Noctuidae).,0,[],[]
1749,Adeodatus diente etwa 40 Jahre lang als Priester in Rom vor seiner Wahl zum Papst.,0,[],[]
656,Adil wurde ins Gefängnis gesperrt und später freigelassen.,0,[],[]
1200,"AFP steht für Alpha-1-Fetoprotein, auch Alphafoetoprotein oder α1-Foetoprotein.",0,[],[]
710,Ahal ist eine der fünf Provinzen Turkmenistans.,0,[],[]
1152,Aiwasowski starb im Jahr 1900.,0,[],[]
138,Al-Afdal lagerte in der Ebene von al-Majdal in einem Tal außerhalb Askalons auf seinem Weg nach Jerusalem.,0,[],[]
191,Albanos echter Name ist Albano Carrisi.,0,[],[]
1071,Albert Wendt ist ein samoanischer Dichter.,0,[],[]
1957,Alec wurde tot aufgefunden.,0,[],[]
529,Alexei Kornienko arbeitete ab 1977 in einer Fabrik für Radiozubehör in Tscheljabinsk.,0,[],[]
1357,Alhacen,0,[],[]
719,Alice folgt dem weißen Kaninchen in seinen Bau.,0,[],[]
976,Alis richtiger Name ist Mahershalalhashbaz Gilmore.,0,[],[]
947,Alkoholismus wird im DSM-5 im Kapitel „Störungen im Zusammenhang mit Alkohol“ als Alkoholabhängigkeit diagnostiziert.,0,[],[]
1428,Allerdings war dies aufgrund der ausgeprägten Gashülle überschätzt.,0,[],[]
1429,Allergisches Asthma und nicht-allergisches Asthma.,0,[],[]
623,als Atheist.,0,[],[]
384,Am 1.,0,[],[]
1264,Am 1.,0,[],[]
1375,Am 1.,0,[],[]
330,Am 11.,0,[],[]
959,Am 11.,0,[],[]
1515,Am 12.,0,[],[]
131,Am 14.,0,[],[]
71,Am 15.,0,[],[]
782,Am 15.,0,[],[]
231,Am 21.,0,[],[]
1979,Am 24.,0,[],[]
1524,Am 5.,0,[],[]
1229,Am 9.,0,[],[]
1814,Am Anfang seiner Profikarriere spielte Ćustić 2000 bis 2005 für seinen Jugendverein NK Zadar.,0,[],[]
685,Amelia wird nach ihrer Festnahme in den USA abgeschoben.,0,[],[]
1618,Amin wurde am 1.,0,[],[]
1010,Ana wurde am 7.,0,[],[]
161,Ananda Everingham ist ein laotisch-australischer Filmschauspieler und Model.,0,[],[]
1830,Anastacia Lyn Newkirk wurde am 17.,0,[],[]
1522,Android,0,[],[]
354,Anfangs bestand die Zweite australische Imperial Force aus über 20.000 Mann.,0,[],[]
1409,Anfangs konnten World Wide Web-Textseiten mit Hilfe eines einfachen Linien-Webbrowsers angezeigt werden.,0,[],[]
1483,Anne,0,[],[]
64,Antiochos III.,0,[],[]
547,Anything Could Happen,0,[],[]
1294,API steht für Programmierschnittstelle.,0,[],[]
589,April 1858 gegossen.,0,[],[]
1975,April 1919 sein Werk endgültig geschlossen.,0,[],[]
1606,April 1973.,0,[],[]
1231,April 1996 statt.,0,[],[]
1440,April 2015 in Toronto.,0,[],[]
1719,April getötet.,0,[],[]
1235,Äquatorialguinea,0,[],[]
1439,Arbeitskraft,0,[],[]
445,"Ariadne war in der griechischen Mythologie eine Prinzessin, die Tochter des kretischen Königs Minos und seiner Gattin Pasiphaë.",0,[],[]
1166,Arm- und Beinknochen sind kürzer als der Durchschnitt.,0,[],[]
211,Armee in Rabaul die Nachricht von der fast vollständigen Vernichtung des Regiments.,0,[],[]
307,Armee San Marino einnehmen konnte.,0,[],[]
214,Arsenal spielte nicht bei Invicta Ground.,0,[],[]
378,Arsène Wenger half bei der Genesung.,0,[],[]
662,AS/IS,0,[],[]
1833,Asha Haji Elmi Amin,0,[],[]
1449,Asienspiele.,0,[],[]
948,AUDIT steht für Alcohol Use Disorders Identification Test und ist ein Screeningverfahren zur Erhebung von persönlichen Trinkgewohnheiten.,0,[],[]
213,Auf 100 Frauen kommen 94 Männer.,0,[],[]
1969,"auf, den Thronverzicht zu unterzeichnen.",0,[],[]
136,August,0,[],[]
1087,"August 1848 in Utica, New York, geheiratet.",0,[],[]
1618,August 1929 geboren.,0,[],[]
848,August 1973 geboren.,0,[],[]
153,August 1974.,0,[],[]
1229,August 1995 traten KISS in der Sendung MTV Unplugged auf.,0,[],[]
613,August 2007.,0,[],[]
545,August 2008.,0,[],[]
179,August 2014 und endeten am 31.,0,[],[]
1672,Augustinus wurde in der Osternacht 387 in Mailand von Ambrosius getauft.,0,[],[]
155,Augustus,0,[],[]
1663,Aus der griechischen Mythologie.,0,[],[]
1701,ausgedehnt,0,[],[]
743,Australien,0,[],[]
1635,Australienbeschützt Nauru.,0,[],[]
1742,Australier kämpften im Ersten Weltkrieg an der Türkei bei der Schlacht von Gallipoli und an der Westfront in Frankreich und Belgien.,0,[],[]
73,Auszug from Home: The Fusion Cooking Book,0,[],[]
1036,"Automatisierte Immunassays (z. B. CMIA, ECLIA, FPIA) oder vereinzelt noch der klassische Enzyme Linked Immuno Sorbent Assay (ELISA).",0,[],[]
1348,AVC steht für Advanced Video Coding.,0,[],[]
1206,Balraj Sahni wurde am 1.,0,[],[]
314,Bangkok ist die Hauptstadt von Thailand und enthält den Bezirk Bang Bon.,0,[],[]
965,Basierend auf den bereitgestellten Informationen ist keine direkte Antwort möglich.,0,[],[]
1428,Basierend auf den bereitgestellten Informationen kann ich nicht direkt auf etwas Unübliches in den USAschließen.,0,[],[]
1770,"Basierend auf den bereitgestellten Informationen war die weiße Rasse laut dem Ethnizitätsprofil von Wood County im Jahr 2000 die am häufigsten vertretene, mit 94,83 Prozent.",0,[],[]
1528,Basierend auf der verfügbaren Information kann keine genaue Antwort gegeben werden.,0,[],[]
375,Basierend auf neo-konfuzianistischen und Shintō-Prinzipien.,0,[],[]
1840,"Baskin-Robbins wurde in den USA, speziell in Glendale, Kalifornien, gegründet.",0,[],[]
749,Batagram wurde im Juli 1993 offiziell zu einem eigenständigen Distrikt.,0,[],[]
1624,"Beckerath vermutet, dass das Bauprojekt für Baka's Grab frühzeitig aufgegeben wurde, weil Baka kurz nach der Thronbesteigung überraschend verstorben ist.",0,[],[]
399,Bei Dana Point verläuft die I-5 vom Küstenabschnitt ins Inland in nördliche Richtung.,0,[],[]
1489,Bei dem Radiosender KJOE arbeitete er als Discjockey in der nahegelegenen Stadt Shreveport (Louisiana).,0,[],[]
1251,Bei einem sehr offensiven Feld können 1 oder 2 Gullies aufgestellt werden.,0,[],[]
1134,Bei einer Brustgewichtsvergrößerung von zehn Kilogramm pro Brust wird von einer Gigantomastie gesprochen.,0,[],[]
1433,Bei Hämorrhoiden zweiten und dritten Grades kann der Patient zum Pressen des Schließmuskelapparates angehalten werden.,0,[],[]
890,Bei höherklassigen Spielen helfen zwei Linienrichter dem leitenden Schiedsrichter.,0,[],[]
1395,Bei Shiki wird jedoch keine spezifische Art des Sterbens erwähnt.,0,[],[]
1448,"Beispiele dafür sind 1971, 1975, 1979, 1984 und 1876.",0,[],[]
1031,"Beowulf fand heraus, dass sein Reich von Grendel und dessen Mutter sowie einem feuerspeienden Drachen terrorisiert wurde.",0,[],[]
760,Berauschende Mittel wie Alkohol sind nicht koscher.,0,[],[]
1597,Bernie Sanders wurde von einigen Mitgliedern des DNC bevorzugt.,0,[],[]
1862,Bert starb im November 1886 an Dysenterie.,0,[],[]
596,Bess Katramados,0,[],[]
620,Besucher aus sozialistischen Ländern,0,[],[]
960,Beta Andromedae ist ein Roter Riese vom Spektraltyp M0 III.,0,[],[]
1474,Beth,0,[],[]
278,"Bevor die Polizei in das Flugzeug gelangen konnte, wurde Byck von zwei Kugeln getroffen.",0,[],[]
1216,Bewusstlosigkeit tritt nach wenigen Sekunden bei klinischem Tod ein.,0,[],[]
1227,Bill Aucoin war der Manager von KISS.,0,[],[]
1636,Birmingham,0,[],[]
293,"Bis Weihnachten 1939 blieben die Prinzessinnen im Balmoral Castle in Schottland, anschließend lebten sie im Sandringham House in Norfolk und in der Royal Lodge in Windsor, ab Mai 1940 bis Kriegsende.",0,[],[]
211,Bis zum 25.,0,[],[]
1964,Bis zum 25.,0,[],[]
806,Black Sabbath,0,[],[]
282,Blackburn Rovers,0,[],[]
302,"Blairs Anstrengungen, um in Nordirland Frieden zu schaffen, wurden von der Königin bewundert.",0,[],[]
729,Blei und Kohle.,0,[],[]
1727,Blogs wurden auf die Google-Server übertragen.,0,[],[]
1432,Blut,0,[],[]
388,"Bokuto steht für ein hölzernes Schwert, das in der japanischen Kultur verwendet wird.",0,[],[]
76,Boston,0,[],[]
1427,"Britney möchte likely focus on her career in the American entertainment industry, given her young age and the intense pace set by it.",0,[],[]
1257,Bud Prager,0,[],[]
78,Bullard ist nach Liverpool gegangen.,0,[],[]
1387,ca.,0,[],[]
366,"California Spangled Cats werden als anhänglich, sozial, neugierig und sehr aktiv beschrieben.",0,[],[]
1740,Canberra,0,[],[]
1911,Caparra,0,[],[]
53,Captain Roger Welles,0,[],[]
1695,CARICOM,0,[],[]
1731,Carrel ist am 5.,0,[],[]
775,Cecelia Marie Halpert,0,[],[]
103,Central Visayas besteht aus den Hauptinseln Cebu und Bohol sowie der Osthälfte von Negros.,0,[],[]
411,Charlene Mitchell,0,[],[]
661,Charlotte war eine englische Dichterin.,0,[],[]
1331,Chester-le-Street liegt im nordenglischen County Durham.,0,[],[]
28,China,0,[],[]
1281,China,0,[],[]
817,Chris Benoit wurde bei Benoit entdeckt.,0,[],[]
1950,Claire Dunphy lebt in Los Angeles County.,0,[],[]
763,Clarence Melvin,0,[],[]
55,Claudia Schiffers Vater war Rechtsanwalt.,0,[],[]
1436,Clive of India starb am 22.,0,[],[]
495,Co-Kapitän,0,[],[]
564,College Green,0,[],[]
1510,Cooper und Esposito waren verheiratet von Dezember 2006 bis Mai 2007.,0,[],[]
1215,CPR steht für Herz-Lungen-Wiederbelebung.,0,[],[]
323,Crawley Town Football Club stammt aus der Stadt Crawley in West Sussex.,0,[],[]
225,Curbach wurde seit 2011 im wissenschaftlichen Beirat der Bundesanstalt für Wasserbau BAW mitarbeitet und ist seit 2015 Vorsitzender dieses Beirats.,0,[],[]
1240,Curling und Militärpatrouille sind nicht als Demonstrationssportart gelistet.,0,[],[]
1241,Curling wurde 2006 bei den Olympischen Winterspielen offiziell eingeführt.,0,[],[]
1956,d’Urberville.,0,[],[]
139,"Da die fatimidische Armee numerisch überlegen war, aber kaum so stark oder gefährlich wie die Seldschuken zuvor war, lässt sich sagen, dass die fatimidische Armee stärker war, trotz der höheren Verluste der Kreuzfahrer.",0,[],[]
1364,"Da die genaue Tagesdatum genannt ist, kann nicht direkt ein Monat angegeben werden, aber es war der Mai.",0,[],[]
1205,"Da however die genaue Methode nicht aus dem angegebenen Text hervorgeht, kann ich hier nicht spezifischer werden.",0,[],[]
588,Daher sind die private Investoren der Mehrheitsaktionär.,0,[],[]
1795,"Dal-bhat-tarkari ist ein Standardgericht, das zweimal am Tag gegessen wird.",0,[],[]
275,Daly gehörte der kanadischen Nation.,0,[],[]
1393,Daman und Diu blieben nach der Spaltung ein Unionsgebiet.,0,[],[]
1065,Danach kehrte er nach Italien zurück.,0,[],[]
1647,Danach tritt eine vierte Lage hinzu.,0,[],[]
1358,Dang ist ein Distrikt im westindischen Bundesstaat Gujarat in Indien.,0,[],[]
189,"Dangaura Tharu lebt im westlichen Terai in den Distrikten Dang Deukhuri, Banke und Bardiya.",0,[],[]
678,Dankbarkeit im Christentum beruht auf der Anerkennung Gottes als Selbstlosen Geber aller Güter.,0,[],[]
675,Dankbarkeit wird in vielen Religionen als wertvolles menschliches Gefühl gesehen und gilt als universelle religiöse Haltung.,0,[],[]
319,"DAP steht für Diammoniumhydrogenphosphat, ein Ammoniumsalz der Phosphorsäure, auch bekannt als Diammonphosphat in der Landwirtschaft.",0,[],[]
600,Darüber hinaus werden Pläne für drei weitere Nationalparks geschaffen.,0,[],[]
1386,Darüber hinaus wurden die Wandmalereien von indischen Hochschulstudenten entworfen.,0,[],[]
1447,Das 20.,0,[],[]
362,Das Barbour County befindet sich im Bundesstaat West Virginia der Vereinigten Staaten.,0,[],[]
1128,Das Bauwerk besteht aus sieben dreieckig geformten Wänden.,0,[],[]
310,Das Café de la Régence in Paris war etwa von der Mitte des 18. bis zur Mitte des 19.,0,[],[]
1798,Das Celebesbecken wurde vor 42 Millionen Jahren gebildet.,0,[],[]
754,Das Dream Theater wurde im September 1985 gegründet.,0,[],[]
1441,"Das Drehbuch für den Film ""Pirates of the Caribbean – Fluch der Karibik 2"" wurde von Ted Elliott und Terry Rossio geschrieben.",0,[],[]
1614,Das Drehbuch für The Hunger Games: Catching Fire stammt von Simon Beaufoy und Michael Arndt.,0,[],[]
1584,Das dritte Gesetz für das Home Rule wurde 1914 verabschiedet.,0,[],[]
274,Das Durchschnittseinkommen der Frauen im Landkreis beträgt 23.820 USD.,0,[],[]
148,Das Durchschnittseinkommen der Männer betrug 28.884 USD.,0,[],[]
157,Das Durchschnittseinkommen eines Haushalts betrug 27.066 USD.,0,[],[]
1679,"Das erste Flugzeug, das in Candler Field landete, war ein Postflugzeug der Florida Airways aus Jacksonville (Florida), das am 15.",0,[],[]
1095,Das erste Regelwerk für Handball wurde 1906 verfasst.,0,[],[]
496,Das erste Tier im Sternzeichenzyklus ist die Ratte (Maus).,0,[],[]
557,Das Fernsehen beiträgt maßgeblich zur Entwicklung der Premier League durch die TV-Übertragungsrechte.,0,[],[]
1442,"Das Filmmaterial wurde auf den Studios der Walt-Disney-Studios in Burbank, Kalifornien, gedreht.",0,[],[]
477,"Das Gebäude, in dem die Regierung im Sommer ging, war das Landhaus des Vizekönigs in Darjiling.",0,[],[]
403,Das Gelege von Cape Francolin kann in einer mit Gras ausgelegten Mulde unter einem Busch als zu bequemes Habitat passieren.,0,[],[]
1841,Das Geschäft an der Rue Royale wurde 1871 während der Pariser Kommune niedergebrannt.,0,[],[]
742,Das Grabmal des Gladiators befindet sich in Sizilien.,0,[],[]
481,Das Grundstück im Sikandara-Garten wird heute vom National Botanical Research Institute von Indien genutzt.,0,[],[]
752,Das Hauptquartier von Reliance Industries Limited befindet sich in Mumbai.,0,[],[]
1924,"Das Hauptziel der OFID besteht in der Förderung der Süd-Süd-Kooperation mit anderen Entwicklungsländern weltweit mit dem Ziel, die Armut gänzlich zu überwinden.",0,[],[]
110,Das Herzogtum wurde 1057 ein zweites Mal mit der Toskana vereinigt.,0,[],[]
915,"Das holländische Intervention von 1861 half Deli, die Unabhängigkeit gegenüber Siak und Aceh zu stärken.",0,[],[]
111,das international nicht anerkannte Somaliland.,0,[],[]
363,Das jährliche Durchschnittseinkommen der Männer betrug 24.861 USD.,0,[],[]
1498,"Das Jasper Ridge Biological Preserve südlich des Hauptcampus der Universität dient für Forschungszwecke von Biologen, z.B.",0,[],[]
416,"Das Kaliber des AA-52 beträgt 7,62 Millimeter.",0,[],[]
1642,Das Kiefergelenk von Säugetieren besteht aus den Deckknochen Dentale (dem zahntragenden Unterkieferknochen) und Squamosum (kleiner Schädelknochen).,0,[],[]
645,Das Liberale Forum befand sich in Österreich.,0,[],[]
217,"Das Lied ""Rolling in the Deep"" war im Kinofilm ""I Am Number Four"" aus dem Jahr 2011 zu hören.",0,[],[]
1502,"Das Männchen des Himalaya-Glanzfasan wiegt bis zu 2,5 kg.",0,[],[]
526,Das moderne Usbekische und das Uigurische sind am nächsten mit Chagatai verwandt.,0,[],[]
785,Das Museums-Haus Gaudí wurde am 28.,0,[],[]
181,Das Navigationsradar der B-45A war ein Bomben-Navigationsradar.,0,[],[]
1572,Das neunte Kind war Graf.,0,[],[]
151,"Das P-530 wurde ursprünglich als Mehrzweckkampfflugzeug konzipiert, während das P-600 strikt als reines Jagdflugzeug entwickelt wurde.",0,[],[]
712,Das Pantanal befindet sich im mittleren Südwesten von Brasilien.,0,[],[]
283,"Das Parlament ist in der Lage, die Macht eines Prinzen zu begrenzen.",0,[],[]
1610,Das Poland-Syndrom tritt bei Männern häufiger auf.,0,[],[]
1116,Das Projekt heißt phoneME.,0,[],[]
276,Das Prokopfeinkommen betrug 17.210 USD.,0,[],[]
769,Das Ranking basiert auf 20 Ländern.,0,[],[]
992,Das RDFRS wurde im Jahre 2006 gegründet.,0,[],[]
672,Das Sarvadarshanasmgraha wurde im 14.,0,[],[]
232,Das Schiff hieß SPS Alcalá Galiano.,0,[],[]
419,Das Schiff wurde am 1.,0,[],[]
168,Das Spiel Five Nights at Freddy's: Sister Location wurde am 7.,0,[],[]
1451,Das TRIPS-Abkommen muss ratifiziert werden.,0,[],[]
1823,Das Unternehmen wurde 1961 getrennt.,0,[],[]
613,Das US Open 2007 begann am 27.,0,[],[]
803,Das Verfahren der Zirkumzision wird meist aus religiösen und kulturellen Gründen durchgeführt.,0,[],[]
1385,"Das vollständige Name der Firma Wipro war ursprünglich ""Western India Vegetable Products Limited"".",0,[],[]
1471,Das wissenschaftliche Modell der Quarks wurde Anfang der 1960er Jahre unabhängig voneinander vorgeschlagen.,0,[],[]
1410,Das World Wide Web Consortium (W3C) wurde im Jahr 1994 geschaffen.,0,[],[]
1408,Das World Wide Web wurde 1991 bis 1993 erschaffen.,0,[],[]
1768,"Das Wort Rex bedeutet ""König"" im Lateinischen.",0,[],[]
858,"Das Ziel der NROs ist, weltweit einzelne Personen über NROs und deren Auswirkungen aufzuklären.",0,[],[]
1041,"Das Ziel des Joggens ist das Steigerung der körperlichen Ausdauer, der physischen Leistungsfähigkeit, des Herz-Kreislauf-Systems, der Knochendichte sowie die Förderung einer negativen Energiebilanz bei Übergewichtigen und die Erhöhung des Tagesbedarfs an Energiezufuhr.",0,[],[]
857,"Das Ziel war, Menschen zu inspirieren, sie aktiver in Nichtregierungsorganisationen (NROs) einzubringen und eine stärkere Symbiose zwischen NROs und dem öffentlichen und privaten Sektor zu fördern.",0,[],[]
379,Das Zwölf-Schritte-Programm der Anonymen Alkoholiker besteht aus zwölf Schritten.,0,[],[]
561,David Eccles war für die dekorativen Vorbereitungen zuständig.,0,[],[]
579,Dead Space,0,[],[]
975,Dean machte während seiner Zeit bei UCLA mit dem Theater-Workshop von James Whitmore.,0,[],[]
974,"Dean war neun Jahre alt, als seine Mutter starb.",0,[],[]
1596,Deborah Wasserman Schultz war eine US-Abgeordnete des Bundesstaats Florida.,0,[],[]
1918,debütierte im Lucha Libre Wrestling mit 14 Jahren.,0,[],[]
626,Der 3.,0,[],[]
1304,"Der Alumni-Vorstand besteht aus dem CAA-Präsidenten, dem CEMS Executive Director, einem Vertreter des CEMS-Studentenvorstands, einem Vertreter der CEMS-Mitgliedshochschulen, 3 Local-Committee-Vertretern, 2 Senior-Alumni und 2 Junior-Alumni.",0,[],[]
321,Der am 28.,0,[],[]
1888,"Der atlantische Riesenzackenbarsch kommt in flachen Küstengewässern tropischer Korallenriffe vor, besonders in der Nähe von Wracks, Felsenvorsprüngen oder Küstenbefestigungen in Tiefen von fünf bis 50 Metern.",0,[],[]
747,Der Battagram-Distrikt liegt in Pakistan.,0,[],[]
784,Der Bau des Klosters dauerte von der Grundsteinlegung am 5.,0,[],[]
376,Der Bauvertrag mit der John F. Kennedy betrug 374 Mio.,0,[],[]
791,Der Bechdel-Test erschien zum ersten Mal 1985.,0,[],[]
377,"Der Beirat besteht aus einem Schriftstellervertreter, zwei Verlegern, einem Literaturagenten, einem Buchhändler, einem Bibliothekar sowie einem Moderator und Vorsitzenden aus der Stiftung selbst.",0,[],[]
945,Der Besitzer von Kingfisher Airlines war das indische Multikonzern-Unternehmen United Breweries Group.,0,[],[]
531,"Der Beutelteufel ist das größte lebende, fleischfressende Beuteltier.",0,[],[]
1880,Der Broadway wurde für eine Minute komplett verdunkelt.,0,[],[]
450,Der Buckingham Palace sollte eine Hauptresidenz der britischen Monarchen sein.,0,[],[]
805,Der Chobe-Nationalpark wurde in einen Nationalpark verwandelt.,0,[],[]
934,Der Club wurde zum ersten Mal im Jahr 1899 erwähnt.,0,[],[]
431,Der Coppermine River entspringt beim Lac de Gras.,0,[],[]
1155,Der Da Vinci Code erschien 2003.,0,[],[]
374,Der durch den Verlust geschlagene Schaden war für das Bakufu immens.,0,[],[]
485,"Der Englische Schweiß wird auch als Sudor anglicus, Schweißfieber, Schweißsucht, pestis sudorosa oder Schweißkrankheit bezeichnet.",0,[],[]
1060,Der Erfolg Kiplings mit seinen Werken in den frühen 1930er Jahren ging zurück.,0,[],[]
1097,Der Erste Englisch-Birmanische Krieg brach 1852 aus.,0,[],[]
764,Der erste Flug von McGee Airways startete zwischen Anchorage und Bristol Bay.,0,[],[]
787,Der erste größere öffentliche Auftritt fand 1955 statt.,0,[],[]
1040,Der erste Jogging-Club wurde 1961 gegründet.,0,[],[]
404,Der erste Solo-Aufstieg des Projekts wurde auf der Nordwand des Cholatse (6440 m) und der Ostwand des Tawoche (6505 m) durchgeführt.,0,[],[]
1101,Der erste Trailer für Mission: Impossible - Fallout wurde während der Halbzeitpause des Super Bowls am 4.,0,[],[]
1141,Der Erstflug des Prototypen wurde bereits durch seine Anwendung unterstützt.,0,[],[]
1883,Der Europäische Wolfsbarsch.,0,[],[]
1279,"Der Fǎbì (法幣) wurde eingeführt, um den Zusammenbruch des Silberstandards zu beheben und die Währungsreform durchzuführen.",0,[],[]
699,"Der Film ""The Equalizer"" kam am 9.",0,[],[]
1383,Der Film war bei den Golden Globe Awards 2008 in fünf Kategorien nominiert.,0,[],[]
72,"Der Flughafen Schönefeld wurde ausgebaut, um zum wichtigsten Passagier- und Luftfracht-Flughafen der Hauptstadtregion und Deutschlands (neben Frankfurt und München) zu werden.",0,[],[]
1219,"Der Fluss Tschüi verhilft dem Land zur Fruchtbarkeit, da sein Tal für die intensive Bewässerung der fruchtbaren Böden genutzt wird.",0,[],[]
371,der freiwillige Wehrdienst,0,[],[]
250,Der Fußballverein AS Viterbese Castrense sitzt in Viterbo.,0,[],[]
1885,Der Geburtstag von John Alan Lasseters ist der 12.,0,[],[]
408,Der Generalbefehl wurde am 6.,0,[],[]
1709,Der größte Verkehrsflughafen in Minnesota ist der Minneapolis-St.,0,[],[]
780,Der Hauptsitz von Agras befindet sich in Agra.,0,[],[]
1381,Der Hauptsitz von SAIL befindet sich in Indien.,0,[],[]
30,Der Hawk 75A-5 wurde zunächst in China unter Lizenz gebaut und dann die Produktion nach Indien verlegt.,0,[],[]
721,Der Herzbube wird in Alice im Wunderland wegen Diebstahls vor Gericht gestellt.,0,[],[]
815,Der heutige Name von De architectura ist Zehn Bücher über Architektur.,0,[],[]
1503,Der Himalaya-Glanzfasan kommt vom östlichen Afghanistan bis zur Ostgrenze Bhutans und in Teile Tibets vor.,0,[],[]
1398,Der höchste Gipfel von Antarktika ist Mount Vinson mit 4892 Metern.,0,[],[]
1078,"Der höchste Punkt Schwedens, der Kebnekaise, liegt bei etwa 2.100 m über dem Meeresspiegel.",0,[],[]
1903,"Der internationale Starttermin für den Film ""Solo"" war der 25.",0,[],[]
289,Der Isthmus von Kra grenzt an die Andamanensee und den Golf von Thailand.,0,[],[]
1702,Der Jahresniederschlag in Minnesota variiert von etwa 480 mm im Nordwesten bis zu 860 mm im Südosten.,0,[],[]
1698,Der Kanadische Schild befindet sich im Nordosten Minnesotas.,0,[],[]
1991,Der Katepano Johannes Kurkuas wurde Anfang 1010 im Kampf getötet.,0,[],[]
1761,Der Kodiakbär gehört zur Unterart des Braunbären (Ursus arctos).,0,[],[]
1160,Der Koran besteht aus 114 Suren.,0,[],[]
1159,Der Koran.,0,[],[]
1689,Der Manchinelbaum wird als am gefährlichsten erachtet.,0,[],[]
1498,der nächtlichen Beobachtung von Fledermäusen.,0,[],[]
638,Der Name Barclay wurde erstmals 1736 im Zusammenhang mit dem Bankhaus verwendet.,0,[],[]
1262,"Der Name des Kerns, der von Intel im Jahr 2002 herausgegeben wurde, ist Northwood.",0,[],[]
1616,Der Name Epimetheus wurde offiziell am 30.,0,[],[]
320,Der Name wurde am 13.,0,[],[]
1634,Der Oberste Richter sitzt bei der Beschwerdekammer für den öffentlichen Dienst und der Polizeibeschwerdekammer.,0,[],[]
899,Der offizielle Spielball für Männer bei Wettkämpfen wiegt zwischen 567 und 650 Gramm.,0,[],[]
1925,Der OFID-Sitz befindet sich in Wien.,0,[],[]
227,"Der Person, die erwähnt wird, steht der Vorstand des Deutschen Ausschusses für Stahlbeton (DAfStb) zu, da Manfred Curbach von 2004 bis 2012 Vorsitzender des engeren Vorstands war.",0,[],[]
1545,Der Präsident von Weißrussland ist Alexander Lukaschenko.,0,[],[]
979,Der Preis wurde für seine überragende Leistung in der Musik verliehen.,0,[],[]
1722,Der Premierminister und das Amt des Verteidigungsministers.,0,[],[]
1346,Der private SSH-Schlüssel kann mit einem Passwort geschützt werden.,0,[],[]
572,"Der protestantische König Jakob I., seine Familie und ein Großteil der Aristokratie wären getötet worden.",0,[],[]
873,Der Qiantang-Fluss hieß früher Zhe Jiang.,0,[],[]
1975,Der Rat der Volksvertreter hat am 7.,0,[],[]
1751,"Der Roman ""Die Zeitmaschine"" wurde 1895 veröffentlicht.",0,[],[]
1882,"Der Rücken ist dunkelgrau, die Färbung wird an den Seiten zunehmend heller, der Bauch ist fast weiß.",0,[],[]
1323,"Der schneereichste Winter, der jemals aufgezeichnet wurde, war der Winter 1983/84, als 2,5 Meter Schnee fielen.",0,[],[]
223,"Der seltene Lebensraum, in dem das Zebra der Ebenen herumstreift, sind teils geschlossene Gras- und Parklandschaften, die von Akazien- und Commiphora-Beständen durchsetzt sind.",0,[],[]
1337,Der Sheriff in Selma war Jim Clark.,0,[],[]
1520,"Der Sitz von Pixar befindet sich in Emeryville, Kalifornien.",0,[],[]
669,Der South Nahanni River entspringt am Mount Christie in den Mackenzie Mountains auf einer Höhe von 1600 m.,0,[],[]
1897,Der Spieler war für das nächste Spiel gesperrt.,0,[],[]
1260,Der Staatspräsident verfügt nach der Verfassung von 2010 über weitreichende Exekutivvollmachten und untersteht sowohl der Regierung als auch den Streitkräften in Kenia.,0,[],[]
961,Der Stern Mirach ist ca.,0,[],[]
484,Der Süden Chinas wurde von Kriegen erschüttert.,0,[],[]
214,"Der Text erwähnt, dass der FC Arsenal zwischen 1890 und 1893 im Invicta Ground war, aber hauptsächlich im Manor Ground in Plumstead spielte.",0,[],[]
1364,"Der Text gibt an, dass das Sprengstoffattentat auf die Mekka-Moschee am 18.",0,[],[]
1167,"Der Text verrät nicht, welches Genre der Debüt-Film von Dinklage war.",0,[],[]
692,Der Turibaum (Sesbania grandiflora) gehört zur Familie der Hülsenfrüchtler (Fabaceae).,0,[],[]
166,Der Überfall auf Hanns Martin Schleyer fand am 5.,0,[],[]
358,Der Umzug wird vom Münchner Kindl angeführt.,0,[],[]
1127,Der Unabhängigkeit Bangladeschs geht auf den Bangladesch-Krieg zurück.,0,[],[]
1558,Der Unterschied zwischen Demand Chain Management und Supply Chain Management liegt in der Betonung auf die Nachfrageseite.,0,[],[]
1556,Der ursprüngliche Name von Leo war Konon.,0,[],[]
249,Der Verein Viterbese Castrense spielt derzeit in der Serie C.,0,[],[]
1212,Der Vertrag von Petrópolis wurde am 17.,0,[],[]
560,"Der Vertrag zur Vereinigung der Streitkräfte, der Währung und des Wirtschaftsraums in der Konföderation Senegambia wurde nach dem versuchten Schlag versucht zu erreichen.",0,[],[]
1769,Der Verwaltungssitz von Wood County im Bundesstaat Ohio der Vereinigten Staaten ist Bowling Green.,0,[],[]
860,Der Welttag der NRO.,0,[],[]
505,Der zweite Platz und ein Laureate Diplom.,0,[],[]
1922,Des Moines ist die Hauptstadt und größte Stadt des US-Bundesstaates Iowa.,0,[],[]
1188,Deutsche Boxer,0,[],[]
372,Deutschland hat maßgeblich bei der Gründung empirischer Wissenschaften und der Entwicklung verschiedener Industrien kontribuiert.,0,[],[]
1625,Deutschland und Kanada waren die letzten Kandidaten für die Frauen-Weltmeisterschaft 2011.,0,[],[]
1161,Dezember,0,[],[]
408,Dezember 1922 herausgegeben.,0,[],[]
206,Dezember 1935 von seinem Amt zurück.,0,[],[]
132,Dezember 1941.,0,[],[]
1519,Dezember 1950.,0,[],[]
1226,Dezember 1973 in der Academy of Music in New York statt.,0,[],[]
1318,Dezember 1982 in Houston (Texas) zur Welt.,0,[],[]
1447,Dezember 2000.,0,[],[]
1394,Dezember 2011 vom Weltraumteleskop Kepler entdeckt: Kepler-20e und Kepler-20f.,0,[],[]
1747,Dezember als Fraktionsvorsitzender der CDU/CSU-Fraktion im Deutschen Bundestag Oppositionsführer.,0,[],[]
135,Dezember am Espírito Santo angekommen.,0,[],[]
327,DFW ist der IATA-Code und der ICAO-Code für den internationalen Verkehrsflughafen zwischen Dallas und Fort Worth in Texas.,0,[],[]
209,Die 747-400 war bis zum Erstflug der 747-8 das größte Passagierflugzeug der Welt.,0,[],[]
811,Die A1(M) führt gut zehn Kilometer östlich an Leeds vorbei.,0,[],[]
986,Die A92 wurde nach dem Bau der A90 als touristische Route genutzt.,0,[],[]
1620,"Die afghanischen Medien verschwiegen, dass Taraki wahrscheinlich mit einem Kissen erstickt wurde.",0,[],[]
1284,Die aktuelle 3.,0,[],[]
1917,Die aktuelle Währung in Puerto Rico ist der US-Dollar.,0,[],[]
1753,Die alte Definition für die longitudinale und transversale Masse wurde überflüssig.,0,[],[]
406,Die ältesten Minen befinden sich in Cerrillos (New Mexico).,0,[],[]
1632,"Die am weitesten verbreitete Religion auf Nauru ist der Protestantismus, insbesondere die Nauru Congregational Church mit 35,7 % der Bevölkerung.",0,[],[]
1133,Die Anzahl der Neuerkrankungen an Harnwegsinfekten (HWI) bei Frauen liegt im jüngeren Alter bei rund 5 % und steigt im Alter auf rund 20 % an.,0,[],[]
1224,"Die Anzahl und Vollständigkeit von sozialen und ökonomischen Zählobjekten wie Gruppenmitgliedern, Beutetieren, Besitz oder Schulden.",0,[],[]
27,Die Argentinischen Hawks blieben bis 1954 im aktiven Dienst.,0,[],[]
1931,Die Armut wird durch erfolgreiche Interventionen reduziert.,0,[],[]
1153,Die Asienspiele werden auch als Panasiatische Spiele genannt.,0,[],[]
689,Die äthiopische Zentralbank wurde 1943 offiziell gegründet.,0,[],[]
999,"Die ausdrücklich erwähnten Modellreihen sind Sportster, Dyna und die Modelle der VRSC-Familie.",0,[],[]
1371,Die Band The Eagles wurde 1971 in Los Angeles gegründet.,0,[],[]
218,"Die Beeren haben je nach Sorte grün, gelb bis purpurrot.",0,[],[]
1044,Die beiden am häufigsten und üblicherweise angewendeten Projektionen bei der Mammographie sind die cranio-caudale Abbildung und die MLO-Aufnahme.,0,[],[]
4,Die beiden Hauptgründe für die Annullierung von Flügen waren schlechte Sichtweite und Ascheansammlungen auf den Flughäfen.,0,[],[]
267,"Die bekanntesten Merkmale Thailands sind die Gebirge im Norden, die Zentralebene des Chao Phraya und eine Hochebene.",0,[],[]
774,Die Belagerung von Seringapatam fand 1799 statt.,0,[],[]
31,"Die beliebteste Single des Albums ""These Are Special Times"" war ""I'm Your Angel"", ein Duett mit R. Kelly.",0,[],[]
1209,Die beste verfügbare Auflösung beträgt in einigen Ballungsgebieten bis zu 15 cm.,0,[],[]
1984,"Die betroffenen Zeitungen hatten in den Tagen zuvor nicht nur zur Aufstellung weiterer Freikorps, sondern auch zum Mord an den Spartakisten aufgerufen.",0,[],[]
1811,Die Bevölkerung der Insel beträgt 127 Einwohner.,0,[],[]
1418,Die Bevölkerungszahl nach der Volkszählung 2010 betrug 1.010.073 Bewohner.,0,[],[]
850,Die Boeing 737-200 flogen ursprünglich auf den Routen von London Luton nach Glasgow und Edinburgh.,0,[],[]
454,"Die Bombardierung des Buckingham Palastes im Jahr 1940 wurde in allen Kinos Englands gezeigt, um zu zeigen, dass auch Reiche wie Arme gemeinsam leiden mussten.",0,[],[]
1912,"Die Brücke, über die Clifford und seine Männer auf spanischen Widerstand trafen, war die San-Antonio-Brücke.",0,[],[]
149,Die Brutkolonien der Gentoo-Pinguine bestehen normalerweise aus einem kreisförmigen Stapel von Steinen.,0,[],[]
1303,Die CAA wurde von CEMS-Absolventen gegründet.,0,[],[]
1831,Die Charité hat an vier Hauptstandorten (Campus) untergebracht.,0,[],[]
298,Die Dekolonisation Afrikas setzte in den 1960er und 1970er Jahren ein.,0,[],[]
170,Die Deportierten waren im Zug 20 Stunden unterwegs.,0,[],[]
1009,Die Dermatophagie führt zu Blutungen und nach einer Zeit zu Verfärbungen der Haut.,0,[],[]
532,"Die Diät des Beutelteufels hängt ab davon, welche Nahrungsquellen ihm zur Verfügung stehen.",0,[],[]
635,Die Dreharbeiten begannen am 14.,0,[],[]
179,Die Dreharbeiten begannen am 4.,0,[],[]
819,Die Dreharbeiten begannen im März 2005.,0,[],[]
1135,"Die Dreharbeiten fanden hauptsächlich in Schottland statt, insbesondere in den Schottischen Highlands, Glasgow und Edinburgh.",0,[],[]
900,"Die Drei-Punkte-Linie ist 6,75 Meter vom Mittelpunkt des Korbes entfernt.",0,[],[]
91,"Die Duncan wurde dem Wasser überlassen, während es in Flammen aufging.",0,[],[]
1882,Die dunkle Seitenlinie ist gut erkennbar.,0,[],[]
650,"Die Dura mater ist die Membran, die mit zwei Bereichen des Schädels verbunden ist.",0,[],[]
163,Die durchschnittliche Körperlänge beträgt 66 cm.,0,[],[]
1425,Die Ehe von Britney Spears mit Jason Alexander wurde nach 55 Stunden annulliert.,0,[],[]
588,Die Eigentümer von Airlinair sind derzeit private Investoren zu etwa 80 % und Brit Air (eine Tochtergesellschaft der Air France-KLM) mit etwa 19 %.,0,[],[]
1916,Die Einheimischen Puerto Ricos haben im 19.,0,[],[]
1914,"Die Einwanderung nach Puerto Rico führte zu einem auf der Landwirtschaft basierenden Wirtschaftswachstum mit den wichtigsten Produkten Zucker, Tabak und Kaffee.",0,[],[]
1621,"Die Eisenbahnstrecke im Kap-Kairo-Plan ist die wichtigste Infrastruktur, die Regierungen, dem Militär und der Wirtschaft von Siedlungen hilft.",0,[],[]
1750,Die elektromagnetische Masse wurde ursprünglich als das Ergebnis einer Selbstinduktion der Konvektionsströme im Äther interpretiert.,0,[],[]
1317,Die Eltern von David Cook heißen Beth Foraker (geb.,0,[],[]
1640,Die Eltern von Montserrai Martí waren Montserrat Caballé und Bernabé Martí.,0,[],[]
1194,"Die Entstehung der Gastroschisis ist nach wie vor nicht geklärt, es werden jedoch zwei Hauptthesen diskutiert.",0,[],[]
1360,"Die EPA wurde nicht aus Nachrichtenagenturen gegründet, sondern es gab sieben Gründungsmitglieder, die Nachrichtenagenturen waren.",0,[],[]
956,"Die Erde ist der Planet, für den die Sonne eine lebenswichtige Energiequelle ist.",0,[],[]
1063,Die Erdoberfläche kann durch Plattentektonik oder vulkanische Aktivität ansteigen.,0,[],[]
1726,Die erste Ausgabe der Geschichte des Niedergangs und dem Fall des römischen Reichs wurde zwischen 1776 und 1789 veröffentlicht.,0,[],[]
1226,Die erste offizielle Premiere von Kiss fand am 31.,0,[],[]
1315,Die erwachsenen Spitzschwanz-Bronzemännchen sind an der Körperoberseite und an den Halsseiten dunkelbraun und haben silbrigweiße Schaftstriche.,0,[],[]
905,Die Familie zog im März 1974 nach Bombay um.,0,[],[]
1866,Die Familie zog nach dem Attentat in das festungsartige Schloss Gattschina um.,0,[],[]
1939,"Die Familie, für die Rozas Mutter arbeitete, war eine reiche Familie.",0,[],[]
1525,"Die Farbe eines Amethysts reicht von einem sehr hellen, leicht rosafarbenen bis zu einem sehr dunklen Violett.",0,[],[]
903,"Die FIBA besteht aus Gründungsmitgliedern aus Argentinien, Griechenland, Italien, Lettland, Portugal, Rumänien, Schweiz und Tschechoslowakei.",0,[],[]
1901,Die Fortpflanzungszeit der Puerto-Rico-Amazone fällt in die Monate zwischen Januar und Juli.,0,[],[]
1305,"Die Frage ""Wie beginnt das Spiel?""",0,[],[]
984,"Die Frage ist nicht klar formuliert und es ist nicht deutlich, welche Stadt gemeint ist.",0,[],[]
798,"Die Frage ist nicht klar genug formuliert, um sie auf die gegebenen Texte bezüglich einer spezifischen Technik zu beantworten.",0,[],[]
116,Die Franklin wollte nach Eniwetok und anschließend an verschiedenen Operationen in der Pazifikregion teilnehmen.,0,[],[]
1553,Die französische Armee stand im März 1689 auf der Seite von König Jakob.,0,[],[]
545,Die Frist für die Angabe des Interesses war bis zum 15.,0,[],[]
90,Die Fubuki sank bereits kurz nach Gefechtsbeginn.,0,[],[]
1788,"Die Fußball-Asienmeisterschaft für den AFC 1088 fand nicht statt, da der erste Turnier im Jahr 1956 ausgetragen wurde.",0,[],[]
1098,Die gemeinsame Sprache und vor allem Ethnie werden von den Südkoreanern als wichtiger Bestandteil der Identität betrachtet.,0,[],[]
1543,Die gemeinsame Tochter des Paares heißt Adira.,0,[],[]
1839,"Die geschätzte Zahl der Toten bei der Flutkatastrophe in China 1931 reicht von 145.000 bis 3,7 Millionen.",0,[],[]
789,"Die Geschmackssorten sind Vanille, Himbeere, Orange, Heidelbeere, grüner Apfel und Zitrone.",0,[],[]
541,Die Glassäulen für Grön eld wurden vom Emmaboda glasverk in Schweden aus dreitausend neun Millimeter dünnen Glasplatten gefertigt.,0,[],[]
113,Die Google-Toolbar heißt die Internet-Symbolleiste von Google.,0,[],[]
1936,Die Gravity-Daniell-Zelle ersetzte die Grove-Elemente als elektrische Energiequelle in der Telegrafie ab den 1860er Jahren.,0,[],[]
584,Die Große Trigonometrische Vermessung diente der Grundlagenvermessung des Indischen Subkontinents und der Messung eines Meridianbogens mit einer Länge von mehr als 2500 km.,0,[],[]
1012,Die Großeltern väterlicherseits von Kasparian waren Überlebende des Völkermords an den Armeniern von 1915.,0,[],[]
556,Die größte Monster-Truck-Serie ist Monster Jam.,0,[],[]
150,"Die Grundkonstruktion der Flugzeuge stammt vom firminternen Northrop-Projekt N-300, das bereits 1965 entworfen wurde.",0,[],[]
234,Die Hauptfunktion der kleinen Vorstädten und Stadtmitten in Canberra war der Brennpunkt gewerblicher und sozialer Aktivitäten.,0,[],[]
627,"Die Hauptreligion im Gebiet von British-Indien, das zu Pakistan wurde, war Muslimisch.",0,[],[]
1652,Die Hauptstadt Somalis heißt Jijiga.,0,[],[]
1172,"Die Haut wird von der Schutzschicht aus Schweiß und Talg, dem Hydro-Lipid-Film, geschützt.",0,[],[]
1324,"Die höchste jemals gemessene Temperatur von 42,2 Grad Celsius wurde im Juli 1936 aufgezeichnet.",0,[],[]
1594,Die Identifikation von Janus am 15.,0,[],[]
517,"Die indische Verfassung sieht vor, dass das Unterhaus des Parlaments, die Lok Sabha, alle fünf Jahre neu gewählt werden muss.",0,[],[]
1472,"Die Informationen zur Geburt des Sohns von Ronaldo sind nicht detailliert genug, um eine genaue Ortsangabe für das Treffen seiner Eltern zu liefern.",0,[],[]
1791,Die Informationen zur Position des Fußballspielers Thuso Phala sind nicht enthalten in den bereitgestellten Textabschnitten.,0,[],[]
400,Die Interstate 5 verläuft durch Eugene in Oregon.,0,[],[]
415,Die Jahresdurchschnittstemperatur beträgt relativ gleich bleibend 26 °C.,0,[],[]
1158,Die Jōyō-Kanji-Liste wurde 1981 eingeführt.,0,[],[]
176,Die Kathedrale wurde vollständig aus roten Ziegeln gebaut.,0,[],[]
1057,Die Kichererbse wird im Wesentlichen in Nordafrika angebaut.,0,[],[]
452,"Die Königin ist Königin Eduard VII., genauer gesagt sein Gemahlin Königin Alexandra von Dänemark.",0,[],[]
301,Die Königin war auf Balmoral Castle im Urlaub.,0,[],[]
1676,Die Krönung fand am 28.,0,[],[]
284,Die Krönung Georgs IV.,0,[],[]
1020,Die Kubakrise befand sich 1962 auf dem Höhepunkt.,0,[],[]
1512,"Die künstliche Intelligenz der Gegner erscheint komplex, aber Aktionen wie das Suchen nach Deckung, Überraschungsangriffe und Teamwork sind durch Skripte programmiert.",0,[],[]
1494,Die Länder werden alphabetisch geordnet auf dem gleichen Rang geführt.,0,[],[]
478,Die Länge eines Orangespechts beträgt 26–29 cm.,0,[],[]
493,"Die laotische Hauptstadt Vientiane (Viang Chan) liegt auf der anderen Seite des Mekong gegenüber von Nong Khai, die im Tal des Mekong liegt.",0,[],[]
1171,Die Lippenhaut trocknet schneller aus und wird leichter spröde.,0,[],[]
263,Die Liste folgt bei den ausgestorbenen Vertretern weitgehend der Klassifizierung von Werdelin und Solounias (1991) sowie McKenna und Bell (1997).,0,[],[]
1301,Die Lokalkomitees (LCs) sind für den Kontakt zu pflegen.,0,[],[]
1453,Die Luftfahrtrakete landete in der Inneren Mongolei.,0,[],[]
1213,Die Madeira-Mamoré-Eisenbahn.,0,[],[]
11,Die Magdiwang-Fraktion und die Magdalo-Fraktion wurden gespalten.,0,[],[]
809,Die Mehrheit der Bevölkerung in Leeds bezeichnet sich als christlich.,0,[],[]
1983,"Die Mehrheit hoffte weiter, die Macht durch fortgesetzte Agitation in den Betrieben und den Druck der „Straße“ zu erringen.",0,[],[]
1079,Die meisten ausländischen Einwohner in Schweden kommen aus Finnland.,0,[],[]
543,"Die meisten Kardinalbarsche bleiben kleiner als 10 Zentimeter, wobei sie im Extreme 3 bis 25 Zentimeter lang werden können.",0,[],[]
1507,Die meisten OLTP-Systeme sind zeilenorientiert.,0,[],[]
26,Die meisten vom Wright-Cyclone-Motor angetriebenen Hawk 75A-8 wurden an einen norwegischen Trainingsstützpunkt nahe Toronto in Kanada geliefert.,0,[],[]
856,"Die Mitgliedsländer des Ostsee-NRO-Forums waren Weißrussland, Dänemark, Estland, Finnland, Deutschland, Island, Lettland, Litauen, Polen, Russland, Norwegen und Schweden.",0,[],[]
1022,Die mongolische Saiga-Unterart kommt nur in der westlichen Mongolei vor.,0,[],[]
573,Die Motoren werden für militärische und zivile Luftfahrt- und Weltraumforschungsprogramme gebaut.,0,[],[]
932,"Die Mutter von Arthur Conan Doyle hieß Mary, geb.",0,[],[]
1014,Die Mutter von Elizabeth Hurley arbeitete als Lehrerin an der Kempshott Infant School.,0,[],[]
1274,"Die nationalen Naadam-Spiele finden in der Hauptstadt Ulaanbaatar statt, aber auch in anderen Städten in kleinerem Umfang.",0,[],[]
1328,Die Nationalflagge Tonga war ursprünglich weiß mit einem roten Kreuz in der Mitte.,0,[],[]
306,Die Nationalität der Soldaten ist japanisch.,0,[],[]
1694,Die Nationalversammlung von St.,0,[],[]
589,Die neue Glocke wurde am 10.,0,[],[]
453,"Die neue Hauptfassade wurde entworfen, um als Hintergrund für das Victoria Memorial zu dienen.",0,[],[]
1910,Die nördliche Siedlung auf Puerto Rico wurde wegen eines geeigneten Hafens gegründet.,0,[],[]
1988,Die Novemberrevolution wird von den Deutschen nicht gerne gedacht.,0,[],[]
190,Die Originalversionen der Umineko-Spiele verfügten über sehr einfache Grafik.,0,[],[]
1420,"Die Ovula Nabothi wurden nach Martin Naboth benannt, einem Leipziger Arzt aus dem 18.",0,[],[]
1966,Die Parteiführer der SPD hielten die Handlungen des Rates für störend.,0,[],[]
1356,"Die Passagiere standen vor dem Problem, ohne Ausrüstung, mit sehr wenig Proviant und ohne Karten einen elf Tage dauernden Abstieg vom Auyan-Tepui zu bewältigen.",0,[],[]
571,Die Peers' Lobby diente als Versammlungsraum und Informationszentrum für die Mitglieder des House of Lords.,0,[],[]
593,"Die Penny-Münzen werden verwendet, um den Schwerpunkt des Pendels zu verändern und somit die Schwingdauer zu optimieren.",0,[],[]
1231,Die Pressekonferenz fand am 16.,0,[],[]
440,"Die Produktionsstätten des Automobilherstellers Mercedes-Benz befinden sich weltweit, nicht nur in Deutschland, sondern auch in anderen Ländern durch weitere Fertigungsstätten.",0,[],[]
1203,Die Provinz befand sich im Norden Afghanistans.,0,[],[]
159,Die Provinz liegt am nordöstlichen Rand von Thailand.,0,[],[]
1683,Die Qualifikationsrunde endete am 15.,0,[],[]
831,Die Querbinde der Königskobra ist hellbeiger bis weißlich.,0,[],[]
1609,Die Rakete explodierte über der Erdatmosphäre von Washington D.C.,0,[],[]
1973,Die Räte wurden weitgehend ausgeschaltet.,0,[],[]
1495,"Die Region Malwa wurde von den Kulturen Gujarats, Rajasthans und Marathas beeinflusst.",0,[],[]
683,Die Reichweite des Gewehrs soll angeblich aus drei Kilometer Entfernung treffen können.,0,[],[]
1985,"Die Revolutionären Obleute begannen sich zu bewaffnen, um den Sturz der Regierung Ebert aufzurufen.",0,[],[]
823,"Die Rivalen von Aston Villa waren Birmingham City, West Bromwich Albion und Coventry City.",0,[],[]
1088,"Die RMS Queen Mary 2 ist das einzige Passagierschiff, das als Kreuzfahrtschiff eingesetzt wird.",0,[],[]
398,Die Santa Ana Freeway verläuft durch die Bezirke Berasia und Huzur im Distrikt Bhopal.,0,[],[]
550,"Die Schule, die Marga Faulstich besuchte, war das Realgymnasium in Jena.",0,[],[]
487,Die Schweißkrankheit trat unabhängig von der Pest auf.,0,[],[]
390,"Die sechs Hauptcharaktere der Show heißen Rachel, Monica, Phoebe, Joey, Chandler und Ross.",0,[],[]
1949,Die Serie „Modern Family“ wurde von Christopher Lloyd und Steven Levitan erdacht.,0,[],[]
843,Die Single hieß „Shame“.,0,[],[]
643,Die Slowakei nahm erstmals 1994 an den Olympischen Winterspielen teil und 1996 an den Olympischen Sommerspielen.,0,[],[]
657,Die sowjetischen Flugzeuge wurden durch westliche Modelle wie Boeing 737 und Airbus A320 ersetzten.,0,[],[]
1407,Die Sozialistische LinksPartei (SLP) ist eine trotzkistische Kleinstpartei in Österreich.,0,[],[]
625,Die Spektralklasse des Riesensterns ist K4 und die Leuchtkraftklasse III.,0,[],[]
1470,Die Sprengsätze wurden in der Station Ploschtschad Wosstanija und zwischen den Stationen Sennaja Ploschtschad und Technologitscheski Institut in der Metro Sankt Petersburg gezündet.,0,[],[]
1838,"Die Stadt Washington ist geographisch in die vier Quadranten Northwest (NW), Southwest (SW), Northeast (NE) und Southeast (SE) eingeteilt.",0,[],[]
1386,"Die Stationen sind mit Geldautomaten, Kiosken und anderen Einrichtungen versehen und haben ein unverwechselbares Design.",0,[],[]
261,Die Steinfrüchte werden traditionell von Hand geerntet.,0,[],[]
1802,"Die Substruktur wurde in einem tiefen, offenen Graben erbaut.",0,[],[]
184,Die Tageslicht-Missionen der RB-45C wurden kurz nach Anfang 1952 zurückgezogen.,0,[],[]
715,"Die Technologie, die mit den vorhandenen Schwarz-Weiß-Fernsehern inkompatibel war, war die Farbfernsehstandardtechnologie, die CBS im Jahr 1940 einsetzte.",0,[],[]
198,Die Temperatur im äußeren Halo beträgt etwa 15.000 K.,0,[],[]
15,Die theologische Abteilung der Colgate University floss nach der Fusion mit dem Rochester Theological Seminary in die Colgate Rochester Divinity School zusammen.,0,[],[]
479,Die tiefliegenden Populationen der Orangen-spechte können in Indien bis zu 1700 m Höhe vorkommen.,0,[],[]
893,Die Tochter des MySQL-AB-Mitbegründers Michael Widenius.,0,[],[]
482,"Die toten britischen Gefallenen wurden in einem Massengrab beigesetzt, während die indischen Toten liegen gelassen wurden.",0,[],[]
917,Die Uhr seines Vaters.,0,[],[]
1758,Die Uhren bestanden aus zwei Spiegeln.,0,[],[]
1529,Die Umfrage wurde im Jahr 2003 durchgeführt.,0,[],[]
1445,"Die UNITA-Rebellen in Angola und die Revolutionary United Front-Rebellen (RUF) in Sierra Leone handelten mit Konfliktdiamanten, um an Waffen zu kommen.",0,[],[]
1430,"Die Ursachen für Unterschiede können durch Infektionen, bestimmte Medikamente, chemische Stoffe, körperliche Belastung und andere Reize verursacht werden.",0,[],[]
1579,Die USA entstanden aus dreizehn Kolonien.,0,[],[]
631,Die Vampirarmee mit den neuen Silberwaffen.,0,[],[]
1440,Die Verfilmung begann am 15.,0,[],[]
139,"Die Verluste der Kreuzfahrer sind unbekannt, die der Ägypter werden in manchen Quellen mit 10–12.000 angegeben.",0,[],[]
1720,Die Versorgungslinien wurden abgeschnitten.,0,[],[]
1382,Die Vietnam Airlines Corporation besteht aus Vietnam Airlines und rund 20 flugbezogenen Geschäftsfällen.,0,[],[]
65,Die Violettgraue Kapseleule gehört zur Familie der Eulenfalter (Noctuidae).,0,[],[]
575,Die von RT-Business Development eingesetzte Strategie heißt Rostec-Strategie.,0,[],[]
1315,"Die Vorderbrust, das Gesicht und die Kehle sind schwarzbraun bis schwarz.",0,[],[]
1743,Die Währungs- und Finanzsysteme wurden teilweise dereguliert.,0,[],[]
671,Die Werke stammen aus dem 8. bis 12.,0,[],[]
810,"Die wichtigsten Straßen in Leeds sind die A58 und A61, sowie der Innenstadtring und der Außenring.",0,[],[]
598,Die Wikinger reisten mit ihren Langschiffen.,0,[],[]
326,Die Zitadelle wurde 2011 zum UNESCO-Welterbe erklärt.,0,[],[]
1932,Die Zuschüsse werden größtenteils auf der Grundlage des Projekttyps und seiner zu erwarteten Ergebnisse vergeben.,0,[],[]
153,Die zweite YF-17 flog am 21.,0,[],[]
1043,Die Zwillingsforschung wurde angewendet.,0,[],[]
1509,Dies geschah während seiner Regentschaft im frühen 9.,0,[],[]
1051,"Digitale Wasserzeichen werden eingesetzt, um Rechteinhaberinformationen zur Urheberrechtsverfolgung in Audio- und Videodaten, 3D-Modelle, Musiknoten, Standbildern und Texten einzubetten.",0,[],[]
316,"Dirie lebte später in London und war auch in den USA, China, Indien, Japan, den Niederlanden und Italien aktiv.",0,[],[]
641,Dirk Sager war ein deutscher Journalist.,0,[],[]
357,Division in Malaya.,0,[],[]
931,Doyle wurde am 22.,0,[],[]
933,Doyle wurde auf dem All Saints Churchyard der All Saints Church des kleinen Ortes Minstead unter einer alten Eiche beerdigt.,0,[],[]
421,Dr.,0,[],[]
921,Dr.,0,[],[]
466,Drei Kinder der Königin wurden im Musikzimmer getauft.,0,[],[]
679,Drei unterschiedliche Skalen wurden entwickelt.,0,[],[]
58,Drei Wochen.,0,[],[]
111,"Dschibuti grenzt im Norden an Eritrea, im Westen und im Süden an Äthiopien und im Südosten an Somalia bzw.",0,[],[]
253,Duke,0,[],[]
1785,Durch das Übereinkommen wurden mehrere internationale Institutionen geschaffen.,0,[],[]
1350,Durch die Explosionen wurden drei Menschen getötet und 264 weitere verletzt.,0,[],[]
949,E = Eye Opener,0,[],[]
1891,Ecuador,0,[],[]
292,Edward war verheiratet mit Wallis Simpson.,0,[],[]
1724,Ein Benediktinerkloster wurde gebaut.,0,[],[]
1062,Ein Berg ist im Allgemeinen steiler als ein Hügel.,0,[],[]
1292,Ein Einakter besteht aus einem einzigen Akt.,0,[],[]
1034,Ein Endoskop.,0,[],[]
941,"Ein Gebäude, das einst zum Fort gehörte, war eine zweistöckige Konferenzhalle.",0,[],[]
1056,"Ein Größensystem wird verwendet, um die Organisation für diese Messungen der Eigenschaften von Materialien zu gewährleisten.",0,[],[]
1960,Ein leeres Anwesen.,0,[],[]
1530,"Ein Neugeborenes sollte einen Bilirubinwert von über 30 mg/dl (510 µmol/l) haben, um für eine Transfusion in Frage zu kommen.",0,[],[]
35,Ein Pendel wird durch eine nahegelegene große Masse leicht abgewichen.,0,[],[]
942,Ein primäres Offenwinkelglaukom kann zur chronischen Drucksteigerung im Auge führen.,0,[],[]
724,Ein Treffen Mitte 2005 scheiterte an der Weigerung Marokkos teilzunehmen.,0,[],[]
43,Eine große Anzahl von Einheitslinienschiffen kam während der Schlacht von Gallipoli zum Einsatz.,0,[],[]
888,Eine Mannschaft besteht in der Regel aus elf Spielern.,0,[],[]
460,Eine Militärkapelle spielte auf der Musikantengalerie.,0,[],[]
646,"Eine Möglichkeit, sich eine Meningitis zu einfangen, ist durch eine Infektion mit Bakterien, Viren, Pilzen oder Parasiten.",0,[],[]
649,"Eine nichtinfektiöse Meningitis kann durch verschiedene Prozesse verursacht werden, wie zum Beispiel die Ausbreitung von Krebszellen, bestimmte Medikamente, entzündliche Erkrankungen, Bindegewebserkrankungen oder durch entzündungsfördernde Stoffe aus Cysten.",0,[],[]
294,Einige Zeitungen wiesen oft und ausführlich auf seine ausländische Herkunft hin.“,0,[],[]
1971,Einigkeit der Arbeiterklasse,0,[],[]
1110,Einstein emigrierte 1933 in die USA.,0,[],[]
1465,"Elefanten kamen in feuchtkalten, montanen Wäldern vor.",0,[],[]
1464,Elephas maximus maximus,0,[],[]
296,Elisabeth war die Thronfolgerin nach dem Tod des Königs.,0,[],[]
1015,Elizabeth Hurley war 16 Jahre alt im Jahr 1981 oder 1982.,0,[],[]
1061,Emma,0,[],[]
59,Emotions war für den Grammy Award in der Kategorie Best Female Pop Vocal Performance nominiert.,0,[],[]
1017,Endodontische Behandlung.,0,[],[]
1661,England,0,[],[]
735,"England spielte viele Jahre lang hauptsächlich gegen Schottland, Wales und Irland.",0,[],[]
1927,"EPI steht für ""Energie für die Armen Initiative"".",0,[],[]
542,Epoxidharz.,0,[],[]
340,Er dient als Flughafen für verschiedene Städte in China.,0,[],[]
1888,"Er ist von den Florida Keys, den Bahamas, der Karibik bis in brasilianische Küstengewässer verbreitet.",0,[],[]
281,Er verfügte über 43 Patente zur Zeit seiner Pensionierung.,0,[],[]
294,Er war ein Prinz ohne Heimat und Königreich.,0,[],[]
1633,"Ernährungsgrundlagen wie weißer Reis, Nudeln und Softdrinks, sowie das fehlende Gemüse, können zu gesundheitlichen Komplikationen wie Fettleibigkeit, Diabetes mellitus, Nierenversagen und Herzkrankheiten führen.",0,[],[]
106,erschlagen wurde.,0,[],[]
855,"Erstmals im Jahr 2014 wurden die Vereinten Nationen notiert, den Tag zu feiern.",0,[],[]
1148,Erucasäure ist mehr prävalent in Senföl als Ölsäure.,0,[],[]
1723,"Es gab Versuche der USA, unter Einbindung von Prinz Sihanouk noch ein Friedensabkommen durchzusetzen, aber diese Versuche scheiterten.",0,[],[]
1629,Es geht um die Frauen-Weltmeisterschaft.,0,[],[]
1809,Es gibt 21 bewohnte Inseln.,0,[],[]
497,Es gibt 53 Porträts von Gosel in Bayramovs 'Gozel'.,0,[],[]
1121,"Es gibt fünf bewohnte Inseln: Baltra, Floreana, Isabela, San Cristóbal und Santa Cruz.",0,[],[]
1192,Es gibt insgesamt sechs Atolls und drei Inseln in Tuvalu.,0,[],[]
705,"Es gibt keine explizite Musikgattung erwähnt, die für die Anwesenheit von Mohammed verwendet wurde.",0,[],[]
1666,"Es gibt nur wenige Nachweise des Imperiums von Brunei, da in den zeitgenössischen Quellen nur selten erwähnt wird und auch nur wenige Spuren hinterlassen hat.",0,[],[]
590,Es gibt vier Viertelstundenglocken-Töne.,0,[],[]
1108,Es gibt zwei Arten von Zystoskopie: flexible oder starre Zystoskope.,0,[],[]
1865,Es gibt zwei Rollbahnen auf der Shayrat Airbase: eine drei Kilometer lange Start- und Landebahn und eine zusätzliche drei Kilometer lange Rollbahn als Not-Start- und Landebahn.,0,[],[]
1267,"Es ist nicht spezifisch erwähnt, für welche Art von Unternehmen er gearbeitet hat.",0,[],[]
1147,"Es kann aus Schwarzem Senf (Brassica nigra), Braunem indischem Senf (Brassica juncea) oder Weißem Senf (Sinapis alba) hergestellt werden.",0,[],[]
1421,Es nahmen 1.820 Sportler aus 20 verschiedenen Mitgliedsverbänden der Asian Games Federation teil.,0,[],[]
1876,"Es wird geschätzt, dass es momentan 1080 Protonen im Universum gibt.",0,[],[]
1460,"Es wird jedoch erwähnt, dass 1995 die neue Währung Georgiens, der Lari, eingeführt wurde.",0,[],[]
918,Es wird kein Verbrechen gegen Marsellus erwähnt.,0,[],[]
1528,"Es wird nicht spezifisch erwähnt, bei welcher Art von Aufzeichnungen das Schreiben verwendet wurde.",0,[],[]
1537,"Es wird vermutet, dass die Stadt um diese Zeit nach dem römischen Kaiser Constantius I. benannt wurde.",0,[],[]
417,Es wird von der Beobachtung eines Hahns im Nationalpark Gunung Leuser im Hochland von Gayo berichtet.,0,[],[]
300,Es wurden Platzpatronen abgefeuert.,0,[],[]
1247,Estoy aquí (Ich bin hier),0,[],[]
1533,ETH Zürich,0,[],[]
1402,Etwa 40 öffentliche Flugplätze gibt es in Spanien.,0,[],[]
1685,Etwa 73 Millionen Haie sollen wegen ihrer Flossen getötet worden sein.,0,[],[]
1732,Eurydike,0,[],[]
1310,Every new day brings new opportunities and challenges.,0,[],[]
848,Fatih Akin wurde am 25.,0,[],[]
617,Fatma Begum war eine indische Schauspielerin und Regisseurin.,0,[],[]
1185,Februar,0,[],[]
1881,Februar 1931.,0,[],[]
350,Februar 1980.,0,[],[]
351,Februar 2004 von Putin gefeuert.,0,[],[]
1264,Februar 2004.,0,[],[]
1843,"Februar 2009, als er gegen Finlay in einem Non-Title-Match verlor.",0,[],[]
959,"Februar 2010 wurde die nächste Mission, das Solar Dynamics Observatory (SDO), gestartet.",0,[],[]
1101,Februar 2018 veröffentlicht.,0,[],[]
325,Felix Mendelssohn Bartholdy,0,[],[]
1208,FEMA steht für Federal Emergency Management Agency.,0,[],[]
1849,Femtomol (fmol) pro Liter Wasser.,0,[],[]
1186,FIFA-All-Star-Mannschaft,0,[],[]
169,Five Nights at Freddy's: Sister Location steht als offizieller fünfter Teil der Five Nights at Freddy's-Spielreihe auf der fünften Position.,0,[],[]
1690,Florida,0,[],[]
932,Foley.,0,[],[]
96,"Folgende Sprachen wurden genannt: Englisch, Französisch, Italienisch, Spanisch, Niederländisch, Tschechisch, Polnisch, Russisch, Lettisch, Japanisch und Türkisch.",0,[],[]
1606,Fouad Chehab starb am 25.,0,[],[]
114,Franklin hat nach dem Tankstopp auf Saipan aufgefüllt.,0,[],[]
1794,Frankreich wird als Gründungsmitglied der NATO betrachtet.,0,[],[]
1142,"Frauen treten im Siebenkampf an, anstatt im Zehnkampf.",0,[],[]
348,Friedrich Trendelenburg war ein deutscher Chirurg.,0,[],[]
1317,Frye) und Stanley Cook.,0,[],[]
825,Fünf Hauptstrategien werden für die Vergleichenden Politikwissenschaft aufgefasst.,0,[],[]
1804,Fünf.,0,[],[]
1298,Für das CEMS-Programm ist bereits ein Master of Business Degree erforderlich.,0,[],[]
1092,"Für den elektrischen Motor an Bord der Queen Mary 2 werden Elektromotoren verwendet, die von elektrischen Generatoren angetrieben werden, und diese Generatoren werden wiederum von Dieselmotoren und Gasturbinen betrieben.",0,[],[]
951,Für die American Medical Association (AMA) ist Alkohol eine Droge.,0,[],[]
383,Für die satirische britische TV-Show That Was The Week That Was (TW3) schrieb Lehrer.,0,[],[]
346,Für die Zeitung Nowaja Gaseta schrieb Baburowa.,0,[],[]
1333,Für Österreich-Ungarn musste Jugoslawien vor dem Jahr 1920 antreten.,0,[],[]
544,Fußball,0,[],[]
64,gab Xerxes seine Schwester Antiochis zur Frau.,0,[],[]
1630,Gede kam für Fortuna Köln insgesamt 416 Mal auf die Bahn.,0,[],[]
1970,Gegen 20 Uhr,0,[],[]
1653,Gegen Parasiten und Krankheiten.,0,[],[]
97,"Genauer gesagt, starb seine Mutter Angelika im März 1925, als Hermann nur fünf Jahre alt war.",0,[],[]
1353,Genaueres datum ist nicht angegeben.,0,[],[]
884,"General Motors, Chrysler und Ford stimmten dem QS 9000-Standard zu.",0,[],[]
906,Geographic Names Information System (GNIS),0,[],[]
1567,"Georgien befindet sich in Transkaukasien, östlich des Schwarzen Meeres und südlich des Großen Kaukasus, an der Grenze zwischen Europa und Asien.",0,[],[]
1273,Georgs-Kapelle auf Schloss Windsor wurden die Königspaare 2008 verheiratet.,0,[],[]
173,geschützt und gefördert.,0,[],[]
714,Gewöhnlich lebte der Leitungsbeamte mit seiner Familie auf dem Gelände des Yamen.,0,[],[]
1419,"Gillan wurde 1989 erneut entlassen, weil er mit Blackmore in Streit über die musikalische Ausrichtung geraten war.",0,[],[]
1599,Gletscher,0,[],[]
1150,GLONASS,0,[],[]
1850,Gold,0,[],[]
1577,Gongyi,0,[],[]
1735,Google Fotos war ab dem 28.,0,[],[]
812,GP könnte vom Werkscode G für government-use und P als Kennzeichnung für 80 Zoll Radstand abstammen.,0,[],[]
603,Grafikgröße wird oft auf verschiedene Arten bemessen.,0,[],[]
46,"Greifvögel, Schlangen und Bonobos.",0,[],[]
540,Grön eld,0,[],[]
1767,Große OLED-Bildschirme,0,[],[]
1434,Gründungsdirektor,0,[],[]
1027,Guiyang befindet sich in der Provinz Guizhou.,0,[],[]
1026,Guiyang liegt auf einer Höhe von 1.070 Metern ü. NN.,0,[],[]
969,"Gut 1,8 Prozent der isländischen Bevölkerung leiden offenbar an Angststörungen.",0,[],[]
1433,Hämorrhoiden ersten Grades können nur mit einem Proktoskop diagnostiziert werden.,0,[],[]
382,Hana Mandlíková ist in der Tschechoslowakei geboren.,0,[],[]
1762,Hans Emil Meyer war ein Architekt und Urbanist.,0,[],[]
1048,Harriet Beecher Stowe wurde am 14.,0,[],[]
623,"Hattar entstammte einer christlich-arabischen Familie, bezeichnete sich jedoch als nicht gläubig bzw.",0,[],[]
624,Hattar wurde am 25.,0,[],[]
1316,"Häufige Anwendungen der induktiven Erwärmung sind das Anlassen, Glühen, Löten, Schweißen, Schmelzen, Aufschrumpfen und die Materialprüfung.",0,[],[]
486,Heinrich VII.,0,[],[]
879,Heinrich VIII.,0,[],[]
1038,Heinrich VIII.,0,[],[]
1777,Henutsen wurde möglicherweise in einer Nebenpyramide begraben.,0,[],[]
97,"Hermann Gmeiners Mutter starb, als er noch sehr jung war.",0,[],[]
1117,Hermann Minkowski ist bekannt für seine Arbeit in der Geometrie der Zahlen und seine Anwendungen in der Zahlentheorie.,0,[],[]
13,"Herzog Eugen wuchs in Carlsruhe auf, einem Jagdbesitz seines Vaters in Schlesien.",0,[],[]
476,Heute ist der Rashtrapati Bhavan der Amtssitz des Präsidenten von Indien.,0,[],[]
106,"Hilderic war nach Spoleto Herrscher, bevor er 740 von Transamund II.",0,[],[]
501,Hilfe für die Front,0,[],[]
1929,"HIPC steht für ""Heavily Indebted Poor Countries"".",0,[],[]
41,HMVS Cerberus,0,[],[]
197,"Hochauflösende Aufnahmen des Hubble-Weltraumteleskops wurden benutzt, um den Katzenaugennebel zu sehen.",0,[],[]
911,Hölderlin fungierte als Vermittler für Hegel bei Johann Noe Gogel in Frankfurt.,0,[],[]
135,Honolulu ist am 11.,0,[],[]
1790,Houssay starb am 21.,0,[],[]
824,"HRH Prince Philip, Duke of Edinburgh war mit Queen Elizabeth II.",0,[],[]
483,Hu arbeitete als Ingenieur im sinohydrischen Ingenieursbüro Nummer 4.,0,[],[]
220,Hugh Morrus verlor nach 160 Sekunden gegen Goldberg am 22.,0,[],[]
1310,"I will focus entirely on my tasks today, face any potential difficulties positively, strive to achieve my goals, and also remember to take care of myself, maintaining a good mindset and health.",0,[],[]
171,Ibrahim war der Direktor des Zentralgefängnisses von Istanbul.,0,[],[]
12,Ich habe keine Antwort auf Ihre Frage.,0,[],[]
17,Ich habe keine Antwort auf Ihre Frage.,0,[],[]
25,Ich habe keine Antwort auf Ihre Frage.,0,[],[]
40,Ich habe keine Antwort auf Ihre Frage.,0,[],[]
49,Ich habe keine Antwort auf Ihre Frage.,0,[],[]
56,Ich habe keine Antwort auf Ihre Frage.,0,[],[]
68,Ich habe keine Antwort auf Ihre Frage.,0,[],[]
75,Ich habe keine Antwort auf Ihre Frage.,0,[],[]
82,Ich habe keine Antwort auf Ihre Frage.,0,[],[]
83,Ich habe keine Antwort auf Ihre Frage.,0,[],[]
84,Ich habe keine Antwort auf Ihre Frage.,0,[],[]
88,Ich habe keine Antwort auf Ihre Frage.,0,[],[]
89,Ich habe keine Antwort auf Ihre Frage.,0,[],[]
92,Ich habe keine Antwort auf Ihre Frage.,0,[],[]
98,Ich habe keine Antwort auf Ihre Frage.,0,[],[]
127,Ich habe keine Antwort auf Ihre Frage.,0,[],[]
128,Ich habe keine Antwort auf Ihre Frage.,0,[],[]
141,Ich habe keine Antwort auf Ihre Frage.,0,[],[]
143,Ich habe keine Antwort auf Ihre Frage.,0,[],[]
154,Ich habe keine Antwort auf Ihre Frage.,0,[],[]
162,Ich habe keine Antwort auf Ihre Frage.,0,[],[]
175,Ich habe keine Antwort auf Ihre Frage.,0,[],[]
188,Ich habe keine Antwort auf Ihre Frage.,0,[],[]
196,Ich habe keine Antwort auf Ihre Frage.,0,[],[]
203,Ich habe keine Antwort auf Ihre Frage.,0,[],[]
210,Ich habe keine Antwort auf Ihre Frage.,0,[],[]
221,Ich habe keine Antwort auf Ihre Frage.,0,[],[]
236,Ich habe keine Antwort auf Ihre Frage.,0,[],[]
238,Ich habe keine Antwort auf Ihre Frage.,0,[],[]
239,Ich habe keine Antwort auf Ihre Frage.,0,[],[]
257,Ich habe keine Antwort auf Ihre Frage.,0,[],[]
265,Ich habe keine Antwort auf Ihre Frage.,0,[],[]
270,Ich habe keine Antwort auf Ihre Frage.,0,[],[]
272,Ich habe keine Antwort auf Ihre Frage.,0,[],[]
299,Ich habe keine Antwort auf Ihre Frage.,0,[],[]
308,Ich habe keine Antwort auf Ihre Frage.,0,[],[]
309,Ich habe keine Antwort auf Ihre Frage.,0,[],[]
317,Ich habe keine Antwort auf Ihre Frage.,0,[],[]
318,Ich habe keine Antwort auf Ihre Frage.,0,[],[]
328,Ich habe keine Antwort auf Ihre Frage.,0,[],[]
333,Ich habe keine Antwort auf Ihre Frage.,0,[],[]
335,Ich habe keine Antwort auf Ihre Frage.,0,[],[]
352,Ich habe keine Antwort auf Ihre Frage.,0,[],[]
353,Ich habe keine Antwort auf Ihre Frage.,0,[],[]
364,Ich habe keine Antwort auf Ihre Frage.,0,[],[]
368,Ich habe keine Antwort auf Ihre Frage.,0,[],[]
370,Ich habe keine Antwort auf Ihre Frage.,0,[],[]
405,Ich habe keine Antwort auf Ihre Frage.,0,[],[]
414,Ich habe keine Antwort auf Ihre Frage.,0,[],[]
432,Ich habe keine Antwort auf Ihre Frage.,0,[],[]
436,Ich habe keine Antwort auf Ihre Frage.,0,[],[]
441,Ich habe keine Antwort auf Ihre Frage.,0,[],[]
467,Ich habe keine Antwort auf Ihre Frage.,0,[],[]
469,Ich habe keine Antwort auf Ihre Frage.,0,[],[]
491,Ich habe keine Antwort auf Ihre Frage.,0,[],[]
510,Ich habe keine Antwort auf Ihre Frage.,0,[],[]
511,Ich habe keine Antwort auf Ihre Frage.,0,[],[]
515,Ich habe keine Antwort auf Ihre Frage.,0,[],[]
524,Ich habe keine Antwort auf Ihre Frage.,0,[],[]
525,Ich habe keine Antwort auf Ihre Frage.,0,[],[]
530,Ich habe keine Antwort auf Ihre Frage.,0,[],[]
535,Ich habe keine Antwort auf Ihre Frage.,0,[],[]
537,Ich habe keine Antwort auf Ihre Frage.,0,[],[]
546,Ich habe keine Antwort auf Ihre Frage.,0,[],[]
555,Ich habe keine Antwort auf Ihre Frage.,0,[],[]
570,Ich habe keine Antwort auf Ihre Frage.,0,[],[]
580,Ich habe keine Antwort auf Ihre Frage.,0,[],[]
581,Ich habe keine Antwort auf Ihre Frage.,0,[],[]
583,Ich habe keine Antwort auf Ihre Frage.,0,[],[]
586,Ich habe keine Antwort auf Ihre Frage.,0,[],[]
587,Ich habe keine Antwort auf Ihre Frage.,0,[],[]
591,Ich habe keine Antwort auf Ihre Frage.,0,[],[]
595,Ich habe keine Antwort auf Ihre Frage.,0,[],[]
601,Ich habe keine Antwort auf Ihre Frage.,0,[],[]
608,Ich habe keine Antwort auf Ihre Frage.,0,[],[]
618,Ich habe keine Antwort auf Ihre Frage.,0,[],[]
633,Ich habe keine Antwort auf Ihre Frage.,0,[],[]
634,Ich habe keine Antwort auf Ihre Frage.,0,[],[]
637,Ich habe keine Antwort auf Ihre Frage.,0,[],[]
651,Ich habe keine Antwort auf Ihre Frage.,0,[],[]
652,Ich habe keine Antwort auf Ihre Frage.,0,[],[]
655,Ich habe keine Antwort auf Ihre Frage.,0,[],[]
673,Ich habe keine Antwort auf Ihre Frage.,0,[],[]
680,Ich habe keine Antwort auf Ihre Frage.,0,[],[]
684,Ich habe keine Antwort auf Ihre Frage.,0,[],[]
686,Ich habe keine Antwort auf Ihre Frage.,0,[],[]
693,Ich habe keine Antwort auf Ihre Frage.,0,[],[]
694,Ich habe keine Antwort auf Ihre Frage.,0,[],[]
696,Ich habe keine Antwort auf Ihre Frage.,0,[],[]
702,Ich habe keine Antwort auf Ihre Frage.,0,[],[]
722,Ich habe keine Antwort auf Ihre Frage.,0,[],[]
731,Ich habe keine Antwort auf Ihre Frage.,0,[],[]
737,Ich habe keine Antwort auf Ihre Frage.,0,[],[]
741,Ich habe keine Antwort auf Ihre Frage.,0,[],[]
750,Ich habe keine Antwort auf Ihre Frage.,0,[],[]
753,Ich habe keine Antwort auf Ihre Frage.,0,[],[]
755,Ich habe keine Antwort auf Ihre Frage.,0,[],[]
761,Ich habe keine Antwort auf Ihre Frage.,0,[],[]
762,Ich habe keine Antwort auf Ihre Frage.,0,[],[]
765,Ich habe keine Antwort auf Ihre Frage.,0,[],[]
773,Ich habe keine Antwort auf Ihre Frage.,0,[],[]
778,Ich habe keine Antwort auf Ihre Frage.,0,[],[]
786,Ich habe keine Antwort auf Ihre Frage.,0,[],[]
790,Ich habe keine Antwort auf Ihre Frage.,0,[],[]
794,Ich habe keine Antwort auf Ihre Frage.,0,[],[]
795,Ich habe keine Antwort auf Ihre Frage.,0,[],[]
802,Ich habe keine Antwort auf Ihre Frage.,0,[],[]
807,Ich habe keine Antwort auf Ihre Frage.,0,[],[]
816,Ich habe keine Antwort auf Ihre Frage.,0,[],[]
828,Ich habe keine Antwort auf Ihre Frage.,0,[],[]
832,Ich habe keine Antwort auf Ihre Frage.,0,[],[]
835,Ich habe keine Antwort auf Ihre Frage.,0,[],[]
837,Ich habe keine Antwort auf Ihre Frage.,0,[],[]
839,Ich habe keine Antwort auf Ihre Frage.,0,[],[]
842,Ich habe keine Antwort auf Ihre Frage.,0,[],[]
846,Ich habe keine Antwort auf Ihre Frage.,0,[],[]
847,Ich habe keine Antwort auf Ihre Frage.,0,[],[]
849,Ich habe keine Antwort auf Ihre Frage.,0,[],[]
853,Ich habe keine Antwort auf Ihre Frage.,0,[],[]
864,Ich habe keine Antwort auf Ihre Frage.,0,[],[]
871,Ich habe keine Antwort auf Ihre Frage.,0,[],[]
880,Ich habe keine Antwort auf Ihre Frage.,0,[],[]
882,Ich habe keine Antwort auf Ihre Frage.,0,[],[]
886,Ich habe keine Antwort auf Ihre Frage.,0,[],[]
895,Ich habe keine Antwort auf Ihre Frage.,0,[],[]
898,Ich habe keine Antwort auf Ihre Frage.,0,[],[]
908,Ich habe keine Antwort auf Ihre Frage.,0,[],[]
910,Ich habe keine Antwort auf Ihre Frage.,0,[],[]
912,Ich habe keine Antwort auf Ihre Frage.,0,[],[]
913,Ich habe keine Antwort auf Ihre Frage.,0,[],[]
916,Ich habe keine Antwort auf Ihre Frage.,0,[],[]
923,Ich habe keine Antwort auf Ihre Frage.,0,[],[]
924,Ich habe keine Antwort auf Ihre Frage.,0,[],[]
925,Ich habe keine Antwort auf Ihre Frage.,0,[],[]
929,Ich habe keine Antwort auf Ihre Frage.,0,[],[]
935,Ich habe keine Antwort auf Ihre Frage.,0,[],[]
938,Ich habe keine Antwort auf Ihre Frage.,0,[],[]
946,Ich habe keine Antwort auf Ihre Frage.,0,[],[]
958,Ich habe keine Antwort auf Ihre Frage.,0,[],[]
962,Ich habe keine Antwort auf Ihre Frage.,0,[],[]
973,Ich habe keine Antwort auf Ihre Frage.,0,[],[]
977,Ich habe keine Antwort auf Ihre Frage.,0,[],[]
982,Ich habe keine Antwort auf Ihre Frage.,0,[],[]
983,Ich habe keine Antwort auf Ihre Frage.,0,[],[]
989,Ich habe keine Antwort auf Ihre Frage.,0,[],[]
993,Ich habe keine Antwort auf Ihre Frage.,0,[],[]
994,Ich habe keine Antwort auf Ihre Frage.,0,[],[]
996,Ich habe keine Antwort auf Ihre Frage.,0,[],[]
998,Ich habe keine Antwort auf Ihre Frage.,0,[],[]
1001,Ich habe keine Antwort auf Ihre Frage.,0,[],[]
1016,Ich habe keine Antwort auf Ihre Frage.,0,[],[]
1024,Ich habe keine Antwort auf Ihre Frage.,0,[],[]
1025,Ich habe keine Antwort auf Ihre Frage.,0,[],[]
1052,Ich habe keine Antwort auf Ihre Frage.,0,[],[]
1054,Ich habe keine Antwort auf Ihre Frage.,0,[],[]
1067,Ich habe keine Antwort auf Ihre Frage.,0,[],[]
1069,Ich habe keine Antwort auf Ihre Frage.,0,[],[]
1076,Ich habe keine Antwort auf Ihre Frage.,0,[],[]
1081,Ich habe keine Antwort auf Ihre Frage.,0,[],[]
1091,Ich habe keine Antwort auf Ihre Frage.,0,[],[]
1114,Ich habe keine Antwort auf Ihre Frage.,0,[],[]
1122,Ich habe keine Antwort auf Ihre Frage.,0,[],[]
1123,Ich habe keine Antwort auf Ihre Frage.,0,[],[]
1124,Ich habe keine Antwort auf Ihre Frage.,0,[],[]
1131,Ich habe keine Antwort auf Ihre Frage.,0,[],[]
1136,Ich habe keine Antwort auf Ihre Frage.,0,[],[]
1137,Ich habe keine Antwort auf Ihre Frage.,0,[],[]
1139,Ich habe keine Antwort auf Ihre Frage.,0,[],[]
1143,Ich habe keine Antwort auf Ihre Frage.,0,[],[]
1146,Ich habe keine Antwort auf Ihre Frage.,0,[],[]
1149,Ich habe keine Antwort auf Ihre Frage.,0,[],[]
1151,Ich habe keine Antwort auf Ihre Frage.,0,[],[]
1154,Ich habe keine Antwort auf Ihre Frage.,0,[],[]
1163,Ich habe keine Antwort auf Ihre Frage.,0,[],[]
1164,Ich habe keine Antwort auf Ihre Frage.,0,[],[]
1168,Ich habe keine Antwort auf Ihre Frage.,0,[],[]
1170,Ich habe keine Antwort auf Ihre Frage.,0,[],[]
1174,Ich habe keine Antwort auf Ihre Frage.,0,[],[]
1184,Ich habe keine Antwort auf Ihre Frage.,0,[],[]
1197,Ich habe keine Antwort auf Ihre Frage.,0,[],[]
1199,Ich habe keine Antwort auf Ihre Frage.,0,[],[]
1214,Ich habe keine Antwort auf Ihre Frage.,0,[],[]
1217,Ich habe keine Antwort auf Ihre Frage.,0,[],[]
1221,Ich habe keine Antwort auf Ihre Frage.,0,[],[]
1239,Ich habe keine Antwort auf Ihre Frage.,0,[],[]
1248,Ich habe keine Antwort auf Ihre Frage.,0,[],[]
1261,Ich habe keine Antwort auf Ihre Frage.,0,[],[]
1263,Ich habe keine Antwort auf Ihre Frage.,0,[],[]
1270,Ich habe keine Antwort auf Ihre Frage.,0,[],[]
1272,Ich habe keine Antwort auf Ihre Frage.,0,[],[]
1276,Ich habe keine Antwort auf Ihre Frage.,0,[],[]
1278,Ich habe keine Antwort auf Ihre Frage.,0,[],[]
1282,Ich habe keine Antwort auf Ihre Frage.,0,[],[]
1285,Ich habe keine Antwort auf Ihre Frage.,0,[],[]
1286,Ich habe keine Antwort auf Ihre Frage.,0,[],[]
1290,Ich habe keine Antwort auf Ihre Frage.,0,[],[]
1306,Ich habe keine Antwort auf Ihre Frage.,0,[],[]
1311,Ich habe keine Antwort auf Ihre Frage.,0,[],[]
1313,Ich habe keine Antwort auf Ihre Frage.,0,[],[]
1322,Ich habe keine Antwort auf Ihre Frage.,0,[],[]
1327,Ich habe keine Antwort auf Ihre Frage.,0,[],[]
1329,Ich habe keine Antwort auf Ihre Frage.,0,[],[]
1332,Ich habe keine Antwort auf Ihre Frage.,0,[],[]
1336,Ich habe keine Antwort auf Ihre Frage.,0,[],[]
1349,Ich habe keine Antwort auf Ihre Frage.,0,[],[]
1355,Ich habe keine Antwort auf Ihre Frage.,0,[],[]
1359,Ich habe keine Antwort auf Ihre Frage.,0,[],[]
1362,Ich habe keine Antwort auf Ihre Frage.,0,[],[]
1363,Ich habe keine Antwort auf Ihre Frage.,0,[],[]
1368,Ich habe keine Antwort auf Ihre Frage.,0,[],[]
1372,Ich habe keine Antwort auf Ihre Frage.,0,[],[]
1376,Ich habe keine Antwort auf Ihre Frage.,0,[],[]
1378,Ich habe keine Antwort auf Ihre Frage.,0,[],[]
1388,Ich habe keine Antwort auf Ihre Frage.,0,[],[]
1390,Ich habe keine Antwort auf Ihre Frage.,0,[],[]
1391,Ich habe keine Antwort auf Ihre Frage.,0,[],[]
1395,Ich habe keine Antwort auf Ihre Frage.,0,[],[]
1396,Ich habe keine Antwort auf Ihre Frage.,0,[],[]
1397,Ich habe keine Antwort auf Ihre Frage.,0,[],[]
1404,Ich habe keine Antwort auf Ihre Frage.,0,[],[]
1431,Ich habe keine Antwort auf Ihre Frage.,0,[],[]
1455,Ich habe keine Antwort auf Ihre Frage.,0,[],[]
1461,Ich habe keine Antwort auf Ihre Frage.,0,[],[]
1462,Ich habe keine Antwort auf Ihre Frage.,0,[],[]
1467,Ich habe keine Antwort auf Ihre Frage.,0,[],[]
1476,Ich habe keine Antwort auf Ihre Frage.,0,[],[]
1480,Ich habe keine Antwort auf Ihre Frage.,0,[],[]
1485,Ich habe keine Antwort auf Ihre Frage.,0,[],[]
1486,Ich habe keine Antwort auf Ihre Frage.,0,[],[]
1488,Ich habe keine Antwort auf Ihre Frage.,0,[],[]
1496,Ich habe keine Antwort auf Ihre Frage.,0,[],[]
1499,Ich habe keine Antwort auf Ihre Frage.,0,[],[]
1504,Ich habe keine Antwort auf Ihre Frage.,0,[],[]
1511,Ich habe keine Antwort auf Ihre Frage.,0,[],[]
1536,Ich habe keine Antwort auf Ihre Frage.,0,[],[]
1548,Ich habe keine Antwort auf Ihre Frage.,0,[],[]
1549,Ich habe keine Antwort auf Ihre Frage.,0,[],[]
1561,Ich habe keine Antwort auf Ihre Frage.,0,[],[]
1564,Ich habe keine Antwort auf Ihre Frage.,0,[],[]
1568,Ich habe keine Antwort auf Ihre Frage.,0,[],[]
1603,Ich habe keine Antwort auf Ihre Frage.,0,[],[]
1611,Ich habe keine Antwort auf Ihre Frage.,0,[],[]
1619,Ich habe keine Antwort auf Ihre Frage.,0,[],[]
1623,Ich habe keine Antwort auf Ihre Frage.,0,[],[]
1637,Ich habe keine Antwort auf Ihre Frage.,0,[],[]
1645,Ich habe keine Antwort auf Ihre Frage.,0,[],[]
1646,Ich habe keine Antwort auf Ihre Frage.,0,[],[]
1654,Ich habe keine Antwort auf Ihre Frage.,0,[],[]
1655,Ich habe keine Antwort auf Ihre Frage.,0,[],[]
1656,Ich habe keine Antwort auf Ihre Frage.,0,[],[]
1658,Ich habe keine Antwort auf Ihre Frage.,0,[],[]
1659,Ich habe keine Antwort auf Ihre Frage.,0,[],[]
1662,Ich habe keine Antwort auf Ihre Frage.,0,[],[]
1664,Ich habe keine Antwort auf Ihre Frage.,0,[],[]
1665,Ich habe keine Antwort auf Ihre Frage.,0,[],[]
1678,Ich habe keine Antwort auf Ihre Frage.,0,[],[]
1682,Ich habe keine Antwort auf Ihre Frage.,0,[],[]
1696,Ich habe keine Antwort auf Ihre Frage.,0,[],[]
1710,Ich habe keine Antwort auf Ihre Frage.,0,[],[]
1713,Ich habe keine Antwort auf Ihre Frage.,0,[],[]
1715,Ich habe keine Antwort auf Ihre Frage.,0,[],[]
1717,Ich habe keine Antwort auf Ihre Frage.,0,[],[]
1734,Ich habe keine Antwort auf Ihre Frage.,0,[],[]
1746,Ich habe keine Antwort auf Ihre Frage.,0,[],[]
1752,Ich habe keine Antwort auf Ihre Frage.,0,[],[]
1756,Ich habe keine Antwort auf Ihre Frage.,0,[],[]
1759,Ich habe keine Antwort auf Ihre Frage.,0,[],[]
1766,Ich habe keine Antwort auf Ihre Frage.,0,[],[]
1774,Ich habe keine Antwort auf Ihre Frage.,0,[],[]
1775,Ich habe keine Antwort auf Ihre Frage.,0,[],[]
1781,Ich habe keine Antwort auf Ihre Frage.,0,[],[]
1786,Ich habe keine Antwort auf Ihre Frage.,0,[],[]
1787,Ich habe keine Antwort auf Ihre Frage.,0,[],[]
1806,Ich habe keine Antwort auf Ihre Frage.,0,[],[]
1812,Ich habe keine Antwort auf Ihre Frage.,0,[],[]
1815,Ich habe keine Antwort auf Ihre Frage.,0,[],[]
1824,Ich habe keine Antwort auf Ihre Frage.,0,[],[]
1825,Ich habe keine Antwort auf Ihre Frage.,0,[],[]
1826,Ich habe keine Antwort auf Ihre Frage.,0,[],[]
1829,Ich habe keine Antwort auf Ihre Frage.,0,[],[]
1832,Ich habe keine Antwort auf Ihre Frage.,0,[],[]
1834,Ich habe keine Antwort auf Ihre Frage.,0,[],[]
1835,Ich habe keine Antwort auf Ihre Frage.,0,[],[]
1836,Ich habe keine Antwort auf Ihre Frage.,0,[],[]
1844,Ich habe keine Antwort auf Ihre Frage.,0,[],[]
1848,Ich habe keine Antwort auf Ihre Frage.,0,[],[]
1859,Ich habe keine Antwort auf Ihre Frage.,0,[],[]
1863,Ich habe keine Antwort auf Ihre Frage.,0,[],[]
1864,Ich habe keine Antwort auf Ihre Frage.,0,[],[]
1875,Ich habe keine Antwort auf Ihre Frage.,0,[],[]
1879,Ich habe keine Antwort auf Ihre Frage.,0,[],[]
1886,Ich habe keine Antwort auf Ihre Frage.,0,[],[]
1890,Ich habe keine Antwort auf Ihre Frage.,0,[],[]
1893,Ich habe keine Antwort auf Ihre Frage.,0,[],[]
1906,Ich habe keine Antwort auf Ihre Frage.,0,[],[]
1907,Ich habe keine Antwort auf Ihre Frage.,0,[],[]
1908,Ich habe keine Antwort auf Ihre Frage.,0,[],[]
1940,Ich habe keine Antwort auf Ihre Frage.,0,[],[]
1943,Ich habe keine Antwort auf Ihre Frage.,0,[],[]
1947,Ich habe keine Antwort auf Ihre Frage.,0,[],[]
1977,Ich habe keine Antwort auf Ihre Frage.,0,[],[]
1978,Ich habe keine Antwort auf Ihre Frage.,0,[],[]
1981,Ich habe keine Antwort auf Ihre Frage.,0,[],[]
1986,Ich habe keine Antwort auf Ihre Frage.,0,[],[]
165,ihr Kreuzzugsgelübde erfüllt.,0,[],[]
1861,Ihr Vater arbeitete als Ingenieur.,0,[],[]
1468,Ihr Vater ist Rajiv Gandhi und Ihre Mutter ist Sonia Gandhi.,0,[],[]
464,"Im ""Raum von 1844"" finden immer eher kleinere Veranstaltungen statt.",0,[],[]
821,Im 1980er Jahrzehnt.,0,[],[]
66,Im Amurgebiet.,0,[],[]
963,Im August 2001.,0,[],[]
841,Im Auto befand sich der Börsenmakler in einem roten Ferrari.,0,[],[]
96,"Im Deutschen wurde der Roman nicht explizit erwähnt, dass er in diese Sprache übersetzt wurde.",0,[],[]
384,Im Dezember 2004 wurde Awair als angeschlossenes Mitglied von AirAsia erneut mit Flügen innerhalb Indonesiens begonnen.,0,[],[]
1559,Im Durchschnitt sind männliche Wehrpflichtige in der Schweizer Armee zwischen 20 und 34 Jahren alt.,0,[],[]
516,Im Erdgeschoss der Burg in Palma befindet sich seit 1936 das Museum zur Stadtgeschichte.,0,[],[]
565,"Im Erdgeschoss gibt es Büros, Speisesäle und Bars.",0,[],[]
964,Im ersten Teil der Oxidation wird das Ammoniak zu Hydroxylamin durch das Enzym Ammoniummonooxygenase (AMO) oxidiert.,0,[],[]
1460,Im gegebenen Text wird keine spezifische Rolle von jemandem 1995 erwähnt.,0,[],[]
698,"Im Horrorfilm ""Imago Mortis"" spielte sie an der Seite ihrer Mutter.",0,[],[]
470,Im Jahr 1784 wurde das Ratsgremium auf drei Mitglieder verkleinert.,0,[],[]
578,Im Jahr 1907 kündigte Electronic Arts Dead Space an.,0,[],[]
95,Im Jahr 1918 war Woodrow Wilson der ranghöchste Politiker der Vereinigten Staaten als Präsident.,0,[],[]
22,Im Jahr 1936 flog der Prototyp schließlich.,0,[],[]
145,Im Jahr 1999 begann Iglesias den englischen Musikmarkt einzusteigen.,0,[],[]
796,Im Jahr 2002 kandidierte Khan.,0,[],[]
1347,Im Jahr 2003 wurde der H.264/MPEG-4 AVC-Standard von der ITU und ISO/IEC gemeinsam offiziell verabschiedet.,0,[],[]
746,Im Jahr auf dem Mars gibt es 24 Monate.,0,[],[]
1534,Im Jahre 1927 hat Einstein geheiratet.,0,[],[]
1657,Im Jahre 1966 wurde er Maître de conférences ernannt.,0,[],[]
1253,Im Jahre 2020 werden Boxer durch Roboter ersetzt.,0,[],[]
115,Im Juni 1944 brach die Franklin zur Insel Eniwetok auf.,0,[],[]
1325,Im Kunstmuseum Minneapolis Institute of Arts können über 80.000 Ausstellungsstücke angesehen werden.,0,[],[]
24,Im März 1942 wurden zehn USAAC P-36A nach Brasilien überführt.,0,[],[]
1177,Im März 2012.,0,[],[]
465,Im Musikzimmer statteten die königlichen Taufen nach dem Zweiten Weltkrieg oft statt.,0,[],[]
182,Im November 1948 wurden die ersten B-45As bei der 47th Bombardment Group eingesetzt.,0,[],[]
329,"Im Pima Air & Space Museum bei Tucson, Arizona.",0,[],[]
1037,Im RT-PCR-Test wird die reverse Transkriptase verwendet.,0,[],[]
677,Im Schma Jisrael wird Dankbarkeit erwähnt.,0,[],[]
1482,"Im Text wird nicht explizit erwähnt, was als Auslöser von Malaria bekannt ist.",0,[],[]
279,Im Uruguayan war der Ehemann von Lucía Topolansky Saavedra Präsident.,0,[],[]
950,"Im Vereinigten Königreich wurde die Zahl der abhängigen Trinker im Jahr 2001 auf über 2,8 Millionen geschätzt.",0,[],[]
748,Im Westen.,0,[],[]
565,Im Westminster Palace befinden sich die Sitzungszimmer für die parlamentarischen Ausschüsse im dritten und vierten Stockwerk.,0,[],[]
57,Im Zweiten Weltkrieg wurden auf beiden Seiten neue Flugzeuge eingesetzt.,0,[],[]
312,"Impression, soleil levant",0,[],[]
988,In Aberdeen kann man传统中文翻译： 在阿伯丁可以从事的职业包括： - 渔业 - 纺织厂工作 - 船舶建造（船坞工作） - 纸浆和造纸工业,0,[],[]
262,In Armenien wurde 1048 gekämpft.,0,[],[]
862,In den Jahren 2010 bis 2018 fand der NGO-Welttag auf sechs Kontinenten statt.,0,[],[]
1030,"In den Komoren werden Komorisch, Arabisch und Französisch als amtliche Sprachen verwendet.",0,[],[]
881,In den USA sind etwa 16 Millionen Menschen an COPD erkrankt.,0,[],[]
1100,In den USA und Kanada ist der DIN-Standard nicht üblich.,0,[],[]
770,"In der am häufigsten genutzten Bibliothek Deutschlands, der Universitätsbibliothek Heidelberg, stehen über 6 Millionen Medieneinheiten zur Verfügung.",0,[],[]
39,In der Analyse der Entstehung von Gastroschisis wurden zwei Hauptthesen diskutiert.,0,[],[]
1295,In der Autobiographie „Silent Gesture“ (Stille Geste) wurde der „Black-Power“-Gruß mit einem Gruß für die allgemeinen Menschenrechte verwechselt.,0,[],[]
194,"In der C-Bibliothek sind keine genormten Container-Datentypen und keine Unterstützung für grafische Benutzeroberflächen, Netzwerkfunktionalitäten und ähnliche Funktionen vorhanden.",0,[],[]
1799,"In der Celebessee leben verschiedene Walarten, ungefähr 580 verschiedene Korallen, Delphine, Meeresschildkröten, Barrakudas, Mantarochen und reichlich Thunfisch sowie viele andere Tiere.",0,[],[]
446,"In der griechischen Mythologie befindet sich die Figur Ariadne, die verlassen und später von Dionysos verheiratet wird.",0,[],[]
1273,In der St.,0,[],[]
1783,In der zweiten Runde besiegte Australien Neuseeland mit 2:0 und 4:1.,0,[],[]
1275,In einem Kajak kann normalerweise ein bis zwei Menschen sitzen.,0,[],[]
551,In Landshut wurde das Labor gebaut.,0,[],[]
1707,In Minnesota hält das Bevölkerungswachstum vornehmlich in den städtischen Gebieten inne.,0,[],[]
728,In Missouri ist Deutsch die größte Abstammungsgruppe.,0,[],[]
1503,In Nepal ist er noch ein verhältnismäßig häufiger Vogel und kommt unter anderem im Sagarmatha-Nationalpark und im Langtang-Nationalpark vor.,0,[],[]
600,In Polen stehen über 3.145 km² in 23 Nationalparks unter Schutz.,0,[],[]
1516,In Sri Lanka wurde Pali überwiegend in Sinhala aufgezeichnet.,0,[],[]
599,In Zentralpolen werden Sumpfgebiete an Flüssen und Seen rechtlich geschützt.,0,[],[]
425,Indien,0,[],[]
1237,Indien,0,[],[]
1509,"Indravarman ließ den ersten Baray, einem großen Reservoir, errichten, um Wasser zu speichern.",0,[],[]
1959,Ins Landesinnere.,0,[],[]
1412,Insbesondere eine Verbesserung der hygienischen und sozioökonomischen Lebensumstände zusammen mit einem ausreichenden Trinkwasserangebot würde zur Verminderung der Häufigkeit der Erkrankung beitragen.,0,[],[]
1312,Interessen für gezielte Werbemaßnahmen.,0,[],[]
105,Invincible Youth 2,0,[],[]
201,Inzwischen wird Zabbix von der Firma Zabbix SIA weiterentwickelt.,0,[],[]
726,Iowa liegt nördlich von Missouri.,0,[],[]
254,Irland,0,[],[]
167,Irmgard Möller wurde mit vier Messerstichen in die Herzgegend gestochen.,0,[],[]
887,ISO/TS 29001,0,[],[]
355,Italienische.,0,[],[]
855,"Ja, der Welttag der Nichtregierungsorganisationen wurde vor 2016 von den Vereinten Nationen anerkannt.",0,[],[]
1447,Jahrhundert endete am 31.,0,[],[]
672,Jahrhundert geschrieben.,0,[],[]
1916,Jahrhundert um die Autonomie gerungen.,0,[],[]
671,Jahrhundert und dem 14.,0,[],[]
288,Jahrhundert zur reichsten Kolonie des französischen Kolonialreichs.,0,[],[]
286,"Jahrhundert, ursprünglich gebaut.",0,[],[]
671,Jahrhundert.,0,[],[]
1420,Jahrhundert.,0,[],[]
1509,Jahrhundert.,0,[],[]
310,Jahrhunderts das Zentrum des Schachspiels in Europa.,0,[],[]
1571,"Jahrhunderts wurden in der georgischen Volkswirtschaft positive Reformen durchgeführt, insbesondere in der Bürokratie.",0,[],[]
361,Jahrhunderts.,0,[],[]
1449,Jakarta und Palembang waren Gastgeber der 18.,0,[],[]
1555,Jakob landete im März 1689 in Irland.,0,[],[]
1552,Jakobs Tochter Maria wurde Königin.,0,[],[]
437,"James McAvoy wurde zunächst abgelehnt, da er nicht dem üblichen Hollywood-Hauptdarsteller in Aussehen und Körperbau entsprach.",0,[],[]
909,Januar 1943.,0,[],[]
1210,Januar 1964 geboren.,0,[],[]
1375,Januar 1979.,0,[],[]
1870,Januar 1986 der EEC bei.,0,[],[]
311,Januar 1992 geboren.,0,[],[]
1515,Januar 2007 wurde er zum Chef der Übergangsregierung ernannt.,0,[],[]
1885,Januar.,0,[],[]
1857,Januzaj wurde in Brüssel geboren.,0,[],[]
1193,Japan ist am anfälligsten für die Kawasaki-Krankheit.,0,[],[]
1288,JD Samson,0,[],[]
1140,Jieitai,0,[],[]
1338,Jimmie Lee Jackson,0,[],[]
1039,"Jogging ist eine Form des Freizeit- oder Laufsports, bei der durch gemächliche Dauerläufe die Ausdauer gesteigert wird.",0,[],[]
1340,John Lewis wurde vergast und geschlagen.,0,[],[]
449,John Nash und Edward Blore,0,[],[]
361,John Perring beschrieb die Mastabat al-Firʿaun als Erster Mitte des 19.,0,[],[]
1138,"John Warnock Hinckley, Jr.",0,[],[]
1792,Jon Hamm,0,[],[]
1004,Jonathan Nolan ist der Co-Autor vieler von Nolans Filmen.,0,[],[]
1820,"Jöns Jakob Berzelius kam auf das Wort ""Protein"".",0,[],[]
1099,Joseph Bell war das lebende Vorbild für Sherlock Holmes.,0,[],[]
792,Juli 1884,0,[],[]
1424,Juli 1894 geboren.,0,[],[]
972,Juli 1914 geboren.,0,[],[]
1010,Juli 1986 geboren.,0,[],[]
321,"Juli 2017 unterzeichnete Vertrag sieht vor, die Investitionen abzuschließen.",0,[],[]
54,Juni,0,[],[]
1048,Juni 1811 geboren.,0,[],[]
1676,Juni 1838 statt.,0,[],[]
1019,Juni 1959.,0,[],[]
419,Juni 1967 aus der Schiffliste der US Navy gestrichen.,0,[],[]
1631,"Juni 2018 einen Vertrag bei Inter Mailand, der bis zum 30.",0,[],[]
1631,Juni 2022 gültig war.,0,[],[]
131,Juni eintraf sie an ihrem Ziel in San Pedro.,0,[],[]
626,Juni-Plan ist auch als Mountbattenplan bekannt.,0,[],[]
972,Jyoti Basu wurde am 8.,0,[],[]
1437,Kaiser Aurangzeb des Mughal-Reichs starb 1707.,0,[],[]
1305,"kann auf die Geschichte bezogen sein, die in den bereitgestellten Texten erwähnt wird.",0,[],[]
42,"Kanonenboote, Kreuzer und Sloops nehmen normalerweise an der Kanonendiplomatie teil.",0,[],[]
1763,Kap Fligely wird zum nördlichsten Landpunkt Eurasiens gezählt.,0,[],[]
1822,Karl diente in der Wehrmacht und nahm am Krieg gegen die Sowjetunion teil.,0,[],[]
1189,"Karp begann, HTML zu lernen, als er 11 Jahre alt war.",0,[],[]
1638,Kasachstan ist der neuntgrößte Staat der Erde gemessen an der Fläche.,0,[],[]
1011,Kasparian ist im Stadtteil Reseda im San Fernando Valley aufgewachsen.,0,[],[]
1501,Kate Elizabeth Winslet ist britischer Staatsbürgerin.,0,[],[]
1725,Keine Schuldmünzen dürfen eingelöst werden.,0,[],[]
1259,Kenia.,0,[],[]
1232,Kevin Valentine,0,[],[]
1059,Khan starb am 28.,0,[],[]
1694,Kitts und drei für Nevis vorgesehen sind.,0,[],[]
1176,"Kofi Annan war in Ghana geboren, der damals noch als Goldküste bekannten britischen Kolonie.",0,[],[]
1747,Kohl trat als Ministerpräsident zurück und wurde am 13.,0,[],[]
448,Königin Elisabeth II.,0,[],[]
280,Konstantinopel,0,[],[]
284,"kostete 243.000 Pfund, was die Kosten der Krönung Georgs III.",0,[],[]
1542,Krishna,0,[],[]
268,Kurgane,0,[],[]
1860,Lagos,0,[],[]
108,Lambert und Guido II.,0,[],[]
129,LE trat der Gruppe nach den drei Ursprungsmitgliedern bei.,0,[],[]
536,Lebenstag sind die Jungtiere vollständig mit Fell bedeckt.,0,[],[]
1526,Lech Wałęsa wurde am 29.,0,[],[]
215,Lee Dixon und Nigel Winterburn,0,[],[]
1535,Lenard starb 1947 in Messelhausen.,0,[],[]
1993,Leo Tornikios Kontoleon war der geplante Nachfolger des Basilikums nach seinem Tod.,0,[],[]
205,Letztlich wurde er auch Mitglied des Obersten Sowjet.,0,[],[]
1737,Longwood House,0,[],[]
1586,Lord Mountbatten,0,[],[]
241,Lord’s Resistance Army,0,[],[]
1607,Lübeck trat 1937 dem preußischen Territorium bei.,0,[],[]
937,Lucía Topolansky Saavedra und José Mujica waren wichtige Personen.,0,[],[]
1377,Lucila Godoy Alcayaga,0,[],[]
349,Ludwig V. starb am 21.,0,[],[]
337,Lycopin darf als rote Lebensmittelfarbe verwendet werden.,0,[],[]
1810,Lynette,0,[],[]
784,"Mai 1298 bis zur Fertigstellung im Jahr 1448, wobei der Glockenturm um das Jahr 1500 hinzugefügt wurde.",0,[],[]
931,Mai 1859 geboren.,0,[],[]
1206,Mai 1913 geboren.,0,[],[]
1364,Mai 2007 während des Freitagsgebets stattfand.,0,[],[]
1735,Mai 2015 öffentlich verfügbar.,0,[],[]
178,Mai 2016 in Deutschland.,0,[],[]
1903,Mai 2018.,0,[],[]
349,Mai 987.,0,[],[]
320,Mai geändert.,0,[],[]
1413,"Malaria ist abgeleitet von italienisch ""mal'aria"" (schlechte Luft) und bedeutet wörtlich ""schlechte Luft"".",0,[],[]
691,Malibu am Klavier.,0,[],[]
985,Man kann auf der A944 außer über Westhill noch nach Westen durch Alford gelangen.,0,[],[]
920,"Man schlägt vor, frühgeborene Kinder regelmäßig in Hautkontakt mit ihren Müttern zu bringen, um die Neugeborenen dadurch warmzuhalten und zu stillen.",0,[],[]
875,Maneka Gandhis Vater war Tarlochan Singh Anand.,0,[],[]
548,Marga Faulstich war eine deutsche Chemikerin.,0,[],[]
554,Marga Faulstich wurde 1973 für ihre Erfindung des Leichtgewichts-Brillenglases Schwerflint 64 (SF 64) mit der IR-100-Medaille der Industrial Research Incorporation in Chicago geehrt.,0,[],[]
552,"Margas Hauptfokus war die Forschung und Entwicklung neuer optischer Gläser, insbesondere für Objektive an Mikroskopen und Ferngläsern.",0,[],[]
732,Mariko wird neue Inhaberin der Yashida Corporation.,0,[],[]
294,"Marion Crawford schrieb: „Einige königliche Berater meinten, er sei nicht gut genug für sie.",0,[],[]
311,Marnick Danny Vermijl wurde am 13.,0,[],[]
622,"Marokko nahm bei den Olympischen Winterspielen 1968, 1984, 1988, 1992, 2010 und 2014 teil.",0,[],[]
585,Maruti wurde 1981 etabliert.,0,[],[]
758,März 1928.,0,[],[]
782,März 1931.,0,[],[]
635,März 2011.,0,[],[]
1872,März 2018,0,[],[]
1524,März wurde Informationen über Dominic Fumusa veröffentlicht.,0,[],[]
206,Masaryk trat am 14.,0,[],[]
1968,Max von Baden willigte in die Waffenstillstandsverhandlungen ein.,0,[],[]
297,Mehr als 20 Länder wurden in den 1960er und 1970er Jahren von Großbritannien unabhängig.,0,[],[]
648,"Menschen mit einem erhöhten Infektionsrisiko für Meningitis werden am ehesten infiziert durch anatomische Defekte, insbesondere Schädelfrakturen der Schädelbasis oder die Involvierung der Nasennebenhöhlen oder des Felsenbeins.",0,[],[]
1201,Mesotherapie,0,[],[]
339,Mevalonsäure,0,[],[]
609,MEXT,0,[],[]
7,Miaoli City befindet sich in der Republik China auf Taiwan.,0,[],[]
351,Michail Kasjanow wurde am 24.,0,[],[]
1198,Microsoft begann mit der Entwicklung des .NET Frameworks in den späten 1990ern.,0,[],[]
1593,Millionen von Menschen sind von den Britischen Inseln ausgewandert.,0,[],[]
1686,"Milnor wurde in Orange, New Jersey geboren.",0,[],[]
1905,Mindestens drei Torhüter.,0,[],[]
1699,Minnesota,0,[],[]
118,Misserfolg,0,[],[]
62,mit dem Einverständnis Babylons General Neoptolemos unterstellt.,0,[],[]
504,Mit dem Projekt „Kulturelle Persönlichkeiten“.,0,[],[]
1764,"Mit Frankreich und Russland kämpften die Briten zusammen mit Frankreich, Russland und (ab 1917) mit den USA gegen Deutschland und dessen verbündete Mittelmächte bis zum Sieg 1918.",0,[],[]
1443,Mit über 423 Millionen Dollar Einspielergebnis gehört der Film zu den sechs erfolgreichsten Filmen in den US-Kinos.,0,[],[]
771,"Mitglieder der königlichen Familie, die älter als 25 Jahre waren konnten nach Ablehnung des Ehewunsches heiraten.",0,[],[]
421,Mohammad Jawad,0,[],[]
392,Monica mag Chandler.,0,[],[]
639,Mount Everest befindet sich 2 Kilometer südwestlich von Nuptse.,0,[],[]
1109,München,0,[],[]
44,Musik und Klangeffekte.,0,[],[]
1258,Mustaine kam ins Krankenhaus im Januar 2002.,0,[],[]
1899,Nach 1650 stieg die Besiedlungsdichte auf Puerto Rico stark an und die Bestände der Puerto-Rico-Amazone begannen zurückzugehen.,0,[],[]
1660,Nach Abschluss der Pflichtschule machen die Schüler z. B. eine GCSE-Prüfung.,0,[],[]
498,Nach dem Abschluss an der Kunstfachhochschule 1965 trat Durdy Bayramov dem Verband der bildenden Künstler der UdSSR bei und begann seine Karriere als professioneller Künstler.,0,[],[]
833,Nach dem beschriebenen Fall wurde ein spezifisches Antiserum 30 Stunden nach dem Bissen verabreicht.,0,[],[]
549,Nach dem Jahr 1935 begann Marga Faulstich als wissenschaftliche Hilfskraft zu arbeiten.,0,[],[]
1575,Nach dem Munitionsarbeiterstreik wurde Graf kurzzeitig inhaftiert.,0,[],[]
62,Nach dem Tod Alexanders des Großen wurde Armenien bis zu seinem Tod 321 v. Chr.,0,[],[]
173,Nach dem Tod von Martinian wurde das Ferapontow-Kloster durch die Mitglieder der Familie Iwans III.,0,[],[]
1877,Nach dem Verdampfen der schwarzen Löcher wird das Universum so gut wie leer sein.,0,[],[]
1080,Nach dem Zweiten Weltkrieg entwickelte Schweden zu einer der führenden Industrienationen der Welt.,0,[],[]
338,Nach der Desaturierung werden zwei Moleküle Phytoen verbunden zu Lycopin.,0,[],[]
6,Nach der Eruption des Mount St.,0,[],[]
1458,Nach der Third United Nations Conference on the Exploration and Peaceful Uses of Outer Space (UNISPACE III) haben die Hilfsorganisationen der Europäischen Weltraumorganisation teilgenommen.,0,[],[]
81,Nach England.,0,[],[]
1369,"Nachdem Anfang 1917 in Russland die Monarchie in einer bürgerlichen Revolution gestürzt worden war, fand die Revolution also im Januar oder Februar 1917 statt.",0,[],[]
1344,Nader,0,[],[]
1,Nahe dem Vulkan.,0,[],[]
1631,Nainggolan unterschrieb am 26.,0,[],[]
818,Nanometer,0,[],[]
779,Nape war nur eine Woche im Amt.,0,[],[]
1738,Napoleon III.,0,[],[]
402,NARAS-Mitglieder,0,[],[]
768,national auf dem ersten Platz,0,[],[]
271,Nationalpark Mu Ko Phetra – Meeres-Nationalpark im südlichen Teil der Provinz.,0,[],[]
488,"Nein, die Krankheit trat in Europa nach der ersten Ausbruchswelle nicht wieder auf.",0,[],[]
423,"Nein, Masala Chai ist kein feststes Rezept.",0,[],[]
1895,"Nein, Metoprolol sollte in der Schwangerschaft und Stillzeit nur unter strenger ärztlicher Kontrolle eingesetzt werden, da es das Risiko von fötalen Wachstumsstörungen und Herzrhythmusstörungen bei dem Kind gibt.",0,[],[]
706,"Nein, Muhammad's Stimme ist im Film nicht zu hören.",0,[],[]
1202,Netflix startete 1997.,0,[],[]
124,Netzer spielte als Mittelfeldspieler.,0,[],[]
539,Neun Meter.,0,[],[]
1249,Neun Spieler.,0,[],[]
34,Nevil Maskelyne war einer der Wissenschaftler im Team.,0,[],[]
1310,"New day, new beginning!",0,[],[]
200,NGC 6543 besteht hauptsächlich aus Wasserstoff und Helium.,0,[],[]
820,NGC 7006 ist mit 135.000 Lichtjahren Entfernung entfernt.,0,[],[]
1389,NHAI wurde durch die Verabschiedung des National Highway Authority of India Act 1988 gegründet und im Februar 1995 formell selbständig.,0,[],[]
1807,Nicolás Leoz ist Präsident von CONMEBOL.,0,[],[]
1869,Ninja Melk,0,[],[]
121,Ninon Dolbin war Kunsthistorikerin.,0,[],[]
1045,Nissin Food Products ist der erste Anbieter von Instant-Nudelgerichten und bestimmt das Produktsortiment weiterhin.,0,[],[]
1310,"No matter how yesterday was, what matters is seizing today.",0,[],[]
1563,nordöstliches Australien,0,[],[]
1706,Norman Borlaug,0,[],[]
1854,Nostoc gehört zur Familie der Nostocaceae.,0,[],[]
1842,November,0,[],[]
1436,November 1774 in London.,0,[],[]
1212,November 1903 unterzeichnet.,0,[],[]
1731,November 1944 gestorben.,0,[],[]
1683,November 2006.,0,[],[]
508,November 2010 durch.,0,[],[]
1989,November im Berliner Tageblatt sehr optimistisch bezüglich des Erfolgs der Revolution.,0,[],[]
597,"Nur World Tag Team Championship wird genannt, aber ohne Angabe, ob Kane daran beteiligt war oder welche Teilnehmer es waren.",0,[],[]
183,Nur zehn Maschinen davon wurden gebaut.,0,[],[]
1006,"Nutzer, die Frage kann nicht direkt beantwortet werden, da keine spezifischen Informationen über Nolans Beginn der Filmproduktion vorhanden sind.",0,[],[]
800,Nyberg diente als Bordingenieurin bei den ISS-Expeditionen 36 und 37.,0,[],[]
451,"Offizielle Veranstaltungen des Hofes wurden in Windsor Castle abgehalten, wenn Königin Victoria nach London zurückkehrte.",0,[],[]
1059,Oktober 1921.,0,[],[]
71,Oktober 1934 begann der Bau des Henschel Flugzeug-Werkes in Schönefeld.,0,[],[]
1284,"Oktober 1999 herausgegeben und kennt nur noch Banknoten im Wert von 1, 5, 10, 20, 50 und 100 Yuan.",0,[],[]
699,Oktober 2014 in die Kinos in Deutschland.,0,[],[]
179,Oktober 2014.,0,[],[]
168,Oktober 2016 veröffentlicht.,0,[],[]
1156,On-Lesung,0,[],[]
1736,Online-Dienst,0,[],[]
697,Oona Castilla Chaplin ist eine spanische Schauspielerin.,0,[],[]
442,Öskjuhlíð,0,[],[]
1881,Otto Wallach starb am 26.,0,[],[]
830,Pakse,0,[],[]
1948,Parapositronium,0,[],[]
1475,Parveen Babi starb 2005.,0,[],[]
195,Pascal Fortran,0,[],[]
1884,Pattee,0,[],[]
1709,Paul International Airport.,0,[],[]
1704,"Paul wurde nicht von einer Armee besiedelt, sondern entstand in der Gegend, in die Menschen abgezogen wurden, nachdem sie von der Armee am Fort Snelling flussabwärts gezogen wurden.",0,[],[]
995,Paulo Freire wurde Lehrer für Portugiesisch.,0,[],[]
107,Paulus Diaconus,0,[],[]
1772,PE,0,[],[]
409,Pearl Harbor liegt im Bundesstaat Hawaii.,0,[],[]
100,"Pedaliaceae sind eine Pflanzenfamilie in der Ordnung der Lippenblütlerartigen (Lamiales), bekannt vor allem durch den Sesam (Sesamum indicum).",0,[],[]
766,"Perfekte Erinnerung umfasst das Wissen über alle Informationen, die einem Spieler in der Vergangenheit zugänglich waren.",0,[],[]
61,Pergamon wurde während des Aufstands von Orontes erobert.,0,[],[]
1165,Peter Dinklages Vater war ein Versicherungsvertreter.,0,[],[]
1424,Peter Kapitza wurde am 8.,0,[],[]
1670,Philipp I. Philadelphos,0,[],[]
854,Phillip Joel Hughes ist bekannt als australischer Test- und One-Day International-Cricketspieler.,0,[],[]
489,"Picardsches Schweißfieber trat in Frankreich, Italien und Süddeutschland auf.",0,[],[]
344,Platz 12,0,[],[]
130,Platz 43 der Gaon Singles Charts.,0,[],[]
1169,Platz für die heutige Western Wall Plaza.,0,[],[]
322,Platz für einen kommerziellen Badeort und Wasserpark zu schaffen.,0,[],[]
202,PlayStation 2,0,[],[]
1870,Portugal tritt zum 1.,0,[],[]
740,Prince of Persia: Warrior Within,0,[],[]
1531,"Publius Ovidius Naso, besser bekannt als Ovid, ist ein berühmter lateinischer Poet.",0,[],[]
885,QS 9000 wurde durch die ISO 9001 und die ISO/TS 16949 ersetzt.,0,[],[]
391,Rachel wartet am Flughafen auf Ross zu Beginn der zweiten Saison.,0,[],[]
1210,Rafiq Fareed wurde am 20.,0,[],[]
1748,Rahul Gandhi war der jüngste Bruder.,0,[],[]
164,Raimund IV.,0,[],[]
1132,Rakesh ist Regisseur.,0,[],[]
1401,Rechte Militärs und Teile der paramilitärischen Guardia Civil versuchten 1981 einen Putschversuch („23-F“) durchzuführen.,0,[],[]
1406,Reena Chopra,0,[],[]
727,Repräsentantenhaus und Senat,0,[],[]
1918,Rey Misterio Jr.,0,[],[]
1308,Rhodesien,0,[],[]
852,Richter am Obersten Gerichtshof treten in den Ruhestand bei 65 Jahren.,0,[],[]
1982,"Rosa Luxemburg wurde überstimmt, als sie forderte, dass die KPD an den geplanten Parlamentswahlen teilnehmen sollte.",0,[],[]
494,Rosemary (geborene Podrasky),0,[],[]
576,Rostec kooperiert mit 312 unterstützenden Universitäten.,0,[],[]
1941,"Rozas wichtigster Beitrag war der Rembetiko, insbesondere in der Smyrna-Variante.",0,[],[]
1540,Rudolf Diesel ging an Bord der SS Dresden in Antwerpen an dem 29.,0,[],[]
1541,Rund 16.000 Rebsorten gibt es.,0,[],[]
1321,Rund 25 Kilogramm.,0,[],[]
435,Rund ein halbes Jahr.,0,[],[]
1487,Russland,0,[],[]
208,Sabena,0,[],[]
288,Saint-Domingue wurde an Frankreich abgetreten und wurde im 18.,0,[],[]
1087,Sarah Elizabeth Griswold hat am 10.,0,[],[]
1671,Sarajevo,0,[],[]
1776,Sat-nesut,0,[],[]
718,Saudi-Arabien,0,[],[]
33,Schiehallion wurde wegen seiner isolierten Lage und nahezu symmetrischen Form zum idealen Ort für das Experiment zur Bestimmung der mittleren Massendichte der Erde.,0,[],[]
216,Schleimhäute und Klauen sind dunkel gefärbt.,0,[],[]
305,Schnee,0,[],[]
861,Sechs Kontinente.,0,[],[]
1392,"Sein Großvater Upendrakishore Raychowdhury war ein berühmter Intellektueller als Verfasser von Kinderliteratur, Musiker und Wissenschaftler.",0,[],[]
395,Sein Körper wurde nach seinem Tod in Korea vierteilt.,0,[],[]
1554,Sein Spitzname in Irland war 'James the be-shitten'.,0,[],[]
362,Sein Verwaltungssitz ist Philippi.,0,[],[]
1818,"Seine Mutter Scheindel Grün starb, als David Ben-Gurion 11 Jahre alt war.",0,[],[]
1843,"Seine Serie, unbesiegt in Einzelmatches zu sein, endete am 3.",0,[],[]
1310,"Seine Tochter叫醒我，今天又是一天。新的一天带来了新的机会和挑战。无论昨天如何，重要的是把握今天。我会全神贯注地投入到新的任务中，积极面对可能出现的困难，努力实现目标。同时，也要记得照顾好自己，保持良好的心态和健康的身体。新的一天，新的开始！Wake up, it's a new day.",0,[],[]
866,SeinHighestScoreinTestMatchesist362Wickets.,0,[],[]
1926,Seit 1894 dient das OFID-Hauptquartier als Palais.,0,[],[]
1851,Seit 1968 gibt es das Nachmittagsfixing.,0,[],[]
892,Seit 1991 gibt es Frauenfußball-Profi-Meisterschaften.,0,[],[]
1021,Seit 2008 ist das Qingming-Fest ein offizieller Feiertag in der Volksrepublik China.,0,[],[]
1571,Seit Anfang des 21.,0,[],[]
1744,Seit Jahren.,0,[],[]
1562,"Sektion Acuminati liegt in nördliches Queensland, Neuguinea, Neubritannien, Borneo.",0,[],[]
1627,Sepp Blatter war 2007 Präsident der FIFA.,0,[],[]
1540,September 1913.,0,[],[]
1679,September 1926 landete.,0,[],[]
1526,September 1943 geboren.,0,[],[]
307,"September 1944, als die britische 8.",0,[],[]
785,September 1963 eröffnet.,0,[],[]
1035,September 1965 geboren.,0,[],[]
1830,September 1968 geboren.,0,[],[]
1790,September 1971.,0,[],[]
166,September 1977 statt.,0,[],[]
1616,September 1983 vergeben.,0,[],[]
220,September 1997.,0,[],[]
330,September 2001.,0,[],[]
624,September 2016 getötet.,0,[],[]
1284,Serie chinesischer Währung wurde seit dem 1.,0,[],[]
1379,Service above self,0,[],[]
99,Sesam-Samen werden aus der Frucht des Sesampfannes gewonnen.,0,[],[]
1595,shareyourworld.com wurde geschlossen aus Kosten- und Bandbreitengründen.,0,[],[]
725,Shaula,0,[],[]
1650,Sheerans älterer Bruder arbeitet als Komponist.,0,[],[]
1013,Shubha Yagnik,0,[],[]
1178,Sidley & Austin,0,[],[]
797,Sie blieb in Vance drei Jahre.,0,[],[]
610,"Sie entdeckt, dass er ein Idiot ist.",0,[],[]
534,Sie hangen an den Brustwarzen der Mutterbeutelteufel für 100 Tage.,0,[],[]
834,Sie wird aufgrund ihres schrumpfenden Lebensraumes und abnehmender Populationsgrößen von der International Union for Conservation of Nature and Natural Resources (IUCN) als vulnerable (dt.,0,[],[]
955,"Simon & Schuster veröffentlichte 2014 ""Everyday Sexism"".",0,[],[]
1705,Sioux und Ojibwe,0,[],[]
758,Sir David Ferrier starb am 19.,0,[],[]
1351,Smiths Mutter hieß Yvonne Bailey.,0,[],[]
927,Sokołowsko hieß in der schlesischen Zeit Görbersdorf.,0,[],[]
744,Sol ist eine Übersetzung für den Sonnentag auf Mars.,0,[],[]
1093,Sole,0,[],[]
1220,"Sollte der Ball während des Spiels verloren werden, wird er durch einen möglichst vergleichbaren Ersatzball ersetzt.",0,[],[]
1046,Søren Sørensen war von 1901 bis 1938 Leiter der chemischen Abteilung des Carlsberg-Laboratoriums.,0,[],[]
1513,Southall ist ein Stadtteil des London Borough of Ealing im Westen von London.,0,[],[]
1674,Spears' untreuer Freund wurde vergiftet.,0,[],[]
1853,Spezielle Zellen innerhalb der Kolonien sind für die Stickstoffbindung verantwortlich.,0,[],[]
447,Sportler aus Usbekistan traten nach dem Zerfall der UdSSR zunächst in die Mannschaft der GUS (Gesamtsozialistische Union) an und nahmen ab 1994 alleine an den Olympischen Spielen teil.,0,[],[]
1704,St.,0,[],[]
1334,"Staat der Slowenen, Kroaten und Serben",0,[],[]
569,Staatliche Bestattungen finden in der Westminster Hall statt.,0,[],[]
219,Stachelbeeren sind sowohl in Westasien heimisch als auch in Teilen Asiens.,0,[],[]
705,"Stattdessen wird angedeutet, dass Szenen, bei denen Mohammed in der Nähe ist, durch leise Orgelmusik untermalt werden.",0,[],[]
1868,steht für Agent of Secret Stuff.,0,[],[]
401,Straßburg,0,[],[]
1028,"Sud-Kivu ist eine Provinz der Demokratischen Republik Kongo, deren Hauptstadt Bukavu ist.",0,[],[]
507,"Suhrob Kurbanov, Tahir Salahov",0,[],[]
389,Sumpfgebiete und tropischer Regenwald.,0,[],[]
45,Sumpfmeerkatzen können bis zu 23 Jahre alt werden.,0,[],[]
237,Sunday stirbt.,0,[],[]
939,Sunil Veerappa Shetty ist am bekanntesten für seine Rollen in Komödien und als Bösewicht.,0,[],[]
1035,Sunita Lyn Williams wurde am 19.,0,[],[]
93,Sunnitische Muslime sind am dominierendsten in Usbekistan.,0,[],[]
1162,"Tears for Water, ein Songbook mit eigenen Gedichten und Liedtexten.",0,[],[]
695,Tennis wurde nach den Olympischen Sommerspielen 1924 aus dem Programm gestrichen.,0,[],[]
909,Tesla starb am 7.,0,[],[]
1955,Tess geht in ihr Schlafzimmer.,0,[],[]
1952,Tess von den d'Urbervilles gilt als ein Meisterwerk.,0,[],[]
1961,Tess wurde hingerichtet.,0,[],[]
1954,"Tess' Vater war zu betrunken, um sie abzuholen.",0,[],[]
1602,Thailand,0,[],[]
1085,The Dying Hercules,0,[],[]
291,The Little Princesses,0,[],[]
413,The Showgirl Princess,0,[],[]
1435,Thiel,0,[],[]
1064,Thomas von Aquino wurde kurz vor oder kurz nach Neujahr 1225 geboren.,0,[],[]
315,"Thonburi und Phra Nakhon wurden zusammengezogen, um eine Provinz zu bilden.",0,[],[]
140,Thrasybulus vermutlich eine moderate Oligarchie.,0,[],[]
146,Tired of Being Sorry,0,[],[]
1687,Titan,0,[],[]
1566,Toots,0,[],[]
1673,"Toxic stammt aus dem vierten Studioalbum von Britney Spears, In the Zone.",0,[],[]
1366,Traditionell wird stets ein Japaner in das Amt des Präsidenten gewählt.,0,[],[]
222,Trevinos Mutter stammte ursprünglich aus dem mexikanischen Zacatecas.,0,[],[]
264,Trifolium alexandrinum,0,[],[]
1130,Tufts University und Princeton University,0,[],[]
703,Turdoides affinis,0,[],[]
512,"Typische Kernprozesse wie die Verwaltung von Spar-, Darlehens- oder Girokonten.",0,[],[]
1565,"Über 1,3 Millionen Migranten haben seit der Lockerung des belgischen Staatsangehörigkeitsrechts die belgische Staatsbürgerschaft erworben.",0,[],[]
1729,Über 500 Millionen Menschen sahen die Landung der Apollo 11.,0,[],[]
1719,Über 800 Vietnamesen wurden beim Massenmord am 15.,0,[],[]
1797,Über den Herrscher wird in den bereitgestellten Texten keine spezifische Information gegeben.,0,[],[]
1033,Übernatürliche Wesen und Untiere.,0,[],[]
1992,Um 1010,0,[],[]
2,"Um 9:45 Uhr erreichte der erste Ascheregen Yakima im Bundesstaat Washington, der sich etwa 145 Kilometer vom Vulkan entfernt befindet.",0,[],[]
1538,"Um ein neues maschinelles Übersetzungssystem zu erstellen, müssen linguistische Daten in einem genau festgelegten XML-Format erstellt werden.",0,[],[]
284,um mehr als das 24-fache übertraf.,0,[],[]
1084,und Jeremiah Day.,0,[],[]
448,und Prinz Philip leben im Buckingham Palace.,0,[],[]
953,"Ungefähr 3% der Erwachsenen weltweit leiden unter Alkoholismus, was auf etwa 140 Millionen Menschen hindeutet.",0,[],[]
1107,Universität Zürich,0,[],[]
1073,University of Delhi,0,[],[]
944,"Unter der Oberfläche des Enceladus wurden Wasserreservoirs dicht unter der Oberfläche gefunden, aber die genaue Tiefe ist nicht angegeben.",0,[],[]
247,"Ursprünglich sollte der Regisseur des ersten Teils, Rob Cohen, neben Vin Diesel auch zurückkehren.",0,[],[]
376,US-Dollar.,0,[],[]
1519,Vallabhbhai Patel starb am 15.,0,[],[]
824,verheiratet.,0,[],[]
1738,verlangte Longwood House.,0,[],[]
1138,"versuchte, Präsident Reagan zu ermorden.",0,[],[]
1126,Very High Speed Integrated Circuit Hardware Description Language (VHDL) und Verilog werden für spezielle Entwicklerwerkzeuge im Rahmen des Computer-aided engineering (CAE) angewendet.,0,[],[]
1677,Victoria wurde in einem weißen Kleid und mit ihrem Brautschleier bestattet.,0,[],[]
1550,"Viele Briten misstrauten der neuen Herzogin von York, Maria von Modena.",0,[],[]
286,Viele der Statuen von Georg IV.,0,[],[]
1914,"Viele Menschen aus verschiedenen europäischen Ländern immigrierten nach Puerto Rico, um der wirtschaftlichen Misere in Europa zu entfliehen.",0,[],[]
829,Vientiane,0,[],[]
122,vier,0,[],[]
503,vier,0,[],[]
889,vier,0,[],[]
538,Vier Beutelteufel wurden von der tasmanischen Regierung dem Zoo Kopenhagen übergeben.,0,[],[]
1479,Vier Strukturebenen gibt es in Proteinen.,0,[],[]
1112,Viv Richards war ein ehemaliger Cricketspieler und Kapitän des West Indies Cricket Teams.,0,[],[]
1065,Von 1259 bis 1265 lehrte er in Paris als Magister der Theologie.,0,[],[]
529,Von 1986 bis 1991 war er als Ingenieur am Raumfahrtbahnhof in Baikonur tätig.,0,[],[]
224,"Von 1988 an war Manfred Curbach als Projektleiter tätig und wurde 1994 Partner im Ingenieurbüro Köhler + Seitz, was indiziert, dass er ab 1988 als Projektmanager arbeitete.",0,[],[]
1506,Von 2005 bis 2007 studierte Silva in Rom für ein Lizentiat in Spiritualität an der Päpstlichen Salesianer-Universität.,0,[],[]
577,Von dem Architekten Luis Menéndez Pidal wurde San Pedro de Nora von 1940 bis in die 1970er Jahre restauriert.,0,[],[]
1305,Von dort gelangt er in die geheime Unterwasserstadt Rapture.,0,[],[]
529,Von Oktober 1991 bis April 1995 war er in der privaten Wirtschaft beschäftigt.,0,[],[]
528,Von Oktober 1991 bis April 1995 war Kornijenko in der privaten Wirtschaft beschäftigt.,0,[],[]
164,"von Toulouse veließ Antiochia, um die Festung Ma'arrat al-Numan zu erobern.",0,[],[]
701,Vor 1994 haben Athleten aus der Ukraine im Vereinten Team teilgenommen.,0,[],[]
788,"Vor dem 802.1Q-Standard wurden Shortest Path Bridging, Ciscos Inter-Switch Link Protocol (ISL) und 3Coms VLT (Virtual LAN Trunk) Tagging angewendet.",0,[],[]
1647,Vor dem Legen bestehen die Eierschalen aus einer dreilagigen Schicht.,0,[],[]
1648,Vor der Inkubation werden Monotremeneier von einer klebrigen Substanz bedeckt.,0,[],[]
1547,Vor seiner Tätigkeit als Geschäftsführer und Vorstandsmitglied der Stiftung World Economic Forum war Rösler nicht als CEO einer gemeinnützigen Organisation beschäftigt.,0,[],[]
226,Vorstandsvorsitzender der VDI-Gesellschaft Bautechnik,0,[],[]
1450,"Vorwiegend drängten die Vereinigten Staaten, unterstützt durch die EU, Japan und andere Erste-Welt-Länder, auf die Einbeziehung des TRIPS-Abkommen zum Allgemeinen Zoll- und Handelsabkommen.",0,[],[]
134,Während der ersten Hälfte des Jahres 1940 wurden die Honolulu-Operationen vor Long Beach fortgesetzt.,0,[],[]
1733,Während der NATO-Luftangriffe auf Jugoslawien 1999 trainierte Ivanović in einem umgebauten Schwimmbad im Belgrader Sportcenter.,0,[],[]
1803,"Während der Saïtenzeit-Dynastie wurde im östlichen Teil des Totentempels ein großes Schachtgrab angelegt, was darauf hindeutet, dass der Tempel bereits weitgehend zerstört war.",0,[],[]
592,"Während der Wartungsarbeiten wurde der Elektromotor eingeschaltet, um die Uhr aufzuziehen.",0,[],[]
1712,Während des Neumondes steht der Mond zwischen der Sonne und der Erde.,0,[],[]
74,"Während des Schleswig-Holsteinischen Krieges zeigte sich, dass diese Strategie notwendig war, da andere verbündete Mächte neutral blieben und der deutsche Seehandel dadurch stark beeinträchtigt wurde.",0,[],[]
455,Während des Zweiten Weltkrieges wurden Berichterstattungen zu Bombardierungen des Buckingham Palastes eingeschränkt.,0,[],[]
1938,Wahrscheinlich wurde Roza Eskenazy zwischen 1895 und 1897 geboren.,0,[],[]
48,"Wahrscheinlich, weil das Potenzial weniger spektakulärer Technologien so groß ist.",0,[],[]
1125,"Wales widerspricht dem Oberschichten-Vorteil von Rugby, da Rugby Union dort mit Mannschaften aus kleinen Dörfern in Zusammenhang gebracht wird, in denen Bergleute und Industriarbeiter leben.",0,[],[]
1649,"Wärmedämmung ist die einfachste Lösung, um eine einigermaßen konstante Körpertemperatur zu gewährleisten.",0,[],[]
1546,Weißrussland gehörte neben Russland zur Gemeinschaft der ehemaligen Sowjetunion (GUS).,0,[],[]
521,Weizen und Gerste.,0,[],[]
1570,Weltbank und Internationaler Währungsfonds (IWF),0,[],[]
1514,"Wenn bei einer Teilstrecke beide Schalter auf On stehen, wird die Zwischenkreisspannung kurzgeschlossen.",0,[],[]
563,Westminster hieß vorher Thorney Island und das umliegende Gebiet.,0,[],[]
1558,"While Supply Chain Management focuses on the entire process from supplier to customer, Demand Chain Management emphasizes managing relationships with suppliers and customers to fulfill customer demand as efficiently as possible, bridging the gap between Customer Relationship Management and Supply Chain Management.",0,[],[]
1105,WHO,0,[],[]
14,Wilhelm Eugen studierte in Tübingen.,0,[],[]
1180,Wilkes Land ist der größte Bereich des Australischen Antarktis-Territoriums in der östlichen Antarktis und grenzt an den Indischen Ozean.,0,[],[]
350,William Howard Stein starb am 2.,0,[],[]
286,"wurden während seiner Herrschaft, also im 19.",0,[],[]
246,Xiang ist für Markes Tod verantwortlich.,0,[],[]
192,Yari Marco wurde 1973 geboren.,0,[],[]
387,"Yoritomo, Minamoto no Yoshitsune und Minamoto no Noriyori.",0,[],[]
1779,Yvonne Strahovski,0,[],[]
520,"Zahlreiche Begräbnisse, Körbe, Geräte kombiniert aus Stein- und Knochenmaterial, Schmuck wie Perlenketten, Armreife, Anhänger, sowie gelegentlich auch Tieropfer wurden zusammen mit den Ornamenten gefunden.",0,[],[]
186,Zaiad Muchasis Nachfolger in Zypern war Hussein Al Bashir.,0,[],[]
872,Zhèjiāng,0,[],[]
244,Zhong Man war 2008 Goldmedaillengewinner im Fechten und trug auch die Olympischen Fackel.,0,[],[]
365,Zu der Boeing Model 299 stand die DB-1 in Konkurrenz.,0,[],[]
461,Zu diesen Gelegenheiten werden über 150 geladene Gäste von goldenen Tellern serviert.,0,[],[]
1173,"Zudem sind gedruckte Werke in Sanskrit, Hindi, Urdu, Paschtu, Tamil und Türkisch sowie rund 30.000 gedruckte Bücher (einschließlich Zeitschriften) in verschiedenen anderen Sprachen vorhanden.",0,[],[]
890,Zudem steht bei vielen internationalen Spielen ein Vierte Offizieller zur Verfügung.,0,[],[]
63,Zum Beispiel suchte der rebellische Seleukiden-König Antiochos Hierax im Jahr 227 v. Chr.,0,[],[]
1108,"Zumeist wird die Video-Urethrozystoskopie durchgeführt, bei der das Bild über eine Kamera auf einen Bildschirm übertragen wird.",0,[],[]
642,Zur Generierung der Stimme des Bordcomputers Otto wurde die Sprachsynthese-Software MacInTalk von Apple verwendet.,0,[],[]
1297,"Zwei Fremdsprachenprüfungen müssen bestanden werden, um beim CEMS MIM abschließen zu können.",0,[],[]
1394,Zwei Planeten von der Größe der Erde wurden am 20.,0,[],[]
444,Zwei Seehäfen gibt es in Reykjavík.,0,[],[]
379,Zwei.,0,[],[]
1692,Zwischen 1915 und 1917 wurden die elf Kriege gekämpft.,0,[],[]
716,Zwischen 300.000 und 400.000 Menschen sollen getötet worden sein.,0,[],[]
0,zwischen 3050 und 3350 Meter,0,[],[]
1757,Zwischen den beiden Spiegeln.,0,[],[]
647,zwischen der äußeren Umgebung und dem Nervensystem,0,[],[]
666,Zwölf Marathenfürsten wurden unter Nana Phadnavis eingesetzt.,0,[],[]
1326,Zwölf Mitglieder des Stadtrats gehören der DFL an.,0,[],[]
1096,ကုန်းဘောင်ခေတ်,0,[],[]