text_order_id,sentence,num_triplets,triplets,abbreviation
533,"Die Beutelteufel verschafften sich Respekt bei tasmanischen Farmern wegen ihrer ökologischen Rolle, da sie Kadaver beseitigen und somit die Vermehrung von Insekten verhindern, die sich sonst nachteilig auf den Viehbestand auswirken könnten.",4,"[{'subject': {'upos': 'NOUN', 'text': 'Beutelteufel', 'id': 2, 'deprel': 'nsubj', 'head': 3}, 'verb': {'upos': 'VERB', 'text': 'verschafften', 'id': 3, 'deprel': 'root', 'head': 0}, 'object': {'upos': 'PRON', 'text': 'sich', 'id': 4, 'deprel': 'obj', 'head': 3}}, {'subject': {'upos': 'PRON', 'text': 'sie', 'id': 15, 'deprel': 'nsubj', 'head': 17}, 'object': {'upos': 'NOUN', 'text': 'Kadaver', 'id': 16, 'deprel': 'obj', 'head': 17}, 'verb': {'upos': 'VERB', 'text': 'beseitigen', 'id': 17, 'deprel': 'advcl', 'head': 3}}, {'subject': {'upos': 'PRON', 'text': 'sie', 'id': 15, 'deprel': 'nsubj', 'head': 17}, 'object': {'upos': 'NOUN', 'text': 'Vermehrung', 'id': 21, 'deprel': 'obj', 'head': 24}, 'verb': {'upos': 'VERB', 'text': 'verhindern', 'id': 24, 'deprel': 'conj', 'head': 17}}, {'subject': {'upos': 'PRON', 'text': 'die', 'id': 26, 'deprel': 'nsubj', 'head': 33}, 'object': {'upos': 'PRON', 'text': 'sich', 'id': 27, 'deprel': 'obj', 'head': 33}, 'verb': {'upos': 'VERB', 'text': 'auswirken', 'id': 33, 'deprel': 'acl', 'head': 21}}]","['SVO', 'SOV', 'SOV', 'SOV']"
1976,"Die Räte kontrollierten die Stadtverwaltungen, verhafteten kaisertreue Beamte, bildeten ""Rote Garden"" und übernahmen die Verteilung von Nahrungsmitteln, Polizeigewalt und die Unterbringung und Verpflegung der heimkehrenden Frontsoldaten.",4,"[{'subject': {'upos': 'NOUN', 'text': 'Räte', 'id': 2, 'deprel': 'nsubj', 'head': 3}, 'verb': {'upos': 'VERB', 'text': 'kontrollierten', 'id': 3, 'deprel': 'root', 'head': 0}, 'object': {'upos': 'NOUN', 'text': 'Stadtverwaltungen', 'id': 5, 'deprel': 'obj', 'head': 3}}, {'subject': {'upos': 'NOUN', 'text': 'Räte', 'id': 2, 'deprel': 'nsubj', 'head': 3}, 'verb': {'upos': 'VERB', 'text': 'verhafteten', 'id': 7, 'deprel': 'conj', 'head': 3}, 'object': {'upos': 'NOUN', 'text': 'Beamte', 'id': 9, 'deprel': 'obj', 'head': 7}}, {'subject': {'upos': 'NOUN', 'text': 'Räte', 'id': 2, 'deprel': 'nsubj', 'head': 3}, 'verb': {'upos': 'VERB', 'text': 'bildeten', 'id': 11, 'deprel': 'conj', 'head': 3}, 'object': {'upos': 'PROPN', 'text': 'Garden', 'id': 14, 'deprel': 'obj', 'head': 11}}, {'subject': {'upos': 'NOUN', 'text': 'Räte', 'id': 2, 'deprel': 'nsubj', 'head': 3}, 'verb': {'upos': 'VERB', 'text': 'übernahmen', 'id': 17, 'deprel': 'conj', 'head': 3}, 'object': {'upos': 'NOUN', 'text': 'Verteilung', 'id': 19, 'deprel': 'obj', 'head': 17}}]","['SVO', 'SVO', 'SVO', 'SVO']"
1782,"Bruce Wayne alias Batman fängt Lau in Hongkong und bringt ihn nach Gotham City, wo er ihn an die Polizei ausliefert.",3,"[{'subject': {'upos': 'PROPN', 'text': 'Bruce', 'id': 1, 'deprel': 'nsubj', 'head': 5}, 'verb': {'upos': 'VERB', 'text': 'fängt', 'id': 5, 'deprel': 'root', 'head': 0}, 'object': {'upos': 'PROPN', 'text': 'Lau', 'id': 6, 'deprel': 'obj', 'head': 5}}, {'subject': {'upos': 'PROPN', 'text': 'Bruce', 'id': 1, 'deprel': 'nsubj', 'head': 5}, 'verb': {'upos': 'VERB', 'text': 'bringt', 'id': 10, 'deprel': 'conj', 'head': 5}, 'object': {'upos': 'PRON', 'text': 'ihn', 'id': 11, 'deprel': 'obj', 'head': 10}}, {'subject': {'upos': 'PRON', 'text': 'er', 'id': 17, 'deprel': 'nsubj', 'head': 22}, 'object': {'upos': 'PRON', 'text': 'ihn', 'id': 18, 'deprel': 'obj', 'head': 22}, 'verb': {'upos': 'VERB', 'text': 'ausliefert', 'id': 22, 'deprel': 'acl', 'head': 13}}]","['SVO', 'SVO', 'SOV']"
559,"Die Gambier sind recht polyglott, da sie sich hauptsächlich durch ihre eigene Sprache definieren und oft mehrere Sprachen fließend sprechen oder sich darin verständigen können.",3,"[{'subject': {'upos': 'PRON', 'text': 'sie', 'id': 8, 'deprel': 'nsubj', 'head': 15}, 'object': {'upos': 'PRON', 'text': 'sich', 'id': 9, 'deprel': 'obj', 'head': 15}, 'verb': {'upos': 'VERB', 'text': 'definieren', 'id': 15, 'deprel': 'advcl', 'head': 5}}, {'subject': {'upos': 'PRON', 'text': 'sie', 'id': 8, 'deprel': 'nsubj', 'head': 15}, 'object': {'upos': 'NOUN', 'text': 'Sprachen', 'id': 19, 'deprel': 'obj', 'head': 21}, 'verb': {'upos': 'VERB', 'text': 'sprechen', 'id': 21, 'deprel': 'conj', 'head': 15}}, {'subject': {'upos': 'PRON', 'text': 'sie', 'id': 8, 'deprel': 'nsubj', 'head': 15}, 'object': {'upos': 'PRON', 'text': 'sich', 'id': 23, 'deprel': 'obj', 'head': 25}, 'verb': {'upos': 'VERB', 'text': 'verständigen', 'id': 25, 'deprel': 'conj', 'head': 21}}]","['SOV', 'SOV', 'SOV']"
851,"Die Korea-Kiefer produziert Samen, die jedoch keine Kiefernart bildet, die größere Samen produziert.",3,"[{'subject': {'upos': 'PROPN', 'text': 'Korea', 'id': 2, 'deprel': 'nsubj', 'head': 5}, 'verb': {'upos': 'VERB', 'text': 'produziert', 'id': 5, 'deprel': 'root', 'head': 0}, 'object': {'upos': 'NOUN', 'text': 'Samen', 'id': 6, 'deprel': 'obj', 'head': 5}}, {'subject': {'upos': 'PRON', 'text': 'die', 'id': 8, 'deprel': 'nsubj', 'head': 12}, 'object': {'upos': 'NOUN', 'text': 'Kiefernart', 'id': 11, 'deprel': 'obj', 'head': 12}, 'verb': {'upos': 'VERB', 'text': 'bildet', 'id': 12, 'deprel': 'acl', 'head': 6}}, {'subject': {'upos': 'PRON', 'text': 'die', 'id': 14, 'deprel': 'nsubj', 'head': 17}, 'object': {'upos': 'NOUN', 'text': 'Samen', 'id': 16, 'deprel': 'obj', 'head': 17}, 'verb': {'upos': 'VERB', 'text': 'produziert', 'id': 17, 'deprel': 'acl', 'head': 11}}]","['SVO', 'SOV', 'SOV']"
126,"Die Strategie-Helden besitzen die Fähigkeit, ihre Soldaten zu heilen, während die Krieger-Helden eine enorme Kampfstärke haben und verbündeten Einheiten einen Kampfbonus verleihen.",3,"[{'subject': {'upos': 'NOUN', 'text': 'Helden', 'id': 4, 'deprel': 'nsubj', 'head': 5}, 'verb': {'upos': 'VERB', 'text': 'besitzen', 'id': 5, 'deprel': 'root', 'head': 0}, 'object': {'upos': 'NOUN', 'text': 'Fähigkeit', 'id': 7, 'deprel': 'obj', 'head': 5}}, {'subject': {'upos': 'NOUN', 'text': 'Helden', 'id': 18, 'deprel': 'nsubj', 'head': 22}, 'object': {'upos': 'NOUN', 'text': 'Kampfstärke', 'id': 21, 'deprel': 'obj', 'head': 22}, 'verb': {'upos': 'VERB', 'text': 'haben', 'id': 22, 'deprel': 'advcl', 'head': 12}}, {'subject': {'upos': 'NOUN', 'text': 'Einheiten', 'id': 25, 'deprel': 'nsubj', 'head': 28}, 'object': {'upos': 'NOUN', 'text': 'Kampfbonus', 'id': 27, 'deprel': 'obj', 'head': 28}, 'verb': {'upos': 'VERB', 'text': 'verleihen', 'id': 28, 'deprel': 'conj', 'head': 22}}]","['SVO', 'SOV', 'SOV']"
1852,"Kaizen bedeutet ""Veränderung zum Besseren"" und bezeichnet sowohl eine japanische Lebens- und Arbeitsphilosophie als auch ein methodisches Konzept, das sich auf die kontinuierliche und unendliche Verbesserung von Produkten oder Prozessen konzentriert.",3,"[{'subject': {'upos': 'PROPN', 'text': 'Kaizen', 'id': 1, 'deprel': 'nsubj', 'head': 2}, 'verb': {'upos': 'VERB', 'text': 'bedeutet', 'id': 2, 'deprel': 'root', 'head': 0}, 'object': {'upos': 'NOUN', 'text': 'Veränderung', 'id': 4, 'deprel': 'obj', 'head': 2}}, {'subject': {'upos': 'PROPN', 'text': 'Kaizen', 'id': 1, 'deprel': 'nsubj', 'head': 2}, 'verb': {'upos': 'VERB', 'text': 'bezeichnet', 'id': 10, 'deprel': 'conj', 'head': 2}, 'object': {'upos': 'NOUN', 'text': 'Lebens', 'id': 14, 'deprel': 'obj', 'head': 10}}, {'subject': {'upos': 'PRON', 'text': 'das', 'id': 24, 'deprel': 'nsubj', 'head': 36}, 'object': {'upos': 'PRON', 'text': 'sich', 'id': 25, 'deprel': 'obj', 'head': 36}, 'verb': {'upos': 'VERB', 'text': 'konzentriert', 'id': 36, 'deprel': 'acl', 'head': 22}}]","['SVO', 'SVO', 'SOV']"
874,"Anschließend besuchte sie die Jawaharlal Nehru University, wo sie Kurse in Deutsch belegte.",2,"[{'verb': {'upos': 'VERB', 'text': 'besuchte', 'id': 2, 'deprel': 'root', 'head': 0}, 'subject': {'upos': 'PRON', 'text': 'sie', 'id': 3, 'deprel': 'nsubj', 'head': 2}, 'object': {'upos': 'PROPN', 'text': 'Jawaharlal', 'id': 5, 'deprel': 'obj', 'head': 2}}, {'subject': {'upos': 'PRON', 'text': 'sie', 'id': 10, 'deprel': 'nsubj', 'head': 14}, 'object': {'upos': 'NOUN', 'text': 'Kurse', 'id': 11, 'deprel': 'obj', 'head': 14}, 'verb': {'upos': 'VERB', 'text': 'belegte', 'id': 14, 'deprel': 'acl', 'head': 5}}]","['VSO', 'SOV']"
63,Armenien behielt unter der Seleukiden-Herrschaft einen beachtlichen Grad an Autonomie und behielt seine einheimischen Herrscher.,2,"[{'subject': {'upos': 'PROPN', 'text': 'Armenien', 'id': 1, 'deprel': 'nsubj', 'head': 2}, 'verb': {'upos': 'VERB', 'text': 'behielt', 'id': 2, 'deprel': 'root', 'head': 0}, 'object': {'upos': 'NOUN', 'text': 'Grad', 'id': 10, 'deprel': 'obj', 'head': 2}}, {'subject': {'upos': 'PROPN', 'text': 'Armenien', 'id': 1, 'deprel': 'nsubj', 'head': 2}, 'verb': {'upos': 'VERB', 'text': 'behielt', 'id': 14, 'deprel': 'conj', 'head': 2}, 'object': {'upos': 'NOUN', 'text': 'Herrscher', 'id': 17, 'deprel': 'obj', 'head': 14}}]","['SVO', 'SVO']"
1624,"Beckerath vermutet, dass Baka, der Grabherr, seinen Vater Radjedef überlebt und für sehr kurze Zeit den Thron bestiegen hat.",2,"[{'subject': {'upos': 'PROPN', 'text': 'Baka', 'id': 5, 'deprel': 'nsubj', 'head': 13}, 'object': {'upos': 'NOUN', 'text': 'Vater', 'id': 11, 'deprel': 'obj', 'head': 13}, 'verb': {'upos': 'VERB', 'text': 'überlebt', 'id': 13, 'deprel': 'ccomp', 'head': 2}}, {'subject': {'upos': 'PROPN', 'text': 'Baka', 'id': 5, 'deprel': 'nsubj', 'head': 13}, 'object': {'upos': 'NOUN', 'text': 'Thron', 'id': 20, 'deprel': 'obj', 'head': 21}, 'verb': {'upos': 'VERB', 'text': 'bestiegen', 'id': 21, 'deprel': 'conj', 'head': 13}}]","['SOV', 'SOV']"
683,"Das Gewehr soll angeblich eine Reichweite von drei Kilometer haben, mit der man sein Ziel angeblich aus dieser Entfernung treffen kann.",2,"[{'subject': {'upos': 'NOUN', 'text': 'Gewehr', 'id': 2, 'deprel': 'nsubj', 'head': 10}, 'object': {'upos': 'NOUN', 'text': 'Reichweite', 'id': 6, 'deprel': 'obj', 'head': 10}, 'verb': {'upos': 'VERB', 'text': 'haben', 'id': 10, 'deprel': 'root', 'head': 0}}, {'subject': {'upos': 'PRON', 'text': 'man', 'id': 14, 'deprel': 'nsubj', 'head': 21}, 'object': {'upos': 'NOUN', 'text': 'Ziel', 'id': 16, 'deprel': 'obj', 'head': 21}, 'verb': {'upos': 'VERB', 'text': 'treffen', 'id': 21, 'deprel': 'acl', 'head': 6}}]","['SOV', 'SOV']"
367,"Das nationale Wappen enthält eine Scheibe, in der sich zwei Drachen um das Rad eines doppelten Vajra drehen.",2,"[{'subject': {'upos': 'NOUN', 'text': 'Wappen', 'id': 3, 'deprel': 'nsubj', 'head': 4}, 'verb': {'upos': 'VERB', 'text': 'enthält', 'id': 4, 'deprel': 'root', 'head': 0}, 'object': {'upos': 'NOUN', 'text': 'Scheibe', 'id': 6, 'deprel': 'obj', 'head': 4}}, {'object': {'upos': 'PRON', 'text': 'sich', 'id': 10, 'deprel': 'obj', 'head': 19}, 'subject': {'upos': 'NOUN', 'text': 'Drachen', 'id': 12, 'deprel': 'nsubj', 'head': 19}, 'verb': {'upos': 'VERB', 'text': 'drehen', 'id': 19, 'deprel': 'acl', 'head': 6}}]","['SVO', 'OSV']"
812,"Das Wort ""Jeep"" entstammt angeblich dem Begriff GP, nachdem Lee Ermey die Theorie widerlegte, dass es sich um die Abkürzung für General Purpose handelt.",2,"[{'subject': {'upos': 'PROPN', 'text': 'Lee', 'id': 13, 'deprel': 'nsubj', 'head': 17}, 'object': {'upos': 'NOUN', 'text': 'Theorie', 'id': 16, 'deprel': 'obj', 'head': 17}, 'verb': {'upos': 'VERB', 'text': 'widerlegte', 'id': 17, 'deprel': 'advcl', 'head': 6}}, {'subject': {'upos': 'PRON', 'text': 'es', 'id': 20, 'deprel': 'nsubj', 'head': 28}, 'object': {'upos': 'PRON', 'text': 'sich', 'id': 21, 'deprel': 'obj', 'head': 28}, 'verb': {'upos': 'VERB', 'text': 'handelt', 'id': 28, 'deprel': 'ccomp', 'head': 17}}]","['SOV', 'SOV']"
1626,"Der Deutsche Fußballbund (DFB) bot dem französischen Verband Unterstützung an, nachdem Frankreich seine Bewerbung für die Ausrichtung der Weltmeisterschaft 2011 zurückgezogen hatte.",2,"[{'subject': {'upos': 'PROPN', 'text': 'Fußballbund', 'id': 3, 'deprel': 'nsubj', 'head': 7}, 'verb': {'upos': 'VERB', 'text': 'bot', 'id': 7, 'deprel': 'root', 'head': 0}, 'object': {'upos': 'NOUN', 'text': 'Unterstützung', 'id': 11, 'deprel': 'obj', 'head': 7}}, {'subject': {'upos': 'PROPN', 'text': 'Frankreich', 'id': 15, 'deprel': 'nsubj', 'head': 24}, 'object': {'upos': 'NOUN', 'text': 'Bewerbung', 'id': 17, 'deprel': 'obj', 'head': 24}, 'verb': {'upos': 'VERB', 'text': 'zurückgezogen', 'id': 24, 'deprel': 'advcl', 'head': 7}}]","['SVO', 'SOV']"
474,Der Generalgouverneur behielt bedeutenden Einfluss auf die Gesetzgebung und besaß ein Vetorecht für jedes eingebrachte Gesetz.,2,"[{'subject': {'upos': 'NOUN', 'text': 'Generalgouverneur', 'id': 2, 'deprel': 'nsubj', 'head': 3}, 'verb': {'upos': 'VERB', 'text': 'behielt', 'id': 3, 'deprel': 'root', 'head': 0}, 'object': {'upos': 'NOUN', 'text': 'Einfluss', 'id': 5, 'deprel': 'obj', 'head': 3}}, {'subject': {'upos': 'NOUN', 'text': 'Generalgouverneur', 'id': 2, 'deprel': 'nsubj', 'head': 3}, 'verb': {'upos': 'VERB', 'text': 'besaß', 'id': 10, 'deprel': 'conj', 'head': 3}, 'object': {'upos': 'NOUN', 'text': 'Vetorecht', 'id': 12, 'deprel': 'obj', 'head': 10}}]","['SVO', 'SVO']"
1963,"Der Massenprotest führte zu einem allgemeinen Aufstand, bei dem Gruppen Aufständischer die Stadt durchstreiften und öffentliche und militärische Einrichtungen unter ihre Kontrolle brachten.",2,"[{'subject': {'upos': 'NOUN', 'text': 'Gruppen', 'id': 11, 'deprel': 'nsubj', 'head': 15}, 'object': {'upos': 'NOUN', 'text': 'Stadt', 'id': 14, 'deprel': 'obj', 'head': 15}, 'verb': {'upos': 'VERB', 'text': 'durchstreiften', 'id': 15, 'deprel': 'acl', 'head': 7}}, {'subject': {'upos': 'NOUN', 'text': 'Gruppen', 'id': 11, 'deprel': 'nsubj', 'head': 15}, 'object': {'upos': 'NOUN', 'text': 'Einrichtungen', 'id': 20, 'deprel': 'obj', 'head': 24}, 'verb': {'upos': 'VERB', 'text': 'brachten', 'id': 24, 'deprel': 'conj', 'head': 15}}]","['SOV', 'SOV']"
1537,"Der Name Konstanz stammt nach Ansicht vieler Forscher von Constantius I., einem römischen Kaiser, der um das Jahr 300 Siege über die Alamannen errungen und die Grenzen des Imperium Romanum an Rhein und Donau noch einmal gesichert hatte.",2,"[{'subject': {'upos': 'PRON', 'text': 'der', 'id': 17, 'deprel': 'nsubj', 'head': 26}, 'object': {'upos': 'NOUN', 'text': 'Siege', 'id': 22, 'deprel': 'obj', 'head': 26}, 'verb': {'upos': 'VERB', 'text': 'errungen', 'id': 26, 'deprel': 'acl', 'head': 15}}, {'subject': {'upos': 'PRON', 'text': 'der', 'id': 17, 'deprel': 'nsubj', 'head': 26}, 'object': {'upos': 'NOUN', 'text': 'Grenzen', 'id': 29, 'deprel': 'obj', 'head': 39}, 'verb': {'upos': 'VERB', 'text': 'gesichert', 'id': 39, 'deprel': 'conj', 'head': 26}}]","['SOV', 'SOV']"
1588,"Die anti-japanischen Widerstandsbewegungen richteten ihre Aufmerksamkeit nach der Kapitulation der Japaner im Zweiten Weltkrieg auf die Briten, die die Kontrolle über die Kolonie Malaya rasch wiedererlangt hatten.",2,"[{'subject': {'upos': 'NOUN', 'text': 'Widerstandsbewegungen', 'id': 5, 'deprel': 'nsubj', 'head': 6}, 'verb': {'upos': 'VERB', 'text': 'richteten', 'id': 6, 'deprel': 'root', 'head': 0}, 'object': {'upos': 'NOUN', 'text': 'Aufmerksamkeit', 'id': 8, 'deprel': 'obj', 'head': 6}}, {'subject': {'upos': 'PRON', 'text': 'die', 'id': 22, 'deprel': 'nsubj', 'head': 30}, 'object': {'upos': 'NOUN', 'text': 'Kontrolle', 'id': 24, 'deprel': 'obj', 'head': 30}, 'verb': {'upos': 'VERB', 'text': 'wiedererlangt', 'id': 30, 'deprel': 'acl', 'head': 20}}]","['SVO', 'SOV']"
676,"Die Christen sollten wahrscheinlich größere Dankbarkeit verspüren, wenn sie Gott verehren.",2,"[{'subject': {'upos': 'NOUN', 'text': 'Christen', 'id': 2, 'deprel': 'nsubj', 'head': 7}, 'object': {'upos': 'NOUN', 'text': 'Dankbarkeit', 'id': 6, 'deprel': 'obj', 'head': 7}, 'verb': {'upos': 'VERB', 'text': 'verspüren', 'id': 7, 'deprel': 'root', 'head': 0}}, {'subject': {'upos': 'PRON', 'text': 'sie', 'id': 10, 'deprel': 'nsubj', 'head': 12}, 'object': {'upos': 'NOUN', 'text': 'Gott', 'id': 11, 'deprel': 'obj', 'head': 12}, 'verb': {'upos': 'VERB', 'text': 'verehren', 'id': 12, 'deprel': 'advcl', 'head': 7}}]","['SOV', 'SOV']"
119,"Die deutsche Presse attackierte Hesse, und er erhielt Hassbriefe.",2,"[{'subject': {'upos': 'NOUN', 'text': 'Presse', 'id': 3, 'deprel': 'nsubj', 'head': 4}, 'verb': {'upos': 'VERB', 'text': 'attackierte', 'id': 4, 'deprel': 'root', 'head': 0}, 'object': {'upos': 'PROPN', 'text': 'Hesse', 'id': 5, 'deprel': 'obj', 'head': 4}}, {'subject': {'upos': 'PRON', 'text': 'er', 'id': 8, 'deprel': 'nsubj', 'head': 9}, 'verb': {'upos': 'VERB', 'text': 'erhielt', 'id': 9, 'deprel': 'conj', 'head': 4}, 'object': {'upos': 'NOUN', 'text': 'Hassbriefe', 'id': 10, 'deprel': 'obj', 'head': 9}}]","['SVO', 'SVO']"
690,Die Einfügung einer Tin Whistle in eine Melodie verändert die ursprüngliche Melodie und gibt ihr eine sehr irische Note.,2,"[{'subject': {'upos': 'NOUN', 'text': 'Einfügung', 'id': 2, 'deprel': 'nsubj', 'head': 9}, 'verb': {'upos': 'VERB', 'text': 'verändert', 'id': 9, 'deprel': 'root', 'head': 0}, 'object': {'upos': 'NOUN', 'text': 'Melodie', 'id': 12, 'deprel': 'obj', 'head': 9}}, {'subject': {'upos': 'NOUN', 'text': 'Einfügung', 'id': 2, 'deprel': 'nsubj', 'head': 9}, 'verb': {'upos': 'VERB', 'text': 'gibt', 'id': 14, 'deprel': 'conj', 'head': 9}, 'object': {'upos': 'NOUN', 'text': 'Note', 'id': 19, 'deprel': 'obj', 'head': 14}}]","['SVO', 'SVO']"
1350,Die Explosion forderte drei Menschenleben und verletzte 264 weitere.,2,"[{'subject': {'upos': 'NOUN', 'text': 'Explosion', 'id': 2, 'deprel': 'nsubj', 'head': 3}, 'verb': {'upos': 'VERB', 'text': 'forderte', 'id': 3, 'deprel': 'root', 'head': 0}, 'object': {'upos': 'NOUN', 'text': 'Menschenleben', 'id': 5, 'deprel': 'obj', 'head': 3}}, {'subject': {'upos': 'NOUN', 'text': 'Explosion', 'id': 2, 'deprel': 'nsubj', 'head': 3}, 'verb': {'upos': 'VERB', 'text': 'verletzte', 'id': 7, 'deprel': 'conj', 'head': 3}, 'object': {'upos': 'NOUN', 'text': 'weitere', 'id': 9, 'deprel': 'obj', 'head': 7}}]","['SVO', 'SVO']"
5,Die feineren Aschepartikel bewirkten Kurzschlüsse in Transformatoren und zogen so Stromausfälle nach sich.,2,"[{'subject': {'upos': 'NOUN', 'text': 'Aschepartikel', 'id': 3, 'deprel': 'nsubj', 'head': 4}, 'verb': {'upos': 'VERB', 'text': 'bewirkten', 'id': 4, 'deprel': 'root', 'head': 0}, 'object': {'upos': 'NOUN', 'text': 'Kurzschlüsse', 'id': 5, 'deprel': 'obj', 'head': 4}}, {'subject': {'upos': 'NOUN', 'text': 'Aschepartikel', 'id': 3, 'deprel': 'nsubj', 'head': 4}, 'verb': {'upos': 'VERB', 'text': 'zogen', 'id': 9, 'deprel': 'conj', 'head': 4}, 'object': {'upos': 'NOUN', 'text': 'Stromausfälle', 'id': 11, 'deprel': 'obj', 'head': 9}}]","['SVO', 'SVO']"
387,"Die Frage bezieht sich auf den Text ""Yoshitomo gelang zwar die Flucht in die Provinz Owari, wurde dort aber von einem Gefolgsmann verraten und getötet.",2,"[{'subject': {'upos': 'NOUN', 'text': 'Frage', 'id': 2, 'deprel': 'nsubj', 'head': 3}, 'verb': {'upos': 'VERB', 'text': 'bezieht', 'id': 3, 'deprel': 'root', 'head': 0}, 'object': {'upos': 'PRON', 'text': 'sich', 'id': 4, 'deprel': 'obj', 'head': 3}}, {'subject': {'upos': 'PROPN', 'text': 'Yoshitomo', 'id': 9, 'deprel': 'nsubj', 'head': 10}, 'verb': {'upos': 'VERB', 'text': 'gelang', 'id': 10, 'deprel': 'parataxis', 'head': 3}, 'object': {'upos': 'NOUN', 'text': 'Flucht', 'id': 13, 'deprel': 'obj', 'head': 10}}]","['SVO', 'SVO']"
967,"Die Friedrich-Naumann-Stiftung für die Freiheit fördert den organisierten Liberalismus durch die Organisation von etwa 1000 Veranstaltungen im Jahr, die sich auf politische Bildung konzentrieren, und durch die Zusammenarbeit mit zehn Landesstiftungen für liberale Politik in den Bundesländern.",2,"[{'subject': {'upos': 'PROPN', 'text': 'Friedrich', 'id': 2, 'deprel': 'nsubj', 'head': 10}, 'verb': {'upos': 'VERB', 'text': 'fördert', 'id': 10, 'deprel': 'root', 'head': 0}, 'object': {'upos': 'NOUN', 'text': 'Liberalismus', 'id': 13, 'deprel': 'obj', 'head': 10}}, {'subject': {'upos': 'PRON', 'text': 'die', 'id': 25, 'deprel': 'nsubj', 'head': 30}, 'object': {'upos': 'PRON', 'text': 'sich', 'id': 26, 'deprel': 'obj', 'head': 30}, 'verb': {'upos': 'VERB', 'text': 'konzentrieren', 'id': 30, 'deprel': 'acl', 'head': 20}}]","['SVO', 'SOV']"
877,"Die höchsten Einstellungen, die Priorität gewinnen, sind diejenigen, die die höchste Router-Priorität besitzen.",2,"[{'subject': {'upos': 'PRON', 'text': 'die', 'id': 5, 'deprel': 'nsubj', 'head': 7}, 'object': {'upos': 'NOUN', 'text': 'Priorität', 'id': 6, 'deprel': 'obj', 'head': 7}, 'verb': {'upos': 'VERB', 'text': 'gewinnen', 'id': 7, 'deprel': 'acl', 'head': 3}}, {'subject': {'upos': 'PRON', 'text': 'die', 'id': 12, 'deprel': 'nsubj', 'head': 18}, 'object': {'upos': 'NOUN', 'text': 'Priorität', 'id': 17, 'deprel': 'obj', 'head': 18}, 'verb': {'upos': 'VERB', 'text': 'besitzen', 'id': 18, 'deprel': 'acl', 'head': 10}}]","['SOV', 'SOV']"
915,"Die holländische Intervention von 1861 folgte ein Jahr später ein Kontrakt mit Niederländisch-Indien, der Delis Unabhängigkeit gegenüber Siak und Aceh stärkte.",2,"[{'subject': {'upos': 'NOUN', 'text': 'Intervention', 'id': 3, 'deprel': 'nsubj', 'head': 6}, 'verb': {'upos': 'VERB', 'text': 'folgte', 'id': 6, 'deprel': 'root', 'head': 0}, 'object': {'upos': 'NOUN', 'text': 'Kontrakt', 'id': 11, 'deprel': 'obj', 'head': 6}}, {'subject': {'upos': 'PRON', 'text': 'der', 'id': 17, 'deprel': 'nsubj', 'head': 24}, 'object': {'upos': 'NOUN', 'text': 'Unabhängigkeit', 'id': 19, 'deprel': 'obj', 'head': 24}, 'verb': {'upos': 'VERB', 'text': 'stärkte', 'id': 24, 'deprel': 'acl', 'head': 11}}]","['SVO', 'SOV']"
1855,Die HomO-Behörde untersuchte die von Einzelnen beklagten Missstände und erfasste Sammelklagen.,2,"[{'subject': {'upos': 'PROPN', 'text': 'HomO', 'id': 2, 'deprel': 'nsubj', 'head': 5}, 'verb': {'upos': 'VERB', 'text': 'untersuchte', 'id': 5, 'deprel': 'root', 'head': 0}, 'object': {'upos': 'NOUN', 'text': 'Missstände', 'id': 10, 'deprel': 'obj', 'head': 5}}, {'subject': {'upos': 'PROPN', 'text': 'HomO', 'id': 2, 'deprel': 'nsubj', 'head': 5}, 'verb': {'upos': 'VERB', 'text': 'erfasste', 'id': 12, 'deprel': 'conj', 'head': 5}, 'object': {'upos': 'NOUN', 'text': 'Sammelklagen', 'id': 13, 'deprel': 'obj', 'head': 12}}]","['SVO', 'SVO']"
1889,"Die NATO, die OSZE und die EU verurteilten das Referendum in Südossetien gemeinsam, weil es die Spannungen in der Region steigere, statt sie zu verringern.",2,"[{'subject': {'upos': 'PROPN', 'text': 'NATO', 'id': 2, 'deprel': 'nsubj', 'head': 9}, 'verb': {'upos': 'VERB', 'text': 'verurteilten', 'id': 9, 'deprel': 'root', 'head': 0}, 'object': {'upos': 'NOUN', 'text': 'Referendum', 'id': 11, 'deprel': 'obj', 'head': 9}}, {'subject': {'upos': 'PRON', 'text': 'es', 'id': 17, 'deprel': 'nsubj', 'head': 23}, 'object': {'upos': 'NOUN', 'text': 'Spannungen', 'id': 19, 'deprel': 'obj', 'head': 23}, 'verb': {'upos': 'VERB', 'text': 'steigere', 'id': 23, 'deprel': 'advcl', 'head': 9}}]","['SVO', 'SOV']"
844,"Die Schleimhäute sind massiv beteiligt, es bilden sich schmerzhafte Blasen im Mund-, Rachen- und Genitalbereich und eine erosive Konjunktivitis, die eine augenärztliche Behandlung notwendig macht.",2,"[{'verb': {'upos': 'VERB', 'text': 'bilden', 'id': 8, 'deprel': 'parataxis', 'head': 5}, 'object': {'upos': 'PRON', 'text': 'sich', 'id': 9, 'deprel': 'obj', 'head': 8}, 'subject': {'upos': 'NOUN', 'text': 'Blasen', 'id': 11, 'deprel': 'nsubj', 'head': 8}}, {'subject': {'upos': 'PRON', 'text': 'die', 'id': 26, 'deprel': 'nsubj', 'head': 31}, 'object': {'upos': 'NOUN', 'text': 'Behandlung', 'id': 29, 'deprel': 'obj', 'head': 31}, 'verb': {'upos': 'VERB', 'text': 'macht', 'id': 31, 'deprel': 'acl', 'head': 24}}]","['VOS', 'SOV']"
1660,Die Schüler machen nach Abschluss der Pflichtschule eine GCSE-Prüfung und bilden sich anschließend für etwa zwei Jahre weiter.,2,"[{'subject': {'upos': 'NOUN', 'text': 'Schüler', 'id': 2, 'deprel': 'nsubj', 'head': 3}, 'verb': {'upos': 'VERB', 'text': 'machen', 'id': 3, 'deprel': 'root', 'head': 0}, 'object': {'upos': 'PROPN', 'text': 'GCSE', 'id': 9, 'deprel': 'obj', 'head': 3}}, {'subject': {'upos': 'NOUN', 'text': 'Schüler', 'id': 2, 'deprel': 'nsubj', 'head': 3}, 'verb': {'upos': 'VERB', 'text': 'bilden', 'id': 13, 'deprel': 'conj', 'head': 3}, 'object': {'upos': 'PRON', 'text': 'sich', 'id': 14, 'deprel': 'obj', 'head': 13}}]","['SVO', 'SVO']"
1133,"Die verfügbaren Informationen enthalten keine Angaben über die Anzahl der Frauen, die pro Jahr eine Harnwegsinfektion (HWI) haben.",2,"[{'subject': {'upos': 'NOUN', 'text': 'Informationen', 'id': 3, 'deprel': 'nsubj', 'head': 4}, 'verb': {'upos': 'VERB', 'text': 'enthalten', 'id': 4, 'deprel': 'root', 'head': 0}, 'object': {'upos': 'NOUN', 'text': 'Angaben', 'id': 6, 'deprel': 'obj', 'head': 4}}, {'subject': {'upos': 'PRON', 'text': 'die', 'id': 13, 'deprel': 'nsubj', 'head': 21}, 'object': {'upos': 'NOUN', 'text': 'Harnwegsinfektion', 'id': 17, 'deprel': 'obj', 'head': 21}, 'verb': {'upos': 'VERB', 'text': 'haben', 'id': 21, 'deprel': 'acl', 'head': 11}}]","['SVO', 'SOV']"
1,"Die Waldbrände wurden nahe dem Vulkan erzeugt, als die umherwirbelnden Aschepartikel durch statische Elektrizität Blitze erzeugten, die ihrerseits Waldbrände verursachten.",2,"[{'subject': {'upos': 'NOUN', 'text': 'Aschepartikel', 'id': 12, 'deprel': 'nsubj', 'head': 17}, 'object': {'upos': 'NOUN', 'text': 'Blitze', 'id': 16, 'deprel': 'obj', 'head': 17}, 'verb': {'upos': 'VERB', 'text': 'erzeugten', 'id': 17, 'deprel': 'advcl', 'head': 7}}, {'subject': {'upos': 'PRON', 'text': 'die', 'id': 19, 'deprel': 'nsubj', 'head': 22}, 'object': {'upos': 'NOUN', 'text': 'Waldbrände', 'id': 21, 'deprel': 'obj', 'head': 22}, 'verb': {'upos': 'VERB', 'text': 'verursachten', 'id': 22, 'deprel': 'acl', 'head': 16}}]","['SOV', 'SOV']"
1551,"Die Whigs unterstützten das Gesetz, während die Tories sich diesem widersetzten.",2,"[{'subject': {'upos': 'NOUN', 'text': 'Whigs', 'id': 2, 'deprel': 'nsubj', 'head': 3}, 'verb': {'upos': 'VERB', 'text': 'unterstützten', 'id': 3, 'deprel': 'root', 'head': 0}, 'object': {'upos': 'NOUN', 'text': 'Gesetz', 'id': 5, 'deprel': 'obj', 'head': 3}}, {'subject': {'upos': 'NOUN', 'text': 'Tories', 'id': 9, 'deprel': 'nsubj', 'head': 12}, 'object': {'upos': 'PRON', 'text': 'sich', 'id': 10, 'deprel': 'obj', 'head': 12}, 'verb': {'upos': 'VERB', 'text': 'widersetzten', 'id': 12, 'deprel': 'advcl', 'head': 3}}]","['SVO', 'SOV']"
260,"Die Yakuza, angeführt von Lady Tanaka, kann Vergeltungsmaßnahmen ergreifen, weil der Punisher, ein ehemaliger Polizeibeamter, innerhalb von fünf Jahren 125 Verbrecher der italienischen Mafia getötet hat.",2,"[{'subject': {'upos': 'PROPN', 'text': 'Yakuza', 'id': 2, 'deprel': 'nsubj', 'head': 11}, 'object': {'upos': 'NOUN', 'text': 'Vergeltungsmaßnahmen', 'id': 10, 'deprel': 'obj', 'head': 11}, 'verb': {'upos': 'VERB', 'text': 'ergreifen', 'id': 11, 'deprel': 'root', 'head': 0}}, {'subject': {'upos': 'PROPN', 'text': 'Punisher', 'id': 15, 'deprel': 'nsubj', 'head': 30}, 'object': {'upos': 'NOUN', 'text': 'Verbrecher', 'id': 26, 'deprel': 'obj', 'head': 30}, 'verb': {'upos': 'VERB', 'text': 'getötet', 'id': 30, 'deprel': 'advcl', 'head': 11}}]","['SOV', 'SOV']"
152,"Die YF-17 absolvierte insgesamt 288 Testflüge, woraus sich 345 Flugstunden ergeben.",2,"[{'subject': {'upos': 'PROPN', 'text': 'YF-17', 'id': 2, 'deprel': 'nsubj', 'head': 3}, 'verb': {'upos': 'VERB', 'text': 'absolvierte', 'id': 3, 'deprel': 'root', 'head': 0}, 'object': {'upos': 'NOUN', 'text': 'Testflüge', 'id': 6, 'deprel': 'obj', 'head': 3}}, {'object': {'upos': 'PRON', 'text': 'sich', 'id': 9, 'deprel': 'obj', 'head': 12}, 'subject': {'upos': 'NOUN', 'text': 'Flugstunden', 'id': 11, 'deprel': 'nsubj', 'head': 12}, 'verb': {'upos': 'VERB', 'text': 'ergeben', 'id': 12, 'deprel': 'acl', 'head': 6}}]","['SVO', 'OSV']"
1256,"Dimebag Darrells Anfrage, in die Band aufgenommen zu werden, wurde abgewiesen, weil die Band gerade erst Schlagzeuger Nick Menza angeheuert hatte und Dimebag die Bedingung gestellt hatte, dass sein Bruder Vinnie Paul Abbott ebenfalls in die Band komme.",2,"[{'subject': {'upos': 'NOUN', 'text': 'Band', 'id': 17, 'deprel': 'nsubj', 'head': 23}, 'object': {'upos': 'NOUN', 'text': 'Schlagzeuger', 'id': 20, 'deprel': 'obj', 'head': 23}, 'verb': {'upos': 'VERB', 'text': 'angeheuert', 'id': 23, 'deprel': 'advcl', 'head': 13}}, {'subject': {'upos': 'PROPN', 'text': 'Dimebag', 'id': 26, 'deprel': 'nsubj', 'head': 29}, 'object': {'upos': 'NOUN', 'text': 'Bedingung', 'id': 28, 'deprel': 'obj', 'head': 29}, 'verb': {'upos': 'VERB', 'text': 'gestellt', 'id': 29, 'deprel': 'conj', 'head': 23}}]","['SOV', 'SOV']"
1997,Drogo führte eine Expedition nach Kalabrien und übergab seiner Bruder Robert Guiskard die Festung bei Scribla.,2,"[{'subject': {'upos': 'PROPN', 'text': 'Drogo', 'id': 1, 'deprel': 'nsubj', 'head': 2}, 'verb': {'upos': 'VERB', 'text': 'führte', 'id': 2, 'deprel': 'root', 'head': 0}, 'object': {'upos': 'NOUN', 'text': 'Expedition', 'id': 4, 'deprel': 'obj', 'head': 2}}, {'subject': {'upos': 'PROPN', 'text': 'Drogo', 'id': 1, 'deprel': 'nsubj', 'head': 2}, 'verb': {'upos': 'VERB', 'text': 'übergab', 'id': 8, 'deprel': 'conj', 'head': 2}, 'object': {'upos': 'NOUN', 'text': 'Festung', 'id': 14, 'deprel': 'obj', 'head': 8}}]","['SVO', 'SVO']"
1266,"Ebner bot nach dem Studium Übersetzungsdienstleistungen an, leitete Sprachkurse und arbeitete in IT-Ausbildungsprojekten.",2,"[{'subject': {'upos': 'PROPN', 'text': 'Ebner', 'id': 1, 'deprel': 'nsubj', 'head': 2}, 'verb': {'upos': 'VERB', 'text': 'bot', 'id': 2, 'deprel': 'root', 'head': 0}, 'object': {'upos': 'NOUN', 'text': 'Übersetzungsdienstleistungen', 'id': 6, 'deprel': 'obj', 'head': 2}}, {'subject': {'upos': 'PROPN', 'text': 'Ebner', 'id': 1, 'deprel': 'nsubj', 'head': 2}, 'verb': {'upos': 'VERB', 'text': 'leitete', 'id': 9, 'deprel': 'conj', 'head': 2}, 'object': {'upos': 'NOUN', 'text': 'Sprachkurse', 'id': 10, 'deprel': 'obj', 'head': 9}}]","['SVO', 'SVO']"
1560,"Ein Sakuru ist ein Dōjin-Gruppe, die sich aus nichtprofessionellen Zeichnern im Selbstverlag zusammensetzt und Mangas herausgibt, ähnlich wie Fanzines.",2,"[{'subject': {'upos': 'PRON', 'text': 'die', 'id': 9, 'deprel': 'nsubj', 'head': 17}, 'object': {'upos': 'PRON', 'text': 'sich', 'id': 10, 'deprel': 'obj', 'head': 17}, 'verb': {'upos': 'VERB', 'text': 'zusammensetzt', 'id': 17, 'deprel': 'acl', 'head': 5}}, {'subject': {'upos': 'PRON', 'text': 'die', 'id': 9, 'deprel': 'nsubj', 'head': 17}, 'object': {'upos': 'NOUN', 'text': 'Mangas', 'id': 19, 'deprel': 'obj', 'head': 20}, 'verb': {'upos': 'VERB', 'text': 'herausgibt', 'id': 20, 'deprel': 'conj', 'head': 17}}]","['SOV', 'SOV']"
870,"Er gab dies zu, als er 1994 ein Interview gab.",2,"[{'subject': {'upos': 'PRON', 'text': 'Er', 'id': 1, 'deprel': 'nsubj', 'head': 2}, 'verb': {'upos': 'VERB', 'text': 'gab', 'id': 2, 'deprel': 'root', 'head': 0}, 'object': {'upos': 'DET', 'text': 'dies', 'id': 3, 'deprel': 'obj', 'head': 2}}, {'subject': {'upos': 'PRON', 'text': 'er', 'id': 7, 'deprel': 'nsubj', 'head': 11}, 'object': {'upos': 'NOUN', 'text': 'Interview', 'id': 10, 'deprel': 'obj', 'head': 11}, 'verb': {'upos': 'VERB', 'text': 'gab', 'id': 11, 'deprel': 'advcl', 'head': 2}}]","['SVO', 'SOV']"
1247,Estoy aquí (Ich bin hier) erreichte Platz eins in den kolumbianischen Charts und zog auch internationale Aufmerksamkeit auf sich.,2,"[{'subject': {'upos': 'PROPN', 'text': 'Estoy', 'id': 1, 'deprel': 'nsubj', 'head': 8}, 'verb': {'upos': 'VERB', 'text': 'erreichte', 'id': 8, 'deprel': 'root', 'head': 0}, 'object': {'upos': 'NOUN', 'text': 'Platz', 'id': 9, 'deprel': 'obj', 'head': 8}}, {'subject': {'upos': 'PROPN', 'text': 'Estoy', 'id': 1, 'deprel': 'nsubj', 'head': 8}, 'verb': {'upos': 'VERB', 'text': 'zog', 'id': 16, 'deprel': 'conj', 'head': 8}, 'object': {'upos': 'NOUN', 'text': 'Aufmerksamkeit', 'id': 19, 'deprel': 'obj', 'head': 16}}]","['SVO', 'SVO']"
277,"Frenchie hatte den Schlüssel, der das Fläschchen mit Christi Blut besorgen konnte, um Valak aufzuhalten.",2,"[{'subject': {'upos': 'PROPN', 'text': 'Frenchie', 'id': 1, 'deprel': 'nsubj', 'head': 2}, 'verb': {'upos': 'VERB', 'text': 'hatte', 'id': 2, 'deprel': 'root', 'head': 0}, 'object': {'upos': 'NOUN', 'text': 'Schlüssel', 'id': 4, 'deprel': 'obj', 'head': 2}}, {'subject': {'upos': 'PRON', 'text': 'der', 'id': 6, 'deprel': 'nsubj', 'head': 12}, 'object': {'upos': 'NOUN', 'text': 'Fläschchen', 'id': 8, 'deprel': 'obj', 'head': 12}, 'verb': {'upos': 'VERB', 'text': 'besorgen', 'id': 12, 'deprel': 'acl', 'head': 4}}]","['SVO', 'SOV']"
1739,Gideon Sundbäck studierte Maschinenbau am Rheinischen Technikum in Bingen und legte 1903 sein Ingenieurexamen ab.,2,"[{'subject': {'upos': 'PROPN', 'text': 'Gideon', 'id': 1, 'deprel': 'nsubj', 'head': 3}, 'verb': {'upos': 'VERB', 'text': 'studierte', 'id': 3, 'deprel': 'root', 'head': 0}, 'object': {'upos': 'NOUN', 'text': 'Maschinenbau', 'id': 4, 'deprel': 'obj', 'head': 3}}, {'subject': {'upos': 'PROPN', 'text': 'Gideon', 'id': 1, 'deprel': 'nsubj', 'head': 3}, 'verb': {'upos': 'VERB', 'text': 'legte', 'id': 12, 'deprel': 'conj', 'head': 3}, 'object': {'upos': 'NOUN', 'text': 'Ingenieurexamen', 'id': 15, 'deprel': 'obj', 'head': 12}}]","['SVO', 'SVO']"
1099,"Holmes und Bell haben gemeinsam, dass sie beide sehr genau beobachten und aus ihren Beobachtungen Schlüsse ziehen.",2,"[{'subject': {'upos': 'PRON', 'text': 'sie', 'id': 8, 'deprel': 'nsubj', 'head': 12}, 'object': {'upos': 'DET', 'text': 'beide', 'id': 9, 'deprel': 'obj', 'head': 12}, 'verb': {'upos': 'VERB', 'text': 'beobachten', 'id': 12, 'deprel': 'ccomp', 'head': 4}}, {'subject': {'upos': 'PRON', 'text': 'sie', 'id': 8, 'deprel': 'nsubj', 'head': 12}, 'object': {'upos': 'NOUN', 'text': 'Schlüsse', 'id': 17, 'deprel': 'obj', 'head': 18}, 'verb': {'upos': 'VERB', 'text': 'ziehen', 'id': 18, 'deprel': 'conj', 'head': 12}}]","['SOV', 'SOV']"
1803,"Im östlichen Teil des Totentempels wurde während der Saïtenzeit-Dynastie ein großes Schachtgrab angelegt, was den Bereich des Tempels stark zerstörte und ihn nur mit Schwierigkeiten zu rekonstruieren ist.",2,"[{'subject': {'upos': 'PRON', 'text': 'was', 'id': 18, 'deprel': 'nsubj', 'head': 24}, 'object': {'upos': 'NOUN', 'text': 'Bereich', 'id': 20, 'deprel': 'obj', 'head': 24}, 'verb': {'upos': 'VERB', 'text': 'zerstörte', 'id': 24, 'deprel': 'acl', 'head': 15}}, {'subject': {'upos': 'PRON', 'text': 'was', 'id': 18, 'deprel': 'nsubj', 'head': 24}, 'object': {'upos': 'PRON', 'text': 'ihn', 'id': 26, 'deprel': 'obj', 'head': 31}, 'verb': {'upos': 'VERB', 'text': 'rekonstruieren', 'id': 31, 'deprel': 'conj', 'head': 24}}]","['SOV', 'SOV']"
1099,"Joseph Bell war ein Chirurg, der seine Patienten sehr genau betrachtete und beobachtete, bevor er Diagnosen stellte.",2,"[{'subject': {'upos': 'PRON', 'text': 'der', 'id': 7, 'deprel': 'nsubj', 'head': 12}, 'object': {'upos': 'NOUN', 'text': 'Patienten', 'id': 9, 'deprel': 'obj', 'head': 12}, 'verb': {'upos': 'VERB', 'text': 'betrachtete', 'id': 12, 'deprel': 'acl', 'head': 5}}, {'subject': {'upos': 'PRON', 'text': 'er', 'id': 17, 'deprel': 'nsubj', 'head': 19}, 'object': {'upos': 'NOUN', 'text': 'Diagnosen', 'id': 18, 'deprel': 'obj', 'head': 19}, 'verb': {'upos': 'VERB', 'text': 'stellte', 'id': 19, 'deprel': 'advcl', 'head': 12}}]","['SOV', 'SOV']"
1477,"Juan Cabre wurde der Erste, der die Felsbilder erforschte und sie der Jungsteinzeit zuordnete.",2,"[{'subject': {'upos': 'PRON', 'text': 'der', 'id': 7, 'deprel': 'nsubj', 'head': 10}, 'object': {'upos': 'NOUN', 'text': 'Felsbilder', 'id': 9, 'deprel': 'obj', 'head': 10}, 'verb': {'upos': 'VERB', 'text': 'erforschte', 'id': 10, 'deprel': 'acl', 'head': 5}}, {'subject': {'upos': 'PRON', 'text': 'der', 'id': 7, 'deprel': 'nsubj', 'head': 10}, 'object': {'upos': 'PRON', 'text': 'sie', 'id': 12, 'deprel': 'obj', 'head': 15}, 'verb': {'upos': 'VERB', 'text': 'zuordnete', 'id': 15, 'deprel': 'conj', 'head': 10}}]","['SOV', 'SOV']"
438,"Kang will die Nuklearwaffen der Vereinigten Staaten in die Luft sprengen, indem er die Zugangscodes, die sich im Besitz von drei Regierungsmitgliedern befinden, erlangt.",2,"[{'subject': {'upos': 'PROPN', 'text': 'Kang', 'id': 1, 'deprel': 'nsubj', 'head': 11}, 'object': {'upos': 'NOUN', 'text': 'Nuklearwaffen', 'id': 4, 'deprel': 'obj', 'head': 11}, 'verb': {'upos': 'VERB', 'text': 'sprengen', 'id': 11, 'deprel': 'root', 'head': 0}}, {'subject': {'upos': 'PRON', 'text': 'er', 'id': 14, 'deprel': 'nsubj', 'head': 28}, 'object': {'upos': 'NOUN', 'text': 'Zugangscodes', 'id': 16, 'deprel': 'obj', 'head': 28}, 'verb': {'upos': 'VERB', 'text': 'erlangt', 'id': 28, 'deprel': 'conj', 'head': 11}}]","['SOV', 'SOV']"
870,"Khan gestand, dass er gelegentlich die Seite des Balls aufgeraut und die Naht angehoben hat, während Test Matches.",2,"[{'subject': {'upos': 'PRON', 'text': 'er', 'id': 5, 'deprel': 'nsubj', 'head': 11}, 'object': {'upos': 'NOUN', 'text': 'Seite', 'id': 8, 'deprel': 'obj', 'head': 11}, 'verb': {'upos': 'VERB', 'text': 'aufgeraut', 'id': 11, 'deprel': 'ccomp', 'head': 2}}, {'object': {'upos': 'NOUN', 'text': 'Naht', 'id': 14, 'deprel': 'obj', 'head': 15}, 'verb': {'upos': 'VERB', 'text': 'angehoben', 'id': 15, 'deprel': 'conj', 'head': 11}, 'subject': {'upos': 'PROPN', 'text': 'Test', 'id': 19, 'deprel': 'nsubj', 'head': 15}}]","['SOV', 'OVS']"
430,"Krishna behielt seine außerirdischen Kräfte für sich, damit seine Großmutter ihn gehen ließ.",2,"[{'subject': {'upos': 'PROPN', 'text': 'Krishna', 'id': 1, 'deprel': 'nsubj', 'head': 2}, 'verb': {'upos': 'VERB', 'text': 'behielt', 'id': 2, 'deprel': 'root', 'head': 0}, 'object': {'upos': 'NOUN', 'text': 'Kräfte', 'id': 5, 'deprel': 'obj', 'head': 2}}, {'subject': {'upos': 'NOUN', 'text': 'Großmutter', 'id': 11, 'deprel': 'nsubj', 'head': 14}, 'object': {'upos': 'PRON', 'text': 'ihn', 'id': 12, 'deprel': 'obj', 'head': 14}, 'verb': {'upos': 'VERB', 'text': 'ließ', 'id': 14, 'deprel': 'advcl', 'head': 2}}]","['SVO', 'SOV']"
1722,"Lon Nol behielt das Amt des Premierministers und des Verteidigungsministers bei, obwohl er das Amt des Staatschefs verlor.",2,"[{'subject': {'upos': 'PROPN', 'text': 'Lon', 'id': 1, 'deprel': 'nsubj', 'head': 3}, 'verb': {'upos': 'VERB', 'text': 'behielt', 'id': 3, 'deprel': 'root', 'head': 0}, 'object': {'upos': 'NOUN', 'text': 'Amt', 'id': 5, 'deprel': 'obj', 'head': 3}}, {'subject': {'upos': 'PRON', 'text': 'er', 'id': 14, 'deprel': 'nsubj', 'head': 19}, 'object': {'upos': 'NOUN', 'text': 'Amt', 'id': 16, 'deprel': 'obj', 'head': 19}, 'verb': {'upos': 'VERB', 'text': 'verlor', 'id': 19, 'deprel': 'advcl', 'head': 3}}]","['SVO', 'SOV']"
874,"Maneka Gandhi erhielt ihre Ausbildung an der Lawrence School in Delhi und am Lady Shri Ram College, wo sie 1973 einen Schönheitswettbewerb gewann.",2,"[{'subject': {'upos': 'PROPN', 'text': 'Maneka', 'id': 1, 'deprel': 'nsubj', 'head': 3}, 'verb': {'upos': 'VERB', 'text': 'erhielt', 'id': 3, 'deprel': 'root', 'head': 0}, 'object': {'upos': 'NOUN', 'text': 'Ausbildung', 'id': 5, 'deprel': 'obj', 'head': 3}}, {'subject': {'upos': 'PRON', 'text': 'sie', 'id': 21, 'deprel': 'nsubj', 'head': 25}, 'object': {'upos': 'NOUN', 'text': 'Schönheitswettbewerb', 'id': 24, 'deprel': 'obj', 'head': 25}, 'verb': {'upos': 'VERB', 'text': 'gewann', 'id': 25, 'deprel': 'acl', 'head': 15}}]","['SVO', 'SOV']"
553,"Marga Faulstich verbrachte die folgenden Jahre mit Reisen in alle Welt, hielt aber auch immer noch Vorträge und Referate auf Glas-Kongressen.",2,"[{'subject': {'upos': 'PROPN', 'text': 'Marga', 'id': 1, 'deprel': 'nsubj', 'head': 3}, 'verb': {'upos': 'VERB', 'text': 'verbrachte', 'id': 3, 'deprel': 'root', 'head': 0}, 'object': {'upos': 'NOUN', 'text': 'Jahre', 'id': 6, 'deprel': 'obj', 'head': 3}}, {'subject': {'upos': 'PROPN', 'text': 'Marga', 'id': 1, 'deprel': 'nsubj', 'head': 3}, 'verb': {'upos': 'VERB', 'text': 'hielt', 'id': 13, 'deprel': 'conj', 'head': 3}, 'object': {'upos': 'NOUN', 'text': 'Vorträge', 'id': 18, 'deprel': 'obj', 'head': 13}}]","['SVO', 'SVO']"
1550,"Maria von Modena, der neuen Herzogin von York, misstrauten viele Engländer, da sie sie als eine Agentin des Papstes betrachteten.",2,"[{'subject': {'upos': 'PROPN', 'text': 'Maria', 'id': 1, 'deprel': 'nsubj', 'head': 11}, 'verb': {'upos': 'VERB', 'text': 'misstrauten', 'id': 11, 'deprel': 'root', 'head': 0}, 'object': {'upos': 'NOUN', 'text': 'Engländer', 'id': 13, 'deprel': 'obj', 'head': 11}}, {'subject': {'upos': 'PRON', 'text': 'sie', 'id': 16, 'deprel': 'nsubj', 'head': 23}, 'object': {'upos': 'PRON', 'text': 'sie', 'id': 17, 'deprel': 'obj', 'head': 23}, 'verb': {'upos': 'VERB', 'text': 'betrachteten', 'id': 23, 'deprel': 'advcl', 'head': 11}}]","['SVO', 'SOV']"
1593,"Millionen von Menschen verließen die Britischen Inseln und bildeten die Grundlage von Siedlerstaaten wie den USA, Kanada, Australien und Neuseeland.",2,"[{'subject': {'upos': 'NOUN', 'text': 'Millionen', 'id': 1, 'deprel': 'nsubj', 'head': 4}, 'verb': {'upos': 'VERB', 'text': 'verließen', 'id': 4, 'deprel': 'root', 'head': 0}, 'object': {'upos': 'PROPN', 'text': 'Inseln', 'id': 7, 'deprel': 'obj', 'head': 4}}, {'subject': {'upos': 'NOUN', 'text': 'Millionen', 'id': 1, 'deprel': 'nsubj', 'head': 4}, 'verb': {'upos': 'VERB', 'text': 'bildeten', 'id': 9, 'deprel': 'conj', 'head': 4}, 'object': {'upos': 'NOUN', 'text': 'Grundlage', 'id': 11, 'deprel': 'obj', 'head': 9}}]","['SVO', 'SVO']"
1342,Mississippi hatte die höchste Wahlbeteiligung unter der schwarzen Bevölkerung (74 %) und führte die Nation an in der Zahl der gewählten schwarzen Amtsträger im Jahr 1965.,2,"[{'subject': {'upos': 'PROPN', 'text': 'Mississippi', 'id': 1, 'deprel': 'nsubj', 'head': 2}, 'verb': {'upos': 'VERB', 'text': 'hatte', 'id': 2, 'deprel': 'root', 'head': 0}, 'object': {'upos': 'NOUN', 'text': 'Wahlbeteiligung', 'id': 5, 'deprel': 'obj', 'head': 2}}, {'subject': {'upos': 'PROPN', 'text': 'Mississippi', 'id': 1, 'deprel': 'nsubj', 'head': 2}, 'verb': {'upos': 'VERB', 'text': 'führte', 'id': 15, 'deprel': 'conj', 'head': 2}, 'object': {'upos': 'NOUN', 'text': 'Nation', 'id': 17, 'deprel': 'obj', 'head': 15}}]","['SVO', 'SVO']"
1622,"Nach dem Zweiten Weltkrieg verhinderten ökonomische Fragen die Vollendung der Nord-Süd-Verbindung in Ostafrika, obwohl das Britische Empire die politische Macht dazu besaß.",2,"[{'verb': {'upos': 'VERB', 'text': 'verhinderten', 'id': 5, 'deprel': 'root', 'head': 0}, 'subject': {'upos': 'NOUN', 'text': 'Fragen', 'id': 7, 'deprel': 'nsubj', 'head': 5}, 'object': {'upos': 'NOUN', 'text': 'Vollendung', 'id': 9, 'deprel': 'obj', 'head': 5}}, {'subject': {'upos': 'PROPN', 'text': 'Empire', 'id': 22, 'deprel': 'nsubj', 'head': 27}, 'object': {'upos': 'NOUN', 'text': 'Macht', 'id': 25, 'deprel': 'obj', 'head': 27}, 'verb': {'upos': 'VERB', 'text': 'besaß', 'id': 27, 'deprel': 'advcl', 'head': 5}}]","['VSO', 'SOV']"
1246,"Shakira nahm sich eine Auszeit nach ihrem zweiten Studioalbum, weil es floppte und sie weniger als 1000 verkauften Kopien erreichte.",2,"[{'subject': {'upos': 'PROPN', 'text': 'Shakira', 'id': 1, 'deprel': 'nsubj', 'head': 2}, 'verb': {'upos': 'VERB', 'text': 'nahm', 'id': 2, 'deprel': 'root', 'head': 0}, 'object': {'upos': 'PRON', 'text': 'sich', 'id': 3, 'deprel': 'obj', 'head': 2}}, {'subject': {'upos': 'PRON', 'text': 'sie', 'id': 15, 'deprel': 'nsubj', 'head': 21}, 'object': {'upos': 'NOUN', 'text': 'Kopien', 'id': 20, 'deprel': 'obj', 'head': 21}, 'verb': {'upos': 'VERB', 'text': 'erreichte', 'id': 21, 'deprel': 'conj', 'head': 13}}]","['SVO', 'SOV']"
838,"Sie beraubte sich für den Rest ihres Lebens des Sehens, indem sie eine Augenbinde trug.",2,"[{'subject': {'upos': 'PRON', 'text': 'Sie', 'id': 1, 'deprel': 'nsubj', 'head': 2}, 'verb': {'upos': 'VERB', 'text': 'beraubte', 'id': 2, 'deprel': 'root', 'head': 0}, 'object': {'upos': 'PRON', 'text': 'sich', 'id': 3, 'deprel': 'obj', 'head': 2}}, {'subject': {'upos': 'PRON', 'text': 'sie', 'id': 13, 'deprel': 'nsubj', 'head': 16}, 'object': {'upos': 'NOUN', 'text': 'Augenbinde', 'id': 15, 'deprel': 'obj', 'head': 16}, 'verb': {'upos': 'VERB', 'text': 'trug', 'id': 16, 'deprel': 'advcl', 'head': 2}}]","['SVO', 'SOV']"
1075,"Stallman gründete 1983 das GNU-Projekt mit dem Ziel, ein unixähnliches Betriebssystem zu schaffen, welches sicherstellt, dass die Benutzer die Vier Freiheiten haben.",2,"[{'subject': {'upos': 'PROPN', 'text': 'Stallman', 'id': 1, 'deprel': 'nsubj', 'head': 2}, 'verb': {'upos': 'VERB', 'text': 'gründete', 'id': 2, 'deprel': 'root', 'head': 0}, 'object': {'upos': 'PROPN', 'text': 'GNU', 'id': 5, 'deprel': 'obj', 'head': 2}}, {'subject': {'upos': 'NOUN', 'text': 'Benutzer', 'id': 23, 'deprel': 'nsubj', 'head': 27}, 'object': {'upos': 'NOUN', 'text': 'Freiheiten', 'id': 26, 'deprel': 'obj', 'head': 27}, 'verb': {'upos': 'VERB', 'text': 'haben', 'id': 27, 'deprel': 'ccomp', 'head': 19}}]","['SVO', 'SOV']"
1074,"Stallman startete eine Kampagne gegen proprietäre Software, die Nutzern die Freiheitsrechte entzieht.",2,"[{'subject': {'upos': 'PROPN', 'text': 'Stallman', 'id': 1, 'deprel': 'nsubj', 'head': 2}, 'verb': {'upos': 'VERB', 'text': 'startete', 'id': 2, 'deprel': 'root', 'head': 0}, 'object': {'upos': 'NOUN', 'text': 'Kampagne', 'id': 4, 'deprel': 'obj', 'head': 2}}, {'subject': {'upos': 'PRON', 'text': 'die', 'id': 9, 'deprel': 'nsubj', 'head': 13}, 'object': {'upos': 'NOUN', 'text': 'Freiheitsrechte', 'id': 12, 'deprel': 'obj', 'head': 13}, 'verb': {'upos': 'VERB', 'text': 'entzieht', 'id': 13, 'deprel': 'acl', 'head': 7}}]","['SVO', 'SOV']"
144,Thrasybulos eroberte Byzantion (Istanbul) und führte eine Zollgebühr für die Durchquerung der Dardanellen ein.,2,"[{'subject': {'upos': 'PROPN', 'text': 'Thrasybulos', 'id': 1, 'deprel': 'nsubj', 'head': 2}, 'verb': {'upos': 'VERB', 'text': 'eroberte', 'id': 2, 'deprel': 'root', 'head': 0}, 'object': {'upos': 'PROPN', 'text': 'Byzantion', 'id': 3, 'deprel': 'obj', 'head': 2}}, {'subject': {'upos': 'PROPN', 'text': 'Thrasybulos', 'id': 1, 'deprel': 'nsubj', 'head': 2}, 'verb': {'upos': 'VERB', 'text': 'führte', 'id': 8, 'deprel': 'conj', 'head': 2}, 'object': {'upos': 'NOUN', 'text': 'Zollgebühr', 'id': 10, 'deprel': 'obj', 'head': 8}}]","['SVO', 'SVO']"
1994,Tornikios übernahm nach der ersten Schlacht selbst das Kommando und führte seine Truppen in eine zweite Schlacht in der Nähe von Civita.,2,"[{'subject': {'upos': 'PROPN', 'text': 'Tornikios', 'id': 1, 'deprel': 'nsubj', 'head': 2}, 'verb': {'upos': 'VERB', 'text': 'übernahm', 'id': 2, 'deprel': 'root', 'head': 0}, 'object': {'upos': 'NOUN', 'text': 'Kommando', 'id': 9, 'deprel': 'obj', 'head': 2}}, {'subject': {'upos': 'PROPN', 'text': 'Tornikios', 'id': 1, 'deprel': 'nsubj', 'head': 2}, 'verb': {'upos': 'VERB', 'text': 'führte', 'id': 11, 'deprel': 'conj', 'head': 2}, 'object': {'upos': 'NOUN', 'text': 'Truppen', 'id': 13, 'deprel': 'obj', 'head': 11}}]","['SVO', 'SVO']"
125,"Vologaeses einigte sich mit den aufständischen Hyrkaniern und berief eine Versammlung ein, auf der Trdat als armenischen König gekrönt wurde.",2,"[{'subject': {'upos': 'PROPN', 'text': 'Vologaeses', 'id': 1, 'deprel': 'nsubj', 'head': 2}, 'verb': {'upos': 'VERB', 'text': 'einigte', 'id': 2, 'deprel': 'root', 'head': 0}, 'object': {'upos': 'PRON', 'text': 'sich', 'id': 3, 'deprel': 'obj', 'head': 2}}, {'subject': {'upos': 'PROPN', 'text': 'Vologaeses', 'id': 1, 'deprel': 'nsubj', 'head': 2}, 'verb': {'upos': 'VERB', 'text': 'berief', 'id': 9, 'deprel': 'conj', 'head': 2}, 'object': {'upos': 'NOUN', 'text': 'Versammlung', 'id': 11, 'deprel': 'obj', 'head': 9}}]","['SVO', 'SVO']"
971,1855 eröffnete Siemens eine Zweigniederlassung in St.,1,"[{'verb': {'upos': 'VERB', 'text': 'eröffnete', 'id': 2, 'deprel': 'root', 'head': 0}, 'subject': {'upos': 'PROPN', 'text': 'Siemens', 'id': 3, 'deprel': 'nsubj', 'head': 2}, 'object': {'upos': 'NOUN', 'text': 'Zweigniederlassung', 'id': 5, 'deprel': 'obj', 'head': 2}}]",['VSO']
1403,288.563 GWh erzeugten die Anlagen in Spanien im Jahr 2010.,1,"[{'object': {'upos': 'NOUN', 'text': 'GWh', 'id': 2, 'deprel': 'obj', 'head': 3}, 'verb': {'upos': 'VERB', 'text': 'erzeugten', 'id': 3, 'deprel': 'root', 'head': 0}, 'subject': {'upos': 'NOUN', 'text': 'Anlagen', 'id': 5, 'deprel': 'nsubj', 'head': 3}}]",['OVS']
636,"83,2 Prozent der Bevölkerung Odishas spricht Oriya als Muttersprache.",1,"[{'subject': {'upos': 'NOUN', 'text': 'Prozent', 'id': 2, 'deprel': 'nsubj', 'head': 6}, 'verb': {'upos': 'VERB', 'text': 'spricht', 'id': 6, 'deprel': 'root', 'head': 0}, 'object': {'upos': 'PROPN', 'text': 'Oriya', 'id': 7, 'deprel': 'obj', 'head': 6}}]",['SVO']
160,"98,83 % der Einwohner der Provinz Nong Khai unterstützten den Vorschlag bei einer Volksbefragung.",1,"[{'subject': {'upos': 'NOUN', 'text': '%', 'id': 2, 'deprel': 'nsubj', 'head': 9}, 'verb': {'upos': 'VERB', 'text': 'unterstützten', 'id': 9, 'deprel': 'root', 'head': 0}, 'object': {'upos': 'NOUN', 'text': 'Vorschlag', 'id': 11, 'deprel': 'obj', 'head': 9}}]",['SVO']
1460,"Adam Sandler spielte 1995 in dem Film ""Billy Madison – Ein Chaot zum Verlieben"" eine Rolle.",1,"[{'subject': {'upos': 'PROPN', 'text': 'Adam', 'id': 1, 'deprel': 'nsubj', 'head': 3}, 'verb': {'upos': 'VERB', 'text': 'spielte', 'id': 3, 'deprel': 'root', 'head': 0}, 'object': {'upos': 'NOUN', 'text': 'Rolle', 'id': 19, 'deprel': 'obj', 'head': 3}}]",['SVO']
138,Al-Afdal lagerte in der Ebene von al-Majdal in einem Tal außerhalb Askalons und bereitete sich auf den Weitermarsch und die Belagerung vor.,1,"[{'subject': {'upos': 'PROPN', 'text': 'Al', 'id': 1, 'deprel': 'nsubj', 'head': 4}, 'verb': {'upos': 'VERB', 'text': 'bereitete', 'id': 18, 'deprel': 'conj', 'head': 4}, 'object': {'upos': 'PRON', 'text': 'sich', 'id': 19, 'deprel': 'obj', 'head': 18}}]",['SVO']
1845,Albert Lasker Award for Basic Medical Research teilte Albert Lasker zusammen mit Elizabeth Blackburn und Jack Szostak.,1,"[{'subject': {'upos': 'PROPN', 'text': 'Albert', 'id': 1, 'deprel': 'nsubj', 'head': 8}, 'verb': {'upos': 'VERB', 'text': 'teilte', 'id': 8, 'deprel': 'root', 'head': 0}, 'object': {'upos': 'PROPN', 'text': 'Albert', 'id': 9, 'deprel': 'obj', 'head': 8}}]",['SVO']
733,Aleksander Wolszczan entdeckte PSR B1257+12 im Jahr 1990.,1,"[{'subject': {'upos': 'PROPN', 'text': 'Aleksander', 'id': 1, 'deprel': 'nsubj', 'head': 3}, 'verb': {'upos': 'VERB', 'text': 'entdeckte', 'id': 3, 'deprel': 'root', 'head': 0}, 'object': {'upos': 'PROPN', 'text': 'PSR', 'id': 4, 'deprel': 'obj', 'head': 3}}]",['SVO']
720,"Alice wurde wieder zu ihrer normalen Größe gelangen, indem sie von einer Raupe geholfen wurde, die ihre Normalgröße erlangen half.",1,"[{'subject': {'upos': 'PRON', 'text': 'die', 'id': 18, 'deprel': 'nsubj', 'head': 22}, 'object': {'upos': 'NOUN', 'text': 'Normalgröße', 'id': 20, 'deprel': 'obj', 'head': 22}, 'verb': {'upos': 'VERB', 'text': 'half', 'id': 22, 'deprel': 'acl', 'head': 14}}]",['SOV']
142,"Alkibiades lockte die spartanische Flotte aus dem Hafen, um sie dann an einem nahegelegenen Strand zu besiegen.",1,"[{'subject': {'upos': 'PROPN', 'text': 'Alkibiades', 'id': 1, 'deprel': 'nsubj', 'head': 2}, 'verb': {'upos': 'VERB', 'text': 'lockte', 'id': 2, 'deprel': 'root', 'head': 0}, 'object': {'upos': 'NOUN', 'text': 'Flotte', 'id': 5, 'deprel': 'obj', 'head': 2}}]",['SVO']
869,"Allan Lamb und Ian Botham behaupteten, dass Khan den Ball manipuliert hätte.",1,"[{'subject': {'upos': 'PROPN', 'text': 'Khan', 'id': 9, 'deprel': 'nsubj', 'head': 12}, 'object': {'upos': 'NOUN', 'text': 'Ball', 'id': 11, 'deprel': 'obj', 'head': 12}, 'verb': {'upos': 'VERB', 'text': 'manipuliert', 'id': 12, 'deprel': 'ccomp', 'head': 6}}]",['SOV']
813,Allen hat die WWF World Tag Team Championship zweimal mit Jim Neidhart gewonnen.,1,"[{'subject': {'upos': 'DET', 'text': 'Allen', 'id': 1, 'deprel': 'nsubj', 'head': 13}, 'object': {'upos': 'PROPN', 'text': 'WWF', 'id': 4, 'deprel': 'obj', 'head': 13}, 'verb': {'upos': 'VERB', 'text': 'gewonnen', 'id': 13, 'deprel': 'root', 'head': 0}}]",['SOV']
165,Als erfüllt betrachtete die Mehrheit der Kreuzfahrer nach dem Sieg ihr Kreuzzugsgelübde.,1,"[{'verb': {'upos': 'VERB', 'text': 'betrachtete', 'id': 3, 'deprel': 'root', 'head': 0}, 'subject': {'upos': 'NOUN', 'text': 'Mehrheit', 'id': 5, 'deprel': 'nsubj', 'head': 3}, 'object': {'upos': 'NOUN', 'text': 'Kreuzzugsgelübde', 'id': 12, 'deprel': 'obj', 'head': 3}}]",['VSO']
1672,Ambrosius taufte Augustinus zusammen mit seinem Sohn Adeodatus und seinem Freund Alypius in Mailand während der Osternacht 387.,1,"[{'subject': {'upos': 'PROPN', 'text': 'Ambrosius', 'id': 1, 'deprel': 'nsubj', 'head': 2}, 'verb': {'upos': 'VERB', 'text': 'taufte', 'id': 2, 'deprel': 'root', 'head': 0}, 'object': {'upos': 'PROPN', 'text': 'Augustinus', 'id': 3, 'deprel': 'obj', 'head': 2}}]",['SVO']
647,Anatomische Defekte stellen eine Verbindung zwischen der äußeren Umgebung und dem Nervensystem her.,1,"[{'subject': {'upos': 'NOUN', 'text': 'Defekte', 'id': 2, 'deprel': 'nsubj', 'head': 3}, 'verb': {'upos': 'VERB', 'text': 'stellen', 'id': 3, 'deprel': 'root', 'head': 0}, 'object': {'upos': 'NOUN', 'text': 'Verbindung', 'id': 5, 'deprel': 'obj', 'head': 3}}]",['SVO']
1307,"Anita Desai veröffentlichte ihr erstes Buch ""Cry, the Peacock"" im Jahre 1963.",1,"[{'subject': {'upos': 'PROPN', 'text': 'Anita', 'id': 1, 'deprel': 'nsubj', 'head': 3}, 'verb': {'upos': 'VERB', 'text': 'veröffentlichte', 'id': 3, 'deprel': 'root', 'head': 0}, 'object': {'upos': 'NOUN', 'text': 'Buch', 'id': 6, 'deprel': 'obj', 'head': 3}}]",['SVO']
1399,Antarktika weist die niedrigste Durchschnittstemperatur auf.,1,"[{'subject': {'upos': 'PROPN', 'text': 'Antarktika', 'id': 1, 'deprel': 'nsubj', 'head': 2}, 'verb': {'upos': 'VERB', 'text': 'weist', 'id': 2, 'deprel': 'root', 'head': 0}, 'object': {'upos': 'NOUN', 'text': 'Durchschnittstemperatur', 'id': 5, 'deprel': 'obj', 'head': 2}}]",['SVO']
1628,Argentinien schoss 0 Tore bei der Niederlage gegen Deutschland.,1,"[{'subject': {'upos': 'PROPN', 'text': 'Argentinien', 'id': 1, 'deprel': 'nsubj', 'head': 2}, 'verb': {'upos': 'VERB', 'text': 'schoss', 'id': 2, 'deprel': 'root', 'head': 0}, 'object': {'upos': 'NOUN', 'text': 'Tore', 'id': 4, 'deprel': 'obj', 'head': 2}}]",['SVO']
851,"Atkinson hat insgesamt vier Kinder: Benjamin, Lily, Isla und einen Sohn, dessen Name nicht genannt wird.",1,"[{'subject': {'upos': 'PROPN', 'text': 'Atkinson', 'id': 1, 'deprel': 'nsubj', 'head': 2}, 'verb': {'upos': 'VERB', 'text': 'hat', 'id': 2, 'deprel': 'root', 'head': 0}, 'object': {'upos': 'NOUN', 'text': 'Kinder', 'id': 5, 'deprel': 'obj', 'head': 2}}]",['SVO']
1594,Audouin Dollfus identifizierte Janus am 15.,1,"[{'subject': {'upos': 'PROPN', 'text': 'Audouin', 'id': 1, 'deprel': 'nsubj', 'head': 3}, 'verb': {'upos': 'VERB', 'text': 'identifizierte', 'id': 3, 'deprel': 'root', 'head': 0}, 'object': {'upos': 'PROPN', 'text': 'Janus', 'id': 4, 'deprel': 'obj', 'head': 3}}]",['SVO']
1444,"Außerdem erhielt er einen Oscar in der Kategorie ""Beste visuelle Effekte"" und war weiterhin nominiert für ""Bester Ton"", ""Bester Tonschnitt"" und ""Bestes Szenenbild"".",1,"[{'verb': {'upos': 'VERB', 'text': 'erhielt', 'id': 2, 'deprel': 'root', 'head': 0}, 'subject': {'upos': 'PRON', 'text': 'er', 'id': 3, 'deprel': 'nsubj', 'head': 2}, 'object': {'upos': 'PROPN', 'text': 'Oscar', 'id': 5, 'deprel': 'obj', 'head': 2}}]",['VSO']
968,"Außerdem hat sie Regionalbüros in den Regionen Mittel-, Ost- und Südeuropa, Mittelmeerländer, Lateinamerika, Afrika, Südasien sowie Südost- und Ostasien.",1,"[{'verb': {'upos': 'VERB', 'text': 'hat', 'id': 2, 'deprel': 'root', 'head': 0}, 'subject': {'upos': 'PRON', 'text': 'sie', 'id': 3, 'deprel': 'nsubj', 'head': 2}, 'object': {'upos': 'NOUN', 'text': 'Regionalbüros', 'id': 4, 'deprel': 'obj', 'head': 2}}]",['VSO']
1783,Australien besiegte Neuseeland mit 2:0 und 4:1.,1,"[{'subject': {'upos': 'PROPN', 'text': 'Australien', 'id': 1, 'deprel': 'nsubj', 'head': 2}, 'verb': {'upos': 'VERB', 'text': 'besiegte', 'id': 2, 'deprel': 'root', 'head': 0}, 'object': {'upos': 'PROPN', 'text': 'Neuseeland', 'id': 3, 'deprel': 'obj', 'head': 2}}]",['SVO']
1744,Australien hat seit Jahren eine defizitäre Leistungsbilanz.,1,"[{'subject': {'upos': 'PROPN', 'text': 'Australien', 'id': 1, 'deprel': 'nsubj', 'head': 2}, 'verb': {'upos': 'VERB', 'text': 'hat', 'id': 2, 'deprel': 'root', 'head': 0}, 'object': {'upos': 'NOUN', 'text': 'Leistungsbilanz', 'id': 7, 'deprel': 'obj', 'head': 2}}]",['SVO']
1422,"Bärenmakis erreichen ein Gewicht von etwa 0,3 bis 0,5 Kilogramm.",1,"[{'subject': {'upos': 'PROPN', 'text': 'Bärenmakis', 'id': 1, 'deprel': 'nsubj', 'head': 2}, 'verb': {'upos': 'VERB', 'text': 'erreichen', 'id': 2, 'deprel': 'root', 'head': 0}, 'object': {'upos': 'NOUN', 'text': 'Gewicht', 'id': 4, 'deprel': 'obj', 'head': 2}}]",['SVO']
504,"Bayramov begann Mitte der 70er Jahre das Projekt ""Kulturelle Persönlichkeiten"" an.",1,"[{'subject': {'upos': 'PROPN', 'text': 'Bayramov', 'id': 1, 'deprel': 'nsubj', 'head': 2}, 'verb': {'upos': 'VERB', 'text': 'begann', 'id': 2, 'deprel': 'root', 'head': 0}, 'object': {'upos': 'NOUN', 'text': 'Projekt', 'id': 8, 'deprel': 'obj', 'head': 2}}]",['SVO']
506,"Bayramov komponierte sein tiefgreifendstes Meisterwerk, ""Goldener Schleier"", von 1985 bis 2001.",1,"[{'subject': {'upos': 'PROPN', 'text': 'Bayramov', 'id': 1, 'deprel': 'nsubj', 'head': 2}, 'verb': {'upos': 'VERB', 'text': 'komponierte', 'id': 2, 'deprel': 'root', 'head': 0}, 'object': {'upos': 'NOUN', 'text': 'Meisterwerk', 'id': 5, 'deprel': 'obj', 'head': 2}}]",['SVO']
505,Bayramov wurde im Jahre 1984 den Laureate Diplom für den Wettbewerb zum 60-jährigen Bestehen der Turkmenischen SSR und der Kommunistischen Partei der TuSSR zugesprochen.,1,"[{'subject': {'upos': 'PROPN', 'text': 'Bayramov', 'id': 1, 'deprel': 'nsubj:pass', 'head': 28}, 'object': {'upos': 'PROPN', 'text': 'Laureate', 'id': 8, 'deprel': 'obj', 'head': 28}, 'verb': {'upos': 'VERB', 'text': 'zugesprochen', 'id': 28, 'deprel': 'root', 'head': 0}}]",['SOV']
1033,Beowulf bekämpft übernatürliche Wesen und Untiere.,1,"[{'subject': {'upos': 'PROPN', 'text': 'Beowulf', 'id': 1, 'deprel': 'nsubj', 'head': 2}, 'verb': {'upos': 'VERB', 'text': 'bekämpft', 'id': 2, 'deprel': 'root', 'head': 0}, 'object': {'upos': 'NOUN', 'text': 'Wesen', 'id': 4, 'deprel': 'obj', 'head': 2}}]",['SVO']
1032,Beowulf erschlägt den feuerspeienden Drachen vor seinem Tod.,1,"[{'subject': {'upos': 'PROPN', 'text': 'Beowulf', 'id': 1, 'deprel': 'nsubj', 'head': 2}, 'verb': {'upos': 'VERB', 'text': 'erschlägt', 'id': 2, 'deprel': 'root', 'head': 0}, 'object': {'upos': 'NOUN', 'text': 'Drachen', 'id': 5, 'deprel': 'obj', 'head': 2}}]",['SVO']
109,"Berengar II., der fränkische König von Italien und Römische Kaiser, nahm Spoleto um 949 von seinem letzten Markgrafen zurück.",1,"[{'subject': {'upos': 'PROPN', 'text': 'Berengar', 'id': 1, 'deprel': 'nsubj', 'head': 13}, 'verb': {'upos': 'VERB', 'text': 'nahm', 'id': 13, 'deprel': 'root', 'head': 0}, 'object': {'upos': 'PROPN', 'text': 'Spoleto', 'id': 14, 'deprel': 'obj', 'head': 13}}]",['SVO']
582,Biff versucht sich bei Lorraine einzudrängen.,1,"[{'subject': {'upos': 'PROPN', 'text': 'Biff', 'id': 1, 'deprel': 'nsubj', 'head': 2}, 'verb': {'upos': 'VERB', 'text': 'versucht', 'id': 2, 'deprel': 'root', 'head': 0}, 'object': {'upos': 'PRON', 'text': 'sich', 'id': 3, 'deprel': 'obj', 'head': 2}}]",['SVO']
1243,Bis 1901 verdoppelte sich die Einwohnerzahl auf etwa 500.000 und wurde damit nach Berlin und Hamburg die drittgrößte Stadt im Deutschen Reich.,1,"[{'verb': {'upos': 'VERB', 'text': 'verdoppelte', 'id': 3, 'deprel': 'root', 'head': 0}, 'object': {'upos': 'PRON', 'text': 'sich', 'id': 4, 'deprel': 'obj', 'head': 3}, 'subject': {'upos': 'NOUN', 'text': 'Einwohnerzahl', 'id': 6, 'deprel': 'nsubj', 'head': 3}}]",['VOS']
1667,Boni hatte 100 Kriegsschiffe zum Schutz seines Handels.,1,"[{'subject': {'upos': 'PROPN', 'text': 'Boni', 'id': 1, 'deprel': 'nsubj', 'head': 2}, 'verb': {'upos': 'VERB', 'text': 'hatte', 'id': 2, 'deprel': 'root', 'head': 0}, 'object': {'upos': 'NOUN', 'text': 'Kriegsschiffe', 'id': 4, 'deprel': 'obj', 'head': 2}}]",['SVO']
1427,Britney möchte eine Vollzeit-Karriere haben.,1,"[{'subject': {'upos': 'PROPN', 'text': 'Britney', 'id': 1, 'deprel': 'nsubj', 'head': 7}, 'object': {'upos': 'NOUN', 'text': 'Karriere', 'id': 6, 'deprel': 'obj', 'head': 7}, 'verb': {'upos': 'VERB', 'text': 'haben', 'id': 7, 'deprel': 'root', 'head': 0}}]",['SOV']
1049,"Calvin Ellis Stowe zeugte mit Beecher sieben Kinder, darunter Zwillingsschwestern.",1,"[{'subject': {'upos': 'PROPN', 'text': 'Calvin', 'id': 1, 'deprel': 'nsubj', 'head': 4}, 'verb': {'upos': 'VERB', 'text': 'zeugte', 'id': 4, 'deprel': 'root', 'head': 0}, 'object': {'upos': 'NOUN', 'text': 'Kinder', 'id': 8, 'deprel': 'obj', 'head': 4}}]",['SVO']
1480,Charles Louis Alphonse Laveran entdeckte das parasitäre Protozoon.,1,"[{'subject': {'upos': 'PROPN', 'text': 'Charles', 'id': 1, 'deprel': 'nsubj', 'head': 5}, 'verb': {'upos': 'VERB', 'text': 'entdeckte', 'id': 5, 'deprel': 'root', 'head': 0}, 'object': {'upos': 'NOUN', 'text': 'Protozoon', 'id': 8, 'deprel': 'obj', 'head': 5}}]",['SVO']
1878,Charles Nicolle heiratete 1895 Alice Avice.,1,"[{'subject': {'upos': 'PROPN', 'text': 'Charles', 'id': 1, 'deprel': 'nsubj', 'head': 3}, 'verb': {'upos': 'VERB', 'text': 'heiratete', 'id': 3, 'deprel': 'root', 'head': 0}, 'object': {'upos': 'PROPN', 'text': 'Alice', 'id': 5, 'deprel': 'obj', 'head': 3}}]",['SVO']
1019,Che Guevara heiratete Aleida March am 2.,1,"[{'subject': {'upos': 'PROPN', 'text': 'Che', 'id': 1, 'deprel': 'nsubj', 'head': 3}, 'verb': {'upos': 'VERB', 'text': 'heiratete', 'id': 3, 'deprel': 'root', 'head': 0}, 'object': {'upos': 'PROPN', 'text': 'Aleida', 'id': 4, 'deprel': 'obj', 'head': 3}}]",['SVO']
241,Childers traf in Afrika die Assemblies of God und half bei dem Bau von Schulen.,1,"[{'subject': {'upos': 'PROPN', 'text': 'Childers', 'id': 1, 'deprel': 'nsubj', 'head': 2}, 'verb': {'upos': 'VERB', 'text': 'traf', 'id': 2, 'deprel': 'root', 'head': 0}, 'object': {'upos': 'PROPN', 'text': 'Assemblies', 'id': 6, 'deprel': 'obj', 'head': 2}}]",['SVO']
508,China führte seine sechste nationale Volkszählung am 1.,1,"[{'subject': {'upos': 'PROPN', 'text': 'China', 'id': 1, 'deprel': 'nsubj', 'head': 2}, 'verb': {'upos': 'VERB', 'text': 'führte', 'id': 2, 'deprel': 'root', 'head': 0}, 'object': {'upos': 'NOUN', 'text': 'Volkszählung', 'id': 6, 'deprel': 'obj', 'head': 2}}]",['SVO']
1330,"Claudie André-Deshays hat ihre Abschlüsse in den Studienbereichen Medizin, Biologie und Sportmedizin erworben.",1,"[{'subject': {'upos': 'PROPN', 'text': 'Claudie', 'id': 1, 'deprel': 'nsubj', 'head': 16}, 'object': {'upos': 'NOUN', 'text': 'Abschlüsse', 'id': 7, 'deprel': 'obj', 'head': 16}, 'verb': {'upos': 'VERB', 'text': 'erworben', 'id': 16, 'deprel': 'root', 'head': 0}}]",['SOV']
18,Colgate belegte den zweiten Platz als sportlichstes College in Amerika im Oktober 2006.,1,"[{'subject': {'upos': 'PROPN', 'text': 'Colgate', 'id': 1, 'deprel': 'nsubj', 'head': 2}, 'verb': {'upos': 'VERB', 'text': 'belegte', 'id': 2, 'deprel': 'root', 'head': 0}, 'object': {'upos': 'NOUN', 'text': 'Platz', 'id': 5, 'deprel': 'obj', 'head': 2}}]",['SVO']
1233,"Criss verließ die Band Kiss erneut im Frühjahr 2001, kurz vor Beginn der Japan- und Australientournee, und wurde von Eric Singer ersetzt.",1,"[{'subject': {'upos': 'PROPN', 'text': 'Criss', 'id': 1, 'deprel': 'nsubj', 'head': 2}, 'verb': {'upos': 'VERB', 'text': 'verließ', 'id': 2, 'deprel': 'root', 'head': 0}, 'object': {'upos': 'NOUN', 'text': 'Band', 'id': 4, 'deprel': 'obj', 'head': 2}}]",['SVO']
1211,Croatia Airlines unterhält Codeshare-Abkommen mit folgenden Fluggesellschaften:,1,"[{'subject': {'upos': 'PROPN', 'text': 'Croatia', 'id': 1, 'deprel': 'nsubj', 'head': 3}, 'verb': {'upos': 'VERB', 'text': 'unterhält', 'id': 3, 'deprel': 'root', 'head': 0}, 'object': {'upos': 'PROPN', 'text': 'Codeshare', 'id': 4, 'deprel': 'obj', 'head': 3}}]",['SVO']
1814,Custic begann seinen beruflichen Werdegang 2000 bei seinem Jugendverein NK Zadar.,1,"[{'subject': {'upos': 'PROPN', 'text': 'Custic', 'id': 1, 'deprel': 'nsubj', 'head': 2}, 'verb': {'upos': 'VERB', 'text': 'begann', 'id': 2, 'deprel': 'root', 'head': 0}, 'object': {'upos': 'NOUN', 'text': 'Werdegang', 'id': 5, 'deprel': 'obj', 'head': 2}}]",['SVO']
678,"Dankbarkeit beruht auf der biblischen Aussage, dass jeder Mensch schuldig (""Sünder"") ist und Gott als den selbstlosen Geber alles Guten ansieht.",1,"[{'subject': {'upos': 'NOUN', 'text': 'Gott', 'id': 19, 'deprel': 'nsubj', 'head': 26}, 'object': {'upos': 'NOUN', 'text': 'Guten', 'id': 25, 'deprel': 'obj', 'head': 26}, 'verb': {'upos': 'VERB', 'text': 'ansieht', 'id': 26, 'deprel': 'conj', 'head': 11}}]",['SOV']
674,"Dankbarkeit kann auch dazu führen, dass sich positives soziales Verhalten im Wohltäter verstärkt.",1,"[{'object': {'upos': 'PRON', 'text': 'sich', 'id': 8, 'deprel': 'obj', 'head': 15}, 'subject': {'upos': 'NOUN', 'text': 'Verhalten', 'id': 11, 'deprel': 'nsubj', 'head': 15}, 'verb': {'upos': 'VERB', 'text': 'verstärkt', 'id': 15, 'deprel': 'acl', 'head': 4}}]",['OSV']
1570,Darüber hinaus gewährte Deutschland 50 Millionen D-Mark.,1,"[{'verb': {'upos': 'VERB', 'text': 'gewährte', 'id': 3, 'deprel': 'root', 'head': 0}, 'subject': {'upos': 'PROPN', 'text': 'Deutschland', 'id': 4, 'deprel': 'nsubj', 'head': 3}, 'object': {'upos': 'PROPN', 'text': 'D', 'id': 7, 'deprel': 'obj', 'head': 3}}]",['VSO']
1960,"Das Anwesen, das Angel und Tess gefunden haben, war bei ihrer Ankunft leer.",1,"[{'subject': {'upos': 'PRON', 'text': 'das', 'id': 4, 'deprel': 'nsubj', 'head': 8}, 'object': {'upos': 'PROPN', 'text': 'Angel', 'id': 5, 'deprel': 'obj', 'head': 8}, 'verb': {'upos': 'VERB', 'text': 'gefunden', 'id': 8, 'deprel': 'acl', 'head': 2}}]",['SOV']
1058,"Das Baby, das Aishwarya Rai zur Welt brachte, war ein Mädchen.",1,"[{'object': {'upos': 'PRON', 'text': 'das', 'id': 4, 'deprel': 'obj', 'head': 10}, 'subject': {'upos': 'PROPN', 'text': 'Aishwarya', 'id': 5, 'deprel': 'nsubj', 'head': 10}, 'verb': {'upos': 'VERB', 'text': 'brachte', 'id': 10, 'deprel': 'acl', 'head': 2}}]",['OSV']
1250,Das Bild zeigt die meisten Feldpositionen und deren Bezeichnungen im Cricket.,1,"[{'subject': {'upos': 'NOUN', 'text': 'Bild', 'id': 2, 'deprel': 'nsubj', 'head': 3}, 'verb': {'upos': 'VERB', 'text': 'zeigt', 'id': 3, 'deprel': 'root', 'head': 0}, 'object': {'upos': 'NOUN', 'text': 'Feldpositionen', 'id': 6, 'deprel': 'obj', 'head': 3}}]",['SVO']
619,Das Birkhall-Anwesen umfasst 210 Quadratkilometer.,1,"[{'subject': {'upos': 'PROPN', 'text': 'Birkhall', 'id': 2, 'deprel': 'nsubj', 'head': 5}, 'verb': {'upos': 'VERB', 'text': 'umfasst', 'id': 5, 'deprel': 'root', 'head': 0}, 'object': {'upos': 'NOUN', 'text': 'Quadratkilometer', 'id': 7, 'deprel': 'obj', 'head': 5}}]",['SVO']
199,Das Chandra-Röntgenteleskop enthüllte die Existenz extrem heißen Gases in NGC 6543.,1,"[{'subject': {'upos': 'PROPN', 'text': 'Chandra', 'id': 2, 'deprel': 'nsubj', 'head': 5}, 'verb': {'upos': 'VERB', 'text': 'enthüllte', 'id': 5, 'deprel': 'root', 'head': 0}, 'object': {'upos': 'NOUN', 'text': 'Existenz', 'id': 7, 'deprel': 'obj', 'head': 5}}]",['SVO']
1367,Das Direktorium kann zwölf Mitglieder und deren Stellvertretern wählen.,1,"[{'subject': {'upos': 'NOUN', 'text': 'Direktorium', 'id': 2, 'deprel': 'nsubj', 'head': 9}, 'object': {'upos': 'NOUN', 'text': 'Mitglieder', 'id': 5, 'deprel': 'obj', 'head': 9}, 'verb': {'upos': 'VERB', 'text': 'wählen', 'id': 9, 'deprel': 'root', 'head': 0}}]",['SOV']
212,Das Durchschnittsalter im Land beträgt 35 Jahre.,1,"[{'subject': {'upos': 'NOUN', 'text': 'Durchschnittsalter', 'id': 2, 'deprel': 'nsubj', 'head': 6}, 'verb': {'upos': 'VERB', 'text': 'beträgt', 'id': 6, 'deprel': 'root', 'head': 0}, 'object': {'upos': 'NOUN', 'text': 'Jahre', 'id': 8, 'deprel': 'obj', 'head': 6}}]",['SVO']
1291,"Das E 80 Straßennetz setzte sich nach Sofia, Priština, Dubrovnik, Pescara, Rom, Genua, Nizza, Toulouse, Burgos, Salamanca bis nach Lissabon fort.",1,"[{'subject': {'upos': 'PROPN', 'text': 'E', 'id': 2, 'deprel': 'nsubj', 'head': 5}, 'verb': {'upos': 'VERB', 'text': 'setzte', 'id': 5, 'deprel': 'root', 'head': 0}, 'object': {'upos': 'PRON', 'text': 'sich', 'id': 6, 'deprel': 'obj', 'head': 5}}]",['SVO']
1134,"Das Gewicht der Brust wird als zu hoch betrachtet, wenn es zehn Kilogramm überschreitet.",1,"[{'subject': {'upos': 'PRON', 'text': 'es', 'id': 12, 'deprel': 'nsubj', 'head': 15}, 'object': {'upos': 'NOUN', 'text': 'Kilogramm', 'id': 14, 'deprel': 'obj', 'head': 15}, 'verb': {'upos': 'VERB', 'text': 'überschreitet', 'id': 15, 'deprel': 'advcl', 'head': 8}}]",['SOV']
1937,"Das Grove-Element wurde bei den ersten Telegrafieverbindungen in Nordamerika eingesetzt, weil es eine höhere Spannung von 1,9 V aufwies, was zu einer Verdopplung im Vergleich zum Daniell-Element mit 1,1 V führte.",1,"[{'subject': {'upos': 'PRON', 'text': 'es', 'id': 15, 'deprel': 'nsubj', 'head': 22}, 'object': {'upos': 'NOUN', 'text': 'Spannung', 'id': 18, 'deprel': 'obj', 'head': 22}, 'verb': {'upos': 'VERB', 'text': 'aufwies', 'id': 22, 'deprel': 'advcl', 'head': 12}}]",['SOV']
523,Das Hereroland umfasst das sogenannte Hereroland; größtenteils die östliche namibische Region Omaheke sowie Teile der Regionen Otjozondjupa und Kunene.,1,"[{'subject': {'upos': 'PROPN', 'text': 'Hereroland', 'id': 2, 'deprel': 'nsubj', 'head': 3}, 'verb': {'upos': 'VERB', 'text': 'umfasst', 'id': 3, 'deprel': 'root', 'head': 0}, 'object': {'upos': 'PROPN', 'text': 'Hereroland', 'id': 6, 'deprel': 'obj', 'head': 3}}]",['SVO']
416,"Das Kaliber AA-52 hat eine Größe von 7,62 Millimeter.",1,"[{'subject': {'upos': 'NOUN', 'text': 'Kaliber', 'id': 2, 'deprel': 'nsubj', 'head': 4}, 'verb': {'upos': 'VERB', 'text': 'hat', 'id': 4, 'deprel': 'root', 'head': 0}, 'object': {'upos': 'NOUN', 'text': 'Größe', 'id': 6, 'deprel': 'obj', 'head': 4}}]",['SVO']
957,"Das Licht von der Sonnenoberfläche benötigt etwa 8 Minuten, um die Erde zu erreichen.",1,"[{'subject': {'upos': 'NOUN', 'text': 'Licht', 'id': 2, 'deprel': 'nsubj', 'head': 6}, 'verb': {'upos': 'VERB', 'text': 'benötigt', 'id': 6, 'deprel': 'root', 'head': 0}, 'object': {'upos': 'NOUN', 'text': 'Minuten', 'id': 9, 'deprel': 'obj', 'head': 6}}]",['SVO']
481,Das National Botanical Research Institute von Indien nutzt das Grundstück.,1,"[{'subject': {'upos': 'PROPN', 'text': 'National', 'id': 2, 'deprel': 'nsubj', 'head': 8}, 'verb': {'upos': 'VERB', 'text': 'nutzt', 'id': 8, 'deprel': 'root', 'head': 0}, 'object': {'upos': 'NOUN', 'text': 'Grundstück', 'id': 10, 'deprel': 'obj', 'head': 8}}]",['SVO']
1523,"Das Nexus 5 hat eine 8-Megapixel-Rückkamera inklusive optischem Bildstabilisator und eine 1,3-Megapixel-Frontkamera.",1,"[{'subject': {'upos': 'PROPN', 'text': 'Nexus', 'id': 2, 'deprel': 'nsubj', 'head': 4}, 'verb': {'upos': 'VERB', 'text': 'hat', 'id': 4, 'deprel': 'root', 'head': 0}, 'object': {'upos': 'NOUN', 'text': 'Rückkamera', 'id': 10, 'deprel': 'obj', 'head': 4}}]",['SVO']
1539,Das Norwegische Olympische Komitee bewarb sich 2013 für die Olympischen Winterspiele 2022.,1,"[{'subject': {'upos': 'PROPN', 'text': 'Komitee', 'id': 4, 'deprel': 'nsubj', 'head': 5}, 'verb': {'upos': 'VERB', 'text': 'bewarb', 'id': 5, 'deprel': 'root', 'head': 0}, 'object': {'upos': 'PRON', 'text': 'sich', 'id': 6, 'deprel': 'obj', 'head': 5}}]",['SVO']
1610,Das Poland-Syndrom betrifft Männer am häufigsten.,1,"[{'subject': {'upos': 'NOUN', 'text': 'Syndrom', 'id': 4, 'deprel': 'nsubj', 'head': 5}, 'verb': {'upos': 'VERB', 'text': 'betrifft', 'id': 5, 'deprel': 'root', 'head': 0}, 'object': {'upos': 'NOUN', 'text': 'Männer', 'id': 6, 'deprel': 'obj', 'head': 5}}]",['SVO']
1228,"Das Projekt ""Kiss Meets the Phantom of the Park"" orientierte sich an den Filmen ""A Hard Day's Night"" und ""Star Wars"".",1,"[{'subject': {'upos': 'NOUN', 'text': 'Projekt', 'id': 2, 'deprel': 'nsubj', 'head': 12}, 'verb': {'upos': 'VERB', 'text': 'orientierte', 'id': 12, 'deprel': 'root', 'head': 0}, 'object': {'upos': 'PRON', 'text': 'sich', 'id': 13, 'deprel': 'obj', 'head': 12}}]",['SVO']
1669,Das Reich von Brunei erstreckte sich im 16.,1,"[{'subject': {'upos': 'NOUN', 'text': 'Reich', 'id': 2, 'deprel': 'nsubj', 'head': 5}, 'verb': {'upos': 'VERB', 'text': 'erstreckte', 'id': 5, 'deprel': 'root', 'head': 0}, 'object': {'upos': 'PRON', 'text': 'sich', 'id': 6, 'deprel': 'obj', 'head': 5}}]",['SVO']
32,"Das Schiehallion-Experiment hatte das Ziel, die mittlere Massendichte der Erde zu bestimmen.",1,"[{'subject': {'upos': 'PROPN', 'text': 'Schiehallion', 'id': 2, 'deprel': 'nsubj', 'head': 5}, 'verb': {'upos': 'VERB', 'text': 'hatte', 'id': 5, 'deprel': 'root', 'head': 0}, 'object': {'upos': 'NOUN', 'text': 'Ziel', 'id': 7, 'deprel': 'obj', 'head': 5}}]",['SVO']
1314,Das Spitzschwanz-Bronzemännchen erreicht eine Körperlänge von elf bis zwölf Zentimeter.,1,"[{'subject': {'upos': 'NOUN', 'text': 'Bronzemännchen', 'id': 4, 'deprel': 'nsubj', 'head': 5}, 'verb': {'upos': 'VERB', 'text': 'erreicht', 'id': 5, 'deprel': 'root', 'head': 0}, 'object': {'upos': 'NOUN', 'text': 'Körperlänge', 'id': 7, 'deprel': 'obj', 'head': 5}}]",['SVO']
342,"Das Tier, die Weißwangenlerche, legt in der Regel zwei Eier.",1,"[{'subject': {'upos': 'NOUN', 'text': 'Tier', 'id': 2, 'deprel': 'nsubj', 'head': 7}, 'verb': {'upos': 'VERB', 'text': 'legt', 'id': 7, 'deprel': 'root', 'head': 0}, 'object': {'upos': 'NOUN', 'text': 'Eier', 'id': 12, 'deprel': 'obj', 'head': 7}}]",['SVO']
1451,"Das TRIPS-Abkommen muss ratifiziert werden, wenn ein Land Zugang zu den Märkten der WTO-Mitglieder erlangen will.",1,"[{'subject': {'upos': 'NOUN', 'text': 'Land', 'id': 11, 'deprel': 'nsubj', 'head': 20}, 'object': {'upos': 'NOUN', 'text': 'Zugang', 'id': 12, 'deprel': 'obj', 'head': 20}, 'verb': {'upos': 'VERB', 'text': 'erlangen', 'id': 20, 'deprel': 'advcl', 'head': 6}}]",['SOV']
290,"Das Video erhielt innerhalb der ersten 24 Stunden 20,1 Millionen Aufrufe bei Vevo.",1,"[{'subject': {'upos': 'NOUN', 'text': 'Video', 'id': 2, 'deprel': 'nsubj', 'head': 3}, 'verb': {'upos': 'VERB', 'text': 'erhielt', 'id': 3, 'deprel': 'root', 'head': 0}, 'object': {'upos': 'NOUN', 'text': 'Aufrufe', 'id': 11, 'deprel': 'obj', 'head': 3}}]",['SVO']
1476,"Das Weltkulturerbe enthält mehrere Felsmalereien, verteilt über die Fläche von den Pyrenäen bis zur Provinz Granada.",1,"[{'subject': {'upos': 'NOUN', 'text': 'Weltkulturerbe', 'id': 2, 'deprel': 'nsubj', 'head': 3}, 'verb': {'upos': 'VERB', 'text': 'enthält', 'id': 3, 'deprel': 'root', 'head': 0}, 'object': {'upos': 'NOUN', 'text': 'Felsmalereien', 'id': 5, 'deprel': 'obj', 'head': 3}}]",['SVO']
1471,"Das wissenschaftliche Modell, das die Vorstellung von Quarks beschreibt, wurde Anfang der 1960er Jahre unabhängig voneinander durch André Petermann, Murray Gell-Mann und George Zweig entwickelt.",1,"[{'subject': {'upos': 'PRON', 'text': 'das', 'id': 5, 'deprel': 'nsubj', 'head': 10}, 'object': {'upos': 'NOUN', 'text': 'Vorstellung', 'id': 7, 'deprel': 'obj', 'head': 10}, 'verb': {'upos': 'VERB', 'text': 'beschreibt', 'id': 10, 'deprel': 'acl', 'head': 3}}]",['SOV']
1029,"Das Wort Comoros stammt vom arabischen Dschuzur al-Qamar (جزر القمر) ab, was ""Mondinseln"" bedeutet.",1,"[{'subject': {'upos': 'PRON', 'text': 'was', 'id': 18, 'deprel': 'nsubj', 'head': 22}, 'object': {'upos': 'NOUN', 'text': 'Mondinseln', 'id': 20, 'deprel': 'obj', 'head': 22}, 'verb': {'upos': 'VERB', 'text': 'bedeutet', 'id': 22, 'deprel': 'acl', 'head': 8}}]",['SOV']
1873,Das Zentrum hat große Arbeit für den Schutz der Rechte und Interessen von Frauen geleistet.,1,"[{'subject': {'upos': 'NOUN', 'text': 'Zentrum', 'id': 2, 'deprel': 'nsubj', 'head': 15}, 'object': {'upos': 'NOUN', 'text': 'Arbeit', 'id': 5, 'deprel': 'obj', 'head': 15}, 'verb': {'upos': 'VERB', 'text': 'geleistet', 'id': 15, 'deprel': 'root', 'head': 0}}]",['SOV']
1190,"David Karp war 17 Jahre alt, als seine Eltern sich trennten.",1,"[{'subject': {'upos': 'NOUN', 'text': 'Eltern', 'id': 10, 'deprel': 'nsubj', 'head': 12}, 'object': {'upos': 'PRON', 'text': 'sich', 'id': 11, 'deprel': 'obj', 'head': 12}, 'verb': {'upos': 'VERB', 'text': 'trennten', 'id': 12, 'deprel': 'advcl', 'head': 6}}]",['SOV']
991,Dawkins bekämpft jede Form von Kreationismus und Intelligent Design.,1,"[{'subject': {'upos': 'PROPN', 'text': 'Dawkins', 'id': 1, 'deprel': 'nsubj', 'head': 2}, 'verb': {'upos': 'VERB', 'text': 'bekämpft', 'id': 2, 'deprel': 'root', 'head': 0}, 'object': {'upos': 'NOUN', 'text': 'Form', 'id': 4, 'deprel': 'obj', 'head': 2}}]",['SVO']
1558,"Demand Chain Management konzentriert sich auf die Nachfrageseite, während Supply Chain Management auf die Lieferkette (Supply) ausgerichtet ist.",1,"[{'subject': {'upos': 'PROPN', 'text': 'Demand', 'id': 1, 'deprel': 'nsubj', 'head': 4}, 'verb': {'upos': 'VERB', 'text': 'konzentriert', 'id': 4, 'deprel': 'root', 'head': 0}, 'object': {'upos': 'PRON', 'text': 'sich', 'id': 5, 'deprel': 'obj', 'head': 4}}]",['SVO']
948,"Der AUDIT-Test ist ein reines Screeningverfahren, das anhand von zehn Fragen hauptsächlich persönliche Trinkgewohnheiten erhebt.",1,"[{'subject': {'upos': 'PRON', 'text': 'das', 'id': 10, 'deprel': 'nsubj', 'head': 18}, 'object': {'upos': 'NOUN', 'text': 'Trinkgewohnheiten', 'id': 17, 'deprel': 'obj', 'head': 18}, 'verb': {'upos': 'VERB', 'text': 'erhebt', 'id': 18, 'deprel': 'acl', 'head': 8}}]",['SOV']
784,"Der Bau des Klosters dauerte 150 Jahre, von 1298 bis 1448.",1,"[{'subject': {'upos': 'NOUN', 'text': 'Bau', 'id': 2, 'deprel': 'nsubj', 'head': 5}, 'verb': {'upos': 'VERB', 'text': 'dauerte', 'id': 5, 'deprel': 'root', 'head': 0}, 'object': {'upos': 'NOUN', 'text': 'Jahre', 'id': 7, 'deprel': 'obj', 'head': 5}}]",['SVO']
1175,"Der Begriff ""Rupya"" leitet sich von dem altindischen Wort ""rūp"" oder ""rūpā"" mit der Bedeutung ""Silber"" her.",1,"[{'subject': {'upos': 'NOUN', 'text': 'Begriff', 'id': 2, 'deprel': 'nsubj', 'head': 6}, 'verb': {'upos': 'VERB', 'text': 'leitet', 'id': 6, 'deprel': 'root', 'head': 0}, 'object': {'upos': 'PRON', 'text': 'sich', 'id': 7, 'deprel': 'obj', 'head': 6}}]",['SVO']
1557,"Der Begriff Demand-Chain-Management bedeutet insoweit dasselbe wie Supply-Chain-Management, jedoch mit Betonung auf die Nachfrageseite.",1,"[{'subject': {'upos': 'NOUN', 'text': 'Begriff', 'id': 2, 'deprel': 'nsubj', 'head': 8}, 'verb': {'upos': 'VERB', 'text': 'bedeutet', 'id': 8, 'deprel': 'root', 'head': 0}, 'object': {'upos': 'DET', 'text': 'dasselbe', 'id': 10, 'deprel': 'obj', 'head': 8}}]",['SVO']
340,Der Chanshui Airport (Kunming-Changshui) verbindet Südost- und Südasien.,1,"[{'subject': {'upos': 'PROPN', 'text': 'Chanshui', 'id': 2, 'deprel': 'nsubj', 'head': 9}, 'verb': {'upos': 'VERB', 'text': 'verbindet', 'id': 9, 'deprel': 'root', 'head': 0}, 'object': {'upos': 'NOUN', 'text': 'Südost', 'id': 10, 'deprel': 'obj', 'head': 9}}]",['SVO']
637,"Der Discovery Channel strahlte die Serie ""Duell der Tiere"" aus.",1,"[{'subject': {'upos': 'PROPN', 'text': 'Discovery', 'id': 2, 'deprel': 'nsubj', 'head': 4}, 'verb': {'upos': 'VERB', 'text': 'strahlte', 'id': 4, 'deprel': 'root', 'head': 0}, 'object': {'upos': 'NOUN', 'text': 'Serie', 'id': 6, 'deprel': 'obj', 'head': 4}}]",['SVO']
541,Der Emmaboda glasverk in Schweden entwickelte das Glas für die Säulen.,1,"[{'subject': {'upos': 'PROPN', 'text': 'Emmaboda', 'id': 2, 'deprel': 'nsubj', 'head': 6}, 'verb': {'upos': 'VERB', 'text': 'entwickelte', 'id': 6, 'deprel': 'root', 'head': 0}, 'object': {'upos': 'NOUN', 'text': 'Glas', 'id': 8, 'deprel': 'obj', 'head': 6}}]",['SVO']
156,"Der Erzbischof von Seoul, Stephen Kardinal Kim Sou-hwan, weihte ihn am 14.",1,"[{'subject': {'upos': 'NOUN', 'text': 'Erzbischof', 'id': 2, 'deprel': 'nsubj', 'head': 13}, 'verb': {'upos': 'VERB', 'text': 'weihte', 'id': 13, 'deprel': 'root', 'head': 0}, 'object': {'upos': 'PRON', 'text': 'ihn', 'id': 14, 'deprel': 'obj', 'head': 13}}]",['SVO']
178,"Der Film ""Alice im Wunderland: Hinter den Spiegeln"" hatte seine Premiere in den USA am 27.",1,"[{'subject': {'upos': 'NOUN', 'text': 'Film', 'id': 2, 'deprel': 'nsubj', 'head': 13}, 'verb': {'upos': 'VERB', 'text': 'hatte', 'id': 13, 'deprel': 'root', 'head': 0}, 'object': {'upos': 'NOUN', 'text': 'Premiere', 'id': 15, 'deprel': 'obj', 'head': 13}}]",['SVO']
1446,"Der Film ""Braveheart"" gewann fünf Oscars.",1,"[{'subject': {'upos': 'NOUN', 'text': 'Film', 'id': 2, 'deprel': 'nsubj', 'head': 6}, 'verb': {'upos': 'VERB', 'text': 'gewann', 'id': 6, 'deprel': 'root', 'head': 0}, 'object': {'upos': 'NOUN', 'text': 'Oscars', 'id': 8, 'deprel': 'obj', 'head': 6}}]",['SVO']
1444,Der Film erhielt eine Goldene Leinwand für mehr als drei Millionen Kinozuschauer in Deutschland sowie kurze Zeit später eine Goldene Leinwand mit Stern für mehr als sechs Millionen Zuschauer.,1,"[{'subject': {'upos': 'NOUN', 'text': 'Film', 'id': 2, 'deprel': 'nsubj', 'head': 3}, 'verb': {'upos': 'VERB', 'text': 'erhielt', 'id': 3, 'deprel': 'root', 'head': 0}, 'object': {'upos': 'PROPN', 'text': 'Leinwand', 'id': 6, 'deprel': 'obj', 'head': 3}}]",['SVO']
1443,Der Film spielte weltweit über 1 Milliarde Dollar ein.,1,"[{'subject': {'upos': 'NOUN', 'text': 'Film', 'id': 2, 'deprel': 'nsubj', 'head': 3}, 'verb': {'upos': 'VERB', 'text': 'spielte', 'id': 3, 'deprel': 'root', 'head': 0}, 'object': {'upos': 'PROPN', 'text': 'Dollar', 'id': 8, 'deprel': 'obj', 'head': 3}}]",['SVO']
47,"Der Film, der Fassbender dazu brachte, seine Freundin zu treffen, war ""The Light Between Oceans"".",1,"[{'subject': {'upos': 'PRON', 'text': 'der', 'id': 4, 'deprel': 'nsubj', 'head': 7}, 'object': {'upos': 'PROPN', 'text': 'Fassbender', 'id': 5, 'deprel': 'obj', 'head': 7}, 'verb': {'upos': 'VERB', 'text': 'brachte', 'id': 7, 'deprel': 'acl', 'head': 2}}]",['SOV']
371,Der freiwillige Wehrdienst ersetzte 2011 die Wehrpflicht.,1,"[{'subject': {'upos': 'NOUN', 'text': 'Wehrdienst', 'id': 3, 'deprel': 'nsubj', 'head': 4}, 'verb': {'upos': 'VERB', 'text': 'ersetzte', 'id': 4, 'deprel': 'root', 'head': 0}, 'object': {'upos': 'NOUN', 'text': 'Wehrpflicht', 'id': 7, 'deprel': 'obj', 'head': 4}}]",['SVO']
472,Der Generalgouverneur konnte 1909 maximal 60 Räte bestimmen.,1,"[{'subject': {'upos': 'NOUN', 'text': 'Generalgouverneur', 'id': 2, 'deprel': 'nsubj', 'head': 8}, 'object': {'upos': 'NOUN', 'text': 'Räte', 'id': 7, 'deprel': 'obj', 'head': 8}, 'verb': {'upos': 'VERB', 'text': 'bestimmen', 'id': 8, 'deprel': 'root', 'head': 0}}]",['SOV']
463,"Der größte und offiziellste Empfang ist der Staatsbankett, der jeden November stattfindet, wenn der Monarch die Angehörigen des ausländischen diplomatischen Korps einlädt.",1,"[{'subject': {'upos': 'NOUN', 'text': 'Monarch', 'id': 17, 'deprel': 'nsubj', 'head': 24}, 'object': {'upos': 'NOUN', 'text': 'Angehörigen', 'id': 19, 'deprel': 'obj', 'head': 24}, 'verb': {'upos': 'VERB', 'text': 'einlädt', 'id': 24, 'deprel': 'advcl', 'head': 13}}]",['SOV']
922,Der heilige Francisco de Xavier brachte die Lehre Christi nach Japan.,1,"[{'subject': {'upos': 'PROPN', 'text': 'Francisco', 'id': 3, 'deprel': 'nsubj', 'head': 6}, 'verb': {'upos': 'VERB', 'text': 'brachte', 'id': 6, 'deprel': 'root', 'head': 0}, 'object': {'upos': 'NOUN', 'text': 'Lehre', 'id': 8, 'deprel': 'obj', 'head': 6}}]",['SVO']
1129,"Der iPod ist nicht direkt mit Musikshops, die WMA-Dateien mit DRM-Schutz anbieten, kompatibel.",1,"[{'subject': {'upos': 'PRON', 'text': 'die', 'id': 9, 'deprel': 'nsubj', 'head': 17}, 'object': {'upos': 'PROPN', 'text': 'WMA', 'id': 10, 'deprel': 'obj', 'head': 17}, 'verb': {'upos': 'VERB', 'text': 'anbieten', 'id': 17, 'deprel': 'acl', 'head': 7}}]",['SOV']
1411,"Der Krieg von Netscape wurde 2000 beendet, als Netscape verkauft wurde und offiziell die Führung in den Browser-Kriegen an Microsoft abgab.",1,"[{'subject': {'upos': 'PROPN', 'text': 'Netscape', 'id': 10, 'deprel': 'nsubj:pass', 'head': 11}, 'object': {'upos': 'NOUN', 'text': 'Führung', 'id': 16, 'deprel': 'obj', 'head': 24}, 'verb': {'upos': 'VERB', 'text': 'abgab', 'id': 24, 'deprel': 'conj', 'head': 11}}]",['SOV']
777,"Der Lindy Hop entwickelte sich um 1940 in den USA zu Boogie-Woogie, der auf schnellerer Musik basierte.",1,"[{'subject': {'upos': 'PROPN', 'text': 'Lindy', 'id': 2, 'deprel': 'nsubj', 'head': 4}, 'verb': {'upos': 'VERB', 'text': 'entwickelte', 'id': 4, 'deprel': 'root', 'head': 0}, 'object': {'upos': 'PRON', 'text': 'sich', 'id': 5, 'deprel': 'obj', 'head': 4}}]",['SVO']
893,"Der Name MySQL setzt sich zusammen aus dem Vornamen My, der der Tochter des MySQL-AB-Mitbegründers Michael Widenius gehört, und SQL.",1,"[{'subject': {'upos': 'NOUN', 'text': 'Name', 'id': 2, 'deprel': 'nsubj', 'head': 4}, 'verb': {'upos': 'VERB', 'text': 'setzt', 'id': 4, 'deprel': 'root', 'head': 0}, 'object': {'upos': 'PRON', 'text': 'sich', 'id': 5, 'deprel': 'obj', 'head': 4}}]",['SVO']
1245,"Der Name Shakira stammt aus dem Arabischen und bedeutet ""die Dankbare"".",1,"[{'subject': {'upos': 'NOUN', 'text': 'Name', 'id': 2, 'deprel': 'nsubj', 'head': 4}, 'verb': {'upos': 'VERB', 'text': 'bedeutet', 'id': 9, 'deprel': 'conj', 'head': 4}, 'object': {'upos': 'NOUN', 'text': 'Dankbare', 'id': 12, 'deprel': 'obj', 'head': 9}}]",['SVO']
566,Der Palace of Westminster hat fünf Stockwerke.,1,"[{'subject': {'upos': 'PROPN', 'text': 'Palace', 'id': 2, 'deprel': 'nsubj', 'head': 5}, 'verb': {'upos': 'VERB', 'text': 'hat', 'id': 5, 'deprel': 'root', 'head': 0}, 'object': {'upos': 'NOUN', 'text': 'Stockwerke', 'id': 7, 'deprel': 'obj', 'head': 5}}]",['SVO']
1491,"Der Präsident der Republik Indien folgt den Empfehlungen des Premierministers und des Kabinetts, wenn er seine exekutiven Befugnisse ausübt.",1,"[{'subject': {'upos': 'PRON', 'text': 'er', 'id': 16, 'deprel': 'nsubj', 'head': 20}, 'object': {'upos': 'NOUN', 'text': 'Befugnisse', 'id': 19, 'deprel': 'obj', 'head': 20}, 'verb': {'upos': 'VERB', 'text': 'ausübt', 'id': 20, 'deprel': 'advcl', 'head': 6}}]",['SOV']
67,Der Rumpf des Schiffwracks Royal Oak steigt bis 5 m Tiefe auf.,1,"[{'subject': {'upos': 'NOUN', 'text': 'Rumpf', 'id': 2, 'deprel': 'nsubj', 'head': 7}, 'verb': {'upos': 'VERB', 'text': 'steigt', 'id': 7, 'deprel': 'root', 'head': 0}, 'object': {'upos': 'NOUN', 'text': 'Tiefe', 'id': 11, 'deprel': 'obj', 'head': 7}}]",['SVO']
568,Der Saal bietet Platz für 427 der insgesamt 646 Unterhausabgeordneten.,1,"[{'subject': {'upos': 'NOUN', 'text': 'Saal', 'id': 2, 'deprel': 'nsubj', 'head': 3}, 'verb': {'upos': 'VERB', 'text': 'bietet', 'id': 3, 'deprel': 'root', 'head': 0}, 'object': {'upos': 'NOUN', 'text': 'Platz', 'id': 4, 'deprel': 'obj', 'head': 3}}]",['SVO']
1082,"Der Spieler kann Erfahrungspunkte verwenden, um Boni in Form von ""Schiffsladungen"" aus seiner Heimatstadt empfangen zu können.",1,"[{'subject': {'upos': 'NOUN', 'text': 'Spieler', 'id': 2, 'deprel': 'nsubj', 'head': 5}, 'object': {'upos': 'NOUN', 'text': 'Erfahrungspunkte', 'id': 4, 'deprel': 'obj', 'head': 5}, 'verb': {'upos': 'VERB', 'text': 'verwenden', 'id': 5, 'deprel': 'root', 'head': 0}}]",['SOV']
1728,Der Sputnik 1 wog 83 kg.,1,"[{'subject': {'upos': 'PROPN', 'text': 'Sputnik', 'id': 2, 'deprel': 'nsubj', 'head': 4}, 'verb': {'upos': 'VERB', 'text': 'wog', 'id': 4, 'deprel': 'root', 'head': 0}, 'object': {'upos': 'NOUN', 'text': 'kg', 'id': 6, 'deprel': 'obj', 'head': 4}}]",['SVO']
9,Der Stern hatte eine enorme Eruption von Materie vor 4000 bis 6000 Jahren.,1,"[{'subject': {'upos': 'NOUN', 'text': 'Stern', 'id': 2, 'deprel': 'nsubj', 'head': 3}, 'verb': {'upos': 'VERB', 'text': 'hatte', 'id': 3, 'deprel': 'root', 'head': 0}, 'object': {'upos': 'NOUN', 'text': 'Eruption', 'id': 6, 'deprel': 'obj', 'head': 3}}]",['SVO']
876,"Der verbindende Router, der Verbindungen aufrecht erhält, heißt Area Border Router (ABR).",1,"[{'subject': {'upos': 'PRON', 'text': 'der', 'id': 5, 'deprel': 'nsubj', 'head': 8}, 'object': {'upos': 'NOUN', 'text': 'Verbindungen', 'id': 6, 'deprel': 'obj', 'head': 8}, 'verb': {'upos': 'VERB', 'text': 'erhält', 'id': 8, 'deprel': 'acl', 'head': 3}}]",['SOV']
321,"Der Vertrag, der die Nutzung des Flughafens für 30 Jahre regelt, wurde am 28.",1,"[{'subject': {'upos': 'PRON', 'text': 'der', 'id': 4, 'deprel': 'nsubj', 'head': 12}, 'object': {'upos': 'NOUN', 'text': 'Nutzung', 'id': 6, 'deprel': 'obj', 'head': 12}, 'verb': {'upos': 'VERB', 'text': 'regelt', 'id': 12, 'deprel': 'acl', 'head': 2}}]",['SOV']
38,"Der Wert, den man für die Dichte erhielt, war etwa 5300 kg·m−3 (im Jahr 1856) und 7500 ± 1900 kg·m−3 (im Jahr 2005).",1,"[{'object': {'upos': 'PRON', 'text': 'den', 'id': 4, 'deprel': 'obj', 'head': 9}, 'subject': {'upos': 'PRON', 'text': 'man', 'id': 5, 'deprel': 'nsubj', 'head': 9}, 'verb': {'upos': 'VERB', 'text': 'erhielt', 'id': 9, 'deprel': 'acl', 'head': 2}}]",['OSV']
1697,Der Wisconsin Gletscher zog sich vor 12.000 Jahren aus Minnesota zurück.,1,"[{'subject': {'upos': 'PROPN', 'text': 'Wisconsin', 'id': 2, 'deprel': 'nsubj', 'head': 4}, 'verb': {'upos': 'VERB', 'text': 'zog', 'id': 4, 'deprel': 'root', 'head': 0}, 'object': {'upos': 'PRON', 'text': 'sich', 'id': 5, 'deprel': 'obj', 'head': 4}}]",['SVO']
1581,"Der Zustand, den die Briten umfassten, wurde als ""Pax Britannica"" bezeichnet.",1,"[{'object': {'upos': 'PRON', 'text': 'den', 'id': 4, 'deprel': 'obj', 'head': 7}, 'subject': {'upos': 'NOUN', 'text': 'Briten', 'id': 6, 'deprel': 'nsubj', 'head': 7}, 'verb': {'upos': 'VERB', 'text': 'umfassten', 'id': 7, 'deprel': 'acl', 'head': 2}}]",['OSV']
372,Deutschland hat einen großen Beitrag in den Bereichen Technologie und Wissenschaft geleistet.,1,"[{'subject': {'upos': 'PROPN', 'text': 'Deutschland', 'id': 1, 'deprel': 'nsubj', 'head': 12}, 'object': {'upos': 'NOUN', 'text': 'Beitrag', 'id': 5, 'deprel': 'obj', 'head': 12}, 'verb': {'upos': 'VERB', 'text': 'geleistet', 'id': 12, 'deprel': 'root', 'head': 0}}]",['SOV']
1457,Dev S. Sukumar schrieb die Biografie von Prakash Padukone.,1,"[{'subject': {'upos': 'PROPN', 'text': 'Dev', 'id': 1, 'deprel': 'nsubj', 'head': 4}, 'verb': {'upos': 'VERB', 'text': 'schrieb', 'id': 4, 'deprel': 'root', 'head': 0}, 'object': {'upos': 'NOUN', 'text': 'Biografie', 'id': 6, 'deprel': 'obj', 'head': 4}}]",['SVO']
560,"Dezember 1981, der die Vereinigung der Streitkräfte, der Währung und des Wirtschaftsraumes in der Konföderation Senegambia vorsah.",1,"[{'subject': {'upos': 'PRON', 'text': 'der', 'id': 4, 'deprel': 'nsubj', 'head': 19}, 'object': {'upos': 'NOUN', 'text': 'Vereinigung', 'id': 6, 'deprel': 'obj', 'head': 19}, 'verb': {'upos': 'VERB', 'text': 'vorsah', 'id': 19, 'deprel': 'root', 'head': 0}}]",['SOV']
384,Dezember 2005 änderte Awair ihren Namen in Indonesia AirAsia.,1,"[{'verb': {'upos': 'VERB', 'text': 'änderte', 'id': 3, 'deprel': 'root', 'head': 0}, 'subject': {'upos': 'PROPN', 'text': 'Awair', 'id': 4, 'deprel': 'nsubj', 'head': 3}, 'object': {'upos': 'NOUN', 'text': 'Namen', 'id': 6, 'deprel': 'obj', 'head': 3}}]",['VSO']
1105,"Die Abkürzung ""WHO"" bezieht sich auf die Weltgesundheitsorganisation.",1,"[{'subject': {'upos': 'NOUN', 'text': 'Abkürzung', 'id': 2, 'deprel': 'nsubj', 'head': 6}, 'verb': {'upos': 'VERB', 'text': 'bezieht', 'id': 6, 'deprel': 'root', 'head': 0}, 'object': {'upos': 'PRON', 'text': 'sich', 'id': 7, 'deprel': 'obj', 'head': 6}}]",['SVO']
324,Die Aktionen Gorbatschows lösten bei Hardlinern der Nomenklatur Ablehnung und Widerstand aus.,1,"[{'subject': {'upos': 'NOUN', 'text': 'Aktionen', 'id': 2, 'deprel': 'nsubj', 'head': 4}, 'verb': {'upos': 'VERB', 'text': 'lösten', 'id': 4, 'deprel': 'root', 'head': 0}, 'object': {'upos': 'NOUN', 'text': 'Ablehnung', 'id': 9, 'deprel': 'obj', 'head': 4}}]",['SVO']
1942,"Die alle Rekorde brechende Gage, die Roza für ihre Auftritte im Nachtclub Taygetos bekam, betrug 200 Drachmen.",1,"[{'object': {'upos': 'PRON', 'text': 'die', 'id': 7, 'deprel': 'obj', 'head': 16}, 'subject': {'upos': 'PROPN', 'text': 'Roza', 'id': 8, 'deprel': 'nsubj', 'head': 16}, 'verb': {'upos': 'VERB', 'text': 'bekam', 'id': 16, 'deprel': 'acl', 'head': 5}}]",['OSV']
839,Die amerikanische Musikverlagsindustrie produzierte Blues.,1,"[{'subject': {'upos': 'NOUN', 'text': 'Musikverlagsindustrie', 'id': 3, 'deprel': 'nsubj', 'head': 4}, 'verb': {'upos': 'VERB', 'text': 'produzierte', 'id': 4, 'deprel': 'root', 'head': 0}, 'object': {'upos': 'PROPN', 'text': 'Blues', 'id': 5, 'deprel': 'obj', 'head': 4}}]",['SVO']
1365,Die Amtszeit des Präsidenten beträgt fünf Jahre.,1,"[{'subject': {'upos': 'NOUN', 'text': 'Amtszeit', 'id': 2, 'deprel': 'nsubj', 'head': 5}, 'verb': {'upos': 'VERB', 'text': 'beträgt', 'id': 5, 'deprel': 'root', 'head': 0}, 'object': {'upos': 'NOUN', 'text': 'Jahre', 'id': 7, 'deprel': 'obj', 'head': 5}}]",['SVO']
373,Die Ansei-Reform hat niederländische Kriegsschiffe bestellt.,1,"[{'subject': {'upos': 'NOUN', 'text': 'Reform', 'id': 4, 'deprel': 'nsubj', 'head': 8}, 'object': {'upos': 'NOUN', 'text': 'Kriegsschiffe', 'id': 7, 'deprel': 'obj', 'head': 8}, 'verb': {'upos': 'VERB', 'text': 'bestellt', 'id': 8, 'deprel': 'root', 'head': 0}}]",['SOV']
436,"Die Antwort auf Ihre Frage lautet: Es dauert bei den Weißbrauengibbons etwa 8 bis 9 Jahre, bis sie ihre endgültige Fellfärbung erreichen.",1,"[{'subject': {'upos': 'PRON', 'text': 'sie', 'id': 20, 'deprel': 'nsubj', 'head': 24}, 'object': {'upos': 'NOUN', 'text': 'Fellfärbung', 'id': 23, 'deprel': 'obj', 'head': 24}, 'verb': {'upos': 'VERB', 'text': 'erreichen', 'id': 24, 'deprel': 'advcl', 'head': 9}}]",['SOV']
97,Die Antwort ist daher: Ich habe keine Antwort auf Ihre Frage.,1,"[{'subject': {'upos': 'PRON', 'text': 'Ich', 'id': 6, 'deprel': 'nsubj', 'head': 7}, 'verb': {'upos': 'VERB', 'text': 'habe', 'id': 7, 'deprel': 'parataxis', 'head': 3}, 'object': {'upos': 'NOUN', 'text': 'Antwort', 'id': 9, 'deprel': 'obj', 'head': 7}}]",['SVO']
1141,Die Anwendung von Google Groups unterstützte die Erstellung von Persönlichkeitsprofilen von Autoren und die Auslesung von Daten durch andere Dienste im Internet.,1,"[{'subject': {'upos': 'NOUN', 'text': 'Anwendung', 'id': 2, 'deprel': 'nsubj', 'head': 6}, 'verb': {'upos': 'VERB', 'text': 'unterstützte', 'id': 6, 'deprel': 'root', 'head': 0}, 'object': {'upos': 'NOUN', 'text': 'Erstellung', 'id': 8, 'deprel': 'obj', 'head': 6}}]",['SVO']
1965,"Die Arbeiter- und Soldatenräte dienten der Entmachtung der militärischen Generalkommandos und der Schaffung einer neuen Exekutive, die sich an die Revolution und die künftige Regierung verpflichtet fühlen sollte.",1,"[{'subject': {'upos': 'PRON', 'text': 'die', 'id': 19, 'deprel': 'nsubj', 'head': 29}, 'object': {'upos': 'PRON', 'text': 'sich', 'id': 20, 'deprel': 'obj', 'head': 29}, 'verb': {'upos': 'VERB', 'text': 'fühlen', 'id': 29, 'deprel': 'acl', 'head': 17}}]",['SOV']
594,"Die Art der Durchsetzung, die Doxing betrifft, sind Selbstjustiz, öffentliches Bloßstellen und Belästigung.",1,"[{'subject': {'upos': 'PRON', 'text': 'die', 'id': 6, 'deprel': 'nsubj', 'head': 8}, 'object': {'upos': 'PROPN', 'text': 'Doxing', 'id': 7, 'deprel': 'obj', 'head': 8}, 'verb': {'upos': 'VERB', 'text': 'betrifft', 'id': 8, 'deprel': 'acl', 'head': 2}}]",['SOV']
513,"Die Athleten von Venezuela waren im Schwimmen am erfolgreichsten, da Cristian Quintero Silber über 200 Meter Freistil gewann und Bronze über 400 Meter Freistil.",1,"[{'subject': {'upos': 'PROPN', 'text': 'Cristian', 'id': 14, 'deprel': 'nsubj', 'head': 21}, 'object': {'upos': 'NOUN', 'text': 'Silber', 'id': 16, 'deprel': 'obj', 'head': 21}, 'verb': {'upos': 'VERB', 'text': 'gewann', 'id': 21, 'deprel': 'advcl', 'head': 11}}]",['SOV']
662,"Die Aufnahmen wurden den Titel ""AS/IS"" gegeben.",1,"[{'subject': {'upos': 'NOUN', 'text': 'Aufnahmen', 'id': 2, 'deprel': 'nsubj:pass', 'head': 9}, 'object': {'upos': 'NOUN', 'text': 'Titel', 'id': 5, 'deprel': 'obj', 'head': 9}, 'verb': {'upos': 'VERB', 'text': 'gegeben', 'id': 9, 'deprel': 'root', 'head': 0}}]",['SOV']
1721,"Die Aufteilung, die letztendlich nicht sich gegenseitig militärische Unterstützung geben konnte, war die zwischen der FANK und den Roten Khmer.",1,"[{'subject': {'upos': 'PRON', 'text': 'die', 'id': 4, 'deprel': 'nsubj', 'head': 11}, 'object': {'upos': 'PRON', 'text': 'sich', 'id': 7, 'deprel': 'obj', 'head': 11}, 'verb': {'upos': 'VERB', 'text': 'geben', 'id': 11, 'deprel': 'acl', 'head': 2}}]",['SOV']
1730,"Die Ausgaben für Weltraumprogramme stagnierten in den 1990er Jahren, als die verbliebenen Strukturen der Sowjetunion zerfielen und die NASA keinen direkten Konkurrenten mehr hatte.",1,"[{'subject': {'upos': 'PROPN', 'text': 'NASA', 'id': 20, 'deprel': 'nsubj', 'head': 25}, 'object': {'upos': 'NOUN', 'text': 'Konkurrenten', 'id': 23, 'deprel': 'obj', 'head': 25}, 'verb': {'upos': 'VERB', 'text': 'hatte', 'id': 25, 'deprel': 'conj', 'head': 17}}]",['SOV']
1741,Die australische Hauptstadt und die nördlichen Territorien haben jeweils zwei Senatoren.,1,"[{'subject': {'upos': 'NOUN', 'text': 'Hauptstadt', 'id': 3, 'deprel': 'nsubj', 'head': 8}, 'verb': {'upos': 'VERB', 'text': 'haben', 'id': 8, 'deprel': 'root', 'head': 0}, 'object': {'upos': 'NOUN', 'text': 'Senatoren', 'id': 11, 'deprel': 'obj', 'head': 8}}]",['SVO']
1230,"Die Band Kiss kontaktierte die ehemaligen Mitglieder Criss und Frehley, um sie an ihrem MTV Unplugged-Auftritt am 9.",1,"[{'subject': {'upos': 'NOUN', 'text': 'Band', 'id': 2, 'deprel': 'nsubj', 'head': 4}, 'verb': {'upos': 'VERB', 'text': 'kontaktierte', 'id': 4, 'deprel': 'root', 'head': 0}, 'object': {'upos': 'NOUN', 'text': 'Mitglieder', 'id': 7, 'deprel': 'obj', 'head': 4}}]",['SVO']
897,"Die Basketballmeisterschaft der Frauen, die von der Amateur Athletic Union organisiert wurde, verwendete die für den Männer-Basketball vorgeschriebenen Regeln.",1,"[{'subject': {'upos': 'NOUN', 'text': 'Basketballmeisterschaft', 'id': 2, 'deprel': 'nsubj', 'head': 15}, 'verb': {'upos': 'VERB', 'text': 'verwendete', 'id': 15, 'deprel': 'root', 'head': 0}, 'object': {'upos': 'NOUN', 'text': 'Regeln', 'id': 23, 'deprel': 'obj', 'head': 15}}]",['SVO']
1083,"Die beiden trafen sich bei den Dreharbeiten zum Film ""The Rum Diary"" im März 2010.",1,"[{'subject': {'upos': 'DET', 'text': 'beiden', 'id': 2, 'deprel': 'nsubj', 'head': 3}, 'verb': {'upos': 'VERB', 'text': 'trafen', 'id': 3, 'deprel': 'root', 'head': 0}, 'object': {'upos': 'PRON', 'text': 'sich', 'id': 4, 'deprel': 'obj', 'head': 3}}]",['SVO']
640,"Die Bergleute starben an Silikose, weil sie während der Bauarbeiten an dem Tunnel ungeschützt hohen Staubbelastungen ausgesetzt waren und keine Schutzmasken ausgehändigt wurden.",1,"[{'subject': {'upos': 'PRON', 'text': 'sie', 'id': 8, 'deprel': 'nsubj', 'head': 18}, 'object': {'upos': 'NOUN', 'text': 'Staubbelastungen', 'id': 17, 'deprel': 'obj', 'head': 18}, 'verb': {'upos': 'VERB', 'text': 'ausgesetzt', 'id': 18, 'deprel': 'advcl', 'head': 3}}]",['SOV']
509,"Die Bevölkerungswachstumsrate Chinas beträgt 0,59 %.",1,"[{'subject': {'upos': 'NOUN', 'text': 'Bevölkerungswachstumsrate', 'id': 2, 'deprel': 'nsubj', 'head': 4}, 'verb': {'upos': 'VERB', 'text': 'beträgt', 'id': 4, 'deprel': 'root', 'head': 0}, 'object': {'upos': 'NOUN', 'text': '%', 'id': 6, 'deprel': 'obj', 'head': 4}}]",['SVO']
966,Die Bevölkerungszahl in Kaliningrad im Jahr 2010 betrug 431.902 vorwiegend russische Einwohner.,1,"[{'subject': {'upos': 'NOUN', 'text': 'Bevölkerungszahl', 'id': 2, 'deprel': 'nsubj', 'head': 9}, 'verb': {'upos': 'VERB', 'text': 'betrug', 'id': 9, 'deprel': 'root', 'head': 0}, 'object': {'upos': 'NOUN', 'text': 'Einwohner', 'id': 13, 'deprel': 'obj', 'head': 9}}]",['SVO']
751,"Die Bibliothek der Universität Vilnius (VU-Bibliothek) besitzt heute rund 5,4 Mio.",1,"[{'subject': {'upos': 'NOUN', 'text': 'Bibliothek', 'id': 2, 'deprel': 'nsubj', 'head': 11}, 'verb': {'upos': 'VERB', 'text': 'besitzt', 'id': 11, 'deprel': 'root', 'head': 0}, 'object': {'upos': 'NOUN', 'text': 'Mio', 'id': 15, 'deprel': 'obj', 'head': 11}}]",['SVO']
604,"Die Bildelemente, die die Feinheit der farblichen Abstufungen wiedergeben, sind die Pixel.",1,"[{'subject': {'upos': 'PRON', 'text': 'die', 'id': 4, 'deprel': 'nsubj', 'head': 10}, 'object': {'upos': 'NOUN', 'text': 'Feinheit', 'id': 6, 'deprel': 'obj', 'head': 10}, 'verb': {'upos': 'VERB', 'text': 'wiedergeben', 'id': 10, 'deprel': 'acl', 'head': 2}}]",['SOV']
1974,Die bis dahin kaiserlichen Beamten konnten ihre Funktionen und ihre Arbeit zum großen Teil unverändert fortsetzen.,1,"[{'subject': {'upos': 'NOUN', 'text': 'Beamten', 'id': 5, 'deprel': 'nsubj', 'head': 17}, 'object': {'upos': 'NOUN', 'text': 'Funktionen', 'id': 8, 'deprel': 'obj', 'head': 17}, 'verb': {'upos': 'VERB', 'text': 'fortsetzen', 'id': 17, 'deprel': 'root', 'head': 0}}]",['SOV']
1205,"Die Blüten haben verschiedene Mechanismen, um ihre Knospe zu öffnen, aber keine explizite Hauptbestäubungsmethode wird genannt.",1,"[{'subject': {'upos': 'NOUN', 'text': 'Blüten', 'id': 2, 'deprel': 'nsubj', 'head': 3}, 'verb': {'upos': 'VERB', 'text': 'haben', 'id': 3, 'deprel': 'root', 'head': 0}, 'object': {'upos': 'NOUN', 'text': 'Mechanismen', 'id': 5, 'deprel': 'obj', 'head': 3}}]",['SVO']
1023,Die Böcke gewinnen während der Paarungszeit die Gunst der weiblichen Tiere durch ihre Kampfkraft.,1,"[{'subject': {'upos': 'NOUN', 'text': 'Böcke', 'id': 2, 'deprel': 'nsubj', 'head': 3}, 'verb': {'upos': 'VERB', 'text': 'gewinnen', 'id': 3, 'deprel': 'root', 'head': 0}, 'object': {'upos': 'NOUN', 'text': 'Gunst', 'id': 8, 'deprel': 'obj', 'head': 3}}]",['SVO']
1796,"Die Brahmanen dürfen Huhn und Fisch verzehren, außer wenn sie vegetarisch leben.",1,"[{'subject': {'upos': 'NOUN', 'text': 'Brahmanen', 'id': 2, 'deprel': 'nsubj', 'head': 7}, 'object': {'upos': 'NOUN', 'text': 'Huhn', 'id': 4, 'deprel': 'obj', 'head': 7}, 'verb': {'upos': 'VERB', 'text': 'verzehren', 'id': 7, 'deprel': 'root', 'head': 0}}]",['SOV']
468,Die britische Regierung übernahm in Folge von Korruption in Indien teilweise die Kontrolle.,1,"[{'subject': {'upos': 'NOUN', 'text': 'Regierung', 'id': 3, 'deprel': 'nsubj', 'head': 4}, 'verb': {'upos': 'VERB', 'text': 'übernahm', 'id': 4, 'deprel': 'root', 'head': 0}, 'object': {'upos': 'NOUN', 'text': 'Kontrolle', 'id': 13, 'deprel': 'obj', 'head': 4}}]",['SVO']
194,"Die C-Standard-Bibliothek stellt keine genormten Container-Datentypen, Unterstützung für grafische Benutzeroberflächen, Netzwerkfunktionalitäten und andere Funktionen bereit, die in anderen Sprachen heute selbstverständlich vorhanden sind.",1,"[{'subject': {'upos': 'PROPN', 'text': 'C', 'id': 2, 'deprel': 'nsubj', 'head': 7}, 'verb': {'upos': 'VERB', 'text': 'stellt', 'id': 7, 'deprel': 'root', 'head': 0}, 'object': {'upos': 'NOUN', 'text': 'Datentypen', 'id': 12, 'deprel': 'obj', 'head': 7}}]",['SVO']
1300,Die CEMS unterzeichnete die PRME-Erklärung (Principles for Responsible Management Education).,1,"[{'subject': {'upos': 'PROPN', 'text': 'CEMS', 'id': 2, 'deprel': 'nsubj', 'head': 3}, 'verb': {'upos': 'VERB', 'text': 'unterzeichnete', 'id': 3, 'deprel': 'root', 'head': 0}, 'object': {'upos': 'PROPN', 'text': 'PRME', 'id': 5, 'deprel': 'obj', 'head': 3}}]",['SVO']
1303,Die CEMS-Absolventen gründeten die CEMS Alumni Assoziation (CAA) im Jahr 1993.,1,"[{'subject': {'upos': 'NOUN', 'text': 'Absolventen', 'id': 4, 'deprel': 'nsubj', 'head': 5}, 'verb': {'upos': 'VERB', 'text': 'gründeten', 'id': 5, 'deprel': 'root', 'head': 0}, 'object': {'upos': 'PROPN', 'text': 'CEMS', 'id': 7, 'deprel': 'obj', 'head': 5}}]",['SVO']
1666,"Die chinesischen Texte geben Hinweise, durch welche die Frühgeschichte des Bruneiischen Großreichs rekonstruiert werden kann.",1,"[{'subject': {'upos': 'NOUN', 'text': 'Texte', 'id': 3, 'deprel': 'nsubj', 'head': 4}, 'verb': {'upos': 'VERB', 'text': 'geben', 'id': 4, 'deprel': 'root', 'head': 0}, 'object': {'upos': 'NOUN', 'text': 'Hinweise', 'id': 5, 'deprel': 'obj', 'head': 4}}]",['SVO']
0,Die Dampfexplosion schleuderte Vulkanasche zwischen 3050 und 3350 Meter hoch über den Krater hinaus.,1,"[{'subject': {'upos': 'NOUN', 'text': 'Dampfexplosion', 'id': 2, 'deprel': 'nsubj', 'head': 3}, 'verb': {'upos': 'VERB', 'text': 'schleuderte', 'id': 3, 'deprel': 'root', 'head': 0}, 'object': {'upos': 'NOUN', 'text': 'Vulkanasche', 'id': 4, 'deprel': 'obj', 'head': 3}}]",['SVO']
298,Die Dekolonisation Afrikas und der Karibik beschleunigte sich in den 1960er und 1970er Jahren.,1,"[{'subject': {'upos': 'NOUN', 'text': 'Dekolonisation', 'id': 2, 'deprel': 'nsubj', 'head': 7}, 'verb': {'upos': 'VERB', 'text': 'beschleunigte', 'id': 7, 'deprel': 'root', 'head': 0}, 'object': {'upos': 'PRON', 'text': 'sich', 'id': 8, 'deprel': 'obj', 'head': 7}}]",['SVO']
532,Die Diät des Beutelteufels hängt ab von den zur Verfügung stehenden Nahrungsquellen und beträgt im Schnitt etwa 15 Prozent seines Körpergewichts pro Mahlzeit.,1,"[{'subject': {'upos': 'NOUN', 'text': 'Diät', 'id': 2, 'deprel': 'nsubj', 'head': 5}, 'verb': {'upos': 'VERB', 'text': 'beträgt', 'id': 15, 'deprel': 'conj', 'head': 5}, 'object': {'upos': 'NOUN', 'text': 'Prozent', 'id': 21, 'deprel': 'obj', 'head': 15}}]",['SVO']
396,"Die durchschnittliche Familiengröße beträgt 3,21 Personen.",1,"[{'subject': {'upos': 'NOUN', 'text': 'Familiengröße', 'id': 3, 'deprel': 'nsubj', 'head': 4}, 'verb': {'upos': 'VERB', 'text': 'beträgt', 'id': 4, 'deprel': 'root', 'head': 0}, 'object': {'upos': 'NOUN', 'text': 'Personen', 'id': 6, 'deprel': 'obj', 'head': 4}}]",['SVO']
1647,"Die Eier haben drei Schichten, bevor sie in Schichten zusammengesetzt bekannt sind.",1,"[{'subject': {'upos': 'NOUN', 'text': 'Eier', 'id': 2, 'deprel': 'nsubj', 'head': 3}, 'verb': {'upos': 'VERB', 'text': 'haben', 'id': 3, 'deprel': 'root', 'head': 0}, 'object': {'upos': 'NOUN', 'text': 'Schichten', 'id': 5, 'deprel': 'obj', 'head': 3}}]",['SVO']
1472,"Die Eltern des Jungen, Ronaldo, trafen sich in Tokio während der Weltmeisterschaft 2002.",1,"[{'subject': {'upos': 'NOUN', 'text': 'Eltern', 'id': 2, 'deprel': 'nsubj', 'head': 8}, 'verb': {'upos': 'VERB', 'text': 'trafen', 'id': 8, 'deprel': 'root', 'head': 0}, 'object': {'upos': 'PRON', 'text': 'sich', 'id': 9, 'deprel': 'obj', 'head': 8}}]",['SVO']
668,Die Engländer entsandten Streitkräfte nach Pune.,1,"[{'subject': {'upos': 'NOUN', 'text': 'Engländer', 'id': 2, 'deprel': 'nsubj', 'head': 3}, 'verb': {'upos': 'VERB', 'text': 'entsandten', 'id': 3, 'deprel': 'root', 'head': 0}, 'object': {'upos': 'NOUN', 'text': 'Streitkräfte', 'id': 4, 'deprel': 'obj', 'head': 3}}]",['SVO']
1703,Die Entdecker kartierten das Gebiet des heutigen Staats Minnesota.,1,"[{'subject': {'upos': 'NOUN', 'text': 'Entdecker', 'id': 2, 'deprel': 'nsubj', 'head': 3}, 'verb': {'upos': 'VERB', 'text': 'kartierten', 'id': 3, 'deprel': 'root', 'head': 0}, 'object': {'upos': 'NOUN', 'text': 'Gebiet', 'id': 5, 'deprel': 'obj', 'head': 3}}]",['SVO']
1452,"Die Entwicklungsländer, Wissenschaftler und nichtstaatliche Organisationen (NGOs) kritisierten das TRIPS-Abkommen am stärksten.",1,"[{'subject': {'upos': 'NOUN', 'text': 'Entwicklungsländer', 'id': 2, 'deprel': 'nsubj', 'head': 11}, 'verb': {'upos': 'VERB', 'text': 'kritisierten', 'id': 11, 'deprel': 'root', 'head': 0}, 'object': {'upos': 'PROPN', 'text': 'TRIPS', 'id': 13, 'deprel': 'obj', 'head': 11}}]",['SVO']
1315,Die erwachsenen Vögel haben eine dunkelbraune Körperoberseite und dunkelbraune Augen.,1,"[{'subject': {'upos': 'NOUN', 'text': 'Vögel', 'id': 3, 'deprel': 'nsubj', 'head': 4}, 'verb': {'upos': 'VERB', 'text': 'haben', 'id': 4, 'deprel': 'root', 'head': 0}, 'object': {'upos': 'NOUN', 'text': 'Körperoberseite', 'id': 7, 'deprel': 'obj', 'head': 4}}]",['SVO']
1930,Die Fazilität für den Privaten Sektor (PSF) konzentriert sich auf Entwicklungsländer.,1,"[{'subject': {'upos': 'NOUN', 'text': 'Fazilität', 'id': 2, 'deprel': 'nsubj', 'head': 10}, 'verb': {'upos': 'VERB', 'text': 'konzentriert', 'id': 10, 'deprel': 'root', 'head': 0}, 'object': {'upos': 'PRON', 'text': 'sich', 'id': 11, 'deprel': 'obj', 'head': 10}}]",['SVO']
889,Die FIFA im International Football Association Board setzt sich aus 4 Vertretern der FIFA und 4 Vertretern der vier britischen Verbände zusammen.,1,"[{'subject': {'upos': 'PROPN', 'text': 'FIFA', 'id': 2, 'deprel': 'nsubj', 'head': 9}, 'verb': {'upos': 'VERB', 'text': 'setzt', 'id': 9, 'deprel': 'root', 'head': 0}, 'object': {'upos': 'PRON', 'text': 'sich', 'id': 10, 'deprel': 'obj', 'head': 9}}]",['SVO']
1067,"Die Firma, die sich 1992 in Coopers & Lybrand umbenannte, war Price Waterhouse & Co.",1,"[{'subject': {'upos': 'PRON', 'text': 'die', 'id': 4, 'deprel': 'nsubj', 'head': 11}, 'object': {'upos': 'PRON', 'text': 'sich', 'id': 5, 'deprel': 'obj', 'head': 11}, 'verb': {'upos': 'VERB', 'text': 'umbenannte', 'id': 11, 'deprel': 'acl', 'head': 2}}]",['SOV']
1517,Die Flügelspannweite des Schlangenhalsvogels beträgt im Durchschnitt etwa 120 cm.,1,"[{'subject': {'upos': 'NOUN', 'text': 'Flügelspannweite', 'id': 2, 'deprel': 'nsubj', 'head': 5}, 'verb': {'upos': 'VERB', 'text': 'beträgt', 'id': 5, 'deprel': 'root', 'head': 0}, 'object': {'upos': 'NOUN', 'text': 'cm', 'id': 11, 'deprel': 'obj', 'head': 5}}]",['SVO']
658,Die Fluggesellschaft bekam im Mai 1995 ihren neuen Namen ČSA Czech Airlines.,1,"[{'subject': {'upos': 'NOUN', 'text': 'Fluggesellschaft', 'id': 2, 'deprel': 'nsubj', 'head': 3}, 'verb': {'upos': 'VERB', 'text': 'bekam', 'id': 3, 'deprel': 'root', 'head': 0}, 'object': {'upos': 'NOUN', 'text': 'Namen', 'id': 10, 'deprel': 'obj', 'head': 3}}]",['SVO']
659,Die Fluggesellschaft ČSA hatte im März 2007 5440 Mitarbeiter beschäftigt.,1,"[{'subject': {'upos': 'NOUN', 'text': 'Fluggesellschaft', 'id': 2, 'deprel': 'nsubj', 'head': 11}, 'object': {'upos': 'NOUN', 'text': 'Mitarbeiter', 'id': 10, 'deprel': 'obj', 'head': 11}, 'verb': {'upos': 'VERB', 'text': 'beschäftigt', 'id': 11, 'deprel': 'root', 'head': 0}}]",['SOV']
723,Die Formel verbindet die komplexen Zahlen mit der Trigonometrie.,1,"[{'subject': {'upos': 'NOUN', 'text': 'Formel', 'id': 2, 'deprel': 'nsubj', 'head': 3}, 'verb': {'upos': 'VERB', 'text': 'verbindet', 'id': 3, 'deprel': 'root', 'head': 0}, 'object': {'upos': 'NOUN', 'text': 'Zahlen', 'id': 6, 'deprel': 'obj', 'head': 3}}]",['SVO']
1339,"Die Frage bezieht sich auf den Bloody Sunday-Marsch in Selma, Alabama.",1,"[{'subject': {'upos': 'NOUN', 'text': 'Frage', 'id': 2, 'deprel': 'nsubj', 'head': 3}, 'verb': {'upos': 'VERB', 'text': 'bezieht', 'id': 3, 'deprel': 'root', 'head': 0}, 'object': {'upos': 'PRON', 'text': 'sich', 'id': 4, 'deprel': 'obj', 'head': 3}}]",['SVO']
979,"Die Frage bezieht sich auf JC Gonzalez, aber es gibt in den vorgegebenen Texten keine Information über einen Preis, der ihm verliehen wurde.",1,"[{'subject': {'upos': 'NOUN', 'text': 'Frage', 'id': 2, 'deprel': 'nsubj', 'head': 3}, 'verb': {'upos': 'VERB', 'text': 'bezieht', 'id': 3, 'deprel': 'root', 'head': 0}, 'object': {'upos': 'PRON', 'text': 'sich', 'id': 4, 'deprel': 'obj', 'head': 3}}]",['SVO']
968,Die Friedrich-Naumann-Stiftung für die Freiheit unterhält auf nationaler Ebene acht Regionalbüros und arbeitet mit zehn Landesstiftungen für liberale Politik zusammen.,1,"[{'subject': {'upos': 'PROPN', 'text': 'Friedrich', 'id': 2, 'deprel': 'nsubj', 'head': 10}, 'verb': {'upos': 'VERB', 'text': 'unterhält', 'id': 10, 'deprel': 'root', 'head': 0}, 'object': {'upos': 'NOUN', 'text': 'Regionalbüros', 'id': 15, 'deprel': 'obj', 'head': 10}}]",['SVO']
1643,"Die frühesten Amnioten hatten ein Kiefergelenk, das aus dem Articulare und dem Quadratum zusammengesetzt war.",1,"[{'subject': {'upos': 'NOUN', 'text': 'Amnioten', 'id': 3, 'deprel': 'nsubj', 'head': 4}, 'verb': {'upos': 'VERB', 'text': 'hatten', 'id': 4, 'deprel': 'root', 'head': 0}, 'object': {'upos': 'NOUN', 'text': 'Kiefergelenk', 'id': 6, 'deprel': 'obj', 'head': 4}}]",['SVO']
1902,"Die G-15 konzentrierte sich auf die Kooperation von Entwicklungsländern auf den Gebieten der Investitionen, des Handels und der Technologie.",1,"[{'subject': {'upos': 'PROPN', 'text': 'G-15', 'id': 2, 'deprel': 'nsubj', 'head': 3}, 'verb': {'upos': 'VERB', 'text': 'konzentrierte', 'id': 3, 'deprel': 'root', 'head': 0}, 'object': {'upos': 'PRON', 'text': 'sich', 'id': 4, 'deprel': 'obj', 'head': 3}}]",['SVO']
1321,Die Gazelle wog rund 25 Kilogramm.,1,"[{'subject': {'upos': 'NOUN', 'text': 'Gazelle', 'id': 2, 'deprel': 'nsubj', 'head': 3}, 'verb': {'upos': 'VERB', 'text': 'wog', 'id': 3, 'deprel': 'root', 'head': 0}, 'object': {'upos': 'NOUN', 'text': 'Kilogramm', 'id': 6, 'deprel': 'obj', 'head': 3}}]",['SVO']
1817,"Die Gelehrten bezweifelten, ob Theoderich tatsächlich eine Gesetzgebung vornahm.",1,"[{'subject': {'upos': 'PROPN', 'text': 'Theoderich', 'id': 6, 'deprel': 'nsubj', 'head': 10}, 'object': {'upos': 'NOUN', 'text': 'Gesetzgebung', 'id': 9, 'deprel': 'obj', 'head': 10}, 'verb': {'upos': 'VERB', 'text': 'vornahm', 'id': 10, 'deprel': 'ccomp', 'head': 3}}]",['SOV']
1488,"Die Gemeine Sandrasselotter (E.carinatus) ernährt sich vor allem von Kleinsäugern wie Mäusen und Ratten sowie von anderen Kleintieren wie Vögel, Echsen, Frösche und anderen Schlangen.",1,"[{'subject': {'upos': 'PROPN', 'text': 'Sandrasselotter', 'id': 3, 'deprel': 'nsubj', 'head': 7}, 'verb': {'upos': 'VERB', 'text': 'ernährt', 'id': 7, 'deprel': 'root', 'head': 0}, 'object': {'upos': 'PRON', 'text': 'sich', 'id': 8, 'deprel': 'obj', 'head': 7}}]",['SVO']
739,"Die geschätzte Zahl der Leser des Spectator lag bei etwa 60.000, was ein Zehntel der Bevölkerung Londons entsprach.",1,"[{'subject': {'upos': 'PRON', 'text': 'was', 'id': 13, 'deprel': 'nsubj', 'head': 19}, 'object': {'upos': 'NOUN', 'text': 'Zehntel', 'id': 15, 'deprel': 'obj', 'head': 19}, 'verb': {'upos': 'VERB', 'text': 'entsprach', 'id': 19, 'deprel': 'acl', 'head': 8}}]",['SOV']
432,Die Geschlechter der Weißbrauengibbons unterscheiden sich hinsichtlich der Fellfärbung.,1,"[{'subject': {'upos': 'NOUN', 'text': 'Geschlechter', 'id': 2, 'deprel': 'nsubj', 'head': 5}, 'verb': {'upos': 'VERB', 'text': 'unterscheiden', 'id': 5, 'deprel': 'root', 'head': 0}, 'object': {'upos': 'PRON', 'text': 'sich', 'id': 6, 'deprel': 'obj', 'head': 5}}]",['SVO']
473,"Die gesetzgebenden Kammern für Indien, auch Indian Legislature genannt, beschäftigen sich mit staatlicher Gesetzgebung.",1,"[{'subject': {'upos': 'NOUN', 'text': 'Kammern', 'id': 3, 'deprel': 'nsubj', 'head': 12}, 'verb': {'upos': 'VERB', 'text': 'beschäftigen', 'id': 12, 'deprel': 'root', 'head': 0}, 'object': {'upos': 'PRON', 'text': 'sich', 'id': 13, 'deprel': 'obj', 'head': 12}}]",['SVO']
1972,Die Gewerkschaftsführer trafen sich vom 9. bis 12.,1,"[{'subject': {'upos': 'NOUN', 'text': 'Gewerkschaftsführer', 'id': 2, 'deprel': 'nsubj', 'head': 3}, 'verb': {'upos': 'VERB', 'text': 'trafen', 'id': 3, 'deprel': 'root', 'head': 0}, 'object': {'upos': 'PRON', 'text': 'sich', 'id': 4, 'deprel': 'obj', 'head': 3}}]",['SVO']
801,"Die Gewürzpulvermischung Chat Masala enthält Amchoor (Mangopulver), Asafoetida, Kreuzkümmel, Granatapfelsamen, Ingwer, Kala Namak (schwarzes Salz), Koriander, Paprika, schwarzer Pfeffer und Salz.",1,"[{'subject': {'upos': 'NOUN', 'text': 'Gewürzpulvermischung', 'id': 2, 'deprel': 'nsubj', 'head': 5}, 'verb': {'upos': 'VERB', 'text': 'enthält', 'id': 5, 'deprel': 'root', 'head': 0}, 'object': {'upos': 'PROPN', 'text': 'Amchoor', 'id': 6, 'deprel': 'obj', 'head': 5}}]",['SVO']
258,"Die Goumiers begingen massenhaft Verbrechen in Italien, während der Schlacht um Monte Cassino.",1,"[{'subject': {'upos': 'PROPN', 'text': 'Goumiers', 'id': 2, 'deprel': 'nsubj', 'head': 3}, 'verb': {'upos': 'VERB', 'text': 'begingen', 'id': 3, 'deprel': 'root', 'head': 0}, 'object': {'upos': 'NOUN', 'text': 'Verbrechen', 'id': 5, 'deprel': 'obj', 'head': 3}}]",['SVO']
1576,"Die Graf kam nach seiner Flucht aus Europa 1938 in die Niederlande und von dort in die USA, wo er sich im Juli in New York City niederließ.",1,"[{'subject': {'upos': 'PRON', 'text': 'er', 'id': 21, 'deprel': 'nsubj', 'head': 30}, 'object': {'upos': 'PRON', 'text': 'sich', 'id': 22, 'deprel': 'obj', 'head': 30}, 'verb': {'upos': 'VERB', 'text': 'niederließ', 'id': 30, 'deprel': 'acl', 'head': 18}}]",['SOV']
1936,"Die Gravity-Daniell-Elemente ersetzten die frühe elektrische Primärzelle, das Grove-Element, in der Telegrafie ab den 1860er Jahren.",1,"[{'subject': {'upos': 'PROPN', 'text': 'Gravity', 'id': 2, 'deprel': 'nsubj', 'head': 7}, 'verb': {'upos': 'VERB', 'text': 'ersetzten', 'id': 7, 'deprel': 'root', 'head': 0}, 'object': {'upos': 'NOUN', 'text': 'Primärzelle', 'id': 11, 'deprel': 'obj', 'head': 7}}]",['SVO']
356,"Die groß angelegten Operationen der australischen Truppen wurden nicht explizit eingestellt, sondern sie führten bis Kriegsende weiterhin groß angelegte Operationen an Nebenfronten durch.",1,"[{'subject': {'upos': 'PRON', 'text': 'sie', 'id': 14, 'deprel': 'nsubj', 'head': 15}, 'verb': {'upos': 'VERB', 'text': 'führten', 'id': 15, 'deprel': 'conj', 'head': 11}, 'object': {'upos': 'NOUN', 'text': 'Operationen', 'id': 21, 'deprel': 'obj', 'head': 15}}]",['SVO']
1274,"Die größten Naadam-Spiele finden in der Hauptstadt Ulaanbaatar statt, aber auch andere Städte feiern die Turniere in kleinerem Umfang.",1,"[{'subject': {'upos': 'NOUN', 'text': 'Städte', 'id': 16, 'deprel': 'nsubj', 'head': 17}, 'verb': {'upos': 'VERB', 'text': 'feiern', 'id': 17, 'deprel': 'conj', 'head': 6}, 'object': {'upos': 'NOUN', 'text': 'Turniere', 'id': 19, 'deprel': 'obj', 'head': 17}}]",['SVO']
1508,"Die Gruppe wollte ursprünglich als ""Sons of Jonas"" auftreten, bevor sie sich auf den Namen ""Jonas Brothers"" festlegten.",1,"[{'subject': {'upos': 'PRON', 'text': 'sie', 'id': 14, 'deprel': 'nsubj', 'head': 23}, 'object': {'upos': 'PRON', 'text': 'sich', 'id': 15, 'deprel': 'obj', 'head': 23}, 'verb': {'upos': 'VERB', 'text': 'festlegten', 'id': 23, 'deprel': 'advcl', 'head': 11}}]",['SOV']
1580,"Die Gruppe, die sich in Halifax zu sehr von der Regierung getrennt sah, hieß die Loyalisten.",1,"[{'subject': {'upos': 'PRON', 'text': 'die', 'id': 4, 'deprel': 'nsubj', 'head': 14}, 'object': {'upos': 'PRON', 'text': 'sich', 'id': 5, 'deprel': 'obj', 'head': 14}, 'verb': {'upos': 'VERB', 'text': 'sah', 'id': 14, 'deprel': 'acl', 'head': 2}}]",['SOV']
8,"Die Hakka haben einen hohen Anteil an der Bevölkerung Miaolis, die Stadt ist eines ihrer Zentren in Taiwan.",1,"[{'subject': {'upos': 'PROPN', 'text': 'Hakka', 'id': 2, 'deprel': 'nsubj', 'head': 3}, 'verb': {'upos': 'VERB', 'text': 'haben', 'id': 3, 'deprel': 'root', 'head': 0}, 'object': {'upos': 'NOUN', 'text': 'Anteil', 'id': 6, 'deprel': 'obj', 'head': 3}}]",['SVO']
106,Die Herzöge von Spoleto führten mit Unterbrechungen Krieg gegen das byzantinische Exarchat Ravenna.,1,"[{'subject': {'upos': 'NOUN', 'text': 'Herzöge', 'id': 2, 'deprel': 'nsubj', 'head': 5}, 'verb': {'upos': 'VERB', 'text': 'führten', 'id': 5, 'deprel': 'root', 'head': 0}, 'object': {'upos': 'NOUN', 'text': 'Krieg', 'id': 8, 'deprel': 'obj', 'head': 5}}]",['SVO']
135,Die Honolulu hat Espírito Santo am 11.,1,"[{'subject': {'upos': 'PROPN', 'text': 'Honolulu', 'id': 2, 'deprel': 'nsubj', 'head': 3}, 'verb': {'upos': 'VERB', 'text': 'hat', 'id': 3, 'deprel': 'root', 'head': 0}, 'object': {'upos': 'PROPN', 'text': 'Espírito', 'id': 4, 'deprel': 'obj', 'head': 3}}]",['SVO']
1743,Die Howard-Regierung hat das Transport- und Telekommunikationswesen dereguliert.,1,"[{'subject': {'upos': 'PROPN', 'text': 'Howard', 'id': 2, 'deprel': 'nsubj', 'head': 11}, 'object': {'upos': 'NOUN', 'text': 'Transport', 'id': 7, 'deprel': 'obj', 'head': 11}, 'verb': {'upos': 'VERB', 'text': 'dereguliert', 'id': 11, 'deprel': 'root', 'head': 0}}]",['SOV']
399,Die Interstate 5 bewegt sich am Dana Point von der Küste ins Inland in nördliche Richtung nach Mission Viejo.,1,"[{'subject': {'upos': 'PROPN', 'text': 'Interstate', 'id': 2, 'deprel': 'nsubj', 'head': 4}, 'verb': {'upos': 'VERB', 'text': 'bewegt', 'id': 4, 'deprel': 'root', 'head': 0}, 'object': {'upos': 'PRON', 'text': 'sich', 'id': 5, 'deprel': 'obj', 'head': 4}}]",['SVO']
443,Die isländische Route 1 führt durch die Außenbezirke von Reykjavík und erstreckt sich nach Osten weiter über die Hellisheiði Richtung Selfoss und nach Nordwesten Richtung Akranes und Borgarnes.,1,"[{'subject': {'upos': 'NOUN', 'text': 'Route', 'id': 3, 'deprel': 'nsubj', 'head': 5}, 'verb': {'upos': 'VERB', 'text': 'erstreckt', 'id': 12, 'deprel': 'conj', 'head': 5}, 'object': {'upos': 'PRON', 'text': 'sich', 'id': 13, 'deprel': 'obj', 'head': 12}}]",['SVO']
104,"Die Japaner erlitten auf Leyte etwa 49.000 Verluste, darunter vier Divisionen und 26 große Kriegsschiffe.",1,"[{'subject': {'upos': 'NOUN', 'text': 'Japaner', 'id': 2, 'deprel': 'nsubj', 'head': 3}, 'verb': {'upos': 'VERB', 'text': 'erlitten', 'id': 3, 'deprel': 'root', 'head': 0}, 'object': {'upos': 'NOUN', 'text': 'Verluste', 'id': 8, 'deprel': 'obj', 'head': 3}}]",['SVO']
534,Die Jungtiere von Beutelteufelweibchen hängen 100 Tage an den Brustwarzen ihrer Mutter.,1,"[{'subject': {'upos': 'NOUN', 'text': 'Jungtiere', 'id': 2, 'deprel': 'nsubj', 'head': 5}, 'verb': {'upos': 'VERB', 'text': 'hängen', 'id': 5, 'deprel': 'root', 'head': 0}, 'object': {'upos': 'NOUN', 'text': 'Tage', 'id': 7, 'deprel': 'obj', 'head': 5}}]",['SVO']
1178,"Die Kanzlei, in der Michelle Robinson und Barack Obama sich kennenlernten, ist Sidley & Austin.",1,"[{'subject': {'upos': 'PROPN', 'text': 'Michelle', 'id': 6, 'deprel': 'nsubj', 'head': 12}, 'object': {'upos': 'PRON', 'text': 'sich', 'id': 11, 'deprel': 'obj', 'head': 12}, 'verb': {'upos': 'VERB', 'text': 'kennenlernten', 'id': 12, 'deprel': 'acl', 'head': 2}}]",['SOV']
50,"Die Kohlenstoffaussonderung kann den Effekt der Verbrennung fossiler Brennstoffe solange vermindern, bis erneuerbare Energien kostengünstig zur Verfügung stehen.",1,"[{'subject': {'upos': 'NOUN', 'text': 'Kohlenstoffaussonderung', 'id': 2, 'deprel': 'nsubj', 'head': 11}, 'object': {'upos': 'NOUN', 'text': 'Effekt', 'id': 5, 'deprel': 'obj', 'head': 11}, 'verb': {'upos': 'VERB', 'text': 'vermindern', 'id': 11, 'deprel': 'root', 'head': 0}}]",['SOV']
488,"Die Krankheit trat nach zwei Wochen in den befallenen Orten nicht mehr auf, nur im Osten der Schweiz hielt sie sich etwas länger.",1,"[{'verb': {'upos': 'VERB', 'text': 'hielt', 'id': 21, 'deprel': 'conj', 'head': 3}, 'subject': {'upos': 'PRON', 'text': 'sie', 'id': 22, 'deprel': 'nsubj', 'head': 21}, 'object': {'upos': 'PRON', 'text': 'sich', 'id': 23, 'deprel': 'obj', 'head': 21}}]",['VSO']
1090,Die Kreuzfahrt der Queen Mary 2 dauerte 81 Tage.,1,"[{'subject': {'upos': 'NOUN', 'text': 'Kreuzfahrt', 'id': 2, 'deprel': 'nsubj', 'head': 7}, 'verb': {'upos': 'VERB', 'text': 'dauerte', 'id': 7, 'deprel': 'root', 'head': 0}, 'object': {'upos': 'NOUN', 'text': 'Tage', 'id': 9, 'deprel': 'obj', 'head': 7}}]",['SVO']
1495,"Die Kulturen Gujarats, Rajasthans und Marathas haben die Entwicklung der Region Malwa beeinflusst.",1,"[{'subject': {'upos': 'NOUN', 'text': 'Kulturen', 'id': 2, 'deprel': 'nsubj', 'head': 14}, 'object': {'upos': 'NOUN', 'text': 'Entwicklung', 'id': 10, 'deprel': 'obj', 'head': 14}, 'verb': {'upos': 'VERB', 'text': 'beeinflusst', 'id': 14, 'deprel': 'root', 'head': 0}}]",['SOV']
1106,"Die Länder sollten bei der Erstellung ihrer eigenen Listen die Kriterien der Krankheitshäufigkeit, der Wirksamkeit und Sicherheit sowie der Kosteneffektivität berücksichtigen, die von der WHO-Liste vorgegeben werden.",1,"[{'subject': {'upos': 'NOUN', 'text': 'Länder', 'id': 2, 'deprel': 'nsubj', 'head': 22}, 'object': {'upos': 'NOUN', 'text': 'Kriterien', 'id': 11, 'deprel': 'obj', 'head': 22}, 'verb': {'upos': 'VERB', 'text': 'berücksichtigen', 'id': 22, 'deprel': 'root', 'head': 0}}]",['SOV']
177,Die Lehre Jesu Christi symbolisiert das Portal.,1,"[{'subject': {'upos': 'NOUN', 'text': 'Lehre', 'id': 2, 'deprel': 'nsubj', 'head': 5}, 'verb': {'upos': 'VERB', 'text': 'symbolisiert', 'id': 5, 'deprel': 'root', 'head': 0}, 'object': {'upos': 'NOUN', 'text': 'Portal', 'id': 7, 'deprel': 'obj', 'head': 5}}]",['SVO']
94,Die letzten US-Truppen verließen Usbekistan im November 2005.,1,"[{'subject': {'upos': 'PROPN', 'text': 'US', 'id': 3, 'deprel': 'nsubj', 'head': 6}, 'verb': {'upos': 'VERB', 'text': 'verließen', 'id': 6, 'deprel': 'root', 'head': 0}, 'object': {'upos': 'PROPN', 'text': 'Usbekistan', 'id': 7, 'deprel': 'obj', 'head': 6}}]",['SVO']
1302,"Die Local-Committees (LCs) treffen sich regelmäßig, um die Aktivitäten und Entwicklung der CEMS Alumni Assoziation zu erörtern.",1,"[{'subject': {'upos': 'PROPN', 'text': 'Committees', 'id': 4, 'deprel': 'nsubj', 'head': 8}, 'verb': {'upos': 'VERB', 'text': 'treffen', 'id': 8, 'deprel': 'root', 'head': 0}, 'object': {'upos': 'PRON', 'text': 'sich', 'id': 9, 'deprel': 'obj', 'head': 8}}]",['SVO']
1453,Die Luftfahrtrakete landete in der Inneren Mongolei nach 117 Erdumrundungen nach 7 Tagen 10 Stunden und 22 Minuten.,1,"[{'subject': {'upos': 'NOUN', 'text': 'Luftfahrtrakete', 'id': 2, 'deprel': 'nsubj', 'head': 3}, 'verb': {'upos': 'VERB', 'text': 'landete', 'id': 3, 'deprel': 'root', 'head': 0}, 'object': {'upos': 'NOUN', 'text': 'Stunden', 'id': 15, 'deprel': 'obj', 'head': 3}}]",['SVO']
1828,Die meisten akademischen Institutionen der Tschechischen Akademie der Wissenschaften (AV ČR) haben ihren Sitz in Prag.,1,"[{'subject': {'upos': 'NOUN', 'text': 'Institutionen', 'id': 4, 'deprel': 'nsubj', 'head': 14}, 'verb': {'upos': 'VERB', 'text': 'haben', 'id': 14, 'deprel': 'root', 'head': 0}, 'object': {'upos': 'NOUN', 'text': 'Sitz', 'id': 16, 'deprel': 'obj', 'head': 14}}]",['SVO']
211,Die meisten der überlebenden Japaner erreichen die japanischen Stellungen bei Taivu Point und funkten an das Hauptquartier der 17.,1,"[{'subject': {'upos': 'DET', 'text': 'meisten', 'id': 2, 'deprel': 'nsubj', 'head': 6}, 'verb': {'upos': 'VERB', 'text': 'erreichen', 'id': 6, 'deprel': 'root', 'head': 0}, 'object': {'upos': 'NOUN', 'text': 'Stellungen', 'id': 9, 'deprel': 'obj', 'head': 6}}]",['SVO']
1507,"Die meisten RDBMS-Systeme, die OLTP-fokussiert sind, haben eine zeilenorientierte Organisation.",1,"[{'subject': {'upos': 'PROPN', 'text': 'RDBMS', 'id': 3, 'deprel': 'nsubj', 'head': 13}, 'verb': {'upos': 'VERB', 'text': 'haben', 'id': 13, 'deprel': 'root', 'head': 0}, 'object': {'upos': 'NOUN', 'text': 'Organisation', 'id': 16, 'deprel': 'obj', 'head': 13}}]",['SVO']
257,Die Meller-Manguste hat den lateinischen Namen Rhynchogale melleri.,1,"[{'subject': {'upos': 'PROPN', 'text': 'Meller', 'id': 2, 'deprel': 'nsubj', 'head': 5}, 'verb': {'upos': 'VERB', 'text': 'hat', 'id': 5, 'deprel': 'root', 'head': 0}, 'object': {'upos': 'NOUN', 'text': 'Namen', 'id': 8, 'deprel': 'obj', 'head': 5}}]",['SVO']
36,Die Messungen führten sie in Höhen von 4680 und 4340 m durch.,1,"[{'subject': {'upos': 'NOUN', 'text': 'Messungen', 'id': 2, 'deprel': 'nsubj', 'head': 3}, 'verb': {'upos': 'VERB', 'text': 'führten', 'id': 3, 'deprel': 'root', 'head': 0}, 'object': {'upos': 'PRON', 'text': 'sie', 'id': 4, 'deprel': 'obj', 'head': 3}}]",['SVO']
837,"Die Minderheitsproduzenten teilen den finanziellen Erlös auf, je nach Höhe ihrer finanziellen Beteiligung an einer Produktion.",1,"[{'subject': {'upos': 'NOUN', 'text': 'Minderheitsproduzenten', 'id': 2, 'deprel': 'nsubj', 'head': 3}, 'verb': {'upos': 'VERB', 'text': 'teilen', 'id': 3, 'deprel': 'root', 'head': 0}, 'object': {'upos': 'NOUN', 'text': 'Erlös', 'id': 6, 'deprel': 'obj', 'head': 3}}]",['SVO']
727,Die Missouri General Assembly enthält ein Repräsentantenhaus und einen Senat.,1,"[{'subject': {'upos': 'PROPN', 'text': 'Missouri', 'id': 2, 'deprel': 'nsubj', 'head': 5}, 'verb': {'upos': 'VERB', 'text': 'enthält', 'id': 5, 'deprel': 'root', 'head': 0}, 'object': {'upos': 'NOUN', 'text': 'Repräsentantenhaus', 'id': 7, 'deprel': 'obj', 'head': 5}}]",['SVO']
1270,Die Mongolei hat nie ein olympisches Spiel verpasst.,1,"[{'subject': {'upos': 'PROPN', 'text': 'Mongolei', 'id': 2, 'deprel': 'nsubj', 'head': 8}, 'object': {'upos': 'NOUN', 'text': 'Spiel', 'id': 7, 'deprel': 'obj', 'head': 8}, 'verb': {'upos': 'VERB', 'text': 'verpasst', 'id': 8, 'deprel': 'root', 'head': 0}}]",['SOV']
1887,"Die Musikvideos von ""Pure Grinding"" und ""For a Better Day"" sprechen sich gegen Menschenhandel und Bandengewalt aus.",1,"[{'subject': {'upos': 'NOUN', 'text': 'Musikvideos', 'id': 2, 'deprel': 'nsubj', 'head': 15}, 'verb': {'upos': 'VERB', 'text': 'sprechen', 'id': 15, 'deprel': 'root', 'head': 0}, 'object': {'upos': 'PRON', 'text': 'sich', 'id': 16, 'deprel': 'obj', 'head': 15}}]",['SVO']
1920,Die Nationalsozialisten und die Sowjetunion stellten für die Polen während des Zweiten Weltkriegs eine große Bedrohung dar.,1,"[{'subject': {'upos': 'NOUN', 'text': 'Nationalsozialisten', 'id': 2, 'deprel': 'nsubj', 'head': 6}, 'verb': {'upos': 'VERB', 'text': 'stellten', 'id': 6, 'deprel': 'root', 'head': 0}, 'object': {'upos': 'NOUN', 'text': 'Bedrohung', 'id': 16, 'deprel': 'obj', 'head': 6}}]",['SVO']
1653,Die Nelores haben eine natürliche Resistenz gegen Parasiten und Krankheiten.,1,"[{'subject': {'upos': 'PROPN', 'text': 'Nelores', 'id': 2, 'deprel': 'nsubj', 'head': 3}, 'verb': {'upos': 'VERB', 'text': 'haben', 'id': 3, 'deprel': 'root', 'head': 0}, 'object': {'upos': 'NOUN', 'text': 'Resistenz', 'id': 6, 'deprel': 'obj', 'head': 3}}]",['SVO']
1898,"Die niedrigste Schätzung, wie viele Vögel auf Puerto Rico waren, beträgt 100.000 Individuen.",1,"[{'subject': {'upos': 'NOUN', 'text': 'Schätzung', 'id': 3, 'deprel': 'nsubj', 'head': 13}, 'verb': {'upos': 'VERB', 'text': 'beträgt', 'id': 13, 'deprel': 'root', 'head': 0}, 'object': {'upos': 'NOUN', 'text': 'Individuen', 'id': 15, 'deprel': 'obj', 'head': 13}}]",['SVO']
1999,"Die Normannen eroberten nach der Schlacht die adriatische Küste des Herzogtums Benevent, die langobardische Grafschaft von Larino und die Burg von Morrone.",1,"[{'subject': {'upos': 'NOUN', 'text': 'Normannen', 'id': 2, 'deprel': 'nsubj', 'head': 3}, 'verb': {'upos': 'VERB', 'text': 'eroberten', 'id': 3, 'deprel': 'root', 'head': 0}, 'object': {'upos': 'NOUN', 'text': 'Küste', 'id': 9, 'deprel': 'obj', 'head': 3}}]",['SVO']
1688,Die Oberflächentemperatur auf dem Titan beträgt im Mittel −179 °C (94 K).,1,"[{'subject': {'upos': 'NOUN', 'text': 'Oberflächentemperatur', 'id': 2, 'deprel': 'nsubj', 'head': 6}, 'verb': {'upos': 'VERB', 'text': 'beträgt', 'id': 6, 'deprel': 'root', 'head': 0}, 'object': {'upos': 'NOUN', 'text': '°', 'id': 12, 'deprel': 'obj', 'head': 6}}]",['SVO']
1347,"Die offizielle Genehmigung der Videokodierungs-Standards H.264/MPEG-4 AVC erfolgte im Jahr 2003, als die ITU und MPEG-Visual den Standard gemeinsam verabschiedeten.",1,"[{'subject': {'upos': 'PROPN', 'text': 'ITU', 'id': 18, 'deprel': 'nsubj', 'head': 26}, 'object': {'upos': 'NOUN', 'text': 'Standard', 'id': 24, 'deprel': 'obj', 'head': 26}, 'verb': {'upos': 'VERB', 'text': 'verabschiedeten', 'id': 26, 'deprel': 'advcl', 'head': 10}}]",['SOV']
1766,"Die OLED-Technik hat eine organische Schicht, die sich zwischen zwei Elektroden befindet.",1,"[{'subject': {'upos': 'PROPN', 'text': 'OLED', 'id': 2, 'deprel': 'nsubj', 'head': 5}, 'verb': {'upos': 'VERB', 'text': 'hat', 'id': 5, 'deprel': 'root', 'head': 0}, 'object': {'upos': 'NOUN', 'text': 'Schicht', 'id': 8, 'deprel': 'obj', 'head': 5}}]",['SVO']
1935,Die OPEC-Staaten haben die IFAD-Agentur unterstützt.,1,"[{'subject': {'upos': 'PROPN', 'text': 'OPEC', 'id': 2, 'deprel': 'nsubj', 'head': 10}, 'object': {'upos': 'PROPN', 'text': 'IFAD', 'id': 7, 'deprel': 'obj', 'head': 10}, 'verb': {'upos': 'VERB', 'text': 'unterstützt', 'id': 10, 'deprel': 'root', 'head': 0}}]",['SOV']
190,Die Originalversionen der Umineko-Spiele hatten eine sehr simple Grafik und keine Sprachausgabe der Charaktere.,1,"[{'subject': {'upos': 'NOUN', 'text': 'Originalversionen', 'id': 2, 'deprel': 'nsubj', 'head': 7}, 'verb': {'upos': 'VERB', 'text': 'hatten', 'id': 7, 'deprel': 'root', 'head': 0}, 'object': {'upos': 'NOUN', 'text': 'Grafik', 'id': 11, 'deprel': 'obj', 'head': 7}}]",['SVO']
964,"Die Oxidation von Ammoniak mittels molekularem Sauerstoff wird im ersten Schritt durch das Enzym Ammoniummonooxygenase (AMO) ausgelöst, das Ammoniak zu Hydroxylamin oxidiert.",1,"[{'subject': {'upos': 'PRON', 'text': 'das', 'id': 22, 'deprel': 'nsubj', 'head': 26}, 'object': {'upos': 'NOUN', 'text': 'Ammoniak', 'id': 23, 'deprel': 'obj', 'head': 26}, 'verb': {'upos': 'VERB', 'text': 'oxidiert', 'id': 26, 'deprel': 'acl', 'head': 15}}]",['SOV']
70,Die Paläontologen fanden Skelette von Plateosaurus.,1,"[{'subject': {'upos': 'NOUN', 'text': 'Paläontologen', 'id': 2, 'deprel': 'nsubj', 'head': 3}, 'verb': {'upos': 'VERB', 'text': 'fanden', 'id': 3, 'deprel': 'root', 'head': 0}, 'object': {'upos': 'NOUN', 'text': 'Skelette', 'id': 4, 'deprel': 'obj', 'head': 3}}]",['SVO']
1356,"Die Passagiere standen vor dem Problem, dass sie nach einer nicht erfolgreichen Landung auf dem Auyan-Tepui mit sehr wenig Proviant und ohne Karten einen elf Tage dauernden Abstieg bewältigen mussten, um die nächste Siedlung Kamarata zu erreichen.",1,"[{'subject': {'upos': 'PRON', 'text': 'sie', 'id': 9, 'deprel': 'nsubj', 'head': 32}, 'object': {'upos': 'NOUN', 'text': 'Abstieg', 'id': 31, 'deprel': 'obj', 'head': 32}, 'verb': {'upos': 'VERB', 'text': 'bewältigen', 'id': 32, 'deprel': 'ccomp', 'head': 6}}]",['SOV']
1094,Die Pause bei einem Standardspiel beträgt 10 Minuten.,1,"[{'subject': {'upos': 'NOUN', 'text': 'Pause', 'id': 2, 'deprel': 'nsubj', 'head': 6}, 'verb': {'upos': 'VERB', 'text': 'beträgt', 'id': 6, 'deprel': 'root', 'head': 0}, 'object': {'upos': 'NOUN', 'text': 'Minuten', 'id': 8, 'deprel': 'obj', 'head': 6}}]",['SVO']
607,"Die Poeten, die das Denken von Morrison beeinflusst haben, sind Jack Kerouac, Michael McClure, William Blake, Charles Baudelaire und Arthur Rimbaud.",1,"[{'subject': {'upos': 'PRON', 'text': 'die', 'id': 4, 'deprel': 'nsubj', 'head': 9}, 'object': {'upos': 'NOUN', 'text': 'Denken', 'id': 6, 'deprel': 'obj', 'head': 9}, 'verb': {'upos': 'VERB', 'text': 'beeinflusst', 'id': 9, 'deprel': 'acl', 'head': 2}}]",['SOV']
767,"Die politische Filmbewegung, die durch den Film ""Bhuvan Shome"" von Shri Ram Lakshman Shukla markiert wurde, hatte ihren Ursprung in Indien.",1,"[{'subject': {'upos': 'NOUN', 'text': 'Filmbewegung', 'id': 3, 'deprel': 'nsubj', 'head': 21}, 'verb': {'upos': 'VERB', 'text': 'hatte', 'id': 21, 'deprel': 'root', 'head': 0}, 'object': {'upos': 'NOUN', 'text': 'Ursprung', 'id': 23, 'deprel': 'obj', 'head': 21}}]",['SVO']
1478,Die Primärstruktur (Aminosäuresequenz) eines Proteins enthält wertvolle Informationen über seine Funktion.,1,"[{'subject': {'upos': 'NOUN', 'text': 'Primärstruktur', 'id': 2, 'deprel': 'nsubj', 'head': 8}, 'verb': {'upos': 'VERB', 'text': 'enthält', 'id': 8, 'deprel': 'root', 'head': 0}, 'object': {'upos': 'NOUN', 'text': 'Informationen', 'id': 10, 'deprel': 'obj', 'head': 8}}]",['SVO']
1900,Die Puerto-Rico-Amazone konsumiert etwa 60 verschiedene Nahrungsbestandteile.,1,"[{'subject': {'upos': 'PROPN', 'text': 'Puerto', 'id': 2, 'deprel': 'nsubj', 'head': 7}, 'verb': {'upos': 'VERB', 'text': 'konsumiert', 'id': 7, 'deprel': 'root', 'head': 0}, 'object': {'upos': 'NOUN', 'text': 'Nahrungsbestandteile', 'id': 11, 'deprel': 'obj', 'head': 7}}]",['SVO']
302,"Die Queen bewunderte Blairs Anstrengungen, um in Nordirland Frieden zu schaffen.",1,"[{'subject': {'upos': 'NOUN', 'text': 'Queen', 'id': 2, 'deprel': 'nsubj', 'head': 3}, 'verb': {'upos': 'VERB', 'text': 'bewunderte', 'id': 3, 'deprel': 'root', 'head': 0}, 'object': {'upos': 'NOUN', 'text': 'Anstrengungen', 'id': 5, 'deprel': 'obj', 'head': 3}}]",['SVO']
52,"Die Räumlichkeiten auf dem Messegelände umfassen rund 550.000 m², darunter 180.000 m² Hallenfläche.",1,"[{'subject': {'upos': 'NOUN', 'text': 'Räumlichkeiten', 'id': 2, 'deprel': 'nsubj', 'head': 6}, 'verb': {'upos': 'VERB', 'text': 'umfassen', 'id': 6, 'deprel': 'root', 'head': 0}, 'object': {'upos': 'NOUN', 'text': 'm', 'id': 9, 'deprel': 'obj', 'head': 6}}]",['SVO']
943,"Die Raumsonde Voyager 1 sendete Bilder des Saturn, seiner Ringe und Satelliten zurück.",1,"[{'subject': {'upos': 'NOUN', 'text': 'Raumsonde', 'id': 2, 'deprel': 'nsubj', 'head': 5}, 'verb': {'upos': 'VERB', 'text': 'sendete', 'id': 5, 'deprel': 'root', 'head': 0}, 'object': {'upos': 'NOUN', 'text': 'Bilder', 'id': 6, 'deprel': 'obj', 'head': 5}}]",['SVO']
511,Die rechtliche Lösung für das größte wirtschaftliche Anliegen jeder Nation findet man in der Konstitutionellen Ökonomie.,1,"[{'object': {'upos': 'NOUN', 'text': 'Lösung', 'id': 3, 'deprel': 'obj', 'head': 11}, 'verb': {'upos': 'VERB', 'text': 'findet', 'id': 11, 'deprel': 'root', 'head': 0}, 'subject': {'upos': 'PRON', 'text': 'man', 'id': 12, 'deprel': 'nsubj', 'head': 11}}]",['OVS']
1179,Die Rede vor der Democratic National Convention im August 2008 wurde zum großen Teil gut aufgenommen und erhielt überwiegend positive Kommentare.,1,"[{'subject': {'upos': 'NOUN', 'text': 'Rede', 'id': 2, 'deprel': 'nsubj:pass', 'head': 18}, 'verb': {'upos': 'VERB', 'text': 'erhielt', 'id': 20, 'deprel': 'conj', 'head': 18}, 'object': {'upos': 'NOUN', 'text': 'Kommentare', 'id': 23, 'deprel': 'obj', 'head': 20}}]",['SVO']
462,Die Reflexion aller Kristallleuchter hat eine optische Illusion von Raum und Licht erzeugt.,1,"[{'subject': {'upos': 'NOUN', 'text': 'Reflexion', 'id': 2, 'deprel': 'nsubj', 'head': 13}, 'object': {'upos': 'NOUN', 'text': 'Illusion', 'id': 8, 'deprel': 'obj', 'head': 13}, 'verb': {'upos': 'VERB', 'text': 'erzeugt', 'id': 13, 'deprel': 'root', 'head': 0}}]",['SOV']
1260,"Die Regierung in Kenia nutzt eine Präsidialmacht, die über weitreichende Exekutivvollmachten verfügt.",1,"[{'subject': {'upos': 'NOUN', 'text': 'Regierung', 'id': 2, 'deprel': 'nsubj', 'head': 5}, 'verb': {'upos': 'VERB', 'text': 'nutzt', 'id': 5, 'deprel': 'root', 'head': 0}, 'object': {'upos': 'NOUN', 'text': 'Präsidialmacht', 'id': 7, 'deprel': 'obj', 'head': 5}}]",['SVO']
477,"Die Regierung von Indien zog sich im Sommer in das Landhaus des Vizekönigs in Darjiling zurück, um der Hitze zu entgehen.",1,"[{'subject': {'upos': 'NOUN', 'text': 'Regierung', 'id': 2, 'deprel': 'nsubj', 'head': 5}, 'verb': {'upos': 'VERB', 'text': 'zog', 'id': 5, 'deprel': 'root', 'head': 0}, 'object': {'upos': 'PRON', 'text': 'sich', 'id': 6, 'deprel': 'obj', 'head': 5}}]",['SVO']
1002,Die Regierung von Präsident Ronald Reagan hat 1983 eine 45-prozentige Steuer auf importierte Motorräder über 700 cm³ Hubraum erhoben.,1,"[{'subject': {'upos': 'NOUN', 'text': 'Regierung', 'id': 2, 'deprel': 'nsubj', 'head': 22}, 'object': {'upos': 'NOUN', 'text': 'Steuer', 'id': 13, 'deprel': 'obj', 'head': 22}, 'verb': {'upos': 'VERB', 'text': 'erhoben', 'id': 22, 'deprel': 'root', 'head': 0}}]",['SOV']
204,Die Reise von Alexei Maressjew dauerte 18 Tage.,1,"[{'subject': {'upos': 'NOUN', 'text': 'Reise', 'id': 2, 'deprel': 'nsubj', 'head': 6}, 'verb': {'upos': 'VERB', 'text': 'dauerte', 'id': 6, 'deprel': 'root', 'head': 0}, 'object': {'upos': 'NOUN', 'text': 'Tage', 'id': 8, 'deprel': 'obj', 'head': 6}}]",['SVO']
364,"Die römisch-katholische Kirche macht 12,6 % der Christen aus.",1,"[{'subject': {'upos': 'NOUN', 'text': 'Kirche', 'id': 5, 'deprel': 'nsubj', 'head': 6}, 'verb': {'upos': 'VERB', 'text': 'macht', 'id': 6, 'deprel': 'root', 'head': 0}, 'object': {'upos': 'NOUN', 'text': '%', 'id': 8, 'deprel': 'obj', 'head': 6}}]",['SVO']
251,"Die Royals, also die Mitglieder der britischen Monarchie, nehmen verschiedene offizielle, zeremonielle und repräsentative Funktionen wahr.",1,"[{'subject': {'upos': 'NOUN', 'text': 'Royals', 'id': 2, 'deprel': 'nsubj', 'head': 11}, 'verb': {'upos': 'VERB', 'text': 'nehmen', 'id': 11, 'deprel': 'root', 'head': 0}, 'object': {'upos': 'NOUN', 'text': 'Funktionen', 'id': 18, 'deprel': 'obj', 'head': 11}}]",['SVO']
708,"Die Rufe, die sie machen, sind mehrfach wiederholte, quietschende und nasale ""ki-juu, tschirrick"" oder ""tsch-juuh""-Laute, die auf der zweiten Silbe betont werden.",1,"[{'object': {'upos': 'PRON', 'text': 'die', 'id': 4, 'deprel': 'obj', 'head': 6}, 'subject': {'upos': 'PRON', 'text': 'sie', 'id': 5, 'deprel': 'nsubj', 'head': 6}, 'verb': {'upos': 'VERB', 'text': 'machen', 'id': 6, 'deprel': 'acl', 'head': 2}}]",['OSV']
1271,Die Schwarzen Löcher in der Mitte großer Galaxien können mehrere Millionen bis Milliarden Sonnenmassen umfassen.,1,"[{'subject': {'upos': 'NOUN', 'text': 'Löcher', 'id': 3, 'deprel': 'nsubj', 'head': 15}, 'object': {'upos': 'NOUN', 'text': 'Sonnenmassen', 'id': 14, 'deprel': 'obj', 'head': 15}, 'verb': {'upos': 'VERB', 'text': 'umfassen', 'id': 15, 'deprel': 'root', 'head': 0}}]",['SOV']
1705,Die Sioux und Ojibwe hatten Verträge mit europäischen Siedlern.,1,"[{'subject': {'upos': 'PROPN', 'text': 'Sioux', 'id': 2, 'deprel': 'nsubj', 'head': 5}, 'verb': {'upos': 'VERB', 'text': 'hatten', 'id': 5, 'deprel': 'root', 'head': 0}, 'object': {'upos': 'NOUN', 'text': 'Verträge', 'id': 6, 'deprel': 'obj', 'head': 5}}]",['SVO']
802,Die Söhne von de László hatten die britische Nationalität.,1,"[{'subject': {'upos': 'NOUN', 'text': 'Söhne', 'id': 2, 'deprel': 'nsubj', 'head': 6}, 'verb': {'upos': 'VERB', 'text': 'hatten', 'id': 6, 'deprel': 'root', 'head': 0}, 'object': {'upos': 'NOUN', 'text': 'Nationalität', 'id': 9, 'deprel': 'obj', 'head': 6}}]",['SVO']
112,Die Somali stellen 60 % der Gesamtbevölkerung in Dschibuti.,1,"[{'subject': {'upos': 'PROPN', 'text': 'Somali', 'id': 2, 'deprel': 'nsubj', 'head': 3}, 'verb': {'upos': 'VERB', 'text': 'stellen', 'id': 3, 'deprel': 'root', 'head': 0}, 'object': {'upos': 'NOUN', 'text': '%', 'id': 5, 'deprel': 'obj', 'head': 3}}]",['SVO']
1962,"Die sowjetische Regierung stimmte 1918 dem Friedensvertrag von Brest-Litowsk zu, der Russland härtere Friedensbedingungen auferlegte als später der Versailler Vertrag dem Deutschen Reich.",1,"[{'subject': {'upos': 'PRON', 'text': 'der', 'id': 14, 'deprel': 'nsubj', 'head': 18}, 'object': {'upos': 'NOUN', 'text': 'Friedensbedingungen', 'id': 17, 'deprel': 'obj', 'head': 18}, 'verb': {'upos': 'VERB', 'text': 'auferlegte', 'id': 18, 'deprel': 'acl', 'head': 7}}]",['SOV']
1921,Die Sowjetunion musste im Zweiten Weltkrieg gegenüber den Deutschen ihr Territorium aufgeben.,1,"[{'subject': {'upos': 'PROPN', 'text': 'Sowjetunion', 'id': 2, 'deprel': 'nsubj', 'head': 13}, 'object': {'upos': 'NOUN', 'text': 'Territorium', 'id': 12, 'deprel': 'obj', 'head': 13}, 'verb': {'upos': 'VERB', 'text': 'aufgeben', 'id': 13, 'deprel': 'root', 'head': 0}}]",['SOV']
1971,"Die sozialistische Partei verwendete die Parole ""Einigkeit der Arbeiterklasse"" um Eberts Linie durchzusetzen.",1,"[{'subject': {'upos': 'NOUN', 'text': 'Partei', 'id': 3, 'deprel': 'nsubj', 'head': 4}, 'verb': {'upos': 'VERB', 'text': 'verwendete', 'id': 4, 'deprel': 'root', 'head': 0}, 'object': {'upos': 'NOUN', 'text': 'Parole', 'id': 6, 'deprel': 'obj', 'head': 4}}]",['SVO']
1980,Die spartakistischen Revolutionäre erwarteten von den Seeleuten die Ausschaltung der Regierung Ebert.,1,"[{'subject': {'upos': 'NOUN', 'text': 'Revolutionäre', 'id': 3, 'deprel': 'nsubj', 'head': 4}, 'verb': {'upos': 'VERB', 'text': 'erwarteten', 'id': 4, 'deprel': 'root', 'head': 0}, 'object': {'upos': 'NOUN', 'text': 'Ausschaltung', 'id': 9, 'deprel': 'obj', 'head': 4}}]",['SVO']
132,Die Stadt Honolulu erlitt nur geringe Schäden am Rumpf durch einen Nahtreffer.,1,"[{'subject': {'upos': 'NOUN', 'text': 'Stadt', 'id': 2, 'deprel': 'nsubj', 'head': 4}, 'verb': {'upos': 'VERB', 'text': 'erlitt', 'id': 4, 'deprel': 'root', 'head': 0}, 'object': {'upos': 'NOUN', 'text': 'Schäden', 'id': 7, 'deprel': 'obj', 'head': 4}}]",['SVO']
1386,"Die Stationen weisen einige Vorzüge auf, wie zum Beispiel Geldautomaten, Kioske usw.",1,"[{'subject': {'upos': 'NOUN', 'text': 'Stationen', 'id': 2, 'deprel': 'nsubj', 'head': 3}, 'verb': {'upos': 'VERB', 'text': 'weisen', 'id': 3, 'deprel': 'root', 'head': 0}, 'object': {'upos': 'NOUN', 'text': 'Vorzüge', 'id': 5, 'deprel': 'obj', 'head': 3}}]",['SVO']
184,"Die Tageslicht-Missionen der RB-45C endeten, als sie von der Front zurückgezogen wurden, kurz nachdem sie viele Missionen geflogen hatten.",1,"[{'subject': {'upos': 'PRON', 'text': 'sie', 'id': 19, 'deprel': 'nsubj', 'head': 22}, 'object': {'upos': 'NOUN', 'text': 'Missionen', 'id': 21, 'deprel': 'obj', 'head': 22}, 'verb': {'upos': 'VERB', 'text': 'geflogen', 'id': 22, 'deprel': 'advcl', 'head': 14}}]",['SOV']
1876,"Die Theorie dahinter, wie viele Protonen es im Universum gibt, basiert auf der Annahme einer Halbwertszeit des Protons und der Alter des Universums.",1,"[{'subject': {'upos': 'NOUN', 'text': 'Protonen', 'id': 7, 'deprel': 'nsubj', 'head': 12}, 'object': {'upos': 'PRON', 'text': 'es', 'id': 8, 'deprel': 'obj', 'head': 12}, 'verb': {'upos': 'VERB', 'text': 'gibt', 'id': 12, 'deprel': 'ccomp', 'head': 2}}]",['SOV']
761,Die tiefe Inzision bewirkt das möglichst rückstandslose Ausbluten des Tieres bei der Schächttötung.,1,"[{'subject': {'upos': 'NOUN', 'text': 'Inzision', 'id': 3, 'deprel': 'nsubj', 'head': 4}, 'verb': {'upos': 'VERB', 'text': 'bewirkt', 'id': 4, 'deprel': 'root', 'head': 0}, 'object': {'upos': 'NOUN', 'text': 'Ausbluten', 'id': 8, 'deprel': 'obj', 'head': 4}}]",['SVO']
422,Die Universität erhielt ihren heutigen Namen von Herzog Karl Eugen im Jahr 1769.,1,"[{'subject': {'upos': 'NOUN', 'text': 'Universität', 'id': 2, 'deprel': 'nsubj', 'head': 3}, 'verb': {'upos': 'VERB', 'text': 'erhielt', 'id': 3, 'deprel': 'root', 'head': 0}, 'object': {'upos': 'NOUN', 'text': 'Namen', 'id': 6, 'deprel': 'obj', 'head': 3}}]",['SVO']
1073,"Die Universität, an der Mallika Sherawat einen Abschluss erlangte, ist die University of Delhi.",1,"[{'subject': {'upos': 'PROPN', 'text': 'Mallika', 'id': 6, 'deprel': 'nsubj', 'head': 10}, 'object': {'upos': 'NOUN', 'text': 'Abschluss', 'id': 9, 'deprel': 'obj', 'head': 10}, 'verb': {'upos': 'VERB', 'text': 'erlangte', 'id': 10, 'deprel': 'acl', 'head': 2}}]",['SOV']
1987,"Die USPD hat 7,6 Prozent der Stimmen erhalten.",1,"[{'subject': {'upos': 'PROPN', 'text': 'USPD', 'id': 2, 'deprel': 'nsubj', 'head': 8}, 'object': {'upos': 'NOUN', 'text': 'Prozent', 'id': 5, 'deprel': 'obj', 'head': 8}, 'verb': {'upos': 'VERB', 'text': 'erhalten', 'id': 8, 'deprel': 'root', 'head': 0}}]",['SOV']
231,Die USS Jarvis verließ den Stützpunkt am 21.,1,"[{'subject': {'upos': 'PROPN', 'text': 'USS', 'id': 2, 'deprel': 'nsubj', 'head': 4}, 'verb': {'upos': 'VERB', 'text': 'verließ', 'id': 4, 'deprel': 'root', 'head': 0}, 'object': {'upos': 'NOUN', 'text': 'Stützpunkt', 'id': 6, 'deprel': 'obj', 'head': 4}}]",['SVO']
804,Die Vereinigten Staaten praktizieren die Beschneidung.,1,"[{'subject': {'upos': 'PROPN', 'text': 'Staaten', 'id': 3, 'deprel': 'nsubj', 'head': 4}, 'verb': {'upos': 'VERB', 'text': 'praktizieren', 'id': 4, 'deprel': 'root', 'head': 0}, 'object': {'upos': 'NOUN', 'text': 'Beschneidung', 'id': 6, 'deprel': 'obj', 'head': 4}}]",['SVO']
653,"Die verfügbaren Informationen beziehen sich auf Garfield, die Biota des Burgess-Schiefers, die Aloe-Arten und Louis Vuitton, aber nicht auf die Behandlung einer viralen Meningitis.",1,"[{'subject': {'upos': 'NOUN', 'text': 'Informationen', 'id': 3, 'deprel': 'nsubj', 'head': 4}, 'verb': {'upos': 'VERB', 'text': 'beziehen', 'id': 4, 'deprel': 'root', 'head': 0}, 'object': {'upos': 'PRON', 'text': 'sich', 'id': 5, 'deprel': 'obj', 'head': 4}}]",['SVO']
704,"Die Vögel legen 2-5, in den meisten Fällen jedoch 3-4 dunkel grünlich blauen Eier.",1,"[{'subject': {'upos': 'NOUN', 'text': 'Vögel', 'id': 2, 'deprel': 'nsubj', 'head': 3}, 'verb': {'upos': 'VERB', 'text': 'legen', 'id': 3, 'deprel': 'root', 'head': 0}, 'object': {'upos': 'NOUN', 'text': 'Eier', 'id': 15, 'deprel': 'obj', 'head': 3}}]",['SVO']
10,Die Volkszählung im Jahr 2000 im Hampshire County erfasste 152.251 Einwohner.,1,"[{'subject': {'upos': 'NOUN', 'text': 'Volkszählung', 'id': 2, 'deprel': 'nsubj', 'head': 11}, 'verb': {'upos': 'VERB', 'text': 'erfasste', 'id': 11, 'deprel': 'root', 'head': 0}, 'object': {'upos': 'NOUN', 'text': 'Einwohner', 'id': 13, 'deprel': 'obj', 'head': 11}}]",['SVO']
1433,Die vorgelegten Texte enthalten keine Informationen über die Feststellung von Hämorrhoiden durch einen Arzt.,1,"[{'subject': {'upos': 'NOUN', 'text': 'Texte', 'id': 3, 'deprel': 'nsubj', 'head': 4}, 'verb': {'upos': 'VERB', 'text': 'enthalten', 'id': 4, 'deprel': 'root', 'head': 0}, 'object': {'upos': 'NOUN', 'text': 'Informationen', 'id': 6, 'deprel': 'obj', 'head': 4}}]",['SVO']
1341,Die Wählerbeteiligung erhöhte sich um ein Drittel innerhalb von vier Jahren nach Inkrafttreten des Gesetzes.,1,"[{'subject': {'upos': 'NOUN', 'text': 'Wählerbeteiligung', 'id': 2, 'deprel': 'nsubj', 'head': 3}, 'verb': {'upos': 'VERB', 'text': 'erhöhte', 'id': 3, 'deprel': 'root', 'head': 0}, 'object': {'upos': 'PRON', 'text': 'sich', 'id': 4, 'deprel': 'obj', 'head': 3}}]",['SVO']
1492,"Die Währung, die den russischen Rubel im Jahr 1993 ersetzte, ist der Manat.",1,"[{'subject': {'upos': 'PRON', 'text': 'die', 'id': 4, 'deprel': 'nsubj', 'head': 12}, 'object': {'upos': 'NOUN', 'text': 'Rubel', 'id': 7, 'deprel': 'obj', 'head': 12}, 'verb': {'upos': 'VERB', 'text': 'ersetzte', 'id': 12, 'deprel': 'acl', 'head': 2}}]",['SOV']
1570,Die Weltbank und der Internationale Währungsfonds (IWF) gewährten Georgien 1995 Kredite in Höhe von 206 Millionen US-Dollar.,1,"[{'subject': {'upos': 'NOUN', 'text': 'Weltbank', 'id': 2, 'deprel': 'nsubj', 'head': 10}, 'verb': {'upos': 'VERB', 'text': 'gewährten', 'id': 10, 'deprel': 'root', 'head': 0}, 'object': {'upos': 'PROPN', 'text': 'Georgien', 'id': 11, 'deprel': 'obj', 'head': 10}}]",['SVO']
896,Die Weltgesundheitsorganisation (WHO) befasst sich mit großen Pandemien.,1,"[{'subject': {'upos': 'NOUN', 'text': 'Weltgesundheitsorganisation', 'id': 2, 'deprel': 'nsubj', 'head': 6}, 'verb': {'upos': 'VERB', 'text': 'befasst', 'id': 6, 'deprel': 'root', 'head': 0}, 'object': {'upos': 'PRON', 'text': 'sich', 'id': 7, 'deprel': 'obj', 'head': 6}}]",['SVO']
598,Die Wikinger befuhren während ihrer Raubzüge durch Europa mit ihren Langschiffen die Weichsel und die Oder.,1,"[{'subject': {'upos': 'NOUN', 'text': 'Wikinger', 'id': 2, 'deprel': 'nsubj', 'head': 3}, 'verb': {'upos': 'VERB', 'text': 'befuhren', 'id': 3, 'deprel': 'root', 'head': 0}, 'object': {'upos': 'PROPN', 'text': 'Weichsel', 'id': 13, 'deprel': 'obj', 'head': 3}}]",['SVO']
883,"Die Wirkdauer von kurzwirksamen Beta-2-Agonisten und Anticholinergika beträgt etwa 4-6 Stunden, während die langwirksamen Beta-2-Agonisten etwa 12 Stunden lang wirken und die langwirksamen Anticholinergika etwa 24 Stunden.",1,"[{'subject': {'upos': 'NOUN', 'text': 'Wirkdauer', 'id': 2, 'deprel': 'nsubj', 'head': 10}, 'verb': {'upos': 'VERB', 'text': 'beträgt', 'id': 10, 'deprel': 'root', 'head': 0}, 'object': {'upos': 'NOUN', 'text': 'Stunden', 'id': 13, 'deprel': 'obj', 'head': 10}}]",['SVO']
1072,"Die Zentrumspartei hat bei der jüngsten Reichstagswahl 2018 8,6 % der Stimmen erhalten.",1,"[{'subject': {'upos': 'NOUN', 'text': 'Zentrumspartei', 'id': 2, 'deprel': 'nsubj', 'head': 13}, 'object': {'upos': 'NOUN', 'text': '%', 'id': 10, 'deprel': 'obj', 'head': 13}, 'verb': {'upos': 'VERB', 'text': 'erhalten', 'id': 13, 'deprel': 'root', 'head': 0}}]",['SOV']
354,Die Zweite australische Imperial Force (AIF) hat anfänglich über 20.000 Mann gehabt.,1,"[{'subject': {'upos': 'PROPN', 'text': 'Imperial', 'id': 4, 'deprel': 'nsubj', 'head': 14}, 'object': {'upos': 'NOUN', 'text': 'Mann', 'id': 13, 'deprel': 'obj', 'head': 14}, 'verb': {'upos': 'VERB', 'text': 'gehabt', 'id': 14, 'deprel': 'root', 'head': 0}}]",['SOV']
987,Diese Branchen erlebten einen Niedergang.,1,"[{'subject': {'upos': 'NOUN', 'text': 'Branchen', 'id': 2, 'deprel': 'nsubj', 'head': 3}, 'verb': {'upos': 'VERB', 'text': 'erlebten', 'id': 3, 'deprel': 'root', 'head': 0}, 'object': {'upos': 'NOUN', 'text': 'Niedergang', 'id': 5, 'deprel': 'obj', 'head': 3}}]",['SVO']
389,"Diese Kreaturen, also die Krokodiltejus, bewohnen typischerweise Sumpfgebiete und tropischen Regenwald.",1,"[{'subject': {'upos': 'NOUN', 'text': 'Kreaturen', 'id': 2, 'deprel': 'nsubj', 'head': 8}, 'verb': {'upos': 'VERB', 'text': 'bewohnen', 'id': 8, 'deprel': 'root', 'head': 0}, 'object': {'upos': 'NOUN', 'text': 'Sumpfgebiete', 'id': 10, 'deprel': 'obj', 'head': 8}}]",['SVO']
1146,Diese Vignetten decken keine Serie ab.,1,"[{'subject': {'upos': 'NOUN', 'text': 'Vignetten', 'id': 2, 'deprel': 'nsubj', 'head': 3}, 'verb': {'upos': 'VERB', 'text': 'decken', 'id': 3, 'deprel': 'root', 'head': 0}, 'object': {'upos': 'NOUN', 'text': 'Serie', 'id': 5, 'deprel': 'obj', 'head': 3}}]",['SVO']
1745,Diese Vögel legen im dichten Geäst an und brüten zwei Eier.,1,"[{'subject': {'upos': 'NOUN', 'text': 'Vögel', 'id': 2, 'deprel': 'nsubj', 'head': 3}, 'verb': {'upos': 'VERB', 'text': 'brüten', 'id': 10, 'deprel': 'conj', 'head': 3}, 'object': {'upos': 'NOUN', 'text': 'Eier', 'id': 12, 'deprel': 'obj', 'head': 10}}]",['SVO']
1829,"Douglass C. North entschied sich für die University of California (Berkeley), obwohl er in Harvard angenommen wurde.",1,"[{'subject': {'upos': 'PROPN', 'text': 'Douglass', 'id': 1, 'deprel': 'nsubj', 'head': 4}, 'verb': {'upos': 'VERB', 'text': 'entschied', 'id': 4, 'deprel': 'root', 'head': 0}, 'object': {'upos': 'PRON', 'text': 'sich', 'id': 5, 'deprel': 'obj', 'head': 4}}]",['SVO']
1776,"Dynastie als ""Tochter des Königs"" (Sat-nesut) bezeichnete Frau erhielt die königliche Bezeichnung ""Sat-nesut"".",1,"[{'subject': {'upos': 'NOUN', 'text': 'Frau', 'id': 12, 'deprel': 'nsubj', 'head': 13}, 'verb': {'upos': 'VERB', 'text': 'erhielt', 'id': 13, 'deprel': 'conj', 'head': 11}, 'object': {'upos': 'NOUN', 'text': 'Bezeichnung', 'id': 16, 'deprel': 'obj', 'head': 13}}]",['SVO']
1969,Ebert forderte Wilhelm II.,1,"[{'object': {'upos': 'PROPN', 'text': 'Ebert', 'id': 1, 'deprel': 'obj', 'head': 2}, 'verb': {'upos': 'VERB', 'text': 'forderte', 'id': 2, 'deprel': 'root', 'head': 0}, 'subject': {'upos': 'PROPN', 'text': 'Wilhelm', 'id': 3, 'deprel': 'nsubj', 'head': 2}}]",['OVS']
1222,"Ein Innings ist beendet, wenn entweder alle Wickets der Schlagmannschaft verloren sind, kein weiterer Batsman zur Verfügung steht, eine Deklaration oder Forfaitture erfolgt oder die Endzeit oder festgelegte Overanzahl erreicht wurde.",1,"[{'subject': {'upos': 'NOUN', 'text': 'Batsman', 'id': 17, 'deprel': 'nsubj', 'head': 21}, 'object': {'upos': 'NOUN', 'text': 'Deklaration', 'id': 24, 'deprel': 'obj', 'head': 27}, 'verb': {'upos': 'VERB', 'text': 'erfolgt', 'id': 27, 'deprel': 'conj', 'head': 21}}]",['SOV']
1298,"Ein Master of Business Degree bei einer Mitgliedsuniversität ist erforderlich, bevor man sich für das CEMS MIM bewirbt.",1,"[{'subject': {'upos': 'PRON', 'text': 'man', 'id': 13, 'deprel': 'nsubj', 'head': 19}, 'object': {'upos': 'PRON', 'text': 'sich', 'id': 14, 'deprel': 'obj', 'head': 19}, 'verb': {'upos': 'VERB', 'text': 'bewirbt', 'id': 19, 'deprel': 'advcl', 'head': 10}}]",['SOV']
602,"Ein Porträt ist ein künstlerisches Bildnis, das das Aussehen eines Menschen darstellt.",1,"[{'subject': {'upos': 'PRON', 'text': 'das', 'id': 8, 'deprel': 'nsubj', 'head': 13}, 'object': {'upos': 'NOUN', 'text': 'Aussehen', 'id': 10, 'deprel': 'obj', 'head': 13}, 'verb': {'upos': 'VERB', 'text': 'darstellt', 'id': 13, 'deprel': 'acl', 'head': 6}}]",['SOV']
519,"Ein Selenium Grid kann die parallele Ausführung von Tests auf mehreren Servern ermöglichen, um die Dauer der Testdurchführung zu verkürzen.",1,"[{'subject': {'upos': 'NOUN', 'text': 'Selenium', 'id': 2, 'deprel': 'nsubj', 'head': 13}, 'object': {'upos': 'NOUN', 'text': 'Ausführung', 'id': 7, 'deprel': 'obj', 'head': 13}, 'verb': {'upos': 'VERB', 'text': 'ermöglichen', 'id': 13, 'deprel': 'root', 'head': 0}}]",['SOV']
901,"Ein Spieler erhält einen zusätzlichen Bonusfreiwurf, wenn er unmittelbar während eines Wurfversuchs gefoult wird und der Versuch trotz des Fouls erfolgreich ist.",1,"[{'subject': {'upos': 'NOUN', 'text': 'Spieler', 'id': 2, 'deprel': 'nsubj', 'head': 3}, 'verb': {'upos': 'VERB', 'text': 'erhält', 'id': 3, 'deprel': 'root', 'head': 0}, 'object': {'upos': 'NOUN', 'text': 'Bonusfreiwurf', 'id': 6, 'deprel': 'obj', 'head': 3}}]",['SVO']
1249,"Ein Team hat 11 Spieler, von denen einer der Bowler und einer der Wicket-Keeper sind.",1,"[{'subject': {'upos': 'NOUN', 'text': 'Team', 'id': 2, 'deprel': 'nsubj', 'head': 3}, 'verb': {'upos': 'VERB', 'text': 'hat', 'id': 3, 'deprel': 'root', 'head': 0}, 'object': {'upos': 'NOUN', 'text': 'Spieler', 'id': 5, 'deprel': 'obj', 'head': 3}}]",['SVO']
1905,"Eine Mannschaft muss mindestens drei Torhüter haben, um am Turnier teilnehmen zu können.",1,"[{'subject': {'upos': 'NOUN', 'text': 'Mannschaft', 'id': 2, 'deprel': 'nsubj', 'head': 7}, 'object': {'upos': 'NOUN', 'text': 'Torhüter', 'id': 6, 'deprel': 'obj', 'head': 7}, 'verb': {'upos': 'VERB', 'text': 'haben', 'id': 7, 'deprel': 'root', 'head': 0}}]",['SOV']
1238,"Eine seiner Errungenschaften ist die Herleitung des Flory-Exponenten, der die Bewegung von Polymeren in Lösungen charakterisiert.",1,"[{'subject': {'upos': 'PRON', 'text': 'der', 'id': 12, 'deprel': 'nsubj', 'head': 19}, 'object': {'upos': 'NOUN', 'text': 'Bewegung', 'id': 14, 'deprel': 'obj', 'head': 19}, 'verb': {'upos': 'VERB', 'text': 'charakterisiert', 'id': 19, 'deprel': 'acl', 'head': 8}}]",['SOV']
1343,Eine Viertelmillion schwarze Wähler registrierten sich innerhalb weniger Monate nach Inkrafttreten des Gesetzes neu.,1,"[{'subject': {'upos': 'NOUN', 'text': 'Wähler', 'id': 4, 'deprel': 'nsubj', 'head': 5}, 'verb': {'upos': 'VERB', 'text': 'registrierten', 'id': 5, 'deprel': 'root', 'head': 0}, 'object': {'upos': 'PRON', 'text': 'sich', 'id': 6, 'deprel': 'obj', 'head': 5}}]",['SVO']
1484,Elisabeth sicherte Marys Unterstützung.,1,"[{'subject': {'upos': 'PROPN', 'text': 'Elisabeth', 'id': 1, 'deprel': 'nsubj', 'head': 2}, 'verb': {'upos': 'VERB', 'text': 'sicherte', 'id': 2, 'deprel': 'root', 'head': 0}, 'object': {'upos': 'NOUN', 'text': 'Unterstützung', 'id': 4, 'deprel': 'obj', 'head': 2}}]",['SVO']
928,Ellen S. Baker erhielt den Abschluss Bachelor of Arts 1974 an der State University of New York.,1,"[{'subject': {'upos': 'PROPN', 'text': 'Ellen', 'id': 1, 'deprel': 'nsubj', 'head': 4}, 'verb': {'upos': 'VERB', 'text': 'erhielt', 'id': 4, 'deprel': 'root', 'head': 0}, 'object': {'upos': 'NOUN', 'text': 'Abschluss', 'id': 6, 'deprel': 'obj', 'head': 4}}]",['SVO']
1373,Er begann nach seinem Dienst in Bosnien seine Karriere in der Kanadischen Armee.,1,"[{'subject': {'upos': 'PRON', 'text': 'Er', 'id': 1, 'deprel': 'nsubj', 'head': 2}, 'verb': {'upos': 'VERB', 'text': 'begann', 'id': 2, 'deprel': 'root', 'head': 0}, 'object': {'upos': 'NOUN', 'text': 'Karriere', 'id': 9, 'deprel': 'obj', 'head': 2}}]",['SVO']
1374,"Er bekleidete den Vorsitz im Verfassungskomitee und war maßgeblich an der Ausarbeitung der indischen Verfassung beteiligt, als deren eigentlicher »Vater« er gesehen wird.",1,"[{'subject': {'upos': 'PRON', 'text': 'Er', 'id': 1, 'deprel': 'nsubj', 'head': 2}, 'verb': {'upos': 'VERB', 'text': 'bekleidete', 'id': 2, 'deprel': 'root', 'head': 0}, 'object': {'upos': 'NOUN', 'text': 'Vorsitz', 'id': 4, 'deprel': 'obj', 'head': 2}}]",['SVO']
1187,Er erzielte sein erstes Tor in einem Freundschaftsspiel gegen England.,1,"[{'subject': {'upos': 'PRON', 'text': 'Er', 'id': 1, 'deprel': 'nsubj', 'head': 2}, 'verb': {'upos': 'VERB', 'text': 'erzielte', 'id': 2, 'deprel': 'root', 'head': 0}, 'object': {'upos': 'NOUN', 'text': 'Tor', 'id': 5, 'deprel': 'obj', 'head': 2}}]",['SVO']
1183,Er hat die Biegesteifigkeit in die Stringtheorie eingeführt.,1,"[{'subject': {'upos': 'PRON', 'text': 'Er', 'id': 1, 'deprel': 'nsubj', 'head': 8}, 'object': {'upos': 'NOUN', 'text': 'Biegesteifigkeit', 'id': 4, 'deprel': 'obj', 'head': 8}, 'verb': {'upos': 'VERB', 'text': 'eingeführt', 'id': 8, 'deprel': 'root', 'head': 0}}]",['SOV']
80,Er mietete ein Apartment in Mayfair.,1,"[{'subject': {'upos': 'PRON', 'text': 'Er', 'id': 1, 'deprel': 'nsubj', 'head': 2}, 'verb': {'upos': 'VERB', 'text': 'mietete', 'id': 2, 'deprel': 'root', 'head': 0}, 'object': {'upos': 'NOUN', 'text': 'Apartment', 'id': 4, 'deprel': 'obj', 'head': 2}}]",['SVO']
1953,Er schließt sich seinen Partnern im Cricketteam von Oxford an.,1,"[{'subject': {'upos': 'PRON', 'text': 'Er', 'id': 1, 'deprel': 'nsubj', 'head': 2}, 'verb': {'upos': 'VERB', 'text': 'schließt', 'id': 2, 'deprel': 'root', 'head': 0}, 'object': {'upos': 'PRON', 'text': 'sich', 'id': 3, 'deprel': 'obj', 'head': 2}}]",['SVO']
1404,"Erst nach Francos Tod breitete sich der Breiten- und Freizeitsport, darunter auch Fußball, sehr aus.",1,"[{'verb': {'upos': 'VERB', 'text': 'breitete', 'id': 5, 'deprel': 'root', 'head': 0}, 'object': {'upos': 'PRON', 'text': 'sich', 'id': 6, 'deprel': 'obj', 'head': 5}, 'subject': {'upos': 'NOUN', 'text': 'Breiten', 'id': 8, 'deprel': 'nsubj', 'head': 5}}]",['VOS']
1148,"Erucasäure ist mehr prävalent in Senföl, da sie bis zu 42 % des Gesamtgehalts ausmacht, während Ölsäure nur 12 % beträgt.",1,"[{'subject': {'upos': 'NOUN', 'text': 'Ölsäure', 'id': 19, 'deprel': 'nsubj', 'head': 23}, 'object': {'upos': 'NOUN', 'text': '%', 'id': 22, 'deprel': 'obj', 'head': 23}, 'verb': {'upos': 'VERB', 'text': 'beträgt', 'id': 23, 'deprel': 'advcl', 'head': 16}}]",['SOV']
1216,Es dauert nach wenigen Sekunden Kreislaufstillstand bei Pulslosigkeit der Arteria radialis Bewusstlosigkeit ein.,1,"[{'subject': {'upos': 'PRON', 'text': 'Es', 'id': 1, 'deprel': 'nsubj', 'head': 2}, 'verb': {'upos': 'VERB', 'text': 'dauert', 'id': 2, 'deprel': 'root', 'head': 0}, 'object': {'upos': 'NOUN', 'text': 'Kreislaufstillstand', 'id': 6, 'deprel': 'obj', 'head': 2}}]",['SVO']
1223,"Es gibt ein Unentschieden, wenn beide Mannschaften in einem Cricket-Spiel die gleiche Anzahl von Runs erzielt haben.",1,"[{'subject': {'upos': 'NOUN', 'text': 'Mannschaften', 'id': 8, 'deprel': 'nsubj', 'head': 19}, 'object': {'upos': 'NOUN', 'text': 'Anzahl', 'id': 16, 'deprel': 'obj', 'head': 19}, 'verb': {'upos': 'VERB', 'text': 'erzielt', 'id': 19, 'deprel': 'advcl', 'head': 2}}]",['SOV']
745,Es gibt in jedem Viertel der Monate 1-5 28 Sol.,1,"[{'subject': {'upos': 'PRON', 'text': 'Es', 'id': 1, 'deprel': 'nsubj', 'head': 2}, 'verb': {'upos': 'VERB', 'text': 'gibt', 'id': 2, 'deprel': 'root', 'head': 0}, 'object': {'upos': 'PROPN', 'text': 'Sol', 'id': 10, 'deprel': 'obj', 'head': 2}}]",['SVO']
1146,"Es handelt sich um verschiedene, unverbundene Informationen aus verschiedenen Bereichen wie Biographie, Medizin, Archäologie und Geschichte.",1,"[{'subject': {'upos': 'PRON', 'text': 'Es', 'id': 1, 'deprel': 'nsubj', 'head': 2}, 'verb': {'upos': 'VERB', 'text': 'handelt', 'id': 2, 'deprel': 'root', 'head': 0}, 'object': {'upos': 'PRON', 'text': 'sich', 'id': 3, 'deprel': 'obj', 'head': 2}}]",['SVO']
1115,"Es ist jedoch in dem Text über die Provinz Nakhon Nayok zu lesen, dass die Stadt Mueang Na Yok genannt wurde, weil der König hier die Steuer auf Reisfelder nicht erhob.",1,"[{'subject': {'upos': 'NOUN', 'text': 'König', 'id': 26, 'deprel': 'nsubj', 'head': 33}, 'object': {'upos': 'NOUN', 'text': 'Steuer', 'id': 29, 'deprel': 'obj', 'head': 33}, 'verb': {'upos': 'VERB', 'text': 'erhob', 'id': 33, 'deprel': 'advcl', 'head': 21}}]",['SOV']
68,Favorsky hat Chemie an der Physikalisch-Mathematischen Fakultät der Kaiserlichen Universität St.,1,"[{'subject': {'upos': 'PROPN', 'text': 'Favorsky', 'id': 1, 'deprel': 'nsubj', 'head': 2}, 'verb': {'upos': 'VERB', 'text': 'hat', 'id': 2, 'deprel': 'root', 'head': 0}, 'object': {'upos': 'NOUN', 'text': 'Chemie', 'id': 3, 'deprel': 'obj', 'head': 2}}]",['SVO']
1089,"Februar 2006 erstmals auf die Queen Mary, nachdem sie die Umfahrung Südamerikas beendet hatte.",1,"[{'subject': {'upos': 'PRON', 'text': 'sie', 'id': 10, 'deprel': 'nsubj', 'head': 14}, 'object': {'upos': 'NOUN', 'text': 'Umfahrung', 'id': 12, 'deprel': 'obj', 'head': 14}, 'verb': {'upos': 'VERB', 'text': 'beendet', 'id': 14, 'deprel': 'advcl', 'head': 6}}]",['SOV']
1843,"Februar 2009 endete Swaggers unbesiegte Serie, als er gegen Finlay in einem Non-Title-Match verlor.",1,"[{'verb': {'upos': 'VERB', 'text': 'endete', 'id': 3, 'deprel': 'root', 'head': 0}, 'subject': {'upos': 'PROPN', 'text': 'Swaggers', 'id': 4, 'deprel': 'nsubj', 'head': 3}, 'object': {'upos': 'NOUN', 'text': 'Serie', 'id': 6, 'deprel': 'obj', 'head': 3}}]",['VSO']
1293,"FeedBurner bietet angepasste RSS-Feeds und Verwaltungswerkzeuge für Blogger, Podcaster und andere Anbieter webbasierter Inhalte.",1,"[{'subject': {'upos': 'PROPN', 'text': 'FeedBurner', 'id': 1, 'deprel': 'nsubj', 'head': 2}, 'verb': {'upos': 'VERB', 'text': 'bietet', 'id': 2, 'deprel': 'root', 'head': 0}, 'object': {'upos': 'PROPN', 'text': 'RSS', 'id': 4, 'deprel': 'obj', 'head': 2}}]",['SVO']
85,Ferdinand d'Hérelle unterhielt Versuche am Menschen mit Bakteriophagentherapie.,1,"[{'subject': {'upos': 'PROPN', 'text': 'Ferdinand', 'id': 1, 'deprel': 'nsubj', 'head': 4}, 'verb': {'upos': 'VERB', 'text': 'unterhielt', 'id': 4, 'deprel': 'root', 'head': 0}, 'object': {'upos': 'NOUN', 'text': 'Versuche', 'id': 5, 'deprel': 'obj', 'head': 4}}]",['SVO']
1466,Flora Wellman heiratete John London am 7.,1,"[{'subject': {'upos': 'PROPN', 'text': 'Flora', 'id': 1, 'deprel': 'nsubj', 'head': 3}, 'verb': {'upos': 'VERB', 'text': 'heiratete', 'id': 3, 'deprel': 'root', 'head': 0}, 'object': {'upos': 'PROPN', 'text': 'John', 'id': 4, 'deprel': 'obj', 'head': 3}}]",['SVO']
1252,Francis Picabia gab das Dada-Periodikum 391 von 1917 bis 1924 heraus.,1,"[{'subject': {'upos': 'PROPN', 'text': 'Francis', 'id': 1, 'deprel': 'nsubj', 'head': 3}, 'verb': {'upos': 'VERB', 'text': 'gab', 'id': 3, 'deprel': 'root', 'head': 0}, 'object': {'upos': 'PROPN', 'text': 'Dada', 'id': 5, 'deprel': 'obj', 'head': 3}}]",['SVO']
40,"Frankreich und Russland reagierten auf die Bedrohung, indem sie ihre Seestreitkräfte erweiterten, um der Herausforderung zu begegnen.",1,"[{'subject': {'upos': 'PRON', 'text': 'sie', 'id': 10, 'deprel': 'nsubj', 'head': 13}, 'object': {'upos': 'NOUN', 'text': 'Seestreitkräfte', 'id': 12, 'deprel': 'obj', 'head': 13}, 'verb': {'upos': 'VERB', 'text': 'erweiterten', 'id': 13, 'deprel': 'advcl', 'head': 4}}]",['SOV']
1142,Frauen beteiligen sich am Siebenkampf.,1,"[{'subject': {'upos': 'NOUN', 'text': 'Frauen', 'id': 1, 'deprel': 'nsubj', 'head': 2}, 'verb': {'upos': 'VERB', 'text': 'beteiligen', 'id': 2, 'deprel': 'root', 'head': 0}, 'object': {'upos': 'PRON', 'text': 'sich', 'id': 3, 'deprel': 'obj', 'head': 2}}]",['SVO']
558,Gambia erstreckt sich in seiner Breite auf einer Länge von 10 bis 50 Kilometern.,1,"[{'subject': {'upos': 'PROPN', 'text': 'Gambia', 'id': 1, 'deprel': 'nsubj', 'head': 2}, 'verb': {'upos': 'VERB', 'text': 'erstreckt', 'id': 2, 'deprel': 'root', 'head': 0}, 'object': {'upos': 'PRON', 'text': 'sich', 'id': 3, 'deprel': 'obj', 'head': 2}}]",['SVO']
687,"Garfield, der Kater, hatte vier Charakterzüge: er war frech, fett, faul und filosofisch.",1,"[{'subject': {'upos': 'PROPN', 'text': 'Garfield', 'id': 1, 'deprel': 'nsubj', 'head': 6}, 'verb': {'upos': 'VERB', 'text': 'hatte', 'id': 6, 'deprel': 'root', 'head': 0}, 'object': {'upos': 'NOUN', 'text': 'Charakterzüge', 'id': 8, 'deprel': 'obj', 'head': 6}}]",['SVO']
285,"George trug einen hohen Kragen, um seine Leibesfülle besser zu überspielen.",1,"[{'subject': {'upos': 'PROPN', 'text': 'George', 'id': 1, 'deprel': 'nsubj', 'head': 2}, 'verb': {'upos': 'VERB', 'text': 'trug', 'id': 2, 'deprel': 'root', 'head': 0}, 'object': {'upos': 'NOUN', 'text': 'Kragen', 'id': 5, 'deprel': 'obj', 'head': 2}}]",['SVO']
1847,"Gomez war fünf Jahre alt, als sich ihre Eltern trennten.",1,"[{'object': {'upos': 'PRON', 'text': 'sich', 'id': 8, 'deprel': 'obj', 'head': 11}, 'subject': {'upos': 'NOUN', 'text': 'Eltern', 'id': 10, 'deprel': 'nsubj', 'head': 11}, 'verb': {'upos': 'VERB', 'text': 'trennten', 'id': 11, 'deprel': 'advcl', 'head': 5}}]",['OSV']
1590,"Großbritannien entsandte nach der Suezkanal-Krise Truppen in Oman (1957), Jordanien (1958) und Kuwait (1961).",1,"[{'subject': {'upos': 'PROPN', 'text': 'Großbritannien', 'id': 1, 'deprel': 'nsubj', 'head': 2}, 'verb': {'upos': 'VERB', 'text': 'entsandte', 'id': 2, 'deprel': 'root', 'head': 0}, 'object': {'upos': 'NOUN', 'text': 'Truppen', 'id': 8, 'deprel': 'obj', 'head': 2}}]",['SVO']
632,"Harriet hat mittels der Underground Railroad keine Waren geschmuggelt, sondern Bajonette und Kugeln aus Silber.",1,"[{'subject': {'upos': 'PROPN', 'text': 'Harriet', 'id': 1, 'deprel': 'nsubj', 'head': 9}, 'object': {'upos': 'NOUN', 'text': 'Waren', 'id': 8, 'deprel': 'obj', 'head': 9}, 'verb': {'upos': 'VERB', 'text': 'geschmuggelt', 'id': 9, 'deprel': 'root', 'head': 0}}]",['SOV']
37,Henry James wiederholte das Experiment zur Überprüfung der Erddichte im Jahr 1856.,1,"[{'subject': {'upos': 'PROPN', 'text': 'Henry', 'id': 1, 'deprel': 'nsubj', 'head': 3}, 'verb': {'upos': 'VERB', 'text': 'wiederholte', 'id': 3, 'deprel': 'root', 'head': 0}, 'object': {'upos': 'NOUN', 'text': 'Experiment', 'id': 5, 'deprel': 'obj', 'head': 3}}]",['SVO']
117,Hermann Hesse begann seine Mechanikerlehre im Frühsommer 1894.,1,"[{'subject': {'upos': 'PROPN', 'text': 'Hermann', 'id': 1, 'deprel': 'nsubj', 'head': 3}, 'verb': {'upos': 'VERB', 'text': 'begann', 'id': 3, 'deprel': 'root', 'head': 0}, 'object': {'upos': 'NOUN', 'text': 'Mechanikerlehre', 'id': 5, 'deprel': 'obj', 'head': 3}}]",['SVO']
911,"Herr Johann Noe Gogel war für Hegel als Vermittler tätig, indem er eine Hauslehrerstellung für Hegel in seiner Familie arrangierte.",1,"[{'subject': {'upos': 'PRON', 'text': 'er', 'id': 13, 'deprel': 'nsubj', 'head': 21}, 'object': {'upos': 'NOUN', 'text': 'Hauslehrerstellung', 'id': 15, 'deprel': 'obj', 'head': 21}, 'verb': {'upos': 'VERB', 'text': 'arrangierte', 'id': 21, 'deprel': 'advcl', 'head': 10}}]",['SOV']
891,IFAB bedeutet International Football Association Board.,1,"[{'subject': {'upos': 'PROPN', 'text': 'IFAB', 'id': 1, 'deprel': 'nsubj', 'head': 2}, 'verb': {'upos': 'VERB', 'text': 'bedeutet', 'id': 2, 'deprel': 'root', 'head': 0}, 'object': {'upos': 'PROPN', 'text': 'Football', 'id': 4, 'deprel': 'obj', 'head': 2}}]",['SVO']
145,Iglesias schaffte im Jahr 1999 einen erfolgreichen Wechsel in den englischen Musikmarkt ein.,1,"[{'subject': {'upos': 'PROPN', 'text': 'Iglesias', 'id': 1, 'deprel': 'nsubj', 'head': 2}, 'verb': {'upos': 'VERB', 'text': 'schaffte', 'id': 2, 'deprel': 'root', 'head': 0}, 'object': {'upos': 'NOUN', 'text': 'Wechsel', 'id': 9, 'deprel': 'obj', 'head': 2}}]",['SVO']
1500,"Im Dezember 1992 sah sich das Paar gezwungen, die offizielle Trennung bekanntzugeben.",1,"[{'verb': {'upos': 'VERB', 'text': 'sah', 'id': 5, 'deprel': 'root', 'head': 0}, 'object': {'upos': 'PRON', 'text': 'sich', 'id': 6, 'deprel': 'obj', 'head': 5}, 'subject': {'upos': 'NOUN', 'text': 'Paar', 'id': 8, 'deprel': 'nsubj', 'head': 5}}]",['VOS']
749,Im Juli 1993 erhielt Batagram den Status eines eigenständigen Distrikts.,1,"[{'verb': {'upos': 'VERB', 'text': 'erhielt', 'id': 5, 'deprel': 'root', 'head': 0}, 'subject': {'upos': 'PROPN', 'text': 'Batagram', 'id': 6, 'deprel': 'nsubj', 'head': 5}, 'object': {'upos': 'NOUN', 'text': 'Status', 'id': 8, 'deprel': 'obj', 'head': 5}}]",['VSO']
1702,"Im Nordwesten beträgt er etwa 480 mm, während im Südosten bis zu 860 mm fallen können.",1,"[{'verb': {'upos': 'VERB', 'text': 'beträgt', 'id': 4, 'deprel': 'root', 'head': 0}, 'subject': {'upos': 'PRON', 'text': 'er', 'id': 5, 'deprel': 'nsubj', 'head': 4}, 'object': {'upos': 'NOUN', 'text': 'mm', 'id': 8, 'deprel': 'obj', 'head': 4}}]",['VSO']
440,"Im PKW-Sektor werden Modelle der Ober- und Luxusklasse in Europa produziert, während weitere Fertigungsstätten im Ausland die Produkte weltweit erfolgreich vertreiben.",1,"[{'subject': {'upos': 'NOUN', 'text': 'Fertigungsstätten', 'id': 19, 'deprel': 'nsubj', 'head': 27}, 'object': {'upos': 'NOUN', 'text': 'Produkte', 'id': 24, 'deprel': 'obj', 'head': 27}, 'verb': {'upos': 'VERB', 'text': 'vertreiben', 'id': 27, 'deprel': 'advcl', 'head': 15}}]",['SOV']
1295,"In der Autobiographie ""Silent Gesture"" (Stille Geste) von Smith wurde der Gruß nicht mit einem ""Black-Power""-Gruß verwechselt, sondern es handelt sich um einen Gruß für die allgemeinen Menschenrechte.",1,"[{'subject': {'upos': 'PRON', 'text': 'es', 'id': 30, 'deprel': 'nsubj', 'head': 31}, 'verb': {'upos': 'VERB', 'text': 'handelt', 'id': 31, 'deprel': 'conj', 'head': 27}, 'object': {'upos': 'PRON', 'text': 'sich', 'id': 32, 'deprel': 'obj', 'head': 31}}]",['SVO']
907,"In der Datenbank finden sich Benennungen geographischer Objekte und Verweise auf topographische Karten, einschließlich von Informationen über die geographische Lage und bibliographische Nachweise.",1,"[{'verb': {'upos': 'VERB', 'text': 'finden', 'id': 4, 'deprel': 'root', 'head': 0}, 'object': {'upos': 'PRON', 'text': 'sich', 'id': 5, 'deprel': 'obj', 'head': 4}, 'subject': {'upos': 'NOUN', 'text': 'Benennungen', 'id': 6, 'deprel': 'nsubj', 'head': 4}}]",['VOS']
1173,"In der Rampur Raza Bibliothek finden Sie sehr seltene und wertvolle Sammlungen von Manuskripten, historische Dokumente, Exemplare der islamischen Kalligraphie, Miniaturmalereien, astronomische Instrumente und seltene illustrierte Werke in Arabisch und Persisch.",1,"[{'verb': {'upos': 'VERB', 'text': 'finden', 'id': 6, 'deprel': 'root', 'head': 0}, 'subject': {'upos': 'PRON', 'text': 'Sie', 'id': 7, 'deprel': 'nsubj', 'head': 6}, 'object': {'upos': 'NOUN', 'text': 'Sammlungen', 'id': 12, 'deprel': 'obj', 'head': 6}}]",['VSO']
1264,"Intel stellte den neuen Core-Codenamen ""Prescott"" am 1.",1,"[{'subject': {'upos': 'PROPN', 'text': 'Intel', 'id': 1, 'deprel': 'nsubj', 'head': 2}, 'verb': {'upos': 'VERB', 'text': 'stellte', 'id': 2, 'deprel': 'root', 'head': 0}, 'object': {'upos': 'PROPN', 'text': 'Core', 'id': 5, 'deprel': 'obj', 'head': 2}}]",['SVO']
1218,"Ja, elektrochemische Zellen können Emf (elektrische Feldstärke) zur Verfügung stellen.",1,"[{'subject': {'upos': 'NOUN', 'text': 'Zellen', 'id': 4, 'deprel': 'nsubj', 'head': 14}, 'object': {'upos': 'PROPN', 'text': 'Emf', 'id': 6, 'deprel': 'obj', 'head': 14}, 'verb': {'upos': 'VERB', 'text': 'stellen', 'id': 14, 'deprel': 'root', 'head': 0}}]",['SOV']
1571,"Jahrhunderts kann man in der georgischen Volkswirtschaft positive Entwicklungen beobachten, wie zum Beispiel die Verbesserung des Doing-Business-Index der Weltbank, den Anstieg der Direktinvestitionen und das Wachstum des Kreditportfolios der georgischen Banken.",1,"[{'subject': {'upos': 'PRON', 'text': 'man', 'id': 3, 'deprel': 'nsubj', 'head': 10}, 'object': {'upos': 'NOUN', 'text': 'Entwicklungen', 'id': 9, 'deprel': 'obj', 'head': 10}, 'verb': {'upos': 'VERB', 'text': 'beobachten', 'id': 10, 'deprel': 'root', 'head': 0}}]",['SOV']
1532,James hat Bella nach Phoenix verfolgt.,1,"[{'subject': {'upos': 'PROPN', 'text': 'James', 'id': 1, 'deprel': 'nsubj', 'head': 6}, 'object': {'upos': 'PROPN', 'text': 'Bella', 'id': 3, 'deprel': 'obj', 'head': 6}, 'verb': {'upos': 'VERB', 'text': 'verfolgt', 'id': 6, 'deprel': 'root', 'head': 0}}]",['SOV']
1982,"Januar 1919 überstimmt, als sie die Teilnahme an den geplanten Parlamentswahlen forderte, aber von der Mehrheit der Spartakisten abgelehnt wurde.",1,"[{'subject': {'upos': 'PRON', 'text': 'sie', 'id': 6, 'deprel': 'nsubj', 'head': 13}, 'object': {'upos': 'NOUN', 'text': 'Teilnahme', 'id': 8, 'deprel': 'obj', 'head': 13}, 'verb': {'upos': 'VERB', 'text': 'forderte', 'id': 13, 'deprel': 'advcl', 'head': 3}}]",['SOV']
1858,Januzaj begann seine Fußballkarriere beim FC Brüssel.,1,"[{'subject': {'upos': 'PROPN', 'text': 'Januzaj', 'id': 1, 'deprel': 'nsubj', 'head': 2}, 'verb': {'upos': 'VERB', 'text': 'begann', 'id': 2, 'deprel': 'root', 'head': 0}, 'object': {'upos': 'NOUN', 'text': 'Fußballkarriere', 'id': 4, 'deprel': 'obj', 'head': 2}}]",['SVO']
1800,Jean-Philippe Lauer führte 1948 neue Forschungsarbeiten am Komplex durch.,1,"[{'subject': {'upos': 'PROPN', 'text': 'Jean', 'id': 1, 'deprel': 'nsubj', 'head': 5}, 'verb': {'upos': 'VERB', 'text': 'führte', 'id': 5, 'deprel': 'root', 'head': 0}, 'object': {'upos': 'NOUN', 'text': 'Forschungsarbeiten', 'id': 8, 'deprel': 'obj', 'head': 5}}]",['SVO']
1874,Jianmei erhielt den Simone-de-Beauvoir-Preis.,1,"[{'subject': {'upos': 'PROPN', 'text': 'Jianmei', 'id': 1, 'deprel': 'nsubj', 'head': 2}, 'verb': {'upos': 'VERB', 'text': 'erhielt', 'id': 2, 'deprel': 'root', 'head': 0}, 'object': {'upos': 'PROPN', 'text': 'Simone', 'id': 4, 'deprel': 'obj', 'head': 2}}]",['SVO']
1821,Jöns Jakob Berzelius gab Proteinen ihren Namen.,1,"[{'subject': {'upos': 'PROPN', 'text': 'Jöns', 'id': 1, 'deprel': 'nsubj', 'head': 4}, 'verb': {'upos': 'VERB', 'text': 'gab', 'id': 4, 'deprel': 'root', 'head': 0}, 'object': {'upos': 'NOUN', 'text': 'Proteinen', 'id': 5, 'deprel': 'obj', 'head': 4}}]",['SVO']
230,"Jovinus wurde von einer Anzahl gallo-römischer Adliger unterstützt, die Konstantins Niederlage überlebt hatten.",1,"[{'subject': {'upos': 'PRON', 'text': 'die', 'id': 12, 'deprel': 'nsubj', 'head': 15}, 'object': {'upos': 'NOUN', 'text': 'Niederlage', 'id': 14, 'deprel': 'obj', 'head': 15}, 'verb': {'upos': 'VERB', 'text': 'überlebt', 'id': 15, 'deprel': 'acl', 'head': 9}}]",['SOV']
1668,"Kaiser Yongle entsandte nach seinem Regierungsantritt 1403 unmittelbar Gesandte in zahlreiche Länder, um sie einzuladen, Tribut an China zu entsenden.",1,"[{'subject': {'upos': 'PROPN', 'text': 'Kaiser', 'id': 1, 'deprel': 'nsubj', 'head': 3}, 'verb': {'upos': 'VERB', 'text': 'entsandte', 'id': 3, 'deprel': 'root', 'head': 0}, 'object': {'upos': 'NOUN', 'text': 'Gesandte', 'id': 9, 'deprel': 'obj', 'head': 3}}]",['SVO']
597,Kane hat 1× die World Tag Team Championship gewonnen.,1,"[{'subject': {'upos': 'PROPN', 'text': 'Kane', 'id': 1, 'deprel': 'nsubj', 'head': 9}, 'object': {'upos': 'PROPN', 'text': 'World', 'id': 5, 'deprel': 'obj', 'head': 9}, 'verb': {'upos': 'VERB', 'text': 'gewonnen', 'id': 9, 'deprel': 'root', 'head': 0}}]",['SOV']
439,"Kang aktivierte Cerberus, das Zugangsprogramm zu den US-amerikanischen Nuklearwaffen.",1,"[{'subject': {'upos': 'PROPN', 'text': 'Kang', 'id': 1, 'deprel': 'nsubj', 'head': 2}, 'verb': {'upos': 'VERB', 'text': 'aktivierte', 'id': 2, 'deprel': 'root', 'head': 0}, 'object': {'upos': 'PROPN', 'text': 'Cerberus', 'id': 3, 'deprel': 'obj', 'head': 2}}]",['SVO']
1232,"Kevin Valentine war der Studiomusiker, der sich um die Schlagzeugparts auf dem Album Psycho Circus kümmerte.",1,"[{'subject': {'upos': 'PRON', 'text': 'der', 'id': 7, 'deprel': 'nsubj', 'head': 17}, 'object': {'upos': 'PRON', 'text': 'sich', 'id': 8, 'deprel': 'obj', 'head': 17}, 'verb': {'upos': 'VERB', 'text': 'kümmerte', 'id': 17, 'deprel': 'acl', 'head': 5}}]",['SOV']
865,Khan spielte 88 Test Matches während seiner gesamten Karriere.,1,"[{'subject': {'upos': 'PROPN', 'text': 'Khan', 'id': 1, 'deprel': 'nsubj', 'head': 2}, 'verb': {'upos': 'VERB', 'text': 'spielte', 'id': 2, 'deprel': 'root', 'head': 0}, 'object': {'upos': 'NOUN', 'text': 'Matches', 'id': 5, 'deprel': 'obj', 'head': 2}}]",['SVO']
1680,Kirk erlangte den Grad Bachelor am Austin College im Jahr 1976 und den Titel Juris Doctor der University of Texas im Jahr 1979.,1,"[{'subject': {'upos': 'PROPN', 'text': 'Kirk', 'id': 1, 'deprel': 'nsubj', 'head': 2}, 'verb': {'upos': 'VERB', 'text': 'erlangte', 'id': 2, 'deprel': 'root', 'head': 0}, 'object': {'upos': 'NOUN', 'text': 'Grad', 'id': 4, 'deprel': 'obj', 'head': 2}}]",['SVO']
1694,Kitts und Nevis umfasst elf gewählte und drei vom Generalgouverneur ernannte Mitglieder.,1,"[{'subject': {'upos': 'PROPN', 'text': 'Kitts', 'id': 1, 'deprel': 'nsubj', 'head': 4}, 'verb': {'upos': 'VERB', 'text': 'umfasst', 'id': 4, 'deprel': 'root', 'head': 0}, 'object': {'upos': 'NOUN', 'text': 'Mitglieder', 'id': 13, 'deprel': 'obj', 'head': 4}}]",['SVO']
77,Kitty Flynn heiratete Bullard und war auch mit Worth liiert.,1,"[{'subject': {'upos': 'PROPN', 'text': 'Kitty', 'id': 1, 'deprel': 'nsubj', 'head': 3}, 'verb': {'upos': 'VERB', 'text': 'heiratete', 'id': 3, 'deprel': 'root', 'head': 0}, 'object': {'upos': 'PROPN', 'text': 'Bullard', 'id': 4, 'deprel': 'obj', 'head': 3}}]",['SVO']
20,Knapp 1100 Flugzeuge baute Curtiss.,1,"[{'object': {'upos': 'NOUN', 'text': 'Flugzeuge', 'id': 3, 'deprel': 'obj', 'head': 4}, 'verb': {'upos': 'VERB', 'text': 'baute', 'id': 4, 'deprel': 'root', 'head': 0}, 'subject': {'upos': 'PROPN', 'text': 'Curtiss', 'id': 5, 'deprel': 'nsubj', 'head': 4}}]",['OVS']
196,"Kristoff wollte schnell nach Hause zurückkehren, um Anna bei seiner Adoptivfamilie, den Trollen, zu behandeln, da sie von Elsa getroffen worden war und sich zu einer Eisstatue erstarren würde, wenn sie nicht bald behandelt würde.",1,"[{'subject': {'upos': 'PRON', 'text': 'sie', 'id': 21, 'deprel': 'nsubj:pass', 'head': 24}, 'object': {'upos': 'PRON', 'text': 'sich', 'id': 28, 'deprel': 'obj', 'head': 32}, 'verb': {'upos': 'VERB', 'text': 'erstarren', 'id': 32, 'deprel': 'conj', 'head': 24}}]",['SOV']
499,"Kritiker ernteten hohes Lob für Bayramovs frühe Werke, insbesondere seine Landschaftsmalerei.",1,"[{'subject': {'upos': 'NOUN', 'text': 'Kritiker', 'id': 1, 'deprel': 'nsubj', 'head': 2}, 'verb': {'upos': 'VERB', 'text': 'ernteten', 'id': 2, 'deprel': 'root', 'head': 0}, 'object': {'upos': 'NOUN', 'text': 'Lob', 'id': 4, 'deprel': 'obj', 'head': 2}}]",['SVO']
418,"Lam hat die Vertretung weiblicher Schauspielerinnen übernommen, da er aufgrund seiner schlanken Erscheinung oft als Vertretung für Frauen agierte.",1,"[{'subject': {'upos': 'PROPN', 'text': 'Lam', 'id': 1, 'deprel': 'nsubj', 'head': 7}, 'object': {'upos': 'NOUN', 'text': 'Vertretung', 'id': 4, 'deprel': 'obj', 'head': 7}, 'verb': {'upos': 'VERB', 'text': 'übernommen', 'id': 7, 'deprel': 'root', 'head': 0}}]",['SOV']
810,Leeds besitzt einen Innenstadtring sowie einen Außenring.,1,"[{'subject': {'upos': 'PROPN', 'text': 'Leeds', 'id': 1, 'deprel': 'nsubj', 'head': 2}, 'verb': {'upos': 'VERB', 'text': 'besitzt', 'id': 2, 'deprel': 'root', 'head': 0}, 'object': {'upos': 'NOUN', 'text': 'Innenstadtring', 'id': 4, 'deprel': 'obj', 'head': 2}}]",['SVO']
383,"Lehrer schrieb Lieder für die amerikanische Version der satirischen britischen TV-Show ""That Was The Week That Was"" (TW3).",1,"[{'subject': {'upos': 'NOUN', 'text': 'Lehrer', 'id': 1, 'deprel': 'nsubj', 'head': 2}, 'verb': {'upos': 'VERB', 'text': 'schrieb', 'id': 2, 'deprel': 'root', 'head': 0}, 'object': {'upos': 'NOUN', 'text': 'Lieder', 'id': 3, 'deprel': 'obj', 'head': 2}}]",['SVO']
1007,Levi Spear Parmly erfand die moderne Zahnseide.,1,"[{'subject': {'upos': 'PROPN', 'text': 'Levi', 'id': 1, 'deprel': 'nsubj', 'head': 4}, 'verb': {'upos': 'VERB', 'text': 'erfand', 'id': 4, 'deprel': 'root', 'head': 0}, 'object': {'upos': 'NOUN', 'text': 'Zahnseide', 'id': 7, 'deprel': 'obj', 'head': 4}}]",['SVO']
631,Lincolns Soldaten zerstörten die Vampirarmee mit den neuen Silberwaffen.,1,"[{'subject': {'upos': 'NOUN', 'text': 'Soldaten', 'id': 2, 'deprel': 'nsubj', 'head': 3}, 'verb': {'upos': 'VERB', 'text': 'zerstörten', 'id': 3, 'deprel': 'root', 'head': 0}, 'object': {'upos': 'NOUN', 'text': 'Vampirarmee', 'id': 5, 'deprel': 'obj', 'head': 3}}]",['SVO']
614,"Louis Leterrier führte bei dem Film ""Der unglaubliche Hulk"" Regie.",1,"[{'subject': {'upos': 'PROPN', 'text': 'Louis', 'id': 1, 'deprel': 'nsubj', 'head': 3}, 'verb': {'upos': 'VERB', 'text': 'führte', 'id': 3, 'deprel': 'root', 'head': 0}, 'object': {'upos': 'PROPN', 'text': 'Regie', 'id': 12, 'deprel': 'obj', 'head': 3}}]",['SVO']
577,Luis Menéndez Pidal restaurierte die Kirche San Pedro de Nora von 1940 bis in die 1970er Jahre.,1,"[{'subject': {'upos': 'PROPN', 'text': 'Luis', 'id': 1, 'deprel': 'nsubj', 'head': 4}, 'verb': {'upos': 'VERB', 'text': 'restaurierte', 'id': 4, 'deprel': 'root', 'head': 0}, 'object': {'upos': 'NOUN', 'text': 'Kirche', 'id': 6, 'deprel': 'obj', 'head': 4}}]",['SVO']
410,"Madonna spielte sowohl die Rolle der katholischen Frau als auch die der Latina in ihrem Musikvideo ""La Isla Bonita"".",1,"[{'subject': {'upos': 'PROPN', 'text': 'Madonna', 'id': 1, 'deprel': 'nsubj', 'head': 2}, 'verb': {'upos': 'VERB', 'text': 'spielte', 'id': 2, 'deprel': 'root', 'head': 0}, 'object': {'upos': 'NOUN', 'text': 'Rolle', 'id': 5, 'deprel': 'obj', 'head': 2}}]",['SVO']
287,Magnentius beging Suizid nach seiner Niederlage in der Schlacht am Mons Seleucus im Jahr 353.,1,"[{'subject': {'upos': 'PROPN', 'text': 'Magnentius', 'id': 1, 'deprel': 'nsubj', 'head': 2}, 'verb': {'upos': 'VERB', 'text': 'beging', 'id': 2, 'deprel': 'root', 'head': 0}, 'object': {'upos': 'NOUN', 'text': 'Suizid', 'id': 3, 'deprel': 'obj', 'head': 2}}]",['SVO']
920,"Man gibt Müttern den Ratschlag, frühgeborene Kinder regelmäßig in Hautkontakt mit ihnen zu bringen, um die Neugeborenen dadurch warmzuhalten und zu stillen.",1,"[{'subject': {'upos': 'PRON', 'text': 'Man', 'id': 1, 'deprel': 'nsubj', 'head': 2}, 'verb': {'upos': 'VERB', 'text': 'gibt', 'id': 2, 'deprel': 'root', 'head': 0}, 'object': {'upos': 'NOUN', 'text': 'Ratschlag', 'id': 5, 'deprel': 'obj', 'head': 2}}]",['SVO']
1009,Manche Betroffenen konsumieren auch die abgetrennten Hautstücke.,1,"[{'object': {'upos': 'NOUN', 'text': 'Betroffenen', 'id': 2, 'deprel': 'obj', 'head': 3}, 'verb': {'upos': 'VERB', 'text': 'konsumieren', 'id': 3, 'deprel': 'root', 'head': 0}, 'subject': {'upos': 'NOUN', 'text': 'Hautstücke', 'id': 7, 'deprel': 'nsubj', 'head': 3}}]",['OVS']
664,"Männer erzielten ein Durchschnittseinkommen von 29.748 $, Frauen 25.734 $.",1,"[{'subject': {'upos': 'NOUN', 'text': 'Männer', 'id': 1, 'deprel': 'nsubj', 'head': 2}, 'verb': {'upos': 'VERB', 'text': 'erzielten', 'id': 2, 'deprel': 'root', 'head': 0}, 'object': {'upos': 'NOUN', 'text': 'Durchschnittseinkommen', 'id': 4, 'deprel': 'obj', 'head': 2}}]",['SVO']
336,Männer hatten ein höheres mittleres Einkommen von 26.485 USD als Frauen mit 18.039 USD.,1,"[{'subject': {'upos': 'NOUN', 'text': 'Männer', 'id': 1, 'deprel': 'nsubj', 'head': 2}, 'verb': {'upos': 'VERB', 'text': 'hatten', 'id': 2, 'deprel': 'root', 'head': 0}, 'object': {'upos': 'NOUN', 'text': 'Einkommen', 'id': 6, 'deprel': 'obj', 'head': 2}}]",['SVO']
550,Marga Faulstich besuchte das Realgymnasium in Jena.,1,"[{'subject': {'upos': 'PROPN', 'text': 'Marga', 'id': 1, 'deprel': 'nsubj', 'head': 3}, 'verb': {'upos': 'VERB', 'text': 'besuchte', 'id': 3, 'deprel': 'root', 'head': 0}, 'object': {'upos': 'NOUN', 'text': 'Realgymnasium', 'id': 5, 'deprel': 'obj', 'head': 3}}]",['SVO']
552,"Marga Faulstich widmete sich der Forschung und Entwicklung neuer optischer Gläser, insbesondere für Objektive an Mikroskopen und Ferngläsern.",1,"[{'subject': {'upos': 'PROPN', 'text': 'Marga', 'id': 1, 'deprel': 'nsubj', 'head': 3}, 'verb': {'upos': 'VERB', 'text': 'widmete', 'id': 3, 'deprel': 'root', 'head': 0}, 'object': {'upos': 'PRON', 'text': 'sich', 'id': 4, 'deprel': 'obj', 'head': 3}}]",['SVO']
724,"Marokkos Weigerung, an dem Treffen teilzunehmen, blockierte die Konferenz in 2005.",1,"[{'object': {'upos': 'NOUN', 'text': 'Weigerung', 'id': 2, 'deprel': 'obj', 'head': 9}, 'verb': {'upos': 'VERB', 'text': 'blockierte', 'id': 9, 'deprel': 'root', 'head': 0}, 'subject': {'upos': 'NOUN', 'text': 'Konferenz', 'id': 11, 'deprel': 'nsubj', 'head': 9}}]",['OVS']
1255,Megadeth hat weltweit mehr als 25 Millionen Alben verkauft.,1,"[{'subject': {'upos': 'PROPN', 'text': 'Megadeth', 'id': 1, 'deprel': 'nsubj', 'head': 9}, 'object': {'upos': 'NOUN', 'text': 'Alben', 'id': 8, 'deprel': 'obj', 'head': 9}, 'verb': {'upos': 'VERB', 'text': 'verkauft', 'id': 9, 'deprel': 'root', 'head': 0}}]",['SOV']
297,Mehr als 20 Länder erlangten ihre Unabhängigkeit vom Vereinigten Königreich in den 1960er und 1970er Jahren.,1,"[{'subject': {'upos': 'NOUN', 'text': 'Länder', 'id': 4, 'deprel': 'nsubj', 'head': 5}, 'verb': {'upos': 'VERB', 'text': 'erlangten', 'id': 5, 'deprel': 'root', 'head': 0}, 'object': {'upos': 'NOUN', 'text': 'Unabhängigkeit', 'id': 7, 'deprel': 'obj', 'head': 5}}]",['SVO']
648,Menschen mit einem Cerebralshunt oder einem Immundefekt haben ein erhöhtes Infektionsrisiko für Meningitis.,1,"[{'subject': {'upos': 'NOUN', 'text': 'Menschen', 'id': 1, 'deprel': 'nsubj', 'head': 8}, 'verb': {'upos': 'VERB', 'text': 'haben', 'id': 8, 'deprel': 'root', 'head': 0}, 'object': {'upos': 'NOUN', 'text': 'Infektionsrisiko', 'id': 11, 'deprel': 'obj', 'head': 8}}]",['SVO']
440,Mercedes-Benz hat Produktionsstätten im In- und Ausland.,1,"[{'subject': {'upos': 'PROPN', 'text': 'Mercedes', 'id': 1, 'deprel': 'nsubj', 'head': 4}, 'verb': {'upos': 'VERB', 'text': 'hat', 'id': 4, 'deprel': 'root', 'head': 0}, 'object': {'upos': 'NOUN', 'text': 'Produktionsstätten', 'id': 5, 'deprel': 'obj', 'head': 4}}]",['SVO']
1118,Mexiko hat 31 Bundesstaaten.,1,"[{'subject': {'upos': 'PROPN', 'text': 'Mexiko', 'id': 1, 'deprel': 'nsubj', 'head': 2}, 'verb': {'upos': 'VERB', 'text': 'hat', 'id': 2, 'deprel': 'root', 'head': 0}, 'object': {'upos': 'NOUN', 'text': 'Bundesstaaten', 'id': 4, 'deprel': 'obj', 'head': 2}}]",['SVO']
341,Michaël Van Canneyt erzeugte den Linux-Port für das anfängliche 32-Bit-Programm.,1,"[{'subject': {'upos': 'PROPN', 'text': 'Michaël', 'id': 1, 'deprel': 'nsubj', 'head': 4}, 'verb': {'upos': 'VERB', 'text': 'erzeugte', 'id': 4, 'deprel': 'root', 'head': 0}, 'object': {'upos': 'PROPN', 'text': 'Linux', 'id': 6, 'deprel': 'obj', 'head': 4}}]",['SVO']
1006,"Mit sieben Jahren begann Christopher Nolan, Filme zu produzieren, indem er mit der Super-8-Kamera seines Vaters Actionfiguren filmte.",1,"[{'subject': {'upos': 'PRON', 'text': 'er', 'id': 13, 'deprel': 'nsubj', 'head': 22}, 'object': {'upos': 'NOUN', 'text': 'Actionfiguren', 'id': 21, 'deprel': 'obj', 'head': 22}, 'verb': {'upos': 'VERB', 'text': 'filmte', 'id': 22, 'deprel': 'advcl', 'head': 4}}]",['SOV']
757,"Mitchell-Hedges, entdeckte den berühmten Kristallschädel 1924 in Lubaantun, damals Britisch-Honduras (heute Belize).",1,"[{'subject': {'upos': 'PROPN', 'text': 'Mitchell', 'id': 1, 'deprel': 'nsubj', 'head': 5}, 'verb': {'upos': 'VERB', 'text': 'entdeckte', 'id': 5, 'deprel': 'root', 'head': 0}, 'object': {'upos': 'NOUN', 'text': 'Kristallschädel', 'id': 8, 'deprel': 'obj', 'head': 5}}]",['SVO']
1243,"München wurde zur Großstadt, nachdem die Einwohnerzahl 1852 die Grenze von 100.000 überschritten hatte.",1,"[{'subject': {'upos': 'NOUN', 'text': 'Einwohnerzahl', 'id': 9, 'deprel': 'nsubj', 'head': 15}, 'object': {'upos': 'NOUN', 'text': 'Grenze', 'id': 12, 'deprel': 'obj', 'head': 15}, 'verb': {'upos': 'VERB', 'text': 'überschritten', 'id': 15, 'deprel': 'advcl', 'head': 5}}]",['SOV']
1196,Muslime haben in Indien einen bedeutenden Beitrag zur Kultur und zum sozialen wie politischen Leben des Landes geleistet.,1,"[{'subject': {'upos': 'NOUN', 'text': 'Muslime', 'id': 1, 'deprel': 'nsubj', 'head': 20}, 'object': {'upos': 'NOUN', 'text': 'Beitrag', 'id': 7, 'deprel': 'obj', 'head': 20}, 'verb': {'upos': 'VERB', 'text': 'geleistet', 'id': 20, 'deprel': 'root', 'head': 0}}]",['SOV']
1204,Muttiah Muralitharan brach im Mai 2004 den Rekord von Courtney Walsh mit 519 Wickets.,1,"[{'subject': {'upos': 'PROPN', 'text': 'Muttiah', 'id': 1, 'deprel': 'nsubj', 'head': 3}, 'verb': {'upos': 'VERB', 'text': 'brach', 'id': 3, 'deprel': 'root', 'head': 0}, 'object': {'upos': 'NOUN', 'text': 'Rekord', 'id': 9, 'deprel': 'obj', 'head': 3}}]",['SVO']
1278,Nach dem Sturz der Qing-Dynastie führten die nunmehr an die Macht gekommenen Warlords in den von ihnen beherrschten Provinzen jeweils eigene Militärwährungen ein.,1,"[{'verb': {'upos': 'VERB', 'text': 'führten', 'id': 8, 'deprel': 'root', 'head': 0}, 'subject': {'upos': 'NOUN', 'text': 'Warlords', 'id': 15, 'deprel': 'nsubj', 'head': 8}, 'object': {'upos': 'NOUN', 'text': 'Militärwährungen', 'id': 24, 'deprel': 'obj', 'head': 8}}]",['VSO']
62,Nach dem Tod Alexanders des Großen regierte Armenien General Neoptolemos mit dem Einverständnis Babylons.,1,"[{'verb': {'upos': 'VERB', 'text': 'regierte', 'id': 7, 'deprel': 'root', 'head': 0}, 'subject': {'upos': 'PROPN', 'text': 'Armenien', 'id': 8, 'deprel': 'nsubj', 'head': 7}, 'object': {'upos': 'PROPN', 'text': 'General', 'id': 9, 'deprel': 'obj', 'head': 7}}]",['VSO']
1915,"Nachdem Napoleon im Bezug zu Spanien gestürzt war, herrschte wieder der Absolutismus in Spanien, der die Cádiz-Verfassung außer Kraft setzte und Puerto Rico in den früheren Status einer Kolonie versetzte, die der uneingeschränkten Macht des spanischen Monarchen unterworfen war.",1,"[{'subject': {'upos': 'PRON', 'text': 'der', 'id': 18, 'deprel': 'nsubj', 'head': 25}, 'object': {'upos': 'PROPN', 'text': 'Cádiz', 'id': 20, 'deprel': 'obj', 'head': 25}, 'verb': {'upos': 'VERB', 'text': 'setzte', 'id': 25, 'deprel': 'acl', 'head': 14}}]",['SOV']
1269,"Naidangiin Tüwschinbajar, Enchbatyn Badar-Uugan und Otryadyn Gündegmaa haben bei den Olympischen Sommerspielen Medaillen gewonnen.",1,"[{'subject': {'upos': 'PROPN', 'text': 'Naidangiin', 'id': 1, 'deprel': 'nsubj', 'head': 17}, 'object': {'upos': 'NOUN', 'text': 'Medaillen', 'id': 16, 'deprel': 'obj', 'head': 17}, 'verb': {'upos': 'VERB', 'text': 'gewonnen', 'id': 17, 'deprel': 'root', 'head': 0}}]",['SOV']
423,"Nein, gibt es kein festes Rezept für Masala Chai, viele indische Familien haben ihr eigenes Rezept.",1,"[{'subject': {'upos': 'NOUN', 'text': 'Familien', 'id': 14, 'deprel': 'nsubj', 'head': 15}, 'verb': {'upos': 'VERB', 'text': 'haben', 'id': 15, 'deprel': 'conj', 'head': 3}, 'object': {'upos': 'NOUN', 'text': 'Rezept', 'id': 18, 'deprel': 'obj', 'head': 15}}]",['SVO']
1895,"Nein, Metoprolol sollte in der Schwangerschaft und Stillzeit nur unter strenger ärztlicher Kontrolle eingesetzt werden, da es Hinweise auf eine Minderdurchblutung der Plazenta und in der Folge fötale Wachstumsstörungen gibt.",1,"[{'subject': {'upos': 'NOUN', 'text': 'Hinweise', 'id': 20, 'deprel': 'nsubj', 'head': 32}, 'object': {'upos': 'NOUN', 'text': 'Wachstumsstörungen', 'id': 31, 'deprel': 'obj', 'head': 32}, 'verb': {'upos': 'VERB', 'text': 'gibt', 'id': 32, 'deprel': 'advcl', 'head': 15}}]",['SOV']
304,"Neutrinooszillationen zeigen, dass Neutrinos eine Masse haben.",1,"[{'subject': {'upos': 'NOUN', 'text': 'Neutrinos', 'id': 5, 'deprel': 'nsubj', 'head': 8}, 'object': {'upos': 'NOUN', 'text': 'Masse', 'id': 7, 'deprel': 'obj', 'head': 8}, 'verb': {'upos': 'VERB', 'text': 'haben', 'id': 8, 'deprel': 'ccomp', 'head': 2}}]",['SOV']
938,Newcastle United gewann die Liga in der Saison 1906-07.,1,"[{'subject': {'upos': 'PROPN', 'text': 'Newcastle', 'id': 1, 'deprel': 'nsubj', 'head': 3}, 'verb': {'upos': 'VERB', 'text': 'gewann', 'id': 3, 'deprel': 'root', 'head': 0}, 'object': {'upos': 'NOUN', 'text': 'Liga', 'id': 5, 'deprel': 'obj', 'head': 3}}]",['SVO']
1107,Niggli hat seine Promotion 1912 an der Universität Zürich abgeschlossen.,1,"[{'subject': {'upos': 'PROPN', 'text': 'Niggli', 'id': 1, 'deprel': 'nsubj', 'head': 10}, 'object': {'upos': 'NOUN', 'text': 'Promotion', 'id': 4, 'deprel': 'obj', 'head': 10}, 'verb': {'upos': 'VERB', 'text': 'abgeschlossen', 'id': 10, 'deprel': 'root', 'head': 0}}]",['SOV']
1045,Nissin Food Products stellt Instant-Nudelgerichte her.,1,"[{'subject': {'upos': 'PROPN', 'text': 'Nissin', 'id': 1, 'deprel': 'nsubj', 'head': 4}, 'verb': {'upos': 'VERB', 'text': 'stellt', 'id': 4, 'deprel': 'root', 'head': 0}, 'object': {'upos': 'PROPN', 'text': 'Instant', 'id': 5, 'deprel': 'obj', 'head': 4}}]",['SVO']
180,North American Aviation entwarf den NA-130.,1,"[{'subject': {'upos': 'PROPN', 'text': 'Aviation', 'id': 3, 'deprel': 'nsubj', 'head': 4}, 'verb': {'upos': 'VERB', 'text': 'entwarf', 'id': 4, 'deprel': 'root', 'head': 0}, 'object': {'upos': 'PROPN', 'text': 'NA-130', 'id': 6, 'deprel': 'obj', 'head': 4}}]",['SVO']
1853,"Nostoc ist eine Gattung von Cyanobakterien, die kugelige oder hautartige Kolonien aus langen, unverzweigten Zellschnüren in einer gelatinösen Hülle bilden.",1,"[{'subject': {'upos': 'PRON', 'text': 'die', 'id': 8, 'deprel': 'nsubj', 'head': 22}, 'object': {'upos': 'NOUN', 'text': 'Kolonien', 'id': 12, 'deprel': 'obj', 'head': 22}, 'verb': {'upos': 'VERB', 'text': 'bilden', 'id': 22, 'deprel': 'acl', 'head': 4}}]",['SOV']
1583,Nova Scotia erhielt als erste Kolonie 1848 eine eigenverantwortliche Regierung.,1,"[{'subject': {'upos': 'PROPN', 'text': 'Nova', 'id': 1, 'deprel': 'nsubj', 'head': 3}, 'verb': {'upos': 'VERB', 'text': 'erhielt', 'id': 3, 'deprel': 'root', 'head': 0}, 'object': {'upos': 'NOUN', 'text': 'Regierung', 'id': 10, 'deprel': 'obj', 'head': 3}}]",['SVO']
1989,"November im Berliner Tageblatt erschien, überaus optimistisch, was den Erfolg der Revolution anging.",1,"[{'subject': {'upos': 'PRON', 'text': 'was', 'id': 11, 'deprel': 'nsubj', 'head': 16}, 'object': {'upos': 'NOUN', 'text': 'Erfolg', 'id': 13, 'deprel': 'obj', 'head': 16}, 'verb': {'upos': 'VERB', 'text': 'anging', 'id': 16, 'deprel': 'acl', 'head': 9}}]",['SOV']
1933,"OFID beschäftigt sich außer HIV/AIDS auch mit anderen vermeidbaren Krankheiten wie Tuberkulose, Malaria und durch Wasser übertragbare Krankheiten, sowie nicht übertragbaren Krankheiten wie Krebs, Diabetes und Herzerkrankungen.",1,"[{'subject': {'upos': 'PROPN', 'text': 'OFID', 'id': 1, 'deprel': 'nsubj', 'head': 2}, 'verb': {'upos': 'VERB', 'text': 'beschäftigt', 'id': 2, 'deprel': 'root', 'head': 0}, 'object': {'upos': 'PRON', 'text': 'sich', 'id': 3, 'deprel': 'obj', 'head': 2}}]",['SVO']
1928,OFID hat das Volumen seiner Geschäftstätigkeiten im Energiesektor verstärkt.,1,"[{'subject': {'upos': 'PROPN', 'text': 'OFID', 'id': 1, 'deprel': 'nsubj', 'head': 10}, 'object': {'upos': 'NOUN', 'text': 'Volumen', 'id': 4, 'deprel': 'obj', 'head': 10}, 'verb': {'upos': 'VERB', 'text': 'verstärkt', 'id': 10, 'deprel': 'root', 'head': 0}}]",['SOV']
1934,"OFID's Vorzeige-Programm konzentriert sich hauptsächlich auf die Bereitstellung von innovativen Energiearmutlösungen, vor allem für nicht an das Stromnetz angeschlossene ländliche Haushalte.",1,"[{'subject': {'upos': 'NOUN', 'text': 'Programm', 'id': 5, 'deprel': 'nsubj', 'head': 6}, 'verb': {'upos': 'VERB', 'text': 'konzentriert', 'id': 6, 'deprel': 'root', 'head': 0}, 'object': {'upos': 'PRON', 'text': 'sich', 'id': 7, 'deprel': 'obj', 'head': 6}}]",['SVO']
207,Pan Am und Iran Air haben die 747SP angefordert.,1,"[{'subject': {'upos': 'PROPN', 'text': 'Pan', 'id': 1, 'deprel': 'nsubj', 'head': 9}, 'object': {'upos': 'PROPN', 'text': '747SP', 'id': 8, 'deprel': 'obj', 'head': 9}, 'verb': {'upos': 'VERB', 'text': 'angefordert', 'id': 9, 'deprel': 'root', 'head': 0}}]",['SOV']
840,"Paul Gardner ist ein US-amerikanischer Broker, der den Aufstieg vom Obdachlosen zum Self-Made-Millionär schaffte.",1,"[{'subject': {'upos': 'PRON', 'text': 'der', 'id': 10, 'deprel': 'nsubj', 'head': 23}, 'object': {'upos': 'NOUN', 'text': 'Aufstieg', 'id': 12, 'deprel': 'obj', 'head': 23}, 'verb': {'upos': 'VERB', 'text': 'schaffte', 'id': 23, 'deprel': 'acl', 'head': 8}}]",['SOV']
1144,"Paul Sophus Epstein hat die Polflucht-Hypothese näher ausgeführt, aber bald widerlegt.",1,"[{'subject': {'upos': 'PROPN', 'text': 'Paul', 'id': 1, 'deprel': 'nsubj', 'head': 10}, 'object': {'upos': 'NOUN', 'text': 'Hypothese', 'id': 8, 'deprel': 'obj', 'head': 10}, 'verb': {'upos': 'VERB', 'text': 'ausgeführt', 'id': 10, 'deprel': 'root', 'head': 0}}]",['SOV']
644,"Paul T. Scheuring war an Prison Break interessiert, bevor er sich von dem Projekt zurückzog.",1,"[{'subject': {'upos': 'PRON', 'text': 'er', 'id': 11, 'deprel': 'nsubj', 'head': 16}, 'object': {'upos': 'PRON', 'text': 'sich', 'id': 12, 'deprel': 'obj', 'head': 16}, 'verb': {'upos': 'VERB', 'text': 'zurückzog', 'id': 16, 'deprel': 'advcl', 'head': 8}}]",['SOV']
331,Pauling veröffentlichte in den späten 20ern Aufsätze über die Natur chemischer Bindungen.,1,"[{'subject': {'upos': 'PROPN', 'text': 'Pauling', 'id': 1, 'deprel': 'nsubj', 'head': 2}, 'verb': {'upos': 'VERB', 'text': 'veröffentlichte', 'id': 2, 'deprel': 'root', 'head': 0}, 'object': {'upos': 'NOUN', 'text': 'Aufsätze', 'id': 7, 'deprel': 'obj', 'head': 2}}]",['SVO']
997,Paulo Freire wurde die Position des Direktor der Abteilung für Erziehungswissenschaft und Kultur im Bundesland Pernambuco gegeben.,1,"[{'subject': {'upos': 'PROPN', 'text': 'Paulo', 'id': 1, 'deprel': 'nsubj:pass', 'head': 18}, 'object': {'upos': 'NOUN', 'text': 'Position', 'id': 5, 'deprel': 'obj', 'head': 18}, 'verb': {'upos': 'VERB', 'text': 'gegeben', 'id': 18, 'deprel': 'root', 'head': 0}}]",['SOV']
123,Pavlyuchenko begann seine Karriere als Profifußballer 1998 beim südrussischen Zweitligisten Dynamo Stawropol.,1,"[{'subject': {'upos': 'PROPN', 'text': 'Pavlyuchenko', 'id': 1, 'deprel': 'nsubj', 'head': 2}, 'verb': {'upos': 'VERB', 'text': 'begann', 'id': 2, 'deprel': 'root', 'head': 0}, 'object': {'upos': 'NOUN', 'text': 'Karriere', 'id': 4, 'deprel': 'obj', 'head': 2}}]",['SVO']
1780,Philip Hampson Knight machte seinen Abschluss an der University of Oregon in Wirtschaftswissenschaften (Bachelor of Business Administration).,1,"[{'subject': {'upos': 'PROPN', 'text': 'Philip', 'id': 1, 'deprel': 'nsubj', 'head': 4}, 'verb': {'upos': 'VERB', 'text': 'machte', 'id': 4, 'deprel': 'root', 'head': 0}, 'object': {'upos': 'NOUN', 'text': 'Abschluss', 'id': 6, 'deprel': 'obj', 'head': 4}}]",['SVO']
1384,Philip Seymour Hoffman erhielt eine Nominierung für den Oscar als bester Nebendarsteller (2008) und war zudem für den Preis der Broadcast Film Critics Association und den Preis der Chicago Film Critics Association nominiert.,1,"[{'subject': {'upos': 'PROPN', 'text': 'Philip', 'id': 1, 'deprel': 'nsubj', 'head': 4}, 'verb': {'upos': 'VERB', 'text': 'erhielt', 'id': 4, 'deprel': 'root', 'head': 0}, 'object': {'upos': 'NOUN', 'text': 'Nominierung', 'id': 6, 'deprel': 'obj', 'head': 4}}]",['SVO']
393,"Phoebes Mutter Lily beging Selbstmord, als Phoebe 14 Jahre alt war.",1,"[{'subject': {'upos': 'NOUN', 'text': 'Mutter', 'id': 2, 'deprel': 'nsubj', 'head': 4}, 'verb': {'upos': 'VERB', 'text': 'beging', 'id': 4, 'deprel': 'root', 'head': 0}, 'object': {'upos': 'NOUN', 'text': 'Selbstmord', 'id': 5, 'deprel': 'obj', 'head': 4}}]",['SVO']
562,Pitt-Watson gab das Buch an den Dekan von Westminster zurück.,1,"[{'subject': {'upos': 'PROPN', 'text': 'Pitt', 'id': 1, 'deprel': 'nsubj', 'head': 4}, 'verb': {'upos': 'VERB', 'text': 'gab', 'id': 4, 'deprel': 'root', 'head': 0}, 'object': {'upos': 'NOUN', 'text': 'Buch', 'id': 6, 'deprel': 'obj', 'head': 4}}]",['SVO']
429,"Pooja gibt Raj frei, um Tina um seine Hand zu bitten.",1,"[{'subject': {'upos': 'PROPN', 'text': 'Pooja', 'id': 1, 'deprel': 'nsubj', 'head': 2}, 'verb': {'upos': 'VERB', 'text': 'gibt', 'id': 2, 'deprel': 'root', 'head': 0}, 'object': {'upos': 'PROPN', 'text': 'Raj', 'id': 3, 'deprel': 'obj', 'head': 2}}]",['SVO']
428,"Pooja und Raj entdeckten, dass Pooja ihm all die Briefe geschrieben hat.",1,"[{'subject': {'upos': 'PROPN', 'text': 'Pooja', 'id': 7, 'deprel': 'nsubj', 'head': 12}, 'object': {'upos': 'NOUN', 'text': 'Briefe', 'id': 11, 'deprel': 'obj', 'head': 12}, 'verb': {'upos': 'VERB', 'text': 'geschrieben', 'id': 12, 'deprel': 'ccomp', 'head': 4}}]",['SOV']
1469,Priyanka Gandhi machte ihren Abschluss an der University of Delhi.,1,"[{'subject': {'upos': 'PROPN', 'text': 'Priyanka', 'id': 1, 'deprel': 'nsubj', 'head': 3}, 'verb': {'upos': 'VERB', 'text': 'machte', 'id': 3, 'deprel': 'root', 'head': 0}, 'object': {'upos': 'NOUN', 'text': 'Abschluss', 'id': 5, 'deprel': 'obj', 'head': 3}}]",['SVO']
1910,"Puerto Rico war für Entdecker attraktiv, weil es einen geeigneten Hafen besaß.",1,"[{'subject': {'upos': 'PRON', 'text': 'es', 'id': 9, 'deprel': 'nsubj', 'head': 13}, 'object': {'upos': 'NOUN', 'text': 'Hafen', 'id': 12, 'deprel': 'obj', 'head': 13}, 'verb': {'upos': 'VERB', 'text': 'besaß', 'id': 13, 'deprel': 'advcl', 'head': 6}}]",['SOV']
137,Raimund von Aguilers trug die Reste der Heiligen Lanze.,1,"[{'subject': {'upos': 'PROPN', 'text': 'Raimund', 'id': 1, 'deprel': 'nsubj', 'head': 4}, 'verb': {'upos': 'VERB', 'text': 'trug', 'id': 4, 'deprel': 'root', 'head': 0}, 'object': {'upos': 'NOUN', 'text': 'Reste', 'id': 6, 'deprel': 'obj', 'head': 4}}]",['SVO']
424,Raj fühlt sich von der schönen Tina angezogen.,1,"[{'subject': {'upos': 'PROPN', 'text': 'Raj', 'id': 1, 'deprel': 'nsubj', 'head': 2}, 'verb': {'upos': 'VERB', 'text': 'fühlt', 'id': 2, 'deprel': 'root', 'head': 0}, 'object': {'upos': 'PRON', 'text': 'sich', 'id': 3, 'deprel': 'obj', 'head': 2}}]",['SVO']
426,"Raj's Vater entscheidet sich, wegen seines Berufs mit seiner Familie nach England zu ziehen.",1,"[{'subject': {'upos': 'NOUN', 'text': 'Vater', 'id': 3, 'deprel': 'nsubj', 'head': 4}, 'verb': {'upos': 'VERB', 'text': 'entscheidet', 'id': 4, 'deprel': 'root', 'head': 0}, 'object': {'upos': 'PRON', 'text': 'sich', 'id': 5, 'deprel': 'obj', 'head': 4}}]",['SVO']
1463,Razzaz leitete von 2002 bis 2006 die Niederlassung der Weltbank im Libanon.,1,"[{'subject': {'upos': 'PROPN', 'text': 'Razzaz', 'id': 1, 'deprel': 'nsubj', 'head': 2}, 'verb': {'upos': 'VERB', 'text': 'leitete', 'id': 2, 'deprel': 'root', 'head': 0}, 'object': {'upos': 'NOUN', 'text': 'Niederlassung', 'id': 8, 'deprel': 'obj', 'head': 2}}]",['SVO']
245,"Relativity Media hat den Film ""Machine Gun Preacher"" veröffentlicht.",1,"[{'subject': {'upos': 'PROPN', 'text': 'Relativity', 'id': 1, 'deprel': 'nsubj', 'head': 11}, 'object': {'upos': 'NOUN', 'text': 'Film', 'id': 5, 'deprel': 'obj', 'head': 11}, 'verb': {'upos': 'VERB', 'text': 'veröffentlicht', 'id': 11, 'deprel': 'root', 'head': 0}}]",['SOV']
444,"Reykjavík besitzt zwei Seehäfen, den alten Hafen in der Nähe des Stadtzentrums und Sundahöfn im Osten der Stadt.",1,"[{'subject': {'upos': 'PROPN', 'text': 'Reykjavík', 'id': 1, 'deprel': 'nsubj', 'head': 2}, 'verb': {'upos': 'VERB', 'text': 'besitzt', 'id': 2, 'deprel': 'root', 'head': 0}, 'object': {'upos': 'NOUN', 'text': 'Seehäfen', 'id': 4, 'deprel': 'obj', 'head': 2}}]",['SVO']
1254,"Richard Matheson schrieb 1956 die Kurzgeschichte ""Steel"".",1,"[{'subject': {'upos': 'PROPN', 'text': 'Richard', 'id': 1, 'deprel': 'nsubj', 'head': 3}, 'verb': {'upos': 'VERB', 'text': 'schrieb', 'id': 3, 'deprel': 'root', 'head': 0}, 'object': {'upos': 'NOUN', 'text': 'Kurzgeschichte', 'id': 6, 'deprel': 'obj', 'head': 3}}]",['SVO']
814,"Ridley Scott hat Regie bei ""Alien – Das unheimliche Wesen aus einer fremden Welt"" geführt.",1,"[{'subject': {'upos': 'PROPN', 'text': 'Ridley', 'id': 1, 'deprel': 'nsubj', 'head': 17}, 'object': {'upos': 'NOUN', 'text': 'Regie', 'id': 4, 'deprel': 'obj', 'head': 17}, 'verb': {'upos': 'VERB', 'text': 'geführt', 'id': 17, 'deprel': 'root', 'head': 0}}]",['SOV']
1400,Robert Falcon Scott und seine Begleiter erreichten den Südpol einen Monat nach Roald Amundsen.,1,"[{'subject': {'upos': 'PROPN', 'text': 'Robert', 'id': 1, 'deprel': 'nsubj', 'head': 7}, 'verb': {'upos': 'VERB', 'text': 'erreichten', 'id': 7, 'deprel': 'root', 'head': 0}, 'object': {'upos': 'NOUN', 'text': 'Südpol', 'id': 9, 'deprel': 'obj', 'head': 7}}]",['SVO']
1998,"Robert von Loritello erweiterte um 1100 seine Besitzungen durch Fortore, Bovino und Dragonara.",1,"[{'subject': {'upos': 'PROPN', 'text': 'Robert', 'id': 1, 'deprel': 'nsubj', 'head': 4}, 'verb': {'upos': 'VERB', 'text': 'erweiterte', 'id': 4, 'deprel': 'root', 'head': 0}, 'object': {'upos': 'NOUN', 'text': 'Besitzungen', 'id': 8, 'deprel': 'obj', 'head': 4}}]",['SVO']
240,Sam Childers widmet sein Leben der Versorgung von Waisenkinder im Südsudan.,1,"[{'subject': {'upos': 'PROPN', 'text': 'Sam', 'id': 1, 'deprel': 'nsubj', 'head': 3}, 'verb': {'upos': 'VERB', 'text': 'widmet', 'id': 3, 'deprel': 'root', 'head': 0}, 'object': {'upos': 'NOUN', 'text': 'Leben', 'id': 5, 'deprel': 'obj', 'head': 3}}]",['SVO']
921,"Sanabria führte seine neue Methode ein, um den Mangel an Inkubatoren, Betreuungspersonal und weiteren Mitteln am Instituto Materno Infantil in Bogotá zu mindern.",1,"[{'subject': {'upos': 'PROPN', 'text': 'Sanabria', 'id': 1, 'deprel': 'nsubj', 'head': 2}, 'verb': {'upos': 'VERB', 'text': 'führte', 'id': 2, 'deprel': 'root', 'head': 0}, 'object': {'upos': 'NOUN', 'text': 'Methode', 'id': 5, 'deprel': 'obj', 'head': 2}}]",['SVO']
955,"Sarah Ditum veröffentlichte 2014 das Buch ""Everyday Sexism"".",1,"[{'subject': {'upos': 'PROPN', 'text': 'Sarah', 'id': 1, 'deprel': 'nsubj', 'head': 3}, 'verb': {'upos': 'VERB', 'text': 'veröffentlichte', 'id': 3, 'deprel': 'root', 'head': 0}, 'object': {'upos': 'NOUN', 'text': 'Buch', 'id': 6, 'deprel': 'obj', 'head': 3}}]",['SVO']
420,Saving Face gewann 2012 den Oscar in der Kategorie Bester Dokumentar-Kurzfilm.,1,"[{'subject': {'upos': 'PROPN', 'text': 'Saving', 'id': 1, 'deprel': 'nsubj', 'head': 3}, 'verb': {'upos': 'VERB', 'text': 'gewann', 'id': 3, 'deprel': 'root', 'head': 0}, 'object': {'upos': 'PROPN', 'text': 'Oscar', 'id': 6, 'deprel': 'obj', 'head': 3}}]",['SVO']
665,Schall forderte 150.000 US-Dollar von Hudgens.,1,"[{'subject': {'upos': 'PROPN', 'text': 'Schall', 'id': 1, 'deprel': 'nsubj', 'head': 2}, 'verb': {'upos': 'VERB', 'text': 'forderte', 'id': 2, 'deprel': 'root', 'head': 0}, 'object': {'upos': 'PROPN', 'text': 'US', 'id': 4, 'deprel': 'obj', 'head': 2}}]",['SVO']
360,Sein Sohn Afonso I bestieg nach ihm den Thron.,1,"[{'subject': {'upos': 'NOUN', 'text': 'Sohn', 'id': 2, 'deprel': 'nsubj', 'head': 5}, 'verb': {'upos': 'VERB', 'text': 'bestieg', 'id': 5, 'deprel': 'root', 'head': 0}, 'object': {'upos': 'NOUN', 'text': 'Thron', 'id': 9, 'deprel': 'obj', 'head': 5}}]",['SVO']
1565,"Seit der Lockerung des belgischen Staatsangehörigkeitsrechts haben über 1,3 Millionen Migranten die belgische Staatsbürgerschaft erworben.",1,"[{'subject': {'upos': 'NOUN', 'text': 'Migranten', 'id': 11, 'deprel': 'nsubj', 'head': 15}, 'object': {'upos': 'NOUN', 'text': 'Staatsbürgerschaft', 'id': 14, 'deprel': 'obj', 'head': 15}, 'verb': {'upos': 'VERB', 'text': 'erworben', 'id': 15, 'deprel': 'root', 'head': 0}}]",['SOV']
518,Selenium WebDriver leitet die akzeptierten Befehle an einen Browser weiter.,1,"[{'subject': {'upos': 'PROPN', 'text': 'Selenium', 'id': 1, 'deprel': 'nsubj', 'head': 3}, 'verb': {'upos': 'VERB', 'text': 'leitet', 'id': 3, 'deprel': 'root', 'head': 0}, 'object': {'upos': 'NOUN', 'text': 'Befehle', 'id': 6, 'deprel': 'obj', 'head': 3}}]",['SVO']
1123,"Shah Rukh Khans Produktionsfirma hat ihren ersten Film ""Ich bin immer für Dich da!""",1,"[{'subject': {'upos': 'NOUN', 'text': 'Produktionsfirma', 'id': 4, 'deprel': 'nsubj', 'head': 5}, 'verb': {'upos': 'VERB', 'text': 'hat', 'id': 5, 'deprel': 'root', 'head': 0}, 'object': {'upos': 'NOUN', 'text': 'Film', 'id': 8, 'deprel': 'obj', 'head': 5}}]",['SVO']
756,"Sherinian sang ein Lied namens ""I Don't Like You"" mit Petrucci und Portnoy als Zweitstimmen, als er unter dem Namen ""Nicky Lemons and the Migraine Brothers"" auf die Bühne kam.",1,"[{'subject': {'upos': 'PROPN', 'text': 'Sherinian', 'id': 1, 'deprel': 'nsubj', 'head': 2}, 'verb': {'upos': 'VERB', 'text': 'sang', 'id': 2, 'deprel': 'root', 'head': 0}, 'object': {'upos': 'NOUN', 'text': 'Lied', 'id': 4, 'deprel': 'obj', 'head': 2}}]",['SVO']
345,Shin'ichi Kimura schrieb die Light-Novel-Reihe Kore wa Zombie Desu ka?.,1,"[{'subject': {'upos': 'PROPN', 'text': ""Shin'ichi"", 'id': 1, 'deprel': 'nsubj', 'head': 3}, 'verb': {'upos': 'VERB', 'text': 'schrieb', 'id': 3, 'deprel': 'root', 'head': 0}, 'object': {'upos': 'PROPN', 'text': 'Novel', 'id': 7, 'deprel': 'obj', 'head': 3}}]",['SVO']
611,Shrikanth Mathur erhielt eine Warnung von Jackie.,1,"[{'subject': {'upos': 'PROPN', 'text': 'Shrikanth', 'id': 1, 'deprel': 'nsubj', 'head': 3}, 'verb': {'upos': 'VERB', 'text': 'erhielt', 'id': 3, 'deprel': 'root', 'head': 0}, 'object': {'upos': 'NOUN', 'text': 'Warnung', 'id': 5, 'deprel': 'obj', 'head': 3}}]",['SVO']
1288,Sia trennte sich 2011 von JD Samson.,1,"[{'subject': {'upos': 'PROPN', 'text': 'Sia', 'id': 1, 'deprel': 'nsubj', 'head': 2}, 'verb': {'upos': 'VERB', 'text': 'trennte', 'id': 2, 'deprel': 'root', 'head': 0}, 'object': {'upos': 'PRON', 'text': 'sich', 'id': 3, 'deprel': 'obj', 'head': 2}}]",['SVO']
1287,"Sie erhielt die Nachricht, dass ihr Freund Dan Pontifex bei einem Autounfall in London ums Leben gekommen sei.",1,"[{'subject': {'upos': 'PRON', 'text': 'Sie', 'id': 1, 'deprel': 'nsubj', 'head': 2}, 'verb': {'upos': 'VERB', 'text': 'erhielt', 'id': 2, 'deprel': 'root', 'head': 0}, 'object': {'upos': 'NOUN', 'text': 'Nachricht', 'id': 4, 'deprel': 'obj', 'head': 2}}]",['SVO']
1270,Sie gab ihr Olympiadebüt bei den Winterspielen 1964 und hat seither an fast allen Olympischen Spielen teilgenommen.,1,"[{'subject': {'upos': 'PRON', 'text': 'Sie', 'id': 1, 'deprel': 'nsubj', 'head': 2}, 'verb': {'upos': 'VERB', 'text': 'gab', 'id': 2, 'deprel': 'root', 'head': 0}, 'object': {'upos': 'NOUN', 'text': 'Olympiadebüt', 'id': 4, 'deprel': 'obj', 'head': 2}}]",['SVO']
366,"Sie reagieren stark auf Augenkontakt, lieben es, aktiv zu sein und haben einen ausgeprägten Jagdinstinkt.",1,"[{'subject': {'upos': 'PRON', 'text': 'Sie', 'id': 1, 'deprel': 'nsubj', 'head': 2}, 'verb': {'upos': 'VERB', 'text': 'haben', 'id': 14, 'deprel': 'conj', 'head': 2}, 'object': {'upos': 'NOUN', 'text': 'Jagdinstinkt', 'id': 17, 'deprel': 'obj', 'head': 14}}]",['SVO']
1354,Sie verdiente sich ihren Lebensunterhalt als Jazzsängerin.,1,"[{'subject': {'upos': 'PRON', 'text': 'Sie', 'id': 1, 'deprel': 'nsubj', 'head': 2}, 'verb': {'upos': 'VERB', 'text': 'verdiente', 'id': 2, 'deprel': 'root', 'head': 0}, 'object': {'upos': 'PRON', 'text': 'sich', 'id': 3, 'deprel': 'obj', 'head': 2}}]",['SVO']
1047,Søren Sørensen studierte ab 1886 Medizin und bald darauf Chemie an der Universität Kopenhagen.,1,"[{'subject': {'upos': 'PROPN', 'text': 'Søren', 'id': 1, 'deprel': 'nsubj', 'head': 3}, 'verb': {'upos': 'VERB', 'text': 'studierte', 'id': 3, 'deprel': 'root', 'head': 0}, 'object': {'upos': 'NOUN', 'text': 'Medizin', 'id': 6, 'deprel': 'obj', 'head': 3}}]",['SVO']
1234,"Standard Oil of California verkaufte diverse Ölstationen im Golf und eine Raffinerie an der Ostküste der USA, um den Ansprüchen von Kartellbehörden gerecht zu werden.",1,"[{'subject': {'upos': 'PROPN', 'text': 'Standard', 'id': 1, 'deprel': 'nsubj', 'head': 5}, 'verb': {'upos': 'VERB', 'text': 'verkaufte', 'id': 5, 'deprel': 'root', 'head': 0}, 'object': {'upos': 'NOUN', 'text': 'Ölstationen', 'id': 7, 'deprel': 'obj', 'head': 5}}]",['SVO']
1789,"Stechmücken wiegen etwa 2 bis 2,5 Milligramm.",1,"[{'subject': {'upos': 'NOUN', 'text': 'Stechmücken', 'id': 1, 'deprel': 'nsubj', 'head': 2}, 'verb': {'upos': 'VERB', 'text': 'wiegen', 'id': 2, 'deprel': 'root', 'head': 0}, 'object': {'upos': 'NOUN', 'text': 'Milligramm', 'id': 7, 'deprel': 'obj', 'head': 2}}]",['SVO']
1380,"Suzanne Collins schrieb ""The Hunger Games"".",1,"[{'subject': {'upos': 'PROPN', 'text': 'Suzanne', 'id': 1, 'deprel': 'nsubj', 'head': 3}, 'verb': {'upos': 'VERB', 'text': 'schrieb', 'id': 3, 'deprel': 'root', 'head': 0}, 'object': {'upos': 'PROPN', 'text': 'Hunger', 'id': 6, 'deprel': 'obj', 'head': 3}}]",['SVO']
1441,"Ted Elliott und Terry Rossio haben das Drehbuch für den Film ""Pirates of the Caribbean – Fluch der Karibik 2"" geschrieben.",1,"[{'subject': {'upos': 'PROPN', 'text': 'Ted', 'id': 1, 'deprel': 'nsubj', 'head': 23}, 'object': {'upos': 'NOUN', 'text': 'Drehbuch', 'id': 8, 'deprel': 'obj', 'head': 23}, 'verb': {'upos': 'VERB', 'text': 'geschrieben', 'id': 23, 'deprel': 'root', 'head': 0}}]",['SOV']
1612,Tennō Hirohito kündigte die Kapitulation Japans im Zweiten Weltkrieg an.,1,"[{'subject': {'upos': 'PROPN', 'text': 'Tennō', 'id': 1, 'deprel': 'nsubj', 'head': 3}, 'verb': {'upos': 'VERB', 'text': 'kündigte', 'id': 3, 'deprel': 'root', 'head': 0}, 'object': {'upos': 'NOUN', 'text': 'Kapitulation', 'id': 5, 'deprel': 'obj', 'head': 3}}]",['SVO']
1955,"Tess begibt sich in ihr Schlafzimmer, wo sie auf die Knie fällt und bitter klagt.",1,"[{'subject': {'upos': 'PROPN', 'text': 'Tess', 'id': 1, 'deprel': 'nsubj', 'head': 2}, 'verb': {'upos': 'VERB', 'text': 'begibt', 'id': 2, 'deprel': 'root', 'head': 0}, 'object': {'upos': 'PRON', 'text': 'sich', 'id': 3, 'deprel': 'obj', 'head': 2}}]",['SVO']
1956,Tess gibt sich den Namen Mrs.,1,"[{'subject': {'upos': 'PROPN', 'text': 'Tess', 'id': 1, 'deprel': 'nsubj', 'head': 2}, 'verb': {'upos': 'VERB', 'text': 'gibt', 'id': 2, 'deprel': 'root', 'head': 0}, 'object': {'upos': 'PRON', 'text': 'sich', 'id': 3, 'deprel': 'obj', 'head': 2}}]",['SVO']
1989,"Theodor Wolff zeigte sich in einem Artikel, der am 10.",1,"[{'subject': {'upos': 'PROPN', 'text': 'Theodor', 'id': 1, 'deprel': 'nsubj', 'head': 3}, 'verb': {'upos': 'VERB', 'text': 'zeigte', 'id': 3, 'deprel': 'root', 'head': 0}, 'object': {'upos': 'PRON', 'text': 'sich', 'id': 4, 'deprel': 'obj', 'head': 3}}]",['SVO']
1816,"Theodoric wollte durch den Angriff auf Narbo Martius das Mittelmeer erreichen, um sich eine Verbindung zu den über die Pyrenäen nach Spanien verlaufenden Wegen zu verschaffen.",1,"[{'subject': {'upos': 'PROPN', 'text': 'Theodoric', 'id': 1, 'deprel': 'nsubj', 'head': 11}, 'object': {'upos': 'NOUN', 'text': 'Mittelmeer', 'id': 10, 'deprel': 'obj', 'head': 11}, 'verb': {'upos': 'VERB', 'text': 'erreichen', 'id': 11, 'deprel': 'root', 'head': 0}}]",['SOV']
1309,Tiger Woods gewann das Junior World Golf Championship der 9- bis 10-Jährigen im Alter von acht Jahren.,1,"[{'subject': {'upos': 'PROPN', 'text': 'Tiger', 'id': 1, 'deprel': 'nsubj', 'head': 3}, 'verb': {'upos': 'VERB', 'text': 'gewann', 'id': 3, 'deprel': 'root', 'head': 0}, 'object': {'upos': 'PROPN', 'text': 'Junior', 'id': 5, 'deprel': 'obj', 'head': 3}}]",['SVO']
1894,"Toby Wilkinson verneint die ""Usurpator-Thesen"".",1,"[{'subject': {'upos': 'PROPN', 'text': 'Toby', 'id': 1, 'deprel': 'nsubj', 'head': 3}, 'verb': {'upos': 'VERB', 'text': 'verneint', 'id': 3, 'deprel': 'root', 'head': 0}, 'object': {'upos': 'PROPN', 'text': 'Usurpator', 'id': 6, 'deprel': 'obj', 'head': 3}}]",['SVO']
963,Tom Cruise reichte die Scheidung von Nicole Kidman im August 2001 ein.,1,"[{'subject': {'upos': 'PROPN', 'text': 'Tom', 'id': 1, 'deprel': 'nsubj', 'head': 3}, 'verb': {'upos': 'VERB', 'text': 'reichte', 'id': 3, 'deprel': 'root', 'head': 0}, 'object': {'upos': 'NOUN', 'text': 'Scheidung', 'id': 5, 'deprel': 'obj', 'head': 3}}]",['SVO']
616,"Tony Stark informiert General Ross, wenn ein Team zusammengestellt wird.",1,"[{'subject': {'upos': 'PROPN', 'text': 'Tony', 'id': 1, 'deprel': 'nsubj', 'head': 3}, 'verb': {'upos': 'VERB', 'text': 'informiert', 'id': 3, 'deprel': 'root', 'head': 0}, 'object': {'upos': 'PROPN', 'text': 'General', 'id': 4, 'deprel': 'obj', 'head': 3}}]",['SVO']
736,Ungarn gewann das Rückspiel in Budapest mit 7:1 gegen England.,1,"[{'subject': {'upos': 'PROPN', 'text': 'Ungarn', 'id': 1, 'deprel': 'nsubj', 'head': 2}, 'verb': {'upos': 'VERB', 'text': 'gewann', 'id': 2, 'deprel': 'root', 'head': 0}, 'object': {'upos': 'NOUN', 'text': 'Rückspiel', 'id': 4, 'deprel': 'obj', 'head': 2}}]",['SVO']
1675,"Victoria hat bei Privatlehrern Lektionen in Bibelkunde, Geschichte, Geographie und Spracherwerb gelernt.",1,"[{'subject': {'upos': 'PROPN', 'text': 'Victoria', 'id': 1, 'deprel': 'nsubj', 'head': 14}, 'object': {'upos': 'NOUN', 'text': 'Lektionen', 'id': 5, 'deprel': 'obj', 'head': 14}, 'verb': {'upos': 'VERB', 'text': 'gelernt', 'id': 14, 'deprel': 'root', 'head': 0}}]",['SOV']
1195,"Vijay gab die Liebe zur Familie auf, um seine Liebe für seinen Bruder Vicky zu opfern.",1,"[{'subject': {'upos': 'PROPN', 'text': 'Vijay', 'id': 1, 'deprel': 'nsubj', 'head': 2}, 'verb': {'upos': 'VERB', 'text': 'gab', 'id': 2, 'deprel': 'root', 'head': 0}, 'object': {'upos': 'NOUN', 'text': 'Liebe', 'id': 4, 'deprel': 'obj', 'head': 2}}]",['SVO']
1289,"Vikas Swarup studierte Moderne Geschichte, Psychologie und Philosophie an der Allahabad University.",1,"[{'subject': {'upos': 'PROPN', 'text': 'Vikas', 'id': 1, 'deprel': 'nsubj', 'head': 3}, 'verb': {'upos': 'VERB', 'text': 'studierte', 'id': 3, 'deprel': 'root', 'head': 0}, 'object': {'upos': 'NOUN', 'text': 'Moderne', 'id': 4, 'deprel': 'obj', 'head': 3}}]",['SVO']
1113,Viv Richards erzielte im Laufe seiner Karriere 12150 Runs (8540 Runs in Tests und 6721 Runs in ODIs).,1,"[{'subject': {'upos': 'PROPN', 'text': 'Viv', 'id': 1, 'deprel': 'nsubj', 'head': 3}, 'verb': {'upos': 'VERB', 'text': 'erzielte', 'id': 3, 'deprel': 'root', 'head': 0}, 'object': {'upos': 'NOUN', 'text': 'Runs', 'id': 10, 'deprel': 'obj', 'head': 3}}]",['SVO']
1756,"Vladimir Sergejewitsch Ignatowski benutzte das Beispiel, um die Lorentz-Transformation ohne Einbeziehung des Postulats der Konstanz der Lichtgeschwindigkeit herzuleiten.",1,"[{'subject': {'upos': 'PROPN', 'text': 'Vladimir', 'id': 1, 'deprel': 'nsubj', 'head': 4}, 'verb': {'upos': 'VERB', 'text': 'benutzte', 'id': 4, 'deprel': 'root', 'head': 0}, 'object': {'upos': 'NOUN', 'text': 'Beispiel', 'id': 6, 'deprel': 'obj', 'head': 4}}]",['SVO']
851,"Von Stauffenberg hatte fünf Kinder: Berthold, Heimeran, Franz-Ludwig, Valerie und Konstanze.",1,"[{'subject': {'upos': 'ADP', 'text': 'Von', 'id': 1, 'deprel': 'nsubj', 'head': 3}, 'verb': {'upos': 'VERB', 'text': 'hatte', 'id': 3, 'deprel': 'root', 'head': 0}, 'object': {'upos': 'NOUN', 'text': 'Kinder', 'id': 5, 'deprel': 'obj', 'head': 3}}]",['SVO']
574,VSMPO-AVISMA produziert Titan.,1,"[{'subject': {'upos': 'PROPN', 'text': 'VSMPO-AVISMA', 'id': 1, 'deprel': 'nsubj', 'head': 2}, 'verb': {'upos': 'VERB', 'text': 'produziert', 'id': 2, 'deprel': 'root', 'head': 0}, 'object': {'upos': 'PROPN', 'text': 'Titan', 'id': 3, 'deprel': 'obj', 'head': 2}}]",['SVO']
1084,"Während er in Yale war, hörte er auch Vorlesungen über Elektrizität bei Benjamin Silliman sr.",1,"[{'verb': {'upos': 'VERB', 'text': 'hörte', 'id': 7, 'deprel': 'root', 'head': 0}, 'subject': {'upos': 'PRON', 'text': 'er', 'id': 8, 'deprel': 'nsubj', 'head': 7}, 'object': {'upos': 'NOUN', 'text': 'Vorlesungen', 'id': 10, 'deprel': 'obj', 'head': 7}}]",['VSO']
369,Walter Tuchman hat die Leitungen nicht in irgendeiner Weise beeinflusst.,1,"[{'subject': {'upos': 'PROPN', 'text': 'Walter', 'id': 1, 'deprel': 'nsubj', 'head': 10}, 'object': {'upos': 'NOUN', 'text': 'Leitungen', 'id': 5, 'deprel': 'obj', 'head': 10}, 'verb': {'upos': 'VERB', 'text': 'beeinflusst', 'id': 10, 'deprel': 'root', 'head': 0}}]",['SOV']
878,"Wenn der aktuelle Designated Router (DR) ausfällt, übernimmt der Backup Designated Router (BDR) fast nahtlos dessen Rolle, ohne einen erneuten Wahlvorgang eines DR zu initiieren.",1,"[{'verb': {'upos': 'VERB', 'text': 'übernimmt', 'id': 11, 'deprel': 'root', 'head': 0}, 'subject': {'upos': 'PROPN', 'text': 'Backup', 'id': 13, 'deprel': 'nsubj', 'head': 11}, 'object': {'upos': 'NOUN', 'text': 'Rolle', 'id': 22, 'deprel': 'obj', 'head': 11}}]",['VSO']
1494,"Wenn zwei oder mehr Länder eine identische Medaillenbilanz aufweisen, werden sie alphabetisch geordnet auf dem gleichen Rang geführt.",1,"[{'subject': {'upos': 'NOUN', 'text': 'Länder', 'id': 5, 'deprel': 'nsubj', 'head': 9}, 'object': {'upos': 'NOUN', 'text': 'Medaillenbilanz', 'id': 8, 'deprel': 'obj', 'head': 9}, 'verb': {'upos': 'VERB', 'text': 'aufweisen', 'id': 9, 'deprel': 'advcl', 'head': 19}}]",['SOV']
845,William Armstrong schloss die Restaurierung ab.,1,"[{'subject': {'upos': 'PROPN', 'text': 'William', 'id': 1, 'deprel': 'nsubj', 'head': 3}, 'verb': {'upos': 'VERB', 'text': 'schloss', 'id': 3, 'deprel': 'root', 'head': 0}, 'object': {'upos': 'NOUN', 'text': 'Restaurierung', 'id': 5, 'deprel': 'obj', 'head': 3}}]",['SVO']
246,Xiang tötet Marke.,1,"[{'subject': {'upos': 'PROPN', 'text': 'Xiang', 'id': 1, 'deprel': 'nsubj', 'head': 2}, 'verb': {'upos': 'VERB', 'text': 'tötet', 'id': 2, 'deprel': 'root', 'head': 0}, 'object': {'upos': 'NOUN', 'text': 'Marke', 'id': 3, 'deprel': 'obj', 'head': 2}}]",['SVO']
1353,"Zadie Smith hat ihre Eltern, Yvonne Bailey und Harvey Smith, als Teenager getrennt.",1,"[{'subject': {'upos': 'PROPN', 'text': 'Zadie', 'id': 1, 'deprel': 'nsubj', 'head': 15}, 'object': {'upos': 'NOUN', 'text': 'Eltern', 'id': 5, 'deprel': 'obj', 'head': 15}, 'verb': {'upos': 'VERB', 'text': 'getrennt', 'id': 15, 'deprel': 'root', 'head': 0}}]",['SOV']
1352,Zadie Smith hat zwei jüngere Brüder.,1,"[{'subject': {'upos': 'PROPN', 'text': 'Zadie', 'id': 1, 'deprel': 'nsubj', 'head': 3}, 'verb': {'upos': 'VERB', 'text': 'hat', 'id': 3, 'deprel': 'root', 'head': 0}, 'object': {'upos': 'NOUN', 'text': 'Brüder', 'id': 6, 'deprel': 'obj', 'head': 3}}]",['SVO']
890,"Zumindest bei höherklassigen Spielen und in der Bundesliga gibt es drei Schiedsrichter, die dem leitenden Schiedsrichter helfen: zwei Schiedsrichterassistenten (Linienrichtern) an den Längsseiten des Spielfeldes und einen Vierten Offiziellen, der das Verhalten der Trainer, Betreuer und Ersatzspieler überwacht.",1,"[{'subject': {'upos': 'PRON', 'text': 'der', 'id': 35, 'deprel': 'nsubj', 'head': 44}, 'object': {'upos': 'NOUN', 'text': 'Verhalten', 'id': 37, 'deprel': 'obj', 'head': 44}, 'verb': {'upos': 'VERB', 'text': 'überwacht', 'id': 44, 'deprel': 'acl', 'head': 33}}]",['SOV']
1996,1034,0,[],[]
110,1057,0,[],[]
981,1308,0,[],[]
471,1786,0,[],[]
1704,1839,0,[],[]
256,1867,0,[],[]
69,1895,0,[],[]
1000,1903,0,[],[]
1280,1914,0,[],[]
172,1915,0,[],[]
1574,1916,0,[],[]
120,1919,0,[],[]
772,1926,0,[],[]
1990,1928,0,[],[]
21,1934,0,[],[]
549,1935,0,[],[]
1714,1945,0,[],[]
1819,1948,0,[],[]
1760,1951,0,[],[]
1605,1952,0,[],[]
787,1955,0,[],[]
332,1958,0,[],[]
717,1963,0,[],[]
500,1968,0,[],[]
826,1976,0,[],[]
605,1981,0,[],[]
1103,1982,0,[],[]
1527,1983,0,[],[]
1589,1984,0,[],[]
791,1985,0,[],[]
527,1987,0,[],[]
1651,1991,0,[],[]
530,1995,0,[],[]
1053,2001,0,[],[]
663,2005,0,[],[]
1416,2006,0,[],[]
954,2007,0,[],[]
242,2011,0,[],[]
700,2011,0,[],[]
492,2014,0,[],[]
1042,2016,0,[],[]
578,September 2007,0,[],[]
834,"""gefährdet"") gelistet.",0,[],[]
1554,"""James the be-shitten""",0,[],[]
147,"0,55 Prozent der Bevölkerung waren spanischer oder lateinamerikanischer Abstammung.",0,[],[]
1251,1 oder 2 Gullies werden bei einem sehr offensiven Feld verwendet.,0,[],[]
1708,"1,75 Millionen.",0,[],[]
193,"10,3 Prozent der Familien und 14,5 Prozent der Einwohner lebten unterhalb der Armutsgrenze.",0,[],[]
213,100 Frauen kommen auf 94 Männer.,0,[],[]
1277,100 Kandarin sind in 1 Tael.,0,[],[]
1811,127 Menschen leben auf der Insel.,0,[],[]
711,13 Jahre lang war sie mit dem Anthropologieprofessor Grover Krantz verheiratet.,0,[],[]
158,"16,3 Prozent der Familien lebten unterhalb der Armutsgrenze.",0,[],[]
1909,17 Schiffe waren an der zweiten Reise von Christoph Kolumbus beteiligt.,0,[],[]
87,1920 reiste d'Hérelle nach Indochina.,0,[],[]
386,1944 und 1945.,0,[],[]
228,"20,10 %",0,[],[]
1518,200 Lehmhäuser in Dalbandin wurden zerstört.,0,[],[]
600,23 Nationalparks stehen in Polen unter Schutz.,0,[],[]
274,23.820 USD.,0,[],[]
667,2500 Soldaten.,0,[],[]
1521,26 Millionen US-Dollar.,0,[],[]
1771,"3,33 Prozent der Bevölkerung sind spanischer oder lateinamerikanischer Abstammung.",0,[],[]
480,"30.000 Menschen mussten in Sicherheit gebracht werden, da ihre Häuser überflutet waren.",0,[],[]
1050,300.000 Exemplare des Buches wurden in weniger als einem Jahr verkauft.,0,[],[]
303,36 Schiffe der gotischen Flotte wurden zerstört.,0,[],[]
866,362 Wickets.,0,[],[]
868,362 Wickets.,0,[],[]
867,"37,69",0,[],[]
1055,38 %,0,[],[]
1329,"38,3 % der Bürger haben für ihn als Bürgermeister gestimmt.",0,[],[]
255,47 Besatzungsmitglieder kamen bei der Explosion im Jahre 1989 auf dem Marineschiff Iowa um.,0,[],[]
397,5 Quadratkilometer Wasserfläche sind aus dem Bezirk aus.,0,[],[]
980,60 Sitze der Nationalversammlung sind im Allgemeinen für Frauen reserviert.,0,[],[]
1904,70 Kinder im Alter zwischen vier und sechs Jahren wurden im Schulbus transportiert.,0,[],[]
1913,7000 Mann.,0,[],[]
969,"8,8 Prozent der isländischen Bevölkerung leidet offenbar an Angststörungen.",0,[],[]
930,80 bis 90 % der Frauen.,0,[],[]
1923,"93,8 Männer kamen auf 100 Frauen.",0,[],[]
1868,A.S.S.,0,[],[]
1812,Abchasilien.,0,[],[]
629,"Abraham Lincolns Vater, Thomas Lincoln, wurde von Jack Barts, dem Besitzer der Plantage, entlassen als Bestrafung für die Einmischung seines Sohnes Abraham in einen Vorfall zwischen einem Sklaven, William Johnson, und Jack Barts.",0,[],[]
654,Aciclovir.,0,[],[]
1749,Adeodatus diente etwa 40 Jahre lang als Presbyter in Rom vor seiner Wahl zum Papst.,0,[],[]
656,Adil.,0,[],[]
1543,Adira.,0,[],[]
1200,"AFP steht für Alpha-1-Fetoprotein, ein Glykoprotein in Säugetieren, das während der menschlichen Embryonalentwicklung im Laufe der Schwangerschaft gebildet wird.",0,[],[]
710,Ahal welaýaty ist eine der fünf Provinzen Turkmenistans.,0,[],[]
828,Ahmed III.,0,[],[]
1152,Aiwasowski starb im Jahr 1900.,0,[],[]
191,Albano Carrisi.,0,[],[]
1071,Albert Wendt ist ein samoanischer Dichter.,0,[],[]
1957,Alec wurde tot aufgefunden.,0,[],[]
1545,Alexander Lukaschenko ist der Präsident von Weißrussland.,0,[],[]
452,Alexandra von Dänemark.,0,[],[]
529,"Alexei Kornijenko arbeitete in verschiedenen Bereichen, darunter in einer Fabrik für Radiozubehör in Tscheljabinsk, bei den Fallschirmtruppen in Kirowabad in Aserbaidschan, als Ingenieur am Raumfahrtbahnhof in Baikonur und in der privaten Wirtschaft.",0,[],[]
1731,Alexis Carrel ist am 5.,0,[],[]
1357,"Alhacen, Avennathan oder Avenetan.",0,[],[]
914,Ali Mughayat Syah begann 1520 in Eroberungszügen seine Kontrolle auf ganz Nordsumatra auszudehnen.,0,[],[]
719,Alice folgt dem weißen Kaninchen in seinen Bau.,0,[],[]
760,Alkoholhaltige Getränke sind nicht koscher.,0,[],[]
79,Allan Pinkerton.,0,[],[]
623,als Atheist.,0,[],[]
483,Als Ingenieur arbeitete Hu Jintao im sinohydrischen Ingenieursbüro Nummer 4.,0,[],[]
384,Am 1.,0,[],[]
330,Am 11.,0,[],[]
1515,Am 12.,0,[],[]
1500,Am 28.,0,[],[]
1843,Am 3.,0,[],[]
1123,am 30.,0,[],[]
1524,Am 5.,0,[],[]
1229,Am 9.,0,[],[]
1979,Am Morgen des 24.,0,[],[]
1618,Amin wurde am 1.,0,[],[]
1010,"Ana, genauer gesagt Anahit Misak Kasparian, wurde am 7.",0,[],[]
161,Ananda Matthew Everingham ist ein laotisch-australischer Filmschauspieler und Model.,0,[],[]
1830,"Anastacia Lyn Newkirk, besser bekannt als Anastacia, wurde am 17.",0,[],[]
1797,Anedjib war der Herrscher.,0,[],[]
1958,Angel wird von Sandbourne entmutigt verlassen.,0,[],[]
757,"Anna Mitchell-Hedges, die Adoptivtochter von F.A.",0,[],[]
1483,Anne Boleyn.,0,[],[]
1154,Anteile an US-Eisenbahn-Konzern Burlington Northern Santa Fe.,0,[],[]
64,Antiochos III.,0,[],[]
1948,Antipartikel werden auch als Positronium bezeichnet.,0,[],[]
1540,Antwerpen.,0,[],[]
1294,API steht für Programmierschnittstellen.,0,[],[]
589,"April 1858 von der ""Whitechapel Bell Foundry"" gegossen.",0,[],[]
231,"April 1955, um mit der 7.",0,[],[]
1606,April 1973.,0,[],[]
660,April 1976 geboren.,0,[],[]
1231,April 1996 statt.,0,[],[]
1123,April 2004 veröffentlicht.,0,[],[]
1719,April ermordet.,0,[],[]
1440,April in Toronto.,0,[],[]
1235,Äquatorialguinea.,0,[],[]
1439,Arbeitskraft.,0,[],[]
445,Ariadne war in der griechischen Mythologie die Tochter des kretischen Königs Minos und seiner Gattin Pasiphaë.,0,[],[]
446,Ariadne wird in der Mythosgeschichte von Theseus und Dionysos verlassen und später wieder verheiratet.,0,[],[]
1166,Arm- und Beinknochen.,0,[],[]
211,Armee in Rabaul die Nachricht von der fast vollständigen Vernichtung des Regiments.,0,[],[]
214,Arsenal spielte zwischen 1890 und 1893 im Invicta Ground.,0,[],[]
931,Arthur Conan Doyle wurde am 22.,0,[],[]
1833,Asha Haji Elmi Amin ist eine somalische Friedensaktivistin und Frauenrechtlerin.,0,[],[]
822,Aston Villa Football Club.,0,[],[]
1618,August 1929 geboren.,0,[],[]
153,August 1974.,0,[],[]
1230,August 1995 teilzunehmen.,0,[],[]
1229,August 1995 traten KISS in der Sendung MTV Unplugged auf.,0,[],[]
1500,August 1996 wurden Charles und Diana geschieden.,0,[],[]
1202,August 1997 gegründet.,0,[],[]
545,August 2008.,0,[],[]
179,August 2014 und endeten am 31.,0,[],[]
613,August bis zum 9.,0,[],[]
601,August Poniatowski.,0,[],[]
1364,August.,0,[],[]
155,Augustus.,0,[],[]
1207,"Auks können auf der Nordhalbkugel gefunden werden, insbesondere in den kühlen, borealen bis kalten, arktischen Gewässern des Nordatlantiks und des Nordpazifiks.",0,[],[]
1437,"Aurangzeb, der Großmogul des Mughal-Reichs, starb 1707.",0,[],[]
743,Australien.,0,[],[]
1635,Australien.,0,[],[]
1742,"Australier kämpften in der Schlacht von Gallipoli in der Türkei, an der Palästinafront, an der Westfront in Frankreich und Belgien und auf verschiedenen anderen Kriegsschauplätzen.",0,[],[]
1348,AVC steht für Advanced Video Coding.,0,[],[]
314,Bangkok ist die Hauptstadt von Thailand.,0,[],[]
346,Barburova schrieb für die Zeitung Nowaja Gaseta.,0,[],[]
125,"bat Vologaeses um Hilfe, um Trdat wieder auf den Thron zu bringen.",0,[],[]
507,Bayramov wurde zusammen mit Suhrob Kurbanov und Tahir Salahov zum Akademiker der Nationalen Akademie der Künste von Kirgisistan ernannt.,0,[],[]
501,"Bayramovs patriotisches Gemälde hieß ""Hilfe für die Front"".",0,[],[]
1031,"Beowulf fand heraus, dass sein Reich von einem feuerspeienden Drachen terrorisiert wurde.",0,[],[]
1862,Bert starb im November 1886 an Dysenterie in der Kolonie.,0,[],[]
596,Bess Katramados.,0,[],[]
620,Besucher aus sozialistischen Ländern.,0,[],[]
960,Beta Andromedae ist ein Roter Riese vom Spektraltyp M0 III.,0,[],[]
1474,Beth,0,[],[]
1054,Bier ist das älteste und am häufigsten konsumierte alkoholische Getränk in Deutschland und vielen anderen Ländern.,0,[],[]
1227,Bill Aucoin war der Manager von KISS.,0,[],[]
1432,Blut.,0,[],[]
1995,"Boioannes begann, eine Festung auf einem Pass der Apenninen zu bauen, um den Eingang in die apulische Ebene zu sichern.",0,[],[]
388,Bokuto steht für ein zerbrochenes Schwert.,0,[],[]
621,Bombay wurde 1687 die Hauptstadt aller Besitzungen der East India Company in Indien.,0,[],[]
1163,Bono.,0,[],[]
76,Boston.,0,[],[]
1426,Britney Spears gab ihre Trennung bekannt im Jahr 2013.,0,[],[]
1257,Bud Prager.,0,[],[]
1028,Bukavu ist die Hauptstadt der Provinz Sud-Kivu in der Demokratischen Republik Kongo.,0,[],[]
618,Bulbul-e-Paristan,0,[],[]
78,Bullard ging zunächst nach Liverpool.,0,[],[]
278,Byck wurde von zwei Kugeln getroffen.,0,[],[]
1864,Caesiumnitrat.,0,[],[]
1740,Canberra.,0,[],[]
53,Captain Roger Welles.,0,[],[]
1490,Carlin Burns trat zusammen mit Jack Burns als Comedyteam beim Sender KXOL in Fort Worth (Texas) auf.,0,[],[]
775,Cecelia Marie Halpert.,0,[],[]
103,Central Visayas besteht aus den Hauptinseln Cebu und Bohol sowie der Osthälfte von Negros.,0,[],[]
411,Charlene Mitchell.,0,[],[]
661,Charlotte Mary Mew war eine englische Dichterin.,0,[],[]
1331,Chester-le-Street liegt im nordenglischen County Durham.,0,[],[]
28,China,0,[],[]
385,China,0,[],[]
1281,China.,0,[],[]
846,Chitin.,0,[],[]
783,Chitram.,0,[],[]
817,"Chris Benoit, seine Frau Nancy und ihr siebenjähriger Sohn Daniel.",0,[],[]
1949,"Christopher Lloyd und Steven Levitan sind die Autoren der Comedyserie ""Modern Family"".",0,[],[]
1005,"Christopher Nolan ist britisch-US-amerikanischer Filmregisseur, Drehbuchautor und Filmproduzent.",0,[],[]
1950,Claire Dunphy lebte in Los Angeles County.,0,[],[]
763,Clarence Melvin Zener.,0,[],[]
107,Classis eroberte.,0,[],[]
55,"Claudia Schiffer's Vater, Heinrich Schiffer, war Rechtsanwalt.",0,[],[]
1438,Clive kehrte Ende Januar 1767 endgültig in seine Heimat zurück.,0,[],[]
1436,"Clive of India, Robert Clive, verstarb am 22.",0,[],[]
19,Colgate ist auf der Liste der einhundert besten Hochschulen für homo- und bisexuelle Studierende und auf der Liste der sportlichsten Colleges in Amerika.,0,[],[]
1361,"Colleen Farrington, die Mutter von Diane Lane, hatte zwei Karrieren: Sie war eine Nachtclubtänzerin und die Ehefrau des Schauspiellehrers Burton Lane.",0,[],[]
1510,Cooper war von Dezember 2006 bis Mai 2007 mit Jennifer Esposito verheiratet.,0,[],[]
1066,Coopers & Lybrand und Price Waterhouse bestehen jeweils seit über 150 Jahren.,0,[],[]
1241,Curling wurde als offizieller Wettbewerb bei den Olympischen Winterspielen eingeführt.,0,[],[]
1956,d'Urberville.,0,[],[]
1748,Daher ist Priyanka der Jüngere.,0,[],[]
1115,"Daher kann man annehmen, dass der Name ""Provinz"" in diesem Kontext die Bezeichnung für eine administrative Einheit ist, die aus mehreren Dörfern besteht.",0,[],[]
1795,"Dal-bhat-tarkari ist ein Standardgericht, das zweimal am Tag gegessen wird.",0,[],[]
275,Daly gehört der kanadischen Nation an.,0,[],[]
1393,Daman und Diu blieben nach der Spaltung ein Unionsgebiet.,0,[],[]
189,"Dangaura Tharu ist im westlichen Terai in Nepal in den Distrikten Dang Deukhuri, Banke und Bardiya zu finden.",0,[],[]
675,"Dankbarkeit wird in christlichen, buddhistischen, moslemischen, jüdischen und hinduistischen Traditionen als wertvolle menschliche Neigung gesehen.",0,[],[]
681,Dankbarkeit.,0,[],[]
682,Dankbarkeit.,0,[],[]
319,"DAP steht für Diammoniumhydrogenphosphat, ein Ammoniumsalz der Phosphorsäure.",0,[],[]
1249,"Daraus bleiben neun Spieler übrig, die auf die Feldpositionen zu verteilen sind.",0,[],[]
1447,Das 20.,0,[],[]
606,"Das Album ""Waiting for the Sun"" ist von den Doors.",0,[],[]
362,Das Barbour County befindet sich im Bundesstaat West Virginia der Vereinigten Staaten.,0,[],[]
1128,Das Bauwerk besteht aus sieben dreieckig geformten Wänden.,0,[],[]
1522,"Das Betriebssystem, das auf dem Nexus 5 zum Einsatz kommt, ist Android-Version 4.4 KitKat.",0,[],[]
502,"Das Bild ""Turkmenische Teppichweberinnen"" entstand 1971.",0,[],[]
181,Das Bomben-Navigationsradar.,0,[],[]
30,"Das britische Flugzeug, das ursprünglich in China, dann aber in Indien hergestellt wurde, ist der Hawk 75A-5.",0,[],[]
291,"Das Buch, das über die Kindheit von Elizabeth und Margaret Crawford berichtet, heißt ""The Little Princesses"".",0,[],[]
310,Das Café de la Régence befand sich in Paris.,0,[],[]
1798,Das Celebesbecken wurde vor 42 Millionen Jahren geformt.,0,[],[]
754,Das Dream Theater wurde im September 1985 gegründet.,0,[],[]
1614,Das Drehbuch für The Hunger Games: Catching Fire stammt von Simon Beaufoy und Michael Arndt.,0,[],[]
1584,"Das dritte Gesetz, das Home Rule Bill, wurde 1914 verabschiedet.",0,[],[]
148,Das Durchschnittseinkommen der Männer betrug 28.884 USD.,0,[],[]
157,"Das Durchschnittseinkommen eines Haushalts betrug 27.066 USD, das Durchschnittseinkommen der Familien betrug 32.431 USD.",0,[],[]
243,Das Durchschnittseinkommen von Männern beträgt 26.302 USD.,0,[],[]
1037,"Das Enzym, das im RT-PCR-Test verwendet wird, ist die Reverse Transkriptase (RT).",0,[],[]
417,"Das Exemplar des Sumatrafasans wurde auf einem Markt in Medan entdeckt, das aus dem Gunung Leuser-Nationalpark stammte.",0,[],[]
557,Das Fernsehen.,0,[],[]
1678,Das Formular für die anorganische Mischung Ammoniumperchlorat ist NH4ClO4.,0,[],[]
673,"Das Gebäude musste zeitweise geschlossen werden, nachdem es bei dem Stadtbrand von 1941 schwer beschädigt wurde.",0,[],[]
677,"Das Gebet, in dem Dankbarkeit erwähnt wird, ist das Schma Jisrael.",0,[],[]
792,Das Geburtsdatum von Amedeo Clemente Modigliani ist der 12.,0,[],[]
322,Das Gelände sollte zu einem kommerziellen Badeort und Wasserpark umgestaltet werden.,0,[],[]
312,"Das Gemälde von Monet, das sich im Musée Marmottan Monet befindet, heißt ""Impression, soleil levant"".",0,[],[]
1777,Das Grab von Henutsen ist möglicherweise die dritte der drei Nebenpyramiden (Pyramide G1-c) der Pyramidennekropole des Cheops in Gizeh.,0,[],[]
742,Das Grabmal des Gladiators befindet sich in Sizilien.,0,[],[]
786,Das Grundstück des Gutes Can Muntaner de Dalt in Barcelona.,0,[],[]
403,"Das Habitat des Geleges von Cape Francolin ist eine mit Gras ausgelegte Mulde unter einem Busch, möglichst nah an Fließgewässern.",0,[],[]
752,Das Hauptquartier von Reliance Industries Limited (RIL) ist in Mumbai.,0,[],[]
1924,"Das Hauptziel der OFID ist die Förderung der Süd-Süd-Kooperation mit anderen Entwicklungsländern weltweit mit dem Ziel, die Armut gänzlich zu überwinden.",0,[],[]
45,Das höchste bekannte Lebensalter einer Sumpfmeerkatze betrug 23 Jahre.,0,[],[]
363,Das jährliche Durchschnittseinkommen der Männer betrug 24.861 USD.,0,[],[]
1498,"Das Jasper Ridge Biological Preserve, das sich südlich des Hauptcampus der Universität befindet.",0,[],[]
1642,Das Kiefergelenk von Säugetieren besteht aus den Deckknochen Dentale und Squamosum.,0,[],[]
413,"Das Kinderbuch von Minogue heißt ""The Showgirl Princess"".",0,[],[]
414,Das Klima ist tropisch warm ohne ausgeprägte Jahreszeiten.,0,[],[]
551,Das Labor wurde in Landshut gebaut.,0,[],[]
1757,Das Lichtsignal wird zwischen den beiden Spiegeln einer der beiden Lichtuhren A und B zurückgeworfen.,0,[],[]
58,"Das Lied ""Emotions"" von Mariah Carey blieb drei Wochen auf Platz 1.",0,[],[]
217,"Das Lied ""Rolling in the Deep"" von Adele war im Kinofilm ""I Am Number Four"" aus dem Jahre 2011 zu hören.",0,[],[]
1673,"Das Lied ""Toxic"" stammt aus dem vierten Studioalbum ""In the Zone"" von Britney Spears.",0,[],[]
799,"Das Logo des Türkischen Roten Halbmonds (Kızılay Derneği) ist eine Figur in Arbeitsoveralls mit Pferdeköpfen, die ursprünglich von Charles Cunliffe entworfen wurde.",0,[],[]
1502,"Das Männchen des Himalaya-Glanzfasans wiegt bis zu 2,5 kg.",0,[],[]
1085,"Das Meisterwerk des jungen Künstlers ist ein Tonmodell ""The Dying Hercules"".",0,[],[]
1846,"Das Mixtape ""Workprint: The Greatest Mixtape of All Time"" wurde 2007 von Lucas und seinem Onkel Cyrus tha Great veröffentlicht.",0,[],[]
526,Das moderne Usbekische und das Uigurische sind die direkten Nachfolgesprachen des Tschagataischen.,0,[],[]
785,Das Museums-Haus Gaudí wurde am 28.,0,[],[]
197,"Das Objekt wurde mit dem Hubble-Weltraumteleskop ausgestattet, um hochauflösende Aufnahmen zu erstellen.",0,[],[]
1926,Das OFID-Gebäude an der Ringstraße im Herzen Wiens war ursprünglich ein Privatpalais des österreichischen Erzherzogs Wilhelm Franz Karl.,0,[],[]
712,Das Pantanal befindet sich hauptsächlich im mittleren Südwesten von Brasilien in den Bundesstaaten Mato Grosso und Mato Grosso do Sul sowie dem Mato-Grosso-Plateau.,0,[],[]
283,Das Parlament.,0,[],[]
35,"Das Pendel wird leicht von der sonst eingenommenen Position abweichen, da es von der gravitativen Anziehung der großen Masse beeinflusst wird.",0,[],[]
503,"Das Projekt ""Kulturelle Persönlichkeiten"" von Bayramov dauerte über vier Jahrzehnte an.",0,[],[]
1116,Das Projekt heißt phoneME.,0,[],[]
276,Das Prokopfeinkommen betrug 17.210 USD.,0,[],[]
769,Das Ranking basiert auf einer Umfrage unter Personalern und Managern führender internationaler Unternehmen aus zwanzig Ländern.,0,[],[]
1150,Das russische Äquivalent von GPS heißt GLONASS.,0,[],[]
672,Das Sarvadarshanasamgraha des Sayana wurde im 14.,0,[],[]
232,Das Schiff hieß SPS Alcalá Galiano.,0,[],[]
133,Das Schiff Honolulu trat 1939 der Pazifikflotte bei.,0,[],[]
168,"Das Spiel ""Five Nights at Freddy's: Sister Location"" wurde am 7.",0,[],[]
740,"Das Spiel, bei dem es auch verwendet wurde, heißt Prince of Persia: Warrior Within.",0,[],[]
713,Das Streikkomitee half den Verurteilten in Weißrussland.,0,[],[]
1877,Das Universum wird so gut wie leer sein.,0,[],[]
1823,Das Unternehmen Aldi wurde 1961 getrennt.,0,[],[]
944,Das Wasserreservoir wurde dicht unter der Oberfläche des Mondes Enceladus gefunden.,0,[],[]
1726,Das Werk wurde zwischen 1776 und 1789 veröffentlicht.,0,[],[]
1180,Das Wilkesland ist der größte Bereich des Australischen Antarktis-Territoriums der östlichen Antarktis.,0,[],[]
1408,Das World Wide Web wurde von 1991 bis 1993 entwickelt.,0,[],[]
1768,"Das Wort Rex bedeutet ""König"" auf Latein.",0,[],[]
456,Das Zentrum der Staatsgemächer ist das Musikzimmer.,0,[],[]
858,"Das Ziel der NROs ist es, weltweit einzelne Personen über NROs und deren Auswirkungen aufzuklären.",0,[],[]
1041,"Das Ziel des Joggens ist die Steigerung der körperlichen Ausdauer, die physische Leistungsfähigkeit und die Knochendichte, sowie die Verbesserung des Herz-Kreislauf-Systems.",0,[],[]
857,"Das Ziel des Welttages der NRO ist, die Menschen zu inspirieren, sie aktiver in NROs einzuführen und eine stärkere Symbiose zwischen NROs und dem öffentlichen und privaten Sektor zu fördern.",0,[],[]
546,"Das zweite Album von Ellie Goulding heißt ""Halcyon"".",0,[],[]
1267,David Richards war der Vorstandsvorsitzende von Prodrive und Aston Martin.,0,[],[]
579,Dead Space.,0,[],[]
974,"Dean war neun Jahre alt, als seine Mutter starb.",0,[],[]
1918,debütierte im Lucha Libre Wrestling mit 14 Jahren.,0,[],[]
1969,den Thronverzicht.,0,[],[]
1505,"Deobandi wird in Pakistan, Indien, Bangladesch, Afghanistan, Malaysia, Südafrika und Indonesien praktiziert.",0,[],[]
626,Der 3.,0,[],[]
1304,"Der Alumni-Vorstand besteht aus dem CAA-Präsident, dem CEMS Executive Director, einem Vertreter des CEMS-Studentenvorstands, einem Vertreter der CEMS-Mitgliedshochschulen, 3 Local-Committee-Vertretern, 2 Senior-Alumni und 2 Junior-Alumni.",0,[],[]
476,"Der Amtssitz des Präsidenten von Indien, der Rashtrapati Bhavan, wird von diesem selbst genutzt.",0,[],[]
1842,Der Angriff der russischen Streitkräfte begann am 20.,0,[],[]
1888,"Der atlantische Riesenzackenbarsch (Epinephelus itajara) kommt vor in den Florida Keys, den Bahamas, der Karibik, brasilianischen Küstengewässern, seltener in Neuengland, Maine oder Massachusetts und auf afrikanischer Seite vom Kongo bis nach Senegal.",0,[],[]
1127,Der Bangladesch-Krieg.,0,[],[]
747,Der Battagram Distrikt liegt in Pakistan.,0,[],[]
71,Der Bau der Henschel Flugzeug-Werke in Schönefeld begann am 15.,0,[],[]
376,Der Bauvertrag mit der John F. Kennedy war wertvoll 374 Mio.,0,[],[]
531,Der Beutelteufel ist das größte noch lebende Raubbeutler.,0,[],[]
264,Der botanische Name des ägyptischen Klees ist Trifolium alexandrinum.,0,[],[]
450,Der Buckingham Palace sollte die Hauptresidenz der britischen Monarchen sein.,0,[],[]
934,Der Club wurde als Football Club Barcelona im Jahr 1899 gegründet.,0,[],[]
431,Der Coppermine River entspringt beim Lac de Gras.,0,[],[]
323,Der Crawley Town Football Club stammt aus der Stadt Crawley in West Sussex.,0,[],[]
1155,"Der Da Vinci Code erschien 2003 unter dem Titel ""The Da Vinci Code"" und 2004 unter dem Titel ""Sakrileg"" in Übersetzung.",0,[],[]
374,Der dadurch erlittene Schaden war für das Bakufu immens.,0,[],[]
1167,"Der Debüt-Film von Dinklage ist das Filmdrama ""Living in Oblivion"" von Tom DiCillo, das 1995 veröffentlicht wurde.",0,[],[]
780,"Der Distrikt Agra befindet sich in der nordindischen Ebene südsüdöstlich der Bundeshauptstadt Neu-Delhi, und Agra ist die Hauptstadt des Distrikts.",0,[],[]
564,Der dreieckige College Green gegenüber dem House of Lords wird üblicherweise für Fernsehinterviews mit Politikern genutzt.,0,[],[]
764,Der erste Flug von McGee Airways startete zwischen Anchorage und Bristol Bay.,0,[],[]
1040,Der erste Jogging-Club wurde 1961 von Arthur Lydiard gegründet.,0,[],[]
1772,"Der erste Teil des Ländercodes von Peru ist ""PE"".",0,[],[]
23,Der Erstflug des verbesserten Flugzeugs erfolgte im Juni 1939.,0,[],[]
1883,Der Europäische Wolfsbarsch ist ein Fisch.,0,[],[]
1279,"Der Fǎbì wurde nach der Währungsreform 1935 verwendet, nachdem der Silberstandard abgeschafft wurde.",0,[],[]
793,Der Fernsehdienst in Mumbai wurde 1972 eingerichtet.,0,[],[]
1456,"Der Film ""Snow White and the Huntsman"" erschien 2012.",0,[],[]
699,"Der Film ""The Equalizer"" kam am 7.",0,[],[]
1383,Der Film war bei den Golden Globe Awards 2008 in fünf Kategorien nominiert.,0,[],[]
327,Der Flughafen Dallas/Fort Worth ist als DFW bekannt.,0,[],[]
72,"Der Flughafen Schönefeld soll ein leistungsfähigerer ""Single Airport"" werden, also Berlins einzigem Flughafen.",0,[],[]
873,Der Fluss hieß früher Zhe Jiang.,0,[],[]
669,Der Fluss South Nahanni entspringt am Mount Christie in den Mackenzie Mountains auf einer Höhe von 1600 m.,0,[],[]
1219,Der Fluss Tschüi verhilft dem Land zur Fruchtbarkeit.,0,[],[]
544,Der Fußball und Rugby-Union werden erwähnt.,0,[],[]
250,"Der Fußballverein AS Viterbese Castrense sitzt in Viterbo, Italien.",0,[],[]
408,Der Generalbefehl vom 6.,0,[],[]
377,"Der Gewinner des Booker Prize wird durch einen Beirat ausgewählt, der aus Vertretern der Schriftsteller, Verleger, Literaturagenten, Buchhändlern, Bibliothekaren und einem Moderator und Vorsitzenden der Bookerpreisstiftung besteht.",0,[],[]
721,Der Herzbube wird in Alice im Wunderland wegen Diebstahls vor Gericht gestellt.,0,[],[]
1503,"Der Himalaya-Glanzfasan kommt vom östlichen Afghanistan bis zur Ostgrenze Bhutans und in Teilen Tibets vor, sowie in Nepal, insbesondere im Sagarmatha-Nationalpark und im Langtang-Nationalpark.",0,[],[]
1398,Der höchste Berg Antarktikas ist der Mount Vinson mit einer Höhe von 4892 Metern.,0,[],[]
1639,Der höchste Punkt der Insel ist der 705 m hohe Mount Usborne.,0,[],[]
1078,"Der höchste Punkt Schwedens, der Kebnekaise, liegt etwa 2.100 m über dem Meerespiegel.",0,[],[]
249,Der italienische Fußballverein AS Viterbese Castrense spielt derzeit in der Serie C.,0,[],[]
1702,Der Jahresniederschlag in Minnesota variiert je nach Ort.,0,[],[]
1698,Der Kanadische Schild befindet sich im Nordosten Minnesotas.,0,[],[]
1265,Der Kern wurde in einem 90-nm-Prozess gefertigt.,0,[],[]
1761,Der Kodiakbär gehört zur Unterart des Braunbären (Ursus arctos).,0,[],[]
1160,Der Koran besteht aus 114 mit Namen versehenen Suren.,0,[],[]
1159,Der Koran.,0,[],[]
1464,Der lateinische Name für den Sri-Lanka-Elefanten ist Elephas maximus maximus.,0,[],[]
1964,"Der letzte deutsche Monarch, Günther Victor von Schwarzburg Rudolstadt, abdankte am 25.",0,[],[]
1689,Der Manchinelbaum (Hippomane mancinella) wird als einer der giftigsten Bäume der Welt bezeichnet.,0,[],[]
1709,Der Minneapolis-St.,0,[],[]
1161,Der Monat Dezember wird zur Sprache gebracht.,0,[],[]
1712,Der Mond steht während des Neumondes zwischen Sonne und Erde.,0,[],[]
639,Der Mount Everest.,0,[],[]
638,Der Name Barclay wurde erstmals 1736 im Zusammenhang mit dem Bankhaus verwendet.,0,[],[]
320,Der Name des Flughafens wurde am 13.,0,[],[]
1262,"Der Name des Kerns, der von Intel im Jahr 2002 herausgegeben wurde, ist Northwood.",0,[],[]
1623,Der Name des Königs Radjedef war auf der kleinen Schiefertafel gefunden worden.,0,[],[]
1616,Der Name Epimetheus wurde offiziell am 30.,0,[],[]
862,"Der NGO-Welttag wird auf sechs Kontinenten gefeiert, nämlich auf dem Kontinent Afrika, Asien, Europa, Nordamerika, Südamerika und Ozeanien.",0,[],[]
1481,Der Nobelpreis für Physiologie oder Medizin.,0,[],[]
1634,"Der Oberste Richter ist für die Verfassungsgerichtshof, die Beschwerdekammer für den öffentlichen Dienst und die Polizeibeschwerdekammer verantwortlich.",0,[],[]
899,Der offizielle Spielball für Männer wiegt zwischen 567 und 650 Gramm.,0,[],[]
1925,Der OFID-Sitz befindet sich in Wien.,0,[],[]
1919,Der Polnische Untergrundstaat.,0,[],[]
979,Der Preis wurde ihm nicht verliehen.,0,[],[]
1346,"Der private SSH-Schlüssel kann mit einem Passwort geschützt werden, um seine weitere Verwendung zu sperren.",0,[],[]
459,Der Ritterschlag und Ordensverleihungen finden im viktorianischen Ballsaal statt.,0,[],[]
1751,"Der Roman ""Die Zeitmaschine"" von H. G. Wells wurde 1895 veröffentlicht.",0,[],[]
96,"Der Roman wurde in folgenden Sprachen übersetzt: Englisch, Französisch, Italienisch, Spanisch, Niederländisch, Tschechisch, Polnisch, Russisch, Lettisch, Japanisch und Türkisch.",0,[],[]
872,Der romanisierte Name der ostchinesischen Küstenprovinz ist Zhèjiāng.,0,[],[]
1459,Der Rubel aus der Sowjetzeit.,0,[],[]
1323,"Der schneereichste Winter, der jemals aufgezeichnet wurde, war der Winter 1983/84, als 2,5 Meter Schnee fielen.",0,[],[]
748,Der Shangla Distrikt liegt im Westen.,0,[],[]
1520,"Der Sitz von Pixar ist in Emeryville, Kalifornien.",0,[],[]
343,"Der Song ""Survivor"" wurde von Frontfrau Beyoncé Knowles, Anthony Dent und Mathew Knowles geschrieben und komponiert.",0,[],[]
691,Der Song wurde in Malibu am Klavier geschrieben.,0,[],[]
1897,Der Spieler wurde nach Erhalt einer Gelben Karte im darauf folgenden Spiel gesperrt.,0,[],[]
328,"Der Spitzname des Flugzeuges VC-54C ist ""Heilige Kuh"" (Sacred Cow).",0,[],[]
916,Der Sultan Otteman Mahmud Perkasa Alam wurde im Mai 1998 geboren.,0,[],[]
253,"Der Titel ""Duke"" ist bei den aufgeführten Beratern gängiger.",0,[],[]
378,Der Trainer Arsène Wenger half bei seiner Genesung.,0,[],[]
692,Der Turibaum (Sesbania grandiflora) wird der Familie der Hülsenfrüchtler (Fabaceae) zugeordnet.,0,[],[]
358,Der Umzug wird vom Münchner Kindl angeführt.,0,[],[]
1558,Der Unterschied zwischen Demand Chain Management und Supply Chain Management liegt in der Betonung.,0,[],[]
1485,Der Vertrag von London wurde 1604 geschlossen.,0,[],[]
1212,Der Vertrag von Petrópolis wurde am 17.,0,[],[]
560,"Der Vertrag, der nach dem versuchten Staatsstreich 1981 unterzeichnet wurde, war der Vertrag zwischen Gambia und Senegal am 12.",0,[],[]
1769,Der Verwaltungssitz ist Bowling Green.,0,[],[]
362,Der Verwaltungssitz ist Philippi.,0,[],[]
1003,"Der Vizepräsident kann zum Präsidenten werden, wenn der Präsident stirbt, zurücktritt oder entlassen wird, oder wenn der Präsident länger krank oder abwesend ist.",0,[],[]
1410,Der W3C wurde im Herbst 1994 geschaffen.,0,[],[]
861,Der Welttag der NRO wurde von 2010 bis 2018 in sechs Kontinenten gefeiert.,0,[],[]
859,Der Welttag der NRO.,0,[],[]
1569,"Der wirtschaftliche Niedergang Georgiens wurde noch beschleunigt durch Bürgerkriege und Unabhängigkeitskämpfe in Abchasien, Adscharien, Südossetien und Westgeorgien, eine Wirtschaftsblockade Russlands im Dezember 1990 und die Produktionsschwäche in Industrie und Landwirtschaft.",0,[],[]
703,Der wissenschaftliche Name des Gelbschnabeldrosslings ist Turdoides affinis.,0,[],[]
827,Der wohl berühmteste britische Auslandskorrespondent ist Fisk.,0,[],[]
1097,Der Zweite Englisch-Birmanische Krieg brach 1852 aus.,0,[],[]
57,Der Zweiten Weltkrieg.,0,[],[]
1922,Des Moines ist die Hauptstadt und größte Stadt des US-Bundesstaates Iowa.,0,[],[]
348,Deutsche.,0,[],[]
1945,Deutscher.,0,[],[]
1625,Deutschland und Kanada.,0,[],[]
408,Dezember 1922 stellte die US-Flotte mit der Schlachtflotte als pazifische Militärpräsenz her.,0,[],[]
206,Dezember 1935 von seinem Amt zurück.,0,[],[]
1519,"Dezember 1950 in Bombay, Maharashtra, gestorben.",0,[],[]
1594,Dezember 1966.,0,[],[]
1226,Dezember 1973 in der Academy of Music in New York.,0,[],[]
1447,Dezember 2000.,0,[],[]
1394,"Dezember 2011 vom Weltraumteleskop Kepler entdeckt, nämlich Kepler-20e und Kepler-20f.",0,[],[]
1747,Dezember als Fraktionsvorsitzender der CDU/CSU-Fraktion im Deutschen Bundestag Oppositionsführer.,0,[],[]
156,"Dezember desselben Jahres zum Bischof; Mitkonsekratoren waren Victorinus Youn Kong-hi, Erzbischof von Gwangju, und Nicholas Cheong Jin-Suk, Bischof von Cheongju.",0,[],[]
135,Dezember erreicht.,0,[],[]
174,"Dezember Philipp Mainländers 200 Seiten lange Kritik der Philosophie Schopenhauers zu lesen – wenige Tage später schrieb er, mit Schopenhauer gebrochen zu haben.",0,[],[]
1979,Dezember.,0,[],[]
734,Dick.,0,[],[]
986,Die A92 wurde nach dem Bau der A90 als touristische Route genutzt.,0,[],[]
609,Die Abkürzung des Bildungsministeriums ist MEXT.,0,[],[]
1140,Die Abkürzung für Japan Self-Defense Forces ist SDF.,0,[],[]
1929,"Die Abkürzung HIPC steht für Heavily Indebted Poor Countries, also stark verschuldete Armutsländer.",0,[],[]
709,"Die Abmaße der Öffnung sind etwa 6,4 Kilometer breit.",0,[],[]
1620,"Die afghanischen Nachrichtenmedien verschwiegen, dass Taraki wahrscheinlich mit einem Kissen erstickt wurde.",0,[],[]
1753,Die alte Definition für die longitudinale und transversale Masse.,0,[],[]
406,"Die ältesten Minen befinden sich in New Mexico, speziell in Cerrillos, wo die älteste Mine erwähnt wird.",0,[],[]
267,"Die am meisten ins Auge fallenden Eigenschaften der Bodenbeschaffenheit von Thailand sind die Gebirge im Norden, die Zentralebene des Chao Phraya und eine Hochebene.",0,[],[]
1632,"Die am weitesten verbreitete Religion auf Nauru ist der Protestantismus, insbesondere die Nauru Congregational Church.",0,[],[]
1030,"Die Amtssprachen in den Komoren sind Komorisch, Arabisch und Französisch.",0,[],[]
779,Die Amtszeit von Nape dauerte eine Woche.,0,[],[]
289,Die Andamanensee und der Golf von Thailand grenzen an die Landenge.,0,[],[]
1659,Die Angeln migrierten nach Großbritannien im Frühmittelalter.,0,[],[]
942,Die Ansammlung von Pigment (oder Melaningranula) im Trabekelwerk des Kammerwinkels.,0,[],[]
821,Die Anti-Apartheid-Demonstrationen fanden in den 1980er Jahren statt.,0,[],[]
1283,Die Antwort auf die Frage lautet: an den Japanischen Yen.,0,[],[]
685,Die Antwort auf die Frage lautet: Die USA.,0,[],[]
479,Die Antwort auf Ihre Frage lautet: 1700 m.,0,[],[]
457,Die Antwort auf Ihre Frage lautet: 1847-1850.,0,[],[]
1448,Die Antwort auf Ihre Frage lautet: 1922.,0,[],[]
22,Die Antwort auf Ihre Frage lautet: 1937.,0,[],[]
27,Die Antwort auf Ihre Frage lautet: 1954.,0,[],[]
1951,Die Antwort auf Ihre Frage lautet: 2009.,0,[],[]
1387,Die Antwort auf Ihre Frage lautet: 80 km/h.,0,[],[]
404,Die Antwort auf Ihre Frage lautet: Die Nordwand des Cholatse (6440 m) und die Ostwand des Tawoche (6505 m) wurden im Jahr 2005 für den sogenannten Khumbu-Express durchgeführt.,0,[],[]
924,"Die Antwort auf Ihre Frage lautet: M. avium, M. ulcerans, M. marinum und M. thamnopheos sind von der Immunisierung betroffen.",0,[],[]
871,Die Antwort auf Ihre Frage lautet: MDT steht für Mianwali Development Trust.,0,[],[]
1093,Die Antwort auf Ihre Frage lautet: Meerwasser.,0,[],[]
1164,Die Antwort auf Ihre Frage lautet: Stanford University.,0,[],[]
1701,Die Antwort ist: ausgedehnte.,0,[],[]
950,"Die Anzahl der abhängigen Trinker im Vereinigten Königreich im Jahr 2001 betrug über 2,8 Millionen.",0,[],[]
1224,"Die Anzahl und Vollständigkeit von sozialen und ökonomischen Zählobjekten wie Gruppenmitgliedern, Beutetieren, Besitz oder Schulden.",0,[],[]
940,Die Arbeiten an der Festung wurden 1678 begonnen.,0,[],[]
1931,Die Armut.,0,[],[]
834,Die Art wird von der International Union for Conservation of Nature and Natural Resources (IUCN) als vulnerable (dt.,0,[],[]
702,Die Arten des Gelbschnabeldrosslings (Turdoides affinis) sind im Südteil des Indischen Subkontinents und auf Sri Lanka beheimatet.,0,[],[]
1153,Die Asian Games werden manchmal auch Panasiatische Spiele genannt.,0,[],[]
810,Die auf Autobahnstandard ausgebaute A1(M) führt gut zehn Kilometer östlich an Leeds vorbei.,0,[],[]
884,"Die Autohersteller General Motors, Chrysler und Ford stimmten dem QS 9000-Standard zu.",0,[],[]
1435,"Die Autoren sind Marwan, Romano, Thiel und Kurths.",0,[],[]
806,"Die Band, die mit einer anderen Band namens ""Earth"" verwechselt wurde, hieß Black Sabbath.",0,[],[]
1115,"Die Bedeutung des Namens ""Provinz"" ist nicht explizit in den Texten genannt.",0,[],[]
218,"Die Beeren können je nach Sorte grün, gelb bis purpurrot sein.",0,[],[]
261,Die Beeren werden traditionell von Hand geerntet.,0,[],[]
1044,"Die beiden am häufigsten und üblicherweise angewendeten Projektionen bei der Mammographie sind die cranio-caudale Abbildung (Röntgenbild der Brust von oben) und die MLO-Aufnahme (mediolateral oblique, Röntgenbild der Brust von der Mitte nach außen).",0,[],[]
4,Die beiden Hauptgründe für die Annullierung von Flügen waren die schlechte Sicht und die große Ascheansammlung an Flughäfen im östlichen Washington.,0,[],[]
108,"Die beiden Söhne, unter denen das Herzogtum aufgeteilt wurde, hießen Lambert und Guido II.",0,[],[]
99,Die bekannteste Art von Sesam-Samen wird aus der Sesam-Pflanze (Sesamum indicum) gewonnen.,0,[],[]
774,Die Belagerung von Seringapatam fand 1799 statt.,0,[],[]
454,"Die Berichte über den Bombenangriff auf den Buckingham Palace wurden in Kinos in ganz Großbritannien während des Zweiten Weltkriegs gezeigt, um darzustellen, dass Reiche wie Arme gemeinsam litten.",0,[],[]
1209,Die beste verfügbare Auflösung ist 15 cm.,0,[],[]
1242,Die Bevölkerung der Einwohner war am höchsten im Jahr 1972 mit 1.338.924.,0,[],[]
1899,Die Bevölkerungszahl auf Puerto Rico nahm nach 1650 beträchtlich zu.,0,[],[]
1418,Die Bevölkerungszahl nach der Volkszählung 2010 betrug 1.010.073 Bewohnern.,0,[],[]
1700,Die Bewaldung des Staates Minnesota liegt bei etwa einem Drittel.,0,[],[]
1727,Die Blogs wurden auf die Google-Server übertragen.,0,[],[]
850,Die Boeing 737-200 von easyJet flogen auf den Routen von London Luton nach Glasgow und Edinburgh.,0,[],[]
209,Die Boeing 747-400.,0,[],[]
1253,Die Boxer werden im Jahre 2020 durch Roboter ersetzt.,0,[],[]
1880,Die Broadway-Lichter wurden Katharine Hepburn zu Ehren verdunkelt.,0,[],[]
516,Die Burg in der Stadt Palma wurde 1936 zu einem Museum umgewidmet.,0,[],[]
143,"Die Bürger flohen nach Phyle, einen gut zu verteidigenden Ort an der Grenze von Attika nach Böotien.",0,[],[]
1967,"Die bürgerlichen Parteien, die bereits 1917 mit der SPD im Reichstag zusammengearbeitet hatten, sowie die alten Eliten des Kaiserreichs.",0,[],[]
366,"Die California Spangled Cats werden nachgesagt, anhänglich, sozial, neugierig und intelligent zu sein.",0,[],[]
1831,Die Charité hat an vier Hauptstandorten (Campus) untergebracht.,0,[],[]
344,Die Chartplatzierung in Frankreich war Platz 12.,0,[],[]
15,Die Colgate Rochester Divinity School entstand nach der Fusion des theologischen Zweigs der Colgate University mit dem Rochester Theological Seminary 1928.,0,[],[]
16,Die Colgate University hieß 1846 Madison University.,0,[],[]
906,Die Datenbank heißt Geographic Names Information System (GNIS).,0,[],[]
365,"Die DB-1 stand in Konkurrenz zur Boeing Model 299, der späteren B-17 Flying Fortress und dem Martin Model 146.",0,[],[]
170,Die Deportierten saßen im Zug 20 Stunden lang.,0,[],[]
1009,Die Dermatophagie kann zu Bluten und nach einer Zeit sogar zu Verfärbungen der Haut führen.,0,[],[]
819,Die Dreharbeiten begannen im März.,0,[],[]
1135,"Die Dreharbeiten fanden in Schottland, Atlanta und den Philippinen statt.",0,[],[]
179,Die Dreharbeiten zu Alice in Wonderland: Through the Looking Glass begannen am 4.,0,[],[]
1440,Die Dreharbeiten zur Verfilmung begannen am 15.,0,[],[]
387,"Die drei Söhne von Taira heißen Yoritomo, Minamoto no Yoshitsune und Minamoto no Noriyori.",0,[],[]
900,"Die Drei-Punkte-Linie ist 6,75 Meter vom Mittelpunkt des Korbes entfernt.",0,[],[]
1579,Die Dreizehn Kolonien in Nordamerika.,0,[],[]
91,Die Duncan.,0,[],[]
650,"Die Dura mater ist die äußerste Schicht der Hirnhaut, die eng an den Schädelknochen anliegt und mit zwei Bereichen des Schädels verbunden ist.",0,[],[]
415,Die durchschnittliche Jahresdurchschnittstemperatur beträgt 26 °C.,0,[],[]
163,Die durchschnittliche Körperlänge des Dickschnabelkittas beträgt 66 cm (63 bis 69 cm).,0,[],[]
434,Die durchschnittliche Lebenserwartung von Weißbrauengibbons in freier Wildbahn liegt bei rund 25 Jahren.,0,[],[]
1425,"Die Ehe von Britney Spears und Jason Alexander wurde nach 55 Stunden annulliert, am 3.",0,[],[]
1500,"Die Ehekrise zwischen Charles und Diana wurde 1992 durch die Publikation des Buches ""Diana: Her True Story"" zum öffentlichen Skandal.",0,[],[]
1578,"Die ehemaligen britischen Kolonien traten dem Commonwealth of Nations nach Erlangung ihrer Unabhängigkeit bei, einer losen Verbindung souveräner Staaten.",0,[],[]
1648,"Die Eier von Monotremen, wie zum Beispiel der Echidna, werden während der Inkubation von einer klebrigen Substanz bedeckt, deren Herkunft unbekannt ist.",0,[],[]
405,"Die Eigenschaften des Minerals Türkis sind so variabel, dass das Farbspektrum von weiß über hellblau bis tiefblau und auch grün-blau oder gelb-blau sein kann.",0,[],[]
1649,"Die einfachste Lösung, um eine einigermaßen konstante Körpertemperatur zu gewährleisten, ist die Wärmedämmung.",0,[],[]
1914,"Die Einwanderung nach Puerto Rico hat zu einem auf der Landwirtschaft basierenden Wirtschaftswachstum geführt, bei dem Zucker, Tabak und Kaffee die wichtigsten Produkte waren.",0,[],[]
1621,Die Eisenbahnstrecke.,0,[],[]
1750,Die elektromagnetische Masse wird als das Ergebnis einer Selbstinduktion der Konvektionsströme im Äther interpretiert.,0,[],[]
1214,"Die elektroschwache Wechselwirkung wurde 1967-68 von Sheldon Glashow, Steven Weinberg und Abdus Salam vereinigt.",0,[],[]
1317,Die Eltern von Cook sind Beth Foraker (geb.,0,[],[]
1640,Die Eltern von Montserrat Martí Caballé waren der Tenor Bernabé Martí und die Sopranistin Carreras Caballé.,0,[],[]
1482,"Die Entdeckung des Erregers der Malaria durch Charles-Louis-Alphonse Laveran im Jahr 1880 im Blut seiner von Malaria befallenen Patienten in Constantine, Algerien.",0,[],[]
1968,Die Entente hat am 6.,0,[],[]
1360,Die EPA wurde von sieben europäischen Nachrichtenagenturen gegründet.,0,[],[]
1927,"Die EPI (Energy for the Poor Initiative) steht für die ""Energie für die Armen Initiative"" von OFID.",0,[],[]
1063,Die Erdoberfläche steigt an durch die Plattentektonik der Erde oder vulkanischen Ursprungs.,0,[],[]
31,"Die erfolgreichste Single des Albums ""S'il suffisait d'aimer"" war ""I'm Your Angel"", ein Duett mit R. Kelly, das sechs Wochen lang an der Spitze der amerikanischen Charts stand.",0,[],[]
1226,Die erste offizielle Premiere von Kiss war am 31.,0,[],[]
782,Die erste Sonntagsseite von Tarzan wurde am 15.,0,[],[]
182,Die ersten B-45As wurden im November 1948 bei der 47th Bombardment Group eingesetzt.,0,[],[]
1197,Die ersten Betaversionen von.NET 1.0 wurden gegen Ende des Jahres 2000 veröffentlicht.,0,[],[]
466,Die ersten drei Kinder der Königin wurden im Musikzimmer getauft.,0,[],[]
1754,Die ersten Herleitungen der Relativität der Gleichzeitigkeit durch Synchronisation mit Lichtsignalen.,0,[],[]
1095,Die ersten Regeln für Handball wurden 1906 von Holger Nielsen entworfen.,0,[],[]
449,Die Erweiterung des Buckingham Palace im 18.,0,[],[]
1533,Die ETH Zürich.,0,[],[]
905,Die Familie von Neerja Bhanot zog im März 1974 von Chandigarh nach Bombay um.,0,[],[]
1939,"Die Familie, für die Rozas Mutter arbeitete, war reich.",0,[],[]
1786,"Die Familie, zu der der Weißrückengeier, der Milan und der Bussard gehören, heißt Aegypiinae, die Unterfamilie der Altweltgeier.",0,[],[]
567,Die feierliche Parlamentseröffnung.,0,[],[]
903,"Die FIBA besteht aus den folgenden Ländern: Argentinien, Griechenland, Italien, Lettland, Portugal, Rumänien, Schweiz und Tschechoslowakei.",0,[],[]
1186,Die FIFA-All-Star-Mannschaft.,0,[],[]
1319,"Die finanziellen Probleme des Raffles Hotel wurden 1933 überwunden, nachdem es eine Aktiengesellschaft, die Raffles Hotel Ltd., gegründet hatte.",0,[],[]
1882,"Die Fische sind dunkelgrau am Rücken, werden an den Seiten heller und haben einen fast weißen Bauch.",0,[],[]
543,"Die Fische, die Kardinalbarsche, sind 3 bis 25 Zentimeter lang.",0,[],[]
781,Die Fläche des Agra-Bezirks beträgt 4041 km².,0,[],[]
1901,"Die Fortpflanzungszeit der Puerto-Rico-Amazone fällt in die Monate zwischen Januar und Juli, wenn die Niederschlagsmengen niedrig sind.",0,[],[]
115,Die Franklin brach im Juni 1944 auf und fuhr über Pearl Harbor nach Eniwetok.,0,[],[]
116,Die Franklin fuhr über Pearl Harbor nach Eniwetok und anschließend nahm sie an verschiedenen Angriffen gegen japanische Stützpunkte im Westpazifik teil.,0,[],[]
1553,Die französische Armee stand im März 1689 auf der Seite von König Jakob.,0,[],[]
655,Die Frauen des alten Königs aus dem Königreich Kumarpur heißen Dilbahar und Navbahar.,0,[],[]
892,Die Frauenfußball-Weltmeisterschaft wurde erstmals 1991 ausgetragen.,0,[],[]
545,Die Frist für die Angabe des Interesses war der 15.,0,[],[]
90,Die Fubuki sank bereits kurz nach Gefechtsbeginn.,0,[],[]
1120,Die Galapagos-Inseln wurden am 12.,0,[],[]
1896,Die Gelbe Karte auf die eine direkte Rote Karte folgt entspricht vier Punkten.,0,[],[]
1098,Die gemeinsame Sprache und vor allem Ethnie werden von den Südkoreanern als wichtiger Bestandteil der Identität betrachtet.,0,[],[]
1839,"Die geschätzte Zahl der Toten bei der Flutkatastrophe in China 1931 reicht von 145.000 bis 3,7 Millionen.",0,[],[]
789,"Die Geschmackssorten von Smirnoff sind Vanille, Himbeere, Orange, Heidelbeere, grüner Apfel und Zitrone.",0,[],[]
1111,Die Gewerkschaften sind die Interessenvertretungen der Beschäftigten in den Betrieben und setzen sich unter anderem für höhere Löhne und bessere Arbeitsbedingungen ein.,0,[],[]
254,Die goldene Harfe ist das Wappen von Irland bzw.,0,[],[]
1849,Die Goldkonzentration wird in Femtomol (fmol) pro Liter Wasser oder Mikrogramm pro Kubikmeter (µg/m³) gemessen.,0,[],[]
113,Die Google-Toolbar.,0,[],[]
603,Die Grafikgröße.,0,[],[]
66,"Die Graue Bergraseneule ist nach Bergmann Leitart der offenen Krautgrasflur an felsigen, warmen Halden mit krüppelhafter, lichter Gebüschvegetation in Wiesentälern der unteren Bergstufe.",0,[],[]
584,Die Great Trigonometrical Survey war das Projekt zur Grundlagenvermessung des Indischen Subkontinents durch trigonometrische Vermessungsnetze.,0,[],[]
539,Die Grön eld Glasskulptur ist neun Meter hoch.,0,[],[]
43,Die größte Anzahl an Schiffen dieses Types kam jedoch auf britischer und französischer Seite während der Schlacht von Gallipoli zum Einsatz.,0,[],[]
1349,Die größte VBSMC-Blockgröße ist 16 × 16 Pixel.,0,[],[]
150,Die Grundkonstruktion der YF-17 wurde im Rahmen des firminternen Northropprojektes N-300 bereits 1965 entworfen.,0,[],[]
1746,Die Gruppe der Kuckucksvögel (Cuculiformes) wurde ursprünglich mit dem Turako verbunden.,0,[],[]
1892,"Die Hauptinseln in Malampa sind Malakula, Ambrym und Paama.",0,[],[]
627,"Die Hauptreligion im Gebiet von British-Indien, das zu Indien und Pakistan wurde, war die Hindu- oder Sikh-Mehrheit.",0,[],[]
280,Die Hauptstadt des Byzantinischen Reiches war Konstantinopel.,0,[],[]
1652,Die Hauptstadt Somalis heißt Jijiga.,0,[],[]
1778,Die Hauptstiftung von Messi heißt Leo Messi Fundation.,0,[],[]
1172,"Die Haut wird durch den Hydro-Lipid-Film geschützt, der aus Schweiß und Talg besteht.",0,[],[]
522,Die Herero-Sprachminderheit lebt in Windhoek.,0,[],[]
1458,Die Hilfsorganisationen der Europäischen Weltraumorganisation haben nach der Third United Nations Conference on the Exploration and Peaceful Uses of Outer Space (UNISPACE III) in Wien im Juli 1999 teilgenommen.,0,[],[]
547,"Die Hitsingle des neuen Albums war ""Anything Could Happen"".",0,[],[]
41,"Die HMVS Cerberus war das nächste Panzerschiff, das nach der HMS Warrior vom Stapel lief.",0,[],[]
1497,Die Hochschule liegt 32 Kilometer nordwestlich von San José.,0,[],[]
1324,"Die höchste jemals gemessene Temperatur lag bei 42,2 Grad Celsius im Juli 1936.",0,[],[]
1770,"Die höchste Rasse im Land war die Weiße, mit 94,83 Prozent der Bevölkerung.",0,[],[]
1601,Die höchstmögliche Punktzahl des GCS (Glasgow Coma Scale) ist 15.,0,[],[]
1068,Die Holzschnitzereien von Katafalken Rumis und seines Vaters dekorierte Abdulvahit.,0,[],[]
131,Die Honolulu traf am 14.,0,[],[]
134,Die Honolulu-Operationen wurden fortgesetzt vor Long Beach und nach einer Überholung im Puget Sound Naval Shipyard.,0,[],[]
1776,Die in der Inventar-Stele aus der 26.,0,[],[]
1170,Die indische Unabhängigkeit fand 1947 statt.,0,[],[]
517,"Die indische Verfassung sieht vor, dass das Unterhaus des Parlaments, die Lok Sabha, alle fünf Jahre neu gewählt werden muss.",0,[],[]
808,"Die Inkubationszeit kann 5 bis 207 Tage dauern, im Regelfall zwischen 20 und 40 Tagen.",0,[],[]
398,"Die Interstate 5 verläuft als Santa Ana Freeway durch viele Orte und Vororte, wie Santa Ana oder Anaheim, in den Orange und Los Angeles County.",0,[],[]
400,Die Interstate 5 verläuft durch Eugene.,0,[],[]
414,Die Jahresdurchschnittstemperatur beträgt relativ gleich bleibend 26 °C.,0,[],[]
1158,Die Jōyō-Kanji-Liste wurde 1981 eingeführt.,0,[],[]
536,"Die Jungtiere sind vollständig mit Fell bedeckt, wenn sie 49 Tage alt sind.",0,[],[]
1375,Die Jura wurde am 1.,0,[],[]
377,"Die Juroren werden aus den Meinungsführern der Literaturkritiker, Schriftsteller, Literaturwissenschaftler und Persönlichkeiten des öffentlichen Lebens ausgewählt.",0,[],[]
1604,"Die Kammern des Grabes von Aha waren rechteckige Kammern im Wüstenboden, die mit Lehmziegeln abgestützt wurden.",0,[],[]
1695,Die Karibische Gemeinschaft ist bekannt unter der Abkürzung CARICOM.,0,[],[]
176,Die Kathedrale wurde vollständig aus roten Ziegeln erbaut.,0,[],[]
1390,Die Kettenviper (Daboia russelii) ist über ein sehr großes Gebiet im zentralen und südlichen Asien verbreitet.,0,[],[]
1057,Die Kichererbse wird im Wesentlichen zur Ernährung des Menschen angebaut.,0,[],[]
945,Die Kingfisher Airlines war im Besitz des indischen Multikonzerns United Breweries Group.,0,[],[]
233,Die Kirche wurde am 29.,0,[],[]
464,"Die kleinere Zeremonien wie der Empfang neuer Botschafter finden im ""Raum von 1844"" statt.",0,[],[]
818,Die kleinste genannte metrische Maßeinheit in Bezug auf die Materialstärke ist das Nanometer.,0,[],[]
1587,Die Kommunisten waren in erster Linie chinesischstämmig.,0,[],[]
1096,Die Konbaung-Dynastie wird auf birmanisch als ကုန်းဘောင်ခေတ် geschrieben.,0,[],[]
301,Die Königin war zum Todeszeitpunkt von Diana auf Balmoral Castle im Urlaub.,0,[],[]
465,Die königlichen Taufen fanden nach dem Zweiten Weltkrieg oft im Musikzimmer statt.,0,[],[]
1273,Die Königspaare wurden 2008 in der St.,0,[],[]
3,Die Konsistenz des Schlamms nach dem Ausbruch von St.,0,[],[]
485,"Die Krankheit Englischer Schweiß wird auch genannt: Schweißfieber, Schweißsucht, pestis sudorosa oder Sudor Anglicus, Schweißkrankheit oder kalter Schweiß.",0,[],[]
139,Die Kreuzfahrerarmee unter Gottfried war stärker als die fatimidische Armee unter al-Afdal.,0,[],[]
1676,Die Krönung fand am 28.,0,[],[]
1020,Die Kubakrise befand sich 1962 auf dem Höhepunkt.,0,[],[]
1729,Die Landung von Apollo 11 wurde von über 500 Millionen Menschen auf der ganzen Welt gesehen.,0,[],[]
478,Die Länge eines Orangespechts beträgt 26-29 cm.,0,[],[]
308,Die Legislative.,0,[],[]
395,"Die Leiche von Kim Ok-gyun wurde nach seinem Tod mit einem chinesischen Kriegsschiff nach Korea geschickt, dort gevierteilt und als Warnung an andere pro-japanische Rebellen öffentlich zur Schau gestellt.",0,[],[]
208,Die letzte 747-300 ging am 25.,0,[],[]
1284,"Die letzte Edition der aktuellen chinesischen Währung, des Renminbi, wurde 2004 herausgegeben, als die 1-Yuan-Note in Umlauf gebracht wurde.",0,[],[]
329,"Die Liftmaster ist im Pima Air & Space Museum bei Tucson, Arizona, begehbar ausgestellt.",0,[],[]
1538,Die linguistischen Daten werden in einem genau festgelegten XML-Format erstellt.,0,[],[]
1171,"Die Lippenhaut trocknet schneller aus und wird leichter spröde, da sie nicht über den für die übrige Körperhaut des Menschen üblichen Hydro-Lipid-Film verfügt.",0,[],[]
263,"Die Liste folgt verschiedenen Autoren und Forschern, wie z.B.",0,[],[]
1301,"Die Lokalkomitees (LCs) sind dafür verantwortlich, den Kontakt zu pflegen.",0,[],[]
1213,Die Madeira-Mamoré-Eisenbahn.,0,[],[]
11,Die Magdiwang-Fraktion und die Magdalo-Fraktion wurden während der Revolution gespalten.,0,[],[]
1363,"Die Makkah Masjid Moschee befindet sich in Hyderabad, im indischen Bundesstaat Telangana.",0,[],[]
832,"Die Mamba ist verwandt mit den Schlangen der Gattung Ophiophagus, insbesondere mit der Königskobra (Ophiophagus hannah).",0,[],[]
1559,Die männlichen Wehrpflichtigen in der Schweizer Armee sind im Durchschnitt zwischen 20 und 34 Jahren alt.,0,[],[]
809,Die Mehrheit der Bevölkerung in Leeds bezeichnet sich als christlich.,0,[],[]
1983,"Die Mehrheit hoffte, die Macht durch fortgesetzte Agitation in den Betrieben und den Druck der ""Straße"" erringen zu können.",0,[],[]
588,Die Mehrheitsaktionäre von Airlinair sind private Investoren zu etwa 80 %.,0,[],[]
1079,Die meisten ausländischen Einwohner in Schweden kommen aus Finnland.,0,[],[]
26,Die meisten der vom Wright-Cyclone-Motor angetriebenen Hawk 75A-8 wurden an einen norwegischen Trainingsstützpunkt nahe Toronto in Kanada geliefert.,0,[],[]
1201,Die Mesotherapie.,0,[],[]
1617,Die Militärakademie Sandhurst in Großbritannien.,0,[],[]
407,"Die Mine in Kalifornien ist in den Countys San Bernardino, Imperial und Inyo zu finden.",0,[],[]
856,"Die Mitgliedsländer des Ostsee-NRO-Forums sind Weißrussland, Dänemark, Estland, Finnland, Deutschland, Island, Lettland, Litauen, Polen, Russland, Norwegen und Schweden.",0,[],[]
999,"Die Modellreihen Sportster, Dyna und die Modelle der VRSC-Familie werden in Kansas City (Missouri) produziert.",0,[],[]
1022,Die mongolische Saiga-Unterart kommt nur in der westlichen Mongolei vor.,0,[],[]
573,Die Motoren werden für militärische und zivile Luftfahrt- und Weltraumforschungsprogramme produziert.,0,[],[]
248,"Die Mottenfamilie, zu der Acronicta auricoma gehört, ist die Familie der Eulenfalter (Noctuidae).",0,[],[]
705,"Die Musikgattung, die für die Anwesenheit von Mohammed stand, war Orgelmusik.",0,[],[]
1014,Die Mutter von Elizabeth Hurley war eine anglikanische Lehrerin.,0,[],[]
1663,"Die Mythologie, aus der Callisto stammt, ist die griechische Mythologie.",0,[],[]
390,"Die Namen der sechs Hauptcharaktere der Show sind Rachel, Monica, Phoebe, Joey, Chandler und Ross.",0,[],[]
689,Die Nationalbank Äthiopiens wurde am 15.,0,[],[]
1511,Die Nationalität von Chiaki Mukai ist japanisch.,0,[],[]
1694,Die Nationalversammlung von St.,0,[],[]
1633,Die Nauru-Diät kann zu zwei Komplikationen führen: Diabetes mellitus und Herzkrankheiten.,0,[],[]
1815,Die Nektarvögel (Honigsauger) jagen für Honig und Spinnen.,0,[],[]
589,Die neue Glocke wurde am 10.,0,[],[]
453,Die neue Hauptfassade wurde als Hintergrund für das Victoria Memorial entworfen.,0,[],[]
1389,Die NHAI wurde im Februar 1995 formell selbständig.,0,[],[]
1017,"Die notwendige Behandlungsmethode, um einen kranken oder gebrochenen Zahn zu retten, ist die Endodontie.",0,[],[]
1988,Die Novemberrevolution.,0,[],[]
1334,"Die offizielle Bezeichnung des Königreichs Jugoslawien war ""Staat der Slowenen, Kroaten und Serben"" bis 1929.",0,[],[]
54,Die Oklahoma kehrte am 15.,0,[],[]
1420,"Die Ovula Nabothi wurden nach dem Leipziger Arzt Martin Naboth benannt, der sie fälschlicherweise für Eizellen gehalten hatte.",0,[],[]
1181,Die Oxidation versucht einen Teil oder den gesamten Kohlenstoff zusammen mit anderen Verunreinigungen zu oxidieren.,0,[],[]
29,Die P-36A war in der Seriennummer 38-010.,0,[],[]
1966,Die Parteiführer der SPD hielten die Handlungen des Rates für störend.,0,[],[]
571,Die Peers' Lobby.,0,[],[]
593,"Die Penny-Münzen werden auf das Pendel gelegt, um die Feinabstimmung der Uhr zu ermöglichen.",0,[],[]
628,Die Plantage gehört Jack Barts.,0,[],[]
1551,"Die politische Situation, die zur Bildung des Zwei-Parteien-Systems in England führte, war die Auseinandersetzung um die Exclusion Bill, die 1679 kurz vor der Verabschiedung stand.",0,[],[]
1827,Die Positionen im Verwaltungsrat der KfW werden im jährlichen Wechsel vom Bundesminister der Finanzen und vom Bundesminister für Wirtschaft und Energie wahrgenommen.,0,[],[]
1231,Die Pressekonferenz fand am 16.,0,[],[]
293,Die Prinzessinnen wohnten fünf Jahre lang im Windsor Castle.,0,[],[]
375,Die Prinzipien der Mito-Schule basierten auf neo-konfuzianistischen und Shintō-Prinzipien.,0,[],[]
1203,Die Provinz befand sich im Norden Afghanistans.,0,[],[]
159,Die Provinz liegt am nordöstlichen Rand von Thailand.,0,[],[]
273,"Die Provinz Trang ist in 10 Amphoe (Bezirke) gegliedert, die wiederum in 87 Tambon (Unterbezirke) und 697 Muban (Dörfer) unterteilt sind.",0,[],[]
1801,Die Pyramide war ursprünglich 49 m hoch.,0,[],[]
885,Die QS 9000 wurde von der ISO 9001 und der ISO/TS 16949 ersetzt.,0,[],[]
1683,Die Qualifikationsrunde endete am 15.,0,[],[]
1089,Die Queen Mary 2 traf am 22.,0,[],[]
1268,"Die Quelle ""Lose; Kurzgeschichten, Edition Nove, Neckenmarkt 2007, ISBN 978-3-85251-197-9"" wurde im Jahr 2007 veröffentlicht.",0,[],[]
1671,"Die Quelle von Bosniens längstem Fluss, dem Bosna, entspringt nahe der Hauptstadt Sarajevo.",0,[],[]
831,Die Querbinde der Königskobra ist hellbeigefarben bis weißlich.,0,[],[]
1609,Die Rakete detonierte über der Erdatmosphäre von Washington D.C.,0,[],[]
1973,Die Räte wurden weitgehend ausgeschaltet.,0,[],[]
496,Die Ratte (Maus) ist das erste Tier im Sternzeichenzyklus.,0,[],[]
1808,Die Republik von Kiribati hieß vorher die Gilbertinseln.,0,[],[]
992,Die Richard Dawkins Foundation for Reason and Science (RDFRS) wurde im Jahre 2006 gegründet.,0,[],[]
852,Die Richter am Obersten Gerichtshof werden mit 65 Jahren in den Ruhestand.,0,[],[]
823,"Die Rivalen von Aston Villa sind Birmingham City, West Bromwich Albion, Coventry City, Wolverhampton Wanderers und FC Walsall.",0,[],[]
1088,"Die RMS Queen Mary 2 ist das einzige Passagierschiff, das als Kreuzfahrtschiff eingesetzt wird.",0,[],[]
1371,Die Rockband The Eagles wurde 1971 in Los Angeles gegründet.,0,[],[]
1379,"Die Rotarier sind berühmt für das Motto ""Service above self"" (selbstloses Dienen).",0,[],[]
1841,Die Rue Royale-Bäckerei von Louis Ernest Ladurée brannte 1871 während der Pariser Kommune nieder.,0,[],[]
1912,Die San-Antonio-Brücke.,0,[],[]
162,"Die Sänger von ""Odoru Akachan Ningen"" (Dancing Baby Humans) sind Kenji Otsuki und Fumihiko Kitsutaka.",0,[],[]
216,Die Schleimhäute und Klauen der Rinder der Rasse Arouquesa sind dunkel gefärbt.,0,[],[]
535,Die Schnurrhaare werden am 17.,0,[],[]
487,Die Schweißkrankheit trat in England auf.,0,[],[]
843,"Die Single hieß ""Shame"".",0,[],[]
565,Die Sitzungszimmer für die parlamentarischen Ausschüsse befinden sich im dritten und vierten Stock des Palace of Westminster.,0,[],[]
1600,Die Skala wurde 1974 von Graham Teasdale und Bryan J. Jennett entwickelt.,0,[],[]
643,Die Slowakei nahm erstmals bei den Olympischen Winterspielen 1994 mit einer Delegation von 42 Sportlern teil.,0,[],[]
306,Die Soldaten sind japanische Soldaten.,0,[],[]
956,Die Sonne ist eine lebenswichtige Energiequelle für die Erde.,0,[],[]
657,Die sowjetischen Flugzeuge wurden durch westliche Muster wie Boeing 737 und Airbus A320 ersetzt.,0,[],[]
1407,Die Sozialistische LinksPartei (SLP) ist eine trotzkistische Kleinstpartei in Österreich.,0,[],[]
625,Die Spektralklasse/Leuchtkraftklasse des Riesensterns ist K4/III.,0,[],[]
202,"Die Spielkonsole, auf der Dragon Quest VIII ursprünglich hergestellt wurde, ist die PlayStation 2.",0,[],[]
1470,"Die Sprengsätze wurden in der Metro Sankt Petersburg gezündet, zwischen den Stationen Sennaja Ploschtschad und Technologitscheski Institut.",0,[],[]
569,Die staatlichen Bestattungen finden in der Westminster Hall statt.,0,[],[]
984,Die Stadt Aberdeen wurde auf Befehl von Eduard III.,0,[],[]
1838,"Die Stadt Washington ist geographisch in die vier Quadranten Northwest (NW), Southwest (SW), Northeast (NE) und Southeast (SE) eingeteilt.",0,[],[]
810,"Die Stadt wird von den A-Straßen A58 und A61 durchkreuzt und ist Anfangspunkt der A62, A63, A64, A65 und A660.",0,[],[]
1487,"Die Stadt, die in der Frage genannt wird, ist nicht explizit genannt.",0,[],[]
1168,"Die Stadtmauern von Jerusalem wurden 1219 vom Sultan Malik al-Mu‘azzam zerstört, nicht 1244.",0,[],[]
1100,Die Standardformate nach DIN 476 sind nicht üblich in den USA und Kanada.,0,[],[]
642,Die Stimme von OTTO wurde mittels der Sprachsynthese-Software MacInTalk von Apple generiert.,0,[],[]
1320,Die Streifen der Indischen Gazelle sind dunkelbraun.,0,[],[]
1802,"Die Substruktur wurde in einem tiefen, offenen Graben erbaut, bevor der Pyramidenkorpus errichtet wurde.",0,[],[]
93,Die sunnitische Muslimen sind mit etwa 89 % der Bevölkerung die dominanteste Religion in Usbekistan.,0,[],[]
355,Die Sydney kämpfte am 19.,0,[],[]
1001,Die Taktik mündete in ausgedehnten Arbeitsniederlegungen.,0,[],[]
715,"Die Technologie, die CBS im Jahr 1940 für die erste Farbsendung einsetzte, war mit den damals vorhandenen Schwarz-Weiß-Fernsehern nicht kompatibel.",0,[],[]
1086,Die Telegrafenleitung war 60 km lang.,0,[],[]
198,Die Temperatur im äußeren Halo beträgt 15.000 K.,0,[],[]
1473,Die Todesursache der Eltern des Jungen war ein Verkehrsunfall.,0,[],[]
1328,Die tonganische Flagge war ursprünglich weiß mit einem roten Kreuz in der Mitte.,0,[],[]
1423,Die Tragezeit der Bärenmakis beträgt 130 Tage.,0,[],[]
380,Die Tschechoslowakei wurde 1918 gegründet.,0,[],[]
1805,"Die typische Nahrung eines Engelhais besteht aus Weichtieren, kleinen Fischen und Krebstieren.",0,[],[]
512,"Die typischen Kernprozesse von Banken, wie die Verwaltung von Spar-, Darlehens- oder Girokonten, werden durch Core Banking Systeme übernommen.",0,[],[]
744,"Die Übersetzung für den marsianischen Sonnentag ist ""Sol"".",0,[],[]
1413,"Die Übersetzung von Malaria ist ""schlechte Luft"".",0,[],[]
592,"Die Uhr wurde während der Wartungsarbeiten aufgezogen, indem ein Elektromotor dreimal pro Woche eingeschaltet wurde.",0,[],[]
1758,Die Uhren bestanden aus zwei Spiegeln.,0,[],[]
1655,Die Umbridae und Escodidae sind Familien von Hechtartigen (Esociformes).,0,[],[]
1529,Die Umfrage wurde im Jahr 2003 durchgeführt.,0,[],[]
1622,Die Unabhängigkeitsbewegungen und die Dekolonisation machten eine Vollendung unmöglich.,0,[],[]
1376,"Die UNESCO (United Nations Educational, Scientific and Cultural Organization) ist für die Erhaltung des Weltkulturerbes verantwortlich.",0,[],[]
1445,"Die UNITA-Rebellen in Angola und die Revolutionary United Front-Rebellen (RUF) in Sierra Leone handelten mit Konfliktdiamanten, um an Waffen zu kommen.",0,[],[]
768,Die Universität Heidelberg rangiert national auf dem ersten Platz.,0,[],[]
613,Die US Open 2007 wurden vom 27.,0,[],[]
1917,Die US-Dollar ist die aktuell gültige Währung in Puerto Rico.,0,[],[]
1856,"Die Vandalen beteten zu Wodan, bevor sie in den Krieg zogen.",0,[],[]
1450,"Die Vereinigten Staaten, gestützt durch die EU, Japan und andere Erste-Welt-Länder, drängten auf die Einbeziehung von TRIPS.",0,[],[]
918,Die Vergewaltigung.,0,[],[]
1720,Die Versorgungslinien.,0,[],[]
401,Die Verwaltungshauptstadt von Grand Est ist Straßburg.,0,[],[]
1525,"Die violette Farbe des Amethysts reicht von einem sehr hellen, leicht rosafarbenen bis zu einem sehr dunklen Violett.",0,[],[]
65,Die Violettgraue Kapseleule gehört der Familie der Eulenfalter (Noctuidae) an.,0,[],[]
1916,"Die Völker, die im 19.",0,[],[]
1385,"Die vollständige Name der Firma Wipro ist ""Western India Vegetable Products Limited"".",0,[],[]
575,Die von RT-Business Development LLC eingesetzte Strategie heißt Rostec-Strategie.,0,[],[]
561,"Die Vorbereitungen für die Krönung wurden von David Eccles, dem damaligen Minister für die Künste, geleitet.",0,[],[]
334,Die Wahlen fanden 1958 statt.,0,[],[]
1442,"Die Walt-Disney-Studios in Burbank, Kalifornien.",0,[],[]
953,"Die Weltgesundheitsorganisation schätzt, dass weltweit ungefähr 140 Millionen Menschen alkoholabhängig sind.",0,[],[]
671,Die Werke stammen aus dem 8. bis 12.,0,[],[]
1169,Die Western Wall Plaza.,0,[],[]
1662,"Die wichtigsten Sehenswürdigkeiten von Barbados sind die Hauptstadt Saint Michael und der Hafen Deep Water Harbour, an dem die meisten Kreuzfahrtschiffe anlegen.",0,[],[]
51,Die Wirtschaft der entwickelten Welt ist im Moment sehr abhängig von billigen örtlich konzentrierten fossilen Brennstoffen.,0,[],[]
1008,"Die Zahnseide war kommerziell erhältlich ab 1882, als die Firma Codman und Shurtleft mit ihrer Herstellung begann.",0,[],[]
815,"Die Zehn Bücher über Architektur von Vitruv heißen heute ""De architectura"".",0,[],[]
738,"Die Zeitung Spectator war vor allem an Englands aufstrebenden Mittelstand, große und kleine Kaufleute und Händler gerichtet.",0,[],[]
326,Die Zitadelle wurde 2011 zum UNESCO-Weltkulturerbe erklärt.,0,[],[]
1313,Die Zoroastrier.,0,[],[]
776,Die Zusammenarbeit zwischen dem Discovery Channel und Bear Grylls wurde aufgrund von Vertragsstreitigkeiten im März 2012 beendet.,0,[],[]
1932,Die Zuschüsse werden größtenteils auf der Grundlage des Projekttyps und seiner zu erwartenden Ergebnisse vergeben.,0,[],[]
1429,Die zwei Asthma-Kategorien sind das allergische (extrinsische) Asthma und das nicht-allergische (intrinsische) Asthma.,0,[],[]
146,"Die zweite Single des Albums hieß ""Tired of Being Sorry"".",0,[],[]
153,Die zweite YF-17 (S/N 72-1570) flog am 21.,0,[],[]
1299,"Diese Informationen sind nicht direkt relevant für die Frage ""Für wen ist dies nützlich?""",0,[],[]
169,"Dieses Spiel, Five Nights at Freddy's: Sister Location, ist der offizielle fünfte Teil der Five Nights at Freddy's-Spielereihe.",0,[],[]
1051,"Digitale Wasserzeichen werden eingesetzt, um Rechteinhaberinformationen zur Urheberrechtsverletzungsverfolgung in ein Werk einzubetten.",0,[],[]
1793,"Dilong bedeutet ""kaiserlicher Drache"".",0,[],[]
1947,Dimitris Manissalis war der Violinist von RCA.,0,[],[]
316,Dirie lebte später in einem Heim des YMCA in London.,0,[],[]
641,Dirk Sager war ein deutscher Journalist.,0,[],[]
421,Dr.,0,[],[]
615,Dr.,0,[],[]
921,Dr.,0,[],[]
797,Drei Jahre.,0,[],[]
679,"Drei verschiedene Messmethoden wurden entwickelt, um individuelle Unterschiede in Dankbarkeit zu messen: die Methode GQ6, die Einschätzungsskala und die Methode GRAT.",0,[],[]
111,Dschibuti befindet sich in Ostafrika an der Meerenge Bab al-Mandab.,0,[],[]
525,Dschingis Khan.,0,[],[]
1891,Ecuador,0,[],[]
292,"Edward VIII war verheiratet mit Wallis Simpson, einer geschiedenen Amerikanerin.",0,[],[]
1077,Ehrendoktor der Königlich Technischen Hochschule Stockholm.,0,[],[]
185,"Ein Anruf durch das Telefon, das unter dem Tischtelefon installiert war.",0,[],[]
1724,Ein Benediktinerkloster wurde gebaut.,0,[],[]
1062,Ein Berg ist im Allgemeinen steiler als ein Hügel.,0,[],[]
1292,Ein Einakter besteht in einem einzigen Akt.,0,[],[]
1396,"Ein elektrischer Kurzschluss tritt auf, wenn zwei Pole einer elektrischen Spannungsquelle oder zwei Schaltungspunkte mit normalerweise verschiedenem Potential nahezu widerstandslos verbunden sind.",0,[],[]
1034,Ein Endoskop (auch: Arthroskop) wird für eine Arthroskopie verwendet.,0,[],[]
949,Ein Eye Opener.,0,[],[]
982,Ein neues Rathaus wurde gebaut und elegant mit einem holländischen Marmorkamin und einer Reihe von schönen Kristallkronleuchtern und Wandlampen eingerichtet.,0,[],[]
1530,"Ein Neugeborenes sollte Bilirubinwerte von über 30 mg/dl (510 µmol/l) haben, um für eine Austauschtransfusion in Frage zu kommen.",0,[],[]
1736,Ein Online-Dienst zur Speicherung von Bildern und Videos.,0,[],[]
1679,Ein Postflugzeug der Florida Airways aus Jacksonville (Florida) landete erstmals am 15.,0,[],[]
926,Ein Sechstel der Todesfälle in Frankreich im Jahr 1918 wurde durch Tuberkulose verursacht.,0,[],[]
947,"Eine Diagnose für Alkoholismus wird im ICD-10 als ""F10 Psychische und Verhaltensstörungen durch Alkohol"" und im DSM-5 als ""Störungen im Zusammenhang mit Alkohol"" klassifiziert.",0,[],[]
888,"Eine Mannschaft besteht in der Regel aus elf Spielern, von denen einer der Torwart ist.",0,[],[]
646,"Eine Meningitis kann auch durch verschiedene nicht-infektiöse Mechanismen verursacht werden, wie zum Beispiel durch hirnhautnahen Infektionen oder eine Endokarditis.",0,[],[]
460,Eine Militärkapelle spielte während der Zeremonie auf der Musikantengalerie.,0,[],[]
895,Eine mögliche Behandlung für Gallensteine ist die ERCP (endoskopisch-retrograde Cholangiopankreatikographie).,0,[],[]
805,Eine Siedlung wurde in den Chobe-Nationalpark verwandelt.,0,[],[]
1725,Eine unumstößliche Regel der Unterwelt außer keinem Blutvergießen auf dem Boden von Continental ist: Schuldmünzen müssen eingelöst werden.,0,[],[]
294,Einige Zeitungen wiesen oft und ausführlich auf seine ausländische Herkunft hin.“,0,[],[]
1110,"Einstein emigrierte 1933 in die USA nach Princeton, New Jersey.",0,[],[]
1534,Einstein heiratete 1927.,0,[],[]
1875,Eisensterne.,0,[],[]
1465,"Elefanten kamen in Trockenzonen, in der Tiefland-Feuchtzone sowie auch in feuchtkalten, montanen Wäldern vor.",0,[],[]
1092,"Elektrische Generatoren, die von vier Dieselmotoren und zwei Gasturbinen angetrieben werden, werden genutzt, um Energie für einen elektrischen Motor zu gewinnen.",0,[],[]
296,Elisabeth.,0,[],[]
1061,Emma Lavinia Gifford und Florence Emily Dugdale waren die beiden Ehefrauen von Thomas Hardy.,0,[],[]
59,Emotions wurde bei den Grammy Awards 1992 in der Kategorie Best Female Pop Vocal Performance nominiert.,0,[],[]
735,"England spielte in den folgenden fast 40 Jahren fast ausschließlich gegen Schottland, Wales und Irland.",0,[],[]
542,Epoxidharz Leim.,0,[],[]
1489,Er arbeitete als Discjockey beim Radiosender KJOE in der nahe gelegenen Stadt Shreveport (Louisiana).,0,[],[]
863,Er ging auf das Keble College in Oxford.,0,[],[]
281,Er verfügte bei seiner Pensionierung 1987 über 43 Patente.,0,[],[]
294,Er war ein Prinz ohne Heimat und Königreich.,0,[],[]
13,"Er wuchs in Carlsruhe, einem Jagdbesitz seines Vaters in Schlesien auf.",0,[],[]
1795,"Es besteht aus verschiedenen Zutaten wie Reis, Getreidesorten, Spinat, Gemüse und anderen.",0,[],[]
1691,Es gab Verluste von rund 250.000 Mann.,0,[],[]
970,Es geht um den Untergang der östlichen Han-Dynastie und die Entstehung der Drei Reiche.,0,[],[]
1629,Es geht um eine Frauen-Weltmeisterschaft.,0,[],[]
1157,Es gibt 1.006 Schriftzeichen in den Kyōiku-Kanji.,0,[],[]
1809,Es gibt 21 bewohnte Inseln.,0,[],[]
497,"Es gibt 53 Porträts von Bayramovs Frau Dunyagozel ""Gosel"" Ilyasova in seinem Werk ""Gozel"".",0,[],[]
122,"Es gibt 56 offiziell anerkannte Nationalitäten Chinas, von denen nur vier unter den Einwohnern Tianjins vertreten sind.",0,[],[]
729,Es gibt Blei und Kohle in Missouri.,0,[],[]
1799,"Es gibt Delphine, Meeresschildkröten, Barrakudas, Mantarochen, reichlich Thunfisch und viele andere Tiere.",0,[],[]
1865,"Es gibt eine Rollbahn, die als Not-Start- und Landebahn nutzbar ist, und eine Start- und Landebahn, die drei Kilometer lang ist.",0,[],[]
1108,Es gibt flexible oder starre Zystoskope zur Verfügung.,0,[],[]
1121,"Es gibt fünf bewohnte Inseln: Baltra, Floreana, Isabela, San Cristóbal und Santa Cruz.",0,[],[]
1479,Es gibt in Proteinen vier hierarchisch angeordnete Strukturebenen.,0,[],[]
1487,"Es gibt jedoch mehrere Städte in der Liste, nämlich Gusew, Nischni Nowgorod und Åland.",0,[],[]
1299,"Es gibt keine Informationen, die auf die Nützlichkeit für eine bestimmte Person oder Gruppe hinweisen.",0,[],[]
1036,"Es gibt mehrere Namen für den HIV-Test, wie zum Beispiel CMIA, ECLIA, FPIA und ELISA.",0,[],[]
1192,"Es gibt neun Inseln innerhalb von Tuvalu, darunter sechs Atollen und drei Inseln.",0,[],[]
590,"Es gibt vier Viertelstundenglocken-Töne: # gis1, fis1, e1, h0.",0,[],[]
1487,"Es ist jedoch wichtig zu beachten, dass Åland eine autonome Provinz Finnlands ist und keine Stadt ist.",0,[],[]
1147,"Es kann aus Schwarzem Senf (Brassica nigra), Braunem indischem Senf (Brassica juncea) oder Weißem Senf (Sinapis alba) produziert werden.",0,[],[]
74,"Es war für die Regierung wichtig, ihre Flotte wieder aufzubauen, weil sie erkannt hatte, dass die Abhängigkeit von anderen Mächten, wie Großbritannien und Dänemark, im Schleswig-Holsteinischen Krieg zu einem Scheitern geführt hatte.",0,[],[]
1876,"Es wird geschätzt, dass es momentan 1080 Protonen im Universum gibt, da die Anzahl der Protonen 1000 mal halbiert hat, wenn das Universum 1040 Jahre alt ist.",0,[],[]
1926,Es wurde 1870 an den Deutschritterorden verkauft und diente als Hauptquartier des Großmeisters.,0,[],[]
1528,"Es wurde bei rechtlichen, administrativen und privaten Aufzeichnungen benutzt.",0,[],[]
1102,"Escobars Frau, María Victoria Henao Vellejo, war 15 Jahre alt bei der Hochzeit im Jahr 1976.",0,[],[]
1402,Etwa 40 spanische Städte verfügen über einen Flughafen für Verkehrsmaschinen.,0,[],[]
1644,Etwa 70 Prozent aller terrestrischen Wirbeltierarten starben am Ende des Perm durch das verheerende Massensterben aus.,0,[],[]
1732,Eurydike.,0,[],[]
130,Every Night debütierte auf Platz 43 der Gaon Singles Charts.,0,[],[]
1210,Fareed Rafiq Zakaria wurde am 20.,0,[],[]
849,Fatih Akin wohnt in Hamburg-Ottensen.,0,[],[]
1120,Februar 1832 von General José María Villamil für Ecuador in Besitz genommen.,0,[],[]
689,Februar 1906 gegründet.,0,[],[]
1881,Februar 1931 in Göttingen.,0,[],[]
350,Februar 1980 in New York City.,0,[],[]
1264,Februar 2004 vor.,0,[],[]
325,Felix Mendelssohn Bartholdy.,0,[],[]
1208,"FEMA steht für Federal Emergency Management Agency, die in den USA zuständig ist für den Katastrophenschutz.",0,[],[]
1191,Fergie war in Grindhouse 2007 zu sehen.,0,[],[]
1596,Florida,0,[],[]
1690,Florida,0,[],[]
932,Foley.,0,[],[]
1606,Fouad Chehab starb am 25.,0,[],[]
1946,Frank Aleksander.,0,[],[]
1764,Frankreich und Russland haben gemeinsam mit Großbritannien und den USA gegen Deutschland und dessen verbündete Mittelmächte im Ersten Weltkrieg gekämpft.,0,[],[]
1794,Frankreich war 1949 Gründungsmitglied des Nordatlantikvertrages (NATO).,0,[],[]
489,"Frankreich, Italien und Süddeutschland.",0,[],[]
288,Frankreich.,0,[],[]
1317,Frye) und Stanley Cook.,0,[],[]
394,Fünf Nummer-eins-Hits.,0,[],[]
64,gab Xerxes seine Schwester Antiochis zur Frau.,0,[],[]
1377,Gabriela Mistral schrieb unter diesem Namen.,0,[],[]
1970,Gegen 20 Uhr.,0,[],[]
1567,"Georgien befindet sich an der Grenze zwischen Europa und Asien in Transkaukasien, östlich des Schwarzen Meeres und südlich des Großen Kaukasus.",0,[],[]
1273,Georgs-Kapelle auf Schloss Windsor verheiratet.,0,[],[]
173,geschützt und gefördert.,0,[],[]
1185,Ghalib starb im Februar.,0,[],[]
1176,Ghana,0,[],[]
1599,Gletscher.,0,[],[]
1850,Gold.,0,[],[]
1577,Gongyi.,0,[],[]
1735,Google Photos war am 28.,0,[],[]
927,Görbersdorf,0,[],[]
910,Gottfried Wilhelm Leibniz.,0,[],[]
1575,Graf wurde wegen der Teilnahme am Munitionsarbeiterstreik kurzzeitig inhaftiert.,0,[],[]
46,"Greifvögel, Schlangen und Bonobos.",0,[],[]
1978,Groener.,0,[],[]
540,Grön eld.,0,[],[]
1767,Große OLED-Bildschirme sind momentan teurer als entsprechend große LCD-Bildschirme.,0,[],[]
1434,Gründungsdirektor.,0,[],[]
1027,Guiyang befindet sich in der Provinz Guizhou.,0,[],[]
1026,Guiyang liegt auf einer Höhe von 1.070 Metern über dem Meeresspiegel (ü. NN).,0,[],[]
124,Gunter Theodor Netzer spielte als Mittelfeldspieler.,0,[],[]
1487,Gusew und Nischni Nowgorod sind jedoch Städte in Russland.,0,[],[]
128,Guttannen.,0,[],[]
707,"Hamza, Zaid, Bilal oder andere.",0,[],[]
382,Hana Mandlíková wurde in der Tschechoslowakei geboren.,0,[],[]
1762,"Hannes Meyer, auch bekannt als Hans Emil Meyer, war ein Schweizer Architekt und Urbanist.",0,[],[]
1048,Harriet Beecher Stowe wurde am 14.,0,[],[]
624,Hattar wurde am 25.,0,[],[]
335,Hatun mayu.,0,[],[]
1057,"Hauptanbaugebiete der Kichererbse sind heute die Türkei, Nordafrika, Mexiko, Afghanistan, Indien, Australien, Pakistan und Spanien.",0,[],[]
409,Hawaii,0,[],[]
486,Heinrich VII.,0,[],[]
879,Heinrich VIII.,0,[],[]
880,Heinrich VIII.,0,[],[]
1038,Heinrich VIII.,0,[],[]
3,Helens war etwa wie flüssiger Beton auf den südlichen und östlichen Flanken des Berges.,0,[],[]
1117,Hermann Minkowski ist bekannt für seine Pionierarbeit in der Geometrie der Zahlen und seine Entwicklungen in der Zahlentheorie.,0,[],[]
1215,Herz-Lungen-Wiederbelebung (kardiopulmonale Reanimation),0,[],[]
1799,Hier kommen 26 der insgesamt 78 weltweit bekannten Walarten vor und ungefähr 580 verschiedene Korallen.,0,[],[]
1597,Hillary Clinton wurde von einigen DNC-Mitgliedern bevorzugt.,0,[],[]
1790,Houssay starb am 21.,0,[],[]
824,"HRH Prince Philip, Duke of Edinburgh.",0,[],[]
220,Hugh Morrus verlor gegen Goldberg am 22.,0,[],[]
1069,Hüsamettin Çelebi war Mevlanas Nachfolger.,0,[],[]
186,Hussein Al Bashir in Zypern.,0,[],[]
1419,"Ian Gillan wurde 1989 erneut aus Deep Purple entlassen, weil er mit Ritchie Blackmore in Streit über die musikalische Ausrichtung geraten war.",0,[],[]
171,Ibrahim war der Direktor des Zentralgefängnisses von Istanbul.,0,[],[]
1734,Icanovic verlor gegen Venus Williams im Oktober 2004 in Zürich.,0,[],[]
2,Ich habe keine Antwort auf Ihre Frage.,0,[],[]
6,Ich habe keine Antwort auf Ihre Frage.,0,[],[]
12,Ich habe keine Antwort auf Ihre Frage.,0,[],[]
17,Ich habe keine Antwort auf Ihre Frage.,0,[],[]
25,Ich habe keine Antwort auf Ihre Frage.,0,[],[]
39,Ich habe keine Antwort auf Ihre Frage.,0,[],[]
48,Ich habe keine Antwort auf Ihre Frage.,0,[],[]
49,Ich habe keine Antwort auf Ihre Frage.,0,[],[]
56,Ich habe keine Antwort auf Ihre Frage.,0,[],[]
60,Ich habe keine Antwort auf Ihre Frage.,0,[],[]
73,Ich habe keine Antwort auf Ihre Frage.,0,[],[]
75,Ich habe keine Antwort auf Ihre Frage.,0,[],[]
81,Ich habe keine Antwort auf Ihre Frage.,0,[],[]
82,Ich habe keine Antwort auf Ihre Frage.,0,[],[]
83,Ich habe keine Antwort auf Ihre Frage.,0,[],[]
84,Ich habe keine Antwort auf Ihre Frage.,0,[],[]
88,Ich habe keine Antwort auf Ihre Frage.,0,[],[]
89,Ich habe keine Antwort auf Ihre Frage.,0,[],[]
92,Ich habe keine Antwort auf Ihre Frage.,0,[],[]
98,Ich habe keine Antwort auf Ihre Frage.,0,[],[]
101,Ich habe keine Antwort auf Ihre Frage.,0,[],[]
127,Ich habe keine Antwort auf Ihre Frage.,0,[],[]
136,Ich habe keine Antwort auf Ihre Frage.,0,[],[]
140,Ich habe keine Antwort auf Ihre Frage.,0,[],[]
149,Ich habe keine Antwort auf Ihre Frage.,0,[],[]
151,Ich habe keine Antwort auf Ihre Frage.,0,[],[]
154,Ich habe keine Antwort auf Ihre Frage.,0,[],[]
166,Ich habe keine Antwort auf Ihre Frage.,0,[],[]
175,Ich habe keine Antwort auf Ihre Frage.,0,[],[]
187,Ich habe keine Antwort auf Ihre Frage.,0,[],[]
203,Ich habe keine Antwort auf Ihre Frage.,0,[],[]
205,Ich habe keine Antwort auf Ihre Frage.,0,[],[]
210,Ich habe keine Antwort auf Ihre Frage.,0,[],[]
221,Ich habe keine Antwort auf Ihre Frage.,0,[],[]
223,Ich habe keine Antwort auf Ihre Frage.,0,[],[]
224,Ich habe keine Antwort auf Ihre Frage.,0,[],[]
229,Ich habe keine Antwort auf Ihre Frage.,0,[],[]
234,Ich habe keine Antwort auf Ihre Frage.,0,[],[]
236,Ich habe keine Antwort auf Ihre Frage.,0,[],[]
237,Ich habe keine Antwort auf Ihre Frage.,0,[],[]
238,Ich habe keine Antwort auf Ihre Frage.,0,[],[]
239,Ich habe keine Antwort auf Ihre Frage.,0,[],[]
252,Ich habe keine Antwort auf Ihre Frage.,0,[],[]
262,Ich habe keine Antwort auf Ihre Frage.,0,[],[]
265,Ich habe keine Antwort auf Ihre Frage.,0,[],[]
270,Ich habe keine Antwort auf Ihre Frage.,0,[],[]
271,Ich habe keine Antwort auf Ihre Frage.,0,[],[]
272,Ich habe keine Antwort auf Ihre Frage.,0,[],[]
282,Ich habe keine Antwort auf Ihre Frage.,0,[],[]
284,Ich habe keine Antwort auf Ihre Frage.,0,[],[]
299,Ich habe keine Antwort auf Ihre Frage.,0,[],[]
307,Ich habe keine Antwort auf Ihre Frage.,0,[],[]
309,Ich habe keine Antwort auf Ihre Frage.,0,[],[]
317,Ich habe keine Antwort auf Ihre Frage.,0,[],[]
318,Ich habe keine Antwort auf Ihre Frage.,0,[],[]
333,Ich habe keine Antwort auf Ihre Frage.,0,[],[]
347,Ich habe keine Antwort auf Ihre Frage.,0,[],[]
352,Ich habe keine Antwort auf Ihre Frage.,0,[],[]
353,Ich habe keine Antwort auf Ihre Frage.,0,[],[]
368,Ich habe keine Antwort auf Ihre Frage.,0,[],[]
370,Ich habe keine Antwort auf Ihre Frage.,0,[],[]
379,Ich habe keine Antwort auf Ihre Frage.,0,[],[]
419,Ich habe keine Antwort auf Ihre Frage.,0,[],[]
427,Ich habe keine Antwort auf Ihre Frage.,0,[],[]
435,Ich habe keine Antwort auf Ihre Frage.,0,[],[]
441,Ich habe keine Antwort auf Ihre Frage.,0,[],[]
451,Ich habe keine Antwort auf Ihre Frage.,0,[],[]
458,Ich habe keine Antwort auf Ihre Frage.,0,[],[]
469,Ich habe keine Antwort auf Ihre Frage.,0,[],[]
475,Ich habe keine Antwort auf Ihre Frage.,0,[],[]
482,Ich habe keine Antwort auf Ihre Frage.,0,[],[]
491,Ich habe keine Antwort auf Ihre Frage.,0,[],[]
514,Ich habe keine Antwort auf Ihre Frage.,0,[],[]
515,Ich habe keine Antwort auf Ihre Frage.,0,[],[]
524,Ich habe keine Antwort auf Ihre Frage.,0,[],[]
537,Ich habe keine Antwort auf Ihre Frage.,0,[],[]
555,Ich habe keine Antwort auf Ihre Frage.,0,[],[]
556,Ich habe keine Antwort auf Ihre Frage.,0,[],[]
570,Ich habe keine Antwort auf Ihre Frage.,0,[],[]
580,Ich habe keine Antwort auf Ihre Frage.,0,[],[]
581,Ich habe keine Antwort auf Ihre Frage.,0,[],[]
583,Ich habe keine Antwort auf Ihre Frage.,0,[],[]
586,Ich habe keine Antwort auf Ihre Frage.,0,[],[]
591,Ich habe keine Antwort auf Ihre Frage.,0,[],[]
595,Ich habe keine Antwort auf Ihre Frage.,0,[],[]
608,Ich habe keine Antwort auf Ihre Frage.,0,[],[]
633,Ich habe keine Antwort auf Ihre Frage.,0,[],[]
634,Ich habe keine Antwort auf Ihre Frage.,0,[],[]
635,Ich habe keine Antwort auf Ihre Frage.,0,[],[]
649,Ich habe keine Antwort auf Ihre Frage.,0,[],[]
651,Ich habe keine Antwort auf Ihre Frage.,0,[],[]
652,Ich habe keine Antwort auf Ihre Frage.,0,[],[]
653,Ich habe keine Antwort auf Ihre Frage.,0,[],[]
666,Ich habe keine Antwort auf Ihre Frage.,0,[],[]
670,Ich habe keine Antwort auf Ihre Frage.,0,[],[]
680,Ich habe keine Antwort auf Ihre Frage.,0,[],[]
684,Ich habe keine Antwort auf Ihre Frage.,0,[],[]
686,Ich habe keine Antwort auf Ihre Frage.,0,[],[]
693,Ich habe keine Antwort auf Ihre Frage.,0,[],[]
694,Ich habe keine Antwort auf Ihre Frage.,0,[],[]
696,Ich habe keine Antwort auf Ihre Frage.,0,[],[]
722,Ich habe keine Antwort auf Ihre Frage.,0,[],[]
730,Ich habe keine Antwort auf Ihre Frage.,0,[],[]
731,Ich habe keine Antwort auf Ihre Frage.,0,[],[]
737,Ich habe keine Antwort auf Ihre Frage.,0,[],[]
741,Ich habe keine Antwort auf Ihre Frage.,0,[],[]
746,Ich habe keine Antwort auf Ihre Frage.,0,[],[]
750,Ich habe keine Antwort auf Ihre Frage.,0,[],[]
753,Ich habe keine Antwort auf Ihre Frage.,0,[],[]
755,Ich habe keine Antwort auf Ihre Frage.,0,[],[]
759,Ich habe keine Antwort auf Ihre Frage.,0,[],[]
762,Ich habe keine Antwort auf Ihre Frage.,0,[],[]
765,Ich habe keine Antwort auf Ihre Frage.,0,[],[]
770,Ich habe keine Antwort auf Ihre Frage.,0,[],[]
773,Ich habe keine Antwort auf Ihre Frage.,0,[],[]
778,Ich habe keine Antwort auf Ihre Frage.,0,[],[]
788,Ich habe keine Antwort auf Ihre Frage.,0,[],[]
790,Ich habe keine Antwort auf Ihre Frage.,0,[],[]
794,Ich habe keine Antwort auf Ihre Frage.,0,[],[]
795,Ich habe keine Antwort auf Ihre Frage.,0,[],[]
798,Ich habe keine Antwort auf Ihre Frage.,0,[],[]
803,Ich habe keine Antwort auf Ihre Frage.,0,[],[]
811,Ich habe keine Antwort auf Ihre Frage.,0,[],[]
816,Ich habe keine Antwort auf Ihre Frage.,0,[],[]
825,Ich habe keine Antwort auf Ihre Frage.,0,[],[]
829,Ich habe keine Antwort auf Ihre Frage.,0,[],[]
833,Ich habe keine Antwort auf Ihre Frage.,0,[],[]
835,Ich habe keine Antwort auf Ihre Frage.,0,[],[]
836,Ich habe keine Antwort auf Ihre Frage.,0,[],[]
842,Ich habe keine Antwort auf Ihre Frage.,0,[],[]
847,Ich habe keine Antwort auf Ihre Frage.,0,[],[]
848,Ich habe keine Antwort auf Ihre Frage.,0,[],[]
853,Ich habe keine Antwort auf Ihre Frage.,0,[],[]
860,Ich habe keine Antwort auf Ihre Frage.,0,[],[]
864,Ich habe keine Antwort auf Ihre Frage.,0,[],[]
882,Ich habe keine Antwort auf Ihre Frage.,0,[],[]
886,Ich habe keine Antwort auf Ihre Frage.,0,[],[]
898,Ich habe keine Antwort auf Ihre Frage.,0,[],[]
902,Ich habe keine Antwort auf Ihre Frage.,0,[],[]
908,Ich habe keine Antwort auf Ihre Frage.,0,[],[]
912,Ich habe keine Antwort auf Ihre Frage.,0,[],[]
913,Ich habe keine Antwort auf Ihre Frage.,0,[],[]
917,Ich habe keine Antwort auf Ihre Frage.,0,[],[]
923,Ich habe keine Antwort auf Ihre Frage.,0,[],[]
925,Ich habe keine Antwort auf Ihre Frage.,0,[],[]
929,Ich habe keine Antwort auf Ihre Frage.,0,[],[]
933,Ich habe keine Antwort auf Ihre Frage.,0,[],[]
935,Ich habe keine Antwort auf Ihre Frage.,0,[],[]
936,Ich habe keine Antwort auf Ihre Frage.,0,[],[]
941,Ich habe keine Antwort auf Ihre Frage.,0,[],[]
946,Ich habe keine Antwort auf Ihre Frage.,0,[],[]
958,Ich habe keine Antwort auf Ihre Frage.,0,[],[]
959,Ich habe keine Antwort auf Ihre Frage.,0,[],[]
961,Ich habe keine Antwort auf Ihre Frage.,0,[],[]
962,Ich habe keine Antwort auf Ihre Frage.,0,[],[]
965,Ich habe keine Antwort auf Ihre Frage.,0,[],[]
973,Ich habe keine Antwort auf Ihre Frage.,0,[],[]
977,Ich habe keine Antwort auf Ihre Frage.,0,[],[]
983,Ich habe keine Antwort auf Ihre Frage.,0,[],[]
989,Ich habe keine Antwort auf Ihre Frage.,0,[],[]
990,Ich habe keine Antwort auf Ihre Frage.,0,[],[]
993,Ich habe keine Antwort auf Ihre Frage.,0,[],[]
994,Ich habe keine Antwort auf Ihre Frage.,0,[],[]
998,Ich habe keine Antwort auf Ihre Frage.,0,[],[]
1012,Ich habe keine Antwort auf Ihre Frage.,0,[],[]
1016,Ich habe keine Antwort auf Ihre Frage.,0,[],[]
1018,Ich habe keine Antwort auf Ihre Frage.,0,[],[]
1021,Ich habe keine Antwort auf Ihre Frage.,0,[],[]
1024,Ich habe keine Antwort auf Ihre Frage.,0,[],[]
1025,Ich habe keine Antwort auf Ihre Frage.,0,[],[]
1043,Ich habe keine Antwort auf Ihre Frage.,0,[],[]
1052,Ich habe keine Antwort auf Ihre Frage.,0,[],[]
1056,Ich habe keine Antwort auf Ihre Frage.,0,[],[]
1065,Ich habe keine Antwort auf Ihre Frage.,0,[],[]
1076,Ich habe keine Antwort auf Ihre Frage.,0,[],[]
1081,Ich habe keine Antwort auf Ihre Frage.,0,[],[]
1091,Ich habe keine Antwort auf Ihre Frage.,0,[],[]
1101,Ich habe keine Antwort auf Ihre Frage.,0,[],[]
1104,Ich habe keine Antwort auf Ihre Frage.,0,[],[]
1114,Ich habe keine Antwort auf Ihre Frage.,0,[],[]
1119,Ich habe keine Antwort auf Ihre Frage.,0,[],[]
1122,Ich habe keine Antwort auf Ihre Frage.,0,[],[]
1124,Ich habe keine Antwort auf Ihre Frage.,0,[],[]
1131,Ich habe keine Antwort auf Ihre Frage.,0,[],[]
1133,Ich habe keine Antwort auf Ihre Frage.,0,[],[]
1136,Ich habe keine Antwort auf Ihre Frage.,0,[],[]
1137,Ich habe keine Antwort auf Ihre Frage.,0,[],[]
1139,Ich habe keine Antwort auf Ihre Frage.,0,[],[]
1143,Ich habe keine Antwort auf Ihre Frage.,0,[],[]
1149,Ich habe keine Antwort auf Ihre Frage.,0,[],[]
1151,Ich habe keine Antwort auf Ihre Frage.,0,[],[]
1156,Ich habe keine Antwort auf Ihre Frage.,0,[],[]
1162,Ich habe keine Antwort auf Ihre Frage.,0,[],[]
1174,Ich habe keine Antwort auf Ihre Frage.,0,[],[]
1184,Ich habe keine Antwort auf Ihre Frage.,0,[],[]
1188,Ich habe keine Antwort auf Ihre Frage.,0,[],[]
1194,Ich habe keine Antwort auf Ihre Frage.,0,[],[]
1199,Ich habe keine Antwort auf Ihre Frage.,0,[],[]
1217,Ich habe keine Antwort auf Ihre Frage.,0,[],[]
1221,Ich habe keine Antwort auf Ihre Frage.,0,[],[]
1239,Ich habe keine Antwort auf Ihre Frage.,0,[],[]
1240,Ich habe keine Antwort auf Ihre Frage.,0,[],[]
1244,Ich habe keine Antwort auf Ihre Frage.,0,[],[]
1259,Ich habe keine Antwort auf Ihre Frage.,0,[],[]
1261,Ich habe keine Antwort auf Ihre Frage.,0,[],[]
1263,Ich habe keine Antwort auf Ihre Frage.,0,[],[]
1272,Ich habe keine Antwort auf Ihre Frage.,0,[],[]
1275,Ich habe keine Antwort auf Ihre Frage.,0,[],[]
1276,Ich habe keine Antwort auf Ihre Frage.,0,[],[]
1282,Ich habe keine Antwort auf Ihre Frage.,0,[],[]
1285,Ich habe keine Antwort auf Ihre Frage.,0,[],[]
1286,Ich habe keine Antwort auf Ihre Frage.,0,[],[]
1290,Ich habe keine Antwort auf Ihre Frage.,0,[],[]
1299,Ich habe keine Antwort auf Ihre Frage.,0,[],[]
1305,Ich habe keine Antwort auf Ihre Frage.,0,[],[]
1306,Ich habe keine Antwort auf Ihre Frage.,0,[],[]
1311,Ich habe keine Antwort auf Ihre Frage.,0,[],[]
1312,Ich habe keine Antwort auf Ihre Frage.,0,[],[]
1316,Ich habe keine Antwort auf Ihre Frage.,0,[],[]
1318,Ich habe keine Antwort auf Ihre Frage.,0,[],[]
1322,Ich habe keine Antwort auf Ihre Frage.,0,[],[]
1327,Ich habe keine Antwort auf Ihre Frage.,0,[],[]
1332,Ich habe keine Antwort auf Ihre Frage.,0,[],[]
1345,Ich habe keine Antwort auf Ihre Frage.,0,[],[]
1355,Ich habe keine Antwort auf Ihre Frage.,0,[],[]
1359,Ich habe keine Antwort auf Ihre Frage.,0,[],[]
1362,Ich habe keine Antwort auf Ihre Frage.,0,[],[]
1366,Ich habe keine Antwort auf Ihre Frage.,0,[],[]
1368,Ich habe keine Antwort auf Ihre Frage.,0,[],[]
1369,Ich habe keine Antwort auf Ihre Frage.,0,[],[]
1372,Ich habe keine Antwort auf Ihre Frage.,0,[],[]
1378,Ich habe keine Antwort auf Ihre Frage.,0,[],[]
1381,Ich habe keine Antwort auf Ihre Frage.,0,[],[]
1382,Ich habe keine Antwort auf Ihre Frage.,0,[],[]
1388,Ich habe keine Antwort auf Ihre Frage.,0,[],[]
1391,Ich habe keine Antwort auf Ihre Frage.,0,[],[]
1395,Ich habe keine Antwort auf Ihre Frage.,0,[],[]
1397,Ich habe keine Antwort auf Ihre Frage.,0,[],[]
1412,Ich habe keine Antwort auf Ihre Frage.,0,[],[]
1414,Ich habe keine Antwort auf Ihre Frage.,0,[],[]
1415,Ich habe keine Antwort auf Ihre Frage.,0,[],[]
1417,Ich habe keine Antwort auf Ihre Frage.,0,[],[]
1421,Ich habe keine Antwort auf Ihre Frage.,0,[],[]
1428,Ich habe keine Antwort auf Ihre Frage.,0,[],[]
1430,Ich habe keine Antwort auf Ihre Frage.,0,[],[]
1431,Ich habe keine Antwort auf Ihre Frage.,0,[],[]
1433,Ich habe keine Antwort auf Ihre Frage.,0,[],[]
1454,Ich habe keine Antwort auf Ihre Frage.,0,[],[]
1455,Ich habe keine Antwort auf Ihre Frage.,0,[],[]
1461,Ich habe keine Antwort auf Ihre Frage.,0,[],[]
1462,Ich habe keine Antwort auf Ihre Frage.,0,[],[]
1467,Ich habe keine Antwort auf Ihre Frage.,0,[],[]
1486,Ich habe keine Antwort auf Ihre Frage.,0,[],[]
1496,Ich habe keine Antwort auf Ihre Frage.,0,[],[]
1499,Ich habe keine Antwort auf Ihre Frage.,0,[],[]
1504,Ich habe keine Antwort auf Ihre Frage.,0,[],[]
1512,Ich habe keine Antwort auf Ihre Frage.,0,[],[]
1536,Ich habe keine Antwort auf Ihre Frage.,0,[],[]
1544,Ich habe keine Antwort auf Ihre Frage.,0,[],[]
1546,Ich habe keine Antwort auf Ihre Frage.,0,[],[]
1549,Ich habe keine Antwort auf Ihre Frage.,0,[],[]
1561,Ich habe keine Antwort auf Ihre Frage.,0,[],[]
1564,Ich habe keine Antwort auf Ihre Frage.,0,[],[]
1568,Ich habe keine Antwort auf Ihre Frage.,0,[],[]
1573,Ich habe keine Antwort auf Ihre Frage.,0,[],[]
1582,Ich habe keine Antwort auf Ihre Frage.,0,[],[]
1603,Ich habe keine Antwort auf Ihre Frage.,0,[],[]
1611,Ich habe keine Antwort auf Ihre Frage.,0,[],[]
1615,Ich habe keine Antwort auf Ihre Frage.,0,[],[]
1619,Ich habe keine Antwort auf Ihre Frage.,0,[],[]
1630,Ich habe keine Antwort auf Ihre Frage.,0,[],[]
1637,Ich habe keine Antwort auf Ihre Frage.,0,[],[]
1645,Ich habe keine Antwort auf Ihre Frage.,0,[],[]
1646,Ich habe keine Antwort auf Ihre Frage.,0,[],[]
1654,Ich habe keine Antwort auf Ihre Frage.,0,[],[]
1656,Ich habe keine Antwort auf Ihre Frage.,0,[],[]
1657,Ich habe keine Antwort auf Ihre Frage.,0,[],[]
1658,Ich habe keine Antwort auf Ihre Frage.,0,[],[]
1661,Ich habe keine Antwort auf Ihre Frage.,0,[],[]
1664,Ich habe keine Antwort auf Ihre Frage.,0,[],[]
1665,Ich habe keine Antwort auf Ihre Frage.,0,[],[]
1682,Ich habe keine Antwort auf Ihre Frage.,0,[],[]
1684,Ich habe keine Antwort auf Ihre Frage.,0,[],[]
1692,Ich habe keine Antwort auf Ihre Frage.,0,[],[]
1693,Ich habe keine Antwort auf Ihre Frage.,0,[],[]
1696,Ich habe keine Antwort auf Ihre Frage.,0,[],[]
1707,Ich habe keine Antwort auf Ihre Frage.,0,[],[]
1710,Ich habe keine Antwort auf Ihre Frage.,0,[],[]
1711,Ich habe keine Antwort auf Ihre Frage.,0,[],[]
1713,Ich habe keine Antwort auf Ihre Frage.,0,[],[]
1716,Ich habe keine Antwort auf Ihre Frage.,0,[],[]
1717,Ich habe keine Antwort auf Ihre Frage.,0,[],[]
1723,Ich habe keine Antwort auf Ihre Frage.,0,[],[]
1752,Ich habe keine Antwort auf Ihre Frage.,0,[],[]
1759,Ich habe keine Antwort auf Ihre Frage.,0,[],[]
1765,Ich habe keine Antwort auf Ihre Frage.,0,[],[]
1774,Ich habe keine Antwort auf Ihre Frage.,0,[],[]
1775,Ich habe keine Antwort auf Ihre Frage.,0,[],[]
1781,Ich habe keine Antwort auf Ihre Frage.,0,[],[]
1784,Ich habe keine Antwort auf Ihre Frage.,0,[],[]
1785,Ich habe keine Antwort auf Ihre Frage.,0,[],[]
1787,Ich habe keine Antwort auf Ihre Frage.,0,[],[]
1788,Ich habe keine Antwort auf Ihre Frage.,0,[],[]
1791,Ich habe keine Antwort auf Ihre Frage.,0,[],[]
1804,Ich habe keine Antwort auf Ihre Frage.,0,[],[]
1806,Ich habe keine Antwort auf Ihre Frage.,0,[],[]
1824,Ich habe keine Antwort auf Ihre Frage.,0,[],[]
1825,Ich habe keine Antwort auf Ihre Frage.,0,[],[]
1832,Ich habe keine Antwort auf Ihre Frage.,0,[],[]
1834,Ich habe keine Antwort auf Ihre Frage.,0,[],[]
1835,Ich habe keine Antwort auf Ihre Frage.,0,[],[]
1836,Ich habe keine Antwort auf Ihre Frage.,0,[],[]
1844,Ich habe keine Antwort auf Ihre Frage.,0,[],[]
1848,Ich habe keine Antwort auf Ihre Frage.,0,[],[]
1859,Ich habe keine Antwort auf Ihre Frage.,0,[],[]
1863,Ich habe keine Antwort auf Ihre Frage.,0,[],[]
1871,Ich habe keine Antwort auf Ihre Frage.,0,[],[]
1872,Ich habe keine Antwort auf Ihre Frage.,0,[],[]
1879,Ich habe keine Antwort auf Ihre Frage.,0,[],[]
1886,Ich habe keine Antwort auf Ihre Frage.,0,[],[]
1890,Ich habe keine Antwort auf Ihre Frage.,0,[],[]
1893,Ich habe keine Antwort auf Ihre Frage.,0,[],[]
1903,Ich habe keine Antwort auf Ihre Frage.,0,[],[]
1906,Ich habe keine Antwort auf Ihre Frage.,0,[],[]
1907,Ich habe keine Antwort auf Ihre Frage.,0,[],[]
1908,Ich habe keine Antwort auf Ihre Frage.,0,[],[]
1911,Ich habe keine Antwort auf Ihre Frage.,0,[],[]
1943,Ich habe keine Antwort auf Ihre Frage.,0,[],[]
1975,Ich habe keine Antwort auf Ihre Frage.,0,[],[]
1981,Ich habe keine Antwort auf Ihre Frage.,0,[],[]
1984,Ich habe keine Antwort auf Ihre Frage.,0,[],[]
1985,Ich habe keine Antwort auf Ihre Frage.,0,[],[]
1986,Ich habe keine Antwort auf Ihre Frage.,0,[],[]
1861,Ihr Vater arbeitete als Ingenieur.,0,[],[]
1248,Ilam.,0,[],[]
1468,Ilse Aichinger und Wolfgang Eich.,0,[],[]
894,"Im (rechten) Oberbauch, der auch in den Rücken oder die rechte Schulter ausstrahlen kann.",0,[],[]
470,Im Jahr 1784 wurde das Ratsgremium auf drei Mitglieder verkleinert.,0,[],[]
1401,Im Jahr 1981 erfolgte ein Putschversuch von rechten Militärs und Teilen der paramilitärischen Guardia Civil gegen die demokratische Regierung in Spanien.,0,[],[]
796,"Im Jahr 2002 trat Imran Khan im Wahlkreis seiner Heimatstadt Mianwali bei Wahlen zum nationalen Parlament an und wurde Abgeordneter zur Nationalversammlung (Member of Parliament, kurz MP).",0,[],[]
984,im Jahre 1336 niedergebrannt.,0,[],[]
1258,"Im Januar 2002 musste Mustaine ins Krankenhaus gehen, um sich einen Nierenstein entfernen zu lassen.",0,[],[]
24,Im März 1942 wurden zehn USAAC P-36A nach Brasilien überführt.,0,[],[]
1177,Im März 2012 wurde Annan zum Sondergesandten der Vereinten Nationen und der Arabischen Liga für Syrien ernannt.,0,[],[]
1325,Im Minneapolis Institute of Arts sind über 80.000 Ausstellungsstücke zu sehen.,0,[],[]
698,Imago Mortis.,0,[],[]
988,"In Aberdeen gab es traditionell Fischfang, Textilfabriken, Schiffbau (Werften) und Papierindustrie.",0,[],[]
1799,In der Celebessee gibt es eine reichhaltige maritime noch weitgehend unbekannte Tier- und Pflanzenwelt.,0,[],[]
841,In einem roten Ferrari befand sich der Börsenmakler.,0,[],[]
1057,In Indien sind Kichererbsen nach wie vor ein wichtiges Grundnahrungsmittel.,0,[],[]
269,In Japan könnten Soldaten Eliten sein.,0,[],[]
728,"In Missouri ist Deutsch die größte Abstammungsgruppe mit 27,4 Prozent.",0,[],[]
66,In Ostasien (Amurgebiet) fehlt sie nicht.,0,[],[]
425,Indien.,0,[],[]
1237,Indien.,0,[],[]
1358,Indien.,0,[],[]
617,Indische.,0,[],[]
1509,"Indravarman I. ließ den ersten Baray errichten, um Wasser zu sammeln und in der Dürrezeit durch Kanäle zu den Feldern zu leiten.",0,[],[]
807,Infektiöse Pleuropneumonie der Rinder (CBPP).,0,[],[]
1959,Ins Landesinnere.,0,[],[]
968,Insgesamt ist die Stiftung in mehr als sechzig Ländern aktiv.,0,[],[]
105,Invincible Youth 2.,0,[],[]
726,Iowa.,0,[],[]
167,Irmgard Möller wurde mit vier Messerstichen in der Herzgegend gestochen.,0,[],[]
1112,"Isaac Vivian Alexander Richards, besser bekannt als Viv Richards, war ein ehemaliger Cricketspieler und spielte für das West Indies Cricket Team.",0,[],[]
887,ISO/TS 29001,0,[],[]
1733,Ivanović trainierte während der Bombardierungen Jugoslawiens durch die NATO 1999 in einem umgebauten Schwimmbad im Belgrader Sportcenter.,0,[],[]
1669,Jahrhundert bis zum Delta des Kapuas-Flusses in West-Kalimantan.,0,[],[]
1447,Jahrhundert endete am 31.,0,[],[]
672,Jahrhundert geschrieben.,0,[],[]
1916,"Jahrhundert um die Freiheit gerungen haben, sind die Puerto Rikaner.",0,[],[]
671,Jahrhundert und dem 14.,0,[],[]
449,Jahrhundert wurde hauptsächlich durch die Architekten John Nash und Edward Blore durchgeführt.,0,[],[]
671,Jahrhundert.,0,[],[]
1449,Jakarta und Palembang.,0,[],[]
1555,Jakob landete im März 1689 in Irland.,0,[],[]
437,James McAvoy wurde aufgrund seines Aussehens zunächst abgelehnt.,0,[],[]
975,James Whitmores Theater-Workshop.,0,[],[]
909,Januar 1943 im Alter von 86 Jahren im Hotel New Yorker.,0,[],[]
1885,Januar 1957 geboren.,0,[],[]
1210,Januar 1964 geboren.,0,[],[]
1375,Januar 1979 ein volles souveränes Mitglied der Schweizer Konföderation.,0,[],[]
1870,Januar 1986 den Europäischen Gemeinschaften (EG) bei.,0,[],[]
311,Januar 1992 geboren.,0,[],[]
1425,Januar 2004.,0,[],[]
1475,Januar 2005 in Mumbai gestorben.,0,[],[]
1515,Januar 2007 wurde Fakhruddin Ahmed zum Chef der Übergangsregierung ernannt.,0,[],[]
1857,Januzaj wurde in Brüssel geboren.,0,[],[]
1193,Japan.,0,[],[]
1813,Jede Mannschaft bestand aus höchstens 23 Spielern.,0,[],[]
660,Jelena Olegowna Serowa ist am 22.,0,[],[]
313,Jiànyuán ist der erste Äraname in der traditionellen chinesischen Geschichtsschreibung.,0,[],[]
1337,Jim Clark war der Sheriff in Selma.,0,[],[]
1338,Jimmie Lee Jacksons Tod.,0,[],[]
1039,"Jogging ist eine Form des Freizeit- oder Laufsports, bei der durch gemächliche Dauerläufe die Kondition (Ausdauer) gesteigert wird.",0,[],[]
1991,Johannes Kurkuas.,0,[],[]
1681,John Cornyn.,0,[],[]
1885,John Lasseter ist am 12.,0,[],[]
1340,John Lewis wurde bewusstlos geschlagen und in Sicherheit gezerrt.,0,[],[]
361,John Perring beschrieb die Mastabat al-Firʿaun als Erster.,0,[],[]
587,John Stuart Mill wurde von seinem Vater James Mill erzogen.,0,[],[]
1138,"John Warnock Hinckley, Jr.",0,[],[]
630,Johnson.,0,[],[]
688,"Jon besucht ab und zu seinen Vater, den Farmer, auf der Farm.",0,[],[]
1792,"Jon Hamm lieh seiner Stimme dem Erfinder Herb Overkill, dem Ehemann von Scarlet Overkill, gespielt von Sandra Bullock, im Film Minions.",0,[],[]
1004,Jonathan Nolan ist der Co-Autor der meisten von Christopher Nolans Filmen.,0,[],[]
1820,"Jöns Jakob Berzelius kam auf das Wort ""Protein"".",0,[],[]
279,José Mujica war Präsident von Uruguay.,0,[],[]
792,Juli 1884.,0,[],[]
1424,Juli 1894 geboren.,0,[],[]
972,Juli 1914 geboren.,0,[],[]
1493,Juli 1972 in Barranquilla geboren.,0,[],[]
1010,Juli 1986 in Los Angeles geboren.,0,[],[]
321,Juli 2017 unterzeichnet.,0,[],[]
355,"Juli gegen italienische Schiffe, nämlich die leichten Kreuzer RN Bartolomeo Colleoni und RN Giovanni delle Bande Nere.",0,[],[]
1048,"Juni 1811 in Litchfield, Connecticut, geboren.",0,[],[]
1676,Juni 1838 in der Westminster Abbey statt.,0,[],[]
54,Juni 1919 nach New York zurück.,0,[],[]
131,Juni 1939 in San Pedro ein.,0,[],[]
1019,Juni 1959 in La Cabaña.,0,[],[]
1631,Juni 2018 einen bis zum 30.,0,[],[]
1631,Juni 2022 gültigen Vertrag bei Inter Mailand.,0,[],[]
626,Juni-Plan ist auch als Mountbattenplan bekannt.,0,[],[]
972,Jyoti Basu wurde am 8.,0,[],[]
1840,Kalifornien.,0,[],[]
1763,Kap Fligely wird zu Eurasischem Teil gezählt.,0,[],[]
1592,Kapstadt.,0,[],[]
1822,Karl Albrecht diente in der Wehrmacht und nahm am Krieg gegen die Sowjetunion teil.,0,[],[]
1638,Kasachstan ist gemessen an der Fläche der neuntgrößte Staat der Erde.,0,[],[]
1011,Kasparian wuchs als Tochter armenischer Einwanderer im Stadtteil Reseda im San Fernando Valley auf.,0,[],[]
1501,Kate Elizabeth Winslet ist britische Staatsangehörigkeit.,0,[],[]
1310,Kathleen Gertrud Ferrier.,0,[],[]
392,Kathy.,0,[],[]
1059,Khan starb am 28.,0,[],[]
1060,"Kipling schrieb bis in die frühen 1930er Jahre hinein, auch wenn der Erfolg immer mehr ausblieb.",0,[],[]
1747,Kohl trat als Ministerpräsident zurück und wurde am 13.,0,[],[]
448,Königin Elisabeth II.,0,[],[]
1556,Konon.,0,[],[]
412,Kool & the Gang,0,[],[]
528,Kornijenko war von Oktober 1991 bis April 1995 in der privaten Wirtschaft beschäftigt.,0,[],[]
1335,Kosovo nahm zum ersten Mal als unabhängiges Team an den Olympischen Sommerspielen 2016 teil.,0,[],[]
42,Kreuzer oder kleineren Schiffstypen.,0,[],[]
1542,Krishna war der Name von Rani Mukerjis Mutter.,0,[],[]
1944,"Krystal, ein Nachtklub, wurde von Roza Eskenazy zusammen mit ihrem Sohn Paraschoss im Jahr 1942 eröffnet.",0,[],[]
268,Kurgane.,0,[],[]
1624,Kurz nach der Thronbesteigung wäre Baka überraschend verstorben und das Bauprojekt für sein Grab frühzeitig aufgegeben worden.,0,[],[]
1826,Lamm und Schaf.,0,[],[]
1339,"Laut dem Text marschierten 600 Menschen, angeführt von Hosea Williams und John Lewis, am 7.",0,[],[]
129,"LE, eine Untergrundrapperin und Songwriterin, die unter dem Namen Elly auftrat.",0,[],[]
1526,Lech Wałęsa wurde am 29.,0,[],[]
215,Lee Dixon und Nigel Winterburn.,0,[],[]
810,Leeds ist über die Stadtautobahn M621 mit Anschluss an die M1 und M62 optimal an das Autobahnnetz Großbritanniens angeschlossen.,0,[],[]
1535,Lenard starb 1947 in Messelhausen.,0,[],[]
1993,Leo Tornikios Kontoleon wurde als Nachfolger Basils bestimmt und traf im Mai 1016 in Süditalien ein.,0,[],[]
1977,Leuna befindet sich bei Merseburg.,0,[],[]
1737,Longwood House.,0,[],[]
1586,Lord Mountbatten war der letzte britische Vizekönig des Staates.,0,[],[]
1607,Lübeck trat 1937 dem preußischen Territorium bei.,0,[],[]
349,Ludwig V. starb am 21.,0,[],[]
337,Lycopin kann als rote Lebensmittelfarbe als Carotinoid deklariert und zur Koloration von Lebensmitteln verwendet werden.,0,[],[]
1810,Lynette,0,[],[]
97,"Mahershalalhashbaz Ali, die Backwaters, Hermann Gmeiner, die Charité - keine dieser Informationen ist relevant für die Frage.",0,[],[]
976,Mahershalalhashbaz Gilmore.,0,[],[]
931,Mai 1859 geboren.,0,[],[]
1206,Mai 1913 in Rawalpindi geboren.,0,[],[]
320,Mai 1952 geändert.,0,[],[]
1735,Mai 2015 öffentlich verfügbar.,0,[],[]
178,Mai 2016 und in Deutschland bereits am 25.,0,[],[]
178,Mai 2016.,0,[],[]
349,Mai 987.,0,[],[]
357,Major General Gordon Bennett.,0,[],[]
985,Man kann auf der A944 außer über Westhill noch nach Westen durch Alford kommen.,0,[],[]
227,Manfred Curbach ist Mitglied des Vorstands und des Forschungsbeirates des Deutschen Ausschusses für Stahlbeton (DAfStb).,0,[],[]
432,"Männchen sind schwarz gefärbt mit Ausnahme der weißen Augenbrauen, während Weibchen graubraun mit dunkelbraunen Wangen und einem weißen Ring um das gesamte Gesicht sind.",0,[],[]
952,Männer (10-20%) und Frauen (5-10%) sind in der Risikogruppe für Alkoholismus.,0,[],[]
548,Marga Faulstich war eine Chemikerin.,0,[],[]
554,Marga Faulstich wurde 1973 für ihre Erfindung des Leichtgewichts-Brillenglases Schwerflint 64 (SF 64) mit der IR-100-Medaille der Industrial Research Incorporation in Chicago geehrt.,0,[],[]
1552,"Maria wurde zur Königin erklärt, die Tochter Jakobs II.",0,[],[]
732,Mariko wird neue Inhaberin der Yashida Corporation.,0,[],[]
294,"Marion Crawford schrieb: „Einige königliche Berater meinten, er sei nicht gut genug für sie.",0,[],[]
1236,Mark Aurel Stein war ein Entdecker und Archäologe.,0,[],[]
311,Marnick Danny Vermijl wurde am 13.,0,[],[]
622,"Marokko nahm sechsmal an den Olympischen Winterspielen teil: 1968, 1984, 1988, 1992, 2010 und 2014.",0,[],[]
585,Maruti wurde 1981 als Joint Venture zwischen Suzuki und der indischen Regierung gegründet.,0,[],[]
932,"Mary, geb.",0,[],[]
233,März 1900 fertiggestellt.,0,[],[]
758,März 1928 in London.,0,[],[]
782,März 1931 in den nordamerikanischen Zeitungen veröffentlicht.,0,[],[]
1339,März 1965 von Selma nach Montgomery.,0,[],[]
1524,"März berichtete The Hollywood Reporter, dass Dominic Fumusa für die Rolle des John „Tig“ Tiegen unterzeichnet hatte.",0,[],[]
206,Masaryk trat am 14.,0,[],[]
751,Medieneinheiten auf 166 Lauf-Kilometern an Regalen.,0,[],[]
1636,"Memphis, Tennessee.",0,[],[]
339,Mevalonsäure.,0,[],[]
351,Michail Kasjanow.,0,[],[]
1198,Microsoft begann mit der Entwicklung des.NET Frameworks in den späten 1990ern.,0,[],[]
433,Milchig-weißes Fell.,0,[],[]
1699,Minnesota.,0,[],[]
118,Misserfolg.,0,[],[]
978,Mit 18 Jahren zog er mit seinem Vater nach Mumbai.,0,[],[]
1409,Mit Hilfe eines einfachen Linien-Webbrowsers konnten Textseiten anfänglich ausgelesen werden.,0,[],[]
421,Mohammad Jawad.,0,[],[]
1189,"Mohammed Pickthall war ein britischer Muslim, der 1917 zum Islam übertrat.",0,[],[]
188,Mohsen wurde in Cannes ermordet.,0,[],[]
125,Monobazus II.,0,[],[]
1641,"Montserrat Martí Caballé, die gemeinsame Tochter von Montserrat Caballé und Bernabé Martí, ist bekannt als ""Montsita"".",0,[],[]
1715,Moskau.,0,[],[]
1109,München.,0,[],[]
44,Musik und Klangeffekte.,0,[],[]
266,Myanmar.,0,[],[]
1866,"Nach dem Attentat zog die Familie des Zaren nach dem Schloss Gattschina um, um Sicherheitsgründen wegen.",0,[],[]
1674,"Nach dem Text zu Britney Spears' Musikvideo ""Toxic"" wurde ihr untreuer Freund vergiftet.",0,[],[]
173,"Nach dem Tod von Martinian, einem Schüler Kirills, wurde das Ferapontow-Kloster durch die Mitglieder der Familie Iwans III.",0,[],[]
881,"Nach den verfügbaren Informationen schätzt man, dass in den USA etwa 16 Millionen Menschen an einer COPD erkrankt sind.",0,[],[]
951,Nach der American Medical Association (AMA) ist Alkohol eine Droge.,0,[],[]
338,Nach der Desaturierung wird Phytoen zu Lycopin umgesetzt.,0,[],[]
498,Nach seinem Abschluss an der Kunstfachhochschule 1965 trat Durdy Bayramov dem Verband der bildenden Künstler der UdSSR bei und begann seine Karriere als professioneller Künstler.,0,[],[]
1867,"Nachdem Nihigas Videos entfernt wurden, wurden die meisten Videos von ihm selbst produziert, nachdem er nach Los Angeles zog.",0,[],[]
1344,Nader und Simin – Eine Trennung.,0,[],[]
1370,Nadeschda Krupskaja.,0,[],[]
623,"Nahed Hattar entstammte einer christlich-arabischen Familie, bezeichnete sich jedoch als nicht gläubig bzw.",0,[],[]
1631,Nainggolan unterschrieb am 26.,0,[],[]
1738,Napoleon III.,0,[],[]
402,NARAS-Mitglieder.,0,[],[]
904,Neerja Bhanot starb 1986.,0,[],[]
855,"Nein, der Welttag der Nichtregierungsorganisationen wurde von den Vereinten Nationen erst im Jahre 2014 anerkannt.",0,[],[]
706,"Nein, Muhammad's Stimme ist im Film nicht zu hören, da aus Respekt vor der muslimischen Tradition seine Stimme und auch die seiner Frauen und der ersten Kalifen nicht dargestellt werden.",0,[],[]
1202,Netflix wurde am 29.,0,[],[]
34,"Nevil Maskelyne war einer der Wissenschaftler im Team, der den Experimenten zum Bestimmen der Dichte der Erde und des Schiehallion nachging.",0,[],[]
1598,News Corps Fox Interactive Media erwarb IGN Entertainment im September 2005.,0,[],[]
200,NGC 6543 besteht zum größten Teil aus Wasserstoff und Helium.,0,[],[]
820,NGC 7006 ist mit 135.000 Lichtjahren Entfernung einer der sonnenfernsten Kugelsternhaufen der Milchstraße.,0,[],[]
1296,NGOs.,0,[],[]
1807,Nicolás Leoz.,0,[],[]
174,Nietzsche begann am 6.,0,[],[]
1869,Ninja Melk.,0,[],[]
121,Ninon Dolbin war Kunsthistorikerin.,0,[],[]
254,Nordirland.,0,[],[]
1563,Nordöstliches Australien.,0,[],[]
1706,Norman Borlaug.,0,[],[]
1854,Nostoc gehört zur Familie der Nostocaceae.,0,[],[]
1436,November 1774 in London.,0,[],[]
1212,November 1903 unterzeichnet.,0,[],[]
1731,November 1944 in Paris gestorben.,0,[],[]
295,November 1948 geboren.,0,[],[]
1683,November 2006.,0,[],[]
508,November 2010 durch.,0,[],[]
1972,November in Berlin.,0,[],[]
1968,November Waffenstillstandsverhandlungen zugesagt.,0,[],[]
1842,November.,0,[],[]
1964,November.,0,[],[]
800,Nyberg diente als Bordingenieurin in den ISS-Expeditionen 36 und 37.,0,[],[]
1059,Oktober 1921.,0,[],[]
71,Oktober 1934.,0,[],[]
1837,Oktober 1962 unabhängig.,0,[],[]
699,Oktober 2014 in Deutschland in die Kinos.,0,[],[]
179,Oktober 2014.,0,[],[]
168,Oktober 2016 veröffentlicht.,0,[],[]
697,Oona Castilla Chaplin ist eine Schauspielerin.,0,[],[]
1686,"Orange, New Jersey.",0,[],[]
1572,Oskar Graf war das neunte von elf Kindern.,0,[],[]
442,Öskjuhlíð,0,[],[]
1333,Österreich-Ungarn.,0,[],[]
645,Österreich.,0,[],[]
1881,Otto Wallach starb am 26.,0,[],[]
1531,Ovid.,0,[],[]
830,Pakse.,0,[],[]
1585,"Palästina und Jordanien, der Irak (mit den deutschen Ölkonzessionen im Norden), Teile Kameruns, Togo und Tanganjika.",0,[],[]
1475,Parveen Babi ist am 20.,0,[],[]
195,Pascal und Fortran.,0,[],[]
612,"Pascha schreibt an seinen besten Mann Jackie, um aus seiner misslichen Lage herauszukommen.",0,[],[]
1884,Pattee,0,[],[]
1709,Paul International Airport ist Minnesotas Hauptflughafen.,0,[],[]
1755,"Pauli und Miller sagten, dass Ignatowski und Frank/Rothe nicht in der Lage waren, in den erhaltenen Transformationen die invariante Geschwindigkeit mit der Lichtgeschwindigkeit zu identifizieren.",0,[],[]
995,Paulo Freire war Lehrer für Portugiesisch.,0,[],[]
107,"Paulus Diaconus behauptete, dass Faroald II.",0,[],[]
100,"Pedaliaceae ist eine Pflanzenfamilie in der Ordnung der Lippenblütlerartigen (Lamiales), die bekannteste Art ist Sesam (Sesamum indicum).",0,[],[]
766,"Perfektes Erinnerungsvermögen ist das Wissen jedes Spielers über sämtliche Informationen, die ihm bereits in der Vergangenheit zugänglich waren.",0,[],[]
61,Pergamon.,0,[],[]
1165,Peter Dinklages Vater war ein Versicherungsvertreter.,0,[],[]
1424,Peter Kapiza wurde am 8.,0,[],[]
68,Petersburg studiert.,0,[],[]
971,"Petersburg, die von Carl Siemens (ab 1895: von Siemens), einem weiteren Bruder, geleitet wurde.",0,[],[]
854,Philip Joel Hughes ist ein Cricketspieler.,0,[],[]
1670,Philipp I. Philadelphos.,0,[],[]
1182,Physik.,0,[],[]
300,Platzpatronen.,0,[],[]
1870,Portugal trat am 1.,0,[],[]
295,Prinz Charles wurde am 14.,0,[],[]
391,"Rachel wartet am Flughafen auf Ross, um ihm ihre Liebe zu gestehen.",0,[],[]
1748,"Rahul Gandhi, Priyankas älterer Bruder, wurde 1970 geboren, während Priyanka 1972 geboren wurde.",0,[],[]
164,Raimund IV.,0,[],[]
1130,Rainer Weiss ist an der Massachusetts Institute of Technology (MIT) und an der Louisiana State University beschäftigt.,0,[],[]
1132,Rakesh Sawant ist Regisseur.,0,[],[]
1406,Reena Chopra.,0,[],[]
1918,Rey Mysterio Jr.,0,[],[]
1308,Rhodesien.,0,[],[]
510,"Richard McKenzie begann den Begriff der ""Konstitutionellen Ökonomie"" (oder ""Neuen Politischen Ökonomie"") im Jahre 1982 zu erfinden.",0,[],[]
247,"Rob Cohen, der Regisseur des ersten Teils.",0,[],[]
495,"Roberts war Co-Kapitän des Football-Teams und beschrieb sich selbst als ""langsamer Linebacker"".",0,[],[]
102,Rory Kinnear.,0,[],[]
1982,Rosa Luxemburg wurde am 1.,0,[],[]
494,Rosemary Podrasky,0,[],[]
1548,Rösler trat 1992 der FDP und den Jungen Liberalen bei.,0,[],[]
1547,"Rösler war Geschäftsführer und Vorstandsmitglied der Stiftung World Economic Forum (WEF) in Cologny in der Schweiz, bevor er CEO der Hainan Cihang Charity Foundation wurde.",0,[],[]
576,Rostec kooperiert mit 312 unterstützenden Universitäten.,0,[],[]
1941,"Rozas wichtigster Beitrag war der Rembetiko, vor allem in der Smyrna-Variante.",0,[],[]
1541,Rund 16.000 Rebsorten sind bekannt.,0,[],[]
1608,Russland.,0,[],[]
1206,Sahni wurde am 1.,0,[],[]
114,Saipan.,0,[],[]
615,Samuel Sterns.,0,[],[]
1145,Sandi Toksvig wurde 1958 geboren.,0,[],[]
1940,Sängerin und Tänzerin.,0,[],[]
1087,"Sarah Elizabeth Griswold hat in Utica, New York, geheiratet.",0,[],[]
1392,"Satyajit Rays Großvater Upendrakishore Raychowdhury war ein bekannter Verfasser von Kinderliteratur, Musiker und Wissenschaftler.",0,[],[]
718,Saudi-Arabien.,0,[],[]
1685,"Schätzungen gehen davon aus, dass zwischen 26 und 73 Millionen Haie jährlich getötet werden, um ihre Flossen zu erhalten.",0,[],[]
1818,"Scheindel Grün, die Mutter von David Ben-Gurion, starb, als er elf Jahre alt war.",0,[],[]
33,Schiehallion wurde wegen seiner isolierten Lage und nahezu symmetrischen Form als für das Experiment geeignet erachtet.,0,[],[]
305,Schnee ist in Haifa selten.,0,[],[]
1080,Schweden.,0,[],[]
996,Seine Ehefrau Elza Maia Costa de Oliveira war eine Lehrerin.,0,[],[]
387,"Seine überlebenden Söhne Yoritomo, Minamoto no Yoshitsune und Minamoto no Noriyori wurden von Kiyomori verschont und ins Exil geschickt.""",0,[],[]
1851,Seit 1968 gibt es ein tägliches Nachmittagsfixing des Goldpreises in der Bank um 15 Uhr Londoner Zeit.,0,[],[]
225,Seit 2015 ist Manfred Curbach Vorsitzender des wissenschaftlichen Beirats der Bundesanstalt für Wasserbau BAW.,0,[],[]
1571,Seit Anfang des 21.,0,[],[]
1070,Seit fast 30 Jahren ist Samoa bei der Rugby-Union-Weltmeisterschaft dabei.,0,[],[]
1562,"Sektion Acuminati liegt in nördliches Queensland, Neuguinea, Neubritannien und Borneo.",0,[],[]
1627,Sepp Blatter.,0,[],[]
880,September 1532 zum Marquess of Pembroke ernannte und sie bei offiziellen Empfängen und auf Festen als Königin trat.,0,[],[]
1466,September 1876.,0,[],[]
1679,September 1926 in Candler Field.,0,[],[]
1526,September 1943 geboren.,0,[],[]
785,September 1963 eröffnet.,0,[],[]
1035,September 1965 geboren.,0,[],[]
1830,September 1968 in Chicago geboren.,0,[],[]
1790,September 1971.,0,[],[]
1616,September 1983 vergeben.,0,[],[]
208,September 1990 an die belgische Sabena.,0,[],[]
220,September 1997.,0,[],[]
330,September 2001.,0,[],[]
613,September 2007 eröffnet.,0,[],[]
699,September 2014 auf dem Toronto International Film Festival in die Kinos und am 9.,0,[],[]
624,September 2016 getötet.,0,[],[]
1595,"Shareyourworld.com wurde geschlossen, weil es aufgrund von Kosten- und Bandbreitengründen nicht mehr weitergeführt werden konnte.",0,[],[]
725,Shaula (auch Alascha),0,[],[]
1650,Sheerans älterer Bruder arbeitet als Komponist.,0,[],[]
1099,"Sherlock Holmes, die literarische Figur, war bekannt für seine genaue Beobachtungsgabe und seine Fähigkeit, aus kleinen Details Schlüsse zu ziehen.",0,[],[]
1013,Shubha Yagnik war die Mutter von Alka Yagnik.,0,[],[]
1301,Sie bestehen aus CEMS-Alumni und sind für den Kontakt mit den CEMS-Alumni und die Organisation von beruflichen und sozialen Aktivitäten verantwortlich.,0,[],[]
610,"Sie findet heraus, dass er ein Idiot ist.",0,[],[]
1860,Sie ging zur Universität in Lagos.,0,[],[]
1641,Sie ist eine Sopranistin.,0,[],[]
1390,"Sie kommt auf dem indischen Subkontinent mit Indien, Pakistan und Bangladesch, auf Sri Lanka, im südlichen China und auf Taiwan, in Myanmar, in Thailand sowie auf einigen Inseln Indonesiens vor.",0,[],[]
1015,Sie war 1981/82 16 Jahre alt.,0,[],[]
1506,Silva hat in den 2000er Jahren in Rom an der Päpstlichen Salesianer-Universität studiert.,0,[],[]
1516,Sinhala.,0,[],[]
758,Sir David Ferrier starb am 19.,0,[],[]
1493,Sofía Margarita Vergara Vergara wurde am 10.,0,[],[]
1046,Søren Sørensen war von 1901 bis 1938 Leiter der chemischen Abteilung des Carlsberg-Laboratoriums.,0,[],[]
1513,Southall liegt im Stadtteil des London Borough of Ealing im Westen von London.,0,[],[]
1405,Spanien wird dominiert von den Fußballmannschaften Real Madrid und FC Barcelona.,0,[],[]
447,"Sportler aus Usbekistan konnten nach dem Zerfall der UdSSR an den Olympischen Spielen teilnehmen, indem sie 1992 in die Mannschaft der GUS integriert waren.",0,[],[]
461,"Staatsbankette werden vorbereitet, um ausländische Staatsoberhäupter zu empfangen.",0,[],[]
219,Stachelbeeren sind sowohl in Westasien heimisch als auch in Europa verbreitet.,0,[],[]
601,Stanislaus II.,0,[],[]
812,"Stattdessen wird die Herleitung aus einem von Ford benutzten Werkscode, der GP lautet, als mögliche Ursache genannt.",0,[],[]
1868,steht für Agent of Secret Stuff.,0,[],[]
484,Südchina.,0,[],[]
599,Sumpfgebiete an Flüssen und Seen in Zentralpolen werden geschützt.,0,[],[]
939,"Sunil Veerappa Shetty ist am bekanntesten für seine Rollen in Bollywood-Filmen, insbesondere in Komödien wie Hulchul und Hera Pheri.",0,[],[]
1035,"Sunita Lyn ""Suni"" Williams wurde am 19.",0,[],[]
535,Tag nach der Geburt erkennbar.,0,[],[]
7,Taiwan.,0,[],[]
875,Tarlochan Singh Anand war der Vater von Maneka Gandhi.,0,[],[]
695,"Tennis war bereits bei den I. Olympischen Spielen 1896 auf dem Programm, wurde jedoch nach den Olympischen Sommerspielen 1924 aus dem Programm gestrichen.",0,[],[]
1613,Tennō Hirohito.,0,[],[]
909,Tesla starb am 7.,0,[],[]
1952,"Tess von den d'Urbervilles: Eine reine Frau, in einer neuen Übersetzung auch kurz: Tess, ist ein Roman des englischen Schriftstellers Thomas Hardy, der 1891 erschien.",0,[],[]
1961,Tess.,0,[],[]
1954,"Tess' Vater war zu betrunken, um Tess abzuholen.",0,[],[]
1602,Thailand.,0,[],[]
1064,Thomas von Aquin wurde kurz vor oder kurz nach Neujahr 1225 geboren.,0,[],[]
315,Thonburi und Phra Nakhon wurden zu einer Provinz verschmolzen.,0,[],[]
563,Thorney Island.,0,[],[]
141,"Thrasyllos und Thrasybulos waren die Heerführer, die vom Samosmilitär gewählt wurden, um die Demokratie zu verteidigen und den Kampf gegen Sparta fortzusetzen.",0,[],[]
520,Tieropfer.,0,[],[]
1687,Titan.,0,[],[]
1566,Toots.,0,[],[]
222,Trevinos Mutter stammte ursprünglich aus dem mexikanischen Zacatecas.,0,[],[]
1718,"Über 70.000 Freiwillige meldeten sich, um die Armee zu verstärken und die vietnamesischen Truppen aus dem Land zu vertreiben.",0,[],[]
1719,Über 800 Vietnamesen wurden am 15.,0,[],[]
1837,Uganda wurde am 9.,0,[],[]
1225,Ulrich Beck ging an die Universität München.,0,[],[]
1992,Um 1010 traf sein Nachfolger Basilius Mesardonites mit Verstärkung ein.,0,[],[]
771,"Um eine erneute Heirat zu beantragen, wenn man abgelehnt wurde, musste man mindestens 25 Jahre alt sein.",0,[],[]
1129,"Um WMA-Dateien auf dem iPod abzuspielen, müssen sie vorher in ein kompatibles Format wie MP3 oder AAC umgewandelt werden.",0,[],[]
1299,und bieten keine direkte Antwort.,0,[],[]
1386,und ein unverwechselbares Design.,0,[],[]
1084,und Jeremiah Day.,0,[],[]
448,und Prinz Philip.,0,[],[]
880,"unterstützte Anne öffentlich, indem er sie am 1.",0,[],[]
376,US-Dollar.,0,[],[]
231,US-Flotte im Westpazifik zwischen Japan und den Philippinen zu operieren.,0,[],[]
1591,US-Präsident Dwight D. Eisenhower.,0,[],[]
1519,Vallabhbhai Patel ist am 15.,0,[],[]
381,Věra Čáslavská.,0,[],[]
1738,verlangte Longwood House und das Areal rund um das Grab im Jahr 1854 von der britischen Regierung.,0,[],[]
1126,VHDL oder Verilog.,0,[],[]
1677,Victoria wurde in einem weißen Kleid und mit ihrem Brautschleier bestattet.,0,[],[]
493,Vientiane (Viang Chan),0,[],[]
538,Vier Beutelteufel wurden von der tasmanischen Regierung dem Zoo Kopenhagen übergeben.,0,[],[]
490,Vishnu wird in der Guhyatiguhya-Tantra mit zehn Mahavidyas gleichgesetzt.,0,[],[]
486,von England.,0,[],[]
164,von Toulouse.,0,[],[]
701,Vor 1994 nahmen Sportler aus der heutigen Ukraine unter der Flagge der Sowjetunion beziehungsweise des Vereinten Teams teil.,0,[],[]
226,Vorstandsvorsitzender der VDI-Gesellschaft Bautechnik.,0,[],[]
714,"Während der Qing-Dynastie, als den Beamten zur Vermeidung von Interessenkollisionen die Amtsübung in ihrem Heimatgebiet untersagt war.",0,[],[]
259,Während des Tongzhou-Zwischenfalls im August 1937 wurden 250 Zivilisten sowie 20 japanische Militärangehörige getötet.,0,[],[]
455,Während des Zweiten Weltkrieges wurde über solche Vorfälle nur eingeschränkt berichtet.,0,[],[]
286,Während seiner Herrschaft.,0,[],[]
1938,Wahrscheinlich zwischen 1895 und 1897 geboren.,0,[],[]
1125,Wales.,0,[],[]
86,"Wegen der Unbekümmertheit, mit der d'Hérelle seine Phagentherapie beim Menschen anwandte, sah er sich ständigen Angriffen anderer Wissenschaftler ausgesetzt.",0,[],[]
521,Weizen und Gerste.,0,[],[]
1514,"Wenn bei einer Teilstrecke beide Schalter auf On stehen, wird die Zwischenkreisspannung kurzgeschlossen.",0,[],[]
572,"Wenn die Explosion erfolgreich gewesen wäre, wäre der protestantische König Jakob I., seine Familie und ein Großteil der Aristokratie getötet worden.",0,[],[]
1220,"Wenn ein Ball verloren geht, wird er durch einen möglichst vergleichbaren Ersatzball ersetzt.",0,[],[]
263,"Werdelin und Solounias, McKenna und Bell, Wozencraft, Werdelin und Peigné.",0,[],[]
359,Who's That Girl.,0,[],[]
937,"Wichtige Personen sind Lucía Topolansky Saavedra, José Mujica, Meyers, Amy Poehler, Tina Fey, Cecily Strong, Hughie Gallacher, Neil Harris, Stan Seymour und Frank Hudspeth.",0,[],[]
14,Wilhelm Eugen hat in Tübingen studiert.,0,[],[]
350,William Howard Stein starb am 2.,0,[],[]
95,Woodrow Wilson.,0,[],[]
235,Xu Fu.,0,[],[]
192,Yari Marco wurde 1973 geboren.,0,[],[]
1351,Yvonne Bailey,0,[],[]
1779,Yvonne Strahovski.,0,[],[]
201,Zabbix wird von der Firma Zabbix SIA weiterentwickelt.,0,[],[]
467,Zack Snyders neuer Film wurde durch den Comicbuchzeichner Jack Kirby inspiriert.,0,[],[]
1336,Zar Alexander II.,0,[],[]
919,Zeds Chopper.,0,[],[]
183,Zehn Maschinen wurden gebaut.,0,[],[]
244,"Zhong Man, der Olympiasieger im Fechten von 2008.",0,[],[]
1773,"Zwei bis sechs Jungtiere bleiben 7 bis 15 Wochen lang im Beutel der Mutter, solange bis sie herausgewachsen sind.",0,[],[]
1394,Zwei Planeten von der Größe der Erde wurden am 20.,0,[],[]
1297,Zweifach.,0,[],[]
716,Zwischen 300.000 und 400.000 Menschen sollen seiner achtjährigen Gewaltherrschaft zum Opfer gefallen sein.,0,[],[]
1326,Zwölf Mitglieder des Stadtrats gehören der DFL an.,0,[],[]