text_order_id,sentence,num_triplets,triplets,abbreviation
533,"Die Beutelteufel verschafften sich Respekt bei tasmanischen Farmern wegen ihrer ökologischen Rolle, da sie Kadaver beseitigen und somit die Vermehrung von Insekten verhindern, die sich nachteilig auf den übrigen Viehbestand auswirken könnten.",4,"[{'subject': {'upos': 'NOUN', 'text': 'Beutelteufel', 'id': 2, 'deprel': 'nsubj', 'head': 3}, 'verb': {'upos': 'VERB', 'text': 'verschafften', 'id': 3, 'deprel': 'root', 'head': 0}, 'object': {'upos': 'PRON', 'text': 'sich', 'id': 4, 'deprel': 'obj', 'head': 3}}, {'subject': {'upos': 'PRON', 'text': 'sie', 'id': 15, 'deprel': 'nsubj', 'head': 17}, 'object': {'upos': 'NOUN', 'text': 'Kadaver', 'id': 16, 'deprel': 'obj', 'head': 17}, 'verb': {'upos': 'VERB', 'text': 'beseitigen', 'id': 17, 'deprel': 'advcl', 'head': 3}}, {'subject': {'upos': 'PRON', 'text': 'sie', 'id': 15, 'deprel': 'nsubj', 'head': 17}, 'object': {'upos': 'NOUN', 'text': 'Vermehrung', 'id': 21, 'deprel': 'obj', 'head': 24}, 'verb': {'upos': 'VERB', 'text': 'verhindern', 'id': 24, 'deprel': 'conj', 'head': 17}}, {'subject': {'upos': 'PRON', 'text': 'die', 'id': 26, 'deprel': 'nsubj', 'head': 33}, 'object': {'upos': 'PRON', 'text': 'sich', 'id': 27, 'deprel': 'obj', 'head': 33}, 'verb': {'upos': 'VERB', 'text': 'auswirken', 'id': 33, 'deprel': 'acl', 'head': 23}}]","['SVO', 'SOV', 'SOV', 'SOV']"
559,"Die Gambier sind recht polyglott, da sie sich hauptsächlich durch ihre eigene Sprache definieren und oft mehrere Sprachen fließend sprechen oder sich darin verständigen können.",3,"[{'subject': {'upos': 'PRON', 'text': 'sie', 'id': 8, 'deprel': 'nsubj', 'head': 15}, 'object': {'upos': 'PRON', 'text': 'sich', 'id': 9, 'deprel': 'obj', 'head': 15}, 'verb': {'upos': 'VERB', 'text': 'definieren', 'id': 15, 'deprel': 'advcl', 'head': 5}}, {'subject': {'upos': 'PRON', 'text': 'sie', 'id': 8, 'deprel': 'nsubj', 'head': 15}, 'object': {'upos': 'NOUN', 'text': 'Sprachen', 'id': 19, 'deprel': 'obj', 'head': 21}, 'verb': {'upos': 'VERB', 'text': 'sprechen', 'id': 21, 'deprel': 'conj', 'head': 15}}, {'subject': {'upos': 'PRON', 'text': 'sie', 'id': 8, 'deprel': 'nsubj', 'head': 15}, 'object': {'upos': 'PRON', 'text': 'sich', 'id': 23, 'deprel': 'obj', 'head': 25}, 'verb': {'upos': 'VERB', 'text': 'verständigen', 'id': 25, 'deprel': 'conj', 'head': 21}}]","['SOV', 'SOV', 'SOV']"
1172,"Die Lippenhaut hat keinen Hydro-Lipid-Film, eine Schutzschicht aus Schweiß und Talg, die die Haut geschmeidig hält und Krankheitserreger abtötet.",3,"[{'subject': {'upos': 'NOUN', 'text': 'Lippenhaut', 'id': 2, 'deprel': 'nsubj', 'head': 3}, 'verb': {'upos': 'VERB', 'text': 'hat', 'id': 3, 'deprel': 'root', 'head': 0}, 'object': {'upos': 'NOUN', 'text': 'Film', 'id': 9, 'deprel': 'obj', 'head': 3}}, {'subject': {'upos': 'PRON', 'text': 'die', 'id': 18, 'deprel': 'nsubj', 'head': 22}, 'object': {'upos': 'NOUN', 'text': 'Haut', 'id': 20, 'deprel': 'obj', 'head': 22}, 'verb': {'upos': 'VERB', 'text': 'hält', 'id': 22, 'deprel': 'acl', 'head': 9}}, {'subject': {'upos': 'PRON', 'text': 'die', 'id': 18, 'deprel': 'nsubj', 'head': 22}, 'object': {'upos': 'NOUN', 'text': 'Krankheitserreger', 'id': 24, 'deprel': 'obj', 'head': 25}, 'verb': {'upos': 'VERB', 'text': 'abtötet', 'id': 25, 'deprel': 'conj', 'head': 22}}]","['SVO', 'SOV', 'SOV']"
1532,"James hat Bella nicht verfolgt, sondern sie hat ihn in einem Ballettstudio in Phoenix aufgesucht, nachdem sie einen Anruf von ihm erhalten hatte.",3,"[{'subject': {'upos': 'PROPN', 'text': 'James', 'id': 1, 'deprel': 'nsubj', 'head': 5}, 'object': {'upos': 'PROPN', 'text': 'Bella', 'id': 3, 'deprel': 'obj', 'head': 5}, 'verb': {'upos': 'VERB', 'text': 'verfolgt', 'id': 5, 'deprel': 'root', 'head': 0}}, {'subject': {'upos': 'PRON', 'text': 'sie', 'id': 8, 'deprel': 'nsubj', 'head': 16}, 'object': {'upos': 'PRON', 'text': 'ihn', 'id': 10, 'deprel': 'obj', 'head': 16}, 'verb': {'upos': 'VERB', 'text': 'aufgesucht', 'id': 16, 'deprel': 'conj', 'head': 5}}, {'subject': {'upos': 'PRON', 'text': 'sie', 'id': 19, 'deprel': 'nsubj', 'head': 24}, 'object': {'upos': 'NOUN', 'text': 'Anruf', 'id': 21, 'deprel': 'obj', 'head': 24}, 'verb': {'upos': 'VERB', 'text': 'erhalten', 'id': 24, 'deprel': 'advcl', 'head': 16}}]","['SOV', 'SOV', 'SOV']"
1852,"Kaizen bedeutet ""Veränderung zum Besseren"" und bezeichnet eine japanische Lebens- und Arbeitsphilosophie, die sich auf die kontinuierliche und unendliche Verbesserung von Produkten oder Prozessen konzentriert.",3,"[{'subject': {'upos': 'PROPN', 'text': 'Kaizen', 'id': 1, 'deprel': 'nsubj', 'head': 2}, 'verb': {'upos': 'VERB', 'text': 'bedeutet', 'id': 2, 'deprel': 'root', 'head': 0}, 'object': {'upos': 'NOUN', 'text': 'Veränderung', 'id': 4, 'deprel': 'obj', 'head': 2}}, {'subject': {'upos': 'PROPN', 'text': 'Kaizen', 'id': 1, 'deprel': 'nsubj', 'head': 2}, 'verb': {'upos': 'VERB', 'text': 'bezeichnet', 'id': 10, 'deprel': 'conj', 'head': 2}, 'object': {'upos': 'NOUN', 'text': 'Lebens', 'id': 13, 'deprel': 'obj', 'head': 10}}, {'subject': {'upos': 'PRON', 'text': 'die', 'id': 18, 'deprel': 'nsubj', 'head': 30}, 'object': {'upos': 'PRON', 'text': 'sich', 'id': 19, 'deprel': 'obj', 'head': 30}, 'verb': {'upos': 'VERB', 'text': 'konzentriert', 'id': 30, 'deprel': 'acl', 'head': 13}}]","['SVO', 'SVO', 'SOV']"
612,"Pascha löst seine missliche Lage, indem er an seinen besten Mann Jackie schreibt und ihn warnt, woraufhin Jackie zu Shrikanth Mathur geht und ihn warnt.",3,"[{'subject': {'upos': 'PROPN', 'text': 'Pascha', 'id': 1, 'deprel': 'nsubj', 'head': 2}, 'verb': {'upos': 'VERB', 'text': 'löst', 'id': 2, 'deprel': 'root', 'head': 0}, 'object': {'upos': 'NOUN', 'text': 'Lage', 'id': 5, 'deprel': 'obj', 'head': 2}}, {'subject': {'upos': 'PRON', 'text': 'er', 'id': 8, 'deprel': 'nsubj', 'head': 14}, 'object': {'upos': 'PRON', 'text': 'ihn', 'id': 16, 'deprel': 'obj', 'head': 17}, 'verb': {'upos': 'VERB', 'text': 'warnt', 'id': 17, 'deprel': 'conj', 'head': 14}}, {'subject': {'upos': 'PROPN', 'text': 'Jackie', 'id': 20, 'deprel': 'nsubj', 'head': 24}, 'object': {'upos': 'PRON', 'text': 'ihn', 'id': 26, 'deprel': 'obj', 'head': 27}, 'verb': {'upos': 'VERB', 'text': 'warnt', 'id': 27, 'deprel': 'conj', 'head': 24}}]","['SVO', 'SOV', 'SOV']"
144,"Thrasybulos eroberte Byzantion (Istanbul), führte eine Zollgebühr für die Durchquerung der Dardanellen ein und sammelte Tributabgaben von vielen Inseln der Ägäis.",3,"[{'subject': {'upos': 'PROPN', 'text': 'Thrasybulos', 'id': 1, 'deprel': 'nsubj', 'head': 2}, 'verb': {'upos': 'VERB', 'text': 'eroberte', 'id': 2, 'deprel': 'root', 'head': 0}, 'object': {'upos': 'PROPN', 'text': 'Byzantion', 'id': 3, 'deprel': 'obj', 'head': 2}}, {'subject': {'upos': 'PROPN', 'text': 'Thrasybulos', 'id': 1, 'deprel': 'nsubj', 'head': 2}, 'verb': {'upos': 'VERB', 'text': 'führte', 'id': 8, 'deprel': 'conj', 'head': 2}, 'object': {'upos': 'NOUN', 'text': 'Zollgebühr', 'id': 10, 'deprel': 'obj', 'head': 8}}, {'subject': {'upos': 'PROPN', 'text': 'Thrasybulos', 'id': 1, 'deprel': 'nsubj', 'head': 2}, 'verb': {'upos': 'VERB', 'text': 'sammelte', 'id': 18, 'deprel': 'conj', 'head': 2}, 'object': {'upos': 'NOUN', 'text': 'Tributabgaben', 'id': 19, 'deprel': 'obj', 'head': 18}}]","['SVO', 'SVO', 'SVO']"
1460,"Adam Sandler spielte 1995 keine Rolle, da die Texte keine Informationen über seine Tätigkeiten im Jahr 1995 enthalten.",2,"[{'subject': {'upos': 'PROPN', 'text': 'Adam', 'id': 1, 'deprel': 'nsubj', 'head': 3}, 'verb': {'upos': 'VERB', 'text': 'spielte', 'id': 3, 'deprel': 'root', 'head': 0}, 'object': {'upos': 'NOUN', 'text': 'Rolle', 'id': 6, 'deprel': 'obj', 'head': 3}}, {'subject': {'upos': 'NOUN', 'text': 'Texte', 'id': 10, 'deprel': 'nsubj', 'head': 20}, 'object': {'upos': 'NOUN', 'text': 'Informationen', 'id': 12, 'deprel': 'obj', 'head': 20}, 'verb': {'upos': 'VERB', 'text': 'enthalten', 'id': 20, 'deprel': 'advcl', 'head': 3}}]","['SVO', 'SOV']"
684,Amelia verließ San Diego und nahm die beiden Kinder mit über die Grenze in ihr Heimatland Mexiko.,2,"[{'subject': {'upos': 'PROPN', 'text': 'Amelia', 'id': 1, 'deprel': 'nsubj', 'head': 2}, 'verb': {'upos': 'VERB', 'text': 'verließ', 'id': 2, 'deprel': 'root', 'head': 0}, 'object': {'upos': 'PROPN', 'text': 'San', 'id': 3, 'deprel': 'obj', 'head': 2}}, {'subject': {'upos': 'PROPN', 'text': 'Amelia', 'id': 1, 'deprel': 'nsubj', 'head': 2}, 'verb': {'upos': 'VERB', 'text': 'nahm', 'id': 6, 'deprel': 'conj', 'head': 2}, 'object': {'upos': 'NOUN', 'text': 'Kinder', 'id': 9, 'deprel': 'obj', 'head': 6}}]","['SVO', 'SVO']"
874,"Anschließend besuchte sie die Jawaharlal Nehru University, wo sie Kurse in Deutsch belegte.",2,"[{'verb': {'upos': 'VERB', 'text': 'besuchte', 'id': 2, 'deprel': 'root', 'head': 0}, 'subject': {'upos': 'PRON', 'text': 'sie', 'id': 3, 'deprel': 'nsubj', 'head': 2}, 'object': {'upos': 'PROPN', 'text': 'Jawaharlal', 'id': 5, 'deprel': 'obj', 'head': 2}}, {'subject': {'upos': 'PRON', 'text': 'sie', 'id': 10, 'deprel': 'nsubj', 'head': 14}, 'object': {'upos': 'NOUN', 'text': 'Kurse', 'id': 11, 'deprel': 'obj', 'head': 14}, 'verb': {'upos': 'VERB', 'text': 'belegte', 'id': 14, 'deprel': 'acl', 'head': 5}}]","['VSO', 'SOV']"
1628,"Argentinien erzielte bei der Niederlage gegen Deutschland bei der Frauenfußball-Weltmeisterschaft 2007 kein Tor, während Deutschland 11 Tore erzielte.",2,"[{'subject': {'upos': 'PROPN', 'text': 'Argentinien', 'id': 1, 'deprel': 'nsubj', 'head': 2}, 'verb': {'upos': 'VERB', 'text': 'erzielte', 'id': 2, 'deprel': 'root', 'head': 0}, 'object': {'upos': 'NOUN', 'text': 'Tor', 'id': 15, 'deprel': 'obj', 'head': 2}}, {'subject': {'upos': 'PROPN', 'text': 'Deutschland', 'id': 18, 'deprel': 'nsubj', 'head': 21}, 'object': {'upos': 'NOUN', 'text': 'Tore', 'id': 20, 'deprel': 'obj', 'head': 21}, 'verb': {'upos': 'VERB', 'text': 'erzielte', 'id': 21, 'deprel': 'advcl', 'head': 2}}]","['SVO', 'SOV']"
63,Armenien behielt unter der Seleukiden-Herrschaft einen beachtlichen Grad an Autonomie und behielt seine einheimischen Herrscher.,2,"[{'subject': {'upos': 'PROPN', 'text': 'Armenien', 'id': 1, 'deprel': 'nsubj', 'head': 2}, 'verb': {'upos': 'VERB', 'text': 'behielt', 'id': 2, 'deprel': 'root', 'head': 0}, 'object': {'upos': 'NOUN', 'text': 'Grad', 'id': 10, 'deprel': 'obj', 'head': 2}}, {'subject': {'upos': 'PROPN', 'text': 'Armenien', 'id': 1, 'deprel': 'nsubj', 'head': 2}, 'verb': {'upos': 'VERB', 'text': 'behielt', 'id': 14, 'deprel': 'conj', 'head': 2}, 'object': {'upos': 'NOUN', 'text': 'Herrscher', 'id': 17, 'deprel': 'obj', 'head': 14}}]","['SVO', 'SVO']"
1624,"Beckerath vermutet, dass Baka, der Grabherr, seinen Vater Radjedef überlebt und für sehr kurze Zeit den Thron bestiegen hat.",2,"[{'subject': {'upos': 'PROPN', 'text': 'Baka', 'id': 5, 'deprel': 'nsubj', 'head': 13}, 'object': {'upos': 'NOUN', 'text': 'Vater', 'id': 11, 'deprel': 'obj', 'head': 13}, 'verb': {'upos': 'VERB', 'text': 'überlebt', 'id': 13, 'deprel': 'ccomp', 'head': 2}}, {'subject': {'upos': 'PROPN', 'text': 'Baka', 'id': 5, 'deprel': 'nsubj', 'head': 13}, 'object': {'upos': 'NOUN', 'text': 'Thron', 'id': 20, 'deprel': 'obj', 'head': 21}, 'verb': {'upos': 'VERB', 'text': 'bestiegen', 'id': 21, 'deprel': 'conj', 'head': 13}}]","['SOV', 'SOV']"
1426,"Britney Spears gab ihre Trennung von Jason Trawick bekannt, dem sie sich verlobt hatte, 2013 bekannt.",2,"[{'subject': {'upos': 'PROPN', 'text': 'Britney', 'id': 1, 'deprel': 'nsubj', 'head': 3}, 'verb': {'upos': 'VERB', 'text': 'gab', 'id': 3, 'deprel': 'root', 'head': 0}, 'object': {'upos': 'NOUN', 'text': 'Trennung', 'id': 5, 'deprel': 'obj', 'head': 3}}, {'subject': {'upos': 'PRON', 'text': 'sie', 'id': 12, 'deprel': 'nsubj', 'head': 14}, 'object': {'upos': 'PRON', 'text': 'sich', 'id': 13, 'deprel': 'obj', 'head': 14}, 'verb': {'upos': 'VERB', 'text': 'verlobt', 'id': 14, 'deprel': 'acl', 'head': 7}}]","['SVO', 'SOV']"
1782,"Bruce Wayne alias Batman fängt Lau in Hongkong und bringt ihn nach Gotham City, wo er an die Polizei ausliefert.",2,"[{'subject': {'upos': 'PROPN', 'text': 'Bruce', 'id': 1, 'deprel': 'nsubj', 'head': 5}, 'verb': {'upos': 'VERB', 'text': 'fängt', 'id': 5, 'deprel': 'root', 'head': 0}, 'object': {'upos': 'PROPN', 'text': 'Lau', 'id': 6, 'deprel': 'obj', 'head': 5}}, {'subject': {'upos': 'PROPN', 'text': 'Bruce', 'id': 1, 'deprel': 'nsubj', 'head': 5}, 'verb': {'upos': 'VERB', 'text': 'bringt', 'id': 10, 'deprel': 'conj', 'head': 5}, 'object': {'upos': 'PRON', 'text': 'ihn', 'id': 11, 'deprel': 'obj', 'head': 10}}]","['SVO', 'SVO']"
1641,"Caballé heiratete 1964 den Tenor Bernabé Martí und hatte eine gemeinsame Tochter, Montserrat Martí Caballé, sowie einen Sohn und ein Enkelkind.",2,"[{'subject': {'upos': 'PROPN', 'text': 'Caballé', 'id': 1, 'deprel': 'nsubj', 'head': 2}, 'verb': {'upos': 'VERB', 'text': 'heiratete', 'id': 2, 'deprel': 'root', 'head': 0}, 'object': {'upos': 'NOUN', 'text': 'Tenor', 'id': 5, 'deprel': 'obj', 'head': 2}}, {'subject': {'upos': 'PROPN', 'text': 'Caballé', 'id': 1, 'deprel': 'nsubj', 'head': 2}, 'verb': {'upos': 'VERB', 'text': 'hatte', 'id': 9, 'deprel': 'conj', 'head': 2}, 'object': {'upos': 'NOUN', 'text': 'Tochter', 'id': 12, 'deprel': 'obj', 'head': 9}}]","['SVO', 'SVO']"
842,"Chris Gardner unterstützt heute zahlreiche Wohltätigkeitsorganisationen, darunter die Glide Memorial United Methodist Church in San Francisco, in der er einst mit seinem Sohn Unterkunft fand.",2,"[{'subject': {'upos': 'PROPN', 'text': 'Chris', 'id': 1, 'deprel': 'nsubj', 'head': 3}, 'verb': {'upos': 'VERB', 'text': 'unterstützt', 'id': 3, 'deprel': 'root', 'head': 0}, 'object': {'upos': 'NOUN', 'text': 'Wohltätigkeitsorganisationen', 'id': 6, 'deprel': 'obj', 'head': 3}}, {'subject': {'upos': 'PRON', 'text': 'er', 'id': 21, 'deprel': 'nsubj', 'head': 27}, 'object': {'upos': 'NOUN', 'text': 'Unterkunft', 'id': 26, 'deprel': 'obj', 'head': 27}, 'verb': {'upos': 'VERB', 'text': 'fand', 'id': 27, 'deprel': 'acl', 'head': 10}}]","['SVO', 'SOV']"
86,"D'Herelle wurde von seinen Kollegen nicht ernstgenommen, weil er seine Phagentherapie beim Menschen unachtsam anwandte und die Ursache für die Bakterienlyse nicht eindeutig klären konnte.",2,"[{'subject': {'upos': 'PRON', 'text': 'er', 'id': 11, 'deprel': 'nsubj', 'head': 18}, 'object': {'upos': 'NOUN', 'text': 'Phagentherapie', 'id': 13, 'deprel': 'obj', 'head': 18}, 'verb': {'upos': 'VERB', 'text': 'anwandte', 'id': 18, 'deprel': 'advcl', 'head': 8}}, {'subject': {'upos': 'PRON', 'text': 'er', 'id': 11, 'deprel': 'nsubj', 'head': 18}, 'object': {'upos': 'NOUN', 'text': 'Ursache', 'id': 21, 'deprel': 'obj', 'head': 27}, 'verb': {'upos': 'VERB', 'text': 'klären', 'id': 27, 'deprel': 'conj', 'head': 18}}]","['SOV', 'SOV']"
1937,"Das Grove-Element wurde für Telegrafen-Systeme vor allem in Nordamerika von 1844 bis 1860 eingesetzt, weil es eine höhere Spannung von 1,9 V aufwies, was fast eine Verdopplung der Spannung des ähnlich aufgebauten Daniell-Elements von 1,1 V darstellt.",2,"[{'subject': {'upos': 'PRON', 'text': 'es', 'id': 21, 'deprel': 'nsubj', 'head': 28}, 'object': {'upos': 'NOUN', 'text': 'Spannung', 'id': 24, 'deprel': 'obj', 'head': 28}, 'verb': {'upos': 'VERB', 'text': 'aufwies', 'id': 28, 'deprel': 'advcl', 'head': 18}}, {'subject': {'upos': 'PRON', 'text': 'was', 'id': 30, 'deprel': 'nsubj', 'head': 45}, 'object': {'upos': 'NOUN', 'text': 'Verdopplung', 'id': 33, 'deprel': 'obj', 'head': 45}, 'verb': {'upos': 'VERB', 'text': 'darstellt', 'id': 45, 'deprel': 'acl', 'head': 28}}]","['SOV', 'SOV']"
1241,Das IOC erklärte Curling zu einem offiziellen Wettbewerb bei den Olympischen Winterspielen und verlieh rückwirkend die Medaillen.,2,"[{'subject': {'upos': 'PROPN', 'text': 'IOC', 'id': 2, 'deprel': 'nsubj', 'head': 3}, 'verb': {'upos': 'VERB', 'text': 'erklärte', 'id': 3, 'deprel': 'root', 'head': 0}, 'object': {'upos': 'PROPN', 'text': 'Curling', 'id': 4, 'deprel': 'obj', 'head': 3}}, {'subject': {'upos': 'PROPN', 'text': 'IOC', 'id': 2, 'deprel': 'nsubj', 'head': 3}, 'verb': {'upos': 'VERB', 'text': 'verlieh', 'id': 14, 'deprel': 'conj', 'head': 3}, 'object': {'upos': 'NOUN', 'text': 'Medaillen', 'id': 17, 'deprel': 'obj', 'head': 14}}]","['SVO', 'SVO']"
1626,"Der Deutsche Fußballbund (DFB) bot dem französischen Verband Unterstützung an, nachdem Frankreich seine Bewerbung für die Ausrichtung der Weltmeisterschaft 2011 zurückgezogen hatte.",2,"[{'subject': {'upos': 'PROPN', 'text': 'Fußballbund', 'id': 3, 'deprel': 'nsubj', 'head': 7}, 'verb': {'upos': 'VERB', 'text': 'bot', 'id': 7, 'deprel': 'root', 'head': 0}, 'object': {'upos': 'NOUN', 'text': 'Unterstützung', 'id': 11, 'deprel': 'obj', 'head': 7}}, {'subject': {'upos': 'PROPN', 'text': 'Frankreich', 'id': 15, 'deprel': 'nsubj', 'head': 24}, 'object': {'upos': 'NOUN', 'text': 'Bewerbung', 'id': 17, 'deprel': 'obj', 'head': 24}, 'verb': {'upos': 'VERB', 'text': 'zurückgezogen', 'id': 24, 'deprel': 'advcl', 'head': 7}}]","['SVO', 'SOV']"
1477,"Der Historiker Juan Cabre wurde der Erste, der die Malereien erforschte und sie der Jungsteinzeit zuordnete.",2,"[{'subject': {'upos': 'PRON', 'text': 'der', 'id': 9, 'deprel': 'nsubj', 'head': 12}, 'object': {'upos': 'NOUN', 'text': 'Malereien', 'id': 11, 'deprel': 'obj', 'head': 12}, 'verb': {'upos': 'VERB', 'text': 'erforschte', 'id': 12, 'deprel': 'acl', 'head': 7}}, {'subject': {'upos': 'PRON', 'text': 'der', 'id': 9, 'deprel': 'nsubj', 'head': 12}, 'object': {'upos': 'PRON', 'text': 'sie', 'id': 14, 'deprel': 'obj', 'head': 17}, 'verb': {'upos': 'VERB', 'text': 'zuordnete', 'id': 17, 'deprel': 'conj', 'head': 12}}]","['SOV', 'SOV']"
1963,"Der Massenprotest führte zu einem allgemeinen Aufstand, bei dem Gruppen Aufständischer die Stadt durchstreiften und die öffentlichen und militärischen Einrichtungen Kiels unter ihre Kontrolle brachten.",2,"[{'subject': {'upos': 'NOUN', 'text': 'Gruppen', 'id': 11, 'deprel': 'nsubj', 'head': 15}, 'object': {'upos': 'NOUN', 'text': 'Stadt', 'id': 14, 'deprel': 'obj', 'head': 15}, 'verb': {'upos': 'VERB', 'text': 'durchstreiften', 'id': 15, 'deprel': 'acl', 'head': 7}}, {'subject': {'upos': 'NOUN', 'text': 'Gruppen', 'id': 11, 'deprel': 'nsubj', 'head': 15}, 'object': {'upos': 'NOUN', 'text': 'Einrichtungen', 'id': 21, 'deprel': 'obj', 'head': 26}, 'verb': {'upos': 'VERB', 'text': 'brachten', 'id': 26, 'deprel': 'conj', 'head': 15}}]","['SOV', 'SOV']"
347,"Der spanische Kommandant leistete keinen Widerstand gegen General James Wilkinson, als dieser den Mobile-District von Westflorida militärisch besetzte.",2,"[{'subject': {'upos': 'NOUN', 'text': 'Kommandant', 'id': 3, 'deprel': 'nsubj', 'head': 4}, 'verb': {'upos': 'VERB', 'text': 'leistete', 'id': 4, 'deprel': 'root', 'head': 0}, 'object': {'upos': 'NOUN', 'text': 'Widerstand', 'id': 6, 'deprel': 'obj', 'head': 4}}, {'subject': {'upos': 'DET', 'text': 'dieser', 'id': 13, 'deprel': 'nsubj', 'head': 21}, 'object': {'upos': 'PROPN', 'text': 'Mobile', 'id': 15, 'deprel': 'obj', 'head': 21}, 'verb': {'upos': 'VERB', 'text': 'besetzte', 'id': 21, 'deprel': 'advcl', 'head': 4}}]","['SVO', 'SOV']"
1003,"Der Vizepräsident kann das Präsidentenamt kommissarisch übernehmen, wenn der Präsident stirbt, zurücktritt oder entlassen wird, bis ein neuer Präsident sein Amt antritt.",2,"[{'subject': {'upos': 'NOUN', 'text': 'Vizepräsident', 'id': 2, 'deprel': 'nsubj', 'head': 7}, 'object': {'upos': 'NOUN', 'text': 'Präsidentenamt', 'id': 5, 'deprel': 'obj', 'head': 7}, 'verb': {'upos': 'VERB', 'text': 'übernehmen', 'id': 7, 'deprel': 'root', 'head': 0}}, {'subject': {'upos': 'NOUN', 'text': 'Präsident', 'id': 22, 'deprel': 'nsubj', 'head': 25}, 'object': {'upos': 'NOUN', 'text': 'Amt', 'id': 24, 'deprel': 'obj', 'head': 25}, 'verb': {'upos': 'VERB', 'text': 'antritt', 'id': 25, 'deprel': 'advcl', 'head': 7}}]","['SOV', 'SOV']"
38,"Der Wert für die Dichte, den man im Experiment von 2005 erhielt, beträgt etwa 7500 ± 1900 kg·m−3.",2,"[{'object': {'upos': 'PRON', 'text': 'den', 'id': 7, 'deprel': 'obj', 'head': 14}, 'subject': {'upos': 'PRON', 'text': 'man', 'id': 8, 'deprel': 'nsubj', 'head': 14}, 'verb': {'upos': 'VERB', 'text': 'erhielt', 'id': 14, 'deprel': 'acl', 'head': 2}}, {'subject': {'upos': 'NOUN', 'text': 'Wert', 'id': 2, 'deprel': 'nsubj', 'head': 16}, 'verb': {'upos': 'VERB', 'text': 'beträgt', 'id': 16, 'deprel': 'root', 'head': 0}, 'object': {'upos': 'NOUN', 'text': 'kg·m−3', 'id': 21, 'deprel': 'obj', 'head': 16}}]","['OSV', 'SVO']"
1588,"Die anti-japanischen Widerstandsbewegungen richteten ihre Aufmerksamkeit nach der Kapitulation der Japaner im Zweiten Weltkrieg auf die Briten, die die Kontrolle über die Kolonie rasch wiedererlangt hatten.",2,"[{'subject': {'upos': 'NOUN', 'text': 'Widerstandsbewegungen', 'id': 5, 'deprel': 'nsubj', 'head': 6}, 'verb': {'upos': 'VERB', 'text': 'richteten', 'id': 6, 'deprel': 'root', 'head': 0}, 'object': {'upos': 'NOUN', 'text': 'Aufmerksamkeit', 'id': 8, 'deprel': 'obj', 'head': 6}}, {'subject': {'upos': 'PRON', 'text': 'die', 'id': 22, 'deprel': 'nsubj', 'head': 29}, 'object': {'upos': 'NOUN', 'text': 'Kontrolle', 'id': 24, 'deprel': 'obj', 'head': 29}, 'verb': {'upos': 'VERB', 'text': 'wiedererlangt', 'id': 29, 'deprel': 'acl', 'head': 20}}]","['SVO', 'SOV']"
1505,"Die Bewegung hat Einfluss auf die Muslime in Pakistan und Indien, Bangladesch, Afghanistan, Malaysia, Südafrika und Indonesien, Außerdem hat sie unter den meist aus Südasien stammenden Muslimen in Großbritannien großen Einfluss.",2,"[{'subject': {'upos': 'NOUN', 'text': 'Bewegung', 'id': 2, 'deprel': 'nsubj', 'head': 3}, 'verb': {'upos': 'VERB', 'text': 'hat', 'id': 3, 'deprel': 'root', 'head': 0}, 'object': {'upos': 'NOUN', 'text': 'Einfluss', 'id': 4, 'deprel': 'obj', 'head': 3}}, {'verb': {'upos': 'VERB', 'text': 'hat', 'id': 24, 'deprel': 'conj', 'head': 3}, 'subject': {'upos': 'PRON', 'text': 'sie', 'id': 25, 'deprel': 'nsubj', 'head': 24}, 'object': {'upos': 'NOUN', 'text': 'Einfluss', 'id': 36, 'deprel': 'obj', 'head': 24}}]","['SVO', 'VSO']"
676,"Die Christen sollten wahrscheinlich größere Dankbarkeit verspüren, wenn sie Gott verehren.",2,"[{'subject': {'upos': 'NOUN', 'text': 'Christen', 'id': 2, 'deprel': 'nsubj', 'head': 7}, 'object': {'upos': 'NOUN', 'text': 'Dankbarkeit', 'id': 6, 'deprel': 'obj', 'head': 7}, 'verb': {'upos': 'VERB', 'text': 'verspüren', 'id': 7, 'deprel': 'root', 'head': 0}}, {'subject': {'upos': 'PRON', 'text': 'sie', 'id': 10, 'deprel': 'nsubj', 'head': 12}, 'object': {'upos': 'NOUN', 'text': 'Gott', 'id': 11, 'deprel': 'obj', 'head': 12}, 'verb': {'upos': 'VERB', 'text': 'verehren', 'id': 12, 'deprel': 'advcl', 'head': 7}}]","['SOV', 'SOV']"
1505,"Die Deobandis selbst lehnen diese Bezeichnung ab, sie nennen sich selbst einfach ""Muslime"" oder Ahl as-Sunna (Volk der Tradition und der Einheit der Muslime).",2,"[{'subject': {'upos': 'PROPN', 'text': 'Deobandis', 'id': 2, 'deprel': 'nsubj', 'head': 4}, 'verb': {'upos': 'VERB', 'text': 'lehnen', 'id': 4, 'deprel': 'root', 'head': 0}, 'object': {'upos': 'NOUN', 'text': 'Bezeichnung', 'id': 6, 'deprel': 'obj', 'head': 4}}, {'subject': {'upos': 'PRON', 'text': 'sie', 'id': 9, 'deprel': 'nsubj', 'head': 10}, 'verb': {'upos': 'VERB', 'text': 'nennen', 'id': 10, 'deprel': 'parataxis', 'head': 4}, 'object': {'upos': 'PRON', 'text': 'sich', 'id': 11, 'deprel': 'obj', 'head': 10}}]","['SVO', 'SVO']"
1350,Die Explosionen auf dem Boston-Marathon forderten drei Todesopfer und verletzten 264 weitere Menschen.,2,"[{'subject': {'upos': 'NOUN', 'text': 'Explosionen', 'id': 2, 'deprel': 'nsubj', 'head': 8}, 'verb': {'upos': 'VERB', 'text': 'forderten', 'id': 8, 'deprel': 'root', 'head': 0}, 'object': {'upos': 'NOUN', 'text': 'Todesopfer', 'id': 10, 'deprel': 'obj', 'head': 8}}, {'subject': {'upos': 'NOUN', 'text': 'Explosionen', 'id': 2, 'deprel': 'nsubj', 'head': 8}, 'verb': {'upos': 'VERB', 'text': 'verletzten', 'id': 12, 'deprel': 'conj', 'head': 8}, 'object': {'upos': 'NOUN', 'text': 'Menschen', 'id': 15, 'deprel': 'obj', 'head': 12}}]","['SVO', 'SVO']"
5,Die feineren Aschepartikel bewirkten Kurzschlüsse in Transformatoren und zogen so Stromausfälle nach sich.,2,"[{'subject': {'upos': 'NOUN', 'text': 'Aschepartikel', 'id': 3, 'deprel': 'nsubj', 'head': 4}, 'verb': {'upos': 'VERB', 'text': 'bewirkten', 'id': 4, 'deprel': 'root', 'head': 0}, 'object': {'upos': 'NOUN', 'text': 'Kurzschlüsse', 'id': 5, 'deprel': 'obj', 'head': 4}}, {'subject': {'upos': 'NOUN', 'text': 'Aschepartikel', 'id': 3, 'deprel': 'nsubj', 'head': 4}, 'verb': {'upos': 'VERB', 'text': 'zogen', 'id': 9, 'deprel': 'conj', 'head': 4}, 'object': {'upos': 'NOUN', 'text': 'Stromausfälle', 'id': 11, 'deprel': 'obj', 'head': 9}}]","['SVO', 'SVO']"
967,"Die Friedrich-Naumann-Stiftung für die Freiheit fördert den organisierten Liberalismus durch die Organisation von etwa 1000 Veranstaltungen im Jahr, die sich auf politische Bildung konzentrieren.",2,"[{'subject': {'upos': 'PROPN', 'text': 'Friedrich', 'id': 2, 'deprel': 'nsubj', 'head': 10}, 'verb': {'upos': 'VERB', 'text': 'fördert', 'id': 10, 'deprel': 'root', 'head': 0}, 'object': {'upos': 'NOUN', 'text': 'Liberalismus', 'id': 13, 'deprel': 'obj', 'head': 10}}, {'subject': {'upos': 'PRON', 'text': 'die', 'id': 25, 'deprel': 'nsubj', 'head': 30}, 'object': {'upos': 'PRON', 'text': 'sich', 'id': 26, 'deprel': 'obj', 'head': 30}, 'verb': {'upos': 'VERB', 'text': 'konzentrieren', 'id': 30, 'deprel': 'acl', 'head': 20}}]","['SVO', 'SOV']"
277,"Die Gruppe hatte den Schlüssel, der das Fläschchen mit Christi Blut besorgen konnte, um Valak aufzuhalten.",2,"[{'subject': {'upos': 'NOUN', 'text': 'Gruppe', 'id': 2, 'deprel': 'nsubj', 'head': 3}, 'verb': {'upos': 'VERB', 'text': 'hatte', 'id': 3, 'deprel': 'root', 'head': 0}, 'object': {'upos': 'NOUN', 'text': 'Schlüssel', 'id': 5, 'deprel': 'obj', 'head': 3}}, {'subject': {'upos': 'PRON', 'text': 'der', 'id': 7, 'deprel': 'nsubj', 'head': 13}, 'object': {'upos': 'NOUN', 'text': 'Fläschchen', 'id': 9, 'deprel': 'obj', 'head': 13}, 'verb': {'upos': 'VERB', 'text': 'besorgen', 'id': 13, 'deprel': 'acl', 'head': 5}}]","['SVO', 'SOV']"
915,"Die holländische Intervention von 1861 folgte ein Jahr später ein Kontrakt mit Niederländisch-Indien, der Delis Unabhängigkeit gegenüber Siak und Aceh stärkte.",2,"[{'subject': {'upos': 'NOUN', 'text': 'Intervention', 'id': 3, 'deprel': 'nsubj', 'head': 6}, 'verb': {'upos': 'VERB', 'text': 'folgte', 'id': 6, 'deprel': 'root', 'head': 0}, 'object': {'upos': 'NOUN', 'text': 'Kontrakt', 'id': 11, 'deprel': 'obj', 'head': 6}}, {'subject': {'upos': 'PRON', 'text': 'der', 'id': 17, 'deprel': 'nsubj', 'head': 24}, 'object': {'upos': 'NOUN', 'text': 'Unabhängigkeit', 'id': 19, 'deprel': 'obj', 'head': 24}, 'verb': {'upos': 'VERB', 'text': 'stärkte', 'id': 24, 'deprel': 'acl', 'head': 11}}]","['SVO', 'SOV']"
1855,"Die HomO-Behörde, die von Hans Ytterberg geleitet wird, untersucht die von Einzelnen beklagten Missstände und erfasst Sammelklagen.",2,"[{'subject': {'upos': 'PROPN', 'text': 'HomO', 'id': 2, 'deprel': 'nsubj', 'head': 13}, 'verb': {'upos': 'VERB', 'text': 'untersucht', 'id': 13, 'deprel': 'root', 'head': 0}, 'object': {'upos': 'NOUN', 'text': 'Missstände', 'id': 18, 'deprel': 'obj', 'head': 13}}, {'subject': {'upos': 'PROPN', 'text': 'HomO', 'id': 2, 'deprel': 'nsubj', 'head': 13}, 'verb': {'upos': 'VERB', 'text': 'erfasst', 'id': 20, 'deprel': 'conj', 'head': 13}, 'object': {'upos': 'NOUN', 'text': 'Sammelklagen', 'id': 21, 'deprel': 'obj', 'head': 20}}]","['SVO', 'SVO']"
443,"Die isländische Route 1 führt durch die Außenbezirke von Reykjavík und erstreckt sich nach Osten weiter über die Hellisheiði Richtung Selfoss und nach Nordwesten Richtung Akranes und Borgarnes, wobei sie das Reykjavík überragende Bergmassiv der Esja umrundet.",2,"[{'subject': {'upos': 'NOUN', 'text': 'Route', 'id': 3, 'deprel': 'nsubj', 'head': 5}, 'verb': {'upos': 'VERB', 'text': 'erstreckt', 'id': 12, 'deprel': 'conj', 'head': 5}, 'object': {'upos': 'PRON', 'text': 'sich', 'id': 13, 'deprel': 'obj', 'head': 12}}, {'subject': {'upos': 'PRON', 'text': 'sie', 'id': 31, 'deprel': 'nsubj', 'head': 38}, 'object': {'upos': 'NOUN', 'text': 'Bergmassiv', 'id': 35, 'deprel': 'obj', 'head': 38}, 'verb': {'upos': 'VERB', 'text': 'umrundet', 'id': 38, 'deprel': 'advcl', 'head': 12}}]","['SVO', 'SOV']"
104,"Die Japaner erlitten auf Leyte eine Niederlage, bei der sie etwa 49.000 Mann verloren.",2,"[{'subject': {'upos': 'NOUN', 'text': 'Japaner', 'id': 2, 'deprel': 'nsubj', 'head': 3}, 'verb': {'upos': 'VERB', 'text': 'erlitten', 'id': 3, 'deprel': 'root', 'head': 0}, 'object': {'upos': 'NOUN', 'text': 'Niederlage', 'id': 7, 'deprel': 'obj', 'head': 3}}, {'subject': {'upos': 'PRON', 'text': 'sie', 'id': 11, 'deprel': 'nsubj', 'head': 15}, 'object': {'upos': 'NOUN', 'text': 'Mann', 'id': 14, 'deprel': 'obj', 'head': 15}, 'verb': {'upos': 'VERB', 'text': 'verloren', 'id': 15, 'deprel': 'acl', 'head': 7}}]","['SVO', 'SOV']"
1282,"Die Kuomintang zog sich nach Taiwan zurück, nachdem die Kommunisten 1949 die Macht in China übernahmen.",2,"[{'subject': {'upos': 'PROPN', 'text': 'Kuomintang', 'id': 2, 'deprel': 'nsubj', 'head': 3}, 'verb': {'upos': 'VERB', 'text': 'zog', 'id': 3, 'deprel': 'root', 'head': 0}, 'object': {'upos': 'PRON', 'text': 'sich', 'id': 4, 'deprel': 'obj', 'head': 3}}, {'subject': {'upos': 'NOUN', 'text': 'Kommunisten', 'id': 11, 'deprel': 'nsubj', 'head': 17}, 'object': {'upos': 'NOUN', 'text': 'Macht', 'id': 14, 'deprel': 'obj', 'head': 17}, 'verb': {'upos': 'VERB', 'text': 'übernahmen', 'id': 17, 'deprel': 'advcl', 'head': 3}}]","['SVO', 'SOV']"
1157,"Die Kyōiku-Kanji umfassen 1.006 Schriftzeichen, die japanische Kinder in der Grundschule lernen.",2,"[{'subject': {'upos': 'PROPN', 'text': 'Kyōiku', 'id': 2, 'deprel': 'nsubj', 'head': 5}, 'verb': {'upos': 'VERB', 'text': 'umfassen', 'id': 5, 'deprel': 'root', 'head': 0}, 'object': {'upos': 'NOUN', 'text': 'Schriftzeichen', 'id': 7, 'deprel': 'obj', 'head': 5}}, {'subject': {'upos': 'PRON', 'text': 'die', 'id': 9, 'deprel': 'nsubj', 'head': 15}, 'object': {'upos': 'NOUN', 'text': 'Kinder', 'id': 11, 'deprel': 'obj', 'head': 15}, 'verb': {'upos': 'VERB', 'text': 'lernen', 'id': 15, 'deprel': 'acl', 'head': 7}}]","['SVO', 'SOV']"
1171,"Die Lippenhaut trocknet schneller aus und wird leichter spröde, da sie nicht über den üblichen Hydro-Lipid-Film verfügt, der die Haut geschmeidig hält und Krankheitserreger abtötet.",2,"[{'subject': {'upos': 'PRON', 'text': 'der', 'id': 24, 'deprel': 'nsubj', 'head': 28}, 'object': {'upos': 'NOUN', 'text': 'Haut', 'id': 26, 'deprel': 'obj', 'head': 28}, 'verb': {'upos': 'VERB', 'text': 'hält', 'id': 28, 'deprel': 'acl', 'head': 21}}, {'subject': {'upos': 'PRON', 'text': 'der', 'id': 24, 'deprel': 'nsubj', 'head': 28}, 'object': {'upos': 'NOUN', 'text': 'Krankheitserreger', 'id': 30, 'deprel': 'obj', 'head': 31}, 'verb': {'upos': 'VERB', 'text': 'abtötet', 'id': 31, 'deprel': 'conj', 'head': 28}}]","['SOV', 'SOV']"
1104,"Die Listen der unentbehrlichen Arzneimittel, die die Staaten definiert haben, enthalten keine Wirkstoffe, sondern Arzneistoffe, die benötigt werden, um die dringlichsten Bedürfnisse der Bevölkerung zur medizinischen Versorgung zu befriedigen.",2,"[{'subject': {'upos': 'PRON', 'text': 'die', 'id': 7, 'deprel': 'nsubj', 'head': 10}, 'object': {'upos': 'NOUN', 'text': 'Staaten', 'id': 9, 'deprel': 'obj', 'head': 10}, 'verb': {'upos': 'VERB', 'text': 'definiert', 'id': 10, 'deprel': 'acl', 'head': 2}}, {'subject': {'upos': 'NOUN', 'text': 'Listen', 'id': 2, 'deprel': 'nsubj', 'head': 13}, 'verb': {'upos': 'VERB', 'text': 'enthalten', 'id': 13, 'deprel': 'root', 'head': 0}, 'object': {'upos': 'NOUN', 'text': 'Wirkstoffe', 'id': 15, 'deprel': 'obj', 'head': 13}}]","['SOV', 'SVO']"
1345,"Die Modifikation des ENIAC zu einem Computer mit Befehlsspeicher verlangsamte seine Rechenleistung auf 1/6, aber die Dauer des Umprogrammierens verringerte sich ebenfalls, sodass insgesamt ein Zeitgewinn erzielt wurde.",2,"[{'subject': {'upos': 'NOUN', 'text': 'Modifikation', 'id': 2, 'deprel': 'nsubj', 'head': 10}, 'verb': {'upos': 'VERB', 'text': 'verlangsamte', 'id': 10, 'deprel': 'root', 'head': 0}, 'object': {'upos': 'NOUN', 'text': 'Rechenleistung', 'id': 12, 'deprel': 'obj', 'head': 10}}, {'subject': {'upos': 'NOUN', 'text': 'Dauer', 'id': 18, 'deprel': 'nsubj', 'head': 21}, 'verb': {'upos': 'VERB', 'text': 'verringerte', 'id': 21, 'deprel': 'conj', 'head': 10}, 'object': {'upos': 'PRON', 'text': 'sich', 'id': 22, 'deprel': 'obj', 'head': 21}}]","['SVO', 'SVO']"
1106,Die nationalen Regierungen sollten die Liste der unentbehrlichen Arzneimittel der WHO als Grundlage für ihre eigenen Listen verwenden und ihre regionalen Bedürfnisse berücksichtigen.,2,"[{'subject': {'upos': 'NOUN', 'text': 'Regierungen', 'id': 3, 'deprel': 'nsubj', 'head': 18}, 'object': {'upos': 'NOUN', 'text': 'Liste', 'id': 6, 'deprel': 'obj', 'head': 18}, 'verb': {'upos': 'VERB', 'text': 'verwenden', 'id': 18, 'deprel': 'root', 'head': 0}}, {'subject': {'upos': 'NOUN', 'text': 'Regierungen', 'id': 3, 'deprel': 'nsubj', 'head': 18}, 'object': {'upos': 'NOUN', 'text': 'Bedürfnisse', 'id': 22, 'deprel': 'obj', 'head': 23}, 'verb': {'upos': 'VERB', 'text': 'berücksichtigen', 'id': 23, 'deprel': 'conj', 'head': 18}}]","['SOV', 'SOV']"
1889,"Die NATO, die OSZE und die EU verurteilten das Referendum über die Unabhängigkeit Südossetiens gemeinsam, weil es die Spannungen in der Region steigere, statt sie zu verringern.",2,"[{'subject': {'upos': 'PROPN', 'text': 'NATO', 'id': 2, 'deprel': 'nsubj', 'head': 9}, 'verb': {'upos': 'VERB', 'text': 'verurteilten', 'id': 9, 'deprel': 'root', 'head': 0}, 'object': {'upos': 'NOUN', 'text': 'Referendum', 'id': 11, 'deprel': 'obj', 'head': 9}}, {'subject': {'upos': 'PRON', 'text': 'es', 'id': 19, 'deprel': 'nsubj', 'head': 25}, 'object': {'upos': 'NOUN', 'text': 'Spannungen', 'id': 21, 'deprel': 'obj', 'head': 25}, 'verb': {'upos': 'VERB', 'text': 'steigere', 'id': 25, 'deprel': 'advcl', 'head': 9}}]","['SVO', 'SOV']"
767,"Die politische Filmbewegung in Indien, die Bhuvan Shome markierte, hatte ihren Ursprung in Indien.",2,"[{'subject': {'upos': 'PRON', 'text': 'die', 'id': 7, 'deprel': 'nsubj', 'head': 10}, 'object': {'upos': 'PROPN', 'text': 'Bhuvan', 'id': 8, 'deprel': 'obj', 'head': 10}, 'verb': {'upos': 'VERB', 'text': 'markierte', 'id': 10, 'deprel': 'acl', 'head': 3}}, {'subject': {'upos': 'NOUN', 'text': 'Filmbewegung', 'id': 3, 'deprel': 'nsubj', 'head': 12}, 'verb': {'upos': 'VERB', 'text': 'hatte', 'id': 12, 'deprel': 'root', 'head': 0}, 'object': {'upos': 'NOUN', 'text': 'Ursprung', 'id': 14, 'deprel': 'obj', 'head': 12}}]","['SOV', 'SVO']"
1976,Die Räte kontrollierten die Stadtverwaltungen und verhafteten kaisertreue Beamte.,2,"[{'subject': {'upos': 'NOUN', 'text': 'Räte', 'id': 2, 'deprel': 'nsubj', 'head': 3}, 'verb': {'upos': 'VERB', 'text': 'kontrollierten', 'id': 3, 'deprel': 'root', 'head': 0}, 'object': {'upos': 'NOUN', 'text': 'Stadtverwaltungen', 'id': 5, 'deprel': 'obj', 'head': 3}}, {'subject': {'upos': 'NOUN', 'text': 'Räte', 'id': 2, 'deprel': 'nsubj', 'head': 3}, 'verb': {'upos': 'VERB', 'text': 'verhafteten', 'id': 7, 'deprel': 'conj', 'head': 3}, 'object': {'upos': 'NOUN', 'text': 'Beamte', 'id': 9, 'deprel': 'obj', 'head': 7}}]","['SVO', 'SVO']"
52,"Die Räumlichkeiten auf dem Messegelände umfassen insgesamt rund 550.000 m², wovon die 26 Messehallen rund 180.000 m² Hallenfläche haben.",2,"[{'subject': {'upos': 'NOUN', 'text': 'Räumlichkeiten', 'id': 2, 'deprel': 'nsubj', 'head': 6}, 'verb': {'upos': 'VERB', 'text': 'umfassen', 'id': 6, 'deprel': 'root', 'head': 0}, 'object': {'upos': 'NOUN', 'text': 'm', 'id': 10, 'deprel': 'obj', 'head': 6}}, {'subject': {'upos': 'NOUN', 'text': 'Messehallen', 'id': 16, 'deprel': 'nsubj', 'head': 22}, 'object': {'upos': 'NOUN', 'text': 'm', 'id': 19, 'deprel': 'obj', 'head': 22}, 'verb': {'upos': 'VERB', 'text': 'haben', 'id': 22, 'deprel': 'acl', 'head': 10}}]","['SVO', 'SOV']"
844,"Die Schleimhäute sind massiv beteiligt, es bilden sich Schmerzen im Mund-, Rachen- und Genitalbereich und eine erosive Konjunktivitis, die eine augenärztliche Behandlung notwendig macht.",2,"[{'verb': {'upos': 'VERB', 'text': 'bilden', 'id': 8, 'deprel': 'parataxis', 'head': 5}, 'object': {'upos': 'PRON', 'text': 'sich', 'id': 9, 'deprel': 'obj', 'head': 8}, 'subject': {'upos': 'NOUN', 'text': 'Schmerzen', 'id': 10, 'deprel': 'nsubj', 'head': 8}}, {'subject': {'upos': 'PRON', 'text': 'die', 'id': 25, 'deprel': 'nsubj', 'head': 30}, 'object': {'upos': 'NOUN', 'text': 'Behandlung', 'id': 28, 'deprel': 'obj', 'head': 30}, 'verb': {'upos': 'VERB', 'text': 'macht', 'id': 30, 'deprel': 'acl', 'head': 23}}]","['VOS', 'SOV']"
1705,"Die Sioux und Ojibwe hatten Verträge mit europäischen Siedlern, in denen sie Teile ihrer Gebiete abkauften.",2,"[{'subject': {'upos': 'PROPN', 'text': 'Sioux', 'id': 2, 'deprel': 'nsubj', 'head': 5}, 'verb': {'upos': 'VERB', 'text': 'hatten', 'id': 5, 'deprel': 'root', 'head': 0}, 'object': {'upos': 'NOUN', 'text': 'Verträge', 'id': 6, 'deprel': 'obj', 'head': 5}}, {'subject': {'upos': 'PRON', 'text': 'sie', 'id': 13, 'deprel': 'nsubj', 'head': 17}, 'object': {'upos': 'NOUN', 'text': 'Teile', 'id': 14, 'deprel': 'obj', 'head': 17}, 'verb': {'upos': 'VERB', 'text': 'abkauften', 'id': 17, 'deprel': 'acl', 'head': 9}}]","['SVO', 'SOV']"
126,"Die Strategie-Helden verfügen über die Fähigkeit, ihre Soldaten zu heilen, während die Krieger-Helden eine enorme Kampfstärke haben und verbündeten Einheiten einen Kampfbonus verleihen.",2,"[{'subject': {'upos': 'NOUN', 'text': 'Helden', 'id': 19, 'deprel': 'nsubj', 'head': 23}, 'object': {'upos': 'NOUN', 'text': 'Kampfstärke', 'id': 22, 'deprel': 'obj', 'head': 23}, 'verb': {'upos': 'VERB', 'text': 'haben', 'id': 23, 'deprel': 'advcl', 'head': 13}}, {'subject': {'upos': 'NOUN', 'text': 'Einheiten', 'id': 26, 'deprel': 'nsubj', 'head': 29}, 'object': {'upos': 'NOUN', 'text': 'Kampfbonus', 'id': 28, 'deprel': 'obj', 'head': 29}, 'verb': {'upos': 'VERB', 'text': 'verleihen', 'id': 29, 'deprel': 'conj', 'head': 23}}]","['SOV', 'SOV']"
1133,"Die verfügbaren Informationen beziehen sich auf die Häufigkeit von Harnwegsinfekten (HWI) in verschiedenen Altersgruppen, aber nicht auf die Anzahl von Frauen, die pro Jahr eine HWI haben.",2,"[{'subject': {'upos': 'NOUN', 'text': 'Informationen', 'id': 3, 'deprel': 'nsubj', 'head': 4}, 'verb': {'upos': 'VERB', 'text': 'beziehen', 'id': 4, 'deprel': 'root', 'head': 0}, 'object': {'upos': 'PRON', 'text': 'sich', 'id': 5, 'deprel': 'obj', 'head': 4}}, {'subject': {'upos': 'PRON', 'text': 'die', 'id': 26, 'deprel': 'nsubj', 'head': 31}, 'object': {'upos': 'PROPN', 'text': 'HWI', 'id': 30, 'deprel': 'obj', 'head': 31}, 'verb': {'upos': 'VERB', 'text': 'haben', 'id': 31, 'deprel': 'acl', 'head': 24}}]","['SVO', 'SOV']"
1,"Die Waldbrände waren nahe dem Vulkan erzeugt worden, als die umherwirbelnden Aschepartikel durch statische Elektrizität Blitze erzeugten, die ihrerseits Waldbrände verursachten.",2,"[{'subject': {'upos': 'NOUN', 'text': 'Aschepartikel', 'id': 13, 'deprel': 'nsubj', 'head': 18}, 'object': {'upos': 'NOUN', 'text': 'Blitze', 'id': 17, 'deprel': 'obj', 'head': 18}, 'verb': {'upos': 'VERB', 'text': 'erzeugten', 'id': 18, 'deprel': 'advcl', 'head': 7}}, {'subject': {'upos': 'PRON', 'text': 'die', 'id': 20, 'deprel': 'nsubj', 'head': 23}, 'object': {'upos': 'NOUN', 'text': 'Waldbrände', 'id': 22, 'deprel': 'obj', 'head': 23}, 'verb': {'upos': 'VERB', 'text': 'verursachten', 'id': 23, 'deprel': 'acl', 'head': 17}}]","['SOV', 'SOV']"
1551,"Die Whigs unterstützten das Gesetz, während die Tories sich diesem widersetzten.",2,"[{'subject': {'upos': 'NOUN', 'text': 'Whigs', 'id': 2, 'deprel': 'nsubj', 'head': 3}, 'verb': {'upos': 'VERB', 'text': 'unterstützten', 'id': 3, 'deprel': 'root', 'head': 0}, 'object': {'upos': 'NOUN', 'text': 'Gesetz', 'id': 5, 'deprel': 'obj', 'head': 3}}, {'subject': {'upos': 'NOUN', 'text': 'Tories', 'id': 9, 'deprel': 'nsubj', 'head': 12}, 'object': {'upos': 'PRON', 'text': 'sich', 'id': 10, 'deprel': 'obj', 'head': 12}, 'verb': {'upos': 'VERB', 'text': 'widersetzten', 'id': 12, 'deprel': 'advcl', 'head': 3}}]","['SVO', 'SOV']"
958,"Die Wissenschaft, die das Alter der Sonne untersucht, nennt man Kernphysik.",2,"[{'subject': {'upos': 'PRON', 'text': 'die', 'id': 4, 'deprel': 'nsubj', 'head': 9}, 'object': {'upos': 'NOUN', 'text': 'Alter', 'id': 6, 'deprel': 'obj', 'head': 9}, 'verb': {'upos': 'VERB', 'text': 'untersucht', 'id': 9, 'deprel': 'acl', 'head': 2}}, {'subject': {'upos': 'NOUN', 'text': 'Wissenschaft', 'id': 2, 'deprel': 'nsubj', 'head': 11}, 'verb': {'upos': 'VERB', 'text': 'nennt', 'id': 11, 'deprel': 'root', 'head': 0}, 'object': {'upos': 'NOUN', 'text': 'Kernphysik', 'id': 13, 'deprel': 'obj', 'head': 11}}]","['SOV', 'SVO']"
1997,Drogo führte 1048 eine Expedition nach Kalabrien und übergab seiner Bruder Robert Guiskard die Festung bei Scribla.,2,"[{'subject': {'upos': 'PROPN', 'text': 'Drogo', 'id': 1, 'deprel': 'nsubj', 'head': 2}, 'verb': {'upos': 'VERB', 'text': 'führte', 'id': 2, 'deprel': 'root', 'head': 0}, 'object': {'upos': 'NOUN', 'text': 'Expedition', 'id': 5, 'deprel': 'obj', 'head': 2}}, {'subject': {'upos': 'PROPN', 'text': 'Drogo', 'id': 1, 'deprel': 'nsubj', 'head': 2}, 'verb': {'upos': 'VERB', 'text': 'übergab', 'id': 9, 'deprel': 'conj', 'head': 2}, 'object': {'upos': 'NOUN', 'text': 'Festung', 'id': 15, 'deprel': 'obj', 'head': 9}}]","['SVO', 'SVO']"
1776,"Dynastie als Prinzessin beschriebene Frau erhielt die königliche Bezeichnung ""Sat-nesut"", was ""Tochter des Königs"" bedeutet.",2,"[{'subject': {'upos': 'NOUN', 'text': 'Frau', 'id': 5, 'deprel': 'nsubj', 'head': 6}, 'verb': {'upos': 'VERB', 'text': 'erhielt', 'id': 6, 'deprel': 'root', 'head': 0}, 'object': {'upos': 'NOUN', 'text': 'Bezeichnung', 'id': 9, 'deprel': 'obj', 'head': 6}}, {'subject': {'upos': 'PRON', 'text': 'was', 'id': 15, 'deprel': 'nsubj', 'head': 21}, 'object': {'upos': 'NOUN', 'text': 'Tochter', 'id': 17, 'deprel': 'obj', 'head': 21}, 'verb': {'upos': 'VERB', 'text': 'bedeutet', 'id': 21, 'deprel': 'acl', 'head': 9}}]","['SVO', 'SOV']"
1266,"Ebner bot nach dem Studium Übersetzungsdienstleistungen an, leitete Sprachkurse und arbeitete in IT-Ausbildungsprojekten.",2,"[{'subject': {'upos': 'PROPN', 'text': 'Ebner', 'id': 1, 'deprel': 'nsubj', 'head': 2}, 'verb': {'upos': 'VERB', 'text': 'bot', 'id': 2, 'deprel': 'root', 'head': 0}, 'object': {'upos': 'NOUN', 'text': 'Übersetzungsdienstleistungen', 'id': 6, 'deprel': 'obj', 'head': 2}}, {'subject': {'upos': 'PROPN', 'text': 'Ebner', 'id': 1, 'deprel': 'nsubj', 'head': 2}, 'verb': {'upos': 'VERB', 'text': 'leitete', 'id': 9, 'deprel': 'conj', 'head': 2}, 'object': {'upos': 'NOUN', 'text': 'Sprachkurse', 'id': 10, 'deprel': 'obj', 'head': 9}}]","['SVO', 'SVO']"
185,"Ein Anruf durch den Agenten, der sich als Journalist ausgab, löste die Bombe aus.",2,"[{'subject': {'upos': 'PRON', 'text': 'der', 'id': 7, 'deprel': 'nsubj', 'head': 11}, 'object': {'upos': 'PRON', 'text': 'sich', 'id': 8, 'deprel': 'obj', 'head': 11}, 'verb': {'upos': 'VERB', 'text': 'ausgab', 'id': 11, 'deprel': 'acl', 'head': 5}}, {'subject': {'upos': 'NOUN', 'text': 'Anruf', 'id': 2, 'deprel': 'nsubj', 'head': 13}, 'verb': {'upos': 'VERB', 'text': 'löste', 'id': 13, 'deprel': 'root', 'head': 0}, 'object': {'upos': 'NOUN', 'text': 'Bombe', 'id': 15, 'deprel': 'obj', 'head': 13}}]","['SOV', 'SVO']"
1223,"Es gibt ein Unentschieden, wenn beide Mannschaften ihre Innings vollständig absolviert haben und die gleiche Anzahl von Runs erzielt haben.",2,"[{'subject': {'upos': 'NOUN', 'text': 'Mannschaften', 'id': 8, 'deprel': 'nsubj', 'head': 12}, 'object': {'upos': 'NOUN', 'text': 'Innings', 'id': 10, 'deprel': 'obj', 'head': 12}, 'verb': {'upos': 'VERB', 'text': 'absolviert', 'id': 12, 'deprel': 'advcl', 'head': 2}}, {'subject': {'upos': 'NOUN', 'text': 'Mannschaften', 'id': 8, 'deprel': 'nsubj', 'head': 12}, 'object': {'upos': 'NOUN', 'text': 'Anzahl', 'id': 17, 'deprel': 'obj', 'head': 20}, 'verb': {'upos': 'VERB', 'text': 'erzielt', 'id': 20, 'deprel': 'conj', 'head': 12}}]","['SOV', 'SOV']"
1247,Estoy aquí (Ich bin hier) erreichte Platz eins in den kolumbianischen Charts und zog auch internationale Aufmerksamkeit auf sich.,2,"[{'subject': {'upos': 'PROPN', 'text': 'Estoy', 'id': 1, 'deprel': 'nsubj', 'head': 8}, 'verb': {'upos': 'VERB', 'text': 'erreichte', 'id': 8, 'deprel': 'root', 'head': 0}, 'object': {'upos': 'NOUN', 'text': 'Platz', 'id': 9, 'deprel': 'obj', 'head': 8}}, {'subject': {'upos': 'PROPN', 'text': 'Estoy', 'id': 1, 'deprel': 'nsubj', 'head': 8}, 'verb': {'upos': 'VERB', 'text': 'zog', 'id': 16, 'deprel': 'conj', 'head': 8}, 'object': {'upos': 'NOUN', 'text': 'Aufmerksamkeit', 'id': 19, 'deprel': 'obj', 'head': 16}}]","['SVO', 'SVO']"
1571,"Jahrhunderts kann man in der georgischen Volkswirtschaft positive Entwicklungen erkennen, insbesondere die Abbaum der Bürokratie und die Verbesserung des Geschäftsklimas, was Georgien auf vorderen Rängen im Doing-Business-Index der Weltbank platziert.",2,"[{'subject': {'upos': 'PRON', 'text': 'man', 'id': 3, 'deprel': 'nsubj', 'head': 10}, 'object': {'upos': 'NOUN', 'text': 'Entwicklungen', 'id': 9, 'deprel': 'obj', 'head': 10}, 'verb': {'upos': 'VERB', 'text': 'erkennen', 'id': 10, 'deprel': 'root', 'head': 0}}, {'subject': {'upos': 'PRON', 'text': 'was', 'id': 23, 'deprel': 'nsubj', 'head': 37}, 'object': {'upos': 'PROPN', 'text': 'Georgien', 'id': 24, 'deprel': 'obj', 'head': 37}, 'verb': {'upos': 'VERB', 'text': 'platziert', 'id': 37, 'deprel': 'acl', 'head': 19}}]","['SOV', 'SOV']"
438,"Kang will die Nuklearwaffen der Vereinigten Staaten in die Luft sprengen, indem er die Zugangscodes, die sich im Besitz von drei Regierungsmitgliedern befinden, erlangt.",2,"[{'subject': {'upos': 'PROPN', 'text': 'Kang', 'id': 1, 'deprel': 'nsubj', 'head': 11}, 'object': {'upos': 'NOUN', 'text': 'Nuklearwaffen', 'id': 4, 'deprel': 'obj', 'head': 11}, 'verb': {'upos': 'VERB', 'text': 'sprengen', 'id': 11, 'deprel': 'root', 'head': 0}}, {'subject': {'upos': 'PRON', 'text': 'er', 'id': 14, 'deprel': 'nsubj', 'head': 28}, 'object': {'upos': 'NOUN', 'text': 'Zugangscodes', 'id': 16, 'deprel': 'obj', 'head': 28}, 'verb': {'upos': 'VERB', 'text': 'erlangt', 'id': 28, 'deprel': 'conj', 'head': 11}}]","['SOV', 'SOV']"
870,"Khan gestand, dass er gelegentlich die Seite des Balls aufgeraut und die Naht angehoben hat, während Test Matches.",2,"[{'subject': {'upos': 'PRON', 'text': 'er', 'id': 5, 'deprel': 'nsubj', 'head': 11}, 'object': {'upos': 'NOUN', 'text': 'Seite', 'id': 8, 'deprel': 'obj', 'head': 11}, 'verb': {'upos': 'VERB', 'text': 'aufgeraut', 'id': 11, 'deprel': 'ccomp', 'head': 2}}, {'object': {'upos': 'NOUN', 'text': 'Naht', 'id': 14, 'deprel': 'obj', 'head': 15}, 'verb': {'upos': 'VERB', 'text': 'angehoben', 'id': 15, 'deprel': 'conj', 'head': 11}, 'subject': {'upos': 'PROPN', 'text': 'Test', 'id': 19, 'deprel': 'nsubj', 'head': 15}}]","['SOV', 'OVS']"
430,"Krishna behielt seine außerirdischen Kräfte für sich, damit seine Großmutter ihn gehen ließ.",2,"[{'subject': {'upos': 'PROPN', 'text': 'Krishna', 'id': 1, 'deprel': 'nsubj', 'head': 2}, 'verb': {'upos': 'VERB', 'text': 'behielt', 'id': 2, 'deprel': 'root', 'head': 0}, 'object': {'upos': 'NOUN', 'text': 'Kräfte', 'id': 5, 'deprel': 'obj', 'head': 2}}, {'subject': {'upos': 'NOUN', 'text': 'Großmutter', 'id': 11, 'deprel': 'nsubj', 'head': 14}, 'object': {'upos': 'PRON', 'text': 'ihn', 'id': 12, 'deprel': 'obj', 'head': 14}, 'verb': {'upos': 'VERB', 'text': 'ließ', 'id': 14, 'deprel': 'advcl', 'head': 2}}]","['SVO', 'SOV']"
811,"Leeds besitzt einen Innenstadtring, aber es wird nicht explizit erwähnt, welche Straße den Verkehr nach Leeds Zentrum führt.",2,"[{'subject': {'upos': 'PROPN', 'text': 'Leeds', 'id': 1, 'deprel': 'nsubj', 'head': 2}, 'verb': {'upos': 'VERB', 'text': 'besitzt', 'id': 2, 'deprel': 'root', 'head': 0}, 'object': {'upos': 'NOUN', 'text': 'Innenstadtring', 'id': 4, 'deprel': 'obj', 'head': 2}}, {'subject': {'upos': 'NOUN', 'text': 'Straße', 'id': 14, 'deprel': 'nsubj', 'head': 20}, 'object': {'upos': 'NOUN', 'text': 'Verkehr', 'id': 16, 'deprel': 'obj', 'head': 20}, 'verb': {'upos': 'VERB', 'text': 'führt', 'id': 20, 'deprel': 'ccomp', 'head': 11}}]","['SVO', 'SOV']"
1722,"Lon Nol behielt das Amt des Premierministers und des Verteidigungsministers bei, obwohl er das Amt des Staatschefs verlor.",2,"[{'subject': {'upos': 'PROPN', 'text': 'Lon', 'id': 1, 'deprel': 'nsubj', 'head': 3}, 'verb': {'upos': 'VERB', 'text': 'behielt', 'id': 3, 'deprel': 'root', 'head': 0}, 'object': {'upos': 'NOUN', 'text': 'Amt', 'id': 5, 'deprel': 'obj', 'head': 3}}, {'subject': {'upos': 'PRON', 'text': 'er', 'id': 14, 'deprel': 'nsubj', 'head': 19}, 'object': {'upos': 'NOUN', 'text': 'Amt', 'id': 16, 'deprel': 'obj', 'head': 19}, 'verb': {'upos': 'VERB', 'text': 'verlor', 'id': 19, 'deprel': 'advcl', 'head': 3}}]","['SVO', 'SOV']"
874,"Maneka Gandhi erhielt ihre Ausbildung an der Lawrence School in Delhi und am Lady Shri Ram College, wo sie 1973 einen Schönheitswettbewerb als Miss Shri Ram College gewann.",2,"[{'subject': {'upos': 'PROPN', 'text': 'Maneka', 'id': 1, 'deprel': 'nsubj', 'head': 3}, 'verb': {'upos': 'VERB', 'text': 'erhielt', 'id': 3, 'deprel': 'root', 'head': 0}, 'object': {'upos': 'NOUN', 'text': 'Ausbildung', 'id': 5, 'deprel': 'obj', 'head': 3}}, {'subject': {'upos': 'PRON', 'text': 'sie', 'id': 21, 'deprel': 'nsubj', 'head': 30}, 'object': {'upos': 'NOUN', 'text': 'Schönheitswettbewerb', 'id': 24, 'deprel': 'obj', 'head': 30}, 'verb': {'upos': 'VERB', 'text': 'gewann', 'id': 30, 'deprel': 'acl', 'head': 15}}]","['SVO', 'SOV']"
724,"Marokko entgleiste die Konferenz in 2005, da es sich weigerte, teilzunehmen.",2,"[{'subject': {'upos': 'PROPN', 'text': 'Marokko', 'id': 1, 'deprel': 'nsubj', 'head': 2}, 'verb': {'upos': 'VERB', 'text': 'entgleiste', 'id': 2, 'deprel': 'root', 'head': 0}, 'object': {'upos': 'NOUN', 'text': 'Konferenz', 'id': 4, 'deprel': 'obj', 'head': 2}}, {'subject': {'upos': 'PRON', 'text': 'es', 'id': 9, 'deprel': 'nsubj', 'head': 11}, 'object': {'upos': 'PRON', 'text': 'sich', 'id': 10, 'deprel': 'obj', 'head': 11}, 'verb': {'upos': 'VERB', 'text': 'weigerte', 'id': 11, 'deprel': 'advcl', 'head': 2}}]","['SVO', 'SOV']"
1593,"Millionen von Menschen verließen die Britischen Inseln und bildeten die Grundlage von Siedlerstaaten wie den USA, Kanada, Australien und Neuseeland.",2,"[{'subject': {'upos': 'NOUN', 'text': 'Millionen', 'id': 1, 'deprel': 'nsubj', 'head': 4}, 'verb': {'upos': 'VERB', 'text': 'verließen', 'id': 4, 'deprel': 'root', 'head': 0}, 'object': {'upos': 'PROPN', 'text': 'Inseln', 'id': 7, 'deprel': 'obj', 'head': 4}}, {'subject': {'upos': 'NOUN', 'text': 'Millionen', 'id': 1, 'deprel': 'nsubj', 'head': 4}, 'verb': {'upos': 'VERB', 'text': 'bildeten', 'id': 9, 'deprel': 'conj', 'head': 4}, 'object': {'upos': 'NOUN', 'text': 'Grundlage', 'id': 11, 'deprel': 'obj', 'head': 9}}]","['SVO', 'SVO']"
1342,Mississippi hatte die höchste Wahlbeteiligung unter der schwarzen Bevölkerung (74 %) und führte die Nation an in der Zahl der gewählten schwarzen Amtsträger im Jahr 1965.,2,"[{'subject': {'upos': 'PROPN', 'text': 'Mississippi', 'id': 1, 'deprel': 'nsubj', 'head': 2}, 'verb': {'upos': 'VERB', 'text': 'hatte', 'id': 2, 'deprel': 'root', 'head': 0}, 'object': {'upos': 'NOUN', 'text': 'Wahlbeteiligung', 'id': 5, 'deprel': 'obj', 'head': 2}}, {'subject': {'upos': 'PROPN', 'text': 'Mississippi', 'id': 1, 'deprel': 'nsubj', 'head': 2}, 'verb': {'upos': 'VERB', 'text': 'führte', 'id': 15, 'deprel': 'conj', 'head': 2}, 'object': {'upos': 'NOUN', 'text': 'Nation', 'id': 17, 'deprel': 'obj', 'head': 15}}]","['SVO', 'SVO']"
771,"Nach dem Royal Marriages Act von 1772 mussten Mitglieder des britischen Königshauses, die älter als 25 Jahre waren, dem Privy Council ihren Ehewunsch ein Jahr vorher anzeigen und das Parlament musste es nicht untersagen, um erneut heiraten zu können.",2,"[{'subject': {'upos': 'NOUN', 'text': 'Mitglieder', 'id': 9, 'deprel': 'nsubj', 'head': 29}, 'object': {'upos': 'NOUN', 'text': 'Ehewunsch', 'id': 25, 'deprel': 'obj', 'head': 29}, 'verb': {'upos': 'VERB', 'text': 'anzeigen', 'id': 29, 'deprel': 'root', 'head': 0}}, {'subject': {'upos': 'NOUN', 'text': 'Parlament', 'id': 32, 'deprel': 'nsubj', 'head': 36}, 'object': {'upos': 'PRON', 'text': 'es', 'id': 34, 'deprel': 'obj', 'head': 36}, 'verb': {'upos': 'VERB', 'text': 'untersagen', 'id': 36, 'deprel': 'conj', 'head': 29}}]","['SOV', 'SOV']"
1622,"Nach dem Zweiten Weltkrieg verhinderten ökonomische Fragen die Vollendung der Nord-Süd-Verbindung in Afrika, obwohl das Britische Empire die politische Macht dazu besaß.",2,"[{'verb': {'upos': 'VERB', 'text': 'verhinderten', 'id': 5, 'deprel': 'root', 'head': 0}, 'subject': {'upos': 'NOUN', 'text': 'Fragen', 'id': 7, 'deprel': 'nsubj', 'head': 5}, 'object': {'upos': 'NOUN', 'text': 'Vollendung', 'id': 9, 'deprel': 'obj', 'head': 5}}, {'subject': {'upos': 'PROPN', 'text': 'Empire', 'id': 22, 'deprel': 'nsubj', 'head': 27}, 'object': {'upos': 'NOUN', 'text': 'Macht', 'id': 25, 'deprel': 'obj', 'head': 27}, 'verb': {'upos': 'VERB', 'text': 'besaß', 'id': 27, 'deprel': 'advcl', 'head': 5}}]","['VSO', 'SOV']"
553,"Nachdem Marga Faulstich mit 44 Jahren in den Ruhestand ging, verbrachte sie die folgenden Jahre mit Reisen in alle Welt, hielt aber auch immer noch Vorträge und Referate auf Glas-Kongressen.",2,"[{'verb': {'upos': 'VERB', 'text': 'verbrachte', 'id': 12, 'deprel': 'root', 'head': 0}, 'subject': {'upos': 'PRON', 'text': 'sie', 'id': 13, 'deprel': 'nsubj', 'head': 12}, 'object': {'upos': 'NOUN', 'text': 'Jahre', 'id': 16, 'deprel': 'obj', 'head': 12}}, {'subject': {'upos': 'PRON', 'text': 'sie', 'id': 13, 'deprel': 'nsubj', 'head': 12}, 'verb': {'upos': 'VERB', 'text': 'hielt', 'id': 23, 'deprel': 'conj', 'head': 12}, 'object': {'upos': 'NOUN', 'text': 'Vorträge', 'id': 28, 'deprel': 'obj', 'head': 23}}]","['VSO', 'SVO']"
1246,"Shakira nahm sich eine Auszeit nach ihrem zweiten Studioalbum, weil es floppte und sie weniger als 1000 verkauften Kopien erreichte.",2,"[{'subject': {'upos': 'PROPN', 'text': 'Shakira', 'id': 1, 'deprel': 'nsubj', 'head': 2}, 'verb': {'upos': 'VERB', 'text': 'nahm', 'id': 2, 'deprel': 'root', 'head': 0}, 'object': {'upos': 'PRON', 'text': 'sich', 'id': 3, 'deprel': 'obj', 'head': 2}}, {'subject': {'upos': 'PRON', 'text': 'sie', 'id': 15, 'deprel': 'nsubj', 'head': 21}, 'object': {'upos': 'NOUN', 'text': 'Kopien', 'id': 20, 'deprel': 'obj', 'head': 21}, 'verb': {'upos': 'VERB', 'text': 'erreichte', 'id': 21, 'deprel': 'conj', 'head': 13}}]","['SVO', 'SOV']"
1099,"Sherlock Holmes und Joseph Bell haben gemeinsam, dass sie beide sehr genau beobachteten und aus ihren Beobachtungen Schlüsse zogen.",2,"[{'subject': {'upos': 'PRON', 'text': 'sie', 'id': 10, 'deprel': 'nsubj', 'head': 14}, 'object': {'upos': 'DET', 'text': 'beide', 'id': 11, 'deprel': 'obj', 'head': 14}, 'verb': {'upos': 'VERB', 'text': 'beobachteten', 'id': 14, 'deprel': 'ccomp', 'head': 6}}, {'subject': {'upos': 'PRON', 'text': 'sie', 'id': 10, 'deprel': 'nsubj', 'head': 14}, 'object': {'upos': 'NOUN', 'text': 'Schlüsse', 'id': 19, 'deprel': 'obj', 'head': 20}, 'verb': {'upos': 'VERB', 'text': 'zogen', 'id': 20, 'deprel': 'conj', 'head': 14}}]","['SOV', 'SOV']"
838,"Sie beraubte sich für den Rest ihres Lebens des Sehens, indem sie eine Augenbinde trug, um ihre Verbundenheit mit ihrem blinden Mann zu zeigen.",2,"[{'subject': {'upos': 'PRON', 'text': 'Sie', 'id': 1, 'deprel': 'nsubj', 'head': 2}, 'verb': {'upos': 'VERB', 'text': 'beraubte', 'id': 2, 'deprel': 'root', 'head': 0}, 'object': {'upos': 'PRON', 'text': 'sich', 'id': 3, 'deprel': 'obj', 'head': 2}}, {'subject': {'upos': 'PRON', 'text': 'sie', 'id': 13, 'deprel': 'nsubj', 'head': 16}, 'object': {'upos': 'NOUN', 'text': 'Augenbinde', 'id': 15, 'deprel': 'obj', 'head': 16}, 'verb': {'upos': 'VERB', 'text': 'trug', 'id': 16, 'deprel': 'advcl', 'head': 2}}]","['SVO', 'SOV']"
1047,"Søren Sørensen besuchte die Universität Kopenhagen, wo er Medizin und Chemie studierte.",2,"[{'subject': {'upos': 'PROPN', 'text': 'Søren', 'id': 1, 'deprel': 'nsubj', 'head': 3}, 'verb': {'upos': 'VERB', 'text': 'besuchte', 'id': 3, 'deprel': 'root', 'head': 0}, 'object': {'upos': 'NOUN', 'text': 'Universität', 'id': 5, 'deprel': 'obj', 'head': 3}}, {'subject': {'upos': 'PRON', 'text': 'er', 'id': 9, 'deprel': 'nsubj', 'head': 13}, 'object': {'upos': 'NOUN', 'text': 'Medizin', 'id': 10, 'deprel': 'obj', 'head': 13}, 'verb': {'upos': 'VERB', 'text': 'studierte', 'id': 13, 'deprel': 'acl', 'head': 5}}]","['SVO', 'SOV']"
1075,"Stallman gründete 1983 das GNU-Projekt mit dem Ziel, ein unixähnliches Betriebssystem zu schaffen, welches sicherstellt, dass die Benutzer die Vier Freiheiten haben.",2,"[{'subject': {'upos': 'PROPN', 'text': 'Stallman', 'id': 1, 'deprel': 'nsubj', 'head': 2}, 'verb': {'upos': 'VERB', 'text': 'gründete', 'id': 2, 'deprel': 'root', 'head': 0}, 'object': {'upos': 'PROPN', 'text': 'GNU', 'id': 5, 'deprel': 'obj', 'head': 2}}, {'subject': {'upos': 'NOUN', 'text': 'Benutzer', 'id': 23, 'deprel': 'nsubj', 'head': 27}, 'object': {'upos': 'NOUN', 'text': 'Freiheiten', 'id': 26, 'deprel': 'obj', 'head': 27}, 'verb': {'upos': 'VERB', 'text': 'haben', 'id': 27, 'deprel': 'ccomp', 'head': 19}}]","['SVO', 'SOV']"
1994,Tornikios übernahm nach der ersten Schlacht selbst das Kommando und führte seine Truppen in eine zweite Schlacht in der Nähe von Civita.,2,"[{'subject': {'upos': 'PROPN', 'text': 'Tornikios', 'id': 1, 'deprel': 'nsubj', 'head': 2}, 'verb': {'upos': 'VERB', 'text': 'übernahm', 'id': 2, 'deprel': 'root', 'head': 0}, 'object': {'upos': 'NOUN', 'text': 'Kommando', 'id': 9, 'deprel': 'obj', 'head': 2}}, {'subject': {'upos': 'PROPN', 'text': 'Tornikios', 'id': 1, 'deprel': 'nsubj', 'head': 2}, 'verb': {'upos': 'VERB', 'text': 'führte', 'id': 11, 'deprel': 'conj', 'head': 2}, 'object': {'upos': 'NOUN', 'text': 'Truppen', 'id': 13, 'deprel': 'obj', 'head': 11}}]","['SVO', 'SVO']"
880,"unterstützte öffentlich Anne Boleyn, indem er sie als Königin präsentierte und ihr den Titel Marquess of Pembroke verlieh.",2,"[{'subject': {'upos': 'PRON', 'text': 'er', 'id': 7, 'deprel': 'nsubj', 'head': 11}, 'object': {'upos': 'PRON', 'text': 'sie', 'id': 8, 'deprel': 'obj', 'head': 11}, 'verb': {'upos': 'VERB', 'text': 'präsentierte', 'id': 11, 'deprel': 'advcl', 'head': 1}}, {'subject': {'upos': 'PRON', 'text': 'er', 'id': 7, 'deprel': 'nsubj', 'head': 11}, 'object': {'upos': 'NOUN', 'text': 'Titel', 'id': 15, 'deprel': 'obj', 'head': 19}, 'verb': {'upos': 'VERB', 'text': 'verlieh', 'id': 19, 'deprel': 'conj', 'head': 11}}]","['SOV', 'SOV']"
60,"Ursprünglich sollte sie die Rolle eines tapferen, kämpfenden Mädchens übernehmen, aber ihre Erscheinung änderte sich während des Entstehungsprozesses und wurde zu einem ""stilles und mysteriöses Mädchen"" mit weißen Haaren.",2,"[{'subject': {'upos': 'PRON', 'text': 'sie', 'id': 3, 'deprel': 'nsubj', 'head': 11}, 'object': {'upos': 'NOUN', 'text': 'Rolle', 'id': 5, 'deprel': 'obj', 'head': 11}, 'verb': {'upos': 'VERB', 'text': 'übernehmen', 'id': 11, 'deprel': 'root', 'head': 0}}, {'subject': {'upos': 'NOUN', 'text': 'Erscheinung', 'id': 15, 'deprel': 'nsubj', 'head': 16}, 'verb': {'upos': 'VERB', 'text': 'änderte', 'id': 16, 'deprel': 'conj', 'head': 11}, 'object': {'upos': 'PRON', 'text': 'sich', 'id': 17, 'deprel': 'obj', 'head': 16}}]","['SOV', 'SVO']"
1558,"Während SCM die Beziehungen zwischen Lieferanten und Kunden im Blick hat, um die Lieferkette zu optimieren, konzentriert sich DCM auf die Nachfrageseite und die Bedürfnisse der Kunden, um die Nachfrage bestmöglich und zu den geringstmöglichen Kosten zu erfüllen.",2,"[{'subject': {'upos': 'PROPN', 'text': 'SCM', 'id': 2, 'deprel': 'nsubj', 'head': 12}, 'object': {'upos': 'NOUN', 'text': 'Beziehungen', 'id': 4, 'deprel': 'obj', 'head': 12}, 'verb': {'upos': 'VERB', 'text': 'hat', 'id': 12, 'deprel': 'advcl', 'head': 20}}, {'verb': {'upos': 'VERB', 'text': 'konzentriert', 'id': 20, 'deprel': 'root', 'head': 0}, 'object': {'upos': 'PRON', 'text': 'sich', 'id': 21, 'deprel': 'obj', 'head': 20}, 'subject': {'upos': 'PROPN', 'text': 'DCM', 'id': 22, 'deprel': 'nsubj', 'head': 20}}]","['SOV', 'VOS']"
69,1895 verteidigte Faworski seine Dissertation zum Dr.,1,"[{'verb': {'upos': 'VERB', 'text': 'verteidigte', 'id': 2, 'deprel': 'root', 'head': 0}, 'subject': {'upos': 'PROPN', 'text': 'Faworski', 'id': 3, 'deprel': 'nsubj', 'head': 2}, 'object': {'upos': 'NOUN', 'text': 'Dissertation', 'id': 5, 'deprel': 'obj', 'head': 2}}]",['VSO']
787,1955 mit der Santur konzentrierte er sich auf dieses Instrument.,1,"[{'verb': {'upos': 'VERB', 'text': 'konzentrierte', 'id': 5, 'deprel': 'root', 'head': 0}, 'subject': {'upos': 'PRON', 'text': 'er', 'id': 6, 'deprel': 'nsubj', 'head': 5}, 'object': {'upos': 'PRON', 'text': 'sich', 'id': 7, 'deprel': 'obj', 'head': 5}}]",['VSO']
1823,1961 trennten die Brüder ihre Kette in zwei Teile nördlich und südlich der Ruhr.,1,"[{'verb': {'upos': 'VERB', 'text': 'trennten', 'id': 2, 'deprel': 'root', 'head': 0}, 'subject': {'upos': 'NOUN', 'text': 'Brüder', 'id': 4, 'deprel': 'nsubj', 'head': 2}, 'object': {'upos': 'NOUN', 'text': 'Kette', 'id': 6, 'deprel': 'obj', 'head': 2}}]",['VSO']
1403,288.563 GWh erzeugten die Anlagen im Jahr 2010.,1,"[{'object': {'upos': 'NOUN', 'text': 'GWh', 'id': 2, 'deprel': 'obj', 'head': 3}, 'verb': {'upos': 'VERB', 'text': 'erzeugten', 'id': 3, 'deprel': 'root', 'head': 0}, 'subject': {'upos': 'NOUN', 'text': 'Anlagen', 'id': 5, 'deprel': 'nsubj', 'head': 3}}]",['OVS']
229,"34,20 % der Haushalte hatten Kinder und Jugendliche unter 18 Jahre, die bei ihnen lebten.",1,"[{'subject': {'upos': 'NOUN', 'text': '%', 'id': 2, 'deprel': 'nsubj', 'head': 5}, 'verb': {'upos': 'VERB', 'text': 'hatten', 'id': 5, 'deprel': 'root', 'head': 0}, 'object': {'upos': 'NOUN', 'text': 'Kinder', 'id': 6, 'deprel': 'obj', 'head': 5}}]",['SVO']
636,"83,2 Prozent der Bevölkerung Odishas spricht Oriya als Muttersprache.",1,"[{'subject': {'upos': 'NOUN', 'text': 'Prozent', 'id': 2, 'deprel': 'nsubj', 'head': 6}, 'verb': {'upos': 'VERB', 'text': 'spricht', 'id': 6, 'deprel': 'root', 'head': 0}, 'object': {'upos': 'PROPN', 'text': 'Oriya', 'id': 7, 'deprel': 'obj', 'head': 6}}]",['SVO']
160,"98,83 % der Einwohner der Provinz Nong Khai unterstützten den Vorschlag.",1,"[{'subject': {'upos': 'NOUN', 'text': '%', 'id': 2, 'deprel': 'nsubj', 'head': 9}, 'verb': {'upos': 'VERB', 'text': 'unterstützten', 'id': 9, 'deprel': 'root', 'head': 0}, 'object': {'upos': 'NOUN', 'text': 'Vorschlag', 'id': 11, 'deprel': 'obj', 'head': 9}}]",['SVO']
630,Adam kidnappte Johnson.,1,"[{'subject': {'upos': 'PROPN', 'text': 'Adam', 'id': 1, 'deprel': 'nsubj', 'head': 2}, 'verb': {'upos': 'VERB', 'text': 'kidnappte', 'id': 2, 'deprel': 'root', 'head': 0}, 'object': {'upos': 'PROPN', 'text': 'Johnson', 'id': 3, 'deprel': 'obj', 'head': 2}}]",['SVO']
138,Al-Afdal lagerte in der Ebene von al-Majdal in einem Tal außerhalb Askalons und bereitete sich auf den Weitermarsch und die Belagerung vor.,1,"[{'subject': {'upos': 'PROPN', 'text': 'Al', 'id': 1, 'deprel': 'nsubj', 'head': 4}, 'verb': {'upos': 'VERB', 'text': 'bereitete', 'id': 18, 'deprel': 'conj', 'head': 4}, 'object': {'upos': 'PRON', 'text': 'sich', 'id': 19, 'deprel': 'obj', 'head': 18}}]",['SVO']
750,"Albano Carrisi, auch bekannt als Al Bano, begann seine Karriere als Rockmusiker vor dem Theater.",1,"[{'subject': {'upos': 'PROPN', 'text': 'Albano', 'id': 1, 'deprel': 'nsubj', 'head': 10}, 'verb': {'upos': 'VERB', 'text': 'begann', 'id': 10, 'deprel': 'root', 'head': 0}, 'object': {'upos': 'NOUN', 'text': 'Karriere', 'id': 12, 'deprel': 'obj', 'head': 10}}]",['SVO']
733,Aleksander Wolszczan entdeckte PSR B1257+12 im Jahr 1990.,1,"[{'subject': {'upos': 'PROPN', 'text': 'Aleksander', 'id': 1, 'deprel': 'nsubj', 'head': 3}, 'verb': {'upos': 'VERB', 'text': 'entdeckte', 'id': 3, 'deprel': 'root', 'head': 0}, 'object': {'upos': 'PROPN', 'text': 'PSR', 'id': 4, 'deprel': 'obj', 'head': 3}}]",['SVO']
720,"Alice erlangte ihre normale Größe, indem sie auf eine Raupe traf, die ihr half, ihre Normalgröße zu erlangen.",1,"[{'subject': {'upos': 'PROPN', 'text': 'Alice', 'id': 1, 'deprel': 'nsubj', 'head': 2}, 'verb': {'upos': 'VERB', 'text': 'erlangte', 'id': 2, 'deprel': 'root', 'head': 0}, 'object': {'upos': 'NOUN', 'text': 'Größe', 'id': 5, 'deprel': 'obj', 'head': 2}}]",['SVO']
142,"Alkibiades lockte die spartanische Flotte aus dem Hafen, um sie dann mit Hilfe von Thrasybulos und Theramenes zu überwältigen und die Schiffe zu kapern.",1,"[{'subject': {'upos': 'PROPN', 'text': 'Alkibiades', 'id': 1, 'deprel': 'nsubj', 'head': 2}, 'verb': {'upos': 'VERB', 'text': 'lockte', 'id': 2, 'deprel': 'root', 'head': 0}, 'object': {'upos': 'NOUN', 'text': 'Flotte', 'id': 5, 'deprel': 'obj', 'head': 2}}]",['SVO']
869,"Allan Lamb und Ian Botham behaupteten, dass Khan den Ball manipuliert hätte.",1,"[{'subject': {'upos': 'PROPN', 'text': 'Khan', 'id': 9, 'deprel': 'nsubj', 'head': 12}, 'object': {'upos': 'NOUN', 'text': 'Ball', 'id': 11, 'deprel': 'obj', 'head': 12}, 'verb': {'upos': 'VERB', 'text': 'manipuliert', 'id': 12, 'deprel': 'ccomp', 'head': 6}}]",['SOV']
1672,Ambrosius taufte Augustinus zusammen mit seinem Sohn Adeodatus und seinem Freund Alypius in Mailand.,1,"[{'subject': {'upos': 'PROPN', 'text': 'Ambrosius', 'id': 1, 'deprel': 'nsubj', 'head': 2}, 'verb': {'upos': 'VERB', 'text': 'taufte', 'id': 2, 'deprel': 'root', 'head': 0}, 'object': {'upos': 'PROPN', 'text': 'Augustinus', 'id': 3, 'deprel': 'obj', 'head': 2}}]",['SVO']
647,Anatomische Defekte stellen eine Verbindung zwischen der äußeren Umgebung und dem Nervensystem her.,1,"[{'subject': {'upos': 'NOUN', 'text': 'Defekte', 'id': 2, 'deprel': 'nsubj', 'head': 3}, 'verb': {'upos': 'VERB', 'text': 'stellen', 'id': 3, 'deprel': 'root', 'head': 0}, 'object': {'upos': 'NOUN', 'text': 'Verbindung', 'id': 5, 'deprel': 'obj', 'head': 3}}]",['SVO']
1958,"Angel wird von keiner Person verlassen, da er Tess nachgibt und sie liebt.",1,"[{'subject': {'upos': 'PRON', 'text': 'er', 'id': 9, 'deprel': 'nsubj', 'head': 11}, 'object': {'upos': 'PROPN', 'text': 'Tess', 'id': 10, 'deprel': 'obj', 'head': 11}, 'verb': {'upos': 'VERB', 'text': 'nachgibt', 'id': 11, 'deprel': 'advcl', 'head': 6}}]",['SOV']
1307,"Anita Desai veröffentlichte ihr erstes Buch ""Cry, the Peacock"" im Jahre 1963.",1,"[{'subject': {'upos': 'PROPN', 'text': 'Anita', 'id': 1, 'deprel': 'nsubj', 'head': 3}, 'verb': {'upos': 'VERB', 'text': 'veröffentlichte', 'id': 3, 'deprel': 'root', 'head': 0}, 'object': {'upos': 'NOUN', 'text': 'Buch', 'id': 6, 'deprel': 'obj', 'head': 3}}]",['SVO']
1235,"Äquatorialguinea liegt 155 km südlich des Äquators, obwohl es den Namen trägt.",1,"[{'subject': {'upos': 'PRON', 'text': 'es', 'id': 10, 'deprel': 'nsubj', 'head': 13}, 'object': {'upos': 'NOUN', 'text': 'Namen', 'id': 12, 'deprel': 'obj', 'head': 13}, 'verb': {'upos': 'VERB', 'text': 'trägt', 'id': 13, 'deprel': 'advcl', 'head': 2}}]",['SOV']
851,"Atkinson hatte drei Kinder: Benjamin, Lily und Isla.",1,"[{'subject': {'upos': 'PROPN', 'text': 'Atkinson', 'id': 1, 'deprel': 'nsubj', 'head': 2}, 'verb': {'upos': 'VERB', 'text': 'hatte', 'id': 2, 'deprel': 'root', 'head': 0}, 'object': {'upos': 'NOUN', 'text': 'Kinder', 'id': 4, 'deprel': 'obj', 'head': 2}}]",['SVO']
1594,Audouin Dollfus identifizierte Janus am 15.,1,"[{'subject': {'upos': 'PROPN', 'text': 'Audouin', 'id': 1, 'deprel': 'nsubj', 'head': 3}, 'verb': {'upos': 'VERB', 'text': 'identifizierte', 'id': 3, 'deprel': 'root', 'head': 0}, 'object': {'upos': 'PROPN', 'text': 'Janus', 'id': 4, 'deprel': 'obj', 'head': 3}}]",['SVO']
1444,Außerdem erhielt er einen Oscar in der Kategorie „Beste visuelle Effekte“ und war weiterhin nominiert für weitere Kategorien.,1,"[{'verb': {'upos': 'VERB', 'text': 'erhielt', 'id': 2, 'deprel': 'root', 'head': 0}, 'subject': {'upos': 'PRON', 'text': 'er', 'id': 3, 'deprel': 'nsubj', 'head': 2}, 'object': {'upos': 'PROPN', 'text': 'Oscar', 'id': 5, 'deprel': 'obj', 'head': 2}}]",['VSO']
405,"Außerdem können weitere, geringe Beimengungen von beispielsweise Calcium eine Variation der Farbe hervorrufen.",1,"[{'subject': {'upos': 'NOUN', 'text': 'Beimengungen', 'id': 6, 'deprel': 'nsubj', 'head': 14}, 'object': {'upos': 'NOUN', 'text': 'Variation', 'id': 11, 'deprel': 'obj', 'head': 14}, 'verb': {'upos': 'VERB', 'text': 'hervorrufen', 'id': 14, 'deprel': 'root', 'head': 0}}]",['SOV']
1783,Australien besiegte Neuseeland in der zweiten Runde mit 2:0 und 4:1.,1,"[{'subject': {'upos': 'PROPN', 'text': 'Australien', 'id': 1, 'deprel': 'nsubj', 'head': 2}, 'verb': {'upos': 'VERB', 'text': 'besiegte', 'id': 2, 'deprel': 'root', 'head': 0}, 'object': {'upos': 'PROPN', 'text': 'Neuseeland', 'id': 3, 'deprel': 'obj', 'head': 2}}]",['SVO']
1744,"Australien hat seit Jahren eine defizitäre Leistungsbilanz, die Anteile am BIP schwankten in der Vergangenheit von minus zwei bis minus sechs Prozent.",1,"[{'subject': {'upos': 'PROPN', 'text': 'Australien', 'id': 1, 'deprel': 'nsubj', 'head': 2}, 'verb': {'upos': 'VERB', 'text': 'hat', 'id': 2, 'deprel': 'root', 'head': 0}, 'object': {'upos': 'NOUN', 'text': 'Leistungsbilanz', 'id': 7, 'deprel': 'obj', 'head': 2}}]",['SVO']
1886,Avicii hat Seek Bromance im Herbst 2010 veröffentlicht.,1,"[{'subject': {'upos': 'PROPN', 'text': 'Avicii', 'id': 1, 'deprel': 'nsubj', 'head': 9}, 'object': {'upos': 'PROPN', 'text': 'Seek', 'id': 3, 'deprel': 'obj', 'head': 9}, 'verb': {'upos': 'VERB', 'text': 'veröffentlicht', 'id': 9, 'deprel': 'root', 'head': 0}}]",['SOV']
238,"Basierend auf den Texten kann ich sagen, dass Monday in einer Zelle bei dem CAB (Central Authority Bureau) zu finden ist, wie Friday feststellt, als sie die Überwachungskameras nutzt.",1,"[{'subject': {'upos': 'PRON', 'text': 'sie', 'id': 31, 'deprel': 'nsubj', 'head': 34}, 'object': {'upos': 'NOUN', 'text': 'Überwachungskameras', 'id': 33, 'deprel': 'obj', 'head': 34}, 'verb': {'upos': 'VERB', 'text': 'nutzt', 'id': 34, 'deprel': 'advcl', 'head': 28}}]",['SOV']
749,Batagram erhielt den Status eines eigenständigen Distrikts im Juli 1993.,1,"[{'subject': {'upos': 'PROPN', 'text': 'Batagram', 'id': 1, 'deprel': 'nsubj', 'head': 2}, 'verb': {'upos': 'VERB', 'text': 'erhielt', 'id': 2, 'deprel': 'root', 'head': 0}, 'object': {'upos': 'NOUN', 'text': 'Status', 'id': 4, 'deprel': 'obj', 'head': 2}}]",['SVO']
504,"Bayramov begann seine Arbeit an dem Projekt ""Kulturelle Persönlichkeiten"" in der Mitte der 70er Jahre.",1,"[{'subject': {'upos': 'PROPN', 'text': 'Bayramov', 'id': 1, 'deprel': 'nsubj', 'head': 2}, 'verb': {'upos': 'VERB', 'text': 'begann', 'id': 2, 'deprel': 'root', 'head': 0}, 'object': {'upos': 'NOUN', 'text': 'Arbeit', 'id': 4, 'deprel': 'obj', 'head': 2}}]",['SVO']
505,Bayramov wurde im Jahre 1984 den zweiten Platz und ein Laureate Diplom für den Wettbewerb zum 60-jährigen Bestehen der Turkmenischen SSR und der Kommunistischen Partei der TuSSR zugesprochen.,1,"[{'subject': {'upos': 'PROPN', 'text': 'Bayramov', 'id': 1, 'deprel': 'nsubj', 'head': 32}, 'object': {'upos': 'NOUN', 'text': 'Platz', 'id': 9, 'deprel': 'obj', 'head': 32}, 'verb': {'upos': 'VERB', 'text': 'zugesprochen', 'id': 32, 'deprel': 'root', 'head': 0}}]",['SOV']
1819,Ben-Gurion erklärte die israelische Unabhängigkeit am 14.,1,"[{'subject': {'upos': 'PROPN', 'text': 'Ben', 'id': 1, 'deprel': 'nsubj', 'head': 4}, 'verb': {'upos': 'VERB', 'text': 'erklärte', 'id': 4, 'deprel': 'root', 'head': 0}, 'object': {'upos': 'NOUN', 'text': 'Unabhängigkeit', 'id': 7, 'deprel': 'obj', 'head': 4}}]",['SVO']
1032,Beowulf erschlägt den feuerspeienden Drachen vor seinem Tod.,1,"[{'subject': {'upos': 'PROPN', 'text': 'Beowulf', 'id': 1, 'deprel': 'nsubj', 'head': 2}, 'verb': {'upos': 'VERB', 'text': 'erschlägt', 'id': 2, 'deprel': 'root', 'head': 0}, 'object': {'upos': 'NOUN', 'text': 'Drachen', 'id': 5, 'deprel': 'obj', 'head': 2}}]",['SVO']
109,"Berengar II., der fränkische König von Italien und Römische Kaiser, nahm Spoleto um 949 von seinem letzten Markgrafen zurück.",1,"[{'subject': {'upos': 'PROPN', 'text': 'Berengar', 'id': 1, 'deprel': 'nsubj', 'head': 13}, 'verb': {'upos': 'VERB', 'text': 'nahm', 'id': 13, 'deprel': 'root', 'head': 0}, 'object': {'upos': 'PROPN', 'text': 'Spoleto', 'id': 14, 'deprel': 'obj', 'head': 13}}]",['SVO']
582,Biff versucht sich bei Marty einzudrängen.,1,"[{'subject': {'upos': 'PROPN', 'text': 'Biff', 'id': 1, 'deprel': 'nsubj', 'head': 2}, 'verb': {'upos': 'VERB', 'text': 'versucht', 'id': 2, 'deprel': 'root', 'head': 0}, 'object': {'upos': 'PRON', 'text': 'sich', 'id': 3, 'deprel': 'obj', 'head': 2}}]",['SVO']
101,"Bond tötet zwei Männer, die planen, ein vollbesetztes Stadion in die Luft zu sprengen.",1,"[{'subject': {'upos': 'PROPN', 'text': 'Bond', 'id': 1, 'deprel': 'nsubj', 'head': 2}, 'verb': {'upos': 'VERB', 'text': 'tötet', 'id': 2, 'deprel': 'root', 'head': 0}, 'object': {'upos': 'NOUN', 'text': 'Männer', 'id': 4, 'deprel': 'obj', 'head': 2}}]",['SVO']
1667,Boni hatte 100 Kriegsschiffe zum Schutz seines Handels.,1,"[{'subject': {'upos': 'PROPN', 'text': 'Boni', 'id': 1, 'deprel': 'nsubj', 'head': 2}, 'verb': {'upos': 'VERB', 'text': 'hatte', 'id': 2, 'deprel': 'root', 'head': 0}, 'object': {'upos': 'NOUN', 'text': 'Kriegsschiffe', 'id': 4, 'deprel': 'obj', 'head': 2}}]",['SVO']
1427,"Britney möchte eine Vollzeit-Karriere haben, wie es von Barbara Ellen von The Observer beschrieben wurde.",1,"[{'subject': {'upos': 'PROPN', 'text': 'Britney', 'id': 1, 'deprel': 'nsubj', 'head': 7}, 'object': {'upos': 'NOUN', 'text': 'Karriere', 'id': 6, 'deprel': 'obj', 'head': 7}, 'verb': {'upos': 'VERB', 'text': 'haben', 'id': 7, 'deprel': 'root', 'head': 0}}]",['SOV']
759,Browning beherrschte bereits im Alter von 14 Jahren das Altgriechische.,1,"[{'subject': {'upos': 'PROPN', 'text': 'Browning', 'id': 1, 'deprel': 'nsubj', 'head': 2}, 'verb': {'upos': 'VERB', 'text': 'beherrschte', 'id': 2, 'deprel': 'root', 'head': 0}, 'object': {'upos': 'PROPN', 'text': 'Altgriechische', 'id': 11, 'deprel': 'obj', 'head': 2}}]",['SVO']
919,Butch machte sich im Chopper davon.,1,"[{'subject': {'upos': 'PROPN', 'text': 'Butch', 'id': 1, 'deprel': 'nsubj', 'head': 2}, 'verb': {'upos': 'VERB', 'text': 'machte', 'id': 2, 'deprel': 'root', 'head': 0}, 'object': {'upos': 'PRON', 'text': 'sich', 'id': 3, 'deprel': 'obj', 'head': 2}}]",['SVO']
1049,"Calvin Ellis Stowe, der Ehemann von Harriet Beecher, zeugte mit ihr sieben Kinder, darunter Zwillingsschwestern.",1,"[{'subject': {'upos': 'PROPN', 'text': 'Calvin', 'id': 1, 'deprel': 'nsubj', 'head': 11}, 'verb': {'upos': 'VERB', 'text': 'zeugte', 'id': 11, 'deprel': 'root', 'head': 0}, 'object': {'upos': 'NOUN', 'text': 'Kinder', 'id': 15, 'deprel': 'obj', 'head': 11}}]",['SVO']
103,Central Visayas besteht aus den Hauptinseln Cebu und Bohol sowie der Osthälfte von Negros und bedeckt eine Fläche von 15.886 km².,1,"[{'subject': {'upos': 'PROPN', 'text': 'Central', 'id': 1, 'deprel': 'nsubj', 'head': 3}, 'verb': {'upos': 'VERB', 'text': 'bedeckt', 'id': 16, 'deprel': 'conj', 'head': 3}, 'object': {'upos': 'NOUN', 'text': 'Fläche', 'id': 18, 'deprel': 'obj', 'head': 16}}]",['SVO']
1480,Charles Louis Alphonse Laveran entdeckte das parasitäre Protozoon.,1,"[{'subject': {'upos': 'PROPN', 'text': 'Charles', 'id': 1, 'deprel': 'nsubj', 'head': 5}, 'verb': {'upos': 'VERB', 'text': 'entdeckte', 'id': 5, 'deprel': 'root', 'head': 0}, 'object': {'upos': 'NOUN', 'text': 'Protozoon', 'id': 8, 'deprel': 'obj', 'head': 5}}]",['SVO']
1019,Che Guevara heiratete Aleida March am 2.,1,"[{'subject': {'upos': 'PROPN', 'text': 'Che', 'id': 1, 'deprel': 'nsubj', 'head': 3}, 'verb': {'upos': 'VERB', 'text': 'heiratete', 'id': 3, 'deprel': 'root', 'head': 0}, 'object': {'upos': 'PROPN', 'text': 'Aleida', 'id': 4, 'deprel': 'obj', 'head': 3}}]",['SVO']
241,Childers traf in Afrika die Assemblies of God und half bei einem Hilfsprojekt für den Bau von Schulen.,1,"[{'subject': {'upos': 'PROPN', 'text': 'Childers', 'id': 1, 'deprel': 'nsubj', 'head': 2}, 'verb': {'upos': 'VERB', 'text': 'traf', 'id': 2, 'deprel': 'root', 'head': 0}, 'object': {'upos': 'PROPN', 'text': 'Assemblies', 'id': 6, 'deprel': 'obj', 'head': 2}}]",['SVO']
508,China führte seine sechste nationale Volkszählung am 1.,1,"[{'subject': {'upos': 'PROPN', 'text': 'China', 'id': 1, 'deprel': 'nsubj', 'head': 2}, 'verb': {'upos': 'VERB', 'text': 'führte', 'id': 2, 'deprel': 'root', 'head': 0}, 'object': {'upos': 'NOUN', 'text': 'Volkszählung', 'id': 6, 'deprel': 'obj', 'head': 2}}]",['SVO']
1006,"Christopher Nolan begann im Alter von sieben Jahren, Filme zu produzieren, indem er mit der Super-8-Kamera seines Vaters Actionfiguren filmte.",1,"[{'subject': {'upos': 'PRON', 'text': 'er', 'id': 16, 'deprel': 'nsubj', 'head': 25}, 'object': {'upos': 'NOUN', 'text': 'Actionfiguren', 'id': 24, 'deprel': 'obj', 'head': 25}, 'verb': {'upos': 'VERB', 'text': 'filmte', 'id': 25, 'deprel': 'advcl', 'head': 13}}]",['SOV']
1330,"Claudie André-Deshays hat ihre Abschlüsse in den Studienbereichen Medizin, Biologie, Sportmedizin und Luft- und Raumfahrtmedizin erworben.",1,"[{'subject': {'upos': 'PROPN', 'text': 'Claudie', 'id': 1, 'deprel': 'nsubj', 'head': 21}, 'object': {'upos': 'NOUN', 'text': 'Abschlüsse', 'id': 7, 'deprel': 'obj', 'head': 21}, 'verb': {'upos': 'VERB', 'text': 'erworben', 'id': 21, 'deprel': 'root', 'head': 0}}]",['SOV']
18,Colgate belegte den zweiten Platz als sportlichstes College in Amerika im Oktober 2006.,1,"[{'subject': {'upos': 'PROPN', 'text': 'Colgate', 'id': 1, 'deprel': 'nsubj', 'head': 2}, 'verb': {'upos': 'VERB', 'text': 'belegte', 'id': 2, 'deprel': 'root', 'head': 0}, 'object': {'upos': 'NOUN', 'text': 'Platz', 'id': 5, 'deprel': 'obj', 'head': 2}}]",['SVO']
1233,"Criss verließ die Band Kiss erneut im Frühjahr 2001, kurz vor Beginn der Japan- und Australientournee.",1,"[{'subject': {'upos': 'PROPN', 'text': 'Criss', 'id': 1, 'deprel': 'nsubj', 'head': 2}, 'verb': {'upos': 'VERB', 'text': 'verließ', 'id': 2, 'deprel': 'root', 'head': 0}, 'object': {'upos': 'NOUN', 'text': 'Band', 'id': 4, 'deprel': 'obj', 'head': 2}}]",['SVO']
513,Cristian Quintero gewann Silber über 200 Meter Freistil und Bronze über 400 Meter Freistil.,1,"[{'subject': {'upos': 'PROPN', 'text': 'Cristian', 'id': 1, 'deprel': 'nsubj', 'head': 3}, 'verb': {'upos': 'VERB', 'text': 'gewann', 'id': 3, 'deprel': 'root', 'head': 0}, 'object': {'upos': 'NOUN', 'text': 'Silber', 'id': 4, 'deprel': 'obj', 'head': 3}}]",['SVO']
1211,"Croatia Airlines unterhält Codeshare-Abkommen mit verschiedenen Fluggesellschaften, darunter auch Star Alliance-Mitglieder, die mit einem Stern (*) gekennzeichnet sind.",1,"[{'subject': {'upos': 'PROPN', 'text': 'Croatia', 'id': 1, 'deprel': 'nsubj', 'head': 3}, 'verb': {'upos': 'VERB', 'text': 'unterhält', 'id': 3, 'deprel': 'root', 'head': 0}, 'object': {'upos': 'PROPN', 'text': 'Codeshare', 'id': 4, 'deprel': 'obj', 'head': 3}}]",['SVO']
1814,Ćustić begann seinen beruflichen Werdegang 2000 bei seinem Jugendverein NK Zadar.,1,"[{'subject': {'upos': 'PROPN', 'text': 'Ćustić', 'id': 1, 'deprel': 'nsubj', 'head': 2}, 'verb': {'upos': 'VERB', 'text': 'begann', 'id': 2, 'deprel': 'root', 'head': 0}, 'object': {'upos': 'NOUN', 'text': 'Werdegang', 'id': 5, 'deprel': 'obj', 'head': 2}}]",['SVO']
1754,"Daniel Frost Comstock schlug vor, in der Mitte zwischen zwei Uhren einen Sender zu platzieren, welcher ein Signal an beide Uhren sendet, die wiederum bei Ankunft des Signals in Gang gesetzt werden.",1,"[{'subject': {'upos': 'DET', 'text': 'welcher', 'id': 18, 'deprel': 'nsubj', 'head': 24}, 'object': {'upos': 'NOUN', 'text': 'Signal', 'id': 20, 'deprel': 'obj', 'head': 24}, 'verb': {'upos': 'VERB', 'text': 'sendet', 'id': 24, 'deprel': 'acl', 'head': 14}}]",['SOV']
1570,Darüber hinaus gewährte Deutschland 50 Millionen D-Mark.,1,"[{'verb': {'upos': 'VERB', 'text': 'gewährte', 'id': 3, 'deprel': 'root', 'head': 0}, 'subject': {'upos': 'PROPN', 'text': 'Deutschland', 'id': 4, 'deprel': 'nsubj', 'head': 3}, 'object': {'upos': 'PROPN', 'text': 'D', 'id': 7, 'deprel': 'obj', 'head': 3}}]",['VSO']
394,"Das Album ""Bad"" von Michael Jackson hatte fünf Nummer-eins-Hits: ""I Just Can’t Stop Loving You"", ""Bad"", ""The Way You Make Me Feel"", ""Man in the Mirror"" und ""Dirty Diana"".",1,"[{'subject': {'upos': 'NOUN', 'text': 'Album', 'id': 2, 'deprel': 'nsubj', 'head': 9}, 'verb': {'upos': 'VERB', 'text': 'hatte', 'id': 9, 'deprel': 'root', 'head': 0}, 'object': {'upos': 'NOUN', 'text': 'Hits', 'id': 15, 'deprel': 'obj', 'head': 9}}]",['SVO']
1058,"Das Baby, das Aishwarya Rai zur Welt brachte, war ein Mädchen.",1,"[{'object': {'upos': 'PRON', 'text': 'das', 'id': 4, 'deprel': 'obj', 'head': 10}, 'subject': {'upos': 'PROPN', 'text': 'Aishwarya', 'id': 5, 'deprel': 'nsubj', 'head': 10}, 'verb': {'upos': 'VERB', 'text': 'brachte', 'id': 10, 'deprel': 'acl', 'head': 2}}]",['OSV']
1707,Das Bevölkerungswachstum in Minnesota beschränkt sich vornehmlich auf die städtischen Gebiete.,1,"[{'subject': {'upos': 'NOUN', 'text': 'Bevölkerungswachstum', 'id': 2, 'deprel': 'nsubj', 'head': 5}, 'verb': {'upos': 'VERB', 'text': 'beschränkt', 'id': 5, 'deprel': 'root', 'head': 0}, 'object': {'upos': 'PRON', 'text': 'sich', 'id': 6, 'deprel': 'obj', 'head': 5}}]",['SVO']
1250,Das Bild zeigt die meisten Feldpositionen und deren Bezeichnungen im Cricket.,1,"[{'subject': {'upos': 'NOUN', 'text': 'Bild', 'id': 2, 'deprel': 'nsubj', 'head': 3}, 'verb': {'upos': 'VERB', 'text': 'zeigt', 'id': 3, 'deprel': 'root', 'head': 0}, 'object': {'upos': 'NOUN', 'text': 'Feldpositionen', 'id': 6, 'deprel': 'obj', 'head': 3}}]",['SVO']
619,Das Birkhall-Anwesen umfasst 210 Quadratkilometer.,1,"[{'subject': {'upos': 'PROPN', 'text': 'Birkhall', 'id': 2, 'deprel': 'nsubj', 'head': 5}, 'verb': {'upos': 'VERB', 'text': 'umfasst', 'id': 5, 'deprel': 'root', 'head': 0}, 'object': {'upos': 'NOUN', 'text': 'Quadratkilometer', 'id': 7, 'deprel': 'obj', 'head': 5}}]",['SVO']
1798,Das Celebesbecken bildete sich vor 42 Millionen Jahren.,1,"[{'subject': {'upos': 'NOUN', 'text': 'Celebesbecken', 'id': 2, 'deprel': 'nsubj', 'head': 3}, 'verb': {'upos': 'VERB', 'text': 'bildete', 'id': 3, 'deprel': 'root', 'head': 0}, 'object': {'upos': 'PRON', 'text': 'sich', 'id': 4, 'deprel': 'obj', 'head': 3}}]",['SVO']
199,Das Chandra-Röntgenteleskop enthüllte die Existenz extrem heißen Gases in NGC 6543.,1,"[{'subject': {'upos': 'PROPN', 'text': 'Chandra', 'id': 2, 'deprel': 'nsubj', 'head': 5}, 'verb': {'upos': 'VERB', 'text': 'enthüllte', 'id': 5, 'deprel': 'root', 'head': 0}, 'object': {'upos': 'NOUN', 'text': 'Existenz', 'id': 7, 'deprel': 'obj', 'head': 5}}]",['SVO']
1367,Das Direktorium kann zwölf Mitglieder und deren Stellvertretern wählen.,1,"[{'subject': {'upos': 'NOUN', 'text': 'Direktorium', 'id': 2, 'deprel': 'nsubj', 'head': 9}, 'object': {'upos': 'NOUN', 'text': 'Mitglieder', 'id': 5, 'deprel': 'obj', 'head': 9}, 'verb': {'upos': 'VERB', 'text': 'wählen', 'id': 9, 'deprel': 'root', 'head': 0}}]",['SOV']
212,Das Durchschnittsalter im Land beträgt 35 Jahre.,1,"[{'subject': {'upos': 'NOUN', 'text': 'Durchschnittsalter', 'id': 2, 'deprel': 'nsubj', 'head': 6}, 'verb': {'upos': 'VERB', 'text': 'beträgt', 'id': 6, 'deprel': 'root', 'head': 0}, 'object': {'upos': 'NOUN', 'text': 'Jahre', 'id': 8, 'deprel': 'obj', 'head': 6}}]",['SVO']
157,Das Durchschnittseinkommen betrug 27.066 USD pro Haushalt und 32.431 USD pro Familie.,1,"[{'subject': {'upos': 'NOUN', 'text': 'Durchschnittseinkommen', 'id': 2, 'deprel': 'nsubj', 'head': 3}, 'verb': {'upos': 'VERB', 'text': 'betrug', 'id': 3, 'deprel': 'root', 'head': 0}, 'object': {'upos': 'PROPN', 'text': 'USD', 'id': 5, 'deprel': 'obj', 'head': 3}}]",['SVO']
336,"Das Durchschnittseinkommen der Männer betrug 26.485 USD, während das Durchschnittseinkommen der Frauen 18.039 USD betrug.",1,"[{'subject': {'upos': 'NOUN', 'text': 'Durchschnittseinkommen', 'id': 11, 'deprel': 'nsubj', 'head': 16}, 'object': {'upos': 'PROPN', 'text': 'USD', 'id': 15, 'deprel': 'obj', 'head': 16}, 'verb': {'upos': 'VERB', 'text': 'betrug', 'id': 16, 'deprel': 'advcl', 'head': 5}}]",['SOV']
1291,"Das E 80 Straßennetz setzte sich in Bulgarien fort, von der Grenze mit Bulgarien bei Kapitan Andreevo/Kapıkule nach Sofia, von dort weiter nach Priština, Dubrovnik, Pescara, Rom, Genua, Nizza, Toulouse, Burgos, Salamanca bis nach Lissabon.",1,"[{'subject': {'upos': 'PROPN', 'text': 'E', 'id': 2, 'deprel': 'nsubj', 'head': 5}, 'verb': {'upos': 'VERB', 'text': 'setzte', 'id': 5, 'deprel': 'root', 'head': 0}, 'object': {'upos': 'PRON', 'text': 'sich', 'id': 6, 'deprel': 'obj', 'head': 5}}]",['SVO']
174,"Das Ferapontow-Kloster wurde durch die Polen verwüstet, als es Probleme gab.",1,"[{'subject': {'upos': 'PRON', 'text': 'es', 'id': 12, 'deprel': 'nsubj', 'head': 14}, 'object': {'upos': 'NOUN', 'text': 'Probleme', 'id': 13, 'deprel': 'obj', 'head': 14}, 'verb': {'upos': 'VERB', 'text': 'gab', 'id': 14, 'deprel': 'advcl', 'head': 9}}]",['SOV']
683,Das Gewehr soll angeblich eine Reichweite von drei Kilometer haben.,1,"[{'subject': {'upos': 'NOUN', 'text': 'Gewehr', 'id': 2, 'deprel': 'nsubj', 'head': 10}, 'object': {'upos': 'NOUN', 'text': 'Reichweite', 'id': 6, 'deprel': 'obj', 'head': 10}, 'verb': {'upos': 'VERB', 'text': 'haben', 'id': 10, 'deprel': 'root', 'head': 0}}]",['SOV']
1134,"Das Gewicht der Brust wird als zu hoch betrachtet, wenn es zehn Kilogramm überschreitet.",1,"[{'subject': {'upos': 'PRON', 'text': 'es', 'id': 12, 'deprel': 'nsubj', 'head': 15}, 'object': {'upos': 'NOUN', 'text': 'Kilogramm', 'id': 14, 'deprel': 'obj', 'head': 15}, 'verb': {'upos': 'VERB', 'text': 'überschreitet', 'id': 15, 'deprel': 'advcl', 'head': 8}}]",['SOV']
1422,"Das Gewicht von Bärenmakis beträgt etwa 0,3 bis 0,5 Kilogramm.",1,"[{'subject': {'upos': 'NOUN', 'text': 'Gewicht', 'id': 2, 'deprel': 'nsubj', 'head': 5}, 'verb': {'upos': 'VERB', 'text': 'beträgt', 'id': 5, 'deprel': 'root', 'head': 0}, 'object': {'upos': 'NOUN', 'text': 'Kilogramm', 'id': 10, 'deprel': 'obj', 'head': 5}}]",['SVO']
523,Das Hereroland umfasst das sogenannte Hereroland; größtenteils die östliche namibische Region Omaheke sowie Teile der Regionen Otjozondjupa und Kunene.,1,"[{'subject': {'upos': 'PROPN', 'text': 'Hereroland', 'id': 2, 'deprel': 'nsubj', 'head': 3}, 'verb': {'upos': 'VERB', 'text': 'umfasst', 'id': 3, 'deprel': 'root', 'head': 0}, 'object': {'upos': 'PROPN', 'text': 'Hereroland', 'id': 6, 'deprel': 'obj', 'head': 3}}]",['SVO']
416,"Das Kaliber AA-52 hat eine Größe von 7,62 Millimeter.",1,"[{'subject': {'upos': 'NOUN', 'text': 'Kaliber', 'id': 2, 'deprel': 'nsubj', 'head': 4}, 'verb': {'upos': 'VERB', 'text': 'hat', 'id': 4, 'deprel': 'root', 'head': 0}, 'object': {'upos': 'NOUN', 'text': 'Größe', 'id': 6, 'deprel': 'obj', 'head': 4}}]",['SVO']
957,Das Licht von der Sonnenoberfläche zur Erde benötigt etwa 8 Minuten.,1,"[{'subject': {'upos': 'NOUN', 'text': 'Licht', 'id': 2, 'deprel': 'nsubj', 'head': 9}, 'verb': {'upos': 'VERB', 'text': 'benötigt', 'id': 9, 'deprel': 'root', 'head': 0}, 'object': {'upos': 'NOUN', 'text': 'Minuten', 'id': 12, 'deprel': 'obj', 'head': 9}}]",['SVO']
846,"Das modifizierte Polysaccharid, das Hofmann 1929 entdeckte, heißt Chitin.",1,"[{'subject': {'upos': 'PRON', 'text': 'das', 'id': 5, 'deprel': 'nsubj', 'head': 8}, 'object': {'upos': 'PROPN', 'text': 'Hofmann', 'id': 6, 'deprel': 'obj', 'head': 8}, 'verb': {'upos': 'VERB', 'text': 'entdeckte', 'id': 8, 'deprel': 'acl', 'head': 3}}]",['SOV']
481,Das National Botanical Research Institute von Indien nutzt das Grundstück.,1,"[{'subject': {'upos': 'PROPN', 'text': 'National', 'id': 2, 'deprel': 'nsubj', 'head': 8}, 'verb': {'upos': 'VERB', 'text': 'nutzt', 'id': 8, 'deprel': 'root', 'head': 0}, 'object': {'upos': 'NOUN', 'text': 'Grundstück', 'id': 10, 'deprel': 'obj', 'head': 8}}]",['SVO']
1523,"Das Nexus 5 hat eine 8-Megapixel-Rückkamera inklusive optischem Bildstabilisator und eine 1,3-Megapixel-Frontkamera.",1,"[{'subject': {'upos': 'PROPN', 'text': 'Nexus', 'id': 2, 'deprel': 'nsubj', 'head': 4}, 'verb': {'upos': 'VERB', 'text': 'hat', 'id': 4, 'deprel': 'root', 'head': 0}, 'object': {'upos': 'NOUN', 'text': 'Rückkamera', 'id': 10, 'deprel': 'obj', 'head': 4}}]",['SVO']
1539,Das Norwegische Olympische Komitee bewarb sich 2013 für die Olympischen Winterspiele 2022.,1,"[{'subject': {'upos': 'PROPN', 'text': 'Komitee', 'id': 4, 'deprel': 'nsubj', 'head': 5}, 'verb': {'upos': 'VERB', 'text': 'bewarb', 'id': 5, 'deprel': 'root', 'head': 0}, 'object': {'upos': 'PRON', 'text': 'sich', 'id': 6, 'deprel': 'obj', 'head': 5}}]",['SVO']
1610,Das Poland-Syndrom betrifft Männer am häufigsten.,1,"[{'subject': {'upos': 'NOUN', 'text': 'Syndrom', 'id': 4, 'deprel': 'nsubj', 'head': 5}, 'verb': {'upos': 'VERB', 'text': 'betrifft', 'id': 5, 'deprel': 'root', 'head': 0}, 'object': {'upos': 'NOUN', 'text': 'Männer', 'id': 6, 'deprel': 'obj', 'head': 5}}]",['SVO']
1228,"Das Projekt ""Kiss Meets the Phantom of the Park"" orientierte sich an den Filmen ""A Hard Day's Night"" und ""Star Wars"".",1,"[{'subject': {'upos': 'NOUN', 'text': 'Projekt', 'id': 2, 'deprel': 'nsubj', 'head': 12}, 'verb': {'upos': 'VERB', 'text': 'orientierte', 'id': 12, 'deprel': 'root', 'head': 0}, 'object': {'upos': 'PRON', 'text': 'sich', 'id': 13, 'deprel': 'obj', 'head': 12}}]",['SVO']
887,"Das Qualitätsmanagementsystem, das entspricht API Spec Q1 ohne den Monogramm-Anhang, ist ISO/TS 29001.",1,"[{'subject': {'upos': 'PRON', 'text': 'das', 'id': 4, 'deprel': 'nsubj', 'head': 5}, 'verb': {'upos': 'VERB', 'text': 'entspricht', 'id': 5, 'deprel': 'parataxis', 'head': 2}, 'object': {'upos': 'PROPN', 'text': 'API', 'id': 6, 'deprel': 'obj', 'head': 5}}]",['SVO']
32,"Das Schiehallion-Experiment hatte das Ziel, die mittlere Massendichte der Erde zu bestimmen.",1,"[{'subject': {'upos': 'PROPN', 'text': 'Schiehallion', 'id': 2, 'deprel': 'nsubj', 'head': 5}, 'verb': {'upos': 'VERB', 'text': 'hatte', 'id': 5, 'deprel': 'root', 'head': 0}, 'object': {'upos': 'NOUN', 'text': 'Ziel', 'id': 7, 'deprel': 'obj', 'head': 5}}]",['SVO']
1314,Das Spitzschwanz-Bronzemännchen erreicht eine Körperlänge von elf bis zwölf Zentimeter.,1,"[{'subject': {'upos': 'NOUN', 'text': 'Bronzemännchen', 'id': 4, 'deprel': 'nsubj', 'head': 5}, 'verb': {'upos': 'VERB', 'text': 'erreicht', 'id': 5, 'deprel': 'root', 'head': 0}, 'object': {'upos': 'NOUN', 'text': 'Körperlänge', 'id': 7, 'deprel': 'obj', 'head': 5}}]",['SVO']
1669,"Das Sultanat von Brunei kontrollierte während der Herrschaft des Sultans Bolkiah die Küstenregionen von Nordwest-Borneo, das heutige Gebiet von Brunei, Sarawak und Sabah, und reichte bis zum Delta des Kapuas-Flusses in West-Kalimantan.",1,"[{'subject': {'upos': 'NOUN', 'text': 'Sultanat', 'id': 2, 'deprel': 'nsubj', 'head': 5}, 'verb': {'upos': 'VERB', 'text': 'kontrollierte', 'id': 5, 'deprel': 'root', 'head': 0}, 'object': {'upos': 'NOUN', 'text': 'Küstenregionen', 'id': 13, 'deprel': 'obj', 'head': 5}}]",['SVO']
342,"Das Tier, die Weißwangenlerche, legt in der Regel zwei Eier.",1,"[{'subject': {'upos': 'NOUN', 'text': 'Tier', 'id': 2, 'deprel': 'nsubj', 'head': 7}, 'verb': {'upos': 'VERB', 'text': 'legt', 'id': 7, 'deprel': 'root', 'head': 0}, 'object': {'upos': 'NOUN', 'text': 'Eier', 'id': 12, 'deprel': 'obj', 'head': 7}}]",['SVO']
1451,"Das TRIPS-Abkommen muss ratifiziert werden, wenn ein Land Zugang zu den Märkten der WTO-Mitglieder erlangen will.",1,"[{'subject': {'upos': 'NOUN', 'text': 'Land', 'id': 11, 'deprel': 'nsubj', 'head': 20}, 'object': {'upos': 'NOUN', 'text': 'Zugang', 'id': 12, 'deprel': 'obj', 'head': 20}, 'verb': {'upos': 'VERB', 'text': 'erlangen', 'id': 20, 'deprel': 'advcl', 'head': 6}}]",['SOV']
1306,"Das Unterseeboot der US-Navy wird von Splicern übernommen, die aus Tauchkapseln emporsteigen und die Mannschaft töten.",1,"[{'subject': {'upos': 'PRON', 'text': 'die', 'id': 12, 'deprel': 'nsubj', 'head': 15}, 'object': {'upos': 'NOUN', 'text': 'Mannschaft', 'id': 18, 'deprel': 'obj', 'head': 19}, 'verb': {'upos': 'VERB', 'text': 'töten', 'id': 19, 'deprel': 'conj', 'head': 15}}]",['SOV']
290,"Das Video ""Bad Blood"" erhielt innerhalb der ersten 24 Stunden 20,1 Millionen Aufrufe bei Vevo.",1,"[{'subject': {'upos': 'NOUN', 'text': 'Video', 'id': 2, 'deprel': 'nsubj', 'head': 7}, 'verb': {'upos': 'VERB', 'text': 'erhielt', 'id': 7, 'deprel': 'root', 'head': 0}, 'object': {'upos': 'NOUN', 'text': 'Aufrufe', 'id': 15, 'deprel': 'obj', 'head': 7}}]",['SVO']
1476,"Das Weltkulturerbe enthält mehrere Felsmalereien, verteilt über die Fläche von den Pyrenäen bis zur Provinz Granada.",1,"[{'subject': {'upos': 'NOUN', 'text': 'Weltkulturerbe', 'id': 2, 'deprel': 'nsubj', 'head': 3}, 'verb': {'upos': 'VERB', 'text': 'enthält', 'id': 3, 'deprel': 'root', 'head': 0}, 'object': {'upos': 'NOUN', 'text': 'Felsmalereien', 'id': 5, 'deprel': 'obj', 'head': 3}}]",['SVO']
1029,"Das Wort Comoros stammt vom arabischen Dschuzur al-Qamar (جزر القمر) ab, was ""Mondinseln"" bedeutet.",1,"[{'subject': {'upos': 'PRON', 'text': 'was', 'id': 18, 'deprel': 'nsubj', 'head': 22}, 'object': {'upos': 'NOUN', 'text': 'Mondinseln', 'id': 20, 'deprel': 'obj', 'head': 22}, 'verb': {'upos': 'VERB', 'text': 'bedeutet', 'id': 22, 'deprel': 'acl', 'head': 8}}]",['SOV']
456,Das Zentrum der Staatsgemächer im Buckingham Palace bildet das Musikzimmer.,1,"[{'subject': {'upos': 'NOUN', 'text': 'Zentrum', 'id': 2, 'deprel': 'nsubj', 'head': 9}, 'verb': {'upos': 'VERB', 'text': 'bildet', 'id': 9, 'deprel': 'root', 'head': 0}, 'object': {'upos': 'NOUN', 'text': 'Musikzimmer', 'id': 11, 'deprel': 'obj', 'head': 9}}]",['SVO']
1190,"David Karp war 17 Jahre alt, als seine Eltern sich trennten.",1,"[{'subject': {'upos': 'NOUN', 'text': 'Eltern', 'id': 10, 'deprel': 'nsubj', 'head': 12}, 'object': {'upos': 'PRON', 'text': 'sich', 'id': 11, 'deprel': 'obj', 'head': 12}, 'verb': {'upos': 'VERB', 'text': 'trennten', 'id': 12, 'deprel': 'advcl', 'head': 6}}]",['SOV']
991,Dawkins kritisiert insbesondere Kreationismus und Intelligent Design.,1,"[{'subject': {'upos': 'PROPN', 'text': 'Dawkins', 'id': 1, 'deprel': 'nsubj', 'head': 2}, 'verb': {'upos': 'VERB', 'text': 'kritisiert', 'id': 2, 'deprel': 'root', 'head': 0}, 'object': {'upos': 'NOUN', 'text': 'Kreationismus', 'id': 4, 'deprel': 'obj', 'head': 2}}]",['SVO']
822,Der Aston Villa Football Club hatte sein erstes offizielles Spiel gegen das heimische Rugbyteam Brook St.,1,"[{'subject': {'upos': 'PROPN', 'text': 'Aston', 'id': 2, 'deprel': 'nsubj', 'head': 6}, 'verb': {'upos': 'VERB', 'text': 'hatte', 'id': 6, 'deprel': 'root', 'head': 0}, 'object': {'upos': 'NOUN', 'text': 'Spiel', 'id': 10, 'deprel': 'obj', 'head': 6}}]",['SVO']
948,"Der AUDIT-Test ist ein reines Screeningverfahren, das anhand von zehn Fragen hauptsächlich persönliche Trinkgewohnheiten erhebt.",1,"[{'subject': {'upos': 'PRON', 'text': 'das', 'id': 10, 'deprel': 'nsubj', 'head': 18}, 'object': {'upos': 'NOUN', 'text': 'Trinkgewohnheiten', 'id': 17, 'deprel': 'obj', 'head': 18}, 'verb': {'upos': 'VERB', 'text': 'erhebt', 'id': 18, 'deprel': 'acl', 'head': 8}}]",['SOV']
791,"Der Bechdel-Test tauchte 1985 zum ersten Mal auf, als Alison Bechdel ihn in ihrem Comic ""Dykes to Watch Out For"" bekannt machte.",1,"[{'subject': {'upos': 'PROPN', 'text': 'Alison', 'id': 14, 'deprel': 'nsubj', 'head': 28}, 'object': {'upos': 'PRON', 'text': 'ihn', 'id': 16, 'deprel': 'obj', 'head': 28}, 'verb': {'upos': 'VERB', 'text': 'machte', 'id': 28, 'deprel': 'advcl', 'head': 5}}]",['SOV']
1175,"Der Begriff ""Rupie"" leitet sich von dem altindischen Wort ""rūp"" oder ""rūpā"" mit der Bedeutung ""Silber"" her.",1,"[{'subject': {'upos': 'NOUN', 'text': 'Begriff', 'id': 2, 'deprel': 'nsubj', 'head': 6}, 'verb': {'upos': 'VERB', 'text': 'leitet', 'id': 6, 'deprel': 'root', 'head': 0}, 'object': {'upos': 'PRON', 'text': 'sich', 'id': 7, 'deprel': 'obj', 'head': 6}}]",['SVO']
1557,"Der Begriff Demand-Chain-Management bedeutet insoweit dasselbe wie Supply-Chain-Management, jedoch mit Betonung auf die Nachfrageseite.",1,"[{'subject': {'upos': 'NOUN', 'text': 'Begriff', 'id': 2, 'deprel': 'nsubj', 'head': 8}, 'verb': {'upos': 'VERB', 'text': 'bedeutet', 'id': 8, 'deprel': 'root', 'head': 0}, 'object': {'upos': 'DET', 'text': 'dasselbe', 'id': 10, 'deprel': 'obj', 'head': 8}}]",['SVO']
637,"Der Discovery Channel strahlte die Serie ""Duell der Tiere"" aus.",1,"[{'subject': {'upos': 'PROPN', 'text': 'Discovery', 'id': 2, 'deprel': 'nsubj', 'head': 4}, 'verb': {'upos': 'VERB', 'text': 'strahlte', 'id': 4, 'deprel': 'root', 'head': 0}, 'object': {'upos': 'NOUN', 'text': 'Serie', 'id': 6, 'deprel': 'obj', 'head': 4}}]",['SVO']
781,"Der Distrikt, in dem sich Agra befindet, erstreckt sich über eine Fläche von 4041 km².",1,"[{'subject': {'upos': 'NOUN', 'text': 'Distrikt', 'id': 2, 'deprel': 'nsubj', 'head': 10}, 'verb': {'upos': 'VERB', 'text': 'erstreckt', 'id': 10, 'deprel': 'root', 'head': 0}, 'object': {'upos': 'PRON', 'text': 'sich', 'id': 11, 'deprel': 'obj', 'head': 10}}]",['SVO']
541,Der Emmaboda glasverk in Schweden entwickelte das Glas für die Säulen.,1,"[{'subject': {'upos': 'PROPN', 'text': 'Emmaboda', 'id': 2, 'deprel': 'nsubj', 'head': 6}, 'verb': {'upos': 'VERB', 'text': 'entwickelte', 'id': 6, 'deprel': 'root', 'head': 0}, 'object': {'upos': 'NOUN', 'text': 'Glas', 'id': 8, 'deprel': 'obj', 'head': 6}}]",['SVO']
156,"Der Erzbischof von Seoul, Stephen Kardinal Kim Sou-hwan, hat die Rolle der Weihe gespielt.",1,"[{'subject': {'upos': 'NOUN', 'text': 'Erzbischof', 'id': 2, 'deprel': 'nsubj', 'head': 18}, 'object': {'upos': 'NOUN', 'text': 'Rolle', 'id': 15, 'deprel': 'obj', 'head': 18}, 'verb': {'upos': 'VERB', 'text': 'gespielt', 'id': 18, 'deprel': 'root', 'head': 0}}]",['SOV']
178,"Der Film ""Alice im Wunderland: Hinter den Spiegeln"" hatte seine Premiere in den USA am 27.",1,"[{'subject': {'upos': 'NOUN', 'text': 'Film', 'id': 2, 'deprel': 'nsubj', 'head': 13}, 'verb': {'upos': 'VERB', 'text': 'hatte', 'id': 13, 'deprel': 'root', 'head': 0}, 'object': {'upos': 'NOUN', 'text': 'Premiere', 'id': 15, 'deprel': 'obj', 'head': 13}}]",['SVO']
1446,"Der Film ""Braveheart"" gewann fünf Oscars.",1,"[{'subject': {'upos': 'NOUN', 'text': 'Film', 'id': 2, 'deprel': 'nsubj', 'head': 6}, 'verb': {'upos': 'VERB', 'text': 'gewann', 'id': 6, 'deprel': 'root', 'head': 0}, 'object': {'upos': 'NOUN', 'text': 'Oscars', 'id': 8, 'deprel': 'obj', 'head': 6}}]",['SVO']
699,"Der Film ""The Equalizer"" hatte seine Weltpremiere am 7.",1,"[{'subject': {'upos': 'NOUN', 'text': 'Film', 'id': 2, 'deprel': 'nsubj', 'head': 7}, 'verb': {'upos': 'VERB', 'text': 'hatte', 'id': 7, 'deprel': 'root', 'head': 0}, 'object': {'upos': 'NOUN', 'text': 'Weltpremiere', 'id': 9, 'deprel': 'obj', 'head': 7}}]",['SVO']
1444,Der Film erhielt eine Goldene Leinwand für mehr als drei Millionen Kinozuschauer in Deutschland sowie kurze Zeit später eine Goldene Leinwand mit Stern für mehr als sechs Millionen Zuschauer.,1,"[{'subject': {'upos': 'NOUN', 'text': 'Film', 'id': 2, 'deprel': 'nsubj', 'head': 3}, 'verb': {'upos': 'VERB', 'text': 'erhielt', 'id': 3, 'deprel': 'root', 'head': 0}, 'object': {'upos': 'PROPN', 'text': 'Leinwand', 'id': 6, 'deprel': 'obj', 'head': 3}}]",['SVO']
1443,Der Film spielte am Startwochenende 132 Millionen US-Dollar ein und weltweit über 1 Milliarde Dollar ein.,1,"[{'subject': {'upos': 'NOUN', 'text': 'Film', 'id': 2, 'deprel': 'nsubj', 'head': 3}, 'verb': {'upos': 'VERB', 'text': 'spielte', 'id': 3, 'deprel': 'root', 'head': 0}, 'object': {'upos': 'PROPN', 'text': 'US', 'id': 9, 'deprel': 'obj', 'head': 3}}]",['SVO']
47,"Der Film, der Fassbender dazu brachte, seine Freundin Alicia Vikander zu treffen, war ""The Light Between Oceans"".",1,"[{'subject': {'upos': 'PRON', 'text': 'der', 'id': 4, 'deprel': 'nsubj', 'head': 7}, 'object': {'upos': 'PROPN', 'text': 'Fassbender', 'id': 5, 'deprel': 'obj', 'head': 7}, 'verb': {'upos': 'VERB', 'text': 'brachte', 'id': 7, 'deprel': 'acl', 'head': 2}}]",['SOV']
340,Der Flughafen Kunming-Changshui verbindet Südost- und Südasien.,1,"[{'subject': {'upos': 'NOUN', 'text': 'Flughafen', 'id': 2, 'deprel': 'nsubj', 'head': 6}, 'verb': {'upos': 'VERB', 'text': 'verbindet', 'id': 6, 'deprel': 'root', 'head': 0}, 'object': {'upos': 'NOUN', 'text': 'Südost', 'id': 7, 'deprel': 'obj', 'head': 6}}]",['SVO']
371,Der freiwillige Wehrdienst ersetzte 2011 die Wehrpflicht.,1,"[{'subject': {'upos': 'NOUN', 'text': 'Wehrdienst', 'id': 3, 'deprel': 'nsubj', 'head': 4}, 'verb': {'upos': 'VERB', 'text': 'ersetzte', 'id': 4, 'deprel': 'root', 'head': 0}, 'object': {'upos': 'NOUN', 'text': 'Wehrpflicht', 'id': 7, 'deprel': 'obj', 'head': 4}}]",['SVO']
474,"Der Generalgouverneur behielt bedeutenden Einfluss auf die Gesetzgebung in Indien, insbesondere das Vetorecht für jedes eingebrachte Gesetz und die Fähigkeit, ohne Zustimmung der Legislative Geldmittel für bestimmte Zwecke auszugeben.",1,"[{'subject': {'upos': 'NOUN', 'text': 'Generalgouverneur', 'id': 2, 'deprel': 'nsubj', 'head': 3}, 'verb': {'upos': 'VERB', 'text': 'behielt', 'id': 3, 'deprel': 'root', 'head': 0}, 'object': {'upos': 'NOUN', 'text': 'Einfluss', 'id': 5, 'deprel': 'obj', 'head': 3}}]",['SVO']
463,"Der größte und offiziellste Empfang ist das Staatsbankett, das jeden November stattfindet, wenn der Monarch die Angehörigen des ausländischen diplomatischen Korps einlädt.",1,"[{'subject': {'upos': 'NOUN', 'text': 'Monarch', 'id': 17, 'deprel': 'nsubj', 'head': 24}, 'object': {'upos': 'NOUN', 'text': 'Angehörigen', 'id': 19, 'deprel': 'obj', 'head': 24}, 'verb': {'upos': 'VERB', 'text': 'einlädt', 'id': 24, 'deprel': 'advcl', 'head': 13}}]",['SOV']
922,Der heilige Francisco de Xavier brachte das Christentum nach Japan.,1,"[{'subject': {'upos': 'PROPN', 'text': 'Francisco', 'id': 3, 'deprel': 'nsubj', 'head': 6}, 'verb': {'upos': 'VERB', 'text': 'brachte', 'id': 6, 'deprel': 'root', 'head': 0}, 'object': {'upos': 'NOUN', 'text': 'Christentum', 'id': 8, 'deprel': 'obj', 'head': 6}}]",['SVO']
422,Der Herzog Karl Eugen gab der Universität Tübingen 1769 den heutigen Namen.,1,"[{'subject': {'upos': 'NOUN', 'text': 'Herzog', 'id': 2, 'deprel': 'nsubj', 'head': 5}, 'verb': {'upos': 'VERB', 'text': 'gab', 'id': 5, 'deprel': 'root', 'head': 0}, 'object': {'upos': 'NOUN', 'text': 'Namen', 'id': 12, 'deprel': 'obj', 'head': 5}}]",['SVO']
1129,"Der iPod ist nicht direkt mit Musikshops, die das WMA-Format mit DRM verwenden, kompatibel.",1,"[{'subject': {'upos': 'PRON', 'text': 'die', 'id': 9, 'deprel': 'nsubj', 'head': 16}, 'object': {'upos': 'PROPN', 'text': 'WMA', 'id': 11, 'deprel': 'obj', 'head': 16}, 'verb': {'upos': 'VERB', 'text': 'verwenden', 'id': 16, 'deprel': 'acl', 'head': 7}}]",['SOV']
1411,"Der Krieg von Netscape wurde beendet, als Netscape verkauft wurde und offiziell die Führung in den Browser-Kriegen an Microsoft abgab.",1,"[{'subject': {'upos': 'PROPN', 'text': 'Netscape', 'id': 9, 'deprel': 'nsubj:pass', 'head': 10}, 'object': {'upos': 'NOUN', 'text': 'Führung', 'id': 15, 'deprel': 'obj', 'head': 23}, 'verb': {'upos': 'VERB', 'text': 'abgab', 'id': 23, 'deprel': 'conj', 'head': 10}}]",['SOV']
777,"Der Lindy Hop entwickelte sich um 1940 in den USA zu Boogie-Woogie, da er auf deutlich schnellerer Musik basierte.",1,"[{'subject': {'upos': 'PROPN', 'text': 'Lindy', 'id': 2, 'deprel': 'nsubj', 'head': 4}, 'verb': {'upos': 'VERB', 'text': 'entwickelte', 'id': 4, 'deprel': 'root', 'head': 0}, 'object': {'upos': 'PRON', 'text': 'sich', 'id': 5, 'deprel': 'obj', 'head': 4}}]",['SVO']
187,"Der Mossad versuchte Salameh mindestens viermal umzubringen, bevor er schließlich im Januar 1979 getötet wurde.",1,"[{'subject': {'upos': 'PROPN', 'text': 'Mossad', 'id': 2, 'deprel': 'nsubj', 'head': 3}, 'verb': {'upos': 'VERB', 'text': 'versuchte', 'id': 3, 'deprel': 'root', 'head': 0}, 'object': {'upos': 'PROPN', 'text': 'Salameh', 'id': 4, 'deprel': 'obj', 'head': 3}}]",['SVO']
1491,"Der Präsident folgt den Empfehlungen des Premierministers und des Kabinetts, wenn er seine exekutiven Befugnisse ausübt.",1,"[{'subject': {'upos': 'PRON', 'text': 'er', 'id': 13, 'deprel': 'nsubj', 'head': 17}, 'object': {'upos': 'NOUN', 'text': 'Befugnisse', 'id': 16, 'deprel': 'obj', 'head': 17}, 'verb': {'upos': 'VERB', 'text': 'ausübt', 'id': 17, 'deprel': 'advcl', 'head': 3}}]",['SOV']
476,Der Präsident von Indien benutzt den Rashtrapati Bhavan.,1,"[{'subject': {'upos': 'NOUN', 'text': 'Präsident', 'id': 2, 'deprel': 'nsubj', 'head': 5}, 'verb': {'upos': 'VERB', 'text': 'benutzt', 'id': 5, 'deprel': 'root', 'head': 0}, 'object': {'upos': 'PROPN', 'text': 'Rashtrapati', 'id': 7, 'deprel': 'obj', 'head': 5}}]",['SVO']
67,Der Rumpf des Schiffwracks Royal Oak steigt bis 5 m Tiefe auf.,1,"[{'subject': {'upos': 'NOUN', 'text': 'Rumpf', 'id': 2, 'deprel': 'nsubj', 'head': 7}, 'verb': {'upos': 'VERB', 'text': 'steigt', 'id': 7, 'deprel': 'root', 'head': 0}, 'object': {'upos': 'NOUN', 'text': 'Tiefe', 'id': 11, 'deprel': 'obj', 'head': 7}}]",['SVO']
1082,"Der Spieler kann Erfahrungspunkte verwenden, um Boni in Form von ""Schiffsladungen"" aus seiner Heimatstadt empfangen zu können.",1,"[{'subject': {'upos': 'NOUN', 'text': 'Spieler', 'id': 2, 'deprel': 'nsubj', 'head': 5}, 'object': {'upos': 'NOUN', 'text': 'Erfahrungspunkte', 'id': 4, 'deprel': 'obj', 'head': 5}, 'verb': {'upos': 'VERB', 'text': 'verwenden', 'id': 5, 'deprel': 'root', 'head': 0}}]",['SOV']
1897,"Der Spieler war im darauf folgenden Spiel gesperrt, wenn er eine Gelbe Karte erhielt.",1,"[{'subject': {'upos': 'PRON', 'text': 'er', 'id': 12, 'deprel': 'nsubj', 'head': 16}, 'object': {'upos': 'NOUN', 'text': 'Karte', 'id': 15, 'deprel': 'obj', 'head': 16}, 'verb': {'upos': 'VERB', 'text': 'erhielt', 'id': 16, 'deprel': 'advcl', 'head': 9}}]",['SOV']
1728,Der Sputnik 1 wog 83 kg.,1,"[{'subject': {'upos': 'PROPN', 'text': 'Sputnik', 'id': 2, 'deprel': 'nsubj', 'head': 4}, 'verb': {'upos': 'VERB', 'text': 'wog', 'id': 4, 'deprel': 'root', 'head': 0}, 'object': {'upos': 'NOUN', 'text': 'kg', 'id': 6, 'deprel': 'obj', 'head': 4}}]",['SVO']
1260,Der Staatspräsident verfügt über weitreichende Exekutivvollmachten und untersteht sowohl die Regierung als auch die Streitkräfte.,1,"[{'subject': {'upos': 'NOUN', 'text': 'Staatspräsident', 'id': 2, 'deprel': 'nsubj', 'head': 3}, 'verb': {'upos': 'VERB', 'text': 'untersteht', 'id': 8, 'deprel': 'conj', 'head': 3}, 'object': {'upos': 'NOUN', 'text': 'Regierung', 'id': 11, 'deprel': 'obj', 'head': 8}}]",['SVO']
9,Der Stern hatte eine enorme Eruption von Materie vor 4000 bis 6000 Jahren.,1,"[{'subject': {'upos': 'NOUN', 'text': 'Stern', 'id': 2, 'deprel': 'nsubj', 'head': 3}, 'verb': {'upos': 'VERB', 'text': 'hatte', 'id': 3, 'deprel': 'root', 'head': 0}, 'object': {'upos': 'NOUN', 'text': 'Eruption', 'id': 6, 'deprel': 'obj', 'head': 3}}]",['SVO']
1338,Der Tod von Jimmie Lee Jackson löste den MLK-Marsch aus.,1,"[{'subject': {'upos': 'NOUN', 'text': 'Tod', 'id': 2, 'deprel': 'nsubj', 'head': 7}, 'verb': {'upos': 'VERB', 'text': 'löste', 'id': 7, 'deprel': 'root', 'head': 0}, 'object': {'upos': 'PROPN', 'text': 'MLK', 'id': 9, 'deprel': 'obj', 'head': 7}}]",['SVO']
693,Der Turibaum erreicht Wuchshöhen von bis zu 8 bis 15 Meter.,1,"[{'subject': {'upos': 'NOUN', 'text': 'Turibaum', 'id': 2, 'deprel': 'nsubj', 'head': 3}, 'verb': {'upos': 'VERB', 'text': 'erreicht', 'id': 3, 'deprel': 'root', 'head': 0}, 'object': {'upos': 'NOUN', 'text': 'Wuchshöhen', 'id': 4, 'deprel': 'obj', 'head': 3}}]",['SVO']
1002,"Der US-Präsident, der 1983 einen Zoll auf Motorräder erhoben hat, war Ronald Reagan.",1,"[{'subject': {'upos': 'PRON', 'text': 'der', 'id': 6, 'deprel': 'nsubj', 'head': 12}, 'object': {'upos': 'NOUN', 'text': 'Zoll', 'id': 9, 'deprel': 'obj', 'head': 12}, 'verb': {'upos': 'VERB', 'text': 'erhoben', 'id': 12, 'deprel': 'acl', 'head': 2}}]",['SOV']
876,"Der verbindende Router, der Verbindungen aufrecht erhält, heißt Area Border Router (ABR).",1,"[{'subject': {'upos': 'PRON', 'text': 'der', 'id': 5, 'deprel': 'nsubj', 'head': 8}, 'object': {'upos': 'NOUN', 'text': 'Verbindungen', 'id': 6, 'deprel': 'obj', 'head': 8}, 'verb': {'upos': 'VERB', 'text': 'erhält', 'id': 8, 'deprel': 'acl', 'head': 3}}]",['SOV']
321,"Der Vertrag, der die Nutzung des Flughafens für 30 Jahre regelt, wurde am 28.",1,"[{'subject': {'upos': 'PRON', 'text': 'der', 'id': 4, 'deprel': 'nsubj', 'head': 12}, 'object': {'upos': 'NOUN', 'text': 'Nutzung', 'id': 6, 'deprel': 'obj', 'head': 12}, 'verb': {'upos': 'VERB', 'text': 'regelt', 'id': 12, 'deprel': 'acl', 'head': 2}}]",['SOV']
458,Der viktorianische Ballsaal im Palast hat eine Größe von 37 m × 20 m.,1,"[{'subject': {'upos': 'NOUN', 'text': 'Ballsaal', 'id': 3, 'deprel': 'nsubj', 'head': 7}, 'verb': {'upos': 'VERB', 'text': 'hat', 'id': 7, 'deprel': 'root', 'head': 0}, 'object': {'upos': 'NOUN', 'text': 'Größe', 'id': 9, 'deprel': 'obj', 'head': 7}}]",['SVO']
566,Der Westminster Palace hat fünf Stockwerke.,1,"[{'subject': {'upos': 'PROPN', 'text': 'Westminster', 'id': 2, 'deprel': 'nsubj', 'head': 4}, 'verb': {'upos': 'VERB', 'text': 'hat', 'id': 4, 'deprel': 'root', 'head': 0}, 'object': {'upos': 'NOUN', 'text': 'Stockwerke', 'id': 6, 'deprel': 'obj', 'head': 4}}]",['SVO']
1697,Der Wisconsin Gletscher zog sich vor 12.000 Jahren aus Minnesota zurück.,1,"[{'subject': {'upos': 'PROPN', 'text': 'Wisconsin', 'id': 2, 'deprel': 'nsubj', 'head': 4}, 'verb': {'upos': 'VERB', 'text': 'zog', 'id': 4, 'deprel': 'root', 'head': 0}, 'object': {'upos': 'PRON', 'text': 'sich', 'id': 5, 'deprel': 'obj', 'head': 4}}]",['SVO']
1581,"Der Zustand, den die Briten umfassten, wurde als ""Pax Britannica"" bezeichnet.",1,"[{'object': {'upos': 'PRON', 'text': 'den', 'id': 4, 'deprel': 'obj', 'head': 7}, 'subject': {'upos': 'NOUN', 'text': 'Briten', 'id': 6, 'deprel': 'nsubj', 'head': 7}, 'verb': {'upos': 'VERB', 'text': 'umfassten', 'id': 7, 'deprel': 'acl', 'head': 2}}]",['OSV']
372,Deutschland hat einen großen Beitrag in der Technologie- und Wissenschaftslandschaft geleistet.,1,"[{'subject': {'upos': 'PROPN', 'text': 'Deutschland', 'id': 1, 'deprel': 'nsubj', 'head': 12}, 'object': {'upos': 'NOUN', 'text': 'Beitrag', 'id': 5, 'deprel': 'obj', 'head': 12}, 'verb': {'upos': 'VERB', 'text': 'geleistet', 'id': 12, 'deprel': 'root', 'head': 0}}]",['SOV']
1457,Dev S. Sukumar schrieb die Biografie von Prakash Padukone.,1,"[{'subject': {'upos': 'PROPN', 'text': 'Dev', 'id': 1, 'deprel': 'nsubj', 'head': 4}, 'verb': {'upos': 'VERB', 'text': 'schrieb', 'id': 4, 'deprel': 'root', 'head': 0}, 'object': {'upos': 'NOUN', 'text': 'Biografie', 'id': 6, 'deprel': 'obj', 'head': 4}}]",['SVO']
560,"Dezember 1981, der die Vereinigung der Streitkräfte, der Währung und des Wirtschaftsraumes in der Konföderation Senegambia vorsah.",1,"[{'subject': {'upos': 'PRON', 'text': 'der', 'id': 4, 'deprel': 'nsubj', 'head': 19}, 'object': {'upos': 'NOUN', 'text': 'Vereinigung', 'id': 6, 'deprel': 'obj', 'head': 19}, 'verb': {'upos': 'VERB', 'text': 'vorsah', 'id': 19, 'deprel': 'root', 'head': 0}}]",['SOV']
384,Dezember 2005 änderte Awair seinen Namen in Indonesia AirAsia.,1,"[{'verb': {'upos': 'VERB', 'text': 'änderte', 'id': 3, 'deprel': 'root', 'head': 0}, 'subject': {'upos': 'PROPN', 'text': 'Awair', 'id': 4, 'deprel': 'nsubj', 'head': 3}, 'object': {'upos': 'NOUN', 'text': 'Namen', 'id': 6, 'deprel': 'obj', 'head': 3}}]",['VSO']
1105,"Die Abkürzung ""WHO"" bezieht sich auf die Weltgesundheitsorganisation.",1,"[{'subject': {'upos': 'NOUN', 'text': 'Abkürzung', 'id': 2, 'deprel': 'nsubj', 'head': 6}, 'verb': {'upos': 'VERB', 'text': 'bezieht', 'id': 6, 'deprel': 'root', 'head': 0}, 'object': {'upos': 'PRON', 'text': 'sich', 'id': 7, 'deprel': 'obj', 'head': 6}}]",['SVO']
324,Die Aktionen Gorbatschows lösten bei Hardlinern der Nomenklatur Ablehnung und Widerstand aus.,1,"[{'subject': {'upos': 'NOUN', 'text': 'Aktionen', 'id': 2, 'deprel': 'nsubj', 'head': 4}, 'verb': {'upos': 'VERB', 'text': 'lösten', 'id': 4, 'deprel': 'root', 'head': 0}, 'object': {'upos': 'NOUN', 'text': 'Ablehnung', 'id': 9, 'deprel': 'obj', 'head': 4}}]",['SVO']
1942,"Die alle Rekorde brechende Gage, die Roza für ihre Auftritte im Nachtclub Taygetos bekam, betrug 200 Drachmen.",1,"[{'object': {'upos': 'PRON', 'text': 'die', 'id': 7, 'deprel': 'obj', 'head': 16}, 'subject': {'upos': 'PROPN', 'text': 'Roza', 'id': 8, 'deprel': 'nsubj', 'head': 16}, 'verb': {'upos': 'VERB', 'text': 'bekam', 'id': 16, 'deprel': 'acl', 'head': 5}}]",['OSV']
1632,"Die am weitesten verbreitete Religion auf Nauru ist der Protestantismus, insbesondere die Nauru Congregational Church, der etwa 35,7 % der Bevölkerung angehören.",1,"[{'subject': {'upos': 'PRON', 'text': 'der', 'id': 19, 'deprel': 'nsubj', 'head': 25}, 'object': {'upos': 'NOUN', 'text': '%', 'id': 22, 'deprel': 'obj', 'head': 25}, 'verb': {'upos': 'VERB', 'text': 'angehören', 'id': 25, 'deprel': 'acl', 'head': 15}}]",['SOV']
839,Die amerikanische Musikverlagsindustrie produzierte Blues.,1,"[{'subject': {'upos': 'NOUN', 'text': 'Musikverlagsindustrie', 'id': 3, 'deprel': 'nsubj', 'head': 4}, 'verb': {'upos': 'VERB', 'text': 'produzierte', 'id': 4, 'deprel': 'root', 'head': 0}, 'object': {'upos': 'PROPN', 'text': 'Blues', 'id': 5, 'deprel': 'obj', 'head': 4}}]",['SVO']
1365,Die Amtszeit des Präsidenten beträgt fünf Jahre.,1,"[{'subject': {'upos': 'NOUN', 'text': 'Amtszeit', 'id': 2, 'deprel': 'nsubj', 'head': 5}, 'verb': {'upos': 'VERB', 'text': 'beträgt', 'id': 5, 'deprel': 'root', 'head': 0}, 'object': {'upos': 'NOUN', 'text': 'Jahre', 'id': 7, 'deprel': 'obj', 'head': 5}}]",['SVO']
373,Die Ansei-Reform hat niederländische Kriegsschiffe bestellt.,1,"[{'subject': {'upos': 'NOUN', 'text': 'Reform', 'id': 4, 'deprel': 'nsubj', 'head': 8}, 'object': {'upos': 'NOUN', 'text': 'Kriegsschiffe', 'id': 7, 'deprel': 'obj', 'head': 8}, 'verb': {'upos': 'VERB', 'text': 'bestellt', 'id': 8, 'deprel': 'root', 'head': 0}}]",['SOV']
1494,"Die Antwort lautet: Weisen zwei oder mehr Länder eine identische Medaillenbilanz auf, werden sie alphabetisch geordnet auf dem gleichen Rang geführt.",1,"[{'verb': {'upos': 'VERB', 'text': 'Weisen', 'id': 5, 'deprel': 'parataxis', 'head': 23}, 'subject': {'upos': 'NOUN', 'text': 'Länder', 'id': 9, 'deprel': 'nsubj', 'head': 5}, 'object': {'upos': 'NOUN', 'text': 'Medaillenbilanz', 'id': 12, 'deprel': 'obj', 'head': 5}}]",['VSO']
1141,"Die Anwendung von Google Groups unterstützt die beiden Möglichkeiten, die eigenen Beiträge von der Archivierung auszunehmen: Zum einen lassen sich beim sogenannten Nuking Listen von Message-ID-Werten der zu entfernenden Artikel angeben.",1,"[{'object': {'upos': 'PRON', 'text': 'sich', 'id': 5, 'deprel': 'obj', 'head': 20}, 'subject': {'upos': 'NOUN', 'text': 'Listen', 'id': 10, 'deprel': 'nsubj', 'head': 20}, 'verb': {'upos': 'VERB', 'text': 'angeben', 'id': 20, 'deprel': 'xcomp', 'head': 4}}]",['OSV']
594,"Die Art der Durchsetzung, die Doxing betrifft, kann Selbstjustiz, öffentliches Bloßstellen oder Belästigung sein.",1,"[{'subject': {'upos': 'PRON', 'text': 'die', 'id': 6, 'deprel': 'nsubj', 'head': 8}, 'object': {'upos': 'PROPN', 'text': 'Doxing', 'id': 7, 'deprel': 'obj', 'head': 8}, 'verb': {'upos': 'VERB', 'text': 'betrifft', 'id': 8, 'deprel': 'acl', 'head': 2}}]",['SOV']
1721,"Die Aufteilung, die letztendlich nicht sich gegenseitig militärische Unterstützung geben konnte, war die Aufteilung zwischen den Kräften der FANK und den Roten Khmer.",1,"[{'subject': {'upos': 'PRON', 'text': 'die', 'id': 4, 'deprel': 'nsubj', 'head': 11}, 'object': {'upos': 'PRON', 'text': 'sich', 'id': 7, 'deprel': 'obj', 'head': 11}, 'verb': {'upos': 'VERB', 'text': 'geben', 'id': 11, 'deprel': 'acl', 'head': 2}}]",['SOV']
1741,Die australische Hauptstadt und die nördlichen Territorien haben jeweils zwei Senatoren.,1,"[{'subject': {'upos': 'NOUN', 'text': 'Hauptstadt', 'id': 3, 'deprel': 'nsubj', 'head': 8}, 'verb': {'upos': 'VERB', 'text': 'haben', 'id': 8, 'deprel': 'root', 'head': 0}, 'object': {'upos': 'NOUN', 'text': 'Senatoren', 'id': 11, 'deprel': 'obj', 'head': 8}}]",['SVO']
181,Die B-45A hatte ein Bomben-Navigationsradar.,1,"[{'subject': {'upos': 'PROPN', 'text': 'B-45A', 'id': 2, 'deprel': 'nsubj', 'head': 3}, 'verb': {'upos': 'VERB', 'text': 'hatte', 'id': 3, 'deprel': 'root', 'head': 0}, 'object': {'upos': 'NOUN', 'text': 'Navigationsradar', 'id': 7, 'deprel': 'obj', 'head': 3}}]",['SVO']
1230,"Die Band Kiss kontaktierte die ehemaligen Mitglieder Criss und Frehley, um sie an ihrem MTV Unplugged-Auftritt am 9.",1,"[{'subject': {'upos': 'NOUN', 'text': 'Band', 'id': 2, 'deprel': 'nsubj', 'head': 4}, 'verb': {'upos': 'VERB', 'text': 'kontaktierte', 'id': 4, 'deprel': 'root', 'head': 0}, 'object': {'upos': 'NOUN', 'text': 'Mitglieder', 'id': 7, 'deprel': 'obj', 'head': 4}}]",['SVO']
1508,"Die Band wollte ursprünglich als ""Sons of Jonas"" auftreten, bevor sie sich auf den Namen ""Jonas Brothers"" festlegten.",1,"[{'subject': {'upos': 'PRON', 'text': 'sie', 'id': 14, 'deprel': 'nsubj', 'head': 23}, 'object': {'upos': 'PRON', 'text': 'sich', 'id': 15, 'deprel': 'obj', 'head': 23}, 'verb': {'upos': 'VERB', 'text': 'festlegten', 'id': 23, 'deprel': 'advcl', 'head': 11}}]",['SOV']
897,"Die Basketballmeisterschaft der Frauen, die von der Amateur Athletic Union organisiert wurde, verwendete die für den Männer-Basketball vorgeschriebenen Regeln.",1,"[{'subject': {'upos': 'NOUN', 'text': 'Basketballmeisterschaft', 'id': 2, 'deprel': 'nsubj', 'head': 15}, 'verb': {'upos': 'VERB', 'text': 'verwendete', 'id': 15, 'deprel': 'root', 'head': 0}, 'object': {'upos': 'NOUN', 'text': 'Regeln', 'id': 23, 'deprel': 'obj', 'head': 15}}]",['SVO']
218,"Die Beeren haben am wahrscheinlichsten eine grüne, gelbe oder purpurrote Farbe, je nach Sorte.",1,"[{'subject': {'upos': 'NOUN', 'text': 'Beeren', 'id': 2, 'deprel': 'nsubj', 'head': 3}, 'verb': {'upos': 'VERB', 'text': 'haben', 'id': 3, 'deprel': 'root', 'head': 0}, 'object': {'upos': 'NOUN', 'text': 'Farbe', 'id': 13, 'deprel': 'obj', 'head': 3}}]",['SVO']
1209,"Die beste verfügbare Auflösung ist 15 cm, da sie es ermöglicht, einzelne Menschen als solche erkennen zu können.",1,"[{'subject': {'upos': 'PRON', 'text': 'sie', 'id': 10, 'deprel': 'nsubj', 'head': 12}, 'object': {'upos': 'PRON', 'text': 'es', 'id': 11, 'deprel': 'obj', 'head': 12}, 'verb': {'upos': 'VERB', 'text': 'ermöglicht', 'id': 12, 'deprel': 'advcl', 'head': 7}}]",['SOV']
509,"Die Bevölkerungswachstumsrate Chinas beträgt 0,59 %.",1,"[{'subject': {'upos': 'NOUN', 'text': 'Bevölkerungswachstumsrate', 'id': 2, 'deprel': 'nsubj', 'head': 4}, 'verb': {'upos': 'VERB', 'text': 'beträgt', 'id': 4, 'deprel': 'root', 'head': 0}, 'object': {'upos': 'NOUN', 'text': '%', 'id': 6, 'deprel': 'obj', 'head': 4}}]",['SVO']
966,Die Bevölkerungszahl in Kaliningrad betrug bei der letzten Volkszählung im Jahr 2010 431.902 vorwiegend russische Einwohner.,1,"[{'subject': {'upos': 'NOUN', 'text': 'Bevölkerungszahl', 'id': 2, 'deprel': 'nsubj', 'head': 5}, 'verb': {'upos': 'VERB', 'text': 'betrug', 'id': 5, 'deprel': 'root', 'head': 0}, 'object': {'upos': 'NOUN', 'text': 'Einwohner', 'id': 17, 'deprel': 'obj', 'head': 5}}]",['SVO']
751,"Die Bibliothek der Universität Vilnius (VU-Bibliothek) hat heute rund 5,4 Mio.",1,"[{'subject': {'upos': 'NOUN', 'text': 'Bibliothek', 'id': 2, 'deprel': 'nsubj', 'head': 11}, 'verb': {'upos': 'VERB', 'text': 'hat', 'id': 11, 'deprel': 'root', 'head': 0}, 'object': {'upos': 'NOUN', 'text': 'Mio', 'id': 15, 'deprel': 'obj', 'head': 11}}]",['SVO']
1974,Die bis dahin kaiserlichen Beamten konnten ihre Funktionen und ihre Arbeit zum großen Teil unverändert fortsetzen.,1,"[{'subject': {'upos': 'NOUN', 'text': 'Beamten', 'id': 5, 'deprel': 'nsubj', 'head': 17}, 'object': {'upos': 'NOUN', 'text': 'Funktionen', 'id': 8, 'deprel': 'obj', 'head': 17}, 'verb': {'upos': 'VERB', 'text': 'fortsetzen', 'id': 17, 'deprel': 'root', 'head': 0}}]",['SOV']
405,"Die blaue Färbung des Türkis wird dem idiochromatischen Kupfer zugeschrieben, während Grün das Ergebnis der Beimengung des Eisens ist, welches das Aluminium ersetzt hat.",1,"[{'subject': {'upos': 'DET', 'text': 'welches', 'id': 22, 'deprel': 'nsubj', 'head': 25}, 'object': {'upos': 'NOUN', 'text': 'Aluminium', 'id': 24, 'deprel': 'obj', 'head': 25}, 'verb': {'upos': 'VERB', 'text': 'ersetzt', 'id': 25, 'deprel': 'acl', 'head': 17}}]",['SOV']
1205,"Die Blüten haben mindestens eine Hauptbestäubungsmethode, nämlich die Öffnung der Blütenknospe, die durch verschiedene Mechanismen erfolgen kann.",1,"[{'subject': {'upos': 'NOUN', 'text': 'Blüten', 'id': 2, 'deprel': 'nsubj', 'head': 3}, 'verb': {'upos': 'VERB', 'text': 'haben', 'id': 3, 'deprel': 'root', 'head': 0}, 'object': {'upos': 'NOUN', 'text': 'Hauptbestäubungsmethode', 'id': 6, 'deprel': 'obj', 'head': 3}}]",['SVO']
1023,Die Böcke gewinnen während der Paarungszeit die Gunst der weiblichen Tiere durch ihre Kampfkraft und die Größe ihrer Harems.,1,"[{'subject': {'upos': 'NOUN', 'text': 'Böcke', 'id': 2, 'deprel': 'nsubj', 'head': 3}, 'verb': {'upos': 'VERB', 'text': 'gewinnen', 'id': 3, 'deprel': 'root', 'head': 0}, 'object': {'upos': 'NOUN', 'text': 'Gunst', 'id': 8, 'deprel': 'obj', 'head': 3}}]",['SVO']
1796,"Die Brahmanen, die vegetarisch leben, dürfen außer Huhn und Fisch kein Fleisch verzehren.",1,"[{'subject': {'upos': 'NOUN', 'text': 'Brahmanen', 'id': 2, 'deprel': 'nsubj', 'head': 15}, 'object': {'upos': 'NOUN', 'text': 'Fleisch', 'id': 14, 'deprel': 'obj', 'head': 15}, 'verb': {'upos': 'VERB', 'text': 'verzehren', 'id': 15, 'deprel': 'root', 'head': 0}}]",['SOV']
558,Die Breite von Gambia beträgt 10 bis 50 Kilometer.,1,"[{'subject': {'upos': 'NOUN', 'text': 'Breite', 'id': 2, 'deprel': 'nsubj', 'head': 5}, 'verb': {'upos': 'VERB', 'text': 'beträgt', 'id': 5, 'deprel': 'root', 'head': 0}, 'object': {'upos': 'NOUN', 'text': 'Kilometer', 'id': 9, 'deprel': 'obj', 'head': 5}}]",['SVO']
668,Die Briten entsandten eine Streitmacht nach Pune.,1,"[{'subject': {'upos': 'NOUN', 'text': 'Briten', 'id': 2, 'deprel': 'nsubj', 'head': 3}, 'verb': {'upos': 'VERB', 'text': 'entsandten', 'id': 3, 'deprel': 'root', 'head': 0}, 'object': {'upos': 'NOUN', 'text': 'Streitmacht', 'id': 5, 'deprel': 'obj', 'head': 3}}]",['SVO']
468,Die britische Regierung übernahm in Folge von Korruption in Indien teilweise die Kontrolle.,1,"[{'subject': {'upos': 'NOUN', 'text': 'Regierung', 'id': 3, 'deprel': 'nsubj', 'head': 4}, 'verb': {'upos': 'VERB', 'text': 'übernahm', 'id': 4, 'deprel': 'root', 'head': 0}, 'object': {'upos': 'NOUN', 'text': 'Kontrolle', 'id': 13, 'deprel': 'obj', 'head': 4}}]",['SVO']
366,"Die California Spangled Cats werden nachgesagt, anhänglich, sozial, neugierig und widmen sich gänzlich ihren Besitzern zu sein.",1,"[{'subject': {'upos': 'PROPN', 'text': 'California', 'id': 2, 'deprel': 'nsubj:pass', 'head': 6}, 'verb': {'upos': 'VERB', 'text': 'widmen', 'id': 14, 'deprel': 'conj', 'head': 6}, 'object': {'upos': 'PRON', 'text': 'sich', 'id': 15, 'deprel': 'obj', 'head': 14}}]",['SVO']
1300,Die CEMS hat die PRME-Erklärung (Principles for Responsible Management Education) unterzeichnet.,1,"[{'subject': {'upos': 'PROPN', 'text': 'CEMS', 'id': 2, 'deprel': 'nsubj', 'head': 15}, 'object': {'upos': 'PROPN', 'text': 'PRME', 'id': 5, 'deprel': 'obj', 'head': 15}, 'verb': {'upos': 'VERB', 'text': 'unterzeichnet', 'id': 15, 'deprel': 'root', 'head': 0}}]",['SOV']
1299,"Die CEMS ist nützlich für die Studenten, die an dem Programm teilnehmen, da sie ihnen einen Einblick in echte Unternehmensproblematiken und Lösungsansätze geben.",1,"[{'subject': {'upos': 'PRON', 'text': 'sie', 'id': 16, 'deprel': 'nsubj', 'head': 25}, 'object': {'upos': 'NOUN', 'text': 'Einblick', 'id': 19, 'deprel': 'obj', 'head': 25}, 'verb': {'upos': 'VERB', 'text': 'geben', 'id': 25, 'deprel': 'advcl', 'head': 13}}]",['SOV']
1303,Die CEMS-Absolventen gründeten die CEMS Alumni Assoziation (CAA) im Jahr 1993.,1,"[{'subject': {'upos': 'NOUN', 'text': 'Absolventen', 'id': 4, 'deprel': 'nsubj', 'head': 5}, 'verb': {'upos': 'VERB', 'text': 'gründeten', 'id': 5, 'deprel': 'root', 'head': 0}, 'object': {'upos': 'PROPN', 'text': 'CEMS', 'id': 7, 'deprel': 'obj', 'head': 5}}]",['SVO']
0,Die Dampfexplosion schleuderte Vulkanasche zwischen 3050 und 3350 Meter hoch über den Krater hinaus.,1,"[{'subject': {'upos': 'NOUN', 'text': 'Dampfexplosion', 'id': 2, 'deprel': 'nsubj', 'head': 3}, 'verb': {'upos': 'VERB', 'text': 'schleuderte', 'id': 3, 'deprel': 'root', 'head': 0}, 'object': {'upos': 'NOUN', 'text': 'Vulkanasche', 'id': 4, 'deprel': 'obj', 'head': 3}}]",['SVO']
1009,Die Dermatophagie kann zu Bluten und nach einer Zeit sogar Verfärbungen der Haut nach sich ziehen.,1,"[{'subject': {'upos': 'NOUN', 'text': 'Dermatophagie', 'id': 2, 'deprel': 'nsubj', 'head': 16}, 'object': {'upos': 'NOUN', 'text': 'Verfärbungen', 'id': 11, 'deprel': 'obj', 'head': 16}, 'verb': {'upos': 'VERB', 'text': 'ziehen', 'id': 16, 'deprel': 'root', 'head': 0}}]",['SOV']
119,Die deutsche Presse attackierte Hesse.,1,"[{'subject': {'upos': 'NOUN', 'text': 'Presse', 'id': 3, 'deprel': 'nsubj', 'head': 4}, 'verb': {'upos': 'VERB', 'text': 'attackierte', 'id': 4, 'deprel': 'root', 'head': 0}, 'object': {'upos': 'PROPN', 'text': 'Hesse', 'id': 5, 'deprel': 'obj', 'head': 4}}]",['SVO']
532,Die Diät des Beutelteufels hängt ab von den zur Verfügung stehenden Nahrungsquellen und beträgt im Schnitt etwa 15 Prozent seines Körpergewichts pro Mahlzeit.,1,"[{'subject': {'upos': 'NOUN', 'text': 'Diät', 'id': 2, 'deprel': 'nsubj', 'head': 5}, 'verb': {'upos': 'VERB', 'text': 'beträgt', 'id': 15, 'deprel': 'conj', 'head': 5}, 'object': {'upos': 'NOUN', 'text': 'Prozent', 'id': 21, 'deprel': 'obj', 'head': 15}}]",['SVO']
396,"Die durchschnittliche Familiengröße beträgt 3,21 Personen.",1,"[{'subject': {'upos': 'NOUN', 'text': 'Familiengröße', 'id': 3, 'deprel': 'nsubj', 'head': 4}, 'verb': {'upos': 'VERB', 'text': 'beträgt', 'id': 4, 'deprel': 'root', 'head': 0}, 'object': {'upos': 'NOUN', 'text': 'Personen', 'id': 6, 'deprel': 'obj', 'head': 4}}]",['SVO']
1979,Die Ebert treuen Truppen griffen die Residenz am Morgen des 24.,1,"[{'subject': {'upos': 'NOUN', 'text': 'Truppen', 'id': 4, 'deprel': 'nsubj', 'head': 5}, 'verb': {'upos': 'VERB', 'text': 'griffen', 'id': 5, 'deprel': 'root', 'head': 0}, 'object': {'upos': 'NOUN', 'text': 'Residenz', 'id': 7, 'deprel': 'obj', 'head': 5}}]",['SVO']
1647,"Die Eier haben drei Schichten, bevor sie in Schichten zusammengesetzt bekannt sind.",1,"[{'subject': {'upos': 'NOUN', 'text': 'Eier', 'id': 2, 'deprel': 'nsubj', 'head': 3}, 'verb': {'upos': 'VERB', 'text': 'haben', 'id': 3, 'deprel': 'root', 'head': 0}, 'object': {'upos': 'NOUN', 'text': 'Schichten', 'id': 5, 'deprel': 'obj', 'head': 3}}]",['SVO']
690,Die Einfügung einer Tin Whistle in eine Melodie verleiht ihr eine sehr irische Note.,1,"[{'subject': {'upos': 'NOUN', 'text': 'Einfügung', 'id': 2, 'deprel': 'nsubj', 'head': 9}, 'verb': {'upos': 'VERB', 'text': 'verleiht', 'id': 9, 'deprel': 'root', 'head': 0}, 'object': {'upos': 'NOUN', 'text': 'Note', 'id': 14, 'deprel': 'obj', 'head': 9}}]",['SVO']
1472,"Die Eltern des Jungen, Ronaldo, trafen sich in Tokio während der Weltmeisterschaft 2002.",1,"[{'subject': {'upos': 'NOUN', 'text': 'Eltern', 'id': 2, 'deprel': 'nsubj', 'head': 8}, 'verb': {'upos': 'VERB', 'text': 'trafen', 'id': 8, 'deprel': 'root', 'head': 0}, 'object': {'upos': 'PRON', 'text': 'sich', 'id': 9, 'deprel': 'obj', 'head': 8}}]",['SVO']
534,Die Embryonen hängen 100 Tage an den Brustwarzen.,1,"[{'subject': {'upos': 'NOUN', 'text': 'Embryonen', 'id': 2, 'deprel': 'nsubj', 'head': 3}, 'verb': {'upos': 'VERB', 'text': 'hängen', 'id': 3, 'deprel': 'root', 'head': 0}, 'object': {'upos': 'NOUN', 'text': 'Tage', 'id': 5, 'deprel': 'obj', 'head': 3}}]",['SVO']
1703,Die Entdecker kartierten das Gebiet des heutigen Staats Minnesota.,1,"[{'subject': {'upos': 'NOUN', 'text': 'Entdecker', 'id': 2, 'deprel': 'nsubj', 'head': 3}, 'verb': {'upos': 'VERB', 'text': 'kartierten', 'id': 3, 'deprel': 'root', 'head': 0}, 'object': {'upos': 'NOUN', 'text': 'Gebiet', 'id': 5, 'deprel': 'obj', 'head': 3}}]",['SVO']
1452,"Die Entwicklungsländer, Wissenschaftler und nichtstaatliche Organisationen (NGOs) kritisierten das TRIPS-Abkommen am stärksten.",1,"[{'subject': {'upos': 'NOUN', 'text': 'Entwicklungsländer', 'id': 2, 'deprel': 'nsubj', 'head': 11}, 'verb': {'upos': 'VERB', 'text': 'kritisierten', 'id': 11, 'deprel': 'root', 'head': 0}, 'object': {'upos': 'PROPN', 'text': 'TRIPS', 'id': 13, 'deprel': 'obj', 'head': 11}}]",['SVO']
1359,"Die Europäische Presse-Agentur (EPA) betreibt ein Fotoarchiv mit über sechs Millionen Fotos, das auch online zugänglich ist.",1,"[{'subject': {'upos': 'PROPN', 'text': 'Presse', 'id': 3, 'deprel': 'nsubj', 'head': 9}, 'verb': {'upos': 'VERB', 'text': 'betreibt', 'id': 9, 'deprel': 'root', 'head': 0}, 'object': {'upos': 'NOUN', 'text': 'Fotoarchiv', 'id': 11, 'deprel': 'obj', 'head': 9}}]",['SVO']
1458,Die Europäische und die Französische Weltraumagentur (ESA und CNES) haben nach der Third United Nations Conference on the Exploration and Peaceful Uses of Outer Space (UNISPACE III) in Wien im Juli 1999 die International Charter on Space and Major Disasters initiiert.,1,"[{'subject': {'upos': 'PROPN', 'text': 'Weltraumagentur', 'id': 6, 'deprel': 'nsubj', 'head': 46}, 'object': {'upos': 'PROPN', 'text': 'International', 'id': 39, 'deprel': 'obj', 'head': 46}, 'verb': {'upos': 'VERB', 'text': 'initiiert', 'id': 46, 'deprel': 'root', 'head': 0}}]",['SOV']
604,"Die Farbtiefe gibt die Feinheit der Abstufungen an, mit der die Farbe einzelner Bildelemente einer Rastergrafik wiedergegeben werden kann.",1,"[{'subject': {'upos': 'NOUN', 'text': 'Farbtiefe', 'id': 2, 'deprel': 'nsubj', 'head': 3}, 'verb': {'upos': 'VERB', 'text': 'gibt', 'id': 3, 'deprel': 'root', 'head': 0}, 'object': {'upos': 'NOUN', 'text': 'Feinheit', 'id': 5, 'deprel': 'obj', 'head': 3}}]",['SVO']
1930,Die Fazilität für den Privaten Sektor (PSF) konzentriert sich auf Entwicklungsländer.,1,"[{'subject': {'upos': 'NOUN', 'text': 'Fazilität', 'id': 2, 'deprel': 'nsubj', 'head': 10}, 'verb': {'upos': 'VERB', 'text': 'konzentriert', 'id': 10, 'deprel': 'root', 'head': 0}, 'object': {'upos': 'PRON', 'text': 'sich', 'id': 11, 'deprel': 'obj', 'head': 10}}]",['SVO']
889,Die FIFA im International Football Association Board setzt sich aus 4 Vertretern der FIFA und 4 Vertretern der vier britischen Verbände zusammen.,1,"[{'subject': {'upos': 'PROPN', 'text': 'FIFA', 'id': 2, 'deprel': 'nsubj', 'head': 9}, 'verb': {'upos': 'VERB', 'text': 'setzt', 'id': 9, 'deprel': 'root', 'head': 0}, 'object': {'upos': 'PRON', 'text': 'sich', 'id': 10, 'deprel': 'obj', 'head': 9}}]",['SVO']
1882,"Die Fische haben einen dunkelgrauen Rücken, die Färbung wird an den Seiten zunehmend heller und der Bauch ist fast weiß.",1,"[{'subject': {'upos': 'NOUN', 'text': 'Fische', 'id': 2, 'deprel': 'nsubj', 'head': 3}, 'verb': {'upos': 'VERB', 'text': 'haben', 'id': 3, 'deprel': 'root', 'head': 0}, 'object': {'upos': 'NOUN', 'text': 'Rücken', 'id': 6, 'deprel': 'obj', 'head': 3}}]",['SVO']
1684,Die Fischerboote verdienen das meiste Geld mit den Flossen des Hais.,1,"[{'subject': {'upos': 'NOUN', 'text': 'Fischerboote', 'id': 2, 'deprel': 'nsubj', 'head': 3}, 'verb': {'upos': 'VERB', 'text': 'verdienen', 'id': 3, 'deprel': 'root', 'head': 0}, 'object': {'upos': 'NOUN', 'text': 'Geld', 'id': 6, 'deprel': 'obj', 'head': 3}}]",['SVO']
1517,Die Flügelspannweite des Schlangenhalsvogels beträgt im Durchschnitt etwa 120 cm.,1,"[{'subject': {'upos': 'NOUN', 'text': 'Flügelspannweite', 'id': 2, 'deprel': 'nsubj', 'head': 5}, 'verb': {'upos': 'VERB', 'text': 'beträgt', 'id': 5, 'deprel': 'root', 'head': 0}, 'object': {'upos': 'NOUN', 'text': 'cm', 'id': 11, 'deprel': 'obj', 'head': 5}}]",['SVO']
658,Die Fluggesellschaft bekam im Mai 1995 ihren neuen Namen ČSA Czech Airlines.,1,"[{'subject': {'upos': 'NOUN', 'text': 'Fluggesellschaft', 'id': 2, 'deprel': 'nsubj', 'head': 3}, 'verb': {'upos': 'VERB', 'text': 'bekam', 'id': 3, 'deprel': 'root', 'head': 0}, 'object': {'upos': 'NOUN', 'text': 'Namen', 'id': 10, 'deprel': 'obj', 'head': 3}}]",['SVO']
659,Die Fluggesellschaft ČSA hatte im März 2007 5440 Mitarbeiter beschäftigt.,1,"[{'subject': {'upos': 'NOUN', 'text': 'Fluggesellschaft', 'id': 2, 'deprel': 'nsubj', 'head': 11}, 'object': {'upos': 'NOUN', 'text': 'Mitarbeiter', 'id': 10, 'deprel': 'obj', 'head': 11}, 'verb': {'upos': 'VERB', 'text': 'beschäftigt', 'id': 11, 'deprel': 'root', 'head': 0}}]",['SOV']
723,Die Formel verbindet die komplexen Zahlen mit der Trigonometrie.,1,"[{'subject': {'upos': 'NOUN', 'text': 'Formel', 'id': 2, 'deprel': 'nsubj', 'head': 3}, 'verb': {'upos': 'VERB', 'text': 'verbindet', 'id': 3, 'deprel': 'root', 'head': 0}, 'object': {'upos': 'NOUN', 'text': 'Zahlen', 'id': 6, 'deprel': 'obj', 'head': 3}}]",['SVO']
983,Die Frage bezieht sich auf den Ausbruch der Pest in Aberdeen.,1,"[{'subject': {'upos': 'NOUN', 'text': 'Frage', 'id': 2, 'deprel': 'nsubj', 'head': 3}, 'verb': {'upos': 'VERB', 'text': 'bezieht', 'id': 3, 'deprel': 'root', 'head': 0}, 'object': {'upos': 'PRON', 'text': 'sich', 'id': 4, 'deprel': 'obj', 'head': 3}}]",['SVO']
730,Die Frage bezieht sich auf die Ausstrahlung der ersten Staffel einer Fernsehserie.,1,"[{'subject': {'upos': 'NOUN', 'text': 'Frage', 'id': 2, 'deprel': 'nsubj', 'head': 3}, 'verb': {'upos': 'VERB', 'text': 'bezieht', 'id': 3, 'deprel': 'root', 'head': 0}, 'object': {'upos': 'PRON', 'text': 'sich', 'id': 4, 'deprel': 'obj', 'head': 3}}]",['SVO']
798,"Die Frage bezieht sich auf die E-Basseffekte, die in dem ersten Text erwähnt werden.",1,"[{'subject': {'upos': 'NOUN', 'text': 'Frage', 'id': 2, 'deprel': 'nsubj', 'head': 3}, 'verb': {'upos': 'VERB', 'text': 'bezieht', 'id': 3, 'deprel': 'root', 'head': 0}, 'object': {'upos': 'PRON', 'text': 'sich', 'id': 4, 'deprel': 'obj', 'head': 3}}]",['SVO']
116,"Die Franklin fuhr im Juni 1944 in den Westpazifik auf und fuhr über Pearl Harbor nach Eniwetok, wo sie sich der Fast Carrier Task Force als Teil der Task Group 58.2 anschloss.",1,"[{'subject': {'upos': 'PRON', 'text': 'sie', 'id': 21, 'deprel': 'nsubj', 'head': 34}, 'object': {'upos': 'PRON', 'text': 'sich', 'id': 22, 'deprel': 'obj', 'head': 34}, 'verb': {'upos': 'VERB', 'text': 'anschloss', 'id': 34, 'deprel': 'acl', 'head': 18}}]",['SOV']
114,"Die Franklin hat nach Eniwetok gefahren, wo sie sich der Fast Carrier Task Force als Teil der Task Group 58.2 anschloss.",1,"[{'subject': {'upos': 'PRON', 'text': 'sie', 'id': 9, 'deprel': 'nsubj', 'head': 22}, 'object': {'upos': 'PRON', 'text': 'sich', 'id': 10, 'deprel': 'obj', 'head': 22}, 'verb': {'upos': 'VERB', 'text': 'anschloss', 'id': 22, 'deprel': 'acl', 'head': 5}}]",['SOV']
968,"Die Friedrich-Naumann-Stiftung für die Freiheit unterhält auf nationaler Ebene acht Regionalbüros und arbeitet mit zehn Landesstiftungen für liberale Politik zusammen, die in den Bundesländern im Bereich politischer Bildung aktiv sind.",1,"[{'subject': {'upos': 'PROPN', 'text': 'Friedrich', 'id': 2, 'deprel': 'nsubj', 'head': 10}, 'verb': {'upos': 'VERB', 'text': 'unterhält', 'id': 10, 'deprel': 'root', 'head': 0}, 'object': {'upos': 'NOUN', 'text': 'Regionalbüros', 'id': 15, 'deprel': 'obj', 'head': 10}}]",['SVO']
1643,"Die frühesten Amnioten besaßen ein Kiefergelenk, das aus dem Articulare und dem Quadratum zusammengesetzt war.",1,"[{'subject': {'upos': 'NOUN', 'text': 'Amnioten', 'id': 3, 'deprel': 'nsubj', 'head': 4}, 'verb': {'upos': 'VERB', 'text': 'besaßen', 'id': 4, 'deprel': 'root', 'head': 0}, 'object': {'upos': 'NOUN', 'text': 'Kiefergelenk', 'id': 6, 'deprel': 'obj', 'head': 4}}]",['SVO']
1902,"Die G-15 konzentrierte sich auf Kooperation der Länder auf den Gebieten der Investitionen, des Handels und der Technologie.",1,"[{'subject': {'upos': 'PROPN', 'text': 'G-15', 'id': 2, 'deprel': 'nsubj', 'head': 3}, 'verb': {'upos': 'VERB', 'text': 'konzentrierte', 'id': 3, 'deprel': 'root', 'head': 0}, 'object': {'upos': 'PRON', 'text': 'sich', 'id': 4, 'deprel': 'obj', 'head': 3}}]",['SVO']
1817,"Die Gelehrten bezweifelten, ob Theoderich tatsächlich eine Gesetzgebung vornahm, wie früher angenommen.",1,"[{'subject': {'upos': 'PROPN', 'text': 'Theoderich', 'id': 6, 'deprel': 'nsubj', 'head': 10}, 'object': {'upos': 'NOUN', 'text': 'Gesetzgebung', 'id': 9, 'deprel': 'obj', 'head': 10}, 'verb': {'upos': 'VERB', 'text': 'vornahm', 'id': 10, 'deprel': 'ccomp', 'head': 3}}]",['SOV']
1488,"Die Gemeine Sandrasselotter (E.carinatus) ernährt sich vor allem von Kleinsäugern wie Mäusen und Ratten sowie von anderen Kleintieren wie Vögel, Echsen, Frösche und anderen Schlangen.",1,"[{'subject': {'upos': 'PROPN', 'text': 'Sandrasselotter', 'id': 3, 'deprel': 'nsubj', 'head': 7}, 'verb': {'upos': 'VERB', 'text': 'ernährt', 'id': 7, 'deprel': 'root', 'head': 0}, 'object': {'upos': 'PRON', 'text': 'sich', 'id': 8, 'deprel': 'obj', 'head': 7}}]",['SVO']
739,"Die geschätzte Zahl der Zeitungsexemplare im Umlauf lag bei etwa 60.000, was etwa ein Zehntel der Bevölkerung Londons entsprach.",1,"[{'subject': {'upos': 'PRON', 'text': 'was', 'id': 14, 'deprel': 'nsubj', 'head': 21}, 'object': {'upos': 'NOUN', 'text': 'Zehntel', 'id': 17, 'deprel': 'obj', 'head': 21}, 'verb': {'upos': 'VERB', 'text': 'entsprach', 'id': 21, 'deprel': 'acl', 'head': 9}}]",['SOV']
1666,"Die Geschichte des Bruneiischen Großreichs ist schwer zu rekonstruieren, da es in den zeitgenössischen Quellen nur selten erwähnt wird und auch nur wenige Spuren hinterlassen hat.",1,"[{'subject': {'upos': 'PRON', 'text': 'es', 'id': 12, 'deprel': 'nsubj:pass', 'head': 19}, 'object': {'upos': 'NOUN', 'text': 'Spuren', 'id': 25, 'deprel': 'obj', 'head': 26}, 'verb': {'upos': 'VERB', 'text': 'hinterlassen', 'id': 26, 'deprel': 'conj', 'head': 19}}]",['SOV']
432,Die Geschlechter der Weißbrauengibbons unterscheiden sich hinsichtlich der Fellfärbung.,1,"[{'subject': {'upos': 'NOUN', 'text': 'Geschlechter', 'id': 2, 'deprel': 'nsubj', 'head': 5}, 'verb': {'upos': 'VERB', 'text': 'unterscheiden', 'id': 5, 'deprel': 'root', 'head': 0}, 'object': {'upos': 'PRON', 'text': 'sich', 'id': 6, 'deprel': 'obj', 'head': 5}}]",['SVO']
473,"Die gesetzgebenden Kammern für Indien, bestehend aus einem Staatsrat und einer gesetzgebenden Versammlung, beschäftigen sich mit staatlicher Gesetzgebung.",1,"[{'subject': {'upos': 'NOUN', 'text': 'Kammern', 'id': 3, 'deprel': 'nsubj', 'head': 16}, 'verb': {'upos': 'VERB', 'text': 'beschäftigen', 'id': 16, 'deprel': 'root', 'head': 0}, 'object': {'upos': 'PRON', 'text': 'sich', 'id': 17, 'deprel': 'obj', 'head': 16}}]",['SVO']
1972,Die Gewerkschaftsführer trafen sich von 9. bis 12.,1,"[{'subject': {'upos': 'NOUN', 'text': 'Gewerkschaftsführer', 'id': 2, 'deprel': 'nsubj', 'head': 3}, 'verb': {'upos': 'VERB', 'text': 'trafen', 'id': 3, 'deprel': 'root', 'head': 0}, 'object': {'upos': 'PRON', 'text': 'sich', 'id': 4, 'deprel': 'obj', 'head': 3}}]",['SVO']
801,"Die Gewürzpulvermischung Chat Masala setzt sich typischerweise aus folgenden Gewürzen zusammen: Amchoor (Mangopulver), Asafoetida, Kreuzkümmel, Granatapfelsamen, Ingwer, Kala Namak (schwarzes Salz), Koriander, Paprika, schwarzer Pfeffer und Salz.",1,"[{'subject': {'upos': 'NOUN', 'text': 'Gewürzpulvermischung', 'id': 2, 'deprel': 'nsubj', 'head': 5}, 'verb': {'upos': 'VERB', 'text': 'setzt', 'id': 5, 'deprel': 'root', 'head': 0}, 'object': {'upos': 'PRON', 'text': 'sich', 'id': 6, 'deprel': 'obj', 'head': 5}}]",['SVO']
258,Die Goumiers begingen massenhaft Verbrechen während der Schlacht um Monte Cassino in Italien.,1,"[{'subject': {'upos': 'PROPN', 'text': 'Goumiers', 'id': 2, 'deprel': 'nsubj', 'head': 3}, 'verb': {'upos': 'VERB', 'text': 'begingen', 'id': 3, 'deprel': 'root', 'head': 0}, 'object': {'upos': 'NOUN', 'text': 'Verbrechen', 'id': 5, 'deprel': 'obj', 'head': 3}}]",['SVO']
1576,"Die Graf kam nach seiner Flucht aus Europa 1938 in die USA, wo er sich im Juli in New York City niederließ.",1,"[{'subject': {'upos': 'PRON', 'text': 'er', 'id': 15, 'deprel': 'nsubj', 'head': 24}, 'object': {'upos': 'PRON', 'text': 'sich', 'id': 16, 'deprel': 'obj', 'head': 24}, 'verb': {'upos': 'VERB', 'text': 'niederließ', 'id': 24, 'deprel': 'acl', 'head': 12}}]",['SOV']
1936,"Die Gravity-Daniell-Elemente ersetzten die frühe elektrische Primärzelle, das Grove-Element, in der Telegrafie ab den 1860er Jahren.",1,"[{'subject': {'upos': 'PROPN', 'text': 'Gravity', 'id': 2, 'deprel': 'nsubj', 'head': 7}, 'verb': {'upos': 'VERB', 'text': 'ersetzten', 'id': 7, 'deprel': 'root', 'head': 0}, 'object': {'upos': 'NOUN', 'text': 'Primärzelle', 'id': 11, 'deprel': 'obj', 'head': 7}}]",['SVO']
1943,Die griechische Bevölkerung der Diaspora bereitete Roza Eskenazys Lieder einen warmherzigen Empfang.,1,"[{'subject': {'upos': 'NOUN', 'text': 'Bevölkerung', 'id': 3, 'deprel': 'nsubj', 'head': 6}, 'verb': {'upos': 'VERB', 'text': 'bereitete', 'id': 6, 'deprel': 'root', 'head': 0}, 'object': {'upos': 'NOUN', 'text': 'Lieder', 'id': 9, 'deprel': 'obj', 'head': 6}}]",['SVO']
1274,"Die größten Naadam-Spiele finden in der Hauptstadt Ulaanbaatar statt, aber auch andere Städte feiern die Turniere in kleinerem Umfang.",1,"[{'subject': {'upos': 'NOUN', 'text': 'Städte', 'id': 16, 'deprel': 'nsubj', 'head': 17}, 'verb': {'upos': 'VERB', 'text': 'feiern', 'id': 17, 'deprel': 'conj', 'head': 6}, 'object': {'upos': 'NOUN', 'text': 'Turniere', 'id': 19, 'deprel': 'obj', 'head': 17}}]",['SVO']
1580,"Die Gruppe, die sich in Halifax zu sehr von der Regierung getrennt sah, waren die 14.000 Loyalisten, die zum Saint John River zogen.",1,"[{'subject': {'upos': 'PRON', 'text': 'die', 'id': 4, 'deprel': 'nsubj', 'head': 14}, 'object': {'upos': 'PRON', 'text': 'sich', 'id': 5, 'deprel': 'obj', 'head': 14}, 'verb': {'upos': 'VERB', 'text': 'sah', 'id': 14, 'deprel': 'acl', 'head': 2}}]",['SOV']
1601,Die höchstmögliche Punktzahl des GCS (Glasgow Coma Scale) beträgt 15 Punkte.,1,"[{'subject': {'upos': 'NOUN', 'text': 'Punktzahl', 'id': 3, 'deprel': 'nsubj', 'head': 11}, 'verb': {'upos': 'VERB', 'text': 'beträgt', 'id': 11, 'deprel': 'root', 'head': 0}, 'object': {'upos': 'NOUN', 'text': 'Punkte', 'id': 13, 'deprel': 'obj', 'head': 11}}]",['SVO']
135,Die Honolulu erreichte Espírito Santo am 11.,1,"[{'subject': {'upos': 'PROPN', 'text': 'Honolulu', 'id': 2, 'deprel': 'nsubj', 'head': 3}, 'verb': {'upos': 'VERB', 'text': 'erreichte', 'id': 3, 'deprel': 'root', 'head': 0}, 'object': {'upos': 'PROPN', 'text': 'Espírito', 'id': 4, 'deprel': 'obj', 'head': 3}}]",['SVO']
1321,Die Indische Gazelle wog rund 25 Kilogramm.,1,"[{'subject': {'upos': 'PROPN', 'text': 'Gazelle', 'id': 3, 'deprel': 'nsubj', 'head': 4}, 'verb': {'upos': 'VERB', 'text': 'wog', 'id': 4, 'deprel': 'root', 'head': 0}, 'object': {'upos': 'NOUN', 'text': 'Kilogramm', 'id': 7, 'deprel': 'obj', 'head': 4}}]",['SVO']
1316,"Die induktive Erwärmung hat häufige Anwendungen wie das Anlassen, Glühen, Löten, Schweißen, Schmelzen, Aufschrumpfen und die Materialprüfung.",1,"[{'subject': {'upos': 'NOUN', 'text': 'Erwärmung', 'id': 3, 'deprel': 'nsubj', 'head': 4}, 'verb': {'upos': 'VERB', 'text': 'hat', 'id': 4, 'deprel': 'root', 'head': 0}, 'object': {'upos': 'NOUN', 'text': 'Anwendungen', 'id': 6, 'deprel': 'obj', 'head': 4}}]",['SVO']
399,Die Interstate 5 bewegt sich am Dana Point von der Küste ins Inland in nördliche Richtung nach Mission Viejo.,1,"[{'subject': {'upos': 'PROPN', 'text': 'Interstate', 'id': 2, 'deprel': 'nsubj', 'head': 4}, 'verb': {'upos': 'VERB', 'text': 'bewegt', 'id': 4, 'deprel': 'root', 'head': 0}, 'object': {'upos': 'PRON', 'text': 'sich', 'id': 5, 'deprel': 'obj', 'head': 4}}]",['SVO']
886,Die ISO/TS 16949:2009 enthält besondere Anforderungen für die Anwendung von ISO 9001:2008 in der Serien- und Ersatzteil-Produktion in der Automobilindustrie.,1,"[{'subject': {'upos': 'PROPN', 'text': 'ISO/TS', 'id': 2, 'deprel': 'nsubj', 'head': 4}, 'verb': {'upos': 'VERB', 'text': 'enthält', 'id': 4, 'deprel': 'root', 'head': 0}, 'object': {'upos': 'NOUN', 'text': 'Anforderungen', 'id': 6, 'deprel': 'obj', 'head': 4}}]",['SVO']
1178,"Die Kanzlei, in der Michelle Robinson und Barack Obama sich kennenlernten, war Sidley & Austin.",1,"[{'subject': {'upos': 'PROPN', 'text': 'Michelle', 'id': 6, 'deprel': 'nsubj', 'head': 12}, 'object': {'upos': 'PRON', 'text': 'sich', 'id': 11, 'deprel': 'obj', 'head': 12}, 'verb': {'upos': 'VERB', 'text': 'kennenlernten', 'id': 12, 'deprel': 'acl', 'head': 2}}]",['SOV']
50,"Die Kohlenstoffaussonderung kann den Effekt der Verbrennung fossiler Brennstoffe vermindern, bis erneuerbare Energien kostengünstig zur Verfügung stehen.",1,"[{'subject': {'upos': 'NOUN', 'text': 'Kohlenstoffaussonderung', 'id': 2, 'deprel': 'nsubj', 'head': 10}, 'object': {'upos': 'NOUN', 'text': 'Effekt', 'id': 5, 'deprel': 'obj', 'head': 10}, 'verb': {'upos': 'VERB', 'text': 'vermindern', 'id': 10, 'deprel': 'root', 'head': 0}}]",['SOV']
139,"Die Kreuzfahrerarmee war nicht stärker als die fatimidische Armee, sondern vielmehr die Seldschuken, die die Kreuzfahrer zuvor getroffen hatten.",1,"[{'subject': {'upos': 'PRON', 'text': 'die', 'id': 16, 'deprel': 'nsubj', 'head': 20}, 'object': {'upos': 'NOUN', 'text': 'Kreuzfahrer', 'id': 18, 'deprel': 'obj', 'head': 20}, 'verb': {'upos': 'VERB', 'text': 'getroffen', 'id': 20, 'deprel': 'acl', 'head': 14}}]",['SOV']
1090,Die Kreuzfahrt dauerte 81 Tage.,1,"[{'subject': {'upos': 'NOUN', 'text': 'Kreuzfahrt', 'id': 2, 'deprel': 'nsubj', 'head': 3}, 'verb': {'upos': 'VERB', 'text': 'dauerte', 'id': 3, 'deprel': 'root', 'head': 0}, 'object': {'upos': 'NOUN', 'text': 'Tage', 'id': 5, 'deprel': 'obj', 'head': 3}}]",['SVO']
389,Die Krokodiltejus leben vorwiegend auf dem Boden und bewohnen typischerweise Sumpfgebiete und tropischen Regenwald.,1,"[{'subject': {'upos': 'NOUN', 'text': 'Krokodiltejus', 'id': 2, 'deprel': 'nsubj', 'head': 3}, 'verb': {'upos': 'VERB', 'text': 'bewohnen', 'id': 9, 'deprel': 'conj', 'head': 3}, 'object': {'upos': 'NOUN', 'text': 'Sumpfgebiete', 'id': 11, 'deprel': 'obj', 'head': 9}}]",['SVO']
1495,"Die Kulturen Gujarats, Rajasthans und Marathas haben die Entwicklung der Region Malwa beeinflusst.",1,"[{'subject': {'upos': 'NOUN', 'text': 'Kulturen', 'id': 2, 'deprel': 'nsubj', 'head': 14}, 'object': {'upos': 'NOUN', 'text': 'Entwicklung', 'id': 10, 'deprel': 'obj', 'head': 14}, 'verb': {'upos': 'VERB', 'text': 'beeinflusst', 'id': 14, 'deprel': 'root', 'head': 0}}]",['SOV']
177,Die Lehre Jesu Christus symbolisiert das Portal.,1,"[{'subject': {'upos': 'NOUN', 'text': 'Lehre', 'id': 2, 'deprel': 'nsubj', 'head': 5}, 'verb': {'upos': 'VERB', 'text': 'symbolisiert', 'id': 5, 'deprel': 'root', 'head': 0}, 'object': {'upos': 'NOUN', 'text': 'Portal', 'id': 7, 'deprel': 'obj', 'head': 5}}]",['SVO']
94,Die letzten US-Truppen verließen Usbekistan im November 2005.,1,"[{'subject': {'upos': 'PROPN', 'text': 'US', 'id': 3, 'deprel': 'nsubj', 'head': 6}, 'verb': {'upos': 'VERB', 'text': 'verließen', 'id': 6, 'deprel': 'root', 'head': 0}, 'object': {'upos': 'PROPN', 'text': 'Usbekistan', 'id': 7, 'deprel': 'obj', 'head': 6}}]",['SVO']
1302,"Die Lokalkomitees (LCs) treffen sich regelmäßig, um die Aktivitäten und Entwicklung der CEMS-Alumni-Assoziation zu erörtern.",1,"[{'subject': {'upos': 'NOUN', 'text': 'Lokalkomitees', 'id': 2, 'deprel': 'nsubj', 'head': 6}, 'verb': {'upos': 'VERB', 'text': 'treffen', 'id': 6, 'deprel': 'root', 'head': 0}, 'object': {'upos': 'PRON', 'text': 'sich', 'id': 7, 'deprel': 'obj', 'head': 6}}]",['SVO']
1453,Die Luftfahrtrakete landete in der Inneren Mongolei nach 117 Erdumrundungen nach 7 Tagen 10 Stunden und 22 Minuten um 11:22 Uhr UTC.,1,"[{'subject': {'upos': 'NOUN', 'text': 'Luftfahrtrakete', 'id': 2, 'deprel': 'nsubj', 'head': 3}, 'verb': {'upos': 'VERB', 'text': 'landete', 'id': 3, 'deprel': 'root', 'head': 0}, 'object': {'upos': 'NOUN', 'text': 'Stunden', 'id': 15, 'deprel': 'obj', 'head': 3}}]",['SVO']
1971,"Die Mehrheit in der Versammlung verwendete die Parole ""Einigkeit der Arbeiterklasse"" um Eberts Linie durchzusetzen.",1,"[{'subject': {'upos': 'NOUN', 'text': 'Mehrheit', 'id': 2, 'deprel': 'nsubj', 'head': 6}, 'verb': {'upos': 'VERB', 'text': 'verwendete', 'id': 6, 'deprel': 'root', 'head': 0}, 'object': {'upos': 'NOUN', 'text': 'Parole', 'id': 8, 'deprel': 'obj', 'head': 6}}]",['SVO']
211,Die meisten der überlebenden Japaner erreichen die japanischen Stellungen bei Taivu Point und funkten an das Hauptquartier der 17.,1,"[{'subject': {'upos': 'DET', 'text': 'meisten', 'id': 2, 'deprel': 'nsubj', 'head': 6}, 'verb': {'upos': 'VERB', 'text': 'erreichen', 'id': 6, 'deprel': 'root', 'head': 0}, 'object': {'upos': 'NOUN', 'text': 'Stellungen', 'id': 9, 'deprel': 'obj', 'head': 6}}]",['SVO']
1507,"Die meisten RDBMS-Systeme, die OLTP-fokussiert sind, haben eine zeilenorientierte Orientierung.",1,"[{'subject': {'upos': 'PROPN', 'text': 'RDBMS', 'id': 3, 'deprel': 'nsubj', 'head': 13}, 'verb': {'upos': 'VERB', 'text': 'haben', 'id': 13, 'deprel': 'root', 'head': 0}, 'object': {'upos': 'NOUN', 'text': 'Orientierung', 'id': 16, 'deprel': 'obj', 'head': 13}}]",['SVO']
671,Die meisten Zitate finden sich in indischen Werken des 8. bis 12.,1,"[{'subject': {'upos': 'NOUN', 'text': 'Zitate', 'id': 3, 'deprel': 'nsubj', 'head': 4}, 'verb': {'upos': 'VERB', 'text': 'finden', 'id': 4, 'deprel': 'root', 'head': 0}, 'object': {'upos': 'PRON', 'text': 'sich', 'id': 5, 'deprel': 'obj', 'head': 4}}]",['SVO']
36,Die Messungen führten sie durch in Höhen von 4680 und 4340 m.,1,"[{'subject': {'upos': 'NOUN', 'text': 'Messungen', 'id': 2, 'deprel': 'nsubj', 'head': 3}, 'verb': {'upos': 'VERB', 'text': 'führten', 'id': 3, 'deprel': 'root', 'head': 0}, 'object': {'upos': 'PRON', 'text': 'sie', 'id': 4, 'deprel': 'obj', 'head': 3}}]",['SVO']
837,"Die Minderheitsproduzenten teilen den finanziellen Erlös auf, wobei das Ausmaß der Beteiligung an der Produktion entscheidend ist.",1,"[{'subject': {'upos': 'NOUN', 'text': 'Minderheitsproduzenten', 'id': 2, 'deprel': 'nsubj', 'head': 3}, 'verb': {'upos': 'VERB', 'text': 'teilen', 'id': 3, 'deprel': 'root', 'head': 0}, 'object': {'upos': 'NOUN', 'text': 'Erlös', 'id': 6, 'deprel': 'obj', 'head': 3}}]",['SVO']
727,Die Missouri General Assembly enthält ein Repräsentantenhaus und einen Senat.,1,"[{'subject': {'upos': 'PROPN', 'text': 'Missouri', 'id': 2, 'deprel': 'nsubj', 'head': 5}, 'verb': {'upos': 'VERB', 'text': 'enthält', 'id': 5, 'deprel': 'root', 'head': 0}, 'object': {'upos': 'NOUN', 'text': 'Repräsentantenhaus', 'id': 7, 'deprel': 'obj', 'head': 5}}]",['SVO']
1270,Die Mongolei hat bei den Winterspielen von 1964 ihr Olympiadebüt gegeben und hat seither regelmäßig an den Winterspielen teilgenommen.,1,"[{'subject': {'upos': 'PROPN', 'text': 'Mongolei', 'id': 2, 'deprel': 'nsubj', 'head': 11}, 'object': {'upos': 'NOUN', 'text': 'Olympiadebüt', 'id': 10, 'deprel': 'obj', 'head': 11}, 'verb': {'upos': 'VERB', 'text': 'gegeben', 'id': 11, 'deprel': 'root', 'head': 0}}]",['SOV']
1887,"Die Musikvideos von ""Pure Grinding"" und ""For a Better Day"" sprechen sich gegen Menschenhandel und Bandengewalt aus.",1,"[{'subject': {'upos': 'NOUN', 'text': 'Musikvideos', 'id': 2, 'deprel': 'nsubj', 'head': 15}, 'verb': {'upos': 'VERB', 'text': 'sprechen', 'id': 15, 'deprel': 'root', 'head': 0}, 'object': {'upos': 'PRON', 'text': 'sich', 'id': 16, 'deprel': 'obj', 'head': 15}}]",['SVO']
1920,Die Nationalsozialisten und die Sowjetunion stellten für die Polen eine große Bedrohung dar.,1,"[{'subject': {'upos': 'NOUN', 'text': 'Nationalsozialisten', 'id': 2, 'deprel': 'nsubj', 'head': 6}, 'verb': {'upos': 'VERB', 'text': 'stellten', 'id': 6, 'deprel': 'root', 'head': 0}, 'object': {'upos': 'NOUN', 'text': 'Bedrohung', 'id': 12, 'deprel': 'obj', 'head': 6}}]",['SVO']
1653,Die Nelores haben eine natürliche Resistenz gegen Parasiten und Krankheiten.,1,"[{'subject': {'upos': 'PROPN', 'text': 'Nelores', 'id': 2, 'deprel': 'nsubj', 'head': 3}, 'verb': {'upos': 'VERB', 'text': 'haben', 'id': 3, 'deprel': 'root', 'head': 0}, 'object': {'upos': 'NOUN', 'text': 'Resistenz', 'id': 6, 'deprel': 'obj', 'head': 3}}]",['SVO']
1278,Die nunmehr an die Macht gekommenen Warlords in den von ihnen beherrschten Provinzen führten jeweils eigene Militärwährungen ein.,1,"[{'subject': {'upos': 'NOUN', 'text': 'Warlords', 'id': 7, 'deprel': 'nsubj', 'head': 14}, 'verb': {'upos': 'VERB', 'text': 'führten', 'id': 14, 'deprel': 'root', 'head': 0}, 'object': {'upos': 'NOUN', 'text': 'Militärwährungen', 'id': 17, 'deprel': 'obj', 'head': 14}}]",['SVO']
1688,Die Oberflächentemperatur auf dem Titan beträgt im Mittel −179 °C (94 K).,1,"[{'subject': {'upos': 'NOUN', 'text': 'Oberflächentemperatur', 'id': 2, 'deprel': 'nsubj', 'head': 6}, 'verb': {'upos': 'VERB', 'text': 'beträgt', 'id': 6, 'deprel': 'root', 'head': 0}, 'object': {'upos': 'NOUN', 'text': '°', 'id': 12, 'deprel': 'obj', 'head': 6}}]",['SVO']
1766,"Die OLED-Technik hat eine organische Schicht, die sich zwischen zwei Elektroden befindet.",1,"[{'subject': {'upos': 'PROPN', 'text': 'OLED', 'id': 2, 'deprel': 'nsubj', 'head': 5}, 'verb': {'upos': 'VERB', 'text': 'hat', 'id': 5, 'deprel': 'root', 'head': 0}, 'object': {'upos': 'NOUN', 'text': 'Schicht', 'id': 8, 'deprel': 'obj', 'head': 5}}]",['SVO']
1935,"Die OPEC-Staaten haben die Agentur IFAD unterstützt, indem sie Zahlungen in Höhe von 861,1 Mio.",1,"[{'subject': {'upos': 'PROPN', 'text': 'OPEC', 'id': 2, 'deprel': 'nsubj', 'head': 9}, 'object': {'upos': 'NOUN', 'text': 'Agentur', 'id': 7, 'deprel': 'obj', 'head': 9}, 'verb': {'upos': 'VERB', 'text': 'unterstützt', 'id': 9, 'deprel': 'root', 'head': 0}}]",['SOV']
190,Die Originalversionen der Umineko-Spiele hatten eine sehr simple Grafik und keine Sprachausgabe der Charaktere.,1,"[{'subject': {'upos': 'NOUN', 'text': 'Originalversionen', 'id': 2, 'deprel': 'nsubj', 'head': 7}, 'verb': {'upos': 'VERB', 'text': 'hatten', 'id': 7, 'deprel': 'root', 'head': 0}, 'object': {'upos': 'NOUN', 'text': 'Grafik', 'id': 11, 'deprel': 'obj', 'head': 7}}]",['SVO']
1420,"Die Ovula Nabothi wurden nach Martin Naboth, einem Leipziger Arzt, benannt, der sie fälschlicherweise für Eizellen gehalten hatte.",1,"[{'subject': {'upos': 'PRON', 'text': 'der', 'id': 15, 'deprel': 'nsubj', 'head': 20}, 'object': {'upos': 'PRON', 'text': 'sie', 'id': 16, 'deprel': 'obj', 'head': 20}, 'verb': {'upos': 'VERB', 'text': 'gehalten', 'id': 20, 'deprel': 'acl', 'head': 6}}]",['SOV']
70,Die Paläontologen fanden Skelette von Plateosaurus.,1,"[{'subject': {'upos': 'NOUN', 'text': 'Paläontologen', 'id': 2, 'deprel': 'nsubj', 'head': 3}, 'verb': {'upos': 'VERB', 'text': 'fanden', 'id': 3, 'deprel': 'root', 'head': 0}, 'object': {'upos': 'NOUN', 'text': 'Skelette', 'id': 4, 'deprel': 'obj', 'head': 3}}]",['SVO']
1094,Die Pause bei einem Standardspiel beträgt 10 Minuten.,1,"[{'subject': {'upos': 'NOUN', 'text': 'Pause', 'id': 2, 'deprel': 'nsubj', 'head': 6}, 'verb': {'upos': 'VERB', 'text': 'beträgt', 'id': 6, 'deprel': 'root', 'head': 0}, 'object': {'upos': 'NOUN', 'text': 'Minuten', 'id': 8, 'deprel': 'obj', 'head': 6}}]",['SVO']
607,"Die Poeten, die das Denken von Morrison beeinflusst haben, sind William Blake, Charles Baudelaire, Arthur Rimbaud, Jack Kerouac und Michael McClure.",1,"[{'subject': {'upos': 'PRON', 'text': 'die', 'id': 4, 'deprel': 'nsubj', 'head': 9}, 'object': {'upos': 'NOUN', 'text': 'Denken', 'id': 6, 'deprel': 'obj', 'head': 9}, 'verb': {'upos': 'VERB', 'text': 'beeinflusst', 'id': 9, 'deprel': 'acl', 'head': 2}}]",['SOV']
1478,Die Primärstruktur (Aminosäuresequenz) eines Proteins enthält wertvolle Informationen über seine Funktion.,1,"[{'subject': {'upos': 'NOUN', 'text': 'Primärstruktur', 'id': 2, 'deprel': 'nsubj', 'head': 8}, 'verb': {'upos': 'VERB', 'text': 'enthält', 'id': 8, 'deprel': 'root', 'head': 0}, 'object': {'upos': 'NOUN', 'text': 'Informationen', 'id': 10, 'deprel': 'obj', 'head': 8}}]",['SVO']
1115,Die Provinz Nakhon Nayok hat eine Geschichte von über 900 Jahren.,1,"[{'subject': {'upos': 'NOUN', 'text': 'Provinz', 'id': 2, 'deprel': 'nsubj', 'head': 5}, 'verb': {'upos': 'VERB', 'text': 'hat', 'id': 5, 'deprel': 'root', 'head': 0}, 'object': {'upos': 'NOUN', 'text': 'Geschichte', 'id': 7, 'deprel': 'obj', 'head': 5}}]",['SVO']
1900,Die Puerto-Rico-Amazone konsumiert etwa 60 verschiedene Nahrungsbestandteile.,1,"[{'subject': {'upos': 'PROPN', 'text': 'Puerto', 'id': 2, 'deprel': 'nsubj', 'head': 7}, 'verb': {'upos': 'VERB', 'text': 'konsumiert', 'id': 7, 'deprel': 'root', 'head': 0}, 'object': {'upos': 'NOUN', 'text': 'Nahrungsbestandteile', 'id': 11, 'deprel': 'obj', 'head': 7}}]",['SVO']
302,"Die Queen bewunderte Blairs Anstrengungen, um in Nordirland Frieden zu schaffen.",1,"[{'subject': {'upos': 'NOUN', 'text': 'Queen', 'id': 2, 'deprel': 'nsubj', 'head': 3}, 'verb': {'upos': 'VERB', 'text': 'bewunderte', 'id': 3, 'deprel': 'root', 'head': 0}, 'object': {'upos': 'NOUN', 'text': 'Anstrengungen', 'id': 5, 'deprel': 'obj', 'head': 3}}]",['SVO']
105,"Die Reality-Show, bei der Suzy reguläres Mitglied war, bevor sie ihr Filmdebüt hatte, hieß ""Invincible Youth 2"".",1,"[{'subject': {'upos': 'PRON', 'text': 'sie', 'id': 14, 'deprel': 'nsubj', 'head': 17}, 'object': {'upos': 'NOUN', 'text': 'Filmdebüt', 'id': 16, 'deprel': 'obj', 'head': 17}, 'verb': {'upos': 'VERB', 'text': 'hatte', 'id': 17, 'deprel': 'advcl', 'head': 10}}]",['SOV']
511,Die rechtliche Lösung für das größte wirtschaftliche Anliegen jeder Nation findet man in der Konstitutionellen Ökonomie.,1,"[{'object': {'upos': 'NOUN', 'text': 'Lösung', 'id': 3, 'deprel': 'obj', 'head': 11}, 'verb': {'upos': 'VERB', 'text': 'findet', 'id': 11, 'deprel': 'root', 'head': 0}, 'subject': {'upos': 'PRON', 'text': 'man', 'id': 12, 'deprel': 'nsubj', 'head': 11}}]",['OVS']
462,Die Reflexion aller Kristallleuchter und Wandleuchter hat die optische Illusion von Raum und Licht erzeugt.,1,"[{'subject': {'upos': 'NOUN', 'text': 'Reflexion', 'id': 2, 'deprel': 'nsubj', 'head': 15}, 'object': {'upos': 'NOUN', 'text': 'Illusion', 'id': 10, 'deprel': 'obj', 'head': 15}, 'verb': {'upos': 'VERB', 'text': 'erzeugt', 'id': 15, 'deprel': 'root', 'head': 0}}]",['SOV']
1986,"Die Regierung Ebert ging das Bündnis mit der Obersten Heeresleitung und den Freikorps ein, um sich gegen den Spartakusaufstand zu verteidigen.",1,"[{'subject': {'upos': 'NOUN', 'text': 'Regierung', 'id': 2, 'deprel': 'nsubj', 'head': 4}, 'verb': {'upos': 'VERB', 'text': 'ging', 'id': 4, 'deprel': 'root', 'head': 0}, 'object': {'upos': 'NOUN', 'text': 'Bündnis', 'id': 6, 'deprel': 'obj', 'head': 4}}]",['SVO']
1260,"Die Regierung Kenias nutzt eine Präsidialmacht, da Kenia nach der Verfassung von 2010 eine Präsidialrepublik ist.",1,"[{'subject': {'upos': 'NOUN', 'text': 'Regierung', 'id': 2, 'deprel': 'nsubj', 'head': 4}, 'verb': {'upos': 'VERB', 'text': 'nutzt', 'id': 4, 'deprel': 'root', 'head': 0}, 'object': {'upos': 'NOUN', 'text': 'Präsidialmacht', 'id': 6, 'deprel': 'obj', 'head': 4}}]",['SVO']
477,"Die Regierung zog sich im Sommer in das Landhaus des Vizekönigs in Darjiling zurück, um der Hitze zu entgehen.",1,"[{'subject': {'upos': 'NOUN', 'text': 'Regierung', 'id': 2, 'deprel': 'nsubj', 'head': 3}, 'verb': {'upos': 'VERB', 'text': 'zog', 'id': 3, 'deprel': 'root', 'head': 0}, 'object': {'upos': 'PRON', 'text': 'sich', 'id': 4, 'deprel': 'obj', 'head': 3}}]",['SVO']
469,Die Regulierungsakte (Regulating Act) von 1773 sah die Wahl von vier Räten durch das Direktorium der Ostindien-Kompanie vor.,1,"[{'subject': {'upos': 'NOUN', 'text': 'Regulierungsakte', 'id': 2, 'deprel': 'nsubj', 'head': 9}, 'verb': {'upos': 'VERB', 'text': 'sah', 'id': 9, 'deprel': 'root', 'head': 0}, 'object': {'upos': 'NOUN', 'text': 'Wahl', 'id': 11, 'deprel': 'obj', 'head': 9}}]",['SVO']
204,Die Reise von Alexei Maressjew dauerte 18 Tage.,1,"[{'subject': {'upos': 'NOUN', 'text': 'Reise', 'id': 2, 'deprel': 'nsubj', 'head': 6}, 'verb': {'upos': 'VERB', 'text': 'dauerte', 'id': 6, 'deprel': 'root', 'head': 0}, 'object': {'upos': 'NOUN', 'text': 'Tage', 'id': 8, 'deprel': 'obj', 'head': 6}}]",['SVO']
364,"Die römisch-katholische Kirche macht 12,6 % der Christen aus.",1,"[{'subject': {'upos': 'NOUN', 'text': 'Kirche', 'id': 5, 'deprel': 'nsubj', 'head': 6}, 'verb': {'upos': 'VERB', 'text': 'macht', 'id': 6, 'deprel': 'root', 'head': 0}, 'object': {'upos': 'NOUN', 'text': '%', 'id': 8, 'deprel': 'obj', 'head': 6}}]",['SVO']
708,"Die Rufe, die sie machen, sind mehrfach wiederholte, quietschende und nasale ""ki-juu, tschirrick"" oder ""tsch-juuh""-Laute, sehr hohe ""kii-kii-kii-kii""-Rufe und ein langgezogenes, kratzendes ""tschur-r"".",1,"[{'object': {'upos': 'PRON', 'text': 'die', 'id': 4, 'deprel': 'obj', 'head': 6}, 'subject': {'upos': 'PRON', 'text': 'sie', 'id': 5, 'deprel': 'nsubj', 'head': 6}, 'verb': {'upos': 'VERB', 'text': 'machen', 'id': 6, 'deprel': 'acl', 'head': 2}}]",['OSV']
1271,Die Schwarzen Löcher in der Mitte großer Galaxien können mehrere Millionen bis Milliarden Sonnenmassen umfassen.,1,"[{'subject': {'upos': 'NOUN', 'text': 'Löcher', 'id': 3, 'deprel': 'nsubj', 'head': 15}, 'object': {'upos': 'NOUN', 'text': 'Sonnenmassen', 'id': 14, 'deprel': 'obj', 'head': 15}, 'verb': {'upos': 'VERB', 'text': 'umfassen', 'id': 15, 'deprel': 'root', 'head': 0}}]",['SOV']
936,"Die Serie wurde nicht adaptiert, da es sich um eine Originalserie handelt.",1,"[{'subject': {'upos': 'PRON', 'text': 'es', 'id': 8, 'deprel': 'nsubj', 'head': 13}, 'object': {'upos': 'PRON', 'text': 'sich', 'id': 9, 'deprel': 'obj', 'head': 13}, 'verb': {'upos': 'VERB', 'text': 'handelt', 'id': 13, 'deprel': 'advcl', 'head': 5}}]",['SOV']
802,Die Söhne von de László hatten die britische Nationalität.,1,"[{'subject': {'upos': 'NOUN', 'text': 'Söhne', 'id': 2, 'deprel': 'nsubj', 'head': 6}, 'verb': {'upos': 'VERB', 'text': 'hatten', 'id': 6, 'deprel': 'root', 'head': 0}, 'object': {'upos': 'NOUN', 'text': 'Nationalität', 'id': 9, 'deprel': 'obj', 'head': 6}}]",['SVO']
112,Die Somali stellen 60 % der Gesamtbevölkerung Dschibutis.,1,"[{'subject': {'upos': 'PROPN', 'text': 'Somali', 'id': 2, 'deprel': 'nsubj', 'head': 3}, 'verb': {'upos': 'VERB', 'text': 'stellen', 'id': 3, 'deprel': 'root', 'head': 0}, 'object': {'upos': 'NOUN', 'text': '%', 'id': 5, 'deprel': 'obj', 'head': 3}}]",['SVO']
1962,"Die sowjetische Regierung stimmte 1918 dem Friedensvertrag von Brest-Litowsk zu, der Russland härtere Friedensbedingungen auferlegte als später der Versailler Vertrag dem Deutschen Reich.",1,"[{'subject': {'upos': 'PRON', 'text': 'der', 'id': 14, 'deprel': 'nsubj', 'head': 18}, 'object': {'upos': 'NOUN', 'text': 'Friedensbedingungen', 'id': 17, 'deprel': 'obj', 'head': 18}, 'verb': {'upos': 'VERB', 'text': 'auferlegte', 'id': 18, 'deprel': 'acl', 'head': 7}}]",['SOV']
1921,Die Sowjetunion musste im Zweiten Weltkrieg gegenüber den Deutschen ihr Territorium aufgeben.,1,"[{'subject': {'upos': 'PROPN', 'text': 'Sowjetunion', 'id': 2, 'deprel': 'nsubj', 'head': 13}, 'object': {'upos': 'NOUN', 'text': 'Territorium', 'id': 12, 'deprel': 'obj', 'head': 13}, 'verb': {'upos': 'VERB', 'text': 'aufgeben', 'id': 13, 'deprel': 'root', 'head': 0}}]",['SOV']
1980,Die spartakistischen Revolutionäre erwarteten von den Seeleuten die Ausschaltung der Regierung Ebert.,1,"[{'subject': {'upos': 'NOUN', 'text': 'Revolutionäre', 'id': 3, 'deprel': 'nsubj', 'head': 4}, 'verb': {'upos': 'VERB', 'text': 'erwarteten', 'id': 4, 'deprel': 'root', 'head': 0}, 'object': {'upos': 'NOUN', 'text': 'Ausschaltung', 'id': 9, 'deprel': 'obj', 'head': 4}}]",['SVO']
738,"Die Spectator-Zeitung richtete sich vor allem an Englands aufstrebenden Mittelstand, große und kleine Kaufleute und Händler.",1,"[{'subject': {'upos': 'PROPN', 'text': 'Spectator', 'id': 2, 'deprel': 'nsubj', 'head': 5}, 'verb': {'upos': 'VERB', 'text': 'richtete', 'id': 5, 'deprel': 'root', 'head': 0}, 'object': {'upos': 'PRON', 'text': 'sich', 'id': 6, 'deprel': 'obj', 'head': 5}}]",['SVO']
8,"Die Stadt Mioli hat einen hohen Bevölkerungsanteil an Hakka, überwiegend aus der Provinz Guangdong.",1,"[{'subject': {'upos': 'NOUN', 'text': 'Stadt', 'id': 2, 'deprel': 'nsubj', 'head': 4}, 'verb': {'upos': 'VERB', 'text': 'hat', 'id': 4, 'deprel': 'root', 'head': 0}, 'object': {'upos': 'NOUN', 'text': 'Bevölkerungsanteil', 'id': 7, 'deprel': 'obj', 'head': 4}}]",['SVO']
1386,"Die Stationen weisen einige Vorzüge auf, wie zum Beispiel Geldautomaten, Kioske usw.",1,"[{'subject': {'upos': 'NOUN', 'text': 'Stationen', 'id': 2, 'deprel': 'nsubj', 'head': 3}, 'verb': {'upos': 'VERB', 'text': 'weisen', 'id': 3, 'deprel': 'root', 'head': 0}, 'object': {'upos': 'NOUN', 'text': 'Vorzüge', 'id': 5, 'deprel': 'obj', 'head': 3}}]",['SVO']
761,Die tiefe Inzision bewirkt das möglichst rückstandslose Ausbluten des Tieres bei der Schächtingstechnik im Islam.,1,"[{'subject': {'upos': 'NOUN', 'text': 'Inzision', 'id': 3, 'deprel': 'nsubj', 'head': 4}, 'verb': {'upos': 'VERB', 'text': 'bewirkt', 'id': 4, 'deprel': 'root', 'head': 0}, 'object': {'upos': 'NOUN', 'text': 'Ausbluten', 'id': 8, 'deprel': 'obj', 'head': 4}}]",['SVO']
1423,Die Tragezeit dauert 130 Tage.,1,"[{'subject': {'upos': 'NOUN', 'text': 'Tragezeit', 'id': 2, 'deprel': 'nsubj', 'head': 3}, 'verb': {'upos': 'VERB', 'text': 'dauert', 'id': 3, 'deprel': 'root', 'head': 0}, 'object': {'upos': 'NOUN', 'text': 'Tage', 'id': 5, 'deprel': 'obj', 'head': 3}}]",['SVO']
1073,"Die Universität, an der Mallika Sherawat einen Abschluss erlangte, ist die University of Delhi.",1,"[{'subject': {'upos': 'PROPN', 'text': 'Mallika', 'id': 6, 'deprel': 'nsubj', 'head': 10}, 'object': {'upos': 'NOUN', 'text': 'Abschluss', 'id': 9, 'deprel': 'obj', 'head': 10}, 'verb': {'upos': 'VERB', 'text': 'erlangte', 'id': 10, 'deprel': 'acl', 'head': 2}}]",['SOV']
1987,"Die USPD hat 7,6 Prozent der Stimmen erhalten.",1,"[{'subject': {'upos': 'PROPN', 'text': 'USPD', 'id': 2, 'deprel': 'nsubj', 'head': 8}, 'object': {'upos': 'NOUN', 'text': 'Prozent', 'id': 5, 'deprel': 'obj', 'head': 8}, 'verb': {'upos': 'VERB', 'text': 'erhalten', 'id': 8, 'deprel': 'root', 'head': 0}}]",['SOV']
231,Die USS Jarvis verließ den Stützpunkt in Long Beach am 21.,1,"[{'subject': {'upos': 'PROPN', 'text': 'USS', 'id': 2, 'deprel': 'nsubj', 'head': 4}, 'verb': {'upos': 'VERB', 'text': 'verließ', 'id': 4, 'deprel': 'root', 'head': 0}, 'object': {'upos': 'NOUN', 'text': 'Stützpunkt', 'id': 6, 'deprel': 'obj', 'head': 4}}]",['SVO']
804,Die Vereinigten Staaten von Amerika praktizieren die Beschneidung.,1,"[{'subject': {'upos': 'PROPN', 'text': 'Staaten', 'id': 3, 'deprel': 'nsubj', 'head': 6}, 'verb': {'upos': 'VERB', 'text': 'praktizieren', 'id': 6, 'deprel': 'root', 'head': 0}, 'object': {'upos': 'NOUN', 'text': 'Beschneidung', 'id': 8, 'deprel': 'obj', 'head': 6}}]",['SVO']
1382,Die vietnamesische Regierung hat Vietnam Airlines und rund 20 flugbezogene Geschäfte zusammengebracht.,1,"[{'subject': {'upos': 'NOUN', 'text': 'Regierung', 'id': 3, 'deprel': 'nsubj', 'head': 12}, 'object': {'upos': 'PROPN', 'text': 'Vietnam', 'id': 5, 'deprel': 'obj', 'head': 12}, 'verb': {'upos': 'VERB', 'text': 'zusammengebracht', 'id': 12, 'deprel': 'root', 'head': 0}}]",['SOV']
704,"Die Vögel legen 2-5, in den meisten Fällen jedoch 3-4 dunkel grünlich blauen Eier.",1,"[{'subject': {'upos': 'NOUN', 'text': 'Vögel', 'id': 2, 'deprel': 'nsubj', 'head': 3}, 'verb': {'upos': 'VERB', 'text': 'legen', 'id': 3, 'deprel': 'root', 'head': 0}, 'object': {'upos': 'NOUN', 'text': 'Eier', 'id': 15, 'deprel': 'obj', 'head': 3}}]",['SVO']
10,Die Volkszählung im Jahr 2000 erfasste 152.251 Personen im Hampshire County.,1,"[{'subject': {'upos': 'NOUN', 'text': 'Volkszählung', 'id': 2, 'deprel': 'nsubj', 'head': 7}, 'verb': {'upos': 'VERB', 'text': 'erfasste', 'id': 7, 'deprel': 'root', 'head': 0}, 'object': {'upos': 'NOUN', 'text': 'Personen', 'id': 9, 'deprel': 'obj', 'head': 7}}]",['SVO']
1505,"Die von der islamischen Hochschule in Deoband ausgehenden Lehren haben sich zu einer Bewegung formiert, deren Anhänger meist Deobandis genannt werden.",1,"[{'subject': {'upos': 'NOUN', 'text': 'Lehren', 'id': 9, 'deprel': 'nsubj', 'head': 15}, 'object': {'upos': 'PRON', 'text': 'sich', 'id': 11, 'deprel': 'obj', 'head': 15}, 'verb': {'upos': 'VERB', 'text': 'formiert', 'id': 15, 'deprel': 'root', 'head': 0}}]",['SOV']
1341,Die Wählerbeteiligung verdoppelte sich innerhalb von vier Jahren in den Südstaaten.,1,"[{'subject': {'upos': 'NOUN', 'text': 'Wählerbeteiligung', 'id': 2, 'deprel': 'nsubj', 'head': 3}, 'verb': {'upos': 'VERB', 'text': 'verdoppelte', 'id': 3, 'deprel': 'root', 'head': 0}, 'object': {'upos': 'PRON', 'text': 'sich', 'id': 4, 'deprel': 'obj', 'head': 3}}]",['SVO']
1492,"Die Währung, die den russischen Rubel im Jahr 1993 ersetzte, ist der Manat.",1,"[{'subject': {'upos': 'PRON', 'text': 'die', 'id': 4, 'deprel': 'nsubj', 'head': 12}, 'object': {'upos': 'NOUN', 'text': 'Rubel', 'id': 7, 'deprel': 'obj', 'head': 12}, 'verb': {'upos': 'VERB', 'text': 'ersetzte', 'id': 12, 'deprel': 'acl', 'head': 2}}]",['SOV']
433,Die Weißbrauengibbons haben bei der Geburt ein milchig-weißes Fell.,1,"[{'subject': {'upos': 'NOUN', 'text': 'Weißbrauengibbons', 'id': 2, 'deprel': 'nsubj', 'head': 3}, 'verb': {'upos': 'VERB', 'text': 'haben', 'id': 3, 'deprel': 'root', 'head': 0}, 'object': {'upos': 'NOUN', 'text': 'Fell', 'id': 11, 'deprel': 'obj', 'head': 3}}]",['SVO']
1570,Die Weltbank und der Internationale Währungsfonds (IWF) gewährten Georgien 1995 Kredite in Höhe von 206 Millionen US-Dollar.,1,"[{'subject': {'upos': 'NOUN', 'text': 'Weltbank', 'id': 2, 'deprel': 'nsubj', 'head': 10}, 'verb': {'upos': 'VERB', 'text': 'gewährten', 'id': 10, 'deprel': 'root', 'head': 0}, 'object': {'upos': 'PROPN', 'text': 'Georgien', 'id': 11, 'deprel': 'obj', 'head': 10}}]",['SVO']
896,Die Weltgesundheitsorganisation (WHO) befasst sich mit großen Pandemien.,1,"[{'subject': {'upos': 'NOUN', 'text': 'Weltgesundheitsorganisation', 'id': 2, 'deprel': 'nsubj', 'head': 6}, 'verb': {'upos': 'VERB', 'text': 'befasst', 'id': 6, 'deprel': 'root', 'head': 0}, 'object': {'upos': 'PRON', 'text': 'sich', 'id': 7, 'deprel': 'obj', 'head': 6}}]",['SVO']
598,Die Wikinger befuhren während ihrer Raubzüge durch Europa mit ihren Langschiffen die Weichsel und die Oder.,1,"[{'subject': {'upos': 'NOUN', 'text': 'Wikinger', 'id': 2, 'deprel': 'nsubj', 'head': 3}, 'verb': {'upos': 'VERB', 'text': 'befuhren', 'id': 3, 'deprel': 'root', 'head': 0}, 'object': {'upos': 'PROPN', 'text': 'Weichsel', 'id': 13, 'deprel': 'obj', 'head': 3}}]",['SVO']
883,Die Wirkdauer von kurzwirksamen Medikamenten in der Gruppe der Beta-2-Agonisten und Anticholinergika beträgt etwa 4-6 Stunden.,1,"[{'subject': {'upos': 'NOUN', 'text': 'Wirkdauer', 'id': 2, 'deprel': 'nsubj', 'head': 15}, 'verb': {'upos': 'VERB', 'text': 'beträgt', 'id': 15, 'deprel': 'root', 'head': 0}, 'object': {'upos': 'NOUN', 'text': 'Stunden', 'id': 18, 'deprel': 'obj', 'head': 15}}]",['SVO']
152,Die YF-17 absolvierte insgesamt 345 Flugstunden.,1,"[{'subject': {'upos': 'PROPN', 'text': 'YF-17', 'id': 2, 'deprel': 'nsubj', 'head': 3}, 'verb': {'upos': 'VERB', 'text': 'absolvierte', 'id': 3, 'deprel': 'root', 'head': 0}, 'object': {'upos': 'NOUN', 'text': 'Flugstunden', 'id': 6, 'deprel': 'obj', 'head': 3}}]",['SVO']
1072,"Die Zentrumspartei hat bei der jüngsten Reichstagswahl 2018 8,6 % der Stimmen erhalten.",1,"[{'subject': {'upos': 'NOUN', 'text': 'Zentrumspartei', 'id': 2, 'deprel': 'nsubj', 'head': 13}, 'object': {'upos': 'NOUN', 'text': '%', 'id': 10, 'deprel': 'obj', 'head': 13}, 'verb': {'upos': 'VERB', 'text': 'erhalten', 'id': 13, 'deprel': 'root', 'head': 0}}]",['SOV']
653,"Dies umfasst die Verabreichung von Schmerzmitteln, ausreichender Flüssigkeit und Bettruhe.",1,"[{'subject': {'upos': 'DET', 'text': 'Dies', 'id': 1, 'deprel': 'nsubj', 'head': 2}, 'verb': {'upos': 'VERB', 'text': 'umfasst', 'id': 2, 'deprel': 'root', 'head': 0}, 'object': {'upos': 'NOUN', 'text': 'Verabreichung', 'id': 4, 'deprel': 'obj', 'head': 2}}]",['SVO']
987,Diese Branchen erlebten einen Niedergang.,1,"[{'subject': {'upos': 'NOUN', 'text': 'Branchen', 'id': 2, 'deprel': 'nsubj', 'head': 3}, 'verb': {'upos': 'VERB', 'text': 'erlebten', 'id': 3, 'deprel': 'root', 'head': 0}, 'object': {'upos': 'NOUN', 'text': 'Niedergang', 'id': 5, 'deprel': 'obj', 'head': 3}}]",['SVO']
988,Diese Branchen erlebten jedoch einen Niedergang.,1,"[{'subject': {'upos': 'NOUN', 'text': 'Branchen', 'id': 2, 'deprel': 'nsubj', 'head': 3}, 'verb': {'upos': 'VERB', 'text': 'erlebten', 'id': 3, 'deprel': 'root', 'head': 0}, 'object': {'upos': 'NOUN', 'text': 'Niedergang', 'id': 6, 'deprel': 'obj', 'head': 3}}]",['SVO']
1146,Diese Vignetten decken keine Serie ab.,1,"[{'subject': {'upos': 'NOUN', 'text': 'Vignetten', 'id': 2, 'deprel': 'nsubj', 'head': 3}, 'verb': {'upos': 'VERB', 'text': 'decken', 'id': 3, 'deprel': 'root', 'head': 0}, 'object': {'upos': 'NOUN', 'text': 'Serie', 'id': 5, 'deprel': 'obj', 'head': 3}}]",['SVO']
1745,"Diese Vögel legen im dichten Geäst ein bis drei Eier, in der Regel zwei, in einem Nest.",1,"[{'subject': {'upos': 'NOUN', 'text': 'Vögel', 'id': 2, 'deprel': 'nsubj', 'head': 3}, 'verb': {'upos': 'VERB', 'text': 'legen', 'id': 3, 'deprel': 'root', 'head': 0}, 'object': {'upos': 'NOUN', 'text': 'Eier', 'id': 11, 'deprel': 'obj', 'head': 3}}]",['SVO']
1051,"Digitale Wasserzeichen werden eingesetzt, um Rechteinhaberinformationen zur Urheberrechtsverletzungsverfolgung in ein Werk einzubetten, und auch in verschiedenen Forschungs- und Entwicklungsprojekten, die sich anfangs auf den Bildbereich beschränkten, wurden Verfahren hauptsächlich für kommerziell relevante Inhalte wie Audio- und Videodaten und für 3D-Modelle entwickelt.",1,"[{'subject': {'upos': 'PRON', 'text': 'die', 'id': 25, 'deprel': 'nsubj', 'head': 31}, 'object': {'upos': 'PRON', 'text': 'sich', 'id': 26, 'deprel': 'obj', 'head': 31}, 'verb': {'upos': 'VERB', 'text': 'beschränkten', 'id': 31, 'deprel': 'acl', 'head': 20}}]",['SOV']
1256,"Dimebag Darrells Anfrage, in die Band aufgenommen zu werden, wurde abgewiesen, weil er nur unter der Bedingung mitmachen wollte, dass sein Bruder Vinnie Paul Abbott ebenfalls in die Band komme, was jedoch nicht möglich war, da die Band bereits Schlagzeuger Nick Menza angeheuert hatte.",1,"[{'subject': {'upos': 'NOUN', 'text': 'Band', 'id': 44, 'deprel': 'nsubj', 'head': 49}, 'object': {'upos': 'NOUN', 'text': 'Schlagzeuger', 'id': 46, 'deprel': 'obj', 'head': 49}, 'verb': {'upos': 'VERB', 'text': 'angeheuert', 'id': 49, 'deprel': 'advcl', 'head': 39}}]",['SOV']
1829,"Douglass C. North entschied sich für die University of California (Berkeley), obwohl er in Harvard angenommen wurde.",1,"[{'subject': {'upos': 'PROPN', 'text': 'Douglass', 'id': 1, 'deprel': 'nsubj', 'head': 4}, 'verb': {'upos': 'VERB', 'text': 'entschied', 'id': 4, 'deprel': 'root', 'head': 0}, 'object': {'upos': 'PRON', 'text': 'sich', 'id': 5, 'deprel': 'obj', 'head': 4}}]",['SVO']
1803,"Dynastie (Saïtenzeit) ein großes Schachtgrab angelegt, was den Bereich des Tempels stark zerstörte und nur mit Schwierigkeiten zu rekonstruieren ist.",1,"[{'subject': {'upos': 'PRON', 'text': 'was', 'id': 10, 'deprel': 'nsubj', 'head': 16}, 'object': {'upos': 'NOUN', 'text': 'Bereich', 'id': 12, 'deprel': 'obj', 'head': 16}, 'verb': {'upos': 'VERB', 'text': 'zerstörte', 'id': 16, 'deprel': 'acl', 'head': 7}}]",['SOV']
1969,Ebert forderte Wilhelm II.,1,"[{'object': {'upos': 'PROPN', 'text': 'Ebert', 'id': 1, 'deprel': 'obj', 'head': 2}, 'verb': {'upos': 'VERB', 'text': 'forderte', 'id': 2, 'deprel': 'root', 'head': 0}, 'subject': {'upos': 'PROPN', 'text': 'Wilhelm', 'id': 3, 'deprel': 'nsubj', 'head': 2}}]",['OVS']
921,"Edgar Rey Sanabria führte seine neue Methode ein, um den Mangel an Inkubatoren, Betreuungspersonal und weiteren Mitteln am Instituto Materno Infantil in Bogotá zu mindern.",1,"[{'subject': {'upos': 'PROPN', 'text': 'Edgar', 'id': 1, 'deprel': 'nsubj', 'head': 4}, 'verb': {'upos': 'VERB', 'text': 'führte', 'id': 4, 'deprel': 'root', 'head': 0}, 'object': {'upos': 'NOUN', 'text': 'Methode', 'id': 7, 'deprel': 'obj', 'head': 4}}]",['SVO']
1433,"Ein Arzt kann bei der ärztlichen Erstuntersuchung eine visuelle Inspektion des Perineums durchführen, um vorgefallene (prolabierte) Hämorrhoiden vierten Grades problemlos feststellen zu können.",1,"[{'subject': {'upos': 'NOUN', 'text': 'Arzt', 'id': 2, 'deprel': 'nsubj', 'head': 13}, 'object': {'upos': 'NOUN', 'text': 'Inspektion', 'id': 10, 'deprel': 'obj', 'head': 13}, 'verb': {'upos': 'VERB', 'text': 'durchführen', 'id': 13, 'deprel': 'root', 'head': 0}}]",['SOV']
592,Ein Elektromotor trieb die Uhr während der Wartungsarbeiten an.,1,"[{'subject': {'upos': 'NOUN', 'text': 'Elektromotor', 'id': 2, 'deprel': 'nsubj', 'head': 3}, 'verb': {'upos': 'VERB', 'text': 'trieb', 'id': 3, 'deprel': 'root', 'head': 0}, 'object': {'upos': 'NOUN', 'text': 'Uhr', 'id': 5, 'deprel': 'obj', 'head': 3}}]",['SVO']
1222,"Ein Innings ist als beendet, wenn entweder alle Wickets der Schlagmannschaft verloren sind, kein weiterer Batsman zur Verfügung steht, eine Deklaration oder Forfaitüre erfolgt oder die Endzeit oder festgelegte Overanzahl erreicht wurde.",1,"[{'subject': {'upos': 'NOUN', 'text': 'Batsman', 'id': 18, 'deprel': 'nsubj', 'head': 22}, 'object': {'upos': 'NOUN', 'text': 'Deklaration', 'id': 25, 'deprel': 'obj', 'head': 28}, 'verb': {'upos': 'VERB', 'text': 'erfolgt', 'id': 28, 'deprel': 'conj', 'head': 22}}]",['SOV']
1298,"Ein Master of Business Degree bei einer Mitgliedsuniversität ist oft erforderlich, bevor man sich für das CEMS MIM bewirbt.",1,"[{'subject': {'upos': 'PRON', 'text': 'man', 'id': 14, 'deprel': 'nsubj', 'head': 20}, 'object': {'upos': 'PRON', 'text': 'sich', 'id': 15, 'deprel': 'obj', 'head': 20}, 'verb': {'upos': 'VERB', 'text': 'bewirbt', 'id': 20, 'deprel': 'advcl', 'head': 11}}]",['SOV']
1530,"Ein Neugeborenes sollte Bilirubinwerte von 25 bis über 30 mg/dl (425 bis über 510 µmol/l) haben, um für eine Transfusion in Frage zu kommen.",1,"[{'subject': {'upos': 'NOUN', 'text': 'Neugeborenes', 'id': 2, 'deprel': 'nsubj', 'head': 18}, 'object': {'upos': 'NOUN', 'text': 'Bilirubinwerte', 'id': 4, 'deprel': 'obj', 'head': 18}, 'verb': {'upos': 'VERB', 'text': 'haben', 'id': 18, 'deprel': 'root', 'head': 0}}]",['SOV']
602,"Ein Porträtist ist ein Künstler, der solche Bilder schafft.",1,"[{'subject': {'upos': 'PRON', 'text': 'der', 'id': 7, 'deprel': 'nsubj', 'head': 10}, 'object': {'upos': 'NOUN', 'text': 'Bilder', 'id': 9, 'deprel': 'obj', 'head': 10}, 'verb': {'upos': 'VERB', 'text': 'schafft', 'id': 10, 'deprel': 'acl', 'head': 5}}]",['SOV']
1560,"Ein Sakuru ist ein Dōjin-Gruppennamen, der für eine Gruppe von nichtprofessionellen Zeichnern im Selbstverlag verwendet wird, die sich auf die Herausgabe von Mangas spezialisiert haben.",1,"[{'subject': {'upos': 'PRON', 'text': 'die', 'id': 22, 'deprel': 'nsubj', 'head': 29}, 'object': {'upos': 'PRON', 'text': 'sich', 'id': 23, 'deprel': 'obj', 'head': 29}, 'verb': {'upos': 'VERB', 'text': 'spezialisiert', 'id': 29, 'deprel': 'acl', 'head': 18}}]",['SOV']
519,"Ein Selenium Grid ermöglicht die parallele Ausführung von Tests auf mehreren Servern, um die Dauer der Testdurchführung zu verkürzen.",1,"[{'subject': {'upos': 'PROPN', 'text': 'Selenium', 'id': 2, 'deprel': 'nsubj', 'head': 4}, 'verb': {'upos': 'VERB', 'text': 'ermöglicht', 'id': 4, 'deprel': 'root', 'head': 0}, 'object': {'upos': 'NOUN', 'text': 'Ausführung', 'id': 7, 'deprel': 'obj', 'head': 4}}]",['SVO']
901,"Ein Spieler erhält einen zusätzlichen Bonusfreiwurf, wenn er unmittelbar während eines Wurfversuchs gefoult wird und der Versuch trotz des Fouls erfolgreich ist.",1,"[{'subject': {'upos': 'NOUN', 'text': 'Spieler', 'id': 2, 'deprel': 'nsubj', 'head': 3}, 'verb': {'upos': 'VERB', 'text': 'erhält', 'id': 3, 'deprel': 'root', 'head': 0}, 'object': {'upos': 'NOUN', 'text': 'Bonusfreiwurf', 'id': 6, 'deprel': 'obj', 'head': 3}}]",['SVO']
1312,"Ein Supermarkt würde wahrscheinlich Daten sammeln, um Kunden in Bezug auf ähnliches Kaufverhalten oder Interessen für gezielte Werbemaßnahmen zu segmentieren.",1,"[{'subject': {'upos': 'NOUN', 'text': 'Supermarkt', 'id': 2, 'deprel': 'nsubj', 'head': 6}, 'object': {'upos': 'NOUN', 'text': 'Daten', 'id': 5, 'deprel': 'obj', 'head': 6}, 'verb': {'upos': 'VERB', 'text': 'sammeln', 'id': 6, 'deprel': 'root', 'head': 0}}]",['SOV']
1249,"Ein Team hat 11 Spieler, von denen der Bowler und der Wicket-Keeper abgezogen werden, bleiben neun Spieler übrig, die auf die Feldpositionen zu verteilen sind.",1,"[{'subject': {'upos': 'NOUN', 'text': 'Team', 'id': 2, 'deprel': 'nsubj', 'head': 3}, 'verb': {'upos': 'VERB', 'text': 'hat', 'id': 3, 'deprel': 'root', 'head': 0}, 'object': {'upos': 'NOUN', 'text': 'Spieler', 'id': 5, 'deprel': 'obj', 'head': 3}}]",['SVO']
1905,"Eine Mannschaft muss mindestens drei Torhüter haben, um am Turnier teilnehmen zu können.",1,"[{'subject': {'upos': 'NOUN', 'text': 'Mannschaft', 'id': 2, 'deprel': 'nsubj', 'head': 7}, 'object': {'upos': 'NOUN', 'text': 'Torhüter', 'id': 6, 'deprel': 'obj', 'head': 7}, 'verb': {'upos': 'VERB', 'text': 'haben', 'id': 7, 'deprel': 'root', 'head': 0}}]",['SOV']
653,"Eine nicht schwer ausgeprägte virale Meningitis kann ambulant zu Hause behandelt werden, indem man sich auf eine unterstützende Behandlung konzentriert.",1,"[{'subject': {'upos': 'PRON', 'text': 'man', 'id': 15, 'deprel': 'nsubj', 'head': 21}, 'object': {'upos': 'PRON', 'text': 'sich', 'id': 16, 'deprel': 'obj', 'head': 21}, 'verb': {'upos': 'VERB', 'text': 'konzentriert', 'id': 21, 'deprel': 'advcl', 'head': 11}}]",['SOV']
1484,Elisabeth sicherte Marys Unterstützung.,1,"[{'subject': {'upos': 'PROPN', 'text': 'Elisabeth', 'id': 1, 'deprel': 'nsubj', 'head': 2}, 'verb': {'upos': 'VERB', 'text': 'sicherte', 'id': 2, 'deprel': 'root', 'head': 0}, 'object': {'upos': 'NOUN', 'text': 'Unterstützung', 'id': 4, 'deprel': 'obj', 'head': 2}}]",['SVO']
928,Ellen S. Baker erhielt den Abschluss Bachelor of Arts 1974 von der State University of New York.,1,"[{'subject': {'upos': 'PROPN', 'text': 'Ellen', 'id': 1, 'deprel': 'nsubj', 'head': 4}, 'verb': {'upos': 'VERB', 'text': 'erhielt', 'id': 4, 'deprel': 'root', 'head': 0}, 'object': {'upos': 'NOUN', 'text': 'Abschluss', 'id': 6, 'deprel': 'obj', 'head': 4}}]",['SVO']
1373,"Er begann nach seinem Dienst in Bosnien seine Karriere in der Kanadischen Armee, wo er zum Lieutenant Colonel aufstieg und im 1.",1,"[{'subject': {'upos': 'PRON', 'text': 'Er', 'id': 1, 'deprel': 'nsubj', 'head': 2}, 'verb': {'upos': 'VERB', 'text': 'begann', 'id': 2, 'deprel': 'root', 'head': 0}, 'object': {'upos': 'NOUN', 'text': 'Karriere', 'id': 9, 'deprel': 'obj', 'head': 2}}]",['SVO']
1007,Er empfahl 1815 die Zahnreinigung mit Seidenfäden (ungezwirntes Seidengarn).,1,"[{'subject': {'upos': 'PRON', 'text': 'Er', 'id': 1, 'deprel': 'nsubj', 'head': 2}, 'verb': {'upos': 'VERB', 'text': 'empfahl', 'id': 2, 'deprel': 'root', 'head': 0}, 'object': {'upos': 'NOUN', 'text': 'Zahnreinigung', 'id': 5, 'deprel': 'obj', 'head': 2}}]",['SVO']
1183,Er hat die Biegesteifigkeit in die Stringtheorie eingeführt.,1,"[{'subject': {'upos': 'PRON', 'text': 'Er', 'id': 1, 'deprel': 'nsubj', 'head': 8}, 'object': {'upos': 'NOUN', 'text': 'Biegesteifigkeit', 'id': 4, 'deprel': 'obj', 'head': 8}, 'verb': {'upos': 'VERB', 'text': 'eingeführt', 'id': 8, 'deprel': 'root', 'head': 0}}]",['SOV']
1415,Er hat moderne Geschichte am Balliol College in Oxford gelernt.,1,"[{'subject': {'upos': 'PRON', 'text': 'Er', 'id': 1, 'deprel': 'nsubj', 'head': 11}, 'object': {'upos': 'NOUN', 'text': 'Geschichte', 'id': 4, 'deprel': 'obj', 'head': 11}, 'verb': {'upos': 'VERB', 'text': 'gelernt', 'id': 11, 'deprel': 'root', 'head': 0}}]",['SOV']
80,Er mietete ein Apartment in Mayfair.,1,"[{'subject': {'upos': 'PRON', 'text': 'Er', 'id': 1, 'deprel': 'nsubj', 'head': 2}, 'verb': {'upos': 'VERB', 'text': 'mietete', 'id': 2, 'deprel': 'root', 'head': 0}, 'object': {'upos': 'NOUN', 'text': 'Apartment', 'id': 4, 'deprel': 'obj', 'head': 2}}]",['SVO']
1953,"Er schließt sich seinen Partnern an, um mitzutanzen.",1,"[{'subject': {'upos': 'PRON', 'text': 'Er', 'id': 1, 'deprel': 'nsubj', 'head': 2}, 'verb': {'upos': 'VERB', 'text': 'schließt', 'id': 2, 'deprel': 'root', 'head': 0}, 'object': {'upos': 'PRON', 'text': 'sich', 'id': 3, 'deprel': 'obj', 'head': 2}}]",['SVO']
1404,"Ernst nach Francos Tod breitete sich der Breiten- und Freizeitsport sehr aus, darunter auch Fußball, in Spanien aus.",1,"[{'verb': {'upos': 'VERB', 'text': 'breitete', 'id': 5, 'deprel': 'root', 'head': 0}, 'object': {'upos': 'PRON', 'text': 'sich', 'id': 6, 'deprel': 'obj', 'head': 5}, 'subject': {'upos': 'NOUN', 'text': 'Breiten', 'id': 8, 'deprel': 'nsubj', 'head': 5}}]",['VOS']
1148,"Erucasäure ist bis zu 42 % prävalent in Senföl, während Ölsäure etwa 12 % ausmacht.",1,"[{'subject': {'upos': 'NOUN', 'text': 'Ölsäure', 'id': 12, 'deprel': 'nsubj', 'head': 16}, 'object': {'upos': 'NOUN', 'text': '%', 'id': 15, 'deprel': 'obj', 'head': 16}, 'verb': {'upos': 'VERB', 'text': 'ausmacht', 'id': 16, 'deprel': 'advcl', 'head': 7}}]",['SOV']
25,"Es brauchte einen Zollangestellten, um das Flugzeug zu deaktivieren.",1,"[{'subject': {'upos': 'PRON', 'text': 'Es', 'id': 1, 'deprel': 'nsubj', 'head': 2}, 'verb': {'upos': 'VERB', 'text': 'brauchte', 'id': 2, 'deprel': 'root', 'head': 0}, 'object': {'upos': 'NOUN', 'text': 'Zollangestellten', 'id': 4, 'deprel': 'obj', 'head': 2}}]",['SVO']
1216,Es dauert nach wenigen Sekunden Kreislaufstillstand bei Pulslosigkeit der Arteria radialis (am Handgelenk) Bewusstlosigkeit ein.,1,"[{'subject': {'upos': 'PRON', 'text': 'Es', 'id': 1, 'deprel': 'nsubj', 'head': 2}, 'verb': {'upos': 'VERB', 'text': 'dauert', 'id': 2, 'deprel': 'root', 'head': 0}, 'object': {'upos': 'NOUN', 'text': 'Bewusstlosigkeit', 'id': 17, 'deprel': 'obj', 'head': 2}}]",['SVO']
1666,"Es existieren keine lokalen oder einheimischen Quellen, die die Geschichte erzählen.",1,"[{'subject': {'upos': 'PRON', 'text': 'die', 'id': 9, 'deprel': 'nsubj', 'head': 12}, 'object': {'upos': 'NOUN', 'text': 'Geschichte', 'id': 11, 'deprel': 'obj', 'head': 12}, 'verb': {'upos': 'VERB', 'text': 'erzählen', 'id': 12, 'deprel': 'acl', 'head': 7}}]",['SOV']
600,"Es gibt 23 Nationalparks in Polen, die insgesamt 3.145 km² Fläche umfassen.",1,"[{'subject': {'upos': 'PRON', 'text': 'die', 'id': 8, 'deprel': 'nsubj', 'head': 14}, 'object': {'upos': 'NOUN', 'text': 'Fläche', 'id': 13, 'deprel': 'obj', 'head': 14}, 'verb': {'upos': 'VERB', 'text': 'umfassen', 'id': 14, 'deprel': 'acl', 'head': 4}}]",['SOV']
1270,"Es gibt also kein olympisches Spiel, das die Mongolei verpasst hat.",1,"[{'subject': {'upos': 'PRON', 'text': 'das', 'id': 8, 'deprel': 'nsubj', 'head': 11}, 'object': {'upos': 'PROPN', 'text': 'Mongolei', 'id': 10, 'deprel': 'obj', 'head': 11}, 'verb': {'upos': 'VERB', 'text': 'verpasst', 'id': 11, 'deprel': 'acl', 'head': 6}}]",['SOV']
653,"Es gibt keine klinischen Studien, die die Wirksamkeit von Virostatika wie Aciclovir bei einer viralen Meningitis untersucht haben.",1,"[{'subject': {'upos': 'PRON', 'text': 'die', 'id': 7, 'deprel': 'nsubj', 'head': 18}, 'object': {'upos': 'NOUN', 'text': 'Wirksamkeit', 'id': 9, 'deprel': 'obj', 'head': 18}, 'verb': {'upos': 'VERB', 'text': 'untersucht', 'id': 18, 'deprel': 'acl', 'head': 5}}]",['SOV']
1146,"Es handelt sich um verschiedene, unverbundene Informationen aus verschiedenen Bereichen wie Archäologie, Biographie, Medizin, Biologie und Geschichte.",1,"[{'subject': {'upos': 'PRON', 'text': 'Es', 'id': 1, 'deprel': 'nsubj', 'head': 2}, 'verb': {'upos': 'VERB', 'text': 'handelt', 'id': 2, 'deprel': 'root', 'head': 0}, 'object': {'upos': 'PRON', 'text': 'sich', 'id': 3, 'deprel': 'obj', 'head': 2}}]",['SVO']
1200,"Es hat die Funktion eines fetalen Transportproteins, das insbesondere Kupfer, Nickel, Fettsäuren und Bilirubin im fetalen Blutplasma transportiert.",1,"[{'subject': {'upos': 'PRON', 'text': 'das', 'id': 9, 'deprel': 'nsubj', 'head': 22}, 'object': {'upos': 'NOUN', 'text': 'Kupfer', 'id': 11, 'deprel': 'obj', 'head': 22}, 'verb': {'upos': 'VERB', 'text': 'transportiert', 'id': 22, 'deprel': 'acl', 'head': 7}}]",['SOV']
798,"Es wird keine spezifische Person genannt, die diese Technik verwendete.",1,"[{'subject': {'upos': 'PRON', 'text': 'die', 'id': 8, 'deprel': 'nsubj', 'head': 11}, 'object': {'upos': 'NOUN', 'text': 'Technik', 'id': 10, 'deprel': 'obj', 'head': 11}, 'verb': {'upos': 'VERB', 'text': 'verwendete', 'id': 11, 'deprel': 'acl', 'head': 5}}]",['SOV']
917,Fabienne hat die Uhr seines Vaters in der gemeinsamen Wohnung vergessen.,1,"[{'subject': {'upos': 'PROPN', 'text': 'Fabienne', 'id': 1, 'deprel': 'nsubj', 'head': 11}, 'object': {'upos': 'NOUN', 'text': 'Uhr', 'id': 4, 'deprel': 'obj', 'head': 11}, 'verb': {'upos': 'VERB', 'text': 'vergessen', 'id': 11, 'deprel': 'root', 'head': 0}}]",['SOV']
68,Faworski hat Chemie an der Physikalisch-Mathematischen Fakultät der Kaiserlichen Universität St.,1,"[{'subject': {'upos': 'PROPN', 'text': 'Faworski', 'id': 1, 'deprel': 'nsubj', 'head': 2}, 'verb': {'upos': 'VERB', 'text': 'hat', 'id': 2, 'deprel': 'root', 'head': 0}, 'object': {'upos': 'NOUN', 'text': 'Chemie', 'id': 3, 'deprel': 'obj', 'head': 2}}]",['SVO']
1264,Februar 2004 führte Intel einen neuen P4-Kern mit Codenamen Prescott ein.,1,"[{'verb': {'upos': 'VERB', 'text': 'führte', 'id': 3, 'deprel': 'root', 'head': 0}, 'subject': {'upos': 'PROPN', 'text': 'Intel', 'id': 4, 'deprel': 'nsubj', 'head': 3}, 'object': {'upos': 'PROPN', 'text': 'P4', 'id': 7, 'deprel': 'obj', 'head': 3}}]",['VSO']
1089,"Februar 2006 erstmals auf die Queen Mary, die als Hotelschiff vor Long Beach (Kalifornien) liegt, nachdem sie Südamerika umfuhrt hatte.",1,"[{'subject': {'upos': 'PRON', 'text': 'sie', 'id': 21, 'deprel': 'nsubj', 'head': 23}, 'object': {'upos': 'PROPN', 'text': 'Südamerika', 'id': 22, 'deprel': 'obj', 'head': 23}, 'verb': {'upos': 'VERB', 'text': 'umfuhrt', 'id': 23, 'deprel': 'advcl', 'head': 18}}]",['SOV']
1843,"Februar 2009 endete Swaggers unbesiegte Serie, als er gegen Finlay in einem Non-Title-Match verlor.",1,"[{'verb': {'upos': 'VERB', 'text': 'endete', 'id': 3, 'deprel': 'root', 'head': 0}, 'subject': {'upos': 'PROPN', 'text': 'Swaggers', 'id': 4, 'deprel': 'nsubj', 'head': 3}, 'object': {'upos': 'NOUN', 'text': 'Serie', 'id': 6, 'deprel': 'obj', 'head': 3}}]",['VSO']
1293,"FeedBurner bietet angepasste RSS-Feeds und Verwaltungswerkzeuge für Blogger, Podcaster und andere Anbieter webbasierter Inhalte.",1,"[{'subject': {'upos': 'PROPN', 'text': 'FeedBurner', 'id': 1, 'deprel': 'nsubj', 'head': 2}, 'verb': {'upos': 'VERB', 'text': 'bietet', 'id': 2, 'deprel': 'root', 'head': 0}, 'object': {'upos': 'PROPN', 'text': 'RSS', 'id': 4, 'deprel': 'obj', 'head': 2}}]",['SVO']
85,Felix d'Hérelle unterhielt Versuche am Menschen mit Bakteriophagen.,1,"[{'subject': {'upos': 'PROPN', 'text': 'Felix', 'id': 1, 'deprel': 'nsubj', 'head': 4}, 'verb': {'upos': 'VERB', 'text': 'unterhielt', 'id': 4, 'deprel': 'root', 'head': 0}, 'object': {'upos': 'NOUN', 'text': 'Versuche', 'id': 5, 'deprel': 'obj', 'head': 4}}]",['SVO']
1598,Flixster erwarb Rotten Tomatoes im Januar 2010.,1,"[{'subject': {'upos': 'PROPN', 'text': 'Flixster', 'id': 1, 'deprel': 'nsubj', 'head': 2}, 'verb': {'upos': 'VERB', 'text': 'erwarb', 'id': 2, 'deprel': 'root', 'head': 0}, 'object': {'upos': 'PROPN', 'text': 'Rotten', 'id': 3, 'deprel': 'obj', 'head': 2}}]",['SVO']
1466,Flora Wellman heiratete John London am 7.,1,"[{'subject': {'upos': 'PROPN', 'text': 'Flora', 'id': 1, 'deprel': 'nsubj', 'head': 3}, 'verb': {'upos': 'VERB', 'text': 'heiratete', 'id': 3, 'deprel': 'root', 'head': 0}, 'object': {'upos': 'PROPN', 'text': 'John', 'id': 4, 'deprel': 'obj', 'head': 3}}]",['SVO']
1252,Francis Picabia gab das Dada-Periodikum 391 von 1917 bis 1924 heraus.,1,"[{'subject': {'upos': 'PROPN', 'text': 'Francis', 'id': 1, 'deprel': 'nsubj', 'head': 3}, 'verb': {'upos': 'VERB', 'text': 'gab', 'id': 3, 'deprel': 'root', 'head': 0}, 'object': {'upos': 'PROPN', 'text': 'Dada', 'id': 5, 'deprel': 'obj', 'head': 3}}]",['SVO']
40,"Frankreich und Russland reagierten auf die Bedrohung, indem sie ihre Seestreitkräfte erweiterten, um der Herausforderung von neuen Seemächten wie Deutschland, Japan oder den Vereinigten Staaten zu begegnen.",1,"[{'subject': {'upos': 'PRON', 'text': 'sie', 'id': 10, 'deprel': 'nsubj', 'head': 13}, 'object': {'upos': 'NOUN', 'text': 'Seestreitkräfte', 'id': 12, 'deprel': 'obj', 'head': 13}, 'verb': {'upos': 'VERB', 'text': 'erweiterten', 'id': 13, 'deprel': 'advcl', 'head': 4}}]",['SOV']
1142,Frauen beteiligen sich am Siebenkampf anstelle des Zehnkampfs.,1,"[{'subject': {'upos': 'NOUN', 'text': 'Frauen', 'id': 1, 'deprel': 'nsubj', 'head': 2}, 'verb': {'upos': 'VERB', 'text': 'beteiligen', 'id': 2, 'deprel': 'root', 'head': 0}, 'object': {'upos': 'PRON', 'text': 'sich', 'id': 3, 'deprel': 'obj', 'head': 2}}]",['SVO']
239,"Friday kann hacken, indem sie Zugang zu den Überwachungskameras beim CAB erhält.",1,"[{'subject': {'upos': 'PRON', 'text': 'sie', 'id': 6, 'deprel': 'nsubj', 'head': 14}, 'object': {'upos': 'NOUN', 'text': 'Zugang', 'id': 7, 'deprel': 'obj', 'head': 14}, 'verb': {'upos': 'VERB', 'text': 'erhält', 'id': 14, 'deprel': 'advcl', 'head': 3}}]",['SOV']
1873,Für den Schutz von Frauenrechten hat das Zentrum große Arbeit geleistet.,1,"[{'subject': {'upos': 'NOUN', 'text': 'Zentrum', 'id': 8, 'deprel': 'nsubj', 'head': 11}, 'object': {'upos': 'NOUN', 'text': 'Arbeit', 'id': 10, 'deprel': 'obj', 'head': 11}, 'verb': {'upos': 'VERB', 'text': 'geleistet', 'id': 11, 'deprel': 'root', 'head': 0}}]",['SOV']
1074,Gegen proprietäre Software startete Stallman eine Kampagne.,1,"[{'verb': {'upos': 'VERB', 'text': 'startete', 'id': 4, 'deprel': 'root', 'head': 0}, 'subject': {'upos': 'PROPN', 'text': 'Stallman', 'id': 5, 'deprel': 'nsubj', 'head': 4}, 'object': {'upos': 'NOUN', 'text': 'Kampagne', 'id': 7, 'deprel': 'obj', 'head': 4}}]",['VSO']
285,"George IV trug einen hohen Kragen, um sein Doppelkinn zu verbergen.",1,"[{'subject': {'upos': 'PROPN', 'text': 'George', 'id': 1, 'deprel': 'nsubj', 'head': 3}, 'verb': {'upos': 'VERB', 'text': 'trug', 'id': 3, 'deprel': 'root', 'head': 0}, 'object': {'upos': 'NOUN', 'text': 'Kragen', 'id': 6, 'deprel': 'obj', 'head': 3}}]",['SVO']
1821,"Gerardus Johannes Mulder gab Proteinen ihren Namen, nachdem Jöns Jakob Berzelius ihm 1838 vorgeschlagen hatte, den Namen von dem griechischen Wort πρωτεῖος (proteios) für ""grundlegend"" und ""vorrangig"" abzuleiten.",1,"[{'subject': {'upos': 'PROPN', 'text': 'Gerardus', 'id': 1, 'deprel': 'nsubj', 'head': 4}, 'verb': {'upos': 'VERB', 'text': 'gab', 'id': 4, 'deprel': 'root', 'head': 0}, 'object': {'upos': 'NOUN', 'text': 'Proteinen', 'id': 5, 'deprel': 'obj', 'head': 4}}]",['SVO']
1739,Gideon Sundbäck legte 1903 sein Ingenieurexamen am Rheinischen Technikum in Bingen ab.,1,"[{'subject': {'upos': 'PROPN', 'text': 'Gideon', 'id': 1, 'deprel': 'nsubj', 'head': 3}, 'verb': {'upos': 'VERB', 'text': 'legte', 'id': 3, 'deprel': 'root', 'head': 0}, 'object': {'upos': 'NOUN', 'text': 'Ingenieurexamen', 'id': 6, 'deprel': 'obj', 'head': 3}}]",['SVO']
1847,"Gomez war fünf Jahre alt, als sich ihre Eltern trennten.",1,"[{'object': {'upos': 'PRON', 'text': 'sich', 'id': 8, 'deprel': 'obj', 'head': 11}, 'subject': {'upos': 'NOUN', 'text': 'Eltern', 'id': 10, 'deprel': 'nsubj', 'head': 11}, 'verb': {'upos': 'VERB', 'text': 'trennten', 'id': 11, 'deprel': 'advcl', 'head': 5}}]",['OSV']
1577,"Gongyi (chinesisch 巩义市, Pinyin Gǒngyì Shì) hat 790.000 Einwohner.",1,"[{'subject': {'upos': 'PROPN', 'text': 'Gongyi', 'id': 1, 'deprel': 'nsubj', 'head': 11}, 'verb': {'upos': 'VERB', 'text': 'hat', 'id': 11, 'deprel': 'root', 'head': 0}, 'object': {'upos': 'NOUN', 'text': 'Einwohner', 'id': 13, 'deprel': 'obj', 'head': 11}}]",['SVO']
1590,"Großbritannien entsandte nach der Suezkanal-Krise Truppen in Oman (1957), Jordanien (1958) und Kuwait (1961).",1,"[{'subject': {'upos': 'PROPN', 'text': 'Großbritannien', 'id': 1, 'deprel': 'nsubj', 'head': 2}, 'verb': {'upos': 'VERB', 'text': 'entsandte', 'id': 2, 'deprel': 'root', 'head': 0}, 'object': {'upos': 'NOUN', 'text': 'Truppen', 'id': 8, 'deprel': 'obj', 'head': 2}}]",['SVO']
1018,"Guevara erlernte die Strategie, hart gegen mutmaßliche Deserteure vorzugehen und auch Todesurteile selbst zu vollstrecken.",1,"[{'subject': {'upos': 'PROPN', 'text': 'Guevara', 'id': 1, 'deprel': 'nsubj', 'head': 2}, 'verb': {'upos': 'VERB', 'text': 'erlernte', 'id': 2, 'deprel': 'root', 'head': 0}, 'object': {'upos': 'NOUN', 'text': 'Strategie', 'id': 4, 'deprel': 'obj', 'head': 2}}]",['SVO']
707,"Hamza, Zaid, Bilal oder andere zitierten die Worte des Propheten Mohammed.",1,"[{'subject': {'upos': 'PROPN', 'text': 'Hamza', 'id': 1, 'deprel': 'nsubj', 'head': 8}, 'verb': {'upos': 'VERB', 'text': 'zitierten', 'id': 8, 'deprel': 'root', 'head': 0}, 'object': {'upos': 'NOUN', 'text': 'Worte', 'id': 10, 'deprel': 'obj', 'head': 8}}]",['SVO']
37,Henry James wiederholte das Experiment zur Überprüfung der Erddichte im Jahr 1856 an Arthur's Seat in Edinburgh.,1,"[{'subject': {'upos': 'PROPN', 'text': 'Henry', 'id': 1, 'deprel': 'nsubj', 'head': 3}, 'verb': {'upos': 'VERB', 'text': 'wiederholte', 'id': 3, 'deprel': 'root', 'head': 0}, 'object': {'upos': 'NOUN', 'text': 'Experiment', 'id': 5, 'deprel': 'obj', 'head': 3}}]",['SVO']
117,Hermann Hesse begann seine Mechanikerlehre im Frühsommer 1894 in der Turmuhrenfabrik Perrot in Calw.,1,"[{'subject': {'upos': 'PROPN', 'text': 'Hermann', 'id': 1, 'deprel': 'nsubj', 'head': 3}, 'verb': {'upos': 'VERB', 'text': 'begann', 'id': 3, 'deprel': 'root', 'head': 0}, 'object': {'upos': 'NOUN', 'text': 'Mechanikerlehre', 'id': 5, 'deprel': 'obj', 'head': 3}}]",['SVO']
1117,"Hermann Minkowski ist bekannt für seine Pionierarbeit in der Geometrie der Zahlen und seine Entwicklungen in der Theorie konvexer Körper und Gitter, die er in der Zahlentheorie anwendete.",1,"[{'object': {'upos': 'PRON', 'text': 'die', 'id': 24, 'deprel': 'obj', 'head': 29}, 'subject': {'upos': 'PRON', 'text': 'er', 'id': 25, 'deprel': 'nsubj', 'head': 29}, 'verb': {'upos': 'VERB', 'text': 'anwendete', 'id': 29, 'deprel': 'acl', 'head': 20}}]",['OSV']
911,"Herr Johann Noe Gogel war für Hegel als Vermittler tätig, indem er eine Hauslehrerstellung für Hegel in seiner Familie arrangierte.",1,"[{'subject': {'upos': 'PRON', 'text': 'er', 'id': 13, 'deprel': 'nsubj', 'head': 21}, 'object': {'upos': 'NOUN', 'text': 'Hauslehrerstellung', 'id': 15, 'deprel': 'obj', 'head': 21}, 'verb': {'upos': 'VERB', 'text': 'arrangierte', 'id': 21, 'deprel': 'advcl', 'head': 10}}]",['SOV']
891,IFAB bedeutet International Football Association Board.,1,"[{'subject': {'upos': 'PROPN', 'text': 'IFAB', 'id': 1, 'deprel': 'nsubj', 'head': 2}, 'verb': {'upos': 'VERB', 'text': 'bedeutet', 'id': 2, 'deprel': 'root', 'head': 0}, 'object': {'upos': 'PROPN', 'text': 'Football', 'id': 4, 'deprel': 'obj', 'head': 2}}]",['SVO']
145,Iglesias schaffte im Jahr 1999 einen erfolgreichen Wechsel in den englischen Musikmarkt ein.,1,"[{'subject': {'upos': 'PROPN', 'text': 'Iglesias', 'id': 1, 'deprel': 'nsubj', 'head': 2}, 'verb': {'upos': 'VERB', 'text': 'schaffte', 'id': 2, 'deprel': 'root', 'head': 0}, 'object': {'upos': 'NOUN', 'text': 'Wechsel', 'id': 9, 'deprel': 'obj', 'head': 2}}]",['SVO']
1179,Ihre Keynote-Adresse vor der Democratic National Convention im August 2008 erhielt überwiegend positive Kommentare.,1,"[{'subject': {'upos': 'NOUN', 'text': 'Adresse', 'id': 4, 'deprel': 'nsubj', 'head': 14}, 'verb': {'upos': 'VERB', 'text': 'erhielt', 'id': 14, 'deprel': 'root', 'head': 0}, 'object': {'upos': 'NOUN', 'text': 'Kommentare', 'id': 17, 'deprel': 'obj', 'head': 14}}]",['SVO']
1500,"Im Dezember 1992 sah sich das Paar gezwungen, die offizielle Trennung bekanntzugeben.",1,"[{'verb': {'upos': 'VERB', 'text': 'sah', 'id': 5, 'deprel': 'root', 'head': 0}, 'object': {'upos': 'PRON', 'text': 'sich', 'id': 6, 'deprel': 'obj', 'head': 5}, 'subject': {'upos': 'NOUN', 'text': 'Paar', 'id': 8, 'deprel': 'nsubj', 'head': 5}}]",['VOS']
1534,Im Jahre 1927 heiratete er Frieda Knecht.,1,"[{'verb': {'upos': 'VERB', 'text': 'heiratete', 'id': 5, 'deprel': 'root', 'head': 0}, 'subject': {'upos': 'PRON', 'text': 'er', 'id': 6, 'deprel': 'nsubj', 'head': 5}, 'object': {'upos': 'PROPN', 'text': 'Frieda', 'id': 7, 'deprel': 'obj', 'head': 5}}]",['VSO']
115,"Im Juni 1944 brach die Franklin in den Westpazifik auf und fuhr über Pearl Harbor nach Eniwetok, wo sie sich der Fast Carrier Task Force als Teil der Task Group 58.2 anschloss.",1,"[{'subject': {'upos': 'PRON', 'text': 'sie', 'id': 21, 'deprel': 'nsubj', 'head': 34}, 'object': {'upos': 'PRON', 'text': 'sich', 'id': 22, 'deprel': 'obj', 'head': 34}, 'verb': {'upos': 'VERB', 'text': 'anschloss', 'id': 34, 'deprel': 'acl', 'head': 18}}]",['SOV']
1177,Im März 2012 begann er seine neue Tätigkeit als Sondergesandter der Vereinten Nationen und der Arabischen Liga für Syrien.,1,"[{'verb': {'upos': 'VERB', 'text': 'begann', 'id': 5, 'deprel': 'root', 'head': 0}, 'subject': {'upos': 'PRON', 'text': 'er', 'id': 6, 'deprel': 'nsubj', 'head': 5}, 'object': {'upos': 'NOUN', 'text': 'Tätigkeit', 'id': 9, 'deprel': 'obj', 'head': 5}}]",['VSO']
440,Im Nachkriegszeitraum wurde die Fertigung von PKWs erst im Jahre 1947 wieder aufgenommen und erreichte schnell die früheren Stückzahlen.,1,"[{'subject': {'upos': 'NOUN', 'text': 'Fertigung', 'id': 6, 'deprel': 'nsubj:pass', 'head': 15}, 'verb': {'upos': 'VERB', 'text': 'erreichte', 'id': 17, 'deprel': 'conj', 'head': 15}, 'object': {'upos': 'NOUN', 'text': 'Stückzahlen', 'id': 21, 'deprel': 'obj', 'head': 17}}]",['SVO']
367,"Im nationalen Wappen ist eine Scheibe enthalten, in der sich zwei Drachen um das Rad eines doppelten Vajra drehen.",1,"[{'object': {'upos': 'PRON', 'text': 'sich', 'id': 12, 'deprel': 'obj', 'head': 21}, 'subject': {'upos': 'NOUN', 'text': 'Drachen', 'id': 14, 'deprel': 'nsubj', 'head': 21}, 'verb': {'upos': 'VERB', 'text': 'drehen', 'id': 21, 'deprel': 'acl', 'head': 7}}]",['OSV']
675,"In christlichen, buddhistischen, moslemischen, jüdischen und hinduistischen Traditionen wird die Dankbarkeit als ein wichtiges Gefühl erachtet, das Religionen in ihren Anhängern erwecken und erhalten wollen.",1,"[{'subject': {'upos': 'PRON', 'text': 'das', 'id': 21, 'deprel': 'nsubj', 'head': 26}, 'object': {'upos': 'NOUN', 'text': 'Religionen', 'id': 22, 'deprel': 'obj', 'head': 26}, 'verb': {'upos': 'VERB', 'text': 'erwecken', 'id': 26, 'deprel': 'acl', 'head': 18}}]",['SOV']
298,In den 1960er und 1970er Jahren beschleunigte sich die Entkolonialisierung Afrikas.,1,"[{'verb': {'upos': 'VERB', 'text': 'beschleunigte', 'id': 7, 'deprel': 'root', 'head': 0}, 'object': {'upos': 'PRON', 'text': 'sich', 'id': 8, 'deprel': 'obj', 'head': 7}, 'subject': {'upos': 'NOUN', 'text': 'Entkolonialisierung', 'id': 10, 'deprel': 'nsubj', 'head': 7}}]",['VOS']
194,"In der C-Standard-Bibliothek sind keine genormten Container-Datentypen, wie es die C++-Standardbibliothek tut, noch bietet sie Unterstützung für grafische Benutzeroberflächen, Netzwerkfunktionalitäten und anderes, was in anderen Sprachen heute selbstverständlich vorhanden ist.",1,"[{'subject': {'upos': 'NOUN', 'text': 'Datentypen', 'id': 13, 'deprel': 'nsubj', 'head': 24}, 'verb': {'upos': 'VERB', 'text': 'bietet', 'id': 24, 'deprel': 'root', 'head': 0}, 'object': {'upos': 'NOUN', 'text': 'Unterstützung', 'id': 26, 'deprel': 'obj', 'head': 24}}]",['SVO']
907,"In der Datenbank finden sich Benennungen geographischer Objekte und Verweise auf topographische Karten, einschließlich von Informationen über die geographische Lage und bibliographische Nachweise.",1,"[{'verb': {'upos': 'VERB', 'text': 'finden', 'id': 4, 'deprel': 'root', 'head': 0}, 'object': {'upos': 'PRON', 'text': 'sich', 'id': 5, 'deprel': 'obj', 'head': 4}, 'subject': {'upos': 'NOUN', 'text': 'Benennungen', 'id': 6, 'deprel': 'nsubj', 'head': 4}}]",['VOS']
1173,"In der Rampur Raza Bibliothek finden sich sehr seltene und wertvolle Sammlungen von Manuskripten, historische Dokumente, Exemplare der islamischen Kalligraphie, Miniaturmalereien, astronomische Instrumente und seltene illustrierte Werke in Arabisch und Persisch.",1,"[{'verb': {'upos': 'VERB', 'text': 'finden', 'id': 6, 'deprel': 'root', 'head': 0}, 'object': {'upos': 'PRON', 'text': 'sich', 'id': 7, 'deprel': 'obj', 'head': 6}, 'subject': {'upos': 'NOUN', 'text': 'Sammlungen', 'id': 12, 'deprel': 'nsubj', 'head': 6}}]",['VOS']
1187,In einem Freundschaftsspiel erzielte er sein erstes Tor.,1,"[{'verb': {'upos': 'VERB', 'text': 'erzielte', 'id': 4, 'deprel': 'root', 'head': 0}, 'subject': {'upos': 'PRON', 'text': 'er', 'id': 5, 'deprel': 'nsubj', 'head': 4}, 'object': {'upos': 'NOUN', 'text': 'Tor', 'id': 8, 'deprel': 'obj', 'head': 4}}]",['VSO']
1343,"Innerhalb weniger Monate nach Inkrafttreten des Gesetzes hatten sich eine Viertelmillion schwarze Wähler neu registriert, ein Drittel davon wurden von Bundesbeamten registriert.",1,"[{'object': {'upos': 'PRON', 'text': 'sich', 'id': 9, 'deprel': 'obj', 'head': 15}, 'subject': {'upos': 'NOUN', 'text': 'Wähler', 'id': 13, 'deprel': 'nsubj', 'head': 15}, 'verb': {'upos': 'VERB', 'text': 'registriert', 'id': 15, 'deprel': 'root', 'head': 0}}]",['OSV']
1691,Italien hatte bei den vier Offensiven am Isonzo große Verluste von rund 250.000 Mann.,1,"[{'subject': {'upos': 'PROPN', 'text': 'Italien', 'id': 1, 'deprel': 'nsubj', 'head': 2}, 'verb': {'upos': 'VERB', 'text': 'hatte', 'id': 2, 'deprel': 'root', 'head': 0}, 'object': {'upos': 'NOUN', 'text': 'Verluste', 'id': 11, 'deprel': 'obj', 'head': 2}}]",['SVO']
1218,"Ja, elektrochemische Zellen können Emf (eingesetzte, nichtelektrische Feldstärke) zur Verfügung stellen.",1,"[{'subject': {'upos': 'NOUN', 'text': 'Zellen', 'id': 4, 'deprel': 'nsubj', 'head': 16}, 'object': {'upos': 'PROPN', 'text': 'Emf', 'id': 6, 'deprel': 'obj', 'head': 16}, 'verb': {'upos': 'VERB', 'text': 'stellen', 'id': 16, 'deprel': 'root', 'head': 0}}]",['SOV']
1982,"Januar 1919 überstimmt, als sie die Teilnahme an den geplanten Parlamentswahlen forderte, aber von der Mehrheit der Spartakisten abgelehnt wurde.",1,"[{'subject': {'upos': 'PRON', 'text': 'sie', 'id': 6, 'deprel': 'nsubj', 'head': 13}, 'object': {'upos': 'NOUN', 'text': 'Teilnahme', 'id': 8, 'deprel': 'obj', 'head': 13}, 'verb': {'upos': 'VERB', 'text': 'forderte', 'id': 13, 'deprel': 'advcl', 'head': 3}}]",['SOV']
1800,Jean-Philippe Lauer begann 1948 neue Ausgrabungen am Komplex.,1,"[{'subject': {'upos': 'PROPN', 'text': 'Jean', 'id': 1, 'deprel': 'nsubj', 'head': 5}, 'verb': {'upos': 'VERB', 'text': 'begann', 'id': 5, 'deprel': 'root', 'head': 0}, 'object': {'upos': 'NOUN', 'text': 'Ausgrabungen', 'id': 8, 'deprel': 'obj', 'head': 5}}]",['SVO']
1874,Jianmei erhielt den Simone-de-Beauvoir-Preis.,1,"[{'subject': {'upos': 'PROPN', 'text': 'Jianmei', 'id': 1, 'deprel': 'nsubj', 'head': 2}, 'verb': {'upos': 'VERB', 'text': 'erhielt', 'id': 2, 'deprel': 'root', 'head': 0}, 'object': {'upos': 'PROPN', 'text': 'Simone', 'id': 4, 'deprel': 'obj', 'head': 2}}]",['SVO']
1681,John Cornyn schlug Kirk im Wahlkampf um den Senatsposten.,1,"[{'subject': {'upos': 'PROPN', 'text': 'John', 'id': 1, 'deprel': 'nsubj', 'head': 3}, 'verb': {'upos': 'VERB', 'text': 'schlug', 'id': 3, 'deprel': 'root', 'head': 0}, 'object': {'upos': 'PROPN', 'text': 'Kirk', 'id': 4, 'deprel': 'obj', 'head': 3}}]",['SVO']
688,"Jon besucht ab und zu seinen Vater, den Farmer, auf der Farm zusammen mit seinem Bruder Garfield.",1,"[{'subject': {'upos': 'PROPN', 'text': 'Jon', 'id': 1, 'deprel': 'nsubj', 'head': 2}, 'verb': {'upos': 'VERB', 'text': 'besucht', 'id': 2, 'deprel': 'root', 'head': 0}, 'object': {'upos': 'NOUN', 'text': 'Vater', 'id': 7, 'deprel': 'obj', 'head': 2}}]",['SVO']
1122,Josef Fraunhofer erfand reine Prismen aus Glas.,1,"[{'subject': {'upos': 'PROPN', 'text': 'Josef', 'id': 1, 'deprel': 'nsubj', 'head': 3}, 'verb': {'upos': 'VERB', 'text': 'erfand', 'id': 3, 'deprel': 'root', 'head': 0}, 'object': {'upos': 'NOUN', 'text': 'Prismen', 'id': 5, 'deprel': 'obj', 'head': 3}}]",['SVO']
230,"Jovinus wurde von einer Anzahl gallo-römischer Adliger unterstützt, die Konstantins Niederlage überlebt hatten.",1,"[{'subject': {'upos': 'PRON', 'text': 'die', 'id': 12, 'deprel': 'nsubj', 'head': 15}, 'object': {'upos': 'NOUN', 'text': 'Niederlage', 'id': 14, 'deprel': 'obj', 'head': 15}, 'verb': {'upos': 'VERB', 'text': 'überlebt', 'id': 15, 'deprel': 'acl', 'head': 9}}]",['SOV']
1668,"Kaiser Yongle entsandte nach seinem Regierungsantritt 1403 unmittelbar Gesandte in zahlreiche Länder, um sie einzuladen, Tribut an China zu entsenden.",1,"[{'subject': {'upos': 'PROPN', 'text': 'Kaiser', 'id': 1, 'deprel': 'nsubj', 'head': 3}, 'verb': {'upos': 'VERB', 'text': 'entsandte', 'id': 3, 'deprel': 'root', 'head': 0}, 'object': {'upos': 'NOUN', 'text': 'Gesandte', 'id': 9, 'deprel': 'obj', 'head': 3}}]",['SVO']
597,Kane hat 1× die World Tag Team Championship gewonnen.,1,"[{'subject': {'upos': 'PROPN', 'text': 'Kane', 'id': 1, 'deprel': 'nsubj', 'head': 9}, 'object': {'upos': 'PROPN', 'text': 'World', 'id': 5, 'deprel': 'obj', 'head': 9}, 'verb': {'upos': 'VERB', 'text': 'gewonnen', 'id': 9, 'deprel': 'root', 'head': 0}}]",['SOV']
439,"Kang aktivierte Cerberus, das Zugangsprogramm zu den US-amerikanischen Nuklearwaffen, mithilfe einer Hackerin aus seinem Team.",1,"[{'subject': {'upos': 'PROPN', 'text': 'Kang', 'id': 1, 'deprel': 'nsubj', 'head': 2}, 'verb': {'upos': 'VERB', 'text': 'aktivierte', 'id': 2, 'deprel': 'root', 'head': 0}, 'object': {'upos': 'PROPN', 'text': 'Cerberus', 'id': 3, 'deprel': 'obj', 'head': 2}}]",['SVO']
1232,"Kevin Valentine, ein Studiomusiker, kümmerte sich um die Schlagzeugparts auf dem Album Psycho Circus.",1,"[{'subject': {'upos': 'PROPN', 'text': 'Kevin', 'id': 1, 'deprel': 'nsubj', 'head': 7}, 'verb': {'upos': 'VERB', 'text': 'kümmerte', 'id': 7, 'deprel': 'root', 'head': 0}, 'object': {'upos': 'PRON', 'text': 'sich', 'id': 8, 'deprel': 'obj', 'head': 7}}]",['SVO']
865,Khan spielte 88 Test Matches während seiner gesamten Karriere.,1,"[{'subject': {'upos': 'PROPN', 'text': 'Khan', 'id': 1, 'deprel': 'nsubj', 'head': 2}, 'verb': {'upos': 'VERB', 'text': 'spielte', 'id': 2, 'deprel': 'root', 'head': 0}, 'object': {'upos': 'NOUN', 'text': 'Matches', 'id': 5, 'deprel': 'obj', 'head': 2}}]",['SVO']
1680,Kirk erlangte 1976 am Austin College den Grad Bachelor und 1979 den Titel Juris Doctor der University von Texas.,1,"[{'subject': {'upos': 'PROPN', 'text': 'Kirk', 'id': 1, 'deprel': 'nsubj', 'head': 2}, 'verb': {'upos': 'VERB', 'text': 'erlangte', 'id': 2, 'deprel': 'root', 'head': 0}, 'object': {'upos': 'NOUN', 'text': 'Grad', 'id': 9, 'deprel': 'obj', 'head': 2}}]",['SVO']
1694,"Kitts und Nevis umfasst elf Mitglieder, davon elf gewählte und drei vom Generalgouverneur ernannte.",1,"[{'subject': {'upos': 'PROPN', 'text': 'Kitts', 'id': 1, 'deprel': 'nsubj', 'head': 4}, 'verb': {'upos': 'VERB', 'text': 'umfasst', 'id': 4, 'deprel': 'root', 'head': 0}, 'object': {'upos': 'NOUN', 'text': 'Mitglieder', 'id': 6, 'deprel': 'obj', 'head': 4}}]",['SVO']
77,Kitty Flynn heiratete Bullard und war auch mit Worth liiert.,1,"[{'subject': {'upos': 'PROPN', 'text': 'Kitty', 'id': 1, 'deprel': 'nsubj', 'head': 3}, 'verb': {'upos': 'VERB', 'text': 'heiratete', 'id': 3, 'deprel': 'root', 'head': 0}, 'object': {'upos': 'PROPN', 'text': 'Bullard', 'id': 4, 'deprel': 'obj', 'head': 3}}]",['SVO']
196,"Kristoff reiste mit Anna zurück nach Arendelle, weil er glaubte, dass ein Kuss von Hans sie retten könne.",1,"[{'subject': {'upos': 'NOUN', 'text': 'Kuss', 'id': 15, 'deprel': 'nsubj', 'head': 19}, 'object': {'upos': 'PRON', 'text': 'sie', 'id': 18, 'deprel': 'obj', 'head': 19}, 'verb': {'upos': 'VERB', 'text': 'retten', 'id': 19, 'deprel': 'ccomp', 'head': 11}}]",['SOV']
499,"Kritiker hielten viele der frühen Werke Bayramovs, insbesondere seine Landschaftsmalerei, für hervorragend.",1,"[{'subject': {'upos': 'NOUN', 'text': 'Kritiker', 'id': 1, 'deprel': 'nsubj', 'head': 2}, 'verb': {'upos': 'VERB', 'text': 'hielten', 'id': 2, 'deprel': 'root', 'head': 0}, 'object': {'upos': 'DET', 'text': 'viele', 'id': 3, 'deprel': 'obj', 'head': 2}}]",['SVO']
1944,"Krystal, der Nachtklub, eröffnete Roza Eskenazy im Jahr 1942 zusammen mit ihrem Sohn Paraschoss.",1,"[{'subject': {'upos': 'PROPN', 'text': 'Krystal', 'id': 1, 'deprel': 'nsubj', 'head': 6}, 'verb': {'upos': 'VERB', 'text': 'eröffnete', 'id': 6, 'deprel': 'root', 'head': 0}, 'object': {'upos': 'PROPN', 'text': 'Roza', 'id': 7, 'deprel': 'obj', 'head': 6}}]",['SVO']
418,Lam hat die Vertretung weiblicher Schauspielerinnen übernommen.,1,"[{'subject': {'upos': 'PROPN', 'text': 'Lam', 'id': 1, 'deprel': 'nsubj', 'head': 7}, 'object': {'upos': 'NOUN', 'text': 'Vertretung', 'id': 4, 'deprel': 'obj', 'head': 7}, 'verb': {'upos': 'VERB', 'text': 'übernommen', 'id': 7, 'deprel': 'root', 'head': 0}}]",['SOV']
883,"Langwirksame Beta-2-Agonisten wirken etwa 12 Stunden lang, während die Wirkung langwirksamer Anticholinergika etwa 24 Stunden anhält.",1,"[{'subject': {'upos': 'NOUN', 'text': 'Wirkung', 'id': 13, 'deprel': 'nsubj', 'head': 19}, 'object': {'upos': 'NOUN', 'text': 'Stunden', 'id': 18, 'deprel': 'obj', 'head': 19}, 'verb': {'upos': 'VERB', 'text': 'anhält', 'id': 19, 'deprel': 'advcl', 'head': 5}}]",['SOV']
383,"Lehrer schrieb Lieder für die amerikanische Version der satirischen britischen TV-Show ""That Was The Week That Was"" (TW3).",1,"[{'subject': {'upos': 'NOUN', 'text': 'Lehrer', 'id': 1, 'deprel': 'nsubj', 'head': 2}, 'verb': {'upos': 'VERB', 'text': 'schrieb', 'id': 2, 'deprel': 'root', 'head': 0}, 'object': {'upos': 'NOUN', 'text': 'Lieder', 'id': 3, 'deprel': 'obj', 'head': 2}}]",['SVO']
631,Lincolns Soldaten zerstörten die Vampirarmee mit den neuen Silberwaffen.,1,"[{'subject': {'upos': 'NOUN', 'text': 'Soldaten', 'id': 2, 'deprel': 'nsubj', 'head': 3}, 'verb': {'upos': 'VERB', 'text': 'zerstörten', 'id': 3, 'deprel': 'root', 'head': 0}, 'object': {'upos': 'NOUN', 'text': 'Vampirarmee', 'id': 5, 'deprel': 'obj', 'head': 3}}]",['SVO']
614,"Louis Leterrier führte bei dem Film ""Der unglaubliche Hulk"" Regie.",1,"[{'subject': {'upos': 'PROPN', 'text': 'Louis', 'id': 1, 'deprel': 'nsubj', 'head': 3}, 'verb': {'upos': 'VERB', 'text': 'führte', 'id': 3, 'deprel': 'root', 'head': 0}, 'object': {'upos': 'PROPN', 'text': 'Regie', 'id': 12, 'deprel': 'obj', 'head': 3}}]",['SVO']
577,Luis Menéndez Pidal restaurierte die Kirche San Pedro de Nora von 1940 bis in die 1970er Jahre.,1,"[{'subject': {'upos': 'PROPN', 'text': 'Luis', 'id': 1, 'deprel': 'nsubj', 'head': 4}, 'verb': {'upos': 'VERB', 'text': 'restaurierte', 'id': 4, 'deprel': 'root', 'head': 0}, 'object': {'upos': 'NOUN', 'text': 'Kirche', 'id': 6, 'deprel': 'obj', 'head': 4}}]",['SVO']
1592,MacMillan hielt die Rede im Februar 1960 in Kapstadt.,1,"[{'subject': {'upos': 'PROPN', 'text': 'MacMillan', 'id': 1, 'deprel': 'nsubj', 'head': 2}, 'verb': {'upos': 'VERB', 'text': 'hielt', 'id': 2, 'deprel': 'root', 'head': 0}, 'object': {'upos': 'NOUN', 'text': 'Rede', 'id': 4, 'deprel': 'obj', 'head': 2}}]",['SVO']
410,"Madonna selbst spielte sowohl die Rolle der katholischen Frau als auch die der Latina in ihrem Musikvideo zu ""La Isla Bonita"".",1,"[{'subject': {'upos': 'PROPN', 'text': 'Madonna', 'id': 1, 'deprel': 'nsubj', 'head': 3}, 'verb': {'upos': 'VERB', 'text': 'spielte', 'id': 3, 'deprel': 'root', 'head': 0}, 'object': {'upos': 'NOUN', 'text': 'Rolle', 'id': 6, 'deprel': 'obj', 'head': 3}}]",['SVO']
287,Magnentius beging Suizid nach seiner Niederlage in der Schlacht am Mons Seleucus im Jahr 353.,1,"[{'subject': {'upos': 'PROPN', 'text': 'Magnentius', 'id': 1, 'deprel': 'nsubj', 'head': 2}, 'verb': {'upos': 'VERB', 'text': 'beging', 'id': 2, 'deprel': 'root', 'head': 0}, 'object': {'upos': 'NOUN', 'text': 'Suizid', 'id': 3, 'deprel': 'obj', 'head': 2}}]",['SVO']
920,"Man gibt Müttern den Rat, frühgeborene Kinder regelmäßig in Hautkontakt mit ihnen zu bringen, um sie warmzuhalten und zu stillen.",1,"[{'subject': {'upos': 'PRON', 'text': 'Man', 'id': 1, 'deprel': 'nsubj', 'head': 2}, 'verb': {'upos': 'VERB', 'text': 'gibt', 'id': 2, 'deprel': 'root', 'head': 0}, 'object': {'upos': 'NOUN', 'text': 'Rat', 'id': 5, 'deprel': 'obj', 'head': 2}}]",['SVO']
1009,Manche Betroffenen konsumieren auch die abgetrennten Hautstücke.,1,"[{'object': {'upos': 'NOUN', 'text': 'Betroffenen', 'id': 2, 'deprel': 'obj', 'head': 3}, 'verb': {'upos': 'VERB', 'text': 'konsumieren', 'id': 3, 'deprel': 'root', 'head': 0}, 'subject': {'upos': 'NOUN', 'text': 'Hautstücke', 'id': 7, 'deprel': 'nsubj', 'head': 3}}]",['OVS']
664,"Männer erzielten ein Durchschnittseinkommen von 29.748 $, Frauen 25.734 $.",1,"[{'subject': {'upos': 'NOUN', 'text': 'Männer', 'id': 1, 'deprel': 'nsubj', 'head': 2}, 'verb': {'upos': 'VERB', 'text': 'erzielten', 'id': 2, 'deprel': 'root', 'head': 0}, 'object': {'upos': 'NOUN', 'text': 'Durchschnittseinkommen', 'id': 4, 'deprel': 'obj', 'head': 2}}]",['SVO']
336,Männer hatten ein höheres mittleres Einkommen als Frauen.,1,"[{'subject': {'upos': 'NOUN', 'text': 'Männer', 'id': 1, 'deprel': 'nsubj', 'head': 2}, 'verb': {'upos': 'VERB', 'text': 'hatten', 'id': 2, 'deprel': 'root', 'head': 0}, 'object': {'upos': 'NOUN', 'text': 'Einkommen', 'id': 6, 'deprel': 'obj', 'head': 2}}]",['SVO']
550,Marga Faulstich besuchte das Realgymnasium in Jena.,1,"[{'subject': {'upos': 'PROPN', 'text': 'Marga', 'id': 1, 'deprel': 'nsubj', 'head': 3}, 'verb': {'upos': 'VERB', 'text': 'besuchte', 'id': 3, 'deprel': 'root', 'head': 0}, 'object': {'upos': 'NOUN', 'text': 'Realgymnasium', 'id': 5, 'deprel': 'obj', 'head': 3}}]",['SVO']
552,"Marga Faulstich widmete sich der Forschung und Entwicklung neuer optischer Gläser, insbesondere für Objektive an Mikroskopen und Ferngläsern.",1,"[{'subject': {'upos': 'PROPN', 'text': 'Marga', 'id': 1, 'deprel': 'nsubj', 'head': 3}, 'verb': {'upos': 'VERB', 'text': 'widmete', 'id': 3, 'deprel': 'root', 'head': 0}, 'object': {'upos': 'PRON', 'text': 'sich', 'id': 4, 'deprel': 'obj', 'head': 3}}]",['SVO']
1236,"Mark Aurel Stein war ein Entdecker und Archäologe, der sich auf die Erforschung von Zentralasien und der antiken Kulturen spezialisiert hatte.",1,"[{'subject': {'upos': 'PRON', 'text': 'der', 'id': 10, 'deprel': 'nsubj', 'head': 21}, 'object': {'upos': 'PRON', 'text': 'sich', 'id': 11, 'deprel': 'obj', 'head': 21}, 'verb': {'upos': 'VERB', 'text': 'spezialisiert', 'id': 21, 'deprel': 'acl', 'head': 6}}]",['SOV']
1339,"März, führte Hosea Williams vom SCLC und John Lewis vom SNCC einen Marsch von 600 Menschen an, die vorhatten, die 86 km Entfernung zwischen Selma und der Landeshauptstadt Montgomery zu gehen.",1,"[{'verb': {'upos': 'VERB', 'text': 'führte', 'id': 3, 'deprel': 'root', 'head': 0}, 'subject': {'upos': 'PROPN', 'text': 'Hosea', 'id': 4, 'deprel': 'nsubj', 'head': 3}, 'object': {'upos': 'NOUN', 'text': 'Marsch', 'id': 16, 'deprel': 'obj', 'head': 3}}]",['VSO']
1255,Megadeth hat weltweit mehr als 25 Millionen Alben verkauft.,1,"[{'subject': {'upos': 'PROPN', 'text': 'Megadeth', 'id': 1, 'deprel': 'nsubj', 'head': 9}, 'object': {'upos': 'NOUN', 'text': 'Alben', 'id': 8, 'deprel': 'obj', 'head': 9}, 'verb': {'upos': 'VERB', 'text': 'verkauft', 'id': 9, 'deprel': 'root', 'head': 0}}]",['SOV']
297,Mehr als 20 Länder erlangten als Teil eines geplanten Übergangs zur Selbstverwaltung ihre Unabhängigkeit vom Vereinigten Königreich in den 1960er und 1970er Jahren.,1,"[{'subject': {'upos': 'NOUN', 'text': 'Länder', 'id': 4, 'deprel': 'nsubj', 'head': 5}, 'verb': {'upos': 'VERB', 'text': 'erlangten', 'id': 5, 'deprel': 'root', 'head': 0}, 'object': {'upos': 'NOUN', 'text': 'Unabhängigkeit', 'id': 15, 'deprel': 'obj', 'head': 5}}]",['SVO']
648,"Menschen mit einem Cerebralshunt haben ein ähnlich erhöhtes Infektionsrisiko für Meningitis, insbesondere durch Staphylokokken, Pseudomonaden und gram-negativen Erregern.",1,"[{'subject': {'upos': 'NOUN', 'text': 'Menschen', 'id': 1, 'deprel': 'nsubj', 'head': 5}, 'verb': {'upos': 'VERB', 'text': 'haben', 'id': 5, 'deprel': 'root', 'head': 0}, 'object': {'upos': 'NOUN', 'text': 'Infektionsrisiko', 'id': 9, 'deprel': 'obj', 'head': 5}}]",['SVO']
440,Mercedes-Benz hat Produktionsstätten im In- und Ausland.,1,"[{'subject': {'upos': 'PROPN', 'text': 'Mercedes', 'id': 1, 'deprel': 'nsubj', 'head': 4}, 'verb': {'upos': 'VERB', 'text': 'hat', 'id': 4, 'deprel': 'root', 'head': 0}, 'object': {'upos': 'NOUN', 'text': 'Produktionsstätten', 'id': 5, 'deprel': 'obj', 'head': 4}}]",['SVO']
1118,Mexiko hat 31 Bundesstaaten.,1,"[{'subject': {'upos': 'PROPN', 'text': 'Mexiko', 'id': 1, 'deprel': 'nsubj', 'head': 2}, 'verb': {'upos': 'VERB', 'text': 'hat', 'id': 2, 'deprel': 'root', 'head': 0}, 'object': {'upos': 'NOUN', 'text': 'Bundesstaaten', 'id': 4, 'deprel': 'obj', 'head': 2}}]",['SVO']
341,Michaël Van Canneyt erzeugte den Linux-Port für das anfängliche 32-Bit-Programm von Free Pascal.,1,"[{'subject': {'upos': 'PROPN', 'text': 'Michaël', 'id': 1, 'deprel': 'nsubj', 'head': 4}, 'verb': {'upos': 'VERB', 'text': 'erzeugte', 'id': 4, 'deprel': 'root', 'head': 0}, 'object': {'upos': 'PROPN', 'text': 'Linux', 'id': 6, 'deprel': 'obj', 'head': 4}}]",['SVO']
757,"Mitchell-Hedges, entdeckte den berühmten Kristallschädel 1924 in Lubaantun, damals Britisch-Honduras (heute Belize), während sie ihrem Adoptivvater bei einer Ausgrabung begleitete.",1,"[{'subject': {'upos': 'PROPN', 'text': 'Mitchell', 'id': 1, 'deprel': 'nsubj', 'head': 5}, 'verb': {'upos': 'VERB', 'text': 'entdeckte', 'id': 5, 'deprel': 'root', 'head': 0}, 'object': {'upos': 'NOUN', 'text': 'Kristallschädel', 'id': 8, 'deprel': 'obj', 'head': 5}}]",['SVO']
1646,Monotremen fehlen Zitzen.,1,"[{'subject': {'upos': 'NOUN', 'text': 'Monotremen', 'id': 1, 'deprel': 'nsubj', 'head': 2}, 'verb': {'upos': 'VERB', 'text': 'fehlen', 'id': 2, 'deprel': 'root', 'head': 0}, 'object': {'upos': 'NOUN', 'text': 'Zitzen', 'id': 3, 'deprel': 'obj', 'head': 2}}]",['SVO']
1243,"München entwickelte sich nach 1852 zu einer Großstadt und wuchs kontinuierlich an, so dass 1972 die Einwohnerzahl einen Höhepunkt von 1.338.924 erreichte.",1,"[{'subject': {'upos': 'NOUN', 'text': 'Einwohnerzahl', 'id': 18, 'deprel': 'nsubj', 'head': 23}, 'object': {'upos': 'NOUN', 'text': 'Höhepunkt', 'id': 20, 'deprel': 'obj', 'head': 23}, 'verb': {'upos': 'VERB', 'text': 'erreichte', 'id': 23, 'deprel': 'advcl', 'head': 10}}]",['SOV']
1204,Muttiah Muralitharan brach im Mai 2004 den Rekord von Courtney Walsh und im Jahr 2007 den Rekord von Shane Warne.,1,"[{'subject': {'upos': 'PROPN', 'text': 'Muttiah', 'id': 1, 'deprel': 'nsubj', 'head': 3}, 'verb': {'upos': 'VERB', 'text': 'brach', 'id': 3, 'deprel': 'root', 'head': 0}, 'object': {'upos': 'NOUN', 'text': 'Rekord', 'id': 9, 'deprel': 'obj', 'head': 3}}]",['SVO']
1374,"Nachdem Ambedkar zum Justizminister ernannt wurde, bekleidete er den Vorsitz im Verfassungskomitee und war maßgeblich an der Ausarbeitung der indischen Verfassung beteiligt.",1,"[{'verb': {'upos': 'VERB', 'text': 'bekleidete', 'id': 9, 'deprel': 'root', 'head': 0}, 'subject': {'upos': 'PRON', 'text': 'er', 'id': 10, 'deprel': 'nsubj', 'head': 9}, 'object': {'upos': 'NOUN', 'text': 'Vorsitz', 'id': 12, 'deprel': 'obj', 'head': 9}}]",['VSO']
1915,"Nachdem Napoleon im Bezug zu Spanien gestürzt war, herrschte wieder der Absolutismus in Spanien, der die Cádiz-Verfassung außer Kraft setzte und Puerto Rico in den früheren Status einer Kolonie versetzte, die der uneingeschränkten Macht des spanischen Monarchen unterworfen war.",1,"[{'subject': {'upos': 'PRON', 'text': 'der', 'id': 18, 'deprel': 'nsubj', 'head': 25}, 'object': {'upos': 'PROPN', 'text': 'Cádiz', 'id': 20, 'deprel': 'obj', 'head': 25}, 'verb': {'upos': 'VERB', 'text': 'setzte', 'id': 25, 'deprel': 'acl', 'head': 14}}]",['SOV']
1269,"Naidangiin Tüwschinbajar, Enchbatyn Badar-Uugan und Pürewdordschiin Serdamba haben bei den Olympischen Sommerspielen Medaillen gewonnen.",1,"[{'subject': {'upos': 'PROPN', 'text': 'Naidangiin', 'id': 1, 'deprel': 'nsubj', 'head': 17}, 'object': {'upos': 'NOUN', 'text': 'Medaillen', 'id': 16, 'deprel': 'obj', 'head': 17}, 'verb': {'upos': 'VERB', 'text': 'gewonnen', 'id': 17, 'deprel': 'root', 'head': 0}}]",['SOV']
488,"Nein, die Seuche trat nicht mehr im kontinentalen Europa auf, nachdem sie sich nur zwei Wochen in den befallenen Orten gehalten hatte.",1,"[{'subject': {'upos': 'PRON', 'text': 'sie', 'id': 15, 'deprel': 'nsubj', 'head': 24}, 'object': {'upos': 'PRON', 'text': 'sich', 'id': 16, 'deprel': 'obj', 'head': 24}, 'verb': {'upos': 'VERB', 'text': 'gehalten', 'id': 24, 'deprel': 'advcl', 'head': 5}}]",['SOV']
423,"Nein, gibt es kein festes Rezept für Masala Chai, viele indische Familien haben ihr eigenes Rezept.",1,"[{'subject': {'upos': 'NOUN', 'text': 'Familien', 'id': 14, 'deprel': 'nsubj', 'head': 15}, 'verb': {'upos': 'VERB', 'text': 'haben', 'id': 15, 'deprel': 'conj', 'head': 3}, 'object': {'upos': 'NOUN', 'text': 'Rezept', 'id': 18, 'deprel': 'obj', 'head': 15}}]",['SVO']
1895,"Nein, Metoprolol sollte in der Schwangerschaft und Stillzeit nur unter strenger ärztlicher Kontrolle eingesetzt werden, da es Hinweise auf eine Minderdurchblutung der Plazenta und in der Folge fötale Wachstumsstörungen gibt.",1,"[{'subject': {'upos': 'NOUN', 'text': 'Hinweise', 'id': 20, 'deprel': 'nsubj', 'head': 32}, 'object': {'upos': 'NOUN', 'text': 'Wachstumsstörungen', 'id': 31, 'deprel': 'obj', 'head': 32}, 'verb': {'upos': 'VERB', 'text': 'gibt', 'id': 32, 'deprel': 'advcl', 'head': 15}}]",['SOV']
304,"Neutrinooszillationen zeigen, dass Neutrinos eine Masse haben.",1,"[{'subject': {'upos': 'NOUN', 'text': 'Neutrinos', 'id': 5, 'deprel': 'nsubj', 'head': 8}, 'object': {'upos': 'NOUN', 'text': 'Masse', 'id': 7, 'deprel': 'obj', 'head': 8}, 'verb': {'upos': 'VERB', 'text': 'haben', 'id': 8, 'deprel': 'ccomp', 'head': 2}}]",['SOV']
34,"Nevil Maskelyne war einer der Wissenschaftler im Team, der den Versuch durchführte, um die Dichte der Erde zu bestimmen.",1,"[{'subject': {'upos': 'PRON', 'text': 'der', 'id': 11, 'deprel': 'nsubj', 'head': 14}, 'object': {'upos': 'NOUN', 'text': 'Versuch', 'id': 13, 'deprel': 'obj', 'head': 14}, 'verb': {'upos': 'VERB', 'text': 'durchführte', 'id': 14, 'deprel': 'acl', 'head': 9}}]",['SOV']
938,Newcastle United gewann die Meisterschaft in der Football League First Division in der Saison 1907.,1,"[{'subject': {'upos': 'PROPN', 'text': 'Newcastle', 'id': 1, 'deprel': 'nsubj', 'head': 3}, 'verb': {'upos': 'VERB', 'text': 'gewann', 'id': 3, 'deprel': 'root', 'head': 0}, 'object': {'upos': 'NOUN', 'text': 'Meisterschaft', 'id': 5, 'deprel': 'obj', 'head': 3}}]",['SVO']
1107,Niggli hat seinen Doktor an der Universität Zürich gemacht.,1,"[{'subject': {'upos': 'PROPN', 'text': 'Niggli', 'id': 1, 'deprel': 'nsubj', 'head': 9}, 'object': {'upos': 'NOUN', 'text': 'Doktor', 'id': 4, 'deprel': 'obj', 'head': 9}, 'verb': {'upos': 'VERB', 'text': 'gemacht', 'id': 9, 'deprel': 'root', 'head': 0}}]",['SOV']
1045,Nissin Food Products stellt Instant-Nudelgerichte her.,1,"[{'subject': {'upos': 'PROPN', 'text': 'Nissin', 'id': 1, 'deprel': 'nsubj', 'head': 4}, 'verb': {'upos': 'VERB', 'text': 'stellt', 'id': 4, 'deprel': 'root', 'head': 0}, 'object': {'upos': 'PROPN', 'text': 'Instant', 'id': 5, 'deprel': 'obj', 'head': 4}}]",['SVO']
180,North American Aviation entwarf den NA-130.,1,"[{'subject': {'upos': 'PROPN', 'text': 'Aviation', 'id': 3, 'deprel': 'nsubj', 'head': 4}, 'verb': {'upos': 'VERB', 'text': 'entwarf', 'id': 4, 'deprel': 'root', 'head': 0}, 'object': {'upos': 'PROPN', 'text': 'NA-130', 'id': 6, 'deprel': 'obj', 'head': 4}}]",['SVO']
1853,"Nostoc ist eine Gattung von Cyanobakterien, die kugelige oder hautartige Kolonien aus langen, unverzweigten Zellschnüren in einer gelatinösen Hülle bilden.",1,"[{'subject': {'upos': 'PRON', 'text': 'die', 'id': 8, 'deprel': 'nsubj', 'head': 22}, 'object': {'upos': 'NOUN', 'text': 'Kolonien', 'id': 12, 'deprel': 'obj', 'head': 22}, 'verb': {'upos': 'VERB', 'text': 'bilden', 'id': 22, 'deprel': 'acl', 'head': 4}}]",['SOV']
1583,Nova Scotia erhielt als erste Kolonie 1848 eine eigenverantwortliche Regierung.,1,"[{'subject': {'upos': 'PROPN', 'text': 'Nova', 'id': 1, 'deprel': 'nsubj', 'head': 3}, 'verb': {'upos': 'VERB', 'text': 'erhielt', 'id': 3, 'deprel': 'root', 'head': 0}, 'object': {'upos': 'NOUN', 'text': 'Regierung', 'id': 10, 'deprel': 'obj', 'head': 3}}]",['SVO']
1989,"November im Berliner Tageblatt erschien, überaus optimistisch, was den Erfolg der Revolution anging.",1,"[{'subject': {'upos': 'PRON', 'text': 'was', 'id': 11, 'deprel': 'nsubj', 'head': 16}, 'object': {'upos': 'NOUN', 'text': 'Erfolg', 'id': 13, 'deprel': 'obj', 'head': 16}, 'verb': {'upos': 'VERB', 'text': 'anging', 'id': 16, 'deprel': 'acl', 'head': 9}}]",['SOV']
1666,"Nur chinesische Texte geben Hinweise, durch welche die Frühgeschichte rekonstruiert werden kann.",1,"[{'subject': {'upos': 'NOUN', 'text': 'Texte', 'id': 3, 'deprel': 'nsubj', 'head': 4}, 'verb': {'upos': 'VERB', 'text': 'geben', 'id': 4, 'deprel': 'root', 'head': 0}, 'object': {'upos': 'NOUN', 'text': 'Hinweise', 'id': 5, 'deprel': 'obj', 'head': 4}}]",['SVO']
1933,"OFID beschäftigt sich außer HIV/AIDS auch mit anderen vermeidbaren Krankheiten wie Tuberkulose, Malaria und durch Wasser übertragbare Krankheiten, sowie nicht übertragbaren Krankheiten wie Krebs, Diabetes und Herzerkrankungen.",1,"[{'subject': {'upos': 'PROPN', 'text': 'OFID', 'id': 1, 'deprel': 'nsubj', 'head': 2}, 'verb': {'upos': 'VERB', 'text': 'beschäftigt', 'id': 2, 'deprel': 'root', 'head': 0}, 'object': {'upos': 'PRON', 'text': 'sich', 'id': 3, 'deprel': 'obj', 'head': 2}}]",['SVO']
1928,OFID hat das Volumen seiner Geschäftstätigkeiten im Energiesektor verstärkt.,1,"[{'subject': {'upos': 'PROPN', 'text': 'OFID', 'id': 1, 'deprel': 'nsubj', 'head': 10}, 'object': {'upos': 'NOUN', 'text': 'Volumen', 'id': 4, 'deprel': 'obj', 'head': 10}, 'verb': {'upos': 'VERB', 'text': 'verstärkt', 'id': 10, 'deprel': 'root', 'head': 0}}]",['SOV']
1934,"OFID's Vorzeige-Programm konzentriert sich hauptsächlich auf die Bereitstellung von innovativen Energiearmutlösungen, vor allem für nicht an das Stromnetz angeschlossene ländliche Haushalte.",1,"[{'subject': {'upos': 'NOUN', 'text': 'Programm', 'id': 5, 'deprel': 'nsubj', 'head': 6}, 'verb': {'upos': 'VERB', 'text': 'konzentriert', 'id': 6, 'deprel': 'root', 'head': 0}, 'object': {'upos': 'PRON', 'text': 'sich', 'id': 7, 'deprel': 'obj', 'head': 6}}]",['SVO']
207,Pan Am und Iran Air haben die 747SP angefordert.,1,"[{'subject': {'upos': 'PROPN', 'text': 'Pan', 'id': 1, 'deprel': 'nsubj', 'head': 9}, 'object': {'upos': 'PROPN', 'text': '747SP', 'id': 8, 'deprel': 'obj', 'head': 9}, 'verb': {'upos': 'VERB', 'text': 'angefordert', 'id': 9, 'deprel': 'root', 'head': 0}}]",['SOV']
840,"Paul Gardner ist ein US-amerikanischer Broker, der den Aufstieg vom Obdachlosen zum Self-Made-Millionär schaffte.",1,"[{'subject': {'upos': 'PRON', 'text': 'der', 'id': 10, 'deprel': 'nsubj', 'head': 23}, 'object': {'upos': 'NOUN', 'text': 'Aufstieg', 'id': 12, 'deprel': 'obj', 'head': 23}, 'verb': {'upos': 'VERB', 'text': 'schaffte', 'id': 23, 'deprel': 'acl', 'head': 8}}]",['SOV']
1144,"Paul Sophus Epstein hat die Polflucht-Hypothese näher ausgeführt, aber bald widerlegt.",1,"[{'subject': {'upos': 'PROPN', 'text': 'Paul', 'id': 1, 'deprel': 'nsubj', 'head': 10}, 'object': {'upos': 'NOUN', 'text': 'Hypothese', 'id': 8, 'deprel': 'obj', 'head': 10}, 'verb': {'upos': 'VERB', 'text': 'ausgeführt', 'id': 10, 'deprel': 'root', 'head': 0}}]",['SOV']
644,"Paul T. Scheuring war an Prison Break interessiert, bevor er sich von dem Projekt zurückzog.",1,"[{'subject': {'upos': 'PRON', 'text': 'er', 'id': 11, 'deprel': 'nsubj', 'head': 16}, 'object': {'upos': 'PRON', 'text': 'sich', 'id': 12, 'deprel': 'obj', 'head': 16}, 'verb': {'upos': 'VERB', 'text': 'zurückzog', 'id': 16, 'deprel': 'advcl', 'head': 8}}]",['SOV']
331,Pauling veröffentlichte in den 1930er-Jahren Aufsätze über die Natur chemischer Bindungen.,1,"[{'subject': {'upos': 'PROPN', 'text': 'Pauling', 'id': 1, 'deprel': 'nsubj', 'head': 2}, 'verb': {'upos': 'VERB', 'text': 'veröffentlichte', 'id': 2, 'deprel': 'root', 'head': 0}, 'object': {'upos': 'NOUN', 'text': 'Aufsätze', 'id': 8, 'deprel': 'obj', 'head': 2}}]",['SVO']
997,Paulo Freire wurde die Position des Direktors der Abteilung für Erziehungswissenschaft und Kultur im Bundesland Pernambuco gegeben.,1,"[{'subject': {'upos': 'PROPN', 'text': 'Paulo', 'id': 1, 'deprel': 'nsubj:pass', 'head': 18}, 'object': {'upos': 'NOUN', 'text': 'Position', 'id': 5, 'deprel': 'obj', 'head': 18}, 'verb': {'upos': 'VERB', 'text': 'gegeben', 'id': 18, 'deprel': 'root', 'head': 0}}]",['SOV']
123,Pavlyuchenko begann seine Karriere als Profifußballer 1998 beim südrussischen Zweitligisten Dynamo Stawropol.,1,"[{'subject': {'upos': 'PROPN', 'text': 'Pavlyuchenko', 'id': 1, 'deprel': 'nsubj', 'head': 2}, 'verb': {'upos': 'VERB', 'text': 'begann', 'id': 2, 'deprel': 'root', 'head': 0}, 'object': {'upos': 'NOUN', 'text': 'Karriere', 'id': 4, 'deprel': 'obj', 'head': 2}}]",['SVO']
1780,Philip Hampson Knight machte seinen Abschluss an der University of Oregon im Fach Wirtschaftswissenschaften (Bachelor of Business Administration).,1,"[{'subject': {'upos': 'PROPN', 'text': 'Philip', 'id': 1, 'deprel': 'nsubj', 'head': 4}, 'verb': {'upos': 'VERB', 'text': 'machte', 'id': 4, 'deprel': 'root', 'head': 0}, 'object': {'upos': 'NOUN', 'text': 'Abschluss', 'id': 6, 'deprel': 'obj', 'head': 4}}]",['SVO']
1384,Philip Seymour Hoffman erhielt eine Nominierung für den Oscar als bester Nebendarsteller (2008).,1,"[{'subject': {'upos': 'PROPN', 'text': 'Philip', 'id': 1, 'deprel': 'nsubj', 'head': 4}, 'verb': {'upos': 'VERB', 'text': 'erhielt', 'id': 4, 'deprel': 'root', 'head': 0}, 'object': {'upos': 'NOUN', 'text': 'Nominierung', 'id': 6, 'deprel': 'obj', 'head': 4}}]",['SVO']
393,"Phoebes Mutter Lily beging Selbstmord, als Phoebe 14 Jahre alt war.",1,"[{'subject': {'upos': 'NOUN', 'text': 'Mutter', 'id': 2, 'deprel': 'nsubj', 'head': 4}, 'verb': {'upos': 'VERB', 'text': 'beging', 'id': 4, 'deprel': 'root', 'head': 0}, 'object': {'upos': 'NOUN', 'text': 'Selbstmord', 'id': 5, 'deprel': 'obj', 'head': 4}}]",['SVO']
1877,"Photonen, Neutrinos, Elektronen und Positronen werden umherfliegen und sich dabei kaum begegnen.",1,"[{'subject': {'upos': 'NOUN', 'text': 'Photonen', 'id': 1, 'deprel': 'nsubj', 'head': 9}, 'object': {'upos': 'PRON', 'text': 'sich', 'id': 11, 'deprel': 'obj', 'head': 14}, 'verb': {'upos': 'VERB', 'text': 'begegnen', 'id': 14, 'deprel': 'conj', 'head': 9}}]",['SOV']
1201,"Pistor begründete den Bereich der Audiologie, insbesondere die Behandlung von Schwerhörigkeit und Tinnitus.",1,"[{'subject': {'upos': 'PROPN', 'text': 'Pistor', 'id': 1, 'deprel': 'nsubj', 'head': 2}, 'verb': {'upos': 'VERB', 'text': 'begründete', 'id': 2, 'deprel': 'root', 'head': 0}, 'object': {'upos': 'NOUN', 'text': 'Bereich', 'id': 4, 'deprel': 'obj', 'head': 2}}]",['SVO']
562,Pitt-Watson gab das Buch an den Dekan von Westminster zurück.,1,"[{'subject': {'upos': 'PROPN', 'text': 'Pitt', 'id': 1, 'deprel': 'nsubj', 'head': 4}, 'verb': {'upos': 'VERB', 'text': 'gab', 'id': 4, 'deprel': 'root', 'head': 0}, 'object': {'upos': 'NOUN', 'text': 'Buch', 'id': 6, 'deprel': 'obj', 'head': 4}}]",['SVO']
429,"Pooja gibt Raj frei, um Tina zu heiraten, obwohl sie selbst in Raj verliebt ist.",1,"[{'subject': {'upos': 'PROPN', 'text': 'Pooja', 'id': 1, 'deprel': 'nsubj', 'head': 2}, 'verb': {'upos': 'VERB', 'text': 'gibt', 'id': 2, 'deprel': 'root', 'head': 0}, 'object': {'upos': 'PROPN', 'text': 'Raj', 'id': 3, 'deprel': 'obj', 'head': 2}}]",['SVO']
428,"Pooja und Raj entdeckten, dass Pooja all die Briefe geschrieben hat, die Raj bisher für eine andere Person hielt.",1,"[{'subject': {'upos': 'PROPN', 'text': 'Pooja', 'id': 7, 'deprel': 'nsubj', 'head': 11}, 'object': {'upos': 'NOUN', 'text': 'Briefe', 'id': 10, 'deprel': 'obj', 'head': 11}, 'verb': {'upos': 'VERB', 'text': 'geschrieben', 'id': 11, 'deprel': 'ccomp', 'head': 4}}]",['SOV']
1871,Portugal hatte den Ratsvorsitz in der Europäischen Union im ersten Halbjahr 2000 und im zweiten Halbjahr 2007 inne.,1,"[{'subject': {'upos': 'PROPN', 'text': 'Portugal', 'id': 1, 'deprel': 'nsubj', 'head': 2}, 'verb': {'upos': 'VERB', 'text': 'hatte', 'id': 2, 'deprel': 'root', 'head': 0}, 'object': {'upos': 'NOUN', 'text': 'Ratsvorsitz', 'id': 4, 'deprel': 'obj', 'head': 2}}]",['SVO']
1469,Priyanka Gandhi studierte Psychologie an der University of Delhi.,1,"[{'subject': {'upos': 'PROPN', 'text': 'Priyanka', 'id': 1, 'deprel': 'nsubj', 'head': 3}, 'verb': {'upos': 'VERB', 'text': 'studierte', 'id': 3, 'deprel': 'root', 'head': 0}, 'object': {'upos': 'NOUN', 'text': 'Psychologie', 'id': 4, 'deprel': 'obj', 'head': 3}}]",['SVO']
1910,"Puerto Rico war für Entdecker attraktiv, weil es einen geeigneten Hafen besaß.",1,"[{'subject': {'upos': 'PRON', 'text': 'es', 'id': 9, 'deprel': 'nsubj', 'head': 13}, 'object': {'upos': 'NOUN', 'text': 'Hafen', 'id': 12, 'deprel': 'obj', 'head': 13}, 'verb': {'upos': 'VERB', 'text': 'besaß', 'id': 13, 'deprel': 'advcl', 'head': 6}}]",['SOV']
137,Raimund von Aguilers trug die Reste der Heiligen Lanze.,1,"[{'subject': {'upos': 'PROPN', 'text': 'Raimund', 'id': 1, 'deprel': 'nsubj', 'head': 4}, 'verb': {'upos': 'VERB', 'text': 'trug', 'id': 4, 'deprel': 'root', 'head': 0}, 'object': {'upos': 'NOUN', 'text': 'Reste', 'id': 6, 'deprel': 'obj', 'head': 4}}]",['SVO']
426,"Rajs Vater entscheidet sich, wegen seines Berufs mit seiner Familie nach England zu ziehen.",1,"[{'subject': {'upos': 'NOUN', 'text': 'Vater', 'id': 2, 'deprel': 'nsubj', 'head': 3}, 'verb': {'upos': 'VERB', 'text': 'entscheidet', 'id': 3, 'deprel': 'root', 'head': 0}, 'object': {'upos': 'PRON', 'text': 'sich', 'id': 4, 'deprel': 'obj', 'head': 3}}]",['SVO']
1463,Razzaz leitete von 2002 bis 2006 die Niederlassung der Weltbank im Libanon.,1,"[{'subject': {'upos': 'PROPN', 'text': 'Razzaz', 'id': 1, 'deprel': 'nsubj', 'head': 2}, 'verb': {'upos': 'VERB', 'text': 'leitete', 'id': 2, 'deprel': 'root', 'head': 0}, 'object': {'upos': 'NOUN', 'text': 'Niederlassung', 'id': 8, 'deprel': 'obj', 'head': 2}}]",['SVO']
444,"Reykjavík besitzt zwei Seehäfen, den alten Hafen in der Nähe des Stadtzentrums und Sundahöfn im Osten der Stadt.",1,"[{'subject': {'upos': 'PROPN', 'text': 'Reykjavík', 'id': 1, 'deprel': 'nsubj', 'head': 2}, 'verb': {'upos': 'VERB', 'text': 'besitzt', 'id': 2, 'deprel': 'root', 'head': 0}, 'object': {'upos': 'NOUN', 'text': 'Seehäfen', 'id': 4, 'deprel': 'obj', 'head': 2}}]",['SVO']
1254,"Richard Matheson schrieb 1956 die Kurzgeschichte ""Steel"", auf die der Film ""Real Steel"" basiert.",1,"[{'subject': {'upos': 'PROPN', 'text': 'Richard', 'id': 1, 'deprel': 'nsubj', 'head': 3}, 'verb': {'upos': 'VERB', 'text': 'schrieb', 'id': 3, 'deprel': 'root', 'head': 0}, 'object': {'upos': 'NOUN', 'text': 'Kurzgeschichte', 'id': 6, 'deprel': 'obj', 'head': 3}}]",['SVO']
814,"Ridley Scott hat Regie bei ""Alien – Das unheimliche Wesen aus einer fremden Welt"" geführt.",1,"[{'subject': {'upos': 'PROPN', 'text': 'Ridley', 'id': 1, 'deprel': 'nsubj', 'head': 17}, 'object': {'upos': 'NOUN', 'text': 'Regie', 'id': 4, 'deprel': 'obj', 'head': 17}, 'verb': {'upos': 'VERB', 'text': 'geführt', 'id': 17, 'deprel': 'root', 'head': 0}}]",['SOV']
1400,Robert Falcon Scott und seine Begleiter erreichten den Südpol einen Monat nach Roald Amundsen.,1,"[{'subject': {'upos': 'PROPN', 'text': 'Robert', 'id': 1, 'deprel': 'nsubj', 'head': 7}, 'verb': {'upos': 'VERB', 'text': 'erreichten', 'id': 7, 'deprel': 'root', 'head': 0}, 'object': {'upos': 'NOUN', 'text': 'Südpol', 'id': 9, 'deprel': 'obj', 'head': 7}}]",['SVO']
1998,"Robert von Loritello erweiterte um 1100 seine Besitzungen durch Fortore, Bovino und Dragonara.",1,"[{'subject': {'upos': 'PROPN', 'text': 'Robert', 'id': 1, 'deprel': 'nsubj', 'head': 4}, 'verb': {'upos': 'VERB', 'text': 'erweiterte', 'id': 4, 'deprel': 'root', 'head': 0}, 'object': {'upos': 'NOUN', 'text': 'Besitzungen', 'id': 8, 'deprel': 'obj', 'head': 4}}]",['SVO']
102,Rory Kinnear spielt Bill Tanner.,1,"[{'subject': {'upos': 'PROPN', 'text': 'Rory', 'id': 1, 'deprel': 'nsubj', 'head': 3}, 'verb': {'upos': 'VERB', 'text': 'spielt', 'id': 3, 'deprel': 'root', 'head': 0}, 'object': {'upos': 'PROPN', 'text': 'Bill', 'id': 4, 'deprel': 'obj', 'head': 3}}]",['SVO']
240,Sam Childers widmet sein Leben der Versorgung von Waisenkinder im Südsudan.,1,"[{'subject': {'upos': 'PROPN', 'text': 'Sam', 'id': 1, 'deprel': 'nsubj', 'head': 3}, 'verb': {'upos': 'VERB', 'text': 'widmet', 'id': 3, 'deprel': 'root', 'head': 0}, 'object': {'upos': 'NOUN', 'text': 'Leben', 'id': 5, 'deprel': 'obj', 'head': 3}}]",['SVO']
420,Saving Face gewann 2012 den Oscar in der Kategorie Bester Dokumentar-Kurzfilm.,1,"[{'subject': {'upos': 'PROPN', 'text': 'Saving', 'id': 1, 'deprel': 'nsubj', 'head': 3}, 'verb': {'upos': 'VERB', 'text': 'gewann', 'id': 3, 'deprel': 'root', 'head': 0}, 'object': {'upos': 'PROPN', 'text': 'Oscar', 'id': 6, 'deprel': 'obj', 'head': 3}}]",['SVO']
665,Schall forderte 150.000 US-Dollar von Hudgens.,1,"[{'subject': {'upos': 'PROPN', 'text': 'Schall', 'id': 1, 'deprel': 'nsubj', 'head': 2}, 'verb': {'upos': 'VERB', 'text': 'forderte', 'id': 2, 'deprel': 'root', 'head': 0}, 'object': {'upos': 'PROPN', 'text': 'US', 'id': 4, 'deprel': 'obj', 'head': 2}}]",['SVO']
48,"Schottland hat erneuerbaren Energien nicht viel Aufmerksamkeit geschenkt, wahrscheinlich weil das Potenzial weniger spektakulärer Technologien so groß ist.",1,"[{'subject': {'upos': 'PROPN', 'text': 'Schottland', 'id': 1, 'deprel': 'nsubj', 'head': 8}, 'object': {'upos': 'NOUN', 'text': 'Aufmerksamkeit', 'id': 7, 'deprel': 'obj', 'head': 8}, 'verb': {'upos': 'VERB', 'text': 'geschenkt', 'id': 8, 'deprel': 'root', 'head': 0}}]",['SOV']
360,Sein Sohn Afonso I bestieg nach seinem Tod den Thron.,1,"[{'subject': {'upos': 'NOUN', 'text': 'Sohn', 'id': 2, 'deprel': 'nsubj', 'head': 5}, 'verb': {'upos': 'VERB', 'text': 'bestieg', 'id': 5, 'deprel': 'root', 'head': 0}, 'object': {'upos': 'NOUN', 'text': 'Thron', 'id': 10, 'deprel': 'obj', 'head': 5}}]",['SVO']
1565,"Seit der Lockerung des belgischen Staatsangehörigkeitsrechts haben über 1,3 Millionen Migranten die belgische Staatsbürgerschaft erworben.",1,"[{'subject': {'upos': 'NOUN', 'text': 'Migranten', 'id': 11, 'deprel': 'nsubj', 'head': 15}, 'object': {'upos': 'NOUN', 'text': 'Staatsbürgerschaft', 'id': 14, 'deprel': 'obj', 'head': 15}, 'verb': {'upos': 'VERB', 'text': 'erworben', 'id': 15, 'deprel': 'root', 'head': 0}}]",['SOV']
1196,Seit seiner Einführung in Indien hat der Islam zahlreiche Beiträge zur Kultur und zum sozialen wie politischen Leben Indiens beigetragen.,1,"[{'subject': {'upos': 'NOUN', 'text': 'Islam', 'id': 8, 'deprel': 'nsubj', 'head': 22}, 'object': {'upos': 'NOUN', 'text': 'Beiträge', 'id': 10, 'deprel': 'obj', 'head': 22}, 'verb': {'upos': 'VERB', 'text': 'beigetragen', 'id': 22, 'deprel': 'root', 'head': 0}}]",['SOV']
518,Selenium WebDriver leitet die akzeptierten Befehle an einen Browser weiter.,1,"[{'subject': {'upos': 'PROPN', 'text': 'Selenium', 'id': 1, 'deprel': 'nsubj', 'head': 3}, 'verb': {'upos': 'VERB', 'text': 'leitet', 'id': 3, 'deprel': 'root', 'head': 0}, 'object': {'upos': 'NOUN', 'text': 'Befehle', 'id': 6, 'deprel': 'obj', 'head': 3}}]",['SVO']
330,September 2001 begleitete ein Jagdflugzeug den Präsidenten.,1,"[{'verb': {'upos': 'VERB', 'text': 'begleitete', 'id': 3, 'deprel': 'root', 'head': 0}, 'subject': {'upos': 'NOUN', 'text': 'Jagdflugzeug', 'id': 5, 'deprel': 'nsubj', 'head': 3}, 'object': {'upos': 'NOUN', 'text': 'Präsidenten', 'id': 7, 'deprel': 'obj', 'head': 3}}]",['VSO']
1123,"Shah Rukh Khans Produktionsfirma hat ihren ersten Film ""Ich bin immer für Dich da!""",1,"[{'subject': {'upos': 'NOUN', 'text': 'Produktionsfirma', 'id': 4, 'deprel': 'nsubj', 'head': 5}, 'verb': {'upos': 'VERB', 'text': 'hat', 'id': 5, 'deprel': 'root', 'head': 0}, 'object': {'upos': 'NOUN', 'text': 'Film', 'id': 8, 'deprel': 'obj', 'head': 5}}]",['SVO']
756,"Sherinian sang ein Lied namens ""I Don't Like You"" mit Petrucci und Portnoy als Zweitstimmen, als er unter dem Namen ""Nicky Lemons and the Migraine Brothers"" auf die Bühne kam.",1,"[{'subject': {'upos': 'PROPN', 'text': 'Sherinian', 'id': 1, 'deprel': 'nsubj', 'head': 2}, 'verb': {'upos': 'VERB', 'text': 'sang', 'id': 2, 'deprel': 'root', 'head': 0}, 'object': {'upos': 'NOUN', 'text': 'Lied', 'id': 4, 'deprel': 'obj', 'head': 2}}]",['SVO']
345,Shin'ichi Kimura schrieb die Light-Novel-Reihe Kore wa Zombie Desu ka?,1,"[{'subject': {'upos': 'PROPN', 'text': ""Shin'ichi"", 'id': 1, 'deprel': 'nsubj', 'head': 3}, 'verb': {'upos': 'VERB', 'text': 'schrieb', 'id': 3, 'deprel': 'root', 'head': 0}, 'object': {'upos': 'PROPN', 'text': 'Novel', 'id': 7, 'deprel': 'obj', 'head': 3}}]",['SVO']
611,Shrikanth Mathur erhielt eine Warnung von Jackie.,1,"[{'subject': {'upos': 'PROPN', 'text': 'Shrikanth', 'id': 1, 'deprel': 'nsubj', 'head': 3}, 'verb': {'upos': 'VERB', 'text': 'erhielt', 'id': 3, 'deprel': 'root', 'head': 0}, 'object': {'upos': 'NOUN', 'text': 'Warnung', 'id': 5, 'deprel': 'obj', 'head': 3}}]",['SVO']
1288,Sia trennte sich 2011 von JD Samson.,1,"[{'subject': {'upos': 'PROPN', 'text': 'Sia', 'id': 1, 'deprel': 'nsubj', 'head': 2}, 'verb': {'upos': 'VERB', 'text': 'trennte', 'id': 2, 'deprel': 'root', 'head': 0}, 'object': {'upos': 'PRON', 'text': 'sich', 'id': 3, 'deprel': 'obj', 'head': 2}}]",['SVO']
1287,"Sie erhielt die Nachricht, dass ihr Freund Dan Pontifex bei einem Autounfall in London ums Leben gekommen sei.",1,"[{'subject': {'upos': 'PRON', 'text': 'Sie', 'id': 1, 'deprel': 'nsubj', 'head': 2}, 'verb': {'upos': 'VERB', 'text': 'erhielt', 'id': 2, 'deprel': 'root', 'head': 0}, 'object': {'upos': 'NOUN', 'text': 'Nachricht', 'id': 4, 'deprel': 'obj', 'head': 2}}]",['SVO']
366,"Sie reagieren stark auf Augenkontakt und lieben es, aktiv zu sein.",1,"[{'subject': {'upos': 'PRON', 'text': 'Sie', 'id': 1, 'deprel': 'nsubj', 'head': 2}, 'verb': {'upos': 'VERB', 'text': 'lieben', 'id': 7, 'deprel': 'conj', 'head': 2}, 'object': {'upos': 'PRON', 'text': 'es', 'id': 8, 'deprel': 'obj', 'head': 7}}]",['SVO']
1976,"Sie übernahmen auch die Verteilung von Nahrungsmitteln, die Polizeigewalt und die Unterbringung und Verpflegung der heimkehrenden Frontsoldaten.",1,"[{'subject': {'upos': 'PRON', 'text': 'Sie', 'id': 1, 'deprel': 'nsubj', 'head': 2}, 'verb': {'upos': 'VERB', 'text': 'übernahmen', 'id': 2, 'deprel': 'root', 'head': 0}, 'object': {'upos': 'NOUN', 'text': 'Verteilung', 'id': 5, 'deprel': 'obj', 'head': 2}}]",['SVO']
893,"SQL hat den Namen von My, der Tochter des MySQL-AB-Mitbegründers Michael Widenius.",1,"[{'subject': {'upos': 'PROPN', 'text': 'SQL', 'id': 1, 'deprel': 'nsubj', 'head': 2}, 'verb': {'upos': 'VERB', 'text': 'hat', 'id': 2, 'deprel': 'root', 'head': 0}, 'object': {'upos': 'NOUN', 'text': 'Namen', 'id': 4, 'deprel': 'obj', 'head': 2}}]",['SVO']
1234,"Standard Oil of California verkaufte diverse Ölstationen im Golf und eine Raffinerie an der Ostküste der USA, um den Ansprüchen von Kartellbehörden gerecht zu werden.",1,"[{'subject': {'upos': 'PROPN', 'text': 'Standard', 'id': 1, 'deprel': 'nsubj', 'head': 5}, 'verb': {'upos': 'VERB', 'text': 'verkaufte', 'id': 5, 'deprel': 'root', 'head': 0}, 'object': {'upos': 'NOUN', 'text': 'Ölstationen', 'id': 7, 'deprel': 'obj', 'head': 5}}]",['SVO']
1789,"Stechmücken wiegen etwa 2 bis 2,5 Milligramm.",1,"[{'subject': {'upos': 'NOUN', 'text': 'Stechmücken', 'id': 1, 'deprel': 'nsubj', 'head': 2}, 'verb': {'upos': 'VERB', 'text': 'wiegen', 'id': 2, 'deprel': 'root', 'head': 0}, 'object': {'upos': 'NOUN', 'text': 'Milligramm', 'id': 7, 'deprel': 'obj', 'head': 2}}]",['SVO']
1380,"Suzanne Collins schrieb ""The Hunger Games"".",1,"[{'subject': {'upos': 'PROPN', 'text': 'Suzanne', 'id': 1, 'deprel': 'nsubj', 'head': 3}, 'verb': {'upos': 'VERB', 'text': 'schrieb', 'id': 3, 'deprel': 'root', 'head': 0}, 'object': {'upos': 'PROPN', 'text': 'Hunger', 'id': 6, 'deprel': 'obj', 'head': 3}}]",['SVO']
1441,"Ted Elliott und Terry Rossio haben das Drehbuch für den Film ""Pirates of the Caribbean: Dead Man's Chest"" geschrieben.",1,"[{'subject': {'upos': 'PROPN', 'text': 'Ted', 'id': 1, 'deprel': 'nsubj', 'head': 23}, 'object': {'upos': 'NOUN', 'text': 'Drehbuch', 'id': 8, 'deprel': 'obj', 'head': 23}, 'verb': {'upos': 'VERB', 'text': 'geschrieben', 'id': 23, 'deprel': 'root', 'head': 0}}]",['SOV']
1612,Tennō Hirohito kündigte die Kapitulation Japans im Zweiten Weltkrieg an.,1,"[{'subject': {'upos': 'PROPN', 'text': 'Tennō', 'id': 1, 'deprel': 'nsubj', 'head': 3}, 'verb': {'upos': 'VERB', 'text': 'kündigte', 'id': 3, 'deprel': 'root', 'head': 0}, 'object': {'upos': 'NOUN', 'text': 'Kapitulation', 'id': 5, 'deprel': 'obj', 'head': 3}}]",['SVO']
1955,"Tess begibt sich in ihr Schlafzimmer, wo sie auf die Knie fällt und bitter klagt.",1,"[{'subject': {'upos': 'PROPN', 'text': 'Tess', 'id': 1, 'deprel': 'nsubj', 'head': 2}, 'verb': {'upos': 'VERB', 'text': 'begibt', 'id': 2, 'deprel': 'root', 'head': 0}, 'object': {'upos': 'PRON', 'text': 'sich', 'id': 3, 'deprel': 'obj', 'head': 2}}]",['SVO']
1956,Tess gibt sich den Namen Mrs.,1,"[{'subject': {'upos': 'PROPN', 'text': 'Tess', 'id': 1, 'deprel': 'nsubj', 'head': 2}, 'verb': {'upos': 'VERB', 'text': 'gibt', 'id': 2, 'deprel': 'root', 'head': 0}, 'object': {'upos': 'PRON', 'text': 'sich', 'id': 3, 'deprel': 'obj', 'head': 2}}]",['SVO']
1989,"Theodor Wolff zeigte sich in einem Artikel, der am 10.",1,"[{'subject': {'upos': 'PROPN', 'text': 'Theodor', 'id': 1, 'deprel': 'nsubj', 'head': 3}, 'verb': {'upos': 'VERB', 'text': 'zeigte', 'id': 3, 'deprel': 'root', 'head': 0}, 'object': {'upos': 'PRON', 'text': 'sich', 'id': 4, 'deprel': 'obj', 'head': 3}}]",['SVO']
1816,"Theodoric wollte durch den Angriff auf Narbo Martius das Mittelmeer erreichen, um sich eine Verbindung zum Mittelmeer und zu den über die Pyrenäen nach Spanien verlaufenden Wegen zu verschaffen.",1,"[{'subject': {'upos': 'PROPN', 'text': 'Theodoric', 'id': 1, 'deprel': 'nsubj', 'head': 11}, 'object': {'upos': 'NOUN', 'text': 'Mittelmeer', 'id': 10, 'deprel': 'obj', 'head': 11}, 'verb': {'upos': 'VERB', 'text': 'erreichen', 'id': 11, 'deprel': 'root', 'head': 0}}]",['SOV']
563,"Thorney Island und das umliegende Gebiet hießen bald darauf Westminster, eine Kombination aus west und monastery (Kloster), da es westlich der City of London lag.",1,"[{'subject': {'upos': 'PROPN', 'text': 'Thorney', 'id': 1, 'deprel': 'nsubj', 'head': 7}, 'verb': {'upos': 'VERB', 'text': 'hießen', 'id': 7, 'deprel': 'root', 'head': 0}, 'object': {'upos': 'PROPN', 'text': 'Westminster', 'id': 10, 'deprel': 'obj', 'head': 7}}]",['SVO']
141,"Thrasyllos und Thrasybulos waren die von Samos gewählten Heerführer, die der Demokratie beistehen und den Kampf gegen Sparta fortführen sollten.",1,"[{'subject': {'upos': 'PRON', 'text': 'die', 'id': 11, 'deprel': 'nsubj', 'head': 14}, 'object': {'upos': 'NOUN', 'text': 'Kampf', 'id': 17, 'deprel': 'obj', 'head': 20}, 'verb': {'upos': 'VERB', 'text': 'fortführen', 'id': 20, 'deprel': 'conj', 'head': 14}}]",['SOV']
1309,Tiger Woods gewann das Junior World Golf Championship der 9- bis 10-Jährigen im Alter von acht Jahren.,1,"[{'subject': {'upos': 'PROPN', 'text': 'Tiger', 'id': 1, 'deprel': 'nsubj', 'head': 3}, 'verb': {'upos': 'VERB', 'text': 'gewann', 'id': 3, 'deprel': 'root', 'head': 0}, 'object': {'upos': 'PROPN', 'text': 'Junior', 'id': 5, 'deprel': 'obj', 'head': 3}}]",['SVO']
1894,"Toby Wilkinson verneint die ""Usurpator-Thesen"".",1,"[{'subject': {'upos': 'PROPN', 'text': 'Toby', 'id': 1, 'deprel': 'nsubj', 'head': 3}, 'verb': {'upos': 'VERB', 'text': 'verneint', 'id': 3, 'deprel': 'root', 'head': 0}, 'object': {'upos': 'PROPN', 'text': 'Usurpator', 'id': 6, 'deprel': 'obj', 'head': 3}}]",['SVO']
963,Tom Cruise reichte die Scheidung von Nicole Kidman im Februar 2001 ein.,1,"[{'subject': {'upos': 'PROPN', 'text': 'Tom', 'id': 1, 'deprel': 'nsubj', 'head': 3}, 'verb': {'upos': 'VERB', 'text': 'reichte', 'id': 3, 'deprel': 'root', 'head': 0}, 'object': {'upos': 'NOUN', 'text': 'Scheidung', 'id': 5, 'deprel': 'obj', 'head': 3}}]",['SVO']
616,"Tony Stark informiert General Ross, wenn ein Team zusammengestellt wird.",1,"[{'subject': {'upos': 'PROPN', 'text': 'Tony', 'id': 1, 'deprel': 'nsubj', 'head': 3}, 'verb': {'upos': 'VERB', 'text': 'informiert', 'id': 3, 'deprel': 'root', 'head': 0}, 'object': {'upos': 'PROPN', 'text': 'General', 'id': 4, 'deprel': 'obj', 'head': 3}}]",['SVO']
1129,"Um Musik von solchen Anbietern auf dem iPod abzuspielen, muss man die Dateien vorher konvertieren.",1,"[{'subject': {'upos': 'PRON', 'text': 'man', 'id': 12, 'deprel': 'nsubj', 'head': 16}, 'object': {'upos': 'NOUN', 'text': 'Dateien', 'id': 14, 'deprel': 'obj', 'head': 16}, 'verb': {'upos': 'VERB', 'text': 'konvertieren', 'id': 16, 'deprel': 'root', 'head': 0}}]",['SOV']
251,"und ihre engeren Familienangehörigen nehmen verschiedene offizielle, zeremonielle und repräsentative Funktionen wahr.",1,"[{'subject': {'upos': 'NOUN', 'text': 'Familienangehörigen', 'id': 4, 'deprel': 'nsubj', 'head': 5}, 'verb': {'upos': 'VERB', 'text': 'nehmen', 'id': 5, 'deprel': 'root', 'head': 0}, 'object': {'upos': 'NOUN', 'text': 'Funktionen', 'id': 12, 'deprel': 'obj', 'head': 5}}]",['SVO']
736,Ungarn besiegte England in Budapest mit 7:1.,1,"[{'subject': {'upos': 'PROPN', 'text': 'Ungarn', 'id': 1, 'deprel': 'nsubj', 'head': 2}, 'verb': {'upos': 'VERB', 'text': 'besiegte', 'id': 2, 'deprel': 'root', 'head': 0}, 'object': {'upos': 'PROPN', 'text': 'England', 'id': 3, 'deprel': 'obj', 'head': 2}}]",['SVO']
381,"Věra Čáslavská, die Kunstturnerin, konnte sieben Gold- und vier Silbermedaillen im Kunstturnen gewinnen.",1,"[{'subject': {'upos': 'PROPN', 'text': 'Věra', 'id': 1, 'deprel': 'nsubj', 'head': 17}, 'object': {'upos': 'NOUN', 'text': 'Gold', 'id': 9, 'deprel': 'obj', 'head': 17}, 'verb': {'upos': 'VERB', 'text': 'gewinnen', 'id': 17, 'deprel': 'root', 'head': 0}}]",['SOV']
1675,"Victoria hat bei Privatlehrern Lektionen in Bibelkunde, Geschichte, Geographie und dem Spracherwerb gelernt.",1,"[{'subject': {'upos': 'PROPN', 'text': 'Victoria', 'id': 1, 'deprel': 'nsubj', 'head': 15}, 'object': {'upos': 'NOUN', 'text': 'Lektionen', 'id': 5, 'deprel': 'obj', 'head': 15}, 'verb': {'upos': 'VERB', 'text': 'gelernt', 'id': 15, 'deprel': 'root', 'head': 0}}]",['SOV']
1195,"Vijay gab die Liebe zur Familie auf, um seine Liebe für seinen Bruder zu opfern.",1,"[{'subject': {'upos': 'PROPN', 'text': 'Vijay', 'id': 1, 'deprel': 'nsubj', 'head': 2}, 'verb': {'upos': 'VERB', 'text': 'gab', 'id': 2, 'deprel': 'root', 'head': 0}, 'object': {'upos': 'NOUN', 'text': 'Liebe', 'id': 4, 'deprel': 'obj', 'head': 2}}]",['SVO']
1289,"Vikas Swarup studierte Moderne Geschichte, Psychologie und Philosophie an der Allahabad University.",1,"[{'subject': {'upos': 'PROPN', 'text': 'Vikas', 'id': 1, 'deprel': 'nsubj', 'head': 3}, 'verb': {'upos': 'VERB', 'text': 'studierte', 'id': 3, 'deprel': 'root', 'head': 0}, 'object': {'upos': 'NOUN', 'text': 'Moderne', 'id': 4, 'deprel': 'obj', 'head': 3}}]",['SVO']
1113,Viv Richards erzielte im Laufe seiner Karriere 8540 Runs.,1,"[{'subject': {'upos': 'PROPN', 'text': 'Viv', 'id': 1, 'deprel': 'nsubj', 'head': 3}, 'verb': {'upos': 'VERB', 'text': 'erzielte', 'id': 3, 'deprel': 'root', 'head': 0}, 'object': {'upos': 'NOUN', 'text': 'Runs', 'id': 10, 'deprel': 'obj', 'head': 3}}]",['SVO']
1756,"Vladimir Sergejewitsch Ignatowski benutzte das Beispiel, um die Lorentz-Transformation ohne Einbeziehung des Postulats der Konstanz der Lichtgeschwindigkeit herzuleiten.",1,"[{'subject': {'upos': 'PROPN', 'text': 'Vladimir', 'id': 1, 'deprel': 'nsubj', 'head': 4}, 'verb': {'upos': 'VERB', 'text': 'benutzte', 'id': 4, 'deprel': 'root', 'head': 0}, 'object': {'upos': 'NOUN', 'text': 'Beispiel', 'id': 6, 'deprel': 'obj', 'head': 4}}]",['SVO']
851,"Von Stauffenberg hatte fünf Kinder: Berthold, Heimeran, Franz-Ludwig, Valerie und Konstanze.",1,"[{'subject': {'upos': 'ADP', 'text': 'Von', 'id': 1, 'deprel': 'nsubj', 'head': 3}, 'verb': {'upos': 'VERB', 'text': 'hatte', 'id': 3, 'deprel': 'root', 'head': 0}, 'object': {'upos': 'NOUN', 'text': 'Kinder', 'id': 5, 'deprel': 'obj', 'head': 3}}]",['SVO']
574,VSMPO-AVISMA produziert Titan.,1,"[{'subject': {'upos': 'PROPN', 'text': 'VSMPO-AVISMA', 'id': 1, 'deprel': 'nsubj', 'head': 2}, 'verb': {'upos': 'VERB', 'text': 'produziert', 'id': 2, 'deprel': 'root', 'head': 0}, 'object': {'upos': 'PROPN', 'text': 'Titan', 'id': 3, 'deprel': 'obj', 'head': 2}}]",['SVO']
1084,"Während er in Yale war, hörte er auch Vorlesungen über Elektrizität bei Benjamin Silliman sr.",1,"[{'verb': {'upos': 'VERB', 'text': 'hörte', 'id': 7, 'deprel': 'root', 'head': 0}, 'subject': {'upos': 'PRON', 'text': 'er', 'id': 8, 'deprel': 'nsubj', 'head': 7}, 'object': {'upos': 'NOUN', 'text': 'Vorlesungen', 'id': 10, 'deprel': 'obj', 'head': 7}}]",['VSO']
369,"Walter Tuchman, ein weiterer DES-Entwickler, wird mit den Worten zitiert: ""Die NSA hat nicht eine einzige Leitung diktiert!""",1,"[{'subject': {'upos': 'PROPN', 'text': 'NSA', 'id': 18, 'deprel': 'nsubj', 'head': 24}, 'object': {'upos': 'NOUN', 'text': 'Leitung', 'id': 23, 'deprel': 'obj', 'head': 24}, 'verb': {'upos': 'VERB', 'text': 'diktiert', 'id': 24, 'deprel': 'parataxis', 'head': 14}}]",['SOV']
878,"Wenn der aktuelle DR ausfällt, übernimmt der BDR fast nahtlos dessen Rolle, ohne erst einen erneuten Wahlvorgang eines DR zu initiieren.",1,"[{'verb': {'upos': 'VERB', 'text': 'übernimmt', 'id': 7, 'deprel': 'root', 'head': 0}, 'subject': {'upos': 'PROPN', 'text': 'BDR', 'id': 9, 'deprel': 'nsubj', 'head': 7}, 'object': {'upos': 'NOUN', 'text': 'Rolle', 'id': 13, 'deprel': 'obj', 'head': 7}}]",['VSO']
845,William Armstrong schloss die Restaurierung ab.,1,"[{'subject': {'upos': 'PROPN', 'text': 'William', 'id': 1, 'deprel': 'nsubj', 'head': 3}, 'verb': {'upos': 'VERB', 'text': 'schloss', 'id': 3, 'deprel': 'root', 'head': 0}, 'object': {'upos': 'NOUN', 'text': 'Restaurierung', 'id': 5, 'deprel': 'obj', 'head': 3}}]",['SVO']
993,"William Gilbert („W G“) Grace hat die Entwicklung des Cricket maßgeblich beeinflusst, vor allem die Battingtechnik wurde durch ihn modernisiert.",1,"[{'subject': {'upos': 'PROPN', 'text': 'William', 'id': 1, 'deprel': 'nsubj', 'head': 16}, 'object': {'upos': 'NOUN', 'text': 'Entwicklung', 'id': 12, 'deprel': 'obj', 'head': 16}, 'verb': {'upos': 'VERB', 'text': 'beeinflusst', 'id': 16, 'deprel': 'root', 'head': 0}}]",['SOV']
246,Xiang tötet Marke.,1,"[{'subject': {'upos': 'PROPN', 'text': 'Xiang', 'id': 1, 'deprel': 'nsubj', 'head': 2}, 'verb': {'upos': 'VERB', 'text': 'tötet', 'id': 2, 'deprel': 'root', 'head': 0}, 'object': {'upos': 'NOUN', 'text': 'Marke', 'id': 3, 'deprel': 'obj', 'head': 2}}]",['SVO']
1352,Zadie Smith hat zwei jüngere Brüder.,1,"[{'subject': {'upos': 'PROPN', 'text': 'Zadie', 'id': 1, 'deprel': 'nsubj', 'head': 3}, 'verb': {'upos': 'VERB', 'text': 'hat', 'id': 3, 'deprel': 'root', 'head': 0}, 'object': {'upos': 'NOUN', 'text': 'Brüder', 'id': 6, 'deprel': 'obj', 'head': 3}}]",['SVO']
1354,Zadie Smith verdiente sich während des Studiums ihren Lebensunterhalt als Jazzsängerin.,1,"[{'subject': {'upos': 'PROPN', 'text': 'Zadie', 'id': 1, 'deprel': 'nsubj', 'head': 3}, 'verb': {'upos': 'VERB', 'text': 'verdiente', 'id': 3, 'deprel': 'root', 'head': 0}, 'object': {'upos': 'PRON', 'text': 'sich', 'id': 4, 'deprel': 'obj', 'head': 3}}]",['SVO']
1353,"Zadie Smiths Eltern trennten sich, als sie ein Teenager war.",1,"[{'subject': {'upos': 'NOUN', 'text': 'Eltern', 'id': 3, 'deprel': 'nsubj', 'head': 4}, 'verb': {'upos': 'VERB', 'text': 'trennten', 'id': 4, 'deprel': 'root', 'head': 0}, 'object': {'upos': 'PRON', 'text': 'sich', 'id': 5, 'deprel': 'obj', 'head': 4}}]",['SVO']
244,"Zhong Man, der Olympiasieger im Fechten von 2008, hat die Fackel gehalten.",1,"[{'subject': {'upos': 'PROPN', 'text': 'Zhong', 'id': 1, 'deprel': 'nsubj', 'head': 15}, 'object': {'upos': 'NOUN', 'text': 'Fackel', 'id': 14, 'deprel': 'obj', 'head': 15}, 'verb': {'upos': 'VERB', 'text': 'gehalten', 'id': 15, 'deprel': 'root', 'head': 0}}]",['SOV']
713,"Zum Beispiel hat es 2005 Bücher, Sportgeräte und andere nützliche Sachen in die Iwazewitsch-Strafkolonie №22 übergeben.",1,"[{'subject': {'upos': 'PRON', 'text': 'es', 'id': 5, 'deprel': 'nsubj', 'head': 20}, 'object': {'upos': 'NOUN', 'text': 'Bücher', 'id': 7, 'deprel': 'obj', 'head': 20}, 'verb': {'upos': 'VERB', 'text': 'übergeben', 'id': 20, 'deprel': 'root', 'head': 0}}]",['SOV']
1711,10,0,[],[]
568,427,0,[],[]
1996,1034,0,[],[]
110,1057,0,[],[]
981,1308,0,[],[]
471,1786,0,[],[]
1704,1839,0,[],[]
256,1867,0,[],[]
1878,1895,0,[],[]
1000,1903,0,[],[]
1280,1914,0,[],[]
1573,1914,0,[],[]
172,1915,0,[],[]
1574,1916,0,[],[]
120,1919,0,[],[]
1990,1928,0,[],[]
549,1935,0,[],[]
1714,1945,0,[],[]
1760,1951,0,[],[]
1605,1952,0,[],[]
332,1958,0,[],[]
1837,1962,0,[],[]
717,1963,0,[],[]
1657,1966,0,[],[]
500,1968,0,[],[]
773,1972,0,[],[]
826,1976,0,[],[]
299,1980,0,[],[]
605,1981,0,[],[]
1103,1982,0,[],[]
1527,1983,0,[],[]
990,1984,0,[],[]
1589,1984,0,[],[]
1651,1991,0,[],[]
530,1995,0,[],[]
1202,1997,0,[],[]
722,1998,0,[],[]
1053,2001,0,[],[]
1844,2003,0,[],[]
1416,2006,0,[],[]
954,2007,0,[],[]
1191,2007,0,[],[]
242,2011,0,[],[]
700,2011,0,[],[]
492,2014,0,[],[]
1042,2016,0,[],[]
578,September 2007,0,[],[]
834,"""gefährdet"") gelistet.",0,[],[]
369,"(deutsch: ""The NSA did not dictate a single wire!"")",0,[],[]
146,"(The Ping Pong Song)"" herauskam, hieß ""Tired of Being Sorry"".",0,[],[]
147,"0,55 Prozent der Bevölkerung waren spanischer oder lateinamerikanischer Abstammung.",0,[],[]
1251,1 oder 2 Gullies werden bei einem sehr offensiven Feld verwendet.,0,[],[]
1708,"1,75 Millionen.",0,[],[]
193,"10,3 Prozent der Familien und 14,5 Prozent der Einwohner lebten unterhalb der Armutsgrenze.",0,[],[]
1277,100 Kandarin sind in 1 Tael.,0,[],[]
1811,127 Einwohner leben auf der Insel.,0,[],[]
711,13 Jahre lang war sie mit dem Anthropologieprofessor Grover Krantz verheiratet.,0,[],[]
158,"16,3 Prozent der Familien lebten unterhalb der Armutsgrenze.",0,[],[]
87,"1920 reiste d'Hérelle nach Indochina, um Studien über die Cholera und die Pest aufzunehmen.",0,[],[]
1110,"1933 emigrierte Einstein aufgrund der Machtübernahme Hitlers mit Elsa in die USA nach Princeton, New Jersey.",0,[],[]
386,1944 und 1945.,0,[],[]
793,1972 wurde ein Fernsehzentrum in Bombay eingerichtet.,0,[],[]
228,"20,10 %",0,[],[]
1518,200 Lehmhäuser in Dalbandin wurden zerstört.,0,[],[]
961,200 Lichtjahre entfernt.,0,[],[]
259,250 Zivilisten sowie 20 japanische Militärangehörige wurden während des Tongzhou-Zwischenfalls getötet.,0,[],[]
667,2500 Soldaten.,0,[],[]
1521,26 Millionen US-Dollar.,0,[],[]
1771,"3,33 Prozent der Bevölkerung ist spanischer oder lateinamerikanischer Abstammung.",0,[],[]
480,"30.000 Menschen mussten in Sicherheit gebracht werden, da ihre Häuser von der Flut überflutet waren.",0,[],[]
1050,300.000 Exemplare des Buches wurden in weniger als einem Jahr verkauft.,0,[],[]
303,36 Schiffe der ostgotischen Flotte wurden zerstört.,0,[],[]
866,362 Wickets.,0,[],[]
868,362 Wickets.,0,[],[]
1055,38 %,0,[],[]
1329,"38,3 % der Bürger haben für ihn als Bürgermeister gestimmt.",0,[],[]
255,47 Besatzungsmitglieder kamen bei der Explosion im Jahre 1989 auf dem Marineschiff Iowa um.,0,[],[]
397,5 Quadratkilometer Wasserfläche sind Teil des Bezirks.,0,[],[]
980,60 Sitze der pakistanischen Nationalversammlung sind im Allgemeinen für Frauen reserviert.,0,[],[]
1904,70 Kinder im Alter zwischen vier und sechs Jahren wurden im Schulbus transportiert.,0,[],[]
1644,70 Prozent.,0,[],[]
1913,7000 Mann.,0,[],[]
969,"8,8 Prozent der isländischen Bevölkerung leidet offenbar an isolierten Phobien, davon 20 Prozent an Aquaphobie.",0,[],[]
930,80 bis 90 % der Frauen.,0,[],[]
1923,"93,8 Männer kamen auf 100 Frauen.",0,[],[]
1868,A.S.S.,0,[],[]
1812,Abchasiens.,0,[],[]
629,"Abraham Lincolns Vater, Thomas Lincoln, wurde von Jack Barts, dem Besitzer der Plantage, entlassen als Bestrafung für die Einmischung seines Sohnes Abraham in einen Vorfall zwischen einem Sklaven und dem Besitzer.",0,[],[]
654,Aciclovir.,0,[],[]
1749,Adeodatus diente etwa 40 Jahre lang als Presbyter in Rom vor seiner Wahl zum Papst.,0,[],[]
656,Adil wurde am Ende freigelassen.,0,[],[]
1543,Adira.,0,[],[]
710,Ahal welaýaty ist eine der fünf Provinzen Turkmenistans.,0,[],[]
828,Ahmed III.,0,[],[]
762,Aich war gut im Federnauseinanderziehen (Strandpulling).,0,[],[]
1152,Aiwasowski starb im Jahr 1900.,0,[],[]
191,Albano Carrisi.,0,[],[]
1845,Albert Lasker Award for Basic Medical Research (2006) wurde zusammen mit Elizabeth Blackburn und Jack Szostak vergeben.,0,[],[]
1071,Albert Wendt ist ein samoanischer Dichter.,0,[],[]
1957,Alec wurde im Bett erstochen vorgefunden.,0,[],[]
1545,Alexander Lukaschenko ist der Präsident von Weißrussland.,0,[],[]
452,Alexandra von Dänemark.,0,[],[]
529,Alexei Kornienko arbeitete nach seinem Schulabschluss ab 1977 in einer Fabrik für Radiozubehör in Tscheljabinsk.,0,[],[]
1731,Alexis Carrel ist am 5.,0,[],[]
914,Ali Mughayat Syah begann ab 1520 in Eroberungszügen seine Kontrolle auf ganz Nordsumatra auszudehnen.,0,[],[]
719,Alice folgt dem weißen Kaninchen in seinen Bau.,0,[],[]
760,Alkoholhaltige Getränke sind nicht koscher.,0,[],[]
1200,"Alpha-1-Fetoprotein (AFP) ist ein Glykoprotein, das während der menschlichen Embryonalentwicklung im Laufe der Schwangerschaft vom entodermalen Gewebe und der fetalen Leber gebildet wird.",0,[],[]
623,als Atheist.,0,[],[]
1547,"Als Geschäftsführer und Vorstandsmitglied der Stiftung World Economic Forum (WEF) in Cologny in der Schweiz war Rösler beschäftigt, bevor er CEO einer gemeinnützigen Organisation wurde.",0,[],[]
483,Als Ingenieur arbeitete Hu Jintao im sinohydrischen Ingenieursbüro Nummer 4.,0,[],[]
384,Am 1.,0,[],[]
1264,Am 1.,0,[],[]
330,Am 11.,0,[],[]
71,Am 15.,0,[],[]
220,Am 22.,0,[],[]
1843,Am 3.,0,[],[]
1123,am 30.,0,[],[]
166,Am 5.,0,[],[]
1524,Am 5.,0,[],[]
1229,Am 9.,0,[],[]
1339,"Am Sonntag, dem 7.",0,[],[]
1618,Amin wurde am 1.,0,[],[]
965,"Ammoniak kann zu Stickoxid werden, wenn es mittels molekularem Sauerstoff oxidiert wird.",0,[],[]
1010,"Ana, genauer gesagt Anahit Misak Kasparian, wurde am 7.",0,[],[]
161,Ananda Matthew Everingham ist ein laotisch-australischer Filmschauspieler und Model.,0,[],[]
1830,"Anastacia Lyn Newkirk, besser bekannt als Anastacia, wurde am 17.",0,[],[]
1141,"Andererseits kann man im Artikel selbst über die Headerzeile X-No-Archive darum bitten, einen Artikel nicht in Archive aufzunehmen.",0,[],[]
1797,Anedjib war der Herrscher.,0,[],[]
1408,Anfänglich konnten nur Textseiten mit Hilfe eines einfachen Linien-Webbrowsers ausgelesen werden.,0,[],[]
757,"Anna Mitchell-Hedges, die Adoptivtochter von F.A.",0,[],[]
1483,Anne Boleyn.,0,[],[]
1399,"Antarktika ist der kälteste Kontinent der Erde, mit einer inländischen Jahresdurchschnittstemperatur von −55 °C.",0,[],[]
1154,Anteile an US-Eisenbahn-Konzern Burlington Northern Santa Fe.,0,[],[]
64,Antiochos III.,0,[],[]
1948,Antipartikel werden auch als Positronen bezeichnet.,0,[],[]
1540,Antwerpen.,0,[],[]
1294,API steht für Programmierschnittstellen.,0,[],[]
589,"April 1858 von der ""Whitechapel Bell Foundry"" gegossen.",0,[],[]
1975,April 1919 seine Arbeit beendet.,0,[],[]
231,"April 1955, um mit der 7.",0,[],[]
1637,"April 1968 in Memphis – aus einem Badezimmerfenster eines Gästehauses, als King auf einem Balkon in der zweiten Etage des gegenüberliegenden Lorraine Motel stand.",0,[],[]
1606,April 1973.,0,[],[]
660,April 1976 geboren.,0,[],[]
1231,April 1996 statt.,0,[],[]
1123,April 2004 in die indischen Kinos veröffentlicht.,0,[],[]
1719,April ermordet.,0,[],[]
1440,April in Toronto.,0,[],[]
1439,Arbeitskraft.,0,[],[]
445,Ariadne war die Tochter des kretischen Königs Minos und seiner Gattin Pasiphaë in der griechischen Mythologie.,0,[],[]
446,Ariadne wird in der Mythosgeschichte von Theseus und Dionysos verlassen und später von Dionysos verheiratet.,0,[],[]
1166,Arm- und Beinknochen.,0,[],[]
211,Armee in Rabaul die Nachricht von der fast vollständigen Vernichtung des Regiments.,0,[],[]
214,Arsenal spielte zwischen 1890 und 1893 im Invicta Ground.,0,[],[]
378,Arsène Wenger half bei seiner Genesung.,0,[],[]
931,Arthur Conan Doyle wurde am 22.,0,[],[]
662,AS/IS,0,[],[]
1449,Asienspiele fanden in Jakarta und Palembang statt.,0,[],[]
213,"Auf 100 Frauen kommen 97,4 männliche Personen.",0,[],[]
136,August,0,[],[]
1618,August 1929 geboren.,0,[],[]
848,August 1973 in Hamburg geboren.,0,[],[]
153,August 1974.,0,[],[]
1230,August 1995 teilnehmen zu lassen.,0,[],[]
1229,August 1995 traten KISS in der Sendung MTV Unplugged auf.,0,[],[]
545,August 2008.,0,[],[]
179,August 2014 und endeten am 31.,0,[],[]
613,August bis zum 9.,0,[],[]
601,August Poniatowski.,0,[],[]
155,Augustus.,0,[],[]
1207,"Auks (Alkenvögel) können auf der Nordhalbkugel gefunden werden, insbesondere in den kühlen, borealen bis kalten, arktischen Gewässern des Nordatlantiks und des Nordpazifiks.",0,[],[]
1635,Australien.,0,[],[]
1742,"Australier kämpften an der Westfront in Frankreich und Belgien, in Palästina und auf verschiedenen anderen Kriegsschauplätzen.",0,[],[]
1036,Automatisierte Immunassays (z.B.,0,[],[]
1348,"AVC steht für Advanced Video Coding, ein H.-Standard zur Videokompression.",0,[],[]
1206,Balraj Sahni wurde am 1.,0,[],[]
314,Bangkok liegt in Thailand.,0,[],[]
346,Barburova schrieb für die Zeitung Nowaja Gaseta.,0,[],[]
1840,"Baskin-Robbins wurde im Jahre 1945 in Glendale, Kalifornien gegründet.",0,[],[]
125,"bat Vologaeses um Hilfe, um Trdat wieder auf den Thron zu bringen.",0,[],[]
1373,Bataillon des Royal Canadian Regiment in Kandahar diente.,0,[],[]
506,"Bayramov begann 1985 an seinem tiefgreifendsten Meisterwerk ""Goldener Schleier"" zu arbeiten, das jedoch bis 2001 unvollendet blieb.",0,[],[]
507,Bayramov wurde zusammen mit Suhrob Kurbanov und Tahir Salahov zum Akademiker der Nationalen Akademie der Künste von Kirgisistan ernannt.,0,[],[]
501,"Bayramovs patriotisches Gemälde hieß ""Hilfe für die Front"".",0,[],[]
1433,"Bei der Untersuchung kann der Patient zum Pressen des Schließmuskelapparates angehalten werden, um prolabierende Hämorrhoiden zweiten und dritten Grades am besten erkennbar zu machen.",0,[],[]
890,"Bei internationalen Spielen und in der Bundesliga kann ein weiterer Assistent, der sogenannte ""Vierte Offizielle"", hinzugezogen werden.",0,[],[]
1066,"Beide Ursprungsunternehmen, Coopers & Lybrand und Price Waterhouse, bestehen jeweils seit über 150 Jahren.",0,[],[]
1031,"Beowulf fand heraus, dass sein Reich von einem feuerspeienden Drachen terrorisiert wurde.",0,[],[]
1862,Bert starb im November 1886 in der Kolonie an Dysenterie.,0,[],[]
596,Bess Katramados.,0,[],[]
620,Besucher aus sozialistischen Ländern.,0,[],[]
960,Beta Andromedae ist ein Roter Riese vom Spektraltyp M0 III.,0,[],[]
1474,Beth,0,[],[]
1333,"Bevor Jugoslawien selbst an den olympischen Spielen teilnehmen konnte, musste es für Österreich-Ungarn antreten.",0,[],[]
1054,Bier ist das älteste und am häufigsten konsumierte alkoholische Getränk in Deutschland und vielen anderen Ländern.,0,[],[]
1227,Bill Aucoin war der Manager von KISS.,0,[],[]
729,Blei und Kohle.,0,[],[]
1432,Blut.,0,[],[]
657,Boeing 737 und Airbus A320.,0,[],[]
1995,"Boioannes begann, eine Festung auf einem Pass der Apenninen zu bauen, um den Eingang in die apulische Ebene zu sichern.",0,[],[]
388,Bokuto steht für ein zerbrochenes Schwert.,0,[],[]
621,"Bombay wurde 1687 die Hauptstadt aller Besitzungen der Ostindien-Kompanie in Indien, in dieser Rolle wurde es jedoch 1753 durch Calcutta abgelöst.",0,[],[]
1163,Bono.,0,[],[]
1428,"Britney Spears war als 19-Jährige bereits ein etablierter Star, was in der amerikanischen Entertainment-Industrie als unüblich betrachtet wurde.",0,[],[]
1257,Bud Prager.,0,[],[]
1028,Bukavu ist die Hauptstadt der Provinz Sud-Kivu in der Demokratischen Republik Kongo.,0,[],[]
618,Bulbul-e-Paristan,0,[],[]
78,Bullard und Worth gingen zunächst nach Liverpool.,0,[],[]
278,Byck wurde von zwei Kugeln getroffen.,0,[],[]
1864,Caesiumnitrat.,0,[],[]
1740,Canberra ist die Hauptstadt Australiens.,0,[],[]
53,Captain Roger Welles hatte am 2.,0,[],[]
1490,Carlin Burns trat zusammen mit Jack Burns als Comedyteam beim Sender KXOL in Fort Worth (Texas) auf.,0,[],[]
775,Cecelia Marie Halpert.,0,[],[]
411,Charlene Mitchell.,0,[],[]
661,Charlotte Mary Mew war eine englische Dichterin.,0,[],[]
1331,Chester-le-Street liegt im nordenglischen County Durham.,0,[],[]
28,China,0,[],[]
385,China.,0,[],[]
783,Chitram.,0,[],[]
817,"Chris Benoit, seine Frau Nancy und ihr siebenjähriger Sohn Daniel wurden bei Benoit entdeckt.",0,[],[]
1909,Christoph Kolumbus stach bei seiner zweiten Reise am 25.,0,[],[]
1005,"Christopher Nolan ist britisch-US-amerikanischer Filmregisseur, Drehbuchautor und Filmproduzent.",0,[],[]
1950,Claire Dunphy lebte in Los Angeles County.,0,[],[]
763,Clarence Melvin Zener.,0,[],[]
107,Classis eroberte.,0,[],[]
55,"Claudia Schiffer's Vater, Heinrich Schiffer, war ein Rechtsanwalt.",0,[],[]
1436,"Clive of India, Robert Clive, verstarb am 22.",0,[],[]
1036,"CMIA, ECLIA, FPIA) oder vereinzelt noch der klassische Enzyme Linked Immuno Sorbent Assay (ELISA) sind die gängigsten Screeningverfahren, um HIV im menschlichen Körper nachweisen zu können.",0,[],[]
19,Colgate ist auf der Liste der einhundert besten Hochschulen für homo- und bisexuelle Studierende und auf der Liste der sportlichsten Colleges in Amerika.,0,[],[]
1361,"Colleen Farrington, Diane Lanes Mutter, war eine Nachtclubtänzerin und Schauspielerin.",0,[],[]
1510,Cooper war von Dezember 2006 bis Mai 2007 mit Jennifer Esposito verheiratet.,0,[],[]
1067,Coopers & Lybrand.,0,[],[]
512,"Core Banking Systeme werden benötigt, um auf elektronischem Wege die typischen Kernprozesse wie die Verwaltung von Spar-, Darlehens- oder Girokonten abzuwickeln.",0,[],[]
226,Curbach war von 2003 bis 2008 Vorstandsvorsitzender der VDI-Gesellschaft Bautechnik.,0,[],[]
1240,"Curling und Militärpatrouille (Frühform des Biathlon) sind umstritten, ob sie als offizielle Sportart oder Demonstrationssportart gelistet sind.",0,[],[]
1956,d'Urberville.,0,[],[]
1630,Daher kann keine Antwort auf die Frage erstellt werden.,0,[],[]
1795,"Dal-bhat-tarkari ist ein Standardgericht, das zweimal am Tag gegessen wird.",0,[],[]
275,Daly gehört der kanadischen Nation an.,0,[],[]
1393,Daman und Diu blieben nach der Spaltung ein Unionsgebiet.,0,[],[]
189,"Dangaura Tharu ist im westlichen Terai in Nepal in den Distrikten Dang Deukhuri, Banke und Bardiya zu finden.",0,[],[]
678,"Dankbarkeit beruht auf der biblischen Aussage, dass jeder Mensch schuldig (""Sünder"") ist und Gott als den selbstlosen Geber alles Guten angesehen wird.",0,[],[]
681,Dankbarkeit.,0,[],[]
682,Dankbarkeit.,0,[],[]
319,"DAP steht für Diammoniumhydrogenphosphat, ein Ammoniumsalz der Phosphorsäure.",0,[],[]
1447,Das 20.,0,[],[]
217,"Das Adele-Lied ""Rolling in the Deep"" war im Kinofilm ""I Am Number Four"" aus dem Jahre 2011 zu hören.",0,[],[]
871,Das Akronym MDT steht für Mianwali Development Trust.,0,[],[]
606,"Das Album ""Waiting for the Sun"" ist von den Doors.",0,[],[]
913,Das älteste Systemprogramm des deutschen Idealismus wurde 1796/97 erstellt.,0,[],[]
362,Das Barbour County befindet sich im Bundesstaat West Virginia der Vereinigten Staaten.,0,[],[]
1128,"Das Bauwerk besteht aus sieben gleichschenkligen Dreiecken, von denen das mittlere das höchste ist.",0,[],[]
1522,"Das Betriebssystem, das auf dem Nexus 5 zum Einsatz kommt, ist Android-Version 4.4 KitKat.",0,[],[]
502,"Das Bild ""Turkmenische Teppichweberinnen"" entstand 1971.",0,[],[]
30,"Das britische Flugzeug, das ursprünglich in China, dann aber in Indien hergestellt wurde, ist der Hawk 75A-5.",0,[],[]
291,"Das Buch, das über die Kindheit von Elizabeth und Margaret Crawford berichtet, heißt ""The Little Princesses"".",0,[],[]
310,Das Café de la Régence befand sich in Paris.,0,[],[]
754,Das Dream Theater wurde im September 1985 gegründet.,0,[],[]
1614,Das Drehbuch für The Hunger Games: Catching Fire stammt von Simon Beaufoy und Michael Arndt.,0,[],[]
1584,"Das dritte Gesetz, das Government of Ireland Act 1914, wurde verabschiedet, aber aufgrund des Ausbruchs des Ersten Weltkriegs nicht umgesetzt.",0,[],[]
274,Das Durchschnittseinkommen der Frauen betrug 23.820 USD.,0,[],[]
148,Das Durchschnittseinkommen der Männer betrug 28.884 USD.,0,[],[]
243,Das Durchschnittseinkommen von Männern betrug 26.302 USD.,0,[],[]
1037,"Das Enzym, das im RT-PCR-Test verwendet wird, ist die Reverse Transkriptase (RT).",0,[],[]
1184,Das Ergebnis wird auch Polyakov-Kleinert-String genannt.,0,[],[]
417,"Das Exemplar des Sumatrafasans wurde auf einem Markt in Medan entdeckt, das aus dem Gunung Leuser-Nationalpark stammte.",0,[],[]
1279,"Das Fǎbì wurde verwendet, nachdem der Silberstandard in China abgeschafft wurde und die Silberbestände der Geschäftsbanken de facto entschädigungslos enteignet wurden.",0,[],[]
557,Das Fernsehen.,0,[],[]
1678,Das Formular für die anorganische Mischung Ammoniumperchlorat ist NH4ClO4.,0,[],[]
673,"Das Gebäude musste zeitweise geschlossen werden, nachdem es bei dem Stadtbrand von 1941 schwer beschädigt wurde.",0,[],[]
677,"Das Gebet, in dem Dankbarkeit erwähnt wird, ist das Schma Jisrael.",0,[],[]
792,Das Geburtsdatum von Amedeo Clemente Modigliani ist der 12.,0,[],[]
1315,"Das Gefieder der erwachsenen Spitzschwanz-Bronzemännchen ist an der Körperoberseite und an den Halsseiten dunkelbraun, während die Vorderbrust, das Gesicht und die Kehle schwarzbraun bis schwarz sind.",0,[],[]
322,Das Gelände sollte zu einem kommerziellen Badeort und Wasserpark umgestaltet werden.,0,[],[]
312,"Das Gemälde von Monet, das sich in dem Museum befindet, heißt ""Impression, soleil levant"".",0,[],[]
742,Das Grabmal des Gladiators befindet sich in Sizilien.,0,[],[]
1056,"Das Größensystem, das verwendet wird, um die Organisation für die Messungen der Eigenschaften von Materialien zu gewährleisten, ist ein physikalisches Größensystem, das auf Basisgrößen aufbaut.",0,[],[]
531,Das größte noch lebende Raubbeutler ist der Beutelteufel.,0,[],[]
786,Das Grundstück des Gutes Can Muntaner de Dalt.,0,[],[]
752,Das Hauptquartier von Reliance Industries Limited (RIL) ist in Mumbai.,0,[],[]
1924,"Das Hauptziel der OFID ist die Förderung der Süd-Süd-Kooperation mit anderen Entwicklungsländern weltweit mit dem Ziel, die Armut gänzlich zu überwinden.",0,[],[]
1835,Das Hinspiel war für den 14. und 15.,0,[],[]
197,"Das Hubble-Weltraumteleskop wurde benutzt, um den Katzenaugennebel zu sehen.",0,[],[]
309,Das Hubble-Weltraumteleskop.,0,[],[]
982,Das Irrenhaus wurde gebaut.,0,[],[]
363,Das jährliche Durchschnittseinkommen der Männer betrug 24.861 USD.,0,[],[]
1498,"Das Jasper Ridge Biological Preserve, ein zur Universität gehörendes Umweltreservat mit einer Größe von 490 ha, wird von Biologen für Forschungszwecke, wie z.B.",0,[],[]
663,Das John Mayer Trio trat am 15.,0,[],[]
1642,Das Kiefergelenk von Säugetieren besteht aus den Deckknochen Dentale und Squamosum.,0,[],[]
413,"Das Kinderbuch von Minogue heißt ""The Showgirl Princess"".",0,[],[]
414,"Das Klima auf der Inselgruppe ist tropisch warm ohne ausgeprägte Jahreszeiten, mit einer Jahresdurchschnittstemperatur von etwa 26 °C.",0,[],[]
165,Das Kreuzzugsgelübde erfüllt.,0,[],[]
551,Das Labor wurde in Landshut gebaut.,0,[],[]
1281,"Das Land, in dem die Währung guanjinyuan war, ist China.",0,[],[]
1960,Das leere Anwesen.,0,[],[]
1757,Das Lichtsignal wird zwischen den beiden Spiegeln einer der beiden Lichtuhren A und B zurückgeworfen.,0,[],[]
1502,"Das Männchen des Himalaya-Glanzfasans wiegt bis zu 2,5 kg.",0,[],[]
1085,"Das Meisterwerk des jungen Künstlers ist ein Tonmodell ""The Dying Hercules"", das auf dem Laokoon basiert.",0,[],[]
1846,"Das Mixtape ""Workprint: The Greatest Mixtape of All Time"" wurde 2007 von Lucas und seinem Onkel Cyrus tha Great unter dem Namen Film Skool Rejekts veröffentlicht.",0,[],[]
526,Das moderne Usbekische und das Uigurische sind die direkten Nachfolgesprachen des Tschagataischen.,0,[],[]
1379,"Das Motto der Rotarier lautet: ""Service above self"" (selbstloses Dienen).",0,[],[]
785,Das Museums-Haus Gaudí wurde am 28.,0,[],[]
1926,Das OFID-Gebäude an der Ringstraße im Herzen Wiens war ursprünglich ein Privatpalais des österreichischen Erzherzogs Wilhelm Franz Karl.,0,[],[]
712,Das Pantanal befindet sich hauptsächlich im mittleren Südwesten von Brasilien in den Bundesstaaten Mato Grosso und Mato Grosso do Sul sowie dem Mato-Grosso-Plateau.,0,[],[]
283,Das Parlament.,0,[],[]
35,Das Pendel hängt in einem symmetrischen Schwerefeld geradlinig nach unten.,0,[],[]
503,"Das Projekt ""Kulturelle Persönlichkeiten"" von Bayramov dauerte über vier Jahrzehnte an.",0,[],[]
1116,"Das Projekt, in dem der Java-Quellcode verwendet wird, heißt phoneME.",0,[],[]
276,Das Prokopfeinkommen betrug 17.210 USD.,0,[],[]
1021,Das Qingming-Fest wurde seit 2008 zum offiziellen Feiertag in der Volksrepublik China.,0,[],[]
769,Das Ranking basiert auf einer Umfrage unter Personalern und Managern führender internationaler Unternehmen aus zwanzig Ländern.,0,[],[]
1685,Das rechnerische Mittel liegt bei etwa 38 Millionen jährlich.,0,[],[]
1150,Das russische Äquivalent von GPS heißt GLONASS.,0,[],[]
672,Das Sarvadarshanasamgraha des Sayana wurde im 14.,0,[],[]
133,Das Schiff Honolulu trat 1939 der Pazifikflotte bei.,0,[],[]
169,"Das Spiel ""Five Nights at Freddy's: Sister Location"" steht auf der offiziellen Position fünf in der Five Nights at Freddy's-Spielereihe.",0,[],[]
168,"Das Spiel ""Five Nights at Freddy's: Sister Location"" wurde am 7.",0,[],[]
740,"Das Spiel, bei dem das Lied ""I Stand Alone"" von Godsmack verwendet wurde, heißt Prince of Persia: Warrior Within.",0,[],[]
713,Das Streikkomitee half den Verurteilten in Weißrussland.,0,[],[]
1877,Das Universum wird so gut wie leer sein.,0,[],[]
638,"Das Unternehmen Barclays wurde erstmals 1736 im Zusammenhang mit dem Bankhaus verwendet, als James Barclay, John Freames Schwiegersohn, als Partner aufgenommen wurde.",0,[],[]
1726,Das Werk wurde zwischen 1776 und 1789 veröffentlicht.,0,[],[]
1180,Das Wilkesland ist der größte Bereich des Australischen Antarktis-Territoriums der östlichen Antarktis.,0,[],[]
1471,"Das wissenschaftliche Modell der Quarks wurde Anfang der 1960er Jahre unabhängig voneinander durch André Petermann, Murray Gell-Mann und George Zweig entwickelt.",0,[],[]
1408,Das World Wide Web wurde von 1991 bis 1993 geboren.,0,[],[]
812,"Das Wort ""Jeep"" entstammt angeblich der Abkürzung GP für General Purpose (‚Allzweck‘).",0,[],[]
1768,"Das Wort Rex bedeutet ""König"".",0,[],[]
858,"Das Ziel der NROs ist es, weltweit einzelne Personen über NROs und deren Auswirkungen aufzuklären.",0,[],[]
1041,"Das Ziel des Joggens ist die Steigerung der körperlichen Ausdauer und Leistungsfähigkeit, Stärkung des Herz-Kreislauf-Systems und positive Beeinflussung der Knochendichte.",0,[],[]
857,"Das Ziel des Welttages der NRO ist, die Menschen zu inspirieren, sie aktiver in NROs einzuführen und eine stärkere Symbiose zwischen NROs und dem öffentlichen und privaten Sektor zu fördern.",0,[],[]
12,Das zweite Terminal wurde nicht explizit erwähnt.,0,[],[]
561,"David Eccles, der damalige Minister für die Künste, war für die dekorativen Vorbereitungen zuständig.",0,[],[]
1461,David Spade spielte häufig mit Adam Sandler in seinen Filmen.,0,[],[]
975,Dean machte während seiner Zeit bei UCLA im Theater-Workshop von James Whitmore mit.,0,[],[]
974,"Dean war neun Jahre alt, als seine Mutter starb.",0,[],[]
1918,"debütierte im Lucha Libre Wrestling mit 14 Jahren in Tijuana, Mexiko.",0,[],[]
1007,Dem Zahnarzt Levi Spear Parmly wird die Erfindung der modernen Zahnseide zugeschrieben.,0,[],[]
1969,den Thronverzicht.,0,[],[]
464,"Der ""Raum von 1844"" ist der Ort, an dem kleinere Zeremonien wie der Empfang neuer Botschafter stattfinden.",0,[],[]
626,Der 3.,0,[],[]
1304,"Der Alumni-Vorstand besteht aus dem CAA-Präsident, dem CEMS Executive Director, einem Vertreter des CEMS-Studentenvorstands, einem Vertreter der CEMS-Mitgliedshochschulen, 3 Local-Committee-Vertretern, 2 Senior-Alumni und 2 Junior-Alumni.",0,[],[]
1368,"Der angesehenste politische Entscheidungsträger ist traditionell der Präsident der Asiatisch-Pazifischen Entwicklungsbank, der von dem Direktorium für eine Amtszeit von fünf Jahren gewählt wird.",0,[],[]
1842,Der Angriff der russischen Streitkräfte begann am 20.,0,[],[]
421,"Der Arzt, der in London lebte, hieß Dr.",0,[],[]
1888,"Der atlantische Riesenzackenbarsch (Epinephelus itajara) kommt vor in den Florida Keys, den Bahamas, der Karibik, brasilianischen Küstengewässern, seltener auch vor Neuengland, Maine oder Massachusetts, und auf afrikanischer Seite vom Kongo bis nach Senegal.",0,[],[]
899,Der Ball wiegt zwischen 567 und 650 Gramm.,0,[],[]
1127,Der Bangladesch-Krieg.,0,[],[]
784,Der Bau des Klosters hat 150 Jahre gedauert.,0,[],[]
376,Der Bauvertrag mit der John F. Kennedy war wertvoll 374 Mio.,0,[],[]
264,Der botanische Name des ägyptischen Klees ist Trifolium alexandrinum.,0,[],[]
1880,"Der Broadway wurde komplett verdunkelt, um Katharine Hepburn zu ehren, nachdem sie im Alter von 96 Jahren an den Folgen einer Krebserkrankung verstorben war.",0,[],[]
450,Der Buckingham Palace sollte eine Hauptresidenz der britischen Monarchen sein.,0,[],[]
515,"Der Castell de Bellver ist 112,6 Meter über dem Meeresspiegel groß.",0,[],[]
69,der Chemie.,0,[],[]
934,Der Club wurde als Football Club Barcelona im Jahr 1899 von einer Gruppe um den Schweizer Hans Gamper gegründet.,0,[],[]
431,Der Coppermine River entspringt beim Lac de Gras.,0,[],[]
323,Der Crawley Town Football Club stammt aus der Stadt Crawley in West Sussex.,0,[],[]
1155,"Der Da Vinci Code erschien 2003 unter dem Titel ""The Da Vinci Code"" und wurde 2004 als Übersetzung unter dem Titel ""Sakrileg"" veröffentlicht.",0,[],[]
374,Der dadurch erlittene Schaden war für das Bakufu immens.,0,[],[]
1167,"Der Debüt-Film von Dinklage war das Filmdrama ""Living in Oblivion"" von Tom DiCillo, das 1995 veröffentlicht wurde.",0,[],[]
79,"Der Diamantenhändler wurde von Worth ausgenutzt, bevor er nach London zog.",0,[],[]
747,Der Distrikt Batagram liegt in Pakistan.,0,[],[]
780,"Der Distrikt befindet sich in der nordindischen Ebene südsüdöstlich der Bundeshauptstadt Neu-Delhi, und die Hauptstadt ist Agra.",0,[],[]
564,Der dreieckige College Green gegenüber dem House of Lords wird üblicherweise für Fernsehinterviews mit Politikern genutzt.,0,[],[]
764,Der erste Flug von McGee Airways startete zwischen Anchorage und Bristol Bay.,0,[],[]
1040,Der erste Jogging-Club wurde 1961 von Arthur Lydiard gegründet.,0,[],[]
21,Der erste Prototyp des Curtiss-Modells 75 wurde im Jahr 1934 gebaut.,0,[],[]
1772,"Der erste Teil des Ländercodes von Peru ist ""PE"".",0,[],[]
23,Der Erstflug des verbesserten Flugzeugs erfolgte im Juni 1939.,0,[],[]
1883,Der Europäische Wolfsbarsch ist ein beliebter Speisefisch in der römischen Antike.,0,[],[]
1456,"Der Film ""Snow White and the Huntsman"" erschien 2012.",0,[],[]
245,"Der Film ""xXx: Die Rückkehr des Xander Cage"" wurde von Paramount Pictures und Revolution Studios vertrieben.",0,[],[]
1083,Der Film lief ab Oktober 2011 in den amerikanischen Kinos.,0,[],[]
1383,Der Film war bei den Golden Globe Awards 2008 in fünf Kategorien nominiert.,0,[],[]
327,"Der Flughafen Dallas/Fort Worth (IATA-Code: DFW, ICAO-Code: KDFW).",0,[],[]
72,"Der Flughafen Schönefeld sollte ein leistungsfähigerer ""Single Airport"" werden, also Berlins einzigem Flughafen.",0,[],[]
873,Der Fluss hieß früher Zhe Jiang.,0,[],[]
1219,Der Fluss Tschüi verhilft dem Land zur Fruchtbarkeit durch die intensive Bewässerung der fruchtbaren Böden.,0,[],[]
250,"Der Fußballverein AS Viterbese Castrense sitzt in Viterbo, Italien.",0,[],[]
408,Der Generalbefehl vom 6.,0,[],[]
377,"Der Gewinner des Booker Prize wird von einem Beirat berufen, der aus Vertretern der Schriftsteller, Verleger, Literaturagenten, Buchhändlern, Bibliothekaren und einem Moderator und Vorsitzenden der Bookerpreisstiftung besteht.",0,[],[]
784,Der Glockenturm wurde um das Jahr 1500 hinzugefügt.,0,[],[]
1558,Der Hauptunterschied zwischen Demand-Chain-Management (DCM) und Supply-Chain-Management (SCM) liegt in der Betonung.,0,[],[]
721,Der Herzbube wird in Alice im Wunderland wegen Diebstahls vor Gericht gestellt.,0,[],[]
1503,"Der Himalaya-Glanzfasan kommt vor in dem Verbreitungsgebiet vom östlichen Afghanistan bis zur Ostgrenze Bhutans und in Teilen Tibets, in Nepal, insbesondere im Sagarmatha-Nationalpark und im Langtang-Nationalpark, und in Gebirgswäldern mit Eichen, Kiefern und Rhododendron und steile Hanglagen mit Gras- und Krautwuchs in 2500 bis 5000 m Höhe im Himalaja.",0,[],[]
1398,Der höchste Berg Antarktikas ist Mount Vinson mit einer Höhe von 4892 Metern.,0,[],[]
1639,Der höchste Punkt der Insel ist der 705 m hohe Mount Usborne.,0,[],[]
1078,"Der höchste Punkt Schwedens, der Kebnekaise, liegt etwa 2.100 m über dem Meerespiegel.",0,[],[]
1903,Der internationale Starttermin von Solo: A Star Wars Story war der 25.,0,[],[]
1702,Der Jahresniederschlag in Minnesota reicht von rund 480 mm im Nordwesten bis zu 860 mm im Südosten.,0,[],[]
1698,Der Kanadische Schild befindet sich im Nordosten Minnesotas.,0,[],[]
1991,"Der Katepano war Johannes Kurkuas, der Anfang 1010 im Kampf getötet wurde.",0,[],[]
1265,Der Kern wurde in einem 90-nm-Prozess gefertigt.,0,[],[]
1761,Der Kodiakbär gehört zur Unterart des Braunbären (Ursus arctos).,0,[],[]
1160,Der Koran besteht aus 114 mit Namen versehenen Suren.,0,[],[]
1159,Der Koran.,0,[],[]
257,Der lateinische Name der Meller-Manguste ist Rhynchogale melleri.,0,[],[]
1464,Der lateinische Name für den Elefanten aus Sri Lanka ist Elephas maximus.,0,[],[]
1357,"Der latinisierte Name von Hasan Ibn al-Haytham ist Alhacen, Avennathan oder Avenetan.",0,[],[]
1689,Der Manchinelbaum (Hippomane mancinella) wird als einer der giftigsten Bäume der Welt bezeichnet.,0,[],[]
1283,Der Mandschukuo-Yuan wurde 1935 an den Japanischen Yen gebunden.,0,[],[]
1709,Der Minneapolis-St.,0,[],[]
1161,"Der Monat, der zur Sprache gebracht wird, ist Dezember.",0,[],[]
1712,"Der Mond steht zwischen Sonne und Erde während einer Sonnenfinsternis, die nur bei Neumond auftreten kann.",0,[],[]
320,"Der Name ""Flughafen Cocorote"" wurde am 13.",0,[],[]
1115,"Der Name ""Nakhon Nayok"" bedeutet ""Stadt ohne Reisfeld-Steuer"".",0,[],[]
725,"Der Name ""Shaula"" (arabisch الشولاء, DMG aš-šaulāʾ) bedeutet ""erhobener Schwanz"" und wird dem Stachel des Skorpions wegen seiner einzigartigen Merkmale im arabischen Raum gegeben.",0,[],[]
419,"Der Name ""Tarawa"" wurde am 1.",0,[],[]
1262,"Der Name des Kerns, der von Intel im Jahr 2002 herausgegeben wurde, ist Northwood.",0,[],[]
1623,Der Name des Königs Radjedef war auf der kleinen Schieferplatte gefunden worden.,0,[],[]
1869,"Der Name des Ninja-Films war ""Ninja Melk"".",0,[],[]
608,Der Name des Professors ist Kunitsugu Aramaki.,0,[],[]
232,Der Name des Schiffes war SPS Alcalá Galiano.,0,[],[]
1537,"Der Name Konstanz stammt wahrscheinlich von Constantius I. oder seinem Enkel Constantius II., einem römischen Kaiser, der gegen die Alamannen kämpfte.",0,[],[]
1245,Der Name Shakira stammt aus dem Arabischen.,0,[],[]
1481,Der Nobelpreis für Physiologie oder Medizin.,0,[],[]
1634,Der Oberste Richter sitzt vor den Beschwerdekammer für den öffentlichen Dienst (Public Service Appeal Board) und der Polizeibeschwerdekammer (Police Appeal Board).,0,[],[]
1925,Der OFID-Sitz befindet sich in Wien.,0,[],[]
1919,Der Polnische Untergrundstaat.,0,[],[]
979,Der Preis wurde ihm in der Musik verliehen.,0,[],[]
1346,"Der private SSH-Schlüssel kann mit einem Passwort geschützt werden, um seine weitere Verwendung zu sperren.",0,[],[]
1975,Der Rat der Volksbeauftragten hat am 7.,0,[],[]
625,Der Riesenstern ist ein orangeroter Riesenstern und gehört der Spektralklasse K4 und der Leuchtkraftklasse III an.,0,[],[]
459,Der Ritterschlag findet im viktorianischen Ballsaal statt.,0,[],[]
96,"Der Roman wurde in folgenden Sprachen übersetzt: Englisch, Französisch, Italienisch, Spanisch, Niederländisch, Tschechisch, Polnisch, Russisch, Lettische, Japanische und Türkische.",0,[],[]
872,Der romanisierte Name der ostchinesischen Küstenprovinz ist Zhèjiāng.,0,[],[]
877,Der Router mit der höchsten Router-Priorität wird als designierter Router (DR) gewählt.,0,[],[]
1459,Der Rubel aus der Sowjetzeit wurde durch den Som ersetzt.,0,[],[]
277,Der Schlüssel war bei Schwester Victorias Leiche gefunden worden.,0,[],[]
1323,"Der schneereichste Winter, der jemals aufgezeichnet wurde, war der Winter 1983/84, als 2,5 Meter Schnee fielen.",0,[],[]
748,Der Shangla Distrikt liegt im Westen.,0,[],[]
1520,"Der Sitz von Pixar ist in Emeryville, Kalifornien.",0,[],[]
343,"Der Song ""Survivor"" wurde von Frontfrau Beyoncé Knowles, Anthony Dent und Mathew Knowles geschrieben und komponiert.",0,[],[]
691,"Der Song wurde in Malibu am Klavier geschrieben, während die Band Talk on Corners aufnahm.",0,[],[]
669,Der South Nahanni River entspringt am Mount Christie in den Mackenzie Mountains auf einer Höhe von 1600 m.,0,[],[]
328,"Der Spitzname des Flugzeuges VC-54C lautet ""Sacred Cow"" (Heilige Kuh).",0,[],[]
961,Der Stern Mirach ist ca.,0,[],[]
916,Der Sultan Otteman Mahmud Perkasa Alam wurde im Mai 1998 geboren.,0,[],[]
253,"Der Titel ""Duke"" ist bei den aufgeführten Beratern gängiger.",0,[],[]
692,Der Turibaum (Sesbania grandiflora) wird in die Familie der Hülsenfrüchtler (Fabaceae) gezählt.,0,[],[]
358,Der Umzug wird vom Münchner Kindl angeführt.,0,[],[]
1674,"Der untreue Freund in dem Musikvideo zu ""Toxic"" von Britney Spears.",0,[],[]
1670,Der Vater von Philipp II.,0,[],[]
249,Der Verein Viterbese Castrense spielt derzeit in der Serie C.,0,[],[]
1485,Der Vertrag von London wurde 1604 geschlossen.,0,[],[]
1212,Der Vertrag von Petrópolis wurde am 17.,0,[],[]
560,"Der Vertrag, der nach dem versuchten Staatsstreich 1981 erreicht wurde, war der Vertrag zwischen Gambia und Senegal am 12.",0,[],[]
1769,Der Verwaltungssitz (County Seat) ist Bowling Green.,0,[],[]
362,Der Verwaltungssitz (County Seat) ist Philippi.,0,[],[]
1385,"Der vollständige Name der Firma Wipro ist ""Western India Vegetable Products Limited"".",0,[],[]
1410,Der W3C wurde im Herbst 1994 geschaffen.,0,[],[]
1499,Der weiße Feststoff Lithium wird durch Reaktion von Lithiumamid mit Lithiumhydrid in einer Argonatmosphäre oder mit Lithiumnitrid gewonnen.,0,[],[]
862,"Der Welttag der NRO wird auf sechs Kontinenten gefeiert, nämlich in Neuseeland und Australien, Nord- und Südamerika.",0,[],[]
861,Der Welttag der NRO wurde auf sechs Kontinenten gefeiert.,0,[],[]
859,Der Welttag der NRO.,0,[],[]
860,Der Welttag der NRO.,0,[],[]
1569,"Der wirtschaftliche Niedergang Georgiens wurde noch beschleunigt durch Bürgerkriege und Unabhängigkeitskämpfe in Abchasien, Adscharien, Südossetien und Westgeorgien, eine Wirtschaftsblockade Russlands im Dezember 1990 und die Produktionsschwäche in Industrie und Landwirtschaft.",0,[],[]
703,Der wissenschaftliche Name des Gelbschnabeldrosslings ist Turdoides affinis.,0,[],[]
827,"Der wohl berühmteste britische Auslandskorrespondent, Fisk.",0,[],[]
1097,Der Zweite Englisch-Birmanische Krieg brach 1852 aus.,0,[],[]
57,Der Zweite Weltkrieg.,0,[],[]
1922,Des Moines ist die Hauptstadt und größte Stadt des US-Bundesstaates Iowa.,0,[],[]
728,"Deutsch ist die größte Abstammungsgruppe in Missouri mit 27,4 Prozent.",0,[],[]
348,Deutsche.,0,[],[]
1945,Deutscher.,0,[],[]
1625,Deutschland und Kanada.,0,[],[]
408,Dezember 1922 stellte die US-Flotte mit der Schlachtflotte als pazifische Militärpräsenz her.,0,[],[]
206,Dezember 1935 von seinem Amt zurück.,0,[],[]
1519,"Dezember 1950 in Bombay, Maharashtra, gestorben.",0,[],[]
1594,Dezember 1966.,0,[],[]
1226,Dezember 1973 in der Academy of Music in New York.,0,[],[]
1788,Dezember 1988 in Katar statt.,0,[],[]
1447,Dezember 2000.,0,[],[]
1394,"Dezember 2011 vom Weltraumteleskop Kepler entdeckt, nämlich Kepler-20e und Kepler-20f.",0,[],[]
1979,Dezember an.,0,[],[]
135,Dezember.,0,[],[]
734,Dick.,0,[],[]
1449,Die 18.,0,[],[]
1788,Die 9.,0,[],[]
986,Die A92 wurde nach dem Bau der A90 als touristische Route genutzt.,0,[],[]
609,Die Abkürzung des Bildungsministeriums ist MEXT.,0,[],[]
1208,"Die Abkürzung FEMA steht für Federal Emergency Management Agency, die in den USA zuständig ist für den Katastrophenschutz.",0,[],[]
1140,Die Abkürzung für die Japan Self-Defense Forces ist Jieitai oder SDF.,0,[],[]
1929,"Die Abkürzung HIPC steht für Heavily Indebted Poor Countries, also stark verschuldete Armutsländer.",0,[],[]
709,"Die Abmaße der Öffnung sind 6,4 Kilometer breit.",0,[],[]
1620,"Die afghanischen Nachrichtenmedien verschwiegen, dass Taraki ermordet wurde.",0,[],[]
1917,Die aktuell gültige Währung in Puerto Rico ist der US-Dollar.,0,[],[]
1753,Die alte Definition für die longitudinale und transversale Masse wurde überflüssig.,0,[],[]
406,"Die ältesten Minen befinden sich in New Mexico, speziell in Cerrillos, wo die älteste Mine erwähnt wird.",0,[],[]
1030,"Die Amtssprachen in den Komoren sind Komorisch, Arabisch und Französisch.",0,[],[]
289,Die Andamanensee und der Golf von Thailand grenzen an die Landenge.,0,[],[]
1659,Die Angeln migrierten nach Großbritannien im Frühmittelalter.,0,[],[]
821,Die Anti-Apartheid-Demonstrationen fanden in den 1980er Jahren statt.,0,[],[]
457,Die Antwort auf Ihre Frage lautet: 1847-1850.,0,[],[]
1751,Die Antwort auf Ihre Frage lautet: 1895.,0,[],[]
22,Die Antwort auf Ihre Frage lautet: 1937.,0,[],[]
472,Die Antwort auf Ihre Frage lautet: 60.,0,[],[]
1387,Die Antwort auf Ihre Frage lautet: 80 km/h.,0,[],[]
943,"Die Antwort auf Ihre Frage lautet: Bilder des Saturn, seiner Ringe und Satelliten, sowie Oberflächendetails von Monden.",0,[],[]
436,Die Antwort auf Ihre Frage lautet: Der Nachwuchs wird über zwei Jahre lang gesäugt.,0,[],[]
1164,Die Antwort auf Ihre Frage lautet: Die Stanford University.,0,[],[]
81,Die Antwort auf Ihre Frage lautet: Die Vereinigten Staaten.,0,[],[]
1804,Die Antwort auf Ihre Frage lautet: Fünf.,0,[],[]
1658,"Die Antwort auf Ihre Frage lautet: Im Jahr 1014 wurde der Name ""England"" erstmals schriftlich als ""Engla lande"" nachgewiesen.",0,[],[]
1093,Die Antwort auf Ihre Frage lautet: Meerwasser.,0,[],[]
1701,Die Antwort ist: ausgedehnte.,0,[],[]
950,"Die Anzahl der abhängigen Trinker im Vereinigten Königreich im Jahr 2001 betrug über 2,8 Millionen.",0,[],[]
1224,"Die Anzahl und Vollständigkeit von sozialen und ökonomischen Zählobjekten wie Gruppenmitgliedern, Beutetieren, Besitz oder Schulden.",0,[],[]
940,Die Arbeiten wurden 1678 unter Prinz Muhammad Azam begonnen.,0,[],[]
1965,Die Arbeiter- und Soldatenräte dienten der Entmachtung der militärischen Generalkommandos und der Schaffung einer neuen Reichsregierung.,0,[],[]
6,Die Arbeitslosigkeit in der Region um den Mount St.,0,[],[]
27,Die Argentinischen Hawks blieben bis 1954 im aktiven Dienst.,0,[],[]
1931,Die Armut.,0,[],[]
834,Die Art wird von der International Union for Conservation of Nature and Natural Resources (IUCN) als vulnerable (dt.,0,[],[]
702,Die Arten des Gelbschnabeldrosslings (Turdoides affinis) sind im Südteil des Indischen Subkontinents und auf Sri Lanka beheimatet.,0,[],[]
1153,Die Asian Games werden auch Panasiatische Spiele genannt.,0,[],[]
513,Die Athleten von Venezuela waren am erfolgreichsten im Schwimmen.,0,[],[]
632,"Die aus Silber gefertigten Bajonette und Kugeln wurden von Mary mittels der Underground Railroad nach Gettysburg zu den Nordstaaten-Truppen gebracht, nicht Harriet.",0,[],[]
884,"Die Autohersteller General Motors, Chrysler und Ford stimmten dem QS 9000-Standard zu.",0,[],[]
1949,"Die Autoren der Comedyserie ""Modern Family"" sind Christopher Lloyd und Steven Levitan.",0,[],[]
1435,"Die Autoren sind Marwan, Romano, Thiel und Kurths.",0,[],[]
806,"Die Band, die mit einer anderen Band namens ""Earth"" verwechselt wurde, hieß Black Sabbath.",0,[],[]
799,Die Bedeutung des Kızılay Derneği ist nach dem Krankenhaus des Türkischen Roten Halbmonds benannt.,0,[],[]
261,Die Beeren werden traditionell von Hand geerntet.,0,[],[]
1044,"Die beiden am häufigsten und üblicherweise angewendeten Projektionen bei der Mammographie sind die cranio-caudale Abbildung (Röntgenbild der Brust von oben) und die MLO-Aufnahme (mediolateral oblique, Röntgenbild der Brust von der Mitte nach außen).",0,[],[]
200,Die beiden Hauptelemente von NGC 6543 sind Wasserstoff und Helium.,0,[],[]
4,Die beiden Hauptgründe für die Annullierung von Flügen waren die schlechte Sicht und die große Ascheansammlung an Flughäfen im östlichen Washington.,0,[],[]
108,"Die beiden Söhne, unter denen das Herzogtum aufgeteilt wurde, hießen Lambert und Guido II.",0,[],[]
99,"Die bekannteste Art der Sesamgewächse, Sesam (Sesamum indicum), wird auf Grund des Speiseöls gewonnen.",0,[],[]
267,"Die bekanntesten Merkmale Thailands sind die Gebirge im Norden, die Zentralebene des Chao Phraya und eine Hochebene.",0,[],[]
774,Die Belagerung von Seringapatam fand 1799 statt.,0,[],[]
579,"Die beliebte Spiel, die von Abenteuern im Weltraum berichtet, ist Dead Space.",0,[],[]
640,"Die Bergleute wurden durch die ungeschützte Exposition gegenüber hohen Staubbelastungen getötet, da ihnen keine Schutzmasken ausgehändigt wurden.",0,[],[]
454,"Die Berichte über den Bombenangriff auf den Buckingham Palace wurden in Kinos in ganz Großbritannien während des Zweiten Weltkriegs gezeigt, um darzustellen, dass Reiche wie Arme gemeinsam litten.",0,[],[]
1242,Die Bevölkerung der Einwohner war am höchsten im Jahr 1972 mit 1.338.924.,0,[],[]
1418,Die Bevölkerungszahl nach der Volkszählung 2010 betrug 1.010.073 Bewohner.,0,[],[]
1700,Die Bewaldung des Staates liegt bei etwa einem Drittel.,0,[],[]
1616,Die Bezeichnung Epimetheus wurde offiziell am 30.,0,[],[]
1727,Die Blogs wurden auf die Google-Server übertragen.,0,[],[]
850,Die Boeing 737-200 von easyJet flogen auf den Routen von London Luton nach Glasgow und Edinburgh.,0,[],[]
209,Die Boeing 747-400-Serie ist die am längsten produzierte Variante der Boeing 747 und wurde bis zur Aufnahme des regulären Betriebs des Airbus A380 das größte Passagierflugzeug der Welt.,0,[],[]
1743,"Die Branche, die das Howard Government teilweise dereguliert hat, ist das Transport- und Telekommunikationswesen.",0,[],[]
251,Die britische Monarchin Königin Elisabeth II.,0,[],[]
149,Die Brutkolonien der Eselspinguine liegen grundsätzlich auf eisfreiem Untergrund.,0,[],[]
516,Die Burg wurde 1936 zu einem Museum umgewidmet.,0,[],[]
143,"Die Bürger flohen nach Phyle, einen gut zu verteidigenden Ort an der Grenze von Attika nach Böotien.",0,[],[]
1967,"Die bürgerlichen Parteien, die schon 1917 im Reichstag mit der SPD zusammengearbeitet hatten, sowie die alten Eliten des Kaiserreichs.",0,[],[]
1831,Die Charité hat an vier Hauptstandorten (Campus) untergebracht.,0,[],[]
15,Die Colgate Rochester Divinity School entstand nach der Fusion des theologischen Zweigs der Colgate University mit dem Rochester Theological Seminary 1928.,0,[],[]
16,Die Colgate University hieß 1846 Madison University.,0,[],[]
20,Die Curtiss P-36 Hawk wurde mit knapp 1100 gebauten Flugzeugen produziert.,0,[],[]
906,Die Datenbank heißt Geographic Names Information System (GNIS).,0,[],[]
365,"Die DB-1 stand in Konkurrenz zur Boeing Model 299, der späteren B-17 Flying Fortress und dem Martin Model 146.",0,[],[]
1214,Die Departements von Acre wurden 1920 zu einem Territorium vereinigt.,0,[],[]
170,Die Deportierten saßen im Zug 20 Stunden lang.,0,[],[]
1440,Die Dreharbeiten begannen am 15.,0,[],[]
179,Die Dreharbeiten begannen am 4.,0,[],[]
819,Die Dreharbeiten begannen im März 2011.,0,[],[]
1135,Die Dreharbeiten fanden in Schottland und den Vereinigten Staaten von Amerika statt.,0,[],[]
1083,"Die Dreharbeiten zu ""The Rum Diary"" begannen im März 2010, in dem Heard an der Seite von Johnny Depp mitwirkte.",0,[],[]
900,"Die Drei-Punkte-Linie ist 6,75 Meter vom Mittelpunkt des Korbes entfernt.",0,[],[]
1579,Die Dreizehn Kolonien in Nordamerika.,0,[],[]
91,"Die Duncan wurde ihrem Schicksal überlassen, als das Hauptdeck überflutet wurde.",0,[],[]
650,"Die Dura mater ist die äußerste Schicht der Hirnhaut, die eng an den Schädelknochen anliegt und mit zwei Bereichen des Schädels verbunden ist.",0,[],[]
415,Die durchschnittliche Jahresdurchschnittstemperatur beträgt 26 °C.,0,[],[]
163,"Die durchschnittliche Körperlänge des Dickschnabelkittas beträgt 66 cm, da die Körperlänge zwischen 63 und 69 cm liegt.",0,[],[]
434,Die durchschnittliche Lebenserwartung von Weißbrauengibbons in freier Wildbahn liegt bei rund 25 Jahren.,0,[],[]
1425,"Die Ehe von Britney Spears und Jason Alexander wurde nach 55 Stunden annulliert, am 3.",0,[],[]
1500,"Die Ehekrise zwischen Charles und Diana wurde 1992 durch die Publikation des Buches ""Diana: Her True Story"" zum öffentlichen Skandal.",0,[],[]
1578,"Die ehemaligen britischen Kolonien traten dem Commonwealth of Nations nach Erlangung ihrer Unabhängigkeit bei, einer losen Verbindung souveräner Staaten.",0,[],[]
1648,"Die Eier von Monotremen werden während der Brutzeit von einer klebrigen Substanz bedeckt, deren Herkunft unbekannt ist.",0,[],[]
1649,"Die einfachste Lösung, um eine einigermaßen konstante Körpertemperatur zu gewährleisten, ist die Wärmedämmung.",0,[],[]
1914,"Die Einwanderung nach Puerto Rico hat zu einem auf der Landwirtschaft basierenden Wirtschaftswachstum geführt, bei dem Zucker, Tabak und Kaffee die wichtigsten Produkte waren.",0,[],[]
1621,Die Eisenbahnstrecke.,0,[],[]
1750,Die elektromagnetische Masse wird als das Ergebnis einer Selbstinduktion der Konvektionsströme im Äther interpretiert.,0,[],[]
1317,Die Eltern von David Cook sind Beth Foraker (geb.,0,[],[]
1640,Die Eltern von Montserrat Martí Caballé waren der Tenor Bernabé Martí und die Sängerin Montserrat Caballé.,0,[],[]
1482,Die Entdeckung des Erregers der Malaria durch Charles-Louis-Alphonse Laveran im Jahr 1880 im Blut seiner von Malaria befallenen Patienten in Constantine.,0,[],[]
1968,Die Entente hat am 6.,0,[],[]
1360,Die EPA wurde von sieben europäischen Nachrichtenagenturen gegründet.,0,[],[]
1927,"Die EPI steht für die ""Energy for the Poor Initiative"" (Energie für die Armen Initiative) von OFID.",0,[],[]
1063,Die Erdoberfläche steigt an durch die Plattentektonik der Erde oder vulkanischen Ursprungs.,0,[],[]
31,"Die erfolgreichste Single des Albums ""These Are Special Times"" von Celine Dion war ""I'm Your Angel"", ein Duett mit R. Kelly.",0,[],[]
1911,"Die erste europäische Kolonie, die von Christoph Kolumbus gegründet wurde, war San Juan Bautista auf der Insel Puerto Rico.",0,[],[]
892,Die erste Fußball-Weltmeisterschaft der Frauen wurde 1991 ausgetragen.,0,[],[]
1226,Die erste offizielle Premiere von Kiss war am 31.,0,[],[]
782,Die erste Sonntagsseite von Tarzan wurde am 15.,0,[],[]
182,Die ersten B-45As wurden im November 1948 bei der 47th Bombardment Group eingesetzt.,0,[],[]
466,Die ersten drei Kinder der Königin wurden im Musikzimmer getauft.,0,[],[]
1754,Die ersten Herleitungen der Relativität der Gleichzeitigkeit durch Synchronisation mit Lichtsignalen von Poincaré und Einstein wurden nun ebenfalls vereinfacht.,0,[],[]
1095,Die ersten Regeln für Handball wurden 1906 von Holger Nielsen entworfen.,0,[],[]
404,Die ersten Solodurchsteigungen des Khumbu-Express wurden durchgeführt auf der Nordwand des Cholatse (6440 m) und der Ostwand des Tawoche (6505 m).,0,[],[]
449,Die Erweiterung des Buckingham Palace im 18.,0,[],[]
1533,Die ETH Zürich.,0,[],[]
905,Die Familie von Neerja Bhanot zog im März 1974 von Chandigarh nach Bombay um.,0,[],[]
1939,"Die Familie, für die Rozas Mutter arbeitete, war reich.",0,[],[]
1786,"Die Familie, zu der der Weißrückengeier, der Milan und der Bussard gehören, ist die Familie der Altweltgeier (Aegypiinae).",0,[],[]
567,Die feierliche Parlamentseröffnung.,0,[],[]
593,"Die Feinabstimmung der Uhr erfolgt traditionell mit Penny-Münzen, die auf das Pendel gelegt werden, um so den Schwerpunkt und damit die Schwingdauer zu verändern.",0,[],[]
903,Die FIBA wurde am 18.,0,[],[]
1186,Die FIFA-All-Star-Mannschaft.,0,[],[]
686,"Die Filmfare Awards sind die ältesten und wichtigsten Auszeichnungen, die Hindi-Filmen in Indien verliehen werden.",0,[],[]
1319,"Die finanziellen Probleme des Raffles Hotel wurden 1933 überwunden, als die Raffles Hotel Ltd.",0,[],[]
1901,"Die Fortpflanzungszeit der Puerto-Rico-Amazonen fällt in die Monate zwischen Januar und Juli, wenn die Niederschlagsmengen niedrig sind.",0,[],[]
1553,Die französische Armee stand im März 1689 auf der Seite von König Jakob.,0,[],[]
1732,Die Frau von Ptolemaios Keraunos war Eurydike.,0,[],[]
655,Die Frauen des alten Königs heißen Dilbahar und Navbahar.,0,[],[]
545,Die Frist für die Angabe des Interesses war der 15.,0,[],[]
90,Die Fubuki sank bereits kurz nach Gefechtsbeginn.,0,[],[]
1120,Die Galapagos-Inseln wurden am 12.,0,[],[]
924,Die Geflügeltuberkulose wird durch M. avium verursacht.,0,[],[]
1896,Die Gelbe Karte auf die eine direkte Rote Karte folgt entspricht vier Punkten.,0,[],[]
1098,Die gemeinsame Sprache und vor allem Ethnie werden von den Südkoreanern als wichtiger Bestandteil der Identität betrachtet.,0,[],[]
1839,"Die geschätzte Zahl der Toten bei der Flutkatastrophe in China 1931 reicht von 145.000 bis 3,7 Millionen.",0,[],[]
789,"Die Geschmackssorten von Smirnoff sind Vanille, Himbeere, Orange, Heidelbeere, grüner Apfel und Zitrone.",0,[],[]
1111,Die Gewerkschaften sind die Interessenvertretungen der Beschäftigten in den Betrieben und setzen sich unter anderem für höhere Löhne und bessere Arbeitsbedingungen ein.,0,[],[]
248,Die Goldhaar-Rindeneule (Acronicta auricoma) ist ein Schmetterling aus der Familie der Eulenfalter (Noctuidae).,0,[],[]
1849,Die Goldkonzentration wird in Femtomol (fmol) pro Liter Wasser oder in Mikrogramm pro Kubikmeter (µg/m³) gemessen.,0,[],[]
113,Die Google-Toolbar.,0,[],[]
603,Die Grafikgröße kann in zwei Varianten dargestellt werden.,0,[],[]
66,"Die Graue Bergraseneule ist in Ostasien, im Amurgebiet, zu finden.",0,[],[]
584,Die Great Trigonometrical Survey war das Projekt zur Grundlagenvermessung des Indischen Subkontinents durch trigonometrische Vermessungsnetze.,0,[],[]
539,Die Grön eld Glasskulptur ist neun Meter hoch.,0,[],[]
356,"Die groß angelegten Operationen der australischen Truppen wurden nicht explizit eingestellt, sondern sie führten bis Kriegsende weiterhin an Nebenfronten durch.",0,[],[]
556,Die größte Monster-Truck-Serie ist die United States Hot Rod Association (USHRA) unter dem Namen Monster Jam.,0,[],[]
1349,Die größte VBSMC-Blockgröße ist 16 × 16 Pixel.,0,[],[]
150,Die Grundkonstruktion der YF-17 wurde im Rahmen des firminternen Northropprojektes N-300 bereits 1965 entworfen.,0,[],[]
784,Die Grundsteinlegung erfolgte am 5.,0,[],[]
903,"Die Gründungsmitglieder waren Argentinien, Griechenland, Italien, Lettland, Portugal, Rumänien, Schweiz und Tschechoslowakei.",0,[],[]
1746,Die Gruppe wurde ursprünglich mit den Mausvögeln (Coliidae) verbunden.,0,[],[]
234,Die Hauptfunktion der kleinen Vorstädten und Stadtmitte in Canberra war als Brennpunkt gewerblicher und sozialer Aktivitäten.,0,[],[]
1892,"Die Hauptinseln in Malampa sind Malakula, Ambrym und Paama.",0,[],[]
407,"Die Hauptlagerstätten für Türkis in Kalifornien sind San Bernardino, Imperial und Inyo.",0,[],[]
627,"Die Hauptreligion im Gebiet von British-Indien, das zu Indien wurde, war die Hindu- oder Sikh-Mehrheit.",0,[],[]
280,Die Hauptstadt des Byzantinischen Reiches war Konstantinopel.,0,[],[]
829,Die Hauptstadt ist Vientiane.,0,[],[]
493,"Die Hauptstadt Laos ist Vientiane (Viang Chan), die nur 25 km entfernt von der Provinz Nong Khai liegt.",0,[],[]
1652,Die Hauptstadt Somalis heißt Jijiga.,0,[],[]
1778,Die Hauptstiftung von Messi heißt Leo Messi Fundation.,0,[],[]
522,Die Herero-Sprachminderheit lebt in Windhoek.,0,[],[]
547,"Die Hitsingle des neuen Albums war ""Anything Could Happen"".",0,[],[]
355,Die HMAS Sydney kämpfte am 19.,0,[],[]
41,Die HMS Devastation.,0,[],[]
1497,Die Hochschule liegt 32 Kilometer nordwestlich von San José.,0,[],[]
1324,"Die höchste jemals gemessene Temperatur lag bei 42,2 Grad Celsius im Juli 1936.",0,[],[]
1770,"Die höchste Rasse im Land war die Weiße, mit 94,83 Prozent der Bevölkerung.",0,[],[]
1068,Die Holzschnitzereien von Katafalken Rūmīs und seines Vaters.,0,[],[]
131,Die Honolulu traf am 14.,0,[],[]
134,Die Honolulu-Operationen wurden fortgesetzt an der Westküste der Vereinigten Staaten und in Pearl Harbor.,0,[],[]
1322,"Die Hörner der männlichen Indischen Gazelle können etwa 20 Zentimeter lang werden, der Rekord lag bisher bei 39 Zentimetern.",0,[],[]
1776,Die in der Inventar-Stele aus der 26.,0,[],[]
945,Die indische Multikonzern United Breweries Group war bei der Gründung Besitzer von Kingfisher Airlines.,0,[],[]
1170,Die indische Unabhängigkeit wurde 1947 erreicht.,0,[],[]
517,"Die indische Verfassung sieht vor, dass das Unterhaus des Parlaments, die Lok Sabha, alle fünf Jahre neu gewählt werden muss.",0,[],[]
808,"Die Inkubationszeit kann 5 bis 207 Tage dauern, im Regelfall zwischen 20 und 40 Tagen.",0,[],[]
400,Die Interstate 5 verläuft durch Eugene.,0,[],[]
398,"Die Interstate 5, die als Santa Ana Freeway bekannt ist, verläuft durch viele Orte und Vororte, wie Santa Ana oder Anaheim, in den Orange und Los Angeles County.",0,[],[]
260,Die Japaner.,0,[],[]
1158,Die Jōyō-Kanji-Liste wurde 1981 eingeführt.,0,[],[]
536,"Die Jungtiere sind vollständig mit Fell bedeckt, wenn sie 49 Tage alt sind.",0,[],[]
377,"Die Juroren werden aus den Meinungsführern der Literaturkritiker, Schriftsteller, Literaturwissenschaftler und Persönlichkeiten des öffentlichen Lebens ausgewählt.",0,[],[]
1604,"Die Kammern des Grabes von Hor-Aha waren rechteckige Kammern im Wüstenboden, die mit Lehmziegeln abgestützt wurden.",0,[],[]
543,"Die Kardinalbarsche sind kleine Fische, die 3 bis 25 Zentimeter lang werden, wobei die meisten Arten kleiner als 10 Zentimeter bleiben.",0,[],[]
1695,Die Karibische Gemeinschaft ist bekannt unter der Abkürzung CARICOM.,0,[],[]
176,Die Kathedrale wurde vollständig aus roten Ziegeln erbaut und außen nicht verputzt.,0,[],[]
1390,Die Kettenviper (Daboia russelii) ist über ein sehr großes Gebiet im zentralen und südlichen Asien verbreitet.,0,[],[]
1057,Die Kichererbse wird im Wesentlichen zur Ernährung des Menschen angebaut.,0,[],[]
233,Die Kirche wurde am 29.,0,[],[]
818,Die kleinste genannte metrische Maßeinheit in Bezug auf die Materialstärke ist das Nanometer.,0,[],[]
1587,Die Kommunisten waren in erster Linie chinesischstämmig.,0,[],[]
1096,Die Konbaung-Dynastie wird auf birmanisch als ကုန်းဘောင်ခေတ် geschrieben.,0,[],[]
301,Die Königin war zum Todeszeitpunkt von Diana auf Balmoral Castle im Urlaub.,0,[],[]
832,Die Königskobra (Ophiophagus hannah) ist die einzige Art der Gattung Ophiophagus und ist nicht verwandt mit Mambas.,0,[],[]
1273,Die Königspaare wurden 2008 in der St.,0,[],[]
3,Die Konsistenz des Schlamms nach dem Ausbruch von St.,0,[],[]
485,"Die Krankheit Englischer Schweiß wird auch genannt: Schweißfieber, Schweißsucht, pestis sudorosa oder Sudor Anglicus, Schweißkrankheit oder kalter Schweiß.",0,[],[]
1676,Die Krönung fand am 28.,0,[],[]
1020,Die Kubakrise befand sich 1962 auf dem Höhepunkt.,0,[],[]
1282,Die Kuomintang kehrte nach China nicht zurück.,0,[],[]
1729,Die Landung von Apollo 11 wurde von über 500 Millionen Menschen auf der ganzen Welt gesehen.,0,[],[]
478,Die Länge eines Orangespechts beträgt 26–29 cm.,0,[],[]
308,Die Legislative ist das Parlament.,0,[],[]
208,Die letzte 747-300 ging am 25.,0,[],[]
1284,"Die letzte Edition der aktuellen chinesischen Währung, des Renminbi, wurde 2004 herausgegeben, als die 1-Yuan-Note in Umlauf gebracht wurde.",0,[],[]
329,"Die Liftmaster ist im Pima Air & Space Museum bei Tucson, Arizona, begehbar ausgestellt.",0,[],[]
1538,Die linguistischen Daten werden in einem genau festgelegten XML-Format erstellt.,0,[],[]
263,Die Liste folgt bei den ausgestorbenen Vertretern weitgehend der Klassifizierung von Werdelin und Solounias (1991) sowie McKenna und Bell (1997).,0,[],[]
1301,"Die Lokalkomitees (LCs) sind dafür verantwortlich, den Kontakt zu den CEMS-Alumni und die Organisation von beruflichen und sozialen Aktivitäten zu übernehmen.",0,[],[]
1213,Die Madeira-Mamoré-Eisenbahn.,0,[],[]
11,Die Magdiwang-Fraktion und die Magdalo-Fraktion wurden während der Revolution gespalten.,0,[],[]
803,"Die männliche Beschneidung, auch Zirkumzision, wird meist aus religiösen und kulturellen Beweggründen durchgeführt, selten mit medizinischer Indikation.",0,[],[]
1559,Die männlichen Wehrpflichtigen in der Schweizer Armee sind im Alter zwischen 20 und 34 Jahren.,0,[],[]
1813,Die maximalen Spieler in einer Mannschaft sind 23.,0,[],[]
809,Die Mehrheit der Bevölkerung in Leeds bezeichnet sich als christlich.,0,[],[]
1983,"Die Mehrheit hoffte, die Macht durch fortgesetzte Agitation in den Betrieben und den Druck der ""Straße"" erringen zu können.",0,[],[]
588,"Die Mehrheitsaktionäre von Airlinair sind private Investoren zu etwa 80 % und Brit Air, eine Tochtergesellschaft der Air France-KLM, mit etwa 19 %.",0,[],[]
1828,Die meisten akademischen Institutionen der Akademie der Wissenschaften der Tschechischen Republik befinden sich in Prag.,0,[],[]
1079,Die meisten ausländischen Einwohner in Schweden kommen aus Finnland.,0,[],[]
26,Die meisten der vom Wright-Cyclone-Motor angetriebenen Hawk 75A-8 wurden an einen norwegischen Trainingsstützpunkt nahe Toronto in Kanada geliefert.,0,[],[]
1363,Die Mekka-Moschee (Mecca Masjid) von Hyderabad befindet sich im indischen Bundesstaat Telangana.,0,[],[]
788,"Die Methoden, die vor dem 802.1Q-Standard angewendet wurden, sind VLANs nach IEEE 802.1Q, Shortest Path Bridging, Ciscos Inter-Switch Link Protocol (ISL) oder auch 3Coms VLT (Virtual LAN Trunk) Tagging.",0,[],[]
1617,Die Militärakademie Sandhurst in Großbritannien.,0,[],[]
1156,"Die Mischung, die bei der Herstellung japanischer Nachnamen verwendet wird, ist die Kun-Lesung.",0,[],[]
856,"Die Mitgliedsländer des Ostsee-NRO-Forums sind Weißrussland, Dänemark, Estland, Finnland, Deutschland, Island, Lettland, Litauen, Polen, Russland, Norwegen und Schweden.",0,[],[]
999,"Die Modellreihen Sportster, Dyna und die Modelle der VRSC-Familie werden in Kansas City (Missouri) produziert.",0,[],[]
1022,Die mongolische Saiga (Saiga tatarica mongolica) kommt nur in der westlichen Mongolei vor.,0,[],[]
1710,"Die Motivation der anthropogenen Ära war die Vermutung, dass die menschliche Zivilisation zu Beginn des Holozäns entstanden ist.",0,[],[]
573,Die Motoren werden für militärische und zivile Luftfahrt- und Weltraumforschungsprogramme produziert.,0,[],[]
705,"Die Musikgattung, die für die Anwesenheit von Mohammed stand, war Orgelmusik.",0,[],[]
1014,"Die Mutter von Elizabeth Hurley, Angela Hurley, war eine anglikanische Lehrerin.",0,[],[]
1663,"Die Mythologie, aus der Callisto stammt, ist die griechische Mythologie.",0,[],[]
1498,"die nächtliche Beobachtung von Fledermäusen, genutzt.",0,[],[]
390,"Die Namen der sechs Hauptcharaktere der Show sind Rachel, Monica, Phoebe, Joey, Chandler und Ross.",0,[],[]
944,"Die NASA berichtete, dass unterirdische Wasserreservoirs dicht unter der Oberfläche des Mondes Enceladus gefunden wurden.",0,[],[]
689,Die Nationalbank Äthiopiens wurde am 15.,0,[],[]
1694,Die Nationalversammlung von St.,0,[],[]
1633,Die Nauru-Diät kann zu zwei Komplikationen führen: Diabetes mellitus und Fettleibigkeit.,0,[],[]
1815,Die Nektarvögel (Honigsauger) jagen für Honig.,0,[],[]
149,Die Nester der Art bestehen normalerweise aus einem kreisförmigen Stapel von Steinen.,0,[],[]
1824,"Die neubenannte Region, auf die das Resettlement-Gesetz angewandt wurde, ist Tunceli.",0,[],[]
589,Die neue Glocke wurde am 10.,0,[],[]
453,"Die neue Hauptfassade wurde entworfen, um als Hintergrund für das Victoria Memorial zu dienen, dem großen Marmordenkmal auf dem Vorplatz außerhalb des Haupttores.",0,[],[]
1388,Die NHAI (National Highway Authority of India) wurde in Indien gegründet.,0,[],[]
1389,Die NHAI wurde durch die Verabschiedung des National Highway Authority of India Act 1988 gegründet.,0,[],[]
971,Die Niederlassung in St.,0,[],[]
1898,"Die niedrigste Schätzung, wie viele Vögel auf Puerto Rico angesiedelt waren, als Christoph Kolumbus 1493 anlandete, beträgt 100.000 Individuen.",0,[],[]
1100,Die Normale Formate nach DIN 476 sind in den USA und Kanada nicht üblich.,0,[],[]
1999,"Die Normannen begannen, die adriatische Küste des Herzogtums Benevent zu erobern.",0,[],[]
1017,"Die notwendige Behandlungsmethode, um einen kranken oder gebrochenen Zahn zu retten, ist die Endodontie.",0,[],[]
1988,Die Novemberrevolution.,0,[],[]
1417,Die Oblast Astrachan liegt in Russland.,0,[],[]
1334,"Die offizielle Bezeichnung des Königreichs Jugoslawien war ""Staat der Slowenen, Kroaten und Serben"" bis 1929.",0,[],[]
1347,"Die offizielle Genehmigung der Videokodierungs-Standards H.264/MPEG-4 AVC erfolgte im Jahr 2003 von beiden Organisationen, der ITU und ISO/IEC MPEG, mit identischem Wortlaut.",0,[],[]
54,Die Oklahoma kehrte am 8.,0,[],[]
1369,Die Oktoberrevolution in Russland fand 1917 statt.,0,[],[]
1181,Die Oxidation versucht einen Teil oder den gesamten Kohlenstoff zusammen mit anderen Verunreinigungen zu oxidieren.,0,[],[]
964,"Die Oxidation von Ammoniak mittels molekularem Sauerstoff wird im ersten Schritt durch das Enzym Ammoniummonooxygenase (AMO) oxidiert, wodurch Ammoniak zu Hydroxylamin umgesetzt wird.",0,[],[]
29,Die P-36A war in der Seriennummer 38-010.,0,[],[]
836,Die Padma Awards werden jährlich am 26.,0,[],[]
1966,Die Parteiführer der SPD hielten die Handlungen des Rates für störend.,0,[],[]
1356,"Die Passagiere standen vor dem Problem, dass sie nach einer nicht erfolgreichen Landung in einem unwegsamen Gelände mit sehr wenig Proviant und ohne Karten waren und einen elf Tage dauernden Abstieg bewältigen mussten, um die nächste Siedlung zu erreichen.",0,[],[]
571,Die Peers’ Lobby.,0,[],[]
628,Die Plantage gehört Jack Barts.,0,[],[]
1551,"Die politische Situation, die zur Bildung des Zwei-Parteien-Systems in England führte, war die Auseinandersetzung um die Exclusion Bill, die 1679 kurz vor der Verabschiedung stand.",0,[],[]
1827,Die Positionen im Verwaltungsrat der KfW werden im jährlichen Wechsel vom Bundesminister der Finanzen und vom Bundesminister für Wirtschaft und Energie wahrgenommen.,0,[],[]
1231,Die Pressekonferenz fand am 16.,0,[],[]
293,Die Prinzessinnen wohnten fünf Jahre lang im Windsor Castle.,0,[],[]
375,Die Prinzipien der Mito-Schule basierten auf neo-konfuzianistischen und Shintō-Prinzipien.,0,[],[]
1203,Die Provinz Ituri befand sich in der ehemaligen Provinz Orientale in der Demokratischen Republik Kongo.,0,[],[]
159,Die Provinz liegt am nordöstlichen Rand von Thailand.,0,[],[]
273,"Die Provinz Trang ist in 10 Amphoe (Bezirke) gegliedert, die wiederum in 87 Tambon (Unterbezirke) und 697 Muban (Dörfer) unterteilt sind.",0,[],[]
1801,Die Pyramide war ursprünglich 49 m hoch.,0,[],[]
885,Die QS 9000 wurde von der ISO 9001 und der ISO/TS 16949 ersetzt.,0,[],[]
1683,Die Qualifikationsrunde endete am 15.,0,[],[]
1089,Die Queen Mary 2 traf am 22.,0,[],[]
1092,"Die Queen Mary 2 wird mit Energie für einen elektrischen Motor durch sechs elektrische Generatoren versorgt, die von vier Dieselmotoren und zwei Gasturbinen angetrieben werden.",0,[],[]
1268,"Die Quelle ""Lose; Kurzgeschichten, Edition Nove, Neckenmarkt 2007, ISBN 978-3-85251-197-9"" wurde im Jahr 2007 veröffentlicht.",0,[],[]
1671,"Die Quelle von Bosniens längstem Fluss, der Bosna, entspringt nahe der Hauptstadt Sarajevo.",0,[],[]
831,Die Querbinde der Königskobra ist hellbeig bis weißlich.,0,[],[]
1609,Die Rakete detonierte über der Erdatmosphäre von Washington D.C.,0,[],[]
1973,Die Räte wurden weitgehend ausgeschaltet.,0,[],[]
496,Die Ratte (Maus) ist das erste Tier im Sternzeichenzyklus.,0,[],[]
74,"Die Regierung war es wichtig, ihre Flotte wieder aufzubauen, weil sie erkannt hatte, dass die Abhängigkeit von anderen Mächten, wie Großbritannien und Dänemark, im Schleswig-Holsteinischen Krieg zu einem Scheitern geführt hatte.",0,[],[]
1311,Die Regressionsanalyse.,0,[],[]
1808,Die Republik von Kiribati hieß vorher die Gilbertinseln.,0,[],[]
992,Die Richard Dawkins Foundation for Reason and Science (RDFRS oder RDF) wurde im Jahre 2006 gegründet.,0,[],[]
852,Die Richter am Obersten Gerichtshof werden mit 65 Jahren in den Ruhestand.,0,[],[]
823,"Die Rivalen von Aston Villa sind Birmingham City, West Bromwich Albion, Coventry City, Wolverhampton Wanderers und FC Walsall.",0,[],[]
1088,"Die RMS Queen Mary 2 ist das einzige Passagierschiff, das als Kreuzfahrtschiff eingesetzt wird.",0,[],[]
1371,Die Rockband The Eagles wurde 1971 in Los Angeles gegründet.,0,[],[]
1841,Die Rue Royale-Bäckerei von Louis Ernest Ladurée brannte 1871 während der Pariser Kommune nieder.,0,[],[]
1912,Die San-Antonio-Brücke nach San Juan.,0,[],[]
162,Die Sänger von Odoru Akachan Ningen (Dancing Baby Humans) sind Kenji Otsuki und Fumihiko Kitsutaka.,0,[],[]
1375,Die Schaffung des Kantons Jura wurde am 1.,0,[],[]
1493,Die Schauspielerin Sofía Margarita Vergara Vergara wurde am 10.,0,[],[]
39,Die schematische Darstellung der einzelnen Kräfte auf der rechten Seite.,0,[],[]
216,Die Schleimhäute und Klauen sind dunkel gefärbt.,0,[],[]
535,Die Schnurrhaare werden am 17.,0,[],[]
487,Die Schweißkrankheit trat unabhängig von der Pest oder anderen bis dahin bekannten epidemischen Krankheiten auf.,0,[],[]
1562,"Die Sektion Acuminati liegt in nördliches Queensland, Neuguinea, Neubritannien und Borneo.",0,[],[]
1951,"Die Serie ""Modern Family"" erhielt am 8.",0,[],[]
59,"Die Single ""Emotions"" von Mariah Carey wurde bei den Grammy Awards 1992 in der Kategorie Best Female Pop Vocal Performance nominiert.",0,[],[]
843,"Die Single hieß ""Shame"".",0,[],[]
146,"Die Single, die nach ""Do You Know?",0,[],[]
565,Die Sitzungszimmer für die parlamentarischen Ausschüsse befinden sich im dritten und vierten Stock des Palace of Westminster.,0,[],[]
1600,Die Skala wurde 1974 von Graham Teasdale und Bryan J. Jennett entwickelt.,0,[],[]
643,Die Slowakei nahm erstmals bei den Olympischen Winterspielen 1994 mit einer Delegation von 42 Sportlern teil.,0,[],[]
306,Die Soldaten sind japanische Soldaten.,0,[],[]
956,Die Sonne ist eine lebenswichtige Energiequelle für den Planeten Erde.,0,[],[]
1407,Die Sozialistische LinksPartei (SLP) ist eine trotzkistische Kleinstpartei in Österreich.,0,[],[]
202,"Die Spielkonsole, auf der Dragon Quest VIII ursprünglich hergestellt wurde, ist die PlayStation 2.",0,[],[]
1470,Die Sprengsätze wurden gezündet in der Station Ploschtschad Wosstanija und in einem Zug der Linie 2 der Metro Sankt Petersburg zwischen den Stationen Sennaja Ploschtschad und Technologitscheski Institut.,0,[],[]
569,Die staatlichen Bestattungen finden in der Westminster Hall statt.,0,[],[]
7,Die Stadt Miaoli befindet sich auf Taiwan.,0,[],[]
1838,"Die Stadt Washington ist in die vier Quadranten Northwest (NW), Southwest (SW), Northeast (NE) und Southeast (SE) eingeteilt, deren Grenzen am Kapitol aufeinandertreffen.",0,[],[]
1806,Die Stadt wird nicht beschrieben.,0,[],[]
984,Die Stadt wurde auf Befehl von Eduard III.,0,[],[]
1168,"Die Stadtmauern von Jerusalem wurden 1219 vom Sultan Malik al-Mu‘azzam zerstört, nicht 1244.",0,[],[]
642,Die Stimme von OTTO wurde mittels der Sprachsynthese-Software MacInTalk von Apple generiert.,0,[],[]
1320,Die Streifen der Indischen Gazelle sind dunkelbraun.,0,[],[]
1802,"Die Substruktur wurde in einem tiefen, offenen Graben erbaut, bevor der Pyramidenkorpus errichtet wurde.",0,[],[]
45,Die Sumpfmeerkatze kann nach dem höchsten bekannten Lebensalter von 23 Jahren leben.,0,[],[]
93,Die sunnitische Muslimen sind mit etwa 89 % der Bevölkerung die dominanteste Religion in Usbekistan.,0,[],[]
184,"Die Tageslicht-Missionen der RB-45C endeten Anfang 1952, als sie für Nachtoperationen eingesetzt wurden.",0,[],[]
1001,Die Taktik mündete in ausgedehnten Arbeitsniederlegungen.,0,[],[]
715,"Die Technologie, die CBS 1940 für die erste Farbsendung einsetzte, war mit den damals vorhandenen Schwarz-Weiß-Fernsehern nicht kompatibel.",0,[],[]
49,"Die Technologien sind Möglichkeiten, den Effekt des Kohlenstoffausstoßes zu reduzieren, und stellen somit einen wichtigen Aspekt der Energiedebatte in Schottland dar.",0,[],[]
1086,Die Telegrafenleitung war 60 km lang.,0,[],[]
198,Die Temperatur im äußeren Halo beträgt rund 15.000 K.,0,[],[]
1806,"Die Texte sprechen über verschiedene Themen wie Wirtschaft, Personen, Motorsport, Strahlenschutz und Medizin, aber nicht über eine bestimmte Stadt.",0,[],[]
479,"Die tiefliegende Population von Orangespechten kann in Indien bis in 1700 m Höhe, in Sri Lanka bis in 1500 m und im Westen Myanmars bis etwa 915 m gefunden werden.",0,[],[]
482,"Die toten britischen Gefallenen wurden in einem Massengrab auf dem Grundstück beigesetzt, während die indischen Toten liegen gelassen wurden.",0,[],[]
380,Die Tschechoslowakei wurde 1918 als selbstständiger Staat gegründet.,0,[],[]
925,"Die Tuberkulose wurde in Wyoming, Nordamerika, in 17.000 Jahre alten Funden nachgewiesen.",0,[],[]
790,Die typische Größe von S. Stenophylla beträgt 10 bis 15 Millimeter lang und 5 bis 9 Millimeter breit.,0,[],[]
1805,"Die typische Nahrung eines Engelhais besteht aus Weichtieren, kleinen Fischen und Krebstieren.",0,[],[]
744,"Die Übersetzung für ""Sol"" ist ""Sonnentag"".",0,[],[]
1413,"Die Übersetzung von Malaria ist ""schlechte Luft"".",0,[],[]
1758,Die Uhren bestanden aus zwei Spiegeln.,0,[],[]
1655,Die Umbridae und Esocidae sind Familien von Hechtartigen (Esociformes).,0,[],[]
1529,Die Umfrage wurde im Jahr 2003 durchgeführt.,0,[],[]
1622,Die Unabhängigkeitsbewegungen und die Dekolonisation machten eine Vollendung unmöglich.,0,[],[]
1376,"Die UNESCO (United Nations Educational, Scientific and Cultural Organization) ist für die Erhaltung des Weltkulturerbes verantwortlich.",0,[],[]
1445,"Die UNITA-Rebellen in Angola und die Revolutionary United Front-Rebellen (RUF) in Sierra Leone handelten mit Konfliktdiamanten, um an Waffen zu kommen.",0,[],[]
768,Die Universität Heidelberg rangiert national auf dem ersten Platz im US-amerikanischen Global Universities Ranking des U.S.,0,[],[]
613,Die US Open 2007 wurden vom 27.,0,[],[]
318,"Die US-amerikanische Neuverfilmung ""My Sassy Girl – Unverschämt liebenswert"" wurde 2008 veröffentlicht.",0,[],[]
685,Die USA.,0,[],[]
1856,"Die Vandalen beteten zu Wodan, bevor sie in den Krieg zogen.",0,[],[]
1825,Die Vereinigten Arabischen Emirate haben Arabisch als offizielle Sprache.,0,[],[]
1450,"Die Vereinigten Staaten, gestützt durch die EU, Japan und andere Erste-Welt-Länder, drängten auf die Einbeziehung von TRIPS.",0,[],[]
918,Die Vergewaltigung.,0,[],[]
1720,Die Versorgungslinien im Nordwesten und entlang des Mekong sowie die Überlandstraße in die Republik Vietnam wurden von den Kräften der FANK abgeschnitten.,0,[],[]
401,Die Verwaltungshauptstadt von Grand Est ist Straßburg.,0,[],[]
1525,"Die violette Farbe des Amethysts reicht von einem sehr hellen, leicht rosafarbenen bis zu einem sehr dunklen Violett.",0,[],[]
65,Die Violettgraue Kapseleule gehört der Familie der Eulenfalter (Noctuidae) an.,0,[],[]
1916,"Die Völker, die im 19.",0,[],[]
575,Die von RT-Business Development LLC eingesetzte Strategie heißt Rostec-Strategie.,0,[],[]
1775,"Die Vorfahren der Vinzenzisten wurden auf die Insel gebracht, um die stark anwachsende Bevölkerung zu ernähren, indem neue Pflanzen wie die Brotfrucht eingeführt wurden.",0,[],[]
334,Die Wahlen fanden 1958 statt.,0,[],[]
1442,"Die Walt-Disney-Studios in Burbank, Kalifornien.",0,[],[]
953,"Die Weltgesundheitsorganisation schätzt, dass weltweit ungefähr 140 Millionen Menschen alkoholabhängig sind.",0,[],[]
1169,Die Western Wall Plaza wurde auf dem Gelände der ehemaligen Western Wall errichtet.,0,[],[]
1863,"Die westlichen Bücher werden im gleichen Format wie ein Bunkobon, also als Bunkoban (kurz ""Bunko""), gedruckt.",0,[],[]
1662,"Die wichtigsten Sehenswürdigkeiten von Barbados sind die Hauptstadt Bridgetown und der Hafen Deep Water Harbour, an dem die meisten Kreuzfahrtschiffe anlegen.",0,[],[]
51,Die Wirtschaft der entwickelten Welt verlässt sich im Moment sehr abhängig von billigen örtlich konzentrierten fossilen Brennstoffen.,0,[],[]
813,Die WWF World Tag Team Championship wurde zweimal von Bret Hart mit Jim Neidhart gehalten.,0,[],[]
1008,"Die Zahnseide wurde kommerziell erhältlich, nachdem die Firma Codman und Shurtleft 1882 mit der Herstellung von ungewachster Zahnseide begann.",0,[],[]
815,Die Zehn Bücher über Architektur.,0,[],[]
1984,"Die Zeitungen, die in den Tagen zuvor nicht nur zur Aufstellung weiterer Freikorps, sondern auch zum Mord an den Spartakisten aufgerufen hatten.",0,[],[]
686,"Die Zeremonie findet in Indien statt, genauer gesagt, die genaue Location wird nicht in den verfügbaren Informationen genannt.",0,[],[]
326,Die Zitadelle wurde 2011 zum UNESCO-Weltkulturerbe erklärt.,0,[],[]
1313,Die Zoroastrier haben im irakischen Kurdistan seit 2015 zwischen 100.000 und 200.000 Konvertiten vom Islam hinzugewonnen.,0,[],[]
776,Die Zusammenarbeit zwischen dem Discovery Channel und Bear Grylls wurde aufgrund von Vertragsstreitigkeiten im März 2012 beendet.,0,[],[]
1932,Die Zuschüsse werden größtenteils auf der Grundlage des Projekttyps und seiner zu erwartenden Ergebnisse vergeben.,0,[],[]
1429,Die zwei Asthma-Kategorien sind das allergische (extrinsische) Asthma und das nicht-allergische (intrinsische) Asthma.,0,[],[]
354,Die Zweite australische Imperial Force (AIF) begann mit über 20.000 Mann.,0,[],[]
153,Die zweite YF-17 (S/N 72-1570) flog am 21.,0,[],[]
1793,"Dilong bedeutet ""kaiserlicher Drache"".",0,[],[]
1947,Dimitris Manissalis war der Violinist von RCA.,0,[],[]
316,"Dirie lebte später in London, Mailand, Paris und New York.",0,[],[]
641,Dirk Sager war ein deutscher Journalist.,0,[],[]
615,Dr.,0,[],[]
921,Dr.,0,[],[]
679,"Drei verschiedene Messmethoden wurden entwickelt, um individuelle Unterschiede in Dankbarkeit zu messen: die Methode GQ6, die Einschätzungsskala und die Methode GRAT.",0,[],[]
111,Dschibuti befindet sich in Ostafrika an der Meerenge Bab al-Mandab.,0,[],[]
525,Dschingis Khan.,0,[],[]
440,Durch weitere Fertigungsstätten im Ausland wurden die Produkte weltweit erfolgreich.,0,[],[]
1267,"Ebner arbeitete als Übersetzer, Lehrer und in IT-Ausbildungsprojekten.",0,[],[]
292,"Edward VIII war verheiratet mit Wallis Simpson, einer geschiedenen Amerikanerin.",0,[],[]
1077,Ehrendoktor der Königlich Technischen Hochschule Stockholm.,0,[],[]
1328,"Ein Beispiel für ein altes Design für die tonganische Flagge war die ursprüngliche Flagge, die weiß mit einem roten Kreuz in der Mitte war.",0,[],[]
1724,Ein Benediktinerkloster wurde gebaut.,0,[],[]
1062,Ein Berg ist im Allgemeinen steiler als ein Hügel.,0,[],[]
1292,Ein Einakter besteht in der Regel in einem einzigen Akt.,0,[],[]
1396,"Ein elektrischer Kurzschluss tritt auf, wenn zwei Schaltungspunkte mit normalerweise verschiedenem Potential durch eine nahezu widerstandslose Verbindung verbunden werden.",0,[],[]
1034,Ein Endoskop (auch: Arthroskop) wird für eine Arthroskopie verwendet.,0,[],[]
949,Ein Eye Opener.,0,[],[]
403,"Ein offenes, gestrüppreiche Gebiet, möglichst nah an Fließgewässern, kann als zu bequemes Habitat für das Gelege des Cape Francolin passieren.",0,[],[]
1736,Ein Online-Dienst zur Speicherung von Bildern und Videos.,0,[],[]
602,"Ein Porträt ist ein künstlerisches Bildnis, das im engeren Sinn ein Abbild einer Person ist.",0,[],[]
1679,Ein Postflugzeug der Florida Airways aus Jacksonville (Florida) landete am 15.,0,[],[]
942,Ein primäres Offenwinkelglaukom kann zur Ansammlung von Pigment im Trabekelwerk des Kammerwinkels führen.,0,[],[]
833,Ein spezifisches Antiserum wurde 30 Stunden nach dem Biss verabreicht.,0,[],[]
926,Ein Viertel der Todesfälle in Frankreich im Jahre 1918 wurden durch Tuberkulose verursacht.,0,[],[]
947,"Eine Diagnose für Alkoholismus ist nach ICD-10 F10 ""Psychische und Verhaltensstörungen durch Alkohol"" und nach DSM-5 eine Störung im Zusammenhang mit Alkohol.",0,[],[]
254,Eine goldene Harfe ist für Irland/Nordirland.,0,[],[]
888,"Eine Mannschaft besteht in der Regel aus elf Spielern, von denen einer der Torwart ist.",0,[],[]
646,"Eine Meningitis kann durch verschiedene nicht-infektiöse Mechanismen verursacht werden, wie zum Beispiel durch hirnhautnahen Infektionen oder eine Endokarditis.",0,[],[]
460,Eine Militärkapelle spielte während der Zeremonie auf der Musikantengalerie.,0,[],[]
140,"Eine moderate Oligarchie befürwortete Thrasybulos, jedoch vom extremen Vorgehen der Verschwörer abgestoßen wurde.",0,[],[]
895,Eine mögliche Behandlung für Gallensteine ist die ERCP (endoskopisch-retrograde Cholangiopankreatikographie).,0,[],[]
1833,"Eine Person, die für die Regierung arbeitet und stark an den Frieden glaubt, heißt Asha Haji Elmi Amin.",0,[],[]
1238,"Eine seiner Errungenschaften ist die Flory-Huggins-Theorie, eine neuartige Methode, die vermutliche Größe eines Polymers in Lösung zu errechnen.",0,[],[]
805,Eine Siedlung wurde in den Chobe-Nationalpark verwandelt.,0,[],[]
1725,"Eine unumstößliche Regel der Unterwelt außer keinem Blutvergießen auf dem Boden von Continental ist, dass Schuldmünzen eingelöst werden müssen.",0,[],[]
1412,Eine Verbesserung der hygienischen und sozioökonomischen Lebensumstände zusammen mit einem ausreichenden Trinkwasserangebot würde zur Verminderung der Häufigkeit der Erkrankung beitragen.,0,[],[]
294,Einige Zeitungen wiesen oft und ausführlich auf seine ausländische Herkunft hin.“,0,[],[]
1875,Eisensterne.,0,[],[]
1465,"Elefanten kamen in Trockenzonen, in der Tiefland-Feuchtzone sowie auch in feuchtkalten, montanen Wäldern vor.",0,[],[]
296,Elisabeth.,0,[],[]
1061,Emma Lavinia Gifford.,0,[],[]
1438,Ende Januar 1767 kehrte Clive endgültig in seine Heimat zurück.,0,[],[]
735,"England spielte in den fast 40 Jahren fast ausschließlich gegen Schottland, Wales und Irland.",0,[],[]
252,England.,0,[],[]
542,Epoxidharz Leim.,0,[],[]
1489,Er arbeitete als Discjockey beim Radiosender KJOE in der nahe gelegenen Stadt Shreveport (Louisiana).,0,[],[]
863,Er ging auf das Keble College in Oxford und die Royal Grammar School in Worcester.,0,[],[]
1395,Er litt an Tuberkulose und verstarb im Alter von 34 Jahren.,0,[],[]
281,Er verfügte bei seiner Pensionierung 1987 über 43 Patente.,0,[],[]
978,"Er war 18 Jahre alt, als er mit seinem Vater nach Mumbai zog.",0,[],[]
294,Er war ein Prinz ohne Heimat und Königreich.,0,[],[]
1515,Er wurde am 12.,0,[],[]
1795,"Es besteht aus Reis (Bhat), ein Gemüsegericht (Tarkari) und ein Linsengericht (Dal).",0,[],[]
1448,Es geht auf das Jahr 2012 zurück.,0,[],[]
970,Es geht um den Untergang der östlichen Han-Dynastie und die Entstehung der Drei Reiche.,0,[],[]
1629,Es geht um die Frauen-Weltmeisterschaft.,0,[],[]
1809,Es gibt 21 bewohnte Inseln.,0,[],[]
590,"Es gibt 4 Viertelstundenglocken-Töne: # gis1, fis1, e1, h0.",0,[],[]
497,"Es gibt 53 Porträts von Bayramovs Frau Dunyagozel ""Gosel"" Ilyasova in seinem Werk ""Gosel"".",0,[],[]
122,"Es gibt 56 offiziell anerkannte Nationalitäten Chinas, von denen nur vier nicht unter den Einwohnern Tianjins vertreten sind.",0,[],[]
1799,"Es gibt Delphine, Meeresschildkröten, Barrakudas, Mantarochen, reichlich Thunfisch und viele andere Tiere.",0,[],[]
1865,"Es gibt eine drei Kilometer lange Rollbahn, die als Not-Start- und Landebahn nutzbar ist, und eine Start- und Landebahn, die drei Kilometer lang ist.",0,[],[]
1108,Es gibt flexible oder starre Zystoskope zur Verfügung.,0,[],[]
1121,"Es gibt fünf bewohnte Inseln: Baltra, Floreana, Isabela, San Cristóbal und Santa Cruz.",0,[],[]
1479,Es gibt in Proteinen vier hierarchisch angeordnete Strukturebenen.,0,[],[]
12,"Es gibt lediglich Informationen über das neue Flughafengebäude, das Frachtgebäude und den Tower, die zwischen 2001 und 2005 errichtet wurden.",0,[],[]
1192,Es gibt sechs Atollen und drei Inseln innerhalb von Tuvalu.,0,[],[]
1147,"Es kann aus Schwarzem Senf (Brassica nigra), Braunem indischem Senf (Brassica juncea) oder Weißem Senf (Sinapis alba) produziert werden.",0,[],[]
798,"Es werden jedoch einige Musiker als Nutzer von E-Basseffekten genannt, wie zum Beispiel Cliff Burton, Jaco Pastorius, John Myung, Geezer Butler und Doug Wimbish.",0,[],[]
1876,"Es wird geschätzt, dass es momentan 1080 Protonen im Universum gibt.",0,[],[]
1528,"Es wurde bei rechtlichen, administrativen und privaten Aufzeichnungen benutzt.",0,[],[]
1926,Es wurde nach Plänen des Architekten Theophil von Hansen in den Jahren 1864 bis 1868 erbaut.,0,[],[]
1102,"Escobars Frau, María Victoria Henao Vellejo, war 15 Jahre alt bei der Hochzeit im Jahr 1976.",0,[],[]
1402,Etwa 40 spanische Städte verfügen über einen Flughafen für Verkehrsmaschinen.,0,[],[]
130,Every Night debütierte auf Platz 43 der Gaon Singles Charts.,0,[],[]
106,Faroald II.,0,[],[]
849,Fatih Akin wohnt in Hamburg-Ottensen.,0,[],[]
848,Fatih Akin wurde am 25.,0,[],[]
1120,Februar 1832 von General José María Villamil für Ecuador in Besitz genommen.,0,[],[]
689,Februar 1906 als erste Bank im Kaiserreich Abessinien gegründet.,0,[],[]
1881,Februar 1931 in Göttingen.,0,[],[]
350,Februar 1980 in New York City.,0,[],[]
325,Felix Mendelssohn Bartholdy.,0,[],[]
1596,Florida,0,[],[]
1690,Florida.,0,[],[]
932,Foley.,0,[],[]
1606,Fouad Chehab starb am 25.,0,[],[]
1946,Frank Aleksander.,0,[],[]
1764,Frankreich und Russland haben mit Großbritannien und den USA gegen Deutschland und dessen verbündete Mittelmächte gekämpft.,0,[],[]
1794,Frankreich war 1949 Gründungsmitglied des Nordatlantikvertrages (NATO).,0,[],[]
489,"Frankreich, Italien und Süddeutschland.",0,[],[]
288,Frankreich.,0,[],[]
1317,Frye) und Stanley Cook.,0,[],[]
1788,Fußball-Asienmeisterschaft fand in der Zeit vom 2. bis zum 18.,0,[],[]
64,gab Xerxes seine Schwester Antiochis zur Frau.,0,[],[]
1377,Gabriela Mistral schrieb unter diesem Namen.,0,[],[]
687,"Garfield ist ein fetter, fauler, oft sarkastischer Kater.",0,[],[]
520,"Gebrauchsgegenstände wie Körbe, Geräte kombiniert aus Stein- und Knochenmaterial, Schmuck wie Perlenketten, Armreife, Anhänger und gelegentlich auch Tieropfer.",0,[],[]
1630,Gede ist nicht in den vorgelegten Texten erwähnt.,0,[],[]
1970,Gegen 20 Uhr.,0,[],[]
1197,Gegen Ende des Jahres 2000 wurden die ersten Betaversionen von.NET 1.0 veröffentlicht.,0,[],[]
1198,Gegen Ende des Jahres 2000 wurden die ersten Betaversionen von.NET 1.0 veröffentlicht.,0,[],[]
1319,gegründet wurde.,0,[],[]
1567,"Georgien befindet sich in Transkaukasien, östlich des Schwarzen Meeres und südlich des Großen Kaukasus, an der Grenze zwischen Europa und Asien.",0,[],[]
1273,Georgs-Kapelle auf Schloss Windsor verheiratet.,0,[],[]
173,geschützt und gefördert.,0,[],[]
1185,Ghalib starb im Februar.,0,[],[]
1176,Ghana,0,[],[]
1599,Gletscher.,0,[],[]
1850,Gold.,0,[],[]
1735,Google Photos war am 28.,0,[],[]
927,Görbersdorf,0,[],[]
910,Gottfried Wilhelm Leibniz.,0,[],[]
1575,Graf wurde wegen der Teilnahme am Munitionsarbeiterstreik kurzzeitig inhaftiert.,0,[],[]
46,"Greifvögel, Schlangen und Bonobos.",0,[],[]
1978,Groener.,0,[],[]
540,Grön eld.,0,[],[]
1767,Große OLED-Bildschirme sind momentan teurer in der Herstellung als TFT LCD.,0,[],[]
1434,Gründungsdirektor.,0,[],[]
1027,Guiyang befindet sich in der Provinz Guizhou.,0,[],[]
1026,Guiyang liegt auf einer Höhe von 1.070 Metern über dem Meeresspiegel (ü. NN).,0,[],[]
1964,Günther Victor von Schwarzburg Rudolstadt hat bis zum 25.,0,[],[]
128,Guttannen.,0,[],[]
546,Halcyon.,0,[],[]
382,Hana Mandlíková wurde in der Tschechoslowakei geboren.,0,[],[]
1762,"Hannes Meyer, genannt Hans Emil Meyer, war ein Schweizer Architekt und Urbanist.",0,[],[]
1048,Harriet Beecher Stowe wurde am 14.,0,[],[]
1138,"hat versucht, Präsident Reagan zu ermorden.",0,[],[]
624,Hattar wurde am 25.,0,[],[]
335,Hatun mayu.,0,[],[]
1057,"Hauptanbaugebiete der Kichererbse sind heute die Türkei, Nordafrika, Mexiko, Afghanistan, Indien, Australien, Pakistan und Spanien.",0,[],[]
409,Hawaii,0,[],[]
486,Heinrich VII.,0,[],[]
879,Heinrich VIII.,0,[],[]
880,Heinrich VIII.,0,[],[]
1038,Heinrich VIII.,0,[],[]
6,"Helens stieg zeitweise auf annähernd das Zehnfache an, um dann nach Wiederaufnahme der Nutzholzgewinnung wieder annähernd auf das Ausgangsniveau zurückzufallen.",0,[],[]
3,Helens war etwa wie flüssiger Beton.,0,[],[]
1777,Henutsen war möglicherweise begraben in der dritten Nebenpyramide (Pyramide G1-c) der Pyramidennekropole des Cheops in Gizeh.,0,[],[]
97,"Hermann Gmeiners Mutter starb, als er fünf Jahre alt war, im März 1925.",0,[],[]
440,"Hier kam besonders dem US-Markt besondere Bedeutung zu, der seit Anfang der 1960er Jahre zu Mercedes-Benz' größtem Auslandsmarkt wurde.",0,[],[]
1799,Hier kommen 26 der insgesamt 78 weltweit bekannten Walarten vor und ungefähr 580 verschiedene Korallen.,0,[],[]
1597,Hillary Clinton wurde von einigen DNC-Mitgliedern bevorzugt.,0,[],[]
1790,Houssay starb am 21.,0,[],[]
1318,Houston (Texas),0,[],[]
824,"HRH Prince Philip, Duke of Edinburgh.",0,[],[]
1069,Hüsamettin Çelebi war Rūmīs Nachfolger.,0,[],[]
186,Hussein Al Bashir in Zypern.,0,[],[]
794,"Hymen, der Gott der Heirat.",0,[],[]
1419,"Ian Gillan wurde 1989 erneut entlassen, weil er mit Ritchie Blackmore in Streit über die musikalische Ausrichtung geraten war.",0,[],[]
171,Ibrahim war der Direktor des Zentralgefängnisses von Istanbul.,0,[],[]
1734,Icanovic verlor gegen Kateryna Bondarenko im Endspiel der Juniorinnen in Wimbledon.,0,[],[]
2,Ich habe keine Antwort auf Ihre Frage.,0,[],[]
17,Ich habe keine Antwort auf Ihre Frage.,0,[],[]
56,Ich habe keine Antwort auf Ihre Frage.,0,[],[]
73,Ich habe keine Antwort auf Ihre Frage.,0,[],[]
75,Ich habe keine Antwort auf Ihre Frage.,0,[],[]
82,Ich habe keine Antwort auf Ihre Frage.,0,[],[]
83,Ich habe keine Antwort auf Ihre Frage.,0,[],[]
84,Ich habe keine Antwort auf Ihre Frage.,0,[],[]
88,Ich habe keine Antwort auf Ihre Frage.,0,[],[]
89,Ich habe keine Antwort auf Ihre Frage.,0,[],[]
92,Ich habe keine Antwort auf Ihre Frage.,0,[],[]
98,Ich habe keine Antwort auf Ihre Frage.,0,[],[]
127,Ich habe keine Antwort auf Ihre Frage.,0,[],[]
132,Ich habe keine Antwort auf Ihre Frage.,0,[],[]
151,Ich habe keine Antwort auf Ihre Frage.,0,[],[]
154,Ich habe keine Antwort auf Ihre Frage.,0,[],[]
175,Ich habe keine Antwort auf Ihre Frage.,0,[],[]
203,Ich habe keine Antwort auf Ihre Frage.,0,[],[]
205,Ich habe keine Antwort auf Ihre Frage.,0,[],[]
210,Ich habe keine Antwort auf Ihre Frage.,0,[],[]
221,Ich habe keine Antwort auf Ihre Frage.,0,[],[]
223,Ich habe keine Antwort auf Ihre Frage.,0,[],[]
224,Ich habe keine Antwort auf Ihre Frage.,0,[],[]
236,Ich habe keine Antwort auf Ihre Frage.,0,[],[]
262,Ich habe keine Antwort auf Ihre Frage.,0,[],[]
265,Ich habe keine Antwort auf Ihre Frage.,0,[],[]
270,Ich habe keine Antwort auf Ihre Frage.,0,[],[]
272,Ich habe keine Antwort auf Ihre Frage.,0,[],[]
282,Ich habe keine Antwort auf Ihre Frage.,0,[],[]
284,Ich habe keine Antwort auf Ihre Frage.,0,[],[]
295,Ich habe keine Antwort auf Ihre Frage.,0,[],[]
307,Ich habe keine Antwort auf Ihre Frage.,0,[],[]
317,Ich habe keine Antwort auf Ihre Frage.,0,[],[]
333,Ich habe keine Antwort auf Ihre Frage.,0,[],[]
352,Ich habe keine Antwort auf Ihre Frage.,0,[],[]
353,Ich habe keine Antwort auf Ihre Frage.,0,[],[]
368,Ich habe keine Antwort auf Ihre Frage.,0,[],[]
370,Ich habe keine Antwort auf Ihre Frage.,0,[],[]
379,Ich habe keine Antwort auf Ihre Frage.,0,[],[]
387,Ich habe keine Antwort auf Ihre Frage.,0,[],[]
427,Ich habe keine Antwort auf Ihre Frage.,0,[],[]
435,Ich habe keine Antwort auf Ihre Frage.,0,[],[]
441,Ich habe keine Antwort auf Ihre Frage.,0,[],[]
451,Ich habe keine Antwort auf Ihre Frage.,0,[],[]
475,Ich habe keine Antwort auf Ihre Frage.,0,[],[]
491,Ich habe keine Antwort auf Ihre Frage.,0,[],[]
514,Ich habe keine Antwort auf Ihre Frage.,0,[],[]
537,Ich habe keine Antwort auf Ihre Frage.,0,[],[]
555,Ich habe keine Antwort auf Ihre Frage.,0,[],[]
570,Ich habe keine Antwort auf Ihre Frage.,0,[],[]
580,Ich habe keine Antwort auf Ihre Frage.,0,[],[]
581,Ich habe keine Antwort auf Ihre Frage.,0,[],[]
586,Ich habe keine Antwort auf Ihre Frage.,0,[],[]
587,Ich habe keine Antwort auf Ihre Frage.,0,[],[]
591,Ich habe keine Antwort auf Ihre Frage.,0,[],[]
595,Ich habe keine Antwort auf Ihre Frage.,0,[],[]
633,Ich habe keine Antwort auf Ihre Frage.,0,[],[]
634,Ich habe keine Antwort auf Ihre Frage.,0,[],[]
635,Ich habe keine Antwort auf Ihre Frage.,0,[],[]
649,Ich habe keine Antwort auf Ihre Frage.,0,[],[]
651,Ich habe keine Antwort auf Ihre Frage.,0,[],[]
652,Ich habe keine Antwort auf Ihre Frage.,0,[],[]
666,Ich habe keine Antwort auf Ihre Frage.,0,[],[]
670,Ich habe keine Antwort auf Ihre Frage.,0,[],[]
680,Ich habe keine Antwort auf Ihre Frage.,0,[],[]
694,Ich habe keine Antwort auf Ihre Frage.,0,[],[]
696,Ich habe keine Antwort auf Ihre Frage.,0,[],[]
731,Ich habe keine Antwort auf Ihre Frage.,0,[],[]
737,Ich habe keine Antwort auf Ihre Frage.,0,[],[]
741,Ich habe keine Antwort auf Ihre Frage.,0,[],[]
746,Ich habe keine Antwort auf Ihre Frage.,0,[],[]
753,Ich habe keine Antwort auf Ihre Frage.,0,[],[]
755,Ich habe keine Antwort auf Ihre Frage.,0,[],[]
765,Ich habe keine Antwort auf Ihre Frage.,0,[],[]
770,Ich habe keine Antwort auf Ihre Frage.,0,[],[]
795,Ich habe keine Antwort auf Ihre Frage.,0,[],[]
816,Ich habe keine Antwort auf Ihre Frage.,0,[],[]
825,Ich habe keine Antwort auf Ihre Frage.,0,[],[]
835,Ich habe keine Antwort auf Ihre Frage.,0,[],[]
847,Ich habe keine Antwort auf Ihre Frage.,0,[],[]
853,Ich habe keine Antwort auf Ihre Frage.,0,[],[]
864,Ich habe keine Antwort auf Ihre Frage.,0,[],[]
882,Ich habe keine Antwort auf Ihre Frage.,0,[],[]
898,Ich habe keine Antwort auf Ihre Frage.,0,[],[]
902,Ich habe keine Antwort auf Ihre Frage.,0,[],[]
908,Ich habe keine Antwort auf Ihre Frage.,0,[],[]
912,Ich habe keine Antwort auf Ihre Frage.,0,[],[]
923,Ich habe keine Antwort auf Ihre Frage.,0,[],[]
929,Ich habe keine Antwort auf Ihre Frage.,0,[],[]
933,Ich habe keine Antwort auf Ihre Frage.,0,[],[]
935,Ich habe keine Antwort auf Ihre Frage.,0,[],[]
941,Ich habe keine Antwort auf Ihre Frage.,0,[],[]
946,Ich habe keine Antwort auf Ihre Frage.,0,[],[]
959,Ich habe keine Antwort auf Ihre Frage.,0,[],[]
973,Ich habe keine Antwort auf Ihre Frage.,0,[],[]
977,Ich habe keine Antwort auf Ihre Frage.,0,[],[]
989,Ich habe keine Antwort auf Ihre Frage.,0,[],[]
994,Ich habe keine Antwort auf Ihre Frage.,0,[],[]
998,Ich habe keine Antwort auf Ihre Frage.,0,[],[]
1012,Ich habe keine Antwort auf Ihre Frage.,0,[],[]
1024,Ich habe keine Antwort auf Ihre Frage.,0,[],[]
1025,Ich habe keine Antwort auf Ihre Frage.,0,[],[]
1043,Ich habe keine Antwort auf Ihre Frage.,0,[],[]
1052,Ich habe keine Antwort auf Ihre Frage.,0,[],[]
1076,Ich habe keine Antwort auf Ihre Frage.,0,[],[]
1081,Ich habe keine Antwort auf Ihre Frage.,0,[],[]
1091,Ich habe keine Antwort auf Ihre Frage.,0,[],[]
1101,Ich habe keine Antwort auf Ihre Frage.,0,[],[]
1119,Ich habe keine Antwort auf Ihre Frage.,0,[],[]
1124,Ich habe keine Antwort auf Ihre Frage.,0,[],[]
1131,Ich habe keine Antwort auf Ihre Frage.,0,[],[]
1133,Ich habe keine Antwort auf Ihre Frage.,0,[],[]
1136,Ich habe keine Antwort auf Ihre Frage.,0,[],[]
1137,Ich habe keine Antwort auf Ihre Frage.,0,[],[]
1139,Ich habe keine Antwort auf Ihre Frage.,0,[],[]
1143,Ich habe keine Antwort auf Ihre Frage.,0,[],[]
1149,Ich habe keine Antwort auf Ihre Frage.,0,[],[]
1151,Ich habe keine Antwort auf Ihre Frage.,0,[],[]
1162,Ich habe keine Antwort auf Ihre Frage.,0,[],[]
1174,Ich habe keine Antwort auf Ihre Frage.,0,[],[]
1188,Ich habe keine Antwort auf Ihre Frage.,0,[],[]
1194,Ich habe keine Antwort auf Ihre Frage.,0,[],[]
1199,Ich habe keine Antwort auf Ihre Frage.,0,[],[]
1215,Ich habe keine Antwort auf Ihre Frage.,0,[],[]
1217,Ich habe keine Antwort auf Ihre Frage.,0,[],[]
1221,Ich habe keine Antwort auf Ihre Frage.,0,[],[]
1239,Ich habe keine Antwort auf Ihre Frage.,0,[],[]
1244,Ich habe keine Antwort auf Ihre Frage.,0,[],[]
1259,Ich habe keine Antwort auf Ihre Frage.,0,[],[]
1261,Ich habe keine Antwort auf Ihre Frage.,0,[],[]
1263,Ich habe keine Antwort auf Ihre Frage.,0,[],[]
1272,Ich habe keine Antwort auf Ihre Frage.,0,[],[]
1275,Ich habe keine Antwort auf Ihre Frage.,0,[],[]
1285,Ich habe keine Antwort auf Ihre Frage.,0,[],[]
1286,Ich habe keine Antwort auf Ihre Frage.,0,[],[]
1290,Ich habe keine Antwort auf Ihre Frage.,0,[],[]
1305,Ich habe keine Antwort auf Ihre Frage.,0,[],[]
1327,Ich habe keine Antwort auf Ihre Frage.,0,[],[]
1332,Ich habe keine Antwort auf Ihre Frage.,0,[],[]
1355,Ich habe keine Antwort auf Ihre Frage.,0,[],[]
1362,Ich habe keine Antwort auf Ihre Frage.,0,[],[]
1366,Ich habe keine Antwort auf Ihre Frage.,0,[],[]
1372,Ich habe keine Antwort auf Ihre Frage.,0,[],[]
1378,Ich habe keine Antwort auf Ihre Frage.,0,[],[]
1381,Ich habe keine Antwort auf Ihre Frage.,0,[],[]
1391,Ich habe keine Antwort auf Ihre Frage.,0,[],[]
1397,Ich habe keine Antwort auf Ihre Frage.,0,[],[]
1414,Ich habe keine Antwort auf Ihre Frage.,0,[],[]
1421,Ich habe keine Antwort auf Ihre Frage.,0,[],[]
1430,Ich habe keine Antwort auf Ihre Frage.,0,[],[]
1431,Ich habe keine Antwort auf Ihre Frage.,0,[],[]
1454,Ich habe keine Antwort auf Ihre Frage.,0,[],[]
1455,Ich habe keine Antwort auf Ihre Frage.,0,[],[]
1462,Ich habe keine Antwort auf Ihre Frage.,0,[],[]
1467,Ich habe keine Antwort auf Ihre Frage.,0,[],[]
1473,Ich habe keine Antwort auf Ihre Frage.,0,[],[]
1486,Ich habe keine Antwort auf Ihre Frage.,0,[],[]
1496,Ich habe keine Antwort auf Ihre Frage.,0,[],[]
1504,Ich habe keine Antwort auf Ihre Frage.,0,[],[]
1512,Ich habe keine Antwort auf Ihre Frage.,0,[],[]
1536,Ich habe keine Antwort auf Ihre Frage.,0,[],[]
1544,Ich habe keine Antwort auf Ihre Frage.,0,[],[]
1546,Ich habe keine Antwort auf Ihre Frage.,0,[],[]
1549,Ich habe keine Antwort auf Ihre Frage.,0,[],[]
1561,Ich habe keine Antwort auf Ihre Frage.,0,[],[]
1564,Ich habe keine Antwort auf Ihre Frage.,0,[],[]
1568,Ich habe keine Antwort auf Ihre Frage.,0,[],[]
1582,Ich habe keine Antwort auf Ihre Frage.,0,[],[]
1611,Ich habe keine Antwort auf Ihre Frage.,0,[],[]
1615,Ich habe keine Antwort auf Ihre Frage.,0,[],[]
1619,Ich habe keine Antwort auf Ihre Frage.,0,[],[]
1630,Ich habe keine Antwort auf Ihre Frage.,0,[],[]
1645,Ich habe keine Antwort auf Ihre Frage.,0,[],[]
1654,Ich habe keine Antwort auf Ihre Frage.,0,[],[]
1656,Ich habe keine Antwort auf Ihre Frage.,0,[],[]
1661,Ich habe keine Antwort auf Ihre Frage.,0,[],[]
1664,Ich habe keine Antwort auf Ihre Frage.,0,[],[]
1665,Ich habe keine Antwort auf Ihre Frage.,0,[],[]
1682,Ich habe keine Antwort auf Ihre Frage.,0,[],[]
1692,Ich habe keine Antwort auf Ihre Frage.,0,[],[]
1693,Ich habe keine Antwort auf Ihre Frage.,0,[],[]
1696,Ich habe keine Antwort auf Ihre Frage.,0,[],[]
1713,Ich habe keine Antwort auf Ihre Frage.,0,[],[]
1717,Ich habe keine Antwort auf Ihre Frage.,0,[],[]
1752,Ich habe keine Antwort auf Ihre Frage.,0,[],[]
1759,Ich habe keine Antwort auf Ihre Frage.,0,[],[]
1765,Ich habe keine Antwort auf Ihre Frage.,0,[],[]
1774,Ich habe keine Antwort auf Ihre Frage.,0,[],[]
1781,Ich habe keine Antwort auf Ihre Frage.,0,[],[]
1784,Ich habe keine Antwort auf Ihre Frage.,0,[],[]
1787,Ich habe keine Antwort auf Ihre Frage.,0,[],[]
1791,Ich habe keine Antwort auf Ihre Frage.,0,[],[]
1832,Ich habe keine Antwort auf Ihre Frage.,0,[],[]
1834,Ich habe keine Antwort auf Ihre Frage.,0,[],[]
1836,Ich habe keine Antwort auf Ihre Frage.,0,[],[]
1848,Ich habe keine Antwort auf Ihre Frage.,0,[],[]
1859,Ich habe keine Antwort auf Ihre Frage.,0,[],[]
1872,Ich habe keine Antwort auf Ihre Frage.,0,[],[]
1879,Ich habe keine Antwort auf Ihre Frage.,0,[],[]
1890,Ich habe keine Antwort auf Ihre Frage.,0,[],[]
1893,Ich habe keine Antwort auf Ihre Frage.,0,[],[]
1906,Ich habe keine Antwort auf Ihre Frage.,0,[],[]
1907,Ich habe keine Antwort auf Ihre Frage.,0,[],[]
1908,Ich habe keine Antwort auf Ihre Frage.,0,[],[]
1981,Ich habe keine Antwort auf Ihre Frage.,0,[],[]
1985,Ich habe keine Antwort auf Ihre Frage.,0,[],[]
1861,Ihr Vater arbeitete als Ingenieur.,0,[],[]
1248,Ilam.,0,[],[]
1389,Im Februar 1995 wurde die Agentur formell selbständig.,0,[],[]
470,Im Jahr 1784 wurde das Ratsgremium auf drei Mitglieder verkleinert.,0,[],[]
1401,Im Jahr 1981 erfolgte ein Putschversuch von rechten Militärs und Teilen der paramilitärischen Guardia Civil gegen die demokratische Regierung.,0,[],[]
796,"Im Jahr 2002 trat Imran Khan im Wahlkreis seiner Heimatstadt Mianwali bei Wahlen zum nationalen Parlament an und wurde Abgeordneter zur Nationalversammlung (Member of Parliament, kurz MP).",0,[],[]
984,im Jahre 1336 niedergebrannt.,0,[],[]
1253,Im Jahre 2020 werden die Menschen im Boxring durch Roboter ersetzt.,0,[],[]
1258,"Im Januar 2002 musste Mustaine ins Krankenhaus gehen, um sich einen Nierenstein entfernen zu lassen.",0,[],[]
1992,Im März 1010 traf Basilius Mesardonites mit Verstärkung ein.,0,[],[]
24,Im März 1942 wurden zehn USAAC P-36A nach Brasilien überführt.,0,[],[]
1325,Im Minneapolis Institute of Arts sind über 80.000 Ausstellungsstücke zu sehen.,0,[],[]
1603,"Im Nordosten des Nildeltas bei Sais, wo sich das Heiligtum der Göttin Neith befand.",0,[],[]
894,"Im Oberbauch, der auch in den Rücken oder die rechte Schulter ausstrahlen kann.",0,[],[]
1803,Im östlichen Teil des Totentempels wurde während der 26.,0,[],[]
698,Imago Mortis.,0,[],[]
988,"In Aberdeen gab es traditionell Fischfang, Textilfabriken, Schiffbau und Papierindustrie.",0,[],[]
44,In dem Spiel werden neben Dialogen Musik und Klangeffekte verwendet.,0,[],[]
1799,In der Celebessee gibt es eine reichhaltige maritime noch weitgehend unbekannte Tier- und Pflanzenwelt.,0,[],[]
675,In der Religion wird Dankbarkeit als wertvolle menschliche Neigung gesehen.,0,[],[]
313,In der traditionellen chinesischen Geschichtsschreibung wird das Ausrufen des ersten Äranamens Jiànyuán genannt.,0,[],[]
841,In einem roten Ferrari befand sich der Börsenmakler.,0,[],[]
1057,In Indien sind Kichererbsen nach wie vor ein wichtiges Grundnahrungsmittel.,0,[],[]
269,In Japan könnten Soldaten Eliten sein.,0,[],[]
745,In jedem Viertel der Monate 1-5 gibt es 28 Sol.,0,[],[]
810,"In Leeds gibt es die A-Straßen A58, A61, A62, A63, A64, A65 und A660, außerdem einen Innenstadtring und einen Außenring.",0,[],[]
1295,"In seiner Autobiographie ""Silent Gesture"" schrieb Smith, dass der Gruß nicht der ""Black-Power""-Gruß war, sondern ein Gruß für die allgemeinen Menschenrechte.",0,[],[]
425,Indien.,0,[],[]
1237,Indien.,0,[],[]
1358,Indien.,0,[],[]
617,Indische Nationalität.,0,[],[]
1509,"Indravarman I. ließ den ersten Baray errichten, um das Wasser, welches während der Monsunzeit vom Himmel regnete, zu sammeln und in der Dürrezeit durch Kanäle zu den Feldern zu leiten.",0,[],[]
807,Infektiöse Pleuropneumonie der Rinder (CBPP).,0,[],[]
1959,Ins Landesinnere.,0,[],[]
372,Insbesondere in der industriellen Revolution waren deutschsprachige Forscher maßgeblich beteiligt und haben die wirtschaftliche Leistungsfähigkeit verschiedenster Industrien und den Wissenstransfer in die Praxis vorangetrieben.,0,[],[]
726,Iowa.,0,[],[]
167,Irmgard Möller wurde mit vier Messerstichen in der Herzgegend gestochen.,0,[],[]
1112,"Isaac Vivian Richards war ein ehemaliger Cricketspieler, der für das West Indies Cricket Team spielte.",0,[],[]
743,Italien.,0,[],[]
1891,Italien.,0,[],[]
1733,Ivanović trainierte während der Bombardierungen Jugoslawiens durch die NATO 1999 in einem umgebauten Schwimmbad im Belgrader Sportcenter.,0,[],[]
1447,Jahrhundert endete am 31.,0,[],[]
672,Jahrhundert geschrieben.,0,[],[]
1916,"Jahrhundert um die Freiheit gerungen haben, sind die Puerto Ricaner.",0,[],[]
449,Jahrhundert wurde hauptsächlich durch die Architekten John Nash und Edward Blore durchgeführt.,0,[],[]
671,Jahrhunderts.,0,[],[]
1555,Jakob landete im März 1689 in Irland.,0,[],[]
437,James McAvoy wurde aufgrund seines Aussehens zunächst abgelehnt.,0,[],[]
1554,James the be-shitten.,0,[],[]
909,Januar 1943 im Alter von 86 Jahren im Hotel New Yorker.,0,[],[]
1885,Januar 1957 geboren.,0,[],[]
1210,Januar 1964 geboren.,0,[],[]
1375,"Januar 1979 vollendet, als er in die Souveränität trat.",0,[],[]
1870,Januar 1986 den Europäischen Gemeinschaften (EG) bei.,0,[],[]
311,Januar 1992 geboren.,0,[],[]
1425,Januar 2004.,0,[],[]
663,Januar 2005 als Trio zusammen auf und ging noch im selben Jahr auf Tour.,0,[],[]
1475,Januar 2005 in Mumbai gestorben.,0,[],[]
1515,Januar 2007 zum Chef (Chief Advisor) der Übergangsregierung ernannt.,0,[],[]
1835,Januar 2012 angesetzt.,0,[],[]
836,"Januar an zumeist indische Bürger für ihre Leistungen auf vielfältigen Gebieten, wie Kunst, Wissenschaft, Sport, Wirtschaft und Ähnlichem verliehen.",0,[],[]
1858,Januzaj begann mit dem Fußballspielen beim FC Brüssel und kam 2005 im Alter von zehn Jahren zum RSC Anderlecht.,0,[],[]
1857,Januzaj wurde in Brüssel geboren.,0,[],[]
1193,Japan.,0,[],[]
1386,Jeder Bahnhof wurde mit einem unverwechselbaren Design versehen und die Wandmalereien wurden von indischen Hochschulstudenten entworfen.,0,[],[]
1337,Jim Clark war der Sheriff in Selma.,0,[],[]
1039,"Jogging ist eine Form des Freizeit- oder Laufsports, bei der durch gemächliche Dauerläufe die Kondition (Ausdauer) gesteigert wird.",0,[],[]
1885,John Lasseter ist am 12.,0,[],[]
1340,John Lewis wurde bewusstlos geschlagen und in Sicherheit gezerrt.,0,[],[]
361,John Perring beschrieb die Mastabat al-Firʿaun als Erster.,0,[],[]
1138,"John Warnock Hinckley, Jr.",0,[],[]
1686,"John Willard Milnor wurde in Orange, New Jersey, geboren.",0,[],[]
1792,"Jon Hamm lieh seiner Stimme dem Erfinder Herb Overkill, dem Ehemann von Scarlet Overkill, gespielt von Sandra Bullock.",0,[],[]
1004,Jonathan Nolan ist der Co-Autor der meisten von Christopher Nolans Filmen.,0,[],[]
1820,"Jöns Jakob Berzelius kam auf das Wort ""Protein"".",0,[],[]
792,Juli 1884.,0,[],[]
1424,Juli 1894 geboren.,0,[],[]
972,Juli 1914 geboren.,0,[],[]
1493,Juli 1972 in Barranquilla geboren.,0,[],[]
1010,Juli 1986 geboren.,0,[],[]
730,Juli 2011 auf Syfy.,0,[],[]
321,Juli 2017 unterzeichnet.,0,[],[]
355,"Juli gegen italienische Schiffe, nämlich die leichten Kreuzer RN Bartolomeo Colleoni und RN Giovanni delle Bande Nere.",0,[],[]
54,Juli nach New York zurück.,0,[],[]
1048,"Juni 1811 in Litchfield, Connecticut, geboren.",0,[],[]
1676,Juni 1838 in der Westminster Abbey statt.,0,[],[]
903,Juni 1932 in Genf unter dem Namen „Fédération Internationale de Basketball Amateur“ gegründet.,0,[],[]
131,Juni 1939 in San Pedro ein.,0,[],[]
1019,Juni 1959 in La Cabaña.,0,[],[]
419,Juni 1967 von der Liste der US Navy entfernt.,0,[],[]
1631,Juni 2018 zu Inter Mailand.,0,[],[]
626,Juni-Plan ist auch als Mountbattenplan bekannt.,0,[],[]
972,Jyoti Basu wurde am 8.,0,[],[]
1437,Kaiser Aurangzeb des Mughal-Reichs starb 1707.,0,[],[]
1763,Kap Fligely auf der Rudolf-Insel (Ostrow Rudolfa) wird zu Asien gezählt.,0,[],[]
1114,Karan Johar.,0,[],[]
1822,Karl Albrecht diente in der Wehrmacht und nahm am Krieg gegen die Sowjetunion teil.,0,[],[]
1189,"Karp begann, HTML zu lernen, mit 11 Jahren.",0,[],[]
1638,Kasachstan ist gemessen an der Fläche der neuntgrößte Staat der Erde.,0,[],[]
1011,Kasparian wuchs als Tochter armenischer Einwanderer im Stadtteil Reseda im San Fernando Valley auf.,0,[],[]
1501,Kate Elizabeth Winslet ist britische Staatsangehörigkeit.,0,[],[]
1310,Kathleen Gertrud Ferrier.,0,[],[]
392,Kathy.,0,[],[]
1059,Khan starb am 28.,0,[],[]
1060,"Kipling schrieb bis in die frühen 1930er Jahre hinein, auch wenn der Erfolg immer mehr ausblieb.",0,[],[]
1694,Kitts und drei für Nevis vorgesehen.,0,[],[]
1747,Kohl trat als Ministerpräsident zurück.,0,[],[]
448,Königin Elisabeth II.,0,[],[]
1556,Konon.,0,[],[]
412,Kool & the Gang,0,[],[]
527,Kornijenko graduierte 1987 am Moskauer Luftfahrtinstitut.,0,[],[]
528,Kornijenko war in den 1990er Jahren in der privaten Wirtschaft beschäftigt.,0,[],[]
1335,Kosovo nahm zum ersten Mal als unabhängiges Team an den Olympischen Sommerspielen 2016 teil.,0,[],[]
42,Kreuzer oder kleineren Schiffstypen.,0,[],[]
1542,Krishna war der Name von Rani Mukerjis Mutter.,0,[],[]
268,Kurgane.,0,[],[]
1624,Kurz nach der Thronbesteigung wäre Baka überraschend verstorben und das Bauprojekt für sein Grab frühzeitig aufgegeben worden.,0,[],[]
1860,Lagos,0,[],[]
1826,Lamm und Schaf werden gegenüber Ziegen- und Rindfleisch bevorzugt.,0,[],[]
129,"LE, eine Untergrundrapperin und Songwriterin, die unter dem Namen Elly auftrat, trat der Gruppe EXID nach den drei Ursprungsmitgliedern Hani, Haeryeong und Junghwa bei.",0,[],[]
1526,Lech Wałęsa wurde am 29.,0,[],[]
215,Lee Dixon und Nigel Winterburn.,0,[],[]
1535,Lenard ist in Messelhausen gestorben.,0,[],[]
1993,Leo Tornikios Kontoleon wurde als Nachfolger Basils bestimmt.,0,[],[]
1716,Leonid Breschnew.,0,[],[]
1977,Leuna befindet sich bei Merseburg.,0,[],[]
1737,Longwood House.,0,[],[]
1586,Lord Mountbatten war der letzte britische Vizekönig des Staates.,0,[],[]
1607,Lübeck trat 1937 dem preußischen Territorium bei.,0,[],[]
349,Ludwig V. starb am 21.,0,[],[]
337,Lycopin wird als rote Lebensmittelfarbe als Carotinoid deklariert und zur Koloration von Lebensmitteln verwendet.,0,[],[]
1810,Lynette,0,[],[]
976,Mahershalalhashbaz Gilmore.,0,[],[]
784,"Mai 1298, die Fertigstellung 1448.",0,[],[]
931,Mai 1859 geboren.,0,[],[]
1206,Mai 1913 in Rawalpindi geboren.,0,[],[]
53,Mai 1916 das Kommando auf der USS Oklahoma (BB-37).,0,[],[]
1819,Mai 1948.,0,[],[]
320,Mai 1952 in seinen heutigen Namen geändert.,0,[],[]
1735,Mai 2015 im Rahmen der Google I/O verfügbar.,0,[],[]
178,Mai 2016 und in Deutschland bereits am 25.,0,[],[]
178,Mai 2016.,0,[],[]
1903,Mai 2018.,0,[],[]
349,Mai 987.,0,[],[]
1364,Mai.,0,[],[]
357,Major General Gordon Bennett.,0,[],[]
985,Man kann auf der A944 außer über Westhill noch nach Westen durch Alford kommen.,0,[],[]
227,Manfred Curbach ist Mitglied des Vorstands und des Forschungsbeirates des Deutschen Ausschusses für Stahlbeton (DAfStb).,0,[],[]
432,"Männchen sind schwarz gefärbt mit Ausnahme der weißen Augenbrauen, während Weibchen graubraun mit dunkelbraunen Wangen und einem weißen Ring um das gesamte Gesicht gefärbt sind.",0,[],[]
952,"Männer und Frauen, insbesondere 10 bis 20 % der Männer und fünf bis zehn Prozent der Frauen in den Vereinigten Staaten und Europa, sind in der Risikogruppe für Alkoholismus.",0,[],[]
548,Marga Faulstich war eine deutsche Chemikerin.,0,[],[]
554,Marga Faulstich wurde 1973 für ihre Erfindung des Leichtgewichts-Brillenglases Schwerflint 64 (SF 64) mit der IR-100-Medaille der Industrial Research Incorporation in Chicago geehrt.,0,[],[]
1552,"Maria, die Tochter Jakobs II., wurde Königin.",0,[],[]
732,Mariko wird neue Inhaberin der Yashida Corporation.,0,[],[]
294,"Marion Crawford schrieb: „Einige königliche Berater meinten, er sei nicht gut genug für sie.",0,[],[]
311,Marnick Danny Vermijl wurde am 13.,0,[],[]
622,"Marokko nahm sechsmal an den Olympischen Winterspielen teil: 1968, 1984, 1988, 1992, 2010 und 2014.",0,[],[]
585,Maruti wurde 1981 als Joint Venture zwischen Suzuki und der indischen Regierung gegründet.,0,[],[]
772,Mary Stevenson Cassatt starb 1926.,0,[],[]
932,"Mary, geb.",0,[],[]
822,"Mary's, bei dem die Regeln eine Mischung aus Rugby und Fußball waren.",0,[],[]
233,März 1900 fertiggestellt.,0,[],[]
758,März 1928 in London.,0,[],[]
782,März 1931 gezeichnet von Rex Maxon in den nordamerikanischen Zeitungen veröffentlicht.,0,[],[]
1524,"März berichtete The Hollywood Reporter, dass Dominic Fumusa für die Rolle des John „Tig“ Tiegen unterzeichnet hatte.",0,[],[]
206,Masaryk trat am 14.,0,[],[]
751,Medieneinheiten auf 166 Lauf-Kilometern an Regalen.,0,[],[]
1636,"Memphis, Tennessee.",0,[],[]
339,Mevalonsäure.,0,[],[]
351,Michail Kasjanow.,0,[],[]
1198,"Microsoft begann mit der Entwicklung des.NET Frameworks in den späten 1990ern, ursprünglich unter dem Namen der Next Generation Windows Services (NGWS).",0,[],[]
1699,Minnesota.,0,[],[]
118,Misserfolg.,0,[],[]
1785,Mit dem Übereinkommen wurden mehrere internationale Institutionen geschaffen.,0,[],[]
1409,Mit Hilfe eines einfachen Linien-Webbrowsers konnten anfänglich nur Textseiten des World Wide Web ausgelesen werden.,0,[],[]
421,Mohammad Jawad.,0,[],[]
188,Mohsen wurde in Cannes ermordet.,0,[],[]
125,Monobazus II.,0,[],[]
1715,Moskau.,0,[],[]
639,Mount Everest.,0,[],[]
1511,Mukai ist japanische Astronautin.,0,[],[]
1109,München.,0,[],[]
266,Myanmar (1.800 km),0,[],[]
1660,Nach Abschluss der Pflichtschule machen die Schüler z. B. eine GCSE-Prüfung und bilden sich anschließend für etwa zwei Jahre weiter.,0,[],[]
1866,"Nach dem Attentat zog die Familie des Zaren nach dem festungsartigen Schloss Gattschina um, um aus Sicherheitsgründen.",0,[],[]
62,Nach dem Tod Alexanders des Großen im Jahr 323 v. Chr.,0,[],[]
173,"Nach dem Tode des Heiligen Martinian, eines Schülers des Heiligen Kirill, wurde das Ferapontow-Kloster durch die Mitglieder der Familie Iwans III.",0,[],[]
881,Nach den Schätzungen sind in den USA etwa 16 Millionen Menschen an einer COPD erkrankt.,0,[],[]
983,"Nach den Texten begann ein größerer Ausbruch der Pest im Jahre 1647, als ein Viertel der Bevölkerung getötet wurde.",0,[],[]
1899,"Nach den Texten nahm die Bevölkerungszahl auf Puerto Rico beträchtlich zu, nachdem die Besiedlungsdichte auf der Insel stark anstieg, nach 1650.",0,[],[]
730,Nach den verfügbaren Informationen begann die Ausstrahlung der ersten Staffel am 11.,0,[],[]
951,Nach der American Medical Association (AMA) ist Alkohol eine Droge.,0,[],[]
338,Nach der Desaturierung wird Phytoen zu Lycopin umgesetzt.,0,[],[]
498,Nach seinem Abschluss an der Kunstfachhochschule 1965 trat Bayramov dem Verband der bildenden Künstler der UdSSR bei und begann seine Karriere als professioneller Künstler.,0,[],[]
1867,"Nachdem Nihigas Videos entfernt wurden, wurde der Kanal vorläufig gesperrt.",0,[],[]
1344,Nader und Simin – Eine Trennung.,0,[],[]
1370,Nadeschda Krupskaja.,0,[],[]
623,"Nahed Hattar entstammte einer christlich-arabischen Familie, bezeichnete sich jedoch als nicht gläubig bzw.",0,[],[]
1631,Nainggolan wechselte am 26.,0,[],[]
779,Nape war nur eine Woche im Amt.,0,[],[]
1738,Napoleon III.,0,[],[]
402,NARAS-Mitglieder.,0,[],[]
271,Nationalpark Mu Ko Phetra.,0,[],[]
904,Neerja Bhanot starb im Jahr 1986.,0,[],[]
855,"Nein, der Welttag der Nichtregierungsorganisationen wurde von den Vereinten Nationen erst im Jahre 2014 anerkannt.",0,[],[]
706,"Nein, im Film ist der Prophet Muhammad nicht zu hören, seine Worte werden von anderen zitiert.",0,[],[]
124,Netzer war die Verkörperung des klassischen Spielmachers und gilt bis heute als einer der besten Mittelfeldspieler in der Geschichte der Bundesliga.,0,[],[]
768,News & World Report aus dem Jahr 2016.,0,[],[]
820,NGC 7006 ist mit 135.000 Lichtjahren Entfernung einer der sonnenfernsten Kugelsternhaufen der Milchstraße.,0,[],[]
1296,NGOs sind Teil der CEMS Global Alliance.,0,[],[]
1807,Nicolás Leoz,0,[],[]
121,Ninon Dolbin war eine Kunsthistorikerin.,0,[],[]
1563,Nordöstliches Australien.,0,[],[]
1706,Norman Borlaug.,0,[],[]
1854,Nostoc gehört zur Familie der Nostocaceae.,0,[],[]
1436,November 1774 in London.,0,[],[]
1212,November 1903 unterzeichnet.,0,[],[]
1731,November 1944 in Paris gestorben.,0,[],[]
1683,November 2006.,0,[],[]
508,November 2010 durch.,0,[],[]
1964,November abgedankt.,0,[],[]
1972,November in Berlin mit den Vertretern der Großindustrie.,0,[],[]
1968,November Waffenstillstandsverhandlungen zugesagt.,0,[],[]
1842,November.,0,[],[]
800,Nyberg diente als Bordingenieurin in den ISS-Expeditionen 36 und 37.,0,[],[]
1059,Oktober 1921.,0,[],[]
71,Oktober 1934 begann der Bau der Henschel Flugzeug-Werke (HFW) in Schönefeld.,0,[],[]
58,Oktober 1991 verbrachte das Lied drei Wochen auf Platz 1.,0,[],[]
1951,Oktober 2009 eine volle Staffel mit 24 Episoden.,0,[],[]
699,Oktober 2014 in die deutschen Kinos.,0,[],[]
179,Oktober 2014.,0,[],[]
168,Oktober 2016 veröffentlicht.,0,[],[]
58,Oktober bis zum 26.,0,[],[]
697,Oona Castilla Chaplin ist eine spanische Schauspielerin.,0,[],[]
1572,Oskar Graf wurde als neuntes von elf Kindern geboren.,0,[],[]
442,Öskjuhlíð.,0,[],[]
645,Österreich.,0,[],[]
1881,Otto Wallach starb am 26.,0,[],[]
1016,Padma Lakshmi.,0,[],[]
830,Pakse.,0,[],[]
1585,Palästina und Jordanien.,0,[],[]
1475,Parveen Babi ist am 20.,0,[],[]
195,Pascal und Fortran.,0,[],[]
1884,Pattee,0,[],[]
1709,Paul International Airport ist Minnesotas Hauptflughafen.,0,[],[]
1755,"Pauli und Miller sagten, dass sowohl Ignatowski als auch Frank/Rothe nicht in der Lage waren, in den erhaltenen Transformationen die invariante Geschwindigkeit mit der Lichtgeschwindigkeit zu identifizieren.",0,[],[]
995,Paulo Freire wurde Lehrer für Portugiesisch.,0,[],[]
107,"Paulus Diaconus behauptete, dass Faroald II.",0,[],[]
100,Pedaliaceae sind eine Pflanzenfamilie in der Ordnung der Lippenblütlerartigen (Lamiales).,0,[],[]
766,"Perfektes Erinnerungsvermögen ist das Wissen jedes Spielers über sämtliche Informationen, die ihm bereits in der Vergangenheit zugänglich waren.",0,[],[]
61,Pergamon.,0,[],[]
1165,Peter Dinklages Vater war ein deutschstämmiger Versicherungsvertreter.,0,[],[]
1424,Peter Kapiza wurde am 8.,0,[],[]
1748,Peter Kohl (* 1965) war der jüngere Bruder.,0,[],[]
68,Petersburg studiert.,0,[],[]
971,Petersburg wurde 1855 eröffnet.,0,[],[]
854,Philip Joel Hughes ist ein australischer Cricketspieler.,0,[],[]
1670,Philorhomaios war Philipp I. Philadelphos.,0,[],[]
1182,Physik.,0,[],[]
344,Platz 12.,0,[],[]
300,Platzpatronen.,0,[],[]
1870,Portugal trat am 1.,0,[],[]
674,Positives soziales Verhalten im Wohltäter.,0,[],[]
95,Präsident Woodrow Wilson.,0,[],[]
1723,Prinz Sihanouk.,0,[],[]
1531,"Publius Ovidius Naso, auch bekannt als Ovid, war ein berühmter lateinischer Dichter.",0,[],[]
391,"Rachel wartet am Flughafen auf Ross, um ihm ihre Liebe zu gestehen.",0,[],[]
1210,Rafiq Fareed Zakaria wurde am 20.,0,[],[]
164,Raimund IV.,0,[],[]
1130,Rainer Weiss ist an der Massachusetts Institute of Technology (MIT) und an der Louisiana State University beschäftigt.,0,[],[]
424,Raj fühlt sich seit seiner Kindheit von der schönen Tina angezogen.,0,[],[]
1468,Rajiv und Sonia Gandhi.,0,[],[]
1132,Rakesh Sawant ist Regisseur.,0,[],[]
1637,Ray schoss laut Gerichtsurteil – in einem nicht endgültig geklärten Zusammenhang mit dem Attentat auf Martin Luther King am 4.,0,[],[]
1406,Reena Chopra ist Parineeti Choprás Mutter.,0,[],[]
1918,Rey Mysterio Jr.,0,[],[]
1308,Rhodesien.,0,[],[]
510,Richard McKenzie begann die Konstitutionelle Ökonomie (auch Neue Politische Ökonomie) im Jahre 1982 zu entwickeln.,0,[],[]
247,"Rob Cohen, der Regisseur des ersten Teils.",0,[],[]
495,"Roberts war Co-Kapitän des Football-Teams und beschrieb sich selbst als ""langsamer Linebacker"".",0,[],[]
1982,Rosa Luxemburg wurde am 1.,0,[],[]
494,Rosemary Podrasky,0,[],[]
1548,Rösler trat 1992 den Jungen Liberalen bei.,0,[],[]
576,Rostec kooperiert mit 312 unterstützenden Universitäten.,0,[],[]
1940,"Roza beschloss, Sängerin und Tänzerin zu werden.",0,[],[]
1938,Roza Eskenazy wurde wahrscheinlich zwischen 1895 und 1897 geboren.,0,[],[]
1941,"Rozas wichtigster Beitrag zur griechischen Musik war der Rembetiko, vor allem in der Smyrna-Variante.",0,[],[]
544,Rugby-Union.,0,[],[]
1541,Rund 16.000 Rebsorten sind bekannt.,0,[],[]
583,Rund 210 Millionen US-Dollar in den USA.,0,[],[]
1487,Russland.,0,[],[]
1608,Russland.,0,[],[]
615,Samuel Sterns.,0,[],[]
684,Santiago ist nicht in den Texten erwähnt.,0,[],[]
1087,"Sarah Elizabeth Griswold hat in Utica, New York, geheiratet.",0,[],[]
962,Saudi-Arabien,0,[],[]
718,Saudi-Arabien.,0,[],[]
1685,"Schätzungen gehen davon aus, dass zwischen 26 und 73 Millionen Haie jährlich getötet werden, um ihre Flossen zu ernten.",0,[],[]
1818,"Scheindel Grün, die Mutter von David Ben-Gurion, starb, als er elf Jahre alt war.",0,[],[]
33,Schiehallion wurde wegen seiner isolierten Lage und nahezu symmetrischen Form als für das Experiment geeignet erachtet.,0,[],[]
305,Schnee ist in Haifa selten.,0,[],[]
1080,Schweden wurde nach dem Zweiten Weltkrieg zu einer der führenden Industrienationen der Welt.,0,[],[]
1392,"Sein Großvater Upendrakishore Raychowdhury war ein bekannter Verfasser von Kinderliteratur, Musiker und Wissenschaftler.",0,[],[]
395,Sein Körper wurde nach seinem Tod in Korea gevierteilt und als Warnung an andere pro-japanische Rebellen öffentlich zur Schau gestellt.,0,[],[]
867,"Seine durchschnittliche Schlagpunktzahl war 37,69.",0,[],[]
996,Seine Ehefrau Elza Maia Costa de Oliveira war eine Lehrerin.,0,[],[]
1851,Seit 1968 gibt es ein tägliches Nachmittagsfixing des Goldpreises in der Bank um 15 Uhr Londoner Zeit.,0,[],[]
1070,Seit 1991 ist Samoa bei der Rugby-Union-Weltmeisterschaft dabei.,0,[],[]
225,Seit 2015 ist Manfred Curbach Vorsitzender des wissenschaftlichen Beirats der Bundesanstalt für Wasserbau BAW.,0,[],[]
1571,Seit Anfang des 21.,0,[],[]
465,Seit der Bombardierung der Palastkapelle im Zweiten Weltkrieg fanden die königlichen Taufen im Musikzimmer statt.,0,[],[]
1627,Sepp Blatter.,0,[],[]
1909,September 1493 mit 17 Schiffen und 1200–1500 Mann Besatzung von Cádiz aus in See.,0,[],[]
1466,September 1876.,0,[],[]
1679,September 1926 erstmals in Candler Field.,0,[],[]
1526,September 1943 geboren.,0,[],[]
785,September 1963 eröffnet.,0,[],[]
1035,September 1965 geboren.,0,[],[]
1830,September 1968 in Chicago geboren.,0,[],[]
1790,"September 1971 in Buenos Aires, Argentinien.",0,[],[]
166,September 1977 wurde der Arbeitgeberpräsident Hanns Martin Schleyer in Köln überfallen und verschleppt.,0,[],[]
1616,September 1983 vergeben.,0,[],[]
208,September 1990 an die belgische Sabena.,0,[],[]
220,September 1997 bei WCW Monday Nitro in Salt Lake City.,0,[],[]
613,September 2007 eröffnet.,0,[],[]
699,September 2014 auf dem Toronto International Film Festival und kam am 9.,0,[],[]
624,September 2016 getötet.,0,[],[]
660,"Serowa, Jelena Olegowna, ist am 22.",0,[],[]
1595,"Shareyourworld.com wurde geschlossen, weil es aus Kosten- und Bandbreitengründen geschlossen werden musste.",0,[],[]
1650,Sheerans älterer Bruder arbeitet als Komponist.,0,[],[]
1013,Shubha Yagnik war die Mutter von Alka Yagnik.,0,[],[]
797,Sie blieb drei Jahre in Vance als Ausbilderin auf T-38-Schulungsflugzeugen.,0,[],[]
610,"Sie findet heraus, dass er ein Idiot ist.",0,[],[]
1916,Sie kämpften um die Autonomie und waren von Armut und Illiterismus geprägt.,0,[],[]
1390,"Sie kommt auf dem indischen Subkontinent mit Indien, Pakistan und Bangladesch, auf Sri Lanka, im südlichen China und auf Taiwan, in Myanmar, in Thailand sowie auf einigen Inseln Indonesiens vor.",0,[],[]
1015,Sie war 1981/82 16 Jahre alt.,0,[],[]
1276,Silber.,0,[],[]
1506,"Silva hat in den 2000er Jahren in Rom studiert, speziell für ein Lizentiat in Spiritualität an der Päpstlichen Salesianer-Universität.",0,[],[]
955,"Simon & Schuster veröffentlichte 2014 ""Everyday Sexism"".",0,[],[]
1516,Sinhala.,0,[],[]
758,Sir David Ferrier starb am 19.,0,[],[]
778,Sir Michael Ogio war der neunte Generalgouverneur von Papua-Neuguinea.,0,[],[]
1046,Sørensen war von 1901 bis 1938 Leiter der chemischen Abteilung des Carlsberg-Laboratoriums.,0,[],[]
1513,Southall liegt im Stadtteil des London Borough of Ealing im Westen von London.,0,[],[]
1405,Spanien wird dominiert von Real Madrid und dem FC Barcelona.,0,[],[]
529,Später war er von 1986 bis 1991 Ingenieur am Raumfahrtbahnhof in Baikonur und von Oktober 1991 bis April 1995 in der privaten Wirtschaft beschäftigt.,0,[],[]
447,"Sportler aus Usbekistan konnten nach dem Zerfall der UdSSR an den Olympischen Spielen teilnehmen, nachdem das NOK Usbekistans 1992 gegründet und ein Jahr später vom IOC anerkannt wurde.",0,[],[]
461,Staatsbankette werden vor allem am ersten Abend des Besuchs ausländischer Staatsoberhäupter vorbereitet.,0,[],[]
219,Stachelbeeren sind sowohl in Westasien heimisch als auch in Europa heimisch.,0,[],[]
601,Stanislaus II.,0,[],[]
1620,"Stattdessen wurde behauptet, er sei an einer ""unbekannten Krankheit"" gestorben.",0,[],[]
1868,steht für Agent of Secret Stuff.,0,[],[]
484,Südchina wurde von Kriegen erschüttert.,0,[],[]
599,Sumpfgebiete an Flüssen und Seen in Zentralpolen werden rechtlich geschützt.,0,[],[]
237,Sunday stirbt.,0,[],[]
939,"Sunil Veerappa Shetty ist am bekanntesten für seine Rollen in Filmkomödien, insbesondere in den Filmen ""Hulchul"" und ""Hera Pheri"" (2000).",0,[],[]
1035,"Sunita Lyn ""Suni"" Williams wurde am 19.",0,[],[]
535,Tag nach der Geburt erkennbar.,0,[],[]
875,Tarlochan Singh Anand war der Vater von Maneka Gandhi.,0,[],[]
695,"Tennis war bereits bei den I. Olympischen Spielen 1896 auf dem Programm, wurde jedoch nach den Olympischen Sommerspielen 1924 aus dem Programm gestrichen.",0,[],[]
1613,Tennō Hirohito.,0,[],[]
909,Tesla starb am 7.,0,[],[]
1952,Tess von den d’Urbervilles gilt als ein Meisterwerk.,0,[],[]
1961,Tess wird ins Gefängnis nach Wintoncester gebracht und wird dort hingerichtet.,0,[],[]
1954,"Tess' Vater war zu betrunken, um Tess abzuholen.",0,[],[]
1602,Thailand.,0,[],[]
1065,Thomas kehrte 1252 nach Paris zurück.,0,[],[]
1064,Thomas von Aquino wurde kurz vor oder kurz nach Neujahr 1225 geboren.,0,[],[]
315,"Thonburi und Phra Nakhon wurden zusammengezogen, um eine einzige Provinz zu bilden.",0,[],[]
1687,Titan.,0,[],[]
1145,Toksvig wurde 1958 geboren.,0,[],[]
1566,Toots.,0,[],[]
1673,"Toxic stammt aus dem vierten Studioalbum ""In the Zone"" von Britney Spears.",0,[],[]
222,Trevinos Mutter stammt ursprünglich aus dem mexikanischen Zacatecas.,0,[],[]
1718,"Über 70.000 Freiwillige meldeten sich, um die Armee zu verstärken und die vietnamesischen Truppen aus dem Land zu vertreiben.",0,[],[]
1719,Über 800 Vietnamesen wurden am 15.,0,[],[]
1033,Übernatürliche Wesen und Untiere.,0,[],[]
1225,Ulrich Beck studierte an der Universität München.,0,[],[]
1084,und Jeremiah Day.,0,[],[]
448,und Prinz Philip.,0,[],[]
279,Uruguay.,0,[],[]
376,US-Dollar.,0,[],[]
231,US-Flotte im Westpazifik zwischen Japan und den Philippinen zu operieren.,0,[],[]
1591,US-Präsident Dwight D. Eisenhower.,0,[],[]
1935,US$ zum Anfangskapital und zur ersten Mittelaufstockung beisteuerten.,0,[],[]
1519,Vallabhbhai Patel ist am 15.,0,[],[]
1738,verlangte Longwood House.,0,[],[]
1126,VHDL oder Verilog.,0,[],[]
1677,Victoria wurde für ihr Begräbnis in einem weißen Kleid und mit ihrem Brautschleier bestattet.,0,[],[]
1550,"Viele Engländer misstrauten der neuen Herzogin von York, Maria von Modena, und betrachteten sie als eine Agentin des Papstes.",0,[],[]
538,Vier Beutelteufel wurden von der tasmanischen Regierung dem Zoo Kopenhagen übergeben.,0,[],[]
490,Vishnu wird im Guhyatiguhya-Tantra durch zehn Mahavidyas repräsentiert.,0,[],[]
58,Vom 6.,0,[],[]
1694,Von den elf gewählten Sitzen sind acht für St.,0,[],[]
486,von England.,0,[],[]
164,von Toulouse.,0,[],[]
701,Vor 1994 nahmen Sportler aus der heutigen Ukraine unter der Flagge der Sowjetunion beziehungsweise des Vereinten Teams teil.,0,[],[]
1730,Während der 1990er Jahre stagnierten die Ausgaben für Weltraumprogramme.,0,[],[]
714,"Während der Qing-Dynastie, als den Beamten zur Vermeidung von Interessenkollisionen die Amtsübung in ihrem Heimatgebiet untersagt war, lebte der Leitungsbeamte mit seiner Familie auf dem Gelände des Yamen.",0,[],[]
43,Während der Schlacht von Gallipoli.,0,[],[]
455,Während des Zweiten Weltkrieges wurde über solche Vorfälle nur eingeschränkt berichtet.,0,[],[]
890,Während eines Fußballspiels helfen dem leitenden Schiedsrichter bei höherklassigen Spielen zwei Schiedsrichterassistenten (Linienrichtern) an den Längsseiten des Spielfeldes.,0,[],[]
286,Während seiner Herrschaft.,0,[],[]
1125,Wales.,0,[],[]
106,war nach Spoleto Herrscher.,0,[],[]
524,Wärmeflusssensoren können für die Erforschung der Wirkung von Feuer und die Erhöhung der thermischen Widerstandsfähigkeit eingesetzt werden.,0,[],[]
521,Weizen und Gerste.,0,[],[]
1514,"Wenn bei einer Teilstrecke beide Schalter auf On stehen, wird die Zwischenkreisspannung kurzgeschlossen.",0,[],[]
572,"Wenn die Explosion erfolgreich gewesen wäre, wäre der protestantische König Jakob I., seine Familie und ein Großteil der Aristokratie getötet worden.",0,[],[]
1220,"Wenn ein Ball verloren geht, wird er durch einen möglichst vergleichbaren Ersatzball ersetzt.",0,[],[]
35,"Wenn jedoch eine genügend große Masse wie ein Berg in der Nähe ist, wird das Pendel durch dessen gravitative Anziehung leicht von der sonst eingenommenen Position abweichen.",0,[],[]
359,Who's That Girl ist ein Popsong der US-amerikanischen Sängerin Madonna aus dem Album Who’s That Girl.,0,[],[]
937,"Wichtige Personen waren Hughie Gallacher, Neil Harris, Stan Seymour und Frank Hudspeth bei Newcastle United, sowie Lucía Topolansky Saavedra, José Mujica und Tina Fey.",0,[],[]
14,Wilhelm Eugen hat in Tübingen studiert.,0,[],[]
13,"Wilhelm Eugen wuchs in Carlsruhe, einem Jagdbesitz seines Vaters in Schlesien auf.",0,[],[]
350,William Howard Stein starb am 2.,0,[],[]
76,Worth zog 1854 zunächst nach Boston und dann 1860 nach New York.,0,[],[]
62,wurde Armenien mit dem Einverständnis Babylons General Neoptolemos unterstellt und blieb es bis zu seinem Tod in einem Kampf 321 v. Chr.,0,[],[]
235,Xu Fu.,0,[],[]
192,Yari Marco wurde 1973 geboren.,0,[],[]
1351,Yvonne Bailey,0,[],[]
1779,Yvonne Strahovski.,0,[],[]
201,"Zabbix wird von der Firma Zabbix SIA weiterentwickelt, nachdem es ursprünglich von Alexei Vladishev entwickelt wurde.",0,[],[]
467,Zack Snyder ließ in seinem Film Justice League Inspirationen durch den Comicbuchzeichner Jack Kirby einfließen.,0,[],[]
1336,Zar Alexander II.,0,[],[]
183,Zehn Maschinen wurden gebaut.,0,[],[]
1773,Zwei bis sechs Jungtiere bleiben 7 bis 15 Wochen lang im Beutel der Mutter.,0,[],[]
1394,Zwei Planeten von der Größe der Erde wurden am 20.,0,[],[]
1297,Zweifach.,0,[],[]
716,Zwischen 300.000 und 400.000 Menschen sollen seiner achtjährigen Gewaltherrschaft zum Opfer gefallen sein.,0,[],[]
1326,Zwölf Mitglieder des Stadtrats gehören der Minnesota Democratic-Farmer-Labor Party (DFL) an.,0,[],[]