text_order_id,sentence,num_triplets,triplets,abbreviation
1560,"Ein Sakuru bezeichnet eine Gruppe, die sich oft aus einer Person besteht, und die sich als Dōjin-Gruppe bezeichnet, die von nichtprofessionellen Zeichnern im Selbstverlag herausgegebene Mangas oder Fan-Art produziert.",4,"[{'subject': {'upos': 'NOUN', 'text': 'Sakuru', 'id': 2, 'deprel': 'nsubj', 'head': 3}, 'verb': {'upos': 'VERB', 'text': 'bezeichnet', 'id': 3, 'deprel': 'root', 'head': 0}, 'object': {'upos': 'NOUN', 'text': 'Gruppe', 'id': 5, 'deprel': 'obj', 'head': 3}}, {'subject': {'upos': 'PRON', 'text': 'die', 'id': 7, 'deprel': 'nsubj', 'head': 13}, 'object': {'upos': 'PRON', 'text': 'sich', 'id': 8, 'deprel': 'obj', 'head': 13}, 'verb': {'upos': 'VERB', 'text': 'besteht', 'id': 13, 'deprel': 'acl', 'head': 5}}, {'subject': {'upos': 'PRON', 'text': 'die', 'id': 16, 'deprel': 'nsubj', 'head': 22}, 'object': {'upos': 'PRON', 'text': 'sich', 'id': 17, 'deprel': 'obj', 'head': 22}, 'verb': {'upos': 'VERB', 'text': 'bezeichnet', 'id': 22, 'deprel': 'conj', 'head': 13}}, {'subject': {'upos': 'PRON', 'text': 'die', 'id': 24, 'deprel': 'nsubj', 'head': 37}, 'object': {'upos': 'NOUN', 'text': 'Mangas', 'id': 32, 'deprel': 'obj', 'head': 37}, 'verb': {'upos': 'VERB', 'text': 'produziert', 'id': 37, 'deprel': 'acl', 'head': 19}}]","['SVO', 'SOV', 'SOV', 'SOV']"
612,"Pascha löst seine missliche Lage, indem er an seinen besten Mann Jackie schreibt, der Shrikanth Mathur warnet und subsequently Radha entführt, um Shrikanth zu drängen, Jackie zur Aufgabe zu bringen.",3,"[{'subject': {'upos': 'PROPN', 'text': 'Pascha', 'id': 1, 'deprel': 'nsubj', 'head': 2}, 'verb': {'upos': 'VERB', 'text': 'löst', 'id': 2, 'deprel': 'root', 'head': 0}, 'object': {'upos': 'NOUN', 'text': 'Lage', 'id': 5, 'deprel': 'obj', 'head': 2}}, {'subject': {'upos': 'PRON', 'text': 'der', 'id': 16, 'deprel': 'nsubj', 'head': 19}, 'object': {'upos': 'PROPN', 'text': 'Shrikanth', 'id': 17, 'deprel': 'obj', 'head': 19}, 'verb': {'upos': 'VERB', 'text': 'warnet', 'id': 19, 'deprel': 'acl', 'head': 12}}, {'subject': {'upos': 'PRON', 'text': 'der', 'id': 16, 'deprel': 'nsubj', 'head': 19}, 'object': {'upos': 'PROPN', 'text': 'subsequently', 'id': 21, 'deprel': 'obj', 'head': 23}, 'verb': {'upos': 'VERB', 'text': 'entführt', 'id': 23, 'deprel': 'conj', 'head': 19}}]","['SVO', 'SOV', 'SOV']"
559,"Obwohl sie sich hauptsächlich durch ihre eigenen Sprachen definieren, sprechen die Gambier oft mehrere Sprachen fließend oder können sich zumindest verständigen.",3,"[{'subject': {'upos': 'PRON', 'text': 'sie', 'id': 2, 'deprel': 'nsubj', 'head': 9}, 'object': {'upos': 'PRON', 'text': 'sich', 'id': 3, 'deprel': 'obj', 'head': 9}, 'verb': {'upos': 'VERB', 'text': 'definieren', 'id': 9, 'deprel': 'advcl', 'head': 11}}, {'verb': {'upos': 'VERB', 'text': 'sprechen', 'id': 11, 'deprel': 'root', 'head': 0}, 'subject': {'upos': 'PROPN', 'text': 'Gambier', 'id': 13, 'deprel': 'nsubj', 'head': 11}, 'object': {'upos': 'NOUN', 'text': 'Sprachen', 'id': 16, 'deprel': 'obj', 'head': 11}}, {'subject': {'upos': 'PROPN', 'text': 'Gambier', 'id': 13, 'deprel': 'nsubj', 'head': 11}, 'object': {'upos': 'PRON', 'text': 'sich', 'id': 20, 'deprel': 'obj', 'head': 22}, 'verb': {'upos': 'VERB', 'text': 'verständigen', 'id': 22, 'deprel': 'conj', 'head': 11}}]","['SOV', 'VSO', 'SOV']"
63,"Armenien behielt einen beachtlichen Grad an Autonomie und bewahrte seine einheimischen Herrscher, was es ermöglichte, seine Selbstverwaltung unter der Seleukiden-Herrschaft zu behalten.",3,"[{'subject': {'upos': 'PROPN', 'text': 'Armenien', 'id': 1, 'deprel': 'nsubj', 'head': 2}, 'verb': {'upos': 'VERB', 'text': 'behielt', 'id': 2, 'deprel': 'root', 'head': 0}, 'object': {'upos': 'NOUN', 'text': 'Grad', 'id': 5, 'deprel': 'obj', 'head': 2}}, {'subject': {'upos': 'PROPN', 'text': 'Armenien', 'id': 1, 'deprel': 'nsubj', 'head': 2}, 'verb': {'upos': 'VERB', 'text': 'bewahrte', 'id': 9, 'deprel': 'conj', 'head': 2}, 'object': {'upos': 'NOUN', 'text': 'Herrscher', 'id': 12, 'deprel': 'obj', 'head': 9}}, {'subject': {'upos': 'PRON', 'text': 'was', 'id': 14, 'deprel': 'nsubj', 'head': 16}, 'object': {'upos': 'PRON', 'text': 'es', 'id': 15, 'deprel': 'obj', 'head': 16}, 'verb': {'upos': 'VERB', 'text': 'ermöglichte', 'id': 16, 'deprel': 'acl', 'head': 12}}]","['SVO', 'SVO', 'SOV']"
235,"Xu Fu ist in See gestochen, aber niemals zurückgekehrt, nachdem Qin Shi Huang seine Hilfe mit Bogenschützen anbot, die eine riesige Meereskratur töten sollten.",2,"[{'subject': {'upos': 'PROPN', 'text': 'Qin', 'id': 13, 'deprel': 'nsubj', 'head': 20}, 'object': {'upos': 'NOUN', 'text': 'Hilfe', 'id': 17, 'deprel': 'obj', 'head': 20}, 'verb': {'upos': 'VERB', 'text': 'anbot', 'id': 20, 'deprel': 'advcl', 'head': 6}}, {'subject': {'upos': 'PRON', 'text': 'die', 'id': 22, 'deprel': 'nsubj', 'head': 26}, 'object': {'upos': 'NOUN', 'text': 'Meereskratur', 'id': 25, 'deprel': 'obj', 'head': 26}, 'verb': {'upos': 'VERB', 'text': 'töten', 'id': 26, 'deprel': 'acl', 'head': 19}}]","['SOV', 'SOV']"
1113,"Viv Richards erzielte im Laufe seiner Karriere 8540 Runs in Tests und 6721 Runs in ODIs, was insgesamt 15261 Runs beträgt.",2,"[{'subject': {'upos': 'PROPN', 'text': 'Viv', 'id': 1, 'deprel': 'nsubj', 'head': 3}, 'verb': {'upos': 'VERB', 'text': 'erzielte', 'id': 3, 'deprel': 'root', 'head': 0}, 'object': {'upos': 'NOUN', 'text': 'Runs', 'id': 10, 'deprel': 'obj', 'head': 3}}, {'subject': {'upos': 'PRON', 'text': 'was', 'id': 19, 'deprel': 'nsubj', 'head': 23}, 'object': {'upos': 'NOUN', 'text': 'Runs', 'id': 22, 'deprel': 'obj', 'head': 23}, 'verb': {'upos': 'VERB', 'text': 'beträgt', 'id': 23, 'deprel': 'acl', 'head': 10}}]","['SVO', 'SOV']"
1557,"Supply-Chain-Management betont die Lieferkette, während Demand-Chain-Management sich mehr auf die Nachfrageseite konzentriert und versucht, die KundenNachfrage effizienter zu erfüllen.",2,"[{'subject': {'upos': 'NOUN', 'text': 'Management', 'id': 5, 'deprel': 'nsubj', 'head': 6}, 'verb': {'upos': 'VERB', 'text': 'betont', 'id': 6, 'deprel': 'root', 'head': 0}, 'object': {'upos': 'NOUN', 'text': 'Lieferkette', 'id': 8, 'deprel': 'obj', 'head': 6}}, {'subject': {'upos': 'PROPN', 'text': 'Demand', 'id': 11, 'deprel': 'nsubj', 'head': 21}, 'object': {'upos': 'PRON', 'text': 'sich', 'id': 16, 'deprel': 'obj', 'head': 21}, 'verb': {'upos': 'VERB', 'text': 'konzentriert', 'id': 21, 'deprel': 'advcl', 'head': 6}}]","['SVO', 'SOV']"
1074,"Stallman startete eine Kampagne gegen proprietäre Software, die Nutzern Freiheitsrechte entzieht.",2,"[{'subject': {'upos': 'PROPN', 'text': 'Stallman', 'id': 1, 'deprel': 'nsubj', 'head': 2}, 'verb': {'upos': 'VERB', 'text': 'startete', 'id': 2, 'deprel': 'root', 'head': 0}, 'object': {'upos': 'NOUN', 'text': 'Kampagne', 'id': 4, 'deprel': 'obj', 'head': 2}}, {'subject': {'upos': 'PRON', 'text': 'die', 'id': 9, 'deprel': 'nsubj', 'head': 12}, 'object': {'upos': 'NOUN', 'text': 'Freiheitsrechte', 'id': 11, 'deprel': 'obj', 'head': 12}, 'verb': {'upos': 'VERB', 'text': 'entzieht', 'id': 12, 'deprel': 'acl', 'head': 7}}]","['SVO', 'SOV']"
1853,Sie betreiben Photosynthese und enthalten grüne Farbstoffe im Zytoplasma.,2,"[{'subject': {'upos': 'PRON', 'text': 'Sie', 'id': 1, 'deprel': 'nsubj', 'head': 2}, 'verb': {'upos': 'VERB', 'text': 'betreiben', 'id': 2, 'deprel': 'root', 'head': 0}, 'object': {'upos': 'NOUN', 'text': 'Photosynthese', 'id': 3, 'deprel': 'obj', 'head': 2}}, {'subject': {'upos': 'PRON', 'text': 'Sie', 'id': 1, 'deprel': 'nsubj', 'head': 2}, 'verb': {'upos': 'VERB', 'text': 'enthalten', 'id': 5, 'deprel': 'conj', 'head': 2}, 'object': {'upos': 'NOUN', 'text': 'Farbstoffe', 'id': 7, 'deprel': 'obj', 'head': 5}}]","['SVO', 'SVO']"
1238,"Seine Errungenschaften umfassten eine neuartige Methode zur Berechnung der vermutlichen Größe eines Polymers in Lösung (Flory-Huggins-Theorie) sowie die Herleitung des Flory-Exponenten, der die Bewegung von Polymeren in Lösungen charakterisiert.",2,"[{'subject': {'upos': 'NOUN', 'text': 'Errungenschaften', 'id': 2, 'deprel': 'nsubj', 'head': 3}, 'verb': {'upos': 'VERB', 'text': 'umfassten', 'id': 3, 'deprel': 'root', 'head': 0}, 'object': {'upos': 'NOUN', 'text': 'Methode', 'id': 6, 'deprel': 'obj', 'head': 3}}, {'subject': {'upos': 'PRON', 'text': 'der', 'id': 32, 'deprel': 'nsubj', 'head': 39}, 'object': {'upos': 'NOUN', 'text': 'Bewegung', 'id': 34, 'deprel': 'obj', 'head': 39}, 'verb': {'upos': 'VERB', 'text': 'charakterisiert', 'id': 39, 'deprel': 'acl', 'head': 28}}]","['SVO', 'SOV']"
1558,"SCM konzentriert sich auf die Effizienz der Lieferkette, während DCM die Beziehungen zwischen Lieferanten und Kunden optimiert, um die KundenNachfrage besser zu erfüllen und zu den geringstmöglichen Kosten.",2,"[{'subject': {'upos': 'PROPN', 'text': 'SCM', 'id': 1, 'deprel': 'nsubj', 'head': 2}, 'verb': {'upos': 'VERB', 'text': 'konzentriert', 'id': 2, 'deprel': 'root', 'head': 0}, 'object': {'upos': 'PRON', 'text': 'sich', 'id': 3, 'deprel': 'obj', 'head': 2}}, {'subject': {'upos': 'PROPN', 'text': 'DCM', 'id': 11, 'deprel': 'nsubj', 'head': 18}, 'object': {'upos': 'NOUN', 'text': 'Beziehungen', 'id': 13, 'deprel': 'obj', 'head': 18}, 'verb': {'upos': 'VERB', 'text': 'optimiert', 'id': 18, 'deprel': 'advcl', 'head': 2}}]","['SVO', 'SOV']"
1266,"Nach dem Hochschulabschluss bot Ebner Übersetzungsdienstleistungen an, leitete Sprachkurse und arbeitete in IT-Ausbildungsprojekten.",2,"[{'verb': {'upos': 'VERB', 'text': 'bot', 'id': 4, 'deprel': 'root', 'head': 0}, 'subject': {'upos': 'PROPN', 'text': 'Ebner', 'id': 5, 'deprel': 'nsubj', 'head': 4}, 'object': {'upos': 'NOUN', 'text': 'Übersetzungsdienstleistungen', 'id': 6, 'deprel': 'obj', 'head': 4}}, {'subject': {'upos': 'PROPN', 'text': 'Ebner', 'id': 5, 'deprel': 'nsubj', 'head': 4}, 'verb': {'upos': 'VERB', 'text': 'leitete', 'id': 9, 'deprel': 'conj', 'head': 4}, 'object': {'upos': 'NOUN', 'text': 'Sprachkurse', 'id': 10, 'deprel': 'obj', 'head': 9}}]","['VSO', 'SVO']"
724,"Marokko entgleiste die Konferenz in 2005, da es sich weigerte teilzunehmen.",2,"[{'subject': {'upos': 'PROPN', 'text': 'Marokko', 'id': 1, 'deprel': 'nsubj', 'head': 2}, 'verb': {'upos': 'VERB', 'text': 'entgleiste', 'id': 2, 'deprel': 'root', 'head': 0}, 'object': {'upos': 'NOUN', 'text': 'Konferenz', 'id': 4, 'deprel': 'obj', 'head': 2}}, {'subject': {'upos': 'PRON', 'text': 'es', 'id': 9, 'deprel': 'nsubj', 'head': 12}, 'object': {'upos': 'PRON', 'text': 'sich', 'id': 10, 'deprel': 'obj', 'head': 12}, 'verb': {'upos': 'VERB', 'text': 'teilzunehmen', 'id': 12, 'deprel': 'advcl', 'head': 2}}]","['SVO', 'SOV']"
874,"Maneka Gandhi besuchte die Lawrence School und anschließend das Lady Shri Ram College, wo sie 1973 einen Schönheitswettbewerb gewann.",2,"[{'subject': {'upos': 'PROPN', 'text': 'Maneka', 'id': 1, 'deprel': 'nsubj', 'head': 3}, 'verb': {'upos': 'VERB', 'text': 'besuchte', 'id': 3, 'deprel': 'root', 'head': 0}, 'object': {'upos': 'PROPN', 'text': 'Lawrence', 'id': 5, 'deprel': 'obj', 'head': 3}}, {'subject': {'upos': 'PRON', 'text': 'sie', 'id': 16, 'deprel': 'nsubj', 'head': 20}, 'object': {'upos': 'NOUN', 'text': 'Schönheitswettbewerb', 'id': 19, 'deprel': 'obj', 'head': 20}, 'verb': {'upos': 'VERB', 'text': 'gewann', 'id': 20, 'deprel': 'acl', 'head': 10}}]","['SVO', 'SOV']"
870,"Khan gestand 1994, dass er ""gelegentlich"" bei Test Matches die Seite des Balls aufgeraut und die Naht angehoben habe.",2,"[{'subject': {'upos': 'PRON', 'text': 'er', 'id': 6, 'deprel': 'nsubj', 'head': 17}, 'object': {'upos': 'NOUN', 'text': 'Seite', 'id': 14, 'deprel': 'obj', 'head': 17}, 'verb': {'upos': 'VERB', 'text': 'aufgeraut', 'id': 17, 'deprel': 'ccomp', 'head': 2}}, {'subject': {'upos': 'PRON', 'text': 'er', 'id': 6, 'deprel': 'nsubj', 'head': 17}, 'object': {'upos': 'NOUN', 'text': 'Naht', 'id': 20, 'deprel': 'obj', 'head': 21}, 'verb': {'upos': 'VERB', 'text': 'angehoben', 'id': 21, 'deprel': 'conj', 'head': 17}}]","['SOV', 'SOV']"
439,"Kang aktivierte Cerberus, aber dies wurde durch eine Hackerin aus Bannings Team und Mike Trumbull korrigiert, indem sie Cerberus deaktivierten.",2,"[{'subject': {'upos': 'PROPN', 'text': 'Kang', 'id': 1, 'deprel': 'nsubj', 'head': 2}, 'verb': {'upos': 'VERB', 'text': 'aktivierte', 'id': 2, 'deprel': 'root', 'head': 0}, 'object': {'upos': 'PROPN', 'text': 'Cerberus', 'id': 3, 'deprel': 'obj', 'head': 2}}, {'subject': {'upos': 'PRON', 'text': 'sie', 'id': 20, 'deprel': 'nsubj', 'head': 22}, 'object': {'upos': 'PROPN', 'text': 'Cerberus', 'id': 21, 'deprel': 'obj', 'head': 22}, 'verb': {'upos': 'VERB', 'text': 'deaktivierten', 'id': 22, 'deprel': 'advcl', 'head': 17}}]","['SVO', 'SOV']"
1741,"Jeder Staat in Australien hat 12 Senatoren, während die beiden nördlichen Territorien jeweils 2 Senatoren haben.",2,"[{'subject': {'upos': 'NOUN', 'text': 'Staat', 'id': 2, 'deprel': 'nsubj', 'head': 5}, 'verb': {'upos': 'VERB', 'text': 'hat', 'id': 5, 'deprel': 'root', 'head': 0}, 'object': {'upos': 'NOUN', 'text': 'Senatoren', 'id': 7, 'deprel': 'obj', 'head': 5}}, {'subject': {'upos': 'NOUN', 'text': 'Territorien', 'id': 13, 'deprel': 'nsubj', 'head': 17}, 'object': {'upos': 'NOUN', 'text': 'Senatoren', 'id': 16, 'deprel': 'obj', 'head': 17}, 'verb': {'upos': 'VERB', 'text': 'haben', 'id': 17, 'deprel': 'advcl', 'head': 5}}]","['SVO', 'SOV']"
1243,"Im Jahr 1972 hatte München etwa 1.338.924 Einwohner, was einen Höhepunkt darstellte.",2,"[{'verb': {'upos': 'VERB', 'text': 'hatte', 'id': 5, 'deprel': 'root', 'head': 0}, 'subject': {'upos': 'PROPN', 'text': 'München', 'id': 6, 'deprel': 'nsubj', 'head': 5}, 'object': {'upos': 'NOUN', 'text': 'Einwohner', 'id': 9, 'deprel': 'obj', 'head': 5}}, {'subject': {'upos': 'PRON', 'text': 'was', 'id': 11, 'deprel': 'nsubj', 'head': 14}, 'object': {'upos': 'NOUN', 'text': 'Höhepunkt', 'id': 13, 'deprel': 'obj', 'head': 14}, 'verb': {'upos': 'VERB', 'text': 'darstellte', 'id': 14, 'deprel': 'acl', 'head': 9}}]","['VSO', 'SOV']"
1353,"Ihre Eltern trennten sich, als sie ein Teenager war.ngenommen wird, dass sie sich während ihrer Teenagerjahre getrennt haben, genauer gesagt, als sie ein Teenager war.",2,"[{'subject': {'upos': 'NOUN', 'text': 'Eltern', 'id': 2, 'deprel': 'nsubj', 'head': 3}, 'verb': {'upos': 'VERB', 'text': 'trennten', 'id': 3, 'deprel': 'root', 'head': 0}, 'object': {'upos': 'PRON', 'text': 'sich', 'id': 4, 'deprel': 'obj', 'head': 3}}, {'subject': {'upos': 'PRON', 'text': 'sie', 'id': 14, 'deprel': 'nsubj', 'head': 19}, 'object': {'upos': 'PRON', 'text': 'sich', 'id': 15, 'deprel': 'obj', 'head': 19}, 'verb': {'upos': 'VERB', 'text': 'getrennt', 'id': 19, 'deprel': 'ccomp', 'head': 10}}]","['SVO', 'SOV']"
1963,"Gruppen Aufständischer durchstreiften die Stadt am nächsten Tag, und Soldaten und Arbeiter brachten öffentliche und militärische Einrichtungen unter ihre Kontrolle.",2,"[{'subject': {'upos': 'NOUN', 'text': 'Gruppen', 'id': 1, 'deprel': 'nsubj', 'head': 3}, 'verb': {'upos': 'VERB', 'text': 'durchstreiften', 'id': 3, 'deprel': 'root', 'head': 0}, 'object': {'upos': 'NOUN', 'text': 'Stadt', 'id': 5, 'deprel': 'obj', 'head': 3}}, {'subject': {'upos': 'NOUN', 'text': 'Soldaten', 'id': 12, 'deprel': 'nsubj', 'head': 15}, 'verb': {'upos': 'VERB', 'text': 'brachten', 'id': 15, 'deprel': 'conj', 'head': 3}, 'object': {'upos': 'NOUN', 'text': 'Einrichtungen', 'id': 19, 'deprel': 'obj', 'head': 15}}]","['SVO', 'SVO']"
713,"Es überreichte Bücher, Sportgeräte und andere nützliche Sachen in Strafkolonien und gründete Filialen von Statschkom in Gefängnissen.",2,"[{'subject': {'upos': 'PRON', 'text': 'Es', 'id': 1, 'deprel': 'nsubj', 'head': 2}, 'verb': {'upos': 'VERB', 'text': 'überreichte', 'id': 2, 'deprel': 'root', 'head': 0}, 'object': {'upos': 'NOUN', 'text': 'Bücher', 'id': 3, 'deprel': 'obj', 'head': 2}}, {'subject': {'upos': 'PRON', 'text': 'Es', 'id': 1, 'deprel': 'nsubj', 'head': 2}, 'verb': {'upos': 'VERB', 'text': 'gründete', 'id': 13, 'deprel': 'conj', 'head': 2}, 'object': {'upos': 'NOUN', 'text': 'Filialen', 'id': 14, 'deprel': 'obj', 'head': 13}}]","['SVO', 'SVO']"
1484,"Elisabeth erhielt die Unterstützung von Mary Stuart, als diese aus Schottland floh und sich an Elisabeth wandte, um Unterstützung gegen die rebellierenden schottischen Adligen zu erhalten.",2,"[{'subject': {'upos': 'PROPN', 'text': 'Elisabeth', 'id': 1, 'deprel': 'nsubj', 'head': 2}, 'verb': {'upos': 'VERB', 'text': 'erhielt', 'id': 2, 'deprel': 'root', 'head': 0}, 'object': {'upos': 'NOUN', 'text': 'Unterstützung', 'id': 4, 'deprel': 'obj', 'head': 2}}, {'subject': {'upos': 'DET', 'text': 'diese', 'id': 10, 'deprel': 'nsubj', 'head': 13}, 'object': {'upos': 'PRON', 'text': 'sich', 'id': 15, 'deprel': 'obj', 'head': 18}, 'verb': {'upos': 'VERB', 'text': 'wandte', 'id': 18, 'deprel': 'conj', 'head': 13}}]","['SVO', 'SOV']"
1082,"Ein Spieler kann Boni in Form von „Schiffsladungen“ aus der Heimatstadt empfangen, sobald er Erfahrungspunkte sammelt.",2,"[{'subject': {'upos': 'NOUN', 'text': 'Spieler', 'id': 2, 'deprel': 'nsubj', 'head': 14}, 'object': {'upos': 'PROPN', 'text': 'Boni', 'id': 4, 'deprel': 'obj', 'head': 14}, 'verb': {'upos': 'VERB', 'text': 'empfangen', 'id': 14, 'deprel': 'root', 'head': 0}}, {'subject': {'upos': 'PRON', 'text': 'er', 'id': 17, 'deprel': 'nsubj', 'head': 19}, 'object': {'upos': 'NOUN', 'text': 'Erfahrungspunkte', 'id': 18, 'deprel': 'obj', 'head': 19}, 'verb': {'upos': 'VERB', 'text': 'sammelt', 'id': 19, 'deprel': 'advcl', 'head': 14}}]","['SOV', 'SOV']"
1256,"Dimebag Darrells Anfrage, in die Band aufgenommen zu werden, wurde abgewiesen, weil die Band bereits einen Schlagzeuger namens Nick Menza angeheuert hatte und Dimebag die Bedingung stellen wollte, dass sein Bruder Vinnie Paul Abbott ebenfalls in die Band komme.",2,"[{'subject': {'upos': 'NOUN', 'text': 'Band', 'id': 17, 'deprel': 'nsubj', 'head': 24}, 'object': {'upos': 'NOUN', 'text': 'Schlagzeuger', 'id': 20, 'deprel': 'obj', 'head': 24}, 'verb': {'upos': 'VERB', 'text': 'angeheuert', 'id': 24, 'deprel': 'advcl', 'head': 13}}, {'subject': {'upos': 'PROPN', 'text': 'Dimebag', 'id': 27, 'deprel': 'nsubj', 'head': 30}, 'object': {'upos': 'NOUN', 'text': 'Bedingung', 'id': 29, 'deprel': 'obj', 'head': 30}, 'verb': {'upos': 'VERB', 'text': 'stellen', 'id': 30, 'deprel': 'conj', 'head': 24}}]","['SOV', 'SOV']"
1551,"Die Whigs unterstützten das Exclusion Bill, während die Tories sich diesem widersetzten.",2,"[{'subject': {'upos': 'NOUN', 'text': 'Whigs', 'id': 2, 'deprel': 'nsubj', 'head': 3}, 'verb': {'upos': 'VERB', 'text': 'unterstützten', 'id': 3, 'deprel': 'root', 'head': 0}, 'object': {'upos': 'PROPN', 'text': 'Exclusion', 'id': 5, 'deprel': 'obj', 'head': 3}}, {'subject': {'upos': 'NOUN', 'text': 'Tories', 'id': 10, 'deprel': 'nsubj', 'head': 13}, 'object': {'upos': 'PRON', 'text': 'sich', 'id': 11, 'deprel': 'obj', 'head': 13}, 'verb': {'upos': 'VERB', 'text': 'widersetzten', 'id': 13, 'deprel': 'advcl', 'head': 3}}]","['SVO', 'SOV']"
1172,"Die übrige Körperhaut des Menschen wird durch einen Hydro-Lipid-Film geschützt, der aus Schweiß und Talg besteht und die Haut geschmeidig hält und Krankheitserreger abtötet.",2,"[{'subject': {'upos': 'PRON', 'text': 'der', 'id': 16, 'deprel': 'nsubj', 'head': 21}, 'object': {'upos': 'NOUN', 'text': 'Haut', 'id': 24, 'deprel': 'obj', 'head': 26}, 'verb': {'upos': 'VERB', 'text': 'hält', 'id': 26, 'deprel': 'conj', 'head': 21}}, {'subject': {'upos': 'PRON', 'text': 'der', 'id': 16, 'deprel': 'nsubj', 'head': 21}, 'object': {'upos': 'NOUN', 'text': 'Krankheitserreger', 'id': 28, 'deprel': 'obj', 'head': 29}, 'verb': {'upos': 'VERB', 'text': 'abtötet', 'id': 29, 'deprel': 'conj', 'head': 26}}]","['SOV', 'SOV']"
49,"Die Texte geben keine spezifischen Informationen darüber, wie Schottland den Klimawandel bekämpft.",2,"[{'subject': {'upos': 'NOUN', 'text': 'Texte', 'id': 2, 'deprel': 'nsubj', 'head': 3}, 'verb': {'upos': 'VERB', 'text': 'geben', 'id': 3, 'deprel': 'root', 'head': 0}, 'object': {'upos': 'NOUN', 'text': 'Informationen', 'id': 6, 'deprel': 'obj', 'head': 3}}, {'subject': {'upos': 'PROPN', 'text': 'Schottland', 'id': 10, 'deprel': 'nsubj', 'head': 13}, 'object': {'upos': 'NOUN', 'text': 'Klimawandel', 'id': 12, 'deprel': 'obj', 'head': 13}, 'verb': {'upos': 'VERB', 'text': 'bekämpft', 'id': 13, 'deprel': 'ccomp', 'head': 3}}]","['SVO', 'SOV']"
1587,"Die Texte geben keine spezifischen Informationen darüber, welche Nationalität die Kommunisten hauptsächlich hatten.",2,"[{'subject': {'upos': 'NOUN', 'text': 'Texte', 'id': 2, 'deprel': 'nsubj', 'head': 3}, 'verb': {'upos': 'VERB', 'text': 'geben', 'id': 3, 'deprel': 'root', 'head': 0}, 'object': {'upos': 'NOUN', 'text': 'Informationen', 'id': 6, 'deprel': 'obj', 'head': 3}}, {'subject': {'upos': 'NOUN', 'text': 'Nationalität', 'id': 10, 'deprel': 'nsubj', 'head': 14}, 'object': {'upos': 'NOUN', 'text': 'Kommunisten', 'id': 12, 'deprel': 'obj', 'head': 14}, 'verb': {'upos': 'VERB', 'text': 'hatten', 'id': 14, 'deprel': 'ccomp', 'head': 6}}]","['SVO', 'SOV']"
490,"Die Texte geben keine spezifische Anzahl von Avataren an, die Vishnu repräsentieren.",2,"[{'subject': {'upos': 'NOUN', 'text': 'Texte', 'id': 2, 'deprel': 'nsubj', 'head': 3}, 'verb': {'upos': 'VERB', 'text': 'geben', 'id': 3, 'deprel': 'root', 'head': 0}, 'object': {'upos': 'NOUN', 'text': 'Anzahl', 'id': 6, 'deprel': 'obj', 'head': 3}}, {'subject': {'upos': 'PRON', 'text': 'die', 'id': 11, 'deprel': 'nsubj', 'head': 13}, 'object': {'upos': 'PROPN', 'text': 'Vishnu', 'id': 12, 'deprel': 'obj', 'head': 13}, 'verb': {'upos': 'VERB', 'text': 'repräsentieren', 'id': 13, 'deprel': 'acl', 'head': 6}}]","['SVO', 'SOV']"
1921,"Die Sowjetunion musste im Zweiten Weltkrieg gegenüber den Deutschen das Territorium aufgeben, das sie 1939 an sich gerissen hatte.",2,"[{'subject': {'upos': 'PROPN', 'text': 'Sowjetunion', 'id': 2, 'deprel': 'nsubj', 'head': 13}, 'object': {'upos': 'NOUN', 'text': 'Territorium', 'id': 12, 'deprel': 'obj', 'head': 13}, 'verb': {'upos': 'VERB', 'text': 'aufgeben', 'id': 13, 'deprel': 'root', 'head': 0}}, {'object': {'upos': 'PRON', 'text': 'das', 'id': 15, 'deprel': 'obj', 'head': 20}, 'subject': {'upos': 'PRON', 'text': 'sie', 'id': 16, 'deprel': 'nsubj', 'head': 20}, 'verb': {'upos': 'VERB', 'text': 'gerissen', 'id': 20, 'deprel': 'acl', 'head': 12}}]","['SOV', 'OSV']"
1345,"Die Modifikation des ENIAC zu einem Computer mit Befehlsspeicher verlangsamte seine Rechenleistung auf 1/6, aber es verringerte die Dauer des Umprogrammierens, sodass insgesamt ein Zeitgewinn erzielt wurde.",2,"[{'subject': {'upos': 'NOUN', 'text': 'Modifikation', 'id': 2, 'deprel': 'nsubj', 'head': 10}, 'verb': {'upos': 'VERB', 'text': 'verlangsamte', 'id': 10, 'deprel': 'root', 'head': 0}, 'object': {'upos': 'NOUN', 'text': 'Rechenleistung', 'id': 12, 'deprel': 'obj', 'head': 10}}, {'subject': {'upos': 'PRON', 'text': 'es', 'id': 17, 'deprel': 'nsubj', 'head': 18}, 'verb': {'upos': 'VERB', 'text': 'verringerte', 'id': 18, 'deprel': 'conj', 'head': 10}, 'object': {'upos': 'NOUN', 'text': 'Dauer', 'id': 20, 'deprel': 'obj', 'head': 18}}]","['SVO', 'SVO']"
1974,Die kaiserlichen Beamten behielten ihre Stellungen und setzten ihre Arbeit zum großen Teil unverändert fort.,2,"[{'subject': {'upos': 'NOUN', 'text': 'Beamten', 'id': 3, 'deprel': 'nsubj', 'head': 4}, 'verb': {'upos': 'VERB', 'text': 'behielten', 'id': 4, 'deprel': 'root', 'head': 0}, 'object': {'upos': 'NOUN', 'text': 'Stellungen', 'id': 6, 'deprel': 'obj', 'head': 4}}, {'subject': {'upos': 'NOUN', 'text': 'Beamten', 'id': 3, 'deprel': 'nsubj', 'head': 4}, 'verb': {'upos': 'VERB', 'text': 'setzten', 'id': 8, 'deprel': 'conj', 'head': 4}, 'object': {'upos': 'NOUN', 'text': 'Arbeit', 'id': 10, 'deprel': 'obj', 'head': 8}}]","['SVO', 'SVO']"
1855,Die HomO-Behörde untersuchte Beschwerden und reichte die Klagen ein.,2,"[{'subject': {'upos': 'PROPN', 'text': 'HomO', 'id': 2, 'deprel': 'nsubj', 'head': 5}, 'verb': {'upos': 'VERB', 'text': 'untersuchte', 'id': 5, 'deprel': 'root', 'head': 0}, 'object': {'upos': 'NOUN', 'text': 'Beschwerden', 'id': 6, 'deprel': 'obj', 'head': 5}}, {'subject': {'upos': 'PROPN', 'text': 'HomO', 'id': 2, 'deprel': 'nsubj', 'head': 5}, 'verb': {'upos': 'VERB', 'text': 'reichte', 'id': 8, 'deprel': 'conj', 'head': 5}, 'object': {'upos': 'NOUN', 'text': 'Klagen', 'id': 10, 'deprel': 'obj', 'head': 8}}]","['SVO', 'SVO']"
5,Die feineren Aschepartikel bewirkten Kurzschlüsse in Transformatoren und zogen so Stromausfälle nach sich.,2,"[{'subject': {'upos': 'NOUN', 'text': 'Aschepartikel', 'id': 3, 'deprel': 'nsubj', 'head': 4}, 'verb': {'upos': 'VERB', 'text': 'bewirkten', 'id': 4, 'deprel': 'root', 'head': 0}, 'object': {'upos': 'NOUN', 'text': 'Kurzschlüsse', 'id': 5, 'deprel': 'obj', 'head': 4}}, {'subject': {'upos': 'NOUN', 'text': 'Aschepartikel', 'id': 3, 'deprel': 'nsubj', 'head': 4}, 'verb': {'upos': 'VERB', 'text': 'zogen', 'id': 9, 'deprel': 'conj', 'head': 4}, 'object': {'upos': 'NOUN', 'text': 'Stromausfälle', 'id': 11, 'deprel': 'obj', 'head': 9}}]","['SVO', 'SVO']"
1939,"Die Familie, für die Rozas Mutter arbeitete, hatte einen reichen Status, da sie eine Magd beschäftigte.",2,"[{'subject': {'upos': 'NOUN', 'text': 'Familie', 'id': 2, 'deprel': 'nsubj', 'head': 10}, 'verb': {'upos': 'VERB', 'text': 'hatte', 'id': 10, 'deprel': 'root', 'head': 0}, 'object': {'upos': 'NOUN', 'text': 'Status', 'id': 13, 'deprel': 'obj', 'head': 10}}, {'subject': {'upos': 'PRON', 'text': 'sie', 'id': 16, 'deprel': 'nsubj', 'head': 19}, 'object': {'upos': 'NOUN', 'text': 'Magd', 'id': 18, 'deprel': 'obj', 'head': 19}, 'verb': {'upos': 'VERB', 'text': 'beschäftigte', 'id': 19, 'deprel': 'advcl', 'head': 10}}]","['SVO', 'SOV']"
15,Die Colgates theologische Abteilung fügte sich nach der Fusion 1928 dem Rochester Theological Seminary zusammen und bildete die Colgate Rochester Divinity School.,2,"[{'subject': {'upos': 'NOUN', 'text': 'Abteilung', 'id': 4, 'deprel': 'nsubj', 'head': 5}, 'verb': {'upos': 'VERB', 'text': 'fügte', 'id': 5, 'deprel': 'root', 'head': 0}, 'object': {'upos': 'PRON', 'text': 'sich', 'id': 6, 'deprel': 'obj', 'head': 5}}, {'subject': {'upos': 'NOUN', 'text': 'Abteilung', 'id': 4, 'deprel': 'nsubj', 'head': 5}, 'verb': {'upos': 'VERB', 'text': 'bildete', 'id': 17, 'deprel': 'conj', 'head': 5}, 'object': {'upos': 'PROPN', 'text': 'Colgate', 'id': 19, 'deprel': 'obj', 'head': 17}}]","['SVO', 'SVO']"
1906,"Die beschriebenen Stare ernähren sich vorwiegend von Insekten und Früchten und werden oft als Allesfresser angesehen, was darauf hindeutet, dass sie sowohl Pflanzen als auch Tiere essen.",2,"[{'subject': {'upos': 'NOUN', 'text': 'Stare', 'id': 3, 'deprel': 'nsubj', 'head': 4}, 'verb': {'upos': 'VERB', 'text': 'ernähren', 'id': 4, 'deprel': 'root', 'head': 0}, 'object': {'upos': 'PRON', 'text': 'sich', 'id': 5, 'deprel': 'obj', 'head': 4}}, {'subject': {'upos': 'PRON', 'text': 'sie', 'id': 23, 'deprel': 'nsubj', 'head': 29}, 'object': {'upos': 'NOUN', 'text': 'Pflanzen', 'id': 25, 'deprel': 'obj', 'head': 29}, 'verb': {'upos': 'VERB', 'text': 'essen', 'id': 29, 'deprel': 'acl', 'head': 19}}]","['SVO', 'SOV']"
1115,"Die Bedeutung des Namens Provinz Nakhon Nayok leitet sich vom Wort ""Na Yok"" ab, was etwa ""Stadt ohne Reisfeld-Steuer"" bedeutet.",2,"[{'subject': {'upos': 'NOUN', 'text': 'Bedeutung', 'id': 2, 'deprel': 'nsubj', 'head': 8}, 'verb': {'upos': 'VERB', 'text': 'leitet', 'id': 8, 'deprel': 'root', 'head': 0}, 'object': {'upos': 'PRON', 'text': 'sich', 'id': 9, 'deprel': 'obj', 'head': 8}}, {'subject': {'upos': 'PRON', 'text': 'was', 'id': 19, 'deprel': 'nsubj', 'head': 28}, 'object': {'upos': 'NOUN', 'text': 'Stadt', 'id': 22, 'deprel': 'obj', 'head': 28}, 'verb': {'upos': 'VERB', 'text': 'bedeutet', 'id': 28, 'deprel': 'acl', 'head': 12}}]","['SVO', 'SOV']"
1965,Die Arbeiter- und Soldatenräte entmachten die militärischen Generalkommandos und schufen Oberaufsicht über die bisherigen Behörden.,2,"[{'subject': {'upos': 'NOUN', 'text': 'Arbeiter', 'id': 2, 'deprel': 'nsubj', 'head': 6}, 'verb': {'upos': 'VERB', 'text': 'entmachten', 'id': 6, 'deprel': 'root', 'head': 0}, 'object': {'upos': 'NOUN', 'text': 'Generalkommandos', 'id': 9, 'deprel': 'obj', 'head': 6}}, {'subject': {'upos': 'NOUN', 'text': 'Arbeiter', 'id': 2, 'deprel': 'nsubj', 'head': 6}, 'verb': {'upos': 'VERB', 'text': 'schufen', 'id': 11, 'deprel': 'conj', 'head': 6}, 'object': {'upos': 'NOUN', 'text': 'Oberaufsicht', 'id': 12, 'deprel': 'obj', 'head': 11}}]","['SVO', 'SVO']"
1205,"Die angegebenen Textabschnitte geben keine spezifischen Informationen darüber, wie viele Hauptbestäubungsmethoden Blüten haben.",2,"[{'subject': {'upos': 'NOUN', 'text': 'Textabschnitte', 'id': 3, 'deprel': 'nsubj', 'head': 4}, 'verb': {'upos': 'VERB', 'text': 'geben', 'id': 4, 'deprel': 'root', 'head': 0}, 'object': {'upos': 'NOUN', 'text': 'Informationen', 'id': 7, 'deprel': 'obj', 'head': 4}}, {'subject': {'upos': 'NOUN', 'text': 'Hauptbestäubungsmethoden', 'id': 12, 'deprel': 'nsubj', 'head': 14}, 'object': {'upos': 'NOUN', 'text': 'Blüten', 'id': 13, 'deprel': 'obj', 'head': 14}, 'verb': {'upos': 'VERB', 'text': 'haben', 'id': 14, 'deprel': 'ccomp', 'head': 7}}]","['SVO', 'SOV']"
347,"Der Text gibt keine spezifischen Informationen über den militärischen Rang des spanischen Kommandanten, der Wilkinsons Streitmacht keinen Widerstand leistete.",2,"[{'subject': {'upos': 'NOUN', 'text': 'Text', 'id': 2, 'deprel': 'nsubj', 'head': 3}, 'verb': {'upos': 'VERB', 'text': 'gibt', 'id': 3, 'deprel': 'root', 'head': 0}, 'object': {'upos': 'NOUN', 'text': 'Informationen', 'id': 6, 'deprel': 'obj', 'head': 3}}, {'subject': {'upos': 'PRON', 'text': 'der', 'id': 15, 'deprel': 'nsubj', 'head': 20}, 'object': {'upos': 'NOUN', 'text': 'Streitmacht', 'id': 17, 'deprel': 'obj', 'head': 20}, 'verb': {'upos': 'VERB', 'text': 'leistete', 'id': 20, 'deprel': 'acl', 'head': 13}}]","['SVO', 'SOV']"
187,"Der Text gibt keine Informationen darüber, wie oft der Mossad vergebliche Versuche unternommen hat, Salameh umzubringen.",2,"[{'subject': {'upos': 'NOUN', 'text': 'Text', 'id': 2, 'deprel': 'nsubj', 'head': 3}, 'verb': {'upos': 'VERB', 'text': 'gibt', 'id': 3, 'deprel': 'root', 'head': 0}, 'object': {'upos': 'NOUN', 'text': 'Informationen', 'id': 5, 'deprel': 'obj', 'head': 3}}, {'subject': {'upos': 'PROPN', 'text': 'Mossad', 'id': 11, 'deprel': 'nsubj', 'head': 14}, 'object': {'upos': 'NOUN', 'text': 'Versuche', 'id': 13, 'deprel': 'obj', 'head': 14}, 'verb': {'upos': 'VERB', 'text': 'unternommen', 'id': 14, 'deprel': 'ccomp', 'head': 5}}]","['SVO', 'SOV']"
1897,"Der Spieler wurde entweder im darauf folgenden Spiel gesperrt, wenn er eine zweite Gelbe Karte erhielt, oder für das nächste Spiel gesperrt, wenn er eine Rot Karte erhielt.",2,"[{'subject': {'upos': 'PRON', 'text': 'er', 'id': 13, 'deprel': 'nsubj', 'head': 18}, 'object': {'upos': 'NOUN', 'text': 'Karte', 'id': 17, 'deprel': 'obj', 'head': 18}, 'verb': {'upos': 'VERB', 'text': 'erhielt', 'id': 18, 'deprel': 'advcl', 'head': 10}}, {'subject': {'upos': 'PRON', 'text': 'er', 'id': 28, 'deprel': 'nsubj', 'head': 32}, 'object': {'upos': 'PROPN', 'text': 'Rot', 'id': 30, 'deprel': 'obj', 'head': 32}, 'verb': {'upos': 'VERB', 'text': 'erhielt', 'id': 32, 'deprel': 'advcl', 'head': 25}}]","['SOV', 'SOV']"
1411,"Der Krieg von Netscape beendete sich, als Netscape verkauft wurde und offiziell die Führung in den Browser-Kriegen an Microsoft abgab.",2,"[{'subject': {'upos': 'NOUN', 'text': 'Krieg', 'id': 2, 'deprel': 'nsubj', 'head': 5}, 'verb': {'upos': 'VERB', 'text': 'beendete', 'id': 5, 'deprel': 'root', 'head': 0}, 'object': {'upos': 'PRON', 'text': 'sich', 'id': 6, 'deprel': 'obj', 'head': 5}}, {'subject': {'upos': 'PROPN', 'text': 'Netscape', 'id': 9, 'deprel': 'nsubj:pass', 'head': 10}, 'object': {'upos': 'NOUN', 'text': 'Führung', 'id': 15, 'deprel': 'obj', 'head': 23}, 'verb': {'upos': 'VERB', 'text': 'abgab', 'id': 23, 'deprel': 'conj', 'head': 10}}]","['SVO', 'SOV']"
367,"Das nationalen Wappen enthält eine Scheibe, in der sich zwei Drachen um das Rad eines doppelten Vajra drehen.",2,"[{'subject': {'upos': 'NOUN', 'text': 'Wappen', 'id': 3, 'deprel': 'nsubj', 'head': 4}, 'verb': {'upos': 'VERB', 'text': 'enthält', 'id': 4, 'deprel': 'root', 'head': 0}, 'object': {'upos': 'NOUN', 'text': 'Scheibe', 'id': 6, 'deprel': 'obj', 'head': 4}}, {'object': {'upos': 'PRON', 'text': 'sich', 'id': 10, 'deprel': 'obj', 'head': 19}, 'subject': {'upos': 'NOUN', 'text': 'Drachen', 'id': 12, 'deprel': 'nsubj', 'head': 19}, 'verb': {'upos': 'VERB', 'text': 'drehen', 'id': 19, 'deprel': 'acl', 'head': 6}}]","['SVO', 'OSV']"
1937,"Das Grove-Element wurde dem Daniell-Element vorzuziehen, weil es eine höhere Spannung von 1,9 V hatte, was zuverlässigere Telegrafieverbindungen ermöglichte.",2,"[{'subject': {'upos': 'PRON', 'text': 'es', 'id': 13, 'deprel': 'nsubj', 'head': 20}, 'object': {'upos': 'NOUN', 'text': 'Spannung', 'id': 16, 'deprel': 'obj', 'head': 20}, 'verb': {'upos': 'VERB', 'text': 'hatte', 'id': 20, 'deprel': 'advcl', 'head': 10}}, {'subject': {'upos': 'PRON', 'text': 'was', 'id': 22, 'deprel': 'nsubj', 'head': 25}, 'object': {'upos': 'NOUN', 'text': 'Telegrafieverbindungen', 'id': 24, 'deprel': 'obj', 'head': 25}, 'verb': {'upos': 'VERB', 'text': 'ermöglichte', 'id': 25, 'deprel': 'acl', 'head': 20}}]","['SOV', 'SOV']"
676,"Christen sollten Dankbarkeit verspüren, wenn sie Gott verehren.",2,"[{'subject': {'upos': 'NOUN', 'text': 'Christen', 'id': 1, 'deprel': 'nsubj', 'head': 4}, 'object': {'upos': 'NOUN', 'text': 'Dankbarkeit', 'id': 3, 'deprel': 'obj', 'head': 4}, 'verb': {'upos': 'VERB', 'text': 'verspüren', 'id': 4, 'deprel': 'root', 'head': 0}}, {'subject': {'upos': 'PRON', 'text': 'sie', 'id': 7, 'deprel': 'nsubj', 'head': 9}, 'object': {'upos': 'NOUN', 'text': 'Gott', 'id': 8, 'deprel': 'obj', 'head': 9}, 'verb': {'upos': 'VERB', 'text': 'verehren', 'id': 9, 'deprel': 'advcl', 'head': 4}}]","['SOV', 'SOV']"
101,"Bond tötet zwei Männer, die planen, ein vollbesetztes Stadion in die Luft zu sprengen, da es sich um Terroristen handelt.",2,"[{'subject': {'upos': 'PROPN', 'text': 'Bond', 'id': 1, 'deprel': 'nsubj', 'head': 2}, 'verb': {'upos': 'VERB', 'text': 'tötet', 'id': 2, 'deprel': 'root', 'head': 0}, 'object': {'upos': 'NOUN', 'text': 'Männer', 'id': 4, 'deprel': 'obj', 'head': 2}}, {'subject': {'upos': 'PRON', 'text': 'es', 'id': 19, 'deprel': 'nsubj', 'head': 23}, 'object': {'upos': 'PRON', 'text': 'sich', 'id': 20, 'deprel': 'obj', 'head': 23}, 'verb': {'upos': 'VERB', 'text': 'handelt', 'id': 23, 'deprel': 'advcl', 'head': 16}}]","['SVO', 'SOV']"
1995,"Boioannes baute eine Festung auf einem Pass der Apenninen und setzte normannische Söldner ein, um den Eingang in die apulische Ebene zu sichern.",2,"[{'subject': {'upos': 'PROPN', 'text': 'Boioannes', 'id': 1, 'deprel': 'nsubj', 'head': 2}, 'verb': {'upos': 'VERB', 'text': 'baute', 'id': 2, 'deprel': 'root', 'head': 0}, 'object': {'upos': 'NOUN', 'text': 'Festung', 'id': 4, 'deprel': 'obj', 'head': 2}}, {'subject': {'upos': 'PROPN', 'text': 'Boioannes', 'id': 1, 'deprel': 'nsubj', 'head': 2}, 'verb': {'upos': 'VERB', 'text': 'setzte', 'id': 11, 'deprel': 'conj', 'head': 2}, 'object': {'upos': 'NOUN', 'text': 'Söldner', 'id': 13, 'deprel': 'obj', 'head': 11}}]","['SVO', 'SVO']"
377,"Zunächst beruft der Bookerpreisstiftung ein Beirat, der die Juroren aus Meinungsführern der Literaturkritiker, Schriftsteller, Literaturwissenschaftler und öffentlichen Persönlichkeiten auswählt.",1,"[{'subject': {'upos': 'PRON', 'text': 'der', 'id': 8, 'deprel': 'nsubj', 'head': 22}, 'object': {'upos': 'NOUN', 'text': 'Juroren', 'id': 10, 'deprel': 'obj', 'head': 22}, 'verb': {'upos': 'VERB', 'text': 'auswählt', 'id': 22, 'deprel': 'acl', 'head': 6}}]",['SOV']
1433,Zuerst führt der Arzt eine visuelle Inspektion des Perineums durch.,1,"[{'verb': {'upos': 'VERB', 'text': 'führt', 'id': 2, 'deprel': 'root', 'head': 0}, 'subject': {'upos': 'NOUN', 'text': 'Arzt', 'id': 4, 'deprel': 'nsubj', 'head': 2}, 'object': {'upos': 'NOUN', 'text': 'Inspektion', 'id': 7, 'deprel': 'obj', 'head': 2}}]",['VSO']
890,Zudem kann es bei internationalen Spielen und in der Bundesliga noch einen Vierten Offiziellen geben.,1,"[{'subject': {'upos': 'PRON', 'text': 'es', 'id': 3, 'deprel': 'nsubj', 'head': 15}, 'object': {'upos': 'NOUN', 'text': 'Offiziellen', 'id': 14, 'deprel': 'obj', 'head': 15}, 'verb': {'upos': 'VERB', 'text': 'geben', 'id': 15, 'deprel': 'root', 'head': 0}}]",['SOV']
461,"Zudem finden sie jeden November statt, wenn der Monarch das ausländische diplomatische Korps einlädt.",1,"[{'subject': {'upos': 'NOUN', 'text': 'Monarch', 'id': 10, 'deprel': 'nsubj', 'head': 15}, 'object': {'upos': 'NOUN', 'text': 'Korps', 'id': 14, 'deprel': 'obj', 'head': 15}, 'verb': {'upos': 'VERB', 'text': 'einlädt', 'id': 15, 'deprel': 'advcl', 'head': 2}}]",['SOV']
1352,Zadie Smith hat zwei jüngere Brüder.,1,"[{'subject': {'upos': 'PROPN', 'text': 'Zadie', 'id': 1, 'deprel': 'nsubj', 'head': 3}, 'verb': {'upos': 'VERB', 'text': 'hat', 'id': 3, 'deprel': 'root', 'head': 0}, 'object': {'upos': 'NOUN', 'text': 'Brüder', 'id': 6, 'deprel': 'obj', 'head': 3}}]",['SVO']
79,"Worth nutzte einen Diamantenhändler aus, bevor er nach London zog.",1,"[{'subject': {'upos': 'PROPN', 'text': 'Worth', 'id': 1, 'deprel': 'nsubj', 'head': 2}, 'verb': {'upos': 'VERB', 'text': 'nutzte', 'id': 2, 'deprel': 'root', 'head': 0}, 'object': {'upos': 'NOUN', 'text': 'Diamantenhändler', 'id': 4, 'deprel': 'obj', 'head': 2}}]",['SVO']
993,William Gilbert (W G) Grace hat die Battingtechnik im Cricket maßgeblich modernisiert.,1,"[{'subject': {'upos': 'PROPN', 'text': 'William', 'id': 1, 'deprel': 'nsubj', 'head': 15}, 'object': {'upos': 'NOUN', 'text': 'Battingtechnik', 'id': 10, 'deprel': 'obj', 'head': 15}, 'verb': {'upos': 'VERB', 'text': 'modernisiert', 'id': 15, 'deprel': 'root', 'head': 0}}]",['SOV']
1180,"Wilkes Land ist der größte Bereich des Australischen Antarktis-Territoriums und umfasst eine Fläche von etwa 2.600.000 Quadratkilometer, der sich eine Strecke von 2600 Kilometern bis zum Südpol erstreckt.",1,"[{'object': {'upos': 'PRON', 'text': 'sich', 'id': 22, 'deprel': 'obj', 'head': 32}, 'subject': {'upos': 'NOUN', 'text': 'Strecke', 'id': 24, 'deprel': 'nsubj', 'head': 32}, 'verb': {'upos': 'VERB', 'text': 'erstreckt', 'id': 32, 'deprel': 'acl', 'head': 19}}]",['OSV']
657,Westliche Muster wie Boeing 737 und Airbus A320 ersetzten die sowjetischen Flugzeuge.,1,"[{'subject': {'upos': 'NOUN', 'text': 'Muster', 'id': 2, 'deprel': 'nsubj', 'head': 9}, 'verb': {'upos': 'VERB', 'text': 'ersetzten', 'id': 9, 'deprel': 'root', 'head': 0}, 'object': {'upos': 'NOUN', 'text': 'Flugzeuge', 'id': 12, 'deprel': 'obj', 'head': 9}}]",['SVO']
877,"Wenn zwei Router dieselbe Priorität haben, gewinnt der Router mit der höheren Router-ID.",1,"[{'subject': {'upos': 'NOUN', 'text': 'Router', 'id': 3, 'deprel': 'nsubj', 'head': 6}, 'object': {'upos': 'NOUN', 'text': 'Priorität', 'id': 5, 'deprel': 'obj', 'head': 6}, 'verb': {'upos': 'VERB', 'text': 'haben', 'id': 6, 'deprel': 'advcl', 'head': 8}}]",['SOV']
878,"Wenn der aktuelle DR ausfällt, übernimmt der BDR nahtlos dessen Rolle ohne einen erneuten Wahlvorgang zu initiieren.",1,"[{'verb': {'upos': 'VERB', 'text': 'übernimmt', 'id': 7, 'deprel': 'root', 'head': 0}, 'subject': {'upos': 'PROPN', 'text': 'BDR', 'id': 9, 'deprel': 'nsubj', 'head': 7}, 'object': {'upos': 'NOUN', 'text': 'Rolle', 'id': 12, 'deprel': 'obj', 'head': 7}}]",['VSO']
1255,Weltweit hat Megadeth bisher mehr als 25 Millionen Alben verkauft.,1,"[{'subject': {'upos': 'PROPN', 'text': 'Megadeth', 'id': 3, 'deprel': 'nsubj', 'head': 10}, 'object': {'upos': 'NOUN', 'text': 'Alben', 'id': 9, 'deprel': 'obj', 'head': 10}, 'verb': {'upos': 'VERB', 'text': 'verkauft', 'id': 10, 'deprel': 'root', 'head': 0}}]",['SOV']
1570,Weltbank und Internationaler Währungsfonds (IWF) gewährten Georgien 1995 Kredite.,1,"[{'subject': {'upos': 'PROPN', 'text': 'Weltbank', 'id': 1, 'deprel': 'nsubj', 'head': 8}, 'verb': {'upos': 'VERB', 'text': 'gewährten', 'id': 8, 'deprel': 'root', 'head': 0}, 'object': {'upos': 'PROPN', 'text': 'Georgien', 'id': 9, 'deprel': 'obj', 'head': 8}}]",['SVO']
433,Weißbrauengibbons haben bei der Geburt ein milchig-weißes Fell.,1,"[{'subject': {'upos': 'NOUN', 'text': 'Weißbrauengibbons', 'id': 1, 'deprel': 'nsubj', 'head': 2}, 'verb': {'upos': 'VERB', 'text': 'haben', 'id': 2, 'deprel': 'root', 'head': 0}, 'object': {'upos': 'NOUN', 'text': 'Fell', 'id': 10, 'deprel': 'obj', 'head': 2}}]",['SVO']
1871,"Während Portugals Vorsitz im Rat der Europäischen Union im zweiten Halbjahr 2007, fokussierte sich das Land insbesondere auf den Dialog mit Afrika und die Stärkung der Wettbewerbsfähigkeit der europäischen Wirtschaft.",1,"[{'subject': {'upos': 'NOUN', 'text': 'Vorsitz', 'id': 3, 'deprel': 'nsubj', 'head': 16}, 'verb': {'upos': 'VERB', 'text': 'fokussierte', 'id': 16, 'deprel': 'root', 'head': 0}, 'object': {'upos': 'PRON', 'text': 'sich', 'id': 17, 'deprel': 'obj', 'head': 16}}]",['SVO']
1803,"Während der Saïtenzeit-Dynastie wurde im östlichen Teil des Totentempels ein großes Schachtgrab angelegt, was zu starkem Zerstörungschaos führte und den Tempel schwer zu rekonstruieren machte.",1,"[{'subject': {'upos': 'PRON', 'text': 'was', 'id': 18, 'deprel': 'nsubj', 'head': 22}, 'object': {'upos': 'NOUN', 'text': 'Tempel', 'id': 25, 'deprel': 'obj', 'head': 29}, 'verb': {'upos': 'VERB', 'text': 'machte', 'id': 29, 'deprel': 'conj', 'head': 22}}]",['SOV']
574,VSMPO-AVISMA produziert dieses Übergangsmetall.,1,"[{'subject': {'upos': 'PROPN', 'text': 'VSMPO-AVISMA', 'id': 1, 'deprel': 'nsubj', 'head': 2}, 'verb': {'upos': 'VERB', 'text': 'produziert', 'id': 2, 'deprel': 'root', 'head': 0}, 'object': {'upos': 'NOUN', 'text': 'Übergangsmetall', 'id': 4, 'deprel': 'obj', 'head': 2}}]",['SVO']
1547,"Vor seiner Tätigkeit als CEO der Hainan Cihang Charity Foundation leitete Rösler ab 2014 den Geschäftsführerposten und war Vorstandsmitglied der Stiftung World Economic Forum (WEF) in Cologny, Schweiz.",1,"[{'verb': {'upos': 'VERB', 'text': 'leitete', 'id': 11, 'deprel': 'root', 'head': 0}, 'subject': {'upos': 'PROPN', 'text': 'Rösler', 'id': 12, 'deprel': 'nsubj', 'head': 11}, 'object': {'upos': 'NOUN', 'text': 'Geschäftsführerposten', 'id': 16, 'deprel': 'obj', 'head': 11}}]",['VSO']
412,Von Kool & the Gang hat sie ein Lied gecovert.,1,"[{'subject': {'upos': 'PRON', 'text': 'sie', 'id': 7, 'deprel': 'nsubj', 'head': 10}, 'object': {'upos': 'NOUN', 'text': 'Lied', 'id': 9, 'deprel': 'obj', 'head': 10}, 'verb': {'upos': 'VERB', 'text': 'gecovert', 'id': 10, 'deprel': 'root', 'head': 0}}]",['SOV']
1463,Von 2002 bis 2006 leitete ar-Razzaz die Niederlassung der Weltbank im Libanon.,1,"[{'verb': {'upos': 'VERB', 'text': 'leitete', 'id': 5, 'deprel': 'root', 'head': 0}, 'subject': {'upos': 'PROPN', 'text': 'ar', 'id': 6, 'deprel': 'nsubj', 'head': 5}, 'object': {'upos': 'NOUN', 'text': 'Niederlassung', 'id': 10, 'deprel': 'obj', 'head': 5}}]",['VSO']
125,"Vologaeses versammelte Kavallerieeinheiten unter dem Befehl Monaeses' und Infanteristen aus Adiabene, um Trdat zu unterstützen und wieder als armenischer König zu krönen.",1,"[{'subject': {'upos': 'PROPN', 'text': 'Vologaeses', 'id': 1, 'deprel': 'nsubj', 'head': 2}, 'verb': {'upos': 'VERB', 'text': 'versammelte', 'id': 2, 'deprel': 'root', 'head': 0}, 'object': {'upos': 'NOUN', 'text': 'Kavallerieeinheiten', 'id': 3, 'deprel': 'obj', 'head': 2}}]",['SVO']
1195,Vijay gab die Liebe zur Familie auf.,1,"[{'subject': {'upos': 'PROPN', 'text': 'Vijay', 'id': 1, 'deprel': 'nsubj', 'head': 2}, 'verb': {'upos': 'VERB', 'text': 'gab', 'id': 2, 'deprel': 'root', 'head': 0}, 'object': {'upos': 'NOUN', 'text': 'Liebe', 'id': 4, 'deprel': 'obj', 'head': 2}}]",['SVO']
499,Viele seiner frühen Werke ernteten hohes Kritikerlob.,1,"[{'subject': {'upos': 'DET', 'text': 'Viele', 'id': 1, 'deprel': 'nsubj', 'head': 5}, 'verb': {'upos': 'VERB', 'text': 'ernteten', 'id': 5, 'deprel': 'root', 'head': 0}, 'object': {'upos': 'NOUN', 'text': 'Kritikerlob', 'id': 7, 'deprel': 'obj', 'head': 5}}]",['SVO']
1675,"Victoria lernte Bibelkunde, Geschichte, Geographie und den Spracherwerb bei ihrem privaten Lehrer George Davys.",1,"[{'subject': {'upos': 'PROPN', 'text': 'Victoria', 'id': 1, 'deprel': 'nsubj', 'head': 2}, 'verb': {'upos': 'VERB', 'text': 'lernte', 'id': 2, 'deprel': 'root', 'head': 0}, 'object': {'upos': 'NOUN', 'text': 'Bibelkunde', 'id': 3, 'deprel': 'obj', 'head': 2}}]",['SVO']
139,"Trotz ihrer numerischen Überlegenheit war al-Afdals Armee kaum so stark oder gefährlich wie die Seldschuken, die die Kreuzfahrer zuvor getroffen hatten.ngenommen wird, dass die Kreuzfahrer stärker waren.",1,"[{'subject': {'upos': 'PRON', 'text': 'die', 'id': 19, 'deprel': 'nsubj', 'head': 23}, 'object': {'upos': 'NOUN', 'text': 'Kreuzfahrer', 'id': 21, 'deprel': 'obj', 'head': 23}, 'verb': {'upos': 'VERB', 'text': 'getroffen', 'id': 23, 'deprel': 'acl', 'head': 17}}]",['SOV']
1994,Tornikios hatte das zweite Kommando.,1,"[{'subject': {'upos': 'PROPN', 'text': 'Tornikios', 'id': 1, 'deprel': 'nsubj', 'head': 2}, 'verb': {'upos': 'VERB', 'text': 'hatte', 'id': 2, 'deprel': 'root', 'head': 0}, 'object': {'upos': 'NOUN', 'text': 'Kommando', 'id': 5, 'deprel': 'obj', 'head': 2}}]",['SVO']
616,"Tony Stark informiert Ross, wenn ein Team zusammengestellt wird.",1,"[{'subject': {'upos': 'PROPN', 'text': 'Tony', 'id': 1, 'deprel': 'nsubj', 'head': 3}, 'verb': {'upos': 'VERB', 'text': 'informiert', 'id': 3, 'deprel': 'root', 'head': 0}, 'object': {'upos': 'PROPN', 'text': 'Ross', 'id': 4, 'deprel': 'obj', 'head': 3}}]",['SVO']
429,"Tina gibt Rohan frei, damit Raj und Pooja heiraten können.",1,"[{'subject': {'upos': 'PROPN', 'text': 'Tina', 'id': 1, 'deprel': 'nsubj', 'head': 2}, 'verb': {'upos': 'VERB', 'text': 'gibt', 'id': 2, 'deprel': 'root', 'head': 0}, 'object': {'upos': 'PROPN', 'text': 'Rohan', 'id': 3, 'deprel': 'obj', 'head': 2}}]",['SVO']
144,Thrasybulos eroberte Byzantion (Istanbul).,1,"[{'subject': {'upos': 'PROPN', 'text': 'Thrasybulos', 'id': 1, 'deprel': 'nsubj', 'head': 2}, 'verb': {'upos': 'VERB', 'text': 'eroberte', 'id': 2, 'deprel': 'root', 'head': 0}, 'object': {'upos': 'PROPN', 'text': 'Byzantion', 'id': 3, 'deprel': 'obj', 'head': 2}}]",['SVO']
1816,Theodorik wollte durch den Angriff auf Narbo Martius eine Verbindung zum Mittelmeer herstellen.,1,"[{'subject': {'upos': 'PROPN', 'text': 'Theodorik', 'id': 1, 'deprel': 'nsubj', 'head': 14}, 'object': {'upos': 'NOUN', 'text': 'Verbindung', 'id': 10, 'deprel': 'obj', 'head': 14}, 'verb': {'upos': 'VERB', 'text': 'herstellen', 'id': 14, 'deprel': 'root', 'head': 0}}]",['SOV']
1989,Theodor Wolff hat sich in einem Artikel vom 10.,1,"[{'subject': {'upos': 'PROPN', 'text': 'Theodor', 'id': 1, 'deprel': 'nsubj', 'head': 3}, 'verb': {'upos': 'VERB', 'text': 'hat', 'id': 3, 'deprel': 'root', 'head': 0}, 'object': {'upos': 'PRON', 'text': 'sich', 'id': 4, 'deprel': 'obj', 'head': 3}}]",['SVO']
1956,Tess gibt sich unter dem Namen Mrs.,1,"[{'subject': {'upos': 'PROPN', 'text': 'Tess', 'id': 1, 'deprel': 'nsubj', 'head': 2}, 'verb': {'upos': 'VERB', 'text': 'gibt', 'id': 2, 'deprel': 'root', 'head': 0}, 'object': {'upos': 'PRON', 'text': 'sich', 'id': 3, 'deprel': 'obj', 'head': 2}}]",['SVO']
1955,"Tess geht ins Schlafzimmer und kniet sich hin, während sie bitter klagt.",1,"[{'subject': {'upos': 'PROPN', 'text': 'Tess', 'id': 1, 'deprel': 'nsubj', 'head': 2}, 'verb': {'upos': 'VERB', 'text': 'kniet', 'id': 7, 'deprel': 'conj', 'head': 2}, 'object': {'upos': 'PRON', 'text': 'sich', 'id': 8, 'deprel': 'obj', 'head': 7}}]",['SVO']
1613,Tennō Hirohito setzte dem Krieg ein Ende.,1,"[{'subject': {'upos': 'PROPN', 'text': 'Tennō', 'id': 1, 'deprel': 'nsubj', 'head': 3}, 'verb': {'upos': 'VERB', 'text': 'setzte', 'id': 3, 'deprel': 'root', 'head': 0}, 'object': {'upos': 'NOUN', 'text': 'Ende', 'id': 7, 'deprel': 'obj', 'head': 3}}]",['SVO']
1612,Tennō Hirohito kündigte die Kapitulation Japans im Zweiten Weltkrieg an.,1,"[{'subject': {'upos': 'PROPN', 'text': 'Tennō', 'id': 1, 'deprel': 'nsubj', 'head': 3}, 'verb': {'upos': 'VERB', 'text': 'kündigte', 'id': 3, 'deprel': 'root', 'head': 0}, 'object': {'upos': 'NOUN', 'text': 'Kapitulation', 'id': 5, 'deprel': 'obj', 'head': 3}}]",['SVO']
1441,"Ted Elliott und Terry Rossio haben das Drehbuch für den Film ""Pirates of the Caribbean – Fluch der Karibik 2"" geschrieben.",1,"[{'subject': {'upos': 'PROPN', 'text': 'Ted', 'id': 1, 'deprel': 'nsubj', 'head': 23}, 'object': {'upos': 'NOUN', 'text': 'Drehbuch', 'id': 8, 'deprel': 'obj', 'head': 23}, 'verb': {'upos': 'VERB', 'text': 'geschrieben', 'id': 23, 'deprel': 'root', 'head': 0}}]",['SOV']
1289,"Swarup studierte Moderne Geschichte, Psychologie und Philosophie an der Allahabad University.",1,"[{'subject': {'upos': 'PROPN', 'text': 'Swarup', 'id': 1, 'deprel': 'nsubj', 'head': 2}, 'verb': {'upos': 'VERB', 'text': 'studierte', 'id': 2, 'deprel': 'root', 'head': 0}, 'object': {'upos': 'NOUN', 'text': 'Moderne', 'id': 3, 'deprel': 'obj', 'head': 2}}]",['SVO']
1380,"Suzanne Collins schrieb ""The Hunger Games"".",1,"[{'subject': {'upos': 'PROPN', 'text': 'Suzanne', 'id': 1, 'deprel': 'nsubj', 'head': 3}, 'verb': {'upos': 'VERB', 'text': 'schrieb', 'id': 3, 'deprel': 'root', 'head': 0}, 'object': {'upos': 'PROPN', 'text': 'Hunger', 'id': 6, 'deprel': 'obj', 'head': 3}}]",['SVO']
1049,Stowe hatte sieben Kinder.,1,"[{'subject': {'upos': 'PROPN', 'text': 'Stowe', 'id': 1, 'deprel': 'nsubj', 'head': 2}, 'verb': {'upos': 'VERB', 'text': 'hatte', 'id': 2, 'deprel': 'root', 'head': 0}, 'object': {'upos': 'NOUN', 'text': 'Kinder', 'id': 4, 'deprel': 'obj', 'head': 2}}]",['SVO']
1789,"Stechmücken wiegen etwa 2 bis 2,5 Milligramm.",1,"[{'subject': {'upos': 'NOUN', 'text': 'Stechmücken', 'id': 1, 'deprel': 'nsubj', 'head': 2}, 'verb': {'upos': 'VERB', 'text': 'wiegen', 'id': 2, 'deprel': 'root', 'head': 0}, 'object': {'upos': 'NOUN', 'text': 'Milligramm', 'id': 7, 'deprel': 'obj', 'head': 2}}]",['SVO']
1234,"Standard Oil of California verkauft diverse Ölstationen im Golf und eine Raffinerie an der Ostküste der USA, um den Ansprüchen der US-Kartellbehörden gerecht zu werden.",1,"[{'subject': {'upos': 'PROPN', 'text': 'Standard', 'id': 1, 'deprel': 'nsubj', 'head': 5}, 'verb': {'upos': 'VERB', 'text': 'verkauft', 'id': 5, 'deprel': 'root', 'head': 0}, 'object': {'upos': 'NOUN', 'text': 'Ölstationen', 'id': 7, 'deprel': 'obj', 'head': 5}}]",['SVO']
1426,Spears trennte sich im Jahr 2013 von Jason Trawick.,1,"[{'subject': {'upos': 'PROPN', 'text': 'Spears', 'id': 1, 'deprel': 'nsubj', 'head': 2}, 'verb': {'upos': 'VERB', 'text': 'trennte', 'id': 2, 'deprel': 'root', 'head': 0}, 'object': {'upos': 'PRON', 'text': 'sich', 'id': 3, 'deprel': 'obj', 'head': 2}}]",['SVO']
510,Später nutzte James M. Buchanan diesen Begriff für eine neue akademische Disziplin.,1,"[{'verb': {'upos': 'VERB', 'text': 'nutzte', 'id': 2, 'deprel': 'root', 'head': 0}, 'subject': {'upos': 'PROPN', 'text': 'James', 'id': 3, 'deprel': 'nsubj', 'head': 2}, 'object': {'upos': 'NOUN', 'text': 'Begriff', 'id': 7, 'deprel': 'obj', 'head': 2}}]",['VSO']
1223,"Sollten beide Mannschaften die gleiche Anzahl von Runs haben, gibt es ein Unentschieden.",1,"[{'subject': {'upos': 'NOUN', 'text': 'Mannschaften', 'id': 3, 'deprel': 'nsubj', 'head': 9}, 'object': {'upos': 'NOUN', 'text': 'Anzahl', 'id': 6, 'deprel': 'obj', 'head': 9}, 'verb': {'upos': 'VERB', 'text': 'haben', 'id': 9, 'deprel': 'advcl', 'head': 11}}]",['SOV']
1354,Smith verdiente sich während des Studiums ihren Lebensunterhalt als Jazzsängerin.,1,"[{'subject': {'upos': 'PROPN', 'text': 'Smith', 'id': 1, 'deprel': 'nsubj', 'head': 2}, 'verb': {'upos': 'VERB', 'text': 'verdiente', 'id': 2, 'deprel': 'root', 'head': 0}, 'object': {'upos': 'PRON', 'text': 'sich', 'id': 3, 'deprel': 'obj', 'head': 2}}]",['SVO']
1236,"Sir Marc Aurel Stein war ein Entdecker und Archäologe, der wahrscheinlich wichtige archäologische Funde und Entdeckungen in Asien machte, insbesondere in China und dem Nahen Osten.",1,"[{'subject': {'upos': 'PRON', 'text': 'der', 'id': 11, 'deprel': 'nsubj', 'head': 20}, 'object': {'upos': 'NOUN', 'text': 'Funde', 'id': 15, 'deprel': 'obj', 'head': 20}, 'verb': {'upos': 'VERB', 'text': 'machte', 'id': 20, 'deprel': 'acl', 'head': 7}}]",['SOV']
1614,Simon Beaufoy und Michael Arndt lieferten das Drehbuch für The Hunger Games: Catching Fire.,1,"[{'subject': {'upos': 'PROPN', 'text': 'Simon', 'id': 1, 'deprel': 'nsubj', 'head': 6}, 'verb': {'upos': 'VERB', 'text': 'lieferten', 'id': 6, 'deprel': 'root', 'head': 0}, 'object': {'upos': 'NOUN', 'text': 'Drehbuch', 'id': 8, 'deprel': 'obj', 'head': 6}}]",['SVO']
1360,Sieben Nachrichtenagenturen gründeten die EPA.,1,"[{'subject': {'upos': 'NOUN', 'text': 'Nachrichtenagenturen', 'id': 2, 'deprel': 'nsubj', 'head': 3}, 'verb': {'upos': 'VERB', 'text': 'gründeten', 'id': 3, 'deprel': 'root', 'head': 0}, 'object': {'upos': 'PROPN', 'text': 'EPA', 'id': 5, 'deprel': 'obj', 'head': 3}}]",['SVO']
1508,Sie wollten ihre Gruppe zuerst Sons of Jonas nennen.,1,"[{'subject': {'upos': 'PRON', 'text': 'Sie', 'id': 1, 'deprel': 'nsubj', 'head': 9}, 'object': {'upos': 'NOUN', 'text': 'Gruppe', 'id': 4, 'deprel': 'obj', 'head': 9}, 'verb': {'upos': 'VERB', 'text': 'nennen', 'id': 9, 'deprel': 'root', 'head': 0}}]",['SOV']
1675,Sie sprach später fließend Deutsch und Französisch sowie etwas Latein und Italienisch.,1,"[{'subject': {'upos': 'PRON', 'text': 'Sie', 'id': 1, 'deprel': 'nsubj', 'head': 2}, 'verb': {'upos': 'VERB', 'text': 'sprach', 'id': 2, 'deprel': 'root', 'head': 0}, 'object': {'upos': 'PROPN', 'text': 'Deutsch', 'id': 5, 'deprel': 'obj', 'head': 2}}]",['SVO']
1848,Sie haben fünf Tore erzielt gegen Aston Villa.,1,"[{'subject': {'upos': 'PRON', 'text': 'Sie', 'id': 1, 'deprel': 'nsubj', 'head': 5}, 'object': {'upos': 'NOUN', 'text': 'Tore', 'id': 4, 'deprel': 'obj', 'head': 5}, 'verb': {'upos': 'VERB', 'text': 'erzielt', 'id': 5, 'deprel': 'root', 'head': 0}}]",['SOV']
1287,"Sie erhielt die Nachricht, dass Dan Pontifex bei einem Autounfall in London ums Leben gekommen sei.",1,"[{'subject': {'upos': 'PRON', 'text': 'Sie', 'id': 1, 'deprel': 'nsubj', 'head': 2}, 'verb': {'upos': 'VERB', 'text': 'erhielt', 'id': 2, 'deprel': 'root', 'head': 0}, 'object': {'upos': 'NOUN', 'text': 'Nachricht', 'id': 4, 'deprel': 'obj', 'head': 2}}]",['SVO']
928,Sie erhielt den Bachelor im Jahr 1974.,1,"[{'subject': {'upos': 'PRON', 'text': 'Sie', 'id': 1, 'deprel': 'nsubj', 'head': 2}, 'verb': {'upos': 'VERB', 'text': 'erhielt', 'id': 2, 'deprel': 'root', 'head': 0}, 'object': {'upos': 'NOUN', 'text': 'Bachelor', 'id': 4, 'deprel': 'obj', 'head': 2}}]",['SVO']
345,Shin’ichi Kimura schrieb Kore wa Zombie Desu ka?.,1,"[{'subject': {'upos': 'PROPN', 'text': 'Shin’ichi', 'id': 1, 'deprel': 'nsubj', 'head': 3}, 'verb': {'upos': 'VERB', 'text': 'schrieb', 'id': 3, 'deprel': 'root', 'head': 0}, 'object': {'upos': 'PROPN', 'text': 'Kore', 'id': 4, 'deprel': 'obj', 'head': 3}}]",['SVO']
756,"Sherinian sang das Lied ""I Don't Like You"".",1,"[{'subject': {'upos': 'PROPN', 'text': 'Sherinian', 'id': 1, 'deprel': 'nsubj', 'head': 2}, 'verb': {'upos': 'VERB', 'text': 'sang', 'id': 2, 'deprel': 'root', 'head': 0}, 'object': {'upos': 'NOUN', 'text': 'Lied', 'id': 4, 'deprel': 'obj', 'head': 2}}]",['SVO']
1246,"Shakira nahm sich eine Auszeit nach ihrem zweiten Studioalbum, um ihren Schulabschluss zu machen.",1,"[{'subject': {'upos': 'PROPN', 'text': 'Shakira', 'id': 1, 'deprel': 'nsubj', 'head': 2}, 'verb': {'upos': 'VERB', 'text': 'nahm', 'id': 2, 'deprel': 'root', 'head': 0}, 'object': {'upos': 'PRON', 'text': 'sich', 'id': 3, 'deprel': 'obj', 'head': 2}}]",['SVO']
1623,Seltsamerweise will Alessandro Barsanti eine kleine Schiefertafel mit dem Namen des Königs Radjedef darauf gefunden haben.,1,"[{'subject': {'upos': 'PROPN', 'text': 'Alessandro', 'id': 3, 'deprel': 'nsubj', 'head': 15}, 'object': {'upos': 'NOUN', 'text': 'Schiefertafel', 'id': 7, 'deprel': 'obj', 'head': 15}, 'verb': {'upos': 'VERB', 'text': 'gefunden', 'id': 15, 'deprel': 'root', 'head': 0}}]",['SOV']
518,Selenium-WebDriver leitet die Befehle an einen Browser weiter.,1,"[{'subject': {'upos': 'PROPN', 'text': 'Selenium', 'id': 1, 'deprel': 'nsubj', 'head': 4}, 'verb': {'upos': 'VERB', 'text': 'leitet', 'id': 4, 'deprel': 'root', 'head': 0}, 'object': {'upos': 'NOUN', 'text': 'Befehle', 'id': 6, 'deprel': 'obj', 'head': 4}}]",['SVO']
1563,"Sektion Polystachyi umfasst südliches China und Japan, Malaysia bis Neuguinea und nordöstliches Australien.",1,"[{'subject': {'upos': 'NOUN', 'text': 'Sektion', 'id': 1, 'deprel': 'nsubj', 'head': 3}, 'verb': {'upos': 'VERB', 'text': 'umfasst', 'id': 3, 'deprel': 'root', 'head': 0}, 'object': {'upos': 'PROPN', 'text': 'China', 'id': 5, 'deprel': 'obj', 'head': 3}}]",['SVO']
665,Schall forderte 150.000 US-Dollar von Hudgens.,1,"[{'subject': {'upos': 'PROPN', 'text': 'Schall', 'id': 1, 'deprel': 'nsubj', 'head': 2}, 'verb': {'upos': 'VERB', 'text': 'forderte', 'id': 2, 'deprel': 'root', 'head': 0}, 'object': {'upos': 'PROPN', 'text': 'US', 'id': 4, 'deprel': 'obj', 'head': 2}}]",['SVO']
420,Saving Face gewann 2012 den Oscar in der Kategorie Bester Dokumentar-Kurzfilm.,1,"[{'subject': {'upos': 'PROPN', 'text': 'Saving', 'id': 1, 'deprel': 'nsubj', 'head': 3}, 'verb': {'upos': 'VERB', 'text': 'gewann', 'id': 3, 'deprel': 'root', 'head': 0}, 'object': {'upos': 'PROPN', 'text': 'Oscar', 'id': 6, 'deprel': 'obj', 'head': 3}}]",['SVO']
921,"Sanabria führte seine neue Methode ein, um den Mangel an Inkubatoren, Betreuungspersonal und weiteren Mitteln am Instituto Materno Infantil in Bogotá zu mindern und damit den Sterblichkeit von frühgeburten Kindern zu reduzieren.",1,"[{'subject': {'upos': 'PROPN', 'text': 'Sanabria', 'id': 1, 'deprel': 'nsubj', 'head': 2}, 'verb': {'upos': 'VERB', 'text': 'führte', 'id': 2, 'deprel': 'root', 'head': 0}, 'object': {'upos': 'NOUN', 'text': 'Methode', 'id': 5, 'deprel': 'obj', 'head': 2}}]",['SVO']
240,Sam Childers widmet sein Leben der Unterstützung von Waisenkinder im Südsudan durch das Grüßen des Kindersdorfs Angels of East Africa.,1,"[{'subject': {'upos': 'PROPN', 'text': 'Sam', 'id': 1, 'deprel': 'nsubj', 'head': 3}, 'verb': {'upos': 'VERB', 'text': 'widmet', 'id': 3, 'deprel': 'root', 'head': 0}, 'object': {'upos': 'NOUN', 'text': 'Leben', 'id': 5, 'deprel': 'obj', 'head': 3}}]",['SVO']
1608,Russland übte eine überraschende Invasion zur Vergeltung aus.,1,"[{'subject': {'upos': 'PROPN', 'text': 'Russland', 'id': 1, 'deprel': 'nsubj', 'head': 2}, 'verb': {'upos': 'VERB', 'text': 'übte', 'id': 2, 'deprel': 'root', 'head': 0}, 'object': {'upos': 'NOUN', 'text': 'Invasion', 'id': 5, 'deprel': 'obj', 'head': 2}}]",['SVO']
1942,Roza bekam für jeden Auftritt im Nachtclub Taygetos ein damals unerhörtes Honorar von 200 Drachmen.,1,"[{'subject': {'upos': 'PROPN', 'text': 'Roza', 'id': 1, 'deprel': 'nsubj', 'head': 2}, 'verb': {'upos': 'VERB', 'text': 'bekam', 'id': 2, 'deprel': 'root', 'head': 0}, 'object': {'upos': 'NOUN', 'text': 'Honorar', 'id': 13, 'deprel': 'obj', 'head': 2}}]",['SVO']
1982,"Rosa Luxemburg wurde überstimmt, als sie nochmals die Teilnahme an den geplanten Parlamentswahlen forderte.",1,"[{'subject': {'upos': 'PRON', 'text': 'sie', 'id': 7, 'deprel': 'nsubj', 'head': 15}, 'object': {'upos': 'NOUN', 'text': 'Teilnahme', 'id': 10, 'deprel': 'obj', 'head': 15}, 'verb': {'upos': 'VERB', 'text': 'forderte', 'id': 15, 'deprel': 'advcl', 'head': 4}}]",['SOV']
102,Rory Kinnear spielt Bill Tanner.,1,"[{'subject': {'upos': 'PROPN', 'text': 'Rory', 'id': 1, 'deprel': 'nsubj', 'head': 3}, 'verb': {'upos': 'VERB', 'text': 'spielt', 'id': 3, 'deprel': 'root', 'head': 0}, 'object': {'upos': 'PROPN', 'text': 'Bill', 'id': 4, 'deprel': 'obj', 'head': 3}}]",['SVO']
814,"Ridley Scott hat Regie geführt bei ""Alien – Das unheimliche Wesen aus einer fremden Welt"", dem ersten Film der Alien-Filmreihe.",1,"[{'subject': {'upos': 'PROPN', 'text': 'Ridley', 'id': 1, 'deprel': 'nsubj', 'head': 5}, 'object': {'upos': 'NOUN', 'text': 'Regie', 'id': 4, 'deprel': 'obj', 'head': 5}, 'verb': {'upos': 'VERB', 'text': 'geführt', 'id': 5, 'deprel': 'root', 'head': 0}}]",['SOV']
1254,"Richard Matheson schrieb Mitte der 50er Jahre die Kurzgeschichte ""Steel"".",1,"[{'subject': {'upos': 'PROPN', 'text': 'Richard', 'id': 1, 'deprel': 'nsubj', 'head': 3}, 'verb': {'upos': 'VERB', 'text': 'schrieb', 'id': 3, 'deprel': 'root', 'head': 0}, 'object': {'upos': 'NOUN', 'text': 'Kurzgeschichte', 'id': 9, 'deprel': 'obj', 'head': 3}}]",['SVO']
1405,Real Madrid und der FC Barcelona dominierten den Fußball in Spanien.,1,"[{'subject': {'upos': 'PROPN', 'text': 'Real', 'id': 1, 'deprel': 'nsubj', 'head': 7}, 'verb': {'upos': 'VERB', 'text': 'dominierten', 'id': 7, 'deprel': 'root', 'head': 0}, 'object': {'upos': 'NOUN', 'text': 'Fußball', 'id': 9, 'deprel': 'obj', 'head': 7}}]",['SVO']
426,"Rajs Vater entscheidet sich, wegen seines Berufs mit seiner Familie nach England zu ziehen.",1,"[{'subject': {'upos': 'NOUN', 'text': 'Vater', 'id': 2, 'deprel': 'nsubj', 'head': 3}, 'verb': {'upos': 'VERB', 'text': 'entscheidet', 'id': 3, 'deprel': 'root', 'head': 0}, 'object': {'upos': 'PRON', 'text': 'sich', 'id': 4, 'deprel': 'obj', 'head': 3}}]",['SVO']
427,Raj nahm sich zwei Wochen frei.,1,"[{'subject': {'upos': 'PROPN', 'text': 'Raj', 'id': 1, 'deprel': 'nsubj', 'head': 2}, 'verb': {'upos': 'VERB', 'text': 'nahm', 'id': 2, 'deprel': 'root', 'head': 0}, 'object': {'upos': 'PRON', 'text': 'sich', 'id': 3, 'deprel': 'obj', 'head': 2}}]",['SVO']
424,Raj fühlt sich trotz Poojas Liebe zu ihm angezogen von Tina.,1,"[{'subject': {'upos': 'PROPN', 'text': 'Raj', 'id': 1, 'deprel': 'nsubj', 'head': 2}, 'verb': {'upos': 'VERB', 'text': 'fühlt', 'id': 2, 'deprel': 'root', 'head': 0}, 'object': {'upos': 'PRON', 'text': 'sich', 'id': 3, 'deprel': 'obj', 'head': 2}}]",['SVO']
137,Raimund von Aguilers trug die Reste der Heiligen Lanze.,1,"[{'subject': {'upos': 'PROPN', 'text': 'Raimund', 'id': 1, 'deprel': 'nsubj', 'head': 4}, 'verb': {'upos': 'VERB', 'text': 'trug', 'id': 4, 'deprel': 'root', 'head': 0}, 'object': {'upos': 'NOUN', 'text': 'Reste', 'id': 6, 'deprel': 'obj', 'head': 4}}]",['SVO']
1910,Puerto Rico faszinierte Entdecker durch ihren geeigneten Hafen und reiche Naturressourcen.,1,"[{'subject': {'upos': 'PROPN', 'text': 'Puerto', 'id': 1, 'deprel': 'nsubj', 'head': 3}, 'verb': {'upos': 'VERB', 'text': 'faszinierte', 'id': 3, 'deprel': 'root', 'head': 0}, 'object': {'upos': 'NOUN', 'text': 'Entdecker', 'id': 4, 'deprel': 'obj', 'head': 3}}]",['SVO']
1133,Pro Jahr haben rund 5 % der Frauen im jüngeren Alter und rund 20 % der Frauen im Alter eine Harnwegsinfektion.,1,"[{'verb': {'upos': 'VERB', 'text': 'haben', 'id': 3, 'deprel': 'root', 'head': 0}, 'subject': {'upos': 'NOUN', 'text': '%', 'id': 6, 'deprel': 'nsubj', 'head': 3}, 'object': {'upos': 'NOUN', 'text': 'Harnwegsinfektion', 'id': 23, 'deprel': 'obj', 'head': 3}}]",['VSO']
1469,Priyanka Gandhi studierte Psychologie an der University of Delhi.,1,"[{'subject': {'upos': 'PROPN', 'text': 'Priyanka', 'id': 1, 'deprel': 'nsubj', 'head': 3}, 'verb': {'upos': 'VERB', 'text': 'studierte', 'id': 3, 'deprel': 'root', 'head': 0}, 'object': {'upos': 'NOUN', 'text': 'Psychologie', 'id': 4, 'deprel': 'obj', 'head': 3}}]",['SVO']
1617,Prinz Guillaume absolvierte seine militärische Ausbildung an der Militärakademie Sandhurst in Großbritannien.,1,"[{'subject': {'upos': 'PROPN', 'text': 'Guillaume', 'id': 2, 'deprel': 'nsubj', 'head': 3}, 'verb': {'upos': 'VERB', 'text': 'absolvierte', 'id': 3, 'deprel': 'root', 'head': 0}, 'object': {'upos': 'NOUN', 'text': 'Ausbildung', 'id': 6, 'deprel': 'obj', 'head': 3}}]",['SVO']
1615,Präsident Snow machte einen Besuch bei Katniss in District 12.,1,"[{'subject': {'upos': 'NOUN', 'text': 'Präsident', 'id': 1, 'deprel': 'nsubj', 'head': 3}, 'verb': {'upos': 'VERB', 'text': 'machte', 'id': 3, 'deprel': 'root', 'head': 0}, 'object': {'upos': 'NOUN', 'text': 'Besuch', 'id': 5, 'deprel': 'obj', 'head': 3}}]",['SVO']
1002,Präsident Reagan hat 1983 einen Zoll auf Motorräder erhoben.,1,"[{'subject': {'upos': 'PROPN', 'text': 'Reagan', 'id': 2, 'deprel': 'nsubj', 'head': 9}, 'object': {'upos': 'NOUN', 'text': 'Zoll', 'id': 6, 'deprel': 'obj', 'head': 9}, 'verb': {'upos': 'VERB', 'text': 'erhoben', 'id': 9, 'deprel': 'root', 'head': 0}}]",['SOV']
428,"Pooja und Raj entdeckten nach ihrem Treffen in der Kirche, dass sie sich ineinander verliebt haben.",1,"[{'subject': {'upos': 'PRON', 'text': 'sie', 'id': 13, 'deprel': 'nsubj', 'head': 16}, 'object': {'upos': 'PRON', 'text': 'sich', 'id': 14, 'deprel': 'obj', 'head': 16}, 'verb': {'upos': 'VERB', 'text': 'verliebt', 'id': 16, 'deprel': 'ccomp', 'head': 4}}]",['SOV']
562,Pitt-Watson gab das Buch dem Dekan von Westminster zurück.,1,"[{'subject': {'upos': 'PROPN', 'text': 'Pitt', 'id': 1, 'deprel': 'nsubj', 'head': 4}, 'verb': {'upos': 'VERB', 'text': 'gab', 'id': 4, 'deprel': 'root', 'head': 0}, 'object': {'upos': 'NOUN', 'text': 'Buch', 'id': 6, 'deprel': 'obj', 'head': 4}}]",['SVO']
393,Phoebes Mutter Lily hat sich vor Beginn der Serie durch Selbstmord das Leben genommen.,1,"[{'subject': {'upos': 'NOUN', 'text': 'Mutter', 'id': 2, 'deprel': 'nsubj', 'head': 14}, 'object': {'upos': 'PRON', 'text': 'sich', 'id': 5, 'deprel': 'obj', 'head': 14}, 'verb': {'upos': 'VERB', 'text': 'genommen', 'id': 14, 'deprel': 'root', 'head': 0}}]",['SOV']
360,"Philip, Duke of Edinburgh bestieg nachher den Thron, da er der Ehemann der Königin war.",1,"[{'subject': {'upos': 'PROPN', 'text': 'Philip', 'id': 1, 'deprel': 'nsubj', 'head': 6}, 'verb': {'upos': 'VERB', 'text': 'bestieg', 'id': 6, 'deprel': 'root', 'head': 0}, 'object': {'upos': 'NOUN', 'text': 'Thron', 'id': 9, 'deprel': 'obj', 'head': 6}}]",['SVO']
1384,Philip Seymour Hoffman erhielt eine Nominierung für den Oscar als bester Nebendarsteller.,1,"[{'subject': {'upos': 'PROPN', 'text': 'Philip', 'id': 1, 'deprel': 'nsubj', 'head': 4}, 'verb': {'upos': 'VERB', 'text': 'erhielt', 'id': 4, 'deprel': 'root', 'head': 0}, 'object': {'upos': 'NOUN', 'text': 'Nominierung', 'id': 6, 'deprel': 'obj', 'head': 4}}]",['SVO']
1383,Philip Seymour Hoffman erhielt außerdem eine Nominierung für den Oscar als bester Nebendarsteller.,1,"[{'subject': {'upos': 'PROPN', 'text': 'Philip', 'id': 1, 'deprel': 'nsubj', 'head': 4}, 'verb': {'upos': 'VERB', 'text': 'erhielt', 'id': 4, 'deprel': 'root', 'head': 0}, 'object': {'upos': 'NOUN', 'text': 'Nominierung', 'id': 7, 'deprel': 'obj', 'head': 4}}]",['SVO']
766,Perfektion im Spiel zeichnet sich durch das Wissen über sämtliche Informationen aus der Vergangenheit der Partie aus.,1,"[{'subject': {'upos': 'NOUN', 'text': 'Perfektion', 'id': 1, 'deprel': 'nsubj', 'head': 5}, 'verb': {'upos': 'VERB', 'text': 'zeichnet', 'id': 5, 'deprel': 'root', 'head': 0}, 'object': {'upos': 'PRON', 'text': 'sich', 'id': 6, 'deprel': 'obj', 'head': 5}}]",['SVO']
123,Pavlyuchenko begann seine Fußballkarriere 1998 beim südrussischen Zweitligisten Dynamo Stawropol.,1,"[{'subject': {'upos': 'PROPN', 'text': 'Pavlyuchenko', 'id': 1, 'deprel': 'nsubj', 'head': 2}, 'verb': {'upos': 'VERB', 'text': 'begann', 'id': 2, 'deprel': 'root', 'head': 0}, 'object': {'upos': 'NOUN', 'text': 'Fußballkarriere', 'id': 4, 'deprel': 'obj', 'head': 2}}]",['SVO']
997,Paulo Freire wurde die Position des Direktors gegeben.,1,"[{'subject': {'upos': 'PROPN', 'text': 'Paulo', 'id': 1, 'deprel': 'nsubj:pass', 'head': 8}, 'object': {'upos': 'NOUN', 'text': 'Position', 'id': 5, 'deprel': 'obj', 'head': 8}, 'verb': {'upos': 'VERB', 'text': 'gegeben', 'id': 8, 'deprel': 'root', 'head': 0}}]",['SOV']
331,Pauling veröffentlichte in den 1930er-Jahren Aufsätze über die Natur chemischer Bindungen.,1,"[{'subject': {'upos': 'PROPN', 'text': 'Pauling', 'id': 1, 'deprel': 'nsubj', 'head': 2}, 'verb': {'upos': 'VERB', 'text': 'veröffentlichte', 'id': 2, 'deprel': 'root', 'head': 0}, 'object': {'upos': 'NOUN', 'text': 'Aufsätze', 'id': 8, 'deprel': 'obj', 'head': 2}}]",['SVO']
1755,"Pauli und Miller vertraten die Meinung, dass sowohl Ignatowskis als auch Franks/Rothes Ansätze nicht in der Lage waren, die invariante Geschwindigkeit mit der Lichtgeschwindigkeit zu identifizieren, und dass daher beide Postulate für die Herleitung der Lorentz-Transformation notwendig sind.",1,"[{'subject': {'upos': 'PROPN', 'text': 'Pauli', 'id': 1, 'deprel': 'nsubj', 'head': 4}, 'verb': {'upos': 'VERB', 'text': 'vertraten', 'id': 4, 'deprel': 'root', 'head': 0}, 'object': {'upos': 'NOUN', 'text': 'Meinung', 'id': 6, 'deprel': 'obj', 'head': 4}}]",['SVO']
644,"Paul T. Scheuring war an Prison Break interessiert, bevor er sich dem Projekt zurückzog.",1,"[{'subject': {'upos': 'PRON', 'text': 'er', 'id': 11, 'deprel': 'nsubj', 'head': 15}, 'object': {'upos': 'PRON', 'text': 'sich', 'id': 12, 'deprel': 'obj', 'head': 15}, 'verb': {'upos': 'VERB', 'text': 'zurückzog', 'id': 15, 'deprel': 'advcl', 'head': 8}}]",['SOV']
840,"Paul Gardner ist ein US-amerikanischer Broker, der den Aufstieg vom Obdachlosen zum Self-Made-Millionär geschafft hat.",1,"[{'subject': {'upos': 'PRON', 'text': 'der', 'id': 10, 'deprel': 'nsubj', 'head': 23}, 'object': {'upos': 'NOUN', 'text': 'Aufstieg', 'id': 12, 'deprel': 'obj', 'head': 23}, 'verb': {'upos': 'VERB', 'text': 'geschafft', 'id': 23, 'deprel': 'acl', 'head': 8}}]",['SOV']
1007,Parmly hat die moderne Zahnseide erfunden.,1,"[{'subject': {'upos': 'PROPN', 'text': 'Parmly', 'id': 1, 'deprel': 'nsubj', 'head': 6}, 'object': {'upos': 'NOUN', 'text': 'Zahnseide', 'id': 5, 'deprel': 'obj', 'head': 6}, 'verb': {'upos': 'VERB', 'text': 'erfunden', 'id': 6, 'deprel': 'root', 'head': 0}}]",['SOV']
207,Pan Am und Iran Air haben die 747SP angefordert.,1,"[{'subject': {'upos': 'PROPN', 'text': 'Pan', 'id': 1, 'deprel': 'nsubj', 'head': 9}, 'object': {'upos': 'PROPN', 'text': '747SP', 'id': 8, 'deprel': 'obj', 'head': 9}, 'verb': {'upos': 'VERB', 'text': 'angefordert', 'id': 9, 'deprel': 'root', 'head': 0}}]",['SOV']
1934,OFID's Vorzeige-Programm konzentriert sich hauptsächlich auf die Bereitstellung von innovativen Energiearmutlösungen für nicht an das Stromnetz angeschlossene ländliche Haushalte.,1,"[{'subject': {'upos': 'NOUN', 'text': 'Programm', 'id': 5, 'deprel': 'nsubj', 'head': 6}, 'verb': {'upos': 'VERB', 'text': 'konzentriert', 'id': 6, 'deprel': 'root', 'head': 0}, 'object': {'upos': 'PRON', 'text': 'sich', 'id': 7, 'deprel': 'obj', 'head': 6}}]",['SVO']
1933,"OFID beschäftigt sich mit Tuberkulose, Malaria und durch Wasser übertragbaren Krankheiten sowie nicht übertragbaren Krankheiten wie Krebs, Diabetes und Herzerkrankungen.",1,"[{'subject': {'upos': 'PROPN', 'text': 'OFID', 'id': 1, 'deprel': 'nsubj', 'head': 2}, 'verb': {'upos': 'VERB', 'text': 'beschäftigt', 'id': 2, 'deprel': 'root', 'head': 0}, 'object': {'upos': 'PRON', 'text': 'sich', 'id': 3, 'deprel': 'obj', 'head': 2}}]",['SVO']
1817,"Ob Theoderich tatsächlich schon eine Gesetzgebung vornahm, wie früher angenommen, wird neuerdings wieder angezweifelt.",1,"[{'subject': {'upos': 'PROPN', 'text': 'Theoderich', 'id': 2, 'deprel': 'nsubj', 'head': 7}, 'object': {'upos': 'NOUN', 'text': 'Gesetzgebung', 'id': 6, 'deprel': 'obj', 'head': 7}, 'verb': {'upos': 'VERB', 'text': 'vornahm', 'id': 7, 'deprel': 'advcl', 'head': 16}}]",['SOV']
1964,November sahen sich auch die übrigen deutschen Monarchen zur Abdankung gezwungen.,1,"[{'verb': {'upos': 'VERB', 'text': 'sahen', 'id': 2, 'deprel': 'root', 'head': 0}, 'object': {'upos': 'PRON', 'text': 'sich', 'id': 3, 'deprel': 'obj', 'head': 2}, 'subject': {'upos': 'NOUN', 'text': 'Monarchen', 'id': 8, 'deprel': 'nsubj', 'head': 2}}]",['VOS']
1583,Nova Scotia erhielt als erste Kolonie eine eigenverantwortliche Regierung 1848.,1,"[{'subject': {'upos': 'PROPN', 'text': 'Nova', 'id': 1, 'deprel': 'nsubj', 'head': 3}, 'verb': {'upos': 'VERB', 'text': 'erhielt', 'id': 3, 'deprel': 'root', 'head': 0}, 'object': {'upos': 'NOUN', 'text': 'Regierung', 'id': 9, 'deprel': 'obj', 'head': 3}}]",['SVO']
1853,"Nostoc ist eine Gattung von Cyanobakterien, die kugelige oder hautartige Kolonien aus langen, unverzweigten Zellschnüren in einer gelatinösen Hülle bilden.",1,"[{'subject': {'upos': 'PRON', 'text': 'die', 'id': 8, 'deprel': 'nsubj', 'head': 22}, 'object': {'upos': 'NOUN', 'text': 'Kolonien', 'id': 12, 'deprel': 'obj', 'head': 22}, 'verb': {'upos': 'VERB', 'text': 'bilden', 'id': 22, 'deprel': 'acl', 'head': 4}}]",['SOV']
180,North American Aviation entwarf den NA-130.,1,"[{'subject': {'upos': 'PROPN', 'text': 'Aviation', 'id': 3, 'deprel': 'nsubj', 'head': 4}, 'verb': {'upos': 'VERB', 'text': 'entwarf', 'id': 4, 'deprel': 'root', 'head': 0}, 'object': {'upos': 'PROPN', 'text': 'NA-130', 'id': 6, 'deprel': 'obj', 'head': 4}}]",['SVO']
1006,"Nolan machte sich mit der Kamera bereits im Alter von sieben Jahren vertraut, indem er seine Actionfiguren filmt.",1,"[{'subject': {'upos': 'PRON', 'text': 'er', 'id': 17, 'deprel': 'nsubj', 'head': 20}, 'object': {'upos': 'NOUN', 'text': 'Actionfiguren', 'id': 19, 'deprel': 'obj', 'head': 20}, 'verb': {'upos': 'VERB', 'text': 'filmt', 'id': 20, 'deprel': 'advcl', 'head': 14}}]",['SOV']
1045,Nissin Food Products stellt hauptsächlich Instant-Nudelgerichte her.,1,"[{'subject': {'upos': 'PROPN', 'text': 'Nissin', 'id': 1, 'deprel': 'nsubj', 'head': 4}, 'verb': {'upos': 'VERB', 'text': 'stellt', 'id': 4, 'deprel': 'root', 'head': 0}, 'object': {'upos': 'PROPN', 'text': 'Instant', 'id': 6, 'deprel': 'obj', 'head': 4}}]",['SVO']
304,"Neutrinooszillationen zeigen, dass Neutrinos eine Masse haben.",1,"[{'subject': {'upos': 'NOUN', 'text': 'Neutrinos', 'id': 5, 'deprel': 'nsubj', 'head': 8}, 'object': {'upos': 'NOUN', 'text': 'Masse', 'id': 7, 'deprel': 'obj', 'head': 8}, 'verb': {'upos': 'VERB', 'text': 'haben', 'id': 8, 'deprel': 'ccomp', 'head': 2}}]",['SOV']
1249,Neun Spieler haben ein Team.,1,"[{'subject': {'upos': 'NOUN', 'text': 'Spieler', 'id': 2, 'deprel': 'nsubj', 'head': 3}, 'verb': {'upos': 'VERB', 'text': 'haben', 'id': 3, 'deprel': 'root', 'head': 0}, 'object': {'upos': 'NOUN', 'text': 'Team', 'id': 5, 'deprel': 'obj', 'head': 3}}]",['SVO']
607,Neben William Blake und den französischen Symbolisten Charles Baudelaire und Arthur Rimbaud haben Jack Kerouac und Michael McClure das Denken von Morrison beeinflusst.,1,"[{'subject': {'upos': 'PROPN', 'text': 'Jack', 'id': 14, 'deprel': 'nsubj', 'head': 23}, 'object': {'upos': 'NOUN', 'text': 'Denken', 'id': 20, 'deprel': 'obj', 'head': 23}, 'verb': {'upos': 'VERB', 'text': 'beeinflusst', 'id': 23, 'deprel': 'root', 'head': 0}}]",['SOV']
402,NARAS-Mitglieder erhalten keine DVDs von den für den Oscar nominierten Filmen.,1,"[{'subject': {'upos': 'PROPN', 'text': 'NARAS', 'id': 1, 'deprel': 'nsubj', 'head': 4}, 'verb': {'upos': 'VERB', 'text': 'erhalten', 'id': 4, 'deprel': 'root', 'head': 0}, 'object': {'upos': 'NOUN', 'text': 'DVDs', 'id': 6, 'deprel': 'obj', 'head': 4}}]",['SVO']
779,Nape hatte eine Amtszeit von einer Woche.,1,"[{'subject': {'upos': 'PROPN', 'text': 'Nape', 'id': 1, 'deprel': 'nsubj', 'head': 2}, 'verb': {'upos': 'VERB', 'text': 'hatte', 'id': 2, 'deprel': 'root', 'head': 0}, 'object': {'upos': 'NOUN', 'text': 'Amtszeit', 'id': 4, 'deprel': 'obj', 'head': 2}}]",['SVO']
522,Namibias Hauptstadt Windhoek hat eine nicht geringe Herero-Sprachminderheit.,1,"[{'subject': {'upos': 'NOUN', 'text': 'Hauptstadt', 'id': 2, 'deprel': 'nsubj', 'head': 4}, 'verb': {'upos': 'VERB', 'text': 'hat', 'id': 4, 'deprel': 'root', 'head': 0}, 'object': {'upos': 'PROPN', 'text': 'Herero', 'id': 8, 'deprel': 'obj', 'head': 4}}]",['SVO']
1269,"Naidangiin Tüwschinbajar, Enchbatyn Badar-Uugan und Pürewdordschiin Serdamba aus der Mongolei haben bei den Olympischen Sommerspielen 2008 Medaillen gewonnen.",1,"[{'subject': {'upos': 'PROPN', 'text': 'Naidangiin', 'id': 1, 'deprel': 'nsubj', 'head': 21}, 'object': {'upos': 'NOUN', 'text': 'Medaillen', 'id': 20, 'deprel': 'obj', 'head': 21}, 'verb': {'upos': 'VERB', 'text': 'gewonnen', 'id': 21, 'deprel': 'root', 'head': 0}}]",['SOV']
553,"Nachdem Marga Faulstich mit 44 Jahren in den Ruhestand ging, verbrachte sie die folgenden Jahre mit Reisen in alle Welt.",1,"[{'verb': {'upos': 'VERB', 'text': 'verbrachte', 'id': 12, 'deprel': 'root', 'head': 0}, 'subject': {'upos': 'PRON', 'text': 'sie', 'id': 13, 'deprel': 'nsubj', 'head': 12}, 'object': {'upos': 'NOUN', 'text': 'Jahre', 'id': 16, 'deprel': 'obj', 'head': 12}}]",['VSO']
1373,Nach seinem Dienst in Bosnien begann Sajjan seine Karriere im Vancouver Police Department.,1,"[{'verb': {'upos': 'VERB', 'text': 'begann', 'id': 6, 'deprel': 'root', 'head': 0}, 'subject': {'upos': 'PROPN', 'text': 'Sajjan', 'id': 7, 'deprel': 'nsubj', 'head': 6}, 'object': {'upos': 'NOUN', 'text': 'Karriere', 'id': 9, 'deprel': 'obj', 'head': 6}}]",['VSO']
1668,"Nach seinem Aufstieg entsandte Kaiser Yongle 1403 unmittelbar Gesandte in zahlreiche Länder, um sie einzuladen, Tribut an China zu entsenden.",1,"[{'verb': {'upos': 'VERB', 'text': 'entsandte', 'id': 4, 'deprel': 'root', 'head': 0}, 'subject': {'upos': 'PROPN', 'text': 'Kaiser', 'id': 5, 'deprel': 'nsubj', 'head': 4}, 'object': {'upos': 'NOUN', 'text': 'Gesandte', 'id': 9, 'deprel': 'obj', 'head': 4}}]",['VSO']
1400,Nach einem Monat erreichte die Scott Expedition den Südpol.,1,"[{'verb': {'upos': 'VERB', 'text': 'erreichte', 'id': 4, 'deprel': 'root', 'head': 0}, 'subject': {'upos': 'PROPN', 'text': 'Scott', 'id': 6, 'deprel': 'nsubj', 'head': 4}, 'object': {'upos': 'NOUN', 'text': 'Südpol', 'id': 9, 'deprel': 'obj', 'head': 4}}]",['VSO']
435,Nach einem halben Jahr verfärbt sich das Fell der Weißbrauengibbons schwarz.,1,"[{'verb': {'upos': 'VERB', 'text': 'verfärbt', 'id': 5, 'deprel': 'root', 'head': 0}, 'object': {'upos': 'PRON', 'text': 'sich', 'id': 6, 'deprel': 'obj', 'head': 5}, 'subject': {'upos': 'NOUN', 'text': 'Fell', 'id': 8, 'deprel': 'nsubj', 'head': 5}}]",['VOS']
902,"Nach der Umstellung des Korbes muss der Ball erst den Korb berühren, bevor er wieder frei spielbar ist.",1,"[{'subject': {'upos': 'NOUN', 'text': 'Ball', 'id': 8, 'deprel': 'nsubj', 'head': 12}, 'object': {'upos': 'NOUN', 'text': 'Korb', 'id': 11, 'deprel': 'obj', 'head': 12}, 'verb': {'upos': 'VERB', 'text': 'berühren', 'id': 12, 'deprel': 'root', 'head': 0}}]",['SOV']
1588,Nach der Kapitulation der Japaner im Zweiten Weltkrieg richteten die anti-japanischen Widerstandsbewegungen ihre Aufmerksamkeit auf die Briten.,1,"[{'verb': {'upos': 'VERB', 'text': 'richteten', 'id': 10, 'deprel': 'root', 'head': 0}, 'subject': {'upos': 'NOUN', 'text': 'Widerstandsbewegungen', 'id': 15, 'deprel': 'nsubj', 'head': 10}, 'object': {'upos': 'NOUN', 'text': 'Aufmerksamkeit', 'id': 17, 'deprel': 'obj', 'head': 10}}]",['VSO']
1622,Nach dem Zweiten Weltkrieg konnten die Unabhängigkeitsbewegungen und die Dekolonisation eine Vollendung unmöglich machen.,1,"[{'subject': {'upos': 'NOUN', 'text': 'Unabhängigkeitsbewegungen', 'id': 7, 'deprel': 'nsubj', 'head': 14}, 'object': {'upos': 'NOUN', 'text': 'Vollendung', 'id': 12, 'deprel': 'obj', 'head': 14}, 'verb': {'upos': 'VERB', 'text': 'machen', 'id': 14, 'deprel': 'root', 'head': 0}}]",['SOV']
1915,"Nach dem Sturz Napoleons herrschte in Spanien wieder der Absolutismus, der die Cádiz-Verfassung außer Kraft setzte und Puerto Rico in den früheren Status einer Kolonie versetzte, die der uneingeschränkten Macht des spanischen Monarchen unterworfen war.",1,"[{'subject': {'upos': 'PRON', 'text': 'der', 'id': 12, 'deprel': 'nsubj', 'head': 19}, 'object': {'upos': 'PROPN', 'text': 'Cádiz', 'id': 14, 'deprel': 'obj', 'head': 19}, 'verb': {'upos': 'VERB', 'text': 'setzte', 'id': 19, 'deprel': 'acl', 'head': 10}}]",['SOV']
266,Myanmar teilt die längste Grenze.,1,"[{'subject': {'upos': 'PROPN', 'text': 'Myanmar', 'id': 1, 'deprel': 'nsubj', 'head': 2}, 'verb': {'upos': 'VERB', 'text': 'teilt', 'id': 2, 'deprel': 'root', 'head': 0}, 'object': {'upos': 'NOUN', 'text': 'Grenze', 'id': 5, 'deprel': 'obj', 'head': 2}}]",['SVO']
1196,"Muslime haben in ganz Indien wichtige Beiträge zur Kultur und zum sozialen und politischen Leben geleistet, although they also experience conflicts with Hindus, which have influenced the country's history and modern relations.",1,"[{'subject': {'upos': 'NOUN', 'text': 'Muslime', 'id': 1, 'deprel': 'nsubj', 'head': 18}, 'object': {'upos': 'NOUN', 'text': 'Beiträge', 'id': 7, 'deprel': 'obj', 'head': 18}, 'verb': {'upos': 'VERB', 'text': 'geleistet', 'id': 18, 'deprel': 'root', 'head': 0}}]",['SOV']
1084,Morse besuchte Vorlesungen über Elektrizität bei Benjamin Silliman sr.,1,"[{'subject': {'upos': 'PROPN', 'text': 'Morse', 'id': 1, 'deprel': 'nsubj', 'head': 2}, 'verb': {'upos': 'VERB', 'text': 'besuchte', 'id': 2, 'deprel': 'root', 'head': 0}, 'object': {'upos': 'NOUN', 'text': 'Vorlesungen', 'id': 3, 'deprel': 'obj', 'head': 2}}]",['SVO']
1263,"Möchten Sie wissen, wann der Pentium 4-Prozessor auf den Markt kam oder ob es aktuelle Prozessoren gibt?",1,"[{'subject': {'upos': 'PRON', 'text': 'es', 'id': 17, 'deprel': 'nsubj', 'head': 20}, 'object': {'upos': 'NOUN', 'text': 'Prozessoren', 'id': 19, 'deprel': 'obj', 'head': 20}, 'verb': {'upos': 'VERB', 'text': 'gibt', 'id': 20, 'deprel': 'conj', 'head': 14}}]",['SOV']
757,"Mitchell-Hedges, entdeckte den berühmten Kristallschädel angeblich 1924 in Lubaantun im damaligen Britisch-Honduras.",1,"[{'subject': {'upos': 'PROPN', 'text': 'Mitchell', 'id': 1, 'deprel': 'nsubj', 'head': 5}, 'verb': {'upos': 'VERB', 'text': 'entdeckte', 'id': 5, 'deprel': 'root', 'head': 0}, 'object': {'upos': 'NOUN', 'text': 'Kristallschädel', 'id': 8, 'deprel': 'obj', 'head': 5}}]",['SVO']
1845,Mit Elizabeth Blackburn und Jack Szostak teilte Albert Lasker den Award for Basic Medical Research 2006.,1,"[{'verb': {'upos': 'VERB', 'text': 'teilte', 'id': 7, 'deprel': 'root', 'head': 0}, 'subject': {'upos': 'PROPN', 'text': 'Albert', 'id': 8, 'deprel': 'nsubj', 'head': 7}, 'object': {'upos': 'PROPN', 'text': 'Award', 'id': 11, 'deprel': 'obj', 'head': 7}}]",['VSO']
504,Mit dem Projekt „Kulturelle Persönlichkeiten“ begann Bayramov seine Arbeit.,1,"[{'verb': {'upos': 'VERB', 'text': 'begann', 'id': 8, 'deprel': 'root', 'head': 0}, 'subject': {'upos': 'PROPN', 'text': 'Bayramov', 'id': 9, 'deprel': 'nsubj', 'head': 8}, 'object': {'upos': 'NOUN', 'text': 'Arbeit', 'id': 11, 'deprel': 'obj', 'head': 8}}]",['VSO']
1342,Mississippi hatte 1965 die höchste Wahlbeteiligung unter der schwarzen Bevölkerung mit 74 %.,1,"[{'subject': {'upos': 'PROPN', 'text': 'Mississippi', 'id': 1, 'deprel': 'nsubj', 'head': 2}, 'verb': {'upos': 'VERB', 'text': 'hatte', 'id': 2, 'deprel': 'root', 'head': 0}, 'object': {'upos': 'NOUN', 'text': 'Wahlbeteiligung', 'id': 6, 'deprel': 'obj', 'head': 2}}]",['SVO']
1198,Microsoft begann mit der Entwicklung des .NET Frameworks in den späten 1990ern und veröffentlichte die ersten Betaversionen von .NET 1.0 gegen Ende des Jahres 2000.,1,"[{'subject': {'upos': 'PROPN', 'text': 'Microsoft', 'id': 1, 'deprel': 'nsubj', 'head': 2}, 'verb': {'upos': 'VERB', 'text': 'veröffentlichte', 'id': 14, 'deprel': 'conj', 'head': 2}, 'object': {'upos': 'NOUN', 'text': 'Betaversionen', 'id': 17, 'deprel': 'obj', 'head': 14}}]",['SVO']
341,Michaël Van Canneyt erzeugte den Linux-Port für das anfängliche 32-Bit-Programm.,1,"[{'subject': {'upos': 'PROPN', 'text': 'Michaël', 'id': 1, 'deprel': 'nsubj', 'head': 4}, 'verb': {'upos': 'VERB', 'text': 'erzeugte', 'id': 4, 'deprel': 'root', 'head': 0}, 'object': {'upos': 'PROPN', 'text': 'Linux', 'id': 6, 'deprel': 'obj', 'head': 4}}]",['SVO']
1118,Mexiko hat 31 Bundesstaaten.,1,"[{'subject': {'upos': 'PROPN', 'text': 'Mexiko', 'id': 1, 'deprel': 'nsubj', 'head': 2}, 'verb': {'upos': 'VERB', 'text': 'hat', 'id': 2, 'deprel': 'root', 'head': 0}, 'object': {'upos': 'NOUN', 'text': 'Bundesstaaten', 'id': 4, 'deprel': 'obj', 'head': 2}}]",['SVO']
1778,Messis Hauptstiftung heißt die Leo Messi Stiftung.,1,"[{'object': {'upos': 'NOUN', 'text': 'Hauptstiftung', 'id': 2, 'deprel': 'obj', 'head': 3}, 'verb': {'upos': 'VERB', 'text': 'heißt', 'id': 3, 'deprel': 'root', 'head': 0}, 'subject': {'upos': 'PROPN', 'text': 'Leo', 'id': 5, 'deprel': 'nsubj', 'head': 3}}]",['OVS']
648,"Menschen mit einem erhöhten Infektionsrisiko für Meningitis werden am ehesten infiziert durch Staphylokokken, Pseudomonaden und gram-negativen Erregern, insbesondere wenn sie einen Cerebralshunt haben.",1,"[{'subject': {'upos': 'PRON', 'text': 'sie', 'id': 25, 'deprel': 'nsubj', 'head': 28}, 'object': {'upos': 'NOUN', 'text': 'Cerebralshunt', 'id': 27, 'deprel': 'obj', 'head': 28}, 'verb': {'upos': 'VERB', 'text': 'haben', 'id': 28, 'deprel': 'advcl', 'head': 12}}]",['SOV']
664,Männer erzielten ein höheres Durchschnittseinkommen mit 29.748 $ im Vergleich zu 25.734 $ für Frauen.,1,"[{'subject': {'upos': 'NOUN', 'text': 'Männer', 'id': 1, 'deprel': 'nsubj', 'head': 2}, 'verb': {'upos': 'VERB', 'text': 'erzielten', 'id': 2, 'deprel': 'root', 'head': 0}, 'object': {'upos': 'NOUN', 'text': 'Durchschnittseinkommen', 'id': 5, 'deprel': 'obj', 'head': 2}}]",['SVO']
653,"Man kann eine nicht schwer ausgeprägte virale Meningitis ambulant zu Hause behandeln durch Bettruhe, Verabreichung von Schmerzmitteln und确保答案的完整性，我将用德语重新组织答案： Man kann eine nicht schwer ausgeprägte virale Meningitis ambulant zu Hause behandeln durch Bettruhe, Verabreichung von Schmerzmitteln und ausreichend Flüssigkeitsaufnahme.",1,"[{'subject': {'upos': 'PRON', 'text': 'Man', 'id': 1, 'deprel': 'nsubj', 'head': 12}, 'object': {'upos': 'NOUN', 'text': 'Meningitis', 'id': 8, 'deprel': 'obj', 'head': 12}, 'verb': {'upos': 'VERB', 'text': 'behandeln', 'id': 12, 'deprel': 'root', 'head': 0}}]",['SOV']
1900,"Man geht davon aus, dass die Puerto-Rico-Amazone etwa 60 verschiedene Nahrungsbestandteile konsumiert.",1,"[{'subject': {'upos': 'PROPN', 'text': 'Puerto', 'id': 8, 'deprel': 'nsubj', 'head': 17}, 'object': {'upos': 'NOUN', 'text': 'Nahrungsbestandteile', 'id': 16, 'deprel': 'obj', 'head': 17}, 'verb': {'upos': 'VERB', 'text': 'konsumiert', 'id': 17, 'deprel': 'acl', 'head': 3}}]",['SOV']
287,Magnentius beging Selbstmord nach seiner Niederlage in der Schlacht am Mons Seleucus im Jahr 353.,1,"[{'subject': {'upos': 'PROPN', 'text': 'Magnentius', 'id': 1, 'deprel': 'nsubj', 'head': 2}, 'verb': {'upos': 'VERB', 'text': 'beging', 'id': 2, 'deprel': 'root', 'head': 0}, 'object': {'upos': 'NOUN', 'text': 'Selbstmord', 'id': 3, 'deprel': 'obj', 'head': 2}}]",['SVO']
410,"Madonna spielte sowohl die Rolle der katholischen Frau als auch die der Latina in Madonnas Musikvideo zu ""La Isla Bonita"".",1,"[{'subject': {'upos': 'PROPN', 'text': 'Madonna', 'id': 1, 'deprel': 'nsubj', 'head': 2}, 'verb': {'upos': 'VERB', 'text': 'spielte', 'id': 2, 'deprel': 'root', 'head': 0}, 'object': {'upos': 'NOUN', 'text': 'Rolle', 'id': 5, 'deprel': 'obj', 'head': 2}}]",['SVO']
1592,MacMillan hielt die Rede im Februar 1960 in Kapstadt.,1,"[{'subject': {'upos': 'PROPN', 'text': 'MacMillan', 'id': 1, 'deprel': 'nsubj', 'head': 2}, 'verb': {'upos': 'VERB', 'text': 'hielt', 'id': 2, 'deprel': 'root', 'head': 0}, 'object': {'upos': 'NOUN', 'text': 'Rede', 'id': 4, 'deprel': 'obj', 'head': 2}}]",['SVO']
614,Louis Leterrier führte bei dem Film Regie.,1,"[{'subject': {'upos': 'PROPN', 'text': 'Louis', 'id': 1, 'deprel': 'nsubj', 'head': 3}, 'verb': {'upos': 'VERB', 'text': 'führte', 'id': 3, 'deprel': 'root', 'head': 0}, 'object': {'upos': 'NOUN', 'text': 'Regie', 'id': 7, 'deprel': 'obj', 'head': 3}}]",['SVO']
1716,Leonid Breschnew führte die Soviets letztlich an.,1,"[{'subject': {'upos': 'PROPN', 'text': 'Leonid', 'id': 1, 'deprel': 'nsubj', 'head': 3}, 'verb': {'upos': 'VERB', 'text': 'führte', 'id': 3, 'deprel': 'root', 'head': 0}, 'object': {'upos': 'PROPN', 'text': 'Soviets', 'id': 5, 'deprel': 'obj', 'head': 3}}]",['SVO']
1481,Laveran erhielt 1907 den Nobelpreis für Physiologie oder Medizin.,1,"[{'subject': {'upos': 'PROPN', 'text': 'Laveran', 'id': 1, 'deprel': 'nsubj', 'head': 2}, 'verb': {'upos': 'VERB', 'text': 'erhielt', 'id': 2, 'deprel': 'root', 'head': 0}, 'object': {'upos': 'NOUN', 'text': 'Nobelpreis', 'id': 5, 'deprel': 'obj', 'head': 2}}]",['SVO']
1361,Lanes Mutter hatte die Karrieren als Schauspiellehrerin und Nachtclubtänzerin.,1,"[{'subject': {'upos': 'NOUN', 'text': 'Mutter', 'id': 2, 'deprel': 'nsubj', 'head': 3}, 'verb': {'upos': 'VERB', 'text': 'hatte', 'id': 3, 'deprel': 'root', 'head': 0}, 'object': {'upos': 'NOUN', 'text': 'Karrieren', 'id': 5, 'deprel': 'obj', 'head': 3}}]",['SVO']
1362,Lane erhielt eine Nominierung für den Independent Spirit Award als beste Schauspielerin in A Walk on the Moon.,1,"[{'subject': {'upos': 'PROPN', 'text': 'Lane', 'id': 1, 'deprel': 'nsubj', 'head': 2}, 'verb': {'upos': 'VERB', 'text': 'erhielt', 'id': 2, 'deprel': 'root', 'head': 0}, 'object': {'upos': 'NOUN', 'text': 'Nominierung', 'id': 4, 'deprel': 'obj', 'head': 2}}]",['SVO']
1106,Länder sollten die WHO-Liste berücksichtigen und auf ihre regionalen Bedürfnisse abstimmen.,1,"[{'subject': {'upos': 'NOUN', 'text': 'Länder', 'id': 1, 'deprel': 'nsubj', 'head': 7}, 'object': {'upos': 'PROPN', 'text': 'WHO', 'id': 4, 'deprel': 'obj', 'head': 7}, 'verb': {'upos': 'VERB', 'text': 'berücksichtigen', 'id': 7, 'deprel': 'root', 'head': 0}}]",['SOV']
418,Lam Stuntman und Kampfsport-Trainer hat oft die Vertretung weiblicher Schauspielerinnen übernommen.,1,"[{'subject': {'upos': 'PROPN', 'text': 'Lam', 'id': 1, 'deprel': 'nsubj', 'head': 13}, 'object': {'upos': 'NOUN', 'text': 'Vertretung', 'id': 10, 'deprel': 'obj', 'head': 13}, 'verb': {'upos': 'VERB', 'text': 'übernommen', 'id': 13, 'deprel': 'root', 'head': 0}}]",['SOV']
1944,Krystal eröffnete im Jahr 1942 einen eigenen Nachtklub.,1,"[{'subject': {'upos': 'PROPN', 'text': 'Krystal', 'id': 1, 'deprel': 'nsubj', 'head': 2}, 'verb': {'upos': 'VERB', 'text': 'eröffnete', 'id': 2, 'deprel': 'root', 'head': 0}, 'object': {'upos': 'NOUN', 'text': 'Nachtklub', 'id': 9, 'deprel': 'obj', 'head': 2}}]",['SVO']
430,"Krishna versprach seiner Großmutter, niemandem von seinen Kräften zu erzählen, damit sie ihn gehen ließ.",1,"[{'subject': {'upos': 'PRON', 'text': 'sie', 'id': 14, 'deprel': 'nsubj', 'head': 17}, 'object': {'upos': 'PRON', 'text': 'ihn', 'id': 15, 'deprel': 'obj', 'head': 17}, 'verb': {'upos': 'VERB', 'text': 'ließ', 'id': 17, 'deprel': 'advcl', 'head': 11}}]",['SOV']
284,"kostete 243.000 Pfund, was überstiegen die Kosten der Krönung Georgs III.",1,"[{'object': {'upos': 'PRON', 'text': 'was', 'id': 5, 'deprel': 'obj', 'head': 6}, 'verb': {'upos': 'VERB', 'text': 'überstiegen', 'id': 6, 'deprel': 'parataxis', 'head': 1}, 'subject': {'upos': 'NOUN', 'text': 'Kosten', 'id': 8, 'deprel': 'nsubj', 'head': 6}}]",['OVS']
50,"Kohlenstoffaussonderung kann den Effekt der Verbrennung fossiler Brennstoffe reduzieren, bis erneuerbare Energien kostengünstiger zur Verfügung stehen.",1,"[{'subject': {'upos': 'NOUN', 'text': 'Kohlenstoffaussonderung', 'id': 1, 'deprel': 'nsubj', 'head': 9}, 'object': {'upos': 'NOUN', 'text': 'Effekt', 'id': 4, 'deprel': 'obj', 'head': 9}, 'verb': {'upos': 'VERB', 'text': 'reduzieren', 'id': 9, 'deprel': 'root', 'head': 0}}]",['SOV']
1780,Knight machte seinen Abschluss an der University of Oregon mit dem Bachelor of Business Administration.,1,"[{'subject': {'upos': 'PROPN', 'text': 'Knight', 'id': 1, 'deprel': 'nsubj', 'head': 2}, 'verb': {'upos': 'VERB', 'text': 'machte', 'id': 2, 'deprel': 'root', 'head': 0}, 'object': {'upos': 'NOUN', 'text': 'Abschluss', 'id': 4, 'deprel': 'obj', 'head': 2}}]",['SVO']
1182,Kleinert studierte Physik an der Technischen Hochschule Hannover.,1,"[{'subject': {'upos': 'PROPN', 'text': 'Kleinert', 'id': 1, 'deprel': 'nsubj', 'head': 2}, 'verb': {'upos': 'VERB', 'text': 'studierte', 'id': 2, 'deprel': 'root', 'head': 0}, 'object': {'upos': 'NOUN', 'text': 'Physik', 'id': 3, 'deprel': 'obj', 'head': 2}}]",['SVO']
77,"Kitty Flynn heiratete Charles H. Wells, der in Wirklichkeit Bullard war.",1,"[{'subject': {'upos': 'PROPN', 'text': 'Kitty', 'id': 1, 'deprel': 'nsubj', 'head': 3}, 'verb': {'upos': 'VERB', 'text': 'heiratete', 'id': 3, 'deprel': 'root', 'head': 0}, 'object': {'upos': 'PROPN', 'text': 'Charles', 'id': 4, 'deprel': 'obj', 'head': 3}}]",['SVO']
1694,"Kitts and Nevis umfasst elf gewählte und drei vom Generalgouverneur ernannte Mitglieder, wobei acht gewählte Sitze für St.",1,"[{'subject': {'upos': 'PROPN', 'text': 'Kitts', 'id': 1, 'deprel': 'nsubj', 'head': 4}, 'verb': {'upos': 'VERB', 'text': 'umfasst', 'id': 4, 'deprel': 'root', 'head': 0}, 'object': {'upos': 'NOUN', 'text': 'Mitglieder', 'id': 13, 'deprel': 'obj', 'head': 4}}]",['SVO']
1680,Kirk erlangte 1976 am Austin College den Grad Bachelor und 1979 den Titel Juris Doctor der University of Texas.,1,"[{'subject': {'upos': 'PROPN', 'text': 'Kirk', 'id': 1, 'deprel': 'nsubj', 'head': 2}, 'verb': {'upos': 'VERB', 'text': 'erlangte', 'id': 2, 'deprel': 'root', 'head': 0}, 'object': {'upos': 'NOUN', 'text': 'Grad', 'id': 9, 'deprel': 'obj', 'head': 2}}]",['SVO']
865,Khan spielte 88 Test Matches während seiner gesamten Karriere.,1,"[{'subject': {'upos': 'PROPN', 'text': 'Khan', 'id': 1, 'deprel': 'nsubj', 'head': 2}, 'verb': {'upos': 'VERB', 'text': 'spielte', 'id': 2, 'deprel': 'root', 'head': 0}, 'object': {'upos': 'NOUN', 'text': 'Matches', 'id': 5, 'deprel': 'obj', 'head': 2}}]",['SVO']
863,Khan ging nach England und besuchte das Royal Grammar School in Worcester.,1,"[{'subject': {'upos': 'PROPN', 'text': 'Khan', 'id': 1, 'deprel': 'nsubj', 'head': 2}, 'verb': {'upos': 'VERB', 'text': 'besuchte', 'id': 6, 'deprel': 'conj', 'head': 2}, 'object': {'upos': 'PROPN', 'text': 'Royal', 'id': 8, 'deprel': 'obj', 'head': 6}}]",['SVO']
1232,Kevin Valentine kümmerte sich um die Trommelaufgaben.,1,"[{'subject': {'upos': 'PROPN', 'text': 'Kevin', 'id': 1, 'deprel': 'nsubj', 'head': 3}, 'verb': {'upos': 'VERB', 'text': 'kümmerte', 'id': 3, 'deprel': 'root', 'head': 0}, 'object': {'upos': 'PRON', 'text': 'sich', 'id': 4, 'deprel': 'obj', 'head': 3}}]",['SVO']
1189,"Karp lernte HTML, als er 11 Jahre alt war.",1,"[{'subject': {'upos': 'PROPN', 'text': 'Karp', 'id': 1, 'deprel': 'nsubj', 'head': 2}, 'verb': {'upos': 'VERB', 'text': 'lernte', 'id': 2, 'deprel': 'root', 'head': 0}, 'object': {'upos': 'PROPN', 'text': 'HTML', 'id': 3, 'deprel': 'obj', 'head': 2}}]",['SVO']
438,Kang will die Nuklearwaffen der Vereinigten Staaten in deren Raketensilos in die Luft sprengen.,1,"[{'subject': {'upos': 'PROPN', 'text': 'Kang', 'id': 1, 'deprel': 'nsubj', 'head': 14}, 'object': {'upos': 'NOUN', 'text': 'Nuklearwaffen', 'id': 4, 'deprel': 'obj', 'head': 14}, 'verb': {'upos': 'VERB', 'text': 'sprengen', 'id': 14, 'deprel': 'root', 'head': 0}}]",['SOV']
597,Kane hat keine World Tag Team Championship gewonnen.,1,"[{'subject': {'upos': 'PROPN', 'text': 'Kane', 'id': 1, 'deprel': 'nsubj', 'head': 8}, 'object': {'upos': 'PROPN', 'text': 'World', 'id': 4, 'deprel': 'obj', 'head': 8}, 'verb': {'upos': 'VERB', 'text': 'gewonnen', 'id': 8, 'deprel': 'root', 'head': 0}}]",['SOV']
1852,"Kaizen bezeichnet eine japanische Lebens- und Arbeitsphilosophie sowie ein methodisches Konzept, in dessen Zentrum das Streben nach kontinuierlicher und unendlicher Verbesserung steht.",1,"[{'subject': {'upos': 'PROPN', 'text': 'Kaizen', 'id': 1, 'deprel': 'nsubj', 'head': 2}, 'verb': {'upos': 'VERB', 'text': 'bezeichnet', 'id': 2, 'deprel': 'root', 'head': 0}, 'object': {'upos': 'NOUN', 'text': 'Lebens', 'id': 5, 'deprel': 'obj', 'head': 2}}]",['SVO']
1214,"Juni 1962 bestätigt, indem Acre den Status eines Bundesstaats erhielt.",1,"[{'subject': {'upos': 'PROPN', 'text': 'Acre', 'id': 6, 'deprel': 'nsubj', 'head': 11}, 'object': {'upos': 'NOUN', 'text': 'Status', 'id': 8, 'deprel': 'obj', 'head': 11}, 'verb': {'upos': 'VERB', 'text': 'erhielt', 'id': 11, 'deprel': 'advcl', 'head': 3}}]",['SOV']
1821,Jöns Jakob Berzelius gab Proteinen ihren Namen.,1,"[{'subject': {'upos': 'PROPN', 'text': 'Jöns', 'id': 1, 'deprel': 'nsubj', 'head': 4}, 'verb': {'upos': 'VERB', 'text': 'gab', 'id': 4, 'deprel': 'root', 'head': 0}, 'object': {'upos': 'NOUN', 'text': 'Proteinen', 'id': 5, 'deprel': 'obj', 'head': 4}}]",['SVO']
688,Jon besuchte ab und zu seinen Vater auf der Farm.,1,"[{'subject': {'upos': 'PROPN', 'text': 'Jon', 'id': 1, 'deprel': 'nsubj', 'head': 2}, 'verb': {'upos': 'VERB', 'text': 'besuchte', 'id': 2, 'deprel': 'root', 'head': 0}, 'object': {'upos': 'NOUN', 'text': 'Vater', 'id': 7, 'deprel': 'obj', 'head': 2}}]",['SVO']
1338,Jimmie Lee Jackson's Tod löste den MLK-Marsch aus.,1,"[{'subject': {'upos': 'NOUN', 'text': 'Tod', 'id': 5, 'deprel': 'nsubj', 'head': 6}, 'verb': {'upos': 'VERB', 'text': 'löste', 'id': 6, 'deprel': 'root', 'head': 0}, 'object': {'upos': 'PROPN', 'text': 'MLK', 'id': 8, 'deprel': 'obj', 'head': 6}}]",['SVO']
1874,Jianmei erhielt 2010 den Simone-de-Beauvoir-Preis.,1,"[{'subject': {'upos': 'PROPN', 'text': 'Jianmei', 'id': 1, 'deprel': 'nsubj', 'head': 2}, 'verb': {'upos': 'VERB', 'text': 'erhielt', 'id': 2, 'deprel': 'root', 'head': 0}, 'object': {'upos': 'PROPN', 'text': 'Simone', 'id': 5, 'deprel': 'obj', 'head': 2}}]",['SVO']
567,"Jedes Regierungsmitglied nimmt an der feierlichen Parlamentseröffnung teil, bei der der Monarch die Thronrede hält.",1,"[{'subject': {'upos': 'NOUN', 'text': 'Monarch', 'id': 13, 'deprel': 'nsubj', 'head': 16}, 'object': {'upos': 'NOUN', 'text': 'Thronrede', 'id': 15, 'deprel': 'obj', 'head': 16}, 'verb': {'upos': 'VERB', 'text': 'hält', 'id': 16, 'deprel': 'acl', 'head': 7}}]",['SOV']
1386,"Jeder Bahnhof hat ein einzigartiges Design und Wandmalereien, die von indischen Hochschulstudenten entworfen wurden.",1,"[{'subject': {'upos': 'NOUN', 'text': 'Bahnhof', 'id': 2, 'deprel': 'nsubj', 'head': 3}, 'verb': {'upos': 'VERB', 'text': 'hat', 'id': 3, 'deprel': 'root', 'head': 0}, 'object': {'upos': 'NOUN', 'text': 'Design', 'id': 6, 'deprel': 'obj', 'head': 3}}]",['SVO']
1800,Jean-Philippe Lauer begann 1948 neue Ausgrabungen.,1,"[{'subject': {'upos': 'PROPN', 'text': 'Jean', 'id': 1, 'deprel': 'nsubj', 'head': 5}, 'verb': {'upos': 'VERB', 'text': 'begann', 'id': 5, 'deprel': 'root', 'head': 0}, 'object': {'upos': 'NOUN', 'text': 'Ausgrabungen', 'id': 8, 'deprel': 'obj', 'head': 5}}]",['SVO']
1858,Januzaj begann seine Fußballkarriere beim FC Brüssel.,1,"[{'subject': {'upos': 'PROPN', 'text': 'Januzaj', 'id': 1, 'deprel': 'nsubj', 'head': 2}, 'verb': {'upos': 'VERB', 'text': 'begann', 'id': 2, 'deprel': 'root', 'head': 0}, 'object': {'upos': 'NOUN', 'text': 'Fußballkarriere', 'id': 4, 'deprel': 'obj', 'head': 2}}]",['SVO']
1532,James verfolgte Bella nach Phoenix.,1,"[{'subject': {'upos': 'PROPN', 'text': 'James', 'id': 1, 'deprel': 'nsubj', 'head': 2}, 'verb': {'upos': 'VERB', 'text': 'verfolgte', 'id': 2, 'deprel': 'root', 'head': 0}, 'object': {'upos': 'PROPN', 'text': 'Bella', 'id': 3, 'deprel': 'obj', 'head': 2}}]",['SVO']
1669,Jahrhundert erstreckte sich Bruneis Reich bis zum Delta des Kapuas-Flusses in West-Kalimantan.,1,"[{'verb': {'upos': 'VERB', 'text': 'erstreckte', 'id': 2, 'deprel': 'root', 'head': 0}, 'object': {'upos': 'PRON', 'text': 'sich', 'id': 3, 'deprel': 'obj', 'head': 2}, 'subject': {'upos': 'PROPN', 'text': 'Reich', 'id': 5, 'deprel': 'nsubj', 'head': 2}}]",['VOS']
612,Jackie gibt sich schließlich der Polizei hin und wird eingesperrt.,1,"[{'subject': {'upos': 'PROPN', 'text': 'Jackie', 'id': 1, 'deprel': 'nsubj', 'head': 2}, 'verb': {'upos': 'VERB', 'text': 'gibt', 'id': 2, 'deprel': 'root', 'head': 0}, 'object': {'upos': 'PRON', 'text': 'sich', 'id': 3, 'deprel': 'obj', 'head': 2}}]",['SVO']
611,Jackie erhielt Shrikanth Mathur eine Warnung.,1,"[{'subject': {'upos': 'PROPN', 'text': 'Jackie', 'id': 1, 'deprel': 'nsubj', 'head': 2}, 'verb': {'upos': 'VERB', 'text': 'erhielt', 'id': 2, 'deprel': 'root', 'head': 0}, 'object': {'upos': 'PROPN', 'text': 'Shrikanth', 'id': 3, 'deprel': 'obj', 'head': 2}}]",['SVO']
736,"Ja, Ungarn besiegte England in Budapest mit 7:1.",1,"[{'subject': {'upos': 'PROPN', 'text': 'Ungarn', 'id': 3, 'deprel': 'nsubj', 'head': 4}, 'verb': {'upos': 'VERB', 'text': 'besiegte', 'id': 4, 'deprel': 'root', 'head': 0}, 'object': {'upos': 'PROPN', 'text': 'England', 'id': 5, 'deprel': 'obj', 'head': 4}}]",['SVO']
1218,"Ja, elektrochemische Zellen können Emf zur Verfügung stellen.",1,"[{'subject': {'upos': 'NOUN', 'text': 'Zellen', 'id': 4, 'deprel': 'nsubj', 'head': 10}, 'object': {'upos': 'PROPN', 'text': 'Emf', 'id': 6, 'deprel': 'obj', 'head': 10}, 'verb': {'upos': 'VERB', 'text': 'stellen', 'id': 10, 'deprel': 'root', 'head': 0}}]",['SOV']
1691,"Italien hatte große Verluste von rund 250.000 Mann, als alle vier Offensiven am Isonzo versagten.",1,"[{'subject': {'upos': 'PROPN', 'text': 'Italien', 'id': 1, 'deprel': 'nsubj', 'head': 2}, 'verb': {'upos': 'VERB', 'text': 'hatte', 'id': 2, 'deprel': 'root', 'head': 0}, 'object': {'upos': 'NOUN', 'text': 'Verluste', 'id': 4, 'deprel': 'obj', 'head': 2}}]",['SVO']
1759,"In Situation B ist Uhr B für den Beobachter langsamer laufend, da der Lichtstrahl sich geneigt ausbreiten muss, um sein Ziel zu erreichen.",1,"[{'subject': {'upos': 'NOUN', 'text': 'Lichtstrahl', 'id': 15, 'deprel': 'nsubj', 'head': 18}, 'object': {'upos': 'PRON', 'text': 'sich', 'id': 16, 'deprel': 'obj', 'head': 18}, 'verb': {'upos': 'VERB', 'text': 'ausbreiten', 'id': 18, 'deprel': 'advcl', 'head': 11}}]",['SOV']
1370,In Schuschenskoje heiratete er Nadeschda Krupskaja.,1,"[{'verb': {'upos': 'VERB', 'text': 'heiratete', 'id': 3, 'deprel': 'root', 'head': 0}, 'subject': {'upos': 'PRON', 'text': 'er', 'id': 4, 'deprel': 'nsubj', 'head': 3}, 'object': {'upos': 'PROPN', 'text': 'Nadeschda', 'id': 5, 'deprel': 'obj', 'head': 3}}]",['VSO']
1707,"In Minnesota halten sich mehrere große Städte wie Rochester, Duluth und St.",1,"[{'verb': {'upos': 'VERB', 'text': 'halten', 'id': 3, 'deprel': 'root', 'head': 0}, 'object': {'upos': 'PRON', 'text': 'sich', 'id': 4, 'deprel': 'obj', 'head': 3}, 'subject': {'upos': 'NOUN', 'text': 'Städte', 'id': 7, 'deprel': 'nsubj', 'head': 3}}]",['VOS']
269,"In Japan könnten Soldaten Teil der herrschenden Elite sein, da einige Militärs und Geistliche in Japan die herrschende Elite bildeten, wie es im Kontext des Neo-Konfuzianismus beschrieben wird.",1,"[{'subject': {'upos': 'NOUN', 'text': 'Militärs', 'id': 13, 'deprel': 'nsubj', 'head': 21}, 'object': {'upos': 'NOUN', 'text': 'Elite', 'id': 20, 'deprel': 'obj', 'head': 21}, 'verb': {'upos': 'VERB', 'text': 'bildeten', 'id': 21, 'deprel': 'advcl', 'head': 5}}]",['SOV']
926,In Frankreich im Jahr 1918 verursachte die Tuberkulose ein Sechstel der Todesfälle.,1,"[{'verb': {'upos': 'VERB', 'text': 'verursachte', 'id': 7, 'deprel': 'root', 'head': 0}, 'subject': {'upos': 'NOUN', 'text': 'Tuberkulose', 'id': 9, 'deprel': 'nsubj', 'head': 7}, 'object': {'upos': 'NOUN', 'text': 'Sechstel', 'id': 11, 'deprel': 'obj', 'head': 7}}]",['VSO']
1187,In einem Freundschaftsspiel gegen England erzielte er sein erstes Tor für Spanien.,1,"[{'verb': {'upos': 'VERB', 'text': 'erzielte', 'id': 6, 'deprel': 'root', 'head': 0}, 'subject': {'upos': 'PRON', 'text': 'er', 'id': 7, 'deprel': 'nsubj', 'head': 6}, 'object': {'upos': 'NOUN', 'text': 'Tor', 'id': 10, 'deprel': 'obj', 'head': 6}}]",['VSO']
313,In der traditionellen chinesischen Geschichtsschreibung bezeichnet Jianyuan das Ausrufen des ersten Äranamens.,1,"[{'verb': {'upos': 'VERB', 'text': 'bezeichnet', 'id': 6, 'deprel': 'root', 'head': 0}, 'subject': {'upos': 'PROPN', 'text': 'Jianyuan', 'id': 7, 'deprel': 'nsubj', 'head': 6}, 'object': {'upos': 'NOUN', 'text': 'Ausrufen', 'id': 9, 'deprel': 'obj', 'head': 6}}]",['VSO']
258,In der Schlacht um Monte Cassino haben die Goumiers grausame Verbrechen begangen.,1,"[{'subject': {'upos': 'PROPN', 'text': 'Goumiers', 'id': 9, 'deprel': 'nsubj', 'head': 12}, 'object': {'upos': 'NOUN', 'text': 'Verbrechen', 'id': 11, 'deprel': 'obj', 'head': 12}, 'verb': {'upos': 'VERB', 'text': 'begangen', 'id': 12, 'deprel': 'root', 'head': 0}}]",['SOV']
907,In der Datenbank finden sich Benennungen geographischer Objekte.,1,"[{'verb': {'upos': 'VERB', 'text': 'finden', 'id': 4, 'deprel': 'root', 'head': 0}, 'object': {'upos': 'PRON', 'text': 'sich', 'id': 5, 'deprel': 'obj', 'head': 4}, 'subject': {'upos': 'NOUN', 'text': 'Benennungen', 'id': 6, 'deprel': 'nsubj', 'head': 4}}]",['VOS']
1745,In der Brutperiode legen diese Vögel meist zwei Eier.,1,"[{'verb': {'upos': 'VERB', 'text': 'legen', 'id': 4, 'deprel': 'root', 'head': 0}, 'subject': {'upos': 'NOUN', 'text': 'Vögel', 'id': 6, 'deprel': 'nsubj', 'head': 4}, 'object': {'upos': 'NOUN', 'text': 'Eier', 'id': 9, 'deprel': 'obj', 'head': 4}}]",['VSO']
694,"In dem gegebenen Text wird beschrieben, dass die Kirche Sant Pere einen quadratischen Grundriss und drei Schiffe hat, die durch zwei kreuzförmige Pfeiler getrennt sind.",1,"[{'subject': {'upos': 'NOUN', 'text': 'Kirche', 'id': 10, 'deprel': 'nsubj', 'head': 19}, 'object': {'upos': 'NOUN', 'text': 'Grundriss', 'id': 15, 'deprel': 'obj', 'head': 19}, 'verb': {'upos': 'VERB', 'text': 'hat', 'id': 19, 'deprel': 'csubj:pass', 'head': 6}}]",['SOV']
459,Im viktorianischen Ballsaal erhielten Ritter ihren Titel.,1,"[{'verb': {'upos': 'VERB', 'text': 'erhielten', 'id': 5, 'deprel': 'root', 'head': 0}, 'subject': {'upos': 'PROPN', 'text': 'Ritter', 'id': 6, 'deprel': 'nsubj', 'head': 5}, 'object': {'upos': 'NOUN', 'text': 'Titel', 'id': 8, 'deprel': 'obj', 'head': 5}}]",['VSO']
1827,Im Verwaltungsrat des KfW wechseln die Bundesminister jährlich die Vorsitznutzung im Wechsel vom Bundesminister der Finanzen und vom Bundesminister für Wirtschaft und Energie.,1,"[{'verb': {'upos': 'VERB', 'text': 'wechseln', 'id': 6, 'deprel': 'root', 'head': 0}, 'subject': {'upos': 'NOUN', 'text': 'Bundesminister', 'id': 8, 'deprel': 'nsubj', 'head': 6}, 'object': {'upos': 'NOUN', 'text': 'Vorsitznutzung', 'id': 11, 'deprel': 'obj', 'head': 6}}]",['VSO']
1075,Im September 1983 gründete Stallman das GNU-Projekt.,1,"[{'verb': {'upos': 'VERB', 'text': 'gründete', 'id': 5, 'deprel': 'root', 'head': 0}, 'subject': {'upos': 'PROPN', 'text': 'Stallman', 'id': 6, 'deprel': 'nsubj', 'head': 5}, 'object': {'upos': 'PROPN', 'text': 'GNU', 'id': 8, 'deprel': 'obj', 'head': 5}}]",['VSO']
1962,"Im März 1918 stimmte die neue Sowjetregierung dem Friedensvertrag von Brest-Litowsk zu, der Russland härtere Friedensbedingungen auferlegte als später der Versailler Vertrag dem Deutschen Reich.",1,"[{'subject': {'upos': 'PRON', 'text': 'der', 'id': 17, 'deprel': 'nsubj', 'head': 21}, 'object': {'upos': 'NOUN', 'text': 'Friedensbedingungen', 'id': 20, 'deprel': 'obj', 'head': 21}, 'verb': {'upos': 'VERB', 'text': 'auferlegte', 'id': 21, 'deprel': 'acl', 'head': 10}}]",['SOV']
877,Im Kontext des OSPF-Protokolls gewinnt der Router mit der höchsten Router-Priorität die Priorität.,1,"[{'verb': {'upos': 'VERB', 'text': 'gewinnt', 'id': 8, 'deprel': 'root', 'head': 0}, 'subject': {'upos': 'NOUN', 'text': 'Router', 'id': 10, 'deprel': 'nsubj', 'head': 8}, 'object': {'upos': 'NOUN', 'text': 'Priorität', 'id': 18, 'deprel': 'obj', 'head': 8}}]",['VSO']
23,Im Juni 1939 unternahm das verbesserte Flugzeug den Erstflug.,1,"[{'verb': {'upos': 'VERB', 'text': 'unternahm', 'id': 5, 'deprel': 'root', 'head': 0}, 'subject': {'upos': 'NOUN', 'text': 'Flugzeug', 'id': 8, 'deprel': 'nsubj', 'head': 5}, 'object': {'upos': 'NOUN', 'text': 'Erstflug', 'id': 10, 'deprel': 'obj', 'head': 5}}]",['VSO']
1183,Im Jahre 1986 führte er die Biegesteifigkeit in die Stringtheorie ein.,1,"[{'verb': {'upos': 'VERB', 'text': 'führte', 'id': 5, 'deprel': 'root', 'head': 0}, 'subject': {'upos': 'PRON', 'text': 'er', 'id': 6, 'deprel': 'nsubj', 'head': 5}, 'object': {'upos': 'NOUN', 'text': 'Biegesteifigkeit', 'id': 8, 'deprel': 'obj', 'head': 5}}]",['VSO']
506,"Im Jahre 1985 begann Bayramov die Arbeit an seinem tiefgreifendsten Meisterwerk, der Hommage an die großen spanischen Künstler der Vergangenheit mit dem Titel „Goldener Schleier“.",1,"[{'verb': {'upos': 'VERB', 'text': 'begann', 'id': 5, 'deprel': 'root', 'head': 0}, 'subject': {'upos': 'PROPN', 'text': 'Bayramov', 'id': 6, 'deprel': 'nsubj', 'head': 5}, 'object': {'upos': 'NOUN', 'text': 'Arbeit', 'id': 8, 'deprel': 'obj', 'head': 5}}]",['VSO']
982,Im Jahre 1647 tötete ein Ausbruch der Pest ein Viertel der Bevölkerung.,1,"[{'verb': {'upos': 'VERB', 'text': 'tötete', 'id': 5, 'deprel': 'root', 'head': 0}, 'subject': {'upos': 'NOUN', 'text': 'Ausbruch', 'id': 7, 'deprel': 'nsubj', 'head': 5}, 'object': {'upos': 'NOUN', 'text': 'Viertel', 'id': 11, 'deprel': 'obj', 'head': 5}}]",['VSO']
1846,"Im Jahr 2007 veröffentlichte Lucas gemeinsam mit seinem Onkel Cyrus tha Great das Mixtape ""Workprint: The Greatest Mixtape of All Time"".",1,"[{'verb': {'upos': 'VERB', 'text': 'veröffentlichte', 'id': 5, 'deprel': 'root', 'head': 0}, 'subject': {'upos': 'PROPN', 'text': 'Lucas', 'id': 6, 'deprel': 'nsubj', 'head': 5}, 'object': {'upos': 'NOUN', 'text': 'Mixtape', 'id': 15, 'deprel': 'obj', 'head': 5}}]",['VSO']
1204,Im Jahr 2004 brach Muttiah Muralitharan den Rekord von Courtney Walsh bei Test-Cricket mit 519 Wickets.,1,"[{'verb': {'upos': 'VERB', 'text': 'brach', 'id': 5, 'deprel': 'root', 'head': 0}, 'subject': {'upos': 'PROPN', 'text': 'Muttiah', 'id': 6, 'deprel': 'nsubj', 'head': 5}, 'object': {'upos': 'NOUN', 'text': 'Rekord', 'id': 9, 'deprel': 'obj', 'head': 5}}]",['VSO']
145,Im Jahr 1999 schaffte Iglesias einen erfolgreichen Wechsel ins englische Musikmarkt.,1,"[{'verb': {'upos': 'VERB', 'text': 'schaffte', 'id': 5, 'deprel': 'root', 'head': 0}, 'subject': {'upos': 'PROPN', 'text': 'Iglesias', 'id': 6, 'deprel': 'nsubj', 'head': 5}, 'object': {'upos': 'NOUN', 'text': 'Wechsel', 'id': 9, 'deprel': 'obj', 'head': 5}}]",['VSO']
1401,Im Jahr 1981 versuchten rechte Militärs und Teile der paramilitärischen Guardia Civil einen Putschversuch („23-F“) gegen die demokratische Regierung.,1,"[{'verb': {'upos': 'VERB', 'text': 'versuchten', 'id': 5, 'deprel': 'root', 'head': 0}, 'subject': {'upos': 'NOUN', 'text': 'Militärs', 'id': 7, 'deprel': 'nsubj', 'head': 5}, 'object': {'upos': 'NOUN', 'text': 'Putschversuch', 'id': 15, 'deprel': 'obj', 'head': 5}}]",['VSO']
1886,Im Herbst desselben Jahres veröffentlichte er den Mash-Up unter dem Titel Seek Bromance.ngenesis,1,"[{'verb': {'upos': 'VERB', 'text': 'veröffentlichte', 'id': 6, 'deprel': 'root', 'head': 0}, 'subject': {'upos': 'PRON', 'text': 'er', 'id': 7, 'deprel': 'nsubj', 'head': 6}, 'object': {'upos': 'PROPN', 'text': 'Mash-', 'id': 9, 'deprel': 'obj', 'head': 6}}]",['VSO']
965,"Im gegebenen Kontext kann Hydroxylamin zu Nitrit oxidiert werden, was Stickoxid als Endprodukt ergibt.",1,"[{'subject': {'upos': 'PRON', 'text': 'was', 'id': 12, 'deprel': 'nsubj', 'head': 16}, 'object': {'upos': 'NOUN', 'text': 'Stickoxid', 'id': 13, 'deprel': 'obj', 'head': 16}, 'verb': {'upos': 'VERB', 'text': 'ergibt', 'id': 16, 'deprel': 'acl', 'head': 9}}]",['SOV']
117,Im Frühsommer 1894 begann er seine Mechanikerlehre.,1,"[{'verb': {'upos': 'VERB', 'text': 'begann', 'id': 5, 'deprel': 'root', 'head': 0}, 'subject': {'upos': 'PRON', 'text': 'er', 'id': 6, 'deprel': 'nsubj', 'head': 5}, 'object': {'upos': 'NOUN', 'text': 'Mechanikerlehre', 'id': 8, 'deprel': 'obj', 'head': 5}}]",['VSO']
1500,"Im Dezember 1992 sahen sich Charles und Diana gezwungen, die offizielle Trennung bekanntzugeben.",1,"[{'verb': {'upos': 'VERB', 'text': 'sahen', 'id': 5, 'deprel': 'root', 'head': 0}, 'object': {'upos': 'PRON', 'text': 'sich', 'id': 6, 'deprel': 'obj', 'head': 5}, 'subject': {'upos': 'PROPN', 'text': 'Charles', 'id': 7, 'deprel': 'nsubj', 'head': 5}}]",['VOS']
36,Im Dezember 1738 führten Pierre Bouguer und Charles Marie de La Condamine zwei Messungen in Höhen von 4680 und 4340 Metern durch.,1,"[{'verb': {'upos': 'VERB', 'text': 'führten', 'id': 5, 'deprel': 'root', 'head': 0}, 'subject': {'upos': 'PROPN', 'text': 'Pierre', 'id': 6, 'deprel': 'nsubj', 'head': 5}, 'object': {'upos': 'NOUN', 'text': 'Messungen', 'id': 15, 'deprel': 'obj', 'head': 5}}]",['VSO']
1309,Im Alter von sechs Monaten ahmte Woods schon Golfschwünge seines Vaters nach.,1,"[{'verb': {'upos': 'VERB', 'text': 'ahmte', 'id': 7, 'deprel': 'root', 'head': 0}, 'subject': {'upos': 'PROPN', 'text': 'Woods', 'id': 8, 'deprel': 'nsubj', 'head': 7}, 'object': {'upos': 'NOUN', 'text': 'Golfschwünge', 'id': 10, 'deprel': 'obj', 'head': 7}}]",['VSO']
891,IFAB steht für International Football Association Board und berät und beschließt Regeländerungen im Fußball.,1,"[{'subject': {'upos': 'PROPN', 'text': 'IFAB', 'id': 1, 'deprel': 'nsubj', 'head': 2}, 'verb': {'upos': 'VERB', 'text': 'beschließt', 'id': 11, 'deprel': 'conj', 'head': 2}, 'object': {'upos': 'NOUN', 'text': 'Regeländerungen', 'id': 12, 'deprel': 'obj', 'head': 11}}]",['SVO']
762,Ich kann keine spezifische Information über seine Fähigkeiten oder Leistungen liefern.,1,"[{'subject': {'upos': 'PRON', 'text': 'Ich', 'id': 1, 'deprel': 'nsubj', 'head': 11}, 'object': {'upos': 'NOUN', 'text': 'Information', 'id': 5, 'deprel': 'obj', 'head': 11}, 'verb': {'upos': 'VERB', 'text': 'liefern', 'id': 11, 'deprel': 'root', 'head': 0}}]",['SOV']
307,Ich habe keine spezifischen Details über eine Schlacht von San Marino oder die Besiege der Alliierten der deutschen Streitkräfte in diesem Kontext.,1,"[{'subject': {'upos': 'PRON', 'text': 'Ich', 'id': 1, 'deprel': 'nsubj', 'head': 2}, 'verb': {'upos': 'VERB', 'text': 'habe', 'id': 2, 'deprel': 'root', 'head': 0}, 'object': {'upos': 'NOUN', 'text': 'Details', 'id': 5, 'deprel': 'obj', 'head': 2}}]",['SVO']
798,Ich habe keine spezifische Technik identifizieren können.,1,"[{'subject': {'upos': 'PRON', 'text': 'Ich', 'id': 1, 'deprel': 'nsubj', 'head': 6}, 'object': {'upos': 'NOUN', 'text': 'Technik', 'id': 5, 'deprel': 'obj', 'head': 6}, 'verb': {'upos': 'VERB', 'text': 'identifizieren', 'id': 6, 'deprel': 'root', 'head': 0}}]",['SOV']
1137,"Ich habe keine spezifische Linie identifizieren können, die in den Texten erwähnt würde.",1,"[{'subject': {'upos': 'PRON', 'text': 'Ich', 'id': 1, 'deprel': 'nsubj', 'head': 6}, 'object': {'upos': 'NOUN', 'text': 'Linie', 'id': 5, 'deprel': 'obj', 'head': 6}, 'verb': {'upos': 'VERB', 'text': 'identifizieren', 'id': 6, 'deprel': 'root', 'head': 0}}]",['SOV']
579,Ich habe keine relevanten Informationen gefunden.,1,"[{'subject': {'upos': 'PRON', 'text': 'Ich', 'id': 1, 'deprel': 'nsubj', 'head': 6}, 'object': {'upos': 'NOUN', 'text': 'Informationen', 'id': 5, 'deprel': 'obj', 'head': 6}, 'verb': {'upos': 'VERB', 'text': 'gefunden', 'id': 6, 'deprel': 'root', 'head': 0}}]",['SOV']
369,IBM und seine Entwickler haben die Leitungen nicht in irgendeiner Weise beeinflusst.,1,"[{'subject': {'upos': 'PROPN', 'text': 'IBM', 'id': 1, 'deprel': 'nsubj', 'head': 12}, 'object': {'upos': 'NOUN', 'text': 'Leitungen', 'id': 7, 'deprel': 'obj', 'head': 12}, 'verb': {'upos': 'VERB', 'text': 'beeinflusst', 'id': 12, 'deprel': 'root', 'head': 0}}]",['SOV']
869,"Ian Botham wurde angenommen, er hätte den Ball manipuliert.",1,"[{'subject': {'upos': 'PRON', 'text': 'er', 'id': 6, 'deprel': 'nsubj', 'head': 10}, 'object': {'upos': 'NOUN', 'text': 'Ball', 'id': 9, 'deprel': 'obj', 'head': 10}, 'verb': {'upos': 'VERB', 'text': 'manipuliert', 'id': 10, 'deprel': 'conj', 'head': 4}}]",['SOV']
1929,"HIPC steht für Heavily Indebted Poor Countries, was stark verschuldete Armutsländer bedeutet.",1,"[{'subject': {'upos': 'PRON', 'text': 'was', 'id': 9, 'deprel': 'nsubj', 'head': 13}, 'object': {'upos': 'NOUN', 'text': 'Armutsländer', 'id': 12, 'deprel': 'obj', 'head': 13}, 'verb': {'upos': 'VERB', 'text': 'bedeutet', 'id': 13, 'deprel': 'acl', 'head': 4}}]",['SOV']
6,Helens normalisierte sich die Arbeitslosigkeit nach Wiederaufnahme der Nutzholzgewinnung wieder annähernd auf das Ausgangsniveau.,1,"[{'subject': {'upos': 'PROPN', 'text': 'Helens', 'id': 1, 'deprel': 'nsubj', 'head': 2}, 'verb': {'upos': 'VERB', 'text': 'normalisierte', 'id': 2, 'deprel': 'root', 'head': 0}, 'object': {'upos': 'PRON', 'text': 'sich', 'id': 3, 'deprel': 'obj', 'head': 2}}]",['SVO']
707,"Hamza, Zaid oder Bilal zitierten Mohammeds Worte.",1,"[{'subject': {'upos': 'PROPN', 'text': 'Hamza', 'id': 1, 'deprel': 'nsubj', 'head': 6}, 'verb': {'upos': 'VERB', 'text': 'zitierten', 'id': 6, 'deprel': 'root', 'head': 0}, 'object': {'upos': 'NOUN', 'text': 'Worte', 'id': 8, 'deprel': 'obj', 'head': 6}}]",['SVO']
1019,Guevara hat Aleida am 2.,1,"[{'subject': {'upos': 'PROPN', 'text': 'Guevara', 'id': 1, 'deprel': 'nsubj', 'head': 2}, 'verb': {'upos': 'VERB', 'text': 'hat', 'id': 2, 'deprel': 'root', 'head': 0}, 'object': {'upos': 'PROPN', 'text': 'Aleida', 'id': 3, 'deprel': 'obj', 'head': 2}}]",['SVO']
1018,Guevara erlernte schnell taktische Fähigkeiten und wurde zu einer wichtigen militärischen Instanz.,1,"[{'subject': {'upos': 'PROPN', 'text': 'Guevara', 'id': 1, 'deprel': 'nsubj', 'head': 2}, 'verb': {'upos': 'VERB', 'text': 'erlernte', 'id': 2, 'deprel': 'root', 'head': 0}, 'object': {'upos': 'NOUN', 'text': 'Fähigkeiten', 'id': 5, 'deprel': 'obj', 'head': 2}}]",['SVO']
667,Großbritannien versprach 2500 Soldaten.,1,"[{'subject': {'upos': 'PROPN', 'text': 'Großbritannien', 'id': 1, 'deprel': 'nsubj', 'head': 2}, 'verb': {'upos': 'VERB', 'text': 'versprach', 'id': 2, 'deprel': 'root', 'head': 0}, 'object': {'upos': 'NOUN', 'text': 'Soldaten', 'id': 4, 'deprel': 'obj', 'head': 2}}]",['SVO']
1590,"Großbritannien entsandte nach der Suezkanal-Krise Truppen in Oman (1957), Jordanien (1958) und Kuwait (1961).",1,"[{'subject': {'upos': 'PROPN', 'text': 'Großbritannien', 'id': 1, 'deprel': 'nsubj', 'head': 2}, 'verb': {'upos': 'VERB', 'text': 'entsandte', 'id': 2, 'deprel': 'root', 'head': 0}, 'object': {'upos': 'NOUN', 'text': 'Truppen', 'id': 8, 'deprel': 'obj', 'head': 2}}]",['SVO']
1978,Groener vereinbarte einen Pakt mit Ebert.,1,"[{'subject': {'upos': 'PROPN', 'text': 'Groener', 'id': 1, 'deprel': 'nsubj', 'head': 2}, 'verb': {'upos': 'VERB', 'text': 'vereinbarte', 'id': 2, 'deprel': 'root', 'head': 0}, 'object': {'upos': 'NOUN', 'text': 'Pakt', 'id': 4, 'deprel': 'obj', 'head': 2}}]",['SVO']
1847,"Gomez war fünf Jahre alt, als sich ihre Eltern trennten.",1,"[{'object': {'upos': 'PRON', 'text': 'sich', 'id': 8, 'deprel': 'obj', 'head': 11}, 'subject': {'upos': 'NOUN', 'text': 'Eltern', 'id': 10, 'deprel': 'nsubj', 'head': 11}, 'verb': {'upos': 'VERB', 'text': 'trennten', 'id': 11, 'deprel': 'advcl', 'head': 5}}]",['OSV']
1739,Gideon Sundbäck machte in Bingen am Rhein seinen Ingenieurexamen 1903.,1,"[{'subject': {'upos': 'PROPN', 'text': 'Gideon', 'id': 1, 'deprel': 'nsubj', 'head': 3}, 'verb': {'upos': 'VERB', 'text': 'machte', 'id': 3, 'deprel': 'root', 'head': 0}, 'object': {'upos': 'NOUN', 'text': 'Ingenieurexamen', 'id': 10, 'deprel': 'obj', 'head': 3}}]",['SVO']
1998,"Gemäß den bereitgestellten Informationen erweiterte Robert von Loritello im Jahr 1100 seine Besitzungen durch Fortore, Bovino und Dragonara.",1,"[{'verb': {'upos': 'VERB', 'text': 'erweiterte', 'id': 5, 'deprel': 'root', 'head': 0}, 'subject': {'upos': 'PROPN', 'text': 'Robert', 'id': 6, 'deprel': 'nsubj', 'head': 5}, 'object': {'upos': 'NOUN', 'text': 'Besitzungen', 'id': 14, 'deprel': 'obj', 'head': 5}}]",['VSO']
1630,Gede hat für Fortuna Köln 416 Zweitligaspiele bestritten.,1,"[{'subject': {'upos': 'PROPN', 'text': 'Gede', 'id': 1, 'deprel': 'nsubj', 'head': 8}, 'object': {'upos': 'NOUN', 'text': 'Zweitligaspiele', 'id': 7, 'deprel': 'obj', 'head': 8}, 'verb': {'upos': 'VERB', 'text': 'bestritten', 'id': 8, 'deprel': 'root', 'head': 0}}]",['SOV']
687,"Garfield hatte vier Charakterzüge: fetter, fauler, oft sarkastischer und frech.",1,"[{'subject': {'upos': 'PROPN', 'text': 'Garfield', 'id': 1, 'deprel': 'nsubj', 'head': 2}, 'verb': {'upos': 'VERB', 'text': 'hatte', 'id': 2, 'deprel': 'root', 'head': 0}, 'object': {'upos': 'NOUN', 'text': 'Charakterzüge', 'id': 4, 'deprel': 'obj', 'head': 2}}]",['SVO']
838,"Für den Rest ihres Lebens trug sie eine Augenbinde, um ihre Verbundenheit mit ihrem blinden Schwiegersohn Dhritarashtra zu zeigen.",1,"[{'verb': {'upos': 'VERB', 'text': 'trug', 'id': 6, 'deprel': 'root', 'head': 0}, 'subject': {'upos': 'PRON', 'text': 'sie', 'id': 7, 'deprel': 'nsubj', 'head': 6}, 'object': {'upos': 'NOUN', 'text': 'Augenbinde', 'id': 9, 'deprel': 'obj', 'head': 6}}]",['VSO']
394,Fünf Nummer-eins-Hits hatte das Album.,1,"[{'object': {'upos': 'NOUN', 'text': 'Hits', 'id': 6, 'deprel': 'obj', 'head': 7}, 'verb': {'upos': 'VERB', 'text': 'hatte', 'id': 7, 'deprel': 'root', 'head': 0}, 'subject': {'upos': 'NOUN', 'text': 'Album', 'id': 9, 'deprel': 'nsubj', 'head': 7}}]",['OVS']
336,Frauen hatten ein niedrigeres mittleres Einkommen als Männer.,1,"[{'subject': {'upos': 'NOUN', 'text': 'Frauen', 'id': 1, 'deprel': 'nsubj', 'head': 2}, 'verb': {'upos': 'VERB', 'text': 'hatten', 'id': 2, 'deprel': 'root', 'head': 0}, 'object': {'upos': 'NOUN', 'text': 'Einkommen', 'id': 6, 'deprel': 'obj', 'head': 2}}]",['SVO']
1598,Flixster erwarb RottenTomatoes.com im Januar 2010.,1,"[{'subject': {'upos': 'PROPN', 'text': 'Flixster', 'id': 1, 'deprel': 'nsubj', 'head': 2}, 'verb': {'upos': 'VERB', 'text': 'erwarb', 'id': 2, 'deprel': 'root', 'head': 0}, 'object': {'upos': 'PROPN', 'text': 'RottenTomatoes.com', 'id': 3, 'deprel': 'obj', 'head': 2}}]",['SVO']
1293,"FeedBurner bietet angepasste RSS-Feeds und Verwaltungswerkzeuge für Blogger, Podcaster und andere Anbieter webbasierter Inhalte.",1,"[{'subject': {'upos': 'PROPN', 'text': 'FeedBurner', 'id': 1, 'deprel': 'nsubj', 'head': 2}, 'verb': {'upos': 'VERB', 'text': 'bietet', 'id': 2, 'deprel': 'root', 'head': 0}, 'object': {'upos': 'PROPN', 'text': 'RSS', 'id': 4, 'deprel': 'obj', 'head': 2}}]",['SVO']
69,Faworski verteidigte seine Dissertation im Jahr 1895.,1,"[{'subject': {'upos': 'PROPN', 'text': 'Faworski', 'id': 1, 'deprel': 'nsubj', 'head': 2}, 'verb': {'upos': 'VERB', 'text': 'verteidigte', 'id': 2, 'deprel': 'root', 'head': 0}, 'object': {'upos': 'NOUN', 'text': 'Dissertation', 'id': 4, 'deprel': 'obj', 'head': 2}}]",['SVO']
68,Faworski hat Chemie nicht studiert.,1,"[{'subject': {'upos': 'PROPN', 'text': 'Faworski', 'id': 1, 'deprel': 'nsubj', 'head': 5}, 'object': {'upos': 'NOUN', 'text': 'Chemie', 'id': 3, 'deprel': 'obj', 'head': 5}, 'verb': {'upos': 'VERB', 'text': 'studiert', 'id': 5, 'deprel': 'root', 'head': 0}}]",['SOV']
1482,"Es wird jedoch beschrieben, dass Laveran 1880 im Blut seiner Patienten die Erreger der Malaria entdeckte.",1,"[{'subject': {'upos': 'PROPN', 'text': 'Laveran', 'id': 7, 'deprel': 'nsubj', 'head': 18}, 'object': {'upos': 'NOUN', 'text': 'Erreger', 'id': 15, 'deprel': 'obj', 'head': 18}, 'verb': {'upos': 'VERB', 'text': 'entdeckte', 'id': 18, 'deprel': 'csubj:pass', 'head': 4}}]",['SOV']
1222,"Es wird beendet, wenn alle Wickets der Schlagmannschaft verloren sind, kein weiterer Batsman zur Verfügung steht, eine Deklaration oder Forfaitture erfolgt oder die Endzeit oder festgelegte Overanzahl erreicht wurde.",1,"[{'subject': {'upos': 'NOUN', 'text': 'Batsman', 'id': 15, 'deprel': 'nsubj', 'head': 19}, 'object': {'upos': 'NOUN', 'text': 'Deklaration', 'id': 22, 'deprel': 'obj', 'head': 25}, 'verb': {'upos': 'VERB', 'text': 'erfolgt', 'id': 25, 'deprel': 'conj', 'head': 19}}]",['SOV']
1679,Es handelte sich um ein Postflugzeug der Florida Airways aus Jacksonville (Florida).,1,"[{'subject': {'upos': 'PRON', 'text': 'Es', 'id': 1, 'deprel': 'nsubj', 'head': 2}, 'verb': {'upos': 'VERB', 'text': 'handelte', 'id': 2, 'deprel': 'root', 'head': 0}, 'object': {'upos': 'PRON', 'text': 'sich', 'id': 3, 'deprel': 'obj', 'head': 2}}]",['SVO']
399,"Es handelt sich um eine geografische Lage an der Küste Kaliforniens, wo die Interstate 5 von der Küste ins Inland führt.",1,"[{'subject': {'upos': 'PRON', 'text': 'Es', 'id': 1, 'deprel': 'nsubj', 'head': 2}, 'verb': {'upos': 'VERB', 'text': 'handelt', 'id': 2, 'deprel': 'root', 'head': 0}, 'object': {'upos': 'PRON', 'text': 'sich', 'id': 3, 'deprel': 'obj', 'head': 2}}]",['SVO']
412,"Es handelt sich um die Single ""Celebration"".",1,"[{'subject': {'upos': 'PRON', 'text': 'Es', 'id': 1, 'deprel': 'nsubj', 'head': 2}, 'verb': {'upos': 'VERB', 'text': 'handelt', 'id': 2, 'deprel': 'root', 'head': 0}, 'object': {'upos': 'PRON', 'text': 'sich', 'id': 3, 'deprel': 'obj', 'head': 2}}]",['SVO']
595,"Es handelt sich jedoch nicht um ein Herrenhaus, das auf dem Pflaster einer römischen Villa erbaut wurde, sondern es wird nicht erwähnt, dass das Gelände auf Pflaster einer römischen Villa lag.",1,"[{'subject': {'upos': 'PRON', 'text': 'Es', 'id': 1, 'deprel': 'nsubj', 'head': 2}, 'verb': {'upos': 'VERB', 'text': 'handelt', 'id': 2, 'deprel': 'root', 'head': 0}, 'object': {'upos': 'PRON', 'text': 'sich', 'id': 3, 'deprel': 'obj', 'head': 2}}]",['SVO']
1666,"Es gibt Nachweise des Imperiums von Brunei, insbesondere in chinesischen Texten, die die Frühgeschichte rekonstruieren können.",1,"[{'subject': {'upos': 'PRON', 'text': 'die', 'id': 14, 'deprel': 'nsubj', 'head': 17}, 'object': {'upos': 'NOUN', 'text': 'Frühgeschichte', 'id': 16, 'deprel': 'obj', 'head': 17}, 'verb': {'upos': 'VERB', 'text': 'rekonstruieren', 'id': 17, 'deprel': 'acl', 'head': 12}}]",['SOV']
844,"Es bilden sich schmerzhafte Blasen im Mund-, Rachen- und Genitalbereich sowie eine erosive Konjunktivitis.",1,"[{'verb': {'upos': 'VERB', 'text': 'bilden', 'id': 2, 'deprel': 'root', 'head': 0}, 'object': {'upos': 'PRON', 'text': 'sich', 'id': 3, 'deprel': 'obj', 'head': 2}, 'subject': {'upos': 'NOUN', 'text': 'Blasen', 'id': 5, 'deprel': 'nsubj', 'head': 2}}]",['VOS']
1190,"Er war 17 Jahre alt, als seine Eltern sich trennten.",1,"[{'subject': {'upos': 'NOUN', 'text': 'Eltern', 'id': 9, 'deprel': 'nsubj', 'head': 11}, 'object': {'upos': 'PRON', 'text': 'sich', 'id': 10, 'deprel': 'obj', 'head': 11}, 'verb': {'upos': 'VERB', 'text': 'trennten', 'id': 11, 'deprel': 'advcl', 'head': 5}}]",['SOV']
1997,Er übergab seinem Bruder Robert Guiskard die Festung bei Scribla.,1,"[{'subject': {'upos': 'PRON', 'text': 'Er', 'id': 1, 'deprel': 'nsubj', 'head': 2}, 'verb': {'upos': 'VERB', 'text': 'übergab', 'id': 2, 'deprel': 'root', 'head': 0}, 'object': {'upos': 'NOUN', 'text': 'Festung', 'id': 8, 'deprel': 'obj', 'head': 2}}]",['SVO']
68,Er studierte Physik und Mathematik an der Kaiserlichen Universität St.,1,"[{'subject': {'upos': 'PRON', 'text': 'Er', 'id': 1, 'deprel': 'nsubj', 'head': 2}, 'verb': {'upos': 'VERB', 'text': 'studierte', 'id': 2, 'deprel': 'root', 'head': 0}, 'object': {'upos': 'NOUN', 'text': 'Physik', 'id': 3, 'deprel': 'obj', 'head': 2}}]",['SVO']
615,Er schleudert Dr.,1,"[{'subject': {'upos': 'PRON', 'text': 'Er', 'id': 1, 'deprel': 'nsubj', 'head': 2}, 'verb': {'upos': 'VERB', 'text': 'schleudert', 'id': 2, 'deprel': 'root', 'head': 0}, 'object': {'upos': 'NOUN', 'text': 'Dr.', 'id': 3, 'deprel': 'obj', 'head': 2}}]",['SVO']
80,Er mietete ein Apartment in Mayfair.,1,"[{'subject': {'upos': 'PRON', 'text': 'Er', 'id': 1, 'deprel': 'nsubj', 'head': 2}, 'verb': {'upos': 'VERB', 'text': 'mietete', 'id': 2, 'deprel': 'root', 'head': 0}, 'object': {'upos': 'NOUN', 'text': 'Apartment', 'id': 4, 'deprel': 'obj', 'head': 2}}]",['SVO']
868,Er erzielte 362 Wickets im Test-Cricket.,1,"[{'subject': {'upos': 'PRON', 'text': 'Er', 'id': 1, 'deprel': 'nsubj', 'head': 2}, 'verb': {'upos': 'VERB', 'text': 'erzielte', 'id': 2, 'deprel': 'root', 'head': 0}, 'object': {'upos': 'NOUN', 'text': 'Wickets', 'id': 4, 'deprel': 'obj', 'head': 2}}]",['SVO']
1077,Er erhielt 1996 einen Ehrendoktor der Königlich Technischen Hochschule Stockholm.,1,"[{'subject': {'upos': 'PRON', 'text': 'Er', 'id': 1, 'deprel': 'nsubj', 'head': 2}, 'verb': {'upos': 'VERB', 'text': 'erhielt', 'id': 2, 'deprel': 'root', 'head': 0}, 'object': {'upos': 'NOUN', 'text': 'Ehrendoktor', 'id': 5, 'deprel': 'obj', 'head': 2}}]",['SVO']
1117,Er bewies wichtige Sätze wie den Einheitensatz und die Endlichkeit der Klassenzahl.,1,"[{'subject': {'upos': 'PRON', 'text': 'Er', 'id': 1, 'deprel': 'nsubj', 'head': 2}, 'verb': {'upos': 'VERB', 'text': 'bewies', 'id': 2, 'deprel': 'root', 'head': 0}, 'object': {'upos': 'NOUN', 'text': 'Sätze', 'id': 4, 'deprel': 'obj', 'head': 2}}]",['SVO']
1047,Er besuchte die Universität Kopenhagen.,1,"[{'subject': {'upos': 'PRON', 'text': 'Er', 'id': 1, 'deprel': 'nsubj', 'head': 2}, 'verb': {'upos': 'VERB', 'text': 'besuchte', 'id': 2, 'deprel': 'root', 'head': 0}, 'object': {'upos': 'NOUN', 'text': 'Universität', 'id': 4, 'deprel': 'obj', 'head': 2}}]",['SVO']
1452,Entwicklungsländer kritisierten das TRIPS-Abkommen am stärksten.,1,"[{'subject': {'upos': 'NOUN', 'text': 'Entwicklungsländer', 'id': 1, 'deprel': 'nsubj', 'head': 2}, 'verb': {'upos': 'VERB', 'text': 'kritisierten', 'id': 2, 'deprel': 'root', 'head': 0}, 'object': {'upos': 'PROPN', 'text': 'TRIPS', 'id': 4, 'deprel': 'obj', 'head': 2}}]",['SVO']
1805,"Engelhaie ernähren sich ausgewiesenermaßen hauptsächlich aus Weichtieren, kleinen Fischen und Krebstieren.",1,"[{'subject': {'upos': 'PROPN', 'text': 'Engelhaie', 'id': 1, 'deprel': 'nsubj', 'head': 2}, 'verb': {'upos': 'VERB', 'text': 'ernähren', 'id': 2, 'deprel': 'root', 'head': 0}, 'object': {'upos': 'PRON', 'text': 'sich', 'id': 3, 'deprel': 'obj', 'head': 2}}]",['SVO']
533,Einige tasmanische Farmer schätzen deshalb Beutelteufel wegen ihrer ökologischen Rolle.,1,"[{'subject': {'upos': 'NOUN', 'text': 'Farmer', 'id': 3, 'deprel': 'nsubj', 'head': 4}, 'verb': {'upos': 'VERB', 'text': 'schätzen', 'id': 4, 'deprel': 'root', 'head': 0}, 'object': {'upos': 'NOUN', 'text': 'Beutelteufel', 'id': 6, 'deprel': 'obj', 'head': 4}}]",['SVO']
1894,"Einige Ägyptologen bestreiten die ""Usurpator-Thesen"".",1,"[{'subject': {'upos': 'NOUN', 'text': 'Ägyptologen', 'id': 2, 'deprel': 'nsubj', 'head': 3}, 'verb': {'upos': 'VERB', 'text': 'bestreiten', 'id': 3, 'deprel': 'root', 'head': 0}, 'object': {'upos': 'PROPN', 'text': 'Usurpator', 'id': 6, 'deprel': 'obj', 'head': 3}}]",['SVO']
1343,Eine Viertelmillion schwarze Wähler haben sich als Neuwähler registrieren lassen.,1,"[{'subject': {'upos': 'NOUN', 'text': 'Wähler', 'id': 4, 'deprel': 'nsubj', 'head': 10}, 'object': {'upos': 'PRON', 'text': 'sich', 'id': 6, 'deprel': 'obj', 'head': 10}, 'verb': {'upos': 'VERB', 'text': 'lassen', 'id': 10, 'deprel': 'root', 'head': 0}}]",['SOV']
1896,Eine rote Karte im Fußball entspricht vier Punkten.,1,"[{'subject': {'upos': 'NOUN', 'text': 'Karte', 'id': 3, 'deprel': 'nsubj', 'head': 7}, 'verb': {'upos': 'VERB', 'text': 'entspricht', 'id': 7, 'deprel': 'root', 'head': 0}, 'object': {'upos': 'NOUN', 'text': 'Punkten', 'id': 9, 'deprel': 'obj', 'head': 7}}]",['SVO']
1660,eine GCSE-Prüfung und bilden sich anschließend für etwa zwei Jahre weiter.,1,"[{'subject': {'upos': 'PROPN', 'text': 'GCSE', 'id': 2, 'deprel': 'nsubj', 'head': 6}, 'verb': {'upos': 'VERB', 'text': 'bilden', 'id': 6, 'deprel': 'root', 'head': 0}, 'object': {'upos': 'PRON', 'text': 'sich', 'id': 7, 'deprel': 'obj', 'head': 6}}]",['SVO']
1312,Ein Supermarkt würde Daten sammeln wie Kunden in Bezug auf ähnliches Kaufverhalten und Interessen für gezielte Werbemaßnahmen.,1,"[{'subject': {'upos': 'NOUN', 'text': 'Supermarkt', 'id': 2, 'deprel': 'nsubj', 'head': 5}, 'object': {'upos': 'NOUN', 'text': 'Daten', 'id': 4, 'deprel': 'obj', 'head': 5}, 'verb': {'upos': 'VERB', 'text': 'sammeln', 'id': 5, 'deprel': 'root', 'head': 0}}]",['SOV']
901,"Ein Spieler erhält einen zusätzlichen Bonusfreiwurf, wenn er unmittelbar während eines Wurfversuchs gefoult wird und der Versuch trotz des Fouls erfolgreich ist.",1,"[{'subject': {'upos': 'NOUN', 'text': 'Spieler', 'id': 2, 'deprel': 'nsubj', 'head': 3}, 'verb': {'upos': 'VERB', 'text': 'erhält', 'id': 3, 'deprel': 'root', 'head': 0}, 'object': {'upos': 'NOUN', 'text': 'Bonusfreiwurf', 'id': 6, 'deprel': 'obj', 'head': 3}}]",['SVO']
519,"Ein Selenium Grid kann dieparallele Ausführung von Tests auf mehreren Servern ermöglichen, um die Dauer der Testdurchführung zu verkürzen.",1,"[{'subject': {'upos': 'NOUN', 'text': 'Selenium', 'id': 2, 'deprel': 'nsubj', 'head': 12}, 'object': {'upos': 'NOUN', 'text': 'Ausführung', 'id': 6, 'deprel': 'obj', 'head': 12}, 'verb': {'upos': 'VERB', 'text': 'ermöglichen', 'id': 12, 'deprel': 'root', 'head': 0}}]",['SOV']
1530,"Ein Neugeborenes sollte einen Bilirubinwert von über 30 mg/dl (510 µmol/l) erreichen, um eine Austauschtransfusion in Betracht zu ziehen.",1,"[{'subject': {'upos': 'NOUN', 'text': 'Neugeborenes', 'id': 2, 'deprel': 'nsubj', 'head': 14}, 'object': {'upos': 'NOUN', 'text': 'Bilirubinwert', 'id': 5, 'deprel': 'obj', 'head': 14}, 'verb': {'upos': 'VERB', 'text': 'erreichen', 'id': 14, 'deprel': 'root', 'head': 0}}]",['SOV']
915,"Ein Kontrakt mit Niederländisch-Indien half Deli 1861, die Unabhängigkeit zu erlangen.",1,"[{'object': {'upos': 'NOUN', 'text': 'Kontrakt', 'id': 2, 'deprel': 'obj', 'head': 7}, 'verb': {'upos': 'VERB', 'text': 'half', 'id': 7, 'deprel': 'root', 'head': 0}, 'subject': {'upos': 'PROPN', 'text': 'Deli', 'id': 8, 'deprel': 'nsubj', 'head': 7}}]",['OVS']
1006,"Ein genauer Beginn der Filmproduktion ist nicht angegeben, aber es lässt sich schließen, dass er sich früh für Filmmachen interessierte.",1,"[{'subject': {'upos': 'PRON', 'text': 'er', 'id': 17, 'deprel': 'nsubj', 'head': 22}, 'object': {'upos': 'PRON', 'text': 'sich', 'id': 18, 'deprel': 'obj', 'head': 22}, 'verb': {'upos': 'VERB', 'text': 'interessierte', 'id': 22, 'deprel': 'ccomp', 'head': 12}}]",['SOV']
1804,"Ein Engelhai hat fünf seitlich, unten liegende Kiemenöffnungen.",1,"[{'subject': {'upos': 'NOUN', 'text': 'Engelhai', 'id': 2, 'deprel': 'nsubj', 'head': 3}, 'verb': {'upos': 'VERB', 'text': 'hat', 'id': 3, 'deprel': 'root', 'head': 0}, 'object': {'upos': 'NOUN', 'text': 'Kiemenöffnungen', 'id': 9, 'deprel': 'obj', 'head': 3}}]",['SVO']
292,"Edward war ursprünglich verheiratet mit Wallis Simpson, bis er den Thron abgab.",1,"[{'subject': {'upos': 'PRON', 'text': 'er', 'id': 10, 'deprel': 'nsubj', 'head': 13}, 'object': {'upos': 'NOUN', 'text': 'Thron', 'id': 12, 'deprel': 'obj', 'head': 13}, 'verb': {'upos': 'VERB', 'text': 'abgab', 'id': 13, 'deprel': 'advcl', 'head': 4}}]",['SOV']
1120,Ecuador annektierte die Galapagos-Inseln im Jahr 1832.,1,"[{'subject': {'upos': 'PROPN', 'text': 'Ecuador', 'id': 1, 'deprel': 'nsubj', 'head': 2}, 'verb': {'upos': 'VERB', 'text': 'annektierte', 'id': 2, 'deprel': 'root', 'head': 0}, 'object': {'upos': 'PROPN', 'text': 'Galapagos', 'id': 4, 'deprel': 'obj', 'head': 2}}]",['SVO']
1967,Ebert wollte die bürgerlichen Parteien und die alten Eliten des Kaiserreichs überzeugen.,1,"[{'subject': {'upos': 'PROPN', 'text': 'Ebert', 'id': 1, 'deprel': 'nsubj', 'head': 12}, 'object': {'upos': 'NOUN', 'text': 'Parteien', 'id': 5, 'deprel': 'obj', 'head': 12}, 'verb': {'upos': 'VERB', 'text': 'überzeugen', 'id': 12, 'deprel': 'root', 'head': 0}}]",['SOV']
1969,Ebert hat Wilhelm II.,1,"[{'subject': {'upos': 'PROPN', 'text': 'Ebert', 'id': 1, 'deprel': 'nsubj', 'head': 2}, 'verb': {'upos': 'VERB', 'text': 'hat', 'id': 2, 'deprel': 'root', 'head': 0}, 'object': {'upos': 'PROPN', 'text': 'Wilhelm', 'id': 3, 'deprel': 'obj', 'head': 2}}]",['SVO']
83,"DuPont betrieb die Anreicherungsanlagen bis 1989, als sie von Westinghouse Electric übernommen wurden.",1,"[{'subject': {'upos': 'PROPN', 'text': 'DuPont', 'id': 1, 'deprel': 'nsubj', 'head': 2}, 'verb': {'upos': 'VERB', 'text': 'betrieb', 'id': 2, 'deprel': 'root', 'head': 0}, 'object': {'upos': 'NOUN', 'text': 'Anreicherungsanlagen', 'id': 4, 'deprel': 'obj', 'head': 2}}]",['SVO']
592,"Dreimal pro Woche wird ein Elektromotor eingeschaltet, der die Uhr aufzieht.",1,"[{'subject': {'upos': 'PRON', 'text': 'der', 'id': 9, 'deprel': 'nsubj', 'head': 12}, 'object': {'upos': 'NOUN', 'text': 'Uhr', 'id': 11, 'deprel': 'obj', 'head': 12}, 'verb': {'upos': 'VERB', 'text': 'aufzieht', 'id': 12, 'deprel': 'acl', 'head': 6}}]",['SOV']
594,Doxing betrifft die Durchsetzung durch die Veröffentlichung persönlicher Daten.,1,"[{'subject': {'upos': 'PROPN', 'text': 'Doxing', 'id': 1, 'deprel': 'nsubj', 'head': 2}, 'verb': {'upos': 'VERB', 'text': 'betrifft', 'id': 2, 'deprel': 'root', 'head': 0}, 'object': {'upos': 'NOUN', 'text': 'Durchsetzung', 'id': 4, 'deprel': 'obj', 'head': 2}}]",['SVO']
1793,"Dilong bedeutet ""kaiserlicher Drache"" und ist eine Gattung theropoder Dinosaurier aus der frühen Unterkreide von Ostasien.",1,"[{'subject': {'upos': 'PROPN', 'text': 'Dilong', 'id': 1, 'deprel': 'nsubj', 'head': 2}, 'verb': {'upos': 'VERB', 'text': 'bedeutet', 'id': 2, 'deprel': 'root', 'head': 0}, 'object': {'upos': 'NOUN', 'text': 'Drache', 'id': 5, 'deprel': 'obj', 'head': 2}}]",['SVO']
987,Diese Branchen erlebten einen Niedergang in Aberdeen.,1,"[{'subject': {'upos': 'NOUN', 'text': 'Branchen', 'id': 2, 'deprel': 'nsubj', 'head': 3}, 'verb': {'upos': 'VERB', 'text': 'erlebten', 'id': 3, 'deprel': 'root', 'head': 0}, 'object': {'upos': 'NOUN', 'text': 'Niedergang', 'id': 5, 'deprel': 'obj', 'head': 3}}]",['SVO']
767,Diese Bewegung hatte ihren Ursprung in Indien.,1,"[{'subject': {'upos': 'NOUN', 'text': 'Bewegung', 'id': 2, 'deprel': 'nsubj', 'head': 3}, 'verb': {'upos': 'VERB', 'text': 'hatte', 'id': 3, 'deprel': 'root', 'head': 0}, 'object': {'upos': 'NOUN', 'text': 'Ursprung', 'id': 5, 'deprel': 'obj', 'head': 3}}]",['SVO']
1115,"Dies wurde gewählt, da der König hier die Steuer auf Reisfelder nicht erhob.",1,"[{'subject': {'upos': 'NOUN', 'text': 'König', 'id': 7, 'deprel': 'nsubj', 'head': 14}, 'object': {'upos': 'NOUN', 'text': 'Steuer', 'id': 10, 'deprel': 'obj', 'head': 14}, 'verb': {'upos': 'VERB', 'text': 'erhob', 'id': 14, 'deprel': 'advcl', 'head': 3}}]",['SOV']
354,Die Zweite australische Imperial Force hat anfangs über 20.000 Mann gehabt.,1,"[{'subject': {'upos': 'PROPN', 'text': 'Imperial', 'id': 4, 'deprel': 'nsubj', 'head': 11}, 'object': {'upos': 'NOUN', 'text': 'Mann', 'id': 10, 'deprel': 'obj', 'head': 11}, 'verb': {'upos': 'VERB', 'text': 'gehabt', 'id': 11, 'deprel': 'root', 'head': 0}}]",['SOV']
1072,"Die Zentrumspartei hat bei der jüngsten Reichstagswahl 2018 8,6 % der Stimmen erhalten.",1,"[{'subject': {'upos': 'NOUN', 'text': 'Zentrumspartei', 'id': 2, 'deprel': 'nsubj', 'head': 13}, 'object': {'upos': 'NOUN', 'text': '%', 'id': 10, 'deprel': 'obj', 'head': 13}, 'verb': {'upos': 'VERB', 'text': 'erhalten', 'id': 13, 'deprel': 'root', 'head': 0}}]",['SOV']
738,"Die Zeitung The Spectator richtete sich vor allem an Englands aufstrebenden Mittelstand, große und kleine Kaufleute und Händler.",1,"[{'subject': {'upos': 'NOUN', 'text': 'Zeitung', 'id': 2, 'deprel': 'nsubj', 'head': 5}, 'verb': {'upos': 'VERB', 'text': 'richtete', 'id': 5, 'deprel': 'root', 'head': 0}, 'object': {'upos': 'PRON', 'text': 'sich', 'id': 6, 'deprel': 'obj', 'head': 5}}]",['SVO']
958,"Die Wissenschaft, die das Alter der Sonne untersucht, wird nicht direkt in den gegebenen Texten erwähnt.",1,"[{'subject': {'upos': 'PRON', 'text': 'die', 'id': 4, 'deprel': 'nsubj', 'head': 9}, 'object': {'upos': 'NOUN', 'text': 'Alter', 'id': 6, 'deprel': 'obj', 'head': 9}, 'verb': {'upos': 'VERB', 'text': 'untersucht', 'id': 9, 'deprel': 'acl', 'head': 2}}]",['SOV']
51,"Die Wirtschaft der entwickelten Welt verlässt sich im Moment sehr auf billige, lokal konzentrierte fossile Brennstoffe.",1,"[{'subject': {'upos': 'NOUN', 'text': 'Wirtschaft', 'id': 2, 'deprel': 'nsubj', 'head': 6}, 'verb': {'upos': 'VERB', 'text': 'verlässt', 'id': 6, 'deprel': 'root', 'head': 0}, 'object': {'upos': 'PRON', 'text': 'sich', 'id': 7, 'deprel': 'obj', 'head': 6}}]",['SVO']
883,"Die Wirkdauer der kurzwirksamen Beta-2-Agonisten beträgt etwa 4–6 Stunden, während die Wirkdauer der langwirksamen Beta-2-Agonisten etwa 12 Stunden lang anhält.",1,"[{'subject': {'upos': 'NOUN', 'text': 'Wirkdauer', 'id': 2, 'deprel': 'nsubj', 'head': 7}, 'verb': {'upos': 'VERB', 'text': 'beträgt', 'id': 7, 'deprel': 'root', 'head': 0}, 'object': {'upos': 'NOUN', 'text': 'Stunden', 'id': 10, 'deprel': 'obj', 'head': 7}}]",['SVO']
896,Die Weltgesundheitsorganisation (WHO) befasst sich mit großen Pandemien.,1,"[{'subject': {'upos': 'NOUN', 'text': 'Weltgesundheitsorganisation', 'id': 2, 'deprel': 'nsubj', 'head': 6}, 'verb': {'upos': 'VERB', 'text': 'befasst', 'id': 6, 'deprel': 'root', 'head': 0}, 'object': {'upos': 'PRON', 'text': 'sich', 'id': 7, 'deprel': 'obj', 'head': 6}}]",['SVO']
1341,Die Wählerbeteiligung der afroamerikanischen Bevölkerung verdoppelte sich innerhalb von vier Jahren nach Inkrafttreten des Gesetzes.,1,"[{'subject': {'upos': 'NOUN', 'text': 'Wählerbeteiligung', 'id': 2, 'deprel': 'nsubj', 'head': 6}, 'verb': {'upos': 'VERB', 'text': 'verdoppelte', 'id': 6, 'deprel': 'root', 'head': 0}, 'object': {'upos': 'PRON', 'text': 'sich', 'id': 7, 'deprel': 'obj', 'head': 6}}]",['SVO']
751,"Die VU-Bibliothek hat rund 5,4 Millionen Medieneinheiten.",1,"[{'subject': {'upos': 'PROPN', 'text': 'VU', 'id': 2, 'deprel': 'nsubj', 'head': 5}, 'verb': {'upos': 'VERB', 'text': 'hat', 'id': 5, 'deprel': 'root', 'head': 0}, 'object': {'upos': 'NOUN', 'text': 'Medieneinheiten', 'id': 9, 'deprel': 'obj', 'head': 5}}]",['SVO']
1382,"Die vietnamesische Regierung hat die Vietnam Airlines Corporation offiziell gegründet, die aus Vietnam Airlines und rund 20 flugbezogenen Geschäftseinrichtungen besteht.",1,"[{'subject': {'upos': 'NOUN', 'text': 'Regierung', 'id': 3, 'deprel': 'nsubj', 'head': 10}, 'object': {'upos': 'PROPN', 'text': 'Vietnam', 'id': 6, 'deprel': 'obj', 'head': 10}, 'verb': {'upos': 'VERB', 'text': 'gegründet', 'id': 10, 'deprel': 'root', 'head': 0}}]",['SOV']
559,Die vielen ethnischen Gruppen in Gambia charakterisieren sich durch ihre Vielzahl an gesprochenen Sprachen.,1,"[{'subject': {'upos': 'NOUN', 'text': 'Gruppen', 'id': 4, 'deprel': 'nsubj', 'head': 7}, 'verb': {'upos': 'VERB', 'text': 'charakterisieren', 'id': 7, 'deprel': 'root', 'head': 0}, 'object': {'upos': 'PRON', 'text': 'sich', 'id': 8, 'deprel': 'obj', 'head': 7}}]",['SVO']
1856,"Die Vandalen baten Wodan um Rat, bevor sie in den Krieg zogen.",1,"[{'subject': {'upos': 'NOUN', 'text': 'Vandalen', 'id': 2, 'deprel': 'nsubj', 'head': 3}, 'verb': {'upos': 'VERB', 'text': 'baten', 'id': 3, 'deprel': 'root', 'head': 0}, 'object': {'upos': 'PROPN', 'text': 'Wodan', 'id': 4, 'deprel': 'obj', 'head': 3}}]",['SVO']
1987,"Die USPD hat 7,6 Prozent erhalten.",1,"[{'subject': {'upos': 'PROPN', 'text': 'USPD', 'id': 2, 'deprel': 'nsubj', 'head': 6}, 'object': {'upos': 'NOUN', 'text': 'Prozent', 'id': 5, 'deprel': 'obj', 'head': 6}, 'verb': {'upos': 'VERB', 'text': 'erhalten', 'id': 6, 'deprel': 'root', 'head': 0}}]",['SOV']
804,"Die USA praktizieren noch die Beschneidung, insbesondere mit dem Gomco-Clamp.",1,"[{'subject': {'upos': 'PROPN', 'text': 'USA', 'id': 2, 'deprel': 'nsubj', 'head': 3}, 'verb': {'upos': 'VERB', 'text': 'praktizieren', 'id': 3, 'deprel': 'root', 'head': 0}, 'object': {'upos': 'NOUN', 'text': 'Beschneidung', 'id': 6, 'deprel': 'obj', 'head': 3}}]",['SVO']
86,"Die Ungewissheit über die genauen Mechanismen der Bakterienlyse und die Unbekümmertheit, mit der D'Herelle seine Phagentherapie beim Menschen anwandte, führten dazu, dass er von seinen Kollegen nicht ernstgenommen wurde.",1,"[{'subject': {'upos': 'PROPN', 'text': ""D'"", 'id': 15, 'deprel': 'nsubj', 'head': 22}, 'object': {'upos': 'NOUN', 'text': 'Phagentherapie', 'id': 18, 'deprel': 'obj', 'head': 22}, 'verb': {'upos': 'VERB', 'text': 'anwandte', 'id': 22, 'deprel': 'acl', 'head': 11}}]",['SOV']
1655,Die Umbridae und Esocidae gehören zur Ordnung Esociformes und umfassen Hechte und Hundsfische.,1,"[{'subject': {'upos': 'NOUN', 'text': 'Umbridae', 'id': 2, 'deprel': 'nsubj', 'head': 5}, 'verb': {'upos': 'VERB', 'text': 'umfassen', 'id': 11, 'deprel': 'conj', 'head': 5}, 'object': {'upos': 'NOUN', 'text': 'Hechte', 'id': 12, 'deprel': 'obj', 'head': 11}}]",['SVO']
1423,Die Tragezeit beträgt 130 Tage.,1,"[{'subject': {'upos': 'NOUN', 'text': 'Tragezeit', 'id': 2, 'deprel': 'nsubj', 'head': 3}, 'verb': {'upos': 'VERB', 'text': 'beträgt', 'id': 3, 'deprel': 'root', 'head': 0}, 'object': {'upos': 'NOUN', 'text': 'Tage', 'id': 5, 'deprel': 'obj', 'head': 3}}]",['SVO']
761,Die tiefe Inzision soll das möglichst rückstandslose Ausbluten des Tieres gewährleisten.,1,"[{'subject': {'upos': 'NOUN', 'text': 'Inzision', 'id': 3, 'deprel': 'nsubj', 'head': 11}, 'object': {'upos': 'NOUN', 'text': 'Ausbluten', 'id': 8, 'deprel': 'obj', 'head': 11}, 'verb': {'upos': 'VERB', 'text': 'gewährleisten', 'id': 11, 'deprel': 'root', 'head': 0}}]",['SOV']
1104,Die Staaten haben in ihren Listen die unentbehrlichen Arzneimittel nach der Modell-Liste der Weltgesundheitsorganisation definiert.,1,"[{'subject': {'upos': 'NOUN', 'text': 'Staaten', 'id': 2, 'deprel': 'nsubj', 'head': 17}, 'object': {'upos': 'NOUN', 'text': 'Arzneimittel', 'id': 9, 'deprel': 'obj', 'head': 17}, 'verb': {'upos': 'VERB', 'text': 'definiert', 'id': 17, 'deprel': 'root', 'head': 0}}]",['SOV']
1980,Die spartakistischen Revolutionäre erwarteten von den Seeleuten die Ausschaltung der Regierung Ebert.,1,"[{'subject': {'upos': 'NOUN', 'text': 'Revolutionäre', 'id': 3, 'deprel': 'nsubj', 'head': 4}, 'verb': {'upos': 'VERB', 'text': 'erwarteten', 'id': 4, 'deprel': 'root', 'head': 0}, 'object': {'upos': 'NOUN', 'text': 'Ausschaltung', 'id': 9, 'deprel': 'obj', 'head': 4}}]",['SVO']
112,Die Somali stellen 60 % der lokalen Bevölkerung in Dschibuti dar.,1,"[{'subject': {'upos': 'PROPN', 'text': 'Somali', 'id': 2, 'deprel': 'nsubj', 'head': 3}, 'verb': {'upos': 'VERB', 'text': 'stellen', 'id': 3, 'deprel': 'root', 'head': 0}, 'object': {'upos': 'NOUN', 'text': '%', 'id': 5, 'deprel': 'obj', 'head': 3}}]",['SVO']
251,"Die Royals nehmen verschiedene offizielle, zeremonielle und repräsentative Funktionen wahr.",1,"[{'subject': {'upos': 'NOUN', 'text': 'Royals', 'id': 2, 'deprel': 'nsubj', 'head': 3}, 'verb': {'upos': 'VERB', 'text': 'nehmen', 'id': 3, 'deprel': 'root', 'head': 0}, 'object': {'upos': 'NOUN', 'text': 'Funktionen', 'id': 10, 'deprel': 'obj', 'head': 3}}]",['SVO']
957,Die Reise von Licht von der Sonnenoberfläche zur Erde dauert etwa 8 Minuten.,1,"[{'subject': {'upos': 'NOUN', 'text': 'Reise', 'id': 2, 'deprel': 'nsubj', 'head': 11}, 'verb': {'upos': 'VERB', 'text': 'dauert', 'id': 11, 'deprel': 'root', 'head': 0}, 'object': {'upos': 'NOUN', 'text': 'Minuten', 'id': 14, 'deprel': 'obj', 'head': 11}}]",['SVO']
74,"Die Regierung brauchte eine eigene Marine, um Handelsinteressen zu unterstützen und eigene Schifffahrt zu schützen, und um bei Kriegen wie dem Schleswig-Holsteinischen Krieg effektiver agieren zu können.",1,"[{'subject': {'upos': 'NOUN', 'text': 'Regierung', 'id': 2, 'deprel': 'nsubj', 'head': 3}, 'verb': {'upos': 'VERB', 'text': 'brauchte', 'id': 3, 'deprel': 'root', 'head': 0}, 'object': {'upos': 'NOUN', 'text': 'Marine', 'id': 6, 'deprel': 'obj', 'head': 3}}]",['SVO']
897,Die Regeln für die Basketballmeisterschaft der Frauen entsprachen den für den Männer-Basketball vorgeschriebenen Regeln.,1,"[{'subject': {'upos': 'NOUN', 'text': 'Regeln', 'id': 2, 'deprel': 'nsubj', 'head': 8}, 'verb': {'upos': 'VERB', 'text': 'entsprachen', 'id': 8, 'deprel': 'root', 'head': 0}, 'object': {'upos': 'NOUN', 'text': 'Regeln', 'id': 16, 'deprel': 'obj', 'head': 8}}]",['SVO']
462,Die Reflexion aller Kristallleuchter hat die beabsichtigte optische Illusion von Raum und Licht erzeugt.,1,"[{'subject': {'upos': 'NOUN', 'text': 'Reflexion', 'id': 2, 'deprel': 'nsubj', 'head': 14}, 'object': {'upos': 'NOUN', 'text': 'Illusion', 'id': 9, 'deprel': 'obj', 'head': 14}, 'verb': {'upos': 'VERB', 'text': 'erzeugt', 'id': 14, 'deprel': 'root', 'head': 0}}]",['SOV']
1976,"Die Räte übernahmen die Verteilung der Nahrungsmittel, die Polizeigewalt sowie die Unterbringung und Verpflegung der Frontsoldaten.",1,"[{'subject': {'upos': 'NOUN', 'text': 'Räte', 'id': 2, 'deprel': 'nsubj', 'head': 3}, 'verb': {'upos': 'VERB', 'text': 'übernahmen', 'id': 3, 'deprel': 'root', 'head': 0}, 'object': {'upos': 'NOUN', 'text': 'Verteilung', 'id': 5, 'deprel': 'obj', 'head': 3}}]",['SVO']
1173,"Die Rampur Raza Bibliothek enthält sehr seltene und wertvolle Sammlungen von Manuskripten, historische Dokumente, Exemplare der islamischen Kalligraphie, Miniaturmalereien, astronomische Instrumente und seltene illustrierte Werke in Arabisch und Persisch.",1,"[{'subject': {'upos': 'PROPN', 'text': 'Rampur', 'id': 2, 'deprel': 'nsubj', 'head': 5}, 'verb': {'upos': 'VERB', 'text': 'enthält', 'id': 5, 'deprel': 'root', 'head': 0}, 'object': {'upos': 'NOUN', 'text': 'Sammlungen', 'id': 10, 'deprel': 'obj', 'head': 5}}]",['SVO']
1203,Die Provinz Baglan hat ihr Verwaltungszentrum in Pol-e Chomri und befindet sich im Norden Afghanistans.,1,"[{'subject': {'upos': 'NOUN', 'text': 'Provinz', 'id': 2, 'deprel': 'nsubj', 'head': 4}, 'verb': {'upos': 'VERB', 'text': 'hat', 'id': 4, 'deprel': 'root', 'head': 0}, 'object': {'upos': 'NOUN', 'text': 'Verwaltungszentrum', 'id': 6, 'deprel': 'obj', 'head': 4}}]",['SVO']
1478,"Die Primärstruktur des Proteins, also die Aminosäuresequenz, enthält wertvolle Informationen über seine Funktion.",1,"[{'subject': {'upos': 'NOUN', 'text': 'Primärstruktur', 'id': 2, 'deprel': 'nsubj', 'head': 10}, 'verb': {'upos': 'VERB', 'text': 'enthält', 'id': 10, 'deprel': 'root', 'head': 0}, 'object': {'upos': 'NOUN', 'text': 'Informationen', 'id': 12, 'deprel': 'obj', 'head': 10}}]",['SVO']
1144,"Die Polflucht-Hypothese wurde bald widerlegt, aber es wird nicht spezifisch erwähnt, wer diese Auffassung vertreten hat.",1,"[{'subject': {'upos': 'PRON', 'text': 'wer', 'id': 16, 'deprel': 'nsubj', 'head': 19}, 'object': {'upos': 'NOUN', 'text': 'Auffassung', 'id': 18, 'deprel': 'obj', 'head': 19}, 'verb': {'upos': 'VERB', 'text': 'vertreten', 'id': 19, 'deprel': 'ccomp', 'head': 13}}]",['SOV']
1094,Die Pause bei einem Standardspiel beträgt 10 Minuten.,1,"[{'subject': {'upos': 'NOUN', 'text': 'Pause', 'id': 2, 'deprel': 'nsubj', 'head': 6}, 'verb': {'upos': 'VERB', 'text': 'beträgt', 'id': 6, 'deprel': 'root', 'head': 0}, 'object': {'upos': 'NOUN', 'text': 'Minuten', 'id': 8, 'deprel': 'obj', 'head': 6}}]",['SVO']
70,Die Paläontologen fanden vollständige oder großenteils vollständige Skelette von Plateosaurus sowie Teile von weiteren ca.,1,"[{'subject': {'upos': 'NOUN', 'text': 'Paläontologen', 'id': 2, 'deprel': 'nsubj', 'head': 3}, 'verb': {'upos': 'VERB', 'text': 'fanden', 'id': 3, 'deprel': 'root', 'head': 0}, 'object': {'upos': 'NOUN', 'text': 'Skelette', 'id': 8, 'deprel': 'obj', 'head': 3}}]",['SVO']
836,"Die Padma Awards werden jährlich an indische Bürger verliehen, die bemerkenswerte Leistungen auf verschiedenen Gebieten wie Kunst, Wissenschaft, Sport und Wirtschaft erbracht haben.",1,"[{'subject': {'upos': 'PRON', 'text': 'die', 'id': 11, 'deprel': 'nsubj', 'head': 25}, 'object': {'upos': 'NOUN', 'text': 'Leistungen', 'id': 13, 'deprel': 'obj', 'head': 25}, 'verb': {'upos': 'VERB', 'text': 'erbracht', 'id': 25, 'deprel': 'acl', 'head': 8}}]",['SOV']
1181,Die Oxidation beseitigt Kohlenstoff und andere Verunreinigungen.,1,"[{'subject': {'upos': 'NOUN', 'text': 'Oxidation', 'id': 2, 'deprel': 'nsubj', 'head': 3}, 'verb': {'upos': 'VERB', 'text': 'beseitigt', 'id': 3, 'deprel': 'root', 'head': 0}, 'object': {'upos': 'NOUN', 'text': 'Kohlenstoff', 'id': 4, 'deprel': 'obj', 'head': 3}}]",['SVO']
1935,Die OPEC-Staaten haben die Agentur seit ihrer Gründung tatkräftig unterstützt.,1,"[{'subject': {'upos': 'PROPN', 'text': 'OPEC', 'id': 2, 'deprel': 'nsubj', 'head': 12}, 'object': {'upos': 'NOUN', 'text': 'Agentur', 'id': 7, 'deprel': 'obj', 'head': 12}, 'verb': {'upos': 'VERB', 'text': 'unterstützt', 'id': 12, 'deprel': 'root', 'head': 0}}]",['SOV']
1766,"Die OLED-Technik hat eine organische Schicht, die sich zwischen zwei Elektroden befindet.",1,"[{'subject': {'upos': 'PROPN', 'text': 'OLED', 'id': 2, 'deprel': 'nsubj', 'head': 5}, 'verb': {'upos': 'VERB', 'text': 'hat', 'id': 5, 'deprel': 'root', 'head': 0}, 'object': {'upos': 'NOUN', 'text': 'Schicht', 'id': 8, 'deprel': 'obj', 'head': 5}}]",['SVO']
1417,Die Oblast Astrachan liegt am Kaspischen Meer und bildet den östlichen Rand des Föderationskreises Südrussland der Russischen Föderation.,1,"[{'subject': {'upos': 'NOUN', 'text': 'Oblast', 'id': 2, 'deprel': 'nsubj', 'head': 4}, 'verb': {'upos': 'VERB', 'text': 'bildet', 'id': 10, 'deprel': 'conj', 'head': 4}, 'object': {'upos': 'NOUN', 'text': 'Rand', 'id': 13, 'deprel': 'obj', 'head': 10}}]",['SVO']
1688,Die Oberflächentemperatur auf Titan beträgt im Mittel −179 °C.,1,"[{'subject': {'upos': 'NOUN', 'text': 'Oberflächentemperatur', 'id': 2, 'deprel': 'nsubj', 'head': 5}, 'verb': {'upos': 'VERB', 'text': 'beträgt', 'id': 5, 'deprel': 'root', 'head': 0}, 'object': {'upos': 'NOUN', 'text': '°', 'id': 10, 'deprel': 'obj', 'head': 5}}]",['SVO']
1920,Die Nationalsozialisten und die Sowjetunion stellten für die Polen eine große Bedrohung dar.,1,"[{'subject': {'upos': 'NOUN', 'text': 'Nationalsozialisten', 'id': 2, 'deprel': 'nsubj', 'head': 6}, 'verb': {'upos': 'VERB', 'text': 'stellten', 'id': 6, 'deprel': 'root', 'head': 0}, 'object': {'upos': 'NOUN', 'text': 'Bedrohung', 'id': 12, 'deprel': 'obj', 'head': 6}}]",['SVO']
1274,"Die nationalen Naadam-Spiele finden in der Hauptstadt Ulaanbaatar statt, aber auch andere Städte feiern die Turniere in kleinerem Umfang.",1,"[{'subject': {'upos': 'NOUN', 'text': 'Städte', 'id': 16, 'deprel': 'nsubj', 'head': 17}, 'verb': {'upos': 'VERB', 'text': 'feiern', 'id': 17, 'deprel': 'conj', 'head': 6}, 'object': {'upos': 'NOUN', 'text': 'Turniere', 'id': 19, 'deprel': 'obj', 'head': 17}}]",['SVO']
1887,"Die Musikvideos von ""Pure Grinding"" und ""For a Better Day"" unterstützen Kampagnen gegen Menschenhandel und Bandengewalt.",1,"[{'subject': {'upos': 'NOUN', 'text': 'Musikvideos', 'id': 2, 'deprel': 'nsubj', 'head': 15}, 'verb': {'upos': 'VERB', 'text': 'unterstützen', 'id': 15, 'deprel': 'root', 'head': 0}, 'object': {'upos': 'NOUN', 'text': 'Kampagnen', 'id': 16, 'deprel': 'obj', 'head': 15}}]",['SVO']
407,"Die Mine in Kalifornien, die noch genug Türkis abbaut, um am Markt konkurrieren zu können, ist die Apache Canyon.",1,"[{'subject': {'upos': 'PRON', 'text': 'die', 'id': 6, 'deprel': 'nsubj', 'head': 10}, 'object': {'upos': 'PROPN', 'text': 'Türkis', 'id': 9, 'deprel': 'obj', 'head': 10}, 'verb': {'upos': 'VERB', 'text': 'abbaut', 'id': 10, 'deprel': 'acl', 'head': 2}}]",['SOV']
1119,Die MIG-25 hatte Schwierigkeiten mit dem Fliegen bei hohen Geschwindigkeiten in geringer Höhe.,1,"[{'subject': {'upos': 'PROPN', 'text': 'MIG-25', 'id': 2, 'deprel': 'nsubj', 'head': 3}, 'verb': {'upos': 'VERB', 'text': 'hatte', 'id': 3, 'deprel': 'root', 'head': 0}, 'object': {'upos': 'NOUN', 'text': 'Schwierigkeiten', 'id': 4, 'deprel': 'obj', 'head': 3}}]",['SVO']
1578,"Die meisten ehemaligen britischen Kolonien traten dem Commonwealth of Nations bei, einer losen Verbindung souveräner Staaten, nachdem sie ihre Unabhängigkeit erlangt hatten.",1,"[{'subject': {'upos': 'PRON', 'text': 'sie', 'id': 20, 'deprel': 'nsubj', 'head': 23}, 'object': {'upos': 'NOUN', 'text': 'Unabhängigkeit', 'id': 22, 'deprel': 'obj', 'head': 23}, 'verb': {'upos': 'VERB', 'text': 'erlangt', 'id': 23, 'deprel': 'advcl', 'head': 6}}]",['SOV']
1306,"Die Mannschaft des Unterseeboots wird getötet, und die Splicer übernehmen das Boot samt den an Bord befindlichen Nuklearwaffen.",1,"[{'subject': {'upos': 'NOUN', 'text': 'Splicer', 'id': 10, 'deprel': 'nsubj', 'head': 11}, 'verb': {'upos': 'VERB', 'text': 'übernehmen', 'id': 11, 'deprel': 'conj', 'head': 6}, 'object': {'upos': 'NOUN', 'text': 'Boot', 'id': 13, 'deprel': 'obj', 'head': 11}}]",['SVO']
1302,"Die Local-Committees treffen sich regelmäßig, um die Aktivitäten und Entwicklung der CEMS Alumni Assoziation zu erörtern.",1,"[{'subject': {'upos': 'PROPN', 'text': 'Committees', 'id': 4, 'deprel': 'nsubj', 'head': 5}, 'verb': {'upos': 'VERB', 'text': 'treffen', 'id': 5, 'deprel': 'root', 'head': 0}, 'object': {'upos': 'PRON', 'text': 'sich', 'id': 6, 'deprel': 'obj', 'head': 5}}]",['SVO']
94,Die letzten US-Truppen verließen Usbekistan im November 2005.,1,"[{'subject': {'upos': 'PROPN', 'text': 'US', 'id': 3, 'deprel': 'nsubj', 'head': 6}, 'verb': {'upos': 'VERB', 'text': 'verließen', 'id': 6, 'deprel': 'root', 'head': 0}, 'object': {'upos': 'PROPN', 'text': 'Usbekistan', 'id': 7, 'deprel': 'obj', 'head': 6}}]",['SVO']
177,Die Lehren Jesu symbolisieren das Portal.,1,"[{'subject': {'upos': 'NOUN', 'text': 'Lehren', 'id': 2, 'deprel': 'nsubj', 'head': 4}, 'verb': {'upos': 'VERB', 'text': 'symbolisieren', 'id': 4, 'deprel': 'root', 'head': 0}, 'object': {'upos': 'NOUN', 'text': 'Portal', 'id': 6, 'deprel': 'obj', 'head': 4}}]",['SVO']
434,Die Lebenserwartung der Weißbrauengibbons in freier Wildbahn beträgt rund 25 Jahre.,1,"[{'subject': {'upos': 'NOUN', 'text': 'Lebenserwartung', 'id': 2, 'deprel': 'nsubj', 'head': 8}, 'verb': {'upos': 'VERB', 'text': 'beträgt', 'id': 8, 'deprel': 'root', 'head': 0}, 'object': {'upos': 'NOUN', 'text': 'Jahre', 'id': 11, 'deprel': 'obj', 'head': 8}}]",['SVO']
381,Die Kunstturnerin Věra Čáslavská konnte sieben Gold- und vier Silbermedaillen im Kunstturnen gewinnen.,1,"[{'subject': {'upos': 'NOUN', 'text': 'Kunstturnerin', 'id': 2, 'deprel': 'nsubj', 'head': 15}, 'object': {'upos': 'NOUN', 'text': 'Gold', 'id': 7, 'deprel': 'obj', 'head': 15}, 'verb': {'upos': 'VERB', 'text': 'gewinnen', 'id': 15, 'deprel': 'root', 'head': 0}}]",['SOV']
1179,Die Keynote-Adresse erhielt überwiegend positive Kommentare.,1,"[{'subject': {'upos': 'NOUN', 'text': 'Adresse', 'id': 4, 'deprel': 'nsubj', 'head': 5}, 'verb': {'upos': 'VERB', 'text': 'erhielt', 'id': 5, 'deprel': 'root', 'head': 0}, 'object': {'upos': 'NOUN', 'text': 'Kommentare', 'id': 8, 'deprel': 'obj', 'head': 5}}]",['SVO']
104,"Die japanische Armee verlor auf Leyte etwa 49.000 Mann, darunter vier Divisionen.",1,"[{'subject': {'upos': 'NOUN', 'text': 'Armee', 'id': 3, 'deprel': 'nsubj', 'head': 4}, 'verb': {'upos': 'VERB', 'text': 'verlor', 'id': 4, 'deprel': 'root', 'head': 0}, 'object': {'upos': 'NOUN', 'text': 'Mann', 'id': 9, 'deprel': 'obj', 'head': 4}}]",['SVO']
260,"Die Japaner können Vergeltungsmaßnahmen ergreifen, da das grausame Verhalten unter internationalem Recht verurteilt werden würde.",1,"[{'subject': {'upos': 'NOUN', 'text': 'Japaner', 'id': 2, 'deprel': 'nsubj', 'head': 5}, 'object': {'upos': 'NOUN', 'text': 'Vergeltungsmaßnahmen', 'id': 4, 'deprel': 'obj', 'head': 5}, 'verb': {'upos': 'VERB', 'text': 'ergreifen', 'id': 5, 'deprel': 'root', 'head': 0}}]",['SOV']
808,Die Inkubationszeit beträgt 5 bis 207 Tage.,1,"[{'subject': {'upos': 'NOUN', 'text': 'Inkubationszeit', 'id': 2, 'deprel': 'nsubj', 'head': 3}, 'verb': {'upos': 'VERB', 'text': 'beträgt', 'id': 3, 'deprel': 'root', 'head': 0}, 'object': {'upos': 'NOUN', 'text': 'Tage', 'id': 7, 'deprel': 'obj', 'head': 3}}]",['SVO']
132,Die Honolulu erlitt nur geringe Schäden am Rumpf durch einen Nahtreffer.,1,"[{'subject': {'upos': 'PROPN', 'text': 'Honolulu', 'id': 2, 'deprel': 'nsubj', 'head': 3}, 'verb': {'upos': 'VERB', 'text': 'erlitt', 'id': 3, 'deprel': 'root', 'head': 0}, 'object': {'upos': 'NOUN', 'text': 'Schäden', 'id': 6, 'deprel': 'obj', 'head': 3}}]",['SVO']
8,Die Hakka haben einen hohen Bevölkerungsanteil in Mioli.,1,"[{'subject': {'upos': 'PROPN', 'text': 'Hakka', 'id': 2, 'deprel': 'nsubj', 'head': 3}, 'verb': {'upos': 'VERB', 'text': 'haben', 'id': 3, 'deprel': 'root', 'head': 0}, 'object': {'upos': 'NOUN', 'text': 'Bevölkerungsanteil', 'id': 6, 'deprel': 'obj', 'head': 3}}]",['SVO']
1580,"Die Gruppe, die sich in Halifax zu sehr von der Regierung getrennt sah, waren die 14.000 Loyalisten, die zum Saint John River zogen.",1,"[{'subject': {'upos': 'PRON', 'text': 'die', 'id': 4, 'deprel': 'nsubj', 'head': 14}, 'object': {'upos': 'PRON', 'text': 'sich', 'id': 5, 'deprel': 'obj', 'head': 14}, 'verb': {'upos': 'VERB', 'text': 'sah', 'id': 14, 'deprel': 'acl', 'head': 2}}]",['SOV']
1079,Die größte im Ausland geborene Personengruppe in Schweden stellt Finnen dar.,1,"[{'subject': {'upos': 'NOUN', 'text': 'Personengruppe', 'id': 7, 'deprel': 'nsubj', 'head': 10}, 'verb': {'upos': 'VERB', 'text': 'stellt', 'id': 10, 'deprel': 'root', 'head': 0}, 'object': {'upos': 'NOUN', 'text': 'Finnen', 'id': 11, 'deprel': 'obj', 'head': 10}}]",['SVO']
1012,Die Großeltern väterlicherseits von Kasparian erlebten den Völkermord an den Armeniern in Armenien 1915 unmittelbar.,1,"[{'subject': {'upos': 'NOUN', 'text': 'Großeltern', 'id': 2, 'deprel': 'nsubj', 'head': 6}, 'verb': {'upos': 'VERB', 'text': 'erlebten', 'id': 6, 'deprel': 'root', 'head': 0}, 'object': {'upos': 'NOUN', 'text': 'Völkermord', 'id': 8, 'deprel': 'obj', 'head': 6}}]",['SVO']
1972,Die Gewerkschaftsführer trafen sich in Berlin vom 9. bis 12.,1,"[{'subject': {'upos': 'NOUN', 'text': 'Gewerkschaftsführer', 'id': 2, 'deprel': 'nsubj', 'head': 3}, 'verb': {'upos': 'VERB', 'text': 'trafen', 'id': 3, 'deprel': 'root', 'head': 0}, 'object': {'upos': 'PRON', 'text': 'sich', 'id': 4, 'deprel': 'obj', 'head': 3}}]",['SVO']
1111,Die Gewerkschaften setzen sich für bessere Arbeitsbedingungen ein.,1,"[{'subject': {'upos': 'NOUN', 'text': 'Gewerkschaften', 'id': 2, 'deprel': 'nsubj', 'head': 3}, 'verb': {'upos': 'VERB', 'text': 'setzen', 'id': 3, 'deprel': 'root', 'head': 0}, 'object': {'upos': 'PRON', 'text': 'sich', 'id': 4, 'deprel': 'obj', 'head': 3}}]",['SVO']
473,Die gesetzgebenden Kammern beschäftigen sich mit staatlicher Gesetzgebung.,1,"[{'subject': {'upos': 'NOUN', 'text': 'Kammern', 'id': 3, 'deprel': 'nsubj', 'head': 4}, 'verb': {'upos': 'VERB', 'text': 'beschäftigen', 'id': 4, 'deprel': 'root', 'head': 0}, 'object': {'upos': 'PRON', 'text': 'sich', 'id': 5, 'deprel': 'obj', 'head': 4}}]",['SVO']
970,"Die Geschichte der Han-Dynastie umfasst den Untergang der östlichen Han-Dynastie durch den Aufstand der Gelben Turbane im Jahr 184 nach Christus und die folgenden 100 Jahre mit politischen und militärischen Auseinandersetzungen, Intrigen, Schlachten und Scharmützeln.",1,"[{'subject': {'upos': 'NOUN', 'text': 'Geschichte', 'id': 2, 'deprel': 'nsubj', 'head': 7}, 'verb': {'upos': 'VERB', 'text': 'umfasst', 'id': 7, 'deprel': 'root', 'head': 0}, 'object': {'upos': 'NOUN', 'text': 'Untergang', 'id': 9, 'deprel': 'obj', 'head': 7}}]",['SVO']
1902,"Die G-15 konzentrierte sich auf Kooperation der Länder auf den Gebieten der Investitionen, des Handels und der Technologie.",1,"[{'subject': {'upos': 'PROPN', 'text': 'G-15', 'id': 2, 'deprel': 'nsubj', 'head': 3}, 'verb': {'upos': 'VERB', 'text': 'konzentrierte', 'id': 3, 'deprel': 'root', 'head': 0}, 'object': {'upos': 'PRON', 'text': 'sich', 'id': 4, 'deprel': 'obj', 'head': 3}}]",['SVO']
1643,"Die frühesten Amnioten besaßen ein Kiefergelenk, das aus dem Articulare und dem Quadratum zusammengesetzt war.",1,"[{'subject': {'upos': 'NOUN', 'text': 'Amnioten', 'id': 3, 'deprel': 'nsubj', 'head': 4}, 'verb': {'upos': 'VERB', 'text': 'besaßen', 'id': 4, 'deprel': 'root', 'head': 0}, 'object': {'upos': 'NOUN', 'text': 'Kiefergelenk', 'id': 6, 'deprel': 'obj', 'head': 4}}]",['SVO']
968,"Die Friedrich-Naumann-Stiftung für die Freiheit unterhält Regionalbüros in den Regionen Mittel-, Ost- und Südeuropa, Mittelmeerländern, Lateinamerika, Afrika, Südasien sowie Südost- und Ostasien.",1,"[{'subject': {'upos': 'PROPN', 'text': 'Friedrich', 'id': 2, 'deprel': 'nsubj', 'head': 10}, 'verb': {'upos': 'VERB', 'text': 'unterhält', 'id': 10, 'deprel': 'root', 'head': 0}, 'object': {'upos': 'NOUN', 'text': 'Regionalbüros', 'id': 11, 'deprel': 'obj', 'head': 10}}]",['SVO']
967,"Die Friedrich-Naumann-Stiftung für die Freiheit fördert den organisierten Liberalismus durch politische Bildung, Veranstaltungen und Zusammenarbeit mit Landesstiftungen in verschiedenen Regionen weltweit.",1,"[{'subject': {'upos': 'PROPN', 'text': 'Friedrich', 'id': 2, 'deprel': 'nsubj', 'head': 10}, 'verb': {'upos': 'VERB', 'text': 'fördert', 'id': 10, 'deprel': 'root', 'head': 0}, 'object': {'upos': 'NOUN', 'text': 'Liberalismus', 'id': 13, 'deprel': 'obj', 'head': 10}}]",['SVO']
307,Die Frage bezieht sich nicht auf die bereitgestellten Informationen.,1,"[{'subject': {'upos': 'NOUN', 'text': 'Frage', 'id': 2, 'deprel': 'nsubj', 'head': 3}, 'verb': {'upos': 'VERB', 'text': 'bezieht', 'id': 3, 'deprel': 'root', 'head': 0}, 'object': {'upos': 'PRON', 'text': 'sich', 'id': 4, 'deprel': 'obj', 'head': 3}}]",['SVO']
1883,Die Frage bezieht sich nicht auf die bereitgestellten Informationen.,1,"[{'subject': {'upos': 'NOUN', 'text': 'Frage', 'id': 2, 'deprel': 'nsubj', 'head': 3}, 'verb': {'upos': 'VERB', 'text': 'bezieht', 'id': 3, 'deprel': 'root', 'head': 0}, 'object': {'upos': 'PRON', 'text': 'sich', 'id': 4, 'deprel': 'obj', 'head': 3}}]",['SVO']
723,Die Formel verbindet die komplexen Zahlen mit der Trigonometrie.,1,"[{'subject': {'upos': 'NOUN', 'text': 'Formel', 'id': 2, 'deprel': 'nsubj', 'head': 3}, 'verb': {'upos': 'VERB', 'text': 'verbindet', 'id': 3, 'deprel': 'root', 'head': 0}, 'object': {'upos': 'NOUN', 'text': 'Zahlen', 'id': 6, 'deprel': 'obj', 'head': 3}}]",['SVO']
658,Die Fluglinie bekam ihren neuen Namen ČSA Czech Airlines im Mai 1995.,1,"[{'subject': {'upos': 'NOUN', 'text': 'Fluglinie', 'id': 2, 'deprel': 'nsubj', 'head': 3}, 'verb': {'upos': 'VERB', 'text': 'bekam', 'id': 3, 'deprel': 'root', 'head': 0}, 'object': {'upos': 'NOUN', 'text': 'Namen', 'id': 6, 'deprel': 'obj', 'head': 3}}]",['SVO']
1517,Die Flügelspannweite des Schlangenhalsvogels beträgt im Durchschnitt etwa 120 cm.,1,"[{'subject': {'upos': 'NOUN', 'text': 'Flügelspannweite', 'id': 2, 'deprel': 'nsubj', 'head': 5}, 'verb': {'upos': 'VERB', 'text': 'beträgt', 'id': 5, 'deprel': 'root', 'head': 0}, 'object': {'upos': 'NOUN', 'text': 'cm', 'id': 11, 'deprel': 'obj', 'head': 5}}]",['SVO']
1684,Die Fischerboote verdienen das meiste Geld mit den Flossen des Haies.,1,"[{'subject': {'upos': 'NOUN', 'text': 'Fischerboote', 'id': 2, 'deprel': 'nsubj', 'head': 3}, 'verb': {'upos': 'VERB', 'text': 'verdienen', 'id': 3, 'deprel': 'root', 'head': 0}, 'object': {'upos': 'NOUN', 'text': 'Geld', 'id': 6, 'deprel': 'obj', 'head': 3}}]",['SVO']
1930,Die Fazilität für den Privaten Sektor konzentriert sich auf Entwicklungsländer.,1,"[{'subject': {'upos': 'NOUN', 'text': 'Fazilität', 'id': 2, 'deprel': 'nsubj', 'head': 7}, 'verb': {'upos': 'VERB', 'text': 'konzentriert', 'id': 7, 'deprel': 'root', 'head': 0}, 'object': {'upos': 'PRON', 'text': 'sich', 'id': 8, 'deprel': 'obj', 'head': 7}}]",['SVO']
604,Die Farbtiefe gibt die Feinheit der farblichen Abstufungen wieder.,1,"[{'subject': {'upos': 'NOUN', 'text': 'Farbtiefe', 'id': 2, 'deprel': 'nsubj', 'head': 3}, 'verb': {'upos': 'VERB', 'text': 'gibt', 'id': 3, 'deprel': 'root', 'head': 0}, 'object': {'upos': 'NOUN', 'text': 'Feinheit', 'id': 5, 'deprel': 'obj', 'head': 3}}]",['SVO']
1889,"Die EU, der Europarat, die OSZE und die NATO verurteilten das Referendum in Südossetien gemeinsam.",1,"[{'subject': {'upos': 'PROPN', 'text': 'EU', 'id': 2, 'deprel': 'nsubj', 'head': 12}, 'verb': {'upos': 'VERB', 'text': 'verurteilten', 'id': 12, 'deprel': 'root', 'head': 0}, 'object': {'upos': 'NOUN', 'text': 'Referendum', 'id': 14, 'deprel': 'obj', 'head': 12}}]",['SVO']
1533,Die ETH Zürich zeichnete seinen Diplom und Doktortitel aus.,1,"[{'subject': {'upos': 'PROPN', 'text': 'ETH', 'id': 2, 'deprel': 'nsubj', 'head': 4}, 'verb': {'upos': 'VERB', 'text': 'zeichnete', 'id': 4, 'deprel': 'root', 'head': 0}, 'object': {'upos': 'NOUN', 'text': 'Diplom', 'id': 6, 'deprel': 'obj', 'head': 4}}]",['SVO']
1664,Die ESA lenkte den Jupiter Ganymede Orbiter (JUICE) auf dem Flug nach Europa.,1,"[{'subject': {'upos': 'PROPN', 'text': 'ESA', 'id': 2, 'deprel': 'nsubj', 'head': 3}, 'verb': {'upos': 'VERB', 'text': 'lenkte', 'id': 3, 'deprel': 'root', 'head': 0}, 'object': {'upos': 'PROPN', 'text': 'Jupiter', 'id': 5, 'deprel': 'obj', 'head': 3}}]",['SVO']
1315,Die erwachsenen Spitzschwanz-Bronzemännchen haben blaugraue Füße und Beine sowie einen blaugrauen Unterschnabel.,1,"[{'subject': {'upos': 'NOUN', 'text': 'Bronzemännchen', 'id': 5, 'deprel': 'nsubj', 'head': 6}, 'verb': {'upos': 'VERB', 'text': 'haben', 'id': 6, 'deprel': 'root', 'head': 0}, 'object': {'upos': 'NOUN', 'text': 'Füße', 'id': 8, 'deprel': 'obj', 'head': 6}}]",['SVO']
1703,Die Entdecker kartierten das Gebiet des heutigen Staats Minnesota.,1,"[{'subject': {'upos': 'NOUN', 'text': 'Entdecker', 'id': 2, 'deprel': 'nsubj', 'head': 3}, 'verb': {'upos': 'VERB', 'text': 'kartierten', 'id': 3, 'deprel': 'root', 'head': 0}, 'object': {'upos': 'NOUN', 'text': 'Gebiet', 'id': 5, 'deprel': 'obj', 'head': 3}}]",['SVO']
668,Die Engländer entsandten eine Streitmacht nach Pune.,1,"[{'subject': {'upos': 'NOUN', 'text': 'Engländer', 'id': 2, 'deprel': 'nsubj', 'head': 3}, 'verb': {'upos': 'VERB', 'text': 'entsandten', 'id': 3, 'deprel': 'root', 'head': 0}, 'object': {'upos': 'NOUN', 'text': 'Streitmacht', 'id': 5, 'deprel': 'obj', 'head': 3}}]",['SVO']
1472,Die Eltern des Jungen trafen sich in Tokio.,1,"[{'subject': {'upos': 'NOUN', 'text': 'Eltern', 'id': 2, 'deprel': 'nsubj', 'head': 5}, 'verb': {'upos': 'VERB', 'text': 'trafen', 'id': 5, 'deprel': 'root', 'head': 0}, 'object': {'upos': 'PRON', 'text': 'sich', 'id': 6, 'deprel': 'obj', 'head': 5}}]",['SVO']
1505,"Die Deobandis praktizieren ihre Lehren in Pakistan und Indien, Bangladesch, Afghanistan, Malaysia, Südafrika und Indonesien sowie unter den meisten aus Südasien stammenden Muslimen in Großbritannien.",1,"[{'subject': {'upos': 'PROPN', 'text': 'Deobandis', 'id': 2, 'deprel': 'nsubj', 'head': 3}, 'verb': {'upos': 'VERB', 'text': 'praktizieren', 'id': 3, 'deprel': 'root', 'head': 0}, 'object': {'upos': 'NOUN', 'text': 'Lehren', 'id': 5, 'deprel': 'obj', 'head': 3}}]",['SVO']
1831,Die Charité hat vier Campus-Plätze.,1,"[{'subject': {'upos': 'PROPN', 'text': 'Charité', 'id': 2, 'deprel': 'nsubj', 'head': 3}, 'verb': {'upos': 'VERB', 'text': 'hat', 'id': 3, 'deprel': 'root', 'head': 0}, 'object': {'upos': 'NOUN', 'text': 'Plätze', 'id': 7, 'deprel': 'obj', 'head': 3}}]",['SVO']
1300,Die CEMS hat die PRME-Erklärung unterzeichnet.,1,"[{'subject': {'upos': 'PROPN', 'text': 'CEMS', 'id': 2, 'deprel': 'nsubj', 'head': 8}, 'object': {'upos': 'PROPN', 'text': 'PRME', 'id': 5, 'deprel': 'obj', 'head': 8}, 'verb': {'upos': 'VERB', 'text': 'unterzeichnet', 'id': 8, 'deprel': 'root', 'head': 0}}]",['SOV']
1296,Die CEMS Global Alliance umfasst 7 Sozialpartner.,1,"[{'subject': {'upos': 'PROPN', 'text': 'CEMS', 'id': 2, 'deprel': 'nsubj', 'head': 5}, 'verb': {'upos': 'VERB', 'text': 'umfasst', 'id': 5, 'deprel': 'root', 'head': 0}, 'object': {'upos': 'NOUN', 'text': 'Sozialpartner', 'id': 7, 'deprel': 'obj', 'head': 5}}]",['SVO']
194,"Die C-Standard-Bibliothek bietet keine genormten Container-Datentypen, Unterstützung für grafische Benutzeroberflächen und Netzwerkfunktionalitäten.",1,"[{'subject': {'upos': 'PROPN', 'text': 'C', 'id': 2, 'deprel': 'nsubj', 'head': 7}, 'verb': {'upos': 'VERB', 'text': 'bietet', 'id': 7, 'deprel': 'root', 'head': 0}, 'object': {'upos': 'NOUN', 'text': 'Datentypen', 'id': 12, 'deprel': 'obj', 'head': 7}}]",['SVO']
468,Die britische Regierung übernahm in Folge von Korruption in Indien teilweise die Kontrolle.,1,"[{'subject': {'upos': 'NOUN', 'text': 'Regierung', 'id': 3, 'deprel': 'nsubj', 'head': 4}, 'verb': {'upos': 'VERB', 'text': 'übernahm', 'id': 4, 'deprel': 'root', 'head': 0}, 'object': {'upos': 'NOUN', 'text': 'Kontrolle', 'id': 13, 'deprel': 'obj', 'head': 4}}]",['SVO']
1796,"Die Brahmanen, die vegetarisch leben, dürfen Huhn (kukhura) und Fisch (machha) verzehren.",1,"[{'subject': {'upos': 'NOUN', 'text': 'Brahmanen', 'id': 2, 'deprel': 'nsubj', 'head': 18}, 'object': {'upos': 'NOUN', 'text': 'Huhn', 'id': 9, 'deprel': 'obj', 'head': 18}, 'verb': {'upos': 'VERB', 'text': 'verzehren', 'id': 18, 'deprel': 'root', 'head': 0}}]",['SOV']
1023,"Die Böcke gewinnen die Gunst der weiblichen Tiere durch den Kampf um die Vorherrschaft und die Möglichkeit, einen Harem von Weibchen um sich zu sammeln.",1,"[{'subject': {'upos': 'NOUN', 'text': 'Böcke', 'id': 2, 'deprel': 'nsubj', 'head': 3}, 'verb': {'upos': 'VERB', 'text': 'gewinnen', 'id': 3, 'deprel': 'root', 'head': 0}, 'object': {'upos': 'NOUN', 'text': 'Gunst', 'id': 5, 'deprel': 'obj', 'head': 3}}]",['SVO']
509,"Die Bevölkerungswachstumsrate Chinas beträgt 0,59 %.",1,"[{'subject': {'upos': 'NOUN', 'text': 'Bevölkerungswachstumsrate', 'id': 2, 'deprel': 'nsubj', 'head': 4}, 'verb': {'upos': 'VERB', 'text': 'beträgt', 'id': 4, 'deprel': 'root', 'head': 0}, 'object': {'upos': 'NOUN', 'text': '%', 'id': 6, 'deprel': 'obj', 'head': 4}}]",['SVO']
1230,Die Band Kiss kontaktierte die ehemaligen Mitglieder Criss und Frehley für ein MTV Unplugged Konzert.,1,"[{'subject': {'upos': 'NOUN', 'text': 'Band', 'id': 2, 'deprel': 'nsubj', 'head': 4}, 'verb': {'upos': 'VERB', 'text': 'kontaktierte', 'id': 4, 'deprel': 'root', 'head': 0}, 'object': {'upos': 'NOUN', 'text': 'Mitglieder', 'id': 7, 'deprel': 'obj', 'head': 4}}]",['SVO']
1721,"Die Aufteilung der FANK-Truppen konnte letztendlich nicht sich gegenseitig militärische Unterstützung geben, da sie immer mehr zerstreut und isoliert wurden.",1,"[{'subject': {'upos': 'NOUN', 'text': 'Aufteilung', 'id': 2, 'deprel': 'nsubj', 'head': 14}, 'object': {'upos': 'PRON', 'text': 'sich', 'id': 10, 'deprel': 'obj', 'head': 14}, 'verb': {'upos': 'VERB', 'text': 'geben', 'id': 14, 'deprel': 'root', 'head': 0}}]",['SOV']
640,"Die Arbeiter waren ungeschützt vor hohen Staubbelastungen ausgesetzt und bekamen keine Schutzmasken ausgehändigt, während Management-Mitarbeiter Schutzmasken trugen.",1,"[{'subject': {'upos': 'NOUN', 'text': 'Mitarbeiter', 'id': 18, 'deprel': 'nsubj', 'head': 20}, 'object': {'upos': 'NOUN', 'text': 'Schutzmasken', 'id': 19, 'deprel': 'obj', 'head': 20}, 'verb': {'upos': 'VERB', 'text': 'trugen', 'id': 20, 'deprel': 'advcl', 'head': 10}}]",['SOV']
1141,"Die Anwendung von Google Groups wurde bereits unterstützt, da sie Artikeln unbegrenzte Lagerzeit gewährt und Autoren durch ihre Aussagen und Beiträge persönliche Profile erstellen lassen.",1,"[{'subject': {'upos': 'PRON', 'text': 'sie', 'id': 11, 'deprel': 'nsubj', 'head': 15}, 'object': {'upos': 'NOUN', 'text': 'Artikeln', 'id': 12, 'deprel': 'obj', 'head': 15}, 'verb': {'upos': 'VERB', 'text': 'gewährt', 'id': 15, 'deprel': 'advcl', 'head': 8}}]",['SOV']
373,Die Ansei-Reform hat niederländische Kriegsschiffe bestellt.,1,"[{'subject': {'upos': 'NOUN', 'text': 'Reform', 'id': 4, 'deprel': 'nsubj', 'head': 8}, 'object': {'upos': 'NOUN', 'text': 'Kriegsschiffe', 'id': 7, 'deprel': 'obj', 'head': 8}, 'verb': {'upos': 'VERB', 'text': 'bestellt', 'id': 8, 'deprel': 'root', 'head': 0}}]",['SOV']
1365,Die Amtszeit des Präsidenten beträgt fünf Jahre.,1,"[{'subject': {'upos': 'NOUN', 'text': 'Amtszeit', 'id': 2, 'deprel': 'nsubj', 'head': 5}, 'verb': {'upos': 'VERB', 'text': 'beträgt', 'id': 5, 'deprel': 'root', 'head': 0}, 'object': {'upos': 'NOUN', 'text': 'Jahre', 'id': 7, 'deprel': 'obj', 'head': 5}}]",['SVO']
811,Die A-Straßen A58 und A61 durchkreuzen Leeds.,1,"[{'subject': {'upos': 'PROPN', 'text': 'A', 'id': 2, 'deprel': 'nsubj', 'head': 8}, 'verb': {'upos': 'VERB', 'text': 'durchkreuzen', 'id': 8, 'deprel': 'root', 'head': 0}, 'object': {'upos': 'PROPN', 'text': 'Leeds', 'id': 9, 'deprel': 'obj', 'head': 8}}]",['SVO']
1979,Dezember griffen die Ebert treuen Truppen das Schloss an.,1,"[{'verb': {'upos': 'VERB', 'text': 'griffen', 'id': 2, 'deprel': 'root', 'head': 0}, 'subject': {'upos': 'PROPN', 'text': 'Ebert', 'id': 4, 'deprel': 'nsubj', 'head': 2}, 'object': {'upos': 'NOUN', 'text': 'Truppen', 'id': 6, 'deprel': 'obj', 'head': 2}}]",['VSO']
1457,Dev S. Sukumar schrieb die Biografie von Prakash.,1,"[{'subject': {'upos': 'PROPN', 'text': 'Dev', 'id': 1, 'deprel': 'nsubj', 'head': 4}, 'verb': {'upos': 'VERB', 'text': 'schrieb', 'id': 4, 'deprel': 'root', 'head': 0}, 'object': {'upos': 'NOUN', 'text': 'Biografie', 'id': 6, 'deprel': 'obj', 'head': 4}}]",['SVO']
1587,Deshalb kann ich keine genaue Antwort darauf geben.,1,"[{'subject': {'upos': 'PRON', 'text': 'ich', 'id': 3, 'deprel': 'nsubj', 'head': 8}, 'object': {'upos': 'NOUN', 'text': 'Antwort', 'id': 6, 'deprel': 'obj', 'head': 8}, 'verb': {'upos': 'VERB', 'text': 'geben', 'id': 8, 'deprel': 'root', 'head': 0}}]",['SOV']
1205,Deshalb kann ich keine Antwort auf diese Frage basierend auf diesen Texten geben.,1,"[{'subject': {'upos': 'PRON', 'text': 'ich', 'id': 3, 'deprel': 'nsubj', 'head': 13}, 'object': {'upos': 'NOUN', 'text': 'Antwort', 'id': 5, 'deprel': 'obj', 'head': 13}, 'verb': {'upos': 'VERB', 'text': 'geben', 'id': 13, 'deprel': 'root', 'head': 0}}]",['SOV']
422,Der württembergische Herzog Karl Eugen gab der Universität ihren heutigen Namen.,1,"[{'subject': {'upos': 'NOUN', 'text': 'Herzog', 'id': 3, 'deprel': 'nsubj', 'head': 6}, 'verb': {'upos': 'VERB', 'text': 'gab', 'id': 6, 'deprel': 'root', 'head': 0}, 'object': {'upos': 'NOUN', 'text': 'Namen', 'id': 11, 'deprel': 'obj', 'head': 6}}]",['SVO']
1697,Der Wisconsin-Gletscher zog sich vor 12.000 Jahren aus Minnesota zurück.,1,"[{'subject': {'upos': 'PROPN', 'text': 'Wisconsin', 'id': 2, 'deprel': 'nsubj', 'head': 5}, 'verb': {'upos': 'VERB', 'text': 'zog', 'id': 5, 'deprel': 'root', 'head': 0}, 'object': {'upos': 'PRON', 'text': 'sich', 'id': 6, 'deprel': 'obj', 'head': 5}}]",['SVO']
566,Der Westminster Palace hat fünf Stockwerke.,1,"[{'subject': {'upos': 'PROPN', 'text': 'Westminster', 'id': 2, 'deprel': 'nsubj', 'head': 4}, 'verb': {'upos': 'VERB', 'text': 'hat', 'id': 4, 'deprel': 'root', 'head': 0}, 'object': {'upos': 'NOUN', 'text': 'Stockwerke', 'id': 6, 'deprel': 'obj', 'head': 4}}]",['SVO']
859,Der Welttag der NRO ist der Tag an dem sich NGOs aus aller Welt austauschen können.,1,"[{'object': {'upos': 'PRON', 'text': 'sich', 'id': 10, 'deprel': 'obj', 'head': 15}, 'subject': {'upos': 'NOUN', 'text': 'NGOs', 'id': 11, 'deprel': 'nsubj', 'head': 15}, 'verb': {'upos': 'VERB', 'text': 'austauschen', 'id': 15, 'deprel': 'acl', 'head': 7}}]",['OSV']
1003,"Der Vizepräsident kann zum Präsidenten werden, wenn der Präsident durch Tod, Rücktritt oder Entlassung aus dem Amt entthront wird, bis ein neuer Präsident sein Amt antritt.",1,"[{'subject': {'upos': 'NOUN', 'text': 'Präsident', 'id': 27, 'deprel': 'nsubj', 'head': 30}, 'object': {'upos': 'NOUN', 'text': 'Amt', 'id': 29, 'deprel': 'obj', 'head': 30}, 'verb': {'upos': 'VERB', 'text': 'antritt', 'id': 30, 'deprel': 'advcl', 'head': 21}}]",['SOV']
876,"Der verbindende Router, der Verbindungen aufrecht erhält, heißt Area Border Router (ABR).",1,"[{'subject': {'upos': 'PRON', 'text': 'der', 'id': 5, 'deprel': 'nsubj', 'head': 8}, 'object': {'upos': 'NOUN', 'text': 'Verbindungen', 'id': 6, 'deprel': 'obj', 'head': 8}, 'verb': {'upos': 'VERB', 'text': 'erhält', 'id': 8, 'deprel': 'acl', 'head': 3}}]",['SOV']
693,Der Turibaum erreicht Wuchshöhen von bis zu 8 bis 15 Meter.,1,"[{'subject': {'upos': 'NOUN', 'text': 'Turibaum', 'id': 2, 'deprel': 'nsubj', 'head': 3}, 'verb': {'upos': 'VERB', 'text': 'erreicht', 'id': 3, 'deprel': 'root', 'head': 0}, 'object': {'upos': 'NOUN', 'text': 'Wuchshöhen', 'id': 4, 'deprel': 'obj', 'head': 3}}]",['SVO']
783,Der Text liefert keine Informationen über einen tamilischen Debütfilm.,1,"[{'subject': {'upos': 'NOUN', 'text': 'Text', 'id': 2, 'deprel': 'nsubj', 'head': 3}, 'verb': {'upos': 'VERB', 'text': 'liefert', 'id': 3, 'deprel': 'root', 'head': 0}, 'object': {'upos': 'NOUN', 'text': 'Informationen', 'id': 5, 'deprel': 'obj', 'head': 3}}]",['SVO']
458,Der Text gibt keine spezifischen Maße des Palasts in Delhi Durbar bekannt.,1,"[{'subject': {'upos': 'NOUN', 'text': 'Text', 'id': 2, 'deprel': 'nsubj', 'head': 3}, 'verb': {'upos': 'VERB', 'text': 'gibt', 'id': 3, 'deprel': 'root', 'head': 0}, 'object': {'upos': 'NOUN', 'text': 'Maße', 'id': 6, 'deprel': 'obj', 'head': 3}}]",['SVO']
1473,Der Text gibt keine spezifische Todesursache der Eltern des Jungen an.,1,"[{'subject': {'upos': 'NOUN', 'text': 'Text', 'id': 2, 'deprel': 'nsubj', 'head': 3}, 'verb': {'upos': 'VERB', 'text': 'gibt', 'id': 3, 'deprel': 'root', 'head': 0}, 'object': {'upos': 'NOUN', 'text': 'Todesursache', 'id': 6, 'deprel': 'obj', 'head': 3}}]",['SVO']
1069,Der Text enthält keine Informationen über Mevlanas Nachfolger.,1,"[{'subject': {'upos': 'NOUN', 'text': 'Text', 'id': 2, 'deprel': 'nsubj', 'head': 3}, 'verb': {'upos': 'VERB', 'text': 'enthält', 'id': 3, 'deprel': 'root', 'head': 0}, 'object': {'upos': 'NOUN', 'text': 'Informationen', 'id': 5, 'deprel': 'obj', 'head': 3}}]",['SVO']
9,Der Stern hatte eine enorme Eruption von Materie vor 4000 bis 6000 Jahren.,1,"[{'subject': {'upos': 'NOUN', 'text': 'Stern', 'id': 2, 'deprel': 'nsubj', 'head': 3}, 'verb': {'upos': 'VERB', 'text': 'hatte', 'id': 3, 'deprel': 'root', 'head': 0}, 'object': {'upos': 'NOUN', 'text': 'Eruption', 'id': 6, 'deprel': 'obj', 'head': 3}}]",['SVO']
1459,Der Som ersetzte den Rubel aus der Sowjetzeit.,1,"[{'subject': {'upos': 'NOUN', 'text': 'Som', 'id': 2, 'deprel': 'nsubj', 'head': 3}, 'verb': {'upos': 'VERB', 'text': 'ersetzte', 'id': 3, 'deprel': 'root', 'head': 0}, 'object': {'upos': 'NOUN', 'text': 'Rubel', 'id': 5, 'deprel': 'obj', 'head': 3}}]",['SVO']
1305,"Der Protagonist Jack stürzt 1960 mit einem Flugzeug über dem Atlantik ab und überlebt, indem er sich an einen Leuchtturm rettet.",1,"[{'subject': {'upos': 'PRON', 'text': 'er', 'id': 17, 'deprel': 'nsubj', 'head': 22}, 'object': {'upos': 'PRON', 'text': 'sich', 'id': 18, 'deprel': 'obj', 'head': 22}, 'verb': {'upos': 'VERB', 'text': 'rettet', 'id': 22, 'deprel': 'advcl', 'head': 14}}]",['SOV']
1491,"Der Präsident der Republik Indien folgt den Befugnissen des Premierministers und des Kabinetts, wenn er seine exekutiven Befugnisse ausübt.",1,"[{'subject': {'upos': 'PRON', 'text': 'er', 'id': 16, 'deprel': 'nsubj', 'head': 20}, 'object': {'upos': 'NOUN', 'text': 'Befugnisse', 'id': 19, 'deprel': 'obj', 'head': 20}, 'verb': {'upos': 'VERB', 'text': 'ausübt', 'id': 20, 'deprel': 'advcl', 'head': 6}}]",['SOV']
227,"Der Person, die hier beschrieben wird, steht der Vorstand des Deutschen Ausschusses für Stahlbeton (DAfStb) zu, da er von 2004 bis 2012 Vorsitzender des engeren Vorstands war.",1,"[{'subject': {'upos': 'NOUN', 'text': 'Person', 'id': 2, 'deprel': 'nsubj', 'head': 9}, 'verb': {'upos': 'VERB', 'text': 'steht', 'id': 9, 'deprel': 'root', 'head': 0}, 'object': {'upos': 'NOUN', 'text': 'Vorstand', 'id': 11, 'deprel': 'obj', 'head': 9}}]",['SVO']
844,Der Patient kann den Mund nicht mehr öffnen und die Nahrungsaufnahme ist erschwert.,1,"[{'subject': {'upos': 'NOUN', 'text': 'Patient', 'id': 2, 'deprel': 'nsubj', 'head': 8}, 'object': {'upos': 'NOUN', 'text': 'Mund', 'id': 5, 'deprel': 'obj', 'head': 8}, 'verb': {'upos': 'VERB', 'text': 'öffnen', 'id': 8, 'deprel': 'root', 'head': 0}}]",['SOV']
1245,Der Name Shakira stammt aus Arabisch und bedeutet „die Dankbare“.,1,"[{'subject': {'upos': 'NOUN', 'text': 'Name', 'id': 2, 'deprel': 'nsubj', 'head': 4}, 'verb': {'upos': 'VERB', 'text': 'bedeutet', 'id': 8, 'deprel': 'conj', 'head': 4}, 'object': {'upos': 'NOUN', 'text': 'Dankbare', 'id': 11, 'deprel': 'obj', 'head': 8}}]",['SVO']
777,"Der Lindy Hop erfuhr um 1940 eine Abwandlung zum Boogie-Woogie, der auf deutlich schnellerer Musik basierte.",1,"[{'subject': {'upos': 'PROPN', 'text': 'Lindy', 'id': 2, 'deprel': 'nsubj', 'head': 4}, 'verb': {'upos': 'VERB', 'text': 'erfuhr', 'id': 4, 'deprel': 'root', 'head': 0}, 'object': {'upos': 'NOUN', 'text': 'Abwandlung', 'id': 8, 'deprel': 'obj', 'head': 4}}]",['SVO']
1477,"Der Historiker Juan Cabre war der Erste, der die Malereien der Felsbilder der Jungsteinzeit datierte.",1,"[{'subject': {'upos': 'PRON', 'text': 'der', 'id': 9, 'deprel': 'nsubj', 'head': 16}, 'object': {'upos': 'NOUN', 'text': 'Malereien', 'id': 11, 'deprel': 'obj', 'head': 16}, 'verb': {'upos': 'VERB', 'text': 'datierte', 'id': 16, 'deprel': 'acl', 'head': 7}}]",['SOV']
922,Der heilige Francisco de Xavier brachte die Lehre Christi nach Japan.,1,"[{'subject': {'upos': 'PROPN', 'text': 'Francisco', 'id': 3, 'deprel': 'nsubj', 'head': 6}, 'verb': {'upos': 'VERB', 'text': 'brachte', 'id': 6, 'deprel': 'root', 'head': 0}, 'object': {'upos': 'NOUN', 'text': 'Lehre', 'id': 8, 'deprel': 'obj', 'head': 6}}]",['SVO']
463,"Der größte und offiziellste Empfang findet jeden November statt, wenn der Monarch das ausländische diplomatische Korps einlädt.",1,"[{'subject': {'upos': 'NOUN', 'text': 'Monarch', 'id': 13, 'deprel': 'nsubj', 'head': 18}, 'object': {'upos': 'NOUN', 'text': 'Korps', 'id': 17, 'deprel': 'obj', 'head': 18}, 'verb': {'upos': 'VERB', 'text': 'einlädt', 'id': 18, 'deprel': 'advcl', 'head': 6}}]",['SOV']
474,der Generalgouverneur behielt dennoch bedeutenden Einfluss auf die Gesetzgebung.,1,"[{'subject': {'upos': 'NOUN', 'text': 'Generalgouverneur', 'id': 2, 'deprel': 'nsubj', 'head': 3}, 'verb': {'upos': 'VERB', 'text': 'behielt', 'id': 3, 'deprel': 'root', 'head': 0}, 'object': {'upos': 'NOUN', 'text': 'Einfluss', 'id': 6, 'deprel': 'obj', 'head': 3}}]",['SVO']
579,"Der genannte Text erwähnt keinen Spiel, das Abenteuer im Weltraum berichtet.",1,"[{'subject': {'upos': 'NOUN', 'text': 'Text', 'id': 3, 'deprel': 'nsubj', 'head': 4}, 'verb': {'upos': 'VERB', 'text': 'erwähnt', 'id': 4, 'deprel': 'root', 'head': 0}, 'object': {'upos': 'NOUN', 'text': 'Spiel', 'id': 6, 'deprel': 'obj', 'head': 4}}]",['SVO']
583,Der Film Zurück in die Zukunft spielte in Nordamerika rund 210 Millionen US-Dollar ein.,1,"[{'subject': {'upos': 'NOUN', 'text': 'Film', 'id': 2, 'deprel': 'nsubj', 'head': 7}, 'verb': {'upos': 'VERB', 'text': 'spielte', 'id': 7, 'deprel': 'root', 'head': 0}, 'object': {'upos': 'PROPN', 'text': 'US', 'id': 13, 'deprel': 'obj', 'head': 7}}]",['SVO']
178,Der Film hatte seine Premiere am 25.,1,"[{'subject': {'upos': 'NOUN', 'text': 'Film', 'id': 2, 'deprel': 'nsubj', 'head': 3}, 'verb': {'upos': 'VERB', 'text': 'hatte', 'id': 3, 'deprel': 'root', 'head': 0}, 'object': {'upos': 'NOUN', 'text': 'Premiere', 'id': 5, 'deprel': 'obj', 'head': 3}}]",['SVO']
1444,Der Film gewann eine Auszeichnung in der Kategorie „Beste visuelle Effekte“ mit einem Oscar.,1,"[{'subject': {'upos': 'NOUN', 'text': 'Film', 'id': 2, 'deprel': 'nsubj', 'head': 3}, 'verb': {'upos': 'VERB', 'text': 'gewann', 'id': 3, 'deprel': 'root', 'head': 0}, 'object': {'upos': 'NOUN', 'text': 'Auszeichnung', 'id': 5, 'deprel': 'obj', 'head': 3}}]",['SVO']
1446,"Der Film ""Braveheart"" erhielt fünf Oscars aus zehn Nominierungen.",1,"[{'subject': {'upos': 'NOUN', 'text': 'Film', 'id': 2, 'deprel': 'nsubj', 'head': 6}, 'verb': {'upos': 'VERB', 'text': 'erhielt', 'id': 6, 'deprel': 'root', 'head': 0}, 'object': {'upos': 'NOUN', 'text': 'Oscars', 'id': 8, 'deprel': 'obj', 'head': 6}}]",['SVO']
156,"Der Erzbischof von Seoul, Stephen Kardinal Kim Sou-hwan, hat die Rolle der Weihe gespielt.",1,"[{'subject': {'upos': 'NOUN', 'text': 'Erzbischof', 'id': 2, 'deprel': 'nsubj', 'head': 18}, 'object': {'upos': 'NOUN', 'text': 'Rolle', 'id': 15, 'deprel': 'obj', 'head': 18}, 'verb': {'upos': 'VERB', 'text': 'gespielt', 'id': 18, 'deprel': 'root', 'head': 0}}]",['SOV']
776,Der Discovery Channel beendete seine Zusammenarbeit mit Bear Grylls aufgrund von Vertragsstreitigkeiten.,1,"[{'subject': {'upos': 'PROPN', 'text': 'Discovery', 'id': 2, 'deprel': 'nsubj', 'head': 4}, 'verb': {'upos': 'VERB', 'text': 'beendete', 'id': 4, 'deprel': 'root', 'head': 0}, 'object': {'upos': 'NOUN', 'text': 'Zusammenarbeit', 'id': 6, 'deprel': 'obj', 'head': 4}}]",['SVO']
1626,Der DFB (Deutscher Fußballbund) bot nach dem Rückzug Frankreichs Unterstützung an.,1,"[{'subject': {'upos': 'PROPN', 'text': 'DFB', 'id': 2, 'deprel': 'nsubj', 'head': 7}, 'verb': {'upos': 'VERB', 'text': 'bot', 'id': 7, 'deprel': 'root', 'head': 0}, 'object': {'upos': 'NOUN', 'text': 'Unterstützung', 'id': 12, 'deprel': 'obj', 'head': 7}}]",['SVO']
340,"Der Chanshui Airport verbindet den chinesischen Yunnan-Province mit Peking, Shanghai, Guangzhou und Ürümqi.",1,"[{'subject': {'upos': 'PROPN', 'text': 'Chanshui', 'id': 2, 'deprel': 'nsubj', 'head': 4}, 'verb': {'upos': 'VERB', 'text': 'verbindet', 'id': 4, 'deprel': 'root', 'head': 0}, 'object': {'upos': 'PROPN', 'text': 'Yunnan', 'id': 7, 'deprel': 'obj', 'head': 4}}]",['SVO']
1175,Der Begriff rupya leitet sich von dem altindischen Wort rūp oder rūpā mit der Bedeutung „Silber“ her.,1,"[{'subject': {'upos': 'NOUN', 'text': 'Begriff', 'id': 2, 'deprel': 'nsubj', 'head': 4}, 'verb': {'upos': 'VERB', 'text': 'leitet', 'id': 4, 'deprel': 'root', 'head': 0}, 'object': {'upos': 'PRON', 'text': 'sich', 'id': 5, 'deprel': 'obj', 'head': 4}}]",['SVO']
822,"Der Aston Villa Football Club hatte sein erstes offizielles Spiel gegen eine Rugby-Mannschaft, in der die Regeln eine Mischung aus Rugby und Fußball waren.",1,"[{'subject': {'upos': 'PROPN', 'text': 'Aston', 'id': 2, 'deprel': 'nsubj', 'head': 6}, 'verb': {'upos': 'VERB', 'text': 'hatte', 'id': 6, 'deprel': 'root', 'head': 0}, 'object': {'upos': 'NOUN', 'text': 'Spiel', 'id': 10, 'deprel': 'obj', 'head': 6}}]",['SVO']
1700,Der Anteil der Bewaldung des Staates Minnesota beträgt etwa ein Drittel.,1,"[{'subject': {'upos': 'NOUN', 'text': 'Anteil', 'id': 2, 'deprel': 'nsubj', 'head': 8}, 'verb': {'upos': 'VERB', 'text': 'beträgt', 'id': 8, 'deprel': 'root', 'head': 0}, 'object': {'upos': 'NOUN', 'text': 'Drittel', 'id': 11, 'deprel': 'obj', 'head': 8}}]",['SVO']
1492,Der 1 Manat ersetzt im Jahr 1993 den russischen Rubel in Turkmenistan.,1,"[{'subject': {'upos': 'PROPN', 'text': 'Manat', 'id': 3, 'deprel': 'nsubj', 'head': 4}, 'verb': {'upos': 'VERB', 'text': 'ersetzt', 'id': 4, 'deprel': 'root', 'head': 0}, 'object': {'upos': 'NOUN', 'text': 'Rubel', 'id': 11, 'deprel': 'obj', 'head': 4}}]",['SVO']
991,Dawkins kritisiert insbesondere jede Form von Kreationismus und Intelligent Design.,1,"[{'subject': {'upos': 'PROPN', 'text': 'Dawkins', 'id': 1, 'deprel': 'nsubj', 'head': 2}, 'verb': {'upos': 'VERB', 'text': 'kritisiert', 'id': 2, 'deprel': 'root', 'head': 0}, 'object': {'upos': 'NOUN', 'text': 'Form', 'id': 5, 'deprel': 'obj', 'head': 2}}]",['SVO']
1873,"Das Zentrum hat großen Arbeit geleistet, um die Rechte und Interessen von Frauen in China zu schützen.",1,"[{'subject': {'upos': 'NOUN', 'text': 'Zentrum', 'id': 2, 'deprel': 'nsubj', 'head': 6}, 'object': {'upos': 'NOUN', 'text': 'Arbeit', 'id': 5, 'deprel': 'obj', 'head': 6}, 'verb': {'upos': 'VERB', 'text': 'geleistet', 'id': 6, 'deprel': 'root', 'head': 0}}]",['SOV']
1029,"Das Wort Comoros stammt vom arabischen Dschuzur al-Qamar (جزر القمر), was „Mondinseln“ bedeutet.",1,"[{'subject': {'upos': 'PRON', 'text': 'was', 'id': 17, 'deprel': 'nsubj', 'head': 21}, 'object': {'upos': 'NOUN', 'text': 'Mondinseln', 'id': 19, 'deprel': 'obj', 'head': 21}, 'verb': {'upos': 'VERB', 'text': 'bedeutet', 'id': 21, 'deprel': 'acl', 'head': 8}}]",['SOV']
525,Das Tschagatai-Khanat erbeutete Chagatai Khan.,1,"[{'subject': {'upos': 'PROPN', 'text': 'Tschagatai', 'id': 2, 'deprel': 'nsubj', 'head': 5}, 'verb': {'upos': 'VERB', 'text': 'erbeutete', 'id': 5, 'deprel': 'root', 'head': 0}, 'object': {'upos': 'PROPN', 'text': 'Chagatai', 'id': 6, 'deprel': 'obj', 'head': 5}}]",['SVO']
342,Das Tier legt in der Regel zwei Eier.,1,"[{'subject': {'upos': 'NOUN', 'text': 'Tier', 'id': 2, 'deprel': 'nsubj', 'head': 3}, 'verb': {'upos': 'VERB', 'text': 'legt', 'id': 3, 'deprel': 'root', 'head': 0}, 'object': {'upos': 'NOUN', 'text': 'Eier', 'id': 8, 'deprel': 'obj', 'head': 3}}]",['SVO']
713,Das Streikkomitee half Gefangenen in Weißrussland.,1,"[{'subject': {'upos': 'NOUN', 'text': 'Streikkomitee', 'id': 2, 'deprel': 'nsubj', 'head': 3}, 'verb': {'upos': 'VERB', 'text': 'half', 'id': 3, 'deprel': 'root', 'head': 0}, 'object': {'upos': 'NOUN', 'text': 'Gefangenen', 'id': 4, 'deprel': 'obj', 'head': 3}}]",['SVO']
1314,Das Spitzschwanz-Bronzemännchen erreicht eine Körperlänge von elf bis zwölf Zentimeter.,1,"[{'subject': {'upos': 'NOUN', 'text': 'Bronzemännchen', 'id': 4, 'deprel': 'nsubj', 'head': 5}, 'verb': {'upos': 'VERB', 'text': 'erreicht', 'id': 5, 'deprel': 'root', 'head': 0}, 'object': {'upos': 'NOUN', 'text': 'Körperlänge', 'id': 7, 'deprel': 'obj', 'head': 5}}]",['SVO']
513,"Das Schwimmen war die erfolgreichste Sportart für Venezuela, da Cristian Quintero zwei Silbermedaillen und eine Bronzemedaille gewann.",1,"[{'subject': {'upos': 'PROPN', 'text': 'Cristian', 'id': 11, 'deprel': 'nsubj', 'head': 18}, 'object': {'upos': 'NOUN', 'text': 'Silbermedaillen', 'id': 14, 'deprel': 'obj', 'head': 18}, 'verb': {'upos': 'VERB', 'text': 'gewann', 'id': 18, 'deprel': 'advcl', 'head': 6}}]",['SOV']
32,"Das Schiehallion-Experiment hatte das Ziel, die mittlere Massendichte der Erde zu bestimmen.",1,"[{'subject': {'upos': 'PROPN', 'text': 'Schiehallion', 'id': 2, 'deprel': 'nsubj', 'head': 5}, 'verb': {'upos': 'VERB', 'text': 'hatte', 'id': 5, 'deprel': 'root', 'head': 0}, 'object': {'upos': 'NOUN', 'text': 'Ziel', 'id': 7, 'deprel': 'obj', 'head': 5}}]",['SVO']
1228,"Das Projekt orientierte sich an dem Konzept eines Films namens ""Kiss Meets the Phantom of the Park"", der eine Mischung aus ""A Hard Day's Night"" und ""Star Wars"" sein sollte.",1,"[{'subject': {'upos': 'NOUN', 'text': 'Projekt', 'id': 2, 'deprel': 'nsubj', 'head': 3}, 'verb': {'upos': 'VERB', 'text': 'orientierte', 'id': 3, 'deprel': 'root', 'head': 0}, 'object': {'upos': 'PRON', 'text': 'sich', 'id': 4, 'deprel': 'obj', 'head': 3}}]",['SVO']
1523,Das Nexus 5 nutzt eine 8-Megapixel-Rückkamera inklusive optischem Bildstabilisator.,1,"[{'subject': {'upos': 'PROPN', 'text': 'Nexus', 'id': 2, 'deprel': 'nsubj', 'head': 4}, 'verb': {'upos': 'VERB', 'text': 'nutzt', 'id': 4, 'deprel': 'root', 'head': 0}, 'object': {'upos': 'NOUN', 'text': 'Rückkamera', 'id': 10, 'deprel': 'obj', 'head': 4}}]",['SVO']
1743,Das Howard-Government deregulierete teilweise das Transport- und Telekommunikationswesen.,1,"[{'subject': {'upos': 'PROPN', 'text': 'Howard', 'id': 2, 'deprel': 'nsubj', 'head': 5}, 'verb': {'upos': 'VERB', 'text': 'deregulierete', 'id': 5, 'deprel': 'root', 'head': 0}, 'object': {'upos': 'NOUN', 'text': 'Transport', 'id': 8, 'deprel': 'obj', 'head': 5}}]",['SVO']
523,Das Hereroland umfasst hauptsächlich die östliche namibische Region Omaheke sowie Teile der Regionen Otjozondjupa und Kunene.,1,"[{'subject': {'upos': 'PROPN', 'text': 'Hereroland', 'id': 2, 'deprel': 'nsubj', 'head': 3}, 'verb': {'upos': 'VERB', 'text': 'umfasst', 'id': 3, 'deprel': 'root', 'head': 0}, 'object': {'upos': 'NOUN', 'text': 'Region', 'id': 8, 'deprel': 'obj', 'head': 3}}]",['SVO']
252,"Das erste Land, das mit der Tradition der Monarchie von 1649 bis 1660 brach, war England, da es während dieser Zeit eine kurze republikanische Phase namens Commonwealth of England gab.",1,"[{'subject': {'upos': 'PRON', 'text': 'es', 'id': 21, 'deprel': 'nsubj', 'head': 33}, 'object': {'upos': 'NOUN', 'text': 'Phase', 'id': 28, 'deprel': 'obj', 'head': 33}, 'verb': {'upos': 'VERB', 'text': 'gab', 'id': 33, 'deprel': 'advcl', 'head': 18}}]",['SOV']
243,Das Durchschnittseinkommen von Männern betrugen 26.302 USD.,1,"[{'subject': {'upos': 'NOUN', 'text': 'Durchschnittseinkommen', 'id': 2, 'deprel': 'nsubj', 'head': 5}, 'verb': {'upos': 'VERB', 'text': 'betrugen', 'id': 5, 'deprel': 'root', 'head': 0}, 'object': {'upos': 'PROPN', 'text': 'USD', 'id': 7, 'deprel': 'obj', 'head': 5}}]",['SVO']
274,Das Durchschnittseinkommen der Frauen im Landkreis betrugen 23.820 USD.,1,"[{'subject': {'upos': 'NOUN', 'text': 'Durchschnittseinkommen', 'id': 2, 'deprel': 'nsubj', 'head': 8}, 'verb': {'upos': 'VERB', 'text': 'betrugen', 'id': 8, 'deprel': 'root', 'head': 0}, 'object': {'upos': 'PROPN', 'text': 'USD', 'id': 10, 'deprel': 'obj', 'head': 8}}]",['SVO']
212,Das Durchschnittsalter im Land beträgt 35 Jahre.,1,"[{'subject': {'upos': 'NOUN', 'text': 'Durchschnittsalter', 'id': 2, 'deprel': 'nsubj', 'head': 6}, 'verb': {'upos': 'VERB', 'text': 'beträgt', 'id': 6, 'deprel': 'root', 'head': 0}, 'object': {'upos': 'NOUN', 'text': 'Jahre', 'id': 8, 'deprel': 'obj', 'head': 6}}]",['SVO']
1367,Das Direktorium kann 12 Mitglieder des Verwaltungsrates wählen.,1,"[{'subject': {'upos': 'NOUN', 'text': 'Direktorium', 'id': 2, 'deprel': 'nsubj', 'head': 8}, 'object': {'upos': 'NOUN', 'text': 'Mitglieder', 'id': 5, 'deprel': 'obj', 'head': 8}, 'verb': {'upos': 'VERB', 'text': 'wählen', 'id': 8, 'deprel': 'root', 'head': 0}}]",['SOV']
199,Das Chandra-Röntgenteleskop enthüllte 2001 die Existenz extrem heißen Gases in NGC 6543.,1,"[{'subject': {'upos': 'PROPN', 'text': 'Chandra', 'id': 2, 'deprel': 'nsubj', 'head': 5}, 'verb': {'upos': 'VERB', 'text': 'enthüllte', 'id': 5, 'deprel': 'root', 'head': 0}, 'object': {'upos': 'NOUN', 'text': 'Existenz', 'id': 8, 'deprel': 'obj', 'head': 5}}]",['SVO']
1299,"Das CEMS-Programm ist nützlich für Studierende, die einen Einblick in echte Unternehmensproblematiken und Lösungsansätze erhalten wollen.",1,"[{'subject': {'upos': 'PRON', 'text': 'die', 'id': 10, 'deprel': 'nsubj', 'head': 18}, 'object': {'upos': 'NOUN', 'text': 'Einblick', 'id': 12, 'deprel': 'obj', 'head': 18}, 'verb': {'upos': 'VERB', 'text': 'erhalten', 'id': 18, 'deprel': 'acl', 'head': 8}}]",['SOV']
1798,Das Celebesbecken bildete sich vor 42 Millionen Jahren.,1,"[{'subject': {'upos': 'NOUN', 'text': 'Celebesbecken', 'id': 2, 'deprel': 'nsubj', 'head': 3}, 'verb': {'upos': 'VERB', 'text': 'bildete', 'id': 3, 'deprel': 'root', 'head': 0}, 'object': {'upos': 'PRON', 'text': 'sich', 'id': 4, 'deprel': 'obj', 'head': 3}}]",['SVO']
1250,Das Bild zeigt die meisten Feldpositionen und deren Bezeichnungen für Cricket.,1,"[{'subject': {'upos': 'NOUN', 'text': 'Bild', 'id': 2, 'deprel': 'nsubj', 'head': 3}, 'verb': {'upos': 'VERB', 'text': 'zeigt', 'id': 3, 'deprel': 'root', 'head': 0}, 'object': {'upos': 'NOUN', 'text': 'Feldpositionen', 'id': 6, 'deprel': 'obj', 'head': 3}}]",['SVO']
1707,Das Bevölkerungswachstum konzentriert sich hauptsächlich in den städtischen Gebieten.,1,"[{'subject': {'upos': 'NOUN', 'text': 'Bevölkerungswachstum', 'id': 2, 'deprel': 'nsubj', 'head': 3}, 'verb': {'upos': 'VERB', 'text': 'konzentriert', 'id': 3, 'deprel': 'root', 'head': 0}, 'object': {'upos': 'PRON', 'text': 'sich', 'id': 4, 'deprel': 'obj', 'head': 3}}]",['SVO']
1675,"Das Ausbildungsprogramm umfasste zusätzlich Tanz-, Mal-, Reit- sowie Klavierunterricht.",1,"[{'subject': {'upos': 'NOUN', 'text': 'Ausbildungsprogramm', 'id': 2, 'deprel': 'nsubj', 'head': 3}, 'verb': {'upos': 'VERB', 'text': 'umfasste', 'id': 3, 'deprel': 'root', 'head': 0}, 'object': {'upos': 'NOUN', 'text': 'Tanz', 'id': 5, 'deprel': 'obj', 'head': 3}}]",['SVO']
952,"Darüber hinaus haben auch Personen ohne aktuelle Abhängigkeit, aber mit einem Vorhaben oder Vergangenheit von Alkoholverbrauch ein erhöhtes Risiko.",1,"[{'verb': {'upos': 'VERB', 'text': 'haben', 'id': 3, 'deprel': 'root', 'head': 0}, 'subject': {'upos': 'NOUN', 'text': 'Personen', 'id': 5, 'deprel': 'nsubj', 'head': 3}, 'object': {'upos': 'NOUN', 'text': 'Risiko', 'id': 20, 'deprel': 'obj', 'head': 3}}]",['VSO']
681,Dankbarkeit spielt für das Wohlergehen der Menschen eine große Rolle.,1,"[{'subject': {'upos': 'NOUN', 'text': 'Dankbarkeit', 'id': 1, 'deprel': 'nsubj', 'head': 2}, 'verb': {'upos': 'VERB', 'text': 'spielt', 'id': 2, 'deprel': 'root', 'head': 0}, 'object': {'upos': 'NOUN', 'text': 'Rolle', 'id': 10, 'deprel': 'obj', 'head': 2}}]",['SVO']
674,Dankbarkeit kann positives soziales Verhalten im Wohltäter verstärken.,1,"[{'subject': {'upos': 'NOUN', 'text': 'Dankbarkeit', 'id': 1, 'deprel': 'nsubj', 'head': 9}, 'object': {'upos': 'NOUN', 'text': 'Verhalten', 'id': 5, 'deprel': 'obj', 'head': 9}, 'verb': {'upos': 'VERB', 'text': 'verstärken', 'id': 9, 'deprel': 'root', 'head': 0}}]",['SOV']
1754,Daniel Frost Comstock konnte die Herleitungen der Relativität der Gleichzeitigkeit durch Synchronisation mit Lichtsignalen vereinfachen.,1,"[{'subject': {'upos': 'PROPN', 'text': 'Daniel', 'id': 1, 'deprel': 'nsubj', 'head': 15}, 'object': {'upos': 'NOUN', 'text': 'Herleitungen', 'id': 6, 'deprel': 'obj', 'head': 15}, 'verb': {'upos': 'VERB', 'text': 'vereinfachen', 'id': 15, 'deprel': 'root', 'head': 0}}]",['SOV']
490,Daher kann ich keine genaue Antwort auf die Frage geben.,1,"[{'subject': {'upos': 'PRON', 'text': 'ich', 'id': 3, 'deprel': 'nsubj', 'head': 10}, 'object': {'upos': 'NOUN', 'text': 'Antwort', 'id': 6, 'deprel': 'obj', 'head': 10}, 'verb': {'upos': 'VERB', 'text': 'geben', 'id': 10, 'deprel': 'root', 'head': 0}}]",['SOV']
209,"Da jedoch die Anfrage nach dem längsten Flugzeug nicht unbedingt nach Flugzeuggröße, sondern nach Flugzeuglänge verlangt, kann ich mit den gegebenen Informationen keine präzise Antwort liefern.",1,"[{'subject': {'upos': 'PRON', 'text': 'ich', 'id': 20, 'deprel': 'nsubj', 'head': 28}, 'object': {'upos': 'NOUN', 'text': 'Antwort', 'id': 27, 'deprel': 'obj', 'head': 28}, 'verb': {'upos': 'VERB', 'text': 'liefern', 'id': 28, 'deprel': 'root', 'head': 0}}]",['SOV']
85,d'Hérelle unterhielt Versuche am Menschen.,1,"[{'subject': {'upos': 'PROPN', 'text': ""d'Hérelle"", 'id': 1, 'deprel': 'nsubj', 'head': 2}, 'verb': {'upos': 'VERB', 'text': 'unterhielt', 'id': 2, 'deprel': 'root', 'head': 0}, 'object': {'upos': 'NOUN', 'text': 'Versuche', 'id': 3, 'deprel': 'obj', 'head': 2}}]",['SVO']
1240,"Curling und Militärpatrouille sind nicht als Demonstrationssportart im IOC Bericht von 1924 gelistet, obwohl ihr Status umstritten ist.",1,"[{'subject': {'upos': 'PROPN', 'text': 'Curling', 'id': 1, 'deprel': 'nsubj:pass', 'head': 14}, 'object': {'upos': 'NOUN', 'text': 'Bericht', 'id': 11, 'deprel': 'obj', 'head': 14}, 'verb': {'upos': 'VERB', 'text': 'gelistet', 'id': 14, 'deprel': 'root', 'head': 0}}]",['SOV']
1211,"Croatia Airlines unterhält Codeshare-Abkommen mit Fluggesellschaften, die Mitglieder der Star Alliance sind.",1,"[{'subject': {'upos': 'PROPN', 'text': 'Croatia', 'id': 1, 'deprel': 'nsubj', 'head': 3}, 'verb': {'upos': 'VERB', 'text': 'unterhält', 'id': 3, 'deprel': 'root', 'head': 0}, 'object': {'upos': 'PROPN', 'text': 'Codeshare', 'id': 4, 'deprel': 'obj', 'head': 3}}]",['SVO']
512,"Core Banking Systeme übernehmen die Verwaltung von Spar-, Darlehens- oder Girokonten auf elektronischem Wege.",1,"[{'subject': {'upos': 'PROPN', 'text': 'Core', 'id': 1, 'deprel': 'nsubj', 'head': 4}, 'verb': {'upos': 'VERB', 'text': 'übernehmen', 'id': 4, 'deprel': 'root', 'head': 0}, 'object': {'upos': 'NOUN', 'text': 'Verwaltung', 'id': 6, 'deprel': 'obj', 'head': 4}}]",['SVO']
19,Colgate belegt den zweiten Platz der sportlichsten Colleges in Amerika.,1,"[{'subject': {'upos': 'PROPN', 'text': 'Colgate', 'id': 1, 'deprel': 'nsubj', 'head': 2}, 'verb': {'upos': 'VERB', 'text': 'belegt', 'id': 2, 'deprel': 'root', 'head': 0}, 'object': {'upos': 'NOUN', 'text': 'Platz', 'id': 5, 'deprel': 'obj', 'head': 2}}]",['SVO']
1438,Clive verließ zuletzt Indien Ende Januar 1767.,1,"[{'subject': {'upos': 'PROPN', 'text': 'Clive', 'id': 1, 'deprel': 'nsubj', 'head': 2}, 'verb': {'upos': 'VERB', 'text': 'verließ', 'id': 2, 'deprel': 'root', 'head': 0}, 'object': {'upos': 'PROPN', 'text': 'Indien', 'id': 4, 'deprel': 'obj', 'head': 2}}]",['SVO']
1005,Christopher Nolan hat britische und amerikanische Staatsangehörigkeit.,1,"[{'subject': {'upos': 'PROPN', 'text': 'Christopher', 'id': 1, 'deprel': 'nsubj', 'head': 3}, 'verb': {'upos': 'VERB', 'text': 'hat', 'id': 3, 'deprel': 'root', 'head': 0}, 'object': {'upos': 'NOUN', 'text': 'Staatsangehörigkeit', 'id': 7, 'deprel': 'obj', 'head': 3}}]",['SVO']
385,"China hätte Nachteile bei einer Besetzung Burmas, da die Burmastraße für den Nachschub an Chiang Kai-sheks Armee in China wichtig wäre und diese verhindert werden würde.",1,"[{'subject': {'upos': 'PROPN', 'text': 'China', 'id': 1, 'deprel': 'nsubj', 'head': 2}, 'verb': {'upos': 'VERB', 'text': 'hätte', 'id': 2, 'deprel': 'root', 'head': 0}, 'object': {'upos': 'NOUN', 'text': 'Nachteile', 'id': 3, 'deprel': 'obj', 'head': 2}}]",['SVO']
508,China führte seine sechste nationale Volkszählung am 1.,1,"[{'subject': {'upos': 'PROPN', 'text': 'China', 'id': 1, 'deprel': 'nsubj', 'head': 2}, 'verb': {'upos': 'VERB', 'text': 'führte', 'id': 2, 'deprel': 'root', 'head': 0}, 'object': {'upos': 'NOUN', 'text': 'Volkszählung', 'id': 6, 'deprel': 'obj', 'head': 2}}]",['SVO']
801,"Chat Masala enthält typischerweise Amchoor (Mangopulver), Asafoetida, Kreuzkümmel, Granatapfelsamen, Ingwer, Kala Namak (schwarzes Salz), Koriander, Paprika, schwarzer Pfeffer und Salz.",1,"[{'subject': {'upos': 'PROPN', 'text': 'Chat', 'id': 1, 'deprel': 'nsubj', 'head': 3}, 'verb': {'upos': 'VERB', 'text': 'enthält', 'id': 3, 'deprel': 'root', 'head': 0}, 'object': {'upos': 'PROPN', 'text': 'Amchoor', 'id': 5, 'deprel': 'obj', 'head': 3}}]",['SVO']
1480,Charles Louis Alphonse Laveran entdeckte das parasitäre Protozoon.,1,"[{'subject': {'upos': 'PROPN', 'text': 'Charles', 'id': 1, 'deprel': 'nsubj', 'head': 5}, 'verb': {'upos': 'VERB', 'text': 'entdeckte', 'id': 5, 'deprel': 'root', 'head': 0}, 'object': {'upos': 'NOUN', 'text': 'Protozoon', 'id': 8, 'deprel': 'obj', 'head': 5}}]",['SVO']
1490,"Carlin Burns traf sich mit Jack Burns beim Sender KXOL in Fort Worth (Texas), bevor sie ein erfolgreiches Komödianten-Team wurden.",1,"[{'subject': {'upos': 'PROPN', 'text': 'Carlin', 'id': 1, 'deprel': 'nsubj', 'head': 3}, 'verb': {'upos': 'VERB', 'text': 'traf', 'id': 3, 'deprel': 'root', 'head': 0}, 'object': {'upos': 'PRON', 'text': 'sich', 'id': 4, 'deprel': 'obj', 'head': 3}}]",['SVO']
1641,Caballé hat eine Tochter und einen Sohn.,1,"[{'subject': {'upos': 'PROPN', 'text': 'Caballé', 'id': 1, 'deprel': 'nsubj', 'head': 2}, 'verb': {'upos': 'VERB', 'text': 'hat', 'id': 2, 'deprel': 'root', 'head': 0}, 'object': {'upos': 'NOUN', 'text': 'Tochter', 'id': 4, 'deprel': 'obj', 'head': 2}}]",['SVO']
919,Butch machte sich im Chopper davon.,1,"[{'subject': {'upos': 'PROPN', 'text': 'Butch', 'id': 1, 'deprel': 'nsubj', 'head': 2}, 'verb': {'upos': 'VERB', 'text': 'machte', 'id': 2, 'deprel': 'root', 'head': 0}, 'object': {'upos': 'PRON', 'text': 'sich', 'id': 3, 'deprel': 'obj', 'head': 2}}]",['SVO']
1812,Bürger Abchasiens benötigen für die meisten Reisen ins Ausland eine weitere Staatsbürgerschaft wegen der sehr begrenzten internationalen Anerkennung Abchasiens.,1,"[{'subject': {'upos': 'NOUN', 'text': 'Bürger', 'id': 1, 'deprel': 'nsubj', 'head': 3}, 'verb': {'upos': 'VERB', 'text': 'benötigen', 'id': 3, 'deprel': 'root', 'head': 0}, 'object': {'upos': 'NOUN', 'text': 'Staatsbürgerschaft', 'id': 13, 'deprel': 'obj', 'head': 3}}]",['SVO']
1782,Bruce Wayne alias Batman fängt Lau in Gotham.,1,"[{'subject': {'upos': 'PROPN', 'text': 'Bruce', 'id': 1, 'deprel': 'nsubj', 'head': 5}, 'verb': {'upos': 'VERB', 'text': 'fängt', 'id': 5, 'deprel': 'root', 'head': 0}, 'object': {'upos': 'PROPN', 'text': 'Lau', 'id': 6, 'deprel': 'obj', 'head': 5}}]",['SVO']
759,"Browning beherrschte bereits im Alter von 14 Jahren Altgriechisch, also begann er es vor 14 Jahren zu studieren.",1,"[{'subject': {'upos': 'PROPN', 'text': 'Browning', 'id': 1, 'deprel': 'nsubj', 'head': 2}, 'verb': {'upos': 'VERB', 'text': 'beherrschte', 'id': 2, 'deprel': 'root', 'head': 0}, 'object': {'upos': 'NOUN', 'text': 'Altgriechisch', 'id': 10, 'deprel': 'obj', 'head': 2}}]",['SVO']
1427,"Britney möchte offensichtlich eine erfolgreiche Karriere in der Pop-Musik führen und ist bemüht, als Ikone für Teenager zu fungieren.",1,"[{'subject': {'upos': 'PROPN', 'text': 'Britney', 'id': 1, 'deprel': 'nsubj', 'head': 12}, 'object': {'upos': 'NOUN', 'text': 'Karriere', 'id': 6, 'deprel': 'obj', 'head': 12}, 'verb': {'upos': 'VERB', 'text': 'führen', 'id': 12, 'deprel': 'root', 'head': 0}}]",['SOV']
1667,Boni hatte laut chinesischen Berichten 100 Kriegsschiffe.,1,"[{'subject': {'upos': 'PROPN', 'text': 'Boni', 'id': 1, 'deprel': 'nsubj', 'head': 2}, 'verb': {'upos': 'VERB', 'text': 'hatte', 'id': 2, 'deprel': 'root', 'head': 0}, 'object': {'upos': 'NOUN', 'text': 'Kriegsschiffe', 'id': 7, 'deprel': 'obj', 'head': 2}}]",['SVO']
1263,Bitte stellen Sie die Frage präziser.,1,"[{'verb': {'upos': 'VERB', 'text': 'stellen', 'id': 2, 'deprel': 'root', 'head': 0}, 'subject': {'upos': 'PRON', 'text': 'Sie', 'id': 3, 'deprel': 'nsubj', 'head': 2}, 'object': {'upos': 'NOUN', 'text': 'Frage', 'id': 5, 'deprel': 'obj', 'head': 2}}]",['VSO']
582,Biff versucht sich bei Lorraine einzudrängen.,1,"[{'subject': {'upos': 'PROPN', 'text': 'Biff', 'id': 1, 'deprel': 'nsubj', 'head': 2}, 'verb': {'upos': 'VERB', 'text': 'versucht', 'id': 2, 'deprel': 'root', 'head': 0}, 'object': {'upos': 'PRON', 'text': 'sich', 'id': 3, 'deprel': 'obj', 'head': 2}}]",['SVO']
343,"Beyoncé Knowles, Anthony Dent und Mathew Knowles haben den Song „Survivor“ geschrieben.",1,"[{'subject': {'upos': 'PROPN', 'text': 'Beyoncé', 'id': 1, 'deprel': 'nsubj', 'head': 15}, 'object': {'upos': 'NOUN', 'text': 'Song', 'id': 11, 'deprel': 'obj', 'head': 15}, 'verb': {'upos': 'VERB', 'text': 'geschrieben', 'id': 15, 'deprel': 'root', 'head': 0}}]",['SOV']
1032,Beowulf erschlägt den Drachen vor seinem Tod.,1,"[{'subject': {'upos': 'PROPN', 'text': 'Beowulf', 'id': 1, 'deprel': 'nsubj', 'head': 2}, 'verb': {'upos': 'VERB', 'text': 'erschlägt', 'id': 2, 'deprel': 'root', 'head': 0}, 'object': {'upos': 'NOUN', 'text': 'Drachen', 'id': 4, 'deprel': 'obj', 'head': 2}}]",['SVO']
1099,"Beide beobachteten und analysierten ihre Umgebung sehr genau, um Schlüsse zu ziehen und Diagnosen zu stellen.",1,"[{'subject': {'upos': 'DET', 'text': 'Beide', 'id': 1, 'deprel': 'nsubj', 'head': 2}, 'verb': {'upos': 'VERB', 'text': 'analysierten', 'id': 4, 'deprel': 'conj', 'head': 2}, 'object': {'upos': 'NOUN', 'text': 'Umgebung', 'id': 6, 'deprel': 'obj', 'head': 4}}]",['SVO']
1134,"Bei einer übermäßig gewachsenen Brust wird gesprochen, wenn das Gewicht beider Brüste zehn Kilogramm überschreitet.",1,"[{'subject': {'upos': 'NOUN', 'text': 'Gewicht', 'id': 11, 'deprel': 'nsubj', 'head': 16}, 'object': {'upos': 'NOUN', 'text': 'Kilogramm', 'id': 15, 'deprel': 'obj', 'head': 16}, 'verb': {'upos': 'VERB', 'text': 'überschreitet', 'id': 16, 'deprel': 'advcl', 'head': 7}}]",['SOV']
894,"Bei einem Gallensteinangriff könnte sich jemand im rechten Oberbauch unwohl fühlen, der Schmerz kann auch in den Rücken oder die rechte Schulter ausstrahlen.",1,"[{'object': {'upos': 'PRON', 'text': 'sich', 'id': 5, 'deprel': 'obj', 'head': 12}, 'subject': {'upos': 'PRON', 'text': 'jemand', 'id': 6, 'deprel': 'nsubj', 'head': 12}, 'verb': {'upos': 'VERB', 'text': 'fühlen', 'id': 12, 'deprel': 'root', 'head': 0}}]",['OSV']
1624,"Beckeraths Grab wurde frühzeitig aufgegeben, weil der Grabherr, Prinz Baka, überraschend verstarb nach kurzer Thron Regentschaft.",1,"[{'subject': {'upos': 'NOUN', 'text': 'Grabherr', 'id': 9, 'deprel': 'nsubj', 'head': 15}, 'verb': {'upos': 'VERB', 'text': 'verstarb', 'id': 15, 'deprel': 'advcl', 'head': 5}, 'object': {'upos': 'NOUN', 'text': 'Regentschaft', 'id': 19, 'deprel': 'obj', 'head': 15}}]",['SVO']
954,Bates erhielt ihren Abschluss 2007.,1,"[{'subject': {'upos': 'PROPN', 'text': 'Bates', 'id': 1, 'deprel': 'nsubj', 'head': 2}, 'verb': {'upos': 'VERB', 'text': 'erhielt', 'id': 2, 'deprel': 'root', 'head': 0}, 'object': {'upos': 'NOUN', 'text': 'Abschluss', 'id': 4, 'deprel': 'obj', 'head': 2}}]",['SVO']
1422,"Bärenmakis können ein Gewicht von etwa 0,3 bis 0,5 Kilogramm erreichen.",1,"[{'subject': {'upos': 'NOUN', 'text': 'Bärenmakis', 'id': 1, 'deprel': 'nsubj', 'head': 11}, 'object': {'upos': 'NOUN', 'text': 'Gewicht', 'id': 4, 'deprel': 'obj', 'head': 11}, 'verb': {'upos': 'VERB', 'text': 'erreichen', 'id': 11, 'deprel': 'root', 'head': 0}}]",['SOV']
1744,Australien hat seit Jahren eine defizitäre Leistungsbilanz.,1,"[{'subject': {'upos': 'PROPN', 'text': 'Australien', 'id': 1, 'deprel': 'nsubj', 'head': 2}, 'verb': {'upos': 'VERB', 'text': 'hat', 'id': 2, 'deprel': 'root', 'head': 0}, 'object': {'upos': 'NOUN', 'text': 'Leistungsbilanz', 'id': 7, 'deprel': 'obj', 'head': 2}}]",['SVO']
1207,"Auks finden Sie in den kühlen, borealen bis kalten, arktischen Gewässern des Nordatlantiks und des Nordpazifiks.",1,"[{'subject': {'upos': 'PROPN', 'text': 'Auks', 'id': 1, 'deprel': 'nsubj', 'head': 2}, 'verb': {'upos': 'VERB', 'text': 'finden', 'id': 2, 'deprel': 'root', 'head': 0}, 'object': {'upos': 'PRON', 'text': 'Sie', 'id': 3, 'deprel': 'obj', 'head': 2}}]",['SVO']
211,August erreichten die meisten überlebenden Japaner die japanischen Stellungen bei Taivu Point und funkten an das Hauptquartier der 17.,1,"[{'verb': {'upos': 'VERB', 'text': 'erreichten', 'id': 2, 'deprel': 'root', 'head': 0}, 'subject': {'upos': 'NOUN', 'text': 'Japaner', 'id': 6, 'deprel': 'nsubj', 'head': 2}, 'object': {'upos': 'NOUN', 'text': 'Stellungen', 'id': 9, 'deprel': 'obj', 'head': 2}}]",['VSO']
1628,Argentinien schoss bei der Niederlage gegen Deutschland 0 Tore.,1,"[{'subject': {'upos': 'PROPN', 'text': 'Argentinien', 'id': 1, 'deprel': 'nsubj', 'head': 2}, 'verb': {'upos': 'VERB', 'text': 'schoss', 'id': 2, 'deprel': 'root', 'head': 0}, 'object': {'upos': 'NOUN', 'text': 'Tore', 'id': 9, 'deprel': 'obj', 'head': 2}}]",['SVO']
231,"April 1955 verließ die USS Jarvis ihren Stützpunkt in Long Beach, um in den Fernen Osten zu fahren.",1,"[{'verb': {'upos': 'VERB', 'text': 'verließ', 'id': 3, 'deprel': 'root', 'head': 0}, 'subject': {'upos': 'PROPN', 'text': 'USS', 'id': 5, 'deprel': 'nsubj', 'head': 3}, 'object': {'upos': 'NOUN', 'text': 'Stützpunkt', 'id': 8, 'deprel': 'obj', 'head': 3}}]",['VSO']
1399,Antarktika weist die niedrigste Durchschnittstemperatur auf.,1,"[{'subject': {'upos': 'PROPN', 'text': 'Antarktika', 'id': 1, 'deprel': 'nsubj', 'head': 2}, 'verb': {'upos': 'VERB', 'text': 'weist', 'id': 2, 'deprel': 'root', 'head': 0}, 'object': {'upos': 'NOUN', 'text': 'Durchschnittstemperatur', 'id': 5, 'deprel': 'obj', 'head': 2}}]",['SVO']
1958,Angel hat Sandbourne entmutigt verlassen.,1,"[{'subject': {'upos': 'PROPN', 'text': 'Angel', 'id': 1, 'deprel': 'nsubj', 'head': 5}, 'object': {'upos': 'PROPN', 'text': 'Sandbourne', 'id': 3, 'deprel': 'obj', 'head': 5}, 'verb': {'upos': 'VERB', 'text': 'verlassen', 'id': 5, 'deprel': 'root', 'head': 0}}]",['SOV']
1233,Anfang des Jahres 2001 verließ Criss erneut die Band.,1,"[{'verb': {'upos': 'VERB', 'text': 'verließ', 'id': 5, 'deprel': 'root', 'head': 0}, 'subject': {'upos': 'PROPN', 'text': 'Criss', 'id': 6, 'deprel': 'nsubj', 'head': 5}, 'object': {'upos': 'NOUN', 'text': 'Band', 'id': 9, 'deprel': 'obj', 'head': 5}}]",['VSO']
3,An den südlichen und östlichen Flanken des Berges wiesen die Schlammströme etwa die Konsistenz flüssigen Betons auf.,1,"[{'verb': {'upos': 'VERB', 'text': 'wiesen', 'id': 9, 'deprel': 'root', 'head': 0}, 'subject': {'upos': 'NOUN', 'text': 'Schlammströme', 'id': 11, 'deprel': 'nsubj', 'head': 9}, 'object': {'upos': 'NOUN', 'text': 'Konsistenz', 'id': 14, 'deprel': 'obj', 'head': 9}}]",['VSO']
1672,"Ambrosius taufte Augustinus nicht zusammen, sondern alle drei - Augustinus, sein Sohn Adeodatus und sein Freund Alypius - wurden in Mailand von Ambrosius getauft.",1,"[{'subject': {'upos': 'PROPN', 'text': 'Ambrosius', 'id': 1, 'deprel': 'nsubj', 'head': 2}, 'verb': {'upos': 'VERB', 'text': 'taufte', 'id': 2, 'deprel': 'root', 'head': 0}, 'object': {'upos': 'PROPN', 'text': 'Augustinus', 'id': 3, 'deprel': 'obj', 'head': 2}}]",['SVO']
230,Allgemein unzufriedene gallo-römische Adlige unterstützten Jovinus.,1,"[{'subject': {'upos': 'NOUN', 'text': 'Adlige', 'id': 6, 'deprel': 'nsubj', 'head': 7}, 'verb': {'upos': 'VERB', 'text': 'unterstützten', 'id': 7, 'deprel': 'root', 'head': 0}, 'object': {'upos': 'PROPN', 'text': 'Jovinus', 'id': 8, 'deprel': 'obj', 'head': 7}}]",['SVO']
1309,"Allerdings gewann er sein erstes bedeutendes Amateurturnier, das Junior World Golf Championship der 9- bis 10-Jährigen, im Alter von acht Jahren.",1,"[{'verb': {'upos': 'VERB', 'text': 'gewann', 'id': 2, 'deprel': 'root', 'head': 0}, 'subject': {'upos': 'PRON', 'text': 'er', 'id': 3, 'deprel': 'nsubj', 'head': 2}, 'object': {'upos': 'NOUN', 'text': 'Amateurturnier', 'id': 7, 'deprel': 'obj', 'head': 2}}]",['VSO']
1906,"Allerdings basierend nur auf den gegebenen Informationen können wir sagen, dass Stare sowohl Pflanzen als auch Tiere essen.",1,"[{'subject': {'upos': 'NOUN', 'text': 'Stare', 'id': 13, 'deprel': 'nsubj', 'head': 19}, 'object': {'upos': 'NOUN', 'text': 'Pflanzen', 'id': 15, 'deprel': 'obj', 'head': 19}, 'verb': {'upos': 'VERB', 'text': 'essen', 'id': 19, 'deprel': 'ccomp', 'head': 10}}]",['SOV']
142,Alkibiades wollte die spartanischen Schiffe kapern.,1,"[{'subject': {'upos': 'PROPN', 'text': 'Alkibiades', 'id': 1, 'deprel': 'nsubj', 'head': 6}, 'object': {'upos': 'NOUN', 'text': 'Schiffe', 'id': 5, 'deprel': 'obj', 'head': 6}, 'verb': {'upos': 'VERB', 'text': 'kapern', 'id': 6, 'deprel': 'root', 'head': 0}}]",['SOV']
733,Aleksander Wolszczan entdeckte PSR B1257+12.,1,"[{'subject': {'upos': 'PROPN', 'text': 'Aleksander', 'id': 1, 'deprel': 'nsubj', 'head': 3}, 'verb': {'upos': 'VERB', 'text': 'entdeckte', 'id': 3, 'deprel': 'root', 'head': 0}, 'object': {'upos': 'PROPN', 'text': 'PSR', 'id': 4, 'deprel': 'obj', 'head': 3}}]",['SVO']
739,Addison schätzte die Leserschaft des Spectator auf 60.000.,1,"[{'subject': {'upos': 'PROPN', 'text': 'Addison', 'id': 1, 'deprel': 'nsubj', 'head': 2}, 'verb': {'upos': 'VERB', 'text': 'schätzte', 'id': 2, 'deprel': 'root', 'head': 0}, 'object': {'upos': 'NOUN', 'text': 'Leserschaft', 'id': 4, 'deprel': 'obj', 'head': 2}}]",['SVO']
630,Adam entführte Johnson.,1,"[{'subject': {'upos': 'PROPN', 'text': 'Adam', 'id': 1, 'deprel': 'nsubj', 'head': 2}, 'verb': {'upos': 'VERB', 'text': 'entführte', 'id': 2, 'deprel': 'root', 'head': 0}, 'object': {'upos': 'PROPN', 'text': 'Johnson', 'id': 3, 'deprel': 'obj', 'head': 2}}]",['SVO']
874,Ab 1974 besuchte sie die Jawaharlal Nehru University.,1,"[{'verb': {'upos': 'VERB', 'text': 'besuchte', 'id': 3, 'deprel': 'root', 'head': 0}, 'subject': {'upos': 'PRON', 'text': 'sie', 'id': 4, 'deprel': 'nsubj', 'head': 3}, 'object': {'upos': 'PROPN', 'text': 'Jawaharlal', 'id': 6, 'deprel': 'obj', 'head': 3}}]",['VSO']
356,"Ab 1944 kämpften die australischen Truppen nicht mehr im Zentrum des alliierten Vormarsches, führten bis Kriegsende aber weiterhin groß angelegte Operationen an Nebenfronten durch.",1,"[{'subject': {'upos': 'NOUN', 'text': 'Truppen', 'id': 6, 'deprel': 'nsubj', 'head': 3}, 'verb': {'upos': 'VERB', 'text': 'führten', 'id': 16, 'deprel': 'conj', 'head': 3}, 'object': {'upos': 'NOUN', 'text': 'Operationen', 'id': 23, 'deprel': 'obj', 'head': 16}}]",['SVO']
1374,"1951 trat Ambedkar als Minister zurück, nachdem er erkannt hatte, dass die hinduistische Führungsschicht seine Forderungen nach sozialer, wirtschaftlicher und politischer Gleichstellung der Dalits nicht vollständig umsetzen würde.",1,"[{'subject': {'upos': 'NOUN', 'text': 'Führungsschicht', 'id': 16, 'deprel': 'nsubj', 'head': 30}, 'object': {'upos': 'NOUN', 'text': 'Forderungen', 'id': 18, 'deprel': 'obj', 'head': 30}, 'verb': {'upos': 'VERB', 'text': 'umsetzen', 'id': 30, 'deprel': 'ccomp', 'head': 10}}]",['SOV']
1997,1048 führte Drogo eine Expedition nach Kalabrien.,1,"[{'verb': {'upos': 'VERB', 'text': 'führte', 'id': 2, 'deprel': 'root', 'head': 0}, 'subject': {'upos': 'PROPN', 'text': 'Drogo', 'id': 3, 'deprel': 'nsubj', 'head': 2}, 'object': {'upos': 'NOUN', 'text': 'Expedition', 'id': 5, 'deprel': 'obj', 'head': 2}}]",['VSO']
443,"1 führt durch die Außenbezirke von Reykjavík und erstreckt sich nach Osten über die Hellisheiði Richtung Selfoss und nach Nordwesten Richtung Akranes und Borgarnes, um das Bergmassiv der Esja zu umrunden.",1,"[{'subject': {'upos': 'NUM', 'text': '1', 'id': 1, 'deprel': 'nsubj', 'head': 2}, 'verb': {'upos': 'VERB', 'text': 'erstreckt', 'id': 9, 'deprel': 'conj', 'head': 2}, 'object': {'upos': 'PRON', 'text': 'sich', 'id': 10, 'deprel': 'obj', 'head': 9}}]",['SVO']
1096,ကုန်းဘောင်ခေတ်,0,[],[]
379,Zwölf Schritte sind in dem Programm enthalten.,0,[],[]
1326,Zwölf Mitglieder des Stadtrats gehören der DFL an.,0,[],[]
666,Zwölf Marathenfürsten wurden unter Nana Phadnavis eingesetzt.,0,[],[]
647,zwischen der äußeren Umgebung und dem Nervensystem,0,[],[]
1757,Zwischen den beiden Spiegeln.,0,[],[]
0,zwischen 3050 und 3350 Meter,0,[],[]
716,Zwischen 300.000 und 400.000 Menschen sollen seiner achtjährigen Gewaltherrschaft zum Opfer gefallen sein.,0,[],[]
444,Zwei Seehäfen sind in Reykjavík vorhanden.,0,[],[]
1394,Zwei Planeten von der Größe der Erde wurden am 20.,0,[],[]
1297,Zwei,0,[],[]
788,Zuvor zum 802.1Q-Standard wurden Methoden wie das Inter-Switch Link Protocol (ISL) von Cisco und 3Coms VLT (Virtual LAN Trunk) Tagging angewendet.,0,[],[]
1870,Zum 1.,0,[],[]
1173,"Zudem sind gedruckte Werke in Sanskrit, Hindi, Urdu, Paschtu, Tamil und Türkisch sowie rund 30.000 gedruckte Bücher (einschließlich Zeitschriften) in verschiedenen anderen Sprachen vorhanden.",0,[],[]
671,Zudem beinhaltet das Buch Sarvadarshanasamgraha des Sayana aus dem 14.,0,[],[]
803,Zirkumzision wird meist aus religiösen und kulturellen Gründen durchgeführt.,0,[],[]
244,Zhong Man,0,[],[]
872,Zhèjiāng,0,[],[]
186,Zaiad Muchasis Nachfolger in Zypern war Hussein Al Bashir.,0,[],[]
1008,"Zahnseide wurde ab 1882 kommerziell erhältlich, als die Firma Codman und Shurtleft damit begann, ungewacherte Zahnseide herzustellen.",0,[],[]
520,"Zahlreiche Begräbnisse, Körbe, Geräte kombiniert aus Stein- und Knochenmaterial, Schmuck wie Perlenketten, Armreife, Anhänger, sowie gelegentlich auch Tieropfer wurden zusammen mit den Ornamenten gefunden.",0,[],[]
201,Zabbix wird von der Firma Zabbix SIA weiterentwickelt.,0,[],[]
1779,Yvonne Strahovski,0,[],[]
387,"Yoritomo, Minamoto no Yoshitsune und Minamoto no Noriyori.",0,[],[]
192,Yari wurde 1973 geboren.,0,[],[]
246,Xiang ist für Markes Tod verantwortlich.,0,[],[]
286,"wurden während seiner Herrschaft, also im 19.",0,[],[]
81,Worths Bruder kehrte nach Amerika zurück.,0,[],[]
1035,Williams wurde am 19.,0,[],[]
350,William Howard Stein starb am 2.,0,[],[]
845,William Armstrong,0,[],[]
14,Wilhelm Eugen studierte in Tübingen.,0,[],[]
937,"Wichtige Personen erwähnt in den Texten sind Hughie Gallacher, Neil Harris, Stan Seymour und Frank Hudspeth aus dem Fußballverein Newcastle United sowie Meyers aus Saturday Night Live.",0,[],[]
359,Who’s That Girl,0,[],[]
1105,WHO,0,[],[]
748,Westlich.,0,[],[]
1514,"Wenn bei einer Teilstrecke beide Schalter auf On stehen, wird die Zwischenkreisspannung kurzgeschlossen.",0,[],[]
521,Weizen und Gerste.,0,[],[]
708,"Weiterhin sind sehr hohe „kii-kii-kii-kii“-Rufe und ein langgezogenes, kratzendes „tschur-r“ bekannt.",0,[],[]
1546,Weißrussland gehörte neben Russland zur Gemeinschaft.,0,[],[]
1770,Weiße waren die höchste Rasse im Land.,0,[],[]
1058,Weibliches Geschlecht,0,[],[]
200,Wasserstoff und Helium.,0,[],[]
1125,"Wales widerspricht dem Oberschichten-Vorteil von Rugby, da Rugby Union dort mit Mannschaften aus kleinen Dörfern in Zusammenhang gebracht wird, in denen Bergleute und Industriearbeiter leben.",0,[],[]
48,"Wahrscheinlich, weil das Potenzial weniger spektakulärer Technologien so groß ist.",0,[],[]
1938,Wahrscheinlich wurde Roza Eskenazy zwischen 1895 und 1897 geboren.,0,[],[]
455,Während des Zweiten Weltkrieges wurden Berichterstattungen zu Bombardierungen des Buckingham Palastes eingeschränkt.,0,[],[]
1712,Während des Neumondes steht der Mond zwischen Sonne und Erde.,0,[],[]
1733,Während der NATO-Luftangriffe auf Jugoslawien 1999 trainierte Ivanović in einem umgebauten Schwimmbad im Belgrader Sportcenter.,0,[],[]
1648,Während der Inkubation sind Monotremeneier von einer klebrigen Substanz bedeckt.,0,[],[]
134,Während der ersten Hälfte des Jahres 1940 setzten die Operationen der Honolulu vor Long Beach fort.,0,[],[]
1730,Während der 1990er Jahre stagnierten die Ausgaben für Weltraumprogramme.,0,[],[]
226,Vorstandsvorsitzender der VDI-Gesellschaft Bautechnik,0,[],[]
1647,Vor dem Legen bestehen die Eierschalen aus einer dreilagigen Schicht.,0,[],[]
1450,"Vor allem die Vereinigten Staaten, unterstützt durch die EU, Japan und andere Erste-Welt-Länder, drängten auf die Einbeziehung von TRIPS.",0,[],[]
701,Vor 1994 haben Athleten aus der Ukraine im Vereinten Team teilgenommen.,0,[],[]
278,Von zwei Schüssen wurde Byck getroffen.,0,[],[]
164,von Toulouse,0,[],[]
528,Von Oktober 1991 bis April 1995 war Kornijenko in der privaten Wirtschaft beschäftigt.,0,[],[]
577,Von dem Architekten Luis Menéndez Pidal wurde die Kirche von 1940 bis in die 1970er Jahre restauriert.,0,[],[]
1506,"Von 1999 bis 2004 war Silva Novizenmeister, von 2004 bis 2005 Ökonom des Ordensstudiums in Venilale und Pfarrvikar.",0,[],[]
538,Vier Beutelteufel wurden von der tasmanischen Regierung dem Zoo Kopenhagen übergeben.,0,[],[]
122,vier,0,[],[]
889,vier,0,[],[]
1914,"Viele Menschen aus verschiedenen europäischen Ländern immigrierten nach Puerto Rico, um der wirtschaftlichen Misere in Europa zu entfliehen.",0,[],[]
286,Viele der Statuen von Georg IV.,0,[],[]
1550,"Viele Briten misstrauten der neuen Herzogin von York, Maria von Modena.",0,[],[]
1677,Victoria wurde in einem weißen Kleid und mit ihrem Brautschleier bestattet.,0,[],[]
1126,Very High Speed Integrated Circuit Hardware Description Language (VHDL) und Verilog werden für spezielle Entwicklerwerkzeuge im Rahmen des Computer-aided engineering (CAE) angewendet.,0,[],[]
311,Vermijil wurde am 13.,0,[],[]
1738,verlangte Longwood House.,0,[],[]
824,verheiratet.,0,[],[]
618,Veer Abhimanyu,0,[],[]
1519,Vallabhbhai Patel starb am 15.,0,[],[]
685,USA,0,[],[]
376,US-Dollar.,0,[],[]
279,Uruguay,0,[],[]
247,"Ursprünglich sollte der Regisseur des ersten Teils, Rob Cohen, neben Vin Diesel auch zurückkehren.",0,[],[]
1033,Untiere.,0,[],[]
1073,University of Delhi,0,[],[]
1225,Universität München,0,[],[]
953,Ungefähr 140 Millionen Menschen leiden weltweit unter Alkoholismus.,0,[],[]
448,und Prinz Philip leben im Buckingham Palace.,0,[],[]
1084,und Jeremiah Day an Yale.,0,[],[]
487,Unabhängig von der Pest trat die Schweißkrankheit auf.,0,[],[]
284,um mehr als das 24-fache.,0,[],[]
1538,"Um ein neues maschinelles Übersetzungssystem zu erstellen, müssen linguistische Daten in einem genau festgelegten XML-Format erstellt werden.",0,[],[]
2,Um 9:45 Uhr erreichte der erste Ascheregen in Spokane.,0,[],[]
1319,überwunden.,0,[],[]
503,"Überspannte das Projekt ""Cultural Figures"" etwa vier Jahrzehnte.",0,[],[]
1609,Über der Erdatmosphäre von Washington D.C.,0,[],[]
1797,Über den Herrscher wird in den bereitgestellten Texten nichts konkretes erwähnt.,0,[],[]
1729,Über 500 Millionen Menschen sahen die Landung der Apollo 11.,0,[],[]
1565,"Über 1,3 Millionen Migranten haben seit der Lockerung des belgischen Staatsangehörigkeitsrechts die belgische Staatsbürgerschaft erworben.",0,[],[]
389,Typisch bewohnen Krokodiltejus Sumpfgebiete und tropischen Regenwald.,0,[],[]
1568,Türkei,0,[],[]
703,Turdoides affinis,0,[],[]
1746,Turako.,0,[],[]
1633,Tuberkulose und Lepra.,0,[],[]
925,Tuberkulose,0,[],[]
264,Trifolium alexandrinum,0,[],[]
222,Trevinos Mutter stammte ursprünglich aus dem mexikanischen Zacatecas.,0,[],[]
1366,Traditionell wird stets ein Japaner in das Amt des Präsidenten gewählt.,0,[],[]
1566,Toots,0,[],[]
1687,Titan,0,[],[]
146,Tired of Being Sorry,0,[],[]
140,"Thrasybulus vermutlich nicht eine moderate Oligarchie, da seine Involvierung bei der Verschwörung umstritten ist.",0,[],[]
563,Thorney Island und das umliegende Gebiet hießen vorher Westminster.,0,[],[]
315,"Thonburi und Phra Nakhon wurden zusammengezogen, um eine einzige Provinz zu bilden.",0,[],[]
1064,Thomas von Aquino wurde kurz vor oder kurz nach Neujahr 1225 geboren.,0,[],[]
1435,Thiel,0,[],[]
106,Theodicus,0,[],[]
413,The Showgirl Princess,0,[],[]
291,The Little Princesses,0,[],[]
47,The Light Between Oceans.,0,[],[]
1085,The Dying Hercules,0,[],[]
1602,Thailand,0,[],[]
1954,"Tess' Vater war zu betrunken, um sie abzuholen.",0,[],[]
1961,Tess wird hingerichtet.,0,[],[]
1952,Tess von den d'Urbervilles gilt als ein Meisterwerk der englischen Literatur.,0,[],[]
909,Tesla starb am 7.,0,[],[]
695,Tennis wurde nach den Olympischen Sommerspielen 1924 aus dem Programm gestrichen.,0,[],[]
536,Tag sind die Jungtiere vollständig mit Fell bedeckt.,0,[],[]
93,Sunnitische Muslime sind am dominierendsten in Usbekistan.,0,[],[]
939,Sunil Veerappa Shetty ist am bekanntesten für seine Rollen in Komödien.,0,[],[]
236,Sunday wurde 2073 von CAB-Agenten festgenommen.,0,[],[]
237,Sunday sterbt.,0,[],[]
45,Sumpfmeerkatzen können bis zu 23 Jahre alt werden.,0,[],[]
507,"Suhrob Kurbanov, Tahir Salahov",0,[],[]
1028,"Sud-Kivu ist die Provinz, deren Hauptstadt Bukavu ist.",0,[],[]
401,Straßburg,0,[],[]
1048,Stowe wurde am 14.,0,[],[]
1868,steht für Agent of Secret Stuff.,0,[],[]
918,"Stattdessen wird angedeutet, dass Zed im Keller folternd behandelt werden soll.",0,[],[]
1959,Statt zur Küste gehen sie ins Landesinnere.,0,[],[]
219,Stachelbeeren sind sowohl in Westasien heimisch als auch in Europa.,0,[],[]
461,"Staatsbankette werden vorbereitet, um ausländische Staatsoberhäupter zu empfangen, insbesondere am ersten Abend ihres Besuchs.",0,[],[]
1334,"Staat der Slowenen, Kroaten und Serben bis 1929",0,[],[]
1273,St.,0,[],[]
232,SPS Alcalá Galiano,0,[],[]
999,"Sportster, Dyna und die Modelle der VRSC-Familie.",0,[],[]
447,"Sportler aus Usbekistan traten zunächst für die sowjetische Olympiamannschaft an, bis Usbekistan 1992 als eigenständiger Staat an den Olympischen Spielen teilnahm.",0,[],[]
1853,Spezielle Zellen innerhalb der Kolonien sind für die Stickstoffbindung verantwortlich.,0,[],[]
1674,Spears' untreuer Freund wurde vergiftet.,0,[],[]
1513,Southall liegt im Stadtteil des London Borough of Ealing im Westen von London.,0,[],[]
1046,Søren Sørensen war von 1901 bis 1938 Leiter der chemischen Abteilung des Carlsberg-Laboratoriums.,0,[],[]
1903,Solo wurde erstmals am 25.,0,[],[]
1220,"Sollte der Ball während des Spiels verloren gehen, wird er durch einen möglichst vergleichbaren Ersatzball ersetzt.",0,[],[]
1093,Sole,0,[],[]
1875,sogenannte Eisensterne,0,[],[]
1351,Smiths Mutter hieß Yvonne Bailey.,0,[],[]
758,Sir David Ferrier starb am 19.,0,[],[]
1705,Sioux und Ojibwe,0,[],[]
955,Simon & Schuster veröffentlichte 2014 „Everyday Sexism“.,0,[],[]
1537,"Siege über die Alamannen errang, oder von seinem Enkel Constantius II., der 354 und 355 am Rhein und in der Raetia gegen die Alamannen kämpfte.",0,[],[]
834,Sie wird im Anhang II des Washingtoner Artenschutzübereinkommens (CITES) gelistet.,0,[],[]
1051,"Sie werden in verschiedenen Medien wie Bild-, Video- oder Audiodaten sowie Texten verwendet.",0,[],[]
797,Sie blieb in Vance drei Jahre.,0,[],[]
1178,Sidley & Austin,0,[],[]
1650,Sheerans älterer Bruder arbeitet als Komponist.,0,[],[]
725,Shaula wird dem Stachel des Skorpions im arabischen Raum gegeben.,0,[],[]
843,Shame,0,[],[]
99,Sesam-Samen werden aus der Frucht von Sesampflanzen gewonnen.,0,[],[]
1379,Service above self,0,[],[]
29,Seriennummer 38-010,0,[],[]
624,September 2016 erschossen.,0,[],[]
613,September 2007 eröffnet.,0,[],[]
330,September 2001.,0,[],[]
220,September 1997.,0,[],[]
1616,September 1983 vergeben.,0,[],[]
166,September 1977.,0,[],[]
1790,September 1971.,0,[],[]
1830,September 1968 geboren.,0,[],[]
1035,September 1965 geboren.,0,[],[]
785,September 1963 eröffnet.,0,[],[]
1526,September 1943 geboren.,0,[],[]
1679,September 1926.,0,[],[]
1627,Sepp Blatter,0,[],[]
649,Selten kann auch eine Migräne zu Meningitis führen.,0,[],[]
1068,Selimoğlu Abdülvahit war verantwortlich für die Innenausstattung und die Schnitzereien der Katafalke Rumis und seines Vaters.,0,[],[]
1562,"Sektion Acuminati liegt in nördliches Queensland, Neuguinea, Neubritannien, Borneo.",0,[],[]
1867,"Seitdem wurden die Videos How to be Gangster, How to be Emo und How to be Ninja August 2009 erneut hochgeladen, um wenige Tage später wieder entfernt zu werden.",0,[],[]
1571,Seit Anfang des 21.,0,[],[]
1021,Seit 2008 ist das Qingming-Fest ein offizieller Feiertag in der Volksrepublik China.,0,[],[]
892,Seit 1991 gibt es Frauenfußball-Profi-Meisterschaften.,0,[],[]
1926,Seit 1975 dient das OFID-Hauptquartier als Palais.,0,[],[]
1851,Seit 1968 gibt es das Nachmittagsfixing.,0,[],[]
866,SeinHighestScoreinTestMatchesist362Wickets.,0,[],[]
1818,"Seine Mutter Scheindel Grün schied aus Ben Gurions Leben, als er 11 Jahre alt war.",0,[],[]
1279,Sein Wert fiel schnell nach der Nutzung des Silberes zur Kriegsführung.,0,[],[]
1843,Sein unbesiegte Serie endete am 3.,0,[],[]
395,Sein Körper wurde nach seinem Tod in Korea verstümmelt und öffentlich zur Schau gestellt.,0,[],[]
1392,Sein Großvater Upendrakishore Raychowdhury war ein berühmter Intellektueller.,0,[],[]
933,Sein Grab ist bis heute dort erhalten.,0,[],[]
861,Sechs Kontinente.,0,[],[]
1140,SDF,0,[],[]
1080,Schweden war nach dem Zweiten Weltkrieg wirtschaftlich in Ordnung.,0,[],[]
305,Schnee,0,[],[]
216,Schleimhäute und Klauen sind dunkel gefärbt.,0,[],[]
33,Schiehallion wurde wegen seiner isolierten Lage und nahezu symmetrischen Form zum idealen Ort für das Schiehallion-Experiment gewählt.,0,[],[]
718,Saudi-Arabien,0,[],[]
1776,Sat-nesut,0,[],[]
1671,Sarajevo,0,[],[]
1087,"Sarah Elizabeth Griswold hat in Utica, New York geheiratet.",0,[],[]
684,San Diego,0,[],[]
615,Samuel Sterns gegen einen Schrank.,0,[],[]
288,Saint Domingue gehörte im 18.,0,[],[]
1206,Sahni wurde am 1.,0,[],[]
1487,Russland,0,[],[]
1321,Rund 25 Kilogramm.,0,[],[]
1070,Rugby-Union-Weltmeisterschaft,0,[],[]
1540,Rudolf Diesel ging an Bord der SS Dresden in Antwerpen.,0,[],[]
1941,"Rozas wichtigster Beitrag zur griechischen Musik war der Rembetiko, insbesondere in der Smyrna-Variante.",0,[],[]
576,Rostec kooperiert mit 312 unterstützenden Universitäten.,0,[],[]
1548,Rösler trat 1994 den Jungen Liberalen bei.,0,[],[]
1052,Ronaldinho wurde 2004 und 2005 zum Weltfußballer des Jahres gewählt.,0,[],[]
852,Richter am Obersten Gerichtshof treten mit 65 Jahren in den Ruhestand.,0,[],[]
1308,Rhodesien,0,[],[]
1918,Rey Misterio Jr.,0,[],[]
727,Repräsentantenhaus und Senat,0,[],[]
1132,Rakesh Sawant ist Regisseur.,0,[],[]
425,Raj kehrt eventuell für Urlaub nach Indien zurück.,0,[],[]
164,Raimund IV.,0,[],[]
1748,"Rahul Gandhi war der jüngere Bruder von Priyanka Gandhi, aber der Text gibt nicht spezifisch an, welcher der beiden Brüder jünger war.",0,[],[]
1210,Rafiq Fareed wurde am 20.,0,[],[]
391,Rachel wartet am Flughafen auf Ross zu Beginn der zweiten Saison.,0,[],[]
885,QS 9000 wurde durch die ISO 9001 und die ISO/TS 16949 ersetzt.,0,[],[]
1531,"Publius Ovidius Naso, besser bekannt als Ovid, ist ein berühmter lateinischer Poet.",0,[],[]
1130,Princeton University und Massachusetts Institute of Technology (MIT).,0,[],[]
740,Prince of Persia: Warrior Within,0,[],[]
1919,Polnischer Untergrundstaat,0,[],[]
494,Podrasky,0,[],[]
300,Platzpatronen.,0,[],[]
322,Platz für einen kommerziellen Badeort und Wasserpark.,0,[],[]
130,Platz 43,0,[],[]
18,Platz 2 der sportlichsten Colleges in Amerika.,0,[],[]
344,Platz 12,0,[],[]
1252,Picabia schrieb von 1917 bis 1924 am Dada-Periodikum 391.,0,[],[]
1670,Philorhomaios war Philipp I. Philadelphos.,0,[],[]
854,Philip Joel Hughes ist bekannt für Cricket.,0,[],[]
68,Petersburg und war anschließend im chemischen Labor der Universität tätig.,0,[],[]
1165,Peter Dinklages Vater war ein deutschstämmiger Versicherungsvertreter.,0,[],[]
61,Pergamon,0,[],[]
100,Pedaliaceae sind eine Pflanzenfamilie in der Ordnung der Lippenblütlerartigen (Lamiales).,0,[],[]
409,"Pearl Harbor liegt in Hawaii, der 50.",0,[],[]
1772,PE,0,[],[]
107,Paulus Diaconus,0,[],[]
995,Paulo Freire war Lehrer für Portugiesisch.,0,[],[]
1709,Paul International Airport ist Minnesotas Hauptflughafen.,0,[],[]
1704,Paul durch die Armee enthalten sind.,0,[],[]
1884,Pattee,0,[],[]
195,"Pascal, Fortran",0,[],[]
1475,Parveen Babi ist 2005 gestorben.,0,[],[]
1948,Parapositronium,0,[],[]
245,Paramount Pictures und Revolution Studios,0,[],[]
1860,Panora wird in den gegebenen Texten nicht erwähnt.,0,[],[]
830,Pakse,0,[],[]
747,Pakistan,0,[],[]
1718,"Over 70,000 volunteers enlisted in Kambodscha.",0,[],[]
1881,Otto Wallach starb am 26.,0,[],[]
442,Öskjuhlíð,0,[],[]
479,Orangespechte finden in Indien bis zu 1700 m Höhe und in Sri Lanka bis 1500 m vor.,0,[],[]
697,Oona Castilla Chaplin ist eine Schauspielerin.,0,[],[]
1736,Online-Dienst,0,[],[]
1156,On-Lesung,0,[],[]
168,Oktober 2016 veröffentlicht.,0,[],[]
179,Oktober 2014 statt.,0,[],[]
699,Oktober 2014 in die Kinos.,0,[],[]
1284,"Oktober 1999 verwendet und umfasst Banknoten im Wert von 1, 5, 10, 20, 50 und 100 Yuan.",0,[],[]
71,Oktober 1934 wurde der Bau des Henschel Flugzeug-Werkes in Schönefeld begonnen.,0,[],[]
1059,Oktober 1921.,0,[],[]
451,"Offizielle Veranstaltungen des Hofes wurden weiterhin in Windsor Castle abgehalten, als die Königin nach London zurückkehrte.",0,[],[]
800,Nyberg diente als Bordingenieurin bei Expeditionen 36 und 37.,0,[],[]
183,Nur zehn Maschinen davon wurden gebaut.,0,[],[]
1972,November.,0,[],[]
1989,November im Berliner Tageblatt sehr optimistisch über die Erfolgsperspektiven der Revolution gezeigt.,0,[],[]
508,November 2010 durch.,0,[],[]
1683,November 2006.,0,[],[]
1212,November 1903 unterzeichnet.,0,[],[]
737,November 1870 geboren.,0,[],[]
1436,November 1774 in London.,0,[],[]
1842,November,0,[],[]
1854,Nostoc gehört zur Familie der Nostocaceae.,0,[],[]
1706,Norman Borlaug,0,[],[]
254,Nordirland,0,[],[]
121,Ninon Dolbin war Kunsthistorikerin.,0,[],[]
1869,Ninja Melk,0,[],[]
1107,Niggli promovierte an der Universität Zürich.,0,[],[]
1807,Nicolás Leoz,0,[],[]
820,NGC 7006 ist etwa 135.000 Lichtjahre entfernt.,0,[],[]
1576,New York City,0,[],[]
76,New York,0,[],[]
34,Nevil Maskelyne,0,[],[]
539,Neun Meter.,0,[],[]
124,Netzer spielte als Mittelfeldspieler.,0,[],[]
1202,Netflix startete 1997.,0,[],[]
488,"Nein, nach der Angaben im Text trat die Krankheit in Europa nicht wieder auf.",0,[],[]
706,"Nein, Muhammad's Stimme kann in keinem Medium gehört werden, da es nach islamischer Tradition keine visuellen oder audialen Darstellungen von ihm gibt.",0,[],[]
423,"Nein, Masala Chai ist kein feststes Rezept.",0,[],[]
1129,"Nein, der iPod ist mit DRM-geschützten Musik von Anbietern wie Musicload nicht kompatibel.",0,[],[]
639,Neben Nuptse befindet sich der Mount Everest.,0,[],[]
271,Nationalpark Mu Ko Phetra,0,[],[]
537,National Geographic Channel in Nordamerika und Australien.,0,[],[]
768,national auf dem ersten Platz,0,[],[]
1738,Napoleon III.,0,[],[]
818,Nanometer,0,[],[]
1631,"Nainggolan wechselte zur AS Rom nach fünf Spielzeiten, bevor er am 26.",0,[],[]
109,nahm Spoleto von seinem letzten Markgrafen zurück.,0,[],[]
1,Nahe dem Vulkan.,0,[],[]
1344,Nader,0,[],[]
1216,Nach wenigen Sekunden.,0,[],[]
1271,"Nach heutiger Annahme können Schwarze Löcher im Zentrum großer Galaxien massereich sein, umfassend bis zu mehreren Millionen bis Milliarden Sonnenmassen.",0,[],[]
1458,Nach der Third United Nations Conference on the Exploration and Peaceful Uses of Outer Space (UNISPACE III) in Wien im Juli 1999 haben die Hilfsorganisationen der Europäischen Weltraumorganisation teilgenommen.,0,[],[]
6,Nach der Eruption des Mount St.,0,[],[]
338,Nach der Desaturierung werden zwei Moleküle Phytoen verbunden zu Lycopin.,0,[],[]
1877,Nach dem Verdampfen der schwarzen Löcher wird das Universum so gut wie leer sein.,0,[],[]
1585,"Nach dem Überlassen des Ottomanischen Reiches 1919 kamen Teile des Osmanischen Reiches als Mandatsgebiete unter britische Kontrolle, insbesondere Palästina und Jordanien.",0,[],[]
173,Nach dem Tod Martinians wurde das Ferapontow-Kloster durch die Mitglieder der Familie Iwans III.,0,[],[]
62,Nach dem Tod Alexanders des Großen wurde Armenien bis zu seinem Tod 321 v. Chr.,0,[],[]
1575,Nach dem Munitionsarbeiterstreik wurde Graf kurzzeitig inhaftiert.,0,[],[]
498,Nach dem Abschluss an der Kunstfachhochschule 1965 trat Durdy Bayramov dem Verband der bildenden Künstler der UdSSR bei und begann seine Karriere als professioneller Künstler.,0,[],[]
1660,Nach Abschluss der Pflichtschule machen die Schüler z.B.,0,[],[]
833,Nach 30 Stunden nach dem Biss wurde ein spezifisches Antiserum verabreicht.,0,[],[]
1899,Nach 1650 stieg die Besiedlungsdichte auf der Insel Puerto Rico stark an.,0,[],[]
920,"Müttern wird empfohlen, frühgeborene Kinder regelmäßig in Hautkontakt mit ihnen zu bringen, um die Neugeborenen warmzuhalten und zu stillen.",0,[],[]
44,Musik und Klangeffekte.,0,[],[]
620,Münzen mit einem Stern wurden für Besucher aus sozialistischen Ländern genutzt.,0,[],[]
1439,Munition,0,[],[]
1243,München ist seitdem weiter gewachsen und hat seine Bedeutung als wichtige deutsche Stadt fortgesetzt.,0,[],[]
1109,München,0,[],[]
125,Monobazus II.,0,[],[]
392,Monica mag Chandler.,0,[],[]
188,Mohrsen wurde am 27.,0,[],[]
421,Mohammad Jawad,0,[],[]
1443,Mit über 423 Millionen Dollar Einspielergebnis gehört der Film zu den sechs erfolgreichsten Filmen in den US-Kinos.,0,[],[]
20,Mit knapp 1100 gebauten Flugzeugen war die Curtiss P-36 Hawk ein bedeutender wirtschaftlicher Erfolg für Curtiss-Wright.,0,[],[]
1409,Mit Hilfe eines einfachen Linien-Webbrowsers können World Wide Web-Textseiten angezeigt werden.,0,[],[]
1764,Mit Deutschland und dessen verbündeten Mittelmächten.,0,[],[]
1876,"Mit der angenommenen Halbwertszeit des Protons und dem Alter des Universums von 1040 Jahren, wäre die aktuelle Anzahl von Protonen durch etwa 1000 halbiert worden, was zu einer Schätzung von 1080 Protonen führt.",0,[],[]
62,mit dem Einverständnis Babylons General Neoptolemos unterstellt.,0,[],[]
1101,Mission: Impossible - Fallout wurde während der Halbzeitpause des Super Bowls am 4.,0,[],[]
118,Misserfolg,0,[],[]
1699,Minnesota,0,[],[]
1905,Mindestens drei Torhüter.,0,[],[]
1686,"Milnor wurde in Orange, New Jersey geboren.",0,[],[]
1593,Millionen von Menschen sind von den Britischen Inseln ausgewandert.,0,[],[]
351,Michail Kasjanow wurde am 24.,0,[],[]
7,Miaoli City befindet sich in der Republik China auf Taiwan.,0,[],[]
609,MEXT,0,[],[]
339,Mevalonsäure,0,[],[]
1895,Metoprolol ist nicht garantiert nebenwirkungsfrei in der Schwangerschaft.,0,[],[]
1201,Mesotherapie,0,[],[]
649,"Meningitis kann durch verschiedene Prozesse verursacht werden, einschließlich Krebszellen, bestimmten Medikamenten, entzündlichen Erkrankungen, Bindegewebsstörungen, entzündliche Gefäßkrankheiten, entzündungsfördernde Stoffe aus Zysten oder durch Herpes-simplex-Viren vom Typ 2.",0,[],[]
1636,"Memphis, Tennessee.",0,[],[]
297,Mehr als 20 Länder wurden in den 1960er und 1970er Jahren von Großbritannien unabhängig.,0,[],[]
844,Maximal kann das Lyell-Syndrom als Komplikation auftreten.,0,[],[]
206,Masaryk trat am 14.,0,[],[]
1524,"März wurde berichtet, dass Dominic Fumusa für die Rolle des John „Tig“ Tiegen unterzeichnet hatte.",0,[],[]
635,März 2011.,0,[],[]
782,März 1931.,0,[],[]
758,März 1928 in London.,0,[],[]
1872,März,0,[],[]
1038,Marys Vater war König Heinrich VIII.,0,[],[]
585,Maruti wurde 1981 etabliert.,0,[],[]
622,Marokko war bei den Olympischen Winterspielen 6 Mal dabei.,0,[],[]
294,"Marion Crawford schrieb, dass einige königliche Berater meinten, Prinz Philip sei nicht gut genug für Elisabeth.",0,[],[]
732,Mariko wird neue Inhaberin der Yashida Corporation.,0,[],[]
552,"Margas Hauptfokus war die Forschung und Entwicklung neuer optischer Gläser, insbesondere für Objektive an Mikroskopen und Ferngläsern.",0,[],[]
548,Marga Faulstich war eine deutsche Chemikerin.,0,[],[]
875,Manekas Vater war Tarlochan Singh Anand.,0,[],[]
771,"Man musste älter als 25 Jahre alt sein, um eine erneute Heirat zu beantragen, nachdem der Antrag abgelehnt wurde.",0,[],[]
691,Malibu am Klavier.,0,[],[]
1413,"Malaria ist abgeleitet von italienisch ""mal'aria"" was ""schlechte Luft"" bedeutet.",0,[],[]
357,Major General Gordon Bennett hatte in der 8.,0,[],[]
320,Mai wurde der Name geändert.,0,[],[]
349,Mai 987.,0,[],[]
1903,Mai 2018 aufgeführt.,0,[],[]
178,Mai 2016 in Deutschland.,0,[],[]
1735,Mai 2015 öffentlich verfügbar.,0,[],[]
1206,Mai 1913 geboren.,0,[],[]
931,Mai 1859 geboren.,0,[],[]
1364,Mai,0,[],[]
1810,Lynette,0,[],[]
337,Lycopin darf als rote Lebensmittelfarbe als Carotinoid deklariert und zur Koloration von Lebensmitteln verwendet werden.,0,[],[]
807,Lungenpest ist ein synonym für Lungenentzündung oder Pleuropneumonie.,0,[],[]
349,Ludwig V. starb am 21.,0,[],[]
1377,Lucila Godoy Alcayaga,0,[],[]
1607,Lübeck trat 1937 dem preußischen Territorium bei.,0,[],[]
1737,Longwood House,0,[],[]
1752,Lichtgeschwindigkeit,0,[],[]
1993,Leo Tornikios Kontoleon wurde als geplanter Nachfolger von Basilios nach dessen Tod bestimmt.,0,[],[]
1535,Lenard ist 1947 in Messelhausen dahingeschieden.,0,[],[]
705,Leise Orgelmusik.,0,[],[]
996,Lehrerin,0,[],[]
383,Lehrer schrieb für die satirische britische TV-Show That Was The Week That Was (TW3) und seine amerikanische Version.,0,[],[]
215,Lee Dixon und Nigel Winterburn,0,[],[]
1526,Lech Wałęsa wurde am 29.,0,[],[]
129,"LE, eine Untergrundrapperin und Songwriterin, trat der Gruppe nach den drei Ursprungsmitgliedern bei.",0,[],[]
1826,Lamm und Schaf werden bevorzugt.,0,[],[]
268,Kurgane,0,[],[]
196,"Kristoff wollte schnell nach Hause zurückkehren, um Anna zu helfen, nachdem er bemerkt hatte, dass ihre Haare silbrig-weiß zu färben begonnen hatten und sie in Gefahr war.",0,[],[]
280,Konstantinopel,0,[],[]
448,Königin Elisabeth II.,0,[],[]
1747,Kohl trat als Ministerpräsident zurück und wurde am 13.,0,[],[]
1176,"Kofi Annan war in Ghana geboren, der heutigen Republik Ghana.",0,[],[]
1694,Kitts und drei für Nevis vorgesehen sind.,0,[],[]
1059,Khan starb am 28.,0,[],[]
1259,Kenia,0,[],[]
1725,Keine Schuldmünzen müssen eingelöst werden.,0,[],[]
1310,Kathleen Gertrud Ferrier.,0,[],[]
1501,Kate Elizabeth Winslet ist britischer Staatsbürgerin.,0,[],[]
1011,Kasparian ist im Stadtteil Reseda im San Fernando Valley aufgewachsen.,0,[],[]
1638,Kasachstan ist der neuntgrößte Staat der Erde gemessen an der Fläche.,0,[],[]
1822,Karl diente ab 1939 in der Wehrmacht und nahm am Krieg gegen die Sowjetunion teil.,0,[],[]
1763,Kap Fligely wird zum nördlichsten Landpunkt Eurasiens gezählt.,0,[],[]
42,"Kanonenboote, Kreuzer und Zerstörer nehmen normalerweise an der Kanonendiplomatie teil.",0,[],[]
972,Jyoti Basu wurde am 8.,0,[],[]
626,Juni-Plan ist auch als Mountbattenplan bekannt.,0,[],[]
131,Juni eintraf sie an ihrem Ziel in San Pedro.,0,[],[]
1631,Juni 2022 bei Inter Mailand unterschrieb.,0,[],[]
1631,Juni 2018 einen Vertrag bis zum 30.,0,[],[]
419,Juni 1967 aus der Schiffliste der US Navy gestrichen.,0,[],[]
1019,Juni 1959 geheiratet.,0,[],[]
1676,Juni 1838 statt.,0,[],[]
1048,Juni 1811 geboren.,0,[],[]
54,Juni,0,[],[]
321,Juli 2017 unterzeichnet.,0,[],[]
1424,Juli 1984,0,[],[]
188,Juli 1979 in Cannes niedergeschossen.,0,[],[]
972,Juli 1914 geboren.,0,[],[]
792,Juli 1884,0,[],[]
1004,Jonathan Nolan ist der Co-Autor vieler von Christopher Nolan's Filmen zusammen mit ihm.,0,[],[]
1792,Jon Hamm lieh seiner Stimme dem Ehemann von Sandra Bullocks Charakter Scarlet Overkill im Film Minions.,0,[],[]
1138,"John Warnock Hinckley, Jr.",0,[],[]
361,John Perringbeschrieb die Mastabat al-Firʿaun als Erster.,0,[],[]
449,John Nash und Edward Blore,0,[],[]
1340,John Lewis wurde vergast und geschlagen.,0,[],[]
1681,John Cornyn,0,[],[]
1039,"Jogging ist eine Form des Freizeit- oder Laufsports, bei der durch gemächliche Dauerläufe die Ausdauer gesteigert wird.",0,[],[]
1758,Jede Uhr bestand aus zwei Spiegeln.,0,[],[]
1288,JD Samson,0,[],[]
1193,Japan,0,[],[]
1857,Januzaj wurde in Brüssel geboren.,0,[],[]
1515,Januar 2007 zum Chef der Übergangsregierung ernannt.,0,[],[]
311,Januar 1992 geboren.,0,[],[]
1870,Januar 1986 trat Portugal der EEC bei.,0,[],[]
1375,Januar 1979.,0,[],[]
1210,Januar 1964 geboren.,0,[],[]
1885,Januar 1957,0,[],[]
909,Januar 1943.,0,[],[]
1554,James the be-shitten,0,[],[]
437,James McAvoy wurde aufgrund seines Aussehens zunächst abgelehnt.,0,[],[]
1552,Jakobs Tochter Maria wurde Königin.,0,[],[]
1555,Jakob landete im März 1689 in Irland.,0,[],[]
1449,Jakarta und Palembang waren Gastgeber der 18.,0,[],[]
1571,"Jahrhunderts zeigten positive Entwicklungen in der georgischen Volkswirtschaft auf, insbesondere im Bereich der Bürokratie, der Wirtschaftsreformen und der Anziehung von Direktinvestitionen.",0,[],[]
310,Jahrhunderts das Zentrum des Schachspiels in Europa.,0,[],[]
671,Jahrhundert.,0,[],[]
286,"Jahrhundert, ursprünglich gebaut.",0,[],[]
1916,Jahrhundert um die Autonomie gerungen.,0,[],[]
672,Jahrhundert geschrieben.,0,[],[]
288,Jahrhundert Frankreich.,0,[],[]
1447,Jahrhundert endete am 31.,0,[],[]
671,Jahrhundert eine ausführliche Behandlung von Charvaka.,0,[],[]
855,"Ja, der Welttag der Nichtregierungsorganisationen wurde vor 2016 von den Vereinten Nationen anerkannt.",0,[],[]
355,Italienische,0,[],[]
887,ISO/TS 29001,0,[],[]
1112,Isaac Vivians beruflicher Hauptfokus lag auf dem Cricket.,0,[],[]
167,Irmgard Möller wurde mit vier Messerstichen in die Herzgegend gestochen.,0,[],[]
726,Iowa liegt nördlich von Missouri.,0,[],[]
105,Invincible Youth 2,0,[],[]
559,"Insbesondere das Mandinka, Wolof und Fulfulde sind weit verbreitet.",0,[],[]
96,"Ins Englische, Französische, Italienische, Spanische, Niederländische, Tschechische, Polnische, Russische, Lettische, Japanische sowie Türkische.",0,[],[]
1509,"Indravarman I. ließ den ersten Baray errichten, um Wasser zu speichern, um es in der Dürrezeit durch Kanäle zu den Feldern zu leiten.",0,[],[]
1057,Indien,0,[],[]
1237,Indien,0,[],[]
599,In Zentralpolen werden Sumpfgebiete an Flüssen und Seen rechtlich geschützt.,0,[],[]
1516,In Sri Lanka wurde Pali überwiegend in Sinhala aufgezeichnet.,0,[],[]
600,In Polen stehen insgesamt 23 Nationalparks und weitere Schutzgebiete wie Sumpfgebiete und Küstengebiete unter Schutz.,0,[],[]
1503,In Nepal ist er in Gebieten wie dem Sagarmatha-Nationalpark und dem Langtang-Nationalpark anzutreffen.,0,[],[]
728,In Missouri ist Deutsch die größte Abstammungsgruppe.,0,[],[]
810,"In Leeds gibt es die Straßen A58 und A61, sowie der Innenstadtring und der Außenring.",0,[],[]
551,In Landshut wurde das Labor gebaut.,0,[],[]
1162,In Keys' Buch aus dem Jahr 2004 wurden ihre eigenen Gedichte und Liedtexten ausführlich beschrieben.,0,[],[]
569,"In der Westminster Hall finden staatliche Bestattungen statt, wie sie auch für Staatsbegräbnisse durchgeführt werden.",0,[],[]
446,"In der griechischen Mythologie befindet sich die Figur Ariadne, verlassen und später mit Dionysos verheiratet.",0,[],[]
1799,"In der Celebessee leben 26 der insgesamt 78 weltweit bekannten Walarten, ungefähr 580 verschiedene Korallen, Delphine, Meeresschildkröten, Barrakudas, Mantarochen, reichlich Thunfisch und viele andere Tiere.",0,[],[]
1295,"In der Autobiographie „Silent Gesture“ (Stille Geste) wurde der Gruß nicht mit einem „Black-Power“-Gruß verwechselt, sondern es wurde ein anderes Gruzeichen beschrieben.",0,[],[]
1100,In den USA und Kanada ist der Standard nicht üblich.,0,[],[]
862,In den Jahren 2010 bis 2018 fand der NGO-Welttag auf sechs Kontinenten statt.,0,[],[]
298,In den 1960er und 1970er Jahren.,0,[],[]
714,In besonderem Maße galt dies während der Qing-Dynastie.,0,[],[]
262,In Armenien wurde 1048 gekämpft.,0,[],[]
1224,"In alten Kulturen wurde durch Zählen die Anzahl und Vollständigkeit von sozialen und ökonomischen Zählobjekten wie Gruppenmitgliedern, Beutetieren, Besitz oder Schulden erfasst.",0,[],[]
988,In Aberdeen kann man传统翻译如下： 在阿伯丁可以从事以下职业：,0,[],[]
312,"Impression, soleil levant",0,[],[]
57,Im Zweiten Weltkrieg wurden auf beiden Seiten neue Flugzeuge eingesetzt.,0,[],[]
293,Im Windsor Castle.,0,[],[]
950,"Im Vereinigten Königreich wurde die Zahl der abhängigen Trinker für das Jahr 2001 auf über 2,8 Millionen geschätzt.",0,[],[]
1482,"Im Text wird nicht explizit erwähnt, was als Auslöser von Malaria bekannt war.",0,[],[]
483,Im sinohydrischen Ingenieursbüro Nummer 4 arbeitete Hu Jintao als Ingenieur.,0,[],[]
677,Im Schma Jisrael und im Alenu-Gebet wird Dankbarkeit erwähnt.,0,[],[]
1037,Im RT-PCR-Test wird die reverse Transkriptase verwendet.,0,[],[]
841,Im roten Ferrari.,0,[],[]
329,"Im Pima Air & Space Museum bei Tucson, Arizona.",0,[],[]
182,Im November 1948 wurden die ersten B-45As bei der 47th Bombardment Group eingesetzt.,0,[],[]
465,Im Musikzimmer statteten die königlichen Taufen nach dem Zweiten Weltkrieg oft statt.,0,[],[]
1177,Im März 2012 wurde Annan zum Sondergesandten der Vereinten Nationen und der Arabischen Liga für Syrien ernannt.,0,[],[]
24,Im März 1942 wurden zehn USAAC P-36A nach Brasilien überführt.,0,[],[]
1992,Im März 1010.,0,[],[]
1325,Im Kunstmuseum Minneapolis Institute of Arts können über 80.000 Ausstellungsstücke angesehen werden.,0,[],[]
115,Im Juni 1944 brach die Franklin zur Insel Eniwetok auf.,0,[],[]
1258,Im Januar 2002 kam Mustaine ins Krankenhaus.,0,[],[]
1253,Im Jahre 2020 werden die Menschen im Boxring durch Roboter ersetzt.,0,[],[]
992,Im Jahre 2006.,0,[],[]
1657,Im Jahre 1966 wurde er Maître de conférences ernannt.,0,[],[]
746,Im Jahr auf dem Mars gibt es 24 Monate.,0,[],[]
1347,Im Jahr 2003 wurde der H.264/MPEG-4 AVC-Standard von der ITU und ISO/IEC offiziell verabschiedet.,0,[],[]
796,Im Jahr 2002 kandidierte Khan.,0,[],[]
1214,Im Jahr 1962 wurden die Departements zu Acre vereint und dieser Status am 15.,0,[],[]
95,Im Jahr 1918 war Woodrow Wilson der ranghöchste Politiker der Vereinigten Staaten als Präsident.,0,[],[]
470,Im Jahr 1784 wurde das Ratsgremium auf drei Mitglieder reduziert.,0,[],[]
698,Im Horrorfilm Imago Mortis spielte sie an der Seite ihrer Mutter.,0,[],[]
1460,Im gegebenen Text wird keine spezifische Rolle von Sandler im Jahr 1995 erwähnt.,0,[],[]
1867,Im Frühjahr 2010 wurden diese Videos freigegeben.,0,[],[]
217,"Im Film ""I Am Number Four"" aus dem Jahr 2011 war das Lied ""Rolling in the Deep"" von Adele zu hören.",0,[],[]
963,Im Februar 2001.,0,[],[]
964,Im ersten Schritt der Oxidation wird das Ammoniak zu Hydroxylamin durch das Enzym Ammoniummonooxygenase (AMO) oxidiert.,0,[],[]
565,"Im Erdgeschoss des Palace of Westminster befinden sich Büros, Speisesäle und Bars.",0,[],[]
516,Im Erdgeschoss der Burg in Palma befindet sich seit 1936 das Museum zur Stadtgeschichte.,0,[],[]
1928,Im Energiesektor.,0,[],[]
821,Im 1980er Jahrzehnt fanden diese Demonstrationen statt.,0,[],[]
1669,Im 16.,0,[],[]
464,"Im ""Raum von 1844"" finden immer eher kleinere Veranstaltungen statt.",0,[],[]
1406,Ihre Mutter ist Reena Chopra.,0,[],[]
1542,Ihre Mutter hieß Krishna.,0,[],[]
1468,Ihre Eltern sind Rajiv und Sonia Gandhi.,0,[],[]
1861,Ihr Vater arbeitete als Ingenieur.,0,[],[]
823,"Ihr Rivalen waren Birmingham City, Coventry City, West Bromwich Albion und die Wolverhampton Wanderers.",0,[],[]
165,ihr Kreuzzugsgelübde erfüllt.,0,[],[]
1543,Ihr Kind叫醒我，我们继续对话吧。你的问题是关于某个名字的，但提供的信息中没有明确指出是哪个人的名字以及对应的名称。你能提供更多的上下文或者具体一点的信息吗？这样我可以更好地帮助你找到答案。,0,[],[]
12,Ich habe keine Antwort auf Ihre Frage.,0,[],[]
17,Ich habe keine Antwort auf Ihre Frage.,0,[],[]
25,Ich habe keine Antwort auf Ihre Frage.,0,[],[]
40,Ich habe keine Antwort auf Ihre Frage.,0,[],[]
49,Ich habe keine Antwort auf Ihre Frage.,0,[],[]
56,Ich habe keine Antwort auf Ihre Frage.,0,[],[]
75,Ich habe keine Antwort auf Ihre Frage.,0,[],[]
82,Ich habe keine Antwort auf Ihre Frage.,0,[],[]
84,Ich habe keine Antwort auf Ihre Frage.,0,[],[]
88,Ich habe keine Antwort auf Ihre Frage.,0,[],[]
89,Ich habe keine Antwort auf Ihre Frage.,0,[],[]
92,Ich habe keine Antwort auf Ihre Frage.,0,[],[]
98,Ich habe keine Antwort auf Ihre Frage.,0,[],[]
126,Ich habe keine Antwort auf Ihre Frage.,0,[],[]
128,Ich habe keine Antwort auf Ihre Frage.,0,[],[]
143,Ich habe keine Antwort auf Ihre Frage.,0,[],[]
154,Ich habe keine Antwort auf Ihre Frage.,0,[],[]
174,Ich habe keine Antwort auf Ihre Frage.,0,[],[]
175,Ich habe keine Antwort auf Ihre Frage.,0,[],[]
203,Ich habe keine Antwort auf Ihre Frage.,0,[],[]
205,Ich habe keine Antwort auf Ihre Frage.,0,[],[]
210,Ich habe keine Antwort auf Ihre Frage.,0,[],[]
221,Ich habe keine Antwort auf Ihre Frage.,0,[],[]
224,Ich habe keine Antwort auf Ihre Frage.,0,[],[]
239,Ich habe keine Antwort auf Ihre Frage.,0,[],[]
257,Ich habe keine Antwort auf Ihre Frage.,0,[],[]
265,Ich habe keine Antwort auf Ihre Frage.,0,[],[]
270,Ich habe keine Antwort auf Ihre Frage.,0,[],[]
272,Ich habe keine Antwort auf Ihre Frage.,0,[],[]
285,Ich habe keine Antwort auf Ihre Frage.,0,[],[]
299,Ich habe keine Antwort auf Ihre Frage.,0,[],[]
306,Ich habe keine Antwort auf Ihre Frage.,0,[],[]
308,Ich habe keine Antwort auf Ihre Frage.,0,[],[]
317,Ich habe keine Antwort auf Ihre Frage.,0,[],[]
328,Ich habe keine Antwort auf Ihre Frage.,0,[],[]
333,Ich habe keine Antwort auf Ihre Frage.,0,[],[]
335,Ich habe keine Antwort auf Ihre Frage.,0,[],[]
352,Ich habe keine Antwort auf Ihre Frage.,0,[],[]
353,Ich habe keine Antwort auf Ihre Frage.,0,[],[]
364,Ich habe keine Antwort auf Ihre Frage.,0,[],[]
368,Ich habe keine Antwort auf Ihre Frage.,0,[],[]
370,Ich habe keine Antwort auf Ihre Frage.,0,[],[]
382,Ich habe keine Antwort auf Ihre Frage.,0,[],[]
403,Ich habe keine Antwort auf Ihre Frage.,0,[],[]
432,Ich habe keine Antwort auf Ihre Frage.,0,[],[]
436,Ich habe keine Antwort auf Ihre Frage.,0,[],[]
441,Ich habe keine Antwort auf Ihre Frage.,0,[],[]
452,Ich habe keine Antwort auf Ihre Frage.,0,[],[]
467,Ich habe keine Antwort auf Ihre Frage.,0,[],[]
469,Ich habe keine Antwort auf Ihre Frage.,0,[],[]
475,Ich habe keine Antwort auf Ihre Frage.,0,[],[]
491,Ich habe keine Antwort auf Ihre Frage.,0,[],[]
511,Ich habe keine Antwort auf Ihre Frage.,0,[],[]
515,Ich habe keine Antwort auf Ihre Frage.,0,[],[]
524,Ich habe keine Antwort auf Ihre Frage.,0,[],[]
535,Ich habe keine Antwort auf Ihre Frage.,0,[],[]
555,Ich habe keine Antwort auf Ihre Frage.,0,[],[]
570,Ich habe keine Antwort auf Ihre Frage.,0,[],[]
581,Ich habe keine Antwort auf Ihre Frage.,0,[],[]
586,Ich habe keine Antwort auf Ihre Frage.,0,[],[]
587,Ich habe keine Antwort auf Ihre Frage.,0,[],[]
591,Ich habe keine Antwort auf Ihre Frage.,0,[],[]
608,Ich habe keine Antwort auf Ihre Frage.,0,[],[]
633,Ich habe keine Antwort auf Ihre Frage.,0,[],[]
637,Ich habe keine Antwort auf Ihre Frage.,0,[],[]
651,Ich habe keine Antwort auf Ihre Frage.,0,[],[]
652,Ich habe keine Antwort auf Ihre Frage.,0,[],[]
655,Ich habe keine Antwort auf Ihre Frage.,0,[],[]
673,Ich habe keine Antwort auf Ihre Frage.,0,[],[]
680,Ich habe keine Antwort auf Ihre Frage.,0,[],[]
686,Ich habe keine Antwort auf Ihre Frage.,0,[],[]
696,Ich habe keine Antwort auf Ihre Frage.,0,[],[]
702,Ich habe keine Antwort auf Ihre Frage.,0,[],[]
709,Ich habe keine Antwort auf Ihre Frage.,0,[],[]
722,Ich habe keine Antwort auf Ihre Frage.,0,[],[]
731,Ich habe keine Antwort auf Ihre Frage.,0,[],[]
741,Ich habe keine Antwort auf Ihre Frage.,0,[],[]
750,Ich habe keine Antwort auf Ihre Frage.,0,[],[]
753,Ich habe keine Antwort auf Ihre Frage.,0,[],[]
755,Ich habe keine Antwort auf Ihre Frage.,0,[],[]
765,Ich habe keine Antwort auf Ihre Frage.,0,[],[]
770,Ich habe keine Antwort auf Ihre Frage.,0,[],[]
778,Ich habe keine Antwort auf Ihre Frage.,0,[],[]
786,Ich habe keine Antwort auf Ihre Frage.,0,[],[]
790,Ich habe keine Antwort auf Ihre Frage.,0,[],[]
794,Ich habe keine Antwort auf Ihre Frage.,0,[],[]
795,Ich habe keine Antwort auf Ihre Frage.,0,[],[]
802,Ich habe keine Antwort auf Ihre Frage.,0,[],[]
813,Ich habe keine Antwort auf Ihre Frage.,0,[],[]
816,Ich habe keine Antwort auf Ihre Frage.,0,[],[]
828,Ich habe keine Antwort auf Ihre Frage.,0,[],[]
832,Ich habe keine Antwort auf Ihre Frage.,0,[],[]
835,Ich habe keine Antwort auf Ihre Frage.,0,[],[]
837,Ich habe keine Antwort auf Ihre Frage.,0,[],[]
839,Ich habe keine Antwort auf Ihre Frage.,0,[],[]
842,Ich habe keine Antwort auf Ihre Frage.,0,[],[]
846,Ich habe keine Antwort auf Ihre Frage.,0,[],[]
847,Ich habe keine Antwort auf Ihre Frage.,0,[],[]
849,Ich habe keine Antwort auf Ihre Frage.,0,[],[]
853,Ich habe keine Antwort auf Ihre Frage.,0,[],[]
871,Ich habe keine Antwort auf Ihre Frage.,0,[],[]
880,Ich habe keine Antwort auf Ihre Frage.,0,[],[]
882,Ich habe keine Antwort auf Ihre Frage.,0,[],[]
886,Ich habe keine Antwort auf Ihre Frage.,0,[],[]
895,Ich habe keine Antwort auf Ihre Frage.,0,[],[]
898,Ich habe keine Antwort auf Ihre Frage.,0,[],[]
908,Ich habe keine Antwort auf Ihre Frage.,0,[],[]
910,Ich habe keine Antwort auf Ihre Frage.,0,[],[]
912,Ich habe keine Antwort auf Ihre Frage.,0,[],[]
913,Ich habe keine Antwort auf Ihre Frage.,0,[],[]
914,Ich habe keine Antwort auf Ihre Frage.,0,[],[]
916,Ich habe keine Antwort auf Ihre Frage.,0,[],[]
923,Ich habe keine Antwort auf Ihre Frage.,0,[],[]
924,Ich habe keine Antwort auf Ihre Frage.,0,[],[]
929,Ich habe keine Antwort auf Ihre Frage.,0,[],[]
935,Ich habe keine Antwort auf Ihre Frage.,0,[],[]
936,Ich habe keine Antwort auf Ihre Frage.,0,[],[]
938,Ich habe keine Antwort auf Ihre Frage.,0,[],[]
946,Ich habe keine Antwort auf Ihre Frage.,0,[],[]
962,Ich habe keine Antwort auf Ihre Frage.,0,[],[]
973,Ich habe keine Antwort auf Ihre Frage.,0,[],[]
977,Ich habe keine Antwort auf Ihre Frage.,0,[],[]
983,Ich habe keine Antwort auf Ihre Frage.,0,[],[]
989,Ich habe keine Antwort auf Ihre Frage.,0,[],[]
994,Ich habe keine Antwort auf Ihre Frage.,0,[],[]
998,Ich habe keine Antwort auf Ihre Frage.,0,[],[]
1001,Ich habe keine Antwort auf Ihre Frage.,0,[],[]
1016,Ich habe keine Antwort auf Ihre Frage.,0,[],[]
1024,Ich habe keine Antwort auf Ihre Frage.,0,[],[]
1025,Ich habe keine Antwort auf Ihre Frage.,0,[],[]
1056,Ich habe keine Antwort auf Ihre Frage.,0,[],[]
1063,Ich habe keine Antwort auf Ihre Frage.,0,[],[]
1067,Ich habe keine Antwort auf Ihre Frage.,0,[],[]
1069,Ich habe keine Antwort auf Ihre Frage.,0,[],[]
1076,Ich habe keine Antwort auf Ihre Frage.,0,[],[]
1081,Ich habe keine Antwort auf Ihre Frage.,0,[],[]
1091,Ich habe keine Antwort auf Ihre Frage.,0,[],[]
1114,Ich habe keine Antwort auf Ihre Frage.,0,[],[]
1122,Ich habe keine Antwort auf Ihre Frage.,0,[],[]
1123,Ich habe keine Antwort auf Ihre Frage.,0,[],[]
1124,Ich habe keine Antwort auf Ihre Frage.,0,[],[]
1131,Ich habe keine Antwort auf Ihre Frage.,0,[],[]
1136,Ich habe keine Antwort auf Ihre Frage.,0,[],[]
1139,Ich habe keine Antwort auf Ihre Frage.,0,[],[]
1143,Ich habe keine Antwort auf Ihre Frage.,0,[],[]
1146,Ich habe keine Antwort auf Ihre Frage.,0,[],[]
1149,Ich habe keine Antwort auf Ihre Frage.,0,[],[]
1151,Ich habe keine Antwort auf Ihre Frage.,0,[],[]
1154,Ich habe keine Antwort auf Ihre Frage.,0,[],[]
1163,Ich habe keine Antwort auf Ihre Frage.,0,[],[]
1168,Ich habe keine Antwort auf Ihre Frage.,0,[],[]
1170,Ich habe keine Antwort auf Ihre Frage.,0,[],[]
1174,Ich habe keine Antwort auf Ihre Frage.,0,[],[]
1184,Ich habe keine Antwort auf Ihre Frage.,0,[],[]
1188,Ich habe keine Antwort auf Ihre Frage.,0,[],[]
1197,Ich habe keine Antwort auf Ihre Frage.,0,[],[]
1199,Ich habe keine Antwort auf Ihre Frage.,0,[],[]
1217,Ich habe keine Antwort auf Ihre Frage.,0,[],[]
1221,Ich habe keine Antwort auf Ihre Frage.,0,[],[]
1239,Ich habe keine Antwort auf Ihre Frage.,0,[],[]
1244,Ich habe keine Antwort auf Ihre Frage.,0,[],[]
1248,Ich habe keine Antwort auf Ihre Frage.,0,[],[]
1261,Ich habe keine Antwort auf Ihre Frage.,0,[],[]
1267,Ich habe keine Antwort auf Ihre Frage.,0,[],[]
1270,Ich habe keine Antwort auf Ihre Frage.,0,[],[]
1272,Ich habe keine Antwort auf Ihre Frage.,0,[],[]
1276,Ich habe keine Antwort auf Ihre Frage.,0,[],[]
1278,Ich habe keine Antwort auf Ihre Frage.,0,[],[]
1282,Ich habe keine Antwort auf Ihre Frage.,0,[],[]
1285,Ich habe keine Antwort auf Ihre Frage.,0,[],[]
1286,Ich habe keine Antwort auf Ihre Frage.,0,[],[]
1290,Ich habe keine Antwort auf Ihre Frage.,0,[],[]
1311,Ich habe keine Antwort auf Ihre Frage.,0,[],[]
1322,Ich habe keine Antwort auf Ihre Frage.,0,[],[]
1327,Ich habe keine Antwort auf Ihre Frage.,0,[],[]
1329,Ich habe keine Antwort auf Ihre Frage.,0,[],[]
1330,Ich habe keine Antwort auf Ihre Frage.,0,[],[]
1332,Ich habe keine Antwort auf Ihre Frage.,0,[],[]
1336,Ich habe keine Antwort auf Ihre Frage.,0,[],[]
1349,Ich habe keine Antwort auf Ihre Frage.,0,[],[]
1355,Ich habe keine Antwort auf Ihre Frage.,0,[],[]
1359,Ich habe keine Antwort auf Ihre Frage.,0,[],[]
1368,Ich habe keine Antwort auf Ihre Frage.,0,[],[]
1372,Ich habe keine Antwort auf Ihre Frage.,0,[],[]
1376,Ich habe keine Antwort auf Ihre Frage.,0,[],[]
1378,Ich habe keine Antwort auf Ihre Frage.,0,[],[]
1381,Ich habe keine Antwort auf Ihre Frage.,0,[],[]
1388,Ich habe keine Antwort auf Ihre Frage.,0,[],[]
1389,Ich habe keine Antwort auf Ihre Frage.,0,[],[]
1390,Ich habe keine Antwort auf Ihre Frage.,0,[],[]
1391,Ich habe keine Antwort auf Ihre Frage.,0,[],[]
1395,Ich habe keine Antwort auf Ihre Frage.,0,[],[]
1397,Ich habe keine Antwort auf Ihre Frage.,0,[],[]
1404,Ich habe keine Antwort auf Ihre Frage.,0,[],[]
1412,Ich habe keine Antwort auf Ihre Frage.,0,[],[]
1414,Ich habe keine Antwort auf Ihre Frage.,0,[],[]
1415,Ich habe keine Antwort auf Ihre Frage.,0,[],[]
1431,Ich habe keine Antwort auf Ihre Frage.,0,[],[]
1437,Ich habe keine Antwort auf Ihre Frage.,0,[],[]
1454,Ich habe keine Antwort auf Ihre Frage.,0,[],[]
1455,Ich habe keine Antwort auf Ihre Frage.,0,[],[]
1461,Ich habe keine Antwort auf Ihre Frage.,0,[],[]
1462,Ich habe keine Antwort auf Ihre Frage.,0,[],[]
1467,Ich habe keine Antwort auf Ihre Frage.,0,[],[]
1476,Ich habe keine Antwort auf Ihre Frage.,0,[],[]
1486,Ich habe keine Antwort auf Ihre Frage.,0,[],[]
1488,Ich habe keine Antwort auf Ihre Frage.,0,[],[]
1496,Ich habe keine Antwort auf Ihre Frage.,0,[],[]
1499,Ich habe keine Antwort auf Ihre Frage.,0,[],[]
1504,Ich habe keine Antwort auf Ihre Frage.,0,[],[]
1511,Ich habe keine Antwort auf Ihre Frage.,0,[],[]
1536,Ich habe keine Antwort auf Ihre Frage.,0,[],[]
1549,Ich habe keine Antwort auf Ihre Frage.,0,[],[]
1561,Ich habe keine Antwort auf Ihre Frage.,0,[],[]
1564,Ich habe keine Antwort auf Ihre Frage.,0,[],[]
1603,Ich habe keine Antwort auf Ihre Frage.,0,[],[]
1611,Ich habe keine Antwort auf Ihre Frage.,0,[],[]
1625,Ich habe keine Antwort auf Ihre Frage.,0,[],[]
1637,Ich habe keine Antwort auf Ihre Frage.,0,[],[]
1645,Ich habe keine Antwort auf Ihre Frage.,0,[],[]
1654,Ich habe keine Antwort auf Ihre Frage.,0,[],[]
1656,Ich habe keine Antwort auf Ihre Frage.,0,[],[]
1658,Ich habe keine Antwort auf Ihre Frage.,0,[],[]
1659,Ich habe keine Antwort auf Ihre Frage.,0,[],[]
1661,Ich habe keine Antwort auf Ihre Frage.,0,[],[]
1665,Ich habe keine Antwort auf Ihre Frage.,0,[],[]
1678,Ich habe keine Antwort auf Ihre Frage.,0,[],[]
1682,Ich habe keine Antwort auf Ihre Frage.,0,[],[]
1693,Ich habe keine Antwort auf Ihre Frage.,0,[],[]
1696,Ich habe keine Antwort auf Ihre Frage.,0,[],[]
1710,Ich habe keine Antwort auf Ihre Frage.,0,[],[]
1713,Ich habe keine Antwort auf Ihre Frage.,0,[],[]
1715,Ich habe keine Antwort auf Ihre Frage.,0,[],[]
1717,Ich habe keine Antwort auf Ihre Frage.,0,[],[]
1732,Ich habe keine Antwort auf Ihre Frage.,0,[],[]
1734,Ich habe keine Antwort auf Ihre Frage.,0,[],[]
1756,Ich habe keine Antwort auf Ihre Frage.,0,[],[]
1765,Ich habe keine Antwort auf Ihre Frage.,0,[],[]
1774,Ich habe keine Antwort auf Ihre Frage.,0,[],[]
1775,Ich habe keine Antwort auf Ihre Frage.,0,[],[]
1781,Ich habe keine Antwort auf Ihre Frage.,0,[],[]
1784,Ich habe keine Antwort auf Ihre Frage.,0,[],[]
1785,Ich habe keine Antwort auf Ihre Frage.,0,[],[]
1787,Ich habe keine Antwort auf Ihre Frage.,0,[],[]
1788,Ich habe keine Antwort auf Ihre Frage.,0,[],[]
1791,Ich habe keine Antwort auf Ihre Frage.,0,[],[]
1806,Ich habe keine Antwort auf Ihre Frage.,0,[],[]
1809,Ich habe keine Antwort auf Ihre Frage.,0,[],[]
1815,Ich habe keine Antwort auf Ihre Frage.,0,[],[]
1820,Ich habe keine Antwort auf Ihre Frage.,0,[],[]
1824,Ich habe keine Antwort auf Ihre Frage.,0,[],[]
1825,Ich habe keine Antwort auf Ihre Frage.,0,[],[]
1829,Ich habe keine Antwort auf Ihre Frage.,0,[],[]
1832,Ich habe keine Antwort auf Ihre Frage.,0,[],[]
1835,Ich habe keine Antwort auf Ihre Frage.,0,[],[]
1836,Ich habe keine Antwort auf Ihre Frage.,0,[],[]
1844,Ich habe keine Antwort auf Ihre Frage.,0,[],[]
1859,Ich habe keine Antwort auf Ihre Frage.,0,[],[]
1863,Ich habe keine Antwort auf Ihre Frage.,0,[],[]
1864,Ich habe keine Antwort auf Ihre Frage.,0,[],[]
1879,Ich habe keine Antwort auf Ihre Frage.,0,[],[]
1883,Ich habe keine Antwort auf Ihre Frage.,0,[],[]
1890,Ich habe keine Antwort auf Ihre Frage.,0,[],[]
1893,Ich habe keine Antwort auf Ihre Frage.,0,[],[]
1907,Ich habe keine Antwort auf Ihre Frage.,0,[],[]
1908,Ich habe keine Antwort auf Ihre Frage.,0,[],[]
1940,Ich habe keine Antwort auf Ihre Frage.,0,[],[]
1943,Ich habe keine Antwort auf Ihre Frage.,0,[],[]
1947,Ich habe keine Antwort auf Ihre Frage.,0,[],[]
1977,Ich habe keine Antwort auf Ihre Frage.,0,[],[]
1981,Ich habe keine Antwort auf Ihre Frage.,0,[],[]
1984,Ich habe keine Antwort auf Ihre Frage.,0,[],[]
1986,Ich habe keine Antwort auf Ihre Frage.,0,[],[]
171,Ibrahim war der Direktor des Zentralgefängnisses von Istanbul.,0,[],[]
220,Hugh Morrus verlor gegen Goldberg am 22.,0,[],[]
309,HST steht für das Hubble-Weltraumteleskop.,0,[],[]
824,"HRH Prince Philip, Duke of Edinburgh war mit Queen Elizabeth II.",0,[],[]
1318,Houston (Texas).,0,[],[]
1790,Houssay starb am 21.,0,[],[]
135,Honolulu ist am 11.,0,[],[]
911,Hölderlin war für Hegel als Vermittler tätig.,0,[],[]
197,"Hochauflösende Aufnahmen des Hubble-Weltraumteleskops wurden benutzt, um das Katzenaugennebel außergewöhnliche Strukturen zu enthüllen.",0,[],[]
41,HMVS Cerberus,0,[],[]
501,Hilfe für die Front,0,[],[]
476,Heute ist der Rashtrapati Bhavan der Amtssitz des Präsidenten von Indien.,0,[],[]
119,"Hesse wurde nach dem Aufsatz ""O Freunde, nicht diese Töne"" mit Hassbriefen bedroht und angegriffen durch die deutsche Presse.",0,[],[]
13,"Herzog Eugen wuchs in Carlsruhe, einem Jagdbesitz seines Vaters in Schlesien.",0,[],[]
1117,Hermann Minkowski ist bekannt für seine Arbeit in der Geometrie der Zahlen und seine Anwendungen in der Zahlentheorie.,0,[],[]
1777,Henutsens Grab ist möglicherweise die dritte der drei Nebenpyramiden (Pyramide G1-c) der Pyramidennekropole des Cheops in Gizeh.,0,[],[]
879,Heinrich VIII.,0,[],[]
486,Heinrich VII.,0,[],[]
1083,"Heard und Johnny Depp mitwirkten zusammen in dem Film ""The Rum Diary"".",0,[],[]
708,"Häufigste Rufe sind mehrfach wiederholte, quietschende und nasale „ki-juu, tschirrick“- oder „tsch-juuh“-Laute, die auf der zweiten Silbe betont werden.",0,[],[]
1316,"Häufige Anwendungen der induktiven Erwärmung sind das Anlassen, Glühen, Löten, Schweißen, Schmelzen, Aufschrumpfen und die Materialprüfung.",0,[],[]
624,Hattar wurde am 25.,0,[],[]
623,"Hattar entstammte einer christlich-arabischen Familie, bezeichnete sich jedoch als nicht gläubig bzw.",0,[],[]
1138,"hat versucht, Präsident Reagan zu ermorden.",0,[],[]
632,Harriet hat mittels der Underground Railroad Bajonette und Kugeln geschmuggelt.,0,[],[]
1762,Hans Emil Meyer war ein Architekt und Urbanist.,0,[],[]
1433,Hämorrhoiden ersten Grades können nur mit einem Proktoskop diagnostiziert werden.,0,[],[]
1026,Guiyang liegt auf einer Höhe von 1.070 Metern ü. NN.,0,[],[]
1027,Guiyang befindet sich in der Provinz Guizhou.,0,[],[]
1434,Gründungsdirektor,0,[],[]
1767,Große OLED-Bildschirme,0,[],[]
540,Grön eld,0,[],[]
46,"Greifvögel, Schlangen und Bonobos.",0,[],[]
603,Grafikgröße,0,[],[]
812,"GP könnte angeblich vom Werkscode von Ford stammen, der G für government-use und P für 80 Zoll Radstand bezeichnet.",0,[],[]
927,Görbersdorf,0,[],[]
1735,Google Fotos war ab dem 28.,0,[],[]
1577,Gongyi,0,[],[]
1850,Gold,0,[],[]
97,"Gmeiners Mutter, Angelika, starb, als er fünf Jahre alt war.",0,[],[]
1150,GLONASS,0,[],[]
1599,Gletscher,0,[],[]
1419,Gillan wurde 1989 erneut entlassen von Deep Purple wegen musikalischer Differenzen mit Blackmore.,0,[],[]
173,geschützt und gefördert.,0,[],[]
1273,Georgs-Kapelle auf Schloss Windsor,0,[],[]
1567,Georgien befindet sich an der Grenze zwischen Europa und Asien in Transkaukasien.,0,[],[]
884,"General Motors, Chrysler und Ford stimmten dem QS 9000-Standard zu.",0,[],[]
1653,Gegen Parasiten und Krankheiten,0,[],[]
1970,Gegen 20 Uhr.,0,[],[]
544,Fußball,0,[],[]
979,Für seine überragende Leistung in der Musik.,0,[],[]
1333,Für Österreich-Ungarn und Serbien muss Jugoslawien vor dem direkten Teilnehmen für andere Länder antreten.,0,[],[]
346,Für die Zeitung Nowaja Gaseta schrieb Baburowa.,0,[],[]
951,Für die American Medical Association (AMA) ist Alkohol eine Droge.,0,[],[]
1275,Für den Olympiasport beispielsweise gibt es Kajak-Einsitzer und Kajak-Zweier.,0,[],[]
1298,"Für das CEMS-Programm ist es erforderlich, bereits für einen Master of Business Degree bei einer Mitgliedsuniversität eingeschrieben oder ausgewählt zu sein.",0,[],[]
851,Fünf Kinder.,0,[],[]
825,Fünf Hauptstrategien werden für die Vergleichenden Politikwissenschaft aufgefasst.,0,[],[]
1317,Frye) und Stanley Cook.,0,[],[]
1142,"Frauen treten im Siebenkampf auf, anstelle des Zehnkampfs der Männer.",0,[],[]
1794,Frankreich wurde 1949 als Gründungsmitglied der NATO betrachtet.,0,[],[]
114,Franklin hat nach Saipan gefüllt.,0,[],[]
1946,Frank Aleksander,0,[],[]
1606,Fouad Chehab starb am 25.,0,[],[]
932,Foley.,0,[],[]
1596,Florida,0,[],[]
1690,Florida,0,[],[]
827,"Fisk wurde von der New York Times als ""der wohl berühmteste britische Auslandskorrespondent"" beschrieben.",0,[],[]
1186,FIFA-All-Star-Mannschaft,0,[],[]
1849,Femtomol (fmol) pro Liter Wasser,0,[],[]
1208,FEMA steht für Federal Emergency Management Agency.,0,[],[]
325,Felix Mendelssohn Bartholdy,0,[],[]
1101,Februar 2018 veröffentlicht.,0,[],[]
959,"Februar 2010 wurde die nächste Mission, das Solar Dynamics Observatory (SDO), gestartet.",0,[],[]
1843,Februar 2009.,0,[],[]
1264,Februar 2004.,0,[],[]
351,Februar 2004 von Putin gefeuert.,0,[],[]
350,Februar 1980.,0,[],[]
1881,Februar 1931.,0,[],[]
1185,Februar,0,[],[]
617,Fatma Begum war eine indische Schauspielerin und die erste Regisseurin des indischen Films.,0,[],[]
848,Fatih Akin wurde am 25.,0,[],[]
1402,Etwa 40 öffentliche Flugplätze gibt es in Spanien.,0,[],[]
1685,Etwa 38 Millionen Haie pro Jahr.,0,[],[]
881,Etwa 16 Millionen Menschen sind in den USA an COPD erkrankt.,0,[],[]
1247,Estoy aquí,0,[],[]
1102,"Escobars Frau war 15 Jahre alt, als sie 1976 heiratete.",0,[],[]
1595,Es wurde geschlossen aus Kosten- und Bandbreitengründen.,0,[],[]
1528,"Es wird nicht explizit erwähnt, bei welcher Art von Aufzeichnungen geschrieben wurde.",0,[],[]
918,Es wird kein Verbrechen gegen Marsellus erwähnt.,0,[],[]
694,Es wird jedoch keine Tarnung der Schiffe erwähnt.,0,[],[]
1876,"Es wird geschätzt, dass es momentan 1080 Protonen im Universum gibt.",0,[],[]
1194,Es werden zwei Hauptthesen diskutiert.,0,[],[]
1010,"Es scheint, dass die Frage nicht anhand der bereitgestellten Informationen beantwortbar ist.",0,[],[]
1147,"Es kann aus Schwarzem Senf (Brassica nigra), Braunem indischem Senf (Brassica juncea) oder Weißem Senf (Sinapis alba) hergestellt werden.",0,[],[]
405,"Es kann auch grün-blau oder gelb-blau sein, je nach Beimengung von anderen Elementen wie Eisen oder Calcium.",0,[],[]
1275,"Es ist nicht spezifisch angegeben, wie viele Menschen in einem Kajak sein können.",0,[],[]
590,Es gibt vier Viertelstundenglocken-Töne.,0,[],[]
1479,Es gibt vier Strukturebenen in Proteinen.,0,[],[]
1559,"Es gibt spezielle Fälle, bei denen das Alter bis 50 Jahre reicht.",0,[],[]
1541,Es gibt rund 16.000 Rebsorten.,0,[],[]
1192,Es gibt insgesamt acht Riffinseln in Tuvalu.,0,[],[]
1121,"Es gibt fünf bewohnte Inseln: Baltra, Floreana, Isabela, San Cristóbal und Santa Cruz.",0,[],[]
1108,Es gibt flexible und starre Zystoskope für die Zystoskopie.,0,[],[]
1865,"Es gibt eine Rollbahn auf der Shayrat Airbase, die 3 Kilometer lang ist und als Not-Start- und Landebahn nutzbar ist.",0,[],[]
497,Es gibt 53 Porträts seiner Frau Gosel in Bayramovs 'Gozel'.,0,[],[]
745,Es gibt 28 Sol in jedem der ersten fünf Monate jedes Vierteljahrs.,0,[],[]
1629,Es geht um die Frauen-Weltmeisterschaft.,0,[],[]
970,Es endet mit der Entstehung der Drei Reiche.,0,[],[]
1582,"Es dauerte ein halbes Jahr, die Sepoy-Aufstände von 1857 zu unterdrücken.",0,[],[]
1795,"Es besteht hauptsächlich aus Reis (oder anderen Getreidesorten wie Weizen, Mais, Buchweizen, Barley oder Millet) und Gemüse.",0,[],[]
952,Erwachsene mit mindestens einer Zeitlang bestehenden Alkoholabhängigkeit sind in der Risikogruppe für Alkoholismus.,0,[],[]
1148,Erucasäure ist mehr prävalent in Senföl.,0,[],[]
943,Erstmals sichtbare Oberflächendetails verschiedener Monde und mehrere neu entdeckte Monde des Saturns wurden zurückgesendet.,0,[],[]
125,"erbat Hilfe von Vologaeses, dem parthischen König, um Trdat wieder auf den thron zu bringen.",0,[],[]
1515,Er wurde am 12.,0,[],[]
1112,Er war ein ehemaliger Cricketspieler für das West Indies Cricket Team und zwischen 1984 und 1991 Kapitän des Teams.,0,[],[]
281,Er verfügte über 43 Patente zur Zeit seiner Pensionierung.,0,[],[]
1953,Er tanzt mit einigen anderen Mädchen mit.,0,[],[]
1018,Er griff hart gegen Deserteure und selbst Urteile vollstreckend ein.,0,[],[]
542,Epoxidharz.,0,[],[]
1927,"EPI steht für ""Energie für die Armen Initiative"".",0,[],[]
737,Enric Prat de la Riba i Sarrà wurde am 29.,0,[],[]
735,"England spielte viele Jahre lang hauptsächlich gegen Schottland, Wales und Irland.",0,[],[]
1017,Endodontie,0,[],[]
59,Emotions wurde für den Grammy Award in der Kategorie Best Female Pop Vocal Performance nominiert.,0,[],[]
1061,Emma,0,[],[]
296,Elisabeth war die Thronfolgerin nach dem Tod des Königs.,0,[],[]
1464,Elephas maximus maximus,0,[],[]
1092,"Elektrische Generatoren werden genutzt, um Energie für einen elektrischen Motor zu gewinnen.",0,[],[]
1465,"Elefanten kamen in feuchtkalten, montanen Wäldern vor.",0,[],[]
578,Electronic Arts kündigte Dead Space das erste Mal im September 2007 an.,0,[],[]
1591,Eisenhower machte Eden wütend.,0,[],[]
1534,Einstein heiratete 1927.,0,[],[]
1110,Einstein emigrierte 1933 in die USA.,0,[],[]
1971,Einigkeit der Arbeiterklasse,0,[],[]
646,"Eine Möglichkeit, sich eine Meningitis zu einfangen, ist durch Bakterieninfektion, Viraleinfang, Pilzinfektion oder andere nicht-infektiöse Mechanismen.",0,[],[]
460,Eine Militärkapelle spielte während der Zeremonie.,0,[],[]
888,Eine Mannschaft besteht in der Regel aus elf Spielern.,0,[],[]
43,Eine große Anzahl von Einheitslinienschiffen kam während der Schlacht von Gallipoli zum Einsatz.,0,[],[]
489,"Eine andere, ähnliche Krankheit namens Picardsches Schweißfieber trat in Frankreich, Italien und Süddeutschland auf.",0,[],[]
185,Ein Zündsignal durchs Telefon.,0,[],[]
37,Ein zum Schiehallion-Experiment vergleichbares Experiment wurde im Jahr 2005 durchgeführt.,0,[],[]
38,Ein Wert von etwa 5300 kg·m−3.,0,[],[]
744,Ein Sol ist eine Übersetzung für den Sonnentag auf dem Mars.,0,[],[]
942,Ein primäres Offenwinkelglaukom kann zur chronischen Drucksteigerung im Auge führen.,0,[],[]
602,"Ein Porträt ist ein künstlerisches Bildnis, in dem versucht wird, das Wesen oder die Persönlichkeit des Porträtierten zu widerspiegeln.",0,[],[]
35,"Ein Pendel wird, wenn sich eine große Masse in der Nähe befindet, durch die gravitative Anziehung leicht von seiner ursprünglichen Position abweichen.",0,[],[]
941,"Ein Mausoleum ist eines der drei Gebäude, aus denen das Fort einst bestand.",0,[],[]
1960,Ein leeres Anwesen.,0,[],[]
1646,Ein Kernel.,0,[],[]
690,Ein Hinzufügen einer Tin Whistle zu einer Melodie fügt irische Elemente ein und kann die Stimmung der Melodie verändern.,0,[],[]
1034,Ein Endoskop wird für eine Arthroskopie verwendet.,0,[],[]
1396,"Ein elektrischer Kurzschluss kann entstehen, da die Spannung zwischen zwei Schaltungspunkten auf fast null fällt, was zu einem extrem hohen Stromfluss führen kann.",0,[],[]
1292,Ein Einakter besteht aus einem einzigen Akt.,0,[],[]
181,Ein Bomben-Navigationsradar.,0,[],[]
1062,Ein Berg ist im Allgemeinen steiler als ein Hügel.,0,[],[]
1724,Ein Benediktinerkloster wurde gebaut.,0,[],[]
1525,"Ein Amethyst kann von einem sehr hellen, leicht rosafarbenen bis zu einem sehr dunklen Violett farbig sein.",0,[],[]
1891,Ecuador,0,[],[]
949,E = Eye Opener,0,[],[]
1305,Durch eine Tauchkugel gelangt er anschließend in die geheime Unterwasserstadt Rapture.,0,[],[]
1350,Durch die Explosionen wurden drei Menschen getötet.,0,[],[]
253,Duke ist der gängigere Titel unter den aufgeführten Beratern.,0,[],[]
111,"Dschibuti befindet sich in Ostafrika und grenzt an Eritrea, Äthiopien und Somalia.",0,[],[]
58,Drei Wochen.,0,[],[]
679,Drei unterschiedliche Skalen wurden entwickelt.,0,[],[]
466,Drei Kinder der Königin wurden im Musikzimmer getauft.,0,[],[]
202,Dragon Quest VIII wurde ursprünglich für die PlayStation 2 hergestellt.,0,[],[]
421,Dr.,0,[],[]
921,Dr.,0,[],[]
933,Doyle wurde auf dem All Saints Churchyard der All Saints Church des kleinen Ortes Minstead beerdigt.,0,[],[]
931,Doyle wurde am 22.,0,[],[]
365,Douglas' DB-1 stand in Konkurrenz zur Boeing Model 299.,0,[],[]
357,Division in Malaya das Kommando.,0,[],[]
641,Dirk Sager war ein deutscher Journalist.,0,[],[]
316,"Dirie lebte später in London, wo sie zunächst in den Straßen lebte und später in einem Heim des YMCA wohnte.",0,[],[]
1051,"Digitale Wasserzeichen werden eingesetzt, um Rechteinhaberinformationen zur Urheberrechtsverfolgung in ein Werk einzubetten.",0,[],[]
169,Dieses Spiel steht auf der fünften Position in der Spielreihe diesem Franchise.,0,[],[]
1482,"Dies deutet darauf hin, dass die Entdeckung der Malaria-Erreger eine wichtige Erkenntnis war, aber dies ist nicht direkt als Auslöser bezeichnet.",0,[],[]
1043,Die Zwillingsforschung wurde angewendet.,0,[],[]
153,Die zweite YF-17 flog am 21.,0,[],[]
1932,Die Zuschüsse werden größtenteils auf der Grundlage des Projekttyps und seiner zu erwarteten Ergebnisse vergeben.,0,[],[]
1313,Die Zoroastrier haben im irakischen Kurdistan seit 2015 zwischen 100.000 und 200.000 Konvertiten vom Islam hinzugewonnen.,0,[],[]
326,Die Zitadelle wurde 2011 zum UNESCO-Welterbe erklärt.,0,[],[]
1751,Die Zeitmaschine wurde 1895 veröffentlicht.,0,[],[]
634,"Die Zeit, die diskutiert wird, ist die Gegenwart.",0,[],[]
598,Die Wikinger reisten mit ihren Langschiffen.,0,[],[]
1662,"Die wichtigsten Sehenswürdigkeiten von Barbados sind Bridgetown, die Hauptstadt, sowie der Hafen Deep Water Harbour.",0,[],[]
565,"Die wichtigsten Räume, einschließlich den Sitzungszimmern für die Parlamentskammern und Ausschüsse, befinden sich im ersten Stockwerk.",0,[],[]
671,Die Werke stammen aus dem 8. bis 12.,0,[],[]
575,Die von RT-Business Development eingesetzte Strategie heißt Rostec-Strategie.,0,[],[]
65,Die Violettgraue Kapseleule gehört zur Familie der Eulenfalter (Noctuidae).,0,[],[]
1720,Die Versorgungslinien wurden abgeschnitten.,0,[],[]
139,"Die Verluste der Kreuzfahrer sind unbekannt, die der Ägypter werden in manchen Quellen mit 10–12.000 angegeben.",0,[],[]
1440,Die Verfilmung begann am 15.,0,[],[]
631,Die Vampirarmee mit den neuen Silberwaffen.,0,[],[]
1723,"Die USA versuchten ein Friedensabkommen unter Einbindung von Prinz Sihanouk durchzusetzen, aber es scheiterte.",0,[],[]
1579,Die USA entstanden ursprünglich aus dreizehn Kolonien.,0,[],[]
613,Die US Open 2007 wurden vom 27.,0,[],[]
1328,Die ursprüngliche tonganische Flagge war weiß mit einem roten Kreuz in der Mitte.,0,[],[]
1430,Die Ursachen für Unterschiede sind oft nicht vollständig geklärt.,0,[],[]
1860,"Die Universität, an der Genevieve Nnaji studierte, wurde jedoch erwähnt: Sie studierte an der Universität von Lagos.",0,[],[]
1445,"Die UNITA-Rebellen in Angola und die Revolutionary United Front-Rebellen (RUF) in Sierra Leone handelten mit Konfliktdiamanten, um an Waffen zu kommen.",0,[],[]
1529,Die Umfrage wurde im Jahr 2003 durchgeführt.,0,[],[]
1655,Die Umbridae und Esocidae sind nicht Familien von Strahlenflosser-Fischen.,0,[],[]
917,Die Uhr seines Vaters.,0,[],[]
482,"Die toten britischen Gefallenen wurden in einem Massengrab auf dem Grundstück beigesetzt, während die indischen Toten liegen gelassen wurden.",0,[],[]
893,Die Tochter des MySQL-AB-Mitbegründers Michael Widenius.,0,[],[]
198,Die Temperatur im äußeren Halo beträgt etwa 15.000 K.,0,[],[]
715,"Die Technologie, die mit den vorhandenen Schwarz-Weiß-Fernsehern inkompatibel war, war die Farbfernsehtechnologie, die CBS im Jahr 1940 einsetzte.",0,[],[]
184,Die Tageslicht-Missionen der RB-45C wurden kurz nach Anfang 1952 zurückgezogen.,0,[],[]
1442,"Die Studios, wo der Film ""Fluch der Karibik 2"" gedreht wurde, gehörten Disney.",0,[],[]
1320,Die Streifen der Indischen Gazelle sind dunkelbraun.,0,[],[]
1386,"Die Stationen verfügen über viele Geldautomaten, Kiosken und andere Einrichtungen.",0,[],[]
1838,"Die Stadt ist in die vier Quadranten Northwest (NW), Southwest (SW), Northeast (NE) und Southeast (SE) eingeteilt.",0,[],[]
1470,Die Sprengsätze wurden in der Station Ploschtschad Wosstanija und zwischen den Stationen Sennaja Ploschtschad und Technologitscheski Institut in der Metro Sankt Petersburg gezündet.,0,[],[]
642,Die Sprachsynthese-Software MacInTalk von Apple wurde zur Generierung der Stimme des Bordcomputers Otto verwendet.,0,[],[]
1407,Die Sozialistische Linkspartei (SLP) ist eine trotzkistische Kleinstpartei in Österreich.,0,[],[]
643,Die Slowakei nimmt seit 1994 an den Olympischen Spielen teil.,0,[],[]
694,Die Schiffe werden nicht explizit durch etwas getarnt.,0,[],[]
398,Die Santa Ana Freeway verläuft durch die Tehsils Berasia und Huzur im Distrikt Bhopal.,0,[],[]
1371,Die Rockband The Eagles wurde 1971 in Los Angeles gegründet.,0,[],[]
1088,"Die RMS Queen Mary 2 ist das einzige Passagierschiff, das als Kreuzfahrtschiff eingesetzt wird.",0,[],[]
443,Die Ringstraße Nr.,0,[],[]
1985,"Die Revolutionären Obleute begannen sich zu bewaffnen, um den Sturz der Regierung Ebert aufzurufen.",0,[],[]
1369,Die Revolution in Russland fand Anfang 1917 statt.,0,[],[]
1808,Die Republik von Kiribati hieß vorher die Gilbertinseln.,0,[],[]
683,Die Reichweite des Gewehrs soll angeblich aus drei Kilometer Entfernung treffen können.,0,[],[]
1495,"Die Region wurde von den Kulturen Gujarats, Rajasthans und Marathas beeinflusst.",0,[],[]
1973,Die Räte wurden ausgeschaltet.,0,[],[]
831,Die Querbinde der Königskobra ist hellbeiger bis weißlich.,0,[],[]
1683,Die Qualifikationsrunde endete am 15.,0,[],[]
1801,Die Pyramide war ursprünglich 49 Meter hoch.,0,[],[]
159,Die Provinz liegt am nordöstlichen Rand von Thailand und grenzt an Laos mit dem Mekong als natürliche Grenze.,0,[],[]
440,"Die Produktionsstätten des Automobilherstellers Mercedes-Benz befinden sich weltweit, nicht nur in Europa, sondern auch im Ausland.",0,[],[]
1346,Die privaten SSH-Schlüssel können mit einem Passwort geschützt werden.,0,[],[]
1231,Die Pressekonferenz fand am 16.,0,[],[]
1722,die Positionen des Premierministers und des Verteidigungsministers,0,[],[]
628,Die Plantage gehört Jack Barts.,0,[],[]
593,"Die Penny-Münzen werden verwendet, um den Schwerpunkt des Pendels zu verändern und somit die Schwingdauer zu optimieren.",0,[],[]
571,Die Peers' Lobby diente als Versammlungsraum und Informationszentrum für die Mitglieder des House of Lords.,0,[],[]
1356,"Die Passagiere standen vor dem Problem, ohne Ausrüstung, mit begrenztem Proviant und ohne Karten einen elf Tage dauernden Abstieg vom Auyan-Tepui zu bewältigen.",0,[],[]
1966,Die Parteiführer der SPD hielten die Handlungen des Rates für störend.,0,[],[]
1420,"Die Ovula Nabothi wurden nach Martin Naboth benannt, einem Leipziger Arzt.",0,[],[]
190,Die Originalversionen der Umineko-Spiele verfügten über sehr einfache Grafiken.,0,[],[]
1030,"Die offiziellen Sprachen der Komoren sind Komorisch, Arabisch und Französisch.",0,[],[]
1988,Die Novemberrevolution wird von den Deutschen nicht gerne gedacht.,0,[],[]
1999,"Die Normannen begannen, die adriatische Küste des Herzogtums Benevent zu erobern.",0,[],[]
453,Die neue Hauptfassade wurde als Hintergrund für das Victoria Memorial entworfen.,0,[],[]
589,Die neue Glocke wurde am 10.,0,[],[]
149,Die Nester der Gentoo-Pinguine bestehen normalerweise aus einem kreisförmigen Stapel von Steinen.,0,[],[]
1694,Die Nationalversammlung von St.,0,[],[]
944,"Die NASA berichtete, dass unterirdische Wasserreservoirs dicht unter der Oberfläche des Enceladus gefunden wurden, aber die genaue Tiefe wurde nicht angegeben.",0,[],[]
390,"Die Namen der sechs Hauptcharaktere der Show sind Rachel, Monica, Phoebe, Joey, Chandler und Ross.",0,[],[]
1663,Die Mythologie der Griechen.,0,[],[]
1013,Die Mutter von Yagnik ist Shubha Yagnik.,0,[],[]
1014,Die Mutter von Elizabeth Hurley arbeitete als Lehrerin an der Kempshott Infant School.,0,[],[]
932,"Die Mutter von Arthur Conan Doyle hieß Mary, geb.",0,[],[]
573,Die Motoren werden für militärische und zivile Luftfahrt- und Weltraumforschungsprogramme gebaut.,0,[],[]
1022,Die mongolische Saiga-Unterart kommt nur in der westlichen Mongolei vor.,0,[],[]
856,"Die Mitgliedsländer des Ostsee-NRO-Forums waren Weißrussland, Dänemark, Estland, Finnland, Deutschland, Island, Lettland, Litauen, Polen, Russland, Norwegen und Schweden.",0,[],[]
1363,"Die Mekka-Moschee befindet sich in Hyderabad, im 2014 neugeschaffenen indischen Bundesstaat Telangana.",0,[],[]
26,Die meisten vom Cyclone-Motor angetriebenen Hawks 75A-8 wurden an einen norwegischen Trainingsstützpunkt nahe Toronto in Kanada geliefert.,0,[],[]
1507,"Die meisten RDBMS-Systeme, die OLTP-fokussiert sind, sind eher zeilenorientiert.",0,[],[]
1828,Die meisten akademischen Institutionen der Tschechischen Akademie der Wissenschaften befinden sich in Prag und in anderen Städten Tschechiens.,0,[],[]
588,Die Mehrheitsaktionärin von Airlinair sind private Investoren mit etwa 80 %.,0,[],[]
1983,"Die Mehrheit hoffte weiter, die Macht durch fortgesetzte Agitation in den Betrieben und den Druck der „Straße“ zu erringen.",0,[],[]
809,Die Mehrheit der Bevölkerung in Leeds bezeichnet sich als christlich.,0,[],[]
1813,Die maximalen Spieler pro Mannschaft betrugen 23.,0,[],[]
1559,Die männlichen Wehrpflichtigen in der Schweizer Armee sind im Alter zwischen 20 und 34 Jahren.,0,[],[]
11,Die Magdiwang-Fraktion und die Magdalo-Fraktion wurden gespalten.,0,[],[]
1453,Die Luftfahrtrakete landete in der Inneren Mongolei.,0,[],[]
241,Die Lord’s Resistance Army (LRA).,0,[],[]
1301,Die Lokalkomitees (LCs) sind für den Kontakt zu pflegen.,0,[],[]
263,Die Liste folgt weitgehend der Klassifizierung von Werdelin und Solounias (1991) sowie McKenna und Bell (1997) für ausgestorbene Vertreter und wird durch Wozencraft (2005) ergänzt.,0,[],[]
1171,Die Lippenhaut trocknet schneller aus und wird leichter spröde.,0,[],[]
1284,Die letzte Edition der aktuellen chinesischen Währung wurde seit dem 1.,0,[],[]
208,Die letzte 747-300 ging an die belgische Sabena.,0,[],[]
493,"Die laotische Hauptstadt Vientiane (Viang Chan) liegt auf der anderen Seite des Mekong gegenüber von Nong Khai, die im Tal des Mekong liegt.",0,[],[]
478,Die Länge eines Orangespechts beträgt 26–29 cm.,0,[],[]
1494,Die Länder werden alphabetisch geordnet auf dem gleichen Rang geführt.,0,[],[]
1020,Die Kubakrise befand sich 1962 auf dem Höhepunkt.,0,[],[]
284,Die Krönung Georgs IV.,0,[],[]
1676,Die Krönung fand am 28.,0,[],[]
301,Die Königin weilte auf Balmoral Castle im Urlaub.,0,[],[]
176,Die Kathedrale ist komplett aus roten Ziegeln erbaut.,0,[],[]
1604,Die Kammern des Grabes von Hor-Aha waren rechteckig und umfassten drei wesentlich größere Kammern.,0,[],[]
1158,Die Jōyō-Kanji-Liste wurde 1981 eingeführt.,0,[],[]
414,Die Jahresdurchschnittstemperatur beträgt relativ gleich bleibend 26 °C.,0,[],[]
400,Die Interstate 5 verläuft durch Eugene.,0,[],[]
113,Die Internet-Symbolleiste von Google heißt Google-Toolbar.,0,[],[]
762,Die Informationen zur Person Aich sind nicht verfügbar.,0,[],[]
517,"Die indische Verfassung sieht vor, dass das Unterhaus des Parlaments, die Lok Sabha, alle fünf Jahre neu gewählt werden muss.",0,[],[]
1324,"Die höchste jemals gemessene Temperatur von 42,2 Grad Celsius wurde im Juli 1936 aufgezeichnet.",0,[],[]
829,Die Hauptstadt von Laos ist Vientiane.,0,[],[]
1652,Die Hauptstadt Somalis heißt Jijiga.,0,[],[]
627,"Die Hauptreligion im Gebiet von British-Indien, das zu Pakistan wurde, war Muslimisch.",0,[],[]
1892,"Die Hauptinseln in Malampa sind Malakula, Ambrym und Paama.",0,[],[]
234,Die Hauptfunktion der kleinen Vorstädten und Stadtmitten in Canberra war der Brennpunkt gewerblicher und sozialer Aktivitäten.,0,[],[]
150,"Die Grundkonstruktion der Flugzeuge stammt aus dem firminternen Northrop-Projekt N-300, das bereits 1965 entworfen wurde.",0,[],[]
556,Die größte Monster-Truck-Serie ist Monster Jam.,0,[],[]
1544,Die größte Ausdehnung von Weißrussland vom Westen nach Osten beträgt 650 km.,0,[],[]
584,Die Great Trigonometrical Survey diente der Grundlagenvermessung des Indischen Subkontinents durch trigonometrische Vermessungsnetze.,0,[],[]
789,"Die Geschmackssorten sind Vanille, Himbeere, Orange, Heidelbeere, grüner Apfel und Zitrone sowie Kirsche.",0,[],[]
1839,"Die geschätzte Zahl der Toten bei der Flutkatastrophe in China 1931 reicht von 145.000 bis 3,7 Millionen.",0,[],[]
1098,Die gemeinsame Sprache und vor allem Ethnie werden von den Südkoreanern als wichtiger Bestandteil der Identität betrachtet.,0,[],[]
90,Die Fubuki sank bereits kurz nach Gefechtsbeginn.,0,[],[]
545,Die Frist für die Angabe des Interesses war bis zum 15.,0,[],[]
1553,Die französische Armee stand im März 1689 auf der Seite von König Jakob.,0,[],[]
116,Die Franklin wollte über Pearl Harbor nach Eniwetok und anschließend an verschiedenen Operationen im Pazifik teilnehmen.,0,[],[]
1704,"Die Frage kann nicht beantwortet werden, da in den bereitgestellten Texten keine Informationen über die Besiedlung von St.",0,[],[]
514,"Die Frage kann nicht beantwortet werden, da in den bereitgestellten Texten keine Informationen über den Namen, den Raj seinen Freunden gab, enthalten sind.",0,[],[]
984,"Die Frage ist unklar, da sie nicht spezifiziert, welche Stadt gemeint ist.",0,[],[]
798,"Die Frage ist nicht klar genug formuliert, um sie auf die gegebenen Texte bezüglich einer spezifischen Technik zu beantworten.",0,[],[]
1137,"Die Frage ist nicht klar genug formuliert, um sie auf die angegebenen Texte bezüglich einer spezifischen Linie zu beantworten.",0,[],[]
1263,Die Frage ist nicht klar formuliert.,0,[],[]
1901,Die Fortpflanzungszeit der Puerto-Rico-Amazone dauert von Januar bis Juli.,0,[],[]
781,Die Fläche des Agra-Bezirks beträgt 4041 km².,0,[],[]
543,Die Fische der Kardinalbarsche werden meistens 3 bis 25 Zentimeter lang und bleiben in der Regel kleiner als 10 Zentimeter.,0,[],[]
1319,Die finanziellen Probleme des Raffles Hotel wurden 1933 durch die Gründung der Aktiengesellschaft Raffles Hotel Ltd.,0,[],[]
903,"Die FIBA besteht aus Gründungsmitgliedern aus Argentinien, Griechenland, Italien, Lettland, Portugal, Rumänien, Schweiz und Tschechoslowakei.",0,[],[]
1866,Die Familie zog nach dem Attentat in das festungsartige Schloss Gattschina um.,0,[],[]
905,Die Familie zog im März 1974 von Chandigarh nach Bombay um.,0,[],[]
1786,"Die Familie des Weißrückengeiers, Milan und Bussard ist die Familie der Altweltgeier (Aegypiinae).",0,[],[]
1213,Die erwähnte Transportsystem war die Madeira-Mamoré-Eisenbahn.,0,[],[]
1226,Die erste offizielle Premiere von Kiss fand am 31.,0,[],[]
1726,Die erste Ausgabe der Geschichte des Niedergangs und dem Fall des römischen Reichs wurde zwischen 1776 und 1789 veröffentlicht.,0,[],[]
956,"Die Erde ist der Planet, für den die Sonne eine lebenswichtige Energiequelle ist.",0,[],[]
1968,Die Entente willigte in die Waffenstillstandsverhandlungen ein.,0,[],[]
1594,Die Entdeckung von Janus wird Audouin Dollfus am 15.,0,[],[]
1317,Die Eltern von David Cook heißen Beth Foraker (geb.,0,[],[]
1750,Die elektromagnetische Masse wird als das Ergebnis einer Selbstinduktion der Konvektionsströme im Äther interpretiert.,0,[],[]
1621,"Die Eisenbahnstrecke ist die wichtigste Infrastruktur, die Regierungen, dem Militär und der Wirtschaft von Siedlungen hilft.",0,[],[]
1914,"Die Einwanderung nach Puerto Rico führte zu einem auf der Landwirtschaft basierenden Wirtschaftswachstum mit den wichtigsten Produkten Zucker, Tabak und Kaffee.",0,[],[]
1916,Die Einheimischen von Puerto Rico haben im 19.,0,[],[]
1425,Die Ehe zwischen Britney Spears und Jason Alexander wurde nach 55 Stunden annulliert.,0,[],[]
163,Die durchschnittliche Körperlänge des Dickschnabelkittas beträgt 66 cm.,0,[],[]
650,"Die Dura mater ist die Membran, die mit der Arachnoidea sowie dem Schädelknochen eng verbunden ist.",0,[],[]
1882,Die dunkle Seitenlinie ist gut erkennbar.,0,[],[]
91,"Die Duncan wurde dem Wasser überlassen, während es in Flammen aufging.",0,[],[]
179,Die Dreharbeiten fanden vom 4.,0,[],[]
1135,"Die Dreharbeiten fanden hauptsächlich in Schottland statt, insbesondere in den Schottischen Highlands, Glasgow und Edinburgh.",0,[],[]
819,Die Dreharbeiten begannen im März 2011.,0,[],[]
635,Die Dreharbeiten begannen am 14.,0,[],[]
532,Die Diät des Beutelteufels hängt ab von den verfügbaren Nahrungsquellen.,0,[],[]
1009,Die Dermatophagie führt zu Blutungen und nach einer Zeit zu Verfärbungen der Haut.,0,[],[]
170,Die Deportierten waren im Zug 20 Stunden unterwegs.,0,[],[]
561,"Die dekorativen Vorbereitungen wurden von David Eccles, dem damaligen Minister für die Künste, geleitet.",0,[],[]
906,Die Datenbank heißt Geographic Names Information System (GNIS).,0,[],[]
16,Die Colgate University hieß 1846 Madison University.,0,[],[]
1303,Die CAA wurde von CEMS-Absolventen gegründet.,0,[],[]
1912,"Die Brücke, über die Clifford und seine Männer trafen, war die San-Antonio-Brücke.",0,[],[]
209,Die Boeing 747-400 war bis zum Erstflug der 747-8 das größte Passagierflugzeug der Welt.,0,[],[]
850,Die Boeing 737-200 flogen ursprünglich auf den Routen von London Luton nach Glasgow und Edinburgh.,0,[],[]
1418,Die Bevölkerungszahl nach der Volkszählung 2010 betrug 1.010.073 Bewohner.,0,[],[]
1811,Die Bevölkerung der Insel beträgt 127 Einwohner.,0,[],[]
1209,Die beste verfügbare Auflösung beträgt 15 cm.,0,[],[]
454,"Die Berichte über den Bombenangriff auf den Buckingham Palace wurden in Kinos in ganz Großbritannien gezeigt, um zu zeigen, dass auch Reiche wie Arme gemeinsam leiden mussten.",0,[],[]
31,"Die beliebteste Single des Albums war ""I'm Your Angel"", ein Duett mit R. Kelly, die sechs Wochen lang an der Spitze der amerikanischen Charts stand.",0,[],[]
774,Die Belagerung von Seringapatam fand 1799 statt.,0,[],[]
267,"Die bekanntesten Merkmale Thailands sind die Gebirge im Norden, die Zentralebene des Chao Phraya und eine Hochebene.",0,[],[]
100,Die bekannteste Art ist der Sesam (Sesamum indicum).,0,[],[]
108,"Die beiden Söhne, unter denen das Herzogtum unterteilt wurde, hießen Lambert und Guido II.",0,[],[]
4,Die beiden Hauptgründe für die Annullierung von Flügen waren schlechte Sichtweite und Ascheansammlungen auf den Flughäfen.,0,[],[]
1044,Die beiden am häufigsten und üblicherweise angewendeten Projektionen bei der Mammographie sind die cranio-caudale Abbildung und die MLO-Aufnahme.,0,[],[]
261,Die Beeren werden traditionell von Hand geerntet.,0,[],[]
218,"Die Beeren haben je nach Sorte grün, gelb bis purpurrot.",0,[],[]
1194,Die Auslöser für Gastroschisis sind nach wie vor nicht geklärt.,0,[],[]
1931,Die Armut.,0,[],[]
1632,"Die am weitesten verbreitete Religion auf Nauru ist der Nauru Congregational Church mit 35,7 % der Bevölkerung.",0,[],[]
406,Die ältesten Minen befinden sich in Cerrillos (New Mexico).,0,[],[]
1753,Die alte Definition für die longitudinale und transversale Masse wurde überflüssig.,0,[],[]
1917,Die aktuelle Währung in Puerto Rico ist der US-Dollar.,0,[],[]
1834,Die ägyptische Stella von Wadji ist im Louvre zu sehen.,0,[],[]
1620,"Die afghanischen Nachrichtenmedien verkündeten, Taraki sei an einer „unbekannten Krankheit"" gestorben, während die Wahrheit darin lag, dass er wahrscheinlich mit einem Kissen erstickt wurde.",0,[],[]
985,Die A944 führt auch nach Westen durch Alford.,0,[],[]
986,"Die A92 dient heute als touristische Route, nachdem die A90 gebaut wurde.",0,[],[]
327,DFW ist der IATA-Code und der Name des internationalen Verkehrsflughafens zwischen Dallas und Fort Worth im Bundesstaat Texas.,0,[],[]
135,Dezember am Espírito Santo angekommen.,0,[],[]
1747,Dezember als Fraktionsvorsitzender der CDU/CSU-Fraktion im Deutschen Bundestag Oppositionsführer.,0,[],[]
1394,Dezember 2011 vom Weltraumteleskop Kepler entdeckt.,0,[],[]
384,Dezember 2005 wurde Awair in Indonesia AirAsia umbenannt.,0,[],[]
1447,Dezember 2000.,0,[],[]
1226,Dezember 1973 in der Academy of Music in New York statt.,0,[],[]
1594,Dezember 1966 zugesprochen.,0,[],[]
1519,Dezember 1950.,0,[],[]
206,Dezember 1935 von seinem Amt zurück.,0,[],[]
408,Dezember 1922 herausgegeben.,0,[],[]
1161,Dezember,0,[],[]
372,Deutschland hat maßgeblich bei der Gründung empirischer Wissenschaften und der Entwicklung verschiedener Industrien kontribuiert.,0,[],[]
1945,Deutscher.,0,[],[]
348,Deutscher,0,[],[]
1922,Des Moines ist die Hauptstadt und größte Stadt des US-Bundesstaates Iowa.,0,[],[]
505,Der zweite Platz und ein Laureate Diplom.,0,[],[]
1097,Der Zweite Englisch-Birmanische Krieg brach 1852 aus.,0,[],[]
1581,"Der Zustand wurde als ""Pax Britannica"" bezeichnet.",0,[],[]
324,Der Widerstand und die Ablehnung unter den Hardlinern der Nomenklatur wuchs.,0,[],[]
860,Der Welttag der NRO.,0,[],[]
1410,Der W3C wurde im Herbst 1994 geschaffen.,0,[],[]
1769,Der Verwaltungssitz von Wood County im Bundesstaat Ohio der Vereinigten Staaten ist Bowling Green.,0,[],[]
560,"Der Vertrag zur Vereinigung der Streitkräfte, der Währung und des Wirtschaftsraumes in der Konföderation Senegambia wurde nach dem versuchten Schlag versucht zu erreichen.",0,[],[]
321,Der Vertrag wurde am 28.,0,[],[]
1212,Der Vertrag von Petrópolis wurde am 17.,0,[],[]
1485,Der Vertrag von London wurde 1604 geschlossen.,0,[],[]
1551,"Der Versuch, den Herzog von York aus der Thronfolge auszuschließen, führte zur Herausbildung des englischen Zweiparteiensystems.",0,[],[]
1670,Der Vater von Philipp II.,0,[],[]
1556,Der ursprüngliche Name von Leo war Konon.,0,[],[]
1127,Der Unabhängigkeit Bangladeschs geht auf den Bangladesch-Krieg zurück.,0,[],[]
358,Der Umzug wird vom Münchner Kindl angeführt.,0,[],[]
692,Der Turibaum (Sesbania grandiflora) gehört zur Familie der Hülsenfrüchtler (Fabaceae).,0,[],[]
484,Der Süden Chinas wurde von Kriegen erschüttert.,0,[],[]
1802,"Der Substruktur wurde in einem tiefen, offenen Graben erbaut.",0,[],[]
961,Der Stern Mirach ist ca.,0,[],[]
1260,Der Staatspräsident verfügt über weitreichende Exekutivvollmachten und versteht sich als Oberhaupt der Regierung sowie der Streitkräfte.,0,[],[]
669,Der South Nahanni River entspringt am Mount Christie in den Mackenzie Mountains auf einer Höhe von 1600 m.,0,[],[]
1520,"Der Sitz von Pixar befindet sich in Emeryville, Kalifornien.",0,[],[]
1337,Der Sheriff in Selma war Jim Clark.,0,[],[]
1323,"Der schneereichste Winter, der jemals aufgezeichnet wurde, war der Winter 1983/84, als 2,5 Meter Schnee fielen.",0,[],[]
277,"Der Schlüssel, um das Fläschchen mit Christi Blut zu besorgen, wurde bei Schwester Victorias Leiche gefunden.",0,[],[]
67,Der Rumpf des Schiffwracks Royal Oak steigt bis 5 Meter Tiefe auf.,0,[],[]
1882,"Der Rücken ist dunkelgrau, die Färbung wird an den Seiten zunehmend heller, der Bauch ist fast weiß.",0,[],[]
625,Der Riesenerst Kochab gehört der Spektralklasse K4 und der Leuchtkraftklasse III an.,0,[],[]
136,Der Rest des Heiligen Kreuzes wurde am 5.,0,[],[]
1975,Der Rat der Volksvertreter endete am 7.,0,[],[]
873,Der Qiantang-Fluss hieß früher Zhe Jiang.,0,[],[]
572,"Der protestantische König Jakob I., seine Familie und ein Großteil der Aristokratie wäre getötet worden.",0,[],[]
1545,Der Präsident von Weißrussland ist Alexander Lukaschenko.,0,[],[]
1433,"Der Patient wird zum Pressen des Schließmuskelapparates angehalten, um prolabierende Hämorrhoiden zweiten und dritten Grades zu erkennen.",0,[],[]
450,Der Palast sollte die Hauptresidenz der britischen Monarchen sein.,0,[],[]
1925,Der OFID-Sitz befindet sich in Wien.,0,[],[]
899,Der offizielle Spielball für Männer wiegt zwischen 567 und 650 Gramm.,0,[],[]
1634,Der Oberste Richter sitzt bei der Beschwerdekammer für den öffentlichen Dienst und der Polizeibeschwerdekammer.,0,[],[]
546,Der Name von Gouldings zweitem Album ist Halcyon.,0,[],[]
1537,"Der Name Konstanz stammt entweder von Kaiser Constantius I., der um 300 n. Chr.",0,[],[]
1616,Der Name Epimetheus wurde offiziell am 30.,0,[],[]
419,Der Name des Schiffes wurde am 1.,0,[],[]
1262,"Der Name des Kerns, der von Intel im Jahr 2002 herausgegeben wurde, ist Northwood.",0,[],[]
638,Der Name Barclay wurde erstmals 1736 im Zusammenhang mit dem Bankhaus verwendet.,0,[],[]
1709,Der Minneapolis-St.,0,[],[]
1963,Der Massenprotest führte zu einem allgemeinen Aufstand.,0,[],[]
1689,Der Manchinelbaum wird als am gefährlichsten erachtet.,0,[],[]
1586,Der letzte Vizekönig des Staates war Lord Mountbatten.,0,[],[]
601,"Der letzte gewählte polnische König, also der letzte Herrscher im Zentrum des polnischen Klassizismus, war Stanislaus II.",0,[],[]
1964,"Der letzte erwähnte deutsche Monarch ist Günther Victor von Schwarzburg-Rudolstadt, der ebenfalls zur Abdankung gezwungen wurde.",0,[],[]
1159,Der Koran.,0,[],[]
1160,Der Koran besteht aus 114 Suren.,0,[],[]
1761,Der Kodiakbär gehört zur Bärenart des Braunbären.,0,[],[]
1991,Der Katepano Johannes Kurkuas wurde Anfang 1010 im Kampf getötet.,0,[],[]
1698,Der Kanadische Schild befindet sich im Nordosten Minnesotas.,0,[],[]
377,"Der Juri besteht aus einem Schriftstellervertreter, zwei Verlegern, einem Literaturagenten, einem Buchhändler, einem Bibliothekar sowie einem Moderator und Vorsitzenden der Stiftung.",0,[],[]
1702,Der Jahresniederschlag in Minnesota variiert von etwa 480 mm im Nordwesten bis zu 860 mm im Südosten.,0,[],[]
249,Der italienische Fußballverein AS Viterbese Castrense spielt derzeit in der Serie C.,0,[],[]
945,Der indische Multikonzern United Breweries Group war bei der Gründung Besitzer von Kingfisher Airlines.,0,[],[]
1078,"Der höchste Punkt Schwedens, der Kebnekaise, liegt bei etwa 2.100 m über dem Meeresspiegel.",0,[],[]
1398,Der höchste Gipfel von Antarktika ist Mount Vinson mit 4892 Metern.,0,[],[]
1503,Der Himalaya-Glanzfasan kommt vom östlichen Afghanistan bis zur Ostgrenze Bhutans und in Teilen Tibets vor.,0,[],[]
815,"Der heutige Name von De architectura ist ""Die Zehn Bücher über Architektur"".",0,[],[]
721,Der Herzbube wird in Alice im Wunderland wegen Diebstahls vor Gericht gestellt.,0,[],[]
30,Der Hawk 75A-5 wurde zuerst in China unter Lizenz gebaut und dann die Produktion nach Indien verlegt.,0,[],[]
1558,Der Hauptunterschied zwischen Demand Chain Management (DCM) und Supply Chain Management (SCM) liegt in der Betonung auf die Nachfrageseite.,0,[],[]
780,Der Hauptsitz von Agras befindet sich in Agra.,0,[],[]
417,Der Hahn wurde im Nationalpark Gunung Leuser im Hochland von Gayo beobachtet.,0,[],[]
377,"Der Gewinner des Booker Prize wird durch einen Juri ausgewählt, der jedes Jahr neu bestimmt wird.",0,[],[]
408,Der Generalbefehl wurde am 6.,0,[],[]
141,"Der General, der vom Samosmilitär gewählt wurde, war Thrasyllos.",0,[],[]
250,Der Fußballverein AS Viterbese Castrense sitzt in Viterbo.,0,[],[]
371,der freiwillige Wehrdienst,0,[],[]
1219,"Der Fluss Tschüi verhilft dem Land zur Fruchtbarkeit, da er für die intensive Bewässerung der fruchtbaren Böden verwendet wird.",0,[],[]
72,"Der Flughafen Schönefeld wurde planmäßig ausgebaut, um zum wichtigsten Passagier- und Luftfracht-Flughafen der Hauptstadtregion und Deutschlands (neben Frankfurt und München) zu werden.",0,[],[]
1383,"Der Film war bei den Golden Globe Awards 2008 in fünf Kategorien nominiert, darunter Bester Film – Komödie oder Musical, Bester Hauptdarsteller – Komödie oder Musical, Beste Nebendarstellerin, Bester Nebendarsteller und Bestes Filmdrehbuch.",0,[],[]
699,"Der Film ""The Equalizer"" kam am 9.",0,[],[]
1279,"Der Fǎbì wurde eingeführt, um den privaten Besitz von Silber zu verbieten und die Silberbestände der Geschäftsbanken zu enteignen.",0,[],[]
670,"Der erste Trailer wurde im Februar 2001 veröffentlicht, was andeutet, dass die Organisation im Februar 2001 startete.",0,[],[]
404,Der erste Solo-Aufstieg des Projekts wurde auf der Nordwand des Cholatse (6440 m) und der Ostwand des Tawoche (6505 m) durchgeführt.,0,[],[]
1040,Der erste Jogging-Club wurde 1961 gegründet.,0,[],[]
162,"Der erste Abspann-Titel ""Odoru Akachan Ningen"" wurde von Kenji Otsuki und Fumihiko Kitsutaka gesungen.",0,[],[]
1060,Der Erfolg Kiplings mit seinen Werken in den frühen 1930er Jahren ging zurück.,0,[],[]
485,"Der Englische Schweiß wird auch als Sudor anglicus, Schweißfieber, Schweißsucht, pestis sudorosa, Sudor Anglicus, Schweißkrankheit oder kalter Schweiß genannt.",0,[],[]
1167,Der Debüt-Film dieser Person gehörte zum DramenGenre.,0,[],[]
374,Der dadurch erlittene Schaden war für das Bakufu immens.,0,[],[]
1155,Der Da Vinci Code erschien 2003.,0,[],[]
431,Der Coppermine River entspringt beim Lac de Gras.,0,[],[]
934,Der Club wurde im Jahr 1899 gegründet.,0,[],[]
805,Der Chobe-Nationalpark wurde in einen Nationalpark verwandelt.,0,[],[]
1880,Der Broadway wurde für eine Minute komplett verdunkelt.,0,[],[]
531,Der Beutelteufel ist das größte noch lebende fleischfressende Beuteltier.,0,[],[]
791,Der Bechdel-Test wurde 1985 zum ersten Mal bekannt gemacht.,0,[],[]
376,Der Bauvertrag mit der John F. Kennedy betrug 374 Mio.,0,[],[]
784,"Der Bau des Klosters dauerte von 1298 bis 1448, was rund 149 Jahre betraf.",0,[],[]
787,Der Auftritt fand 1955 statt.,0,[],[]
1888,"Der atlantische Riesenzackenbarsch wird seltener vor Neuengland, Maine oder Massachusetts gefunden.",0,[],[]
289,Der Andamanensee und der Golf von Thailand grenzen an die Landenge.,0,[],[]
510,"Der amerikanische Wirtschaftswissenschaftler Richard McKenzie begann im Jahre 1982 neue Begriffe wie ""Konstitutionelle Ökonomie"" zu erfinden.",0,[],[]
1304,"Der Alumni-Vorstand besteht aus dem CAA-Präsidenten, dem CEMS Executive Director, einem Vertreter des CEMS-Studentenvorstands, einem Vertreter der CEMS-Mitgliedshochschulen, 3 Local-Committee-Vertretern, 2 Senior-Alumni und 2 Junior-Alumni.",0,[],[]
626,Der 3.,0,[],[]
1969,den Thronverzicht gefordert.,0,[],[]
1918,debütierte im Lucha Libre Wrestling mit 14 Jahren.,0,[],[]
974,"Dean war neun Jahre alt, als seine Mutter starb.",0,[],[]
975,Dean machte during seiner Zeit bei UCLA mit James Whitmores Theater-Workshop.,0,[],[]
610,Dass er ein Idiot ist.,0,[],[]
162,"Das zweite Abspannlied ""Modokashii Sekai no Ue de"" wurde von Yui Makino gesungen.",0,[],[]
857,"Das Ziel war, die Menschen zu inspirieren, sie aktiver in Nichtregierungsorganisationen (NROs) einzuführen und eine stärkere Symbiose zwischen NROs und dem öffentlichen und privaten Sektor zu fördern.",0,[],[]
1041,"Das Ziel des Joggens ist das Steigerung der körperlichen Ausdauer und physischen Leistungsfähigkeit, das Stärken des Herz-Kreislauf-Systems sowie die Förderung einer positiven Energiebilanz bei Übergewichtigen.",0,[],[]
858,"Das Ziel der NROs ist, weltweit einzelne Personen über NROs und deren Auswirkungen aufzuklären.",0,[],[]
1768,"Das Wort Rex bedeutet ""König"" in lateinischer Sprache.",0,[],[]
1408,Das World Wide Web wurde 1991 bis 1993 erschaffen.,0,[],[]
1471,Das wissenschaftliche Modell für Quarks wurde Anfang der 1960er Jahre unabhängig voneinander vorgeschlagen.,0,[],[]
1385,"Das vollständige Name der Firma Wipro war ursprünglich ""Western India Vegetable Products Limited"".",0,[],[]
1451,Das TRIPS-Abkommen muss ratifiziert werden.,0,[],[]
1783,Das Spielergebnis zwischen Australien und Neuseeland war 2:0 und 4:1 im Rahmen der Qualifikation zur Fußball-Weltmeisterschaft.,0,[],[]
168,Das Spiel Five Nights at Freddy's: Sister Location wurde am 7.,0,[],[]
223,"Das seltene Lebensgebiet, in dem das Zebra der Ebenen herumstreift, sind die geschlossenen Gras- und Parklandschaften mit Akazien- und Commiphora-Beständen.",0,[],[]
133,Das Schiff Honolulu trat 1939 der Pazifikflotte bei.,0,[],[]
672,Das Sarvadarshanasaṃgraha wurde im 14.,0,[],[]
550,Das Realgymnasium in Jena.,0,[],[]
276,Das Prokopfeinkommen betrug 17.210 USD.,0,[],[]
127,Das Projekt wird von dem deutschen Manager Klaus Kleinfeld geleitet.,0,[],[]
1116,Das Projekt heißt phoneME.,0,[],[]
39,"Das Problem wurde dahingehend vereinfacht, dass die Anziehung lediglich auf einer Seite des Berges betrachtet wird.",0,[],[]
1610,Das Poland-Syndrom tritt bei Männern häufiger auf.,0,[],[]
1164,Das Patent für Pageranking wurde an der Stanford University entwickelt.,0,[],[]
283,"Das Parlament ist in der Lage, die Macht eines Prinzen zu begrenzen.",0,[],[]
712,Das Pantanal befindet sich hauptsächlich im mittleren Südwesten von Brasilien in den Bundesstaaten Mato Grosso und Mato Grosso do Sul.,0,[],[]
151,"Das P-530 wurde ursprünglich als Mehrzweckkampfflugzeug entworfen, während das P-600 strikt als reines Jagdflugzeug konzipiert wurde.",0,[],[]
1572,Das neunte Kind war Graf.,0,[],[]
456,Das Musikzimmer ist das Zentrum der Staatsgemächer.,0,[],[]
785,Das Museums-Haus Gaudí wurde am 28.,0,[],[]
526,Das moderne Usbekische und das Uigurische sind am nächsten mit Chagatai verwandt.,0,[],[]
1502,"Das Männchen des Himalaya-Glanzfasans wiegt bis zu 2,5 kg.",0,[],[]
645,Das Liberale Forum befand sich in Österreich.,0,[],[]
477,Das Landhaus des Vizekönigs in Darjiling.,0,[],[]
1028,"Das Land, in dem diese Provinz liegt, ist die Demokratische Republik Kongo.",0,[],[]
414,Das Klima auf der Inselgruppe ist tropisch warm ohne ausgeprägte Jahreszeiten.,0,[],[]
799,Das Kızılay Derneği ist nach dem Krankenhaus des Türkischen Roten Halbmonds benannt.,0,[],[]
1642,Das Kiefergelenk von Säugetieren besteht aus den Deckknochen Dentale (dem zahntragenden Unterkieferknochen) und Squamosum (kleiner Schädelknochen).,0,[],[]
416,"Das Kaliber des AA-52 beträgt 7,62 Millimeter.",0,[],[]
1498,Das Jasper Ridge Biological Preserve wird von Biologen für Forschungszwecke genutzt.,0,[],[]
363,Das jährliche Durchschnittseinkommen der Männer betrug 24.861 USD.,0,[],[]
1448,Das Jahr 1971.,0,[],[]
1924,"Das Hauptziel der OFID besteht in der Förderung der Süd-Süd-Kooperation mit anderen Entwicklungsländern weltweit mit dem Ziel, die Armut gänzlich zu überwinden.",0,[],[]
752,Das Hauptquartier von Reliance Industries Limited befindet sich in Mumbai.,0,[],[]
481,Das Grundstück wird heute vom National Botanical Research Institute von Indien genutzt.,0,[],[]
1936,Das Grove-Element wurde ab den 1860er Jahren durch Gravity-Daniell-Elemente abgelöst.,0,[],[]
742,Das Grabmal des Gladiators befindet sich in Sizilien.,0,[],[]
541,Das Glas für die Säulen wurde vom Emmaboda glasverk in Schweden entwickelt.,0,[],[]
1841,Das Geschäft auf der Rue Royale wurde 1871 während der Pariser Kommune niedergebrannt.,0,[],[]
595,"Das Gelände wurde 1771 geräumt, auf dem dann das Sandringham Hall gebaut wurde.",0,[],[]
557,Das Fernsehen wird als Beitrag zur Premier League bezeichnet.,0,[],[]
405,Das Farbspektrum von Türkis ist sehr variabel und reicht von weiß über hellblau bis hin zu tiefblau.,0,[],[]
496,Das erste Tier im Sternzeichenzyklus ist die Ratte (Maus).,0,[],[]
1095,Das erste Regelwerk für Handball wurde 1906 verfasst.,0,[],[]
1679,Das erste Flugzeug landete erstmals in Candler Field am 15.,0,[],[]
27,"Das Ende der letztenden Argentinischen Hawks war 1964, als einige davon noch von hochrangigen Offizieren in Betrieb gehalten wurden.",0,[],[]
157,Das Durchschnittseinkommen eines Haushalts betrug 27.066 USD.,0,[],[]
148,Das Durchschnittseinkommen der Männer betrug 28.884 USD.,0,[],[]
1584,"Das dritte Gesetz wurde 1914 verabschiedet, konnte aber wegen des Ausbruchs des Ersten Weltkriegs nicht umgesetzt werden.",0,[],[]
754,Das Dream Theater wurde im September 1985 gegründet.,0,[],[]
273,"Das Dorf Trang ist in 10 Bezirke gegliedert, die jeweils in 87 Unterbezirke aufgeteilt sind.",0,[],[]
310,Das Café de la Régence in Paris war etwa von der Mitte des 18. bis zur Mitte des 19.,0,[],[]
1128,Das Bauwerk besteht aus sieben dreieckig geformten Wänden.,0,[],[]
362,Das Barbour County befindet sich im Bundesstaat West Virginia der Vereinigten Staaten.,0,[],[]
1649,Das Aufrechterhalten einer konstanten Körpertemperatur wird durch Wärmedämmung beschrieben.,0,[],[]
1447,Das 20.,0,[],[]
319,"DAP steht für Diammoniumhydrogenphosphat, ein Ammoniumsalz der Phosphorsäure, das in der Landwirtschaft verwendet wird.",0,[],[]
682,Dankbarkeit.,0,[],[]
675,Dankbarkeit wird in vielen Religionen als wertvolles menschliches Gefühl gesehen und gilt als universelle religiöse Haltung.,0,[],[]
678,Dankbarkeit beruht auf der Anerkennung von Gottes Großmut im Christentum.,0,[],[]
189,"Dangaura Tharu ist im westlichen Terai in den Distrikten Dang Deukhuri, Banke und Bardiya gelegen.",0,[],[]
1358,Dang ist ein Distrikt im westindischen Bundesstaat Gujarat.,0,[],[]
982,Danach wurden die ersten sozialen Einrichtungen wie das Ambulatorium am Woolmanhill im Jahr 1742 gebaut.,0,[],[]
1393,Daman und Diu blieben nach der Spaltung ein Unionsgebiet.,0,[],[]
275,Daly gehörte der kanadischen Nation.,0,[],[]
1795,"Dal-bhat-tarkari ist ein Standardgericht, das zweimal am Tag gegessen wird.",0,[],[]
1631,Daher kam er zu Inter Mailand im Sommer 2018.,0,[],[]
1748,"Da keine genauen Geburtsdaten für beide Brüder angegeben wurden, kann nicht bestimmt werden, welcher der beiden Brüder der Jüngste war.",0,[],[]
1906,"Da dies jedoch spezifisch nicht als die einzige Antwort aufgestellt wird, kann man davon ausgehen, dass es weitere Arten gibt.",0,[],[]
1956,d’Urberville in einer teuren Pension in Sandbourne.,0,[],[]
1241,Curling wurde 2006 bei den Olympischen Spielen offiziell eingeführt.,0,[],[]
225,Curbach wurde 2015 der Vorsitzende des wissenschaftlichen Beirats der Bundesanstalt für Wasserbau BAW.,0,[],[]
323,Crawley,0,[],[]
1215,CPR steht für Herz-Lungen-Wiederbelebung.,0,[],[]
1510,Cooper und Esposito waren von Dezember 2006 bis Mai 2007 verheiratet.,0,[],[]
564,College Green,0,[],[]
495,Co-Kapitän,0,[],[]
1036,"CMIA, ECLIA",0,[],[]
1707,"Cloud auf, die außerhalb der Metropolregion der Twin Cities liegen.",0,[],[]
1436,Clive of India verstarb am 22.,0,[],[]
55,Claudia Schiffers Vater war Rechtsanwalt.,0,[],[]
763,Clarence Melvin,0,[],[]
1950,Claire Dunphy lebte in Los Angeles County.,0,[],[]
1949,Christopher Lloyd und Steven Levitan,0,[],[]
817,Chris Benoit wurde bei Benoit entdeckt.,0,[],[]
28,China,0,[],[]
1281,China,0,[],[]
1331,Chester-le-Street liegt im nordenglischen County Durham.,0,[],[]
661,Charlotte Mary Mew war eine englische Dichterin.,0,[],[]
411,Charlene Mitchell,0,[],[]
103,Central Visayas besteht aus den Hauptinseln Cebu und Bohol sowie der Osthälfte von Negros.,0,[],[]
775,Cecelia Marie Halpert,0,[],[]
1731,Carrel ist 1944 gestorben.,0,[],[]
1695,CARICOM,0,[],[]
53,Captain Roger Welles,0,[],[]
1911,Caparra,0,[],[]
1740,Canberra,0,[],[]
366,"California Spangled Cats werden als anhänglich, sozial, neugierig und als Katzen mit hoher Intelligenz, athletischen Fähigkeiten und einem starken Jagdinstinkt beschrieben.",0,[],[]
1387,ca.,0,[],[]
1569,"Bürgerkriege, Wirtschaftsblockade und Unabhängigkeitskämpfe.",0,[],[]
409,Bundesstaat der Vereinigten Staaten.,0,[],[]
78,Bullard ist nach Liverpool gegangen.,0,[],[]
1257,Bud Prager,0,[],[]
1589,Brunei wurde 1984 unabhängig.,0,[],[]
1428,Britney Spears' Vollzeitkarriere als 19-jähriges Kind wurde als unüblich betrachtet.,0,[],[]
388,Bokuto steht für ein gebrochenes Holzschwert.,0,[],[]
1432,Blut,0,[],[]
1727,Blogs wurden auf die Google-Server übertragen.,0,[],[]
729,Blei und Kohle sowie Kalkstein.,0,[],[]
302,"Blairs Anstrengungen, um in Nordirland Frieden zu schaffen, wurden von der Queen bewundert.",0,[],[]
282,Blackburn Rovers,0,[],[]
806,Black Sabbath,0,[],[]
211,Bis zum 25.,0,[],[]
1964,Bis zum 25.,0,[],[]
1227,Bill Aucoin war der Manager von KISS.,0,[],[]
1054,Bier ist weltweit das älteste und am häufigsten konsumierte alkoholische Getränk.,0,[],[]
1474,Beth,0,[],[]
960,Beta Andromedae ist ein Roter Riese vom Spektraltyp M0 III.,0,[],[]
596,Bess Katramados,0,[],[]
1862,Bert starb im November 1886.,0,[],[]
1597,Bernie Sanders wurde von einigen im DNC bevorzugt.,0,[],[]
1640,Bernabé Martí und Montserrat Caballé.,0,[],[]
109,Berengar II.,0,[],[]
760,Berauschende Mittel wie Alkohol sind nicht koscher.,0,[],[]
1031,"Beowulf fand heraus, dass sein Reich von einem feuerspeienden Drachen terrorisiert wurde.",0,[],[]
1066,"Beide Unternehmen, Coopers & Lybrand und Price Waterhouse, bestehen jeweils seit über 150 Jahren.",0,[],[]
1433,Bei vorgefallenen Hämorrhoiden vierten Grades können diese problemlos festgestellt werden.,0,[],[]
890,Bei höherklassigen Spielen helfen zwei Linienrichter dem leitenden Schiedsrichter.,0,[],[]
1251,Bei einem Angriff werden 1 oder 2 Gullies verwendet.,0,[],[]
1489,Bei dem Radiosender KJOE arbeitete er.,0,[],[]
749,Battagram wurde im Juli 1993 offiziell ein Distrikt.,0,[],[]
1840,"Baskin-Robbins wurde in den USA, speziell in Glendale, Kalifornien, gegründet.",0,[],[]
769,Basiert auf einer Umfrage unter Personalern und Managern aus zwanzig Ländern.,0,[],[]
375,Basierend auf neo-konfuzianistischen und Shintō-Prinzipien.,0,[],[]
1528,Basierend auf der verfügbaren Information kann keine präzise Antwort gegeben werden.,0,[],[]
958,"Basierend auf den Informationen könnte dies Astrophysik betreffen, da sie mit Kernphysik und Laborexperimenten zusammenhängt.",0,[],[]
984,"Basierend auf den bereitgestellten Texten wird keine Stadt explizit als ""gefallen"" bezeichnet.",0,[],[]
1748,Basierend auf den angegebenen Daten kann keine Antwort auf die Frage gegeben werden.,0,[],[]
238,Basierend auf dem Videofeed wird Monday in einer Zelle erkannt.,0,[],[]
314,Bangkok ist die Hauptstadt von Thailand.,0,[],[]
1348,AVC steht für Advanced Video Coding.,0,[],[]
1742,"Australier kämpften an der Palästinafront, an der Westfront in Frankreich und Belgien sowie an anderen Kriegsschauplätzen im Ersten Weltkrieg.",0,[],[]
1635,Australienbeschützt Nauru.,0,[],[]
743,Australien,0,[],[]
1701,ausgedehnte,0,[],[]
1673,Aus dem vierten Studioalbum stammt Toxic.,0,[],[]
155,Augustus,0,[],[]
601,August Poniatowski.,0,[],[]
136,August entdeckt.,0,[],[]
613,August bis zum 9.,0,[],[]
179,August 2014 bis zum 31.,0,[],[]
545,August 2008.,0,[],[]
1229,"August 1995 traten KISS ""Unplugged"" auf.",0,[],[]
153,August 1974.,0,[],[]
848,August 1973 geboren.,0,[],[]
1618,August 1929 geboren.,0,[],[]
1169,Auf dem Gelände der ehemaligen Western Wall wurde die Western Wall Plaza errichtet.,0,[],[]
1923,"Auf alle 100 Frauen kommen 93,8 Männer.",0,[],[]
1888,Auf afrikanischer Seite befindet er sich vom Kongo bis nach Senegal.,0,[],[]
213,Auf 100 Frauen im Alter von 18 Jahren oder darüber kamen 94 Männer.,0,[],[]
948,"AUDIT steht für Alcohol Use Disorders Identification Test und ist ein Screeningverfahren zur Erhebung von persönlichen Trinkgewohnheiten, entwickelt 1992 im Auftrag der WHO.",0,[],[]
1449,Asienspiele.,0,[],[]
1153,Asian Games werden auch als Panasiatische Spiele genannt.,0,[],[]
1833,Asha Haji Elmi Amin,0,[],[]
662,AS/IS,0,[],[]
378,Arsène Wenger helped bei seiner Genesung.,0,[],[]
214,"Arsenal spielte bei Invicta Ground nicht lange, da sie nur zwischen den Jahren 1890 und 1893 dort standen.",0,[],[]
211,Armee in Rabaul die Nachricht von der fast vollständigen Vernichtung des Regiments.,0,[],[]
1166,Arm- und Beinknochen sind kürzer als der Durchschnitt.,0,[],[]
445,"Ariadne war in der griechischen Mythologie eine Prinzessin, Tochter des kretischen Königs Minos und seiner Gattin Pasiphaë.",0,[],[]
1235,Äquatorialguinea,0,[],[]
1719,April wurden laut Berichten über 800 Vietnamesen getötet und ihre Leichen im Mekong getrieben.,0,[],[]
1440,April 2015 in Toronto.,0,[],[]
1231,April 1996 statt.,0,[],[]
1606,April 1973.,0,[],[]
1975,April 1919.,0,[],[]
589,April 1858 gegossen.,0,[],[]
1294,API steht für Programmierschnittstelle.,0,[],[]
547,Anything Could Happen,0,[],[]
64,Antiochos gab Xerxes seine Schwester Antiochis zur Frau.,0,[],[]
1483,Anne,0,[],[]
757,"Anna Mitchell-Hedges, die Adoptivtochter von F.A.",0,[],[]
60,"Angel sollte ursprünglich das Mädchen aus Kara no Kyōkai – the Garden of Sinners, Shiki Ryōgi, nachahmen, ein tapferes, kämpfendes Mädchen sein.",0,[],[]
1522,Android,0,[],[]
764,Anchorage,0,[],[]
1830,"Anastacia Lyn Newkirk, besser bekannt unter dem Namen Anastacia, wurde am 17.",0,[],[]
161,Ananda Everingham ist ein laotisch-australischer Filmschauspieler und Model.,0,[],[]
1010,"Ana wurde nicht erwähnt, wann sie geboren wurde.",0,[],[]
1618,Amin wurde am 1.,0,[],[]
399,Am Dana Point findet keine spezifische Veranstaltung statt.,0,[],[]
1814,Am Anfang seiner Profikarriere spielte Ćustić 2000 bis 2005 für seinen Jugendverein NK Zadar.,0,[],[]
66,Am Amur-Gebeit.,0,[],[]
1229,Am 9.,0,[],[]
166,Am 5.,0,[],[]
1524,Am 5.,0,[],[]
1979,Am 24.,0,[],[]
231,Am 21.,0,[],[]
71,Am 15.,0,[],[]
782,Am 15.,0,[],[]
1719,Am 15.,0,[],[]
131,Am 14.,0,[],[]
320,Am 13.,0,[],[]
330,Am 11.,0,[],[]
959,Am 11.,0,[],[]
384,Am 1.,0,[],[]
1264,Am 1.,0,[],[]
1375,Am 1.,0,[],[]
623,als Atheist.,0,[],[]
1429,allergisches Asthma und nicht-allergisches Asthma,0,[],[]
1275,"Allerdings gibt es verschiedene Kajak-Klassen, bei denen unterschiedliche Anzahl von Rudern und damit Rudern Personen angegeben sind.",0,[],[]
1571,"Allerdings blieben starke Herausforderungen bestehen, wie hohe Armutsniveaus und geringe landwirtschaftliche Effizienz.",0,[],[]
947,Alkoholismus wird im DSM-5 als Störung im Zusammenhang mit Alkohol und im ICD-10 unter Psychische und Verhaltensstörungen durch Alkohol klassifiziert.,0,[],[]
976,Alis richtiger Name ist Mahershalalhashbaz Gilmore.,0,[],[]
720,"Alice traf auf eine Raupe, die ihr half, ihre Normalgröße zu erlangen.",0,[],[]
719,Alice folgt dem weißen Kaninchen in seinen Bau.,0,[],[]
1357,Alhacen,0,[],[]
1957,Alec wurde tot aufgefunden.,0,[],[]
1071,Albert Wendt ist ein samoanischer Dichter.,0,[],[]
191,Albanos echter Name ist Albano Carrisi.,0,[],[]
138,Al-Afdal campierte in der Ebene von al-Majdal in einem Tal außerhalb Askalons.,0,[],[]
1512,"Aktionen wie das Suchen nach Deckung, Überraschungsangriffe und Teamwork sind jedoch durch Skripte programmiert.",0,[],[]
1152,Aiwasowski starb im Jahr 1900.,0,[],[]
710,Ahal ist eine der fünf Provinzen Turkmenistans.,0,[],[]
1200,"AFP steht für Alpha-1-Fetoprotein, auch Alphafoetoprotein oder α1-Foetoprotein.",0,[],[]
1619,Afghanistan,0,[],[]
656,Adil wurde am Ende freigelassen.,0,[],[]
1749,Adeodatus diente etwa 40 Jahre lang als Priester in Rom vor seiner Wahl zum Papst.,0,[],[]
248,Acronicta auricoma gehört zur Familie der Eulenfalter (Noctuidae).,0,[],[]
654,Aciclovir könnte auf Herpes ansprechen.,0,[],[]
629,Abraham Lincolns Vater wurde von Jack Barts entlassen als Bestrafung für die Einmischung seines Sohnes in den Vorfall zwischen William Johnson und dem Aufseher.,0,[],[]
558,Abgesehen vom Küstenabschnitt ist Gambia bis zu 50 Kilometer breit.,0,[],[]
981,Aberdeen Castle wurde nach langer Belagerung im Jahr 1308 zerstört.,0,[],[]
1291,Ab der Grenze mit Bulgarien bei Kapitan Andreevo/Kapıkule führt das E 80-Straßennetz nach Sofia.,0,[],[]
536,Ab dem 49.,0,[],[]
1506,Ab 2005 studierte er in Rom für ein Lizentiat in Spiritualität an der Päpstlichen Salesianer-Universität.,0,[],[]
529,Ab 1977 arbeitete Alexei Kornienko in einer Fabrik für Radiozubehör in Tscheljabinsk.,0,[],[]
1283,Ab 1935 wurde der Mandschukuo-Yuan an den japanischen Yen gebunden.,0,[],[]
1868,A.S.S.,0,[],[]
73,A Taste of Home: The Fusion Cookbook,0,[],[]
160,"98,83 %",0,[],[]
1265,90 nm,0,[],[]
636,"83,2 Prozent",0,[],[]
1728,83 kg,0,[],[]
1090,81 Tage,0,[],[]
1387,80 km/h,0,[],[]
930,80 bis 90 %.,0,[],[]
969,"8,8 Prozent der isländischen Bevölkerung leiden offenbar an Angststörungen.",0,[],[]
1639,705 m,0,[],[]
1913,7000 Mann wurden an der Invasion von San Juan beteiligt.,0,[],[]
1644,70 Prozent,0,[],[]
1904,70 Kinder wurden im Schulbus transportiert.,0,[],[]
70,70 Individuen.,0,[],[]
1773,7 bis 15 Wochen,0,[],[]
867,"61,86",0,[],[]
1339,600 Menschen,0,[],[]
980,60 Sitze,0,[],[]
1086,60 km,0,[],[]
900,"6,75 Meter",0,[],[]
52,550.000 m²,0,[],[]
659,5440 Mitarbeiter,0,[],[]
397,5 Quadratkilometer,0,[],[]
255,47 Besatzungsmitglieder kamen bei der Explosion im Jahre 1989 auf dem Marineschiff Iowa um.,0,[],[]
303,36 Schiffe der gotischen Flotte wurden zerstört.,0,[],[]
229,"34,20 %",0,[],[]
1497,32 Kilometer nordwestlich von San José liegen sie.,0,[],[]
1050,300.000 Exemplare,0,[],[]
480,30.000 Menschen wurden wegen der Überschwemmungen evakuiert.,0,[],[]
1771,"3,33 Prozent",0,[],[]
396,"3,21 Personen",0,[],[]
1403,288.563 GWh,0,[],[]
1521,26 Millionen US-Dollar,0,[],[]
415,26 °C,0,[],[]
259,250 Menschen wurden getötet.,0,[],[]
619,210 km²,0,[],[]
961,200 Lichtjahre entfernt.,0,[],[]
1518,200 Häuser wurden Berichten zufolge beschädigt.,0,[],[]
228,"20,10 %",0,[],[]
290,"20,1 Millionen Aufrufe innerhalb der ersten 24 Stunden.",0,[],[]
704,2–5 Eier,0,[],[]
1015,1981 oder 1982,0,[],[]
864,1974 war Khan Kapitän der Universitäts-Elf und spielte für Oxford.,0,[],[]
386,1944 und 1945,0,[],[]
1692,1915 bis 1917,0,[],[]
457,1847 bis 1850,0,[],[]
204,18-tägiger Marsch,0,[],[]
978,18 Jahre,0,[],[]
471,1786 bedeutete einen signifikanten Wachstum der Macht für den Generalgouverneur.,0,[],[]
1909,17 Schiffe waren an der zweiten Reise von Christoph Kolumbus beteiligt.,0,[],[]
158,"16,3 Prozent der Familien lebten unterhalb der Armutsgrenze.",0,[],[]
711,13 Jahre,0,[],[]
534,100 Tage,0,[],[]
580,100 km,0,[],[]
1277,100 Kandarin sind in 1 Tael.,0,[],[]
193,"10,3 Prozent der Familien und 14,5 Prozent der Bevölkerung lebten unterhalb der Armutsgrenze.",0,[],[]
1421,1.820 Sportler waren an der Asian Games Federation beteiligt.,0,[],[]
1708,"1,75 Millionen",0,[],[]
147,"0,59%",0,[],[]
606,"""Waiting for the Sun"" wurde im Juli 1968 veröffentlicht und ist das dritte Studioalbum der Band Doors.",0,[],[]
734,"""Dick""",0,[],[]
1042,2016,0,[],[]
1335,2016,0,[],[]
492,2014,0,[],[]
1539,2013,0,[],[]
1456,2012,0,[],[]
242,2011,0,[],[]
700,2011,0,[],[]
730,2011,0,[],[]
1951,2009,0,[],[]
318,2008,0,[],[]
1191,2007,0,[],[]
1268,2007,0,[],[]
1089,2006,0,[],[]
1416,2006,0,[],[]
663,2004,0,[],[]
1053,2001,0,[],[]
530,1995,0,[],[]
1651,1991,0,[],[]
527,1987,0,[],[]
904,1986,0,[],[]
990,1984,0,[],[]
1527,1983,0,[],[]
1103,1982,0,[],[]
605,1981,0,[],[]
660,1976,0,[],[]
826,1976,0,[],[]
1600,1974,0,[],[]
554,1973,0,[],[]
773,1972,0,[],[]
793,1972,0,[],[]
1242,1972,0,[],[]
1493,1972,0,[],[]
502,1971,0,[],[]
500,1968,0,[],[]
717,1963,0,[],[]
1307,1963,0,[],[]
1837,1962,0,[],[]
1823,1961,0,[],[]
332,1958,0,[],[]
334,1958,0,[],[]
1145,1958,0,[],[]
1605,1952,0,[],[]
1760,1951,0,[],[]
295,1948,0,[],[]
1819,1948,0,[],[]
1714,1945,0,[],[]
22,1936,0,[],[]
549,1935,0,[],[]
21,1934,0,[],[]
1990,1928,0,[],[]
772,1926,0,[],[]
87,1920,0,[],[]
120,1919,0,[],[]
380,1918,0,[],[]
1574,1916,0,[],[]
172,1915,0,[],[]
1280,1914,0,[],[]
1573,1914,0,[],[]
689,1906,0,[],[]
1000,1903,0,[],[]
233,1900,0,[],[]
1878,1895,0,[],[]
1466,1876,0,[],[]
256,1867,0,[],[]
971,1855,0,[],[]
621,1687,0,[],[]
940,1678,0,[],[]
1065,1265,0,[],[]
110,1057,0,[],[]
1996,1034,0,[],[]
966,431.902,0,[],[]
568,427,0,[],[]
152,345,0,[],[]
10,152.251,0,[],[]
1898,100,0,[],[]
472,60,0,[],[]
1601,15,0,[],[]
792,12,0,[],[]
1885,12,0,[],[]
1711,10,0,[],[]
1424,8,0,[],[]
1157,1.006,0,[],[]
1055,38%,0,[],[]