text_order_id,sentence,num_triplets,triplets,abbreviation
1976,"Die Räte kontrollierten die Stadtverwaltungen, verhafteten kaisertreue Beamte, bildeten ""Rote Garden"" und setzten Konzerndirektionen ab.",4,"[{'subject': {'upos': 'NOUN', 'text': 'Räte', 'id': 2, 'deprel': 'nsubj', 'head': 3}, 'verb': {'upos': 'VERB', 'text': 'kontrollierten', 'id': 3, 'deprel': 'root', 'head': 0}, 'object': {'upos': 'NOUN', 'text': 'Stadtverwaltungen', 'id': 5, 'deprel': 'obj', 'head': 3}}, {'subject': {'upos': 'NOUN', 'text': 'Räte', 'id': 2, 'deprel': 'nsubj', 'head': 3}, 'verb': {'upos': 'VERB', 'text': 'verhafteten', 'id': 7, 'deprel': 'conj', 'head': 3}, 'object': {'upos': 'NOUN', 'text': 'Beamte', 'id': 9, 'deprel': 'obj', 'head': 7}}, {'subject': {'upos': 'NOUN', 'text': 'Räte', 'id': 2, 'deprel': 'nsubj', 'head': 3}, 'verb': {'upos': 'VERB', 'text': 'bildeten', 'id': 11, 'deprel': 'conj', 'head': 3}, 'object': {'upos': 'PROPN', 'text': 'Garden', 'id': 14, 'deprel': 'obj', 'head': 11}}, {'subject': {'upos': 'NOUN', 'text': 'Räte', 'id': 2, 'deprel': 'nsubj', 'head': 3}, 'verb': {'upos': 'VERB', 'text': 'setzten', 'id': 17, 'deprel': 'conj', 'head': 3}, 'object': {'upos': 'NOUN', 'text': 'Konzerndirektionen', 'id': 18, 'deprel': 'obj', 'head': 17}}]","['SVO', 'SVO', 'SVO', 'SVO']"
1782,"Bruce Wayne alias Batman fängt Lau in Hongkong und bringt ihn dann nach Gotham City, wo er ihn an die Polizei ausliefert.",3,"[{'subject': {'upos': 'PROPN', 'text': 'Bruce', 'id': 1, 'deprel': 'nsubj', 'head': 5}, 'verb': {'upos': 'VERB', 'text': 'fängt', 'id': 5, 'deprel': 'root', 'head': 0}, 'object': {'upos': 'PROPN', 'text': 'Lau', 'id': 6, 'deprel': 'obj', 'head': 5}}, {'subject': {'upos': 'PROPN', 'text': 'Bruce', 'id': 1, 'deprel': 'nsubj', 'head': 5}, 'verb': {'upos': 'VERB', 'text': 'bringt', 'id': 10, 'deprel': 'conj', 'head': 5}, 'object': {'upos': 'PRON', 'text': 'ihn', 'id': 11, 'deprel': 'obj', 'head': 10}}, {'subject': {'upos': 'PRON', 'text': 'er', 'id': 18, 'deprel': 'nsubj', 'head': 23}, 'object': {'upos': 'PRON', 'text': 'ihn', 'id': 19, 'deprel': 'obj', 'head': 23}, 'verb': {'upos': 'VERB', 'text': 'ausliefert', 'id': 23, 'deprel': 'acl', 'head': 14}}]","['SVO', 'SVO', 'SOV']"
260,"Die japanischen Gangster, angeführt von Lady Tanaka, können Vergeltungsmaßnahmen ergreifen, da sie die amerikanische Unterwelt unter ihre Kontrolle bringen möchten und die Mafia-Kinder entführt haben.",3,"[{'subject': {'upos': 'NOUN', 'text': 'Gangster', 'id': 3, 'deprel': 'nsubj', 'head': 12}, 'object': {'upos': 'NOUN', 'text': 'Vergeltungsmaßnahmen', 'id': 11, 'deprel': 'obj', 'head': 12}, 'verb': {'upos': 'VERB', 'text': 'ergreifen', 'id': 12, 'deprel': 'root', 'head': 0}}, {'subject': {'upos': 'PRON', 'text': 'sie', 'id': 15, 'deprel': 'nsubj', 'head': 22}, 'object': {'upos': 'NOUN', 'text': 'Unterwelt', 'id': 18, 'deprel': 'obj', 'head': 22}, 'verb': {'upos': 'VERB', 'text': 'bringen', 'id': 22, 'deprel': 'advcl', 'head': 12}}, {'subject': {'upos': 'PRON', 'text': 'sie', 'id': 15, 'deprel': 'nsubj', 'head': 22}, 'object': {'upos': 'PROPN', 'text': 'Mafia', 'id': 26, 'deprel': 'obj', 'head': 29}, 'verb': {'upos': 'VERB', 'text': 'entführt', 'id': 29, 'deprel': 'conj', 'head': 22}}]","['SOV', 'SOV', 'SOV']"
1433,"Ein Arzt kann feststellen, dass man Hämorrhoiden hat, indem er eine visuelle Inspektion des Perineums durchführt und den Patienten auffordert, den Schließmuskelapparat zu pressen, um prolabierte Hämorrhoiden zweiten und dritten Grades zu erkennen.",3,"[{'subject': {'upos': 'PRON', 'text': 'man', 'id': 7, 'deprel': 'nsubj', 'head': 9}, 'object': {'upos': 'NOUN', 'text': 'Hämorrhoiden', 'id': 8, 'deprel': 'obj', 'head': 9}, 'verb': {'upos': 'VERB', 'text': 'hat', 'id': 9, 'deprel': 'ccomp', 'head': 4}}, {'subject': {'upos': 'PRON', 'text': 'er', 'id': 12, 'deprel': 'nsubj', 'head': 18}, 'object': {'upos': 'NOUN', 'text': 'Inspektion', 'id': 15, 'deprel': 'obj', 'head': 18}, 'verb': {'upos': 'VERB', 'text': 'durchführt', 'id': 18, 'deprel': 'advcl', 'head': 9}}, {'subject': {'upos': 'PRON', 'text': 'er', 'id': 12, 'deprel': 'nsubj', 'head': 18}, 'object': {'upos': 'NOUN', 'text': 'Patienten', 'id': 21, 'deprel': 'obj', 'head': 22}, 'verb': {'upos': 'VERB', 'text': 'auffordert', 'id': 22, 'deprel': 'conj', 'head': 18}}]","['SOV', 'SOV', 'SOV']"
1852,"Kaizen bedeutet ""Veränderung zum Besseren"" und bezeichnet sowohl eine japanische Lebens- und Arbeitsphilosophie als auch ein methodisches Konzept, das sich auf die kontinuierliche und unendliche Verbesserung von Produkten oder Prozessen konzentriert.",3,"[{'subject': {'upos': 'PROPN', 'text': 'Kaizen', 'id': 1, 'deprel': 'nsubj', 'head': 2}, 'verb': {'upos': 'VERB', 'text': 'bedeutet', 'id': 2, 'deprel': 'root', 'head': 0}, 'object': {'upos': 'NOUN', 'text': 'Veränderung', 'id': 4, 'deprel': 'obj', 'head': 2}}, {'subject': {'upos': 'PROPN', 'text': 'Kaizen', 'id': 1, 'deprel': 'nsubj', 'head': 2}, 'verb': {'upos': 'VERB', 'text': 'bezeichnet', 'id': 10, 'deprel': 'conj', 'head': 2}, 'object': {'upos': 'NOUN', 'text': 'Lebens', 'id': 14, 'deprel': 'obj', 'head': 10}}, {'subject': {'upos': 'PRON', 'text': 'das', 'id': 24, 'deprel': 'nsubj', 'head': 36}, 'object': {'upos': 'PRON', 'text': 'sich', 'id': 25, 'deprel': 'obj', 'head': 36}, 'verb': {'upos': 'VERB', 'text': 'konzentriert', 'id': 36, 'deprel': 'acl', 'head': 22}}]","['SVO', 'SVO', 'SOV']"
439,"Kang aktivierte Cerberus, das Zugangsprogramm zu den US-amerikanischen Nuklearwaffen, mithilfe eines Codes, den er knacken konnte, nachdem er Präsident Ashers Code knackt hatte.",3,"[{'subject': {'upos': 'PROPN', 'text': 'Kang', 'id': 1, 'deprel': 'nsubj', 'head': 2}, 'verb': {'upos': 'VERB', 'text': 'aktivierte', 'id': 2, 'deprel': 'root', 'head': 0}, 'object': {'upos': 'PROPN', 'text': 'Cerberus', 'id': 3, 'deprel': 'obj', 'head': 2}}, {'object': {'upos': 'PRON', 'text': 'den', 'id': 18, 'deprel': 'obj', 'head': 20}, 'subject': {'upos': 'PRON', 'text': 'er', 'id': 19, 'deprel': 'nsubj', 'head': 20}, 'verb': {'upos': 'VERB', 'text': 'knacken', 'id': 20, 'deprel': 'acl', 'head': 16}}, {'subject': {'upos': 'PRON', 'text': 'er', 'id': 24, 'deprel': 'nsubj', 'head': 28}, 'object': {'upos': 'NOUN', 'text': 'Präsident', 'id': 25, 'deprel': 'obj', 'head': 28}, 'verb': {'upos': 'VERB', 'text': 'knackt', 'id': 28, 'deprel': 'advcl', 'head': 20}}]","['SVO', 'OSV', 'SOV']"
870,"1994 hat Khan zugegeben, dass er während Test Matches ""gelegentlich die Seite des Balls aufgeraut und die Naht angehoben"" hätte.",2,"[{'subject': {'upos': 'PRON', 'text': 'er', 'id': 7, 'deprel': 'nsubj', 'head': 17}, 'object': {'upos': 'NOUN', 'text': 'Seite', 'id': 14, 'deprel': 'obj', 'head': 17}, 'verb': {'upos': 'VERB', 'text': 'aufgeraut', 'id': 17, 'deprel': 'ccomp', 'head': 4}}, {'subject': {'upos': 'PRON', 'text': 'er', 'id': 7, 'deprel': 'nsubj', 'head': 17}, 'object': {'upos': 'NOUN', 'text': 'Naht', 'id': 20, 'deprel': 'obj', 'head': 21}, 'verb': {'upos': 'VERB', 'text': 'angehoben', 'id': 21, 'deprel': 'conj', 'head': 17}}]","['SOV', 'SOV']"
720,"Alice erlangte ihre normale Größe, indem sie von einer Raupe geholfen wurde, die sie dazu brachte, ihre normale Größe zu erlangen.",2,"[{'subject': {'upos': 'PROPN', 'text': 'Alice', 'id': 1, 'deprel': 'nsubj', 'head': 2}, 'verb': {'upos': 'VERB', 'text': 'erlangte', 'id': 2, 'deprel': 'root', 'head': 0}, 'object': {'upos': 'NOUN', 'text': 'Größe', 'id': 5, 'deprel': 'obj', 'head': 2}}, {'object': {'upos': 'PRON', 'text': 'die', 'id': 15, 'deprel': 'obj', 'head': 18}, 'subject': {'upos': 'PRON', 'text': 'sie', 'id': 16, 'deprel': 'nsubj', 'head': 18}, 'verb': {'upos': 'VERB', 'text': 'brachte', 'id': 18, 'deprel': 'acl', 'head': 11}}]","['SVO', 'OSV']"
874,"Anschließend besuchte sie die Jawaharlal Nehru University, wo sie Kurse in Deutsch belegte.",2,"[{'verb': {'upos': 'VERB', 'text': 'besuchte', 'id': 2, 'deprel': 'root', 'head': 0}, 'subject': {'upos': 'PRON', 'text': 'sie', 'id': 3, 'deprel': 'nsubj', 'head': 2}, 'object': {'upos': 'PROPN', 'text': 'Jawaharlal', 'id': 5, 'deprel': 'obj', 'head': 2}}, {'subject': {'upos': 'PRON', 'text': 'sie', 'id': 10, 'deprel': 'nsubj', 'head': 14}, 'object': {'upos': 'NOUN', 'text': 'Kurse', 'id': 11, 'deprel': 'obj', 'head': 14}, 'verb': {'upos': 'VERB', 'text': 'belegte', 'id': 14, 'deprel': 'acl', 'head': 5}}]","['VSO', 'SOV']"
63,Armenien behielt unter der Seleukiden-Herrschaft einen beachtlichen Grad an Autonomie und behielt seine einheimischen Herrscher.,2,"[{'subject': {'upos': 'PROPN', 'text': 'Armenien', 'id': 1, 'deprel': 'nsubj', 'head': 2}, 'verb': {'upos': 'VERB', 'text': 'behielt', 'id': 2, 'deprel': 'root', 'head': 0}, 'object': {'upos': 'NOUN', 'text': 'Grad', 'id': 10, 'deprel': 'obj', 'head': 2}}, {'subject': {'upos': 'PROPN', 'text': 'Armenien', 'id': 1, 'deprel': 'nsubj', 'head': 2}, 'verb': {'upos': 'VERB', 'text': 'behielt', 'id': 14, 'deprel': 'conj', 'head': 2}, 'object': {'upos': 'NOUN', 'text': 'Herrscher', 'id': 17, 'deprel': 'obj', 'head': 14}}]","['SVO', 'SVO']"
1624,"Beckerath vermutet, dass Baka seinen Vater überlebte und für sehr kurze Zeit den Thron bestieg, aber kurz nach der Thronbesteigung überraschend verstarb und das Bauprojekt für sein Grab frühzeitig aufgegeben wurde.",2,"[{'subject': {'upos': 'PROPN', 'text': 'Baka', 'id': 5, 'deprel': 'nsubj', 'head': 8}, 'object': {'upos': 'NOUN', 'text': 'Vater', 'id': 7, 'deprel': 'obj', 'head': 8}, 'verb': {'upos': 'VERB', 'text': 'überlebte', 'id': 8, 'deprel': 'ccomp', 'head': 2}}, {'subject': {'upos': 'PROPN', 'text': 'Baka', 'id': 5, 'deprel': 'nsubj', 'head': 8}, 'object': {'upos': 'NOUN', 'text': 'Thron', 'id': 15, 'deprel': 'obj', 'head': 16}, 'verb': {'upos': 'VERB', 'text': 'bestieg', 'id': 16, 'deprel': 'conj', 'head': 8}}]","['SOV', 'SOV']"
1375,"Das Eidgenössische Parlament hiess die jurassische Verfassung im September 1977 gut, und das Schweizer Volk und alle Stände ratifizierten die Schaffung des Kantons Jura am 24.",2,"[{'subject': {'upos': 'PROPN', 'text': 'Parlament', 'id': 3, 'deprel': 'nsubj', 'head': 4}, 'verb': {'upos': 'VERB', 'text': 'hiess', 'id': 4, 'deprel': 'root', 'head': 0}, 'object': {'upos': 'NOUN', 'text': 'Verfassung', 'id': 7, 'deprel': 'obj', 'head': 4}}, {'subject': {'upos': 'NOUN', 'text': 'Volk', 'id': 17, 'deprel': 'nsubj', 'head': 21}, 'verb': {'upos': 'VERB', 'text': 'ratifizierten', 'id': 21, 'deprel': 'conj', 'head': 4}, 'object': {'upos': 'NOUN', 'text': 'Schaffung', 'id': 23, 'deprel': 'obj', 'head': 21}}]","['SVO', 'SVO']"
1937,"Das Grove-Element wurde für Telegrafen-Systeme vor allem in Nordamerika von 1844 bis 1860 eingesetzt, weil es eine höhere Spannung von 1,9 V aufwies, was fast eine Verdopplung der Spannung des Daniell-Elements von 1,1 V darstellt.",2,"[{'subject': {'upos': 'PRON', 'text': 'es', 'id': 21, 'deprel': 'nsubj', 'head': 28}, 'object': {'upos': 'NOUN', 'text': 'Spannung', 'id': 24, 'deprel': 'obj', 'head': 28}, 'verb': {'upos': 'VERB', 'text': 'aufwies', 'id': 28, 'deprel': 'advcl', 'head': 18}}, {'subject': {'upos': 'PRON', 'text': 'was', 'id': 30, 'deprel': 'nsubj', 'head': 43}, 'object': {'upos': 'NOUN', 'text': 'Verdopplung', 'id': 33, 'deprel': 'obj', 'head': 43}, 'verb': {'upos': 'VERB', 'text': 'darstellt', 'id': 43, 'deprel': 'acl', 'head': 28}}]","['SOV', 'SOV']"
367,"Das nationale Wappen enthält eine Scheibe, in der sich zwei Drachen um das Rad eines doppelten Vajra drehen.",2,"[{'subject': {'upos': 'NOUN', 'text': 'Wappen', 'id': 3, 'deprel': 'nsubj', 'head': 4}, 'verb': {'upos': 'VERB', 'text': 'enthält', 'id': 4, 'deprel': 'root', 'head': 0}, 'object': {'upos': 'NOUN', 'text': 'Scheibe', 'id': 6, 'deprel': 'obj', 'head': 4}}, {'object': {'upos': 'PRON', 'text': 'sich', 'id': 10, 'deprel': 'obj', 'head': 19}, 'subject': {'upos': 'NOUN', 'text': 'Drachen', 'id': 12, 'deprel': 'nsubj', 'head': 19}, 'verb': {'upos': 'VERB', 'text': 'drehen', 'id': 19, 'deprel': 'acl', 'head': 6}}]","['SVO', 'OSV']"
474,Der Generalgouverneur behielt bedeutenden Einfluss auf die Gesetzgebung und besaß ein Vetorecht für jedes eingebrachte Gesetz.,2,"[{'subject': {'upos': 'NOUN', 'text': 'Generalgouverneur', 'id': 2, 'deprel': 'nsubj', 'head': 3}, 'verb': {'upos': 'VERB', 'text': 'behielt', 'id': 3, 'deprel': 'root', 'head': 0}, 'object': {'upos': 'NOUN', 'text': 'Einfluss', 'id': 5, 'deprel': 'obj', 'head': 3}}, {'subject': {'upos': 'NOUN', 'text': 'Generalgouverneur', 'id': 2, 'deprel': 'nsubj', 'head': 3}, 'verb': {'upos': 'VERB', 'text': 'besaß', 'id': 10, 'deprel': 'conj', 'head': 3}, 'object': {'upos': 'NOUN', 'text': 'Vetorecht', 'id': 12, 'deprel': 'obj', 'head': 10}}]","['SVO', 'SVO']"
893,"Der Name MySQL setzt sich zusammen aus dem Vornamen My, den die Tochter des MySQL-AB-Mitbegründers Michael Widenius trägt, und SQL.",2,"[{'subject': {'upos': 'NOUN', 'text': 'Name', 'id': 2, 'deprel': 'nsubj', 'head': 4}, 'verb': {'upos': 'VERB', 'text': 'setzt', 'id': 4, 'deprel': 'root', 'head': 0}, 'object': {'upos': 'PRON', 'text': 'sich', 'id': 5, 'deprel': 'obj', 'head': 4}}, {'object': {'upos': 'PRON', 'text': 'den', 'id': 12, 'deprel': 'obj', 'head': 21}, 'subject': {'upos': 'NOUN', 'text': 'Tochter', 'id': 14, 'deprel': 'nsubj', 'head': 21}, 'verb': {'upos': 'VERB', 'text': 'trägt', 'id': 21, 'deprel': 'acl', 'head': 9}}]","['SVO', 'OSV']"
347,"Der spanische Kommandant leistete keinen Widerstand, als General James Wilkinson den Mobile-District militärisch besetzte.",2,"[{'subject': {'upos': 'NOUN', 'text': 'Kommandant', 'id': 3, 'deprel': 'nsubj', 'head': 4}, 'verb': {'upos': 'VERB', 'text': 'leistete', 'id': 4, 'deprel': 'root', 'head': 0}, 'object': {'upos': 'NOUN', 'text': 'Widerstand', 'id': 6, 'deprel': 'obj', 'head': 4}}, {'subject': {'upos': 'PROPN', 'text': 'General', 'id': 9, 'deprel': 'nsubj', 'head': 17}, 'object': {'upos': 'PROPN', 'text': 'Mobile', 'id': 13, 'deprel': 'obj', 'head': 17}, 'verb': {'upos': 'VERB', 'text': 'besetzte', 'id': 17, 'deprel': 'advcl', 'head': 4}}]","['SVO', 'SOV']"
1588,"Die anti-japanischen Widerstandsbewegungen richteten ihre Aufmerksamkeit nach der Kapitulation der Japaner im Zweiten Weltkrieg auf die Briten, die die Kontrolle über die Kolonie rasch wiedererlangt hatten.",2,"[{'subject': {'upos': 'NOUN', 'text': 'Widerstandsbewegungen', 'id': 5, 'deprel': 'nsubj', 'head': 6}, 'verb': {'upos': 'VERB', 'text': 'richteten', 'id': 6, 'deprel': 'root', 'head': 0}, 'object': {'upos': 'NOUN', 'text': 'Aufmerksamkeit', 'id': 8, 'deprel': 'obj', 'head': 6}}, {'subject': {'upos': 'PRON', 'text': 'die', 'id': 22, 'deprel': 'nsubj', 'head': 29}, 'object': {'upos': 'NOUN', 'text': 'Kontrolle', 'id': 24, 'deprel': 'obj', 'head': 29}, 'verb': {'upos': 'VERB', 'text': 'wiedererlangt', 'id': 29, 'deprel': 'acl', 'head': 20}}]","['SVO', 'SOV']"
405,"Die blaue Färbung von Türkis schreibt man dem idiochromatischen Kupfer zu, während Grün das Ergebnis der Beimengung des Eisens ist, welches das Aluminium ersetzt hat.",2,"[{'object': {'upos': 'NOUN', 'text': 'Färbung', 'id': 3, 'deprel': 'obj', 'head': 6}, 'verb': {'upos': 'VERB', 'text': 'schreibt', 'id': 6, 'deprel': 'root', 'head': 0}, 'subject': {'upos': 'PRON', 'text': 'man', 'id': 7, 'deprel': 'nsubj', 'head': 6}}, {'subject': {'upos': 'DET', 'text': 'welches', 'id': 23, 'deprel': 'nsubj', 'head': 26}, 'object': {'upos': 'NOUN', 'text': 'Aluminium', 'id': 25, 'deprel': 'obj', 'head': 26}, 'verb': {'upos': 'VERB', 'text': 'ersetzt', 'id': 26, 'deprel': 'acl', 'head': 18}}]","['OVS', 'SOV']"
1009,"Die Dermatophagie hat Auswirkungen wie Bluten und nach einer Zeit sogar Verfärbungen der Haut, die sich nach dem Beißen der Haut um die Fingernägel einstellen können.",2,"[{'subject': {'upos': 'NOUN', 'text': 'Dermatophagie', 'id': 2, 'deprel': 'nsubj', 'head': 3}, 'verb': {'upos': 'VERB', 'text': 'hat', 'id': 3, 'deprel': 'root', 'head': 0}, 'object': {'upos': 'NOUN', 'text': 'Auswirkungen', 'id': 4, 'deprel': 'obj', 'head': 3}}, {'subject': {'upos': 'PRON', 'text': 'die', 'id': 16, 'deprel': 'nsubj', 'head': 26}, 'object': {'upos': 'PRON', 'text': 'sich', 'id': 17, 'deprel': 'obj', 'head': 26}, 'verb': {'upos': 'VERB', 'text': 'einstellen', 'id': 26, 'deprel': 'acl', 'head': 14}}]","['SVO', 'SOV']"
1350,Die Explosion forderte drei Menschenleben und verletzte 264 weitere.,2,"[{'subject': {'upos': 'NOUN', 'text': 'Explosion', 'id': 2, 'deprel': 'nsubj', 'head': 3}, 'verb': {'upos': 'VERB', 'text': 'forderte', 'id': 3, 'deprel': 'root', 'head': 0}, 'object': {'upos': 'NOUN', 'text': 'Menschenleben', 'id': 5, 'deprel': 'obj', 'head': 3}}, {'subject': {'upos': 'NOUN', 'text': 'Explosion', 'id': 2, 'deprel': 'nsubj', 'head': 3}, 'verb': {'upos': 'VERB', 'text': 'verletzte', 'id': 7, 'deprel': 'conj', 'head': 3}, 'object': {'upos': 'NOUN', 'text': 'weitere', 'id': 9, 'deprel': 'obj', 'head': 7}}]","['SVO', 'SVO']"
5,Die feineren Aschepartikel bewirkten Kurzschlüsse in Transformatoren und zogen so Stromausfälle nach sich.,2,"[{'subject': {'upos': 'NOUN', 'text': 'Aschepartikel', 'id': 3, 'deprel': 'nsubj', 'head': 4}, 'verb': {'upos': 'VERB', 'text': 'bewirkten', 'id': 4, 'deprel': 'root', 'head': 0}, 'object': {'upos': 'NOUN', 'text': 'Kurzschlüsse', 'id': 5, 'deprel': 'obj', 'head': 4}}, {'subject': {'upos': 'NOUN', 'text': 'Aschepartikel', 'id': 3, 'deprel': 'nsubj', 'head': 4}, 'verb': {'upos': 'VERB', 'text': 'zogen', 'id': 9, 'deprel': 'conj', 'head': 4}, 'object': {'upos': 'NOUN', 'text': 'Stromausfälle', 'id': 11, 'deprel': 'obj', 'head': 9}}]","['SVO', 'SVO']"
1133,"Die Frage bezieht sich auf die Häufigkeit von Harnwegsinfekten (HWI) bei Frauen, aber die verfügbaren Informationen enthalten keine Angaben zu dieser spezifischen Frage.",2,"[{'subject': {'upos': 'NOUN', 'text': 'Frage', 'id': 2, 'deprel': 'nsubj', 'head': 3}, 'verb': {'upos': 'VERB', 'text': 'bezieht', 'id': 3, 'deprel': 'root', 'head': 0}, 'object': {'upos': 'PRON', 'text': 'sich', 'id': 4, 'deprel': 'obj', 'head': 3}}, {'subject': {'upos': 'NOUN', 'text': 'Informationen', 'id': 19, 'deprel': 'nsubj', 'head': 20}, 'verb': {'upos': 'VERB', 'text': 'enthalten', 'id': 20, 'deprel': 'conj', 'head': 3}, 'object': {'upos': 'NOUN', 'text': 'Angaben', 'id': 22, 'deprel': 'obj', 'head': 20}}]","['SVO', 'SVO']"
967,"Die Friedrich-Naumann-Stiftung für die Freiheit fördert den organisierten Liberalismus durch die Organisation von etwa 1000 Veranstaltungen im Jahr, die sich auf politische Bildung konzentrieren, und durch die Zusammenarbeit mit zehn Landesstiftungen für liberale Politik in den Bundesländern.",2,"[{'subject': {'upos': 'PROPN', 'text': 'Friedrich', 'id': 2, 'deprel': 'nsubj', 'head': 10}, 'verb': {'upos': 'VERB', 'text': 'fördert', 'id': 10, 'deprel': 'root', 'head': 0}, 'object': {'upos': 'NOUN', 'text': 'Liberalismus', 'id': 13, 'deprel': 'obj', 'head': 10}}, {'subject': {'upos': 'PRON', 'text': 'die', 'id': 25, 'deprel': 'nsubj', 'head': 30}, 'object': {'upos': 'PRON', 'text': 'sich', 'id': 26, 'deprel': 'obj', 'head': 30}, 'verb': {'upos': 'VERB', 'text': 'konzentrieren', 'id': 30, 'deprel': 'acl', 'head': 20}}]","['SVO', 'SOV']"
915,"Die holländische Intervention von 1861 folgte ein Jahr später ein Kontrakt mit Niederländisch-Indien, der Delis Unabhängigkeit gegenüber Siak und Aceh stärkte.",2,"[{'subject': {'upos': 'NOUN', 'text': 'Intervention', 'id': 3, 'deprel': 'nsubj', 'head': 6}, 'verb': {'upos': 'VERB', 'text': 'folgte', 'id': 6, 'deprel': 'root', 'head': 0}, 'object': {'upos': 'NOUN', 'text': 'Kontrakt', 'id': 11, 'deprel': 'obj', 'head': 6}}, {'subject': {'upos': 'PRON', 'text': 'der', 'id': 17, 'deprel': 'nsubj', 'head': 24}, 'object': {'upos': 'NOUN', 'text': 'Unabhängigkeit', 'id': 19, 'deprel': 'obj', 'head': 24}, 'verb': {'upos': 'VERB', 'text': 'stärkte', 'id': 24, 'deprel': 'acl', 'head': 11}}]","['SVO', 'SOV']"
104,"Die Japaner erlitten auf den Philippinen mindestens eine Niederlage, nämlich die Schlacht um Leyte, in der sie vier Divisionen und 26 Kriegsschiffe verloren.",2,"[{'subject': {'upos': 'NOUN', 'text': 'Japaner', 'id': 2, 'deprel': 'nsubj', 'head': 3}, 'verb': {'upos': 'VERB', 'text': 'erlitten', 'id': 3, 'deprel': 'root', 'head': 0}, 'object': {'upos': 'NOUN', 'text': 'Niederlage', 'id': 9, 'deprel': 'obj', 'head': 3}}, {'subject': {'upos': 'PRON', 'text': 'sie', 'id': 19, 'deprel': 'nsubj', 'head': 25}, 'object': {'upos': 'NOUN', 'text': 'Divisionen', 'id': 21, 'deprel': 'obj', 'head': 25}, 'verb': {'upos': 'VERB', 'text': 'verloren', 'id': 25, 'deprel': 'acl', 'head': 13}}]","['SVO', 'SOV']"
1889,"Die NATO, die OSZE und die EU verurteilten das Referendum in Südossetien gemeinsam, weil es die Spannungen in der Region steigere, statt sie zu verringern.",2,"[{'subject': {'upos': 'PROPN', 'text': 'NATO', 'id': 2, 'deprel': 'nsubj', 'head': 9}, 'verb': {'upos': 'VERB', 'text': 'verurteilten', 'id': 9, 'deprel': 'root', 'head': 0}, 'object': {'upos': 'NOUN', 'text': 'Referendum', 'id': 11, 'deprel': 'obj', 'head': 9}}, {'subject': {'upos': 'PRON', 'text': 'es', 'id': 17, 'deprel': 'nsubj', 'head': 23}, 'object': {'upos': 'NOUN', 'text': 'Spannungen', 'id': 19, 'deprel': 'obj', 'head': 23}, 'verb': {'upos': 'VERB', 'text': 'steigere', 'id': 23, 'deprel': 'advcl', 'head': 9}}]","['SVO', 'SOV']"
1115,"Die Provinz Nakhon Nayok hat den Namen ""Stadt ohne Reisfeld-Steuer"" (Mueang Na Yok), da der König hier die Steuer auf Reisfelder nicht erhob.",2,"[{'subject': {'upos': 'NOUN', 'text': 'Provinz', 'id': 2, 'deprel': 'nsubj', 'head': 5}, 'verb': {'upos': 'VERB', 'text': 'hat', 'id': 5, 'deprel': 'root', 'head': 0}, 'object': {'upos': 'NOUN', 'text': 'Namen', 'id': 7, 'deprel': 'obj', 'head': 5}}, {'subject': {'upos': 'NOUN', 'text': 'König', 'id': 23, 'deprel': 'nsubj', 'head': 30}, 'object': {'upos': 'NOUN', 'text': 'Steuer', 'id': 26, 'deprel': 'obj', 'head': 30}, 'verb': {'upos': 'VERB', 'text': 'erhob', 'id': 30, 'deprel': 'advcl', 'head': 5}}]","['SVO', 'SOV']"
1660,Die Schüler machen nach Abschluss der Pflichtschule eine GCSE-Prüfung und bilden sich anschließend für etwa zwei Jahre weiter.,2,"[{'subject': {'upos': 'NOUN', 'text': 'Schüler', 'id': 2, 'deprel': 'nsubj', 'head': 3}, 'verb': {'upos': 'VERB', 'text': 'machen', 'id': 3, 'deprel': 'root', 'head': 0}, 'object': {'upos': 'PROPN', 'text': 'GCSE', 'id': 9, 'deprel': 'obj', 'head': 3}}, {'subject': {'upos': 'NOUN', 'text': 'Schüler', 'id': 2, 'deprel': 'nsubj', 'head': 3}, 'verb': {'upos': 'VERB', 'text': 'bilden', 'id': 13, 'deprel': 'conj', 'head': 3}, 'object': {'upos': 'PRON', 'text': 'sich', 'id': 14, 'deprel': 'obj', 'head': 13}}]","['SVO', 'SVO']"
1505,"Die von der islamischen Hochschule in Deoband ausgehenden Lehren haben sich zu einer Bewegung formiert, die Anhänger in Pakistan, Indien, Bangladesch, Afghanistan, Malaysia, Südafrika und Indonesien hat.",2,"[{'subject': {'upos': 'NOUN', 'text': 'Lehren', 'id': 9, 'deprel': 'nsubj', 'head': 15}, 'object': {'upos': 'PRON', 'text': 'sich', 'id': 11, 'deprel': 'obj', 'head': 15}, 'verb': {'upos': 'VERB', 'text': 'formiert', 'id': 15, 'deprel': 'root', 'head': 0}}, {'subject': {'upos': 'PRON', 'text': 'die', 'id': 17, 'deprel': 'nsubj', 'head': 33}, 'object': {'upos': 'NOUN', 'text': 'Anhänger', 'id': 18, 'deprel': 'obj', 'head': 33}, 'verb': {'upos': 'VERB', 'text': 'hat', 'id': 33, 'deprel': 'acl', 'head': 14}}]","['SOV', 'SOV']"
1,"Die Waldbrände wurden nahe dem Vulkan erzeugt, als umherwirbelnde Aschepartikel durch statische Elektrizität Blitze erzeugten, die ihrerseits Waldbrände verursachten.",2,"[{'subject': {'upos': 'NOUN', 'text': 'Aschepartikel', 'id': 11, 'deprel': 'nsubj', 'head': 16}, 'object': {'upos': 'NOUN', 'text': 'Blitze', 'id': 15, 'deprel': 'obj', 'head': 16}, 'verb': {'upos': 'VERB', 'text': 'erzeugten', 'id': 16, 'deprel': 'advcl', 'head': 7}}, {'subject': {'upos': 'PRON', 'text': 'die', 'id': 18, 'deprel': 'nsubj', 'head': 21}, 'object': {'upos': 'NOUN', 'text': 'Waldbrände', 'id': 20, 'deprel': 'obj', 'head': 21}, 'verb': {'upos': 'VERB', 'text': 'verursachten', 'id': 21, 'deprel': 'acl', 'head': 15}}]","['SOV', 'SOV']"
152,"Die YF-17 absolvierte insgesamt 288 Testflüge, woraus sich 345 Flugstunden ergeben.",2,"[{'subject': {'upos': 'PROPN', 'text': 'YF-17', 'id': 2, 'deprel': 'nsubj', 'head': 3}, 'verb': {'upos': 'VERB', 'text': 'absolvierte', 'id': 3, 'deprel': 'root', 'head': 0}, 'object': {'upos': 'NOUN', 'text': 'Testflüge', 'id': 6, 'deprel': 'obj', 'head': 3}}, {'object': {'upos': 'PRON', 'text': 'sich', 'id': 9, 'deprel': 'obj', 'head': 12}, 'subject': {'upos': 'NOUN', 'text': 'Flugstunden', 'id': 11, 'deprel': 'nsubj', 'head': 12}, 'verb': {'upos': 'VERB', 'text': 'ergeben', 'id': 12, 'deprel': 'acl', 'head': 6}}]","['SVO', 'OSV']"
1256,"Dimebag Darrells Anfrage, in die Band aufgenommen zu werden, wurde abgewiesen, weil die Band gerade erst Schlagzeuger Nick Menza angeheuert hatte und sich nicht gegen Vinnie Paul Abbott entscheiden wollte, Dimebags Bruder.",2,"[{'subject': {'upos': 'NOUN', 'text': 'Band', 'id': 17, 'deprel': 'nsubj', 'head': 23}, 'object': {'upos': 'NOUN', 'text': 'Schlagzeuger', 'id': 20, 'deprel': 'obj', 'head': 23}, 'verb': {'upos': 'VERB', 'text': 'angeheuert', 'id': 23, 'deprel': 'advcl', 'head': 13}}, {'subject': {'upos': 'NOUN', 'text': 'Band', 'id': 17, 'deprel': 'nsubj', 'head': 23}, 'object': {'upos': 'PRON', 'text': 'sich', 'id': 26, 'deprel': 'obj', 'head': 32}, 'verb': {'upos': 'VERB', 'text': 'entscheiden', 'id': 32, 'deprel': 'conj', 'head': 23}}]","['SOV', 'SOV']"
1997,Drogo führte eine Expedition nach Kalabrien und übergab seiner Brüder Robert Guiskard die Festung bei Scribla.,2,"[{'subject': {'upos': 'PROPN', 'text': 'Drogo', 'id': 1, 'deprel': 'nsubj', 'head': 2}, 'verb': {'upos': 'VERB', 'text': 'führte', 'id': 2, 'deprel': 'root', 'head': 0}, 'object': {'upos': 'NOUN', 'text': 'Expedition', 'id': 4, 'deprel': 'obj', 'head': 2}}, {'subject': {'upos': 'PROPN', 'text': 'Drogo', 'id': 1, 'deprel': 'nsubj', 'head': 2}, 'verb': {'upos': 'VERB', 'text': 'übergab', 'id': 8, 'deprel': 'conj', 'head': 2}, 'object': {'upos': 'NOUN', 'text': 'Festung', 'id': 14, 'deprel': 'obj', 'head': 8}}]","['SVO', 'SVO']"
1266,"Ebner bot Übersetzungsdienstleistungen an, leitete Sprachkurse und arbeitete in IT-Ausbildungsprojekten nach dem Studium.",2,"[{'subject': {'upos': 'PROPN', 'text': 'Ebner', 'id': 1, 'deprel': 'nsubj', 'head': 2}, 'verb': {'upos': 'VERB', 'text': 'bot', 'id': 2, 'deprel': 'root', 'head': 0}, 'object': {'upos': 'NOUN', 'text': 'Übersetzungsdienstleistungen', 'id': 3, 'deprel': 'obj', 'head': 2}}, {'subject': {'upos': 'PROPN', 'text': 'Ebner', 'id': 1, 'deprel': 'nsubj', 'head': 2}, 'verb': {'upos': 'VERB', 'text': 'leitete', 'id': 6, 'deprel': 'conj', 'head': 2}, 'object': {'upos': 'NOUN', 'text': 'Sprachkurse', 'id': 7, 'deprel': 'obj', 'head': 6}}]","['SVO', 'SVO']"
901,"Ein Spieler erhält einen zusätzlichen Bonusfreiwurf, wenn er unmittelbar während eines Wurfversuchs gefoult wird und den Versuch trotz des Fouls erfolgreich abschließt.",2,"[{'subject': {'upos': 'NOUN', 'text': 'Spieler', 'id': 2, 'deprel': 'nsubj', 'head': 3}, 'verb': {'upos': 'VERB', 'text': 'erhält', 'id': 3, 'deprel': 'root', 'head': 0}, 'object': {'upos': 'NOUN', 'text': 'Bonusfreiwurf', 'id': 6, 'deprel': 'obj', 'head': 3}}, {'subject': {'upos': 'PRON', 'text': 'er', 'id': 9, 'deprel': 'nsubj:pass', 'head': 14}, 'object': {'upos': 'NOUN', 'text': 'Versuch', 'id': 18, 'deprel': 'obj', 'head': 23}, 'verb': {'upos': 'VERB', 'text': 'abschließt', 'id': 23, 'deprel': 'conj', 'head': 14}}]","['SVO', 'SOV']"
1223,"Es gibt ein Unentschieden, wenn beide Mannschaften ihre Innings vollständig absolviert haben und die gleiche Anzahl von Runs haben.",2,"[{'subject': {'upos': 'NOUN', 'text': 'Mannschaften', 'id': 8, 'deprel': 'nsubj', 'head': 12}, 'object': {'upos': 'NOUN', 'text': 'Innings', 'id': 10, 'deprel': 'obj', 'head': 12}, 'verb': {'upos': 'VERB', 'text': 'absolviert', 'id': 12, 'deprel': 'advcl', 'head': 2}}, {'subject': {'upos': 'NOUN', 'text': 'Mannschaften', 'id': 8, 'deprel': 'nsubj', 'head': 12}, 'object': {'upos': 'NOUN', 'text': 'Anzahl', 'id': 17, 'deprel': 'obj', 'head': 20}, 'verb': {'upos': 'VERB', 'text': 'haben', 'id': 20, 'deprel': 'conj', 'head': 12}}]","['SOV', 'SOV']"
1247,Estoy aquí (Ich bin hier) erreichte Platz eins in den kolumbianischen Charts und zog auch internationale Aufmerksamkeit auf sich.,2,"[{'subject': {'upos': 'PROPN', 'text': 'Estoy', 'id': 1, 'deprel': 'nsubj', 'head': 8}, 'verb': {'upos': 'VERB', 'text': 'erreichte', 'id': 8, 'deprel': 'root', 'head': 0}, 'object': {'upos': 'NOUN', 'text': 'Platz', 'id': 9, 'deprel': 'obj', 'head': 8}}, {'subject': {'upos': 'PROPN', 'text': 'Estoy', 'id': 1, 'deprel': 'nsubj', 'head': 8}, 'verb': {'upos': 'VERB', 'text': 'zog', 'id': 16, 'deprel': 'conj', 'head': 8}, 'object': {'upos': 'NOUN', 'text': 'Aufmerksamkeit', 'id': 19, 'deprel': 'obj', 'head': 16}}]","['SVO', 'SVO']"
1477,"Juan Cabre wurde der Erste zugeschrieben, der die Felsbilder erforschte und sie der Jungsteinzeit zuordnete.",2,"[{'subject': {'upos': 'PRON', 'text': 'der', 'id': 8, 'deprel': 'nsubj', 'head': 11}, 'object': {'upos': 'NOUN', 'text': 'Felsbilder', 'id': 10, 'deprel': 'obj', 'head': 11}, 'verb': {'upos': 'VERB', 'text': 'erforschte', 'id': 11, 'deprel': 'acl', 'head': 5}}, {'subject': {'upos': 'PRON', 'text': 'der', 'id': 8, 'deprel': 'nsubj', 'head': 11}, 'object': {'upos': 'PRON', 'text': 'sie', 'id': 13, 'deprel': 'obj', 'head': 16}, 'verb': {'upos': 'VERB', 'text': 'zuordnete', 'id': 16, 'deprel': 'conj', 'head': 11}}]","['SOV', 'SOV']"
430,"Krishna behielt seine außerirdischen Kräfte für sich, damit seine Großmutter ihn gehen ließ.",2,"[{'subject': {'upos': 'PROPN', 'text': 'Krishna', 'id': 1, 'deprel': 'nsubj', 'head': 2}, 'verb': {'upos': 'VERB', 'text': 'behielt', 'id': 2, 'deprel': 'root', 'head': 0}, 'object': {'upos': 'NOUN', 'text': 'Kräfte', 'id': 5, 'deprel': 'obj', 'head': 2}}, {'subject': {'upos': 'NOUN', 'text': 'Großmutter', 'id': 11, 'deprel': 'nsubj', 'head': 14}, 'object': {'upos': 'PRON', 'text': 'ihn', 'id': 12, 'deprel': 'obj', 'head': 14}, 'verb': {'upos': 'VERB', 'text': 'ließ', 'id': 14, 'deprel': 'advcl', 'head': 2}}]","['SVO', 'SOV']"
1722,"Lon Nol behielt das Amt des Premierministers und des Verteidigungsministers bei, obwohl er das Amt des Staatschefs verlor.",2,"[{'subject': {'upos': 'PROPN', 'text': 'Lon', 'id': 1, 'deprel': 'nsubj', 'head': 3}, 'verb': {'upos': 'VERB', 'text': 'behielt', 'id': 3, 'deprel': 'root', 'head': 0}, 'object': {'upos': 'NOUN', 'text': 'Amt', 'id': 5, 'deprel': 'obj', 'head': 3}}, {'subject': {'upos': 'PRON', 'text': 'er', 'id': 14, 'deprel': 'nsubj', 'head': 19}, 'object': {'upos': 'NOUN', 'text': 'Amt', 'id': 16, 'deprel': 'obj', 'head': 19}, 'verb': {'upos': 'VERB', 'text': 'verlor', 'id': 19, 'deprel': 'advcl', 'head': 3}}]","['SVO', 'SOV']"
874,"Maneka Gandhi erhielt ihre Ausbildung in Delhi an der Lawrence School und am Lady Shri Ram College, wo sie 1973 einen Schönheitswettbewerb gewann.",2,"[{'subject': {'upos': 'PROPN', 'text': 'Maneka', 'id': 1, 'deprel': 'nsubj', 'head': 3}, 'verb': {'upos': 'VERB', 'text': 'erhielt', 'id': 3, 'deprel': 'root', 'head': 0}, 'object': {'upos': 'NOUN', 'text': 'Ausbildung', 'id': 5, 'deprel': 'obj', 'head': 3}}, {'subject': {'upos': 'PRON', 'text': 'sie', 'id': 21, 'deprel': 'nsubj', 'head': 25}, 'object': {'upos': 'NOUN', 'text': 'Schönheitswettbewerb', 'id': 24, 'deprel': 'obj', 'head': 25}, 'verb': {'upos': 'VERB', 'text': 'gewann', 'id': 25, 'deprel': 'acl', 'head': 15}}]","['SVO', 'SOV']"
553,"Marga Faulstich verbrachte die folgenden Jahre mit Reisen in alle Welt, hielt aber auch immer noch Vorträge und Referate auf Glas-Kongressen.",2,"[{'subject': {'upos': 'PROPN', 'text': 'Marga', 'id': 1, 'deprel': 'nsubj', 'head': 3}, 'verb': {'upos': 'VERB', 'text': 'verbrachte', 'id': 3, 'deprel': 'root', 'head': 0}, 'object': {'upos': 'NOUN', 'text': 'Jahre', 'id': 6, 'deprel': 'obj', 'head': 3}}, {'subject': {'upos': 'PROPN', 'text': 'Marga', 'id': 1, 'deprel': 'nsubj', 'head': 3}, 'verb': {'upos': 'VERB', 'text': 'hielt', 'id': 13, 'deprel': 'conj', 'head': 3}, 'object': {'upos': 'NOUN', 'text': 'Vorträge', 'id': 18, 'deprel': 'obj', 'head': 13}}]","['SVO', 'SVO']"
724,"Marokko blockierte das Treffen, indem es sich weigerte, teilzunehmen.",2,"[{'subject': {'upos': 'PROPN', 'text': 'Marokko', 'id': 1, 'deprel': 'nsubj', 'head': 2}, 'verb': {'upos': 'VERB', 'text': 'blockierte', 'id': 2, 'deprel': 'root', 'head': 0}, 'object': {'upos': 'NOUN', 'text': 'Treffen', 'id': 4, 'deprel': 'obj', 'head': 2}}, {'subject': {'upos': 'PRON', 'text': 'es', 'id': 7, 'deprel': 'nsubj', 'head': 9}, 'object': {'upos': 'PRON', 'text': 'sich', 'id': 8, 'deprel': 'obj', 'head': 9}, 'verb': {'upos': 'VERB', 'text': 'weigerte', 'id': 9, 'deprel': 'advcl', 'head': 2}}]","['SVO', 'SOV']"
1593,"Millionen von Menschen verließen die Britischen Inseln und bildeten die Grundlage von Siedlerstaaten wie den USA, Kanada, Australien und Neuseeland.",2,"[{'subject': {'upos': 'NOUN', 'text': 'Millionen', 'id': 1, 'deprel': 'nsubj', 'head': 4}, 'verb': {'upos': 'VERB', 'text': 'verließen', 'id': 4, 'deprel': 'root', 'head': 0}, 'object': {'upos': 'PROPN', 'text': 'Inseln', 'id': 7, 'deprel': 'obj', 'head': 4}}, {'subject': {'upos': 'NOUN', 'text': 'Millionen', 'id': 1, 'deprel': 'nsubj', 'head': 4}, 'verb': {'upos': 'VERB', 'text': 'bildeten', 'id': 9, 'deprel': 'conj', 'head': 4}, 'object': {'upos': 'NOUN', 'text': 'Grundlage', 'id': 11, 'deprel': 'obj', 'head': 9}}]","['SVO', 'SVO']"
428,"Pooja und Raj entdeckten, dass Pooja all die Briefe, die Raj erhalten hatte, selbst geschrieben hat.",2,"[{'subject': {'upos': 'PRON', 'text': 'die', 'id': 12, 'deprel': 'nsubj', 'head': 14}, 'object': {'upos': 'PROPN', 'text': 'Raj', 'id': 13, 'deprel': 'obj', 'head': 14}, 'verb': {'upos': 'VERB', 'text': 'erhalten', 'id': 14, 'deprel': 'acl', 'head': 10}}, {'subject': {'upos': 'PROPN', 'text': 'Pooja', 'id': 7, 'deprel': 'nsubj', 'head': 18}, 'object': {'upos': 'NOUN', 'text': 'Briefe', 'id': 10, 'deprel': 'obj', 'head': 18}, 'verb': {'upos': 'VERB', 'text': 'geschrieben', 'id': 18, 'deprel': 'ccomp', 'head': 4}}]","['SOV', 'SOV']"
838,"Sie beraubte sich für den Rest ihres Lebens der Augenfähigkeit, indem sie eine Augenbinde trug.",2,"[{'subject': {'upos': 'PRON', 'text': 'Sie', 'id': 1, 'deprel': 'nsubj', 'head': 2}, 'verb': {'upos': 'VERB', 'text': 'beraubte', 'id': 2, 'deprel': 'root', 'head': 0}, 'object': {'upos': 'PRON', 'text': 'sich', 'id': 3, 'deprel': 'obj', 'head': 2}}, {'subject': {'upos': 'PRON', 'text': 'sie', 'id': 13, 'deprel': 'nsubj', 'head': 16}, 'object': {'upos': 'NOUN', 'text': 'Augenbinde', 'id': 15, 'deprel': 'obj', 'head': 16}, 'verb': {'upos': 'VERB', 'text': 'trug', 'id': 16, 'deprel': 'advcl', 'head': 2}}]","['SVO', 'SOV']"
277,"Sie hatten den Schlüssel, der das Fläschchen mit Christi Blut besorgen konnte, um Valak aufzuhalten, Schwester Victoria.",2,"[{'subject': {'upos': 'PRON', 'text': 'Sie', 'id': 1, 'deprel': 'nsubj', 'head': 2}, 'verb': {'upos': 'VERB', 'text': 'hatten', 'id': 2, 'deprel': 'root', 'head': 0}, 'object': {'upos': 'NOUN', 'text': 'Schlüssel', 'id': 4, 'deprel': 'obj', 'head': 2}}, {'subject': {'upos': 'PRON', 'text': 'der', 'id': 6, 'deprel': 'nsubj', 'head': 12}, 'object': {'upos': 'NOUN', 'text': 'Fläschchen', 'id': 8, 'deprel': 'obj', 'head': 12}, 'verb': {'upos': 'VERB', 'text': 'besorgen', 'id': 12, 'deprel': 'acl', 'head': 4}}]","['SVO', 'SOV']"
1075,"Stallman gründete 1983 das GNU-Projekt mit dem Ziel, ein unixähnliches Betriebssystem zu schaffen, welches sicherstellt, dass die Benutzer die Vier Freiheiten haben.",2,"[{'subject': {'upos': 'PROPN', 'text': 'Stallman', 'id': 1, 'deprel': 'nsubj', 'head': 2}, 'verb': {'upos': 'VERB', 'text': 'gründete', 'id': 2, 'deprel': 'root', 'head': 0}, 'object': {'upos': 'PROPN', 'text': 'GNU', 'id': 5, 'deprel': 'obj', 'head': 2}}, {'subject': {'upos': 'NOUN', 'text': 'Benutzer', 'id': 23, 'deprel': 'nsubj', 'head': 27}, 'object': {'upos': 'NOUN', 'text': 'Freiheiten', 'id': 26, 'deprel': 'obj', 'head': 27}, 'verb': {'upos': 'VERB', 'text': 'haben', 'id': 27, 'deprel': 'ccomp', 'head': 19}}]","['SVO', 'SOV']"
1989,"Theodor Wolff hat einen Artikel geschrieben, der sich sehr positiven Illusionen zuneigt, am 10.",2,"[{'subject': {'upos': 'PROPN', 'text': 'Theodor', 'id': 1, 'deprel': 'nsubj', 'head': 6}, 'object': {'upos': 'NOUN', 'text': 'Artikel', 'id': 5, 'deprel': 'obj', 'head': 6}, 'verb': {'upos': 'VERB', 'text': 'geschrieben', 'id': 6, 'deprel': 'root', 'head': 0}}, {'subject': {'upos': 'PRON', 'text': 'der', 'id': 8, 'deprel': 'nsubj', 'head': 13}, 'object': {'upos': 'PRON', 'text': 'sich', 'id': 9, 'deprel': 'obj', 'head': 13}, 'verb': {'upos': 'VERB', 'text': 'zuneigt', 'id': 13, 'deprel': 'acl', 'head': 5}}]","['SOV', 'SOV']"
144,Thrasybulos eroberte Byzantion (Istanbul) und führte eine Zollgebühr für die Durchquerung der Dardanellen ein.,2,"[{'subject': {'upos': 'PROPN', 'text': 'Thrasybulos', 'id': 1, 'deprel': 'nsubj', 'head': 2}, 'verb': {'upos': 'VERB', 'text': 'eroberte', 'id': 2, 'deprel': 'root', 'head': 0}, 'object': {'upos': 'PROPN', 'text': 'Byzantion', 'id': 3, 'deprel': 'obj', 'head': 2}}, {'subject': {'upos': 'PROPN', 'text': 'Thrasybulos', 'id': 1, 'deprel': 'nsubj', 'head': 2}, 'verb': {'upos': 'VERB', 'text': 'führte', 'id': 8, 'deprel': 'conj', 'head': 2}, 'object': {'upos': 'NOUN', 'text': 'Zollgebühr', 'id': 10, 'deprel': 'obj', 'head': 8}}]","['SVO', 'SVO']"
1994,Tornikios übernahm nach der ersten Schlacht selbst das Kommando und führte seine Truppen in eine zweite Schlacht in der Nähe von Civita.,2,"[{'subject': {'upos': 'PROPN', 'text': 'Tornikios', 'id': 1, 'deprel': 'nsubj', 'head': 2}, 'verb': {'upos': 'VERB', 'text': 'übernahm', 'id': 2, 'deprel': 'root', 'head': 0}, 'object': {'upos': 'NOUN', 'text': 'Kommando', 'id': 9, 'deprel': 'obj', 'head': 2}}, {'subject': {'upos': 'PROPN', 'text': 'Tornikios', 'id': 1, 'deprel': 'nsubj', 'head': 2}, 'verb': {'upos': 'VERB', 'text': 'führte', 'id': 11, 'deprel': 'conj', 'head': 2}, 'object': {'upos': 'NOUN', 'text': 'Truppen', 'id': 13, 'deprel': 'obj', 'head': 11}}]","['SVO', 'SVO']"
1558,"Während SCM die Beziehungen zwischen Lieferanten und Kunden auf die Lieferkette (Supply Chain) ausrichtet, fokussiert DCM die Beziehungen auf die Nachfrage der Kunden.",2,"[{'subject': {'upos': 'PROPN', 'text': 'SCM', 'id': 2, 'deprel': 'nsubj', 'head': 16}, 'object': {'upos': 'NOUN', 'text': 'Beziehungen', 'id': 4, 'deprel': 'obj', 'head': 16}, 'verb': {'upos': 'VERB', 'text': 'ausrichtet', 'id': 16, 'deprel': 'advcl', 'head': 18}}, {'verb': {'upos': 'VERB', 'text': 'fokussiert', 'id': 18, 'deprel': 'root', 'head': 0}, 'subject': {'upos': 'PROPN', 'text': 'DCM', 'id': 19, 'deprel': 'nsubj', 'head': 18}, 'object': {'upos': 'NOUN', 'text': 'Beziehungen', 'id': 21, 'deprel': 'obj', 'head': 18}}]","['SOV', 'VSO']"
1403,288.563 GWh erzeugten die Anlagen im Jahr 2010.,1,"[{'object': {'upos': 'NOUN', 'text': 'GWh', 'id': 2, 'deprel': 'obj', 'head': 3}, 'verb': {'upos': 'VERB', 'text': 'erzeugten', 'id': 3, 'deprel': 'root', 'head': 0}, 'subject': {'upos': 'NOUN', 'text': 'Anlagen', 'id': 5, 'deprel': 'nsubj', 'head': 3}}]",['OVS']
229,"34,20 % der Haushalte hatten Kinder und Jugendliche unter 18 Jahren, die bei ihnen lebten.",1,"[{'subject': {'upos': 'NOUN', 'text': '%', 'id': 2, 'deprel': 'nsubj', 'head': 5}, 'verb': {'upos': 'VERB', 'text': 'hatten', 'id': 5, 'deprel': 'root', 'head': 0}, 'object': {'upos': 'NOUN', 'text': 'Kinder', 'id': 6, 'deprel': 'obj', 'head': 5}}]",['SVO']
636,"83,2 Prozent der Bevölkerung Odishas spricht Oriya (Odia) als Muttersprache.",1,"[{'subject': {'upos': 'NOUN', 'text': 'Prozent', 'id': 2, 'deprel': 'nsubj', 'head': 6}, 'verb': {'upos': 'VERB', 'text': 'spricht', 'id': 6, 'deprel': 'root', 'head': 0}, 'object': {'upos': 'PROPN', 'text': 'Oriya', 'id': 7, 'deprel': 'obj', 'head': 6}}]",['SVO']
629,"Abraham Lincolns Vater, Thomas Lincoln, wurde von Jack Barts entlassen, nachdem sein Sohn Abraham sich zwischen einen Aufseher und einen afroamerikanischen Sklaven, William Johnson, gestellt hatte.",1,"[{'subject': {'upos': 'NOUN', 'text': 'Sohn', 'id': 16, 'deprel': 'nsubj', 'head': 30}, 'object': {'upos': 'PRON', 'text': 'sich', 'id': 18, 'deprel': 'obj', 'head': 30}, 'verb': {'upos': 'VERB', 'text': 'gestellt', 'id': 30, 'deprel': 'advcl', 'head': 12}}]",['SOV']
630,Adam entführte Johnson.,1,"[{'subject': {'upos': 'PROPN', 'text': 'Adam', 'id': 1, 'deprel': 'nsubj', 'head': 2}, 'verb': {'upos': 'VERB', 'text': 'entführte', 'id': 2, 'deprel': 'root', 'head': 0}, 'object': {'upos': 'PROPN', 'text': 'Johnson', 'id': 3, 'deprel': 'obj', 'head': 2}}]",['SVO']
138,Al-Afdal lagerte in der Ebene von al-Majdal in einem Tal außerhalb Askalons und bereitete sich auf den Weitermarsch und die Belagerung vor.,1,"[{'subject': {'upos': 'PROPN', 'text': 'Al', 'id': 1, 'deprel': 'nsubj', 'head': 4}, 'verb': {'upos': 'VERB', 'text': 'bereitete', 'id': 18, 'deprel': 'conj', 'head': 4}, 'object': {'upos': 'PRON', 'text': 'sich', 'id': 19, 'deprel': 'obj', 'head': 18}}]",['SVO']
750,"Albano Carrisi, auch bekannt als Al Bano, begann seine Karriere als Rockmusiker vor dem Theater.",1,"[{'subject': {'upos': 'PROPN', 'text': 'Albano', 'id': 1, 'deprel': 'nsubj', 'head': 10}, 'verb': {'upos': 'VERB', 'text': 'begann', 'id': 10, 'deprel': 'root', 'head': 0}, 'object': {'upos': 'NOUN', 'text': 'Karriere', 'id': 12, 'deprel': 'obj', 'head': 10}}]",['SVO']
1845,Albert Lasker Award for Basic Medical Research teilte Albert Lasker zusammen mit Elizabeth Blackburn und Jack Szostak.,1,"[{'subject': {'upos': 'PROPN', 'text': 'Albert', 'id': 1, 'deprel': 'nsubj', 'head': 8}, 'verb': {'upos': 'VERB', 'text': 'teilte', 'id': 8, 'deprel': 'root', 'head': 0}, 'object': {'upos': 'PROPN', 'text': 'Albert', 'id': 9, 'deprel': 'obj', 'head': 8}}]",['SVO']
733,Aleksander Wolszczan entdeckte PSR B1257+12 im Jahr 1990.,1,"[{'subject': {'upos': 'PROPN', 'text': 'Aleksander', 'id': 1, 'deprel': 'nsubj', 'head': 3}, 'verb': {'upos': 'VERB', 'text': 'entdeckte', 'id': 3, 'deprel': 'root', 'head': 0}, 'object': {'upos': 'PROPN', 'text': 'PSR', 'id': 4, 'deprel': 'obj', 'head': 3}}]",['SVO']
142,"Alkibiades lockte die spartanische Flotte aus dem Hafen, um sie dann an einem nahegelegenen Strand zu besiegen und ihre Schiffe zu kapern.",1,"[{'subject': {'upos': 'PROPN', 'text': 'Alkibiades', 'id': 1, 'deprel': 'nsubj', 'head': 2}, 'verb': {'upos': 'VERB', 'text': 'lockte', 'id': 2, 'deprel': 'root', 'head': 0}, 'object': {'upos': 'NOUN', 'text': 'Flotte', 'id': 5, 'deprel': 'obj', 'head': 2}}]",['SVO']
869,"Allan Lamb und Ian Botham haben behauptet, dass Khan den Ball manipuliert hätte.",1,"[{'subject': {'upos': 'PROPN', 'text': 'Khan', 'id': 10, 'deprel': 'nsubj', 'head': 13}, 'object': {'upos': 'NOUN', 'text': 'Ball', 'id': 12, 'deprel': 'obj', 'head': 13}, 'verb': {'upos': 'VERB', 'text': 'manipuliert', 'id': 13, 'deprel': 'ccomp', 'head': 7}}]",['SOV']
1672,Ambrosius taufte Augustinus zusammen mit seinem Sohn Adeodatus und seinem Freund Alypius in Mailand in der Osternacht 387.,1,"[{'subject': {'upos': 'PROPN', 'text': 'Ambrosius', 'id': 1, 'deprel': 'nsubj', 'head': 2}, 'verb': {'upos': 'VERB', 'text': 'taufte', 'id': 2, 'deprel': 'root', 'head': 0}, 'object': {'upos': 'PROPN', 'text': 'Augustinus', 'id': 3, 'deprel': 'obj', 'head': 2}}]",['SVO']
647,Anatomische Defekte stellen eine Verbindung zwischen der äußeren Umgebung und dem Nervensystem her.,1,"[{'subject': {'upos': 'NOUN', 'text': 'Defekte', 'id': 2, 'deprel': 'nsubj', 'head': 3}, 'verb': {'upos': 'VERB', 'text': 'stellen', 'id': 3, 'deprel': 'root', 'head': 0}, 'object': {'upos': 'NOUN', 'text': 'Verbindung', 'id': 5, 'deprel': 'obj', 'head': 3}}]",['SVO']
1307,"Anita Desai veröffentlichte ihr erstes Buch ""Cry, the Peacock"" im Jahre 1963.",1,"[{'subject': {'upos': 'PROPN', 'text': 'Anita', 'id': 1, 'deprel': 'nsubj', 'head': 3}, 'verb': {'upos': 'VERB', 'text': 'veröffentlichte', 'id': 3, 'deprel': 'root', 'head': 0}, 'object': {'upos': 'NOUN', 'text': 'Buch', 'id': 6, 'deprel': 'obj', 'head': 3}}]",['SVO']
1744,Antwort: Ich habe keine Antwort auf Ihre Frage.,1,"[{'subject': {'upos': 'PRON', 'text': 'Ich', 'id': 3, 'deprel': 'nsubj', 'head': 4}, 'verb': {'upos': 'VERB', 'text': 'habe', 'id': 4, 'deprel': 'appos', 'head': 1}, 'object': {'upos': 'NOUN', 'text': 'Antwort', 'id': 6, 'deprel': 'obj', 'head': 4}}]",['SVO']
1628,Argentinien schoss 0 Tore bei der Niederlage gegen Deutschland.,1,"[{'subject': {'upos': 'PROPN', 'text': 'Argentinien', 'id': 1, 'deprel': 'nsubj', 'head': 2}, 'verb': {'upos': 'VERB', 'text': 'schoss', 'id': 2, 'deprel': 'root', 'head': 0}, 'object': {'upos': 'NOUN', 'text': 'Tore', 'id': 4, 'deprel': 'obj', 'head': 2}}]",['SVO']
405,"Auch weitere, geringe Beimengungen von beispielsweise Calcium können eine Variation der Farbe hervorrufen.",1,"[{'subject': {'upos': 'NOUN', 'text': 'Beimengungen', 'id': 5, 'deprel': 'nsubj', 'head': 14}, 'object': {'upos': 'NOUN', 'text': 'Variation', 'id': 11, 'deprel': 'obj', 'head': 14}, 'verb': {'upos': 'VERB', 'text': 'hervorrufen', 'id': 14, 'deprel': 'root', 'head': 0}}]",['SOV']
1594,Audouin Dollfus identifizierte Janus am 15.,1,"[{'subject': {'upos': 'PROPN', 'text': 'Audouin', 'id': 1, 'deprel': 'nsubj', 'head': 3}, 'verb': {'upos': 'VERB', 'text': 'identifizierte', 'id': 3, 'deprel': 'root', 'head': 0}, 'object': {'upos': 'PROPN', 'text': 'Janus', 'id': 4, 'deprel': 'obj', 'head': 3}}]",['SVO']
1500,August 1996 trennten sich Charles und Diana offiziell.,1,"[{'verb': {'upos': 'VERB', 'text': 'trennten', 'id': 3, 'deprel': 'root', 'head': 0}, 'object': {'upos': 'PRON', 'text': 'sich', 'id': 4, 'deprel': 'obj', 'head': 3}, 'subject': {'upos': 'PROPN', 'text': 'Charles', 'id': 5, 'deprel': 'nsubj', 'head': 3}}]",['VOS']
1505,Außerdem hat sie auch unter den meist aus Südasien stammenden Muslimen in Großbritannien großen Einfluss.,1,"[{'verb': {'upos': 'VERB', 'text': 'hat', 'id': 2, 'deprel': 'root', 'head': 0}, 'subject': {'upos': 'PRON', 'text': 'sie', 'id': 3, 'deprel': 'nsubj', 'head': 2}, 'object': {'upos': 'NOUN', 'text': 'Einfluss', 'id': 15, 'deprel': 'obj', 'head': 2}}]",['VSO']
1783,Australien besiegte Neuseeland mit 2:0 und 4:1.,1,"[{'subject': {'upos': 'PROPN', 'text': 'Australien', 'id': 1, 'deprel': 'nsubj', 'head': 2}, 'verb': {'upos': 'VERB', 'text': 'besiegte', 'id': 2, 'deprel': 'root', 'head': 0}, 'object': {'upos': 'PROPN', 'text': 'Neuseeland', 'id': 3, 'deprel': 'obj', 'head': 2}}]",['SVO']
749,Batagram erhielt den Status eines eigenständigen Distrikts im Juli 1993.,1,"[{'subject': {'upos': 'PROPN', 'text': 'Batagram', 'id': 1, 'deprel': 'nsubj', 'head': 2}, 'verb': {'upos': 'VERB', 'text': 'erhielt', 'id': 2, 'deprel': 'root', 'head': 0}, 'object': {'upos': 'NOUN', 'text': 'Status', 'id': 4, 'deprel': 'obj', 'head': 2}}]",['SVO']
1819,Ben-Gurion erklärte die israelische Unabhängigkeit am 14.,1,"[{'subject': {'upos': 'PROPN', 'text': 'Ben', 'id': 1, 'deprel': 'nsubj', 'head': 4}, 'verb': {'upos': 'VERB', 'text': 'erklärte', 'id': 4, 'deprel': 'root', 'head': 0}, 'object': {'upos': 'NOUN', 'text': 'Unabhängigkeit', 'id': 7, 'deprel': 'obj', 'head': 4}}]",['SVO']
1033,Beowulf bekämpft übernatürliche Wesen und Untiere.,1,"[{'subject': {'upos': 'PROPN', 'text': 'Beowulf', 'id': 1, 'deprel': 'nsubj', 'head': 2}, 'verb': {'upos': 'VERB', 'text': 'bekämpft', 'id': 2, 'deprel': 'root', 'head': 0}, 'object': {'upos': 'NOUN', 'text': 'Wesen', 'id': 4, 'deprel': 'obj', 'head': 2}}]",['SVO']
1032,Beowulf erschlägt den feuerspeienden Drachen vor seinem Tod.,1,"[{'subject': {'upos': 'PROPN', 'text': 'Beowulf', 'id': 1, 'deprel': 'nsubj', 'head': 2}, 'verb': {'upos': 'VERB', 'text': 'erschlägt', 'id': 2, 'deprel': 'root', 'head': 0}, 'object': {'upos': 'NOUN', 'text': 'Drachen', 'id': 5, 'deprel': 'obj', 'head': 2}}]",['SVO']
109,"Berengar II., der fränkische König von Italien und Römische Kaiser, nahm Spoleto um 949 von seinem letzten Markgrafen zurück.",1,"[{'subject': {'upos': 'PROPN', 'text': 'Berengar', 'id': 1, 'deprel': 'nsubj', 'head': 13}, 'verb': {'upos': 'VERB', 'text': 'nahm', 'id': 13, 'deprel': 'root', 'head': 0}, 'object': {'upos': 'PROPN', 'text': 'Spoleto', 'id': 14, 'deprel': 'obj', 'head': 13}}]",['SVO']
582,Biff versucht sich bei Lorraine einzudrängen.,1,"[{'subject': {'upos': 'PROPN', 'text': 'Biff', 'id': 1, 'deprel': 'nsubj', 'head': 2}, 'verb': {'upos': 'VERB', 'text': 'versucht', 'id': 2, 'deprel': 'root', 'head': 0}, 'object': {'upos': 'PRON', 'text': 'sich', 'id': 3, 'deprel': 'obj', 'head': 2}}]",['SVO']
101,"Bond tötet zwei Männer, die planen, ein vollbesetztes Stadion in die Luft zu sprengen.",1,"[{'subject': {'upos': 'PROPN', 'text': 'Bond', 'id': 1, 'deprel': 'nsubj', 'head': 2}, 'verb': {'upos': 'VERB', 'text': 'tötet', 'id': 2, 'deprel': 'root', 'head': 0}, 'object': {'upos': 'NOUN', 'text': 'Männer', 'id': 4, 'deprel': 'obj', 'head': 2}}]",['SVO']
1667,Boni hatte 100 Kriegsschiffe zum Schutz seines Handels.,1,"[{'subject': {'upos': 'PROPN', 'text': 'Boni', 'id': 1, 'deprel': 'nsubj', 'head': 2}, 'verb': {'upos': 'VERB', 'text': 'hatte', 'id': 2, 'deprel': 'root', 'head': 0}, 'object': {'upos': 'NOUN', 'text': 'Kriegsschiffe', 'id': 4, 'deprel': 'obj', 'head': 2}}]",['SVO']
919,Butch machte sich im Chopper davon.,1,"[{'subject': {'upos': 'PROPN', 'text': 'Butch', 'id': 1, 'deprel': 'nsubj', 'head': 2}, 'verb': {'upos': 'VERB', 'text': 'machte', 'id': 2, 'deprel': 'root', 'head': 0}, 'object': {'upos': 'PRON', 'text': 'sich', 'id': 3, 'deprel': 'obj', 'head': 2}}]",['SVO']
1641,"Caballé hat eine Tochter, Montserrat Martí Caballé, und einen Sohn.",1,"[{'subject': {'upos': 'PROPN', 'text': 'Caballé', 'id': 1, 'deprel': 'nsubj', 'head': 2}, 'verb': {'upos': 'VERB', 'text': 'hat', 'id': 2, 'deprel': 'root', 'head': 0}, 'object': {'upos': 'NOUN', 'text': 'Tochter', 'id': 4, 'deprel': 'obj', 'head': 2}}]",['SVO']
1049,"Calvin Ellis Stowe zeugte mit Beecher sieben Kinder, darunter Zwillingsschwestern.",1,"[{'subject': {'upos': 'PROPN', 'text': 'Calvin', 'id': 1, 'deprel': 'nsubj', 'head': 4}, 'verb': {'upos': 'VERB', 'text': 'zeugte', 'id': 4, 'deprel': 'root', 'head': 0}, 'object': {'upos': 'NOUN', 'text': 'Kinder', 'id': 8, 'deprel': 'obj', 'head': 4}}]",['SVO']
1480,Charles Louis Alphonse Laveran entdeckte das parasitäre Protozoon.,1,"[{'subject': {'upos': 'PROPN', 'text': 'Charles', 'id': 1, 'deprel': 'nsubj', 'head': 5}, 'verb': {'upos': 'VERB', 'text': 'entdeckte', 'id': 5, 'deprel': 'root', 'head': 0}, 'object': {'upos': 'NOUN', 'text': 'Protozoon', 'id': 8, 'deprel': 'obj', 'head': 5}}]",['SVO']
1878,Charles Nicolle heiratete Alice Avice 1895.,1,"[{'subject': {'upos': 'PROPN', 'text': 'Charles', 'id': 1, 'deprel': 'nsubj', 'head': 3}, 'verb': {'upos': 'VERB', 'text': 'heiratete', 'id': 3, 'deprel': 'root', 'head': 0}, 'object': {'upos': 'PROPN', 'text': 'Alice', 'id': 4, 'deprel': 'obj', 'head': 3}}]",['SVO']
1019,Che Guevara heiratete Aleida March am 2.,1,"[{'subject': {'upos': 'PROPN', 'text': 'Che', 'id': 1, 'deprel': 'nsubj', 'head': 3}, 'verb': {'upos': 'VERB', 'text': 'heiratete', 'id': 3, 'deprel': 'root', 'head': 0}, 'object': {'upos': 'PROPN', 'text': 'Aleida', 'id': 4, 'deprel': 'obj', 'head': 3}}]",['SVO']
508,China führte seine sechste nationale Volkszählung am 1.,1,"[{'subject': {'upos': 'PROPN', 'text': 'China', 'id': 1, 'deprel': 'nsubj', 'head': 2}, 'verb': {'upos': 'VERB', 'text': 'führte', 'id': 2, 'deprel': 'root', 'head': 0}, 'object': {'upos': 'NOUN', 'text': 'Volkszählung', 'id': 6, 'deprel': 'obj', 'head': 2}}]",['SVO']
1330,Claudie André-Deshays hat ihren Abschluss in Medizin an der Universität von Dijon gemacht.,1,"[{'subject': {'upos': 'PROPN', 'text': 'Claudie', 'id': 1, 'deprel': 'nsubj', 'head': 15}, 'object': {'upos': 'NOUN', 'text': 'Abschluss', 'id': 7, 'deprel': 'obj', 'head': 15}, 'verb': {'upos': 'VERB', 'text': 'gemacht', 'id': 15, 'deprel': 'root', 'head': 0}}]",['SOV']
18,"Colgate belegte den dritten Platz bei der Bewertung des Erfolges bei der Integration von afroamerikanischen Studenten im ""Journal of Blacks in Higher Education"".",1,"[{'subject': {'upos': 'PROPN', 'text': 'Colgate', 'id': 1, 'deprel': 'nsubj', 'head': 2}, 'verb': {'upos': 'VERB', 'text': 'belegte', 'id': 2, 'deprel': 'root', 'head': 0}, 'object': {'upos': 'NOUN', 'text': 'Platz', 'id': 5, 'deprel': 'obj', 'head': 2}}]",['SVO']
1233,"Criss verließ die Band Kiss erneut im Frühjahr 2001, kurz vor Beginn der Japan- und Australientournee.",1,"[{'subject': {'upos': 'PROPN', 'text': 'Criss', 'id': 1, 'deprel': 'nsubj', 'head': 2}, 'verb': {'upos': 'VERB', 'text': 'verließ', 'id': 2, 'deprel': 'root', 'head': 0}, 'object': {'upos': 'NOUN', 'text': 'Band', 'id': 4, 'deprel': 'obj', 'head': 2}}]",['SVO']
1211,Croatia Airlines unterhält Codeshare-Abkommen mit folgenden Fluggesellschaften:,1,"[{'subject': {'upos': 'PROPN', 'text': 'Croatia', 'id': 1, 'deprel': 'nsubj', 'head': 3}, 'verb': {'upos': 'VERB', 'text': 'unterhält', 'id': 3, 'deprel': 'root', 'head': 0}, 'object': {'upos': 'PROPN', 'text': 'Codeshare', 'id': 4, 'deprel': 'obj', 'head': 3}}]",['SVO']
1814,Ćustić begann seine Profikarriere 2000 bei seinem Jugendverein NK Zadar.,1,"[{'subject': {'upos': 'PROPN', 'text': 'Ćustić', 'id': 1, 'deprel': 'nsubj', 'head': 2}, 'verb': {'upos': 'VERB', 'text': 'begann', 'id': 2, 'deprel': 'root', 'head': 0}, 'object': {'upos': 'NOUN', 'text': 'Profikarriere', 'id': 4, 'deprel': 'obj', 'head': 2}}]",['SVO']
84,d'Hérelle isolierte Phagen.,1,"[{'subject': {'upos': 'PROPN', 'text': ""d'Hérelle"", 'id': 1, 'deprel': 'nsubj', 'head': 2}, 'verb': {'upos': 'VERB', 'text': 'isolierte', 'id': 2, 'deprel': 'root', 'head': 0}, 'object': {'upos': 'PROPN', 'text': 'Phagen', 'id': 3, 'deprel': 'obj', 'head': 2}}]",['SVO']
1744,Daher kann ich keine Antwort auf diese Frage generieren.,1,"[{'subject': {'upos': 'PRON', 'text': 'ich', 'id': 3, 'deprel': 'nsubj', 'head': 9}, 'object': {'upos': 'NOUN', 'text': 'Antwort', 'id': 5, 'deprel': 'obj', 'head': 9}, 'verb': {'upos': 'VERB', 'text': 'generieren', 'id': 9, 'deprel': 'root', 'head': 0}}]",['SOV']
678,"Dankbarkeit beruht auf der biblischen Aussage, dass jeder Mensch schuldig (""Sünder"") ist und Gott als den selbstlosen Geber alles Guten ansieht.",1,"[{'subject': {'upos': 'NOUN', 'text': 'Gott', 'id': 19, 'deprel': 'nsubj', 'head': 26}, 'object': {'upos': 'NOUN', 'text': 'Guten', 'id': 25, 'deprel': 'obj', 'head': 26}, 'verb': {'upos': 'VERB', 'text': 'ansieht', 'id': 26, 'deprel': 'conj', 'head': 11}}]",['SOV']
674,"Dankbarkeit kann auch dazu führen, dass sich positives soziales Verhalten im Wohltäter verstärkt.",1,"[{'object': {'upos': 'PRON', 'text': 'sich', 'id': 8, 'deprel': 'obj', 'head': 15}, 'subject': {'upos': 'NOUN', 'text': 'Verhalten', 'id': 11, 'deprel': 'nsubj', 'head': 15}, 'verb': {'upos': 'VERB', 'text': 'verstärkt', 'id': 15, 'deprel': 'acl', 'head': 4}}]",['OSV']
1570,Darüber hinaus gewährte Deutschland Kredite in Höhe von 50 Millionen D-Mark.,1,"[{'verb': {'upos': 'VERB', 'text': 'gewährte', 'id': 3, 'deprel': 'root', 'head': 0}, 'subject': {'upos': 'PROPN', 'text': 'Deutschland', 'id': 4, 'deprel': 'nsubj', 'head': 3}, 'object': {'upos': 'NOUN', 'text': 'Kredite', 'id': 5, 'deprel': 'obj', 'head': 3}}]",['VSO']
1250,Das Bild zeigt die meisten Feldpositionen und deren Bezeichnungen im Cricket.,1,"[{'subject': {'upos': 'NOUN', 'text': 'Bild', 'id': 2, 'deprel': 'nsubj', 'head': 3}, 'verb': {'upos': 'VERB', 'text': 'zeigt', 'id': 3, 'deprel': 'root', 'head': 0}, 'object': {'upos': 'NOUN', 'text': 'Feldpositionen', 'id': 6, 'deprel': 'obj', 'head': 3}}]",['SVO']
619,Das Birkhall-Anwesen umfasst 210 Quadratkilometer.,1,"[{'subject': {'upos': 'PROPN', 'text': 'Birkhall', 'id': 2, 'deprel': 'nsubj', 'head': 5}, 'verb': {'upos': 'VERB', 'text': 'umfasst', 'id': 5, 'deprel': 'root', 'head': 0}, 'object': {'upos': 'NOUN', 'text': 'Quadratkilometer', 'id': 7, 'deprel': 'obj', 'head': 5}}]",['SVO']
753,Das Britische Empire entschied sich zur Invasion.,1,"[{'subject': {'upos': 'PROPN', 'text': 'Empire', 'id': 3, 'deprel': 'nsubj', 'head': 4}, 'verb': {'upos': 'VERB', 'text': 'entschied', 'id': 4, 'deprel': 'root', 'head': 0}, 'object': {'upos': 'PRON', 'text': 'sich', 'id': 5, 'deprel': 'obj', 'head': 4}}]",['SVO']
199,Das Chandra-Röntgenteleskop enthüllte die Existenz extrem heißen Gases in NGC 6543.,1,"[{'subject': {'upos': 'PROPN', 'text': 'Chandra', 'id': 2, 'deprel': 'nsubj', 'head': 5}, 'verb': {'upos': 'VERB', 'text': 'enthüllte', 'id': 5, 'deprel': 'root', 'head': 0}, 'object': {'upos': 'NOUN', 'text': 'Existenz', 'id': 7, 'deprel': 'obj', 'head': 5}}]",['SVO']
1367,Das Direktorium kann zwölf Mitglieder und deren Stellvertretern wählen.,1,"[{'subject': {'upos': 'NOUN', 'text': 'Direktorium', 'id': 2, 'deprel': 'nsubj', 'head': 9}, 'object': {'upos': 'NOUN', 'text': 'Mitglieder', 'id': 5, 'deprel': 'obj', 'head': 9}, 'verb': {'upos': 'VERB', 'text': 'wählen', 'id': 9, 'deprel': 'root', 'head': 0}}]",['SOV']
212,Das Durchschnittsalter im Land beträgt 35 Jahre.,1,"[{'subject': {'upos': 'NOUN', 'text': 'Durchschnittsalter', 'id': 2, 'deprel': 'nsubj', 'head': 6}, 'verb': {'upos': 'VERB', 'text': 'beträgt', 'id': 6, 'deprel': 'root', 'head': 0}, 'object': {'upos': 'NOUN', 'text': 'Jahre', 'id': 8, 'deprel': 'obj', 'head': 6}}]",['SVO']
683,Das Gewehr soll angeblich eine Reichweite von drei Kilometer haben.,1,"[{'subject': {'upos': 'NOUN', 'text': 'Gewehr', 'id': 2, 'deprel': 'nsubj', 'head': 10}, 'object': {'upos': 'NOUN', 'text': 'Reichweite', 'id': 6, 'deprel': 'obj', 'head': 10}, 'verb': {'upos': 'VERB', 'text': 'haben', 'id': 10, 'deprel': 'root', 'head': 0}}]",['SOV']
1134,"Das Gewicht der Brust gilt als zu hoch, wenn es zehn Kilogramm überschreitet.",1,"[{'subject': {'upos': 'PRON', 'text': 'es', 'id': 11, 'deprel': 'nsubj', 'head': 14}, 'object': {'upos': 'NOUN', 'text': 'Kilogramm', 'id': 13, 'deprel': 'obj', 'head': 14}, 'verb': {'upos': 'VERB', 'text': 'überschreitet', 'id': 14, 'deprel': 'advcl', 'head': 8}}]",['SOV']
1936,"Das Gravity-Daniell-Element ersetzte die frühe elektrische Primärzelle, das Grove-Element, in der Telegrafie ab den 1860er Jahren.",1,"[{'subject': {'upos': 'PROPN', 'text': 'Gravity', 'id': 2, 'deprel': 'nsubj', 'head': 7}, 'verb': {'upos': 'VERB', 'text': 'ersetzte', 'id': 7, 'deprel': 'root', 'head': 0}, 'object': {'upos': 'NOUN', 'text': 'Primärzelle', 'id': 11, 'deprel': 'obj', 'head': 7}}]",['SVO']
523,Das Hereroland umfasst das sogenannte Hereroland; größtenteils die östliche namibische Region Omaheke sowie Teile der Regionen Otjozondjupa und Kunene.,1,"[{'subject': {'upos': 'PROPN', 'text': 'Hereroland', 'id': 2, 'deprel': 'nsubj', 'head': 3}, 'verb': {'upos': 'VERB', 'text': 'umfasst', 'id': 3, 'deprel': 'root', 'head': 0}, 'object': {'upos': 'PROPN', 'text': 'Hereroland', 'id': 6, 'deprel': 'obj', 'head': 3}}]",['SVO']
957,Das Licht von der Sonnenoberfläche zur Erde benötigt etwa 8 Minuten.,1,"[{'subject': {'upos': 'NOUN', 'text': 'Licht', 'id': 2, 'deprel': 'nsubj', 'head': 9}, 'verb': {'upos': 'VERB', 'text': 'benötigt', 'id': 9, 'deprel': 'root', 'head': 0}, 'object': {'upos': 'NOUN', 'text': 'Minuten', 'id': 12, 'deprel': 'obj', 'head': 9}}]",['SVO']
1669,Das malaiische Sultanat von Sambas in West-Kalimantan und das Sultanat von Sulu in den südlichen Philippinen gingen dynastische Beziehungen mit dem Herrscherhaus von Brunei ein.,1,"[{'subject': {'upos': 'NOUN', 'text': 'Sultanat', 'id': 3, 'deprel': 'nsubj', 'head': 19}, 'verb': {'upos': 'VERB', 'text': 'gingen', 'id': 19, 'deprel': 'root', 'head': 0}, 'object': {'upos': 'NOUN', 'text': 'Beziehungen', 'id': 21, 'deprel': 'obj', 'head': 19}}]",['SVO']
1325,Das Minneapolis Institute of Arts hat über 80.000 Ausstellungsstücke.,1,"[{'subject': {'upos': 'PROPN', 'text': 'Minneapolis', 'id': 2, 'deprel': 'nsubj', 'head': 6}, 'verb': {'upos': 'VERB', 'text': 'hat', 'id': 6, 'deprel': 'root', 'head': 0}, 'object': {'upos': 'NOUN', 'text': 'Ausstellungsstücke', 'id': 9, 'deprel': 'obj', 'head': 6}}]",['SVO']
1523,"Das Nexus 5 nutzt eine 8-Megapixel-Rückkamera inklusive optischem Bildstabilisator und eine 1,3-Megapixel-Frontkamera.",1,"[{'subject': {'upos': 'PROPN', 'text': 'Nexus', 'id': 2, 'deprel': 'nsubj', 'head': 4}, 'verb': {'upos': 'VERB', 'text': 'nutzt', 'id': 4, 'deprel': 'root', 'head': 0}, 'object': {'upos': 'NOUN', 'text': 'Rückkamera', 'id': 10, 'deprel': 'obj', 'head': 4}}]",['SVO']
1539,Das Norwegische Olympische Komitee bewarb sich 2013.,1,"[{'subject': {'upos': 'PROPN', 'text': 'Komitee', 'id': 4, 'deprel': 'nsubj', 'head': 5}, 'verb': {'upos': 'VERB', 'text': 'bewarb', 'id': 5, 'deprel': 'root', 'head': 0}, 'object': {'upos': 'PRON', 'text': 'sich', 'id': 6, 'deprel': 'obj', 'head': 5}}]",['SVO']
1610,Das Poland-Syndrom betrifft Männer am häufigsten.,1,"[{'subject': {'upos': 'NOUN', 'text': 'Syndrom', 'id': 4, 'deprel': 'nsubj', 'head': 5}, 'verb': {'upos': 'VERB', 'text': 'betrifft', 'id': 5, 'deprel': 'root', 'head': 0}, 'object': {'upos': 'NOUN', 'text': 'Männer', 'id': 6, 'deprel': 'obj', 'head': 5}}]",['SVO']
1228,"Das Projekt ""Kiss Meets the Phantom of the Park"" orientierte sich an den Filmen ""A Hard Day's Night"" und ""Star Wars"".",1,"[{'subject': {'upos': 'NOUN', 'text': 'Projekt', 'id': 2, 'deprel': 'nsubj', 'head': 12}, 'verb': {'upos': 'VERB', 'text': 'orientierte', 'id': 12, 'deprel': 'root', 'head': 0}, 'object': {'upos': 'PRON', 'text': 'sich', 'id': 13, 'deprel': 'obj', 'head': 12}}]",['SVO']
32,"Das Schiehallion-Experiment hatte das Ziel, die mittlere Massendichte der Erde zu bestimmen.",1,"[{'subject': {'upos': 'PROPN', 'text': 'Schiehallion', 'id': 2, 'deprel': 'nsubj', 'head': 5}, 'verb': {'upos': 'VERB', 'text': 'hatte', 'id': 5, 'deprel': 'root', 'head': 0}, 'object': {'upos': 'NOUN', 'text': 'Ziel', 'id': 7, 'deprel': 'obj', 'head': 5}}]",['SVO']
1314,Das Spitzschwanz-Bronzemännchen erreicht eine Körperlänge von elf bis zwölf Zentimeter.,1,"[{'subject': {'upos': 'NOUN', 'text': 'Bronzemännchen', 'id': 4, 'deprel': 'nsubj', 'head': 5}, 'verb': {'upos': 'VERB', 'text': 'erreicht', 'id': 5, 'deprel': 'root', 'head': 0}, 'object': {'upos': 'NOUN', 'text': 'Körperlänge', 'id': 7, 'deprel': 'obj', 'head': 5}}]",['SVO']
713,Das Streikkomitee half Gefangenen in Weißrussland.,1,"[{'subject': {'upos': 'NOUN', 'text': 'Streikkomitee', 'id': 2, 'deprel': 'nsubj', 'head': 3}, 'verb': {'upos': 'VERB', 'text': 'half', 'id': 3, 'deprel': 'root', 'head': 0}, 'object': {'upos': 'NOUN', 'text': 'Gefangenen', 'id': 4, 'deprel': 'obj', 'head': 3}}]",['SVO']
1249,Das Team hat 11 Spieler.,1,"[{'subject': {'upos': 'NOUN', 'text': 'Team', 'id': 2, 'deprel': 'nsubj', 'head': 3}, 'verb': {'upos': 'VERB', 'text': 'hat', 'id': 3, 'deprel': 'root', 'head': 0}, 'object': {'upos': 'NOUN', 'text': 'Spieler', 'id': 5, 'deprel': 'obj', 'head': 3}}]",['SVO']
342,"Das Tier, die Weißwangenlerche, legt in der Regel zwei Eier.",1,"[{'subject': {'upos': 'NOUN', 'text': 'Tier', 'id': 2, 'deprel': 'nsubj', 'head': 7}, 'verb': {'upos': 'VERB', 'text': 'legt', 'id': 7, 'deprel': 'root', 'head': 0}, 'object': {'upos': 'NOUN', 'text': 'Eier', 'id': 12, 'deprel': 'obj', 'head': 7}}]",['SVO']
290,"Das Video erhielt 20,1 Millionen Aufrufe bei Vevo innerhalb der ersten 24 Stunden.",1,"[{'subject': {'upos': 'NOUN', 'text': 'Video', 'id': 2, 'deprel': 'nsubj', 'head': 3}, 'verb': {'upos': 'VERB', 'text': 'erhielt', 'id': 3, 'deprel': 'root', 'head': 0}, 'object': {'upos': 'NOUN', 'text': 'Aufrufe', 'id': 6, 'deprel': 'obj', 'head': 3}}]",['SVO']
812,"Das Wort ""Jeep"" entstammt angeblich dem Werkscode von Ford, der GP bedeutet (G für government-use, und P als Kennzeichnung für 80 Zoll Radstand).",1,"[{'subject': {'upos': 'PRON', 'text': 'der', 'id': 13, 'deprel': 'nsubj', 'head': 15}, 'object': {'upos': 'PROPN', 'text': 'GP', 'id': 14, 'deprel': 'obj', 'head': 15}, 'verb': {'upos': 'VERB', 'text': 'bedeutet', 'id': 15, 'deprel': 'acl', 'head': 9}}]",['SOV']
1029,"Das Wort Comoros stammt vom arabischen Dschuzur al-Qamar (جزر القمر) ab, was ""Mondinseln"" bedeutet.",1,"[{'subject': {'upos': 'PRON', 'text': 'was', 'id': 18, 'deprel': 'nsubj', 'head': 22}, 'object': {'upos': 'NOUN', 'text': 'Mondinseln', 'id': 20, 'deprel': 'obj', 'head': 22}, 'verb': {'upos': 'VERB', 'text': 'bedeutet', 'id': 22, 'deprel': 'acl', 'head': 8}}]",['SOV']
456,Das Zentrum der Staatsgemächer im Buckingham Palace bildet das Musikzimmer.,1,"[{'subject': {'upos': 'NOUN', 'text': 'Zentrum', 'id': 2, 'deprel': 'nsubj', 'head': 9}, 'verb': {'upos': 'VERB', 'text': 'bildet', 'id': 9, 'deprel': 'root', 'head': 0}, 'object': {'upos': 'NOUN', 'text': 'Musikzimmer', 'id': 11, 'deprel': 'obj', 'head': 9}}]",['SVO']
991,Dawkins kritisiert Kreationismus und Intelligent Design.,1,"[{'subject': {'upos': 'PROPN', 'text': 'Dawkins', 'id': 1, 'deprel': 'nsubj', 'head': 2}, 'verb': {'upos': 'VERB', 'text': 'kritisiert', 'id': 2, 'deprel': 'root', 'head': 0}, 'object': {'upos': 'NOUN', 'text': 'Kreationismus', 'id': 3, 'deprel': 'obj', 'head': 2}}]",['SVO']
1558,"DCM betont die Bedeutung der Kundenbedürfnisse und -erwartungen und zielt darauf ab, die Nachfrage der Kunden durch die Lieferkette bestmöglich und zu den geringstmöglichen Kosten zu erfüllen.",1,"[{'subject': {'upos': 'PROPN', 'text': 'DCM', 'id': 1, 'deprel': 'nsubj', 'head': 2}, 'verb': {'upos': 'VERB', 'text': 'betont', 'id': 2, 'deprel': 'root', 'head': 0}, 'object': {'upos': 'NOUN', 'text': 'Bedeutung', 'id': 4, 'deprel': 'obj', 'head': 2}}]",['SVO']
876,"Der Area Border Router (ABR) ist der verbindende Router, der Verbindungen aufrecht erhält.",1,"[{'subject': {'upos': 'PRON', 'text': 'der', 'id': 13, 'deprel': 'nsubj', 'head': 16}, 'object': {'upos': 'NOUN', 'text': 'Verbindungen', 'id': 14, 'deprel': 'obj', 'head': 16}, 'verb': {'upos': 'VERB', 'text': 'erhält', 'id': 16, 'deprel': 'acl', 'head': 11}}]",['SOV']
948,"Der AUDIT-Test ist ein reines Screeningverfahren, das anhand von zehn Fragen hauptsächlich persönliche Trinkgewohnheiten erhebt, um Alkoholabhängigkeit zu diagnostizieren.",1,"[{'subject': {'upos': 'PRON', 'text': 'das', 'id': 10, 'deprel': 'nsubj', 'head': 18}, 'object': {'upos': 'NOUN', 'text': 'Trinkgewohnheiten', 'id': 17, 'deprel': 'obj', 'head': 18}, 'verb': {'upos': 'VERB', 'text': 'erhebt', 'id': 18, 'deprel': 'acl', 'head': 8}}]",['SOV']
878,"Der BDR übernimmt fast nahtlos die Rolle des DR, ohne einen erneuten Wahlvorgang eines DR zu initiieren.",1,"[{'subject': {'upos': 'PROPN', 'text': 'BDR', 'id': 2, 'deprel': 'nsubj', 'head': 3}, 'verb': {'upos': 'VERB', 'text': 'übernimmt', 'id': 3, 'deprel': 'root', 'head': 0}, 'object': {'upos': 'NOUN', 'text': 'Rolle', 'id': 7, 'deprel': 'obj', 'head': 3}}]",['SVO']
767,"Der Beginn einer neuen politischen Filmbewegung in Indien markierte der Film ""Bhuvan Shome"" von Mrinal Sen im Jahr 1969.",1,"[{'subject': {'upos': 'NOUN', 'text': 'Beginn', 'id': 2, 'deprel': 'nsubj', 'head': 9}, 'verb': {'upos': 'VERB', 'text': 'markierte', 'id': 9, 'deprel': 'root', 'head': 0}, 'object': {'upos': 'NOUN', 'text': 'Film', 'id': 11, 'deprel': 'obj', 'head': 9}}]",['SVO']
1175,"Der Begriff ""Rupya"" leitet sich von dem altindischen Wort ""rūp"" oder ""rūpā"" mit der Bedeutung ""Silber"" her.",1,"[{'subject': {'upos': 'NOUN', 'text': 'Begriff', 'id': 2, 'deprel': 'nsubj', 'head': 6}, 'verb': {'upos': 'VERB', 'text': 'leitet', 'id': 6, 'deprel': 'root', 'head': 0}, 'object': {'upos': 'PRON', 'text': 'sich', 'id': 7, 'deprel': 'obj', 'head': 6}}]",['SVO']
1557,"Der Begriff Demand-Chain-Management bedeutet insoweit dasselbe wie Supply-Chain-Management, jedoch mit Betonung auf die Nachfrageseite.",1,"[{'subject': {'upos': 'NOUN', 'text': 'Begriff', 'id': 2, 'deprel': 'nsubj', 'head': 8}, 'verb': {'upos': 'VERB', 'text': 'bedeutet', 'id': 8, 'deprel': 'root', 'head': 0}, 'object': {'upos': 'DET', 'text': 'dasselbe', 'id': 10, 'deprel': 'obj', 'head': 8}}]",['SVO']
1626,Der Deutsche Fußball-Bund (DFB) bot dem französischen Verband Unterstützung an bei der Bewerbung für die Europameisterschaft der Männer 2016 nach dem Rückzug Frankreichs.,1,"[{'subject': {'upos': 'PROPN', 'text': 'Fußball', 'id': 3, 'deprel': 'nsubj', 'head': 9}, 'verb': {'upos': 'VERB', 'text': 'bot', 'id': 9, 'deprel': 'root', 'head': 0}, 'object': {'upos': 'NOUN', 'text': 'Unterstützung', 'id': 13, 'deprel': 'obj', 'head': 9}}]",['SVO']
637,"Der Discovery Channel strahlte die Serie ""Duell der Tiere"" aus.",1,"[{'subject': {'upos': 'PROPN', 'text': 'Discovery', 'id': 2, 'deprel': 'nsubj', 'head': 4}, 'verb': {'upos': 'VERB', 'text': 'strahlte', 'id': 4, 'deprel': 'root', 'head': 0}, 'object': {'upos': 'NOUN', 'text': 'Serie', 'id': 6, 'deprel': 'obj', 'head': 4}}]",['SVO']
644,"Der Drehbuchautor Paul T. Scheuring war an Prison Break interessiert, bevor er sich von dem Projekt zurückzog.",1,"[{'subject': {'upos': 'PRON', 'text': 'er', 'id': 13, 'deprel': 'nsubj', 'head': 18}, 'object': {'upos': 'PRON', 'text': 'sich', 'id': 14, 'deprel': 'obj', 'head': 18}, 'verb': {'upos': 'VERB', 'text': 'zurückzog', 'id': 18, 'deprel': 'advcl', 'head': 10}}]",['SOV']
1669,Der Einflussbereich von Brunei erstreckte sich im 16.,1,"[{'subject': {'upos': 'NOUN', 'text': 'Einflussbereich', 'id': 2, 'deprel': 'nsubj', 'head': 5}, 'verb': {'upos': 'VERB', 'text': 'erstreckte', 'id': 5, 'deprel': 'root', 'head': 0}, 'object': {'upos': 'PRON', 'text': 'sich', 'id': 6, 'deprel': 'obj', 'head': 5}}]",['SVO']
156,"Der Erzbischof von Seoul, Stephen Kardinal Kim Sou-hwan, hat die Rolle der Weihe gespielt.",1,"[{'subject': {'upos': 'NOUN', 'text': 'Erzbischof', 'id': 2, 'deprel': 'nsubj', 'head': 18}, 'object': {'upos': 'NOUN', 'text': 'Rolle', 'id': 15, 'deprel': 'obj', 'head': 18}, 'verb': {'upos': 'VERB', 'text': 'gespielt', 'id': 18, 'deprel': 'root', 'head': 0}}]",['SOV']
178,"Der Film ""Alice im Wunderland: Hinter den Spiegeln"" hatte seine Premiere in den USA am 27.",1,"[{'subject': {'upos': 'NOUN', 'text': 'Film', 'id': 2, 'deprel': 'nsubj', 'head': 13}, 'verb': {'upos': 'VERB', 'text': 'hatte', 'id': 13, 'deprel': 'root', 'head': 0}, 'object': {'upos': 'NOUN', 'text': 'Premiere', 'id': 15, 'deprel': 'obj', 'head': 13}}]",['SVO']
1446,"Der Film ""Braveheart"" gewann fünf Oscars.",1,"[{'subject': {'upos': 'NOUN', 'text': 'Film', 'id': 2, 'deprel': 'nsubj', 'head': 6}, 'verb': {'upos': 'VERB', 'text': 'gewann', 'id': 6, 'deprel': 'root', 'head': 0}, 'object': {'upos': 'NOUN', 'text': 'Oscars', 'id': 8, 'deprel': 'obj', 'head': 6}}]",['SVO']
699,"Der Film ""The Equalizer"" hatte seine Weltpremiere am 7.",1,"[{'subject': {'upos': 'NOUN', 'text': 'Film', 'id': 2, 'deprel': 'nsubj', 'head': 7}, 'verb': {'upos': 'VERB', 'text': 'hatte', 'id': 7, 'deprel': 'root', 'head': 0}, 'object': {'upos': 'NOUN', 'text': 'Weltpremiere', 'id': 9, 'deprel': 'obj', 'head': 7}}]",['SVO']
1444,Der Film erhielt eine Goldene Leinwand für mehr als drei Millionen Kinozuschauer in Deutschland sowie kurze Zeit später eine Goldene Leinwand mit Stern für mehr als sechs Millionen Zuschauer.,1,"[{'subject': {'upos': 'NOUN', 'text': 'Film', 'id': 2, 'deprel': 'nsubj', 'head': 3}, 'verb': {'upos': 'VERB', 'text': 'erhielt', 'id': 3, 'deprel': 'root', 'head': 0}, 'object': {'upos': 'PROPN', 'text': 'Leinwand', 'id': 6, 'deprel': 'obj', 'head': 3}}]",['SVO']
1443,Der Film spielte weltweit über 1 Milliarde Dollar ein.,1,"[{'subject': {'upos': 'NOUN', 'text': 'Film', 'id': 2, 'deprel': 'nsubj', 'head': 3}, 'verb': {'upos': 'VERB', 'text': 'spielte', 'id': 3, 'deprel': 'root', 'head': 0}, 'object': {'upos': 'PROPN', 'text': 'Dollar', 'id': 8, 'deprel': 'obj', 'head': 3}}]",['SVO']
47,"Der Film, der Fassbender dazu brachte, seine Freundin zu treffen, war ""The Light Between Oceans"".",1,"[{'subject': {'upos': 'PRON', 'text': 'der', 'id': 4, 'deprel': 'nsubj', 'head': 7}, 'object': {'upos': 'PROPN', 'text': 'Fassbender', 'id': 5, 'deprel': 'obj', 'head': 7}, 'verb': {'upos': 'VERB', 'text': 'brachte', 'id': 7, 'deprel': 'acl', 'head': 2}}]",['SOV']
371,Der freiwillige Wehrdienst ersetzte 2011 die Wehrpflicht.,1,"[{'subject': {'upos': 'NOUN', 'text': 'Wehrdienst', 'id': 3, 'deprel': 'nsubj', 'head': 4}, 'verb': {'upos': 'VERB', 'text': 'ersetzte', 'id': 4, 'deprel': 'root', 'head': 0}, 'object': {'upos': 'NOUN', 'text': 'Wehrpflicht', 'id': 7, 'deprel': 'obj', 'head': 4}}]",['SVO']
472,Der Generalgouverneur konnte 1909 maximal 60 Räte bestimmen.,1,"[{'subject': {'upos': 'NOUN', 'text': 'Generalgouverneur', 'id': 2, 'deprel': 'nsubj', 'head': 8}, 'object': {'upos': 'NOUN', 'text': 'Räte', 'id': 7, 'deprel': 'obj', 'head': 8}, 'verb': {'upos': 'VERB', 'text': 'bestimmen', 'id': 8, 'deprel': 'root', 'head': 0}}]",['SOV']
463,"Der größte und offiziellste Empfang ist das Staatsbankett, das jeden November stattfindet, wenn der Monarch die Angehörigen des ausländischen diplomatischen Korps einlädt.",1,"[{'subject': {'upos': 'NOUN', 'text': 'Monarch', 'id': 17, 'deprel': 'nsubj', 'head': 24}, 'object': {'upos': 'NOUN', 'text': 'Angehörigen', 'id': 19, 'deprel': 'obj', 'head': 24}, 'verb': {'upos': 'VERB', 'text': 'einlädt', 'id': 24, 'deprel': 'advcl', 'head': 13}}]",['SOV']
922,Der heilige Francisco de Xavier brachte die Lehre Christi nach Japan im Jahr 1550.,1,"[{'subject': {'upos': 'PROPN', 'text': 'Francisco', 'id': 3, 'deprel': 'nsubj', 'head': 6}, 'verb': {'upos': 'VERB', 'text': 'brachte', 'id': 6, 'deprel': 'root', 'head': 0}, 'object': {'upos': 'NOUN', 'text': 'Lehre', 'id': 8, 'deprel': 'obj', 'head': 6}}]",['SVO']
422,Der Herzog Karl Eugen gab der Universität 1769 den heutigen Namen.,1,"[{'subject': {'upos': 'NOUN', 'text': 'Herzog', 'id': 2, 'deprel': 'nsubj', 'head': 5}, 'verb': {'upos': 'VERB', 'text': 'gab', 'id': 5, 'deprel': 'root', 'head': 0}, 'object': {'upos': 'NOUN', 'text': 'Namen', 'id': 11, 'deprel': 'obj', 'head': 5}}]",['SVO']
1129,"Der iPod ist nicht direkt mit Musikshops, die WMA-Dateien mit DRM-Schutz anbieten, kompatibel.",1,"[{'subject': {'upos': 'PRON', 'text': 'die', 'id': 9, 'deprel': 'nsubj', 'head': 17}, 'object': {'upos': 'PROPN', 'text': 'WMA', 'id': 10, 'deprel': 'obj', 'head': 17}, 'verb': {'upos': 'VERB', 'text': 'anbieten', 'id': 17, 'deprel': 'acl', 'head': 7}}]",['SOV']
777,"Der Lindy Hop entwickelte sich um 1940 in den USA zu Boogie-Woogie, da er auf deutlich schnellerer Musik basierte.",1,"[{'subject': {'upos': 'PROPN', 'text': 'Lindy', 'id': 2, 'deprel': 'nsubj', 'head': 4}, 'verb': {'upos': 'VERB', 'text': 'entwickelte', 'id': 4, 'deprel': 'root', 'head': 0}, 'object': {'upos': 'PRON', 'text': 'sich', 'id': 5, 'deprel': 'obj', 'head': 4}}]",['SVO']
566,Der Palace of Westminster hat fünf Stockwerke.,1,"[{'subject': {'upos': 'PROPN', 'text': 'Palace', 'id': 2, 'deprel': 'nsubj', 'head': 5}, 'verb': {'upos': 'VERB', 'text': 'hat', 'id': 5, 'deprel': 'root', 'head': 0}, 'object': {'upos': 'NOUN', 'text': 'Stockwerke', 'id': 7, 'deprel': 'obj', 'head': 5}}]",['SVO']
1491,"Der Präsident folgt den Empfehlungen des Premierministers und des Kabinetts, wenn er seine exekutiven Befugnisse ausübt.",1,"[{'subject': {'upos': 'PRON', 'text': 'er', 'id': 13, 'deprel': 'nsubj', 'head': 17}, 'object': {'upos': 'NOUN', 'text': 'Befugnisse', 'id': 16, 'deprel': 'obj', 'head': 17}, 'verb': {'upos': 'VERB', 'text': 'ausübt', 'id': 17, 'deprel': 'advcl', 'head': 3}}]",['SOV']
1305,Der Protagonist Jack kann sich an einen nahe stehenden Leuchtturm retten und gelangt durch eine Tauchkugel in die geheime Unterwasserstadt Rapture.,1,"[{'subject': {'upos': 'NOUN', 'text': 'Protagonist', 'id': 2, 'deprel': 'nsubj', 'head': 11}, 'object': {'upos': 'PRON', 'text': 'sich', 'id': 5, 'deprel': 'obj', 'head': 11}, 'verb': {'upos': 'VERB', 'text': 'retten', 'id': 11, 'deprel': 'root', 'head': 0}}]",['SOV']
67,Der Rumpf des Schiffwracks Royal Oak steigt bis 5 m Tiefe auf.,1,"[{'subject': {'upos': 'NOUN', 'text': 'Rumpf', 'id': 2, 'deprel': 'nsubj', 'head': 7}, 'verb': {'upos': 'VERB', 'text': 'steigt', 'id': 7, 'deprel': 'root', 'head': 0}, 'object': {'upos': 'NOUN', 'text': 'Tiefe', 'id': 11, 'deprel': 'obj', 'head': 7}}]",['SVO']
568,Der Saal bietet Platz für 427 der insgesamt 646 Unterhausabgeordneten.,1,"[{'subject': {'upos': 'NOUN', 'text': 'Saal', 'id': 2, 'deprel': 'nsubj', 'head': 3}, 'verb': {'upos': 'VERB', 'text': 'bietet', 'id': 3, 'deprel': 'root', 'head': 0}, 'object': {'upos': 'NOUN', 'text': 'Platz', 'id': 4, 'deprel': 'obj', 'head': 3}}]",['SVO']
1082,"Der Spieler kann Erfahrungspunkte verwenden, um Boni in Form von ""Schiffsladungen"" aus seiner Heimatstadt empfangen zu können.",1,"[{'subject': {'upos': 'NOUN', 'text': 'Spieler', 'id': 2, 'deprel': 'nsubj', 'head': 5}, 'object': {'upos': 'NOUN', 'text': 'Erfahrungspunkte', 'id': 4, 'deprel': 'obj', 'head': 5}, 'verb': {'upos': 'VERB', 'text': 'verwenden', 'id': 5, 'deprel': 'root', 'head': 0}}]",['SOV']
1728,Der Sputnik 1 wog 83 kg.,1,"[{'subject': {'upos': 'PROPN', 'text': 'Sputnik', 'id': 2, 'deprel': 'nsubj', 'head': 4}, 'verb': {'upos': 'VERB', 'text': 'wog', 'id': 4, 'deprel': 'root', 'head': 0}, 'object': {'upos': 'NOUN', 'text': 'kg', 'id': 6, 'deprel': 'obj', 'head': 4}}]",['SVO']
9,Der Stern hatte eine enorme Eruption von Materie vor 4000 bis 6000 Jahren.,1,"[{'subject': {'upos': 'NOUN', 'text': 'Stern', 'id': 2, 'deprel': 'nsubj', 'head': 3}, 'verb': {'upos': 'VERB', 'text': 'hatte', 'id': 3, 'deprel': 'root', 'head': 0}, 'object': {'upos': 'NOUN', 'text': 'Eruption', 'id': 6, 'deprel': 'obj', 'head': 3}}]",['SVO']
670,Der Text enthält keine Information über den Startmonat einer Organisation.,1,"[{'subject': {'upos': 'NOUN', 'text': 'Text', 'id': 2, 'deprel': 'nsubj', 'head': 3}, 'verb': {'upos': 'VERB', 'text': 'enthält', 'id': 3, 'deprel': 'root', 'head': 0}, 'object': {'upos': 'NOUN', 'text': 'Information', 'id': 5, 'deprel': 'obj', 'head': 3}}]",['SVO']
693,Der Turibaum erreicht Wuchshöhen von bis zu 8 bis 15 Meter.,1,"[{'subject': {'upos': 'NOUN', 'text': 'Turibaum', 'id': 2, 'deprel': 'nsubj', 'head': 3}, 'verb': {'upos': 'VERB', 'text': 'erreicht', 'id': 3, 'deprel': 'root', 'head': 0}, 'object': {'upos': 'NOUN', 'text': 'Wuchshöhen', 'id': 4, 'deprel': 'obj', 'head': 3}}]",['SVO']
23,Der verbesserte Flugzeugtyp YP-37 unternahm den Erstflug im Juni 1939.,1,"[{'subject': {'upos': 'NOUN', 'text': 'Flugzeugtyp', 'id': 3, 'deprel': 'nsubj', 'head': 5}, 'verb': {'upos': 'VERB', 'text': 'unternahm', 'id': 5, 'deprel': 'root', 'head': 0}, 'object': {'upos': 'NOUN', 'text': 'Erstflug', 'id': 7, 'deprel': 'obj', 'head': 5}}]",['SVO']
321,"Der Vertrag, der die Versteigerung des Flughafens an das Frankfurter Fraport-Konsortium regelt, wurde am 28.",1,"[{'subject': {'upos': 'PRON', 'text': 'der', 'id': 4, 'deprel': 'nsubj', 'head': 15}, 'object': {'upos': 'NOUN', 'text': 'Versteigerung', 'id': 6, 'deprel': 'obj', 'head': 15}, 'verb': {'upos': 'VERB', 'text': 'regelt', 'id': 15, 'deprel': 'acl', 'head': 2}}]",['SOV']
38,"Der Wert, den man für die Dichte erhielt, war etwa 5300 kg·m−3.",1,"[{'object': {'upos': 'PRON', 'text': 'den', 'id': 4, 'deprel': 'obj', 'head': 9}, 'subject': {'upos': 'PRON', 'text': 'man', 'id': 5, 'deprel': 'nsubj', 'head': 9}, 'verb': {'upos': 'VERB', 'text': 'erhielt', 'id': 9, 'deprel': 'acl', 'head': 2}}]",['OSV']
324,"Der Widerstand zu Gorbatschows Reformen wuchs, als sich die wirtschaftliche und politische Situation verschlechtert hatte.",1,"[{'object': {'upos': 'PRON', 'text': 'sich', 'id': 9, 'deprel': 'obj', 'head': 15}, 'subject': {'upos': 'NOUN', 'text': 'Situation', 'id': 14, 'deprel': 'nsubj', 'head': 15}, 'verb': {'upos': 'VERB', 'text': 'verschlechtert', 'id': 15, 'deprel': 'advcl', 'head': 6}}]",['OSV']
1697,Der Wisconsin Gletscher zog sich vor 12.000 Jahren aus Minnesota zurück.,1,"[{'subject': {'upos': 'PROPN', 'text': 'Wisconsin', 'id': 2, 'deprel': 'nsubj', 'head': 4}, 'verb': {'upos': 'VERB', 'text': 'zog', 'id': 4, 'deprel': 'root', 'head': 0}, 'object': {'upos': 'PRON', 'text': 'sich', 'id': 5, 'deprel': 'obj', 'head': 4}}]",['SVO']
372,Deutschland hat einen großen Beitrag in den Bereichen Technologie und Wissenschaft geleistet.,1,"[{'subject': {'upos': 'PROPN', 'text': 'Deutschland', 'id': 1, 'deprel': 'nsubj', 'head': 12}, 'object': {'upos': 'NOUN', 'text': 'Beitrag', 'id': 5, 'deprel': 'obj', 'head': 12}, 'verb': {'upos': 'VERB', 'text': 'geleistet', 'id': 12, 'deprel': 'root', 'head': 0}}]",['SOV']
1457,Dev S. Sukumar schrieb die Biografie von Prakash Padukone.,1,"[{'subject': {'upos': 'PROPN', 'text': 'Dev', 'id': 1, 'deprel': 'nsubj', 'head': 4}, 'verb': {'upos': 'VERB', 'text': 'schrieb', 'id': 4, 'deprel': 'root', 'head': 0}, 'object': {'upos': 'NOUN', 'text': 'Biografie', 'id': 6, 'deprel': 'obj', 'head': 4}}]",['SVO']
560,"Dezember 1981, der die Vereinigung der Streitkräfte, der Währung und des Wirtschaftsraumes in der Konföderation Senegambia vorsah.",1,"[{'subject': {'upos': 'PRON', 'text': 'der', 'id': 4, 'deprel': 'nsubj', 'head': 19}, 'object': {'upos': 'NOUN', 'text': 'Vereinigung', 'id': 6, 'deprel': 'obj', 'head': 19}, 'verb': {'upos': 'VERB', 'text': 'vorsah', 'id': 19, 'deprel': 'root', 'head': 0}}]",['SOV']
384,Dezember 2005 änderte Awair ihren Namen in Indonesia AirAsia.,1,"[{'verb': {'upos': 'VERB', 'text': 'änderte', 'id': 3, 'deprel': 'root', 'head': 0}, 'subject': {'upos': 'PROPN', 'text': 'Awair', 'id': 4, 'deprel': 'nsubj', 'head': 3}, 'object': {'upos': 'NOUN', 'text': 'Namen', 'id': 6, 'deprel': 'obj', 'head': 3}}]",['VSO']
1894,"Die ""Usurpator-Thesen"" bestreiten einige Ägyptologen, wie Toby Wilkinson.",1,"[{'subject': {'upos': 'PROPN', 'text': 'Usurpator', 'id': 3, 'deprel': 'nsubj', 'head': 7}, 'verb': {'upos': 'VERB', 'text': 'bestreiten', 'id': 7, 'deprel': 'root', 'head': 0}, 'object': {'upos': 'NOUN', 'text': 'Ägyptologen', 'id': 9, 'deprel': 'obj', 'head': 7}}]",['SVO']
307,Die Alliierten besiegten die deutschen Streitkäfte bei der Schlacht um San Marino am 19.,1,"[{'subject': {'upos': 'NOUN', 'text': 'Alliierten', 'id': 2, 'deprel': 'nsubj', 'head': 3}, 'verb': {'upos': 'VERB', 'text': 'besiegten', 'id': 3, 'deprel': 'root', 'head': 0}, 'object': {'upos': 'NOUN', 'text': 'Streitkäfte', 'id': 6, 'deprel': 'obj', 'head': 3}}]",['SVO']
406,Die ältesten Minen finden sich in Kalifornien und New Mexico in den USA.,1,"[{'subject': {'upos': 'NOUN', 'text': 'Minen', 'id': 3, 'deprel': 'nsubj', 'head': 4}, 'verb': {'upos': 'VERB', 'text': 'finden', 'id': 4, 'deprel': 'root', 'head': 0}, 'object': {'upos': 'PRON', 'text': 'sich', 'id': 5, 'deprel': 'obj', 'head': 4}}]",['SVO']
1365,Die Amtszeit des Präsidenten beträgt fünf Jahre.,1,"[{'subject': {'upos': 'NOUN', 'text': 'Amtszeit', 'id': 2, 'deprel': 'nsubj', 'head': 5}, 'verb': {'upos': 'VERB', 'text': 'beträgt', 'id': 5, 'deprel': 'root', 'head': 0}, 'object': {'upos': 'NOUN', 'text': 'Jahre', 'id': 7, 'deprel': 'obj', 'head': 5}}]",['SVO']
39,"Die Analyse berücksichtigt den Atlas, einen humanoiden Roboter, der von Boston Dynamics entwickelt wurde.",1,"[{'subject': {'upos': 'NOUN', 'text': 'Analyse', 'id': 2, 'deprel': 'nsubj', 'head': 3}, 'verb': {'upos': 'VERB', 'text': 'berücksichtigt', 'id': 3, 'deprel': 'root', 'head': 0}, 'object': {'upos': 'NOUN', 'text': 'Atlas', 'id': 5, 'deprel': 'obj', 'head': 3}}]",['SVO']
373,Die Ansei-Reform hat niederländische Kriegsschiffe bestellt.,1,"[{'subject': {'upos': 'NOUN', 'text': 'Reform', 'id': 4, 'deprel': 'nsubj', 'head': 8}, 'object': {'upos': 'NOUN', 'text': 'Kriegsschiffe', 'id': 7, 'deprel': 'obj', 'head': 8}, 'verb': {'upos': 'VERB', 'text': 'bestellt', 'id': 8, 'deprel': 'root', 'head': 0}}]",['SOV']
1058,"Die Antwort auf Ihre Frage ist: Das Baby, das Aishwarya Rai zur Welt brachte, war ein Mädchen.",1,"[{'object': {'upos': 'PRON', 'text': 'das', 'id': 11, 'deprel': 'obj', 'head': 17}, 'subject': {'upos': 'PROPN', 'text': 'Aishwarya', 'id': 12, 'deprel': 'nsubj', 'head': 17}, 'verb': {'upos': 'VERB', 'text': 'brachte', 'id': 17, 'deprel': 'acl', 'head': 9}}]",['OSV']
1214,"Die Antwort ist: 1967-68, als Sheldon Glashow, Steven Weinberg und Abdus Salam die elektroschwache Wechselwirkung zusammengefasst haben.",1,"[{'subject': {'upos': 'PROPN', 'text': 'Sheldon', 'id': 8, 'deprel': 'nsubj', 'head': 19}, 'object': {'upos': 'NOUN', 'text': 'Wechselwirkung', 'id': 18, 'deprel': 'obj', 'head': 19}, 'verb': {'upos': 'VERB', 'text': 'zusammengefasst', 'id': 19, 'deprel': 'advcl', 'head': 3}}]",['SOV']
1141,"Die Anwendung von Google Groups unterstützt die permanente Archivierung von Artikeln und Beiträgen, wodurch ein Persönlichkeitsprofil erstellt werden kann.",1,"[{'subject': {'upos': 'NOUN', 'text': 'Anwendung', 'id': 2, 'deprel': 'nsubj', 'head': 6}, 'verb': {'upos': 'VERB', 'text': 'unterstützt', 'id': 6, 'deprel': 'root', 'head': 0}, 'object': {'upos': 'NOUN', 'text': 'Archivierung', 'id': 9, 'deprel': 'obj', 'head': 6}}]",['SVO']
594,"Die Art der Durchsetzung, die Doxing betrifft, kann Selbstjustiz, öffentliches Bloßstellen oder Belästigung sein.",1,"[{'subject': {'upos': 'PRON', 'text': 'die', 'id': 6, 'deprel': 'nsubj', 'head': 8}, 'object': {'upos': 'PROPN', 'text': 'Doxing', 'id': 7, 'deprel': 'obj', 'head': 8}, 'verb': {'upos': 'VERB', 'text': 'betrifft', 'id': 8, 'deprel': 'acl', 'head': 2}}]",['SOV']
513,"Die Athleten von Venezuela waren im Schwimmen am erfolgreichsten, da Cristian Quintero Silber über 200 Meter Freistil und Bronze über 400 Meter Freistil gewann.",1,"[{'subject': {'upos': 'PROPN', 'text': 'Cristian', 'id': 14, 'deprel': 'nsubj', 'head': 27}, 'object': {'upos': 'NOUN', 'text': 'Silber', 'id': 16, 'deprel': 'obj', 'head': 27}, 'verb': {'upos': 'VERB', 'text': 'gewann', 'id': 27, 'deprel': 'advcl', 'head': 11}}]",['SOV']
662,"Die Aufnahmen wurden den Titel ""AS/IS"" gegeben.",1,"[{'subject': {'upos': 'NOUN', 'text': 'Aufnahmen', 'id': 2, 'deprel': 'nsubj:pass', 'head': 9}, 'object': {'upos': 'NOUN', 'text': 'Titel', 'id': 5, 'deprel': 'obj', 'head': 9}, 'verb': {'upos': 'VERB', 'text': 'gegeben', 'id': 9, 'deprel': 'root', 'head': 0}}]",['SOV']
1730,"Die Ausgaben für Weltraumprogramme stagnierten in den 1990er Jahren, als die verbliebenen Strukturen der Sowjetunion zerfielen und die NASA keinen direkten Konkurrenten mehr hatte.",1,"[{'subject': {'upos': 'PROPN', 'text': 'NASA', 'id': 20, 'deprel': 'nsubj', 'head': 25}, 'object': {'upos': 'NOUN', 'text': 'Konkurrenten', 'id': 23, 'deprel': 'obj', 'head': 25}, 'verb': {'upos': 'VERB', 'text': 'hatte', 'id': 25, 'deprel': 'conj', 'head': 17}}]",['SOV']
1741,Die australische Hauptstadt und die nördlichen Territorien haben jeweils zwei Senatoren.,1,"[{'subject': {'upos': 'NOUN', 'text': 'Hauptstadt', 'id': 3, 'deprel': 'nsubj', 'head': 8}, 'verb': {'upos': 'VERB', 'text': 'haben', 'id': 8, 'deprel': 'root', 'head': 0}, 'object': {'upos': 'NOUN', 'text': 'Senatoren', 'id': 11, 'deprel': 'obj', 'head': 8}}]",['SVO']
1230,"Die Band Kiss kontaktierte die ehemaligen Mitglieder Criss und Frehley, um sie für das Konzert in der Sendung MTV Unplugged zu bitten.",1,"[{'subject': {'upos': 'NOUN', 'text': 'Band', 'id': 2, 'deprel': 'nsubj', 'head': 4}, 'verb': {'upos': 'VERB', 'text': 'kontaktierte', 'id': 4, 'deprel': 'root', 'head': 0}, 'object': {'upos': 'NOUN', 'text': 'Mitglieder', 'id': 7, 'deprel': 'obj', 'head': 4}}]",['SVO']
1422,"Die Bärenmakis erreichen ein Gewicht von etwa 0,3 bis 0,5 Kilogramm.",1,"[{'subject': {'upos': 'NOUN', 'text': 'Bärenmakis', 'id': 2, 'deprel': 'nsubj', 'head': 3}, 'verb': {'upos': 'VERB', 'text': 'erreichen', 'id': 3, 'deprel': 'root', 'head': 0}, 'object': {'upos': 'NOUN', 'text': 'Gewicht', 'id': 5, 'deprel': 'obj', 'head': 3}}]",['SVO']
218,Die Beeren haben am wahrscheinlichsten eine grüne oder gelbe Farbe.,1,"[{'subject': {'upos': 'NOUN', 'text': 'Beeren', 'id': 2, 'deprel': 'nsubj', 'head': 3}, 'verb': {'upos': 'VERB', 'text': 'haben', 'id': 3, 'deprel': 'root', 'head': 0}, 'object': {'upos': 'NOUN', 'text': 'Farbe', 'id': 11, 'deprel': 'obj', 'head': 3}}]",['SVO']
36,Die beiden französischen Astronomen Pierre Bouguer und Charles Marie de La Condamine führten ihre Messungen am 6310 m hohen Vulkan Chimborazo in Ecuador durch.,1,"[{'subject': {'upos': 'NOUN', 'text': 'Astronomen', 'id': 4, 'deprel': 'nsubj', 'head': 13}, 'verb': {'upos': 'VERB', 'text': 'führten', 'id': 13, 'deprel': 'root', 'head': 0}, 'object': {'upos': 'NOUN', 'text': 'Messungen', 'id': 15, 'deprel': 'obj', 'head': 13}}]",['SVO']
1974,"Die beigeordneten Vertreter von SPD und USPD konnten ihre Stellungen halten, indem sie den bis dahin kaiserlichen Beamten beigeordnet wurden.",1,"[{'subject': {'upos': 'NOUN', 'text': 'Vertreter', 'id': 3, 'deprel': 'nsubj', 'head': 11}, 'object': {'upos': 'NOUN', 'text': 'Stellungen', 'id': 10, 'deprel': 'obj', 'head': 11}, 'verb': {'upos': 'VERB', 'text': 'halten', 'id': 11, 'deprel': 'root', 'head': 0}}]",['SOV']
509,"Die Bevölkerungswachstumsrate Chinas beträgt 0,59 %.",1,"[{'subject': {'upos': 'NOUN', 'text': 'Bevölkerungswachstumsrate', 'id': 2, 'deprel': 'nsubj', 'head': 4}, 'verb': {'upos': 'VERB', 'text': 'beträgt', 'id': 4, 'deprel': 'root', 'head': 0}, 'object': {'upos': 'NOUN', 'text': '%', 'id': 6, 'deprel': 'obj', 'head': 4}}]",['SVO']
966,Die Bevölkerungszahl in Kaliningrad im Jahr 2010 betrug 431.902 vorwiegend russische Einwohner.,1,"[{'subject': {'upos': 'NOUN', 'text': 'Bevölkerungszahl', 'id': 2, 'deprel': 'nsubj', 'head': 9}, 'verb': {'upos': 'VERB', 'text': 'betrug', 'id': 9, 'deprel': 'root', 'head': 0}, 'object': {'upos': 'NOUN', 'text': 'Einwohner', 'id': 13, 'deprel': 'obj', 'head': 9}}]",['SVO']
751,"Die Bibliothek der Universität Vilnius hat heute rund 5,4 Mio.",1,"[{'subject': {'upos': 'NOUN', 'text': 'Bibliothek', 'id': 2, 'deprel': 'nsubj', 'head': 6}, 'verb': {'upos': 'VERB', 'text': 'hat', 'id': 6, 'deprel': 'root', 'head': 0}, 'object': {'upos': 'NOUN', 'text': 'Mio', 'id': 10, 'deprel': 'obj', 'head': 6}}]",['SVO']
1023,Die Böcke gewinnen während der Paarungszeit die Gunst der weiblichen Tiere durch ihre Kampfkraft und die Größe ihres Harems.,1,"[{'subject': {'upos': 'NOUN', 'text': 'Böcke', 'id': 2, 'deprel': 'nsubj', 'head': 3}, 'verb': {'upos': 'VERB', 'text': 'gewinnen', 'id': 3, 'deprel': 'root', 'head': 0}, 'object': {'upos': 'NOUN', 'text': 'Gunst', 'id': 8, 'deprel': 'obj', 'head': 3}}]",['SVO']
1796,"Die Brahmanen, die vegetarisch leben, dürfen außer Huhn und Fisch kein Fleisch verzehren.",1,"[{'subject': {'upos': 'NOUN', 'text': 'Brahmanen', 'id': 2, 'deprel': 'nsubj', 'head': 15}, 'object': {'upos': 'NOUN', 'text': 'Fleisch', 'id': 14, 'deprel': 'obj', 'head': 15}, 'verb': {'upos': 'VERB', 'text': 'verzehren', 'id': 15, 'deprel': 'root', 'head': 0}}]",['SOV']
468,Die britische Regierung übernahm in Folge von Korruption in Indien teilweise die Kontrolle.,1,"[{'subject': {'upos': 'NOUN', 'text': 'Regierung', 'id': 3, 'deprel': 'nsubj', 'head': 4}, 'verb': {'upos': 'VERB', 'text': 'übernahm', 'id': 4, 'deprel': 'root', 'head': 0}, 'object': {'upos': 'NOUN', 'text': 'Kontrolle', 'id': 13, 'deprel': 'obj', 'head': 4}}]",['SVO']
194,"Die C-Standard-Bibliothek stellt keine genormten Container-Datentypen, Unterstützung für grafische Benutzeroberflächen, Netzwerkfunktionalitäten und andere Funktionen zur Verfügung, wie es in anderen Sprachen heute selbstverständlich ist.",1,"[{'subject': {'upos': 'PROPN', 'text': 'C', 'id': 2, 'deprel': 'nsubj', 'head': 7}, 'verb': {'upos': 'VERB', 'text': 'stellt', 'id': 7, 'deprel': 'root', 'head': 0}, 'object': {'upos': 'NOUN', 'text': 'Datentypen', 'id': 12, 'deprel': 'obj', 'head': 7}}]",['SVO']
1300,Die CEMS hat die PRME-Erklärung (Principles for Responsible Management Education) unterzeichnet.,1,"[{'subject': {'upos': 'PROPN', 'text': 'CEMS', 'id': 2, 'deprel': 'nsubj', 'head': 15}, 'object': {'upos': 'PROPN', 'text': 'PRME', 'id': 5, 'deprel': 'obj', 'head': 15}, 'verb': {'upos': 'VERB', 'text': 'unterzeichnet', 'id': 15, 'deprel': 'root', 'head': 0}}]",['SOV']
0,Die Dampfexplosion schleuderte Vulkanasche zwischen 3050 und 3350 Meter hoch über den Krater hinaus.,1,"[{'subject': {'upos': 'NOUN', 'text': 'Dampfexplosion', 'id': 2, 'deprel': 'nsubj', 'head': 3}, 'verb': {'upos': 'VERB', 'text': 'schleuderte', 'id': 3, 'deprel': 'root', 'head': 0}, 'object': {'upos': 'NOUN', 'text': 'Vulkanasche', 'id': 4, 'deprel': 'obj', 'head': 3}}]",['SVO']
170,Die Deportierten saßen 20 Stunden im Zug.,1,"[{'subject': {'upos': 'NOUN', 'text': 'Deportierten', 'id': 2, 'deprel': 'nsubj', 'head': 3}, 'verb': {'upos': 'VERB', 'text': 'saßen', 'id': 3, 'deprel': 'root', 'head': 0}, 'object': {'upos': 'NOUN', 'text': 'Stunden', 'id': 5, 'deprel': 'obj', 'head': 3}}]",['SVO']
119,Die deutsche Presse griff Hesse an.,1,"[{'subject': {'upos': 'NOUN', 'text': 'Presse', 'id': 3, 'deprel': 'nsubj', 'head': 4}, 'verb': {'upos': 'VERB', 'text': 'griff', 'id': 4, 'deprel': 'root', 'head': 0}, 'object': {'upos': 'PROPN', 'text': 'Hesse', 'id': 5, 'deprel': 'obj', 'head': 4}}]",['SVO']
396,"Die durchschnittliche Familiengröße beträgt 3,21 Personen.",1,"[{'subject': {'upos': 'NOUN', 'text': 'Familiengröße', 'id': 3, 'deprel': 'nsubj', 'head': 4}, 'verb': {'upos': 'VERB', 'text': 'beträgt', 'id': 4, 'deprel': 'root', 'head': 0}, 'object': {'upos': 'NOUN', 'text': 'Personen', 'id': 6, 'deprel': 'obj', 'head': 4}}]",['SVO']
163,Die durchschnittliche Körperlänge des Dickschnabelkittas beträgt 63 bis 69 cm.,1,"[{'subject': {'upos': 'NOUN', 'text': 'Körperlänge', 'id': 3, 'deprel': 'nsubj', 'head': 6}, 'verb': {'upos': 'VERB', 'text': 'beträgt', 'id': 6, 'deprel': 'root', 'head': 0}, 'object': {'upos': 'NOUN', 'text': 'cm', 'id': 10, 'deprel': 'obj', 'head': 6}}]",['SVO']
1647,"Die Eier haben drei Schichten, bevor sie in Schichten zusammengesetzt bekannt sind.",1,"[{'subject': {'upos': 'NOUN', 'text': 'Eier', 'id': 2, 'deprel': 'nsubj', 'head': 3}, 'verb': {'upos': 'VERB', 'text': 'haben', 'id': 3, 'deprel': 'root', 'head': 0}, 'object': {'upos': 'NOUN', 'text': 'Schichten', 'id': 5, 'deprel': 'obj', 'head': 3}}]",['SVO']
690,Die Einfügung einer Tin Whistle in eine Melodie gibt der Musik eine sehr irische Note.,1,"[{'subject': {'upos': 'NOUN', 'text': 'Einfügung', 'id': 2, 'deprel': 'nsubj', 'head': 9}, 'verb': {'upos': 'VERB', 'text': 'gibt', 'id': 9, 'deprel': 'root', 'head': 0}, 'object': {'upos': 'NOUN', 'text': 'Note', 'id': 15, 'deprel': 'obj', 'head': 9}}]",['SVO']
1472,"Die Eltern des Jungen, Ronaldo, trafen sich in Tokio während der Weltmeisterschaft 2002.",1,"[{'subject': {'upos': 'NOUN', 'text': 'Eltern', 'id': 2, 'deprel': 'nsubj', 'head': 8}, 'verb': {'upos': 'VERB', 'text': 'trafen', 'id': 8, 'deprel': 'root', 'head': 0}, 'object': {'upos': 'PRON', 'text': 'sich', 'id': 9, 'deprel': 'obj', 'head': 8}}]",['SVO']
668,Die Engländer entsandten Streitkräfte nach Pune.,1,"[{'subject': {'upos': 'NOUN', 'text': 'Engländer', 'id': 2, 'deprel': 'nsubj', 'head': 3}, 'verb': {'upos': 'VERB', 'text': 'entsandten', 'id': 3, 'deprel': 'root', 'head': 0}, 'object': {'upos': 'NOUN', 'text': 'Streitkräfte', 'id': 4, 'deprel': 'obj', 'head': 3}}]",['SVO']
1703,Die Entdecker kartierten das Gebiet des heutigen Staats Minnesota.,1,"[{'subject': {'upos': 'NOUN', 'text': 'Entdecker', 'id': 2, 'deprel': 'nsubj', 'head': 3}, 'verb': {'upos': 'VERB', 'text': 'kartierten', 'id': 3, 'deprel': 'root', 'head': 0}, 'object': {'upos': 'NOUN', 'text': 'Gebiet', 'id': 5, 'deprel': 'obj', 'head': 3}}]",['SVO']
298,Die Entkolonialisierung Afrikas und der Karibik beschleunigte sich in den 1960er und 1970er Jahren.,1,"[{'subject': {'upos': 'NOUN', 'text': 'Entkolonialisierung', 'id': 2, 'deprel': 'nsubj', 'head': 7}, 'verb': {'upos': 'VERB', 'text': 'beschleunigte', 'id': 7, 'deprel': 'root', 'head': 0}, 'object': {'upos': 'PRON', 'text': 'sich', 'id': 8, 'deprel': 'obj', 'head': 7}}]",['SVO']
1315,"Die erwachsenen Vögel haben eine dunkelbraune Körperoberseite und dunkelbraune bis schwarze Vorderbrust, Gesicht und Kehle.",1,"[{'subject': {'upos': 'NOUN', 'text': 'Vögel', 'id': 3, 'deprel': 'nsubj', 'head': 4}, 'verb': {'upos': 'VERB', 'text': 'haben', 'id': 4, 'deprel': 'root', 'head': 0}, 'object': {'upos': 'NOUN', 'text': 'Körperoberseite', 'id': 7, 'deprel': 'obj', 'head': 4}}]",['SVO']
1930,Die Fazilität für den Privaten Sektor (PSF) konzentriert sich auf Entwicklungsländer.,1,"[{'subject': {'upos': 'NOUN', 'text': 'Fazilität', 'id': 2, 'deprel': 'nsubj', 'head': 10}, 'verb': {'upos': 'VERB', 'text': 'konzentriert', 'id': 10, 'deprel': 'root', 'head': 0}, 'object': {'upos': 'PRON', 'text': 'sich', 'id': 11, 'deprel': 'obj', 'head': 10}}]",['SVO']
889,Die FIFA im International Football Association Board setzt sich aus 4 Vertretern der FIFA und 4 Vertretern der vier britischen Verbände zusammen.,1,"[{'subject': {'upos': 'PROPN', 'text': 'FIFA', 'id': 2, 'deprel': 'nsubj', 'head': 9}, 'verb': {'upos': 'VERB', 'text': 'setzt', 'id': 9, 'deprel': 'root', 'head': 0}, 'object': {'upos': 'PRON', 'text': 'sich', 'id': 10, 'deprel': 'obj', 'head': 9}}]",['SVO']
1684,Die Fischerboote verdienen das meiste Geld mit den Flossen des Hais.,1,"[{'subject': {'upos': 'NOUN', 'text': 'Fischerboote', 'id': 2, 'deprel': 'nsubj', 'head': 3}, 'verb': {'upos': 'VERB', 'text': 'verdienen', 'id': 3, 'deprel': 'root', 'head': 0}, 'object': {'upos': 'NOUN', 'text': 'Geld', 'id': 6, 'deprel': 'obj', 'head': 3}}]",['SVO']
1517,Die Flügelspannweite des Schlangenhalsvogels beträgt im Durchschnitt etwa 120 cm.,1,"[{'subject': {'upos': 'NOUN', 'text': 'Flügelspannweite', 'id': 2, 'deprel': 'nsubj', 'head': 5}, 'verb': {'upos': 'VERB', 'text': 'beträgt', 'id': 5, 'deprel': 'root', 'head': 0}, 'object': {'upos': 'NOUN', 'text': 'cm', 'id': 11, 'deprel': 'obj', 'head': 5}}]",['SVO']
659,Die Fluggesellschaft ČSA hatte im März 2007 5440 Mitarbeiter beschäftigt.,1,"[{'subject': {'upos': 'NOUN', 'text': 'Fluggesellschaft', 'id': 2, 'deprel': 'nsubj', 'head': 11}, 'object': {'upos': 'NOUN', 'text': 'Mitarbeiter', 'id': 10, 'deprel': 'obj', 'head': 11}, 'verb': {'upos': 'VERB', 'text': 'beschäftigt', 'id': 11, 'deprel': 'root', 'head': 0}}]",['SOV']
658,Die Fluglinie bekam ihren neuen Namen ČSA Czech Airlines im Mai 1995 nach der Dismembration der Tschechoslowakei.,1,"[{'subject': {'upos': 'NOUN', 'text': 'Fluglinie', 'id': 2, 'deprel': 'nsubj', 'head': 3}, 'verb': {'upos': 'VERB', 'text': 'bekam', 'id': 3, 'deprel': 'root', 'head': 0}, 'object': {'upos': 'NOUN', 'text': 'Namen', 'id': 6, 'deprel': 'obj', 'head': 3}}]",['SVO']
723,Die Formel verbindet die komplexen Zahlen mit der Trigonometrie.,1,"[{'subject': {'upos': 'NOUN', 'text': 'Formel', 'id': 2, 'deprel': 'nsubj', 'head': 3}, 'verb': {'upos': 'VERB', 'text': 'verbindet', 'id': 3, 'deprel': 'root', 'head': 0}, 'object': {'upos': 'NOUN', 'text': 'Zahlen', 'id': 6, 'deprel': 'obj', 'head': 3}}]",['SVO']
1744,"Die Frage bezieht sich auf Australien, aber in den vorgegebenen Texten wird nicht über Australien gesprochen.",1,"[{'subject': {'upos': 'NOUN', 'text': 'Frage', 'id': 2, 'deprel': 'nsubj', 'head': 3}, 'verb': {'upos': 'VERB', 'text': 'bezieht', 'id': 3, 'deprel': 'root', 'head': 0}, 'object': {'upos': 'PRON', 'text': 'sich', 'id': 4, 'deprel': 'obj', 'head': 3}}]",['SVO']
1916,Die Frage bezieht sich auf das 19.,1,"[{'subject': {'upos': 'NOUN', 'text': 'Frage', 'id': 2, 'deprel': 'nsubj', 'head': 3}, 'verb': {'upos': 'VERB', 'text': 'bezieht', 'id': 3, 'deprel': 'root', 'head': 0}, 'object': {'upos': 'PRON', 'text': 'sich', 'id': 4, 'deprel': 'obj', 'head': 3}}]",['SVO']
1339,"Die Frage bezieht sich auf den Marsch von Selma nach Montgomery, der am 7.",1,"[{'subject': {'upos': 'NOUN', 'text': 'Frage', 'id': 2, 'deprel': 'nsubj', 'head': 3}, 'verb': {'upos': 'VERB', 'text': 'bezieht', 'id': 3, 'deprel': 'root', 'head': 0}, 'object': {'upos': 'PRON', 'text': 'sich', 'id': 4, 'deprel': 'obj', 'head': 3}}]",['SVO']
708,Die Frage bezieht sich auf den Text über die Rufe von Rundschwanzspechten.,1,"[{'subject': {'upos': 'NOUN', 'text': 'Frage', 'id': 2, 'deprel': 'nsubj', 'head': 3}, 'verb': {'upos': 'VERB', 'text': 'bezieht', 'id': 3, 'deprel': 'root', 'head': 0}, 'object': {'upos': 'PRON', 'text': 'sich', 'id': 4, 'deprel': 'obj', 'head': 3}}]",['SVO']
1942,"Die Frage bezieht sich auf den Text über Eskenasy, eine griechische Sängerin.",1,"[{'subject': {'upos': 'NOUN', 'text': 'Frage', 'id': 2, 'deprel': 'nsubj', 'head': 3}, 'verb': {'upos': 'VERB', 'text': 'bezieht', 'id': 3, 'deprel': 'root', 'head': 0}, 'object': {'upos': 'PRON', 'text': 'sich', 'id': 4, 'deprel': 'obj', 'head': 3}}]",['SVO']
837,Die Frage bezieht sich auf die Filmproduktion und die Verteilung der Erlöse.,1,"[{'subject': {'upos': 'NOUN', 'text': 'Frage', 'id': 2, 'deprel': 'nsubj', 'head': 3}, 'verb': {'upos': 'VERB', 'text': 'bezieht', 'id': 3, 'deprel': 'root', 'head': 0}, 'object': {'upos': 'PRON', 'text': 'sich', 'id': 4, 'deprel': 'obj', 'head': 3}}]",['SVO']
1882,"Die Frage bezieht sich auf die Fische, die im Text beschrieben werden.",1,"[{'subject': {'upos': 'NOUN', 'text': 'Frage', 'id': 2, 'deprel': 'nsubj', 'head': 3}, 'verb': {'upos': 'VERB', 'text': 'bezieht', 'id': 3, 'deprel': 'root', 'head': 0}, 'object': {'upos': 'PRON', 'text': 'sich', 'id': 4, 'deprel': 'obj', 'head': 3}}]",['SVO']
1214,Die Frage bezieht sich auf die Vereinigung von Kräften in der Physik.,1,"[{'subject': {'upos': 'NOUN', 'text': 'Frage', 'id': 2, 'deprel': 'nsubj', 'head': 3}, 'verb': {'upos': 'VERB', 'text': 'bezieht', 'id': 3, 'deprel': 'root', 'head': 0}, 'object': {'upos': 'PRON', 'text': 'sich', 'id': 4, 'deprel': 'obj', 'head': 3}}]",['SVO']
851,"Die Frage bezieht sich auf Nina Freiin von Lerchenfeld, die Frau von Claus Schenk Graf von Stauffenberg.",1,"[{'subject': {'upos': 'NOUN', 'text': 'Frage', 'id': 2, 'deprel': 'nsubj', 'head': 3}, 'verb': {'upos': 'VERB', 'text': 'bezieht', 'id': 3, 'deprel': 'root', 'head': 0}, 'object': {'upos': 'PRON', 'text': 'sich', 'id': 4, 'deprel': 'obj', 'head': 3}}]",['SVO']
968,Die Friedrich-Naumann-Stiftung für die Freiheit unterhält auf nationaler Ebene acht Regionalbüros und arbeitet mit zehn Landesstiftungen für liberale Politik zusammen.,1,"[{'subject': {'upos': 'PROPN', 'text': 'Friedrich', 'id': 2, 'deprel': 'nsubj', 'head': 10}, 'verb': {'upos': 'VERB', 'text': 'unterhält', 'id': 10, 'deprel': 'root', 'head': 0}, 'object': {'upos': 'NOUN', 'text': 'Regionalbüros', 'id': 15, 'deprel': 'obj', 'head': 10}}]",['SVO']
1643,"Die frühesten Amnioten hatten ein Kiefergelenk, das aus dem Articulare und dem Quadratum zusammengesetzt war.",1,"[{'subject': {'upos': 'NOUN', 'text': 'Amnioten', 'id': 3, 'deprel': 'nsubj', 'head': 4}, 'verb': {'upos': 'VERB', 'text': 'hatten', 'id': 4, 'deprel': 'root', 'head': 0}, 'object': {'upos': 'NOUN', 'text': 'Kiefergelenk', 'id': 6, 'deprel': 'obj', 'head': 4}}]",['SVO']
1902,"Die G-15 konzentrierte sich auf die Kooperation der Länder auf den Gebieten der Investitionen, des Handels und der Technologie.",1,"[{'subject': {'upos': 'PROPN', 'text': 'G-15', 'id': 2, 'deprel': 'nsubj', 'head': 3}, 'verb': {'upos': 'VERB', 'text': 'konzentrierte', 'id': 3, 'deprel': 'root', 'head': 0}, 'object': {'upos': 'PRON', 'text': 'sich', 'id': 4, 'deprel': 'obj', 'head': 3}}]",['SVO']
559,Die Gambier definieren sich hauptsächlich durch ihre eigene Sprache.,1,"[{'subject': {'upos': 'NOUN', 'text': 'Gambier', 'id': 2, 'deprel': 'nsubj', 'head': 3}, 'verb': {'upos': 'VERB', 'text': 'definieren', 'id': 3, 'deprel': 'root', 'head': 0}, 'object': {'upos': 'PRON', 'text': 'sich', 'id': 4, 'deprel': 'obj', 'head': 3}}]",['SVO']
1321,Die Gazelle wog rund 25 Kilogramm.,1,"[{'subject': {'upos': 'NOUN', 'text': 'Gazelle', 'id': 2, 'deprel': 'nsubj', 'head': 3}, 'verb': {'upos': 'VERB', 'text': 'wog', 'id': 3, 'deprel': 'root', 'head': 0}, 'object': {'upos': 'NOUN', 'text': 'Kilogramm', 'id': 6, 'deprel': 'obj', 'head': 3}}]",['SVO']
1817,"Die Gelehrten bezweifelten, ob Theoderich tatsächlich eine Gesetzgebung vornahm.",1,"[{'subject': {'upos': 'PROPN', 'text': 'Theoderich', 'id': 6, 'deprel': 'nsubj', 'head': 10}, 'object': {'upos': 'NOUN', 'text': 'Gesetzgebung', 'id': 9, 'deprel': 'obj', 'head': 10}, 'verb': {'upos': 'VERB', 'text': 'vornahm', 'id': 10, 'deprel': 'ccomp', 'head': 3}}]",['SOV']
1488,"Die Gemeine Sandrasselotter (E.carinatus) ernährt sich vor allem von Kleinsäugern wie Mäusen und Ratten sowie von anderen Kleintieren wie Vögel, Echsen, Frösche und anderen Schlangen.",1,"[{'subject': {'upos': 'PROPN', 'text': 'Sandrasselotter', 'id': 3, 'deprel': 'nsubj', 'head': 7}, 'verb': {'upos': 'VERB', 'text': 'ernährt', 'id': 7, 'deprel': 'root', 'head': 0}, 'object': {'upos': 'PRON', 'text': 'sich', 'id': 8, 'deprel': 'obj', 'head': 7}}]",['SVO']
1666,"Die Geschichte des Bruneiischen Großreichs ist schwer zu rekonstruieren, da es in den zeitgenössischen Quellen nur selten erwähnt wird und auch nur wenige Spuren hinterlassen hat.",1,"[{'subject': {'upos': 'PRON', 'text': 'es', 'id': 12, 'deprel': 'nsubj:pass', 'head': 19}, 'object': {'upos': 'NOUN', 'text': 'Spuren', 'id': 25, 'deprel': 'obj', 'head': 26}, 'verb': {'upos': 'VERB', 'text': 'hinterlassen', 'id': 26, 'deprel': 'conj', 'head': 19}}]",['SOV']
432,Die Geschlechter der Weißbrauengibbons unterscheiden sich hinsichtlich der Fellfärbung.,1,"[{'subject': {'upos': 'NOUN', 'text': 'Geschlechter', 'id': 2, 'deprel': 'nsubj', 'head': 5}, 'verb': {'upos': 'VERB', 'text': 'unterscheiden', 'id': 5, 'deprel': 'root', 'head': 0}, 'object': {'upos': 'PRON', 'text': 'sich', 'id': 6, 'deprel': 'obj', 'head': 5}}]",['SVO']
473,"Die gesetzgebenden Kammern für Indien, bestehend aus einem Staatsrat und einer gesetzgebenden Versammlung, beschäftigen sich mit staatlicher Gesetzgebung.",1,"[{'subject': {'upos': 'NOUN', 'text': 'Kammern', 'id': 3, 'deprel': 'nsubj', 'head': 16}, 'verb': {'upos': 'VERB', 'text': 'beschäftigen', 'id': 16, 'deprel': 'root', 'head': 0}, 'object': {'upos': 'PRON', 'text': 'sich', 'id': 17, 'deprel': 'obj', 'head': 16}}]",['SVO']
1111,Die Gewerkschaften setzen sich unter anderem für höhere Löhne und bessere Arbeitsbedingungen ein.,1,"[{'subject': {'upos': 'NOUN', 'text': 'Gewerkschaften', 'id': 2, 'deprel': 'nsubj', 'head': 3}, 'verb': {'upos': 'VERB', 'text': 'setzen', 'id': 3, 'deprel': 'root', 'head': 0}, 'object': {'upos': 'PRON', 'text': 'sich', 'id': 4, 'deprel': 'obj', 'head': 3}}]",['SVO']
1972,Die Gewerkschaftsführer trafen sich vom 9. bis 12.,1,"[{'subject': {'upos': 'NOUN', 'text': 'Gewerkschaftsführer', 'id': 2, 'deprel': 'nsubj', 'head': 3}, 'verb': {'upos': 'VERB', 'text': 'trafen', 'id': 3, 'deprel': 'root', 'head': 0}, 'object': {'upos': 'PRON', 'text': 'sich', 'id': 4, 'deprel': 'obj', 'head': 3}}]",['SVO']
801,"Die Gewürzpulvermischung Chat Masala setzt sich typischerweise aus folgenden Gewürzen zusammen: Amchoor (Mangopulver), Asafoetida, Kreuzkümmel, Granatapfelsamen, Ingwer, Kala Namak (schwarzes Salz), Koriander, Paprika, schwarzer Pfeffer und Salz.",1,"[{'subject': {'upos': 'NOUN', 'text': 'Gewürzpulvermischung', 'id': 2, 'deprel': 'nsubj', 'head': 5}, 'verb': {'upos': 'VERB', 'text': 'setzt', 'id': 5, 'deprel': 'root', 'head': 0}, 'object': {'upos': 'PRON', 'text': 'sich', 'id': 6, 'deprel': 'obj', 'head': 5}}]",['SVO']
258,Die Goumiers begingen massenhaft Verbrechen während der Schlacht um Monte Cassino in Italien.,1,"[{'subject': {'upos': 'PROPN', 'text': 'Goumiers', 'id': 2, 'deprel': 'nsubj', 'head': 3}, 'verb': {'upos': 'VERB', 'text': 'begingen', 'id': 3, 'deprel': 'root', 'head': 0}, 'object': {'upos': 'NOUN', 'text': 'Verbrechen', 'id': 5, 'deprel': 'obj', 'head': 3}}]",['SVO']
1576,"Die Graf kam nach seiner Flucht aus Europa 1938 in die USA, wo er sich im Juli in New York City niederließ.",1,"[{'subject': {'upos': 'PRON', 'text': 'er', 'id': 15, 'deprel': 'nsubj', 'head': 24}, 'object': {'upos': 'PRON', 'text': 'sich', 'id': 16, 'deprel': 'obj', 'head': 24}, 'verb': {'upos': 'VERB', 'text': 'niederließ', 'id': 24, 'deprel': 'acl', 'head': 12}}]",['SOV']
584,"Die Great Trigonometrische Vermessung hatte den Zweck, die Grundlagenvermessung des Indischen Subkontinents durch trigonometrische Vermessungsnetze durchzuführen.",1,"[{'subject': {'upos': 'PROPN', 'text': 'Vermessung', 'id': 4, 'deprel': 'nsubj', 'head': 5}, 'verb': {'upos': 'VERB', 'text': 'hatte', 'id': 5, 'deprel': 'root', 'head': 0}, 'object': {'upos': 'NOUN', 'text': 'Zweck', 'id': 7, 'deprel': 'obj', 'head': 5}}]",['SVO']
106,Die Herzöge von Spoleto führten mit Unterbrechungen Krieg gegen das byzantinische Exarchat Ravenna.,1,"[{'subject': {'upos': 'NOUN', 'text': 'Herzöge', 'id': 2, 'deprel': 'nsubj', 'head': 5}, 'verb': {'upos': 'VERB', 'text': 'führten', 'id': 5, 'deprel': 'root', 'head': 0}, 'object': {'upos': 'NOUN', 'text': 'Krieg', 'id': 8, 'deprel': 'obj', 'head': 5}}]",['SVO']
877,"Die höchste Einstellung, die Priorität gewinnt, ist die Router-ID.",1,"[{'subject': {'upos': 'PRON', 'text': 'die', 'id': 5, 'deprel': 'nsubj', 'head': 7}, 'object': {'upos': 'NOUN', 'text': 'Priorität', 'id': 6, 'deprel': 'obj', 'head': 7}, 'verb': {'upos': 'VERB', 'text': 'gewinnt', 'id': 7, 'deprel': 'acl', 'head': 3}}]",['SOV']
135,Die Honolulu erreichte Espírito Santo am 11.,1,"[{'subject': {'upos': 'PROPN', 'text': 'Honolulu', 'id': 2, 'deprel': 'nsubj', 'head': 3}, 'verb': {'upos': 'VERB', 'text': 'erreichte', 'id': 3, 'deprel': 'root', 'head': 0}, 'object': {'upos': 'PROPN', 'text': 'Espírito', 'id': 4, 'deprel': 'obj', 'head': 3}}]",['SVO']
399,Die Interstate 5 bewegt sich am Dana Point von der Küste ins Inland in nördliche Richtung nach Mission Viejo.,1,"[{'subject': {'upos': 'PROPN', 'text': 'Interstate', 'id': 2, 'deprel': 'nsubj', 'head': 4}, 'verb': {'upos': 'VERB', 'text': 'bewegt', 'id': 4, 'deprel': 'root', 'head': 0}, 'object': {'upos': 'PRON', 'text': 'sich', 'id': 5, 'deprel': 'obj', 'head': 4}}]",['SVO']
443,Die isländische Route 1 führt durch die Außenbezirke von Reykjavík und erstreckt sich nach Osten weiter über die Hellisheiði Richtung Selfoss und nach Nordwesten Richtung Akranes und Borgarnes.,1,"[{'subject': {'upos': 'NOUN', 'text': 'Route', 'id': 3, 'deprel': 'nsubj', 'head': 5}, 'verb': {'upos': 'VERB', 'text': 'erstreckt', 'id': 12, 'deprel': 'conj', 'head': 5}, 'object': {'upos': 'PRON', 'text': 'sich', 'id': 13, 'deprel': 'obj', 'head': 12}}]",['SVO']
534,"Die Jungtiere eines Beutelteufelweibchens hängen 100 Tage an den Brustwarzen, auch Milchdrüsen genannt.",1,"[{'subject': {'upos': 'NOUN', 'text': 'Jungtiere', 'id': 2, 'deprel': 'nsubj', 'head': 5}, 'verb': {'upos': 'VERB', 'text': 'hängen', 'id': 5, 'deprel': 'root', 'head': 0}, 'object': {'upos': 'NOUN', 'text': 'Tage', 'id': 7, 'deprel': 'obj', 'head': 5}}]",['SVO']
1178,"Die Kanzlei, in der Michelle Robinson und Barack Obama sich kennenlernten, ist Sidley & Austin.",1,"[{'subject': {'upos': 'PROPN', 'text': 'Michelle', 'id': 6, 'deprel': 'nsubj', 'head': 12}, 'object': {'upos': 'PRON', 'text': 'sich', 'id': 11, 'deprel': 'obj', 'head': 12}, 'verb': {'upos': 'VERB', 'text': 'kennenlernten', 'id': 12, 'deprel': 'acl', 'head': 2}}]",['SOV']
1648,"Die klebrigen Substanz, die die Eier von Monotremen während der Inkubation bedeckt, ist unbekannt.",1,"[{'subject': {'upos': 'PRON', 'text': 'die', 'id': 5, 'deprel': 'nsubj', 'head': 13}, 'object': {'upos': 'NOUN', 'text': 'Eier', 'id': 7, 'deprel': 'obj', 'head': 13}, 'verb': {'upos': 'VERB', 'text': 'bedeckt', 'id': 13, 'deprel': 'acl', 'head': 3}}]",['SOV']
50,"Die Kohlenstoffaussonderung kann den Effekt der Verbrennung fossiler Brennstoffe vermindern, solange erneuerbare Energien nicht kostengünstig zur Verfügung stehen.",1,"[{'subject': {'upos': 'NOUN', 'text': 'Kohlenstoffaussonderung', 'id': 2, 'deprel': 'nsubj', 'head': 10}, 'object': {'upos': 'NOUN', 'text': 'Effekt', 'id': 5, 'deprel': 'obj', 'head': 10}, 'verb': {'upos': 'VERB', 'text': 'vermindern', 'id': 10, 'deprel': 'root', 'head': 0}}]",['SOV']
1776,"Die königliche Bezeichnung, die die in der Inventar-Stele aus der Saitenzeit als Prinzessin beschriebene Frau erhielt, ist ""Sat-nesut"", was so viel wie ""Tochter des Königs"" bedeutet.",1,"[{'subject': {'upos': 'PRON', 'text': 'die', 'id': 5, 'deprel': 'nsubj', 'head': 19}, 'object': {'upos': 'NOUN', 'text': 'Frau', 'id': 18, 'deprel': 'obj', 'head': 19}, 'verb': {'upos': 'VERB', 'text': 'erhielt', 'id': 19, 'deprel': 'acl', 'head': 3}}]",['SOV']
1090,Die Kreuzfahrt dauerte 81 Tage.,1,"[{'subject': {'upos': 'NOUN', 'text': 'Kreuzfahrt', 'id': 2, 'deprel': 'nsubj', 'head': 3}, 'verb': {'upos': 'VERB', 'text': 'dauerte', 'id': 3, 'deprel': 'root', 'head': 0}, 'object': {'upos': 'NOUN', 'text': 'Tage', 'id': 5, 'deprel': 'obj', 'head': 3}}]",['SVO']
1495,"Die Kulturen Gujarats, Rajasthans und Marathas haben die Entwicklung der Region Malwa beeinflusst.",1,"[{'subject': {'upos': 'NOUN', 'text': 'Kulturen', 'id': 2, 'deprel': 'nsubj', 'head': 14}, 'object': {'upos': 'NOUN', 'text': 'Entwicklung', 'id': 10, 'deprel': 'obj', 'head': 14}, 'verb': {'upos': 'VERB', 'text': 'beeinflusst', 'id': 14, 'deprel': 'root', 'head': 0}}]",['SOV']
177,Die Lehre Jesu Christi symbolisiert das Portal.,1,"[{'subject': {'upos': 'NOUN', 'text': 'Lehre', 'id': 2, 'deprel': 'nsubj', 'head': 5}, 'verb': {'upos': 'VERB', 'text': 'symbolisiert', 'id': 5, 'deprel': 'root', 'head': 0}, 'object': {'upos': 'NOUN', 'text': 'Portal', 'id': 7, 'deprel': 'obj', 'head': 5}}]",['SVO']
94,Die letzten US-Truppen verließen Usbekistan im November 2005.,1,"[{'subject': {'upos': 'PROPN', 'text': 'US', 'id': 3, 'deprel': 'nsubj', 'head': 6}, 'verb': {'upos': 'VERB', 'text': 'verließen', 'id': 6, 'deprel': 'root', 'head': 0}, 'object': {'upos': 'PROPN', 'text': 'Usbekistan', 'id': 7, 'deprel': 'obj', 'head': 6}}]",['SVO']
1302,"Die Lokalkomitees (LCs) treffen sich regelmäßig, um die Aktivitäten und Entwicklung der Assoziation zu erörtern und sind für den Kontakt mit den CEMS-Alumni und die Organisation von beruflichen und sozialen Aktivitäten verantwortlich.",1,"[{'subject': {'upos': 'NOUN', 'text': 'Lokalkomitees', 'id': 2, 'deprel': 'nsubj', 'head': 6}, 'verb': {'upos': 'VERB', 'text': 'treffen', 'id': 6, 'deprel': 'root', 'head': 0}, 'object': {'upos': 'PRON', 'text': 'sich', 'id': 7, 'deprel': 'obj', 'head': 6}}]",['SVO']
1828,"Die meisten akademischen Institutionen der Tschechischen Akademie der Wissenschaften (AV ČR) haben ihren Sitz in Prag, wobei die Zentralverwaltung und vierzig Forschungsinstitute in der Stadt ansässig sind.",1,"[{'subject': {'upos': 'NOUN', 'text': 'Institutionen', 'id': 4, 'deprel': 'nsubj', 'head': 14}, 'verb': {'upos': 'VERB', 'text': 'haben', 'id': 14, 'deprel': 'root', 'head': 0}, 'object': {'upos': 'NOUN', 'text': 'Sitz', 'id': 16, 'deprel': 'obj', 'head': 14}}]",['SVO']
211,Die meisten der überlebenden Japaner erreichen die japanischen Stellungen bei Taivu Point und funkten an das Hauptquartier der 17.,1,"[{'subject': {'upos': 'DET', 'text': 'meisten', 'id': 2, 'deprel': 'nsubj', 'head': 6}, 'verb': {'upos': 'VERB', 'text': 'erreichen', 'id': 6, 'deprel': 'root', 'head': 0}, 'object': {'upos': 'NOUN', 'text': 'Stellungen', 'id': 9, 'deprel': 'obj', 'head': 6}}]",['SVO']
1507,"Die meisten RDBMS-Systeme, die OLTP-fokussiert sind, haben eine zeilenorientierte Organisation.",1,"[{'subject': {'upos': 'PROPN', 'text': 'RDBMS', 'id': 3, 'deprel': 'nsubj', 'head': 13}, 'verb': {'upos': 'VERB', 'text': 'haben', 'id': 13, 'deprel': 'root', 'head': 0}, 'object': {'upos': 'NOUN', 'text': 'Organisation', 'id': 16, 'deprel': 'obj', 'head': 13}}]",['SVO']
257,Die Meller-Manguste hat den lateinischen Namen Rhynchogale melleri.,1,"[{'subject': {'upos': 'PROPN', 'text': 'Meller', 'id': 2, 'deprel': 'nsubj', 'head': 5}, 'verb': {'upos': 'VERB', 'text': 'hat', 'id': 5, 'deprel': 'root', 'head': 0}, 'object': {'upos': 'NOUN', 'text': 'Namen', 'id': 8, 'deprel': 'obj', 'head': 5}}]",['SVO']
727,Die Missouri General Assembly enthält ein Repräsentantenhaus und einen Senat.,1,"[{'subject': {'upos': 'PROPN', 'text': 'Missouri', 'id': 2, 'deprel': 'nsubj', 'head': 5}, 'verb': {'upos': 'VERB', 'text': 'enthält', 'id': 5, 'deprel': 'root', 'head': 0}, 'object': {'upos': 'NOUN', 'text': 'Repräsentantenhaus', 'id': 7, 'deprel': 'obj', 'head': 5}}]",['SVO']
1887,"Die Musikvideos von ""Pure Grinding"" und ""For a Better Day"" sprechen sich gegen Menschenhandel und Bandengewalt aus.",1,"[{'subject': {'upos': 'NOUN', 'text': 'Musikvideos', 'id': 2, 'deprel': 'nsubj', 'head': 15}, 'verb': {'upos': 'VERB', 'text': 'sprechen', 'id': 15, 'deprel': 'root', 'head': 0}, 'object': {'upos': 'PRON', 'text': 'sich', 'id': 16, 'deprel': 'obj', 'head': 15}}]",['SVO']
1920,Die Nationalsozialisten und die Sowjetunion stellten für die Polen eine große Bedrohung dar.,1,"[{'subject': {'upos': 'NOUN', 'text': 'Nationalsozialisten', 'id': 2, 'deprel': 'nsubj', 'head': 6}, 'verb': {'upos': 'VERB', 'text': 'stellten', 'id': 6, 'deprel': 'root', 'head': 0}, 'object': {'upos': 'NOUN', 'text': 'Bedrohung', 'id': 12, 'deprel': 'obj', 'head': 6}}]",['SVO']
1898,"Die niedrigste Schätzung, wie viele Vögel auf Puerto Rico waren, beträgt 100.000 Individuen.",1,"[{'subject': {'upos': 'NOUN', 'text': 'Schätzung', 'id': 3, 'deprel': 'nsubj', 'head': 13}, 'verb': {'upos': 'VERB', 'text': 'beträgt', 'id': 13, 'deprel': 'root', 'head': 0}, 'object': {'upos': 'NOUN', 'text': 'Individuen', 'id': 15, 'deprel': 'obj', 'head': 13}}]",['SVO']
369,Die NSA hat die Leitungen nicht in irgendeiner Weise beeinflusst.,1,"[{'subject': {'upos': 'PROPN', 'text': 'NSA', 'id': 2, 'deprel': 'nsubj', 'head': 10}, 'object': {'upos': 'NOUN', 'text': 'Leitungen', 'id': 5, 'deprel': 'obj', 'head': 10}, 'verb': {'upos': 'VERB', 'text': 'beeinflusst', 'id': 10, 'deprel': 'root', 'head': 0}}]",['SOV']
1688,Die Oberflächentemperatur auf dem Titan beträgt im Mittel −179 °C (94 K).,1,"[{'subject': {'upos': 'NOUN', 'text': 'Oberflächentemperatur', 'id': 2, 'deprel': 'nsubj', 'head': 6}, 'verb': {'upos': 'VERB', 'text': 'beträgt', 'id': 6, 'deprel': 'root', 'head': 0}, 'object': {'upos': 'NOUN', 'text': '°', 'id': 12, 'deprel': 'obj', 'head': 6}}]",['SVO']
1766,"Die OLED-Technik hat eine organische Schicht, die sich zwischen zwei Elektroden befindet.",1,"[{'subject': {'upos': 'PROPN', 'text': 'OLED', 'id': 2, 'deprel': 'nsubj', 'head': 5}, 'verb': {'upos': 'VERB', 'text': 'hat', 'id': 5, 'deprel': 'root', 'head': 0}, 'object': {'upos': 'NOUN', 'text': 'Schicht', 'id': 8, 'deprel': 'obj', 'head': 5}}]",['SVO']
1935,Die OPEC-Staaten haben die Agentur IFAD unterstützt.,1,"[{'subject': {'upos': 'PROPN', 'text': 'OPEC', 'id': 2, 'deprel': 'nsubj', 'head': 9}, 'object': {'upos': 'NOUN', 'text': 'Agentur', 'id': 7, 'deprel': 'obj', 'head': 9}, 'verb': {'upos': 'VERB', 'text': 'unterstützt', 'id': 9, 'deprel': 'root', 'head': 0}}]",['SOV']
190,Die Originalversionen der Umineko-Spiele hatten eine sehr simple Grafikgestaltung und keine Sprachausgabe der Charaktere.,1,"[{'subject': {'upos': 'NOUN', 'text': 'Originalversionen', 'id': 2, 'deprel': 'nsubj', 'head': 7}, 'verb': {'upos': 'VERB', 'text': 'hatten', 'id': 7, 'deprel': 'root', 'head': 0}, 'object': {'upos': 'NOUN', 'text': 'Grafikgestaltung', 'id': 11, 'deprel': 'obj', 'head': 7}}]",['SVO']
70,Die Paläontologen fanden Skelette von Plateosaurus.,1,"[{'subject': {'upos': 'NOUN', 'text': 'Paläontologen', 'id': 2, 'deprel': 'nsubj', 'head': 3}, 'verb': {'upos': 'VERB', 'text': 'fanden', 'id': 3, 'deprel': 'root', 'head': 0}, 'object': {'upos': 'NOUN', 'text': 'Skelette', 'id': 4, 'deprel': 'obj', 'head': 3}}]",['SVO']
1094,Die Pause bei einem Standardspiel beträgt 10 Minuten.,1,"[{'subject': {'upos': 'NOUN', 'text': 'Pause', 'id': 2, 'deprel': 'nsubj', 'head': 6}, 'verb': {'upos': 'VERB', 'text': 'beträgt', 'id': 6, 'deprel': 'root', 'head': 0}, 'object': {'upos': 'NOUN', 'text': 'Minuten', 'id': 8, 'deprel': 'obj', 'head': 6}}]",['SVO']
607,"Die Poeten, die das Denken von Morrison beeinflusst haben, sind William Blake, Charles Baudelaire, Arthur Rimbaud, Jack Kerouac, Michael McClure, Joseph Campbell und James Frazer.",1,"[{'subject': {'upos': 'PRON', 'text': 'die', 'id': 4, 'deprel': 'nsubj', 'head': 9}, 'object': {'upos': 'NOUN', 'text': 'Denken', 'id': 6, 'deprel': 'obj', 'head': 9}, 'verb': {'upos': 'VERB', 'text': 'beeinflusst', 'id': 9, 'deprel': 'acl', 'head': 2}}]",['SOV']
1478,Die Primärstruktur (Aminosäuresequenz) des Proteins enthält wertvolle Informationen über seine Funktion.,1,"[{'subject': {'upos': 'NOUN', 'text': 'Primärstruktur', 'id': 2, 'deprel': 'nsubj', 'head': 8}, 'verb': {'upos': 'VERB', 'text': 'enthält', 'id': 8, 'deprel': 'root', 'head': 0}, 'object': {'upos': 'NOUN', 'text': 'Informationen', 'id': 10, 'deprel': 'obj', 'head': 8}}]",['SVO']
1900,Die Puerto-Rico-Amazone konsumiert etwa 60 verschiedene Nahrungsbestandteile.,1,"[{'subject': {'upos': 'PROPN', 'text': 'Puerto', 'id': 2, 'deprel': 'nsubj', 'head': 7}, 'verb': {'upos': 'VERB', 'text': 'konsumiert', 'id': 7, 'deprel': 'root', 'head': 0}, 'object': {'upos': 'NOUN', 'text': 'Nahrungsbestandteile', 'id': 11, 'deprel': 'obj', 'head': 7}}]",['SVO']
302,"Die Queen bewunderte Blairs Anstrengungen, um in Nordirland Frieden zu schaffen.",1,"[{'subject': {'upos': 'NOUN', 'text': 'Queen', 'id': 2, 'deprel': 'nsubj', 'head': 3}, 'verb': {'upos': 'VERB', 'text': 'bewunderte', 'id': 3, 'deprel': 'root', 'head': 0}, 'object': {'upos': 'NOUN', 'text': 'Anstrengungen', 'id': 5, 'deprel': 'obj', 'head': 3}}]",['SVO']
52,"Die Räumlichkeiten auf dem Messegelände umfassen insgesamt rund 550.000 Quadratmeter, wovon 180.000 Quadratmeter Hallenfläche sind.",1,"[{'subject': {'upos': 'NOUN', 'text': 'Räumlichkeiten', 'id': 2, 'deprel': 'nsubj', 'head': 6}, 'verb': {'upos': 'VERB', 'text': 'umfassen', 'id': 6, 'deprel': 'root', 'head': 0}, 'object': {'upos': 'NOUN', 'text': 'Quadratmeter', 'id': 10, 'deprel': 'obj', 'head': 6}}]",['SVO']
943,"Die Raumsonde Voyager 1 lieferte hochauflösende Bilder des Saturn, seiner Ringe und Satelliten zurück.",1,"[{'subject': {'upos': 'NOUN', 'text': 'Raumsonde', 'id': 2, 'deprel': 'nsubj', 'head': 5}, 'verb': {'upos': 'VERB', 'text': 'lieferte', 'id': 5, 'deprel': 'root', 'head': 0}, 'object': {'upos': 'NOUN', 'text': 'Bilder', 'id': 7, 'deprel': 'obj', 'head': 5}}]",['SVO']
511,Die rechtliche Lösung für das größte wirtschaftliche Anliegen jeder Nation findet man in der Konstitutionellen Ökonomie.,1,"[{'object': {'upos': 'NOUN', 'text': 'Lösung', 'id': 3, 'deprel': 'obj', 'head': 11}, 'verb': {'upos': 'VERB', 'text': 'findet', 'id': 11, 'deprel': 'root', 'head': 0}, 'subject': {'upos': 'PRON', 'text': 'man', 'id': 12, 'deprel': 'nsubj', 'head': 11}}]",['OVS']
462,Die Reflexion aller Kristallleuchter hat die optische Illusion von Raum und Licht erzeugt.,1,"[{'subject': {'upos': 'NOUN', 'text': 'Reflexion', 'id': 2, 'deprel': 'nsubj', 'head': 13}, 'object': {'upos': 'NOUN', 'text': 'Illusion', 'id': 8, 'deprel': 'obj', 'head': 13}, 'verb': {'upos': 'VERB', 'text': 'erzeugt', 'id': 13, 'deprel': 'root', 'head': 0}}]",['SOV']
1260,"Die Regierung Kenias nutzt eine Präsidialmacht, da der Staatspräsident über weitreichende Exekutivvollmachten verfügt und sowohl der Regierung als auch den Streitkräften untersteht.",1,"[{'subject': {'upos': 'NOUN', 'text': 'Regierung', 'id': 2, 'deprel': 'nsubj', 'head': 4}, 'verb': {'upos': 'VERB', 'text': 'nutzt', 'id': 4, 'deprel': 'root', 'head': 0}, 'object': {'upos': 'NOUN', 'text': 'Präsidialmacht', 'id': 6, 'deprel': 'obj', 'head': 4}}]",['SVO']
469,"Die Regulierungsakte von 1773 wurde nicht unterzeichnet, sondern sah die Wahl von vier Räten durch das Direktorium der Ostindien-Kompanie vor.",1,"[{'subject': {'upos': 'NOUN', 'text': 'Regulierungsakte', 'id': 2, 'deprel': 'nsubj:pass', 'head': 7}, 'verb': {'upos': 'VERB', 'text': 'sah', 'id': 10, 'deprel': 'conj', 'head': 7}, 'object': {'upos': 'NOUN', 'text': 'Wahl', 'id': 12, 'deprel': 'obj', 'head': 10}}]",['SVO']
204,Die Reise von Alexei Maressjew dauerte 18 Tage.,1,"[{'subject': {'upos': 'NOUN', 'text': 'Reise', 'id': 2, 'deprel': 'nsubj', 'head': 6}, 'verb': {'upos': 'VERB', 'text': 'dauerte', 'id': 6, 'deprel': 'root', 'head': 0}, 'object': {'upos': 'NOUN', 'text': 'Tage', 'id': 8, 'deprel': 'obj', 'head': 6}}]",['SVO']
952,Die Risikogruppe für Alkoholismus umfasst etwa 10 bis 20 % der Männer und 5 bis 10 % der Frauen in den Vereinigten Staaten und Europa.,1,"[{'subject': {'upos': 'NOUN', 'text': 'Risikogruppe', 'id': 2, 'deprel': 'nsubj', 'head': 5}, 'verb': {'upos': 'VERB', 'text': 'umfasst', 'id': 5, 'deprel': 'root', 'head': 0}, 'object': {'upos': 'NOUN', 'text': '%', 'id': 10, 'deprel': 'obj', 'head': 5}}]",['SVO']
364,"Die römisch-katholische Kirche macht 12,6 % der Christen aus.",1,"[{'subject': {'upos': 'NOUN', 'text': 'Kirche', 'id': 5, 'deprel': 'nsubj', 'head': 6}, 'verb': {'upos': 'VERB', 'text': 'macht', 'id': 6, 'deprel': 'root', 'head': 0}, 'object': {'upos': 'NOUN', 'text': '%', 'id': 8, 'deprel': 'obj', 'head': 6}}]",['SVO']
251,"Die Royals, insbesondere die Königin, nehmen verschiedene offizielle, zeremonielle und repräsentative Funktionen wahr.",1,"[{'subject': {'upos': 'NOUN', 'text': 'Royals', 'id': 2, 'deprel': 'nsubj', 'head': 8}, 'verb': {'upos': 'VERB', 'text': 'nehmen', 'id': 8, 'deprel': 'root', 'head': 0}, 'object': {'upos': 'NOUN', 'text': 'Funktionen', 'id': 15, 'deprel': 'obj', 'head': 8}}]",['SVO']
1842,Die russischen Streitkräfte begannen die Schlacht im November.,1,"[{'subject': {'upos': 'NOUN', 'text': 'Streitkräfte', 'id': 3, 'deprel': 'nsubj', 'head': 4}, 'verb': {'upos': 'VERB', 'text': 'begannen', 'id': 4, 'deprel': 'root', 'head': 0}, 'object': {'upos': 'NOUN', 'text': 'Schlacht', 'id': 6, 'deprel': 'obj', 'head': 4}}]",['SVO']
1271,Die Schwarzen Löcher in der Mitte großer Galaxien können mehrere Millionen bis Milliarden Sonnenmassen umfassen.,1,"[{'subject': {'upos': 'NOUN', 'text': 'Löcher', 'id': 3, 'deprel': 'nsubj', 'head': 15}, 'object': {'upos': 'NOUN', 'text': 'Sonnenmassen', 'id': 14, 'deprel': 'obj', 'head': 15}, 'verb': {'upos': 'VERB', 'text': 'umfassen', 'id': 15, 'deprel': 'root', 'head': 0}}]",['SOV']
1705,Die Sioux und Ojibwe hatten Verträge mit europäischen Siedlern.,1,"[{'subject': {'upos': 'PROPN', 'text': 'Sioux', 'id': 2, 'deprel': 'nsubj', 'head': 5}, 'verb': {'upos': 'VERB', 'text': 'hatten', 'id': 5, 'deprel': 'root', 'head': 0}, 'object': {'upos': 'NOUN', 'text': 'Verträge', 'id': 6, 'deprel': 'obj', 'head': 5}}]",['SVO']
512,"Die Software übernimmt die typischen Kernprozesse wie die Verwaltung von Spar-, Darlehens- oder Girokonten.",1,"[{'subject': {'upos': 'NOUN', 'text': 'Software', 'id': 2, 'deprel': 'nsubj', 'head': 3}, 'verb': {'upos': 'VERB', 'text': 'übernimmt', 'id': 3, 'deprel': 'root', 'head': 0}, 'object': {'upos': 'NOUN', 'text': 'Kernprozesse', 'id': 6, 'deprel': 'obj', 'head': 3}}]",['SVO']
802,Die Söhne von de László hatten die britische Staatsbürgerschaft.,1,"[{'subject': {'upos': 'NOUN', 'text': 'Söhne', 'id': 2, 'deprel': 'nsubj', 'head': 6}, 'verb': {'upos': 'VERB', 'text': 'hatten', 'id': 6, 'deprel': 'root', 'head': 0}, 'object': {'upos': 'NOUN', 'text': 'Staatsbürgerschaft', 'id': 9, 'deprel': 'obj', 'head': 6}}]",['SVO']
306,Die Soldaten haben japanische Nationalität.,1,"[{'subject': {'upos': 'NOUN', 'text': 'Soldaten', 'id': 2, 'deprel': 'nsubj', 'head': 3}, 'verb': {'upos': 'VERB', 'text': 'haben', 'id': 3, 'deprel': 'root', 'head': 0}, 'object': {'upos': 'NOUN', 'text': 'Nationalität', 'id': 5, 'deprel': 'obj', 'head': 3}}]",['SVO']
112,Die Somali stellen 60 % der Gesamtbevölkerung in Dschibuti.,1,"[{'subject': {'upos': 'PROPN', 'text': 'Somali', 'id': 2, 'deprel': 'nsubj', 'head': 3}, 'verb': {'upos': 'VERB', 'text': 'stellen', 'id': 3, 'deprel': 'root', 'head': 0}, 'object': {'upos': 'NOUN', 'text': '%', 'id': 5, 'deprel': 'obj', 'head': 3}}]",['SVO']
1962,Die sowjetische Regierung hat 1918 den Friedensvertrag von Brest-Litowsk vereinbart.,1,"[{'subject': {'upos': 'NOUN', 'text': 'Regierung', 'id': 3, 'deprel': 'nsubj', 'head': 12}, 'object': {'upos': 'NOUN', 'text': 'Friedensvertrag', 'id': 7, 'deprel': 'obj', 'head': 12}, 'verb': {'upos': 'VERB', 'text': 'vereinbart', 'id': 12, 'deprel': 'root', 'head': 0}}]",['SOV']
1921,Die Sowjetunion musste im Zweiten Weltkrieg gegenüber den Deutschen das Territorium aufgeben.,1,"[{'subject': {'upos': 'PROPN', 'text': 'Sowjetunion', 'id': 2, 'deprel': 'nsubj', 'head': 13}, 'object': {'upos': 'NOUN', 'text': 'Territorium', 'id': 12, 'deprel': 'obj', 'head': 13}, 'verb': {'upos': 'VERB', 'text': 'aufgeben', 'id': 13, 'deprel': 'root', 'head': 0}}]",['SOV']
1971,"Die sozialistische Partei verwendete die Parole ""Einigkeit der Arbeiterklasse"" um Eberts Linie durchzusetzen.",1,"[{'subject': {'upos': 'NOUN', 'text': 'Partei', 'id': 3, 'deprel': 'nsubj', 'head': 4}, 'verb': {'upos': 'VERB', 'text': 'verwendete', 'id': 4, 'deprel': 'root', 'head': 0}, 'object': {'upos': 'NOUN', 'text': 'Parole', 'id': 6, 'deprel': 'obj', 'head': 4}}]",['SVO']
1980,"Die spartakistischen Revolutionäre erwarteten von den Seeleuten, dass sie die Regierung Ebert ausschalten würden.",1,"[{'subject': {'upos': 'PRON', 'text': 'sie', 'id': 10, 'deprel': 'nsubj', 'head': 14}, 'object': {'upos': 'NOUN', 'text': 'Regierung', 'id': 12, 'deprel': 'obj', 'head': 14}, 'verb': {'upos': 'VERB', 'text': 'ausschalten', 'id': 14, 'deprel': 'ccomp', 'head': 4}}]",['SOV']
1577,Die Stadt Gongyi hat 790.000 Einwohner.,1,"[{'subject': {'upos': 'NOUN', 'text': 'Stadt', 'id': 2, 'deprel': 'nsubj', 'head': 4}, 'verb': {'upos': 'VERB', 'text': 'hat', 'id': 4, 'deprel': 'root', 'head': 0}, 'object': {'upos': 'NOUN', 'text': 'Einwohner', 'id': 6, 'deprel': 'obj', 'head': 4}}]",['SVO']
8,Die Stadt Mioli hat einen hohen Bevölkerungsanteil der Hakka-Volksgruppe.,1,"[{'subject': {'upos': 'NOUN', 'text': 'Stadt', 'id': 2, 'deprel': 'nsubj', 'head': 4}, 'verb': {'upos': 'VERB', 'text': 'hat', 'id': 4, 'deprel': 'root', 'head': 0}, 'object': {'upos': 'NOUN', 'text': 'Bevölkerungsanteil', 'id': 7, 'deprel': 'obj', 'head': 4}}]",['SVO']
1386,"Die Stationen weisen einige Vorzüge auf, wie zum Beispiel ein unverwechselbares Design, Geldautomaten, Kioske und Wandmalereien, die von indischen Hochschulstudenten entworfen wurden.",1,"[{'subject': {'upos': 'NOUN', 'text': 'Stationen', 'id': 2, 'deprel': 'nsubj', 'head': 3}, 'verb': {'upos': 'VERB', 'text': 'weisen', 'id': 3, 'deprel': 'root', 'head': 0}, 'object': {'upos': 'NOUN', 'text': 'Vorzüge', 'id': 5, 'deprel': 'obj', 'head': 3}}]",['SVO']
126,"Die Strategie-Helden verfügen über die Fähigkeit, ihre Soldaten zu heilen, während die Krieger-Helden eine enorme Kampfstärke haben.",1,"[{'subject': {'upos': 'NOUN', 'text': 'Helden', 'id': 19, 'deprel': 'nsubj', 'head': 23}, 'object': {'upos': 'NOUN', 'text': 'Kampfstärke', 'id': 22, 'deprel': 'obj', 'head': 23}, 'verb': {'upos': 'VERB', 'text': 'haben', 'id': 23, 'deprel': 'advcl', 'head': 5}}]",['SOV']
1291,Die Strecke des E 80 Straßennetzes setzt sich fort nach Lissabon.,1,"[{'subject': {'upos': 'NOUN', 'text': 'Strecke', 'id': 2, 'deprel': 'nsubj', 'head': 7}, 'verb': {'upos': 'VERB', 'text': 'setzt', 'id': 7, 'deprel': 'root', 'head': 0}, 'object': {'upos': 'PRON', 'text': 'sich', 'id': 8, 'deprel': 'obj', 'head': 7}}]",['SVO']
1073,"Die Universität, an der Mallika Sherawat einen Abschluss in Philosophie erlangte, ist die University of Delhi.",1,"[{'subject': {'upos': 'PROPN', 'text': 'Mallika', 'id': 6, 'deprel': 'nsubj', 'head': 12}, 'object': {'upos': 'NOUN', 'text': 'Abschluss', 'id': 9, 'deprel': 'obj', 'head': 12}, 'verb': {'upos': 'VERB', 'text': 'erlangte', 'id': 12, 'deprel': 'acl', 'head': 2}}]",['SOV']
1987,"Die USPD hat 7,6 Prozent der Stimmen erhalten.",1,"[{'subject': {'upos': 'PROPN', 'text': 'USPD', 'id': 2, 'deprel': 'nsubj', 'head': 8}, 'object': {'upos': 'NOUN', 'text': 'Prozent', 'id': 5, 'deprel': 'obj', 'head': 8}, 'verb': {'upos': 'VERB', 'text': 'erhalten', 'id': 8, 'deprel': 'root', 'head': 0}}]",['SOV']
231,Die USS Jarvis verließ den Stützpunkt am 21.,1,"[{'subject': {'upos': 'PROPN', 'text': 'USS', 'id': 2, 'deprel': 'nsubj', 'head': 4}, 'verb': {'upos': 'VERB', 'text': 'verließ', 'id': 4, 'deprel': 'root', 'head': 0}, 'object': {'upos': 'NOUN', 'text': 'Stützpunkt', 'id': 6, 'deprel': 'obj', 'head': 4}}]",['SVO']
1341,Die Wählerbeteiligung unter der schwarzen Bevölkerung verdoppelte sich innerhalb von vier Jahren nach Inkrafttreten des Gesetzes.,1,"[{'subject': {'upos': 'NOUN', 'text': 'Wählerbeteiligung', 'id': 2, 'deprel': 'nsubj', 'head': 7}, 'verb': {'upos': 'VERB', 'text': 'verdoppelte', 'id': 7, 'deprel': 'root', 'head': 0}, 'object': {'upos': 'PRON', 'text': 'sich', 'id': 8, 'deprel': 'obj', 'head': 7}}]",['SVO']
1492,"Die Währung, die den russischen Rubel im Jahr 1993 ersetzte, ist der Manat.",1,"[{'subject': {'upos': 'PRON', 'text': 'die', 'id': 4, 'deprel': 'nsubj', 'head': 12}, 'object': {'upos': 'NOUN', 'text': 'Rubel', 'id': 7, 'deprel': 'obj', 'head': 12}, 'verb': {'upos': 'VERB', 'text': 'ersetzte', 'id': 12, 'deprel': 'acl', 'head': 2}}]",['SOV']
433,Die Weißbrauengibbons haben bei der Geburt ein milchig-weißes Fell.,1,"[{'subject': {'upos': 'NOUN', 'text': 'Weißbrauengibbons', 'id': 2, 'deprel': 'nsubj', 'head': 3}, 'verb': {'upos': 'VERB', 'text': 'haben', 'id': 3, 'deprel': 'root', 'head': 0}, 'object': {'upos': 'NOUN', 'text': 'Fell', 'id': 11, 'deprel': 'obj', 'head': 3}}]",['SVO']
1570,Die Weltbank und der Internationale Währungsfonds (IWF) gewährten Georgien 1995 Kredite in Höhe von 206 Millionen US-Dollar.,1,"[{'subject': {'upos': 'NOUN', 'text': 'Weltbank', 'id': 2, 'deprel': 'nsubj', 'head': 10}, 'verb': {'upos': 'VERB', 'text': 'gewährten', 'id': 10, 'deprel': 'root', 'head': 0}, 'object': {'upos': 'PROPN', 'text': 'Georgien', 'id': 11, 'deprel': 'obj', 'head': 10}}]",['SVO']
896,Die Weltgesundheitsorganisation (WHO) befasst sich mit großen Pandemien.,1,"[{'subject': {'upos': 'NOUN', 'text': 'Weltgesundheitsorganisation', 'id': 2, 'deprel': 'nsubj', 'head': 6}, 'verb': {'upos': 'VERB', 'text': 'befasst', 'id': 6, 'deprel': 'root', 'head': 0}, 'object': {'upos': 'PRON', 'text': 'sich', 'id': 7, 'deprel': 'obj', 'head': 6}}]",['SVO']
598,Die Wikinger befuhren während ihrer Raubzüge durch Europa mit ihren Langschiffen die Weichsel und die Oder.,1,"[{'subject': {'upos': 'NOUN', 'text': 'Wikinger', 'id': 2, 'deprel': 'nsubj', 'head': 3}, 'verb': {'upos': 'VERB', 'text': 'befuhren', 'id': 3, 'deprel': 'root', 'head': 0}, 'object': {'upos': 'PROPN', 'text': 'Weichsel', 'id': 13, 'deprel': 'obj', 'head': 3}}]",['SVO']
883,Die Wirkdauer von Beta-2-Agonisten beträgt etwa 4-6 Stunden bei kurzwirksamen und 12 Stunden bei langwirksamen Medikamenten.,1,"[{'subject': {'upos': 'NOUN', 'text': 'Wirkdauer', 'id': 2, 'deprel': 'nsubj', 'head': 7}, 'verb': {'upos': 'VERB', 'text': 'beträgt', 'id': 7, 'deprel': 'root', 'head': 0}, 'object': {'upos': 'NOUN', 'text': 'Stunden', 'id': 10, 'deprel': 'obj', 'head': 7}}]",['SVO']
987,Diese Branchen erlebten einen Niedergang in Aberdeen.,1,"[{'subject': {'upos': 'NOUN', 'text': 'Branchen', 'id': 2, 'deprel': 'nsubj', 'head': 3}, 'verb': {'upos': 'VERB', 'text': 'erlebten', 'id': 3, 'deprel': 'root', 'head': 0}, 'object': {'upos': 'NOUN', 'text': 'Niedergang', 'id': 5, 'deprel': 'obj', 'head': 3}}]",['SVO']
1745,Diese Vögel legen im dichten Geäst an und legen ein bis drei Eier.,1,"[{'subject': {'upos': 'NOUN', 'text': 'Vögel', 'id': 2, 'deprel': 'nsubj', 'head': 3}, 'verb': {'upos': 'VERB', 'text': 'legen', 'id': 10, 'deprel': 'conj', 'head': 3}, 'object': {'upos': 'NOUN', 'text': 'Eier', 'id': 14, 'deprel': 'obj', 'head': 10}}]",['SVO']
1829,"Douglass C. North entschied sich für die University of California (Berkeley), obwohl er in Harvard angenommen wurde.",1,"[{'subject': {'upos': 'PROPN', 'text': 'Douglass', 'id': 1, 'deprel': 'nsubj', 'head': 4}, 'verb': {'upos': 'VERB', 'text': 'entschied', 'id': 4, 'deprel': 'root', 'head': 0}, 'object': {'upos': 'PRON', 'text': 'sich', 'id': 5, 'deprel': 'obj', 'head': 4}}]",['SVO']
1969,Ebert hat Wilhelm II.,1,"[{'subject': {'upos': 'PROPN', 'text': 'Ebert', 'id': 1, 'deprel': 'nsubj', 'head': 2}, 'verb': {'upos': 'VERB', 'text': 'hat', 'id': 2, 'deprel': 'root', 'head': 0}, 'object': {'upos': 'PROPN', 'text': 'Wilhelm', 'id': 3, 'deprel': 'obj', 'head': 2}}]",['SVO']
1031,"Ein feuerspeiender Drachen, der sein Goldschatz aus einem Grabhügel gestohlen hatte.",1,"[{'subject': {'upos': 'PRON', 'text': 'der', 'id': 5, 'deprel': 'nsubj', 'head': 11}, 'object': {'upos': 'NOUN', 'text': 'Goldschatz', 'id': 7, 'deprel': 'obj', 'head': 11}, 'verb': {'upos': 'VERB', 'text': 'gestohlen', 'id': 11, 'deprel': 'acl', 'head': 3}}]",['SOV']
1222,"Ein Innings ist beendet, wenn entweder alle Wickets der Schlagmannschaft verloren sind, kein weiterer Batsman zur Verfügung steht, eine Deklaration oder Forfaitture erfolgt oder die Endzeit oder festgelegte Overanzahl erreicht wurde.",1,"[{'subject': {'upos': 'NOUN', 'text': 'Batsman', 'id': 17, 'deprel': 'nsubj', 'head': 21}, 'object': {'upos': 'NOUN', 'text': 'Deklaration', 'id': 24, 'deprel': 'obj', 'head': 27}, 'verb': {'upos': 'VERB', 'text': 'erfolgt', 'id': 27, 'deprel': 'conj', 'head': 21}}]",['SOV']
1298,"Ein Master of Business Degree bei einer Mitgliedsuniversität ist erforderlich, bevor man sich für das CEMS MIM bewirbt.",1,"[{'subject': {'upos': 'PRON', 'text': 'man', 'id': 13, 'deprel': 'nsubj', 'head': 19}, 'object': {'upos': 'PRON', 'text': 'sich', 'id': 14, 'deprel': 'obj', 'head': 19}, 'verb': {'upos': 'VERB', 'text': 'bewirbt', 'id': 19, 'deprel': 'advcl', 'head': 10}}]",['SOV']
602,"Ein Porträt ist ein künstlerisches Bildnis, das das Aussehen eines Menschen darstellt.",1,"[{'subject': {'upos': 'PRON', 'text': 'das', 'id': 8, 'deprel': 'nsubj', 'head': 13}, 'object': {'upos': 'NOUN', 'text': 'Aussehen', 'id': 10, 'deprel': 'obj', 'head': 13}, 'verb': {'upos': 'VERB', 'text': 'darstellt', 'id': 13, 'deprel': 'acl', 'head': 6}}]",['SOV']
1560,"Ein Sakuru ist ein Dōjin-Gruppen, die häufig auch nur aus einer Person bestehen, die von nichtprofessionellen Zeichnern im Selbstverlag herausgegebene Mangas, ähnlich wie Fanzines, produzieren.",1,"[{'subject': {'upos': 'PRON', 'text': 'die', 'id': 18, 'deprel': 'nsubj', 'head': 32}, 'object': {'upos': 'NOUN', 'text': 'Mangas', 'id': 26, 'deprel': 'obj', 'head': 32}, 'verb': {'upos': 'VERB', 'text': 'produzieren', 'id': 32, 'deprel': 'acl', 'head': 15}}]",['SOV']
519,"Ein Selenium Grid ermöglicht die parallele Ausführung von Tests auf mehreren Servern, um die Dauer der Testdurchführung zu verkürzen.",1,"[{'subject': {'upos': 'PROPN', 'text': 'Selenium', 'id': 2, 'deprel': 'nsubj', 'head': 4}, 'verb': {'upos': 'VERB', 'text': 'ermöglicht', 'id': 4, 'deprel': 'root', 'head': 0}, 'object': {'upos': 'NOUN', 'text': 'Ausführung', 'id': 7, 'deprel': 'obj', 'head': 4}}]",['SVO']
1312,"Ein Supermarkt würde wahrscheinlich Daten sammeln, wie zum Beispiel das Kaufverhalten der Kunden, ihre Interessen und Vorlieben, um gezielte Werbemaßnahmen durchführen zu können.",1,"[{'subject': {'upos': 'NOUN', 'text': 'Supermarkt', 'id': 2, 'deprel': 'nsubj', 'head': 6}, 'object': {'upos': 'NOUN', 'text': 'Daten', 'id': 5, 'deprel': 'obj', 'head': 6}, 'verb': {'upos': 'VERB', 'text': 'sammeln', 'id': 6, 'deprel': 'root', 'head': 0}}]",['SOV']
888,Eine Mannschaft hat in der Regel elf Spieler.,1,"[{'subject': {'upos': 'NOUN', 'text': 'Mannschaft', 'id': 2, 'deprel': 'nsubj', 'head': 3}, 'verb': {'upos': 'VERB', 'text': 'hat', 'id': 3, 'deprel': 'root', 'head': 0}, 'object': {'upos': 'NOUN', 'text': 'Spieler', 'id': 8, 'deprel': 'obj', 'head': 3}}]",['SVO']
1238,"Eine seiner Errungenschaften ist die Herleitung des Flory-Exponenten, der die Bewegung von Polymeren in Lösungen charakterisiert.",1,"[{'subject': {'upos': 'PRON', 'text': 'der', 'id': 12, 'deprel': 'nsubj', 'head': 19}, 'object': {'upos': 'NOUN', 'text': 'Bewegung', 'id': 14, 'deprel': 'obj', 'head': 19}, 'verb': {'upos': 'VERB', 'text': 'charakterisiert', 'id': 19, 'deprel': 'acl', 'head': 8}}]",['SOV']
1343,Eine Viertelmillion schwarze Wähler registrierten sich innerhalb weniger Monate nach Inkrafttreten des Gesetzes neu.,1,"[{'subject': {'upos': 'NOUN', 'text': 'Wähler', 'id': 4, 'deprel': 'nsubj', 'head': 5}, 'verb': {'upos': 'VERB', 'text': 'registrierten', 'id': 5, 'deprel': 'root', 'head': 0}, 'object': {'upos': 'PRON', 'text': 'sich', 'id': 6, 'deprel': 'obj', 'head': 5}}]",['SVO']
1906,Einige Arten von Staren essen sowohl Pflanzen als auch Tiere.,1,"[{'subject': {'upos': 'NOUN', 'text': 'Arten', 'id': 2, 'deprel': 'nsubj', 'head': 5}, 'verb': {'upos': 'VERB', 'text': 'essen', 'id': 5, 'deprel': 'root', 'head': 0}, 'object': {'upos': 'NOUN', 'text': 'Pflanzen', 'id': 7, 'deprel': 'obj', 'head': 5}}]",['SVO']
615,Emil Blonsky greift Dr.,1,"[{'subject': {'upos': 'PROPN', 'text': 'Emil', 'id': 1, 'deprel': 'nsubj', 'head': 3}, 'verb': {'upos': 'VERB', 'text': 'greift', 'id': 3, 'deprel': 'root', 'head': 0}, 'object': {'upos': 'NOUN', 'text': 'Dr.', 'id': 4, 'deprel': 'obj', 'head': 3}}]",['SVO']
85,Emil d'Hérelle unterhielt Versuche am Menschen mit Bakteriophagentherapie.,1,"[{'subject': {'upos': 'PROPN', 'text': 'Emil', 'id': 1, 'deprel': 'nsubj', 'head': 4}, 'verb': {'upos': 'VERB', 'text': 'unterhielt', 'id': 4, 'deprel': 'root', 'head': 0}, 'object': {'upos': 'NOUN', 'text': 'Versuche', 'id': 5, 'deprel': 'obj', 'head': 4}}]",['SVO']
1452,"Entwicklungsländer, Wissenschaftler und nichtstaatliche Organisationen (NGOs) kritisierten das TRIPS-Abkommen am stärksten.",1,"[{'subject': {'upos': 'NOUN', 'text': 'Entwicklungsländer', 'id': 1, 'deprel': 'nsubj', 'head': 10}, 'verb': {'upos': 'VERB', 'text': 'kritisierten', 'id': 10, 'deprel': 'root', 'head': 0}, 'object': {'upos': 'PROPN', 'text': 'TRIPS', 'id': 12, 'deprel': 'obj', 'head': 10}}]",['SVO']
1373,Er begann seine Karriere nach seinem Dienst in Bosnien im Vancouver Police Department.,1,"[{'subject': {'upos': 'PRON', 'text': 'Er', 'id': 1, 'deprel': 'nsubj', 'head': 2}, 'verb': {'upos': 'VERB', 'text': 'begann', 'id': 2, 'deprel': 'root', 'head': 0}, 'object': {'upos': 'NOUN', 'text': 'Karriere', 'id': 4, 'deprel': 'obj', 'head': 2}}]",['SVO']
117,Er begann seine Mechanikerlehre im Frühsommer 1894.,1,"[{'subject': {'upos': 'PRON', 'text': 'Er', 'id': 1, 'deprel': 'nsubj', 'head': 2}, 'verb': {'upos': 'VERB', 'text': 'begann', 'id': 2, 'deprel': 'root', 'head': 0}, 'object': {'upos': 'NOUN', 'text': 'Mechanikerlehre', 'id': 4, 'deprel': 'obj', 'head': 2}}]",['SVO']
1374,Er bekleidete den Vorsitz im Verfassungskomitee und war maßgeblich an der Ausarbeitung der indischen Verfassung beteiligt.,1,"[{'subject': {'upos': 'PRON', 'text': 'Er', 'id': 1, 'deprel': 'nsubj', 'head': 2}, 'verb': {'upos': 'VERB', 'text': 'bekleidete', 'id': 2, 'deprel': 'root', 'head': 0}, 'object': {'upos': 'NOUN', 'text': 'Vorsitz', 'id': 4, 'deprel': 'obj', 'head': 2}}]",['SVO']
863,Er ging nach England und besuchte die Royal Grammar School in Worcester.,1,"[{'subject': {'upos': 'PRON', 'text': 'Er', 'id': 1, 'deprel': 'nsubj', 'head': 2}, 'verb': {'upos': 'VERB', 'text': 'besuchte', 'id': 6, 'deprel': 'conj', 'head': 2}, 'object': {'upos': 'PROPN', 'text': 'Royal', 'id': 8, 'deprel': 'obj', 'head': 6}}]",['SVO']
1183,Er hat 1986 die Biegesteifigkeit in die Stringtheorie eingeführt.,1,"[{'subject': {'upos': 'PRON', 'text': 'Er', 'id': 1, 'deprel': 'nsubj', 'head': 9}, 'object': {'upos': 'NOUN', 'text': 'Biegesteifigkeit', 'id': 5, 'deprel': 'obj', 'head': 9}, 'verb': {'upos': 'VERB', 'text': 'eingeführt', 'id': 9, 'deprel': 'root', 'head': 0}}]",['SOV']
1415,Er hat moderne Geschichte an der Boston University gelernt.,1,"[{'subject': {'upos': 'PRON', 'text': 'Er', 'id': 1, 'deprel': 'nsubj', 'head': 9}, 'object': {'upos': 'NOUN', 'text': 'Geschichte', 'id': 4, 'deprel': 'obj', 'head': 9}, 'verb': {'upos': 'VERB', 'text': 'gelernt', 'id': 9, 'deprel': 'root', 'head': 0}}]",['SOV']
1370,Er heiratete Nadeschda Krupskaja.,1,"[{'subject': {'upos': 'PRON', 'text': 'Er', 'id': 1, 'deprel': 'nsubj', 'head': 2}, 'verb': {'upos': 'VERB', 'text': 'heiratete', 'id': 2, 'deprel': 'root', 'head': 0}, 'object': {'upos': 'PROPN', 'text': 'Nadeschda', 'id': 3, 'deprel': 'obj', 'head': 2}}]",['SVO']
80,Er mietete ein Apartment in Mayfair.,1,"[{'subject': {'upos': 'PRON', 'text': 'Er', 'id': 1, 'deprel': 'nsubj', 'head': 2}, 'verb': {'upos': 'VERB', 'text': 'mietete', 'id': 2, 'deprel': 'root', 'head': 0}, 'object': {'upos': 'NOUN', 'text': 'Apartment', 'id': 4, 'deprel': 'obj', 'head': 2}}]",['SVO']
1953,Er schließt sich seinen Partnern am Maitanz des Dorfes an.,1,"[{'subject': {'upos': 'PRON', 'text': 'Er', 'id': 1, 'deprel': 'nsubj', 'head': 2}, 'verb': {'upos': 'VERB', 'text': 'schließt', 'id': 2, 'deprel': 'root', 'head': 0}, 'object': {'upos': 'PRON', 'text': 'sich', 'id': 3, 'deprel': 'obj', 'head': 2}}]",['SVO']
1047,Er studierte ab 1886 Medizin und bald darauf Chemie an der Universität Kopenhagen.,1,"[{'subject': {'upos': 'PRON', 'text': 'Er', 'id': 1, 'deprel': 'nsubj', 'head': 2}, 'verb': {'upos': 'VERB', 'text': 'studierte', 'id': 2, 'deprel': 'root', 'head': 0}, 'object': {'upos': 'NOUN', 'text': 'Medizin', 'id': 5, 'deprel': 'obj', 'head': 2}}]",['SVO']
1190,"Er war 17 Jahre alt, als seine Eltern sich trennten.",1,"[{'subject': {'upos': 'NOUN', 'text': 'Eltern', 'id': 9, 'deprel': 'nsubj', 'head': 11}, 'object': {'upos': 'PRON', 'text': 'sich', 'id': 10, 'deprel': 'obj', 'head': 11}, 'verb': {'upos': 'VERB', 'text': 'trennten', 'id': 11, 'deprel': 'advcl', 'head': 5}}]",['SOV']
1216,Es dauert nach wenigen Sekunden Kreislaufstillstand bis Bewusstlosigkeit eintritt.,1,"[{'subject': {'upos': 'PRON', 'text': 'Es', 'id': 1, 'deprel': 'nsubj', 'head': 2}, 'verb': {'upos': 'VERB', 'text': 'dauert', 'id': 2, 'deprel': 'root', 'head': 0}, 'object': {'upos': 'NOUN', 'text': 'Kreislaufstillstand', 'id': 6, 'deprel': 'obj', 'head': 2}}]",['SVO']
1666,"Es existieren keine lokalen oder einheimischen Quellen, die die Geschichte erzählen.",1,"[{'subject': {'upos': 'PRON', 'text': 'die', 'id': 9, 'deprel': 'nsubj', 'head': 12}, 'object': {'upos': 'NOUN', 'text': 'Geschichte', 'id': 11, 'deprel': 'obj', 'head': 12}, 'verb': {'upos': 'VERB', 'text': 'erzählen', 'id': 12, 'deprel': 'acl', 'head': 7}}]",['SOV']
1876,"Es gibt keine direkte Theorie, die die genaue Anzahl der Protonen im Universum beschreibt.",1,"[{'subject': {'upos': 'PRON', 'text': 'die', 'id': 7, 'deprel': 'nsubj', 'head': 16}, 'object': {'upos': 'NOUN', 'text': 'Anzahl', 'id': 10, 'deprel': 'obj', 'head': 16}, 'verb': {'upos': 'VERB', 'text': 'beschreibt', 'id': 16, 'deprel': 'acl', 'head': 5}}]",['SOV']
68,Favorsky hat Chemie an der Physikalisch-Mathematischen Fakultät der Kaiserlichen Universität St.,1,"[{'subject': {'upos': 'PROPN', 'text': 'Favorsky', 'id': 1, 'deprel': 'nsubj', 'head': 2}, 'verb': {'upos': 'VERB', 'text': 'hat', 'id': 2, 'deprel': 'root', 'head': 0}, 'object': {'upos': 'NOUN', 'text': 'Chemie', 'id': 3, 'deprel': 'obj', 'head': 2}}]",['SVO']
1293,"FeedBurner bietet angepasste RSS-Feeds und Verwaltungswerkzeuge für Blogger, Podcaster und andere Anbieter webbasierter Inhalte.",1,"[{'subject': {'upos': 'PROPN', 'text': 'FeedBurner', 'id': 1, 'deprel': 'nsubj', 'head': 2}, 'verb': {'upos': 'VERB', 'text': 'bietet', 'id': 2, 'deprel': 'root', 'head': 0}, 'object': {'upos': 'PROPN', 'text': 'RSS', 'id': 4, 'deprel': 'obj', 'head': 2}}]",['SVO']
1466,Flora Wellman heiratete John London am 7.,1,"[{'subject': {'upos': 'PROPN', 'text': 'Flora', 'id': 1, 'deprel': 'nsubj', 'head': 3}, 'verb': {'upos': 'VERB', 'text': 'heiratete', 'id': 3, 'deprel': 'root', 'head': 0}, 'object': {'upos': 'PROPN', 'text': 'John', 'id': 4, 'deprel': 'obj', 'head': 3}}]",['SVO']
1252,Francis Picabia gab das Dada-Periodikum 391 von 1917 bis 1924 heraus.,1,"[{'subject': {'upos': 'PROPN', 'text': 'Francis', 'id': 1, 'deprel': 'nsubj', 'head': 3}, 'verb': {'upos': 'VERB', 'text': 'gab', 'id': 3, 'deprel': 'root', 'head': 0}, 'object': {'upos': 'PROPN', 'text': 'Dada', 'id': 5, 'deprel': 'obj', 'head': 3}}]",['SVO']
40,"Frankreich und Russland erweiterten ihre Seeflotten, um der Herausforderung zu begegnen, die durch den Aufbau von Schlachtschiffflotten durch neue Seemächte wie Deutschland, Japan oder die Vereinigten Staaten entstand.",1,"[{'subject': {'upos': 'PROPN', 'text': 'Frankreich', 'id': 1, 'deprel': 'nsubj', 'head': 4}, 'verb': {'upos': 'VERB', 'text': 'erweiterten', 'id': 4, 'deprel': 'root', 'head': 0}, 'object': {'upos': 'NOUN', 'text': 'Seeflotten', 'id': 6, 'deprel': 'obj', 'head': 4}}]",['SVO']
1142,Frauen beteiligen sich am Siebenkampf.,1,"[{'subject': {'upos': 'NOUN', 'text': 'Frauen', 'id': 1, 'deprel': 'nsubj', 'head': 2}, 'verb': {'upos': 'VERB', 'text': 'beteiligen', 'id': 2, 'deprel': 'root', 'head': 0}, 'object': {'upos': 'PRON', 'text': 'sich', 'id': 3, 'deprel': 'obj', 'head': 2}}]",['SVO']
558,Gambia erstreckt sich in seiner Breite auf einer Länge von 10 bis 50 Kilometern.,1,"[{'subject': {'upos': 'PROPN', 'text': 'Gambia', 'id': 1, 'deprel': 'nsubj', 'head': 2}, 'verb': {'upos': 'VERB', 'text': 'erstreckt', 'id': 2, 'deprel': 'root', 'head': 0}, 'object': {'upos': 'PRON', 'text': 'sich', 'id': 3, 'deprel': 'obj', 'head': 2}}]",['SVO']
687,"Garfield hatte die Charakterzüge ""frech, fett, faul und filosofisch"".",1,"[{'subject': {'upos': 'PROPN', 'text': 'Garfield', 'id': 1, 'deprel': 'nsubj', 'head': 2}, 'verb': {'upos': 'VERB', 'text': 'hatte', 'id': 2, 'deprel': 'root', 'head': 0}, 'object': {'upos': 'NOUN', 'text': 'Charakterzüge', 'id': 4, 'deprel': 'obj', 'head': 2}}]",['SVO']
1074,Gegen proprietäre Software startete Stallman eine Kampagne.,1,"[{'verb': {'upos': 'VERB', 'text': 'startete', 'id': 4, 'deprel': 'root', 'head': 0}, 'subject': {'upos': 'PROPN', 'text': 'Stallman', 'id': 5, 'deprel': 'nsubj', 'head': 4}, 'object': {'upos': 'NOUN', 'text': 'Kampagne', 'id': 7, 'deprel': 'obj', 'head': 4}}]",['VSO']
285,"George trug einen hohen Kragen, um seine Leibesfülle besser zu überspielen.",1,"[{'subject': {'upos': 'PROPN', 'text': 'George', 'id': 1, 'deprel': 'nsubj', 'head': 2}, 'verb': {'upos': 'VERB', 'text': 'trug', 'id': 2, 'deprel': 'root', 'head': 0}, 'object': {'upos': 'NOUN', 'text': 'Kragen', 'id': 5, 'deprel': 'obj', 'head': 2}}]",['SVO']
1739,Gideon Sundbäck machte 1903 seinen Studienabschluss am Rheinischen Technikum in Bingen.,1,"[{'subject': {'upos': 'PROPN', 'text': 'Gideon', 'id': 1, 'deprel': 'nsubj', 'head': 3}, 'verb': {'upos': 'VERB', 'text': 'machte', 'id': 3, 'deprel': 'root', 'head': 0}, 'object': {'upos': 'NOUN', 'text': 'Studienabschluss', 'id': 6, 'deprel': 'obj', 'head': 3}}]",['SVO']
1847,"Gomez war fünf Jahre alt, als sich ihre Eltern trennten.",1,"[{'object': {'upos': 'PRON', 'text': 'sich', 'id': 8, 'deprel': 'obj', 'head': 11}, 'subject': {'upos': 'NOUN', 'text': 'Eltern', 'id': 10, 'deprel': 'nsubj', 'head': 11}, 'verb': {'upos': 'VERB', 'text': 'trennten', 'id': 11, 'deprel': 'advcl', 'head': 5}}]",['OSV']
1590,"Großbritannien entsandte nach der Suezkanal-Krise Truppen in Oman (1957), Jordanien (1958) und Kuwait (1961).",1,"[{'subject': {'upos': 'PROPN', 'text': 'Großbritannien', 'id': 1, 'deprel': 'nsubj', 'head': 2}, 'verb': {'upos': 'VERB', 'text': 'entsandte', 'id': 2, 'deprel': 'root', 'head': 0}, 'object': {'upos': 'NOUN', 'text': 'Truppen', 'id': 8, 'deprel': 'obj', 'head': 2}}]",['SVO']
1534,"Hans Albert Einstein, nicht Albert Einstein, heiratete 1927 Frieda Knecht.",1,"[{'subject': {'upos': 'PROPN', 'text': 'Hans', 'id': 1, 'deprel': 'nsubj', 'head': 9}, 'verb': {'upos': 'VERB', 'text': 'heiratete', 'id': 9, 'deprel': 'root', 'head': 0}, 'object': {'upos': 'PROPN', 'text': 'Frieda', 'id': 11, 'deprel': 'obj', 'head': 9}}]",['SVO']
37,Henry James wiederholte das Experiment zur Überprüfung der Erddichte im Jahr 1856.,1,"[{'subject': {'upos': 'PROPN', 'text': 'Henry', 'id': 1, 'deprel': 'nsubj', 'head': 3}, 'verb': {'upos': 'VERB', 'text': 'wiederholte', 'id': 3, 'deprel': 'root', 'head': 0}, 'object': {'upos': 'NOUN', 'text': 'Experiment', 'id': 5, 'deprel': 'obj', 'head': 3}}]",['SVO']
911,"Herr Johann Noe Gogel war für Hegel als Vermittler tätig, indem er ihn als Hauslehrer in seiner Familie einstellte.",1,"[{'subject': {'upos': 'PRON', 'text': 'er', 'id': 13, 'deprel': 'nsubj', 'head': 20}, 'object': {'upos': 'PRON', 'text': 'ihn', 'id': 14, 'deprel': 'obj', 'head': 20}, 'verb': {'upos': 'VERB', 'text': 'einstellte', 'id': 20, 'deprel': 'advcl', 'head': 10}}]",['SOV']
1099,"Holmes und Bell teilen die Eigenschaft, sehr genau zu beobachten und Schlüsse daraus zu ziehen.",1,"[{'subject': {'upos': 'PROPN', 'text': 'Holmes', 'id': 1, 'deprel': 'nsubj', 'head': 4}, 'verb': {'upos': 'VERB', 'text': 'teilen', 'id': 4, 'deprel': 'root', 'head': 0}, 'object': {'upos': 'NOUN', 'text': 'Eigenschaft', 'id': 6, 'deprel': 'obj', 'head': 4}}]",['SVO']
891,IFAB bedeutet International Football Association Board.,1,"[{'subject': {'upos': 'PROPN', 'text': 'IFAB', 'id': 1, 'deprel': 'nsubj', 'head': 2}, 'verb': {'upos': 'VERB', 'text': 'bedeutet', 'id': 2, 'deprel': 'root', 'head': 0}, 'object': {'upos': 'PROPN', 'text': 'Football', 'id': 4, 'deprel': 'obj', 'head': 2}}]",['SVO']
145,Iglesias schaffte im Jahr 1999 einen erfolgreichen Wechsel in den englischen Musikmarkt ein.,1,"[{'subject': {'upos': 'PROPN', 'text': 'Iglesias', 'id': 1, 'deprel': 'nsubj', 'head': 2}, 'verb': {'upos': 'VERB', 'text': 'schaffte', 'id': 2, 'deprel': 'root', 'head': 0}, 'object': {'upos': 'NOUN', 'text': 'Wechsel', 'id': 9, 'deprel': 'obj', 'head': 2}}]",['SVO']
1179,Ihre Keynote-Adresse vor der Democratic National Convention im August 2008 erhielt überwiegend positive Kommentare.,1,"[{'subject': {'upos': 'NOUN', 'text': 'Adresse', 'id': 4, 'deprel': 'nsubj', 'head': 14}, 'verb': {'upos': 'VERB', 'text': 'erhielt', 'id': 14, 'deprel': 'root', 'head': 0}, 'object': {'upos': 'NOUN', 'text': 'Kommentare', 'id': 17, 'deprel': 'obj', 'head': 14}}]",['SVO']
1702,"Im Nordwesten beträgt er etwa 480 mm, während im Südosten bis zu 860 mm fallen können.",1,"[{'verb': {'upos': 'VERB', 'text': 'beträgt', 'id': 4, 'deprel': 'root', 'head': 0}, 'subject': {'upos': 'PRON', 'text': 'er', 'id': 5, 'deprel': 'nsubj', 'head': 4}, 'object': {'upos': 'NOUN', 'text': 'mm', 'id': 8, 'deprel': 'obj', 'head': 4}}]",['VSO']
907,"In der Datenbank finden Sie Benennungen geographischer Objekte und Verweise auf topographische Karten, einschließlich von Informationen über die geographische Lage und bibliographische Nachweise.",1,"[{'verb': {'upos': 'VERB', 'text': 'finden', 'id': 4, 'deprel': 'root', 'head': 0}, 'subject': {'upos': 'PRON', 'text': 'Sie', 'id': 5, 'deprel': 'nsubj', 'head': 4}, 'object': {'upos': 'NOUN', 'text': 'Benennungen', 'id': 6, 'deprel': 'obj', 'head': 4}}]",['VSO']
1173,"In der Rampur Raza Bibliothek finden man sehr seltene und wertvolle Sammlungen von Manuskripten, historische Dokumente, Exemplare der islamischen Kalligraphie, Miniaturmalereien, astronomische Instrumente und seltene illustrierte Werke in Arabisch und Persisch.",1,"[{'verb': {'upos': 'VERB', 'text': 'finden', 'id': 6, 'deprel': 'root', 'head': 0}, 'subject': {'upos': 'PRON', 'text': 'man', 'id': 7, 'deprel': 'nsubj', 'head': 6}, 'object': {'upos': 'NOUN', 'text': 'Sammlungen', 'id': 12, 'deprel': 'obj', 'head': 6}}]",['VSO']
1187,In einem Freundschaftsspiel gegen England erzielte er sein erstes Tor.,1,"[{'verb': {'upos': 'VERB', 'text': 'erzielte', 'id': 6, 'deprel': 'root', 'head': 0}, 'subject': {'upos': 'PRON', 'text': 'er', 'id': 7, 'deprel': 'nsubj', 'head': 6}, 'object': {'upos': 'NOUN', 'text': 'Tor', 'id': 10, 'deprel': 'obj', 'head': 6}}]",['VSO']
1264,"Intel stellte den neuen Core-Codenamen ""Prescott"" am 1.",1,"[{'subject': {'upos': 'PROPN', 'text': 'Intel', 'id': 1, 'deprel': 'nsubj', 'head': 2}, 'verb': {'upos': 'VERB', 'text': 'stellte', 'id': 2, 'deprel': 'root', 'head': 0}, 'object': {'upos': 'PROPN', 'text': 'Core', 'id': 5, 'deprel': 'obj', 'head': 2}}]",['SVO']
1691,Italien hatte bei den vier Offensiven am Isonzo große Verluste von rund 250.000 Mann.,1,"[{'subject': {'upos': 'PROPN', 'text': 'Italien', 'id': 1, 'deprel': 'nsubj', 'head': 2}, 'verb': {'upos': 'VERB', 'text': 'hatte', 'id': 2, 'deprel': 'root', 'head': 0}, 'object': {'upos': 'NOUN', 'text': 'Verluste', 'id': 11, 'deprel': 'obj', 'head': 2}}]",['SVO']
1218,"Ja, elektrochemische Zellen können Emf (elektrische Feldstärke) zur Verfügung stellen.",1,"[{'subject': {'upos': 'NOUN', 'text': 'Zellen', 'id': 4, 'deprel': 'nsubj', 'head': 14}, 'object': {'upos': 'PROPN', 'text': 'Emf', 'id': 6, 'deprel': 'obj', 'head': 14}, 'verb': {'upos': 'VERB', 'text': 'stellen', 'id': 14, 'deprel': 'root', 'head': 0}}]",['SOV']
1571,"Jahrhunderts kann man in der georgischen Volkswirtschaft positive Entwicklungen beobachten, wie zum Beispiel die Verbesserung der wirtschaftspolitischen Reformen, die Abnahme der Bürokratie und die Verbesserung des Ranges im Doing-Business-Index der Weltbank.",1,"[{'subject': {'upos': 'PRON', 'text': 'man', 'id': 3, 'deprel': 'nsubj', 'head': 10}, 'object': {'upos': 'NOUN', 'text': 'Entwicklungen', 'id': 9, 'deprel': 'obj', 'head': 10}, 'verb': {'upos': 'VERB', 'text': 'beobachten', 'id': 10, 'deprel': 'root', 'head': 0}}]",['SOV']
1532,James hat Bella nach Phoenix verfolgt.,1,"[{'subject': {'upos': 'PROPN', 'text': 'James', 'id': 1, 'deprel': 'nsubj', 'head': 6}, 'object': {'upos': 'PROPN', 'text': 'Bella', 'id': 3, 'deprel': 'obj', 'head': 6}, 'verb': {'upos': 'VERB', 'text': 'verfolgt', 'id': 6, 'deprel': 'root', 'head': 0}}]",['SOV']
1982,"Januar 1919 überstimmt, als sie die Teilnahme an den geplanten Parlamentswahlen forderte, aber von der Mehrheit der Spartakisten abgelehnt wurde.",1,"[{'subject': {'upos': 'PRON', 'text': 'sie', 'id': 6, 'deprel': 'nsubj', 'head': 13}, 'object': {'upos': 'NOUN', 'text': 'Teilnahme', 'id': 8, 'deprel': 'obj', 'head': 13}, 'verb': {'upos': 'VERB', 'text': 'forderte', 'id': 13, 'deprel': 'advcl', 'head': 3}}]",['SOV']
795,Jeff Bridges gewann als Otis Blake in Crazy Heart den Academy Award als bester Schauspieler.,1,"[{'subject': {'upos': 'PROPN', 'text': 'Jeff', 'id': 1, 'deprel': 'nsubj', 'head': 3}, 'verb': {'upos': 'VERB', 'text': 'gewann', 'id': 3, 'deprel': 'root', 'head': 0}, 'object': {'upos': 'PROPN', 'text': 'Academy', 'id': 11, 'deprel': 'obj', 'head': 3}}]",['SVO']
803,"Jemand würde Zirkumzision durchführen, um religiöse und kulturelle Gründe zu erfüllen.",1,"[{'subject': {'upos': 'PRON', 'text': 'Jemand', 'id': 1, 'deprel': 'nsubj', 'head': 4}, 'object': {'upos': 'NOUN', 'text': 'Zirkumzision', 'id': 3, 'deprel': 'obj', 'head': 4}, 'verb': {'upos': 'VERB', 'text': 'durchführen', 'id': 4, 'deprel': 'root', 'head': 0}}]",['SOV']
1874,Jianmei erhielt den Simone-de-Beauvoir-Preis.,1,"[{'subject': {'upos': 'PROPN', 'text': 'Jianmei', 'id': 1, 'deprel': 'nsubj', 'head': 2}, 'verb': {'upos': 'VERB', 'text': 'erhielt', 'id': 2, 'deprel': 'root', 'head': 0}, 'object': {'upos': 'PROPN', 'text': 'Simone', 'id': 4, 'deprel': 'obj', 'head': 2}}]",['SVO']
361,John Perring beschrieb die Mastabat al-Firʿaun zum ersten Mal.,1,"[{'subject': {'upos': 'PROPN', 'text': 'John', 'id': 1, 'deprel': 'nsubj', 'head': 3}, 'verb': {'upos': 'VERB', 'text': 'beschrieb', 'id': 3, 'deprel': 'root', 'head': 0}, 'object': {'upos': 'PROPN', 'text': 'Mastabat', 'id': 5, 'deprel': 'obj', 'head': 3}}]",['SVO']
688,"Jon besucht seinen Vater, den Farmer, und seine Mutter ab und zu auf der Farm.",1,"[{'subject': {'upos': 'PROPN', 'text': 'Jon', 'id': 1, 'deprel': 'nsubj', 'head': 2}, 'verb': {'upos': 'VERB', 'text': 'besucht', 'id': 2, 'deprel': 'root', 'head': 0}, 'object': {'upos': 'NOUN', 'text': 'Vater', 'id': 4, 'deprel': 'obj', 'head': 2}}]",['SVO']
1821,Jöns Jakob Berzelius gab Proteinen ihren Namen.,1,"[{'subject': {'upos': 'PROPN', 'text': 'Jöns', 'id': 1, 'deprel': 'nsubj', 'head': 4}, 'verb': {'upos': 'VERB', 'text': 'gab', 'id': 4, 'deprel': 'root', 'head': 0}, 'object': {'upos': 'NOUN', 'text': 'Proteinen', 'id': 5, 'deprel': 'obj', 'head': 4}}]",['SVO']
230,"Jovinus wurde von einer Anzahl gallo-römischer Adliger unterstützt, die Konstantins Niederlage überlebt hatten.",1,"[{'subject': {'upos': 'PRON', 'text': 'die', 'id': 12, 'deprel': 'nsubj', 'head': 15}, 'object': {'upos': 'NOUN', 'text': 'Niederlage', 'id': 14, 'deprel': 'obj', 'head': 15}, 'verb': {'upos': 'VERB', 'text': 'überlebt', 'id': 15, 'deprel': 'acl', 'head': 9}}]",['SOV']
1668,"Kaiser Yongle entsandte nach seinem Regierungsantritt 1403 unmittelbar Gesandte in zahlreiche Länder, um sie einzuladen, Tribut an China zu entsenden.",1,"[{'subject': {'upos': 'PROPN', 'text': 'Kaiser', 'id': 1, 'deprel': 'nsubj', 'head': 3}, 'verb': {'upos': 'VERB', 'text': 'entsandte', 'id': 3, 'deprel': 'root', 'head': 0}, 'object': {'upos': 'NOUN', 'text': 'Gesandte', 'id': 9, 'deprel': 'obj', 'head': 3}}]",['SVO']
597,Kane hat 1× die World Tag Team Championship gewonnen.,1,"[{'subject': {'upos': 'PROPN', 'text': 'Kane', 'id': 1, 'deprel': 'nsubj', 'head': 9}, 'object': {'upos': 'PROPN', 'text': 'World', 'id': 5, 'deprel': 'obj', 'head': 9}, 'verb': {'upos': 'VERB', 'text': 'gewonnen', 'id': 9, 'deprel': 'root', 'head': 0}}]",['SOV']
438,Kang will die Nuklearwaffen der Vereinigten Staaten in die Luft sprengen.,1,"[{'subject': {'upos': 'PROPN', 'text': 'Kang', 'id': 1, 'deprel': 'nsubj', 'head': 11}, 'object': {'upos': 'NOUN', 'text': 'Nuklearwaffen', 'id': 4, 'deprel': 'obj', 'head': 11}, 'verb': {'upos': 'VERB', 'text': 'sprengen', 'id': 11, 'deprel': 'root', 'head': 0}}]",['SOV']
1680,Kirk erlangte den Grad Bachelor am Austin College und den Titel Juris Doctor der University of Texas.,1,"[{'subject': {'upos': 'PROPN', 'text': 'Kirk', 'id': 1, 'deprel': 'nsubj', 'head': 2}, 'verb': {'upos': 'VERB', 'text': 'erlangte', 'id': 2, 'deprel': 'root', 'head': 0}, 'object': {'upos': 'NOUN', 'text': 'Grad', 'id': 4, 'deprel': 'obj', 'head': 2}}]",['SVO']
1694,"Kitts und Nevis umfasst elf Mitglieder, darunter elf gewählte und drei vom Generalgouverneur ernannte Mitglieder.",1,"[{'subject': {'upos': 'PROPN', 'text': 'Kitts', 'id': 1, 'deprel': 'nsubj', 'head': 4}, 'verb': {'upos': 'VERB', 'text': 'umfasst', 'id': 4, 'deprel': 'root', 'head': 0}, 'object': {'upos': 'NOUN', 'text': 'Mitglieder', 'id': 6, 'deprel': 'obj', 'head': 4}}]",['SVO']
77,Kitty Flynn heiratete Bullard.,1,"[{'subject': {'upos': 'PROPN', 'text': 'Kitty', 'id': 1, 'deprel': 'nsubj', 'head': 3}, 'verb': {'upos': 'VERB', 'text': 'heiratete', 'id': 3, 'deprel': 'root', 'head': 0}, 'object': {'upos': 'PROPN', 'text': 'Bullard', 'id': 4, 'deprel': 'obj', 'head': 3}}]",['SVO']
1944,Krystal eröffnete im Jahr 1942 einen eigenen Nachtklub namens Kristall zusammen mit ihrem Sohn Paraschoss.,1,"[{'subject': {'upos': 'PROPN', 'text': 'Krystal', 'id': 1, 'deprel': 'nsubj', 'head': 2}, 'verb': {'upos': 'VERB', 'text': 'eröffnete', 'id': 2, 'deprel': 'root', 'head': 0}, 'object': {'upos': 'NOUN', 'text': 'Nachtklub', 'id': 9, 'deprel': 'obj', 'head': 2}}]",['SVO']
418,Lam hat die Vertretung weiblicher Schauspielerinnen übernommen.,1,"[{'subject': {'upos': 'PROPN', 'text': 'Lam', 'id': 1, 'deprel': 'nsubj', 'head': 7}, 'object': {'upos': 'NOUN', 'text': 'Vertretung', 'id': 4, 'deprel': 'obj', 'head': 7}, 'verb': {'upos': 'VERB', 'text': 'übernommen', 'id': 7, 'deprel': 'root', 'head': 0}}]",['SOV']
1106,"Länder sollten bei der Erstellung ihrer eigenen Listen auf der Grundlage der WHO-Liste die Krankheitshäufigkeit, die Wirksamkeit und Sicherheit sowie die Kosteneffektivität der Arzneimittel berücksichtigen.",1,"[{'subject': {'upos': 'NOUN', 'text': 'Länder', 'id': 1, 'deprel': 'nsubj', 'head': 28}, 'object': {'upos': 'NOUN', 'text': 'Krankheitshäufigkeit', 'id': 17, 'deprel': 'obj', 'head': 28}, 'verb': {'upos': 'VERB', 'text': 'berücksichtigen', 'id': 28, 'deprel': 'root', 'head': 0}}]",['SOV']
1942,"Laut dem Text erhielt sie für jeden Auftritt im Athener Nachtklub Taygetos ein Honorar von 200 Drachmen, das damals unerhörtes war.",1,"[{'verb': {'upos': 'VERB', 'text': 'erhielt', 'id': 4, 'deprel': 'root', 'head': 0}, 'subject': {'upos': 'PRON', 'text': 'sie', 'id': 5, 'deprel': 'nsubj', 'head': 4}, 'object': {'upos': 'NOUN', 'text': 'Honorar', 'id': 15, 'deprel': 'obj', 'head': 4}}]",['VSO']
631,Lincolns Soldaten zerstörten die Vampirarmee mit den neuen Silberwaffen.,1,"[{'subject': {'upos': 'NOUN', 'text': 'Soldaten', 'id': 2, 'deprel': 'nsubj', 'head': 3}, 'verb': {'upos': 'VERB', 'text': 'zerstörten', 'id': 3, 'deprel': 'root', 'head': 0}, 'object': {'upos': 'NOUN', 'text': 'Vampirarmee', 'id': 5, 'deprel': 'obj', 'head': 3}}]",['SVO']
614,"Louis Leterrier führte bei dem Film ""Der unglaubliche Hulk"" Regie.",1,"[{'subject': {'upos': 'PROPN', 'text': 'Louis', 'id': 1, 'deprel': 'nsubj', 'head': 3}, 'verb': {'upos': 'VERB', 'text': 'führte', 'id': 3, 'deprel': 'root', 'head': 0}, 'object': {'upos': 'PROPN', 'text': 'Regie', 'id': 12, 'deprel': 'obj', 'head': 3}}]",['SVO']
577,Luis Menéndez Pidal restaurierte die Kirche San Pedro de Nora von 1940 bis in die 1970er Jahre.,1,"[{'subject': {'upos': 'PROPN', 'text': 'Luis', 'id': 1, 'deprel': 'nsubj', 'head': 4}, 'verb': {'upos': 'VERB', 'text': 'restaurierte', 'id': 4, 'deprel': 'root', 'head': 0}, 'object': {'upos': 'NOUN', 'text': 'Kirche', 'id': 6, 'deprel': 'obj', 'head': 4}}]",['SVO']
287,Magnentius beging Suizid nach seiner Niederlage in der Schlacht am Mons Seleucus im Jahr 353.,1,"[{'subject': {'upos': 'PROPN', 'text': 'Magnentius', 'id': 1, 'deprel': 'nsubj', 'head': 2}, 'verb': {'upos': 'VERB', 'text': 'beging', 'id': 2, 'deprel': 'root', 'head': 0}, 'object': {'upos': 'NOUN', 'text': 'Suizid', 'id': 3, 'deprel': 'obj', 'head': 2}}]",['SVO']
920,"Man gibt Müttern den Ratschlag, frühgeborene Kinder regelmäßig in Hautkontakt mit ihnen zu bringen, um die Neugeborenen dadurch warmzuhalten und zu stillen.",1,"[{'subject': {'upos': 'PRON', 'text': 'Man', 'id': 1, 'deprel': 'nsubj', 'head': 2}, 'verb': {'upos': 'VERB', 'text': 'gibt', 'id': 2, 'deprel': 'root', 'head': 0}, 'object': {'upos': 'NOUN', 'text': 'Ratschlag', 'id': 5, 'deprel': 'obj', 'head': 2}}]",['SVO']
664,"Männer erzielten ein Durchschnittseinkommen von 29.748 $, Frauen 25.734 $.",1,"[{'subject': {'upos': 'NOUN', 'text': 'Männer', 'id': 1, 'deprel': 'nsubj', 'head': 2}, 'verb': {'upos': 'VERB', 'text': 'erzielten', 'id': 2, 'deprel': 'root', 'head': 0}, 'object': {'upos': 'NOUN', 'text': 'Durchschnittseinkommen', 'id': 4, 'deprel': 'obj', 'head': 2}}]",['SVO']
336,Männer hatten ein höheres mittleres Einkommen als Frauen.,1,"[{'subject': {'upos': 'NOUN', 'text': 'Männer', 'id': 1, 'deprel': 'nsubj', 'head': 2}, 'verb': {'upos': 'VERB', 'text': 'hatten', 'id': 2, 'deprel': 'root', 'head': 0}, 'object': {'upos': 'NOUN', 'text': 'Einkommen', 'id': 6, 'deprel': 'obj', 'head': 2}}]",['SVO']
550,Marga Faulstich besuchte das Realgymnasium in Jena.,1,"[{'subject': {'upos': 'PROPN', 'text': 'Marga', 'id': 1, 'deprel': 'nsubj', 'head': 3}, 'verb': {'upos': 'VERB', 'text': 'besuchte', 'id': 3, 'deprel': 'root', 'head': 0}, 'object': {'upos': 'NOUN', 'text': 'Realgymnasium', 'id': 5, 'deprel': 'obj', 'head': 3}}]",['SVO']
552,"Marga Faulstich widmete sich der Forschung und Entwicklung neuer optischer Gläser, insbesondere für Objektive an Mikroskopen und Ferngläsern.",1,"[{'subject': {'upos': 'PROPN', 'text': 'Marga', 'id': 1, 'deprel': 'nsubj', 'head': 3}, 'verb': {'upos': 'VERB', 'text': 'widmete', 'id': 3, 'deprel': 'root', 'head': 0}, 'object': {'upos': 'PRON', 'text': 'sich', 'id': 4, 'deprel': 'obj', 'head': 3}}]",['SVO']
1255,Megadeth hat weltweit mehr als 25 Millionen Alben verkauft.,1,"[{'subject': {'upos': 'PROPN', 'text': 'Megadeth', 'id': 1, 'deprel': 'nsubj', 'head': 9}, 'object': {'upos': 'NOUN', 'text': 'Alben', 'id': 8, 'deprel': 'obj', 'head': 9}, 'verb': {'upos': 'VERB', 'text': 'verkauft', 'id': 9, 'deprel': 'root', 'head': 0}}]",['SOV']
297,Mehr als 20 Länder erlangten ihre Unabhängigkeit vom Vereinigten Königreich in den 1960er und 1970er Jahren.,1,"[{'subject': {'upos': 'NOUN', 'text': 'Länder', 'id': 4, 'deprel': 'nsubj', 'head': 5}, 'verb': {'upos': 'VERB', 'text': 'erlangten', 'id': 5, 'deprel': 'root', 'head': 0}, 'object': {'upos': 'NOUN', 'text': 'Unabhängigkeit', 'id': 7, 'deprel': 'obj', 'head': 5}}]",['SVO']
1118,Mexiko hat 31 Bundesstaaten.,1,"[{'subject': {'upos': 'PROPN', 'text': 'Mexiko', 'id': 1, 'deprel': 'nsubj', 'head': 2}, 'verb': {'upos': 'VERB', 'text': 'hat', 'id': 2, 'deprel': 'root', 'head': 0}, 'object': {'upos': 'NOUN', 'text': 'Bundesstaaten', 'id': 4, 'deprel': 'obj', 'head': 2}}]",['SVO']
341,Michaël Van Canneyt erzeugte den Linux-Port für das anfängliche 32-Bit-Programm.,1,"[{'subject': {'upos': 'PROPN', 'text': 'Michaël', 'id': 1, 'deprel': 'nsubj', 'head': 4}, 'verb': {'upos': 'VERB', 'text': 'erzeugte', 'id': 4, 'deprel': 'root', 'head': 0}, 'object': {'upos': 'PROPN', 'text': 'Linux', 'id': 6, 'deprel': 'obj', 'head': 4}}]",['SVO']
757,"Mitchell-Hedges, entdeckte den berühmten Kristallschädel 1924 in Lubaantun im damaligen Britisch-Honduras (heute Belize).",1,"[{'subject': {'upos': 'PROPN', 'text': 'Mitchell', 'id': 1, 'deprel': 'nsubj', 'head': 5}, 'verb': {'upos': 'VERB', 'text': 'entdeckte', 'id': 5, 'deprel': 'root', 'head': 0}, 'object': {'upos': 'NOUN', 'text': 'Kristallschädel', 'id': 8, 'deprel': 'obj', 'head': 5}}]",['SVO']
504,"Mitte der 70er Jahre begann Bayramov die Arbeit an dem Projekt ""Kulturelle Persönlichkeiten"".",1,"[{'verb': {'upos': 'VERB', 'text': 'begann', 'id': 5, 'deprel': 'root', 'head': 0}, 'subject': {'upos': 'PROPN', 'text': 'Bayramov', 'id': 6, 'deprel': 'nsubj', 'head': 5}, 'object': {'upos': 'NOUN', 'text': 'Arbeit', 'id': 8, 'deprel': 'obj', 'head': 5}}]",['VSO']
1196,Muslime haben in Indien einen bedeutenden Beitrag zur Kultur und zum sozialen wie politischen Leben des Landes geleistet.,1,"[{'subject': {'upos': 'NOUN', 'text': 'Muslime', 'id': 1, 'deprel': 'nsubj', 'head': 20}, 'object': {'upos': 'NOUN', 'text': 'Beitrag', 'id': 7, 'deprel': 'obj', 'head': 20}, 'verb': {'upos': 'VERB', 'text': 'geleistet', 'id': 20, 'deprel': 'root', 'head': 0}}]",['SOV']
1204,Muttiah Muralitharan brach im Mai 2004 den Rekord von Courtney Walsh mit 519 Wickets.,1,"[{'subject': {'upos': 'PROPN', 'text': 'Muttiah', 'id': 1, 'deprel': 'nsubj', 'head': 3}, 'verb': {'upos': 'VERB', 'text': 'brach', 'id': 3, 'deprel': 'root', 'head': 0}, 'object': {'upos': 'NOUN', 'text': 'Rekord', 'id': 9, 'deprel': 'obj', 'head': 3}}]",['SVO']
1685,"Nach den Schätzungen gingen die Anzahl der Haie, die nur wegen ihrer Flossen getötet werden, von 26 bis 73 Millionen aus, was ein rechnerisches Mittel von 38 Millionen jährlich ergeben würde.",1,"[{'subject': {'upos': 'PRON', 'text': 'was', 'id': 25, 'deprel': 'nsubj', 'head': 33}, 'object': {'upos': 'NOUN', 'text': 'Mittel', 'id': 28, 'deprel': 'obj', 'head': 33}, 'verb': {'upos': 'VERB', 'text': 'ergeben', 'id': 33, 'deprel': 'acl', 'head': 22}}]",['SOV']
1915,"Nachdem Napoleon im Bezug zu Spanien gestürzt ist, herrschte wieder der Absolutismus in Spanien, der die Cádiz-Verfassung außer Kraft setzte und Puerto Rico in den früheren Status einer Kolonie versetzte, die der uneingeschränkten Macht des spanischen Monarchen unterworfen war.",1,"[{'subject': {'upos': 'PRON', 'text': 'der', 'id': 18, 'deprel': 'nsubj', 'head': 25}, 'object': {'upos': 'PROPN', 'text': 'Cádiz', 'id': 20, 'deprel': 'obj', 'head': 25}, 'verb': {'upos': 'VERB', 'text': 'setzte', 'id': 25, 'deprel': 'acl', 'head': 14}}]",['SOV']
1269,"Naidangiin Tüwschinbajar, Enchbatyn Badar-Uugan und Otryadyn Gündegmaa haben bei den Olympischen Sommerspielen Medaillen gewonnen.",1,"[{'subject': {'upos': 'PROPN', 'text': 'Naidangiin', 'id': 1, 'deprel': 'nsubj', 'head': 17}, 'object': {'upos': 'NOUN', 'text': 'Medaillen', 'id': 16, 'deprel': 'obj', 'head': 17}, 'verb': {'upos': 'VERB', 'text': 'gewonnen', 'id': 17, 'deprel': 'root', 'head': 0}}]",['SOV']
1895,"Nein, Metoprolol sollte in der Schwangerschaft und Stillzeit nur unter strenger ärztlicher Kontrolle eingesetzt werden, da es Hinweise auf eine Minderdurchblutung der Plazenta und in der Folge fötale Wachstumsstörungen gibt.",1,"[{'subject': {'upos': 'NOUN', 'text': 'Hinweise', 'id': 20, 'deprel': 'nsubj', 'head': 32}, 'object': {'upos': 'NOUN', 'text': 'Wachstumsstörungen', 'id': 31, 'deprel': 'obj', 'head': 32}, 'verb': {'upos': 'VERB', 'text': 'gibt', 'id': 32, 'deprel': 'advcl', 'head': 15}}]",['SOV']
1653,Nelores haben eine natürliche Resistenz gegen Parasiten und Krankheiten.,1,"[{'subject': {'upos': 'PROPN', 'text': 'Nelores', 'id': 1, 'deprel': 'nsubj', 'head': 2}, 'verb': {'upos': 'VERB', 'text': 'haben', 'id': 2, 'deprel': 'root', 'head': 0}, 'object': {'upos': 'NOUN', 'text': 'Resistenz', 'id': 5, 'deprel': 'obj', 'head': 2}}]",['SVO']
304,"Neutrinooszillationen zeigen, dass Neutrinos eine Masse haben.",1,"[{'subject': {'upos': 'NOUN', 'text': 'Neutrinos', 'id': 5, 'deprel': 'nsubj', 'head': 8}, 'object': {'upos': 'NOUN', 'text': 'Masse', 'id': 7, 'deprel': 'obj', 'head': 8}, 'verb': {'upos': 'VERB', 'text': 'haben', 'id': 8, 'deprel': 'ccomp', 'head': 2}}]",['SOV']
938,Newcastle United gewann die Liga in der Saison 1906-07.,1,"[{'subject': {'upos': 'PROPN', 'text': 'Newcastle', 'id': 1, 'deprel': 'nsubj', 'head': 3}, 'verb': {'upos': 'VERB', 'text': 'gewann', 'id': 3, 'deprel': 'root', 'head': 0}, 'object': {'upos': 'NOUN', 'text': 'Liga', 'id': 5, 'deprel': 'obj', 'head': 3}}]",['SVO']
1107,Niggli hat seine Promotion 1912 an der Universität Zürich abgeschlossen.,1,"[{'subject': {'upos': 'PROPN', 'text': 'Niggli', 'id': 1, 'deprel': 'nsubj', 'head': 10}, 'object': {'upos': 'NOUN', 'text': 'Promotion', 'id': 4, 'deprel': 'obj', 'head': 10}, 'verb': {'upos': 'VERB', 'text': 'abgeschlossen', 'id': 10, 'deprel': 'root', 'head': 0}}]",['SOV']
1045,Nissin Food Products herstellt Instant-Nudelgerichte.,1,"[{'subject': {'upos': 'PROPN', 'text': 'Nissin', 'id': 1, 'deprel': 'nsubj', 'head': 4}, 'verb': {'upos': 'VERB', 'text': 'herstellt', 'id': 4, 'deprel': 'root', 'head': 0}, 'object': {'upos': 'PROPN', 'text': 'Instant', 'id': 5, 'deprel': 'obj', 'head': 4}}]",['SVO']
180,North American Aviation entwarf den NA-130.,1,"[{'subject': {'upos': 'PROPN', 'text': 'Aviation', 'id': 3, 'deprel': 'nsubj', 'head': 4}, 'verb': {'upos': 'VERB', 'text': 'entwarf', 'id': 4, 'deprel': 'root', 'head': 0}, 'object': {'upos': 'PROPN', 'text': 'NA-130', 'id': 6, 'deprel': 'obj', 'head': 4}}]",['SVO']
1853,"Nostoc ist eine Gattung von Cyanobakterien, die kugelige oder hautartige Kolonien aus langen, unverzweigten Zellschnüren in einer gelatinösen Hülle bilden.",1,"[{'subject': {'upos': 'PRON', 'text': 'die', 'id': 8, 'deprel': 'nsubj', 'head': 22}, 'object': {'upos': 'NOUN', 'text': 'Kolonien', 'id': 12, 'deprel': 'obj', 'head': 22}, 'verb': {'upos': 'VERB', 'text': 'bilden', 'id': 22, 'deprel': 'acl', 'head': 4}}]",['SOV']
1583,Nova Scotia erhielt als erste Kolonie 1848 eine eigenverantwortliche Regierung.,1,"[{'subject': {'upos': 'PROPN', 'text': 'Nova', 'id': 1, 'deprel': 'nsubj', 'head': 3}, 'verb': {'upos': 'VERB', 'text': 'erhielt', 'id': 3, 'deprel': 'root', 'head': 0}, 'object': {'upos': 'NOUN', 'text': 'Regierung', 'id': 10, 'deprel': 'obj', 'head': 3}}]",['SVO']
1666,"Nur chinesische Texte geben Hinweise, durch welche die Frühgeschichte rekonstruiert werden kann.",1,"[{'subject': {'upos': 'NOUN', 'text': 'Texte', 'id': 3, 'deprel': 'nsubj', 'head': 4}, 'verb': {'upos': 'VERB', 'text': 'geben', 'id': 4, 'deprel': 'root', 'head': 0}, 'object': {'upos': 'NOUN', 'text': 'Hinweise', 'id': 5, 'deprel': 'obj', 'head': 4}}]",['SVO']
1933,"OFID beschäftigt sich außer HIV/AIDS auch mit Tuberkulose, Malaria, durch Wasser übertragbaren Krankheiten, Krebs, Diabetes und Herzerkrankungen.",1,"[{'subject': {'upos': 'PROPN', 'text': 'OFID', 'id': 1, 'deprel': 'nsubj', 'head': 2}, 'verb': {'upos': 'VERB', 'text': 'beschäftigt', 'id': 2, 'deprel': 'root', 'head': 0}, 'object': {'upos': 'PRON', 'text': 'sich', 'id': 3, 'deprel': 'obj', 'head': 2}}]",['SVO']
1928,OFID erhöht das Volumen seiner Geschäftstätigkeit im Energiesektor.,1,"[{'subject': {'upos': 'PROPN', 'text': 'OFID', 'id': 1, 'deprel': 'nsubj', 'head': 2}, 'verb': {'upos': 'VERB', 'text': 'erhöht', 'id': 2, 'deprel': 'root', 'head': 0}, 'object': {'upos': 'NOUN', 'text': 'Volumen', 'id': 4, 'deprel': 'obj', 'head': 2}}]",['SVO']
1934,"OFID's Vorzeige-Programm konzentriert sich hauptsächlich auf die Bereitstellung von innovativen Energiearmutlösungen, vor allem für nicht an das Stromnetz angeschlossene ländliche Haushalte.",1,"[{'subject': {'upos': 'NOUN', 'text': 'Programm', 'id': 5, 'deprel': 'nsubj', 'head': 6}, 'verb': {'upos': 'VERB', 'text': 'konzentriert', 'id': 6, 'deprel': 'root', 'head': 0}, 'object': {'upos': 'PRON', 'text': 'sich', 'id': 7, 'deprel': 'obj', 'head': 6}}]",['SVO']
840,"Paul Gardner ist ein US-amerikanischer Broker, der den Aufstieg vom Obdachlosen zum Self-Made-Millionär schaffte.",1,"[{'subject': {'upos': 'PRON', 'text': 'der', 'id': 10, 'deprel': 'nsubj', 'head': 23}, 'object': {'upos': 'NOUN', 'text': 'Aufstieg', 'id': 12, 'deprel': 'obj', 'head': 23}, 'verb': {'upos': 'VERB', 'text': 'schaffte', 'id': 23, 'deprel': 'acl', 'head': 8}}]",['SOV']
1144,"Paul Sophus Epstein hat die Polflucht-Hypothese näher ausgeführt, aber bald widerlegt.",1,"[{'subject': {'upos': 'PROPN', 'text': 'Paul', 'id': 1, 'deprel': 'nsubj', 'head': 10}, 'object': {'upos': 'NOUN', 'text': 'Hypothese', 'id': 8, 'deprel': 'obj', 'head': 10}, 'verb': {'upos': 'VERB', 'text': 'ausgeführt', 'id': 10, 'deprel': 'root', 'head': 0}}]",['SOV']
997,Paulo Freire wurde die Position des Direktors der Abteilung für Erziehungswissenschaft und Kultur im Bundesland Pernambuco gegeben.,1,"[{'subject': {'upos': 'PROPN', 'text': 'Paulo', 'id': 1, 'deprel': 'nsubj:pass', 'head': 18}, 'object': {'upos': 'NOUN', 'text': 'Position', 'id': 5, 'deprel': 'obj', 'head': 18}, 'verb': {'upos': 'VERB', 'text': 'gegeben', 'id': 18, 'deprel': 'root', 'head': 0}}]",['SOV']
123,Pavlyuchenko begann seine Karriere als Profifußballer 1998 beim südrussischen Zweitligisten Dynamo Stawropol.,1,"[{'subject': {'upos': 'PROPN', 'text': 'Pavlyuchenko', 'id': 1, 'deprel': 'nsubj', 'head': 2}, 'verb': {'upos': 'VERB', 'text': 'begann', 'id': 2, 'deprel': 'root', 'head': 0}, 'object': {'upos': 'NOUN', 'text': 'Karriere', 'id': 4, 'deprel': 'obj', 'head': 2}}]",['SVO']
1780,Philip Hampson Knight machte seinen Abschluss an der University of Oregon im Fach Wirtschaftswissenschaften (Bachelor of Business Administration).,1,"[{'subject': {'upos': 'PROPN', 'text': 'Philip', 'id': 1, 'deprel': 'nsubj', 'head': 4}, 'verb': {'upos': 'VERB', 'text': 'machte', 'id': 4, 'deprel': 'root', 'head': 0}, 'object': {'upos': 'NOUN', 'text': 'Abschluss', 'id': 6, 'deprel': 'obj', 'head': 4}}]",['SVO']
1384,Philip Seymour Hoffman erhielt eine Nominierung für den Oscar als bester Nebendarsteller (2008) und war zudem für den Preis der Broadcast Film Critics Association und die Chicago Film Critics Association nominiert.,1,"[{'subject': {'upos': 'PROPN', 'text': 'Philip', 'id': 1, 'deprel': 'nsubj', 'head': 4}, 'verb': {'upos': 'VERB', 'text': 'erhielt', 'id': 4, 'deprel': 'root', 'head': 0}, 'object': {'upos': 'NOUN', 'text': 'Nominierung', 'id': 6, 'deprel': 'obj', 'head': 4}}]",['SVO']
393,"Phoebes Mutter Lily beging Selbstmord, als Phoebe 14 Jahre alt war.",1,"[{'subject': {'upos': 'NOUN', 'text': 'Mutter', 'id': 2, 'deprel': 'nsubj', 'head': 4}, 'verb': {'upos': 'VERB', 'text': 'beging', 'id': 4, 'deprel': 'root', 'head': 0}, 'object': {'upos': 'NOUN', 'text': 'Selbstmord', 'id': 5, 'deprel': 'obj', 'head': 4}}]",['SVO']
562,Pitt-Watson gab das Buch an die Königin Elisabeth zurück.,1,"[{'subject': {'upos': 'PROPN', 'text': 'Pitt', 'id': 1, 'deprel': 'nsubj', 'head': 4}, 'verb': {'upos': 'VERB', 'text': 'gab', 'id': 4, 'deprel': 'root', 'head': 0}, 'object': {'upos': 'NOUN', 'text': 'Buch', 'id': 6, 'deprel': 'obj', 'head': 4}}]",['SVO']
429,"Pooja gibt Raj frei, um Tina zu freuen, obwohl sie selbst in Raj verliebt ist.",1,"[{'subject': {'upos': 'PROPN', 'text': 'Pooja', 'id': 1, 'deprel': 'nsubj', 'head': 2}, 'verb': {'upos': 'VERB', 'text': 'gibt', 'id': 2, 'deprel': 'root', 'head': 0}, 'object': {'upos': 'PROPN', 'text': 'Raj', 'id': 3, 'deprel': 'obj', 'head': 2}}]",['SVO']
1469,Priyanka Gandhi studierte Psychologie an der University of Delhi.,1,"[{'subject': {'upos': 'PROPN', 'text': 'Priyanka', 'id': 1, 'deprel': 'nsubj', 'head': 3}, 'verb': {'upos': 'VERB', 'text': 'studierte', 'id': 3, 'deprel': 'root', 'head': 0}, 'object': {'upos': 'NOUN', 'text': 'Psychologie', 'id': 4, 'deprel': 'obj', 'head': 3}}]",['SVO']
424,Raj fühlt sich zu Tina angezogen.,1,"[{'subject': {'upos': 'PROPN', 'text': 'Raj', 'id': 1, 'deprel': 'nsubj', 'head': 2}, 'verb': {'upos': 'VERB', 'text': 'fühlt', 'id': 2, 'deprel': 'root', 'head': 0}, 'object': {'upos': 'PRON', 'text': 'sich', 'id': 3, 'deprel': 'obj', 'head': 2}}]",['SVO']
514,Raj nannte seine Freunde Rohit und Nisha.,1,"[{'subject': {'upos': 'PROPN', 'text': 'Raj', 'id': 1, 'deprel': 'nsubj', 'head': 2}, 'verb': {'upos': 'VERB', 'text': 'nannte', 'id': 2, 'deprel': 'root', 'head': 0}, 'object': {'upos': 'NOUN', 'text': 'Freunde', 'id': 4, 'deprel': 'obj', 'head': 2}}]",['SVO']
426,"Rajs Vater entscheidet sich, wegen seines Berufs mit seiner Familie nach England zu ziehen.",1,"[{'subject': {'upos': 'NOUN', 'text': 'Vater', 'id': 2, 'deprel': 'nsubj', 'head': 3}, 'verb': {'upos': 'VERB', 'text': 'entscheidet', 'id': 3, 'deprel': 'root', 'head': 0}, 'object': {'upos': 'PRON', 'text': 'sich', 'id': 4, 'deprel': 'obj', 'head': 3}}]",['SVO']
1463,Razzaz leitete von 2002 bis 2006 die Niederlassung der Weltbank im Libanon.,1,"[{'subject': {'upos': 'PROPN', 'text': 'Razzaz', 'id': 1, 'deprel': 'nsubj', 'head': 2}, 'verb': {'upos': 'VERB', 'text': 'leitete', 'id': 2, 'deprel': 'root', 'head': 0}, 'object': {'upos': 'NOUN', 'text': 'Niederlassung', 'id': 8, 'deprel': 'obj', 'head': 2}}]",['SVO']
245,"Relativity Media hat den Film ""Machine Gun Preacher"" veröffentlicht.",1,"[{'subject': {'upos': 'PROPN', 'text': 'Relativity', 'id': 1, 'deprel': 'nsubj', 'head': 11}, 'object': {'upos': 'NOUN', 'text': 'Film', 'id': 5, 'deprel': 'obj', 'head': 11}, 'verb': {'upos': 'VERB', 'text': 'veröffentlicht', 'id': 11, 'deprel': 'root', 'head': 0}}]",['SOV']
444,Reykjavík besitzt zwei Seehäfen.,1,"[{'subject': {'upos': 'PROPN', 'text': 'Reykjavík', 'id': 1, 'deprel': 'nsubj', 'head': 2}, 'verb': {'upos': 'VERB', 'text': 'besitzt', 'id': 2, 'deprel': 'root', 'head': 0}, 'object': {'upos': 'NOUN', 'text': 'Seehäfen', 'id': 4, 'deprel': 'obj', 'head': 2}}]",['SVO']
1254,"Richard Matheson schrieb Mitte der 50er Jahre die Kurzgeschichte ""Steel"".",1,"[{'subject': {'upos': 'PROPN', 'text': 'Richard', 'id': 1, 'deprel': 'nsubj', 'head': 3}, 'verb': {'upos': 'VERB', 'text': 'schrieb', 'id': 3, 'deprel': 'root', 'head': 0}, 'object': {'upos': 'NOUN', 'text': 'Kurzgeschichte', 'id': 9, 'deprel': 'obj', 'head': 3}}]",['SVO']
814,"Ridley Scott hat Regie bei dem Film ""Alien – Das unheimliche Wesen aus einer fremden Welt"" geführt.",1,"[{'subject': {'upos': 'PROPN', 'text': 'Ridley', 'id': 1, 'deprel': 'nsubj', 'head': 19}, 'object': {'upos': 'NOUN', 'text': 'Regie', 'id': 4, 'deprel': 'obj', 'head': 19}, 'verb': {'upos': 'VERB', 'text': 'geführt', 'id': 19, 'deprel': 'root', 'head': 0}}]",['SOV']
1400,Robert Falcon Scott und seine Begleiter erreichten den Südpol einen Monat nach Roald Amundsen.,1,"[{'subject': {'upos': 'PROPN', 'text': 'Robert', 'id': 1, 'deprel': 'nsubj', 'head': 7}, 'verb': {'upos': 'VERB', 'text': 'erreichten', 'id': 7, 'deprel': 'root', 'head': 0}, 'object': {'upos': 'NOUN', 'text': 'Südpol', 'id': 9, 'deprel': 'obj', 'head': 7}}]",['SVO']
1998,"Robert von Loritello erweiterte um 1100 seine Besitzungen durch Fortore, Bovino und Dragonara.",1,"[{'subject': {'upos': 'PROPN', 'text': 'Robert', 'id': 1, 'deprel': 'nsubj', 'head': 4}, 'verb': {'upos': 'VERB', 'text': 'erweiterte', 'id': 4, 'deprel': 'root', 'head': 0}, 'object': {'upos': 'NOUN', 'text': 'Besitzungen', 'id': 8, 'deprel': 'obj', 'head': 4}}]",['SVO']
240,Sam Childers widmet sein Leben der Versorgung von Waisenkinder im Südsudan.,1,"[{'subject': {'upos': 'PROPN', 'text': 'Sam', 'id': 1, 'deprel': 'nsubj', 'head': 3}, 'verb': {'upos': 'VERB', 'text': 'widmet', 'id': 3, 'deprel': 'root', 'head': 0}, 'object': {'upos': 'NOUN', 'text': 'Leben', 'id': 5, 'deprel': 'obj', 'head': 3}}]",['SVO']
921,"Sanabria führte seine neue Methode ein, um den Mangel an Inkubatoren, Betreuungspersonal und weiteren Mitteln am Instituto Materno Infantil in Bogotá zu mindern und die Sterblichkeit frühgeborener Kinder zu reduzieren.",1,"[{'subject': {'upos': 'PROPN', 'text': 'Sanabria', 'id': 1, 'deprel': 'nsubj', 'head': 2}, 'verb': {'upos': 'VERB', 'text': 'führte', 'id': 2, 'deprel': 'root', 'head': 0}, 'object': {'upos': 'NOUN', 'text': 'Methode', 'id': 5, 'deprel': 'obj', 'head': 2}}]",['SVO']
955,"Sarah Ditum veröffentlichte 2014 das Buch ""Everyday Sexism"".",1,"[{'subject': {'upos': 'PROPN', 'text': 'Sarah', 'id': 1, 'deprel': 'nsubj', 'head': 3}, 'verb': {'upos': 'VERB', 'text': 'veröffentlichte', 'id': 3, 'deprel': 'root', 'head': 0}, 'object': {'upos': 'NOUN', 'text': 'Buch', 'id': 6, 'deprel': 'obj', 'head': 3}}]",['SVO']
420,Saving Face gewann 2012 den Oscar in der Kategorie Bester Dokumentar-Kurzfilm.,1,"[{'subject': {'upos': 'PROPN', 'text': 'Saving', 'id': 1, 'deprel': 'nsubj', 'head': 3}, 'verb': {'upos': 'VERB', 'text': 'gewann', 'id': 3, 'deprel': 'root', 'head': 0}, 'object': {'upos': 'PROPN', 'text': 'Oscar', 'id': 6, 'deprel': 'obj', 'head': 3}}]",['SVO']
360,Sein Sohn Afonso I bestieg nachher den Thron.,1,"[{'subject': {'upos': 'NOUN', 'text': 'Sohn', 'id': 2, 'deprel': 'nsubj', 'head': 5}, 'verb': {'upos': 'VERB', 'text': 'bestieg', 'id': 5, 'deprel': 'root', 'head': 0}, 'object': {'upos': 'NOUN', 'text': 'Thron', 'id': 8, 'deprel': 'obj', 'head': 5}}]",['SVO']
1565,"Seit der Lockerung des belgischen Staatsangehörigkeitsrechts haben über 1,3 Millionen Migranten die belgische Staatsbürgerschaft erworben.",1,"[{'subject': {'upos': 'NOUN', 'text': 'Migranten', 'id': 11, 'deprel': 'nsubj', 'head': 15}, 'object': {'upos': 'NOUN', 'text': 'Staatsbürgerschaft', 'id': 14, 'deprel': 'obj', 'head': 15}, 'verb': {'upos': 'VERB', 'text': 'erworben', 'id': 15, 'deprel': 'root', 'head': 0}}]",['SOV']
518,Selenium WebDriver leitet die akzeptierten Befehle an einen Browser weiter.,1,"[{'subject': {'upos': 'PROPN', 'text': 'Selenium', 'id': 1, 'deprel': 'nsubj', 'head': 3}, 'verb': {'upos': 'VERB', 'text': 'leitet', 'id': 3, 'deprel': 'root', 'head': 0}, 'object': {'upos': 'NOUN', 'text': 'Befehle', 'id': 6, 'deprel': 'obj', 'head': 3}}]",['SVO']
1246,"Shakira nahm sich eine Auszeit nach ihrem zweiten Studioalbum, um ihren Schulabschluss zu machen.",1,"[{'subject': {'upos': 'PROPN', 'text': 'Shakira', 'id': 1, 'deprel': 'nsubj', 'head': 2}, 'verb': {'upos': 'VERB', 'text': 'nahm', 'id': 2, 'deprel': 'root', 'head': 0}, 'object': {'upos': 'PRON', 'text': 'sich', 'id': 3, 'deprel': 'obj', 'head': 2}}]",['SVO']
756,"Sherinian sang ein Lied namens ""I Don't Like You"" mit Petrucci und Portnoy als Zweitstimmen.",1,"[{'subject': {'upos': 'PROPN', 'text': 'Sherinian', 'id': 1, 'deprel': 'nsubj', 'head': 2}, 'verb': {'upos': 'VERB', 'text': 'sang', 'id': 2, 'deprel': 'root', 'head': 0}, 'object': {'upos': 'NOUN', 'text': 'Lied', 'id': 4, 'deprel': 'obj', 'head': 2}}]",['SVO']
345,Shin'ichi Kimura schrieb die Light-Novel-Reihe Kore wa Zombie Desu ka?.,1,"[{'subject': {'upos': 'PROPN', 'text': ""Shin'ichi"", 'id': 1, 'deprel': 'nsubj', 'head': 3}, 'verb': {'upos': 'VERB', 'text': 'schrieb', 'id': 3, 'deprel': 'root', 'head': 0}, 'object': {'upos': 'PROPN', 'text': 'Novel', 'id': 7, 'deprel': 'obj', 'head': 3}}]",['SVO']
611,Shrikanth Mathur erhielt eine Warnung von Jackie.,1,"[{'subject': {'upos': 'PROPN', 'text': 'Shrikanth', 'id': 1, 'deprel': 'nsubj', 'head': 3}, 'verb': {'upos': 'VERB', 'text': 'erhielt', 'id': 3, 'deprel': 'root', 'head': 0}, 'object': {'upos': 'NOUN', 'text': 'Warnung', 'id': 5, 'deprel': 'obj', 'head': 3}}]",['SVO']
1288,Sia trennte sich 2011 von JD Samson.,1,"[{'subject': {'upos': 'PROPN', 'text': 'Sia', 'id': 1, 'deprel': 'nsubj', 'head': 2}, 'verb': {'upos': 'VERB', 'text': 'trennte', 'id': 2, 'deprel': 'root', 'head': 0}, 'object': {'upos': 'PRON', 'text': 'sich', 'id': 3, 'deprel': 'obj', 'head': 2}}]",['SVO']
1287,"Sie erhielt die Nachricht, dass ihr Freund Dan Pontifex bei einem Autounfall in London ums Leben gekommen sei.",1,"[{'subject': {'upos': 'PRON', 'text': 'Sie', 'id': 1, 'deprel': 'nsubj', 'head': 2}, 'verb': {'upos': 'VERB', 'text': 'erhielt', 'id': 2, 'deprel': 'root', 'head': 0}, 'object': {'upos': 'NOUN', 'text': 'Nachricht', 'id': 4, 'deprel': 'obj', 'head': 2}}]",['SVO']
36,Sie führten jedoch auch zwei weitere Messungen in Höhen von 4680 und 4340 m durch.,1,"[{'subject': {'upos': 'PRON', 'text': 'Sie', 'id': 1, 'deprel': 'nsubj', 'head': 2}, 'verb': {'upos': 'VERB', 'text': 'führten', 'id': 2, 'deprel': 'root', 'head': 0}, 'object': {'upos': 'NOUN', 'text': 'Messungen', 'id': 7, 'deprel': 'obj', 'head': 2}}]",['SVO']
851,"Sie hatte fünf Kinder: Berthold, Heimeran, Franz-Ludwig, Valerie und Konstanze.",1,"[{'subject': {'upos': 'PRON', 'text': 'Sie', 'id': 1, 'deprel': 'nsubj', 'head': 2}, 'verb': {'upos': 'VERB', 'text': 'hatte', 'id': 2, 'deprel': 'root', 'head': 0}, 'object': {'upos': 'NOUN', 'text': 'Kinder', 'id': 4, 'deprel': 'obj', 'head': 2}}]",['SVO']
1354,Sie verdiente sich ihren Lebensunterhalt als Jazzsängerin.,1,"[{'subject': {'upos': 'PRON', 'text': 'Sie', 'id': 1, 'deprel': 'nsubj', 'head': 2}, 'verb': {'upos': 'VERB', 'text': 'verdiente', 'id': 2, 'deprel': 'root', 'head': 0}, 'object': {'upos': 'PRON', 'text': 'sich', 'id': 3, 'deprel': 'obj', 'head': 2}}]",['SVO']
1426,Spears trennte sich 2013.,1,"[{'subject': {'upos': 'PROPN', 'text': 'Spears', 'id': 1, 'deprel': 'nsubj', 'head': 2}, 'verb': {'upos': 'VERB', 'text': 'trennte', 'id': 2, 'deprel': 'root', 'head': 0}, 'object': {'upos': 'PRON', 'text': 'sich', 'id': 3, 'deprel': 'obj', 'head': 2}}]",['SVO']
447,"Sportler aus Usbekistan konnten nach dem Zerfall der UdSSR an den Olympischen Spielen teilnehmen, indem sie 1992 das NOK Usbekistans gründeten und ein Jahr später vom IOC anerkannt wurden.",1,"[{'subject': {'upos': 'PRON', 'text': 'sie', 'id': 17, 'deprel': 'nsubj', 'head': 22}, 'object': {'upos': 'PROPN', 'text': 'NOK', 'id': 20, 'deprel': 'obj', 'head': 22}, 'verb': {'upos': 'VERB', 'text': 'gründeten', 'id': 22, 'deprel': 'advcl', 'head': 14}}]",['SOV']
1234,"Standard Oil of California verkaufte diverse Ölstationen im Golf und eine Raffinerie an der Ostküste der USA, um den Ansprüchen von Kartellbehörden gerecht zu werden.",1,"[{'subject': {'upos': 'PROPN', 'text': 'Standard', 'id': 1, 'deprel': 'nsubj', 'head': 5}, 'verb': {'upos': 'VERB', 'text': 'verkaufte', 'id': 5, 'deprel': 'root', 'head': 0}, 'object': {'upos': 'NOUN', 'text': 'Ölstationen', 'id': 7, 'deprel': 'obj', 'head': 5}}]",['SVO']
1789,"Stechmücken wiegen etwa 2 bis 2,5 Milligramm.",1,"[{'subject': {'upos': 'NOUN', 'text': 'Stechmücken', 'id': 1, 'deprel': 'nsubj', 'head': 2}, 'verb': {'upos': 'VERB', 'text': 'wiegen', 'id': 2, 'deprel': 'root', 'head': 0}, 'object': {'upos': 'NOUN', 'text': 'Milligramm', 'id': 7, 'deprel': 'obj', 'head': 2}}]",['SVO']
1380,"Suzanne Collins schrieb ""The Hunger Games"".",1,"[{'subject': {'upos': 'PROPN', 'text': 'Suzanne', 'id': 1, 'deprel': 'nsubj', 'head': 3}, 'verb': {'upos': 'VERB', 'text': 'schrieb', 'id': 3, 'deprel': 'root', 'head': 0}, 'object': {'upos': 'PROPN', 'text': 'Hunger', 'id': 6, 'deprel': 'obj', 'head': 3}}]",['SVO']
1441,"Ted Elliott und Terry Rossio haben das Drehbuch für den Film ""Pirates of the Caribbean – Fluch der Karibik 2"" geschrieben.",1,"[{'subject': {'upos': 'PROPN', 'text': 'Ted', 'id': 1, 'deprel': 'nsubj', 'head': 23}, 'object': {'upos': 'NOUN', 'text': 'Drehbuch', 'id': 8, 'deprel': 'obj', 'head': 23}, 'verb': {'upos': 'VERB', 'text': 'geschrieben', 'id': 23, 'deprel': 'root', 'head': 0}}]",['SOV']
1612,Tennō Hirohito kündigte die Kapitulation Japans im Zweiten Weltkrieg an.,1,"[{'subject': {'upos': 'PROPN', 'text': 'Tennō', 'id': 1, 'deprel': 'nsubj', 'head': 3}, 'verb': {'upos': 'VERB', 'text': 'kündigte', 'id': 3, 'deprel': 'root', 'head': 0}, 'object': {'upos': 'NOUN', 'text': 'Kapitulation', 'id': 5, 'deprel': 'obj', 'head': 3}}]",['SVO']
1955,"Tess begibt sich in ihr Schlafzimmer, wo sie auf die Knie fällt und bitter klagt.",1,"[{'subject': {'upos': 'PROPN', 'text': 'Tess', 'id': 1, 'deprel': 'nsubj', 'head': 2}, 'verb': {'upos': 'VERB', 'text': 'begibt', 'id': 2, 'deprel': 'root', 'head': 0}, 'object': {'upos': 'PRON', 'text': 'sich', 'id': 3, 'deprel': 'obj', 'head': 2}}]",['SVO']
1956,Tess gibt sich den Namen Mrs.,1,"[{'subject': {'upos': 'PROPN', 'text': 'Tess', 'id': 1, 'deprel': 'nsubj', 'head': 2}, 'verb': {'upos': 'VERB', 'text': 'gibt', 'id': 2, 'deprel': 'root', 'head': 0}, 'object': {'upos': 'PRON', 'text': 'sich', 'id': 3, 'deprel': 'obj', 'head': 2}}]",['SVO']
1816,Theodoric wollte durch den Angriff auf Narbo Martius eine Verbindung zum Mittelmeer und zu den über die Pyrenäen nach Spanien verlaufenden Wegen verschaffen.,1,"[{'subject': {'upos': 'PROPN', 'text': 'Theodoric', 'id': 1, 'deprel': 'nsubj', 'head': 24}, 'object': {'upos': 'NOUN', 'text': 'Verbindung', 'id': 10, 'deprel': 'obj', 'head': 24}, 'verb': {'upos': 'VERB', 'text': 'verschaffen', 'id': 24, 'deprel': 'root', 'head': 0}}]",['SOV']
1309,Tiger Woods gewann das Junior World Golf Championship der 9- bis 10-Jährigen im Alter von acht Jahren.,1,"[{'subject': {'upos': 'PROPN', 'text': 'Tiger', 'id': 1, 'deprel': 'nsubj', 'head': 3}, 'verb': {'upos': 'VERB', 'text': 'gewann', 'id': 3, 'deprel': 'root', 'head': 0}, 'object': {'upos': 'PROPN', 'text': 'Junior', 'id': 5, 'deprel': 'obj', 'head': 3}}]",['SVO']
963,Tom Cruise reichte die Scheidung von Nicole Kidman im August 2001 ein.,1,"[{'subject': {'upos': 'PROPN', 'text': 'Tom', 'id': 1, 'deprel': 'nsubj', 'head': 3}, 'verb': {'upos': 'VERB', 'text': 'reichte', 'id': 3, 'deprel': 'root', 'head': 0}, 'object': {'upos': 'NOUN', 'text': 'Scheidung', 'id': 5, 'deprel': 'obj', 'head': 3}}]",['SVO']
616,"Tony Stark informiert Ross, wenn ein Team zusammengestellt wird.",1,"[{'subject': {'upos': 'PROPN', 'text': 'Tony', 'id': 1, 'deprel': 'nsubj', 'head': 3}, 'verb': {'upos': 'VERB', 'text': 'informiert', 'id': 3, 'deprel': 'root', 'head': 0}, 'object': {'upos': 'PROPN', 'text': 'Ross', 'id': 4, 'deprel': 'obj', 'head': 3}}]",['SVO']
1225,Ulrich Beck ging etwa 1966 an die Universität Freiburg im Breisgau ein Studium der Rechtswissenschaften auf.,1,"[{'subject': {'upos': 'PROPN', 'text': 'Ulrich', 'id': 1, 'deprel': 'nsubj', 'head': 3}, 'verb': {'upos': 'VERB', 'text': 'ging', 'id': 3, 'deprel': 'root', 'head': 0}, 'object': {'upos': 'NOUN', 'text': 'Studium', 'id': 14, 'deprel': 'obj', 'head': 3}}]",['SVO']
736,Ungarn gewann das Rückspiel in Budapest mit 7:1.,1,"[{'subject': {'upos': 'PROPN', 'text': 'Ungarn', 'id': 1, 'deprel': 'nsubj', 'head': 2}, 'verb': {'upos': 'VERB', 'text': 'gewann', 'id': 2, 'deprel': 'root', 'head': 0}, 'object': {'upos': 'NOUN', 'text': 'Rückspiel', 'id': 4, 'deprel': 'obj', 'head': 2}}]",['SVO']
60,"Ursprünglich sollte Angel die Rolle eines tapferen, kämpfenden Mädchens übernehmen.",1,"[{'subject': {'upos': 'PROPN', 'text': 'Angel', 'id': 3, 'deprel': 'nsubj', 'head': 11}, 'object': {'upos': 'NOUN', 'text': 'Rolle', 'id': 5, 'deprel': 'obj', 'head': 11}, 'verb': {'upos': 'VERB', 'text': 'übernehmen', 'id': 11, 'deprel': 'root', 'head': 0}}]",['SOV']
1675,"Victoria hat bei Privatlehrern Lektionen in Bibelkunde, Geschichte, Geographie und dem Spracherwerb gelernt.",1,"[{'subject': {'upos': 'PROPN', 'text': 'Victoria', 'id': 1, 'deprel': 'nsubj', 'head': 15}, 'object': {'upos': 'NOUN', 'text': 'Lektionen', 'id': 5, 'deprel': 'obj', 'head': 15}, 'verb': {'upos': 'VERB', 'text': 'gelernt', 'id': 15, 'deprel': 'root', 'head': 0}}]",['SOV']
1550,"Viele Briten misstrauten der neuen Herzogin von York, Maria von Modena, die sie als eine Agentin des Papstes betrachteten.",1,"[{'object': {'upos': 'PRON', 'text': 'die', 'id': 14, 'deprel': 'obj', 'head': 21}, 'subject': {'upos': 'PRON', 'text': 'sie', 'id': 15, 'deprel': 'nsubj', 'head': 21}, 'verb': {'upos': 'VERB', 'text': 'betrachteten', 'id': 21, 'deprel': 'acl', 'head': 6}}]",['OSV']
499,Viele seiner frühen Werke (einige noch aus seiner Zeit als Student) ernteten hohes Kritikerlob.,1,"[{'subject': {'upos': 'DET', 'text': 'Viele', 'id': 1, 'deprel': 'nsubj', 'head': 14}, 'verb': {'upos': 'VERB', 'text': 'ernteten', 'id': 14, 'deprel': 'root', 'head': 0}, 'object': {'upos': 'NOUN', 'text': 'Kritikerlob', 'id': 16, 'deprel': 'obj', 'head': 14}}]",['SVO']
1195,Vijay gab die Liebe zur Familie auf.,1,"[{'subject': {'upos': 'PROPN', 'text': 'Vijay', 'id': 1, 'deprel': 'nsubj', 'head': 2}, 'verb': {'upos': 'VERB', 'text': 'gab', 'id': 2, 'deprel': 'root', 'head': 0}, 'object': {'upos': 'NOUN', 'text': 'Liebe', 'id': 4, 'deprel': 'obj', 'head': 2}}]",['SVO']
1289,"Vikas Swarup studierte Moderne Geschichte, Psychologie und Philosophie an der Allahabad University.",1,"[{'subject': {'upos': 'PROPN', 'text': 'Vikas', 'id': 1, 'deprel': 'nsubj', 'head': 3}, 'verb': {'upos': 'VERB', 'text': 'studierte', 'id': 3, 'deprel': 'root', 'head': 0}, 'object': {'upos': 'NOUN', 'text': 'Moderne', 'id': 4, 'deprel': 'obj', 'head': 3}}]",['SVO']
1113,Viv Richards erzielte im Laufe seiner Karriere 8540 Runs in 121 Tests und 6721 Runs in 187 ODIs.,1,"[{'subject': {'upos': 'PROPN', 'text': 'Viv', 'id': 1, 'deprel': 'nsubj', 'head': 3}, 'verb': {'upos': 'VERB', 'text': 'erzielte', 'id': 3, 'deprel': 'root', 'head': 0}, 'object': {'upos': 'NOUN', 'text': 'Runs', 'id': 10, 'deprel': 'obj', 'head': 3}}]",['SVO']
1084,"Während er in Yale war, hörte er auch Vorlesungen über Elektrizität bei Benjamin Silliman sr.",1,"[{'verb': {'upos': 'VERB', 'text': 'hörte', 'id': 7, 'deprel': 'root', 'head': 0}, 'subject': {'upos': 'PRON', 'text': 'er', 'id': 8, 'deprel': 'nsubj', 'head': 7}, 'object': {'upos': 'NOUN', 'text': 'Vorlesungen', 'id': 10, 'deprel': 'obj', 'head': 7}}]",['VSO']
877,"Wenn zwei Router die gleiche Priorität haben, wird der Router mit der höheren Router-ID gewählt.",1,"[{'subject': {'upos': 'NOUN', 'text': 'Router', 'id': 3, 'deprel': 'nsubj', 'head': 7}, 'object': {'upos': 'NOUN', 'text': 'Priorität', 'id': 6, 'deprel': 'obj', 'head': 7}, 'verb': {'upos': 'VERB', 'text': 'haben', 'id': 7, 'deprel': 'advcl', 'head': 16}}]",['SOV']
845,William Armstrong schloss die Restaurierung ab.,1,"[{'subject': {'upos': 'PROPN', 'text': 'William', 'id': 1, 'deprel': 'nsubj', 'head': 3}, 'verb': {'upos': 'VERB', 'text': 'schloss', 'id': 3, 'deprel': 'root', 'head': 0}, 'object': {'upos': 'NOUN', 'text': 'Restaurierung', 'id': 5, 'deprel': 'obj', 'head': 3}}]",['SVO']
1352,Zadie Smith hat zwei jüngere Brüder.,1,"[{'subject': {'upos': 'PROPN', 'text': 'Zadie', 'id': 1, 'deprel': 'nsubj', 'head': 3}, 'verb': {'upos': 'VERB', 'text': 'hat', 'id': 3, 'deprel': 'root', 'head': 0}, 'object': {'upos': 'NOUN', 'text': 'Brüder', 'id': 6, 'deprel': 'obj', 'head': 3}}]",['SVO']
1353,"Zadie Smiths Eltern haben sich getrennt, als sie ein Teenager war.",1,"[{'subject': {'upos': 'NOUN', 'text': 'Eltern', 'id': 3, 'deprel': 'nsubj', 'head': 6}, 'object': {'upos': 'PRON', 'text': 'sich', 'id': 5, 'deprel': 'obj', 'head': 6}, 'verb': {'upos': 'VERB', 'text': 'getrennt', 'id': 6, 'deprel': 'root', 'head': 0}}]",['SOV']
890,"Zumindest bei höherklassigen Spielen und in der Bundesliga gibt es drei Schiedsrichter, die dem leitenden Schiedsrichter helfen: zwei Schiedsrichterassistenten (Linienrichtern) an den Längsseiten des Spielfeldes und einen Vierten Offiziellen, der das Verhalten der Trainer, Betreuer und Ersatzspieler überwacht.",1,"[{'subject': {'upos': 'PRON', 'text': 'der', 'id': 35, 'deprel': 'nsubj', 'head': 44}, 'object': {'upos': 'NOUN', 'text': 'Verhalten', 'id': 37, 'deprel': 'obj', 'head': 44}, 'verb': {'upos': 'VERB', 'text': 'überwacht', 'id': 44, 'deprel': 'acl', 'head': 33}}]",['SOV']
1996,1034,0,[],[]
110,1057,0,[],[]
981,1308,0,[],[]
471,1786,0,[],[]
1704,1839,0,[],[]
256,1867,0,[],[]
69,1895,0,[],[]
1280,1914,0,[],[]
172,1915,0,[],[]
1574,1916,0,[],[]
120,1919,0,[],[]
87,1920,0,[],[]
1990,1928,0,[],[]
21,1934,0,[],[]
1714,1945,0,[],[]
1800,1948,0,[],[]
1760,1951,0,[],[]
1605,1952,0,[],[]
787,1955,0,[],[]
717,1962,0,[],[]
1657,1966,0,[],[]
500,1968,0,[],[]
826,1976,0,[],[]
605,1981,0,[],[]
1103,1982,0,[],[]
1527,1983,0,[],[]
990,1984,0,[],[]
791,1985,0,[],[]
527,1987,0,[],[]
1651,1991,0,[],[]
530,1995,0,[],[]
1202,1997,0,[],[]
1053,2001,0,[],[]
1416,2006,0,[],[]
954,2007,0,[],[]
1191,2007,0,[],[]
242,2011,0,[],[]
700,2011,0,[],[]
492,2014,0,[],[]
1042,2016,0,[],[]
578,September 2007,0,[],[]
834,"""gefährdet"") gelistet und im Anhang II des Washingtoner Artenschutzübereinkommens (CITES) genannt.",0,[],[]
147,"0,12 Prozent.",0,[],[]
1251,1 oder 2 Gullies werden bei einem sehr offensiven Feld verwendet.,0,[],[]
1708,"1,75 Millionen.",0,[],[]
193,"10,3 Prozent der Familien und 14,5 Prozent der Einwohner lebten unterhalb der Armutsgrenze.",0,[],[]
1277,100 Kandarin sind in 1 Tael.,0,[],[]
1811,127 Menschen leben auf der Insel.,0,[],[]
711,13 Jahre.,0,[],[]
665,150.000 US-Dollar.,0,[],[]
10,152.251 Personen wurden durch die Volkszählung im Jahr 2000 erfasst.,0,[],[]
158,"16,3 Prozent der Familien lebten unterhalb der Armutsgrenze.",0,[],[]
1909,17 Schiffe waren an der zweiten Reise von Christoph Kolumbus beteiligt.,0,[],[]
386,1944 und 1945.,0,[],[]
228,"20,10 %",0,[],[]
1518,200 Lehmhäuser in Dalbandin wurden zerstört.,0,[],[]
961,200 Lichtjahre entfernt von der Sonne.,0,[],[]
600,23 Nationalparks,0,[],[]
274,23.820 USD.,0,[],[]
259,250 Zivilisten sowie 20 japanische Militärangehörige.,0,[],[]
667,2500 Soldaten.,0,[],[]
1521,26 Millionen US-Dollar.,0,[],[]
1771,"3,33 Prozent.",0,[],[]
480,30.000 Menschen mussten in Sicherheit gebracht werden.,0,[],[]
1050,300.000 Exemplare des Buches wurden in weniger als einem Jahr verkauft.,0,[],[]
303,36 Schiffe der gotischen Flotte wurden zerstört.,0,[],[]
866,362 Wickets.,0,[],[]
868,362 Wickets.,0,[],[]
867,"37,69",0,[],[]
1055,38 %,0,[],[]
1329,"38,3 % der Bürger haben für ihn als Bürgermeister gestimmt.",0,[],[]
325,4 in A-Dur op.,0,[],[]
1169,46 Meter hoch.,0,[],[]
255,47 Besatzungsmitglieder kamen bei der Explosion im Jahre 1989 auf dem Marineschiff Iowa um.,0,[],[]
397,5 Quadratkilometer Wasserfläche.,0,[],[]
980,60 Sitze der Abgeordnetenkammer sind für Frauen reserviert.,0,[],[]
1904,70 Kinder im Alter zwischen vier und sechs Jahren wurden im Schulbus transportiert.,0,[],[]
1913,7000 Männer waren an der Invasion von San Juan beteiligt.,0,[],[]
969,"8,8 Prozent.",0,[],[]
930,80 bis 90 % der Frauen.,0,[],[]
1387,80 km/h.,0,[],[]
865,88 Test Matches.,0,[],[]
325,"90, ""Italienische"", wurde von Felix Mendelssohn Bartholdy geschrieben, nicht von einem deutschen Komponisten.",0,[],[]
1923,"93,8 Männer kamen auf 100 Frauen.",0,[],[]
160,"98,83 %",0,[],[]
1868,A.S.S.,0,[],[]
654,Aciclovir.,0,[],[]
248,Acronicta auricoma ist eine Eulenfalter (Noctuidae).,0,[],[]
1749,Adeodatus diente etwa 40 Jahre lang als Presbyter in Rom vor seiner Wahl zum Papst.,0,[],[]
656,Adil wurde aus dem Gefängnis freigelassen.,0,[],[]
1543,Adira.,0,[],[]
780,"Agra ist die Hauptstadt des Distrikts, aber es gibt keine Information über den Hauptsitz von Agras.",0,[],[]
710,Ahal welaýaty ist eine der fünf Provinzen Turkmenistans.,0,[],[]
1152,Aiwasowski starb im Jahr 1900.,0,[],[]
191,Al Bano's echter Name ist Albano Carrisi.,0,[],[]
1071,Albert Wendt ist ein samoanischer Dichter.,0,[],[]
1957,Alec wurde tot aufgefunden.,0,[],[]
1545,Alexander Lukaschenko ist der Präsident von Weißrussland.,0,[],[]
529,"Alexei Kornienko arbeitete in verschiedenen Bereichen, darunter in einer Fabrik für Radiozubehör in Tscheljabinsk, in der Sowjetarmee, bei den Fallschirmtruppen in Kirowabad, in der Moskauer Miliz, am Moskauer Luftfahrtinstitut und am Raumfahrtbahnhof in Baikonur.",0,[],[]
914,"Ali Mughayat Syah begann 1520 in Eroberungszügen, um seine Kontrolle auf ganz Nordsumatra auszudehnen.",0,[],[]
719,Alice folgt dem weißen Kaninchen in seinen Bau und landet in einem Raum mit vielen Türen.,0,[],[]
951,Alkohol.,0,[],[]
760,Alkoholhaltige Getränke sind nicht koscher.,0,[],[]
1200,"Alpha-1-Fetoprotein (AFP) ist ein Glykoprotein, das während der menschlichen Embryonalentwicklung im Laufe der Schwangerschaft vom entodermalen Gewebe und der fetalen Leber gebildet wird.",0,[],[]
483,Als Ingenieur arbeitete Hu Jintao im sinohydrischen Ingenieursbüro Nummer 4.,0,[],[]
384,Am 1.,0,[],[]
1500,Am 28.,0,[],[]
1524,Am 5.,0,[],[]
1229,Am 9.,0,[],[]
1979,Am Morgen des 24.,0,[],[]
1618,Amin wurde am 1.,0,[],[]
1283,An den Japanischen Yen wurde er gebunden.,0,[],[]
161,Ananda Everingham ist ein Filmschauspieler und Model.,0,[],[]
1830,"Anastacia Lyn Newkirk, besser bekannt als Anastacia, wurde am 17.",0,[],[]
1958,Angel wird von Sandbourne entmutigt verlassen.,0,[],[]
757,"Anna Mitchell-Hedges, die Adoptivtochter von F.A.",0,[],[]
1483,Anne Boleyn.,0,[],[]
1399,Antarktika ist der kälteste Kontinent der Erde.,0,[],[]
64,Antiochos III.,0,[],[]
1540,Antwerpen.,0,[],[]
1294,API steht für Programmierschnittstellen.,0,[],[]
589,"April 1858 von der ""Whitechapel Bell Foundry"" gegossen.",0,[],[]
231,"April 1955, um mit der 7.",0,[],[]
1606,April 1973.,0,[],[]
660,April 1976 geboren.,0,[],[]
1231,April 1996 statt.,0,[],[]
1440,April in Toronto.,0,[],[]
1235,Äquatorialguinea.,0,[],[]
1439,Arbeitskraft.,0,[],[]
445,Ariadne war in der griechischen Mythologie die Tochter des kretischen Königs Minos und seiner Gattin Pasiphaë.,0,[],[]
446,Ariadne wird in der Geschichte von Theseus und dem Minotaurus verlassen und später von Dionysos gefunden und verheiratet.,0,[],[]
1166,Arm- und Beinknochen.,0,[],[]
307,Armee das Gebiet einnehmen konnte.,0,[],[]
211,Armee in Rabaul die Nachricht von der fast vollständigen Vernichtung des Regiments.,0,[],[]
214,Arsenal spielte zwischen 1890 und 1893 im Invicta Ground.,0,[],[]
378,Arsène Wenger half bei seiner Genesung.,0,[],[]
931,Arthur Conan Doyle wurde am 22.,0,[],[]
1568,Aserbaidschan.,0,[],[]
822,Aston Villa Football Club.,0,[],[]
487,August 1485 ankam.,0,[],[]
1618,August 1929 geboren.,0,[],[]
153,August 1974.,0,[],[]
1229,August 1995 traten KISS in der Sendung MTV Unplugged auf.,0,[],[]
545,August 2008.,0,[],[]
179,August 2014 und endeten am 31.,0,[],[]
613,August bis zum 9.,0,[],[]
601,August Poniatowski.,0,[],[]
155,Augustus.,0,[],[]
1207,"Auks können in den kühlen, borealen bis kalten, arktischen Gewässern des Nordatlantiks und des Nordpazifiks gefunden werden.",0,[],[]
1437,"Aurangzeb, der Großmogul des Mughal-Reichs, starb 1707.",0,[],[]
743,Australien.,0,[],[]
1635,Australien.,0,[],[]
1742,"Australier kämpften an der Westfront in Frankreich und Belgien, in der Schlacht von Gallipoli in der Türkei und auf verschiedenen anderen Kriegsschauplätzen.",0,[],[]
1348,AVC steht für Advanced Video Coding.,0,[],[]
314,Bangkok ist die Hauptstadt von Thailand.,0,[],[]
346,Barburova schrieb für die Zeitung Nowaja Gaseta.,0,[],[]
501,"Bayramovs patriotisches Gemälde hieß ""Hilfe für die Front"".",0,[],[]
673,Beim Stadtbrand von 1941 wurde die Kathedrale schwer beschädigt und musste zeitweise geschlossen werden.,0,[],[]
1862,Bert starb im November 1886 an Dysenterie in der Kolonie Annam und Tonkin.,0,[],[]
596,Bess Katramados.,0,[],[]
620,Besucher aus sozialistischen Ländern.,0,[],[]
960,Beta Andromedae ist ein Roter Riese vom Spektraltyp M0 III.,0,[],[]
1474,Beth,0,[],[]
1054,Bier ist das älteste und am häufigsten konsumierte alkoholische Getränk.,0,[],[]
1227,Bill Aucoin war der Manager von KISS.,0,[],[]
1432,Blut.,0,[],[]
657,Boeing 737 und Airbus A320.,0,[],[]
1995,"Boioannes begann, eine Festung auf einem Pass der Apenninen zu bauen, um den Eingang in die apulische Ebene zu sichern.",0,[],[]
388,Bokuto steht für ein traditionelles japanisches Schwert.,0,[],[]
621,Bombay war 1687 die Hauptstadt aller Besitzungen der East India Company in Indien.,0,[],[]
1163,Bono.,0,[],[]
1428,"Britney Spears wurde als Kind mit einer Vollzeit-Karriere gehetzt, was als unüblich betrachtet wurde.",0,[],[]
1589,Brunei wurde im Jahr 1984 unabhängig.,0,[],[]
1257,Bud Prager.,0,[],[]
1028,Bukavu ist die Hauptstadt der Demokratischen Republik Kongo.,0,[],[]
618,Bulbul-e-Paristan,0,[],[]
78,Bullard und Worth gingen zunächst nach Liverpool.,0,[],[]
278,Byck wurde von zwei Kugeln getroffen.,0,[],[]
1864,Caesiumnitrat.,0,[],[]
1740,Canberra.,0,[],[]
53,Captain Roger Welles.,0,[],[]
1731,Carrel ist am 5.,0,[],[]
772,Cassatt starb 1926.,0,[],[]
775,Cecelia Marie Halpert.,0,[],[]
103,Central Visayas besteht aus den Hauptinseln Cebu und Bohol sowie der Osthälfte von Negros.,0,[],[]
411,Charlene Mitchell.,0,[],[]
661,Charlotte Mary Mew war eine englische Dichterin.,0,[],[]
1331,Chester-le-Street liegt im nordenglischen County Durham.,0,[],[]
28,China,0,[],[]
385,China.,0,[],[]
1281,China.,0,[],[]
847,Chitin.,0,[],[]
817,"Chris Benoit, seine Frau Nancy und ihr siebenjähriger Sohn Daniel.",0,[],[]
1949,"Christopher Lloyd und Steven Levitan sind die Autoren der Comedyserie ""Modern Family"".",0,[],[]
1005,"Christopher Nolan ist britisch-US-amerikanischer Filmregisseur, Drehbuchautor und Filmproduzent.",0,[],[]
1950,Claire Dunphy lebte in Los Angeles County.,0,[],[]
763,Clarence Melvin Zener.,0,[],[]
107,Classis eroberte.,0,[],[]
55,"Claudia Schiffer's Vater, Heinrich Schiffer, war Rechtsanwalt.",0,[],[]
1438,Clive kehrte Ende Januar 1767 endgültig in seine Heimat zurück.,0,[],[]
1436,Clive of India verstarb am 22.,0,[],[]
19,Colgate ist auf der Liste der einhundert besten Hochschulen für homo- und bisexuelle Studierende und auf der Liste der sportlichsten Colleges in Amerika.,0,[],[]
1510,Cooper war von Dezember 2006 bis Mai 2007 mit Jennifer Esposito verheiratet.,0,[],[]
1066,Coopers & Lybrand und Price Waterhouse bestehen jeweils seit über 150 Jahren.,0,[],[]
1241,Curling wurde als offizieller Wettbewerb bei den Olympischen Winterspielen eingeführt.,0,[],[]
1956,d'Urberville.,0,[],[]
1795,"Dal-bhat-tarkari ist ein Standardgericht, das zweimal am Tag gegessen wird.",0,[],[]
275,Daly gehört der kanadischen Nation an.,0,[],[]
1393,Daman und Diu blieben nach der Spaltung ein Unionsgebiet.,0,[],[]
189,"Dangaura Tharu ist im westlichen Terai in Nepal in den Distrikten Dang Deukhuri, Banke und Bardiya ansässig.",0,[],[]
1754,"Daniel Frost Comstock schlug vor, die Relativität der Gleichzeitigkeit durch Synchronisation mit Lichtsignalen zu vereinfachen.",0,[],[]
675,"Dankbarkeit wird in christlichen, buddhistischen, moslemischen, jüdischen und hinduistischen Traditionen als wertvolle menschliche Neigung gesehen.",0,[],[]
676,Dankbarkeit.,0,[],[]
681,Dankbarkeit.,0,[],[]
682,Dankbarkeit.,0,[],[]
319,"DAP steht für Diammoniumhydrogenphosphat, ein Ammoniumsalz der Phosphorsäure.",0,[],[]
1447,Das 20.,0,[],[]
871,"Das Akronym MDT steht für Meningitis, Malaria, Tuberkulose.",0,[],[]
606,"Das Album ""Waiting for the Sun"" ist von der britischen Rockband The Doors.",0,[],[]
1960,Das Anwesen war bei der Ankunft leer.,0,[],[]
362,Das Barbour County befindet sich im Bundesstaat West Virginia der Vereinigten Staaten.,0,[],[]
1128,Das Bauwerk besteht aus sieben dreieckig geformten Wänden.,0,[],[]
1522,"Das Betriebssystem, das auf dem Nexus 5 zum Einsatz kommt, ist Android-Version 4.4 KitKat.",0,[],[]
502,"Das Bild ""Turkmenische Teppichweberinnen"" entstand 1971.",0,[],[]
181,Das Bomben-Navigationsradar.,0,[],[]
30,"Das britische Flugzeug, das erst in China und dann in Indien hergestellt wurde, ist der Hawk 75A-5, auch bekannt als Mohawk IV.",0,[],[]
291,"Das Buch heißt ""The Little Princesses"".",0,[],[]
310,Das Café de la Régence befand sich in Paris.,0,[],[]
1798,Das Celebesbecken wurde vor 42 Millionen Jahren geformt.,0,[],[]
1169,"Das Denkmal besteht aus pyramidenförmig angeordneten sieben gleichschenkligen Dreiecken, von denen das mittlere das höchste ist.",0,[],[]
754,Das Dream Theater wurde im September 1985 gegründet.,0,[],[]
1614,Das Drehbuch für The Hunger Games: Catching Fire stammt von Simon Beaufoy und Michael Arndt.,0,[],[]
1584,"Das dritte Gesetz, das Government of Ireland Act 1914, wurde nicht verabschiedet, da es aufgrund des Ausbruchs des Ersten Weltkriegs nicht umgesetzt werden konnte.",0,[],[]
148,Das Durchschnittseinkommen der Männer betrug 28.884 USD.,0,[],[]
157,"Das Durchschnittseinkommen eines Haushalts betrug 27.066 USD, das Durchschnittseinkommen der Familien betrug 32.431 USD.",0,[],[]
243,Das Durchschnittseinkommen von Männern im County beträgt 26.302 USD.,0,[],[]
1037,"Das Enzym, das im RT-PCR-Test verwendet wird, ist die Reverse Transkriptase (RT).",0,[],[]
1679,"Das erste Flugzeug, das in Candler Field landete, war ein Postflugzeug der Florida Airways aus Jacksonville (Florida).",0,[],[]
417,"Das Exemplar des Sumatrafasans wurde auf einem Markt in Medan entdeckt, das aus dem Gunung Leuser-Nationalpark stammte.",0,[],[]
173,Das Ferapontow-Kloster wurde nach dem Tode Martinians durch die Mitglieder der Familie Iwans III.,0,[],[]
1678,Das Formular für die anorganische Mischung Ammoniumperchlorat ist NH4ClO4.,0,[],[]
677,"Das Gebet, in dem Dankbarkeit erwähnt wird, ist das Schma Jisrael.",0,[],[]
792,Das Geburtsdatum von Amedeo Clemente Modigliani ist der 12.,0,[],[]
322,Das Gelände sollte zu einem kommerziellen Badeort und Wasserpark umgestaltet werden.,0,[],[]
541,"Das Glas für die Säulen der Skulptur ""Grön eld"" wurde vom Emmaboda glasverk in Schweden gefertigt.",0,[],[]
1777,Das Grab von Henutsen ist möglicherweise die dritte der drei Nebenpyramiden (Pyramide G1-c) der Pyramidennekropole des Cheops in Gizeh.,0,[],[]
481,Das Grundstück wird heute vom National Botanical Research Institute von Indien genutzt.,0,[],[]
435,Das Haar der Männchen dunkler und dann schwarz wird nach rund einem halben Jahr nach der Geburt.,0,[],[]
403,"Das Habitat des Geleges von Cape Francolin kann offen, gestrüppreichen Gebiet mit Fließgewässern nahe sein.",0,[],[]
752,Das Hauptquartier von Reliance Industries Limited (RIL) ist in Mumbai.,0,[],[]
1924,"Das Hauptziel der OFID ist die Förderung der Süd-Süd-Kooperation mit anderen Entwicklungsländern weltweit mit dem Ziel, die Armut gänzlich zu überwinden.",0,[],[]
197,Das Hubble-Weltraumteleskop.,0,[],[]
363,Das jährliche Durchschnittseinkommen der Männer betrug 24.861 USD.,0,[],[]
416,"Das Kaliber des AA-52 ist 7,62 Millimeter.",0,[],[]
1642,Das Kiefergelenk von Säugetieren besteht aus den Deckknochen Dentale und Squamosum.,0,[],[]
413,"Das Kinderbuch von Minogue heißt ""The Showgirl Princess"".",0,[],[]
414,Das Klima ist tropisch warm ohne ausgeprägte Jahreszeiten.,0,[],[]
551,Das Labor wurde in Landshut gebaut.,0,[],[]
477,Das Landhaus des Vizekönigs in Darjiling.,0,[],[]
58,"Das Lied ""Emotions"" von Mariah Carey blieb drei Wochen an der Spitze der Billboard Hot 100.",0,[],[]
217,"Das Lied ""Rolling in the Deep"" von Adele gehört zum Soundtrack des Films ""I Am Number Four"" aus dem Jahre 2011.",0,[],[]
1673,"Das Lied ""Toxic"" stammt aus dem vierten Studioalbum ""In the Zone"" von Britney Spears.",0,[],[]
1502,"Das Männchen des Himalaya-Glanzfasans wiegt bis zu 2,5 kg.",0,[],[]
1085,"Das Meisterwerk des jungen Künstlers ist ein Tonmodell ""The Dying Hercules"".",0,[],[]
1846,"Das Mixtape ""Workprint: The Greatest Mixtape of All Time"" wurde 2007 von Future Joyner und seinem Onkel Cyrus tha Great veröffentlicht.",0,[],[]
526,Das moderne Usbekische und das Uigurische sind die direkten Nachfolgesprachen des Tschagataischen.,0,[],[]
785,Das Museums-Haus Gaudí wurde am 28.,0,[],[]
1926,"Das OFID-Gebäude diente als Palais erst ab 1894, als Hauptquartier des Deutschritterordens und später als Residenz der Deutschmeister.",0,[],[]
712,Das Pantanal befindet sich hauptsächlich im mittleren Südwesten von Brasilien in den Bundesstaaten Mato Grosso und Mato Grosso do Sul sowie dem Mato-Grosso-Plateau.,0,[],[]
283,Das Parlament.,0,[],[]
35,"Das Pendel wird leicht von seiner ursprünglichen Position abweichen, da es von der gravitativen Anziehung der großen Masse beeinflusst wird.",0,[],[]
766,"Das perfekte Erinnerungsvermögen im Spiel ist das Wissen jedes Spielers über alle Informationen, die ihm bereits in der Vergangenheit zugänglich waren.",0,[],[]
503,"Das Projekt ""Kulturelle Persönlichkeiten"" von Bayramov dauerte über vier Jahrzehnte an.",0,[],[]
1116,Das Projekt heißt phoneME.,0,[],[]
276,Das Prokopfeinkommen betrug 17.210 USD.,0,[],[]
769,Das Ranking basiert auf einer Umfrage unter Personalern und Managern führender internationaler Unternehmen aus zwanzig Ländern.,0,[],[]
992,"Das RDFRS, die Richard Dawkins Foundation for Reason and Science, wurde im Jahre 2006 gegründet.",0,[],[]
1150,Das russische Äquivalent von GPS heißt GLONASS.,0,[],[]
672,Das Sarvadarshanasamgraha des Sayana wurde im 14.,0,[],[]
232,Das Schiff hieß SPS Alcalá Galiano.,0,[],[]
133,Das Schiff Honolulu trat 1939 der Pazifikflotte bei.,0,[],[]
168,"Das Spiel ""Five Nights at Freddy's: Sister Location"" wurde am 7.",0,[],[]
1305,Das Spiel beginnt mit einem Flugzeugabsturz über dem Atlantik im Jahr 1960.,0,[],[]
1451,Das TRIPS-Abkommen muss ratifiziert werden.,0,[],[]
1877,Das Universum wird so gut wie leer sein.,0,[],[]
1823,Das Unternehmen Aldi wurde 1961 getrennt.,0,[],[]
1306,Das Unterseeboot der US-Navy wird von den Splicern übernommen und die Mannschaft getötet.,0,[],[]
1726,Das Werk wurde zwischen 1776 und 1789 veröffentlicht.,0,[],[]
1180,Das Wilkesland ist der größte Bereich des Australischen Antarktis-Territoriums der östlichen Antarktis.,0,[],[]
1408,Das World Wide Web wurde 1991 bis 1993 geboren.,0,[],[]
1768,"Das Wort Rex bedeutet ""König"" auf Latein.",0,[],[]
1873,Das Zentrum hat große Arbeit geleistet für den Schutz der Rechte und Interessen von Frauen in China.,0,[],[]
858,"Das Ziel der NROs ist, weltweit einzelne Personen über NROs und deren Auswirkungen aufzuklären.",0,[],[]
1041,"Das Ziel des Joggens ist die Steigerung der körperlichen Ausdauer, die physische Leistungsfähigkeit und die Stärkung des Herz-Kreislauf-Systems.",0,[],[]
857,"Das Ziel des Welttages der NRO ist, die Menschen zu inspirieren, sie aktiver in NROs einzuführen und eine stärkere Symbiose zwischen NROs und dem öffentlichen und privaten Sektor zu fördern.",0,[],[]
1498,"Das zur Universität gehörende Umweltreservat Jasper Ridge Biological Preserve, das sich südlich des Hauptcampus befindet.",0,[],[]
546,"Das zweite Album von Ellie Goulding heißt ""Halcyon"".",0,[],[]
561,"David Eccles, der damalige Minister für die Künste, war für die dekorativen Vorbereitungen zuständig.",0,[],[]
975,Dean machte während seiner Zeit bei UCLA James Whitmores Theater-Workshop besucht.,0,[],[]
974,"Dean war neun Jahre alt, als seine Mutter starb.",0,[],[]
1918,debütierte im Lucha Libre Wrestling mit 14 Jahren.,0,[],[]
116,"den Ogasawara-Inseln, Iwojima, Chichi-jima, Haha-jima, Guam, Rota, Palau und Saipan.",0,[],[]
1969,den Thronverzicht gefordert.,0,[],[]
626,Der 3.,0,[],[]
1304,"Der Alumni-Vorstand besteht aus dem CAA-Präsident, dem CEMS Executive Director, einem Vertreter des CEMS-Studentenvorstands, einem Vertreter der CEMS-Mitgliedshochschulen, 3 Local-Committee-Vertretern, 2 Senior-Alumni und 2 Junior-Alumni.",0,[],[]
1888,"Der atlantische Riesenzackenbarsch (Epinephelus itajara) kommt vor in den Florida Keys, den Bahamas, der Karibik, brasilianischen Küstengewässern, seltener in Neuengland, Maine oder Massachusetts und auf afrikanischer Seite vom Kongo bis nach Senegal.",0,[],[]
899,Der Ball wiegt zwischen 567 und 650 Gramm.,0,[],[]
1127,Der Bangladesch-Krieg.,0,[],[]
747,Der Battagram Distrikt liegt in Pakistan.,0,[],[]
71,Der Bau der Henschel Flugzeug-Werke in Schönefeld begann am 15.,0,[],[]
376,Der Bauvertrag mit der John F. Kennedy war wertvoll 374 Mio.,0,[],[]
531,"Der Beutelteufel ist das größte lebende, fleischfressende Beuteltier.",0,[],[]
264,Der botanische Name des ägyptischen Klees ist Trifolium alexandrinum.,0,[],[]
1880,"Der Broadway wurde komplett verdunkelt, um Katharine Hepburn zu ehren.",0,[],[]
934,Der Club wurde als Football Club Barcelona im Jahr 1899 gegründet.,0,[],[]
431,Der Coppermine River entspringt beim Lac de Gras.,0,[],[]
323,Der Crawley Town Football Club stammt aus der Stadt Crawley in West Sussex.,0,[],[]
1155,"Der Da Vinci Code erschien 2003 unter dem Titel ""The Da Vinci Code"" und 2004 unter dem Titel ""Sakrileg"" in Übersetzung.",0,[],[]
374,Der dadurch erlittene Schaden war für das Bakufu immens.,0,[],[]
1167,"Der Debüt-Film von Peter Dinklage, der 1995 debütierte, ist das Filmdrama ""Living in Oblivion"" von Tom DiCillo.",0,[],[]
564,Der dreieckige College Green gegenüber dem House of Lords wird üblicherweise für Fernsehinterviews mit Politikern genutzt.,0,[],[]
764,Der erste Flug von McGee Airways startete zwischen Anchorage und Bristol Bay.,0,[],[]
1040,Der erste Jogging-Club wurde 1961 gegründet.,0,[],[]
1772,"Der erste Teil des Ländercodes von Peru ist ""PE"".",0,[],[]
1883,Der Europäische Wolfsbarsch ist ein Fisch.,0,[],[]
1279,"Der Fǎbì wurde verwendet, nachdem der Silberstandard in China zusammengebrochen war, da der Anstieg des Silberpreises zu einem Abfluss des Edelmetalls aus China führte.",0,[],[]
1456,"Der Film ""Snow White and the Huntsman"" erschien 2012.",0,[],[]
1383,Der Film war bei den Golden Globe Awards 2008 in fünf Kategorien nominiert.,0,[],[]
327,Der Flughafen Dallas/Fort Worth ist als DFW bekannt.,0,[],[]
72,"Der Flughafen Schönefeld soll ein leistungsfähigerer ""Single Airport"" werden, also Berlins einzigem Flughafen.",0,[],[]
873,Der Fluss hieß früher Zhe Jiang.,0,[],[]
669,Der Fluss South Nahanni entspringt am Mount Christie in den Mackenzie Mountains auf einer Höhe von 1600 m.,0,[],[]
1219,Der Fluss Tschüi verhilft dem Land zur Fruchtbarkeit durch die intensive Bewässerung der fruchtbaren Böden.,0,[],[]
544,Der Fußball wird erwähnt.,0,[],[]
250,"Der Fußballverein AS Viterbese Castrense sitzt in Viterbo, Italien.",0,[],[]
408,Der Generalbefehl vom 6.,0,[],[]
377,"Der Gewinner des Booker Prize wird durch einen Beirat der Bookerpreisstiftung ausgewählt, der aus Vertretern der Schriftsteller, Verleger, Literaturagenten, Buchhändlern, Bibliothekaren und einem Moderator und Vorsitzenden der Stiftung besteht.",0,[],[]
1558,Der Hauptunterschied zwischen Demand Chain Management (DCM) und Supply Chain Management (SCM) liegt in der Betonung.,0,[],[]
721,Der Herzbube wird in Alice im Wunderland wegen Diebstahls vor Gericht gestellt.,0,[],[]
1503,"Der Himalaya-Glanzfasan kommt vor in Afghanistan, Bhutan, Nepal, Tibet und im Himalaja.",0,[],[]
1398,Der höchste Berg Antarktikas ist Mount Vinson mit einer Höhe von 4892 Metern.,0,[],[]
1639,Der höchste Punkt der Insel ist der 705 m hohe Mount Usborne.,0,[],[]
1169,Der höchste Punkt des Denkmals ist ca.,0,[],[]
1078,"Der höchste Punkt Schwedens, der Kebnekaise, liegt etwa 2.100 Meter über dem Meerespiegel.",0,[],[]
249,Der italienische Fußballverein Viterbese Castrense spielt derzeit in der Serie C.,0,[],[]
1702,Der Jahresniederschlag in Minnesota variiert je nach Ort.,0,[],[]
1698,Der Kanadische Schild befindet sich im Nordosten Minnesotas.,0,[],[]
1991,Der Katepano Johannes Kurkuas wurde Anfang 1010 im Kampf getötet.,0,[],[]
1265,Der Kern wurde in einem 90-nm-Prozess gefertigt.,0,[],[]
1761,Der Kodiakbär gehört zur Unterart des Braunbären (Ursus arctos).,0,[],[]
1160,Der Koran besteht aus 114 mit Namen versehenen Suren.,0,[],[]
1159,Der Koran.,0,[],[]
1464,Der lateinische Name für den Elefanten aus Sri Lanka ist Elephas maximus maximus.,0,[],[]
1357,"Der latinisierte Name von Hasan Ibn al-Haytham ist Alhacen, Avennathan oder Avenetan.",0,[],[]
1964,"Der letzte deutsche Monarch, Günther Victor von Schwarzburg Rudolstadt, hat am 25.",0,[],[]
1689,Der Manchinelbaum (Hippomane mancinella) wird als einer der giftigsten Bäume der Welt bezeichnet.,0,[],[]
1963,Der Massenprotest führte zu einem allgemeinen Aufstand und der Übernahme öffentlicher und militärischer Einrichtungen Kiels durch Soldaten und Arbeiter.,0,[],[]
1709,Der Minneapolis-St.,0,[],[]
1712,"Der Mond befindet sich zwischen der Erde und der Sonne während einer Sonnenfinsternis, die nur bei Neumond auftreten kann.",0,[],[]
639,Der Mount Everest.,0,[],[]
725,"Der Name ""Shaula"" wird dem Stachel des Skorpions wegen seiner einzigartigen Merkmale im arabischen Raum gegeben.",0,[],[]
638,Der Name Barclay wurde erstmals 1736 im Zusammenhang mit dem Bankhaus verwendet.,0,[],[]
320,Der Name des Flughafens wurde am 13.,0,[],[]
1262,"Der Name des Kerns, der von Intel im Jahr 2002 herausgegeben wurde, ist Northwood.",0,[],[]
1616,Der Name Epimetheus wurde am 30.,0,[],[]
1537,Der Name Konstanz stammt wahrscheinlich von Kaiser Constantius I. oder seinem Enkel Kaiser Constantius II.,0,[],[]
1245,Der Name Shakira stammt aus dem Arabischen.,0,[],[]
862,"Der NGO-Welttag wird auf sechs Kontinenten gefeiert, nämlich in Afrika, Asien, Europa, Nordamerika, Südamerika und Ozeanien.",0,[],[]
1481,Der Nobelpreis für Physiologie oder Medizin.,0,[],[]
1634,Der Oberste Richter ist verantwortlich für die Beschwerdekammer für den öffentlichen Dienst (Public Service Appeal Board) und die Polizeibeschwerdekammer (Police Appeal Board).,0,[],[]
1925,Der OFID-Sitz befindet sich in Wien.,0,[],[]
476,Der Präsident von Indien.,0,[],[]
979,Der Preis wurde ihm in der Musik verliehen.,0,[],[]
1346,Der private SSH-Schlüssel kann mit einem Passwort geschützt werden.,0,[],[]
572,"Der protestantische König Jakob I., seine Familie und ein Großteil der Aristokratie wären getötet worden.",0,[],[]
625,Der Riesenstern Kochab gehört der Spektralklasse K4 und der Leuchtkraftklasse III an.,0,[],[]
459,Der Ritterschlag und Ordensverleihungen finden im viktorianischen Ballsaal statt.,0,[],[]
1751,"Der Roman ""Die Zeitmaschine"" von H. G. Wells wurde 1895 veröffentlicht.",0,[],[]
96,"Der Roman wurde in folgenden Sprachen übersetzt: Englisch, Französisch, Italienisch, Spanisch, Niederländisch, Tschechisch, Polnisch, Russisch, Lettisch, Japanisch und Türkisch.",0,[],[]
1459,Der Rubel aus der Sowjetzeit.,0,[],[]
1323,"Der schneereichste Winter, der jemals aufgezeichnet wurde, war der Winter 1983/84, als 2,5 Meter Schnee fielen.",0,[],[]
748,Der Shangla Distrikt liegt im Westen.,0,[],[]
1520,"Der Sitz von Pixar ist in Emeryville, Kalifornien.",0,[],[]
343,"Der Song ""Survivor"" wurde von Frontfrau Beyoncé Knowles, Anthony Dent und Mathew Knowles geschrieben und komponiert.",0,[],[]
691,Der Song wurde in Malibu am Klavier geschrieben.,0,[],[]
328,"Der Spitzname des Flugzeuges VC-54C lautet ""Heilige Kuh"" (Sacred Cow).",0,[],[]
961,Der Stern Mirach ist ca.,0,[],[]
692,Der Turibaum (Sesbania grandiflora) wird der Familie der Hülsenfrüchtler (Fabaceae) zugeordnet.,0,[],[]
358,Der Umzug wird vom Münchner Kindl angeführt.,0,[],[]
1485,Der Vertrag von London wurde 1604 geschlossen.,0,[],[]
1212,Der Vertrag von Petrópolis wurde am 17.,0,[],[]
560,"Der Vertrag, der nach dem versuchten Staatsstreich 1981 unterzeichnet wurde, war der Vertrag zwischen Gambia und Senegal am 12.",0,[],[]
1769,Der Verwaltungssitz von Wood County ist Bowling Green.,0,[],[]
1003,"Der Vizepräsident kann zum Präsidenten werden, wenn der Präsident stirbt, zurücktritt oder entlassen wird, oder wenn er länger krank ist oder abwesend ist.",0,[],[]
861,Der Welttag der NRO wurde in sechs Kontinenten gefeiert.,0,[],[]
859,Der Welttag der NRO.,0,[],[]
703,Der wissenschaftliche Name des Gelbschnabeldrosslings ist Turdoides affinis.,0,[],[]
1097,Der Zweite Englisch-Birmanische Krieg brach 1852 aus.,0,[],[]
57,Der Zweiten Weltkrieg.,0,[],[]
1922,Des Moines ist die Hauptstadt und größte Stadt des US-Bundesstaates Iowa.,0,[],[]
728,"Deutsch ist die größte Abstammungsgruppe in Missouri mit 27,4 Prozent.",0,[],[]
348,Deutsche.,0,[],[]
1945,Deutscher.,0,[],[]
1161,Dezember,0,[],[]
408,Dezember 1922 wurde herausgegeben.,0,[],[]
206,Dezember 1935 von seinem Amt zurück.,0,[],[]
1519,"Dezember 1950 in Bombay, Maharashtra, gestorben.",0,[],[]
1594,Dezember 1966.,0,[],[]
1226,Dezember 1973 in der Academy of Music in New York.,0,[],[]
1447,Dezember 2000.,0,[],[]
1394,Dezember 2011 vom Weltraumteleskop Kepler entdeckt: Kepler-20e und Kepler-20f.,0,[],[]
135,Dezember.,0,[],[]
1979,Dezember.,0,[],[]
734,Dick.,0,[],[]
986,Die A92 wurde nach dem Bau der A90 als touristische Route genutzt.,0,[],[]
609,Die Abkürzung des Bildungsministeriums ist MEXT.,0,[],[]
1208,"Die Abkürzung FEMA steht für Federal Emergency Management Agency, die in den USA zuständig ist.",0,[],[]
1140,Die Abkürzung für Japan Self-Defense Forces ist SDF.,0,[],[]
1929,"Die Abkürzung HIPC steht für ""Heavily Indebted Poor Countries"", was so viel wie ""stark verschuldete Armutsländer"" bedeutet.",0,[],[]
1620,"Die afghanischen Nachrichtenmedien verschwiegen, dass Taraki ermordet wurde.",0,[],[]
1753,Die alte Definition für die longitudinale und transversale Masse wurde überflüssig.,0,[],[]
267,"Die am meisten ins Auge fallenden Eigenschaften der Bodenbeschaffenheit von Thailand sind die Gebirge im Norden, die Zentralebene des Chao Phraya und eine Hochebene.",0,[],[]
1632,"Die am weitesten verbreitete Religion auf Nauru sind Protestanten, insgesamt etwa 60 % der Bevölkerung.",0,[],[]
1030,"Die Amtssprachen in den Komoren sind Komorisch, Arabisch und Französisch.",0,[],[]
289,Die Andamanensee und der Golf von Thailand.,0,[],[]
489,"Die andere, ähnliche Krankheit, namens Picardsches Schweißfieber, trat in Frankreich, Italien und Süddeutschland auf.",0,[],[]
1659,Die Angeln migrierten nach Großbritannien im Frühmittelalter.,0,[],[]
821,Die Anti-Apartheid-Demonstrationen fanden in den 1980er Jahren statt.,0,[],[]
685,Die Antwort auf die Frage lautet: Die USA.,0,[],[]
27,Die Antwort auf Ihre Frage ist: 1960er-Jahre.,0,[],[]
312,"Die Antwort auf Ihre Frage lautet: ""Impression, soleil levant"".",0,[],[]
457,Die Antwort auf Ihre Frage lautet: 1847-1850.,0,[],[]
704,Die Antwort auf Ihre Frage lautet: 2-5 Eier.,0,[],[]
1951,Die Antwort auf Ihre Frage lautet: 2009.,0,[],[]
404,Die Antwort auf Ihre Frage lautet: Die Nordwand des Cholatse (6440 m) und die Ostwand des Tawoche (6505 m) wurden für den sogenannten Khumbu-Express im Jahr 2005 durchgeführt.,0,[],[]
1100,"Die Antwort auf Ihre Frage lautet: Die USA und Kanada sind die Länder, in denen das Standard-Format nicht üblich ist.",0,[],[]
81,Die Antwort auf Ihre Frage lautet: Die USA.,0,[],[]
1093,Die Antwort auf Ihre Frage lautet: Sole.,0,[],[]
1164,Die Antwort auf Ihre Frage lautet: Stanford University.,0,[],[]
1757,Die Antwort auf Ihre Frage lautet: Zwischen den beiden Spiegeln der Uhren A und B wird das Lichtsignal zurückgeworfen.,0,[],[]
1701,Die Antwort ist: ausgedehnte.,0,[],[]
1882,"Die Antwort lautet: Der Rücken ist dunkelgrau, die Färbung wird an den Seiten zunehmend heller, der Bauch ist fast weiß.",0,[],[]
1494,Die Antwort lautet: Die Länder werden alphabetisch geordnet auf dem gleichen Rang geführt.,0,[],[]
708,"Die Antwort lautet: Häufigste Rufe sind mehrfach wiederholte, quietschende und nasale „ki-juu, tschirrick“- oder „tsch-juuh“-Laute, die auf der zweiten Silbe betont werden.",0,[],[]
950,"Die Anzahl der abhängigen Trinker im Vereinigten Königreich im Jahr 2001 betrug über 2,8 Millionen.",0,[],[]
1224,"Die Anzahl und Vollständigkeit von sozialen und ökonomischen Zählobjekten wie Gruppenmitgliedern, Beutetieren, Besitz oder Schulden.",0,[],[]
940,Die Arbeiten an der Festung wurden 1678 begonnen.,0,[],[]
1965,"Die Arbeiter- und Soldatenräte dienten der Entmachtung der militärischen Generalkommandos und der Schaffung einer neuen Exekutive, die verpflichtet war, der Revolution und der künftigen Regierung zu dienen.",0,[],[]
1931,Die Armut.,0,[],[]
834,Die Art wird von der International Union for Conservation of Nature and Natural Resources (IUCN) als vulnerable (dt.,0,[],[]
702,Die Arten des Gelbschnabeldrosslings sind im Südteil des Indischen Subkontinents und auf Sri Lanka beheimatet.,0,[],[]
1581,"Die Außenpolitik der Briten war vom Prinzip der ""splendid isolation"" geprägt.",0,[],[]
884,"Die Autohersteller General Motors, Chrysler und Ford stimmten dem QS 9000-Standard zu.",0,[],[]
1435,"Die Autoren sind Marwan, Romano, Thiel und Kurths.",0,[],[]
806,"Die Band, die mit einer anderen Band namens ""Earth"" verwechselt wurde, hieß ursprünglich ""Earth"" und wurde dann in ""Black Sabbath"" umbenannt.",0,[],[]
799,"Die Bedeutung des Kızılay Derneği ist eine Beziehung zum Roten Kreuz, da das Krankenhaus nach dem Türkischen Roten Halbmonds benannt ist.",0,[],[]
261,Die Beeren werden traditionell von Hand geerntet.,0,[],[]
1017,"Die Behandlungsmethode, um einen kranken oder gebrochenen Zahn zu retten, ist die Endodontie oder Endodontologie.",0,[],[]
1044,Die beiden am häufigsten und üblicherweise angewendeten Projektionen bei der Mammographie sind die cranio-caudale Abbildung und die MLO-Aufnahme (mediolateral oblique).,0,[],[]
200,Die beiden Hauptelemente von NGC 6543 sind Wasserstoff und Helium.,0,[],[]
4,Die beiden Hauptgründe für die Annullierung von Flügen waren die schlechte Sicht und die große Ascheansammlung aufgrund des Ascheregens.,0,[],[]
108,"Die beiden Söhne, unter denen die Aufteilungen des Herzogtums stattfanden, hießen Lambert und Guido II.",0,[],[]
99,"Die bekannteste Art der Sesamgewächse ist Sesam (Sesamum indicum), die für das Sesam-Speiseöl bekannt ist.",0,[],[]
774,Die Belagerung von Seringapatam fand 1799 statt.,0,[],[]
640,"Die Bergleute wurden ungeschützt hohen Staubbelastungen ausgesetzt, da ihnen keine Schutzmasken ausgehändigt wurden.",0,[],[]
454,"Die Berichte über den Bombenangriff auf den Buckingham Palace wurden in Kinos in ganz Großbritannien während des Zweiten Weltkriegs gezeigt, um darzustellen, dass Reiche wie Arme gemeinsam litten.",0,[],[]
1209,Die beste verfügbare Auflösung ist 15 cm.,0,[],[]
1242,Die Bevölkerung der Einwohner war am höchsten im Jahr 1972 mit 1.338.924.,0,[],[]
1418,Die Bevölkerungszahl nach der Volkszählung 2010 betrug 1.010.073 Bewohnern.,0,[],[]
1700,Die Bewaldung des Staates liegt bei etwa einem Drittel.,0,[],[]
1727,Die Blogs wurden auf die Google-Server übertragen.,0,[],[]
850,Die Boeing 737-200 von easyJet flogen auf den Routen von London Luton nach Glasgow und Edinburgh.,0,[],[]
209,Die Boeing 747-400 ist die meistgebaute Variante der Boeing 747 und war bis zur Aufnahme des regulären Betriebs des Airbus A380 das größte Passagierflugzeug der Welt.,0,[],[]
1253,Die Boxer werden im Jahre 2020 durch Roboter ersetzt.,0,[],[]
1743,"Die Branche, die von der Howard-Regierung teilweise dereguliert wurde, sind die Transport- und Telekommunikationswesen.",0,[],[]
516,Die Burg in Palma wurde seit 1936 zu einem Museum umgebaut.,0,[],[]
1967,Die bürgerlichen Parteien.,0,[],[]
366,"Die California Spangled Cats werden nachgesagt, anhänglich, sozial, neugierig, intelligent, athletisch, energiegeladen und akrobatisch zu sein.",0,[],[]
1303,Die CEMS Alumni Assoziation (CAA) wurde von CEMS-Absolventen gegründet.,0,[],[]
344,Die Chartplatzierung in Frankreich war Platz 12.,0,[],[]
15,Die Colgate Rochester Divinity School entstand nach der Fusion des theologischen Zweigs der Colgate University mit dem Rochester Theological Seminary 1928.,0,[],[]
365,"Die DB-1 stand in Konkurrenz zur Boeing Model 299, der späteren B-17 Flying Fortress und dem Martin Model 146.",0,[],[]
532,Die Diät des Beutelteufels hängt ab von den zur Verfügung stehenden Nahrungsquellen.,0,[],[]
1440,Die Dreharbeiten begannen am 15.,0,[],[]
179,Die Dreharbeiten begannen am 4.,0,[],[]
819,Die Dreharbeiten begannen im März.,0,[],[]
1135,Die Dreharbeiten fanden in Schottland und den Philippinen statt.,0,[],[]
900,"Die Drei-Punkte-Linie ist 6,75 Meter vom Mittelpunkt des Korbes entfernt.",0,[],[]
1579,Die Dreizehn Kolonien.,0,[],[]
91,Die Duncan.,0,[],[]
650,"Die Dura mater ist die äußerste Schicht der Hirnhaut, die eng an den Schädelknochen anliegt und mit zwei Bereichen des Schädels verbunden ist.",0,[],[]
415,Die durchschnittliche Jahresdurchschnittstemperatur beträgt 26 °C.,0,[],[]
434,Die durchschnittliche Lebenserwartung von Weißbrauengibbons in freier Wildbahn liegt bei rund 25 Jahren.,0,[],[]
1425,"Die Ehe von Britney Spears und Jason Alexander wurde nach 55 Stunden annulliert, am 3.",0,[],[]
996,Die Ehefrau von Paulo Freire war eine Lehrerin.,0,[],[]
1578,"Die ehemaligen britischen Kolonien traten dem Commonwealth of Nations nach Erlangung ihrer Unabhängigkeit bei, einer losen Verbindung souveräner Staaten.",0,[],[]
1649,"Die einfachste Lösung, um eine einigermaßen konstante Körpertemperatur zu gewährleisten, ist Wärmedämmung.",0,[],[]
1914,"Die Einwanderung nach Puerto Rico hat zu einem auf der Landwirtschaft basierenden Wirtschaftswachstum geführt, bei dem Zucker, Tabak und Kaffee die wichtigsten Produkte waren.",0,[],[]
1621,Die Eisenbahnstrecke.,0,[],[]
1750,Die elektromagnetische Masse wird als das Ergebnis einer Selbstinduktion der Konvektionsströme im Äther interpretiert.,0,[],[]
1692,Die elf Offensiven von Cadorna am Isonzo und in den Dolomiten sowie auf der Hochebene von Asiago fanden zwischen 1915 und 1917 statt.,0,[],[]
1317,Die Eltern von David Cook sind Beth Foraker (geb.,0,[],[]
1482,"Die Entdeckung des Erregers der Malaria durch Charles-Louis-Alphonse Laveran im Blut seiner von Malaria befallenen Patienten in Constantine, Algerien, im Jahr 1880.",0,[],[]
1968,Die Entente hat am 6.,0,[],[]
1360,Die EPA wurde von sieben europäischen Nachrichtenagenturen gegründet.,0,[],[]
1927,"Die EPI (Energy for the Poor Initiative) steht für die ""Energie für die Armen Initiative"" von OFID.",0,[],[]
1063,Die Erdoberfläche steigt an durch die Plattentektonik der Erde oder vulkanischen Ursprungs.,0,[],[]
31,"Die erfolgreichste Single des Albums ""S'il suffisait d'aimer"" war ""I'm Your Angel"", ein Duett mit R. Kelly, das sechs Wochen lang an der Spitze der amerikanischen Charts stand.",0,[],[]
1197,Die erste Betaversion von.NET 1.0 wurde gegen Ende des Jahres 2000 veröffentlicht.,0,[],[]
1000,Die erste Harley-Davidson-Fabrik wurde 1903 bezogen.,0,[],[]
1226,Die erste offizielle Premiere von Kiss war am 31.,0,[],[]
782,Die erste Sonntagsseite von Tarzan erschien am 15.,0,[],[]
182,Die ersten B-45As wurden im November 1948 bei der 47th Bombardment Group eingesetzt.,0,[],[]
466,Die ersten drei Kinder der Königin wurden im Musikzimmer getauft.,0,[],[]
1095,Die ersten Regeln für Handball wurden 1906 von Holger Nielsen entworfen.,0,[],[]
449,Die Erweiterung des Buckingham Palace im 18.,0,[],[]
1533,Die ETH Zürich.,0,[],[]
1387,Die Fahrtgeschwindigkeit des Zuges beträgt ca.,0,[],[]
905,Die Familie von Neerja Bhanot zog im März 1974 von Chandigarh nach Bombay um.,0,[],[]
1939,"Die Familie, für die Rozas Mutter arbeitete, war reich.",0,[],[]
1786,"Die Familie, zu der der Weißrückengeier, der Milan und der Bussard gehören, heißt Aegypiinae.",0,[],[]
567,Die feierliche Parlamentseröffnung.,0,[],[]
593,"Die Feinabstimmung der Uhr erfolgt traditionell mit Penny-Münzen, die auf das Pendel gelegt werden, um so den Schwerpunkt und damit die Schwingdauer zu verändern.",0,[],[]
604,Die Feinheit der farblichen Abstufungen wird von einzelnen Bildelementen einer Rastergrafik wiedergegeben.,0,[],[]
903,"Die FIBA besteht aus den folgenden Ländern: Argentinien, Griechenland, Italien, Lettland, Portugal, Rumänien, Schweiz und Tschechoslowakei.",0,[],[]
1186,Die FIFA-All-Star-Mannschaft.,0,[],[]
1319,"Die finanziellen Probleme des Raffles Hotel wurden 1933 überwunden, als die Gründung einer Aktiengesellschaft, der Raffles Hotel Ltd., erfolgte.",0,[],[]
1385,"Die Firma Wipro wurde ursprünglich als ""Western India Vegetable Products Limited"" gegründet und wurde später abgekürzt zu ""Wipro"".",0,[],[]
543,Die Fische sind 3 bis 25 Zentimeter lang.,0,[],[]
781,Die Fläche des Agra-Bezirks beträgt 4041 km².,0,[],[]
115,Die Franklin brach im Juni 1944 auf die Insel Eniwetok auf.,0,[],[]
116,"Die Franklin fuhr über Pearl Harbor nach Eniwetok und anschließend nahm sie an verschiedenen Angriffen gegen japanische Inseln teil, wie z.B.",0,[],[]
114,Die Franklin hat nachgefüllt auf Saipan.,0,[],[]
1553,Die französische Armee stand im März 1689 auf der Seite von König Jakob.,0,[],[]
912,Die Französische Revolution.,0,[],[]
655,Die Frauen des alten Königs heißen Dilbahar und Navbahar.,0,[],[]
545,Die Frist für die Angabe des Interesses war der 15.,0,[],[]
90,Die Fubuki sank bereits kurz nach Gefechtsbeginn nachdem sie von massivem Feuer getroffen wurde.,0,[],[]
844,"Die Funktionen, die bei einem Patienten beeinträchtigt sind, sind die Nahrungsaufnahme, die Mundöffnung und die Augenfunktion.",0,[],[]
1120,Die Galapagos-Inseln wurden am 12.,0,[],[]
924,Die Geflügeltuberkulose wird durch M. avium verursacht.,0,[],[]
1098,Die gemeinsame Sprache und vor allem Ethnie werden von den Südkoreanern als wichtiger Bestandteil der Identität betrachtet.,0,[],[]
1839,"Die geschätzte Zahl der Toten bei der Flutkatastrophe in China 1931 reicht von 145.000 bis 3,7 Millionen.",0,[],[]
789,"Die Geschmackssorten von Smirnoff sind: Vanille, Himbeere, Orange, Heidelbeere, grüner Apfel und Zitrone.",0,[],[]
1076,Die GNU General Public License (GNU GPL) wurde 1989 veröffentlicht.,0,[],[]
254,Die goldene Harfe ist das Wappensymbol für Irland bzw.,0,[],[]
1849,Die Goldkonzentration wird in Femtomol (fmol) pro Liter Wasser oder Mikrogramm pro Kubikmeter (µg/m³) gemessen.,0,[],[]
113,Die Google-Toolbar ist die Internet-Symbolleiste von Google.,0,[],[]
603,"Die Grafikgröße wird oft auf verschiedene Arten bemessen, wie z.B.",0,[],[]
66,"Die Graue Bergraseneule ist in Ostasien, speziell im Amurgebiet, zu finden.",0,[],[]
539,Die Grön eld Glasskulptur ist neun Meter hoch.,0,[],[]
356,"Die groß angelegten Operationen der australischen Truppen wurden bis Kriegsende fortgesetzt, aber es ist nicht explizit angegeben, wann sie offiziell eingestellt wurden.",0,[],[]
1274,Die größten Naadam-Spiele finden in der Hauptstadt Ulaanbaatar statt.,0,[],[]
1892,"Die Hauptinseln in Malampa sind Malakula, Ambrym und Paama.",0,[],[]
407,"Die Hauptlagerstätten für Türkis in Kalifornien sind San Bernardino, Imperial und Inyo.",0,[],[]
627,"Die Hauptreligion im Gebiet von British-Indien, das zu Indien wurde als Pakistan geschaffen wurde, war die Hindu- oder Sikh-Mehrheit.",0,[],[]
450,Die Hauptresidenz der britischen Monarchen.,0,[],[]
280,Die Hauptstadt des Byzantinischen Reiches war Konstantinopel.,0,[],[]
493,Die Hauptstadt Laos ist Vientiane (Viang Chan).,0,[],[]
1172,"Die Haut wird durch den Hydro-Lipid-Film geschützt, der aus Schweiß und Talg besteht.",0,[],[]
522,Die Herero-Sprachminderheit lebt in Windhoek.,0,[],[]
547,"Die Hitsingle des neuen Albums war ""Anything Could Happen"".",0,[],[]
1497,Die Hochschule liegt 32 Kilometer nordwestlich von San José.,0,[],[]
1324,"Die höchste jemals gemessene Temperatur lag bei 42,2 Grad Celsius im Juli 1936.",0,[],[]
1770,"Die höchste Rasse im Land war die Weiße, mit 94,83 Prozent der Bevölkerung.",0,[],[]
1601,Die höchstmögliche Punktzahl des GCS ist 15.,0,[],[]
1068,Die Holzschnitzereien von Katafalken Rumis und seines Vaters.,0,[],[]
131,Die Honolulu traf am 14.,0,[],[]
134,Die Honolulu-Operationen wurden vor Long Beach fortgesetzt.,0,[],[]
1170,Die indische Unabhängigkeit wurde 1947 erreicht.,0,[],[]
517,"Die indische Verfassung sieht vor, dass das Unterhaus des Parlaments, die Lok Sabha, alle fünf Jahre neu gewählt werden muss.",0,[],[]
808,"Die Inkubationszeit kann 5 bis 207 Tage dauern, im Regelfall zwischen 20 und 40 Tagen.",0,[],[]
398,"Die Interstate 5 verläuft als Santa Ana Freeway durch viele Orte und Vororte, wie Santa Ana oder Anaheim, in den Orange und Los Angeles County.",0,[],[]
400,Die Interstate 5.,0,[],[]
414,Die Jahresdurchschnittstemperatur beträgt relativ gleich bleibend 26 °C.,0,[],[]
1901,"Die Jahreszeit, die von Januar bis Juli dauert, ist der Sommer.",0,[],[]
1158,Die Jōyō-Kanji-Liste wurde 1981 eingeführt.,0,[],[]
536,"Die Jungtiere sind vollständig mit Fell bedeckt, wenn sie 49 Tage alt sind.",0,[],[]
377,"Die Juroren werden ausgewählt aus den Meinungsführern der Literaturkritiker, Schriftsteller, Literaturwissenschaftler und Persönlichkeiten des öffentlichen Lebens.",0,[],[]
1604,"Die Kammern des Grabes von Aha waren rechteckige Kammern im Wüstenboden, die mit Lehmziegeln abgestützt wurden.",0,[],[]
1695,Die Karibische Gemeinschaft ist bekannt unter der Abkürzung CARICOM.,0,[],[]
176,Die Kathedrale wurde vollständig aus roten Ziegeln erbaut.,0,[],[]
233,Die Kirche wurde am 29.,0,[],[]
234,Die kleinen Vorstädten und Stadtmitten dienten als Brennpunkte gewerblicher und sozialer Aktivitäten.,0,[],[]
464,"Die kleinere Zeremonien wie der Empfang neuer Botschafter finden im ""Raum von 1844"" statt.",0,[],[]
818,Die kleinste genannte metrische Maßeinheit in Bezug auf die Materialstärke ist das Nanometer.,0,[],[]
1587,Die Kommunisten waren in erster Linie chinesischstämmig.,0,[],[]
1096,Die Konbaung-Dynastie wird auf birmanisch als ကုန်းဘောင်ခေတ် geschrieben.,0,[],[]
301,Die Königin war zum Todeszeitpunkt von Diana auf Balmoral Castle im Urlaub.,0,[],[]
465,Die königlichen Taufen fanden nach dem Zweiten Weltkrieg oft im Musikzimmer statt.,0,[],[]
832,Die Königskobra ist die einzige Art der Gattung Ophiophagus und die Mamba ist eine andere Art von Schlangen.,0,[],[]
1273,Die Königspaare wurden 2008 in der St.,0,[],[]
3,Die Konsistenz des Schlamms nach dem Ausbruch von St.,0,[],[]
485,"Die Krankheit Englischer Schweiß wird auch genannt: Schweißfieber, Schweißsucht, pestis sudorosa oder Sudor Anglicus, Schweißkrankheit oder kalter Schweiß.",0,[],[]
488,Die Krankheit trat nicht mehr im kontinentalen Europa auf.,0,[],[]
139,Die Kreuzfahrerarmee unter Gottfried war stärker als die fatimidische Armee unter al-Afdal.,0,[],[]
389,Die Krokodiltejus leben typischerweise in Sumpfgebieten und tropischen Regenwäldern.,0,[],[]
1676,Die Krönung fand am 28.,0,[],[]
1020,Die Kubakrise.,0,[],[]
1729,Die Landung von Apollo 11 wurde von über 500 Millionen Menschen auf der ganzen Welt gesehen.,0,[],[]
478,Die Länge eines Orangespechts beträgt 26-29 cm.,0,[],[]
308,Die Legislative.,0,[],[]
395,Die Leiche von Kim Ok-gyun wurde nach seinem Tod in Korea gevierteilt und als Warnung an andere pro-japanische Rebellen öffentlich zur Schau gestellt.,0,[],[]
1778,Die Leo Messi Fundation.,0,[],[]
208,Die letzte 747-300 ging am 25.,0,[],[]
1284,"Die letzte Edition der aktuellen chinesischen Währung, die Renminbi, wurde 2004 herausgegeben.",0,[],[]
329,"Die Liftmaster ist im Pima Air & Space Museum bei Tucson, Arizona, begehbar ausgestellt.",0,[],[]
1538,"Die linguistischen Daten werden in einem genau festgelegten XML-Format erstellt, um ein neues maschinelles Übersetzungssystem zu entwickeln.",0,[],[]
1171,Die Lippenhaut trocknet schneller aus und wird leichter spröde.,0,[],[]
263,Die Liste folgt bei den ausgestorbenen Vertretern weitgehend der Klassifizierung von Werdelin und Solounias (1991) sowie McKenna und Bell (1997).,0,[],[]
1301,"Die Lokalkomitees (LCs), die aus CEMS-Alumni bestehen, sind dafür verantwortlich, den Kontakt zu pflegen.",0,[],[]
241,Die Lord’s Resistance Army (LRA).,0,[],[]
1580,Die Loyalisten.,0,[],[]
1453,Die Luftfahrtrakete landete in der Inneren Mongolei.,0,[],[]
1213,Die Madeira-Mamoré-Eisenbahn.,0,[],[]
11,Die Magdiwang-Fraktion und die Magdalo-Fraktion wurden während der Revolution gespalten.,0,[],[]
1363,"Die Makkah Masjid Moschee befindet sich in Hyderabad, im indischen Bundesstaat Telangana.",0,[],[]
1559,Die männlichen Wehrpflichtigen in der Schweizer Armee sind im Durchschnitt zwischen 20 und 34 Jahren alt.,0,[],[]
1813,Die maximalen Spieler in einer Mannschaft sind 23.,0,[],[]
809,Die Mehrheit der Bevölkerung in Leeds bezeichnet sich als christlich.,0,[],[]
1983,"Die Mehrheit hoffte, die Macht durch fortgesetzte Agitation in den Betrieben und den Druck der ""Straße"" erringen zu können.",0,[],[]
588,Die Mehrheitsaktionäre von Airlinair sind private Investoren zu etwa 80 % und Brit Air (eine Tochtergesellschaft der Air France-KLM) mit etwa 19 %.,0,[],[]
1079,Die meisten ausländischen Einwohner in Schweden kommen aus Finnland.,0,[],[]
26,"Die meisten der vom Wright-Cyclone-Motor angetriebenen Hawk 75A-8 wurden an einen norwegischen Trainingsstützpunkt nahe Toronto in Kanada geliefert, wo sie als Fortgeschrittenentrainer genutzt wurden.",0,[],[]
1201,Die Mesotherapie.,0,[],[]
1617,Die Militärakademie Sandhurst in Großbritannien.,0,[],[]
406,Die Mine Cerrillos in New Mexico ist dabei als die älteste erwähnt und war vor 1920 sogar die größte Mine der USA.,0,[],[]
856,"Die Mitgliedsländer des Ostsee-NRO-Forums sind Weißrussland, Dänemark, Estland, Finnland, Deutschland, Island, Lettland, Litauen, Polen, Russland, Norwegen und Schweden.",0,[],[]
999,"Die Modellreihen Sportster, Dyna und die Modelle der VRSC-Familie werden in diesem Fall ausdrücklich erwähnt.",0,[],[]
1007,Die moderne Zahnseide.,0,[],[]
1022,Die mongolische Saiga (Saiga tatarica mongolica) kommt nur in der westlichen Mongolei vor.,0,[],[]
573,Die Motoren werden für militärische und zivile Luftfahrt- und Weltraumforschungsprogramme produziert.,0,[],[]
1014,"Die Mutter von Elizabeth Hurley, Angela Hurley, war eine anglikanische Lehrerin.",0,[],[]
1663,"Die Mythologie, aus der Callisto stammt, ist die griechische Mythologie.",0,[],[]
390,"Die Namen der sechs Hauptcharaktere der Show sind: Rachel, Monica, Phoebe, Joey, Chandler und Ross.",0,[],[]
689,Die Nationalbank Äthiopiens wurde am 15.,0,[],[]
1694,Die Nationalversammlung von St.,0,[],[]
1633,Die Nauru-Diät kann zu zwei Komplikationen führen: Diabetes mellitus und Herzkrankheiten.,0,[],[]
589,Die neue Glocke wurde am 10.,0,[],[]
453,"Die neue Hauptfassade wurde entworfen, um als Hintergrund für das Victoria Memorial zu dienen.",0,[],[]
1389,Die NHAI wurde im Februar 1995 formell selbständig.,0,[],[]
971,Die Niederlassung in St.,0,[],[]
1999,"Die Normannen begannen, die adriatische Küste des Herzogtums Benevent zu erobern.",0,[],[]
1988,Die Novemberrevolution.,0,[],[]
1334,"Die offizielle Bezeichnung des Königreichs Jugoslawien war ""Staat der Slowenen, Kroaten und Serben"" bis 1929.",0,[],[]
1347,Die offizielle Genehmigung der Videokodierungs-Standards H.264/MPEG-4 AVC erfolgte im Jahr 2003.,0,[],[]
54,Die Oklahoma kehrte am 8.,0,[],[]
1369,Die Oktoberrevolution fand 1917 statt.,0,[],[]
1420,"Die Ovula Nabothi wurden nach dem Leipziger Arzt Martin Naboth benannt, der sie fälschlicherweise für Eizellen gehalten hatte.",0,[],[]
1181,Die Oxidation versucht einen Teil oder den gesamten Kohlenstoff zusammen mit anderen Verunreinigungen zu oxidieren.,0,[],[]
964,Die Oxidation von Ammoniak mittels molekularem Sauerstoff wird im ersten Schritt durch das Enzym Ammoniummonooxygenase (AMO) ausgelöst.,0,[],[]
29,Die P-36A war in der Seriennummer 38-010.,0,[],[]
836,"Die Padma Awards werden jährlich an zumeist indische Bürger für ihre Leistungen auf vielfältigen Gebieten, wie Kunst, Wissenschaft, Sport, Wirtschaft und Ähnlichem, verliehen.",0,[],[]
1966,Die Parteiführer der SPD hielten die Handlungen des Rates für störend.,0,[],[]
1356,"Die Passagiere standen vor dem Problem, dass sie nach einem Flugzeugabsturz auf dem Auyan-Tepui unverletzt, aber ohne Ausrüstung, Proviant und Karten waren und einen elf Tage dauernden Abstieg bewältigen mussten, um die nächste Siedlung Kamarata zu erreichen.",0,[],[]
571,Die Peers' Lobby.,0,[],[]
332,Die Petition zur Beendigung von Atomtests wurde von Linus Carl Pauling und seiner Frau der US-Regierung 1958 übergeben.,0,[],[]
628,Die Plantage gehört Jack Barts.,0,[],[]
1551,"Die politische Situation, die zur Bildung des Zwei-Parteien-Systems in England führte, war die Exclusion Bill, die 1679 kurz vor der Verabschiedung stand.",0,[],[]
1919,Die Polnische Untergrundstaat.,0,[],[]
1231,Die Pressekonferenz fand am 16.,0,[],[]
293,Die Prinzessinnen wohnten fünf Jahre lang im Windsor Castle.,0,[],[]
375,Die Prinzipien der Mito-Schule basierten auf neo-konfuzianistischen und Shintō-Prinzipien.,0,[],[]
1203,Die Provinz Baglan befand sich im Norden Afghanistans.,0,[],[]
159,Die Provinz liegt am nordöstlichen Rand von Thailand.,0,[],[]
273,"Die Provinz Trang ist in 10 Amphoe (Bezirke) gegliedert, die wiederum in 87 Tambon (Unterbezirke) aufgeteilt sind.",0,[],[]
1801,Die Pyramide war ursprünglich 49 m hoch.,0,[],[]
885,Die QS 9000 wurde von der ISO 9001 und der ISO/TS 16949 ersetzt.,0,[],[]
1683,Die Qualifikationsrunde endete am 15.,0,[],[]
1268,"Die Quelle ""Lose; Kurzgeschichten, Edition Nove, Neckenmarkt 2007, ISBN 978-3-85251-197-9"" wurde im Jahr 2007 veröffentlicht.",0,[],[]
1671,"Die Quelle von Bosniens längstem Fluss, dem Fluss Bosna, entspringt nahe der Hauptstadt Sarajevo.",0,[],[]
831,Die Querbinde der Königskobra ist hellbeigefarben bis weißlich.,0,[],[]
1609,Die Rakete detonierte über der Erdatmosphäre von Washington D.C.,0,[],[]
1973,Die Räte wurden weitgehend ausgeschaltet.,0,[],[]
496,Die Ratte (Maus) ist das erste Tier im Sternzeichenzyklus.,0,[],[]
897,Die Regeln der Basketballmeisterschaft der Frauen waren die für den Männer-Basketball vorgeschriebenen Regeln.,0,[],[]
74,"Die Regierung war es wichtig, ihre Flotte wieder aufzubauen, weil sie erkannt hatte, dass die Abhängigkeit von anderen Mächten, wie Großbritannien und den Niederlanden, im Schleswig-Holsteinischen Krieg zu einem Scheitern geführt hatte.",0,[],[]
1808,Die Republik von Kiribati hieß vorher die Gilbertinseln.,0,[],[]
852,Die Richter am Obersten Gerichtshof in Indien treten mit 65 Jahren in den Ruhestand.,0,[],[]
823,"Die Rivalen von Aston Villa sind Birmingham City, West Bromwich Albion, Coventry City, Wolverhampton Wanderers und FC Walsall.",0,[],[]
1088,Die RMS Queen Mary 2.,0,[],[]
1371,Die Rockband The Eagles wurde 1971 in Los Angeles gegründet.,0,[],[]
872,Die romanisierte Name der ostchinesischen Küstenprovinz ist Zhèjiāng.,0,[],[]
1379,"Die Rotarier sind berühmt für das Motto ""Service above self"" (selbstloses Dienen).",0,[],[]
1841,Die Rue Royale-Bäckerei von Louis Ernest Ladurée brannte 1871 während der Pariser Kommune nieder.,0,[],[]
1912,Die San-Antonio-Brücke.,0,[],[]
1876,Die Schätzung von 1080 Protonen basiert auf der Annahme einer bestimmten Halbwertszeit des Protons und der Alter des Universums.,0,[],[]
535,Die Schnurrhaare werden am 17.,0,[],[]
487,"Die Schweißkrankheit trat auf, unabhängig von welcher Krankheit, in der Hauptstadt Londons auf, nachdem Heinrich VII.",0,[],[]
325,Die Sinfonie Nr.,0,[],[]
843,"Die Single hieß ""Shame"".",0,[],[]
565,Die Sitzungszimmer für die parlamentarischen Ausschüsse und die Büros befinden sich im dritten und vierten Stock des Palace of Westminster.,0,[],[]
1600,Die Skala wurde 1974 entwickelt.,0,[],[]
643,Die Slowakei nahm erstmals bei den Olympischen Winterspielen 1994 mit einer Delegation von 42 Sportlern teil.,0,[],[]
956,Die Sonne ist eine lebenswichtige Energiequelle für den Planeten Erde.,0,[],[]
1407,Die Sozialistische LinksPartei (SLP) ist eine trotzkistische Kleinstpartei in Österreich.,0,[],[]
738,"Die Spectator war vor allem an Englands aufstrebenden Mittelstand, große und kleine Kaufleute und Händler gerichtet.",0,[],[]
202,"Die Spielkonsole, auf der Dragon Quest VIII ursprünglich hergestellt wurde, ist die PlayStation 2.",0,[],[]
1470,Die Sprengsätze wurden in der Metro Sankt Petersburg gezündet.,0,[],[]
569,Die staatlichen Bestattungen finden in der Westminster Hall statt.,0,[],[]
219,"Die Stachelbeere ist in fast ganz Europa verbreitet, nördlich geht sie bis 63 ° nördlicher Breite, in Südeuropa ist sie in den Gebirgen zu finden, außerdem wuchs sie in Nordafrika, dem Kaukasus, Kleinasien und dem Himalaya, östlich kommt sie bis China vor.",0,[],[]
984,Die Stadt Aberdeen wurde auf Befehl von Eduard III.,0,[],[]
1607,Die Stadt Lübeck trat 1937 dem preußischen Territorium bei.,0,[],[]
1838,"Die Stadt Washington ist geographisch in die vier Quadranten Northwest (NW), Southwest (SW), Northeast (NE) und Southeast (SE) eingeteilt.",0,[],[]
1168,"Die Stadtmauern von Jerusalem wurden 1219 vom Sultan Malik al-Mu‘azzam zerstört, nachdem sie von den Christen repariert worden waren.",0,[],[]
642,Die Stimme des Bordcomputers Otto wurde unter anderem mit der Sprachsynthese-Software MacInTalk von Apple generiert.,0,[],[]
1320,Die Streifen der Indischen Gazelle sind dunkelbraun.,0,[],[]
45,Die Sumpfmeerkatze kann nach drei bis fünf Jahren geschlechtsreif werden und das höchste bekannte Lebensalter einer Sumpfmeerkatze betrug 23 Jahre.,0,[],[]
93,Die sunnitische Muslimen sind mit etwa 89 % der Bevölkerung die dominanteste Religion in Usbekistan.,0,[],[]
355,Die Sydney kämpfte am 19.,0,[],[]
184,"Die Tageslicht-Missionen der RB-45C endeten, als sie für Nachtoperationen eingesetzt wurden, was kurz nach Anfang 1952 geschah.",0,[],[]
1001,Die Taktik mündete in ausgedehnten Arbeitsniederlegungen.,0,[],[]
715,"Die Technologie, die CBS 1940 für die erste Farbsendung verwendete, war mit den damals vorhandenen Schwarz-Weiß-Fernsehern nicht kompatibel.",0,[],[]
1086,"Die Telegrafenleitung, die 1843 vom Kongress bewilligt wurde, war 60 km lang.",0,[],[]
198,Die Temperatur im äußeren Halo beträgt 15.000 K.,0,[],[]
731,Die Territorien von England und der Normandie wurden verpfändet.,0,[],[]
479,Die tiefliegende Population von Orangespechten kann in Indien bis in 1700 m Höhe und in Sri Lanka bis in 1500 m Höhe gefunden werden.,0,[],[]
482,Die toten britischen Gefallenen wurden in einem Massengrab auf dem Grundstück beigesetzt.,0,[],[]
1423,Die Tragezeit der Bärenmakis beträgt 130 Tage.,0,[],[]
380,Die Tschechoslowakei wurde 1918 ein selbstständiger Staat.,0,[],[]
1746,Die Turakos wurden ursprünglich in die Ordnung der Kuckucksvögel (Cuculiformes) gestellt.,0,[],[]
1805,"Die typische Nahrung eines Engelhais besteht aus Weichtieren, kleinen Fischen und Krebstieren.",0,[],[]
744,"Die Übersetzung für den marsianischen Sonnentag ist ""Sol"".",0,[],[]
1413,"Die Übersetzung von Malaria ist ""schlechte Luft"".",0,[],[]
1758,Die Uhren bestanden aus zwei Spiegeln.,0,[],[]
1655,Die Umbridae und Esocidae sind Familien von Hechtartigen (Esociformes).,0,[],[]
1529,Die Umfrage wurde im Jahr 2003 durchgeführt.,0,[],[]
1376,"Die UNESCO (United Nations Educational, Scientific and Cultural Organization) ist für die Erhaltung des Weltkulturerbes verantwortlich.",0,[],[]
1445,"Die UNITA-Rebellen in Angola und die Revolutionary United Front-Rebellen (RUF) in Sierra Leone handelten mit Konfliktdiamanten, um an Waffen zu kommen.",0,[],[]
768,Die Universität Heidelberg rangiert national auf dem ersten Platz.,0,[],[]
613,Die US Open 2007 wurden vom 27.,0,[],[]
1917,Die US-Dollar ist die aktuell gültige Währung in Puerto Rico.,0,[],[]
804,Die USA.,0,[],[]
1856,"Die Vandalen beteten zu Wodan, bevor sie in den Krieg zogen.",0,[],[]
1450,"Die Vereinigten Staaten, gestützt durch die EU, Japan und andere Erste-Welt-Länder, drängten auf die Einbeziehung von TRIPS.",0,[],[]
918,Die Vergewaltigung.,0,[],[]
1720,Die Versorgungslinien.,0,[],[]
65,Die Violettgraue Kapseleule gehört der Familie der Eulenfalter (Noctuidae) an.,0,[],[]
575,Die von RT-Business Development eingesetzte Strategie heißt Rostec-Strategie.,0,[],[]
1471,"Die Vorstellung von Quarks wurde Anfang der 1960er Jahre unabhängig voneinander durch André Petermann, Murray Gell-Mann und George Zweig entwickelt.",0,[],[]
334,Die Wahlen fanden 1958 statt.,0,[],[]
1442,"Die Walt-Disney-Studios in Burbank, Kalifornien.",0,[],[]
953,"Die Weltgesundheitsorganisation schätzt, dass weltweit ungefähr 140 Millionen Menschen alkoholabhängig sind.",0,[],[]
1903,Die Weltpremiere von Solo fand am 10.,0,[],[]
671,Die Werke stammen aus dem 8. bis 12.,0,[],[]
51,Die Wirtschaft der entwickelten Welt verlässt sich im Moment sehr abhängig von billigen örtlich konzentrierten fossilen Brennstoffen.,0,[],[]
1569,"Die wirtschaftliche Krise Georgiens wurde noch beschleunigt durch Bürgerkriege und Unabhängigkeitskämpfe in Abchasien, Adscharien, Südossetien und Westgeorgien, eine Wirtschaftsblockade Russlands im Dezember 1990 und die Produktionsschwäche in Industrie und Landwirtschaft.",0,[],[]
1409,Die World Wide Web-Text-Seiten können mit Hilfe eines einfachen Linien-Webbrowsers angezeigt werden.,0,[],[]
1008,"Die Zahnseide war kommerziell erhältlich ab 1882, als die Firma Codman und Shurtleft mit ihrer Herstellung begann.",0,[],[]
815,Die Zehn Bücher über Architektur.,0,[],[]
1072,"Die Zentrumspartei hat bei der jüngsten Reichstagswahl 2018 auf 8,6 % der Stimmen erhalten.",0,[],[]
326,Die Zitadelle wurde 2011 zum UNESCO-Weltkulturerbe erklärt.,0,[],[]
1313,Die Zoroastrier.,0,[],[]
776,Die Zusammenarbeit zwischen dem Discovery Channel und Bear Grylls wurde im März 2012 aufgrund von Vertragsstreitigkeiten beendet.,0,[],[]
1932,Die Zuschüsse werden größtenteils auf der Grundlage des Projekttyps und seiner zu erwartenden Ergebnisse vergeben.,0,[],[]
1429,Die zwei Asthma-Kategorien sind das allergische (extrinsische) Asthma und das nicht-allergische (intrinsische) Asthma.,0,[],[]
354,Die Zweite australische Imperial Force (AIF) begann mit über 20.000 Mann.,0,[],[]
146,"Die zweite Single des Albums hieß ""Tired of Being Sorry"".",0,[],[]
153,Die zweite YF-17 (S/N 72-1570) flog am 21.,0,[],[]
1299,"Diese Informationen sind nicht direkt relevant für die Frage ""Für wen ist dies nützlich?"".",0,[],[]
169,"Dieses Spiel, Five Nights at Freddy's: Sister Location, steht auf der Position 5 in der Spielreihe dieser Franchise.",0,[],[]
1051,"Digitale Wasserzeichen werden eingesetzt, um Rechteinhaberinformationen zur Urheberrechtsverletzungsverfolgung in ein Werk einzubetten, und auch in verschiedenen Forschungs- und Entwicklungsprojekten für kommerziell relevante Inhalte wie Audio- und Videodaten, 3D-Modelle, Datenbanken, Geodaten, Musiknoten, Standbildern und Texten.",0,[],[]
1793,"Dilong bedeutet ""kaiserlicher Drache"".",0,[],[]
1947,"Dimitris Manissalis war der Klavierspieler, nicht Violinist, der bei den Aufnahmen von Roza Eskenasy für RCA mitwirkte.",0,[],[]
316,"Dirie lebte später in London, Mailand, Paris und New York.",0,[],[]
641,Dirk Sager war ein deutscher Journalist.,0,[],[]
1916,Dort haben die Einwohner um die Autonomie gekämpft.,0,[],[]
421,Dr.,0,[],[]
921,Dr.,0,[],[]
797,Drei Jahre.,0,[],[]
679,"Drei verschiedene Messmethoden wurden entwickelt, um individuelle Unterschiede in Dankbarkeit zu messen: die Methode GQ6, die Einschätzungsskala und die Methode GRAT.",0,[],[]
111,Dschibuti befindet sich in Ostafrika an der Meerenge Bab al-Mandab.,0,[],[]
525,Dschingis Khan.,0,[],[]
253,Duke.,0,[],[]
216,Dunkel gefärbt.,0,[],[]
1591,Dwight D. Eisenhower.,0,[],[]
1267,Ebner arbeitete in IT-Ausbildungsprojekten.,0,[],[]
292,"Edward VIII war verheiratet mit Wallis Simpson, einer geschiedenen Amerikanerin.",0,[],[]
1525,"Ein Amethyst kann von einem sehr hellen, leicht rosafarbenen bis zu einem sehr dunklen Violett haben.",0,[],[]
1328,"Ein Beispiel für ein altes Design für die tonganische Flagge ist die ursprüngliche Flagge, die weiß mit einem roten Kreuz in der Mitte war.",0,[],[]
1724,Ein Benediktinerkloster.,0,[],[]
1062,Ein Berg ist im Allgemeinen steiler als ein Hügel.,0,[],[]
79,"Ein Diamantenhändler wurde von Worth ausgenutzt, bevor er nach London zog.",0,[],[]
1292,Ein Einakter besteht in der Regel in einem einzigen Akt.,0,[],[]
1396,"Ein elektrischer Kurzschluss kann auftreten, wenn zwei Schaltungspunkte mit normalerweise verschiedenem Potential nahezu widerstandslos verbunden sind.",0,[],[]
1034,Ein Endoskop (auch: Arthroskop) wird für eine Arthroskopie verwendet.,0,[],[]
949,Ein Eye Opener.,0,[],[]
505,Ein Laureate Diplom für den Wettbewerb zum 60-jährigen Bestehen der Turkmenischen SSR und der Kommunistischen Partei der TuSSR.,0,[],[]
982,Ein neues Rathaus wurde gebaut und elegant mit einem holländischen Marmorkamin und einer Reihe von schönen Kristallkronleuchtern und Wandlampen eingerichtet.,0,[],[]
1736,Ein Online-Dienst zur Speicherung von Bildern und Videos.,0,[],[]
926,Ein Sechstel der Todesfälle in Frankreich im Jahre 1918 wurde durch Tuberkulose verursacht.,0,[],[]
833,Ein spezifisches Antiserum wurde 30 Stunden nach dem Biss verabreicht.,0,[],[]
185,Ein Zündsignal wurde durch das Telefon gesendet.,0,[],[]
947,"Eine Diagnose für Alkoholismus ist nach ICD-10 F10 ""Psychische und Verhaltensstörungen durch Alkohol"" und nach DSM-5 eine Störung im Zusammenhang mit Alkohol.",0,[],[]
74,"Eine eigene Marine war notwendig, um den eigenen Seehandel zu schützen und die nationale Sicherheit zu garantieren.",0,[],[]
460,Eine Militärkapelle spielte während der Zeremonie auf der Musikantengalerie.,0,[],[]
1833,"Eine Person, die für die Regierung arbeitet und stark an den Frieden glaubt, heißt Asha Haji Elmi Amin.",0,[],[]
805,Eine Siedlung im Chobe-Nationalpark in Botswana wurde nach und nach verkleinert und seit 1975 leben keine Menschen mehr im Park.,0,[],[]
1725,"Eine unumstößliche Regel der Unterwelt außer keinem Blutvergießen auf dem Boden von Continental ist: Keine ""Geschäfte"" auf dem Grund und Boden der Continental-Hotels.",0,[],[]
294,Einige Zeitungen wiesen oft und ausführlich auf seine ausländische Herkunft hin.“,0,[],[]
1110,"Einstein emigrierte 1933 in die USA nach Princeton, New Jersey.",0,[],[]
1875,Eisensterne.,0,[],[]
1465,"Elefanten kamen in feuchtkalten, montanen Wäldern vor.",0,[],[]
1092,"Elektrische Generatoren, die von vier Dieselmotoren und zwei Gasturbinen angetrieben werden.",0,[],[]
296,Elisabeth.,0,[],[]
1484,Elisabeth.,0,[],[]
1061,Emma Lavinia Gifford und Florence Emily Dugdale.,0,[],[]
59,Emotions wurde bei den Grammy Awards 1992 in der Kategorie Best Female Pop Vocal Performance nominiert.,0,[],[]
735,"England spielte viele Jahre lang gegen Schottland, Wales und Irland.",0,[],[]
542,Epoxidharz Leim.,0,[],[]
1489,Er arbeitete als Discjockey beim Radiosender KJOE in der nahe gelegenen Stadt Shreveport (Louisiana).,0,[],[]
281,Er verfügte bei seiner Pensionierung 1987 über 43 Patente.,0,[],[]
864,Er war 1974 Kapitän der Universitäts-Elf in Oxford.,0,[],[]
294,Er war ein Prinz ohne Heimat und Königreich.,0,[],[]
1077,Erhielt Ehrendoktor der Königlich Technischen Hochschule Stockholm.,0,[],[]
1148,"Erucasäure ist mehr prävalent in Senföl, da sie bis zu 42 % des Gesamtgehalts an einfach-ungesättigten Fettsäuren ausmacht.",0,[],[]
1169,Es befinden sich ein künstlicher See und mehrere Massengräber vor dem Denkmal.,0,[],[]
1795,"Es besteht aus Reis (bhat), einem Gemüsegericht (tarkari) und einer Suppe (dal).",0,[],[]
970,Es geht um den Untergang der östlichen Han-Dynastie und die Entstehung der Drei Reiche.,0,[],[]
1629,Es geht um eine Frauen-Weltmeisterschaft.,0,[],[]
1448,Es geht zurück auf das Jahr 1922.,0,[],[]
1157,Es gibt 1.006 Schriftzeichen in den Kyōiku-Kanji.,0,[],[]
745,Es gibt 28 Sol in den ersten 5 Monaten jedes Vierteljahrs.,0,[],[]
122,"Es gibt 52 kleinere chinesische Volksgruppen, die nicht unter den Einwohnern Tianjins vertreten sind.",0,[],[]
497,"Es gibt 53 Porträts von Bayramovs Frau Dunyagozel ""Gosel"" Ilyasova in seinem Werk ""Gozel"".",0,[],[]
729,Es gibt Blei und Kohle.,0,[],[]
1799,"Es gibt Delphine, Meeresschildkröten, Barrakudas, Mantarochen, reichlich Thunfisch und viele andere Tiere.",0,[],[]
1865,"Es gibt eine Rollbahn, die drei Kilometer lang ist und als Not-Start- und Landebahn nutzbar ist.",0,[],[]
1108,Es gibt flexible oder starre Zystoskope.,0,[],[]
1121,"Es gibt fünf bewohnte Inseln: Baltra, Floreana, Isabela, San Cristóbal und Santa Cruz.",0,[],[]
810,"Es gibt in Leeds die folgenden Straßen: A1(M), A58, A61, A62, A63, A64, A65 und A660.",0,[],[]
1299,Es gibt keine direkte Beziehung zwischen den Texten und der Frage.,0,[],[]
832,Es gibt keine direkte Verwandtschaft zwischen Mambas und Königskobras.,0,[],[]
1479,Es gibt vier hierarchisch angeordnete Strukturebenen in Proteinen.,0,[],[]
590,"Es gibt vier Viertelstundenglocken-Töne: # gis1, fis1, e1, h0.",0,[],[]
1129,"Es ist jedoch möglich, die Dateien vorher in ein kompatibles Format umzuwandeln.",0,[],[]
1147,"Es kann aus Schwarzem Senf (Brassica nigra), Braunem indischem Senf (Brassica juncea) oder Weißem Senf (Sinapis alba) produziert werden.",0,[],[]
1744,"Es wird über die NASA, die Challenger-Katastrophe, Mithridates, Gordios, die Franklin und die australische Leistungsbilanz gesprochen, aber nicht über die Dauer einer defizitären Leistungsbilanz Australiens.",0,[],[]
1528,"Es wurde bei rechtlichen, administrativen und privaten Aufzeichnungen benutzt.",0,[],[]
1102,Escobars Frau María Victoria Henao Vellejo war 15 Jahre alt bei der Hochzeit im Jahr 1976.,0,[],[]
881,Etwa 16 Millionen Menschen in den USA sind an einer chronisch obstruktiven Lungenerkrankung (COPD) erkrankt.,0,[],[]
1402,Etwa 40 spanische Städte verfügen über einen Flughafen für Verkehrsmaschinen.,0,[],[]
1644,Etwa 70 Prozent aller terrestrischen Wirbeltierarten starben am Ende des Perm durch das verheerende Massensterben aus.,0,[],[]
1732,Eurydike.,0,[],[]
130,Every Night debütierte auf Platz 43 der Gaon Singles Charts.,0,[],[]
1515,Fakhruddin Ahmed wurde am 12.,0,[],[]
1210,Fareed Rafiq Zakaria wurde am 20.,0,[],[]
849,Fatih Akin wuchs in Hamburg-Ottensen auf.,0,[],[]
617,Fatma Begum war indische.,0,[],[]
549,Faulstich begann 1935 als wissenschaftliche Hilfskraft zu arbeiten.,0,[],[]
1120,Februar 1832 von General José María Villamil für Ecuador in Besitz genommen.,0,[],[]
689,Februar 1906 gegründet.,0,[],[]
1881,Februar 1931 in Göttingen.,0,[],[]
350,Februar 1980 in New York City.,0,[],[]
1264,Februar 2004 vor.,0,[],[]
1843,"Februar 2009, als er gegen Finlay in einem Non-Title-Match verlor.",0,[],[]
1139,Fergana.,0,[],[]
827,"Fisk, der von der New York Times als ""der wohl berühmteste britische Auslandskorrespondent"" bezeichnet wurde.",0,[],[]
1596,Florida,0,[],[]
1690,Florida,0,[],[]
932,Foley.,0,[],[]
1606,Fouad Chehab starb am 25.,0,[],[]
1946,Frank Aleksander.,0,[],[]
1764,Frankreich und Russland haben gemeinsam mit Großbritannien gegen Deutschland und dessen verbündete Mittelmächte gekämpft.,0,[],[]
1794,Frankreich war 1949 Gründungsmitglied des Nordatlantikvertrages (NATO).,0,[],[]
288,Frankreich.,0,[],[]
1317,Frye) und Stanley Cook.,0,[],[]
394,Fünf Nummer-eins-Hits.,0,[],[]
64,gab Xerxes seine Schwester Antiochis zur Frau.,0,[],[]
1377,Gabriela Mistral.,0,[],[]
1970,Gegen 20 Uhr.,0,[],[]
1896,Gelbe Karte auf die eine direkte Rote Karte folgt.,0,[],[]
906,Geographic Names Information System (GNIS),0,[],[]
1567,Georgien befindet sich an der Grenze zwischen Europa und Asien in Transkaukasien.,0,[],[]
1273,Georgs-Kapelle auf Schloss Windsor verheiratet.,0,[],[]
173,geschützt und gefördert.,0,[],[]
1185,Ghalib starb im Februar.,0,[],[]
1176,Ghana,0,[],[]
1599,Gletscher.,0,[],[]
1850,Gold.,0,[],[]
220,Goldberg hat am 22.,0,[],[]
1735,Google Photos wurde am 28.,0,[],[]
927,Görbersdorf,0,[],[]
910,Gottfried Wilhelm Leibniz.,0,[],[]
1572,Graf war das neunte von elf Kindern.,0,[],[]
1575,Graf wurde wegen der Teilnahme am Munitionsarbeiterstreik kurzzeitig inhaftiert.,0,[],[]
46,"Greifvögel, Schlangen und Bonobos.",0,[],[]
1978,Groener.,0,[],[]
540,Grön eld.,0,[],[]
1767,Große OLED-Bildschirme sind momentan teurer als entsprechend große LCD-Bildschirme.,0,[],[]
1434,Gründungsdirektor.,0,[],[]
1027,Guiyang befindet sich in der Provinz Guizhou.,0,[],[]
1026,Guiyang liegt auf einer Höhe von 1.070 Metern über dem Meeresspiegel (ü. NN).,0,[],[]
128,Guttannen.,0,[],[]
707,"Hamza, Zaid, Bilal oder andere.",0,[],[]
1762,"Hannes Meyer, auch bekannt als Hans Emil Meyer, war ein Schweizer Architekt und Urbanist.",0,[],[]
1048,Harriet Beecher Stowe wurde am 14.,0,[],[]
624,Hattar wurde am 25.,0,[],[]
335,Hatun mayu.,0,[],[]
409,Hawaii,0,[],[]
486,Heinrich VII.,0,[],[]
879,Heinrich VIII.,0,[],[]
880,Heinrich VIII.,0,[],[]
1038,Heinrich VIII.,0,[],[]
3,Helens war etwa wie flüssiger Beton.,0,[],[]
97,"Hermann Gmeiners Mutter starb, als er fünf Jahre alt war, im März 1925.",0,[],[]
1117,"Hermann Minkowski ist bekannt für seine Pionierarbeit in der Geometrie der Zahlen und seine Entwicklungen in der Zahlentheorie, insbesondere für den Gitterpunktsatz und die Anwendung dieser Methoden auf die algebraische Zahlentheorie.",0,[],[]
13,"Herzog Eugen wuchs in Carlsruhe, einem Jagdbesitz seines Vaters in Schlesien auf.",0,[],[]
1799,Hier kommen 26 der insgesamt 78 weltweit bekannten Walarten vor und ungefähr 580 verschiedene Korallen.,0,[],[]
1597,Hillary Clinton wurde von einigen DNC-Mitgliedern bevorzugt.,0,[],[]
1790,Houssay starb am 21.,0,[],[]
824,"HRH Prince Philip, Duke of Edinburgh.",0,[],[]
309,HST steht für Hubble-Weltraumteleskop.,0,[],[]
1069,Hüsamettin Çelebi war Rūmīs Nachfolger.,0,[],[]
186,Hussein Al Bashir,0,[],[]
1419,"Ian Gillan wurde 1989 erneut aus Deep Purple entlassen, weil er mit Ritchie Blackmore in Streit über die musikalische Ausrichtung geraten war.",0,[],[]
171,Ibrahim war der Direktor des Zentralgefängnisses von Istanbul.,0,[],[]
1734,Icanovic verlor gegen Kateryna Bondarenko im Endspiel der Juniorinnen in Wimbledon.,0,[],[]
1797,"Ich habe keine Antwort auf Ihre Frage, da die verfügbaren Informationen keine Bezugnahme auf einen Herrscher enthalten.",0,[],[]
2,Ich habe keine Antwort auf Ihre Frage.,0,[],[]
6,Ich habe keine Antwort auf Ihre Frage.,0,[],[]
12,Ich habe keine Antwort auf Ihre Frage.,0,[],[]
17,Ich habe keine Antwort auf Ihre Frage.,0,[],[]
22,Ich habe keine Antwort auf Ihre Frage.,0,[],[]
25,Ich habe keine Antwort auf Ihre Frage.,0,[],[]
41,Ich habe keine Antwort auf Ihre Frage.,0,[],[]
48,Ich habe keine Antwort auf Ihre Frage.,0,[],[]
49,Ich habe keine Antwort auf Ihre Frage.,0,[],[]
56,Ich habe keine Antwort auf Ihre Frage.,0,[],[]
73,Ich habe keine Antwort auf Ihre Frage.,0,[],[]
75,Ich habe keine Antwort auf Ihre Frage.,0,[],[]
82,Ich habe keine Antwort auf Ihre Frage.,0,[],[]
83,Ich habe keine Antwort auf Ihre Frage.,0,[],[]
88,Ich habe keine Antwort auf Ihre Frage.,0,[],[]
89,Ich habe keine Antwort auf Ihre Frage.,0,[],[]
92,Ich habe keine Antwort auf Ihre Frage.,0,[],[]
98,Ich habe keine Antwort auf Ihre Frage.,0,[],[]
125,Ich habe keine Antwort auf Ihre Frage.,0,[],[]
127,Ich habe keine Antwort auf Ihre Frage.,0,[],[]
132,Ich habe keine Antwort auf Ihre Frage.,0,[],[]
136,Ich habe keine Antwort auf Ihre Frage.,0,[],[]
140,Ich habe keine Antwort auf Ihre Frage.,0,[],[]
143,Ich habe keine Antwort auf Ihre Frage.,0,[],[]
149,Ich habe keine Antwort auf Ihre Frage.,0,[],[]
150,Ich habe keine Antwort auf Ihre Frage.,0,[],[]
151,Ich habe keine Antwort auf Ihre Frage.,0,[],[]
154,Ich habe keine Antwort auf Ihre Frage.,0,[],[]
162,Ich habe keine Antwort auf Ihre Frage.,0,[],[]
166,Ich habe keine Antwort auf Ihre Frage.,0,[],[]
174,Ich habe keine Antwort auf Ihre Frage.,0,[],[]
175,Ich habe keine Antwort auf Ihre Frage.,0,[],[]
187,Ich habe keine Antwort auf Ihre Frage.,0,[],[]
196,Ich habe keine Antwort auf Ihre Frage.,0,[],[]
203,Ich habe keine Antwort auf Ihre Frage.,0,[],[]
205,Ich habe keine Antwort auf Ihre Frage.,0,[],[]
210,Ich habe keine Antwort auf Ihre Frage.,0,[],[]
213,Ich habe keine Antwort auf Ihre Frage.,0,[],[]
221,Ich habe keine Antwort auf Ihre Frage.,0,[],[]
223,Ich habe keine Antwort auf Ihre Frage.,0,[],[]
224,Ich habe keine Antwort auf Ihre Frage.,0,[],[]
236,Ich habe keine Antwort auf Ihre Frage.,0,[],[]
237,Ich habe keine Antwort auf Ihre Frage.,0,[],[]
238,Ich habe keine Antwort auf Ihre Frage.,0,[],[]
239,Ich habe keine Antwort auf Ihre Frage.,0,[],[]
252,Ich habe keine Antwort auf Ihre Frage.,0,[],[]
262,Ich habe keine Antwort auf Ihre Frage.,0,[],[]
265,Ich habe keine Antwort auf Ihre Frage.,0,[],[]
270,Ich habe keine Antwort auf Ihre Frage.,0,[],[]
271,Ich habe keine Antwort auf Ihre Frage.,0,[],[]
272,Ich habe keine Antwort auf Ihre Frage.,0,[],[]
282,Ich habe keine Antwort auf Ihre Frage.,0,[],[]
284,Ich habe keine Antwort auf Ihre Frage.,0,[],[]
299,Ich habe keine Antwort auf Ihre Frage.,0,[],[]
313,Ich habe keine Antwort auf Ihre Frage.,0,[],[]
317,Ich habe keine Antwort auf Ihre Frage.,0,[],[]
318,Ich habe keine Antwort auf Ihre Frage.,0,[],[]
330,Ich habe keine Antwort auf Ihre Frage.,0,[],[]
331,Ich habe keine Antwort auf Ihre Frage.,0,[],[]
333,Ich habe keine Antwort auf Ihre Frage.,0,[],[]
340,Ich habe keine Antwort auf Ihre Frage.,0,[],[]
352,Ich habe keine Antwort auf Ihre Frage.,0,[],[]
353,Ich habe keine Antwort auf Ihre Frage.,0,[],[]
368,Ich habe keine Antwort auf Ihre Frage.,0,[],[]
370,Ich habe keine Antwort auf Ihre Frage.,0,[],[]
379,Ich habe keine Antwort auf Ihre Frage.,0,[],[]
382,Ich habe keine Antwort auf Ihre Frage.,0,[],[]
387,Ich habe keine Antwort auf Ihre Frage.,0,[],[]
410,Ich habe keine Antwort auf Ihre Frage.,0,[],[]
419,Ich habe keine Antwort auf Ihre Frage.,0,[],[]
423,Ich habe keine Antwort auf Ihre Frage.,0,[],[]
425,Ich habe keine Antwort auf Ihre Frage.,0,[],[]
427,Ich habe keine Antwort auf Ihre Frage.,0,[],[]
436,Ich habe keine Antwort auf Ihre Frage.,0,[],[]
440,Ich habe keine Antwort auf Ihre Frage.,0,[],[]
441,Ich habe keine Antwort auf Ihre Frage.,0,[],[]
442,Ich habe keine Antwort auf Ihre Frage.,0,[],[]
451,Ich habe keine Antwort auf Ihre Frage.,0,[],[]
458,Ich habe keine Antwort auf Ihre Frage.,0,[],[]
475,Ich habe keine Antwort auf Ihre Frage.,0,[],[]
491,Ich habe keine Antwort auf Ihre Frage.,0,[],[]
506,Ich habe keine Antwort auf Ihre Frage.,0,[],[]
515,Ich habe keine Antwort auf Ihre Frage.,0,[],[]
524,Ich habe keine Antwort auf Ihre Frage.,0,[],[]
537,Ich habe keine Antwort auf Ihre Frage.,0,[],[]
555,Ich habe keine Antwort auf Ihre Frage.,0,[],[]
556,Ich habe keine Antwort auf Ihre Frage.,0,[],[]
557,Ich habe keine Antwort auf Ihre Frage.,0,[],[]
570,Ich habe keine Antwort auf Ihre Frage.,0,[],[]
574,Ich habe keine Antwort auf Ihre Frage.,0,[],[]
579,Ich habe keine Antwort auf Ihre Frage.,0,[],[]
580,Ich habe keine Antwort auf Ihre Frage.,0,[],[]
581,Ich habe keine Antwort auf Ihre Frage.,0,[],[]
583,Ich habe keine Antwort auf Ihre Frage.,0,[],[]
586,Ich habe keine Antwort auf Ihre Frage.,0,[],[]
587,Ich habe keine Antwort auf Ihre Frage.,0,[],[]
591,Ich habe keine Antwort auf Ihre Frage.,0,[],[]
592,Ich habe keine Antwort auf Ihre Frage.,0,[],[]
595,Ich habe keine Antwort auf Ihre Frage.,0,[],[]
608,Ich habe keine Antwort auf Ihre Frage.,0,[],[]
632,Ich habe keine Antwort auf Ihre Frage.,0,[],[]
633,Ich habe keine Antwort auf Ihre Frage.,0,[],[]
634,Ich habe keine Antwort auf Ihre Frage.,0,[],[]
635,Ich habe keine Antwort auf Ihre Frage.,0,[],[]
646,Ich habe keine Antwort auf Ihre Frage.,0,[],[]
649,Ich habe keine Antwort auf Ihre Frage.,0,[],[]
651,Ich habe keine Antwort auf Ihre Frage.,0,[],[]
652,Ich habe keine Antwort auf Ihre Frage.,0,[],[]
653,Ich habe keine Antwort auf Ihre Frage.,0,[],[]
663,Ich habe keine Antwort auf Ihre Frage.,0,[],[]
666,Ich habe keine Antwort auf Ihre Frage.,0,[],[]
670,Ich habe keine Antwort auf Ihre Frage.,0,[],[]
680,Ich habe keine Antwort auf Ihre Frage.,0,[],[]
684,Ich habe keine Antwort auf Ihre Frage.,0,[],[]
686,Ich habe keine Antwort auf Ihre Frage.,0,[],[]
694,Ich habe keine Antwort auf Ihre Frage.,0,[],[]
696,Ich habe keine Antwort auf Ihre Frage.,0,[],[]
701,Ich habe keine Antwort auf Ihre Frage.,0,[],[]
705,Ich habe keine Antwort auf Ihre Frage.,0,[],[]
706,Ich habe keine Antwort auf Ihre Frage.,0,[],[]
709,Ich habe keine Antwort auf Ihre Frage.,0,[],[]
722,Ich habe keine Antwort auf Ihre Frage.,0,[],[]
730,Ich habe keine Antwort auf Ihre Frage.,0,[],[]
737,Ich habe keine Antwort auf Ihre Frage.,0,[],[]
739,Ich habe keine Antwort auf Ihre Frage.,0,[],[]
741,Ich habe keine Antwort auf Ihre Frage.,0,[],[]
746,Ich habe keine Antwort auf Ihre Frage.,0,[],[]
755,Ich habe keine Antwort auf Ihre Frage.,0,[],[]
759,Ich habe keine Antwort auf Ihre Frage.,0,[],[]
761,Ich habe keine Antwort auf Ihre Frage.,0,[],[]
762,Ich habe keine Antwort auf Ihre Frage.,0,[],[]
765,Ich habe keine Antwort auf Ihre Frage.,0,[],[]
770,Ich habe keine Antwort auf Ihre Frage.,0,[],[]
771,Ich habe keine Antwort auf Ihre Frage.,0,[],[]
773,Ich habe keine Antwort auf Ihre Frage.,0,[],[]
778,Ich habe keine Antwort auf Ihre Frage.,0,[],[]
784,Ich habe keine Antwort auf Ihre Frage.,0,[],[]
786,Ich habe keine Antwort auf Ihre Frage.,0,[],[]
790,Ich habe keine Antwort auf Ihre Frage.,0,[],[]
793,Ich habe keine Antwort auf Ihre Frage.,0,[],[]
794,Ich habe keine Antwort auf Ihre Frage.,0,[],[]
798,Ich habe keine Antwort auf Ihre Frage.,0,[],[]
811,Ich habe keine Antwort auf Ihre Frage.,0,[],[]
813,Ich habe keine Antwort auf Ihre Frage.,0,[],[]
816,Ich habe keine Antwort auf Ihre Frage.,0,[],[]
825,Ich habe keine Antwort auf Ihre Frage.,0,[],[]
828,Ich habe keine Antwort auf Ihre Frage.,0,[],[]
829,Ich habe keine Antwort auf Ihre Frage.,0,[],[]
830,Ich habe keine Antwort auf Ihre Frage.,0,[],[]
835,Ich habe keine Antwort auf Ihre Frage.,0,[],[]
839,Ich habe keine Antwort auf Ihre Frage.,0,[],[]
842,Ich habe keine Antwort auf Ihre Frage.,0,[],[]
846,Ich habe keine Antwort auf Ihre Frage.,0,[],[]
848,Ich habe keine Antwort auf Ihre Frage.,0,[],[]
853,Ich habe keine Antwort auf Ihre Frage.,0,[],[]
860,Ich habe keine Antwort auf Ihre Frage.,0,[],[]
882,Ich habe keine Antwort auf Ihre Frage.,0,[],[]
886,Ich habe keine Antwort auf Ihre Frage.,0,[],[]
892,Ich habe keine Antwort auf Ihre Frage.,0,[],[]
895,Ich habe keine Antwort auf Ihre Frage.,0,[],[]
898,Ich habe keine Antwort auf Ihre Frage.,0,[],[]
902,Ich habe keine Antwort auf Ihre Frage.,0,[],[]
908,Ich habe keine Antwort auf Ihre Frage.,0,[],[]
913,Ich habe keine Antwort auf Ihre Frage.,0,[],[]
916,Ich habe keine Antwort auf Ihre Frage.,0,[],[]
917,Ich habe keine Antwort auf Ihre Frage.,0,[],[]
923,Ich habe keine Antwort auf Ihre Frage.,0,[],[]
925,Ich habe keine Antwort auf Ihre Frage.,0,[],[]
928,Ich habe keine Antwort auf Ihre Frage.,0,[],[]
929,Ich habe keine Antwort auf Ihre Frage.,0,[],[]
933,Ich habe keine Antwort auf Ihre Frage.,0,[],[]
935,Ich habe keine Antwort auf Ihre Frage.,0,[],[]
936,Ich habe keine Antwort auf Ihre Frage.,0,[],[]
941,Ich habe keine Antwort auf Ihre Frage.,0,[],[]
942,Ich habe keine Antwort auf Ihre Frage.,0,[],[]
944,Ich habe keine Antwort auf Ihre Frage.,0,[],[]
946,Ich habe keine Antwort auf Ihre Frage.,0,[],[]
958,Ich habe keine Antwort auf Ihre Frage.,0,[],[]
959,Ich habe keine Antwort auf Ihre Frage.,0,[],[]
962,Ich habe keine Antwort auf Ihre Frage.,0,[],[]
965,Ich habe keine Antwort auf Ihre Frage.,0,[],[]
973,Ich habe keine Antwort auf Ihre Frage.,0,[],[]
977,Ich habe keine Antwort auf Ihre Frage.,0,[],[]
983,Ich habe keine Antwort auf Ihre Frage.,0,[],[]
988,Ich habe keine Antwort auf Ihre Frage.,0,[],[]
989,Ich habe keine Antwort auf Ihre Frage.,0,[],[]
993,Ich habe keine Antwort auf Ihre Frage.,0,[],[]
994,Ich habe keine Antwort auf Ihre Frage.,0,[],[]
998,Ich habe keine Antwort auf Ihre Frage.,0,[],[]
1010,Ich habe keine Antwort auf Ihre Frage.,0,[],[]
1012,Ich habe keine Antwort auf Ihre Frage.,0,[],[]
1016,Ich habe keine Antwort auf Ihre Frage.,0,[],[]
1018,Ich habe keine Antwort auf Ihre Frage.,0,[],[]
1021,Ich habe keine Antwort auf Ihre Frage.,0,[],[]
1024,Ich habe keine Antwort auf Ihre Frage.,0,[],[]
1025,Ich habe keine Antwort auf Ihre Frage.,0,[],[]
1036,Ich habe keine Antwort auf Ihre Frage.,0,[],[]
1043,Ich habe keine Antwort auf Ihre Frage.,0,[],[]
1052,Ich habe keine Antwort auf Ihre Frage.,0,[],[]
1056,Ich habe keine Antwort auf Ihre Frage.,0,[],[]
1065,Ich habe keine Antwort auf Ihre Frage.,0,[],[]
1067,Ich habe keine Antwort auf Ihre Frage.,0,[],[]
1081,Ich habe keine Antwort auf Ihre Frage.,0,[],[]
1089,Ich habe keine Antwort auf Ihre Frage.,0,[],[]
1091,Ich habe keine Antwort auf Ihre Frage.,0,[],[]
1101,Ich habe keine Antwort auf Ihre Frage.,0,[],[]
1104,Ich habe keine Antwort auf Ihre Frage.,0,[],[]
1114,Ich habe keine Antwort auf Ihre Frage.,0,[],[]
1119,Ich habe keine Antwort auf Ihre Frage.,0,[],[]
1122,Ich habe keine Antwort auf Ihre Frage.,0,[],[]
1123,Ich habe keine Antwort auf Ihre Frage.,0,[],[]
1124,Ich habe keine Antwort auf Ihre Frage.,0,[],[]
1131,Ich habe keine Antwort auf Ihre Frage.,0,[],[]
1133,Ich habe keine Antwort auf Ihre Frage.,0,[],[]
1136,Ich habe keine Antwort auf Ihre Frage.,0,[],[]
1137,Ich habe keine Antwort auf Ihre Frage.,0,[],[]
1143,Ich habe keine Antwort auf Ihre Frage.,0,[],[]
1146,Ich habe keine Antwort auf Ihre Frage.,0,[],[]
1149,Ich habe keine Antwort auf Ihre Frage.,0,[],[]
1151,Ich habe keine Antwort auf Ihre Frage.,0,[],[]
1154,Ich habe keine Antwort auf Ihre Frage.,0,[],[]
1156,Ich habe keine Antwort auf Ihre Frage.,0,[],[]
1162,Ich habe keine Antwort auf Ihre Frage.,0,[],[]
1174,Ich habe keine Antwort auf Ihre Frage.,0,[],[]
1177,Ich habe keine Antwort auf Ihre Frage.,0,[],[]
1184,Ich habe keine Antwort auf Ihre Frage.,0,[],[]
1188,Ich habe keine Antwort auf Ihre Frage.,0,[],[]
1192,Ich habe keine Antwort auf Ihre Frage.,0,[],[]
1194,Ich habe keine Antwort auf Ihre Frage.,0,[],[]
1199,Ich habe keine Antwort auf Ihre Frage.,0,[],[]
1205,Ich habe keine Antwort auf Ihre Frage.,0,[],[]
1215,Ich habe keine Antwort auf Ihre Frage.,0,[],[]
1217,Ich habe keine Antwort auf Ihre Frage.,0,[],[]
1221,Ich habe keine Antwort auf Ihre Frage.,0,[],[]
1239,Ich habe keine Antwort auf Ihre Frage.,0,[],[]
1240,Ich habe keine Antwort auf Ihre Frage.,0,[],[]
1243,Ich habe keine Antwort auf Ihre Frage.,0,[],[]
1244,Ich habe keine Antwort auf Ihre Frage.,0,[],[]
1248,Ich habe keine Antwort auf Ihre Frage.,0,[],[]
1261,Ich habe keine Antwort auf Ihre Frage.,0,[],[]
1263,Ich habe keine Antwort auf Ihre Frage.,0,[],[]
1270,Ich habe keine Antwort auf Ihre Frage.,0,[],[]
1272,Ich habe keine Antwort auf Ihre Frage.,0,[],[]
1275,Ich habe keine Antwort auf Ihre Frage.,0,[],[]
1276,Ich habe keine Antwort auf Ihre Frage.,0,[],[]
1278,Ich habe keine Antwort auf Ihre Frage.,0,[],[]
1282,Ich habe keine Antwort auf Ihre Frage.,0,[],[]
1285,Ich habe keine Antwort auf Ihre Frage.,0,[],[]
1286,Ich habe keine Antwort auf Ihre Frage.,0,[],[]
1290,Ich habe keine Antwort auf Ihre Frage.,0,[],[]
1295,Ich habe keine Antwort auf Ihre Frage.,0,[],[]
1299,Ich habe keine Antwort auf Ihre Frage.,0,[],[]
1311,Ich habe keine Antwort auf Ihre Frage.,0,[],[]
1316,Ich habe keine Antwort auf Ihre Frage.,0,[],[]
1318,Ich habe keine Antwort auf Ihre Frage.,0,[],[]
1322,Ich habe keine Antwort auf Ihre Frage.,0,[],[]
1327,Ich habe keine Antwort auf Ihre Frage.,0,[],[]
1332,Ich habe keine Antwort auf Ihre Frage.,0,[],[]
1338,Ich habe keine Antwort auf Ihre Frage.,0,[],[]
1345,Ich habe keine Antwort auf Ihre Frage.,0,[],[]
1349,Ich habe keine Antwort auf Ihre Frage.,0,[],[]
1355,Ich habe keine Antwort auf Ihre Frage.,0,[],[]
1359,Ich habe keine Antwort auf Ihre Frage.,0,[],[]
1361,Ich habe keine Antwort auf Ihre Frage.,0,[],[]
1362,Ich habe keine Antwort auf Ihre Frage.,0,[],[]
1366,Ich habe keine Antwort auf Ihre Frage.,0,[],[]
1368,Ich habe keine Antwort auf Ihre Frage.,0,[],[]
1372,Ich habe keine Antwort auf Ihre Frage.,0,[],[]
1378,Ich habe keine Antwort auf Ihre Frage.,0,[],[]
1381,Ich habe keine Antwort auf Ihre Frage.,0,[],[]
1382,Ich habe keine Antwort auf Ihre Frage.,0,[],[]
1388,Ich habe keine Antwort auf Ihre Frage.,0,[],[]
1390,Ich habe keine Antwort auf Ihre Frage.,0,[],[]
1391,Ich habe keine Antwort auf Ihre Frage.,0,[],[]
1395,Ich habe keine Antwort auf Ihre Frage.,0,[],[]
1397,Ich habe keine Antwort auf Ihre Frage.,0,[],[]
1404,Ich habe keine Antwort auf Ihre Frage.,0,[],[]
1410,Ich habe keine Antwort auf Ihre Frage.,0,[],[]
1411,Ich habe keine Antwort auf Ihre Frage.,0,[],[]
1412,Ich habe keine Antwort auf Ihre Frage.,0,[],[]
1414,Ich habe keine Antwort auf Ihre Frage.,0,[],[]
1417,Ich habe keine Antwort auf Ihre Frage.,0,[],[]
1421,Ich habe keine Antwort auf Ihre Frage.,0,[],[]
1427,Ich habe keine Antwort auf Ihre Frage.,0,[],[]
1430,Ich habe keine Antwort auf Ihre Frage.,0,[],[]
1431,Ich habe keine Antwort auf Ihre Frage.,0,[],[]
1454,Ich habe keine Antwort auf Ihre Frage.,0,[],[]
1455,Ich habe keine Antwort auf Ihre Frage.,0,[],[]
1458,Ich habe keine Antwort auf Ihre Frage.,0,[],[]
1460,Ich habe keine Antwort auf Ihre Frage.,0,[],[]
1461,Ich habe keine Antwort auf Ihre Frage.,0,[],[]
1462,Ich habe keine Antwort auf Ihre Frage.,0,[],[]
1467,Ich habe keine Antwort auf Ihre Frage.,0,[],[]
1473,Ich habe keine Antwort auf Ihre Frage.,0,[],[]
1476,Ich habe keine Antwort auf Ihre Frage.,0,[],[]
1486,Ich habe keine Antwort auf Ihre Frage.,0,[],[]
1490,Ich habe keine Antwort auf Ihre Frage.,0,[],[]
1496,Ich habe keine Antwort auf Ihre Frage.,0,[],[]
1499,Ich habe keine Antwort auf Ihre Frage.,0,[],[]
1504,Ich habe keine Antwort auf Ihre Frage.,0,[],[]
1512,Ich habe keine Antwort auf Ihre Frage.,0,[],[]
1514,Ich habe keine Antwort auf Ihre Frage.,0,[],[]
1530,Ich habe keine Antwort auf Ihre Frage.,0,[],[]
1536,Ich habe keine Antwort auf Ihre Frage.,0,[],[]
1544,Ich habe keine Antwort auf Ihre Frage.,0,[],[]
1546,Ich habe keine Antwort auf Ihre Frage.,0,[],[]
1547,Ich habe keine Antwort auf Ihre Frage.,0,[],[]
1549,Ich habe keine Antwort auf Ihre Frage.,0,[],[]
1561,Ich habe keine Antwort auf Ihre Frage.,0,[],[]
1564,Ich habe keine Antwort auf Ihre Frage.,0,[],[]
1573,Ich habe keine Antwort auf Ihre Frage.,0,[],[]
1582,Ich habe keine Antwort auf Ihre Frage.,0,[],[]
1603,Ich habe keine Antwort auf Ihre Frage.,0,[],[]
1611,Ich habe keine Antwort auf Ihre Frage.,0,[],[]
1615,Ich habe keine Antwort auf Ihre Frage.,0,[],[]
1619,Ich habe keine Antwort auf Ihre Frage.,0,[],[]
1623,Ich habe keine Antwort auf Ihre Frage.,0,[],[]
1625,Ich habe keine Antwort auf Ihre Frage.,0,[],[]
1630,Ich habe keine Antwort auf Ihre Frage.,0,[],[]
1637,Ich habe keine Antwort auf Ihre Frage.,0,[],[]
1645,Ich habe keine Antwort auf Ihre Frage.,0,[],[]
1646,Ich habe keine Antwort auf Ihre Frage.,0,[],[]
1652,Ich habe keine Antwort auf Ihre Frage.,0,[],[]
1654,Ich habe keine Antwort auf Ihre Frage.,0,[],[]
1656,Ich habe keine Antwort auf Ihre Frage.,0,[],[]
1658,Ich habe keine Antwort auf Ihre Frage.,0,[],[]
1661,Ich habe keine Antwort auf Ihre Frage.,0,[],[]
1662,Ich habe keine Antwort auf Ihre Frage.,0,[],[]
1664,Ich habe keine Antwort auf Ihre Frage.,0,[],[]
1665,Ich habe keine Antwort auf Ihre Frage.,0,[],[]
1682,Ich habe keine Antwort auf Ihre Frage.,0,[],[]
1693,Ich habe keine Antwort auf Ihre Frage.,0,[],[]
1696,Ich habe keine Antwort auf Ihre Frage.,0,[],[]
1707,Ich habe keine Antwort auf Ihre Frage.,0,[],[]
1710,Ich habe keine Antwort auf Ihre Frage.,0,[],[]
1711,Ich habe keine Antwort auf Ihre Frage.,0,[],[]
1713,Ich habe keine Antwort auf Ihre Frage.,0,[],[]
1717,Ich habe keine Antwort auf Ihre Frage.,0,[],[]
1719,Ich habe keine Antwort auf Ihre Frage.,0,[],[]
1721,Ich habe keine Antwort auf Ihre Frage.,0,[],[]
1723,Ich habe keine Antwort auf Ihre Frage.,0,[],[]
1752,Ich habe keine Antwort auf Ihre Frage.,0,[],[]
1756,Ich habe keine Antwort auf Ihre Frage.,0,[],[]
1759,Ich habe keine Antwort auf Ihre Frage.,0,[],[]
1765,Ich habe keine Antwort auf Ihre Frage.,0,[],[]
1774,Ich habe keine Antwort auf Ihre Frage.,0,[],[]
1775,Ich habe keine Antwort auf Ihre Frage.,0,[],[]
1781,Ich habe keine Antwort auf Ihre Frage.,0,[],[]
1784,Ich habe keine Antwort auf Ihre Frage.,0,[],[]
1785,Ich habe keine Antwort auf Ihre Frage.,0,[],[]
1787,Ich habe keine Antwort auf Ihre Frage.,0,[],[]
1788,Ich habe keine Antwort auf Ihre Frage.,0,[],[]
1791,Ich habe keine Antwort auf Ihre Frage.,0,[],[]
1802,Ich habe keine Antwort auf Ihre Frage.,0,[],[]
1803,Ich habe keine Antwort auf Ihre Frage.,0,[],[]
1804,Ich habe keine Antwort auf Ihre Frage.,0,[],[]
1806,Ich habe keine Antwort auf Ihre Frage.,0,[],[]
1809,Ich habe keine Antwort auf Ihre Frage.,0,[],[]
1812,Ich habe keine Antwort auf Ihre Frage.,0,[],[]
1815,Ich habe keine Antwort auf Ihre Frage.,0,[],[]
1824,Ich habe keine Antwort auf Ihre Frage.,0,[],[]
1825,Ich habe keine Antwort auf Ihre Frage.,0,[],[]
1827,Ich habe keine Antwort auf Ihre Frage.,0,[],[]
1831,Ich habe keine Antwort auf Ihre Frage.,0,[],[]
1832,Ich habe keine Antwort auf Ihre Frage.,0,[],[]
1834,Ich habe keine Antwort auf Ihre Frage.,0,[],[]
1835,Ich habe keine Antwort auf Ihre Frage.,0,[],[]
1836,Ich habe keine Antwort auf Ihre Frage.,0,[],[]
1844,Ich habe keine Antwort auf Ihre Frage.,0,[],[]
1848,Ich habe keine Antwort auf Ihre Frage.,0,[],[]
1855,Ich habe keine Antwort auf Ihre Frage.,0,[],[]
1859,Ich habe keine Antwort auf Ihre Frage.,0,[],[]
1863,Ich habe keine Antwort auf Ihre Frage.,0,[],[]
1871,Ich habe keine Antwort auf Ihre Frage.,0,[],[]
1872,Ich habe keine Antwort auf Ihre Frage.,0,[],[]
1879,Ich habe keine Antwort auf Ihre Frage.,0,[],[]
1886,Ich habe keine Antwort auf Ihre Frage.,0,[],[]
1890,Ich habe keine Antwort auf Ihre Frage.,0,[],[]
1891,Ich habe keine Antwort auf Ihre Frage.,0,[],[]
1893,Ich habe keine Antwort auf Ihre Frage.,0,[],[]
1897,Ich habe keine Antwort auf Ihre Frage.,0,[],[]
1905,Ich habe keine Antwort auf Ihre Frage.,0,[],[]
1907,Ich habe keine Antwort auf Ihre Frage.,0,[],[]
1908,Ich habe keine Antwort auf Ihre Frage.,0,[],[]
1911,Ich habe keine Antwort auf Ihre Frage.,0,[],[]
1938,Ich habe keine Antwort auf Ihre Frage.,0,[],[]
1943,Ich habe keine Antwort auf Ihre Frage.,0,[],[]
1975,Ich habe keine Antwort auf Ihre Frage.,0,[],[]
1981,Ich habe keine Antwort auf Ihre Frage.,0,[],[]
1984,Ich habe keine Antwort auf Ihre Frage.,0,[],[]
1985,Ich habe keine Antwort auf Ihre Frage.,0,[],[]
1986,Ich habe keine Antwort auf Ihre Frage.,0,[],[]
1861,Ihr Vater arbeitete als Ingenieur.,0,[],[]
165,Ihre Kreuzzugsgelübde erfüllt zu haben.,0,[],[]
894,"Im (rechten) Oberbauch, der auch in den Rücken oder die rechte Schulter ausstrahlen kann.",0,[],[]
470,Im Jahr 1784 wurde das Ratsgremium auf drei Mitglieder verkleinert.,0,[],[]
796,Im Jahr 2002 trat Imran Khan im Wahlkreis seiner Heimatstadt Mianwali bei Wahlen zum nationalen Parlament an und wurde Abgeordneter zur Nationalversammlung.,0,[],[]
984,im Jahre 1336 niedergebrannt.,0,[],[]
1258,"Im Januar 2002 musste Mustaine ins Krankenhaus gehen, um sich einen Nierenstein entfernen zu lassen.",0,[],[]
24,Im März 1942 wurden zehn USAAC P-36A nach Brasilien überführt.,0,[],[]
1083,"Im März 2010 begannen die Dreharbeiten zu ""The Rum Diary"", in dem Amber Heard an der Seite von Johnny Depp mitwirkte.",0,[],[]
1057,"In Afghanistan, Indien und Pakistan werden Kichererbsen angebaut.",0,[],[]
1674,"In dem Musikvideo zu ""Toxic"" von Britney Spears wird ihr untreuer Freund vergiftet.",0,[],[]
44,In dem Spiel werden neben Dialogen Musik und Klangeffekte verwendet.,0,[],[]
1799,In der Celebessee gibt es eine reichhaltige maritime noch weitgehend unbekannte Tier- und Pflanzenwelt.,0,[],[]
841,In einem roten Ferrari befand sich der Börsenmakler.,0,[],[]
603,"in Pixeln (Auflösung), in Punktdichte (ppi) oder in Bildschirmdiagonale (in Zoll oder Millimetern).",0,[],[]
1237,Indien.,0,[],[]
1358,Indien.,0,[],[]
1509,"Indravarman I. ließ den ersten Baray errichten, um Wasser zu sammeln und in der Dürrezeit durch Kanäle zu den Feldern zu leiten.",0,[],[]
807,Infektiöse Pleuropneumonie der Rinder.,0,[],[]
1959,Ins Landesinnere.,0,[],[]
105,Invincible Youth 2.,0,[],[]
726,Iowa.,0,[],[]
167,Irmgard Möller wurde mit vier Messerstichen in der Herzgegend gestochen.,0,[],[]
1112,"Isaac Vivian Alexander Richards, besser bekannt als Viv Richards, war ein ehemaliger Cricketspieler, der für das West Indies Cricket Team spielte.",0,[],[]
887,ISO/TS 29001,0,[],[]
1733,Ivanović trainierte während der Bombardierungen Jugoslawiens durch die NATO 1999 in einem umgebauten Schwimmbad im Belgrader Sportcenter.,0,[],[]
1669,Jahrhundert auch noch bis zum Delta des Kapuas-Flusses in West-Kalimantan.,0,[],[]
1447,Jahrhundert endete am 31.,0,[],[]
672,Jahrhundert geschrieben.,0,[],[]
671,Jahrhundert und dem 14.,0,[],[]
449,Jahrhundert wurde hauptsächlich durch die Architekten John Nash und Edward Blore durchgeführt.,0,[],[]
1916,"Jahrhundert, also auf Puerto Rico.",0,[],[]
671,Jahrhundert.,0,[],[]
1449,Jakarta und Palembang.,0,[],[]
1555,Jakob landete im März 1689 in Irland.,0,[],[]
437,James McAvoy.,0,[],[]
1554,James the be-shitten.,0,[],[]
909,Januar 1943 im Alter von 86 Jahren.,0,[],[]
1885,Januar 1957 geboren.,0,[],[]
1210,Januar 1964 geboren.,0,[],[]
1375,Januar 1979 ein volles souveränes Mitglied der Schweizer Konföderation.,0,[],[]
1870,Januar 1986 den Europäischen Gemeinschaften (EG) bei.,0,[],[]
311,Januar 1992 geboren.,0,[],[]
1425,Januar 2004.,0,[],[]
1475,Januar 2005 in Mumbai gestorben.,0,[],[]
1515,Januar 2007 zum Chef der Übergangsregierung ernannt.,0,[],[]
1858,Januzaj begann mit dem Fußballspielen beim FC Brüssel.,0,[],[]
1857,Januzaj wurde in Brüssel geboren.,0,[],[]
269,Japan.,0,[],[]
1193,Japan.,0,[],[]
1337,Jim Clark.,0,[],[]
1039,"Jogging ist eine Form des Freizeit- oder Laufsports, bei der durch gemächliche Dauerläufe die Kondition gesteigert wird.",0,[],[]
1681,John Cornyn.,0,[],[]
1885,John Lasseter ist am 12.,0,[],[]
1340,John Lewis wurde bewusstlos geschlagen und in Sicherheit gezerrt.,0,[],[]
1138,"John Warnock Hinckley, Jr.",0,[],[]
1686,"John Willard Milnor wurde in Orange, New Jersey geboren.",0,[],[]
1792,"Jon Hamm lieh seiner Stimme dem Erfinder Herb Overkill, dem Ehemann von Scarlet Overkill, gespielt von Sandra Bullock, im Film Minions.",0,[],[]
1004,Jonathan Nolan ist der Co-Autor der meisten von Christopher Nolans Filmen.,0,[],[]
1820,"Jöns Jakob Berzelius kam auf das Wort ""Protein"".",0,[],[]
792,Juli 1884.,0,[],[]
1424,Juli 1894 geboren.,0,[],[]
972,Juli 1914 geboren.,0,[],[]
321,Juli 2017 unterzeichnet.,0,[],[]
355,Juli gegen italienische Schiffe.,0,[],[]
54,Juli nach New York zurück.,0,[],[]
1048,"Juni 1811 in Litchfield, Connecticut geboren.",0,[],[]
1676,Juni 1838 in der Westminster Abbey statt.,0,[],[]
131,Juni 1939 in San Pedro ein.,0,[],[]
1019,Juni 1959 in La Cabaña.,0,[],[]
1631,Juni 2018 zu Inter Mailand.,0,[],[]
626,Juni-Plan ist auch als Mountbattenplan bekannt.,0,[],[]
1375,Jura wurde am 1.,0,[],[]
972,Jyoti Basu wurde am 8.,0,[],[]
1840,Kalifornien.,0,[],[]
1763,Kap Fligely wird zu Eurasischem Teil gezählt.,0,[],[]
1592,Kapstadt.,0,[],[]
1822,Karl Albrecht diente in der Wehrmacht und nahm am Krieg gegen die Sowjetunion teil.,0,[],[]
1189,"Karp begann, HTML zu lernen, mit 11 Jahren.",0,[],[]
1638,Kasachstan ist gemessen an der Fläche der neuntgrößte Staat der Erde.,0,[],[]
1011,Kasparian wuchs als Tochter armenischer Einwanderer im Stadtteil Reseda im San Fernando Valley auf.,0,[],[]
1501,Kate Elizabeth Winslet ist britische Staatsangehörige.,0,[],[]
1310,Kathleen Gertrud Ferrier.,0,[],[]
392,Kathy,0,[],[]
1259,Kenia.,0,[],[]
1232,Kevin Valentine.,0,[],[]
1059,Khan starb am 28.,0,[],[]
945,Kingfisher Airlines war im Besitz des indischen Multikonzerns United Breweries Group.,0,[],[]
1060,"Kipling schrieb bis in die frühen 1930er Jahre hinein, auch wenn der Erfolg immer mehr ausblieb.",0,[],[]
20,Knapp 1100.,0,[],[]
1747,Kohl trat als Ministerpräsident zurück.,0,[],[]
1551,König Karl II.,0,[],[]
448,Königin Elisabeth II.,0,[],[]
1556,Konon.,0,[],[]
412,Kool & the Gang,0,[],[]
528,Kornijenko war von Oktober 1991 bis April 1995 in der privaten Wirtschaft beschäftigt.,0,[],[]
1335,Kosovo nahm zum ersten Mal als unabhängiges Team an den Olympischen Spielen 2016 teil.,0,[],[]
42,Kreuzer oder kleineren Schiffstypen.,0,[],[]
1542,Krishna war der Name von Rani Mukerjis Mutter.,0,[],[]
268,Kurgane.,0,[],[]
1826,Lamm und Schaf.,0,[],[]
1339,"Laut dem Text marschierten 600 Menschen, angeführt von Hosea Williams und John Lewis, an diesem Tag.",0,[],[]
129,"LE, eine Untergrundrapperin und Songwriterin, die unter dem Namen Elly auftrat.",0,[],[]
1526,Lech Wałęsa wurde am 29.,0,[],[]
215,Lee Dixon und Nigel Winterburn.,0,[],[]
383,"Lehrer schrieb für die amerikanische Version der satirischen britischen TV-Show ""That Was The Week That Was"" (TW3).",0,[],[]
1535,Lenard ist in Messelhausen in Baden gestorben.,0,[],[]
1993,Leo Tornikios Kontoleon wurde als Nachfolger des Basils bestimmt.,0,[],[]
1716,Leonid Breschnew.,0,[],[]
1977,Leuna befindet sich bei Merseburg.,0,[],[]
1737,Longwood House.,0,[],[]
1586,Lord Mountbatten war der letzte britische Vizekönig des Staates.,0,[],[]
1551,"löste daraufhin das Parlament auf, was zu zwei weiteren Parlamentswahlen führte, die jedoch jeweils aus dem gleichen Grund wieder aufgelöst wurden.",0,[],[]
349,Ludwig V. starb am 21.,0,[],[]
337,Lycopin darf als rote Lebensmittelfarbe verwendet werden.,0,[],[]
1810,Lynette,0,[],[]
16,Madison University.,0,[],[]
976,Mahershalalhashbaz Gilmore.,0,[],[]
1364,Mai,0,[],[]
931,Mai 1859 geboren.,0,[],[]
1206,Mai 1913 in Rawalpindi geboren.,0,[],[]
1819,Mai 1948.,0,[],[]
320,Mai 1952 geändert.,0,[],[]
1735,Mai 2015 im Rahmen der Google I/O verfügbar.,0,[],[]
178,Mai 2016 und in Deutschland bereits am 25.,0,[],[]
178,Mai 2016.,0,[],[]
1903,Mai 2018 im Dolby Theatre in Los Angeles statt.,0,[],[]
349,Mai 987.,0,[],[]
357,Major General Gordon Bennett.,0,[],[]
985,Man kann auf der A944 außer über Westhill noch nach Westen durch Alford kommen.,0,[],[]
227,Manfred Curbach ist Mitglied des Vorstands und des Forschungsbeirates des Deutschen Ausschusses für Stahlbeton (DAfStb).,0,[],[]
432,"Männchen und Jungtiere sind schwarz gefärbt mit Ausnahme der weißen Augenbrauen, während Weibchen graubraun mit dunkelbraunen Wangen und einem weißen Ring um das gesamte Gesicht gefärbt sind.",0,[],[]
548,Marga Faulstich war eine deutsche Chemikerin.,0,[],[]
554,Marga Faulstich wurde 1973 für ihre Erfindung des Leichtgewichts-Brillenglases Schwerflint 64 (SF 64) mit der IR-100-Medaille der Industrial Research Incorporation in Chicago geehrt.,0,[],[]
452,Maria Theresia,0,[],[]
1552,"Maria, die Tochter Jakobs II.",0,[],[]
732,Mariko wird neue Inhaberin der Yashida Corporation.,0,[],[]
294,"Marion Crawford schrieb: „Einige königliche Berater meinten, er sei nicht gut genug für sie.",0,[],[]
1236,Mark Aurel Stein war ein Entdecker und Archäologe.,0,[],[]
311,Marnick Danny Vermijl wurde am 13.,0,[],[]
622,"Marokko war sechsmal bei den Olympischen Winterspielen dabei: 1968, 1984, 1988, 1992, 2010 und 2014.",0,[],[]
585,Maruti wurde 1981 als Joint Venture zwischen Suzuki und der indischen Regierung gegründet.,0,[],[]
932,"Mary, geb.",0,[],[]
233,März 1900 fertiggestellt.,0,[],[]
758,März 1928 in London.,0,[],[]
782,März 1931.,0,[],[]
1524,"März berichtete The Hollywood Reporter, dass Dominic Fumusa für die Rolle des John „Tig“ Tiegen unterzeichnet hatte.",0,[],[]
1339,März stattfand.,0,[],[]
206,Masaryk trat am 14.,0,[],[]
751,Medieneinheiten auf 166 Lauf-Kilometern an Regalen.,0,[],[]
1636,"Memphis, Tennessee.",0,[],[]
648,"Menschen mit einem erhöhten Infektionsrisiko für Meningitis werden am ehesten infiziert durch anatomische Defekte, insbesondere Schädelfrakturen, oder durch Störungen des Immunsystems.",0,[],[]
339,Mevalonsäure.,0,[],[]
351,Michail Kasjanow.,0,[],[]
1198,Microsoft begann mit der Entwicklung des.NET Frameworks in den späten 1990ern.,0,[],[]
1699,Minnesota.,0,[],[]
118,Misserfolg.,0,[],[]
1342,Mississippi.,0,[],[]
978,Mit 18 Jahren zog er nach Mumbai.,0,[],[]
1006,"Mit sieben Jahren begann Christopher Nolan, Filme zu produzieren.",0,[],[]
124,Mittelfeldspieler.,0,[],[]
421,Mohammad Jawad.,0,[],[]
188,Mohsen wurde in Cannes ermordet.,0,[],[]
1640,Montserrat Martí Caballé war die Tochter von Montserrat Caballé und Bernabé Martí.,0,[],[]
1715,Moskau.,0,[],[]
1511,Mukai ist japanische Astronautin.,0,[],[]
1109,München.,0,[],[]
266,Myanmar.,0,[],[]
1866,Nach dem Attentat zog die Familie des Zaren nach dem festungsartigen Schloss Gattschina um.,0,[],[]
62,Nach dem Tod Alexanders des Großen im Jahr 323 v. Chr.,0,[],[]
1622,Nach dem Zweiten Weltkrieg machten die Unabhängigkeitsbewegungen und die Dekolonisation eine Vollendung der Nord-Süd-Verbindung in Ostafrika unmöglich.,0,[],[]
837,Nach den Informationen aus dem Text ist die Verteilung der Erlöse und Gewinne bei der Verwertung der Filme entscheidend für die Beteiligung von Minderheitsproduzenten.,0,[],[]
1899,Nach den Texten nahm die Bevölkerungszahl auf Puerto Rico nach 1650 beträchtlich zu.,0,[],[]
498,Nach seinem Abschluss an der Kunstfachhochschule 1965 trat Durdy Bayramov dem Verband der bildenden Künstler der UdSSR bei und begann seine Karriere als professioneller Künstler.,0,[],[]
1867,"Nachdem Nihigas Videos entfernt wurden, wurde der Kanal vorläufig gesperrt und alle Videos mit urheberrechtsverletzendem Content mit Ausnahme von ""You're Beautiful"" entfernt.",0,[],[]
1344,Nader.,0,[],[]
623,Nahed Hattar entstammte einer christlich-arabischen Familie.,0,[],[]
1631,Nainggolan kam am 26.,0,[],[]
779,Nape war nur eine Woche im Amt.,0,[],[]
1738,Napoleon III.,0,[],[]
402,NARAS-Mitglieder.,0,[],[]
904,Neerja Bhanot starb am 5.,0,[],[]
855,"Nein, der Welttag der Nichtregierungsorganisationen wurde von den Vereinten Nationen erst im Jahre 2014 anerkannt.",0,[],[]
34,"Nevil Maskelyne war einer der Wissenschaftler im Team, der den Experimenten zum Bestimmen der Dichte der Erde und des Schiehallion beiwohnte.",0,[],[]
1598,News Corps Fox Interactive Media erwarb IGN Entertainment im September 2005.,0,[],[]
820,NGC 7006 ist mit 135.000 Lichtjahren Entfernung einer der sonnenfernsten Kugelsternhaufen der Milchstraße.,0,[],[]
1296,NGOs.,0,[],[]
1807,Nicolás Leoz.,0,[],[]
1869,Ninja Melk.,0,[],[]
121,Ninon Dolbin war eine Kunsthistorikerin.,0,[],[]
254,Nordirland.,0,[],[]
1563,nordöstliches Australien,0,[],[]
1706,Norman Borlaug.,0,[],[]
1854,Nostoc gehört zur Familie der Nostocaceae.,0,[],[]
1910,November 1493 landete und die erste Siedlung Caparra gründete.,0,[],[]
1436,November 1774 in London.,0,[],[]
1212,November 1903 unterzeichnet.,0,[],[]
1731,November 1944 in Paris gestorben.,0,[],[]
295,November 1948 geboren.,0,[],[]
1683,November 2006.,0,[],[]
508,November 2010 durch.,0,[],[]
1964,November abgedankt.,0,[],[]
1972,November in Berlin.,0,[],[]
1968,November Waffenstillstandsverhandlungen zugesagt.,0,[],[]
1989,November.,0,[],[]
800,Nyberg diente als Bordingenieurin in den ISS-Expeditionen 36 und 37.,0,[],[]
1059,Oktober 1921.,0,[],[]
71,Oktober 1934.,0,[],[]
1837,Oktober 1962 unabhängig.,0,[],[]
699,Oktober 2014 in Deutschland in die Kinos.,0,[],[]
179,Oktober 2014.,0,[],[]
168,Oktober 2016 veröffentlicht.,0,[],[]
697,Oona Castilla Chaplin ist eine Schauspielerin.,0,[],[]
1333,Österreich-Ungarn.,0,[],[]
645,Österreich.,0,[],[]
1881,Otto Wallach starb am 26.,0,[],[]
1531,Ovid.,0,[],[]
1585,Palästina und Jordanien.,0,[],[]
207,Pan Am und Iran Air.,0,[],[]
1153,Panasiatische Spiele.,0,[],[]
1475,Parveen Babi ist am 20.,0,[],[]
195,Pascal und Fortran.,0,[],[]
612,"Pascha schreibt an seinen besten Mann Jackie, um aus seiner misslichen Lage herauszukommen.",0,[],[]
1884,Pattee,0,[],[]
1709,Paul International Airport ist Minnesotas Hauptflughafen.,0,[],[]
1755,"Pauli und Miller sagten, dass Ignatowski und Frank/Rothe nicht in der Lage waren, in den erhaltenen Transformationen die invariante Geschwindigkeit mit der Lichtgeschwindigkeit zu identifizieren.",0,[],[]
995,Paulo Freire war Lehrer für Portugiesisch.,0,[],[]
107,"Paulus Diaconus behauptete, dass Faroald II.",0,[],[]
100,Pedaliaceae sind eine Pflanzenfamilie in der Ordnung der Lippenblütlerartigen (Lamiales).,0,[],[]
61,Pergamon.,0,[],[]
1165,Peter Dinklages Vater war ein Versicherungsvertreter.,0,[],[]
1424,Peter Kapitza wurde am 8.,0,[],[]
1748,Peter Kohl.,0,[],[]
68,Petersburg studiert.,0,[],[]
971,Petersburg wurde 1855 eröffnet.,0,[],[]
854,Philip Joel Hughes ist ein Cricketspieler.,0,[],[]
1670,Philipp I. Philadelphos.,0,[],[]
1182,Physik.,0,[],[]
338,Phytoen wird nach der Desaturierung zu Lycopin umgesetzt.,0,[],[]
300,Platzpatronen.,0,[],[]
783,Poi von K. Balachander (2006),0,[],[]
1870,Portugal trat am 1.,0,[],[]
1948,Positronen.,0,[],[]
95,Präsident Woodrow Wilson.,0,[],[]
740,Prince of Persia: Warrior Within.,0,[],[]
295,Prinz Charles wurde am 14.,0,[],[]
1910,"Puerto Rico war für Christoph Kolumbus attraktiv, weil er auf der Insel am 19.",0,[],[]
391,"Rachel wartet am Flughafen auf Ross, um ihm ihre Liebe zu gestehen.",0,[],[]
137,Raimund IV.,0,[],[]
164,Raimund IV.,0,[],[]
1130,Rainer Weiss ist beschäftigt an der Massachusetts Institute of Technology (MIT) und an der Louisiana State University.,0,[],[]
1468,Rajiv und Sonia Gandhi.,0,[],[]
1132,Rakesh Sawant ist Regisseur.,0,[],[]
1002,Reagan.,0,[],[]
1401,"rechte Militärs und Teile der paramilitärischen Guardia Civil versuchten im Jahr 1981 einen Putschversuch (""23-F"") durchzuführen.",0,[],[]
1406,Reena Chopra.,0,[],[]
1918,Rey Mysterio Jr.,0,[],[]
1308,Rhodesien.,0,[],[]
510,"Richard McKenzie begann den Begriff der ""Konstitutionellen Ökonomie"" im Jahre 1982 zu erfinden.",0,[],[]
247,"Rob Cohen, der Regisseur des ersten Teils.",0,[],[]
495,Roberts war Co-Kapitän des Football-Teams.,0,[],[]
102,Rory Kinnear.,0,[],[]
1982,Rosa Luxemburg wurde am 1.,0,[],[]
494,Rosemary Podrasky,0,[],[]
1548,Rösler trat 1992 der FDP und den Jungen Liberalen bei.,0,[],[]
576,Rostec kooperiert mit 312 unterstützenden Universitäten.,0,[],[]
1941,"Rozas wichtigster Beitrag zur griechischen Musik war der Rembetiko, vor allem in der Smyrna-Variante.",0,[],[]
1541,Rund 16.000 Rebsorten sind bekannt.,0,[],[]
1487,Russland.,0,[],[]
1608,Russland.,0,[],[]
1206,Sahni wurde am 1.,0,[],[]
615,Samuel Sterns an.,0,[],[]
1940,"Sarah beschloss, Sängerin und Tänzerin zu werden.",0,[],[]
1087,"Sarah Elizabeth Griswold hat in Utica, New York, geheiratet.",0,[],[]
1392,"Satyajit Rays Großvater Upendrakishore Raychowdhury war ein bekannter Verfasser von Kinderliteratur, Musiker und Wissenschaftler.",0,[],[]
718,Saudi-Arabien.,0,[],[]
1818,"Scheindel Grün, die Mutter von David Ben-Gurion, starb, als er 11 Jahre alt war.",0,[],[]
33,Schiehallion wurde wegen seiner isolierten Lage und nahezu symmetrischen Form als für die Messung der geringfügigen Lotabweichung im Schwerefeld der Erde geeignet erachtet.,0,[],[]
305,Schnee.,0,[],[]
1080,Schweden.,0,[],[]
1843,"Seine Serie, unbesiegt in Einzelmatches zu sein, endete am 3.",0,[],[]
225,Seit 2015 ist Manfred Curbach Vorsitzender des wissenschaftlichen Beirats der Bundesanstalt für Wasserbau BAW.,0,[],[]
1571,Seit Anfang des 21.,0,[],[]
1851,Seit dem 12.,0,[],[]
1070,Seit fast 30 Jahren ist Samoa bei der Rugby-Union-Weltmeisterschaft dabei.,0,[],[]
1562,"Sektion Acuminati liegt in nördliches Queensland, Neuguinea, Neubritannien und Borneo.",0,[],[]
1627,Sepp Blatter.,0,[],[]
880,September 1532 zum Marquess of Pembroke ernannte und sie bei offiziellen Auftritten und Festen als Königin präsentierte.,0,[],[]
1466,September 1876.,0,[],[]
1851,September 1919 gibt es das Nachmittagsfixing.,0,[],[]
1526,"September 1943 in Popowo, Polen, geboren.",0,[],[]
307,"September 1944, als die britische 8.",0,[],[]
785,September 1963 eröffnet.,0,[],[]
1035,September 1965 geboren.,0,[],[]
1830,September 1968 in Chicago geboren.,0,[],[]
1790,"September 1971 in Buenos Aires, Argentinien.",0,[],[]
1375,September 1978.,0,[],[]
1616,September 1983 offiziell vergeben.,0,[],[]
904,September 1986 in Karatschi.,0,[],[]
208,September 1990 an die belgische Sabena.,0,[],[]
220,September 1997 gegen Hugh Morrus verloren.,0,[],[]
613,September 2007 eröffnet.,0,[],[]
699,September 2014 auf dem Toronto International Film Festival und kam am 9.,0,[],[]
624,September 2016 getötet.,0,[],[]
660,Serowa ist am 22.,0,[],[]
1595,"shareyourworld.com wurde geschlossen, weil es aus Kosten- und Bandbreitengründen geschlossen werden musste.",0,[],[]
1650,Sheerans älterer Bruder arbeitet als Komponist.,0,[],[]
1013,Shubha Yagnik war die Mutter von Alka Yagnik.,0,[],[]
1207,Sie brüten in der Regel an Steilklippen des Festlands oder auf abgelegenen Inseln.,0,[],[]
610,"Sie findet heraus, dass er ein Idiot ist.",0,[],[]
1860,Sie ging zur Universität in Lagos.,0,[],[]
698,"Sie spielte an der Seite ihrer Mutter in dem Film ""Imago Mortis"".",0,[],[]
1015,Sie war 1981/82 16 Jahre alt.,0,[],[]
1508,"Sie wollten ihre Gruppe zuerst als ""Sons of Jonas"" auftreten.",0,[],[]
1506,Silva hat in den 2000er Jahren in Rom an der Päpstlichen Salesianer-Universität für ein Lizentiat in Spiritualität studiert.,0,[],[]
1516,Sinhala.,0,[],[]
758,Sir David Ferrier starb am 19.,0,[],[]
742,Sizilien.,0,[],[]
1493,Sofía Margarita Vergara Vergara wurde 1972 geboren.,0,[],[]
1220,"Sollte der Ball während des Spiels verloren werden, wird er durch einen möglichst vergleichbaren Ersatzball ersetzt.",0,[],[]
1046,Søren Sørensen war Leiter der chemischen Abteilung des Carlsberg-Laboratoriums von 1901 bis 1938.,0,[],[]
1513,Southall liegt im Stadtteil des London Borough of Ealing im Westen von London.,0,[],[]
1405,Spanien wird dominiert von Real Madrid und dem FC Barcelona.,0,[],[]
461,"Staatsbankette werden vorbereitet, um ausländische Staatsoberhäupter zu empfangen, insbesondere am ersten Abend des Besuchs.",0,[],[]
601,Stanislaus II.,0,[],[]
1279,Stattdessen wurde der private Besitz von Silber verboten und die Silberbestände der Geschäftsbanken entschädigungslos enteignet.,0,[],[]
1868,steht für Agent of Secret Stuff.,0,[],[]
401,Straßburg.,0,[],[]
484,Südchina.,0,[],[]
507,Suhrob Kurbanov und Tahir Salahov.,0,[],[]
599,Sumpfgebiete an Flüssen und Seen in Zentralpolen werden rechtlich geschützt.,0,[],[]
939,"Sunil Veerappa Shetty ist am bekanntesten für seine Rollen in Bollywood-Filmen, insbesondere in Komödien wie Hulchul und Hera Pheri.",0,[],[]
1035,"Sunita Lyn ""Suni"" Williams wurde am 19.",0,[],[]
535,Tag nach der Geburt erkennbar.,0,[],[]
7,Taiwan.,0,[],[]
875,Tarlochan Singh Anand war der Vater von Maneka Gandhi.,0,[],[]
533,tasmanische Farmer,0,[],[]
695,"Tennis war bereits bei den I. Olympischen Spielen 1896 auf dem Programm, wurde jedoch nach den Olympischen Sommerspielen 1924 aus dem Programm gestrichen.",0,[],[]
1613,Tennō Hirohito.,0,[],[]
909,Tesla starb am 7.,0,[],[]
1952,"Tess von den d'Urbervilles: Eine reine Frau, in einer neuen Übersetzung auch kurz: Tess ist ein Meisterwerk des englischen Schriftstellers Thomas Hardy.",0,[],[]
1961,Tess.,0,[],[]
1954,"Tess' Vater war zu betrunken, um Tess abzuholen.",0,[],[]
1602,Thailand.,0,[],[]
1064,Thomas von Aquin wurde kurz vor oder kurz nach Neujahr 1225 geboren.,0,[],[]
315,"Thonburi und Phra Nakhon wurden zusammengezogen, um eine einzige Provinz zu bilden.",0,[],[]
563,Thorney Island.,0,[],[]
141,Thrasyllos und Thrasybulos.,0,[],[]
520,Tieropfer.,0,[],[]
1687,Titan.,0,[],[]
1145,Toksvig wurde 1958 geboren.,0,[],[]
1566,Toots.,0,[],[]
222,Trevinos Mutter stammt ursprünglich aus dem mexikanischen Zacatecas.,0,[],[]
1718,"Über 70.000 Freiwillige meldeten sich, um die Armee zu verstärken und die vietnamesischen Truppen aus dem Land zu vertreiben.",0,[],[]
1837,Uganda wurde am 9.,0,[],[]
1992,Um 1010 traf Mesardonites mit Verstärkung ein.,0,[],[]
1084,und Jeremiah Day.,0,[],[]
448,und Prinz Philip.,0,[],[]
880,"unterstützte öffentlich Anne, indem er sie am 1.",0,[],[]
279,Uruguay.,0,[],[]
376,US-Dollar.,0,[],[]
231,US-Flotte im Westpazifik zwischen Japan und den Philippinen zu operieren.,0,[],[]
1519,Vallabhbhai Patel ist am 15.,0,[],[]
381,Věra Čáslavská.,0,[],[]
1738,verlangte Longwood House.,0,[],[]
1126,VHDL oder Verilog.,0,[],[]
1677,Victoria wurde in einem weißen Kleid und mit ihrem Brautschleier bestattet.,0,[],[]
538,Vier Beutelteufel wurden von der tasmanischen Regierung dem Zoo Kopenhagen übergeben.,0,[],[]
490,"Vishnu wird durch 10 Avatare repräsentiert, die Mahavidyas.",0,[],[]
487,von England am 28.,0,[],[]
486,von England.,0,[],[]
137,"von Toulouse trug die Reste der Heiligen Lanze, nicht Raymond von Aguilers.",0,[],[]
164,von Toulouse.,0,[],[]
788,"Vor dem 802.1Q-Standard wurden Methoden wie Shortest Path Bridging, Ciscos Inter-Switch Link Protocol (ISL) und 3Coms VLT (Virtual LAN Trunk) Tagging angewendet.",0,[],[]
226,Vorstandsvorsitzender der VDI-Gesellschaft Bautechnik.,0,[],[]
286,Während der Herrschaft von George IV.,0,[],[]
714,"Während der Qing-Dynastie, als den Beamten zur Vermeidung von Interessenkollisionen die Amtsübung in ihrem Heimatgebiet untersagt war.",0,[],[]
43,Während der Schlacht von Gallipoli auf britischer und französischer Seite.,0,[],[]
455,Während des Zweiten Weltkrieges wurde die Berichterstattung zu Bombardierungen äußerst unterdrückt.,0,[],[]
1125,Wales.,0,[],[]
86,"Wegen der Unbekümmertheit, mit der d'Hérelle seine Phagentherapie beim Menschen anwandte, sah er sich ständigen Angriffen anderer Wissenschaftler ausgesetzt.",0,[],[]
521,Weizen und Gerste.,0,[],[]
1105,WHO,0,[],[]
359,Who's That Girl.,0,[],[]
937,"Wichtige Personen waren unter anderem José Mujica, Lucía Topolansky Saavedra, Hughie Gallacher, Neil Harris, Stan Seymour und Frank Hudspeth.",0,[],[]
14,Wilhelm Eugen hat in Tübingen studiert.,0,[],[]
350,William Howard Stein starb am 2.,0,[],[]
76,Worth zog im Jahr 1854 zunächst nach Boston.,0,[],[]
62,wurde Armenien mit dem Einverständnis Babylons General Neoptolemos unterstellt und blieb es bis zu seinem Tod in einem Kampf 321 v. Chr.,0,[],[]
246,Xiang ist für Markes Tod verantwortlich.,0,[],[]
235,Xu Fu.,0,[],[]
192,Yari Marco wurde 1973 geboren.,0,[],[]
1351,Yvonne Bailey.,0,[],[]
1779,Yvonne Jaqueline Strzechowski ist der Künstlername von Yvonne Strahovski.,0,[],[]
201,Zabbix wird von der Firma Zabbix SIA weiterentwickelt.,0,[],[]
467,Zack Snyders neuer Film wurde inspiriert durch den Comicbuchzeichner Jack Kirby.,0,[],[]
1336,Zar Alexander II.,0,[],[]
183,Zehn Maschinen wurden gebaut.,0,[],[]
244,Zhong Man.,0,[],[]
1773,Zwei bis sechs Jungtiere bleiben 7 bis 15 Wochen lang im Beutel der Mutter.,0,[],[]
1394,Zwei Planeten von der Größe der Erde wurden am 20.,0,[],[]
1297,Zweifremdsprachenprüfungen.,0,[],[]
716,Zwischen 300.000 und 400.000 Menschen sollen seiner achtjährigen Gewaltherrschaft zum Opfer gefallen sein.,0,[],[]
1326,Zwölf Mitglieder des Stadtrats gehören der Minnesota Democratic-Farmer-Labor Party (DFL) an.,0,[],[]