text_order_id,sentence,num_triplets,triplets,abbreviation
733,मिलर ने कहा कि वे महा खलनायक मिथक को रखना चाहते हैं जो फ़िल्म में मूल कॉमिक को निर्धारित करता है।,3,"[{'subject': {'upos': 'PROPN', 'text': 'मिलर', 'id': 1, 'deprel': 'nsubj', 'head': 3}, 'verb': {'upos': 'VERB', 'text': 'कहा', 'id': 3, 'deprel': 'root', 'head': 0}, 'object': {'upos': 'VERB', 'text': 'चाहते', 'id': 11, 'deprel': 'obj', 'head': 3}}, {'subject': {'upos': 'PRON', 'text': 'वे', 'id': 5, 'deprel': 'nsubj', 'head': 11}, 'object': {'upos': 'VERB', 'text': 'रखना', 'id': 10, 'deprel': 'obj', 'head': 11}, 'verb': {'upos': 'VERB', 'text': 'चाहते', 'id': 11, 'deprel': 'obj', 'head': 3}}, {'subject': {'upos': 'PRON', 'text': 'जो', 'id': 13, 'deprel': 'nsubj', 'head': 20}, 'object': {'upos': 'NOUN', 'text': 'कॉमिक', 'id': 17, 'deprel': 'obj', 'head': 20}, 'verb': {'upos': 'VERB', 'text': 'करता', 'id': 20, 'deprel': 'acl:relcl', 'head': 8}}]","['SVO', 'SOV', 'SOV']"
16,"पैकेट को वरीयता देने वाले प्रोटोकॉलों के अनुसार अग्रेषित किया जाता है। उदाहरण के लिए, VoIP या VTC पैकेटों को वरीयता दी जाती है। आम तौर पर, नेटवर्क नियंत्रण पैकेटों को डिफ़ाल्ट द्वारा कुछ बैंडविड्थ आबंटित किया जाता है, जबकि सर्वोत्तम प्रयास वाले यातायात को बचा हुआ बैंडविड्थ दिया जाता है।",2,"[{'object': {'upos': 'NOUN', 'text': 'पैकेटों', 'id': 7, 'deprel': 'obj', 'head': 14}, 'subject': {'upos': 'NOUN', 'text': 'डिफ़ाल्ट', 'id': 9, 'deprel': 'nsubj:pass', 'head': 14}, 'verb': {'upos': 'VERB', 'text': 'किया', 'id': 14, 'deprel': 'root', 'head': 0}}, {'subject': {'upos': 'NOUN', 'text': 'डिफ़ाल्ट', 'id': 9, 'deprel': 'nsubj:pass', 'head': 14}, 'object': {'upos': 'NOUN', 'text': 'बैंडविड्थ', 'id': 26, 'deprel': 'obj', 'head': 27}, 'verb': {'upos': 'VERB', 'text': 'दिया', 'id': 27, 'deprel': 'conj', 'head': 14}}]","['OSV', 'SOV']"
44,"शाही परिवार और जनसाधारण कोरियाईयों ने एकत्रित और विनियमित रूप से खाने वाले विशिष्ट व्यंजनों को खाया है, जो कि कोरियाई शाही दरबार ने शाही परिवार के लिए एकत्रित किए थे।",2,"[{'subject': {'upos': 'NOUN', 'text': 'परिवार', 'id': 2, 'deprel': 'nsubj', 'head': 17}, 'object': {'upos': 'NOUN', 'text': 'व्यंजनों', 'id': 15, 'deprel': 'obj', 'head': 17}, 'verb': {'upos': 'VERB', 'text': 'खाया', 'id': 17, 'deprel': 'root', 'head': 0}}, {'object': {'upos': 'PRON', 'text': 'जो', 'id': 20, 'deprel': 'obj', 'head': 31}, 'subject': {'upos': 'NOUN', 'text': 'दरबार', 'id': 24, 'deprel': 'nsubj', 'head': 31}, 'verb': {'upos': 'VERB', 'text': 'किए', 'id': 31, 'deprel': 'acl:relcl', 'head': 15}}]","['SOV', 'OSV']"
78,"थिएटर क्रिब ऑफ द नैटिविटी थिएटर और म्यूजियम के थिएटर में 20 मिनट का एक एनीमेटेड शो प्रस्तुत करता है, जो ईसा के जीवन के महत्वपूर्ण चरणों को चित्रित करता है।",2,"[{'subject': {'upos': 'NOUN', 'text': 'थिएटर', 'id': 1, 'deprel': 'nsubj', 'head': 19}, 'object': {'upos': 'NOUN', 'text': 'शो', 'id': 17, 'deprel': 'obj', 'head': 19}, 'verb': {'upos': 'VERB', 'text': 'करता', 'id': 19, 'deprel': 'root', 'head': 0}}, {'subject': {'upos': 'PRON', 'text': 'जो', 'id': 22, 'deprel': 'nsubj', 'head': 31}, 'object': {'upos': 'NOUN', 'text': 'चरणों', 'id': 28, 'deprel': 'obj', 'head': 31}, 'verb': {'upos': 'VERB', 'text': 'करता', 'id': 31, 'deprel': 'acl:relcl', 'head': 17}}]","['SOV', 'SOV']"
180,दर्शकों द्वारा तालियां बजाए जाने और उत्साहित किए जाने पर गेट्स ने प्रशंसा प्रदान की थी।,2,"[{'subject': {'upos': 'NOUN', 'text': 'दर्शकों', 'id': 1, 'deprel': 'nsubj:pass', 'head': 4}, 'object': {'upos': 'NOUN', 'text': 'तालियां', 'id': 3, 'deprel': 'obj', 'head': 4}, 'verb': {'upos': 'VERB', 'text': 'बजाए', 'id': 4, 'deprel': 'obl', 'head': 15}}, {'subject': {'upos': 'PROPN', 'text': 'गेट्स', 'id': 11, 'deprel': 'nsubj', 'head': 15}, 'object': {'upos': 'NOUN', 'text': 'प्रशंसा', 'id': 13, 'deprel': 'obj', 'head': 15}, 'verb': {'upos': 'VERB', 'text': 'की', 'id': 15, 'deprel': 'root', 'head': 0}}]","['SOV', 'SOV']"
203,"बिग डाटा के साथ आकार एक लगातार चलती लक्ष्य है, जो कि कई टेराबाइट्स से लेकर कई पटाबाइट्स तक जाता है। यह डेटासेट विविध जटिल होते हैं जो अंतर्दृष्टि प्रकट करने के लिए तकनीक और एकीकरण के नए रूपों की आवश्यकता रखते हैं। यह भी उच्च मात्रा, उच्च वेग और उच्च किस्म की जानकारी संपत्ति को प्रसंस्करण के नए रूपों में बढ़ावा देता है जो निर्णय लेने, अंतर्दृष्टि की खोज और अनुकूलन प्रक्रियाओं को सक्षम करता है।",2,"[{'subject': {'upos': 'PRON', 'text': 'यह', 'id': 1, 'deprel': 'nsubj', 'head': 21}, 'object': {'upos': 'NOUN', 'text': 'मात्रा', 'id': 4, 'deprel': 'obj', 'head': 21}, 'verb': {'upos': 'VERB', 'text': 'देता', 'id': 21, 'deprel': 'root', 'head': 0}}, {'subject': {'upos': 'PRON', 'text': 'जो', 'id': 23, 'deprel': 'nsubj', 'head': 35}, 'object': {'upos': 'VERB', 'text': 'लेने', 'id': 25, 'deprel': 'obj', 'head': 35}, 'verb': {'upos': 'VERB', 'text': 'करता', 'id': 35, 'deprel': 'acl:relcl', 'head': 18}}]","['SOV', 'SOV']"
248,"हिंदू धर्मग्रंथ बताते हैं कि वह जो आत्महत्या करता है, आत्माओं की दुनिया में चला जाता है और वहाँ वह तब तक रहता है जब तक कि उसका धरती पर जीवन तय था, यदि वह आत्महत्या न करता।",2,"[{'subject': {'upos': 'NOUN', 'text': 'धर्मग्रंथ', 'id': 2, 'deprel': 'nsubj', 'head': 3}, 'verb': {'upos': 'VERB', 'text': 'बताते', 'id': 3, 'deprel': 'root', 'head': 0}, 'object': {'upos': 'VERB', 'text': 'चला', 'id': 16, 'deprel': 'obj', 'head': 3}}, {'subject': {'upos': 'PRON', 'text': 'वह', 'id': 6, 'deprel': 'nsubj', 'head': 9}, 'object': {'upos': 'PRON', 'text': 'जो', 'id': 7, 'deprel': 'obj', 'head': 9}, 'verb': {'upos': 'VERB', 'text': 'करता', 'id': 9, 'deprel': 'acl:relcl', 'head': 12}}]","['SVO', 'SOV']"
338,बौद्ध धर्म मानता है कि गर्भाधान को रोकना स्वीकार्य है लेकिन गर्भावस्था को समाप्त करना स्वीकार्य नहीं है।,2,"[{'subject': {'upos': 'VERB', 'text': 'रोकना', 'id': 8, 'deprel': 'nsubj', 'head': 10}, 'object': {'upos': 'ADJ', 'text': 'स्वीकार्य', 'id': 9, 'deprel': 'obj', 'head': 10}, 'verb': {'upos': 'VERB', 'text': 'है', 'id': 10, 'deprel': 'ccomp', 'head': 3}}, {'subject': {'upos': 'VERB', 'text': 'करना', 'id': 15, 'deprel': 'nsubj', 'head': 18}, 'object': {'upos': 'ADJ', 'text': 'स्वीकार्य', 'id': 16, 'deprel': 'obj', 'head': 18}, 'verb': {'upos': 'VERB', 'text': 'है', 'id': 18, 'deprel': 'conj', 'head': 10}}]","['SOV', 'SOV']"
414,शहर के भीतर दो छोटे पहाड़ों मोंक्स्बर्ग और कापुज़ीनरबर्ग शहर के हरे फेफड़ों के रूप में कार्य करते हैं और इस प्रकार सहायता देते हैं।,2,"[{'subject': {'upos': 'PROPN', 'text': 'मोंक्स्बर्ग', 'id': 7, 'deprel': 'nsubj', 'head': 18}, 'object': {'upos': 'NOUN', 'text': 'कार्य', 'id': 17, 'deprel': 'obj', 'head': 18}, 'verb': {'upos': 'VERB', 'text': 'करते', 'id': 18, 'deprel': 'root', 'head': 0}}, {'subject': {'upos': 'PROPN', 'text': 'मोंक्स्बर्ग', 'id': 7, 'deprel': 'nsubj', 'head': 18}, 'object': {'upos': 'NOUN', 'text': 'सहायता', 'id': 23, 'deprel': 'obj', 'head': 24}, 'verb': {'upos': 'VERB', 'text': 'देते', 'id': 24, 'deprel': 'conj', 'head': 18}}]","['SOV', 'SOV']"
593,"शिपमेंट नामक कार्य का नाम बताया जाता है। जब खिलाड़ी कुछ इमारतें, प्रशिक्षण इकाइयों का निर्माण, दुश्मनों को मारने और खज़ाने का संग्रह करने जैसे कार्यों को पूरा करता है, तो वे इन अनुभव अंक प्राप्त करते हैं और इनका उपयोग शिपमेंट करने के लिए कर सकते हैं।",2,"[{'subject': {'upos': 'NOUN', 'text': 'खिलाड़ी', 'id': 2, 'deprel': 'nsubj', 'head': 23}, 'object': {'upos': 'NOUN', 'text': 'कार्यों', 'id': 20, 'deprel': 'obj', 'head': 23}, 'verb': {'upos': 'VERB', 'text': 'करता', 'id': 23, 'deprel': 'advcl', 'head': 32}}, {'subject': {'upos': 'PRON', 'text': 'वे', 'id': 27, 'deprel': 'nsubj', 'head': 32}, 'object': {'upos': 'NOUN', 'text': 'अंक', 'id': 30, 'deprel': 'obj', 'head': 32}, 'verb': {'upos': 'VERB', 'text': 'करते', 'id': 32, 'deprel': 'root', 'head': 0}}]","['SOV', 'SOV']"
742,बैंड ने एल्बम को मूल रूप से एक डिब्बे के सेट में रिलीज़ करने की योजना रद्द कर दी और सर्वश्रेष्ठ गीतों का एल्बम जारी किया।,2,"[{'subject': {'upos': 'NOUN', 'text': 'बैंड', 'id': 1, 'deprel': 'nsubj', 'head': 18}, 'object': {'upos': 'NOUN', 'text': 'योजना', 'id': 16, 'deprel': 'obj', 'head': 18}, 'verb': {'upos': 'VERB', 'text': 'कर', 'id': 18, 'deprel': 'root', 'head': 0}}, {'subject': {'upos': 'NOUN', 'text': 'बैंड', 'id': 1, 'deprel': 'nsubj', 'head': 18}, 'object': {'upos': 'NOUN', 'text': 'एल्बम', 'id': 24, 'deprel': 'obj', 'head': 26}, 'verb': {'upos': 'VERB', 'text': 'किया', 'id': 26, 'deprel': 'conj', 'head': 18}}]","['SOV', 'SOV']"
767,पर्यटन बहुत पैसा कमाता है और आगंतुकों को स्कॉटलैंड में आकर्षित करता है।,2,"[{'subject': {'upos': 'NOUN', 'text': 'पर्यटन', 'id': 1, 'deprel': 'nsubj', 'head': 4}, 'object': {'upos': 'NOUN', 'text': 'पैसा', 'id': 3, 'deprel': 'obj', 'head': 4}, 'verb': {'upos': 'VERB', 'text': 'कमाता', 'id': 4, 'deprel': 'root', 'head': 0}}, {'subject': {'upos': 'NOUN', 'text': 'पर्यटन', 'id': 1, 'deprel': 'nsubj', 'head': 4}, 'object': {'upos': 'NOUN', 'text': 'आगंतुकों', 'id': 7, 'deprel': 'obj', 'head': 12}, 'verb': {'upos': 'VERB', 'text': 'करता', 'id': 12, 'deprel': 'conj', 'head': 4}}]","['SOV', 'SOV']"
834,"कॉर्निएंको चेल्याबिंस्क में रेडियो उपकरण संयंत्र में काम किया, फिर कोर्निएन्को सोवियत सेना में सेवा करने के लिए बुलाया गया था। उन्होंने किरोवबोद, अजेरबैडज़न, यूएसएसआर में छतरियों की सेना में काम किया। उन्होंने मास्को मिलिशिया के लिए काम किया और बैकोनूर लॉन्च सुविधा में प्रक्षेपण उपकरण विशेषज्ञ के रूप में काम किया।",2,"[{'subject': {'upos': 'PRON', 'text': 'उन्होंने', 'id': 1, 'deprel': 'nsubj', 'head': 7}, 'object': {'upos': 'NOUN', 'text': 'काम', 'id': 6, 'deprel': 'obj', 'head': 7}, 'verb': {'upos': 'VERB', 'text': 'किया', 'id': 7, 'deprel': 'root', 'head': 0}}, {'subject': {'upos': 'PRON', 'text': 'उन्होंने', 'id': 1, 'deprel': 'nsubj', 'head': 7}, 'object': {'upos': 'NOUN', 'text': 'काम', 'id': 19, 'deprel': 'obj', 'head': 20}, 'verb': {'upos': 'VERB', 'text': 'किया', 'id': 20, 'deprel': 'conj', 'head': 7}}]","['SOV', 'SOV']"
954,बेनोइट ने ट्रिपल एच को अपनी चिह्नक समर्पण चाल (सिग्नेचर सबमिशन मूव) और क्रिप्लर क्रोसफेस ठोकने पर मजबूर करते हुए वर्ल्ड हैवीवेट चैम्पियनशिप जीत ली और रेसलमैनिया की मुख्य प्रतियोगिता को पहली बार समर्पण में अंत किया।,2,"[{'subject': {'upos': 'PROPN', 'text': 'बेनोइट', 'id': 1, 'deprel': 'nsubj', 'head': 26}, 'object': {'upos': 'PROPN', 'text': 'चैम्पियनशिप', 'id': 25, 'deprel': 'obj', 'head': 26}, 'verb': {'upos': 'VERB', 'text': 'जीत', 'id': 26, 'deprel': 'root', 'head': 0}}, {'subject': {'upos': 'PROPN', 'text': 'बेनोइट', 'id': 1, 'deprel': 'nsubj', 'head': 26}, 'object': {'upos': 'NOUN', 'text': 'प्रतियोगिता', 'id': 32, 'deprel': 'obj', 'head': 39}, 'verb': {'upos': 'VERB', 'text': 'किया', 'id': 39, 'deprel': 'conj', 'head': 26}}]","['SOV', 'SOV']"
1074,वे शाखाओं के नीचे कीड़ों को खाती हैं और कैसिया फिस्टुला की टहनियों में छेद करके कीड़ों के लार्वा पकड़ती हैं।,2,"[{'subject': {'upos': 'PRON', 'text': 'वे', 'id': 1, 'deprel': 'nsubj', 'head': 7}, 'object': {'upos': 'NOUN', 'text': 'कीड़ों', 'id': 5, 'deprel': 'obj', 'head': 7}, 'verb': {'upos': 'VERB', 'text': 'खाती', 'id': 7, 'deprel': 'root', 'head': 0}}, {'subject': {'upos': 'PROPN', 'text': 'कैसिया', 'id': 10, 'deprel': 'nsubj', 'head': 20}, 'object': {'upos': 'NOUN', 'text': 'लार्वा', 'id': 19, 'deprel': 'obj', 'head': 20}, 'verb': {'upos': 'VERB', 'text': 'पकड़ती', 'id': 20, 'deprel': 'conj', 'head': 7}}]","['SOV', 'SOV']"
1462,"AMA नशीली दवा को एक चिरकालिक पुनरावृत्ति वाला मस्तिष्क रोग मानता है और कहता है कि यह जैविक अतिसंवेदनशीलता, परिवेशी जोखिम और विकासात्मक कारकों की एक जटिल अन्योन्य क्रिया का परिणाम है।",2,"[{'subject': {'upos': 'PROPN', 'text': 'AMA', 'id': 1, 'deprel': 'nsubj', 'head': 11}, 'object': {'upos': 'NOUN', 'text': 'दवा', 'id': 3, 'deprel': 'obj', 'head': 11}, 'verb': {'upos': 'VERB', 'text': 'मानता', 'id': 11, 'deprel': 'root', 'head': 0}}, {'subject': {'upos': 'PROPN', 'text': 'AMA', 'id': 1, 'deprel': 'nsubj', 'head': 11}, 'verb': {'upos': 'VERB', 'text': 'कहता', 'id': 14, 'deprel': 'conj', 'head': 11}, 'object': {'upos': 'NOUN', 'text': 'परिणाम', 'id': 32, 'deprel': 'obj', 'head': 14}}]","['SOV', 'SVO']"
1791,"करीना की अभिनय प्रतिभा का वर्णन ""बहुत बढ़िया (Fantabulous)"" कहा गया है। यह शब्द उनकी विषम भूमिकाओं को हेंडल करने के विश्वास को दर्शाता है और उनकी अद्वितीयता को जानाता है।",2,"[{'subject': {'upos': 'NOUN', 'text': 'शब्द', 'id': 2, 'deprel': 'nsubj', 'head': 12}, 'object': {'upos': 'NOUN', 'text': 'विश्वास', 'id': 10, 'deprel': 'obj', 'head': 12}, 'verb': {'upos': 'VERB', 'text': 'दर्शाता', 'id': 12, 'deprel': 'root', 'head': 0}}, {'subject': {'upos': 'NOUN', 'text': 'शब्द', 'id': 2, 'deprel': 'nsubj', 'head': 12}, 'object': {'upos': 'NOUN', 'text': 'अद्वितीयता', 'id': 16, 'deprel': 'obj', 'head': 18}, 'verb': {'upos': 'VERB', 'text': 'जानाता', 'id': 18, 'deprel': 'conj', 'head': 12}}]","['SOV', 'SOV']"
1872,"प्रत्येक प्रांत में स्वतंत्रता की घोषणा के बाद, उन्होंने क़िंग से अपनी स्वतंत्रता घोषित की और अपनी स्वयं की सैन्य मुद्रा जारी की।",2,"[{'subject': {'upos': 'PRON', 'text': 'उन्होंने', 'id': 10, 'deprel': 'nsubj', 'head': 16}, 'object': {'upos': 'NOUN', 'text': 'स्वतंत्रता', 'id': 14, 'deprel': 'obj', 'head': 16}, 'verb': {'upos': 'VERB', 'text': 'की', 'id': 16, 'deprel': 'root', 'head': 0}}, {'subject': {'upos': 'PRON', 'text': 'उन्होंने', 'id': 10, 'deprel': 'nsubj', 'head': 16}, 'object': {'upos': 'NOUN', 'text': 'मुद्रा', 'id': 22, 'deprel': 'obj', 'head': 24}, 'verb': {'upos': 'VERB', 'text': 'की', 'id': 24, 'deprel': 'conj', 'head': 16}}]","['SOV', 'SOV']"
1930,"स्टालमैन ने सॉफ्टवेयर पेटेंट्स, डिजिटल राइट्स और दूसरे टेक्निकल लीगल सिस्टम्स जो यूजर से उनकी आज़ादी छीनते हैं, उनके विरुद्ध अभियान चलाया है।",2,"[{'object': {'upos': 'NOUN', 'text': 'पेटेंट्स', 'id': 4, 'deprel': 'obj', 'head': 18}, 'subject': {'upos': 'PRON', 'text': 'जो', 'id': 13, 'deprel': 'nsubj', 'head': 18}, 'verb': {'upos': 'VERB', 'text': 'छीनते', 'id': 18, 'deprel': 'acl:relcl', 'head': 21}}, {'subject': {'upos': 'PROPN', 'text': 'स्टालमैन', 'id': 1, 'deprel': 'nsubj', 'head': 24}, 'object': {'upos': 'NOUN', 'text': 'अभियान', 'id': 23, 'deprel': 'obj', 'head': 24}, 'verb': {'upos': 'VERB', 'text': 'चलाया', 'id': 24, 'deprel': 'root', 'head': 0}}]","['OSV', 'SOV']"
2,झील की सतह ने एक आदर्श पट्टी का काम किया।,1,"[{'subject': {'upos': 'NOUN', 'text': 'सतह', 'id': 3, 'deprel': 'nsubj', 'head': 10}, 'object': {'upos': 'NOUN', 'text': 'काम', 'id': 9, 'deprel': 'obj', 'head': 10}, 'verb': {'upos': 'VERB', 'text': 'किया', 'id': 10, 'deprel': 'root', 'head': 0}}]",['SOV']
13,"QoS की बातचीत सत्र स्थापना प्रावस्था के दौरान होती है। इसके दौरान, नेटवर्क गतिविधि निष्पादन के हासिल स्तर की देख-रेख कर सकती है, उदाहरण के लिए डेटा दर और विलंब, तथा गतिशील रूप से नेटवर्क नोड्स में अनुसूचन प्राथमिकताएं। यह ढहने की अवस्था के दौरान आरक्षित क्षमता को रिलीज़ कर सकती है।",1,"[{'subject': {'upos': 'PRON', 'text': 'यह', 'id': 1, 'deprel': 'nsubj', 'head': 11}, 'object': {'upos': 'NOUN', 'text': 'क्षमता', 'id': 8, 'deprel': 'obj', 'head': 11}, 'verb': {'upos': 'VERB', 'text': 'कर', 'id': 11, 'deprel': 'root', 'head': 0}}]",['SOV']
18,QoS अनुबंध यातायात को सीमित करते हैं।,1,"[{'subject': {'upos': 'NOUN', 'text': 'अनुबंध', 'id': 2, 'deprel': 'nsubj', 'head': 6}, 'object': {'upos': 'NOUN', 'text': 'यातायात', 'id': 3, 'deprel': 'obj', 'head': 6}, 'verb': {'upos': 'VERB', 'text': 'करते', 'id': 6, 'deprel': 'root', 'head': 0}}]",['SOV']
21,"प्राइमेट में संवेदन नितंब, पूँछ और शरीर के अग्रभाग पर होती है। ये क्षेत्र उन्हें संवेदनशील बनाते हैं।",1,"[{'subject': {'upos': 'NOUN', 'text': 'क्षेत्र', 'id': 2, 'deprel': 'nsubj', 'head': 5}, 'object': {'upos': 'PRON', 'text': 'उन्हें', 'id': 3, 'deprel': 'obj', 'head': 5}, 'verb': {'upos': 'VERB', 'text': 'बनाते', 'id': 5, 'deprel': 'root', 'head': 0}}]",['SOV']
23,रॉक्स ने अपनी भ्रूण चिकन के एक अंतस्था प्लेट के एक हिस्से को 1885 में अलग किया।,1,"[{'subject': {'upos': 'PROPN', 'text': 'रॉक्स', 'id': 1, 'deprel': 'nsubj', 'head': 17}, 'object': {'upos': 'NOUN', 'text': 'हिस्से', 'id': 12, 'deprel': 'obj', 'head': 17}, 'verb': {'upos': 'VERB', 'text': 'किया', 'id': 17, 'deprel': 'root', 'head': 0}}]",['SOV']
27,"1994 के अंत और शुरूआती 1995 के बीच, लेवेस्क ने लॉर्ड स्टीवन रीगल के साथ संक्षिप्त रूप से दल बनाया।",1,"[{'subject': {'upos': 'PROPN', 'text': 'लेवेस्क', 'id': 10, 'deprel': 'nsubj', 'head': 21}, 'object': {'upos': 'NOUN', 'text': 'दल', 'id': 20, 'deprel': 'obj', 'head': 21}, 'verb': {'upos': 'VERB', 'text': 'बनाया', 'id': 21, 'deprel': 'root', 'head': 0}}]",['SOV']
34,हेनरी नॉरिस को यातना देना संभव नहीं था क्योंकि वह रईस था।,1,"[{'subject': {'upos': 'VERB', 'text': 'देना', 'id': 5, 'deprel': 'nsubj', 'head': 8}, 'object': {'upos': 'ADJ', 'text': 'संभव', 'id': 6, 'deprel': 'obj', 'head': 8}, 'verb': {'upos': 'VERB', 'text': 'था', 'id': 8, 'deprel': 'root', 'head': 0}}]",['SOV']
71,"सन 1517 में, कैथलिक चर्च और ग्रीक ऑर्थोडॉक्स चर्च ने बैसिलिका के नियंत्रण को लेकर लड़ाई लड़ी।",1,"[{'subject': {'upos': 'PROPN', 'text': 'चर्च', 'id': 6, 'deprel': 'nsubj', 'head': 18}, 'object': {'upos': 'NOUN', 'text': 'लड़ाई', 'id': 17, 'deprel': 'obj', 'head': 18}, 'verb': {'upos': 'VERB', 'text': 'लड़ी', 'id': 18, 'deprel': 'root', 'head': 0}}]",['SOV']
73,"फिलिस्तीनी आतंकवादियों ने ईसा के जन्मस्थान पर बने चर्च (Church of the Nativity) में शरण ली, और जवाबी कार्रवाई के दौरान 39 दिनों के लिए IDF ने उस जगह को घेरा।",1,"[{'subject': {'upos': 'PROPN', 'text': 'IDF', 'id': 29, 'deprel': 'nsubj', 'head': 34}, 'object': {'upos': 'NOUN', 'text': 'जगह', 'id': 32, 'deprel': 'obj', 'head': 34}, 'verb': {'upos': 'VERB', 'text': 'घेरा।', 'id': 34, 'deprel': 'conj', 'head': 18}}]",['SOV']
92,बोइंग को स्थानीय और राज्य सरकारों द्वारा प्रत्यक्ष आर्थिक समर्थन प्रदान किया गया है।,1,"[{'subject': {'upos': 'NOUN', 'text': 'सरकारों', 'id': 6, 'deprel': 'nsubj:pass', 'head': 12}, 'object': {'upos': 'NOUN', 'text': 'समर्थन', 'id': 10, 'deprel': 'obj', 'head': 12}, 'verb': {'upos': 'VERB', 'text': 'किया', 'id': 12, 'deprel': 'root', 'head': 0}}]",['SOV']
93,बड़े ए 380 के बाद बोर्डोक्स से ट्युलाउज़ असेम्बली संयंत्र तक लाए जाते हैं और यहां से उनका परिवहन विशेष रूप से चौड़ी की गई एक सड़क द्वारा किया जाता है।,1,"[{'object': {'upos': 'NOUN', 'text': 'परिवहन', 'id': 19, 'deprel': 'obj', 'head': 29}, 'subject': {'upos': 'NOUN', 'text': 'सड़क', 'id': 27, 'deprel': 'nsubj:pass', 'head': 29}, 'verb': {'upos': 'VERB', 'text': 'किया', 'id': 29, 'deprel': 'conj', 'head': 12}}]",['OSV']
113,अस्थिर शोधों द्वारा इस संख्या को अतिशयोक्तिपूर्ण ढंग से बढ़ा दिया गया।,1,"[{'subject': {'upos': 'NOUN', 'text': 'शोधों', 'id': 2, 'deprel': 'nsubj:pass', 'head': 10}, 'object': {'upos': 'NOUN', 'text': 'संख्या', 'id': 5, 'deprel': 'obj', 'head': 10}, 'verb': {'upos': 'VERB', 'text': 'बढ़ा', 'id': 10, 'deprel': 'root', 'head': 0}}]",['SOV']
115,ऑस्ट्रेलिया द्वारा किए गए प्रयोगों का परिणाम बुलबुले पानी के घनत्व में कमी लाकर एक स्केल माडल जहाज को डुबो सकते हैं था।,1,"[{'object': {'upos': 'NOUN', 'text': 'परिणाम', 'id': 7, 'deprel': 'obj', 'head': 20}, 'subject': {'upos': 'NOUN', 'text': 'बुलबुले', 'id': 8, 'deprel': 'nsubj', 'head': 20}, 'verb': {'upos': 'VERB', 'text': 'डुबो', 'id': 20, 'deprel': 'root', 'head': 0}}]",['OSV']
117,संगठन का उद्देश्य विभिन्न राष्ट्रों के मानक संगठनों के प्रतिनिधियों से गठित एक अन्तर्राष्ट्रीय मानक-विन्यास संस्था के रूप में विश्वव्यापी औद्योगिक एवं वाणिज्यिक मानकों को घोषित करना है।,1,"[{'subject': {'upos': 'NOUN', 'text': 'उद्देश्य', 'id': 3, 'deprel': 'nsubj', 'head': 27}, 'object': {'upos': 'NOUN', 'text': 'मानकों', 'id': 24, 'deprel': 'obj', 'head': 27}, 'verb': {'upos': 'VERB', 'text': 'करना', 'id': 27, 'deprel': 'root', 'head': 0}}]",['SOV']
123,स्क्रीनिंग का प्रमुख भाग जांच में एचआईवी और वायरल हैपेटाइटिस जैसी बीमारियों के परीक्षण शामिल करना होता है।,1,"[{'subject': {'upos': 'NOUN', 'text': 'भाग', 'id': 4, 'deprel': 'nsubj', 'head': 16}, 'object': {'upos': 'NOUN', 'text': 'परीक्षण', 'id': 14, 'deprel': 'obj', 'head': 16}, 'verb': {'upos': 'VERB', 'text': 'करना', 'id': 16, 'deprel': 'root', 'head': 0}}]",['SOV']
126,"ऐसे कार्यक्रम रक्त बैंक में हो सकते हैं, लेकिन अक्सर ये लोग रक्तदान सत्र शौपिंग सेंटर, कार्यस्थल, विद्यालय या पूजा स्थल में आयोजित करते हैं।",1,"[{'subject': {'upos': 'NOUN', 'text': 'लोग', 'id': 13, 'deprel': 'nsubj', 'head': 27}, 'object': {'upos': 'NOUN', 'text': 'सत्र', 'id': 15, 'deprel': 'obj', 'head': 27}, 'verb': {'upos': 'VERB', 'text': 'करते', 'id': 27, 'deprel': 'conj', 'head': 6}}]",['SOV']
148,स्कोडा इंजीनियरों ने फ़ेवरिट मॉडल को डिजाइन किया।,1,"[{'subject': {'upos': 'NOUN', 'text': 'इंजीनियरों', 'id': 2, 'deprel': 'nsubj', 'head': 8}, 'object': {'upos': 'NOUN', 'text': 'मॉडल', 'id': 5, 'deprel': 'obj', 'head': 8}, 'verb': {'upos': 'VERB', 'text': 'किया', 'id': 8, 'deprel': 'root', 'head': 0}}]",['SOV']
154,कुमार ने अपना वक्तव्य फेसबुक के माध्यम से दिया।,1,"[{'subject': {'upos': 'PROPN', 'text': 'कुमार', 'id': 1, 'deprel': 'nsubj', 'head': 9}, 'object': {'upos': 'NOUN', 'text': 'वक्तव्य', 'id': 4, 'deprel': 'obj', 'head': 9}, 'verb': {'upos': 'VERB', 'text': 'दिया', 'id': 9, 'deprel': 'root', 'head': 0}}]",['SOV']
155,पैट्रिक ने मार्था स्टीवर्ट लीविंग ओमनीमीडिया का मुख्य संचालन अधिकारी पद लिया।,1,"[{'subject': {'upos': 'PROPN', 'text': 'पैट्रिक', 'id': 1, 'deprel': 'nsubj', 'head': 12}, 'object': {'upos': 'NOUN', 'text': 'पद', 'id': 11, 'deprel': 'obj', 'head': 12}, 'verb': {'upos': 'VERB', 'text': 'लिया', 'id': 12, 'deprel': 'root', 'head': 0}}]",['SOV']
162,अब्दुल्ला यामीन ने चीन सरकार के साथ मुक्त व्यापार अनुबंध पर हस्ताक्षर किया था और चीनी धन उधार लिया था।,1,"[{'subject': {'upos': 'PROPN', 'text': 'यामीन', 'id': 2, 'deprel': 'nsubj', 'head': 13}, 'object': {'upos': 'NOUN', 'text': 'धन', 'id': 17, 'deprel': 'obj', 'head': 19}, 'verb': {'upos': 'VERB', 'text': 'लिया', 'id': 19, 'deprel': 'conj', 'head': 13}}]",['SOV']
168,"सक्रिय होने की आवश्यकता नहीं है, लेकिन सक्रिय टीबी से पीड़ित व्यक्ति प्रति वर्ष 10-15 लोगों को संक्रमित कर सकता है। सक्रिय न होने वाले तपेदिक भी लोगों को संक्रमित कर सकते हैं, लेकिन संक्रमण दर कम होती है।",1,"[{'subject': {'upos': 'PROPN', 'text': 'तपेदिक', 'id': 5, 'deprel': 'nsubj', 'head': 10}, 'object': {'upos': 'NOUN', 'text': 'लोगों', 'id': 7, 'deprel': 'obj', 'head': 10}, 'verb': {'upos': 'VERB', 'text': 'कर', 'id': 10, 'deprel': 'root', 'head': 0}}]",['SOV']
175,अफ्रीका में सामान्यतः टीबी किशोरों और युवा वयस्कों को प्रभावित करता है।,1,"[{'subject': {'upos': 'PROPN', 'text': 'टीबी', 'id': 4, 'deprel': 'nsubj', 'head': 11}, 'object': {'upos': 'NOUN', 'text': 'किशोरों', 'id': 5, 'deprel': 'obj', 'head': 11}, 'verb': {'upos': 'VERB', 'text': 'करता', 'id': 11, 'deprel': 'root', 'head': 0}}]",['SOV']
186,"सिस्टम में उपस्थित दोषों को एक ऐसा ईकाई परीक्षण लिखकर सरलता से संप्रेषित किया जा सकता है, जो यह साबित करता हो कि कोड का विशिष्ट भाग टूट जाएगा।",1,"[{'subject': {'upos': 'PRON', 'text': 'जो', 'id': 19, 'deprel': 'nsubj', 'head': 22}, 'object': {'upos': 'PRON', 'text': 'यह', 'id': 20, 'deprel': 'obj', 'head': 22}, 'verb': {'upos': 'VERB', 'text': 'करता', 'id': 22, 'deprel': 'acl:relcl', 'head': 9}}]",['SOV']
188,"नहीं, XP का निर्माण करने के इरादे नहीं किया गया था। इसका उद्देश्य एक सिस्टम विकास परियोजना में निर्णयों को प्रोत्साहित करना था।",1,"[{'subject': {'upos': 'NOUN', 'text': 'उद्देश्य', 'id': 2, 'deprel': 'nsubj', 'head': 11}, 'object': {'upos': 'NOUN', 'text': 'निर्णयों', 'id': 8, 'deprel': 'obj', 'head': 11}, 'verb': {'upos': 'VERB', 'text': 'करना', 'id': 11, 'deprel': 'root', 'head': 0}}]",['SOV']
190,"रॉयल्टी का भुगतान किए बिना किसान या सुनहरे चावल जेनेटिक्स का अनुवर्ती प्रयोक्ता प्रति वर्ष $10,000 से ज्यादा कमाने के लिए व्यक्ति को कोई शुल्क नहीं चाहिए। इसलिए, किसान या सुनहरे चावल जेनेटिक्स का अनुवर्ती प्रयोक्ता प्रति वर्ष $10,000 से अधिक कमाने के लिए रॉयल्टी का भुगतान नहीं करना आवश्यक है।",1,"[{'subject': {'upos': 'NOUN', 'text': 'प्रयोक्ता', 'id': 10, 'deprel': 'nsubj', 'head': 25}, 'object': {'upos': 'ADJ', 'text': 'आवश्यक', 'id': 24, 'deprel': 'obj', 'head': 25}, 'verb': {'upos': 'VERB', 'text': 'है', 'id': 25, 'deprel': 'root', 'head': 0}}]",['SOV']
192,किसान फिर से सुनहले चावल का बीज रख सकते हैं और इसे दुबारा रोपने की अनुमति है।,1,"[{'subject': {'upos': 'NOUN', 'text': 'किसान', 'id': 1, 'deprel': 'nsubj', 'head': 8}, 'object': {'upos': 'NOUN', 'text': 'बीज', 'id': 7, 'deprel': 'obj', 'head': 8}, 'verb': {'upos': 'VERB', 'text': 'रख', 'id': 8, 'deprel': 'root', 'head': 0}}]",['SOV']
200,मेंडल ने जीन्स को फैक्टर्स कहा था।,1,"[{'subject': {'upos': 'PROPN', 'text': 'मेंडल', 'id': 1, 'deprel': 'nsubj', 'head': 6}, 'object': {'upos': 'NOUN', 'text': 'जीन्स', 'id': 3, 'deprel': 'obj', 'head': 6}, 'verb': {'upos': 'VERB', 'text': 'कहा', 'id': 6, 'deprel': 'root', 'head': 0}}]",['SOV']
224,कोस्ट गार्ड और पीरटाइम आंतरिक सुरक्षा बलों के घटकों के रूप में कार्य करते हैं।,1,"[{'subject': {'upos': 'PROPN', 'text': 'गार्ड', 'id': 2, 'deprel': 'nsubj', 'head': 14}, 'object': {'upos': 'NOUN', 'text': 'कार्य', 'id': 13, 'deprel': 'obj', 'head': 14}, 'verb': {'upos': 'VERB', 'text': 'करते', 'id': 14, 'deprel': 'root', 'head': 0}}]",['SOV']
232,"सामान्य आबादी की तुलना में जुआरी लोगों में आत्महत्या की प्रवृत्ति तीन गुना अधिक होती है और मानसिक व्याधियां, अल्कोहल तथा नशीली दवाओं का सेवन जोखिम बढ़ाते हैं।",1,"[{'subject': {'upos': 'NOUN', 'text': 'सेवन', 'id': 26, 'deprel': 'nsubj', 'head': 28}, 'object': {'upos': 'NOUN', 'text': 'जोखिम', 'id': 27, 'deprel': 'obj', 'head': 28}, 'verb': {'upos': 'VERB', 'text': 'बढ़ाते', 'id': 28, 'deprel': 'conj', 'head': 15}}]",['SOV']
237,ग्रामीण इलाकों में आत्महत्या इतनी आम है क्योंकि वहाँ वित्तीय परेशानियाँ होती हैं जो गरीबी का कारण बनती है और यह गरीबी की तुलना में बढ़ रही सापेक्ष गरीबी को बढ़ाती है।,1,"[{'subject': {'upos': 'PRON', 'text': 'यह', 'id': 21, 'deprel': 'nsubj', 'head': 31}, 'object': {'upos': 'NOUN', 'text': 'गरीबी', 'id': 29, 'deprel': 'obj', 'head': 31}, 'verb': {'upos': 'VERB', 'text': 'बढ़ाती', 'id': 31, 'deprel': 'conj', 'head': 18}}]",['SOV']
246,उन्होंने आत्महत्या करने वाले लोगों को शहर से बाहर अकेले दफना दिया।,1,"[{'subject': {'upos': 'PRON', 'text': 'उन्होंने', 'id': 1, 'deprel': 'nsubj', 'head': 11}, 'object': {'upos': 'NOUN', 'text': 'लोगों', 'id': 5, 'deprel': 'obj', 'head': 11}, 'verb': {'upos': 'VERB', 'text': 'दफना', 'id': 11, 'deprel': 'root', 'head': 0}}]",['SOV']
255,"एसिड कम करने वाली दवाएं कई जीवों से प्रभावित होने का जोखिम बढ़ाती हैं, जिसमें क्लोस्ट्रीडियम डिफिसाइल, सेल्मोनेला और कंपाइलोबैक्टर प्रजातियाँ शामिल हैं। ये जीव एसिड के दमन के बाद महत्वपूर्ण जोखिम पैदा कर सकते हैं।",1,"[{'subject': {'upos': 'NOUN', 'text': 'जीव', 'id': 2, 'deprel': 'nsubj', 'head': 11}, 'object': {'upos': 'NOUN', 'text': 'जोखिम', 'id': 9, 'deprel': 'obj', 'head': 11}, 'verb': {'upos': 'VERB', 'text': 'कर', 'id': 11, 'deprel': 'root', 'head': 0}}]",['SOV']
266,अमेरिका को रोटावायरस के कारण एक वर्ष में एक बिलियन अमरीकी डॉलर खर्च करने पड़ते हैं।,1,"[{'subject': {'upos': 'PROPN', 'text': 'अमेरिका', 'id': 1, 'deprel': 'nsubj', 'head': 14}, 'object': {'upos': 'NOUN', 'text': 'डॉलर', 'id': 12, 'deprel': 'obj', 'head': 14}, 'verb': {'upos': 'VERB', 'text': 'करने', 'id': 14, 'deprel': 'root', 'head': 0}}]",['SOV']
268,"एचबीवी असुरक्षित यौन संपर्क, रक्त आधारित आपूर्ति, संदूषित सुइयों और सिरिंजों के दुबारा उपयोग, और माँ से बच्चे को प्रसव के दौरान ऊर्ध्वाधर संचरण के माध्यम से फैलता है।",1,"[{'subject': {'upos': 'PROPN', 'text': 'एचबीवी', 'id': 1, 'deprel': 'nsubj', 'head': 31}, 'object': {'upos': 'NOUN', 'text': 'संपर्क', 'id': 4, 'deprel': 'obj', 'head': 31}, 'verb': {'upos': 'VERB', 'text': 'फैलता', 'id': 31, 'deprel': 'root', 'head': 0}}]",['SOV']
282,"जापानी रक्षा तकनीकी अनुसंधान एवं विकास संस्थान ने मित्सुबिशी एक्स-2 शीनशीन विमान का विकास और परीक्षण करने की कोशिश की है, जो उन्नत गुप्तता लड़ाकू विमान प्रौद्योगिकियों का परीक्षण करने के लिए बनाया गया है।",1,"[{'subject': {'upos': 'PRON', 'text': 'जो', 'id': 23, 'deprel': 'nsubj:pass', 'head': 34}, 'object': {'upos': 'NOUN', 'text': 'गुप्तता', 'id': 25, 'deprel': 'obj', 'head': 34}, 'verb': {'upos': 'VERB', 'text': 'बनाया', 'id': 34, 'deprel': 'acl:relcl', 'head': 19}}]",['SOV']
289,राउटर टू वे स्टेट में जब लगता है जब राउटर खुद को हैलो OSPF प्रोटोकॉल पैकेट में देखते हैं।,1,"[{'subject': {'upos': 'NOUN', 'text': 'राउटर', 'id': 10, 'deprel': 'nsubj', 'head': 18}, 'object': {'upos': 'PRON', 'text': 'खुद', 'id': 11, 'deprel': 'obj', 'head': 18}, 'verb': {'upos': 'VERB', 'text': 'देखते', 'id': 18, 'deprel': 'acl:relcl', 'head': 4}}]",['SOV']
295,प्रश्न का उत्तर नहीं है। दी गई सूची में कोई जानकारी ऐसे लैंडमार्क के बारे में नहीं है जहाँ पर कलाकारों ने काम किया।,1,"[{'subject': {'upos': 'NOUN', 'text': 'कलाकारों', 'id': 16, 'deprel': 'nsubj', 'head': 19}, 'object': {'upos': 'NOUN', 'text': 'काम', 'id': 18, 'deprel': 'obj', 'head': 19}, 'verb': {'upos': 'VERB', 'text': 'किया', 'id': 19, 'deprel': 'acl:relcl', 'head': 6}}]",['SOV']
309,"गोली का असर कम करने वाली दवाएँ रिफैम्पिसिन, बार्बिटुरेट्स, फ़िनाइटोइन और कार्बामाजेपिन की शाखा में शामिल हैं। ये दवाएँ गोली के असर को कम कर सकती हैं।",1,"[{'subject': {'upos': 'NOUN', 'text': 'दवाएँ', 'id': 2, 'deprel': 'nsubj', 'head': 8}, 'object': {'upos': 'NOUN', 'text': 'असर', 'id': 5, 'deprel': 'obj', 'head': 8}, 'verb': {'upos': 'VERB', 'text': 'कर', 'id': 8, 'deprel': 'root', 'head': 0}}]",['SOV']
328,"महिलाएं अक्सर शुक्रवाहिकोच्छेदन उलटाव करवाना चाहती हैं क्योंकि यह डिंबवाहनी बंधन की तुलना में बहुत कम जटिलताएं उत्पन्न करता है। इसके अलावा, यह डिंबग्रंथि कैंसर के जोखिम को कम करता है।",1,"[{'subject': {'upos': 'PRON', 'text': 'यह', 'id': 4, 'deprel': 'nsubj', 'head': 11}, 'object': {'upos': 'NOUN', 'text': 'जोखिम', 'id': 8, 'deprel': 'obj', 'head': 11}, 'verb': {'upos': 'VERB', 'text': 'करता', 'id': 11, 'deprel': 'root', 'head': 0}}]",['SOV']
330,"जब कोई स्त्री बच्चे को जन्म देती है, तब उसके भीतर प्रसव का प्रक्रिया घटती है।",1,"[{'subject': {'upos': 'NOUN', 'text': 'स्त्री', 'id': 3, 'deprel': 'nsubj', 'head': 7}, 'object': {'upos': 'NOUN', 'text': 'बच्चे', 'id': 4, 'deprel': 'obj', 'head': 7}, 'verb': {'upos': 'VERB', 'text': 'देती', 'id': 7, 'deprel': 'acl:relcl', 'head': 10}}]",['SOV']
333,"गर्भधारण की दर लेवोनॉर्गेस्ट्रेल गोलियां असुरक्षित संभोग के अवसरों को लगभग 70 प्रतिशत तक कम कर देती हैं। इसलिए, उन स्त्रियों में गर्भधारण दर लगभग 70 प्रतिशत कम हो जाती है जो असुरक्षित संभोग के 72 घंटों के भीतर लेवोनॉर्गेस्ट्रेल गोलियां लेती हैं।",1,"[{'subject': {'upos': 'PRON', 'text': 'जो', 'id': 15, 'deprel': 'nsubj', 'head': 25}, 'object': {'upos': 'NOUN', 'text': 'गोलियां', 'id': 24, 'deprel': 'obj', 'head': 25}, 'verb': {'upos': 'VERB', 'text': 'लेती', 'id': 25, 'deprel': 'acl:relcl', 'head': 7}}]",['SOV']
337,120 मिलियन महिलाओं को इसका उपयोगकर्ता बनाने का लक्ष्य निर्धारित किया है।,1,"[{'subject': {'upos': 'NOUN', 'text': 'महिलाओं', 'id': 3, 'deprel': 'nsubj', 'head': 11}, 'object': {'upos': 'NOUN', 'text': 'लक्ष्य', 'id': 9, 'deprel': 'obj', 'head': 11}, 'verb': {'upos': 'VERB', 'text': 'किया', 'id': 11, 'deprel': 'root', 'head': 0}}]",['SOV']
349,रुडॉल्फ विरचो ने ल्यूकेमिया को खोजा।,1,"[{'subject': {'upos': 'PROPN', 'text': 'विरचो', 'id': 2, 'deprel': 'nsubj', 'head': 6}, 'object': {'upos': 'PROPN', 'text': 'ल्यूकेमिया', 'id': 4, 'deprel': 'obj', 'head': 6}, 'verb': {'upos': 'VERB', 'text': 'खोजा।', 'id': 6, 'deprel': 'root', 'head': 0}}]",['SOV']
353,उसके पिता मोटर चालक के रूप में काम करते थे।,1,"[{'subject': {'upos': 'NOUN', 'text': 'पिता', 'id': 2, 'deprel': 'nsubj', 'head': 9}, 'object': {'upos': 'NOUN', 'text': 'काम', 'id': 8, 'deprel': 'obj', 'head': 9}, 'verb': {'upos': 'VERB', 'text': 'करते', 'id': 9, 'deprel': 'root', 'head': 0}}]",['SOV']
362,शुरुआती नेटवर्क डिजाइनरों ने VLANs को एक बड़े ईथरनेट क्षेत्र में कोलिज़न डोमेन के आकार को कम करने के उद्देश्य से व्यवस्थित किया।,1,"[{'subject': {'upos': 'NOUN', 'text': 'डिजाइनरों', 'id': 3, 'deprel': 'nsubj', 'head': 23}, 'object': {'upos': 'NOUN', 'text': 'VLANs', 'id': 5, 'deprel': 'obj', 'head': 23}, 'verb': {'upos': 'VERB', 'text': 'किया', 'id': 23, 'deprel': 'root', 'head': 0}}]",['SOV']
363,उपकरण स्वचालित रूप से पोर्ट का VLAN निर्धारित कर लेता है।,1,"[{'subject': {'upos': 'NOUN', 'text': 'उपकरण', 'id': 1, 'deprel': 'nsubj', 'head': 9}, 'object': {'upos': 'NOUN', 'text': 'VLAN', 'id': 7, 'deprel': 'obj', 'head': 9}, 'verb': {'upos': 'VERB', 'text': 'कर', 'id': 9, 'deprel': 'root', 'head': 0}}]",['SOV']
364,नेटवर्क व्यवस्थापक को मैन्युअल रूप से नए कनेक्शन के लिए एक पोर्ट-टू-वीएलएएन असाइनमेंट बनाना चाहिए।,1,"[{'subject': {'upos': 'NOUN', 'text': 'व्यवस्थापक', 'id': 2, 'deprel': 'nsubj', 'head': 14}, 'object': {'upos': 'NOUN', 'text': 'असाइनमेंट', 'id': 13, 'deprel': 'obj', 'head': 14}, 'verb': {'upos': 'VERB', 'text': 'बनाना', 'id': 14, 'deprel': 'root', 'head': 0}}]",['SOV']
368,"समोआ अपने जीडीपी के लिए कृषि और स्थानीय स्तर पर मछली पकड़ने पर निर्भर है। आधुनिक समय में, विकास मदद, विदेश से पारिवारिक सदस्यों द्वारा भेजी गयी रकम और कृषि-उत्पाद का निर्यात भी महत्वपूर्ण योगदान देते हैं।",1,"[{'subject': {'upos': 'NOUN', 'text': 'मदद', 'id': 6, 'deprel': 'nsubj', 'head': 23}, 'object': {'upos': 'NOUN', 'text': 'योगदान', 'id': 22, 'deprel': 'obj', 'head': 23}, 'verb': {'upos': 'VERB', 'text': 'देते', 'id': 23, 'deprel': 'root', 'head': 0}}]",['SOV']
369,समोआ की सरकार निवेश को प्रोत्साहन और सतत राजकोषीय अनुशासन का आह्वान कर रही है।,1,"[{'subject': {'upos': 'NOUN', 'text': 'सरकार', 'id': 3, 'deprel': 'nsubj', 'head': 13}, 'object': {'upos': 'NOUN', 'text': 'निवेश', 'id': 4, 'deprel': 'obj', 'head': 13}, 'verb': {'upos': 'VERB', 'text': 'कर', 'id': 13, 'deprel': 'root', 'head': 0}}]",['SOV']
373,समोआ यूरोप के सदियों के प्रभाव के बावजूद अपने रीति-रिवाजों को कायम रख रहा है।,1,"[{'subject': {'upos': 'PROPN', 'text': 'समोआ', 'id': 1, 'deprel': 'nsubj', 'head': 13}, 'object': {'upos': 'NOUN', 'text': 'रीति-रिवाजों', 'id': 10, 'deprel': 'obj', 'head': 13}, 'verb': {'upos': 'VERB', 'text': 'रख', 'id': 13, 'deprel': 'root', 'head': 0}}]",['SOV']
409,"पट्टाया 3 रोड उत्तर, दक्षिण और मध्य पट्टाया को जुड़ता है।",1,"[{'subject': {'upos': 'PROPN', 'text': 'रोड', 'id': 3, 'deprel': 'nsubj', 'head': 11}, 'object': {'upos': 'PROPN', 'text': 'उत्तर', 'id': 4, 'deprel': 'obj', 'head': 11}, 'verb': {'upos': 'VERB', 'text': 'जुड़ता', 'id': 11, 'deprel': 'root', 'head': 0}}]",['SOV']
417,विलियम और आर्थर ने अपनी मोटर-बायसाइकिल पर 1901 से 1903 तक काम किया।,1,"[{'subject': {'upos': 'PROPN', 'text': 'विलियम', 'id': 1, 'deprel': 'nsubj', 'head': 13}, 'object': {'upos': 'NOUN', 'text': 'काम', 'id': 12, 'deprel': 'obj', 'head': 13}, 'verb': {'upos': 'VERB', 'text': 'किया', 'id': 13, 'deprel': 'root', 'head': 0}}]",['SOV']
443,बादल घूर्णन-गति को बढ़ाता गया।,1,"[{'subject': {'upos': 'NOUN', 'text': 'बादल', 'id': 1, 'deprel': 'nsubj', 'head': 4}, 'object': {'upos': 'NOUN', 'text': 'घूर्णन-गति', 'id': 2, 'deprel': 'obj', 'head': 4}, 'verb': {'upos': 'VERB', 'text': 'बढ़ाता', 'id': 4, 'deprel': 'root', 'head': 0}}]",['SOV']
447,"बच्चों ने कच्छी, सिन्घी और अंग्रेजी भाषाएं सीखीं।",1,"[{'subject': {'upos': 'NOUN', 'text': 'बच्चों', 'id': 1, 'deprel': 'nsubj', 'head': 9}, 'object': {'upos': 'NOUN', 'text': 'कच्छी', 'id': 3, 'deprel': 'obj', 'head': 9}, 'verb': {'upos': 'VERB', 'text': 'सीखीं', 'id': 9, 'deprel': 'root', 'head': 0}}]",['SOV']
464,"तारा सूचीपत्र में तारे संकलित हुए थे। पिछले कुछ वर्षों में विभिन्न प्रयोजनों के लिए बहुत सारे अलग-अलग तारा सूचीपत्र बनाए गए हैं। ये सूचीपत्र प्राचीन लोगों द्वारा भी संकलित किए गए थे, जैसे कि बेबिलोनियाई, यूनानी, चीनी, फारसी और अरब लोग।",1,"[{'object': {'upos': 'NOUN', 'text': 'सूचीपत्र', 'id': 2, 'deprel': 'obj', 'head': 8}, 'subject': {'upos': 'NOUN', 'text': 'लोगों', 'id': 4, 'deprel': 'nsubj:pass', 'head': 8}, 'verb': {'upos': 'VERB', 'text': 'किए', 'id': 8, 'deprel': 'root', 'head': 0}}]",['OSV']
484,ऑस्ट्रेलिया ऑस्ट्रेलिया बैलेट कंपनी का नाम बताती है।,1,"[{'subject': {'upos': 'PROPN', 'text': 'ऑस्ट्रेलिया', 'id': 1, 'deprel': 'nsubj', 'head': 7}, 'object': {'upos': 'NOUN', 'text': 'नाम', 'id': 6, 'deprel': 'obj', 'head': 7}, 'verb': {'upos': 'VERB', 'text': 'बताती', 'id': 7, 'deprel': 'root', 'head': 0}}]",['SOV']
488,सेलेनियम वेबड्राइवर आदेशों को एक ब्राउज़र को भेजता है।,1,"[{'subject': {'upos': 'PROPN', 'text': 'सेलेनियम', 'id': 1, 'deprel': 'nsubj', 'head': 8}, 'object': {'upos': 'NOUN', 'text': 'आदेशों', 'id': 3, 'deprel': 'obj', 'head': 8}, 'verb': {'upos': 'VERB', 'text': 'भेजता', 'id': 8, 'deprel': 'root', 'head': 0}}]",['SOV']
489,सेलेनियम ग्रिड दूरस्थ मशीन पर चल वेब ब्राउज़र उदाहरणों का उपयोग करके एक सर्वर हब के रूप में कार्य कर सकता है। यह केंद्र से संपर्क करके टेस्ट ब्राउज़र उदाहरणों के लिए पहुँच प्राप्त करता है और समानांतर परीक्षण चलाता है।,1,"[{'subject': {'upos': 'PRON', 'text': 'यह', 'id': 1, 'deprel': 'nsubj', 'head': 13}, 'object': {'upos': 'NOUN', 'text': 'पहुँच', 'id': 11, 'deprel': 'obj', 'head': 13}, 'verb': {'upos': 'VERB', 'text': 'करता', 'id': 13, 'deprel': 'root', 'head': 0}}]",['SOV']
494,ईरान ने 2012 में 12 ओलंपिक पदक जीते।,1,"[{'subject': {'upos': 'PROPN', 'text': 'ईरान', 'id': 1, 'deprel': 'nsubj', 'head': 8}, 'object': {'upos': 'NOUN', 'text': 'पदक', 'id': 7, 'deprel': 'obj', 'head': 8}, 'verb': {'upos': 'VERB', 'text': 'जीते', 'id': 8, 'deprel': 'root', 'head': 0}}]",['SOV']
502,टैबनैबिंग विधि उपयोगकर्ता को चुपचाप नकली वेबसाइट पर रीडायरेक्ट करती है जहाँ धोखेबाज पासवर्ड और क्रेडिट कार्ड की जानकारी प्राप्त करने की कोशिश करते हैं।,1,"[{'subject': {'upos': 'NOUN', 'text': 'विधि', 'id': 2, 'deprel': 'nsubj', 'head': 10}, 'object': {'upos': 'NOUN', 'text': 'उपयोगकर्ता', 'id': 3, 'deprel': 'obj', 'head': 10}, 'verb': {'upos': 'VERB', 'text': 'करती', 'id': 10, 'deprel': 'root', 'head': 0}}]",['SOV']
509,"युक्रेनियाई लोग विजय दिवस, दस यूक्रेनी राष्ट्रीय छुट्टियों में से एक के रूप में मनाते हैं।",1,"[{'subject': {'upos': 'NOUN', 'text': 'लोग', 'id': 2, 'deprel': 'nsubj', 'head': 16}, 'object': {'upos': 'PROPN', 'text': 'दिवस', 'id': 4, 'deprel': 'obj', 'head': 16}, 'verb': {'upos': 'VERB', 'text': 'मनाते', 'id': 16, 'deprel': 'root', 'head': 0}}]",['SOV']
523,"अटलांटिक की धाराएं गल्फ नदी से गरम होती हैं और यह उत्तरी आयरलैंड में हल्की सर्दियाँ लाती हैं, विशेष रूप से उच्च भूमि में।",1,"[{'subject': {'upos': 'PRON', 'text': 'यह', 'id': 11, 'deprel': 'nsubj', 'head': 17}, 'object': {'upos': 'NOUN', 'text': 'सर्दियाँ', 'id': 16, 'deprel': 'obj', 'head': 17}, 'verb': {'upos': 'VERB', 'text': 'लाती', 'id': 17, 'deprel': 'conj', 'head': 8}}]",['SOV']
537,"युरेनस का अक्षीय झुकाव और घूर्णन धूरी इसके अन्य ग्रहों से अलग करता है, इसलिए यह ग्रह कुछ अद्वितीय बनाता है।",1,"[{'subject': {'upos': 'NOUN', 'text': 'ग्रह', 'id': 18, 'deprel': 'nsubj', 'head': 21}, 'object': {'upos': 'PRON', 'text': 'कुछ', 'id': 19, 'deprel': 'obj', 'head': 21}, 'verb': {'upos': 'VERB', 'text': 'बनाता', 'id': 21, 'deprel': 'root', 'head': 0}}]",['SOV']
541,निकोल ऑरेसम ने इसे साबित किया।,1,"[{'subject': {'upos': 'PROPN', 'text': 'ऑरेसम', 'id': 2, 'deprel': 'nsubj', 'head': 6}, 'object': {'upos': 'PRON', 'text': 'इसे', 'id': 4, 'deprel': 'obj', 'head': 6}, 'verb': {'upos': 'VERB', 'text': 'किया', 'id': 6, 'deprel': 'root', 'head': 0}}]",['SOV']
544,टैपी ने 1993 तक टीम ओलम्पिके डे मार्सिले को नियंत्रित किया।,1,"[{'subject': {'upos': 'PROPN', 'text': 'टैपी', 'id': 1, 'deprel': 'nsubj', 'head': 11}, 'object': {'upos': 'PROPN', 'text': 'मार्सिले', 'id': 8, 'deprel': 'obj', 'head': 11}, 'verb': {'upos': 'VERB', 'text': 'किया', 'id': 11, 'deprel': 'root', 'head': 0}}]",['SOV']
558,C-टाइप की कार ने 1951 और 1953 में ले मैंस 24 घंटे जीते।,1,"[{'subject': {'upos': 'NOUN', 'text': 'कार', 'id': 3, 'deprel': 'nsubj', 'head': 13}, 'object': {'upos': 'PROPN', 'text': 'मैंस', 'id': 10, 'deprel': 'obj', 'head': 13}, 'verb': {'upos': 'VERB', 'text': 'जीते', 'id': 13, 'deprel': 'root', 'head': 0}}]",['SOV']
564,अधिकतर परजीवी गौण रूप से फेफड़ों को अपना शिकार बनाते हैं।,1,"[{'subject': {'upos': 'NOUN', 'text': 'परजीवी', 'id': 2, 'deprel': 'nsubj', 'head': 10}, 'object': {'upos': 'NOUN', 'text': 'फेफड़ों', 'id': 6, 'deprel': 'obj', 'head': 10}, 'verb': {'upos': 'VERB', 'text': 'बनाते', 'id': 10, 'deprel': 'root', 'head': 0}}]",['SOV']
568,"बैक्टीरिया एल्वियोली और कोशिकाओं के बीच के क्षेत्र में प्रवेश करने पर, न्यूट्रोफिल और मैक्रोफेग श्वेत रक्त कणिकाएँ इसे निष्क्रिय करने का प्रयास करते हैं। न्यूट्रोफिल साइटोकाइन मुक्त करते हैं जो प्रतिरक्षा तंत्र को सक्रिय करता है। यह बुखार, ठिठुरन और थकान जैसे लक्षण पैदा कर सकता है।",1,"[{'subject': {'upos': 'PRON', 'text': 'यह', 'id': 1, 'deprel': 'nsubj', 'head': 10}, 'object': {'upos': 'NOUN', 'text': 'लक्षण', 'id': 8, 'deprel': 'obj', 'head': 10}, 'verb': {'upos': 'VERB', 'text': 'कर', 'id': 10, 'deprel': 'root', 'head': 0}}]",['SOV']
588,मुंकेमूम वॉल्यूम 2 ने प्राणी को कानपुर ले जाएगा।,1,"[{'subject': {'upos': 'PROPN', 'text': '2', 'id': 3, 'deprel': 'nsubj', 'head': 8}, 'object': {'upos': 'NOUN', 'text': 'प्राणी', 'id': 5, 'deprel': 'obj', 'head': 8}, 'verb': {'upos': 'VERB', 'text': 'ले', 'id': 8, 'deprel': 'root', 'head': 0}}]",['SOV']
603,इन सभी देशों ने एकीकृत राज्य या नगर-राज्य की प्रवृत्�ti देखी और अंतरराष्ट्रीय मंच पर इसका पालन किया।,1,"[{'subject': {'upos': 'NOUN', 'text': 'देशों', 'id': 3, 'deprel': 'nsubj', 'head': 11}, 'object': {'upos': 'NOUN', 'text': 'प्रवृत्�ti', 'id': 10, 'deprel': 'obj', 'head': 11}, 'verb': {'upos': 'VERB', 'text': 'देखी', 'id': 11, 'deprel': 'root', 'head': 0}}]",['SOV']
604,"भागीदारी में सक्षम हो सकने वाले व्यक्ति या संस्था कोई हो सकता है जो किसी सांस्कृतिक पृष्ठभूमि, धार्मिक सिद्धांत, राजनीतिक संबद्धता या जनसांख्यिकीय उम्र के बावजूद बैककास्टिंग तकनीक का उपयोग कर सकता है। यह व्यक्ति या संस्था कोई सांस्कृतिक पृष्ठभूमि, धार्मिक सिद्धांत, राजनीतिक संबद्धता या जनसांख्यिकीय उम्र का नहीं होना चाहिए।",1,"[{'subject': {'upos': 'NOUN', 'text': 'व्यक्ति', 'id': 2, 'deprel': 'nsubj', 'head': 19}, 'object': {'upos': 'NOUN', 'text': 'पृष्ठभूमि', 'id': 7, 'deprel': 'obj', 'head': 19}, 'verb': {'upos': 'VERB', 'text': 'होना', 'id': 19, 'deprel': 'root', 'head': 0}}]",['SOV']
609,ब्रह्मांड के धीमे विस्तार के रूप में सार तत्व को कुछ वैज्ञानिक सबसे अच्छा सबूत मानते हैं।,1,"[{'object': {'upos': 'NOUN', 'text': 'तत्व', 'id': 9, 'deprel': 'obj', 'head': 16}, 'subject': {'upos': 'NOUN', 'text': 'वैज्ञानिक', 'id': 12, 'deprel': 'nsubj', 'head': 16}, 'verb': {'upos': 'VERB', 'text': 'मानते', 'id': 16, 'deprel': 'root', 'head': 0}}]",['OSV']
616,3 से 5 का कुल स्कोर एक मध्यम कंठरोग के रूप में वर्गीकृत होने के लिए आवश्यक है।,1,"[{'subject': {'upos': 'NOUN', 'text': 'स्कोर', 'id': 6, 'deprel': 'nsubj', 'head': 18}, 'object': {'upos': 'ADJ', 'text': 'आवश्यक', 'id': 17, 'deprel': 'obj', 'head': 18}, 'verb': {'upos': 'VERB', 'text': 'है', 'id': 18, 'deprel': 'root', 'head': 0}}]",['SOV']
632,संयुक्त राज्य अमेरिका ने नेवाडा को 1848 में कब्जा कर लिया।,1,"[{'subject': {'upos': 'PROPN', 'text': 'अमेरिका', 'id': 3, 'deprel': 'nsubj', 'head': 10}, 'object': {'upos': 'PROPN', 'text': 'नेवाडा', 'id': 5, 'deprel': 'obj', 'head': 10}, 'verb': {'upos': 'VERB', 'text': 'कर', 'id': 10, 'deprel': 'root', 'head': 0}}]",['SOV']
633,शीर्ष पर मस्जिद बाबर द्वारा सन् १५१० में निर्मित की गई।,1,"[{'object': {'upos': 'NOUN', 'text': 'मस्जिद', 'id': 3, 'deprel': 'obj', 'head': 10}, 'subject': {'upos': 'PROPN', 'text': 'बाबर', 'id': 4, 'deprel': 'nsubj:pass', 'head': 10}, 'verb': {'upos': 'VERB', 'text': 'की', 'id': 10, 'deprel': 'root', 'head': 0}}]",['OSV']
643,अंतरिक्ष यान ने शनि के छल्लों और टाइटन का तापमान मापा।,1,"[{'subject': {'upos': 'NOUN', 'text': 'यान', 'id': 2, 'deprel': 'nsubj', 'head': 11}, 'object': {'upos': 'NOUN', 'text': 'तापमान', 'id': 10, 'deprel': 'obj', 'head': 11}, 'verb': {'upos': 'VERB', 'text': 'मापा।', 'id': 11, 'deprel': 'root', 'head': 0}}]",['SOV']
651,भारतीय सशस्त्र बलों के प्रबंधन करने का दायित्व भारत सरकार के रक्षा मंत्रालय (रक्षा मंत्रालय) ने ले लिया है।,1,"[{'object': {'upos': 'NOUN', 'text': 'दायित्व', 'id': 8, 'deprel': 'obj', 'head': 19}, 'subject': {'upos': 'PROPN', 'text': 'मंत्रालय', 'id': 13, 'deprel': 'nsubj', 'head': 19}, 'verb': {'upos': 'VERB', 'text': 'ले', 'id': 19, 'deprel': 'root', 'head': 0}}]",['OSV']
652,भारत ने पहले परमाणु हमले करने का संकल्प नहीं लिया हुआ है।,1,"[{'subject': {'upos': 'PROPN', 'text': 'भारत', 'id': 1, 'deprel': 'nsubj', 'head': 10}, 'object': {'upos': 'NOUN', 'text': 'संकल्प', 'id': 8, 'deprel': 'obj', 'head': 10}, 'verb': {'upos': 'VERB', 'text': 'लिया', 'id': 10, 'deprel': 'root', 'head': 0}}]",['SOV']
657,पुर्तगाल ने बंदरगाहों के किनारे किलों का निर्माण करके पूर्व-सम्मान प्राप्त किया।,1,"[{'subject': {'upos': 'PROPN', 'text': 'पुर्तगाल', 'id': 1, 'deprel': 'nsubj', 'head': 12}, 'object': {'upos': 'NOUN', 'text': 'पूर्व-सम्मान', 'id': 10, 'deprel': 'obj', 'head': 12}, 'verb': {'upos': 'VERB', 'text': 'किया', 'id': 12, 'deprel': 'root', 'head': 0}}]",['SOV']
660,इवान कॉगल ने 1985 में मेडिसिन की डिग्री प्राप्त की।,1,"[{'subject': {'upos': 'PROPN', 'text': 'कॉगल', 'id': 2, 'deprel': 'nsubj', 'head': 10}, 'object': {'upos': 'NOUN', 'text': 'डिग्री', 'id': 8, 'deprel': 'obj', 'head': 10}, 'verb': {'upos': 'VERB', 'text': 'की', 'id': 10, 'deprel': 'root', 'head': 0}}]",['SOV']
664,"अलास्का राज्य ने फरवरी 2009 में इन्टरनल रेवन्यू कोड के तहत वैध व्यावसायिक खर्चों के रूप में भुगतान राशियों का व्यवहार किए जाने की नीति को बदलकर, अपने-अपने घरों में रहने के लिए राज्य कर्मचारियों को दिए जाने वाले दैनिक भत्तों को करयोग्य आय के रूप में व्यवहार किया जाने वाला नियम अपनाया।",1,"[{'subject': {'upos': 'PROPN', 'text': 'राज्य', 'id': 2, 'deprel': 'nsubj', 'head': 55}, 'object': {'upos': 'NOUN', 'text': 'नियम', 'id': 54, 'deprel': 'obj', 'head': 55}, 'verb': {'upos': 'VERB', 'text': 'अपनाया', 'id': 55, 'deprel': 'root', 'head': 0}}]",['SOV']
693,"1991 में, भारत विश्व की सबसे तेज़ विकसित होती बड़ी अर्थ-व्यवस्थाओं में से एक हो गया है और इसे एक नव-औद्योगिकृत राष्ट्र माना जाता है।",1,"[{'subject': {'upos': 'PROPN', 'text': 'भारत', 'id': 4, 'deprel': 'nsubj', 'head': 16}, 'object': {'upos': 'PRON', 'text': 'इसे', 'id': 20, 'deprel': 'obj', 'head': 24}, 'verb': {'upos': 'VERB', 'text': 'माना', 'id': 24, 'deprel': 'conj', 'head': 16}}]",['SOV']
700,जॉन स्नो ने राजकुमार लियोपोल्ड के जन्म के समय महारानी विक्टोरिया को क्लोरोफॉर्म दिया।,1,"[{'subject': {'upos': 'PROPN', 'text': 'स्नो', 'id': 2, 'deprel': 'nsubj', 'head': 14}, 'object': {'upos': 'NOUN', 'text': 'क्लोरोफॉर्म', 'id': 13, 'deprel': 'obj', 'head': 14}, 'verb': {'upos': 'VERB', 'text': 'दिया', 'id': 14, 'deprel': 'root', 'head': 0}}]",['SOV']
702,वर्ष 2000 में लिंकिन पार्क ने हाइब्रिड थीयरी एल्बम जारी किया।,1,"[{'subject': {'upos': 'PROPN', 'text': 'पार्क', 'id': 5, 'deprel': 'nsubj', 'head': 11}, 'object': {'upos': 'PROPN', 'text': 'एल्बम', 'id': 9, 'deprel': 'obj', 'head': 11}, 'verb': {'upos': 'VERB', 'text': 'किया', 'id': 11, 'deprel': 'root', 'head': 0}}]",['SOV']
705,"बैंड ने ""सर्वश्रेष्ठ रैप/संग सहयोग"" के लिए ग्रैमी पुरस्कार जीता था।",1,"[{'subject': {'upos': 'NOUN', 'text': 'बैंड', 'id': 1, 'deprel': 'nsubj', 'head': 12}, 'object': {'upos': 'PROPN', 'text': 'पुरस्कार', 'id': 11, 'deprel': 'obj', 'head': 12}, 'verb': {'upos': 'VERB', 'text': 'जीता', 'id': 12, 'deprel': 'root', 'head': 0}}]",['SOV']
706,"बैंड ने अगस्त, 2006 में तीस से पचास गीत रिकॉर्ड किए।",1,"[{'subject': {'upos': 'NOUN', 'text': 'बैंड', 'id': 1, 'deprel': 'nsubj', 'head': 12}, 'object': {'upos': 'NOUN', 'text': 'गीत', 'id': 10, 'deprel': 'obj', 'head': 12}, 'verb': {'upos': 'VERB', 'text': 'किए', 'id': 12, 'deprel': 'root', 'head': 0}}]",['SOV']
707,बैंड ने एल्बम के निर्माण पर 14 महीने का समय व्यतीत किया।,1,"[{'subject': {'upos': 'NOUN', 'text': 'बैंड', 'id': 1, 'deprel': 'nsubj', 'head': 12}, 'object': {'upos': 'NOUN', 'text': 'समय', 'id': 10, 'deprel': 'obj', 'head': 12}, 'verb': {'upos': 'VERB', 'text': 'किया', 'id': 12, 'deprel': 'root', 'head': 0}}]",['SOV']
720,पूजा टीना के नाम से राज को लिखा क्योंकि टीना जल्द ही अन्य चीजों में व्यस्त हो जाती थी और वह राज को लिखने का वादा पूरा कर सके।,1,"[{'subject': {'upos': 'PRON', 'text': 'वह', 'id': 21, 'deprel': 'nsubj', 'head': 28}, 'object': {'upos': 'NOUN', 'text': 'वादा', 'id': 26, 'deprel': 'obj', 'head': 28}, 'verb': {'upos': 'VERB', 'text': 'कर', 'id': 28, 'deprel': 'conj', 'head': 17}}]",['SOV']
723,पूजा राज से शादी नहीं करने का फैसला करती है क्योंकि वह टीना के दिल को तोड़ना नहीं चाहती।,1,"[{'subject': {'upos': 'PRON', 'text': 'वह', 'id': 12, 'deprel': 'nsubj', 'head': 19}, 'object': {'upos': 'VERB', 'text': 'तोड़ना', 'id': 17, 'deprel': 'obj', 'head': 19}, 'verb': {'upos': 'VERB', 'text': 'चाहती', 'id': 19, 'deprel': 'advcl', 'head': 9}}]",['SOV']
724,कृष्णा अपनी शक्तियों को कभी उजागर नहीं करेगा।,1,"[{'subject': {'upos': 'PROPN', 'text': 'कृष्णा', 'id': 1, 'deprel': 'nsubj', 'head': 8}, 'object': {'upos': 'NOUN', 'text': 'शक्तियों', 'id': 3, 'deprel': 'obj', 'head': 8}, 'verb': {'upos': 'VERB', 'text': 'करेगा', 'id': 8, 'deprel': 'root', 'head': 0}}]",['SOV']
732,वेसली गिब्सन संत्रास दौरे से बचने के लिए लेता था और उद्वेग-रोधी दवा लेता था।,1,"[{'subject': {'upos': 'PROPN', 'text': 'गिब्सन', 'id': 2, 'deprel': 'nsubj', 'head': 9}, 'object': {'upos': 'NOUN', 'text': 'दवा', 'id': 13, 'deprel': 'obj', 'head': 14}, 'verb': {'upos': 'VERB', 'text': 'लेता', 'id': 14, 'deprel': 'conj', 'head': 9}}]",['SOV']
754,अभिषेक कमरे में शूरवीरों ने अपना खिताब प्राप्त किया था।,1,"[{'subject': {'upos': 'NOUN', 'text': 'शूरवीरों', 'id': 4, 'deprel': 'nsubj', 'head': 9}, 'object': {'upos': 'NOUN', 'text': 'खिताब', 'id': 7, 'deprel': 'obj', 'head': 9}, 'verb': {'upos': 'VERB', 'text': 'किया', 'id': 9, 'deprel': 'root', 'head': 0}}]",['SOV']
758,सभी क्रिस्टल कैंडल और स्कॉंसेज़ के प्रतिबिंब वह मनमोहक दृश्य उत्पन्न करते थे जिसमें स्पेस और लाइट का उपयोग किया गया है।,1,"[{'subject': {'upos': 'NOUN', 'text': 'प्रतिबिंब', 'id': 7, 'deprel': 'nsubj', 'head': 12}, 'object': {'upos': 'NOUN', 'text': 'दृश्य', 'id': 10, 'deprel': 'obj', 'head': 12}, 'verb': {'upos': 'VERB', 'text': 'करते', 'id': 12, 'deprel': 'root', 'head': 0}}]",['SOV']
769,फिल्म में बेन एफ्लेक ने कार्यकारी निर्माता के रूप में कार्य किया।,1,"[{'subject': {'upos': 'PROPN', 'text': 'एफ्लेक', 'id': 4, 'deprel': 'nsubj', 'head': 12}, 'object': {'upos': 'NOUN', 'text': 'कार्य', 'id': 11, 'deprel': 'obj', 'head': 12}, 'verb': {'upos': 'VERB', 'text': 'किया', 'id': 12, 'deprel': 'root', 'head': 0}}]",['SOV']
770,ब्रिटिश सरकार ने 1773 में रेगुलेशन एक्ट अधिनियम के तहत भारत का आंशिक नियंत्रण ग्रहण किया।,1,"[{'subject': {'upos': 'PROPN', 'text': 'सरकार', 'id': 2, 'deprel': 'nsubj', 'head': 16}, 'object': {'upos': 'NOUN', 'text': 'नियंत्रण', 'id': 14, 'deprel': 'obj', 'head': 16}, 'verb': {'upos': 'VERB', 'text': 'किया', 'id': 16, 'deprel': 'root', 'head': 0}}]",['SOV']
775,भारतीय सचिव द्वारा नियुक्त सदस्य और गवर्नर-जनरल द्वारा नियुक्त सदस्यों का समूह सरकारी विधानों पर काम करता है।,1,"[{'subject': {'upos': 'NOUN', 'text': 'समूह', 'id': 12, 'deprel': 'nsubj', 'head': 17}, 'object': {'upos': 'NOUN', 'text': 'काम', 'id': 16, 'deprel': 'obj', 'head': 17}, 'verb': {'upos': 'VERB', 'text': 'करता', 'id': 17, 'deprel': 'root', 'head': 0}}]",['SOV']
785,ऑगुस्तुस पुगिन ने गिल्ड डायल के साथ 23 फुट लंबी घड़ियों को डिजाइन किया था।,1,"[{'subject': {'upos': 'PROPN', 'text': 'पुगिन', 'id': 2, 'deprel': 'nsubj', 'head': 14}, 'object': {'upos': 'NOUN', 'text': 'घड़ियों', 'id': 11, 'deprel': 'obj', 'head': 14}, 'verb': {'upos': 'VERB', 'text': 'किया', 'id': 14, 'deprel': 'root', 'head': 0}}]",['SOV']
800,हीरीरो और मातृ भाषा सीखते हैं।,1,"[{'subject': {'upos': 'PROPN', 'text': 'हीरीरो', 'id': 1, 'deprel': 'nsubj', 'head': 5}, 'object': {'upos': 'NOUN', 'text': 'भाषा', 'id': 4, 'deprel': 'obj', 'head': 5}, 'verb': {'upos': 'VERB', 'text': 'सीखते', 'id': 5, 'deprel': 'root', 'head': 0}}]",['SOV']
803,1980 के बाद पहली बार इटली ने ओलंपिक स्वर्ण नहीं जीता था।,1,"[{'subject': {'upos': 'PROPN', 'text': 'इटली', 'id': 6, 'deprel': 'nsubj', 'head': 11}, 'object': {'upos': 'NOUN', 'text': 'स्वर्ण', 'id': 9, 'deprel': 'obj', 'head': 11}, 'verb': {'upos': 'VERB', 'text': 'जीता', 'id': 11, 'deprel': 'root', 'head': 0}}]",['SOV']
810,आलोचकों ने बायरामोव के शुरुआती परिदृश्य कामों को उच्च प्रशंसा दी।,1,"[{'subject': {'upos': 'NOUN', 'text': 'आलोचकों', 'id': 1, 'deprel': 'nsubj', 'head': 11}, 'object': {'upos': 'NOUN', 'text': 'प्रशंसा', 'id': 10, 'deprel': 'obj', 'head': 11}, 'verb': {'upos': 'VERB', 'text': 'दी', 'id': 11, 'deprel': 'root', 'head': 0}}]",['SOV']
811,"नहीं, पिछले वर्ष बेरामोव एक कला प्रशिक्षक नहीं था। उपलब्ध जानकारी के अनुसार, बेरामोव 1965 से 1968 तक तुर्कमेन राज्य कला महाविद्यालय में शोटा रस्तेवेली के एक कला शिक्षक के रूप में कार्य किया।",1,"[{'subject': {'upos': 'PROPN', 'text': 'बेरामोव', 'id': 6, 'deprel': 'nsubj', 'head': 26}, 'object': {'upos': 'NOUN', 'text': 'कार्य', 'id': 25, 'deprel': 'obj', 'head': 26}, 'verb': {'upos': 'VERB', 'text': 'किया', 'id': 26, 'deprel': 'root', 'head': 0}}]",['SOV']
822,रिचर्ड मैकेंजी ने नवनिर्मित प्रयोग करना शुरू कर दिया था।,1,"[{'subject': {'upos': 'PROPN', 'text': 'मैकेंजी', 'id': 2, 'deprel': 'nsubj', 'head': 8}, 'object': {'upos': 'VERB', 'text': 'करना', 'id': 6, 'deprel': 'obj', 'head': 8}, 'verb': {'upos': 'VERB', 'text': 'कर', 'id': 8, 'deprel': 'root', 'head': 0}}]",['SOV']
827,1932 में पाल्मा शहर का महल संग्रहालय बना।,1,"[{'subject': {'upos': 'NOUN', 'text': 'महल', 'id': 6, 'deprel': 'nsubj', 'head': 8}, 'object': {'upos': 'NOUN', 'text': 'संग्रहालय', 'id': 7, 'deprel': 'obj', 'head': 8}, 'verb': {'upos': 'VERB', 'text': 'बना।', 'id': 8, 'deprel': 'root', 'head': 0}}]",['SOV']
832,चंगेज़ ख़ान ने मंगोल साम्राज्य को जीता।,1,"[{'subject': {'upos': 'PROPN', 'text': 'ख़ान', 'id': 2, 'deprel': 'nsubj', 'head': 7}, 'object': {'upos': 'PROPN', 'text': 'साम्राज्य', 'id': 5, 'deprel': 'obj', 'head': 7}, 'verb': {'upos': 'VERB', 'text': 'जीता', 'id': 7, 'deprel': 'root', 'head': 0}}]",['SOV']
836,कोर्निएंको ने RSC में अपना करियर अक्टूबर 1995 में शुरू किया।,1,"[{'subject': {'upos': 'PROPN', 'text': 'कोर्निएंको', 'id': 1, 'deprel': 'nsubj', 'head': 11}, 'object': {'upos': 'NOUN', 'text': 'करियर', 'id': 6, 'deprel': 'obj', 'head': 11}, 'verb': {'upos': 'VERB', 'text': 'किया', 'id': 11, 'deprel': 'root', 'head': 0}}]",['SOV']
843,"2010 में, एली गोल्डिंग ने बीबीसी की वार्षिक ध्वनि की शीर्ष पर शीर्ष स्थान पर दूसरी कलाकार बनकर और एक ही वर्ष में ब्रिट अवार्ड्स में क्रिटिक्स चॉइस पुरस्कार जीता।",1,"[{'subject': {'upos': 'PROPN', 'text': 'गोल्डिंग', 'id': 5, 'deprel': 'nsubj', 'head': 31}, 'object': {'upos': 'PROPN', 'text': 'पुरस्कार', 'id': 30, 'deprel': 'obj', 'head': 31}, 'verb': {'upos': 'VERB', 'text': 'जीता', 'id': 31, 'deprel': 'root', 'head': 0}}]",['SOV']
844,"9 साल की उम्र में, एलेना ने क्लेरिनेट बजाना शुरू किया।",1,"[{'subject': {'upos': 'PROPN', 'text': 'एलेना', 'id': 7, 'deprel': 'nsubj', 'head': 12}, 'object': {'upos': 'VERB', 'text': 'बजाना', 'id': 10, 'deprel': 'obj', 'head': 12}, 'verb': {'upos': 'VERB', 'text': 'किया', 'id': 12, 'deprel': 'root', 'head': 0}}]",['SOV']
845,2010 वर्ष में ऐली गॉल्डिंग ने ब्रिट अवार्ड्स में क्रिटिक्स चॉइस अवार्ड जीता।,1,"[{'subject': {'upos': 'PROPN', 'text': 'गॉल्डिंग', 'id': 5, 'deprel': 'nsubj', 'head': 13}, 'object': {'upos': 'PROPN', 'text': 'अवार्ड', 'id': 12, 'deprel': 'obj', 'head': 13}, 'verb': {'upos': 'VERB', 'text': 'जीता', 'id': 13, 'deprel': 'root', 'head': 0}}]",['SOV']
855,1485 ने इंग्लैंड के हेनरी VII का शासनकाल देखा।,1,"[{'subject': {'upos': 'PROPN', 'text': '1485', 'id': 1, 'deprel': 'nsubj', 'head': 9}, 'object': {'upos': 'NOUN', 'text': 'शासनकाल', 'id': 8, 'deprel': 'obj', 'head': 9}, 'verb': {'upos': 'VERB', 'text': 'देखा', 'id': 9, 'deprel': 'root', 'head': 0}}]",['SOV']
864,फाउलस्टिच ने 44 साल तक स्कॉट एजी में काम किया और 1979 में सेवानिवृत्त होने के बाद दूरदराज के देशों की यात्रा की। वे ग्लास सम्मेलनों में व्याख्यान और प्रस्तुतियां देती रही।,1,"[{'subject': {'upos': 'PRON', 'text': 'वे', 'id': 1, 'deprel': 'nsubj', 'head': 8}, 'object': {'upos': 'NOUN', 'text': 'व्याख्यान', 'id': 5, 'deprel': 'obj', 'head': 8}, 'verb': {'upos': 'VERB', 'text': 'देती', 'id': 8, 'deprel': 'root', 'head': 0}}]",['SOV']
869,गाम्बिया के बहुत से मूल समूह रहते हैं और उनके बीच आपसी मतभेद बहुत कम हैं। प्रत्येक समूह अपनी भाषा और परम्पराओं को सहेजे हुए हैं।,1,"[{'subject': {'upos': 'NOUN', 'text': 'समूह', 'id': 2, 'deprel': 'nsubj', 'head': 8}, 'object': {'upos': 'NOUN', 'text': 'भाषा', 'id': 4, 'deprel': 'obj', 'head': 8}, 'verb': {'upos': 'VERB', 'text': 'सहेजे', 'id': 8, 'deprel': 'root', 'head': 0}}]",['SOV']
877,केदु क्षेत्र ने लॉर्ड्स के लिए एक बैठक कक्ष और संदेश केंद्र के रूप में कार्य किया।,1,"[{'subject': {'upos': 'NOUN', 'text': 'क्षेत्र', 'id': 2, 'deprel': 'nsubj', 'head': 17}, 'object': {'upos': 'NOUN', 'text': 'कार्य', 'id': 16, 'deprel': 'obj', 'head': 17}, 'verb': {'upos': 'VERB', 'text': 'किया', 'id': 17, 'deprel': 'root', 'head': 0}}]",['SOV']
882,"2002 में सर विंस्टन चर्चिल का पार्थिव शरीर हॉल में रखा गया था, जो उस वर्ष चर्चिल ने हॉल का अंतिम बार उपयोग करने का उदाहरण बनाया।",1,"[{'subject': {'upos': 'PRON', 'text': 'जो', 'id': 15, 'deprel': 'nsubj', 'head': 28}, 'object': {'upos': 'NOUN', 'text': 'उदाहरण', 'id': 27, 'deprel': 'obj', 'head': 28}, 'verb': {'upos': 'VERB', 'text': 'बनाया', 'id': 28, 'deprel': 'acl:relcl', 'head': 8}}]",['SOV']
885,"यदि विस्फोट सफल होता, तो महल नष्ट हो जाता और राजा और उसके परिवार और अभिजात वर्ग के अधिकांश सदस्य मारे जाते।",1,"[{'subject': {'upos': 'NOUN', 'text': 'महल', 'id': 7, 'deprel': 'nsubj', 'head': 9}, 'object': {'upos': 'NOUN', 'text': 'सदस्य', 'id': 21, 'deprel': 'obj', 'head': 22}, 'verb': {'upos': 'VERB', 'text': 'मारे', 'id': 22, 'deprel': 'conj', 'head': 9}}]",['SOV']
900,"डॉक्सिंग के कारण व्यवस्थाओं में असमानता और असमृद्धि उत्पन्न होती है। यह व्यापारिक आकलन, जोखिम विश्लेषण, ऑनलाइन शर्मिंदा करना और स्वत: नियुक्त सतर्कता जैसे कारकों से प्रेरित होता है। यह न्याय को नुकसान पहुंचाता है और व्यवसाय में अपराधों की संख्या की वृद्धि कर सकता है।",1,"[{'subject': {'upos': 'PRON', 'text': 'यह', 'id': 1, 'deprel': 'nsubj', 'head': 5}, 'object': {'upos': 'NOUN', 'text': 'न्याय', 'id': 2, 'deprel': 'obj', 'head': 5}, 'verb': {'upos': 'VERB', 'text': 'पहुंचाता', 'id': 5, 'deprel': 'root', 'head': 0}}]",['SOV']
904,120 से अधिक पार्क पोलैंड को सुरक्षित करती हैं।,1,"[{'subject': {'upos': 'NOUN', 'text': 'पार्क', 'id': 4, 'deprel': 'nsubj', 'head': 8}, 'object': {'upos': 'PROPN', 'text': 'पोलैंड', 'id': 5, 'deprel': 'obj', 'head': 8}, 'verb': {'upos': 'VERB', 'text': 'करती', 'id': 8, 'deprel': 'root', 'head': 0}}]",['SOV']
906,आत्म-चित्रांकन एक कला है जिसमें कलाकार खुद अपना चित्र बनाता है।,1,"[{'subject': {'upos': 'NOUN', 'text': 'कलाकार', 'id': 6, 'deprel': 'nsubj', 'head': 10}, 'object': {'upos': 'NOUN', 'text': 'चित्र', 'id': 9, 'deprel': 'obj', 'head': 10}, 'verb': {'upos': 'VERB', 'text': 'बनाता', 'id': 10, 'deprel': 'acl:relcl', 'head': 3}}]",['SOV']
909,कैमeron डेविड कंबरबैच ने फिल्म में मुख्य भूमिका निभाई।,1,"[{'subject': {'upos': 'PROPN', 'text': 'कंबरबैच', 'id': 3, 'deprel': 'nsubj', 'head': 9}, 'object': {'upos': 'NOUN', 'text': 'भूमिका', 'id': 8, 'deprel': 'obj', 'head': 9}, 'verb': {'upos': 'VERB', 'text': 'निभाई', 'id': 9, 'deprel': 'root', 'head': 0}}]",['SOV']
913,मॉरिसन ने अपनी पहली कविता 1969 मार्च में लॉस एंजिल्स के एक पेशेवर साउंड स्टूडियो में रिकॉर्ड करवाई।,1,"[{'subject': {'upos': 'PROPN', 'text': 'मॉरिसन', 'id': 1, 'deprel': 'nsubj', 'head': 18}, 'object': {'upos': 'NOUN', 'text': 'कविता', 'id': 5, 'deprel': 'obj', 'head': 18}, 'verb': {'upos': 'VERB', 'text': 'करवाई', 'id': 18, 'deprel': 'root', 'head': 0}}]",['SOV']
914,अंडी मॉरिसन ने जेरी हॉपकिंस से बात की।,1,"[{'subject': {'upos': 'PROPN', 'text': 'मॉरिसन', 'id': 2, 'deprel': 'nsubj', 'head': 8}, 'object': {'upos': 'PROPN', 'text': 'हॉपकिंस', 'id': 5, 'deprel': 'obj', 'head': 8}, 'verb': {'upos': 'VERB', 'text': 'की', 'id': 8, 'deprel': 'root', 'head': 0}}]",['SOV']
915,"फ्रेडरिक नीत्शे, विलियम ब्लेक, चार्ल्स बौडेलेर और आर्थर रिमबॉड कवियों ने मॉरिसन की सोच को प्रभावित किया।",1,"[{'subject': {'upos': 'NOUN', 'text': 'कवियों', 'id': 12, 'deprel': 'nsubj', 'head': 19}, 'object': {'upos': 'NOUN', 'text': 'सोच', 'id': 16, 'deprel': 'obj', 'head': 19}, 'verb': {'upos': 'VERB', 'text': 'किया', 'id': 19, 'deprel': 'root', 'head': 0}}]",['SOV']
918,अधिकारी के चरित्र के बारे में उसे पता चलता है कि वह एक गुंडा है।,1,"[{'subject': {'upos': 'PRON', 'text': 'उसे', 'id': 7, 'deprel': 'nsubj', 'head': 9}, 'verb': {'upos': 'VERB', 'text': 'चलता', 'id': 9, 'deprel': 'root', 'head': 0}, 'object': {'upos': 'NOUN', 'text': 'गुंडा', 'id': 14, 'deprel': 'obj', 'head': 9}}]",['SVO']
943,प्रश्न का उत्तर दिया गया जानकारी से नहीं तैयार किया जा सकता। मेरे पास ऐसी जानकारी नहीं है जो नेतृत्वविहीन मित्रराष्ट्र के सैनिकों ने किसी का विनाश किया है या नहीं यह वर्णित करती है।,1,"[{'subject': {'upos': 'PRON', 'text': 'जो', 'id': 7, 'deprel': 'nsubj', 'head': 16}, 'object': {'upos': 'PRON', 'text': 'यह', 'id': 20, 'deprel': 'obj', 'head': 22}, 'verb': {'upos': 'VERB', 'text': 'करती', 'id': 22, 'deprel': 'conj', 'head': 16}}]",['SOV']
948,डिस्कवरी चैनल ने टेलिविजन सिरीज ऐनिमल फेस-ऑफ प्रसारित किया।,1,"[{'subject': {'upos': 'NOUN', 'text': 'चैनल', 'id': 2, 'deprel': 'nsubj', 'head': 9}, 'object': {'upos': 'NOUN', 'text': 'सिरीज', 'id': 5, 'deprel': 'obj', 'head': 9}, 'verb': {'upos': 'VERB', 'text': 'किया', 'id': 9, 'deprel': 'root', 'head': 0}}]",['SOV']
960,एलिजाबेथ द्वितीय ने द्वितीय विश्व युद्ध में जनसे�वाओं में हिस्सा लेने वाली सेवार्थी की क्षमता के साथ काम किया।,1,"[{'subject': {'upos': 'PROPN', 'text': 'द्वितीय', 'id': 2, 'deprel': 'nsubj', 'head': 19}, 'object': {'upos': 'NOUN', 'text': 'काम', 'id': 18, 'deprel': 'obj', 'head': 19}, 'verb': {'upos': 'VERB', 'text': 'किया', 'id': 19, 'deprel': 'root', 'head': 0}}]",['SOV']
963,एडवर्ड ८ ने वैलिस सिम्पसन से शादी की थी।,1,"[{'subject': {'upos': 'PROPN', 'text': '८', 'id': 2, 'deprel': 'nsubj', 'head': 8}, 'object': {'upos': 'PROPN', 'text': 'सिम्पसन', 'id': 5, 'deprel': 'obj', 'head': 8}, 'verb': {'upos': 'VERB', 'text': 'की', 'id': 8, 'deprel': 'root', 'head': 0}}]",['SOV']
974,प्रस्तुतीकरण आरम्भ होने के पहले डोमिनीक परसेल ने लिनकोलन बरोज़ को अभिनय के लिए लिया।,1,"[{'subject': {'upos': 'PROPN', 'text': 'परसेल', 'id': 7, 'deprel': 'nsubj', 'head': 15}, 'object': {'upos': 'PROPN', 'text': 'बरोज़', 'id': 10, 'deprel': 'obj', 'head': 15}, 'verb': {'upos': 'VERB', 'text': 'लिया', 'id': 15, 'deprel': 'root', 'head': 0}}]",['SOV']
980,रीजन 2 ने 19 मई 2008 को सीज़न-2 का DVD बॉक्स सेट जारी किया था।,1,"[{'subject': {'upos': 'PROPN', 'text': '2', 'id': 2, 'deprel': 'nsubj', 'head': 14}, 'object': {'upos': 'NOUN', 'text': 'सेट', 'id': 12, 'deprel': 'obj', 'head': 14}, 'verb': {'upos': 'VERB', 'text': 'किया', 'id': 14, 'deprel': 'root', 'head': 0}}]",['SOV']
999,"बोइंग 737 एवं एयरबस ए 310, ए 320 ने सोविएट विमान का स्थान लिया।",1,"[{'subject': {'upos': 'PROPN', 'text': '737', 'id': 2, 'deprel': 'nsubj', 'head': 15}, 'object': {'upos': 'NOUN', 'text': 'स्थान', 'id': 14, 'deprel': 'obj', 'head': 15}, 'verb': {'upos': 'VERB', 'text': 'लिया', 'id': 15, 'deprel': 'root', 'head': 0}}]",['SOV']
1000,एयरलाइन ने नया नाम मई 1995 में अपनाया।,1,"[{'subject': {'upos': 'NOUN', 'text': 'एयरलाइन', 'id': 1, 'deprel': 'nsubj', 'head': 8}, 'object': {'upos': 'NOUN', 'text': 'नाम', 'id': 4, 'deprel': 'obj', 'head': 8}, 'verb': {'upos': 'VERB', 'text': 'अपनाया', 'id': 8, 'deprel': 'root', 'head': 0}}]",['SOV']
1008,"तख्तापलट विफल हो गया। जोसेफ गोबेल्स ने रेडियो द्वारा घोषणा की कि हिटलर बच गया है और बाद में हिटलर ने रेडियो पर भाषण दिया, जिससे साजिशकर्ताओं को तख्तापलट विफल हो गया होने का अहसास हुआ।",1,"[{'subject': {'upos': 'PROPN', 'text': 'गोबेल्स', 'id': 2, 'deprel': 'nsubj', 'head': 7}, 'verb': {'upos': 'VERB', 'text': 'की', 'id': 7, 'deprel': 'root', 'head': 0}, 'object': {'upos': 'VERB', 'text': 'बच', 'id': 10, 'deprel': 'obj', 'head': 7}}]",['SVO']
1010,"पुरुषों की औसत आय $29,748 की तुलना में महिलाओं की औसत आय $25,734 है। इसलिए, पुरुषों ने उच्चतर औसत आय अर्जित की।",1,"[{'subject': {'upos': 'NOUN', 'text': 'पुरुषों', 'id': 3, 'deprel': 'nsubj', 'head': 9}, 'object': {'upos': 'NOUN', 'text': 'आय', 'id': 7, 'deprel': 'obj', 'head': 9}, 'verb': {'upos': 'VERB', 'text': 'की', 'id': 9, 'deprel': 'root', 'head': 0}}]",['SOV']
1017,अंग्रेजों ने पुणे की ओर सैनिकों का एक बल भेज दिया।,1,"[{'subject': {'upos': 'NOUN', 'text': 'अंग्रेजों', 'id': 1, 'deprel': 'nsubj', 'head': 10}, 'object': {'upos': 'NOUN', 'text': 'बल', 'id': 9, 'deprel': 'obj', 'head': 10}, 'verb': {'upos': 'VERB', 'text': 'भेज', 'id': 10, 'deprel': 'root', 'head': 0}}]",['SOV']
1018,"ऑस्ट्रेलियाई ओलंपिक समिति ऑस्ट्रेलिया में ओलंपिक आंदोलन को विकसित, प्रोत्साहित और सुरक्षित करने के लिए जिम्मेदार है।",1,"[{'subject': {'upos': 'PROPN', 'text': 'समिति', 'id': 3, 'deprel': 'nsubj', 'head': 18}, 'object': {'upos': 'ADJ', 'text': 'जिम्मेदार', 'id': 17, 'deprel': 'obj', 'head': 18}, 'verb': {'upos': 'VERB', 'text': 'है', 'id': 18, 'deprel': 'root', 'head': 0}}]",['SOV']
1028,आभार सुदृढ़ कृतेसामाजिक व्यवहार को सुदृढ़ कर सकता है।,1,"[{'subject': {'upos': 'NOUN', 'text': 'आभार', 'id': 1, 'deprel': 'nsubj', 'head': 7}, 'object': {'upos': 'NOUN', 'text': 'व्यवहार', 'id': 4, 'deprel': 'obj', 'head': 7}, 'verb': {'upos': 'VERB', 'text': 'कर', 'id': 7, 'deprel': 'root', 'head': 0}}]",['SOV']
1040,ऐसेनहोवर ने एयर फोर्स वन की तरह अधिकांश सुरक्षा प्रस्ताव स्थापित किए।,1,"[{'subject': {'upos': 'PROPN', 'text': 'ऐसेनहोवर', 'id': 1, 'deprel': 'nsubj', 'head': 12}, 'object': {'upos': 'NOUN', 'text': 'प्रस्ताव', 'id': 10, 'deprel': 'obj', 'head': 12}, 'verb': {'upos': 'VERB', 'text': 'किए', 'id': 12, 'deprel': 'root', 'head': 0}}]",['SOV']
1042,"राष्ट्रपति रीगन ने दो बार कार्य किया, जिसका मतलब है कि उनका कुल कार्यकाल दो चर्चात्मक अवधि का है।",1,"[{'subject': {'upos': 'PROPN', 'text': 'रीगन', 'id': 2, 'deprel': 'nsubj', 'head': 7}, 'object': {'upos': 'NOUN', 'text': 'कार्य', 'id': 6, 'deprel': 'obj', 'head': 7}, 'verb': {'upos': 'VERB', 'text': 'किया', 'id': 7, 'deprel': 'root', 'head': 0}}]",['SOV']
1049,अहमद तृतीय उस्मानी साम्राज्य के सुल्तान महमद चतुर्थ के बाद अगला सुल्तान बना।,1,"[{'subject': {'upos': 'PROPN', 'text': 'अहमद', 'id': 1, 'deprel': 'nsubj', 'head': 13}, 'object': {'upos': 'NOUN', 'text': 'सुल्तान', 'id': 12, 'deprel': 'obj', 'head': 13}, 'verb': {'upos': 'VERB', 'text': 'बना।', 'id': 13, 'deprel': 'root', 'head': 0}}]",['SOV']
1052,भारतीय वायु सेना भारतीय सेना के सैनिकों को हवाई समर्थन तथा सामरिक और रणनीतिक एयरलिफ्ट करने की क्षमता प्रदान करता है।,1,"[{'subject': {'upos': 'PROPN', 'text': 'सेना', 'id': 3, 'deprel': 'nsubj', 'head': 20}, 'object': {'upos': 'NOUN', 'text': 'क्षमता', 'id': 18, 'deprel': 'obj', 'head': 20}, 'verb': {'upos': 'VERB', 'text': 'करता', 'id': 20, 'deprel': 'root', 'head': 0}}]",['SOV']
1058,1984 में भारत ने ऑपरेशन मेघदूत लॉन्च किया गया था।,1,"[{'subject': {'upos': 'PROPN', 'text': 'भारत', 'id': 3, 'deprel': 'nsubj:pass', 'head': 8}, 'object': {'upos': 'NOUN', 'text': 'ऑपरेशन', 'id': 5, 'deprel': 'obj', 'head': 8}, 'verb': {'upos': 'VERB', 'text': 'किया', 'id': 8, 'deprel': 'root', 'head': 0}}]",['SOV']
1066,"1992 में यूक्रेन स्वतंत्र होने के बाद, यूनाइटेड टीम का हिस्सा यूक्रेन के एथलीटों ने भाग लिया।",1,"[{'object': {'upos': 'NOUN', 'text': 'हिस्सा', 'id': 12, 'deprel': 'obj', 'head': 18}, 'subject': {'upos': 'NOUN', 'text': 'एथलीटों', 'id': 15, 'deprel': 'nsubj', 'head': 18}, 'verb': {'upos': 'VERB', 'text': 'लिया', 'id': 18, 'deprel': 'root', 'head': 0}}]",['OSV']
1093,"सूत्र ""cos x + i sin x"" को त्रिकोणमिति और कालनिक गणित के दो चीजें आपस में जोड़ता है।",1,"[{'subject': {'upos': 'NOUN', 'text': 'सूत्र', 'id': 1, 'deprel': 'nsubj', 'head': 20}, 'object': {'upos': 'NOUN', 'text': 'चीजें', 'id': 17, 'deprel': 'obj', 'head': 20}, 'verb': {'upos': 'VERB', 'text': 'जोड़ता', 'id': 20, 'deprel': 'root', 'head': 0}}]",['SOV']
1113,मारिको याशिदा जापानी कंपनी जापान यांत्रिक इंडस्ट्रीज (याशिदा इंडस्ट्रीज) के सीईओ बनकर काम कर रही है।,1,"[{'subject': {'upos': 'PROPN', 'text': 'याशिदा', 'id': 2, 'deprel': 'nsubj', 'head': 16}, 'object': {'upos': 'NOUN', 'text': 'काम', 'id': 15, 'deprel': 'obj', 'head': 16}, 'verb': {'upos': 'VERB', 'text': 'कर', 'id': 16, 'deprel': 'root', 'head': 0}}]",['SOV']
1120,पी॰ऍस॰आर॰ बी१२५७+१२ को आलॅक्सान्डॅर वॉल्ष्षान (Aleksander Wolszczan) नामक पोलिश खगोलशास्त्री ने १९९० में आरेसीबो रेडियो दूरबीन से ढूँढा था।,1,"[{'object': {'upos': 'PROPN', 'text': 'बी१२५७+१२', 'id': 2, 'deprel': 'obj', 'head': 20}, 'subject': {'upos': 'NOUN', 'text': 'खगोलशास्त्री', 'id': 12, 'deprel': 'nsubj', 'head': 20}, 'verb': {'upos': 'VERB', 'text': 'ढूँढा', 'id': 20, 'deprel': 'root', 'head': 0}}]",['OSV']
1124,हंगरी ने बुडापेस्ट में इंग्लैंड को 7-1 से हराया।,1,"[{'subject': {'upos': 'PROPN', 'text': 'हंगरी', 'id': 1, 'deprel': 'nsubj', 'head': 9}, 'object': {'upos': 'PROPN', 'text': 'इंग्लैंड', 'id': 5, 'deprel': 'obj', 'head': 9}, 'verb': {'upos': 'VERB', 'text': 'हराया', 'id': 9, 'deprel': 'root', 'head': 0}}]",['SOV']
1128,किलियन मर्फ़ी ने थियेटर में जाने से पहले रॉक संगीतकार के रूप में अपना काम शुरू किया था।,1,"[{'subject': {'upos': 'PROPN', 'text': 'मर्फ़ी', 'id': 2, 'deprel': 'nsubj', 'head': 17}, 'object': {'upos': 'NOUN', 'text': 'काम', 'id': 15, 'deprel': 'obj', 'head': 17}, 'verb': {'upos': 'VERB', 'text': 'किया', 'id': 17, 'deprel': 'root', 'head': 0}}]",['SOV']
1129,विलय ने यूनिसिस को बुरोफ्स के साथ 4.8 बिलियन डॉलर में खरीदा।,1,"[{'subject': {'upos': 'PROPN', 'text': 'विलय', 'id': 1, 'deprel': 'nsubj', 'head': 12}, 'object': {'upos': 'PROPN', 'text': 'यूनिसिस', 'id': 3, 'deprel': 'obj', 'head': 12}, 'verb': {'upos': 'VERB', 'text': 'खरीदा।', 'id': 12, 'deprel': 'root', 'head': 0}}]",['SOV']
1142,"शेरिनियन ने ""आई डोन्ट लाइक यू"" गीत प्रस्तुत किया।",1,"[{'subject': {'upos': 'PROPN', 'text': 'शेरिनियन', 'id': 1, 'deprel': 'nsubj', 'head': 11}, 'object': {'upos': 'NOUN', 'text': 'गीत', 'id': 9, 'deprel': 'obj', 'head': 11}, 'verb': {'upos': 'VERB', 'text': 'किया', 'id': 11, 'deprel': 'root', 'head': 0}}]",['SOV']
1146,ब्राउनिंग ने ग्रीक का अध्ययन शुरू किया जब वह 14 साल के थे।,1,"[{'subject': {'upos': 'PROPN', 'text': 'ब्राउनिंग', 'id': 1, 'deprel': 'nsubj', 'head': 7}, 'object': {'upos': 'NOUN', 'text': 'अध्ययन', 'id': 5, 'deprel': 'obj', 'head': 7}, 'verb': {'upos': 'VERB', 'text': 'किया', 'id': 7, 'deprel': 'root', 'head': 0}}]",['SOV']
1152,"जर्मन बैंकों ने संकटपूर्ण आर्थिक घटना को ""स्वर्ण काल"" की ओर वापसी के रूप में वर्गीकृत किया।",1,"[{'subject': {'upos': 'NOUN', 'text': 'बैंकों', 'id': 2, 'deprel': 'nsubj', 'head': 19}, 'object': {'upos': 'NOUN', 'text': 'घटना', 'id': 6, 'deprel': 'obj', 'head': 19}, 'verb': {'upos': 'VERB', 'text': 'किया', 'id': 19, 'deprel': 'root', 'head': 0}}]",['SOV']
1157,"धन प्रबंधन का उद्देश्य धन को सुरक्षित रखना, इसका वृद्धि करना और इसका सही तरीके से व्यवहार करना है।",1,"[{'subject': {'upos': 'NOUN', 'text': 'उद्देश्य', 'id': 4, 'deprel': 'nsubj', 'head': 8}, 'object': {'upos': 'NOUN', 'text': 'धन', 'id': 5, 'deprel': 'obj', 'head': 8}, 'verb': {'upos': 'VERB', 'text': 'रखना', 'id': 8, 'deprel': 'root', 'head': 0}}]",['SOV']
1159,म्यूनिक मुख्य स्टेशन को खाली किया गया और म्यूनिक आने जाने वाली ट्रेनों को रद्द कर दिया गया था। क्षेत्रीय और अंतर-नगरीय ट्रेनों ने गोलियों की अदला-बदली क्षेत्र को जाने वाली तथा वहाँ से आने वाली सेवाओं को रद्द कर दिया।,1,"[{'subject': {'upos': 'NOUN', 'text': 'ट्रेनों', 'id': 4, 'deprel': 'nsubj', 'head': 21}, 'object': {'upos': 'VERB', 'text': 'जाने', 'id': 11, 'deprel': 'obj', 'head': 21}, 'verb': {'upos': 'VERB', 'text': 'कर', 'id': 21, 'deprel': 'root', 'head': 0}}]",['SOV']
1171,"पूर्ण-जानकारी वाले खेल में, सभी खिलाड़ी अन्य खिलाड़ियों द्वारा पहले चली गई चालों के बारे में जानते हैं। यह विशेषता आनुक्रमिक खेलों को विशेष रूप से वर्णित करती है।",1,"[{'subject': {'upos': 'NOUN', 'text': 'विशेषता', 'id': 2, 'deprel': 'nsubj', 'head': 10}, 'object': {'upos': 'NOUN', 'text': 'खेलों', 'id': 4, 'deprel': 'obj', 'head': 10}, 'verb': {'upos': 'VERB', 'text': 'करती', 'id': 10, 'deprel': 'root', 'head': 0}}]",['SOV']
1174,रीनहार्ड सेल्टन ने उपखेल पूर्ण संतुलनों की अपनी समाधान अवधारणा प्रस्तुत करके नैश संतुलन को परिष्कृत करने में मदद की थी।,1,"[{'subject': {'upos': 'PROPN', 'text': 'सेल्टन', 'id': 2, 'deprel': 'nsubj', 'head': 20}, 'object': {'upos': 'NOUN', 'text': 'उपखेल', 'id': 4, 'deprel': 'obj', 'head': 20}, 'verb': {'upos': 'VERB', 'text': 'की', 'id': 20, 'deprel': 'root', 'head': 0}}]",['SOV']
1181,डिस्कवरी चैनल ने ग्रिल्स के साथ अनुबंध विवाद के कारण अपने अनुबंध को समाप्त कर दिया।,1,"[{'subject': {'upos': 'NOUN', 'text': 'चैनल', 'id': 2, 'deprel': 'nsubj', 'head': 15}, 'object': {'upos': 'NOUN', 'text': 'अनुबंध', 'id': 12, 'deprel': 'obj', 'head': 15}, 'verb': {'upos': 'VERB', 'text': 'कर', 'id': 15, 'deprel': 'root', 'head': 0}}]",['SOV']
1185,"रेक्स मेक्सन द्वारा 15 मार्च 1931 को रविवार का पूरा पृष्ठ शुरू किया गया। इसके बाद कई कलाकारों ने टार्ज़न को कॉमिक्स में चित्रित किया, लेकिन टार्ज़न ऑफ़ द एप्स की पूरी संडे स्ट्रिप की शुरुआत कब हुई यहाँ विवरण नहीं है।",1,"[{'subject': {'upos': 'NOUN', 'text': 'कलाकारों', 'id': 4, 'deprel': 'nsubj', 'head': 11}, 'object': {'upos': 'NOUN', 'text': 'टार्ज़न', 'id': 6, 'deprel': 'obj', 'head': 11}, 'verb': {'upos': 'VERB', 'text': 'किया', 'id': 11, 'deprel': 'root', 'head': 0}}]",['SOV']
1189,"1899 में, बासीगुलपो ने खरीदी जमीन कान मुनतानर दे दे दालत को चुनी।",1,"[{'subject': {'upos': 'PROPN', 'text': 'बासीगुलपो', 'id': 4, 'deprel': 'nsubj', 'head': 14}, 'object': {'upos': 'NOUN', 'text': 'दालत', 'id': 12, 'deprel': 'obj', 'head': 14}, 'verb': {'upos': 'VERB', 'text': 'चुनी।', 'id': 14, 'deprel': 'root', 'head': 0}}]",['SOV']
1194,"जायकों में ग्रीन एप्पल, ऑरेंज, क्रेनबेरी, रास्पबेरी, साइट्रस (नींबू), वनीला, स्ट्राबेरी, काले चेरी, तरबूज, लाइम, ब्लूबेरी, सफेद अंगूर, तरबूज (हनीड्यू/कैंटालोप), अनार, पैसनफ्रूट, नाशपाती और हाल ही में अनारस शामिल हैं।",1,"[{'subject': {'upos': 'NOUN', 'text': 'एप्पल', 'id': 4, 'deprel': 'nsubj', 'head': 49}, 'object': {'upos': 'ADJ', 'text': 'शामिल', 'id': 48, 'deprel': 'obj', 'head': 49}, 'verb': {'upos': 'VERB', 'text': 'हैं', 'id': 49, 'deprel': 'root', 'head': 0}}]",['SOV']
1199,दिए गए पाठ से संदर्भित संस्थापकों द्वारा सुझाव दिया गया था दशमलव पर आधारित मुद्रा बहाल करना।,1,"[{'subject': {'upos': 'NOUN', 'text': 'संस्थापकों', 'id': 6, 'deprel': 'nsubj:pass', 'head': 9}, 'verb': {'upos': 'VERB', 'text': 'दिया', 'id': 9, 'deprel': 'root', 'head': 0}, 'object': {'upos': 'VERB', 'text': 'करना', 'id': 17, 'deprel': 'obj', 'head': 9}}]",['SVO']
1200,"थॉमस जॅफ़रसन, बेंजामिन फ्रैंकलिन, ऐलॅक्सैन्डर हैमिलटन और डेविड रिटनहाउस ने संयुक्त राज्य के कांग्रेस को सुझाव दिया कि दशमलव के आधार पर सिक्के जारी किए जाएं।",1,"[{'subject': {'upos': 'PROPN', 'text': 'जॅफ़रसन', 'id': 2, 'deprel': 'nsubj', 'head': 19}, 'verb': {'upos': 'VERB', 'text': 'दिया', 'id': 19, 'deprel': 'root', 'head': 0}, 'object': {'upos': 'VERB', 'text': 'किए', 'id': 27, 'deprel': 'obj', 'head': 19}}]",['SVO']
1211,न्याबर्ग ने आईएसएस एक्सपीडिशन-36 और एक्सपीडिशन-37 पर फ्लाइट इंजिनियर के रूप में काम किया।,1,"[{'subject': {'upos': 'PROPN', 'text': 'न्याबर्ग', 'id': 1, 'deprel': 'nsubj', 'head': 14}, 'object': {'upos': 'NOUN', 'text': 'काम', 'id': 13, 'deprel': 'obj', 'head': 14}, 'verb': {'upos': 'VERB', 'text': 'किया', 'id': 14, 'deprel': 'root', 'head': 0}}]",['SOV']
1213,"कोई यह प्रक्रिया करने के कारण अक्सर धार्मिक, सामाजिक या सांस्कृतिक कारणों से निर्णय लेते हैं।",1,"[{'subject': {'upos': 'PRON', 'text': 'कोई', 'id': 1, 'deprel': 'nsubj', 'head': 16}, 'object': {'upos': 'NOUN', 'text': 'निर्णय', 'id': 15, 'deprel': 'obj', 'head': 16}, 'verb': {'upos': 'VERB', 'text': 'लेते', 'id': 16, 'deprel': 'root', 'head': 0}}]",['SOV']
1223,बोइंग 707 और डगलस डीसी-8 ने लंबी दूरी की यात्रा को बदल दिया है।,1,"[{'subject': {'upos': 'PROPN', 'text': '707', 'id': 2, 'deprel': 'nsubj', 'head': 12}, 'object': {'upos': 'NOUN', 'text': 'यात्रा', 'id': 10, 'deprel': 'obj', 'head': 12}, 'verb': {'upos': 'VERB', 'text': 'बदल', 'id': 12, 'deprel': 'root', 'head': 0}}]",['SOV']
1231,अमेरिकन एयरलाइंस ने अपने 747 की कोच सीटों को पियानो बार से प्रतिस्थापित कर दिया।,1,"[{'subject': {'upos': 'PROPN', 'text': 'एयरलाइंस', 'id': 2, 'deprel': 'nsubj', 'head': 14}, 'object': {'upos': 'NOUN', 'text': 'सीटों', 'id': 8, 'deprel': 'obj', 'head': 14}, 'verb': {'upos': 'VERB', 'text': 'कर', 'id': 14, 'deprel': 'root', 'head': 0}}]",['SOV']
1249,"एस्टन विला फुटबॉल क्लब ने अपना पहला आधिकारिक मैच एस्टन नाले सेंट मेरी रग्बी टीम के खिलाफ खेला था, जिसमें नियम रग्बी और फुटबॉल का मिश्रण था।",1,"[{'subject': {'upos': 'PROPN', 'text': 'क्लब', 'id': 4, 'deprel': 'nsubj', 'head': 18}, 'object': {'upos': 'NOUN', 'text': 'मैच', 'id': 9, 'deprel': 'obj', 'head': 18}, 'verb': {'upos': 'VERB', 'text': 'खेला', 'id': 18, 'deprel': 'root', 'head': 0}}]",['SOV']
1250,सॉन्डर्सने टीम को एकजुट रखा जो 1980-81 में एक सातवें शीर्ष लीग खिताब जीतने में सफल हुई।,1,"[{'subject': {'upos': 'PROPN', 'text': 'सॉन्डर्सने', 'id': 1, 'deprel': 'nsubj', 'head': 5}, 'object': {'upos': 'NOUN', 'text': 'टीम', 'id': 2, 'deprel': 'obj', 'head': 5}, 'verb': {'upos': 'VERB', 'text': 'रखा', 'id': 5, 'deprel': 'root', 'head': 0}}]",['SOV']
1254,रईस कार-कलेक्टर और कार्ली का बाॅस पैट्रिक डेम्पसे गुप्त रूप से डिसेप्टिकाॅन्स के पक्ष में काम कर रहा है।,1,"[{'subject': {'upos': 'PROPN', 'text': 'डेम्पसे', 'id': 8, 'deprel': 'nsubj', 'head': 17}, 'object': {'upos': 'NOUN', 'text': 'काम', 'id': 16, 'deprel': 'obj', 'head': 17}, 'verb': {'upos': 'VERB', 'text': 'कर', 'id': 17, 'deprel': 'root', 'head': 0}}]",['SOV']
1256,साउंडवेव संपर्काधिकारी डिसेप्टिकाॅन्स के लिए कार्य करता है।,1,"[{'subject': {'upos': 'NOUN', 'text': 'संपर्काधिकारी', 'id': 2, 'deprel': 'nsubj', 'head': 7}, 'object': {'upos': 'NOUN', 'text': 'कार्य', 'id': 6, 'deprel': 'obj', 'head': 7}, 'verb': {'upos': 'VERB', 'text': 'करता', 'id': 7, 'deprel': 'root', 'head': 0}}]",['SOV']
1259,फिस्क ने १९७६ वर्ष से बेरूत में रहना शुरू किया था।,1,"[{'subject': {'upos': 'PROPN', 'text': 'फिस्क', 'id': 1, 'deprel': 'nsubj', 'head': 10}, 'object': {'upos': 'VERB', 'text': 'रहना', 'id': 8, 'deprel': 'obj', 'head': 10}, 'verb': {'upos': 'VERB', 'text': 'किया', 'id': 10, 'deprel': 'root', 'head': 0}}]",['SOV']
1264,"एक स्टेप आउटलाइन तैयार करता हैं, जो पूरी कहानी को एक-अनुच्छेद के दृश्यों में विभाजित कर देता है जिसका पूरा ध्यान नाटकीय संरचना पर होता है।",1,"[{'subject': {'upos': 'PRON', 'text': 'जो', 'id': 8, 'deprel': 'nsubj', 'head': 17}, 'object': {'upos': 'NOUN', 'text': 'कहानी', 'id': 10, 'deprel': 'obj', 'head': 17}, 'verb': {'upos': 'VERB', 'text': 'कर', 'id': 17, 'deprel': 'acl:relcl', 'head': 3}}]",['SOV']
1269,"महाश्वेता देवी ने अपने को एक पत्रकारी, लेखिका, साहित्यकारी और आंदोलनधर्मी के रूप में विकसित किया।",1,"[{'subject': {'upos': 'PROPN', 'text': 'देवी', 'id': 2, 'deprel': 'nsubj', 'head': 18}, 'object': {'upos': 'PRON', 'text': 'अपने', 'id': 4, 'deprel': 'obj', 'head': 18}, 'verb': {'upos': 'VERB', 'text': 'किया', 'id': 18, 'deprel': 'root', 'head': 0}}]",['SOV']
1270,अमेरिकी शीट संगीत प्रकाशन उद्योग ने रैगटाइम संगीत तैयार किया।,1,"[{'subject': {'upos': 'PROPN', 'text': 'उद्योग', 'id': 5, 'deprel': 'nsubj', 'head': 10}, 'object': {'upos': 'NOUN', 'text': 'संगीत', 'id': 8, 'deprel': 'obj', 'head': 10}, 'verb': {'upos': 'VERB', 'text': 'किया', 'id': 10, 'deprel': 'root', 'head': 0}}]",['SOV']
1280,शीतकालीन ओलंपिक खेलों में फ्रांस ने अधिकतर पदक जीते हैं।,1,"[{'subject': {'upos': 'PROPN', 'text': 'फ्रांस', 'id': 5, 'deprel': 'nsubj', 'head': 9}, 'object': {'upos': 'NOUN', 'text': 'पदक', 'id': 8, 'deprel': 'obj', 'head': 9}, 'verb': {'upos': 'VERB', 'text': 'जीते', 'id': 9, 'deprel': 'root', 'head': 0}}]",['SOV']
1297,उसने टेस्ट क्रिकेट में 362 विकेट लिए।,1,"[{'subject': {'upos': 'PRON', 'text': 'उसने', 'id': 1, 'deprel': 'nsubj', 'head': 7}, 'object': {'upos': 'NOUN', 'text': 'विकेट', 'id': 6, 'deprel': 'obj', 'head': 7}, 'verb': {'upos': 'VERB', 'text': 'लिए', 'id': 7, 'deprel': 'root', 'head': 0}}]",['SOV']
1298,"खान ने 48 टेस्ट मैच खेले, जिसमें से 14 पाकिस्तान ने जीते, 8 में हार गए और बाकी 26 बिना हार-जीत के समाप्त हो गए। उन्होंने भी 139 एक-दिवसीय मैच खेले, जिनमें से 77 में जीत, 57 में हार हासिल हुई और एक बराबर का खेल रहा।",1,"[{'subject': {'upos': 'PRON', 'text': 'उन्होंने', 'id': 1, 'deprel': 'nsubj', 'head': 6}, 'object': {'upos': 'NOUN', 'text': 'मैच', 'id': 5, 'deprel': 'obj', 'head': 6}, 'verb': {'upos': 'VERB', 'text': 'खेले', 'id': 6, 'deprel': 'root', 'head': 0}}]",['SOV']
1299,इंग्लैंड के खिलाफ खान ने अपनी गेंदबाजी और बल्लेबाजी औसत दोनों में शीर्ष स्थान हासिल किया।,1,"[{'subject': {'upos': 'PROPN', 'text': 'खान', 'id': 4, 'deprel': 'nsubj', 'head': 16}, 'object': {'upos': 'NOUN', 'text': 'स्थान', 'id': 14, 'deprel': 'obj', 'head': 16}, 'verb': {'upos': 'VERB', 'text': 'किया', 'id': 16, 'deprel': 'root', 'head': 0}}]",['SOV']
1300,भारतीय टीम ने उनके खिलाफ 40 विकेट लिए।,1,"[{'subject': {'upos': 'NOUN', 'text': 'टीम', 'id': 2, 'deprel': 'nsubj', 'head': 8}, 'object': {'upos': 'NOUN', 'text': 'विकेट', 'id': 7, 'deprel': 'obj', 'head': 8}, 'verb': {'upos': 'VERB', 'text': 'लिए', 'id': 8, 'deprel': 'root', 'head': 0}}]",['SOV']
1301,खान ने कुल 88 विकेट ली।,1,"[{'subject': {'upos': 'PROPN', 'text': 'खान', 'id': 1, 'deprel': 'nsubj', 'head': 6}, 'object': {'upos': 'NOUN', 'text': 'विकेट', 'id': 5, 'deprel': 'obj', 'head': 6}, 'verb': {'upos': 'VERB', 'text': 'ली', 'id': 6, 'deprel': 'root', 'head': 0}}]",['SOV']
1304,खान ने 1981 में ससेक्स के खिलाफ हैम्पशायर के खिलाफ टेस्ट मैच के दौरान गेंद-छेड़छाड़ की शर्मनाक आदत स्वीकार की।,1,"[{'subject': {'upos': 'PROPN', 'text': 'खान', 'id': 1, 'deprel': 'nsubj', 'head': 20}, 'object': {'upos': 'NOUN', 'text': 'आदत', 'id': 18, 'deprel': 'obj', 'head': 20}, 'verb': {'upos': 'VERB', 'text': 'की', 'id': 20, 'deprel': 'root', 'head': 0}}]",['SOV']
1307,"मेनका गांधी ने अपनी शिक्षा लारेंस स्कूल, सनवर तथा तदोपरान्त लेडी श्रीराम कालेज, नयी दिल्ली से प्राप्त की।",1,"[{'subject': {'upos': 'PROPN', 'text': 'गांधी', 'id': 2, 'deprel': 'nsubj', 'head': 20}, 'object': {'upos': 'PROPN', 'text': 'स्कूल', 'id': 7, 'deprel': 'obj', 'head': 20}, 'verb': {'upos': 'VERB', 'text': 'की', 'id': 20, 'deprel': 'root', 'head': 0}}]",['SOV']
1313,ली ने दिसंबर 1960 में अपनी हाई स्कूल की शिक्षा पूरी की।,1,"[{'subject': {'upos': 'PROPN', 'text': 'ली', 'id': 1, 'deprel': 'nsubj', 'head': 12}, 'object': {'upos': 'NOUN', 'text': 'शिक्षा', 'id': 10, 'deprel': 'obj', 'head': 12}, 'verb': {'upos': 'VERB', 'text': 'की', 'id': 12, 'deprel': 'root', 'head': 0}}]",['SOV']
1316,"GM, फोर्ड (Ford), क्रिसलर (Chrysler) ने QS 9000 व्याख्या पर सहमति व्यक्त की।",1,"[{'subject': {'upos': 'PROPN', 'text': 'GM', 'id': 1, 'deprel': 'nsubj', 'head': 19}, 'object': {'upos': 'NOUN', 'text': 'सहमति', 'id': 17, 'deprel': 'obj', 'head': 19}, 'verb': {'upos': 'VERB', 'text': 'की', 'id': 19, 'deprel': 'root', 'head': 0}}]",['SOV']
1320,अवेंजर्स: इन्फिनिटी वॉर मार्वेल सिनेमाटिक यूनिवर्स की 19वीं फिल्म की कड़ी का काम करती है।,1,"[{'subject': {'upos': 'PROPN', 'text': 'वॉर', 'id': 4, 'deprel': 'nsubj', 'head': 15}, 'object': {'upos': 'NOUN', 'text': 'काम', 'id': 14, 'deprel': 'obj', 'head': 15}, 'verb': {'upos': 'VERB', 'text': 'करती', 'id': 15, 'deprel': 'root', 'head': 0}}]",['SOV']
1326,NGO का उद्देश्य लोगों को NGO के अंदर सक्रिय रूप से शामिल करने और NGO तथा सार्वजनिक व निजी क्षेत्र दोनों के बीच अधिक सहजीवन को प्रोत्साहित करना है।,1,"[{'subject': {'upos': 'NOUN', 'text': 'उद्देश्य', 'id': 3, 'deprel': 'nsubj', 'head': 28}, 'object': {'upos': 'NOUN', 'text': 'सहजीवन', 'id': 25, 'deprel': 'obj', 'head': 28}, 'verb': {'upos': 'VERB', 'text': 'करना', 'id': 28, 'deprel': 'root', 'head': 0}}]",['SOV']
1329,विश्व एनजीओ दिवस का उद्देश्य लोगों को एनजीओ के अंदर सक्रिय रूप से शामिल होने और एनजीओ तथा सार्वजनिक व निजी क्षेत्र दोनों के बीच अधिक सहजीवन को प्रोत्साहित करना है।,1,"[{'subject': {'upos': 'NOUN', 'text': 'उद्देश्य', 'id': 5, 'deprel': 'nsubj', 'head': 30}, 'object': {'upos': 'NOUN', 'text': 'सहजीवन', 'id': 27, 'deprel': 'obj', 'head': 30}, 'verb': {'upos': 'VERB', 'text': 'करना', 'id': 30, 'deprel': 'root', 'head': 0}}]",['SOV']
1346,तीन साल की उम्र से सभी बच्चे अनिवार्य स्कूल शुरू कर दें।,1,"[{'subject': {'upos': 'NOUN', 'text': 'बच्चे', 'id': 7, 'deprel': 'nsubj', 'head': 11}, 'object': {'upos': 'NOUN', 'text': 'स्कूल', 'id': 9, 'deprel': 'obj', 'head': 11}, 'verb': {'upos': 'VERB', 'text': 'कर', 'id': 11, 'deprel': 'root', 'head': 0}}]",['SOV']
1347,मधुरस निर्देश (पराग गुइड्स) ये गुण मधुमक्खियों को फूलों की स्थिति और मधु की स्थिति को पांचने में मदद करते हैं।,1,"[{'subject': {'upos': 'NOUN', 'text': 'गुण', 'id': 8, 'deprel': 'nsubj', 'head': 22}, 'object': {'upos': 'NOUN', 'text': 'मधुमक्खियों', 'id': 9, 'deprel': 'obj', 'head': 22}, 'verb': {'upos': 'VERB', 'text': 'करते', 'id': 22, 'deprel': 'root', 'head': 0}}]",['SOV']
1350,"जानवरों को फूलों का मधुरसीय अंग, रंग, गंध और कुछ मांसपक्षीय फूलों की गंध आकर्षित करता है।",1,"[{'subject': {'upos': 'NOUN', 'text': 'जानवरों', 'id': 1, 'deprel': 'nsubj', 'head': 18}, 'object': {'upos': 'NOUN', 'text': 'गंध', 'id': 16, 'deprel': 'obj', 'head': 18}, 'verb': {'upos': 'VERB', 'text': 'करता', 'id': 18, 'deprel': 'root', 'head': 0}}]",['SOV']
1352,"मरने वाले किसी प्रजाति के सभी सदस्यों का परिणाम घनिष्ट सम्बन्ध विलोपन के रूप में जटिल हो सकता है, क्योंकि यह लगभग दुसरे सदस्य का भी विलोपन दर्शाता है।",1,"[{'subject': {'upos': 'PRON', 'text': 'यह', 'id': 22, 'deprel': 'nsubj', 'head': 29}, 'object': {'upos': 'NOUN', 'text': 'विलोपन', 'id': 28, 'deprel': 'obj', 'head': 29}, 'verb': {'upos': 'VERB', 'text': 'दर्शाता', 'id': 29, 'deprel': 'advcl', 'head': 17}}]",['SOV']
1358,"लोग फूलों के आसपास रहना चाहते हैं, आंशिक रूप से इसलिए कि वे मनचाहे दिखाई देते हैं और फूलों की गंध भी मनचाही होती है।",1,"[{'subject': {'upos': 'NOUN', 'text': 'लोग', 'id': 1, 'deprel': 'nsubj', 'head': 6}, 'object': {'upos': 'VERB', 'text': 'रहना', 'id': 5, 'deprel': 'obj', 'head': 6}, 'verb': {'upos': 'VERB', 'text': 'चाहते', 'id': 6, 'deprel': 'root', 'head': 0}}]",['SOV']
1361,चालक दल को चेतावनी देने के लिए नीरजा ने सबसे वरिष्ठ विमानकर्मी के रूप में यात्रियों की जिम्मेवारी रखी थी।,1,"[{'subject': {'upos': 'PROPN', 'text': 'नीरजा', 'id': 8, 'deprel': 'nsubj', 'head': 19}, 'object': {'upos': 'NOUN', 'text': 'जिम्मेवारी', 'id': 18, 'deprel': 'obj', 'head': 19}, 'verb': {'upos': 'VERB', 'text': 'रखी', 'id': 19, 'deprel': 'root', 'head': 0}}]",['SOV']
1365,जेम्स-लैंग सिद्धांत के नाम सिद्धांत के प्रस्तावकों विलियम जेम्स और कार्ल लैंग के नाम पर रखा गया है। यह सिद्धांत दोनों के कार्यों का योगदान लेता है।,1,"[{'subject': {'upos': 'NOUN', 'text': 'सिद्धांत', 'id': 2, 'deprel': 'nsubj', 'head': 8}, 'object': {'upos': 'NOUN', 'text': 'योगदान', 'id': 7, 'deprel': 'obj', 'head': 8}, 'verb': {'upos': 'VERB', 'text': 'लेता', 'id': 8, 'deprel': 'root', 'head': 0}}]",['SOV']
1367,"हेगेल अपने दर्शनशास्त्र में विशेष रूप से आत्मा की अवधारणा के माध्यम से मनोविज्ञान और इतिहास को एकीकृत करता है। उनका दर्शन वैचारिक रूप से मनोविज्ञान, राज्य, इतिहास, कला, धर्म और दर्शन को एकीकृत करता है।",1,"[{'subject': {'upos': 'NOUN', 'text': 'दर्शन', 'id': 2, 'deprel': 'nsubj', 'head': 19}, 'object': {'upos': 'NOUN', 'text': 'मनोविज्ञान', 'id': 6, 'deprel': 'obj', 'head': 19}, 'verb': {'upos': 'VERB', 'text': 'करता', 'id': 19, 'deprel': 'root', 'head': 0}}]",['SOV']
1372,पूर्ण आत्म-जागरूकता के लिए भगवान की इच्छा का परिणाम ब्रह्मांड के विकास ने विकसित किया गया है।,1,"[{'object': {'upos': 'NOUN', 'text': 'परिणाम', 'id': 9, 'deprel': 'obj', 'head': 15}, 'subject': {'upos': 'NOUN', 'text': 'विकास', 'id': 12, 'deprel': 'nsubj:pass', 'head': 15}, 'verb': {'upos': 'VERB', 'text': 'किया', 'id': 15, 'deprel': 'root', 'head': 0}}]",['OSV']
1374,"अली मुगलयत सयाह ने अचेह के सल्तनत की स्थापना की और उन्होंने अभियान को 1520 में उत्तरी सुमात्रा पर अपना नियंत्रण बढ़ाने के लिए शुरू किया। इसलिए, अली ने उत्तरी सुमात्रा को 1520 में नियंत्रित किया।",1,"[{'subject': {'upos': 'PROPN', 'text': 'अली', 'id': 3, 'deprel': 'nsubj', 'head': 11}, 'object': {'upos': 'PROPN', 'text': 'सुमात्रा', 'id': 6, 'deprel': 'obj', 'head': 11}, 'verb': {'upos': 'VERB', 'text': 'किया', 'id': 11, 'deprel': 'root', 'head': 0}}]",['SOV']
1398,"बवासीर के सटीक कारण अज्ञात हैं, लेकिन ज्यादातर लोग गुदा-मलाशय क्षेत्र के आसपास होने वाले लक्षण को गलत रूप से ""बवासीर"" कह देते हैं।",1,"[{'subject': {'upos': 'NOUN', 'text': 'लोग', 'id': 10, 'deprel': 'nsubj', 'head': 25}, 'object': {'upos': 'NOUN', 'text': 'लक्षण', 'id': 17, 'deprel': 'obj', 'head': 25}, 'verb': {'upos': 'VERB', 'text': 'कह', 'id': 25, 'deprel': 'conj', 'head': 5}}]",['SOV']
1406,अधिक वज़न वाले लोगों को बवासीर से बचना चाहिए।,1,"[{'subject': {'upos': 'NOUN', 'text': 'लोगों', 'id': 4, 'deprel': 'nsubj', 'head': 8}, 'object': {'upos': 'NOUN', 'text': 'बवासीर', 'id': 6, 'deprel': 'obj', 'head': 8}, 'verb': {'upos': 'VERB', 'text': 'बचना', 'id': 8, 'deprel': 'root', 'head': 0}}]",['SOV']
1442,ऑक्सीकरण के पहले भाग कार्बनिक अमोनिया को नाइट्राइट और नाइट्रेट में बदलता है।,1,"[{'subject': {'upos': 'NOUN', 'text': 'भाग', 'id': 4, 'deprel': 'nsubj', 'head': 12}, 'object': {'upos': 'NOUN', 'text': 'अमोनिया', 'id': 6, 'deprel': 'obj', 'head': 12}, 'verb': {'upos': 'VERB', 'text': 'बदलता', 'id': 12, 'deprel': 'root', 'head': 0}}]",['SOV']
1444,"उसने सेंट जॉन्स कॉलेज, कैम्ब्रिज से 2007 में अपनी डिग्री अर्जित की।",1,"[{'subject': {'upos': 'PRON', 'text': 'उसने', 'id': 1, 'deprel': 'nsubj', 'head': 13}, 'object': {'upos': 'NOUN', 'text': 'डिग्री', 'id': 11, 'deprel': 'obj', 'head': 13}, 'verb': {'upos': 'VERB', 'text': 'की', 'id': 13, 'deprel': 'root', 'head': 0}}]",['SOV']
1448,"1990 के विश्व कप में, माराडोना ने अपेक्षाकृत खराब प्रदर्शन किया क्योंकि उन्हें एक टखने की चोट हुई थी जो उनके समग्र प्रदर्शन को प्रभावित कर दी थी।",1,"[{'subject': {'upos': 'PRON', 'text': 'जो', 'id': 21, 'deprel': 'nsubj', 'head': 27}, 'object': {'upos': 'NOUN', 'text': 'प्रदर्शन', 'id': 24, 'deprel': 'obj', 'head': 27}, 'verb': {'upos': 'VERB', 'text': 'कर', 'id': 27, 'deprel': 'acl:relcl', 'head': 18}}]",['SOV']
1453,"जनवरी 1951 में, डीन ने जेम्स व्हिटमोर की अभिनय कार्यशाला में अभिनय करना शुरू किया।",1,"[{'subject': {'upos': 'PROPN', 'text': 'डीन', 'id': 5, 'deprel': 'nsubj', 'head': 16}, 'object': {'upos': 'VERB', 'text': 'करना', 'id': 14, 'deprel': 'obj', 'head': 16}, 'verb': {'upos': 'VERB', 'text': 'किया', 'id': 16, 'deprel': 'root', 'head': 0}}]",['SOV']
1461,शराब पर निर्भरता की एक पहचान DSM-IV द्वारा शराबीपन के परिभाषा का एक दृष्टिकोण प्रस्तुत करती है।,1,"[{'subject': {'upos': 'NOUN', 'text': 'पहचान', 'id': 6, 'deprel': 'nsubj', 'head': 16}, 'object': {'upos': 'NOUN', 'text': 'दृष्टिकोण', 'id': 14, 'deprel': 'obj', 'head': 16}, 'verb': {'upos': 'VERB', 'text': 'करती', 'id': 16, 'deprel': 'root', 'head': 0}}]",['SOV']
1475,नोलेन ने मात्र सात वर्ष की उम्र में फिल्में बनाना शुरू किया।,1,"[{'subject': {'upos': 'PROPN', 'text': 'नोलेन', 'id': 1, 'deprel': 'nsubj', 'head': 12}, 'object': {'upos': 'VERB', 'text': 'बनाना', 'id': 10, 'deprel': 'obj', 'head': 12}, 'verb': {'upos': 'VERB', 'text': 'किया', 'id': 12, 'deprel': 'root', 'head': 0}}]",['SOV']
1523,दौड़ने का मुख्य उद्देश्य शरीर की फिटनेस को बढ़ाना होता है।,1,"[{'subject': {'upos': 'NOUN', 'text': 'उद्देश्य', 'id': 4, 'deprel': 'nsubj', 'head': 9}, 'object': {'upos': 'NOUN', 'text': 'फिटनेस', 'id': 7, 'deprel': 'obj', 'head': 9}, 'verb': {'upos': 'VERB', 'text': 'बढ़ाना', 'id': 9, 'deprel': 'root', 'head': 0}}]",['SOV']
1524,जॉगिंग एक दौड़ने का रूप है जिसमें व्यक्ति धीमी गति से और इत्मीनान से लगातार दौड़ता रहता है। इसका मुख्य उद्देश्य शरीर की फिटनेस को बढ़ाना है।,1,"[{'subject': {'upos': 'NOUN', 'text': 'उद्देश्य', 'id': 3, 'deprel': 'nsubj', 'head': 8}, 'object': {'upos': 'NOUN', 'text': 'फिटनेस', 'id': 6, 'deprel': 'obj', 'head': 8}, 'verb': {'upos': 'VERB', 'text': 'बढ़ाना', 'id': 8, 'deprel': 'root', 'head': 0}}]",['SOV']
1543,रोनाल्डिन्हो ने सितंबर 2005 में FIFPro विश्व खिलाड़ी का खिताब जीता।,1,"[{'subject': {'upos': 'PROPN', 'text': 'रोनाल्डिन्हो', 'id': 1, 'deprel': 'nsubj', 'head': 11}, 'object': {'upos': 'NOUN', 'text': 'खिताब', 'id': 10, 'deprel': 'obj', 'head': 11}, 'verb': {'upos': 'VERB', 'text': 'जीता', 'id': 11, 'deprel': 'root', 'head': 0}}]",['SOV']
1549,सब से अधिक दूर नदी के ऊपर मिसिसिपी नदी बंदरगाह पनमक्ष् जहाजों से निपटने में सक्षम है।,1,"[{'subject': {'upos': 'PROPN', 'text': 'मिसिसिपी', 'id': 8, 'deprel': 'nsubj', 'head': 17}, 'object': {'upos': 'ADJ', 'text': 'सक्षम', 'id': 16, 'deprel': 'obj', 'head': 17}, 'verb': {'upos': 'VERB', 'text': 'है', 'id': 17, 'deprel': 'root', 'head': 0}}]",['SOV']
1567,एचआरएस पेंशन पर अधिक ध्यान केंद्रित करता है।,1,"[{'subject': {'upos': 'PROPN', 'text': 'एचआरएस', 'id': 1, 'deprel': 'nsubj', 'head': 7}, 'object': {'upos': 'NOUN', 'text': 'ध्यान', 'id': 5, 'deprel': 'obj', 'head': 7}, 'verb': {'upos': 'VERB', 'text': 'करता', 'id': 7, 'deprel': 'root', 'head': 0}}]",['SOV']
1577,सीडब्ल्यू ने श्रृंखला को रद्द किया।,1,"[{'subject': {'upos': 'PROPN', 'text': 'सीडब्ल्यू', 'id': 1, 'deprel': 'nsubj', 'head': 6}, 'object': {'upos': 'NOUN', 'text': 'श्रृंखला', 'id': 3, 'deprel': 'obj', 'head': 6}, 'verb': {'upos': 'VERB', 'text': 'किया', 'id': 6, 'deprel': 'root', 'head': 0}}]",['SOV']
1598,"देशों को अपनी सूची तैयार करते समय आवश्यक दवाओं की मात्रा, उपयोग के तरीका, तथा वहन की गुणवत्ता के साथ उपलब्धता की जांच करनी चाहिए। इसके अलावा, दवाओं का सस्ता दर पर उपलब्ध होना भी आवश्यक है।",1,"[{'subject': {'upos': 'VERB', 'text': 'होना', 'id': 10, 'deprel': 'nsubj', 'head': 13}, 'object': {'upos': 'ADJ', 'text': 'आवश्यक', 'id': 12, 'deprel': 'obj', 'head': 13}, 'verb': {'upos': 'VERB', 'text': 'है', 'id': 13, 'deprel': 'root', 'head': 0}}]",['SOV']
1615,मिग-25 को कम ऊंचाई पर उड़ना मुश्किल है।,1,"[{'subject': {'upos': 'VERB', 'text': 'उड़ना', 'id': 6, 'deprel': 'nsubj', 'head': 8}, 'object': {'upos': 'ADJ', 'text': 'मुश्किल', 'id': 7, 'deprel': 'obj', 'head': 8}, 'verb': {'upos': 'VERB', 'text': 'है', 'id': 8, 'deprel': 'root', 'head': 0}}]",['SOV']
1619,"शाहरुख खान की उत्पादन कंपनी रेड चिलीज़ एंटरटेनमेंट ने अपनी पहली फिल्म ""मैं हूँ ना"" को 30 अप्रैल 2004 को रिलीज की।",1,"[{'subject': {'upos': 'PROPN', 'text': 'एंटरटेनमेंट', 'id': 8, 'deprel': 'nsubj', 'head': 24}, 'object': {'upos': 'PROPN', 'text': 'ना', 'id': 16, 'deprel': 'obj', 'head': 24}, 'verb': {'upos': 'VERB', 'text': 'की', 'id': 24, 'deprel': 'root', 'head': 0}}]",['SOV']
1621,"रोबोटिक अंतरिक्ष यान ने बृहस्पति का दौरा किया है, विशेष रूप से पहले पायोनियर और वॉयजर मिशन के दौरान और बाद में गैलिलियो यान ने इसका दौरा किया है।",1,"[{'subject': {'upos': 'NOUN', 'text': 'यान', 'id': 3, 'deprel': 'nsubj', 'head': 8}, 'verb': {'upos': 'VERB', 'text': 'किया', 'id': 8, 'deprel': 'root', 'head': 0}, 'object': {'upos': 'VERB', 'text': 'किया', 'id': 29, 'deprel': 'obj', 'head': 8}}]",['SVO']
1630,बृहस्पति का वातावरण तापीय विकिरण उत्पन्न करता है।,1,"[{'subject': {'upos': 'NOUN', 'text': 'वातावरण', 'id': 3, 'deprel': 'nsubj', 'head': 7}, 'object': {'upos': 'NOUN', 'text': 'विकिरण', 'id': 5, 'deprel': 'obj', 'head': 7}, 'verb': {'upos': 'VERB', 'text': 'करता', 'id': 7, 'deprel': 'root', 'head': 0}}]",['SOV']
1650,"अनुवांशिक विकार माइग्रेन का कारण आनुवंशिक प्रभाव के कारण बन सकता है। यह विकार एक ऑटोसोमल प्रमुखता के तरीके से वास्तविक हो सकता है जिसमें विशिष्ट जीन के वेरिएंट जीन कोडिंग में बदलाव के कारण होता है, जो आयन परिवहन के लिए शामिल प्रोटीन को कोड करता है।",1,"[{'subject': {'upos': 'PRON', 'text': 'जो', 'id': 27, 'deprel': 'nsubj', 'head': 36}, 'object': {'upos': 'NOUN', 'text': 'प्रोटीन', 'id': 33, 'deprel': 'obj', 'head': 36}, 'verb': {'upos': 'VERB', 'text': 'करता', 'id': 36, 'deprel': 'acl:relcl', 'head': 19}}]",['SOV']
1656,कनपटी धमनीशोथ आम तौर पर 50 से अधिक वर्ष की उम्र के लोगों को होता है।,1,"[{'subject': {'upos': 'PROPN', 'text': 'धमनीशोथ', 'id': 2, 'deprel': 'nsubj', 'head': 15}, 'object': {'upos': 'NOUN', 'text': 'लोगों', 'id': 13, 'deprel': 'obj', 'head': 15}, 'verb': {'upos': 'VERB', 'text': 'होता', 'id': 15, 'deprel': 'root', 'head': 0}}]",['SOV']
1657,अधिकतम प्रभाव के लिए आपको दवाई को दौरे की शुरुआती अवस्था में इस्तेमाल करना चाहिए।,1,"[{'subject': {'upos': 'PRON', 'text': 'आपको', 'id': 5, 'deprel': 'nsubj', 'head': 14}, 'object': {'upos': 'NOUN', 'text': 'दवाई', 'id': 6, 'deprel': 'obj', 'head': 14}, 'verb': {'upos': 'VERB', 'text': 'करना', 'id': 14, 'deprel': 'root', 'head': 0}}]",['SOV']
1658,"दवाओं के लगातार उपयोग से अति प्रयोग से सिरदर्द उत्पन्न होता है, जो सिर दर्द और अधिक गंभीर और बार-बार होने लगता है।",1,"[{'subject': {'upos': 'PRON', 'text': 'जो', 'id': 14, 'deprel': 'nsubj', 'head': 23}, 'object': {'upos': 'NOUN', 'text': 'दर्द', 'id': 16, 'deprel': 'obj', 'head': 23}, 'verb': {'upos': 'VERB', 'text': 'लगता', 'id': 23, 'deprel': 'acl:relcl', 'head': 7}}]",['SOV']
1669,ट्रेविस एक टैक्सी ड्राईवर पेशा अपनाता है।,1,"[{'subject': {'upos': 'PROPN', 'text': 'ट्रेविस', 'id': 1, 'deprel': 'nsubj', 'head': 6}, 'object': {'upos': 'NOUN', 'text': 'ड्राईवर', 'id': 4, 'deprel': 'obj', 'head': 6}, 'verb': {'upos': 'VERB', 'text': 'अपनाता', 'id': 6, 'deprel': 'root', 'head': 0}}]",['SOV']
1688,के बीच असीरिया ने मिस्र पर हमला शुरू किया और उसी समय युद्ध शुरू हुआ।,1,"[{'subject': {'upos': 'PROPN', 'text': 'असीरिया', 'id': 3, 'deprel': 'nsubj', 'head': 9}, 'object': {'upos': 'NOUN', 'text': 'हमला', 'id': 7, 'deprel': 'obj', 'head': 9}, 'verb': {'upos': 'VERB', 'text': 'किया', 'id': 9, 'deprel': 'root', 'head': 0}}]",['SOV']
1690,मिश्रवासियों ने पौधों और जानवरों को लौकिक अवस्था का एक अनिवार्य हिस्सा माना है।,1,"[{'subject': {'upos': 'NOUN', 'text': 'मिश्रवासियों', 'id': 1, 'deprel': 'nsubj', 'head': 13}, 'object': {'upos': 'NOUN', 'text': 'पौधों', 'id': 3, 'deprel': 'obj', 'head': 13}, 'verb': {'upos': 'VERB', 'text': 'माना', 'id': 13, 'deprel': 'root', 'head': 0}}]",['SOV']
1699,"मिस्र की चित्रलिपि, याजकीय और बोलचाल की लिपियों को अंततः अधिक ध्वन्यात्मक कॉप्टिक वर्णमाला द्वारा प्रतिस्थापित किया गया।",1,"[{'object': {'upos': 'NOUN', 'text': 'चित्रलिपि', 'id': 3, 'deprel': 'obj', 'head': 18}, 'subject': {'upos': 'NOUN', 'text': 'वर्णमाला', 'id': 15, 'deprel': 'nsubj:pass', 'head': 18}, 'verb': {'upos': 'VERB', 'text': 'किया', 'id': 18, 'deprel': 'root', 'head': 0}}]",['OSV']
1713,"मिस्रियों के अनुसार, देवताओं को प्रसन्न करने के लिए प्रसाद और पूजा आवश्यक थी।",1,"[{'subject': {'upos': 'NOUN', 'text': 'प्रसाद', 'id': 11, 'deprel': 'nsubj', 'head': 15}, 'object': {'upos': 'ADJ', 'text': 'आवश्यक', 'id': 14, 'deprel': 'obj', 'head': 15}, 'verb': {'upos': 'VERB', 'text': 'थी', 'id': 15, 'deprel': 'root', 'head': 0}}]",['SOV']
1715,"रक्त-मस्तिष्क अवरोध की बाधा के कारण और टी कोशिकाओं को मस्तिष्क के अंदर फंसने के कारण यह होता है कि जब रक्त-मस्तिष्क अवरोध अपनी अखंडता छोड़ देता है और संक्रमण या विषाणु के समाप्त होने के बाद फिर से अखंड हो जाता है, तब टी कोशिकाएं मस्तिष्क के अंदर फंस जाती हैं।",1,"[{'subject': {'upos': 'NOUN', 'text': 'अवरोध', 'id': 23, 'deprel': 'nsubj', 'head': 26}, 'object': {'upos': 'NOUN', 'text': 'अखंडता', 'id': 25, 'deprel': 'obj', 'head': 26}, 'verb': {'upos': 'VERB', 'text': 'छोड़', 'id': 26, 'deprel': 'acl:relcl', 'head': 45}}]",['SOV']
1719,"पचास से वर्ष की उम्र के लोगों में एमएस पुरुषों और महिलाओं को सामान रूप से प्रभावित करता है। इसलिए, एमएस लक्षित लिंग को निर्धारित करने में कोई विशिष्ट लिंग नहीं है, बल्कि यह दर्शाता है कि यह दोनों पुरुषों और महिलाओं को सामान रूप से प्रभावित कर सकता है।",1,"[{'subject': {'upos': 'PRON', 'text': 'यह', 'id': 21, 'deprel': 'nsubj', 'head': 31}, 'object': {'upos': 'NOUN', 'text': 'पुरुषों', 'id': 23, 'deprel': 'obj', 'head': 31}, 'verb': {'upos': 'VERB', 'text': 'कर', 'id': 31, 'deprel': 'acl', 'head': 17}}]",['SOV']
1736,जापानी स्कूली बच्चों से उम्मीद की जाती है कि वे बुनियादी 1006 कानजी अक्षर (क्योइकु कानजी) कक्षा 6 तक सीख सकें।,1,"[{'subject': {'upos': 'PRON', 'text': 'वे', 'id': 10, 'deprel': 'nsubj', 'head': 22}, 'object': {'upos': 'NOUN', 'text': 'अक्षर', 'id': 14, 'deprel': 'obj', 'head': 22}, 'verb': {'upos': 'VERB', 'text': 'सीख', 'id': 22, 'deprel': 'obj', 'head': 6}}]",['SOV']
1748,2006 में एलिशिया कीज़ ने तीन एनएएसीपी इमेज़ अवार्ड जीते।,1,"[{'subject': {'upos': 'PROPN', 'text': 'कीज़', 'id': 4, 'deprel': 'nsubj', 'head': 10}, 'object': {'upos': 'PROPN', 'text': 'अवार्ड', 'id': 9, 'deprel': 'obj', 'head': 10}, 'verb': {'upos': 'VERB', 'text': 'जीते', 'id': 10, 'deprel': 'root', 'head': 0}}]",['SOV']
1755,पेज को हाय रैंक मिल सकता है यदि उसके साथ उच्च पेजरैंक वाले अनेक पृष्ठों ने लिंक बनाए हों।,1,"[{'subject': {'upos': 'NOUN', 'text': 'पृष्ठों', 'id': 15, 'deprel': 'nsubj', 'head': 18}, 'object': {'upos': 'NOUN', 'text': 'लिंक', 'id': 17, 'deprel': 'obj', 'head': 18}, 'verb': {'upos': 'VERB', 'text': 'बनाए', 'id': 18, 'deprel': 'advcl', 'head': 5}}]",['SOV']
1766,टैगोर ने अपने नाइटहुड की परित्या�gा सन् १९१९ में किया।,1,"[{'subject': {'upos': 'PROPN', 'text': 'टैगोर', 'id': 1, 'deprel': 'nsubj', 'head': 10}, 'object': {'upos': 'NOUN', 'text': 'परित्या�gा', 'id': 6, 'deprel': 'obj', 'head': 10}, 'verb': {'upos': 'VERB', 'text': 'किया', 'id': 10, 'deprel': 'root', 'head': 0}}]",['SOV']
1782,बुच ने बहुत ही महत्वपूर्ण घडी को पैक करना भूल गई थी।,1,"[{'subject': {'upos': 'PROPN', 'text': 'बुच', 'id': 1, 'deprel': 'nsubj', 'head': 10}, 'object': {'upos': 'VERB', 'text': 'करना', 'id': 9, 'deprel': 'obj', 'head': 10}, 'verb': {'upos': 'VERB', 'text': 'भूल', 'id': 10, 'deprel': 'root', 'head': 0}}]",['SOV']
1783,भारत के आर्थिक उदय और सांस्कृतिक प्रभुत्व में मुसलमानों ने महत्त्वपूर्ण भूमिका निभाई है।,1,"[{'subject': {'upos': 'NOUN', 'text': 'मुसलमानों', 'id': 9, 'deprel': 'nsubj', 'head': 13}, 'object': {'upos': 'NOUN', 'text': 'भूमिका', 'id': 12, 'deprel': 'obj', 'head': 13}, 'verb': {'upos': 'VERB', 'text': 'निभाई', 'id': 13, 'deprel': 'root', 'head': 0}}]",['SOV']
1789,शेन वार्न ने मई 2004 में मुरलीधरन वेस्टइंडीज के कोर्टनी वाल्श के 519 टेस्ट मैच के रिकार्ड से आगे निकलकर सर्वाधिक विकेट लेने वाले गेंदबाज के रिकॉर्ड तोड़ दिया।,1,"[{'subject': {'upos': 'PROPN', 'text': 'वार्न', 'id': 2, 'deprel': 'nsubj', 'head': 28}, 'object': {'upos': 'NOUN', 'text': 'रिकॉर्ड', 'id': 27, 'deprel': 'obj', 'head': 28}, 'verb': {'upos': 'VERB', 'text': 'तोड़', 'id': 28, 'deprel': 'root', 'head': 0}}]",['SOV']
1795,मूत्र कैथेटराइज़ेशन मूत्र मार्ग के संक्रमण के जोखिम को 3 से 6 प्रतिशत बढ़ाता है।,1,"[{'subject': {'upos': 'PROPN', 'text': 'कैथेटराइज़ेशन', 'id': 2, 'deprel': 'nsubj', 'head': 14}, 'object': {'upos': 'NOUN', 'text': 'जोखिम', 'id': 8, 'deprel': 'obj', 'head': 14}, 'verb': {'upos': 'VERB', 'text': 'बढ़ाता', 'id': 14, 'deprel': 'root', 'head': 0}}]",['SOV']
1802,"उन लोगों के लिए जो अधिक गंभीर लक्षण प्रदर्शित करते हैं, उन्हें अस्पताल में भर्ती किया जाना चाहिए।",1,"[{'subject': {'upos': 'PRON', 'text': 'जो', 'id': 5, 'deprel': 'nsubj', 'head': 10}, 'object': {'upos': 'NOUN', 'text': 'लक्षण', 'id': 8, 'deprel': 'obj', 'head': 10}, 'verb': {'upos': 'VERB', 'text': 'करते', 'id': 10, 'deprel': 'acl:relcl', 'head': 13}}]",['SOV']
1820,मैच यदि दोनों टीमें एक बराबर संख्या में रन बनाती हैं तो टाई होता है।,1,"[{'subject': {'upos': 'NOUN', 'text': 'मैच', 'id': 1, 'deprel': 'nsubj', 'head': 10}, 'object': {'upos': 'NOUN', 'text': 'रन', 'id': 9, 'deprel': 'obj', 'head': 10}, 'verb': {'upos': 'VERB', 'text': 'बनाती', 'id': 10, 'deprel': 'advcl', 'head': 14}}]",['SOV']
1827,"9 अगस्त 1995 को निस्सिन फूड्स के संगीतकारों की लंबी लाइन में किस ने ""अनप्लग्ड"" में काम किया।",1,"[{'subject': {'upos': 'PRON', 'text': 'किस', 'id': 13, 'deprel': 'nsubj', 'head': 20}, 'object': {'upos': 'NOUN', 'text': 'काम', 'id': 19, 'deprel': 'obj', 'head': 20}, 'verb': {'upos': 'VERB', 'text': 'किया', 'id': 20, 'deprel': 'root', 'head': 0}}]",['SOV']
1828,बैंड ने पीटर क्रिस और फ्रेहले से संपर्क किया।,1,"[{'subject': {'upos': 'NOUN', 'text': 'बैंड', 'id': 1, 'deprel': 'nsubj', 'head': 9}, 'object': {'upos': 'PROPN', 'text': 'क्रिस', 'id': 4, 'deprel': 'obj', 'head': 9}, 'verb': {'upos': 'VERB', 'text': 'किया', 'id': 9, 'deprel': 'root', 'head': 0}}]",['SOV']
1833,"फरवरी 2006 में अंतर्राष्ट्रीय ओलंपिक समिति (आईओसी) ने फैसला सुनाया कि कर्लिंग ओलंपिक कार्यक्रम का पूरा हिस्सा था, और आधिकारिक गिनती में दिए गए पदकों को शामिल किया है।",1,"[{'subject': {'upos': 'PROPN', 'text': 'समिति', 'id': 6, 'deprel': 'nsubj', 'head': 12}, 'verb': {'upos': 'VERB', 'text': 'सुनाया', 'id': 12, 'deprel': 'root', 'head': 0}, 'object': {'upos': 'NOUN', 'text': 'हिस्सा', 'id': 19, 'deprel': 'obj', 'head': 12}}]",['SVO']
1837,"चिकित्सक बनने से पहले, केट का पेशा पशुचिकित्सक था।",1,"[{'subject': {'upos': 'NOUN', 'text': 'पेशा', 'id': 8, 'deprel': 'nsubj', 'head': 10}, 'object': {'upos': 'NOUN', 'text': 'पशुचिकित्सक', 'id': 9, 'deprel': 'obj', 'head': 10}, 'verb': {'upos': 'VERB', 'text': 'था', 'id': 10, 'deprel': 'root', 'head': 0}}]",['SOV']
1851,"50 के दशक के मध्य में मैथेसन ने ""स्टील"" लघु कहानी लिखी थी।",1,"[{'subject': {'upos': 'PROPN', 'text': 'मैथेसन', 'id': 7, 'deprel': 'nsubj', 'head': 14}, 'object': {'upos': 'NOUN', 'text': 'कहानी', 'id': 13, 'deprel': 'obj', 'head': 14}, 'verb': {'upos': 'VERB', 'text': 'लिखी', 'id': 14, 'deprel': 'root', 'head': 0}}]",['SOV']
1852,"बॉक्सरों को हारने पर रिकी द्वारा $20,000 देना होता है।",1,"[{'subject': {'upos': 'PROPN', 'text': 'रिकी', 'id': 5, 'deprel': 'nsubj', 'head': 8}, 'object': {'upos': 'NUM', 'text': '$20,000', 'id': 7, 'deprel': 'obj', 'head': 8}, 'verb': {'upos': 'VERB', 'text': 'देना', 'id': 8, 'deprel': 'root', 'head': 0}}]",['SOV']
1858,1 फ़रवरी 2004 को इंटेल ने 'प्रेस्कॉट' नामक नया कोर कोडनाम पेश किया।,1,"[{'subject': {'upos': 'PROPN', 'text': 'इंटेल', 'id': 5, 'deprel': 'nsubj', 'head': 15}, 'object': {'upos': 'PROPN', 'text': 'कोडनाम', 'id': 13, 'deprel': 'obj', 'head': 15}, 'verb': {'upos': 'VERB', 'text': 'किया', 'id': 15, 'deprel': 'root', 'head': 0}}]",['SOV']
1862,"मंगोलिया का एकमात्र ओलंपिक खेल जो उनसे छूट गया था, 1976 के शीतकालीन ओलंपिक था।",1,"[{'subject': {'upos': 'NOUN', 'text': 'खेल', 'id': 5, 'deprel': 'nsubj', 'head': 8}, 'object': {'upos': 'PRON', 'text': 'उनसे', 'id': 7, 'deprel': 'obj', 'head': 8}, 'verb': {'upos': 'VERB', 'text': 'छूट', 'id': 8, 'deprel': 'acl:relcl', 'head': 12}}]",['SOV']
1863,नायदैंगी टुब्बिनेर ने ग्रीष्मकालीन ओलंपिक में पदक जीता। वे मंगोलिया के एक व्यक्ति हैं जो जूडो में स्वर्ण पदक जीता है।,1,"[{'subject': {'upos': 'PRON', 'text': 'जो', 'id': 7, 'deprel': 'nsubj', 'head': 12}, 'object': {'upos': 'NOUN', 'text': 'पदक', 'id': 11, 'deprel': 'obj', 'head': 12}, 'verb': {'upos': 'VERB', 'text': 'जीता', 'id': 12, 'deprel': 'acl:relcl', 'head': 5}}]",['SOV']
1881,सिया ने क्रिस्प बैंड को शुरू किया।,1,"[{'subject': {'upos': 'PROPN', 'text': 'सिया', 'id': 1, 'deprel': 'nsubj', 'head': 7}, 'object': {'upos': 'NOUN', 'text': 'बैंड', 'id': 4, 'deprel': 'obj', 'head': 7}, 'verb': {'upos': 'VERB', 'text': 'किया', 'id': 7, 'deprel': 'root', 'head': 0}}]",['SOV']
1884,"बैंड क्रिस्प के विघटन के बाद, सिया ने सिया लंदन में प्रदर्शन किया और ब्रिटिश बैंड जामिरोकई के लिए एक पृष्ठभूमि गायक के रूप में काम किया। फिर उन्होंने अपने पहले तीन स्टूडियो एल्बमों पर अंग्रेजी डाउनटेम्पो ग्रुप ज़ीरो 7 के लिए मुख्य गायन प्रदान किया।",1,"[{'subject': {'upos': 'PRON', 'text': 'उन्होंने', 'id': 2, 'deprel': 'nsubj', 'head': 19}, 'object': {'upos': 'NOUN', 'text': 'गायन', 'id': 17, 'deprel': 'obj', 'head': 19}, 'verb': {'upos': 'VERB', 'text': 'किया', 'id': 19, 'deprel': 'root', 'head': 0}}]",['SOV']
1886,सिया ने 2010 के एआरआईए संगीत पुरस्कारों में 2 पुरस्कार जीते।,1,"[{'subject': {'upos': 'PROPN', 'text': 'सिया', 'id': 1, 'deprel': 'nsubj', 'head': 11}, 'object': {'upos': 'NOUN', 'text': 'पुरस्कार', 'id': 10, 'deprel': 'obj', 'head': 11}, 'verb': {'upos': 'VERB', 'text': 'जीते', 'id': 11, 'deprel': 'root', 'head': 0}}]",['SOV']
1888,2012 में साईं ने जेडी सैमसन के साथ रिश्ते तोड़ दिया।,1,"[{'subject': {'upos': 'PROPN', 'text': 'साईं', 'id': 3, 'deprel': 'nsubj', 'head': 10}, 'object': {'upos': 'NOUN', 'text': 'रिश्ते', 'id': 9, 'deprel': 'obj', 'head': 10}, 'verb': {'upos': 'VERB', 'text': 'तोड़', 'id': 10, 'deprel': 'root', 'head': 0}}]",['SOV']
1894,"फ़ीडबर्नर, कस्टम आरएसएस फीड्स और ब्लॉगर्स, पोडकास्ट और अन्य वेब-आधारित सामग्री प्रकाशकों को प्रबंधन उपकरण प्रदान करता है।",1,"[{'subject': {'upos': 'PROPN', 'text': 'फ़ीडबर्नर', 'id': 1, 'deprel': 'nsubj', 'head': 19}, 'object': {'upos': 'NOUN', 'text': 'उपकरण', 'id': 17, 'deprel': 'obj', 'head': 19}, 'verb': {'upos': 'VERB', 'text': 'करता', 'id': 19, 'deprel': 'root', 'head': 0}}]",['SOV']
1896,डिग्ग और del.icio.us ने स्वतः लिंक प्रदान किए हैं।,1,"[{'subject': {'upos': 'PROPN', 'text': 'डिग्ग', 'id': 1, 'deprel': 'nsubj', 'head': 9}, 'object': {'upos': 'NOUN', 'text': 'लिंक', 'id': 7, 'deprel': 'obj', 'head': 9}, 'verb': {'upos': 'VERB', 'text': 'किए', 'id': 9, 'deprel': 'root', 'head': 0}}]",['SOV']
1903,यह उपयोगकर्ता को याद रखने के लिए उपयोगी है।,1,"[{'subject': {'upos': 'PRON', 'text': 'यह', 'id': 1, 'deprel': 'nsubj', 'head': 9}, 'object': {'upos': 'ADJ', 'text': 'उपयोगी', 'id': 8, 'deprel': 'obj', 'head': 9}, 'verb': {'upos': 'VERB', 'text': 'है', 'id': 9, 'deprel': 'root', 'head': 0}}]",['SOV']
1905,साख पत्र जिम्मेदार हैं कि वे सीईएमएस पूर्व छात्रों के साथ संपर्क बनाए रखने के लिए उत्तरदायी हैं।,1,"[{'subject': {'upos': 'PRON', 'text': 'वे', 'id': 6, 'deprel': 'nsubj', 'head': 18}, 'object': {'upos': 'ADJ', 'text': 'उत्तरदायी', 'id': 17, 'deprel': 'obj', 'head': 18}, 'verb': {'upos': 'VERB', 'text': 'हैं', 'id': 18, 'deprel': 'acl', 'head': 3}}]",['SOV']
1907,सीईएमएस पूर्व छात्र संघ (सीऐऐ) को १९९३ में सीईएमएस स्नातकों द्वारा स्थापित किया गया था।,1,"[{'object': {'upos': 'PROPN', 'text': 'संघ', 'id': 4, 'deprel': 'obj', 'head': 15}, 'subject': {'upos': 'NOUN', 'text': 'स्नातकों', 'id': 12, 'deprel': 'nsubj:pass', 'head': 15}, 'verb': {'upos': 'VERB', 'text': 'किया', 'id': 15, 'deprel': 'root', 'head': 0}}]",['OSV']
1913,1949 में संविधान सभा द्वारा भारत का संविधान अपनाया गया था।,1,"[{'subject': {'upos': 'NOUN', 'text': 'सभा', 'id': 4, 'deprel': 'nsubj:pass', 'head': 9}, 'object': {'upos': 'NOUN', 'text': 'संविधान', 'id': 8, 'deprel': 'obj', 'head': 9}, 'verb': {'upos': 'VERB', 'text': 'अपनाया', 'id': 9, 'deprel': 'root', 'head': 0}}]",['SOV']
1917,सूरीनाम ने नीदरलैंड से स्वतंत्रता प्राप्त की।,1,"[{'subject': {'upos': 'PROPN', 'text': 'सूरीनाम', 'id': 1, 'deprel': 'nsubj', 'head': 7}, 'object': {'upos': 'NOUN', 'text': 'स्वतंत्रता', 'id': 5, 'deprel': 'obj', 'head': 7}, 'verb': {'upos': 'VERB', 'text': 'की', 'id': 7, 'deprel': 'root', 'head': 0}}]",['SOV']
1920,सुपरमार्केट ग्राहकों की खरीददारी की आदतों पर डाटा इकट्ठा करता है।,1,"[{'subject': {'upos': 'NOUN', 'text': 'सुपरमार्केट', 'id': 1, 'deprel': 'nsubj', 'head': 10}, 'object': {'upos': 'NOUN', 'text': 'डाटा', 'id': 8, 'deprel': 'obj', 'head': 10}, 'verb': {'upos': 'VERB', 'text': 'करता', 'id': 10, 'deprel': 'root', 'head': 0}}]",['SOV']
1931,स्टॉलमैन ने 1967 से 1969 के बीच कोलंबिया यूनिवर्सिटी के हाई स्कूल स्टूडेंट्स के लिए चलाये जाने वाले शनिवार के प्रोग्राम में स्वैच्छिक रूप से समय बिताया। उन्होंने भी रॉकफेलर विश्वविद्यालय के जीवविज्ञान डिपार्टमेंट में वॉलन्टरी लेबोरेटरी असिस्टेंट के रूप में स्वैच्छिक रूप से कार्य किया।,1,"[{'subject': {'upos': 'PRON', 'text': 'उन्होंने', 'id': 1, 'deprel': 'nsubj', 'head': 19}, 'object': {'upos': 'NOUN', 'text': 'कार्य', 'id': 18, 'deprel': 'obj', 'head': 19}, 'verb': {'upos': 'VERB', 'text': 'किया', 'id': 19, 'deprel': 'root', 'head': 0}}]",['SOV']
1932,1985 में स्टॉलमैन ने GNU मैनिफेस्टो जारी किया था।,1,"[{'subject': {'upos': 'PROPN', 'text': 'स्टॉलमैन', 'id': 3, 'deprel': 'nsubj', 'head': 8}, 'object': {'upos': 'PROPN', 'text': 'मैनिफेस्टो', 'id': 6, 'deprel': 'obj', 'head': 8}, 'verb': {'upos': 'VERB', 'text': 'किया', 'id': 8, 'deprel': 'root', 'head': 0}}]",['SOV']
1941,ध्वज पूर्व स्वरूप में सफेद रंग की पृष्ठभूमि वाला लाल रंग के द्विशायिका क्रॉस से भरा हुआ था।,1,"[{'subject': {'upos': 'NOUN', 'text': 'ध्वज', 'id': 1, 'deprel': 'nsubj', 'head': 16}, 'object': {'upos': 'NOUN', 'text': 'क्रॉस', 'id': 14, 'deprel': 'obj', 'head': 16}, 'verb': {'upos': 'VERB', 'text': 'भरा', 'id': 16, 'deprel': 'root', 'head': 0}}]",['SOV']
1946,"अमेरिका में, मनुष्यों में रेबीज़ संक्रमण का सबसे आम स्रोत चमगादड़ का काटना है।",1,"[{'object': {'upos': 'NOUN', 'text': 'स्रोत', 'id': 11, 'deprel': 'obj', 'head': 14}, 'subject': {'upos': 'NOUN', 'text': 'चमगादड़', 'id': 12, 'deprel': 'nsubj', 'head': 14}, 'verb': {'upos': 'VERB', 'text': 'काटना', 'id': 14, 'deprel': 'obj', 'head': 15}}]",['OSV']
1957,"ऑस्ट्रिया, जर्मनी, आयरलैंड, एस्टोनिया और लातविया ने लाखों से अधिक वर्षों के लिए पुरानी मुद्राओं को स्वीकार किया रहा है, जबकि बेल्जियम ने राष्ट्रीय केंद्रीय बैंकों द्वारा अनिश्चित काल तक स्वीकार किया रहा है।",1,"[{'subject': {'upos': 'PROPN', 'text': 'ऑस्ट्रिया', 'id': 1, 'deprel': 'nsubj', 'head': 21}, 'object': {'upos': 'NOUN', 'text': 'मुद्राओं', 'id': 18, 'deprel': 'obj', 'head': 21}, 'verb': {'upos': 'VERB', 'text': 'किया', 'id': 21, 'deprel': 'root', 'head': 0}}]",['SOV']
1975,विश्वविद्यालय में स्मिथ ने एक जाज गायक के रूप में पैसा कमाया।,1,"[{'subject': {'upos': 'PROPN', 'text': 'स्मिथ', 'id': 3, 'deprel': 'nsubj', 'head': 12}, 'object': {'upos': 'NOUN', 'text': 'पैसा', 'id': 11, 'deprel': 'obj', 'head': 12}, 'verb': {'upos': 'VERB', 'text': 'कमाया', 'id': 12, 'deprel': 'root', 'head': 0}}]",['SOV']
1985,लेन की मां कॉलीन फैरिंगटन के दो कैरिएर थे - नाइटक्लब नृत्यांगना तथा प्लेबॉय पत्रिका मिस अक्टूबर 1957 के बीच के पन्नों पर काम करना।,1,"[{'subject': {'upos': 'NOUN', 'text': 'नृत्यांगना', 'id': 12, 'deprel': 'nsubj', 'head': 25}, 'object': {'upos': 'NOUN', 'text': 'काम', 'id': 24, 'deprel': 'obj', 'head': 25}, 'verb': {'upos': 'VERB', 'text': 'करना', 'id': 25, 'deprel': 'acl', 'head': 8}}]",['SOV']
1990,फिल्म में मुख्य किरदार मैट डैमन ने निभाई थी।,1,"[{'object': {'upos': 'NOUN', 'text': 'किरदार', 'id': 4, 'deprel': 'obj', 'head': 8}, 'subject': {'upos': 'PROPN', 'text': 'डैमन', 'id': 6, 'deprel': 'nsubj', 'head': 8}, 'verb': {'upos': 'VERB', 'text': 'निभाई', 'id': 8, 'deprel': 'root', 'head': 0}}]",['OSV']
1996,बोर्ड ऑफ गवर्नर्स ने बोर्ड ऑफ डायरेक्टर्स और उनके सहायक के रूप में 12 सदस्यों को चुन सकता है।,1,"[{'subject': {'upos': 'NOUN', 'text': 'गवर्नर्स', 'id': 3, 'deprel': 'nsubj', 'head': 17}, 'object': {'upos': 'NOUN', 'text': 'सदस्यों', 'id': 15, 'deprel': 'obj', 'head': 17}, 'verb': {'upos': 'VERB', 'text': 'चुन', 'id': 17, 'deprel': 'root', 'head': 0}}]",['SOV']
0,झील से उत्तर पूर्व की ओर बढ़ते हुए ग्रूम लेक रोड व्यापक और सुव्यवस्थित ग्रूम झील की सड़कों के माध्यम से पहाड़ियों से होकर गुजरती थी।,0,[],[]
1,सुधारी सड़कें बड़े खेतों और पशु-फार्मों तक जाती हैं।,0,[],[]
3,लॉकहीड विशेषज्ञों के साथ।,0,[],[]
4,निर्णायक रूप से दिए गए पाठ से उत्तर नहीं मिल सका।,0,[],[]
5,नेलिस का प्रतिबंधित हवाई क्षेत्र है।,0,[],[]
6,रुटगर्स विश्वविद्यालय के जीव रसायन विज्ञानियों ने शिकायतकर्ताओं से ली गयी बायोप्सी का विश्लेषण किया।,0,[],[]
7,जोनाथन टर्ली ने रॉबर्ट फ्रॉस्ट और वाल्टर कास्ज़ा के मुकदमे में उनका प्रतिनिधित्व किया था।,0,[],[]
8,"ग्रूम के खुले गड्ढों और खाइयों में विशाल मात्रा में अज्ञात रसायनों को जलाया जाने के कारण, पांच अनामिक असैनिक कॉनट्रैक्टर और कॉनट्रैक्टर वाल्टर कास्ज़ा तथा रॉबर्ट फ्रॉस्ट की विधवाओं ने USAF और अमेरिकी पर्यावरण संरक्षण एजेंसी पर मुकदमा कर दिया।",0,[],[]
9,"शिकायतकर्ताओं ने ग्रूम पर काम करने के कारण लगातार त्वचा, कलेजे और श्वसन सम्बन्धी परेशानियों का सामना करना पड़ा और फ्रोस्ट और कास्ज़ा की मौत का भी यही कारण बना।",0,[],[]
10,अंतरिक्ष इतिहासकार ड्वेन ए.,0,[],[]
10,डे ने जनवरी 2006 में लेख का प्रकाशन किया।,0,[],[]
11,"एरिया 51, वर्तमान यूएफओ और अन्य रहस्यमय सिद्धांतों के लिए एक रुचिकर स्थान बन गया है।",0,[],[]
12,सेवा की गुणवत्ता (QoS) की गारंटी है।,0,[],[]
13,QoS बातचीत कब होती है और नेटवर्क गतिविधि कैसे व्यवहार करेगी?,0,[],[]
14,रूटर्स और स्विच निष्पादन को अपेक्षित सेवाओं के अनुरूप बनाने के लिए विभिन्न कतार रणनीतियों का उपयोग करते हैं।,0,[],[]
15,DiffServ का समर्थन करने वाले रूटर्स बैंडविड्थ निरुद्ध इंटरफ़ेस से संचरण की प्रतीक्षा करने वाले पैकेटों के लिए एकाधिक कतारों का उपयोग करते हैं। लेकिन यह सूची में विशेष रूप से कितनी कतारें हैं नहीं बताया गया है।,0,[],[]
17,अधिक स्थिर बिट-दर और कम प्रसुप्ति काल।,0,[],[]
19,मेरे पास आपके प्रश्न का उत्तर नहीं है।,0,[],[]
20,QoS के लिए एनक्रिप्टेड यातायात को गहरे पैकेट निरीक्षण से गुजरने के लिए इंटरनेट पर डाउनग्रेड करना चाहिए।,0,[],[]
22,कोशिका संवर्धन तकनीकें 1940 और 1950 के दशक में अत्यंत उन्नत हो गई थीं।,0,[],[]
24,प्राथमिक कोशिकाएं,0,[],[]
25,मुगल वंश 1526 में स्थापित किया गया था।,0,[],[]
26,"इस समय मैच समाप्त करने के लिए वे ""अंतिम दांव-पेंच"" का उपयोग करते थे।",0,[],[]
28,सवाल के उत्तर देने के लिए दिए गए जानकारी में ऐसा जानकारी नहीं है। मेरे पास आपके प्रश्न का उत्तर नहीं है।,0,[],[]
29,मेरे पास आपके प्रश्न का उत्तर नहीं है।,0,[],[]
30,हेनरी अष्टम का नाम था।,0,[],[]
31,लॉर्ड मेयर बनने से पहले बोलिन रेशम और ऊन का व्यापारी था।,0,[],[]
32,आर्कडचेज़ मार्गरेट ऑफ़ ऑस्ट्रिया प्रभावित हुई।,0,[],[]
33,फ़्रांसिस प्रथम के समर्थन की आवश्यकता थी।,0,[],[]
35,वुलस्टोनक्राफ़्ट की मृत्यु 27 अप्रैल 1759 को हुई थी।,0,[],[]
36,आपके प्रश्न का उत्तर नहीं है।,0,[],[]
37,300,0,[],[]
38,गाथा में ३०० लोग शामिल किए गए हैं।,0,[],[]
39,गोर्गो,0,[],[]
40,मेरे पास आपके प्रश्न का उत्तर नहीं है।,0,[],[]
41,मेरे पास आपके प्रश्न का उत्तर नहीं है।,0,[],[]
42,मेरे पास आपके प्रश्न का उत्तर नहीं है।,0,[],[]
43,मेरे पास आपके प्रश्न का उत्तर नहीं है।,0,[],[]
45,किम्ची एक किण्वित और बहुधा मसालेदार सब्ज़ी वाला भिजन है जो प्रत्येक भोजन के दौरान परोसा जाता है और विख्यात कोरियाई व्यंजनों में से एक है।,0,[],[]
46,ताइक्वांडो का जन्म कोरिया में हुआ था।,0,[],[]
47,1988,0,[],[]
48,सीओपीडी की रोकथाम के लिए निदान किया जाता है।,0,[],[]
49,"सीओपीडी पेशेवर रूप से अस्पष्ट बीमारी है, क्योंकि यह कई पुनरावृत्तियों का एक उदाहरण है जो मौजूद हैं।",0,[],[]
50,क्रोनिक ब्रोंकाइटिस के कुछ मामलों में कफ की मात्रा घंटो से लेकर दिनों तक बदल सकती है। कुछ मामलों में खांसी नहीं भी हो सकती है या केवल कभी कभार होती है या उत्पादक नहीं भी हो सकती है।,0,[],[]
51,सामाजिक और सांस्कृतिक कारकों पर निर्भर करता है।,0,[],[]
52,80-95%,0,[],[]
53,कार्यस्थलों के अनावरण से।,0,[],[]
54,कुछ देशों में पुरुषों में मृत्यु-दर घट गई है लेकिन महिलाओं में बढ़ गई है। संभवतः यह कारण धूम्रपान की समान दर है।,0,[],[]
55,संयुक्त राज्य अमरीका में वयस्क जनसंख्या का लगभग 6.3% अर्थात कुल 15 मिलियन लोगों में सीओपीडी का निदान हुआ है।,0,[],[]
56,मेरे पास आपके प्रश्न का उत्तर नहीं है।,0,[],[]
57,वृद्धि हार्मोन-मुक्तिकारक हार्मोन या सोमेटोक्रिनिन.,0,[],[]
58,बचपन में ग्रोथ हॉर्मोन के कारण ऊंचाई में वृद्धि होती है।,0,[],[]
59,कैल्शियम के धारण में वृद्धि हुई है।,0,[],[]
60,"निहित जानकारी के आधार पर यहाँ उत्तर दिया जा सकता है: पाठ से स्पष्ट है कि एक्रोमिगेली की समस्याओं में नाड़ियों पर दबाव शामिल होता है, जिसे कार्पल टनेल रोगसमूह के रूप में भी जाना जाता है। इसलिए, एक्रोमिगेली की स्थिति दबाव की एक उदाहरण है।",0,[],[]
61,"हां, बाह्यजन्य जीएच (GH) का उपयोग नियमित देखरेख की आवश्यकता के कारण तथा दुष्प्रभावों की घटनाओं के कारण गंभीर दुष्प्रभाव पैदा कर सकता है।",0,[],[]
62,गोवंशीय सोमेटोट्रापिन दूध को प्रोत्साहित करता है।,0,[],[]
63,जेनेन्टेक ने 1999 में एफडीए द्वारा अनुमोदित rHGH का उत्पादन किया।,0,[],[]
64,वेबसाइट पर दिए गए पाठों से यह स्पष्ट नहीं होता कि आहार पूरक होने का दावा करने वाली वस्तुओं के विज्ञापन अभियान में क्या आवश्यक होता है। इसलिए: मेरे पास आपके प्रश्न का उत्तर नहीं है।,0,[],[]
65,1981 से 2001 के बीच जॉन वेल्च जूनियर जनरल इलेक्ट्रिक के अध्यक्ष और सीईओ रहे।,0,[],[]
66,"व्लादीमीर पुतिन पैदा हुए थे लेनिनग्राद शहर में, जो वर्तमान में सेंट पीटर्बर्ग के नाम से जाना जाता है।",0,[],[]
67,सांस्कृतिक अभिव्यक्ति के विषयों में से एक विषय लोकप्रिय और स्थानीय शैली और विषय है।,0,[],[]
68,"राज्य और कोरियाई श्रमिक पार्टी साहित्य और कला के उत्पादन को नियंत्रित करते हैं। इसलिए, उत्तर है: राज्य और कोरियाई श्रमिक पार्टी",0,[],[]
69,"संगीत के अलावा, साहित्य को देश की विचारधारा का एक हिस्सा माना जाता है।",0,[],[]
70,धर्मयोद्धाओं ने ग्रीक ऑर्थोडॉक्स पादरियों का अधिग्रहण किया।,0,[],[]
72,"21 दिसम्बर 1995 को इजरायली टुकड़ियां बेथलहम से हटा लीं गईं। इसके तीन दिनों बाद, अर्थात् 24 दिसम्बर 1995, बेथलहम फिलिस्तीनी राष्ट्रीय प्राधिकरण के नियंत्रण में आ गया।",0,[],[]
74,शहर में 8 क्वार्टर हैं।,0,[],[]
75,बेथलहम को भूमध्यसागरीय जलवायु वाला माना जाता है।,0,[],[]
76,16वीं शताब्दी के अंत तक कोई भी मुस्लिम निवासी नहीं बचा था और वयस्क पुरुष कर-दाताओं की संख्या 287 थी।,0,[],[]
77,अंगूरों का उत्पादन अल-खादेर (al-Khader) क्षेत्र से होता है।,0,[],[]
79,"पाकिस्तानी अधिराज्य के लक्ष्य का वर्णन किया गया है, जिसमें कोई केंद्र का लक्ष्य नहीं दिखता। इसलिए: मेरे पास आपके प्रश्न का उत्तर नहीं है।",0,[],[]
80,मेरे पास आपके प्रश्न का उत्तर नहीं है।,0,[],[]
81,"नहीं, यहाँ विशेष रूप से हेरोडिया के बारे में कोई टैक्सी स्टेशन की सूचना नहीं है। दी गई सूची में हेरोडिया के बारे में केवल एक टैक्सी स्टेशन तालिका दी गई है, जो हेरोडियम (Herodium) की यात्रा करवाता है। इसलिए, हेरोडिया में टैक्सी स्टेशन की संख्या निर्धारित नहीं कर सकते। मेरे पास आपके प्रश्न का उत्तर नहीं है।",0,[],[]
82,प्रवेश के लिए अनुमति परिवर्तन कर सकती है।,0,[],[]
83,इसराइली जांच-केंद्रों व मार्ग अवरोधों के अधीन हैं।,0,[],[]
84,फ़ाइनल असेंबली फ़्रांस के तुलाउज़ में है।,0,[],[]
85,A340 में चार इंजन हैं।,0,[],[]
86,एयरबस ने वायुयान A300 का निर्माण किया था।,0,[],[]
87,4-5%,0,[],[]
88,एयरबस ए३२० की फाइनल असेंबली हैम्बर्ग में करने का प्रस्ताव देता है।,0,[],[]
89,"नाटो के सदस्य देशों में बेल्जियम, फ्रांस, जर्मनी, लक्ज़ेम्बर्ग, स्पेन, तुर्की और ब्रिटिश सरकार शामिल हैं।",0,[],[]
90,प्रारंभिक सहायता,0,[],[]
91,"एयरबस को अमरीकी और यूरोपीय सरकारों द्वारा प्रतिपूर्ति प्रारंभ निवेश (RLI) प्रदान किया जाता है, जिसे ""प्रारंभिक सहायता"" कहा जाता है। यह समझौता कार्यक्रम की लागत के 33 प्रतिशत तक की पूर्ति सरकारी कर्ज़ों के द्वारा करने की अनुमति देता है, जिन्हें ब्याज और रॉयल्टी के साथ 17 वर्षों के भीतर पूरी तरह लौटाया जाना आवश्यक है। ये कर्ज़ न्यूनतम ब्याज दर पर लिये जाते हैं, जो कि सरकार से कर्ज़ लेने की लागत और 0.25% होती है, जो एयरबस द्वारा सरकार के समर्थन के बिना उपलब्ध बाज़ार दरों से कम है।",0,[],[]
94,बोइंग ने समाधान की जांच की थी।,0,[],[]
95,A380 के पास बड़ा वर्क शेयर मूल्य है।,0,[],[]
96,"सिस्टोसोमियासिस रोग से लोगों में सल्फर के उत्सर्जन का अनुभव कर सकते हैं। लेकिन यह रोग सल्फर का उत्सर्जन नहीं करता है, बल्कि हवाई इंधन में सल्फर के उत्सर्जन से मुक्त निर्माण किया जा रहा है। इसलिए, यहाँ उत्तर नहीं मिल सका कि किस प्रकार के उत्सर्जन अभी भी मौजूद हैं। मेरे पास आपके प्रश्न का उत्तर नहीं है।",0,[],[]
97,हेनरी अलेक्जैंडर मरे का जन्म 13 मई 1893 ई० हुआ था।,0,[],[]
98,"संस्मरण ""काबुलीवालार बंगाली बौ"" पर आधारित उनकी कृति ""एस्केप फ्रॉम तालिबान"" की रिलीज़ वर्ष 1997 में हुई थी।",0,[],[]
99,संदिग्ध तालिबानी आतंकवादियों ने महिला की मौत कर दी।,0,[],[]
100,फीफा के चार प्रतिनिधि बोर्ड में शामिल हैं।,0,[],[]
101,इंग्लैंड के पहले फुटबॉल लीग में 12 क्लब थे।,0,[],[]
102,IFAB का तात्पर्य अंतरराष्ट्रीय फुटबॉल एसोसिएशन बोर्ड का है।,0,[],[]
103,अधिकतम ग्यारह खिलाड़ी एक टीम बनाते हैं।,0,[],[]
104,"फुटबॉल के खेल के दौरान, दो सहायक रेफरी लीड रेफरी की मदद करते हैं।",0,[],[]
105,गहने या घड़ी।,0,[],[]
106,"एक खिलाड़ी किसी अन्य खिलाड़ी द्वारा प्रतिस्थापित किया जाने पर उसे थकान, युद्ध क्षमता कम होने, तकनीकी या असमंजस जैसे कारणों से समय की व्यर्थता के लिए प्रतिस्थापि� vit किया जा सकता है।",0,[],[]
107,1990 के अंत से 2000 के शुरुआत तक.,0,[],[]
108,"जब एक खिलाड़ी को लाल कार्ड मिलता है, तो उसे मैदान से बाहर भेज दिया जाता है और उसके बाद उसी खेल में नहीं आना अनुमत होता।",0,[],[]
109,अपेर्तुरा और क्लौसुरा,0,[],[]
110,मेरे पास आपके प्रश्न का उत्तर नहीं है।,0,[],[]
111,मेरे पास आपके प्रश्न का उत्तर नहीं है।,0,[],[]
112,मेरे पास आपके प्रश्न का उत्तर नहीं है।,0,[],[]
114,मिट्टी का ज्वालामुखी,0,[],[]
116,फ्लाइट पुएर्टो रीको से आ रही थी।,0,[],[]
118,ISO का मतलब अन्तराष्ट्रीय मानकीकरण संगठन है।,0,[],[]
119,"ISO कभी-कभी तकनीकी/पारिभाषिक शुद्धिपत्र (Technical Corrigendum) भी जारी करता है। ये वर्तमान मानकों के संशोधन होते हैं, जो कि क्षुद्र तकनीकी/पारिभाषिक त्रुटियों, प्रयोगनीयता सुधार या सीमित तरीके से प्रयोज्यता बढाने हेतु किए जाते हैं। ISO पथ-प्रदर्शक अर्ध-मानक होते हैं, अन्तर्राष्ट्रीय मानकीकरण से सम्बंधित विषयों को लिए हुए।",0,[],[]
120,"भोजन के प्रति जुनूनी प्रत्याशा, सुस्वाद व्यंजनों तथा महंगे भोजनों को पाने और खाने की लगातार ललक।",0,[],[]
121,"दांते के पुर्गाटोरि में, ईर्ष्यालु को आंखों की तार से सिलाई कर बंद कर दी जाती है।",0,[],[]
122,58.44 ग्राम,0,[],[]
124,दान को प्रभावित करने वाले कारक इस प्रकार हैं: 1.,0,[],[]
124,दाता की एचआईवी और वायरल हैपेटाइटिस जैसी बीमारियों का परीक्षण। 2.,0,[],[]
124,दाता के चिकित्सा इतिहास। 3.,0,[],[]
124,दान से कोई क्षतिकारक प्रभाव न होना। 4.,0,[],[]
124,दाता की शारीरिक जांच। 5.,0,[],[]
124,दाता द्वारा दान करने की बारी-बारी से अवसर। 6.,0,[],[]
124,दान का तरीका (पूर्ण रक्त या प्लेटलेटफेरेसिस)। 7.,0,[],[]
124,दान की मात्रा (आधारित रक्त या प्लेटलेटफेरेसिस दान)।,0,[],[]
125,होमोलॉगस,0,[],[]
127,"कुछ देशों में, जैसे कि संयुक्त राज्य अमेरिका में, जवाब दानकर्ता के रक्त से जुड़ा होता है, न कि रक्त दाता के नाम से। इसलिए, दानदाताओं के नाम रखे जाते हैं।",0,[],[]
128,रक्तदाताओं की सुरक्षा के लिए दान करने से पहले उनका परीक्षण किया जाता है।,0,[],[]
129,स्क्रीनिंग एक प्रक्रिया है जिसके द्वारा दाताओं से विभिन्न बीमारियों के जोखिम कारकों की पुष्टि की जाती है। यह दाताओं की सुरक्षा और प्रापक की स्वास्थ्य के लिए की जाती है।,0,[],[]
130,"1990 के दशक में, बैक्टीरिया का वर्गीकरण बदल गया।",0,[],[]
131,"पामीर-अलाई पर्वत प्रणाली का सर्वोच्च शिखर 'पिक तन्दिकूल' है, जो ५,५४४ मीटर ऊंचा है।",0,[],[]
132,पानी प्रकाश संश्लेषण और श्वसन के लिए महत्वपूर्ण है।,0,[],[]
133,"वैज्ञानिक शब्द ""जल विज्ञान चक्र"" का प्रयोग किया जाता है।",0,[],[]
134,वाष्पित पानी के स्रोत में महासागरों और अन्य जल निकायों से हवा में वाष्पीकरण होता है।,0,[],[]
135,"प्रश्न का उत्तर देने के लिए दिए गए पाठ से पता चलता है कि यह गलत जानकारी है। दिए गए पाठ से याद किया जाता है कि भारी शृंखलाओं γ, α और δ का स्थिर क्षेत्र तीन अग्रानुक्रमों से बना होता है। इसलिए उत्तर है: γ, α और δ भारी शृंखलाएं तीन अग्रानुक्रमों से बनती हैं।",0,[],[]
136,एक भारी श्रृंखला में 110 अमीनो अम्ल होते हैं।,0,[],[]
137,मेरे पास आपके प्रश्न का उत्तर नहीं है।,0,[],[]
138,एंटीबॉडी की प्रत्येक भारी तथा हल्की श्रृंखला के एक स्थिर तथा एक अस्थिर क्षेत्र से मिलकर बनती हैं।,0,[],[]
139,मेरे पास आपके प्रश्न का उत्तर नहीं है।,0,[],[]
140,इन एंटीबॉडीज़ में उत्कृष्ट उत्प्रेरक प्रणाली की संपूरक प्रणाली होती है।,0,[],[]
141,कई विभिन्न तरह के रोगाणुओं के कारण एंटीबॉडी प्रतिक्रिया शुरू हो सकती है।,0,[],[]
142,लक्षित मोनोक्लोनल प्रतिपिंड (एंटीबॉडी) चिकित्सा का प्रयोग वातज गठिया के इलाज में किया जाता है।,0,[],[]
143,"Rh एंटीजन लाल रक्त कोशिकाओं में पाया जाता है। रीसस पोज़िटिव (Rh+) लोगों में यह एंटीजन उपस्थित होता है, जबकि रीसस नेगेटिव (Rh-) लोगों में नहीं होता।",0,[],[]
144,वेक्लाव क्लेमेंट की उम्र 26 वर्षीय थी।,0,[],[]
145,प्रश्न का उत्तर उपलब्ध जानकारी से नहीं मिल सका। मेरे पास बॉश की राज्य या देश के बारे में कोई जानकारी नहीं है।,0,[],[]
146,"स्कोडा का इंजन 1,289 घन सेंटीमीटर (78.7 घन इंच) के है और 130 ब्रेक अश्वशक्ति (97 कि॰वाट) की शक्ति द्वारा संचालित होता है।",0,[],[]
147,मेरे पास आपके प्रश्न का उत्तर नहीं है।,0,[],[]
149,ऑक्टेविया मॉडल ऑक्टेविया गोल्फ़ Mk5 फ़्लोरपैन पर आधारित था और फाबिया मॉडल फ़ेबिया A0 फ़्लोरपैन पर आधारित था।,0,[],[]
150,अंग्रेजी,0,[],[]
151,"किताब' में एक युवा लड़की का हास्यपूर्ण चित्रण किया गया है, जो अजान पुकारने का सपना देखती है और पारम्परिक मुसलमान परिवार में प्रचलित विभिन्न मुद्दों पर महिलाओं के खिलाफ हो रहे सामाजिक भेदभाव को चित्रित करता है। यह नाटक लड़कियों के लिए आहार की अनुपलब्धता, खराब शिक्षा, और बहुविवाह की प्रथा जैसे कई भेदभाव विषयों पर चर्चा करता है।",0,[],[]
152,मुस्लिम लड़की की दो मुख्य इच्छाएँ थीं: 1.,0,[],[]
152,मुअज़्ज़िन बनना.,0,[],[]
152,2,0,[],[]
152,अजान बोलना.,0,[],[]
153,"पिता के अनुसार, महिलाओं को पुरुषों के मुकाबले हर चीज का आधा हिस्सा मिलना चाहिए।",0,[],[]
156,"जब स्टीवर्ट ने जेल से रिहाई की, तो वह एक अत्यंत प्रचारित वापसी प्रारंभ की। उसकी कंपनी का केमार्ट पर मार्था स्टीवर्ट एवरीडे रेखा का प्रस्ताव रेडीमेड घरेलू सजावट सजावटा तक विस्तृत हो गया।",0,[],[]
157,"मार्था स्टीवर्ट द्वारा डिजाइन किए गए आइटम श्रृंखला में बेडिंग, बाथ, कुकवेयर और डिनरवेयर में मिल सकते हैं।",0,[],[]
158,"नामा समुदाय नामीबिया, बोत्स्वाना और दक्षिण अफ्रीका क्षेत्र में स्थित है। अधिकांश परिवार अब मध्य नामीबिया में वास करते हैं।",0,[],[]
159,"टम्बलर, 2 फरवरी 2007 को लॉन्च किया गया।",0,[],[]
160,11 वर्ष की थी।,0,[],[]
161,कार्प 17 वर्ष की उम्र में अपने माता-पिता को अलग होने पर था।,0,[],[]
163,सक्रिय तपेदिक का निदान शुरू में रेडियोलोजी और माइक्रोस्कोपिक जांच के साथ-साथ शरीर के तरलों की माइक्रोबायोलॉजिकल कल्चर पर आधारित होता है।,0,[],[]
164,"तपेदिक फेफड़ों को प्रभावित कर सकता है और लक्षणों में सीने में दर्द, लंबी अवधि तक खांसी और बलगम शामिल हो सकते हैं। लगभग 25% के लोग तपेदिक के लक्षण नहीं दिखाएंगे। बहुत दुर्लभ मामलों में, यह फुफ्फुसीय धमनियों तक पहुंच सकता है जिससे भारी रक्तस्राव हो सकता है।",0,[],[]
165,तपेदिक संक्रमण फुफ्फुसीय धमनी तक पहुंचने पर भारी रक्तस्राव (रासमुस्सेन एन्युरिस्म) का कारण हो सकता है।,0,[],[]
166,फैला हुआ टीबी,0,[],[]
167,"क्षयरोग का जोखिम एचआईवी, सुई द्वारा अवैध दवायें लेने वाले लोग, भीड़भाड़, कुपोषण, फेफड़ों का पुराना रोग, सिगरेट पीने वाले लोग, मधुमेह रोगी और एनफिलिक्सीमैब जैसी दवाओं से बढ़ जाता है।",0,[],[]
169,एम.,0,[],[]
169,"सजुल्गाई, एम.",0,[],[]
169,मारिनम और एम.,0,[],[]
169,कानसासी से प्रभावित होते हैं।,0,[],[]
170,मेरे पास आपके प्रश्न का उत्तर नहीं है।,0,[],[]
171,हाल के वर्षों में तपेदिक के मामलों की संख्या में थोड़ी सी कमी आई है।,0,[],[]
172,पूरी तरह से अतिसंवेदनशील एमटीबी वाले व्यक्ति में दवा प्रतिरोध हो सकता है जब वह दवाओं का उपयोग करके उपचार ग्रहण करने में विफल रहता है।,0,[],[]
173,टीबी संक्रमण के बाद अगला चरण प्रगति की ओर प्रगति होना है।,0,[],[]
174,90-95%,0,[],[]
176,तपेदिकीय क्षय।,0,[],[]
177,टीकाकरण अव्यक्त और सक्रिय रोगों के उपचार में महत्वपूर्ण भूमिका निभाता है।,0,[],[]
178,न्यूज़ीलैंड,0,[],[]
179,बिल गेट्स ने ऑपरेटिंग सिस्टम के सुविधाजनक प्रयोग और प्लग एंड प्ले (PnP) के लिए वर्धित समर्थन पर प्रकाश डाला।,0,[],[]
181,मेरे पास आपके प्रश्न का उत्तर नहीं है।,0,[],[]
182,20,0,[],[]
183,फेसबुक और ट्विटर जैसे सामान्य तरीकों से या मौखिक ऐलान करके नुकसान की घोषणा करने का एक मंच इस्तेमाल किया जा सकता है।,0,[],[]
184,सॉफ्टवेयर विकास परियोजनाओं में प्राकृतिक और वांछनीय परिवर्तन होते हैं।,0,[],[]
185,कोड की परिभाषा - कोड ऐसे सॉफ्टवेयर निर्देश होते हैं जिन्हें कम्प्यूटर समझ सकता है।,0,[],[]
187,सिद्धांतों का अभिप्राय एक सिस्टम विकास परियोजना में निर्णयों को प्रोत्साहित करना होता है। सिद्धांत मूल्यों से अधिक दृढ़ होने चाहिये और किसी व्यावहारिक परिस्थिति में वे अधिक सरलता से एक मार्गदर्शन में अनुवादित होने चाहिये।,0,[],[]
189,"अनुसंधान के अनुसार, VAD के कारण प्रति वर्ष 1-2 मिलियन मौतें होती हैं।",0,[],[]
191,"जब तक किसान या अनुवर्ती प्रयोक्ता प्रति वर्ष $10,000 नहीं कमा लेता, तब तक सुनहले चावल के लिए किसी रॉयल्टी की आवश्यकता नहीं है।",0,[],[]
193,ऑरेगोन,0,[],[]
194,मेरे पास आपके प्रश्न का उत्तर नहीं है।,0,[],[]
195,1977,0,[],[]
196,अंतरिक्ष यान।,0,[],[]
197,2,0,[],[]
198,मेरे पास आपके प्रश्न का उत्तर नहीं है।,0,[],[]
199,स्वस्थतम की उत्तरजीविता प्राकृतिक वरण की गलत अवधारणा है।,0,[],[]
201,मेरे पास आपके प्रश्न का उत्तर नहीं है।,0,[],[]
202,फ्लीज का पूर्वज अजगर है।,0,[],[]
204,"डेटा की विलंबता जब भी और जहां भी संभव है, अच्छा नहीं होती है।",0,[],[]
205,10 प्रतिशत से बढ़ रहा था।,0,[],[]
206,15 अरब$,0,[],[]
207,"डेटा विश्लेषण की अनुमति देता है बड़े डेटा के गोद लेने और लागत, उत्पादकता, और नवाचार के संदर्भ में क्षमता प्रदान करने के लिए।",0,[],[]
208,बिग डेटा विश्लेषण ने 2012 फिर से चुनाव में बराक ओबामा की सफलता में मदद की।,0,[],[]
209,"परम उद्देश्य की सेवा के लिए, या संप्रेषित, एक संदेश या सामग्री है कि उपभोक्ताओं की मानसिकता के साथ लाइन में है। इस प्रकार, उद्योग लोगों तक समय के साथ लाइन में पहुंचने की कोशिश कर रहा है।",0,[],[]
210,"टेस्ला की बहनों के नाम एंजिनिया, मिल्का और मारिका थे।",0,[],[]
211,ड्राफ्ट्समैन,0,[],[]
212,"टेस्ला की मृत्यु 7 जनवरी, 1943 को हुई।",0,[],[]
213,"1956 में उन्होंने सरकारी सेवा में डॉक्टर के रूप में कार्य किया, लेकिन शादी से निविदा नहीं है। उनकी शादी 1957 में हुई।",0,[],[]
214,"द्वितीय विश्व युद्ध के दौरान स्कूलों के बंद होने के कारण, महाथिर ने वहाँ के व्यवसाय में चले गए।",0,[],[]
215,मेरे पास आपके प्रश्न का उत्तर नहीं है।,0,[],[]
216,अब्दुल रजाक हुसैन ने अब्दुल रहमान की जगह ली।,0,[],[]
217,"सेवानिवृत्ति के बाद महाथिर का नया खिताब ""तुन"" था।",0,[],[]
218,पाकतन हरपन के संभावित अध्यक्ष और प्रधानमंत्री पद के उम्मीदवार के रूप में उन्हें प्रस्तावित किया गया था।,0,[],[]
219,फिलीपीन्स स्थित है।,0,[],[]
220,फिलीपीन मीडिया आमतौर पर फ़िलिपीनो और इंग्लिश भाषाओं का उपयोग करती है।,0,[],[]
221,फिलिपीनो भाषा मुख्यतः मेट्रो मनीला और अन्य शहरी क्षेत्रों में सुनाई जाती है।,0,[],[]
222,भाप आसवन का उपयोग ताप संवेदी पदार्थों को पृथक करने के लिए किया जाता है।,0,[],[]
223,"पीरटाइम और आंतरिक मंत्रालय के अधीन सेवा करने वाले गेन्डरमेरी और कोस्ट गार्ड, सैना और नौसेना के आदेश के अधीन नहीं हैं। तुर्की सशस्त्र सेनाएँ (TAF) तुर्की गणराज्य के सैन्य बल हैं और युद्ध अधीनस्थ सेना और नौसेना के लिए हैं।",0,[],[]
225,अमेरिका और कनाडा मानक का अनुसरण नहीं करते हैं।,0,[],[]
226,सी श्रृंखला की परिभाषा मिडलैंड्स तकनीकी कॉलेज की सूची में मिलती है। यह जानकारी सी श्रृंखला के कागज की लिफाफे के लिए और उनके क्षेत्रफल के बीच संबंध के बारे में दी गई है।,0,[],[]
227,हाइड्रोजन,0,[],[]
228,नैण्ड गेट को कार्यात्मक पूर्णता कहा जाता है।,0,[],[]
229,"उत्तर दिये गए माध्यम में शराब की लत के उपचार पर विवरण नहीं मिली है। इसलिए, मेरे पास आपके प्रश्न का उत्तर नहीं है।",0,[],[]
230,पुरुष से।,0,[],[]
231,कोकीन और मेथाम्फेटामीन के प्रयोग करने वाले लोगों को इस अवस्था की वापसी का सबसे अधिक जोखिम होता है।,0,[],[]
233,"लती जुआरी में जोखिम को बढ़ावा देने वाले कारकों में मानसिक व्याधियां, अल्कोहल तथा नशीली दवाओं का सेवन शामिल हैं।",0,[],[]
234,शराब के अत्यधिक सेवन के साथ समायोजित किया गया।,0,[],[]
235,"अवसाद के लक्षण निराशा, जीवन में आनंद की कमी, व्यग्रता तथा आवेग पर नियंत्रण में कमी शामिल होते हैं।",0,[],[]
236,कुछ लोग धमकी अथवा पक्षपात से बचने के लिए आत्महत्या कर लेते हैं। बचपन में हुआ यौन शोषण तथा पालक घर में व्यतीत समय जोखिम के कारक हैं। यौन शोषण को कुल जोखिम के 20% को योगदान का कारक माना जाता है।,0,[],[]
238,बढ़ता है आत्महत्या का जोखिम।,0,[],[]
239,कोयले तथा पुलों व सबवे प्लेटफॉर्मों पर बैरियर तक पहुंच को कम कर दिया गया।,0,[],[]
240,"मानसिक स्वास्थ्य समस्याओं से पीड़ित लोगों के लिए कई उपचार उपलब्ध हैं। ये उपचार उन्हें आत्महत्या के जोखिम से रोक सकते हैं और उनकी स्वास्थ्य को सुधार सकते हैं। यह शामिल है मानसिक देखभाल में भर्ती, चिकित्सा उपचार, और अकादमी पुरस्कारों के जैसे सम्मान सहित विभिन्न पुरस्कार।",0,[],[]
241,लीथियम उन लोगों में जोखिम कम करने में मदद करता है जिनमें द्विध्रुवीय विकार और एकध्रुवीय अवसाद समान्य जनसंख्या जितने स्तर पर दिखता है।,0,[],[]
242,चीन और भारत में आत्महत्या की दर सबसे अधिक है।,0,[],[]
243,"पश्चिमी दुनिया में, पुरुष तीन से चार गुना तक अधिक स्त्रियों की तुलना में आत्महत्या करते हैं।",0,[],[]
244,"चीन में पुरुषों की आत्महत्या की दर 0.9 दर है, जो महिलाओं की तुलना में अधिक है।",0,[],[]
245,दक्षिण पूर्व एशिया में बुजुर्ग महिलाओं की तुलना में युवा महिलाओं की आत्महत्या दर अधिक है।,0,[],[]
247,आत्महत्या को अंततः इसकी आर्थिक लागत के कारण राज्य के विरुद्ध अपराध माना जाने लगा।,0,[],[]
249,प्रायोपवेशन कड़ाई के साथ उन लोगों के लिए अनुमत है जिनके जीवन में अब कोई इच्छा या महत्वकांक्षा नहीं रह गई है।,0,[],[]
250,"ईसाई दार्शनिकों की राय के विपरीत, कुछ लोग आत्महत्या को निजी चुनाव का न्यायसंगत मामला मानते हैं। उनमें से कुछ विश्वास करते हैं कि किसी को भी उसकी इच्छा के विरुद्ध सहन करने के लिए बाध्य नहीं किया जाना चाहिए, विशेष रूप से जब कोई लाइलाज रोग या मानसिक रोग से पीड़ित है जिनमें सुधार की कोई संभावना नहीं है।",0,[],[]
251,पी एफिड कीड़े चिपचिपा द्रव छोड़कर दुश्मनों पर हावी हो सकते हैं।,0,[],[]
252,"वायरल संक्रमण के लक्षण में बुखार, थकान, सिरदर्द और मांसपेशियों में दर्द शामिल होते हैं। यदि मल खूनी नहीं होता, तो बैक्टीरिया जनित होने की संभावना अधिक होती है।",0,[],[]
253,गैर संक्रामक कारणों से की वायरल होने की संभावना कम है।,0,[],[]
254,बैक्टीरिया एस्केरेशिया कॉलि जठरांत्र शोथ का एक प्राथमिक कारण है।,0,[],[]
256,"नहीं, एंटीबायोटिक दवाएँ स्टैफलोकॉकस ऑरीस संक्रामक दस्त की रोकथाम करने में काफी कम दक्ष होती हैं।",0,[],[]
257,जीवाणु लगने के बाद भोजन का उपभोग करने वालों में संक्रमण का खतरा बढ़ता है।,0,[],[]
258,"सबसे आम बैक्टीरिया जो बच्चों में बीमारियों का कारण बनता है, एस्केरेशिया कॉलि है।",0,[],[]
259,बैक्टीरिया के कारण सबसे आम है।,0,[],[]
260,मेरे पास आपके प्रश्न का उत्तर नहीं है।,0,[],[]
261,"अत्यधिक गंभीर मामलों में, पुनर्जलीकरण का तरीका नसों के माध्यम से देना हो सकता है।",0,[],[]
262,"BRAT आहार की सिफारिश नहीं की जाती है क्योंकि यह सामान्य भोजन से बेहतर नहीं है और इसमें अपर्याप्त पोषक तत्व होते हैं। इसलिए, BRAT आहार के समान लाभकारी उत्पाद नहीं हैं।",0,[],[]
263,"ब्रैट आहार में केले, चावल, सेब का सॉस, टोस्ट और चाय शामिल होते हैं। यह सिफारिश नहीं की जाती क्योंकि इसमें अपर्याप्त पोषक तत्व होते हैं और ये सामान्य भोजन से बेहतर नहीं होते हैं।",0,[],[]
264,"एंटीबायोटिक के उपयोग का परिणाम गंभीर रूप से घायल कर सकता है। यदि अनुशंसित नहीं जाता है, तो ये दवाएँ अतिसंवेदनशील बैक्टीरिया को दबाने में मदद कर सकती हैं। लेकिन, यदि लक्षण विशेष रूप से गंभीर हों या अतिसंवेदनशील बैक्टीरिया की पहचान हो या उसका संदेह हो, तो उनकी अनुशंसा की जाती है।",0,[],[]
265,मेरे पास आपके प्रश्न का उत्तर नहीं है।,0,[],[]
267,आयशा टाकिया का जन्म १९८६ में हुआ था।,0,[],[]
269,हेपेटाइटिस बी वायरस एक गैनरल जीवन चक्र वायरस है जो अभी भी अपनी प्रतिकृति प्रक्रिया में रिवर्स ट्रांसक्रिप्शन का उपयोग करता है।,0,[],[]
270,"पूर्वी यूरोप, रूस और जापान में बच्चों में HBV का प्रसार अधिक दिखाई देता है।",0,[],[]
271,10% से अधिक,0,[],[]
272,चेचक का प्रकोप 1883 में ब्रेमेन में हुआ था।,0,[],[]
273,टीका लगाए गए कर्मचारियों में से 191 ने पीलिया से ग्रस्त हो गए और हेपाटाइटिस सीरम से ग्रस्त रोगी के रूप में इलाज किया गया।,0,[],[]
274,लुरमैन का शोधपत्र महामारी विज्ञान पर था।,0,[],[]
275,1883,0,[],[]
276,मेरे पास आपके प्रश्न का उत्तर नहीं है।,0,[],[]
277,स्पेनिशों के आने से बहुत पहले से ही दक्षिण अमेरिका के मूल निवासी इन द्वीपों पर आते रहते थे। यह थॉर हेयरडाह्ल और अर्नि स्कॉल्वोल्ड द्वारा 1952 में एक अध्ययन में पुष्ट किया गया है।,0,[],[]
278,उत्तर नहीं है।,0,[],[]
279,1832,0,[],[]
280,पांच आबाद द्वीप हैं।,0,[],[]
281,70,0,[],[]
283,2016 वर्ष में।,0,[],[]
284,मेरे पास आपके प्रश्न का उत्तर नहीं है।,0,[],[]
285,मेरे पास आपके प्रश्न का उत्तर नहीं है।,0,[],[]
286,RFC5340(2008) के अपडेट हैं।,0,[],[]
287,इंटरकनेक्टिंग राउटर का नाम एरिया बॉर्डर रूटर (ABR) है।,0,[],[]
288,OSPF का उपयोग प्रोटोकॉल नंबर 89 के साथ IP डाटाग्राम्स में किया जाता है।,0,[],[]
290,रूटर्स टू वे स्टेट के लिए OSPF प्रोटोकॉल का उपयोग करते हैं।,0,[],[]
291,1,0,[],[]
292,प्राथमिकता में सबसे उच्च सेटिंग के साथ हैलो भेजने वाला रूटर जीतता है।,0,[],[]
293,यदि वर्तमान डीआर अलग हो जाता है तो नया डीआर चुना जाएगा और दूसरे बीडीआर का चयन एक नया चुनाव पर निर्भर करेगा।,0,[],[]
294,मेरे पास आपके प्रश्न का उत्तर नहीं है।,0,[],[]
296,बेल के बड़े भाई मेलविल पढ़ता था।,0,[],[]
297,650 कि॰मी॰,0,[],[]
298,बेलारूस की औसत वार्षिक वर्षा 550 से 700 मिमी है।,0,[],[]
299,"रूस पर निर्भर है, जिसमें पेट्रोलियम भी शामिल है।",0,[],[]
300,2007 में बेलारूस की प्रजनन दर १.२२ थी।,0,[],[]
301,मेरे पास आपके प्रश्न का उत्तर नहीं है।,0,[],[]
302,गोमेल की जनसंख्या ४ लाख ८१ हज़ार की है।,0,[],[]
303,बेलारूस में प्रति महिला 0.87 पुरुष हैं।,0,[],[]
304,संयुक्त राज्य अमेरिका में संयुक्त मौखिक गर्भनिरोधक (COCP) गोली गर्भनिरोधक उपयोग के लिए 1960 में स्वीकृत की गई थी।,0,[],[]
305,मेरे पास आपके प्रश्न का उत्तर नहीं है।,0,[],[]
306,मेरे पास आपके प्रश्न का उत्तर नहीं है।,0,[],[]
307,संयुक्त गोली को अन्या या Lybrel नाम से बाज़ार में बेचा गया।,0,[],[]
308,COCP को माहवारी के पहले दिन के पांच दिनों के भीतर शुरू कर दिया जाने पर कारगर हो सकता है।,0,[],[]
310,"जर्मनी की सीमा डेनमार्क और बाल्टिक समुद्र से उत्तर में, पोलैंड और चेक गणराज्य से पूरब में, आस्ट्रिया और स्विट्ज़रलैंड से दक्षिण में और फ्रांस, लक्सेम्बर्ग, बेल्जियम और नीदरलैंड से पश्चिम में लगती है।",0,[],[]
311,मध्य एवं दक्षिणी जर्मनी महाद्वीपी प्रकार की जलवायु के क्षेत्र में सम्मिलित किए जाते हैं।,0,[],[]
312,जर्मन लैटिन वर्णमाला का उपयोग कर लिखा गया है।,0,[],[]
313,"स्टैंडर्ड जर्मन निचला जर्मन, डच, फ़्रिसियाई और अंग्रेजी भाषाओं के साथ संबंधित है।",0,[],[]
314,पश्चिम जर्मनी हिस्सा आप्रवासन के माध्यम से धार्मि�क रूप से अधिक विविधतापूर्ण हो गया।,0,[],[]
315,मेरे पास आपके प्रश्न का उत्तर नहीं है।,0,[],[]
316,विज्ञान और प्रौद्योगिकी के क्षेत्र में बहुत योगदान दिया है।,0,[],[]
317,पुरस्कार दस वैज्ञानिकों और शिक्षाविदों के लिए हर साल दिया जाता है।,0,[],[]
318,विश्वेश्वरय्या को सन १९५५ में भारत रत्न मिला।,0,[],[]
319,विश्वेश्वरैया का जन्म 15 सितंबर 1861 को हुआ था।,0,[],[]
320,विश्वेश्वरैया की माता का नाम वेंकाचम्मा था।,0,[],[]
321,जून महीने में हुआ।,0,[],[]
322,अधिकांशतः बैंक और वित्तीय संस्थाओं द्वारा Fr.,0,[],[]
322,"को इस्तेमाल किया जाता है। हालांकि, अधिक व्यवसायी और विज्ञापनदाता ""Fr.""",0,[],[]
322,"का या कुछ ""SFr.""",0,[],[]
322,का इस्तेमाल करते हैं।,0,[],[]
323,मेरे पास आपके प्रश्न का उत्तर नहीं है।,0,[],[]
324,"महिला निरोध ज्यादातर निटराइल, लेटेक्स या पॉलीयूरेथेन से बने होते हैं।",0,[],[]
325,लेटेक्स से बने कंडोम का उपयोग सबसे ज्यादा किया जाता है।,0,[],[]
326,12%,0,[],[]
327,स्तनपान को प्रभावित नहीं करता है।,0,[],[]
329,"डिंबवाहनी खोलने या डिंबवाहनियों को फिर से जोड़ने या वासा डिफरेंशिया को फिर से जोड़ने के लिए शुक्रवाहिकोच्छेदन उलटाव का प्रयास करना संभव है। डिंबवाहनी खुलवाने के बाद गर्भधारण की सफलता की दर 31 से 88 प्रतिशत तक है, लेकिन अस्थानिक सगर्भता के जोखिम के बढ़ने जैसी जटिलताएं शामिल हो सकती हैं।",0,[],[]
331,प्रसव के बाद 6 माह से कम के बच्चे की उपस्थिति में विफलता की दर 7.5% तक पाई गई थी।,0,[],[]
332,स्तनपान करने वाले नवजात शिशुओं की विफलता की दर 2 प्रतिशत तक है।,0,[],[]
334,लेवेनोगेस्ट्रल माइफप्रिस्टोन से कम कारगर है।,0,[],[]
335,मेरे पास आपके प्रश्न का उत्तर नहीं है।,0,[],[]
336,कॉपर IUDs का उपयोग सबसे अधिक बचत प्रदान करता है।,0,[],[]
339,यौन संबंधो तथा गर्भधारण को लेकर कई सारी आम भ्रांतियां प्रचिलित हैं।,0,[],[]
340,यूरेथेन प्लग एक प्रकार का गर्भनिरोध साधन है जिसमें यूरेथेन प्लग को डिफरेंस में रखा जाता है जिससे कि यह अवरुद्ध हो जाए।,0,[],[]
341,"नपुंसक बनाना या अण्डकोष हटाना जिसमें कुछ प्रजनन अंगों को हटाना शामिल होता है, आम तौर पर घरेलू पालतू जानवरों में जन्म नियंत्रण के लिए उपयोग किया जाता है।",0,[],[]
342,मेरे पास आपके प्रश्न का उत्तर नहीं है।,0,[],[]
343,मेरे पास आपके प्रश्न का उत्तर नहीं है।,0,[],[]
344,स्टैमेन ने बुल्गेरिया की दही में लैक्टिक अम्ल जीवाणुओं की खोज की।,0,[],[]
345,"मुक्त लेखन एक पूर्वलेखन तकनीक है जिसमें एक व्यक्ति वर्तनी, व्याकरण, या विषय के संबंध के बिना एक निर्धारित अवधि के लिए लगातार लिखता है। यह कच्चे, अक्सर अनुपयोगी सामग्री का उत्पादन करता है, लेकिन लेखकों को उदासीनता और आत्म-आलोचना के अवरोधों को दूर करने में सहायता करता है।",0,[],[]
346,मेरे पास आपके प्रश्न का उत्तर नहीं है।,0,[],[]
347,"यहाँ दिए गए पाठ से स्पष्ट है कि वेल्पेउ ने विश्लेषित किया कि उन्होंने फूलवाले के खून में ""ग्रुएल की तरह"" की स्थिरता देखी थी, जिसका कारण रक्त की उपस्थिति सफेद कॉर्पसकल के कारण था। इसलिए उत्तर है: रक्त की उपस्थिति सफेद कॉर्पसकल के कारण।",0,[],[]
348,विरचो को प्रकाश माइक्रोस्कोप के उपयोग में अग्रदूत के रूप में और सफेद रक्त कोशिकाओं के असामान्य अतिरिक्त वर्णन के लिए जाना जाता था।,0,[],[]
350,मेरे पास आपके प्रश्न का उत्तर नहीं है।,0,[],[]
351,अनुराग बसु ने फिल्म बर्फी का निर्देशन किया।,0,[],[]
352,भारत और विदेशों में यह फिल्म लोकप्रिय थी।,0,[],[]
354,बर्फी ने निरुत्साहित होकर झिलमिल को उसकी देख-भाल करने वाले के गाँव में छोड़ने की कोशिश की।,0,[],[]
355,प्रिंसिपल फोटोग्राफी 20 मार्च 2011 से शुरू हुई।,0,[],[]
356,बसु ने मार्च 2011 में कोलकाता की यात्रा की।,0,[],[]
357,इगेओन,0,[],[]
358,इगेओन शनि के G रिंग के चमकदार खंड के भीतर परिक्रमा करता है।,0,[],[]
359,आर्मेनिया ४० से अधिक अंतर्राष्ट्रीय संगठनों का सदस्य है।,0,[],[]
360,"29,800 कि.मी² (11,506 वर्ग मील)",0,[],[]
361,866 ग्रामीण समुदाय हैं।,0,[],[]
365,ब्रिटिश प्रणाली के रीति-रिवाजों को ध्यान में रखा गया था।,0,[],[]
366,फोनो में बहुमत से प्रधानमंत्री को चुना जाता है।,0,[],[]
367,पर्यटन क्षेत्र का विस्तार हुआ।,0,[],[]
370,समोआ में जर्मनों ने कोपरा (सूखे नारियल) और कोको बीन का उत्पादन किया। तथ्यांकित स्रोत से पता चलता है कि जर्मन व्यापारी और उपनिवेशी बड़े स्तर पर बागान लगाने की शुरुआत करने और कोको बीन और रबर के नए उद्योग विकसित करने में सक्रिय रहे।,0,[],[]
371,"केले वास्तव में समोआ में उत्पादित होते हैं लेकिन स्थानीय खपत से परे इसका कोई बड़ा निर्यात नहीं होता है। इसलिए, केले समोआ के लिए अन्य देशों को नहीं भेजे जाते हैं।",0,[],[]
372,रेल की पटरियाँ एपिया के पूर्व में कुछ बागान क्षेत्रों में देखी जा सकती हैं।,0,[],[]
374,अल्बर्ट वेंडट एक महत्वपूर्ण समोआई लेखक हैं।,0,[],[]
375,पैसिफिक ट्राई-नेशंस में हिस्सा लिया।,0,[],[]
376,रग्बी विश्व कप में।,0,[],[]
377,"पारंपरिक तौर पर केवल टोरी और व्हिग्स, या उन्नीसवीं सदी के मध्य से कंजर्वेटिव तथा लिबरल पार्टियां संसद में काफी अधिक संख्या में अपने सदस्यों को निर्वाचित करने में सफल रहीं। इसलिए, कंजरवेटिव दल को टोरी और लिबरल दल को व्हिग्स से बुलाया जाता था।",0,[],[]
378,चुनाव जनवरी 1910 और दिसंबर 1910 में आयोजित किए गए।,0,[],[]
379,लेबर पार्टी का उदय हुआ था।,0,[],[]
380,"दिए गए पाठ से याद किया जा सकता है कि ब्रिटेन में दो आम चुनावों के बाद 1929 के चुनाव से शुरू हुए। यह दिखाया गया है कि फरवरी 1974 और मई 2010 के चुनाव दो आम चुनाव का उदाहरण थे। इसलिए, वर्ष 1929 के चुनाव के बाद से तीन आम चुनाव हुए हैं।",0,[],[]
381,2010,0,[],[]
382,"अक्सर त्रिशंकु संसद के नकारात्मक परिणाम के तौर पर देखा जाता है, जिससे अपेक्षाकृत कमजोर और अस्थिर सरकार का जन्म होता है।",0,[],[]
383,"चुनाव के बाद अनिश्चितता की अवधि सामान्य है, क्योंकि प्रमुख पार्टी के नेता निर्दलीय और छोटे दलों के साथ बातचीत करके बहुमत स्थापित करने की कोशिश करते हैं।",0,[],[]
384,11,0,[],[]
385,डेफैड एलिस-थॉमस को फिर से पीठासीन अधिकारी के रूप में चुना गया था।,0,[],[]
386,IPod पर स्क्रॉल करने के लिए घूर्णी ढंग से क्लिक व्हील का इस्तेमाल किया जाता है।,0,[],[]
387,"नहीं, iPod संगत नहीं है उन प्रतिस्पर्धा म्यूजिक स्टोर्स के साथ जो DRM प्रौद्योगिकियों का उपयोग करते हैं। iPod डीआरएम का उपयोग नहीं करता है।",0,[],[]
388,द्वीप,0,[],[]
389,16 वीं से 20 वीं सदी तक।,0,[],[]
390,पूर्व की ओर।,0,[],[]
391,न्यायिक अधिकारी न्यायिक कर्तव्यों का पालन लगभग विशेष रूप से करते हैं।,0,[],[]
392,मेरे पास आपके प्रश्न का उत्तर नहीं है।,0,[],[]
393,ब्राजील में विधानसभा राज्य के कानून का मुख्य स्रोत है।,0,[],[]
394,इस सूची में उड़ने वाली वस्तु के बारे में कोई जानकारी नहीं है। मेरे पास आपके प्रश्न का उत्तर नहीं है।,0,[],[]
395,2 महीने से 15 वर्ष की आयु के बीच。,0,[],[]
396,शोडो द्वीप,0,[],[]
397,"द्वीप, जैतून का सफलतापूर्वक उगाने के लिए जापान का पहला क्षेत्र था। इसलिए, जापान के लिए द्वीप को पहली बार जैतून उगाने में सफलता मिली।",0,[],[]
398,मिशन इंपॉसिबल - फॉलआउट फिल्म 2018 में बनी थी।,0,[],[]
399,"फिल्मांकन 10 अप्रैल, 2017 को पेरिस में शुरू होने के लिए तैयार किया गया था। अन्य स्थानों में यूनाइटेड किंगडम, न्यूजीलैंड और नॉर्वे शामिल हैं। फिल्मांकन आधिकारिक तौर पर 8 अप्रैल, 2017 को शुरू हुआ। इसलिए, फिल्मांकन 2017 में शुरू होने की संभावना है।",0,[],[]
400,"यूनाइटेड किंगडम, न्यूजीलैंड और नॉर्वे में फिल्मांकन किया गया था।",0,[],[]
401,मेरे पास आपके प्रश्न का उत्तर नहीं है।,0,[],[]
402,मेरे पास आपके प्रश्न का उत्तर नहीं है।,0,[],[]
403,मेरे पास आपके प्रश्न का उत्तर नहीं है।,0,[],[]
404,मोनिका एन्ना मारिया बेलुची का जन्म 30 सितंबर 1964 के दिन हुआ था।,0,[],[]
405,शिज़ूओका प्रान्त जापान में स्थित है।,0,[],[]
406,जापान एल्प्स के भीतर प्रांत स्थित है।,0,[],[]
407,"पटाया शहर में शामिल क्षेत्र ताम्बोन नोंग प्रुए, क्लुएआ और हैव याई और नोंग प्लाई लाई हैं।",0,[],[]
408,पटाया शहर भारी औद्योगिक पूर्वी समुद्र तट क्षेत्र में स्थित है।,0,[],[]
410,75 मील में लगभग 120 किलोमीटर होते हैं।,0,[],[]
411,मेरे पास आपके प्रश्न का उत्तर नहीं है।,0,[],[]
412,थाईलैंड,0,[],[]
413,मंदिर 1976 में बनाया गया था।,0,[],[]
415,साल्ज़बोर्ग के दक्षिण में स्थित पर्वत उसके उत्तर में स्थित उबड़ खाबड़ मैदानों के विपरीत है।,0,[],[]
416,"जुवावम नॉरिकम के रूप में विकसित हुआ। इसकी स्थिति नहीं दी गई है, लेकिन यह रोमन प्रांत का एक महत्वपूर्ण कस्बा था। इसका नाम 45 ई.",0,[],[]
416,में रोमन म्युनिसिपियम की पदवी का सम्मान प्राप्त किया। इसका पतन नोरिकन सीमा प्रदेश के पतन के साथ हुआ था।,0,[],[]
418,1906 में,0,[],[]
419,"इस रणनीति के परिणामस्वरूप, हार्ले-डेविडसन कंपनी लगभग दिवालिया हो गयी, बाइकों की किस्म घटिया हुई और बिक्री घट गई। गुणवत्ता में अचानक गिरावट आई और कंपनी की स्थिति खराब हो गई।",0,[],[]
420,रीगन,0,[],[]
421,हार्ले-डेविडसन ने 1987 में बुएल को पचास अधिशेष XR1000 इंजन की आपूर्ति की।,0,[],[]
422,मेरे पास आपके प्रश्न का उत्तर नहीं है।,0,[],[]
423,"इलेक्ट्रा ग्लाइड्स को सामने से इसकी खूबसूरती से पहचाना जा सकता है। ज्यादातर इलेक्ट्रा ग्लाइड में फॉर्क-माउंटेड लगा होता है और इसके आकर को देखते हुए यह ""बैटविंग"" कहलाता है।",0,[],[]
424,"1994 मॉडल में, बैटरी ट्रांसमिशन के अंदर औरसीट के नीचे दाहिने शैडलबैग के भीतर रखी गयी थी।",0,[],[]
425,स्पोर्ट्सटर की इंजनों के जरिए डायना मोटरसाइकिलों को और अधिक अद्वितीय बनाते हैं।,0,[],[]
426,2003 मॉडल साल तक स्पोर्ट्सटर में इंजन को जरूर फ्रेम में मढ़ दिया गया।,0,[],[]
427,वी-रॉड में 60 डिग्री वी-ट्विन इंजन होता है।,0,[],[]
428,"हरलैंड, वोल्फ, फिनकेंटिअरी, मेयर वर्फ्ट और चेन्तियर डे।",0,[],[]
429,"128 कलाकारों से, जिनमें 16 अलग-अलग राज्यों के कलाकार शामिल हैं।",0,[],[]
430,संयंत्र को जहाज के गैस टरबाइन और डीज़ल इंजन से ठन्डे जल के द्वारा ऊर्जा प्रथमि की जाती है। अगर जरुरत हो तो जहाज के दो तेल से चलने वाले बॉयलर का उपयोग किया जाता है।,0,[],[]
431,ब्राइन,0,[],[]
432,2006,0,[],[]
433,"तीन रानियाँ थीं - क्वीन मैरी 2, क्वीन एलिजाबेथ 2 और क्वीन मैरी 2।",0,[],[]
434,81 दिन,0,[],[]
435,"चीनी शैली की पश्चिमी ब्रेड की तुलना में, यह पश्चिमी ब्रेड की तुलना में नरम और मीठा आटा है।",0,[],[]
436,नाश्ते या दोपहर की चाय में ब्रेड आटा लोकप्रिय है।,0,[],[]
437,निर्दिष्ट उपनाम या लقب की इनFORMATION में नहीं मौजूद है।,0,[],[]
438,बोह लोह अनानास है।,0,[],[]
439,मक्खन के टुकड़े डाले जाते हैं।,0,[],[]
440,कस्टर्ड।,0,[],[]
441,मेरे पास आपके प्रश्न का उत्तर नहीं है।,0,[],[]
442,हाइड्रोजन और हीलियम,0,[],[]
444,जुलाई में अश्क़ाबाद का औसत उच्च तापमान 38.3 डिग्री सेल्सियस होता है।,0,[],[]
445,"शहर में फर्नीचर, वस्त्र, हस्तशिल्प और लकड़ी का उत्पादन होता है।",0,[],[]
446,CACNA1C जीन में उत्परिवर्तन हो रहा है।,0,[],[]
448,जिन्ना के परिवार द्वारा उसका व्यापक विरोध किया गया था।,0,[],[]
449,यरूशलेम,0,[],[]
450,377,0,[],[]
451,"संयुक्त राष्ट्र सुरक्षा परिषद के प्रस्ताव के तीन दिन पहले वीटो लगा दिया गया। इसलिए, वीटो से तीन दिन पहले हुआ था।",0,[],[]
452,1995,0,[],[]
453,"डॉयल के पिता का देहांत 1893 में क्रिकटन रॉयल, डम्फ़्राइज में हुआ था।",0,[],[]
454,डॉयल का जन्म 22 मई 1859 को हुआ था।,0,[],[]
455,उसकी माँ का जन्म नाम था मेरी फोली।,0,[],[]
456,1997,0,[],[]
457,"1909 में, कांगो के उपनिवेश में भयावहता की भर्त्सना करने वाला लंबी पुस्तिका ""द क्राइम ऑफ द कांगो"" लिखा गया।",0,[],[]
458,बेरट्रम फ्लेचर रॉबिन्सन ने मदद की।,0,[],[]
459,डॉयल का शरीर ईस्ट ससेक्स के क्रोबोरो में खोजा गया था।,0,[],[]
460,एडिनबर्ग में पैदा हुए थे।,0,[],[]
461,ग्रैनरी धातु या भूसे से बनाई जाती हैं। आजकल धातु की डेहरी मिलने लगी है जिसे 'अन्न की कोठी' भी कहा जाता है। बखारियों को प्रायः धरातल से कुछ उपर बनाया जाता है।,0,[],[]
462,मेरे पास आपके प्रश्न का उत्तर नहीं है।,0,[],[]
463,"विट्वाटर्सरेंड पर सोने की प्रचुरता मिल सकती है, जो दक्षिण अफ्रीका का सबसे बड़ा शहर और सबसे ज्यादा सोना प्रक्षेप की स्थिति है।",0,[],[]
465,प्रत्येक सिलेंडर में चार वाल्व हैं।,0,[],[]
466,"वेरॉन की W16 इंजन का विस्थापन 7,993 घन सेंटीमीटर (487.8 घन इंच) है। क्षमता नहीं दी गई है।",0,[],[]
467,"माइकेलिन पीएएक्स के फ़्लैट टायरों की कीमत प्रति सेट 25,000 अमेरिकी डॉलर होती है।",0,[],[]
468,"सिविल युद्ध से पहले, डेविस ने मिसिसिपी में एक बड़े कपास बागान का संचालन किया और 74 से ज्यादा दासों के स्वामी थे।",0,[],[]
469,मेरे पास आपके प्रश्न का उत्तर नहीं है।,0,[],[]
470,जेफरसन डेविस लेफ्टिनेंट के रूप में छह साल की सेवारत रहे।,0,[],[]
471,मेरे पास आपके प्रश्न का उत्तर नहीं है।,0,[],[]
472,1881 में।,0,[],[]
473,"धूम्रपान के अन्य साधनों में पाइप, सिगार, हुक्का और बॉन्ग शामिल हैं।",0,[],[]
474,"यूरोपीय अन्वेषण और अमेरिका की विजय के बाद, तंबाकू धूम्रपान लोकप्रिय हो गया।",0,[],[]
475,धूम्रपान का इतिहास लगभग 5000 ई.पू.,0,[],[]
475,"पुराना हो सकता है, इसलिए धूम्रपान का सबसे पहला रिकॉर्ड 5000 ई.पू.",0,[],[]
475,के आसपास हो सकता है।,0,[],[]
476,फुटबॉल,0,[],[]
477,1967 के रिफ़रेंडम से आदिवासियों प्रभावित हुए थे।,0,[],[]
478,1 जनवरी 1901 के तक।,0,[],[]
479,"ऑस्ट्रेलियाई लड़े विश्व युद्ध के दौरान पश्चिमी प्रान्त में कुछ प्रमुख लड़ाइयों में। उदाहरण के लिए, गलीपोली में ऑस्ट्रेलिया और न्यूजीलैंड के सैन्य दल लड़े।",0,[],[]
480,प्रत्येक राज्य के पास एक विधान सभा है। उत्तरी प्रदेश और ऑस्ट्रेलियाई प्रमुख प्रदेश (ACT) में एक सभा है और बाकी राज्यों में दो सदन हैं।,0,[],[]
481,देश के दक्षिणी-पश्चिमी छोर में सामान्यतः समशीतोष्ण जलवायु पाई जाती है।,0,[],[]
482,50 वर्षो से ज्यादा.,0,[],[]
483,"ऑस्ट्रेलियाई संस्कृति का मुख्य प्रभाव अंग्लो सेल्टिक संस्कृति से है। देश के प्राकृतिक वातावरण और स्वदेशी संस्कृतियों से कई विशेषताएँ भी निकली लेकिन बासी अंग्लो सेल्टिक संस्कृति का प्रभाव अधिक था। इसके अलावा, 20वीं सदी के मध्य से ऑस्ट्रेलियाई संस्कृति अमेरिकी संस्कृति, ऑस्ट्रेलिया के एशियाई पड़ोसी और बड़े पैमाने पर अंग्रेजी भाषा न बोले जाने वाले देशों के अप्रवासियों से भी प्रभावित रही है।",0,[],[]
485,मेरे पास आपके प्रश्न का उत्तर नहीं है।,0,[],[]
486,"सेलेनियम आईडी सेलेनियम परीक्षण के लिए एक पूर्ण एकीकृत विकास पर्यावरण (आईडी) कर सकता है। यह फ़ायरफ़ॉक्स जोड़ने के रूप में लागू किया जा सकता है और रिकॉर्डिंग, संपादन और डिबगिंग परीक्षण की समर्थन करता है।",0,[],[]
487,फ़ायरफ़ॉक्स,0,[],[]
490,निर्यात फसलों का अंतिम गंतव्य ईरान था।,0,[],[]
491,शिराज की अर्थव्यवस्था में बदलाव आया था।,0,[],[]
492,बड़े एलर्जी जैसे बुखार और मिचली और एनाफिलिक्स एलर्जी की दो प्रमुख प्रतिक्रियाएँ हैं।,0,[],[]
493,फुटबॉल,0,[],[]
495,ईरान मिले।,0,[],[]
496,कुश्ती।,0,[],[]
497,मेरे पास आपके प्रश्न का उत्तर नहीं है।,0,[],[]
498,मेरे पास आपके प्रश्न का उत्तर नहीं है।,0,[],[]
499,एकाधिक घण्टे के बाद। इसके तुरन्त बाद किया जाता है।,0,[],[]
500,फ़िशिंग तकनीक को 1987 में विस्तार से वर्णित किया गया था।,0,[],[]
501,इन हमलों को समस्याग्रस्त माना जाता है क्योंकि वे विश्वसनीय वेबसाइटों पर अपने यूजर डेटा को निष्पादित करने के लिए उपयोगकर्ताओं को लागू करते हैं। ये हमले उपयोगकर्ताओं के बैंक और शिकार खातों की जानकारी को नकल करके अपने विशेषज्ञ ज्ञान के बिना उपयोगकर्ताओं से लाभ उठाने का माध्यम बनाते हैं।,0,[],[]
503,ट्रोब्रेंड द्वीप समूह पापुआ न्यू गिनी के देश का हिस्सा हैं।,0,[],[]
504,"संरक्षण की आवश्यकता। कैलेउना, वकुटा और कितावा द्वीपों के समूह को एक महत्वपूर्ण उष्णकटिबंधीय वर्षावन क्षेत्र माना जाता है जिसकी संरक्षण की आवश्यकता है।",0,[],[]
505,किरिविना के मुख्य द्वीप पर अधिकांश लोग रहते हैं।,0,[],[]
506,2004 ग्रीष्मकालीन ओलंपिक खेलों में अपेक्षा से अधिक 600 देश ने प्रतिस्पर्धा की।,0,[],[]
507,"यूक्रेन राष्ट्र इतिहास में पहली बार सोवियत संघ के आक्रमण के बाद, जर्मन और सोवियत सेना ने पोलैंड के क्षेत्र को आपस में बाट लिया जब तक कि यूक्रेनी जनसंख्या फिर से यूक्रेन के बाकी हिस्सों के साथ जुड़ गई। यह घटना सितंबर 1939 में हुई थी।",0,[],[]
508,यूक्रेनियन और सोवियत राष्ट्रीयताओं को सेना में शामिल किया गया था।,0,[],[]
510,मेरे पास आपके प्रश्न का उत्तर नहीं है।,0,[],[]
511,यूक्रेन ने मई 1992 में लिस्बन प्रटोकॉल पर हस्ताक्षर किए।,0,[],[]
512,मेरे पास आपके प्रश्न का उत्तर नहीं है।,0,[],[]
513,56%,0,[],[]
514,"वेब ट्रैफिक को मापने का एक तरीका वेब सर्वर लॉग फाइल में पाए जाने वाले ट्रैफिक आंकड़ों का विश्लेषण करके होता है। यह सूची सभी प्रयुक्त पृष्ठों को दर्शाती है और जब कोई फ़ाइल पेश की जाती है तो एक हिट उत्पन्न होता है। इस प्रकार, वेबसाइट पर मौजूद ट्रैफिक को मापा जा सकता है।",0,[],[]
515,एक व्यक्ति को औसत पृष्ठ अवधि कहाँ से जानकारी ले सकता है वह नहीं है। यह जानकारी उस व्यक्ति को उसके द्वारा देखा गया वेबसाइट के डेटाबेस से या उसने उपयोग किए गए टूल्स और सॉफ्टवेयर से मिल सकती है। यह जानकारी व्यक्ति की अपनी खातिर रखी या टूल्स द्वारा अक्सर संग्रहित की जाती है।,0,[],[]
516,मेरे पास आपके प्रश्न का उत्तर नहीं है।,0,[],[]
517,संदर्भदाता; मेजबान लिंक के (स्पष्ट) स्रोत की निगरानी रख सकता है और यह निर्धारित कर सकता है कि कौन सी साइटें किसी विशेष पृष्ठ के लिए सबसे अधिक ट्रैफिक पैदा कर रही हैं। इस चीज़ का नाम संदर्भदाता है।,0,[],[]
518,इंग्लैंड में वापस आया।,0,[],[]
519,हेलमेट पहनना चाहिए।,0,[],[]
520,"सवाल के उत्तर देने के लिए दिए गए पाठों में कोई वस्तु का वजन के कारण इसका पानी से बाहर निकलना कठिन होता है यह विषय नहीं व्याख्यात किया गया है। इसलिए, मेरे पास आपके प्रश्न का उत्तर नहीं है।",0,[],[]
521,"नहीं, कोई भी संसद कानून पारित नहीं कर सकती जो आगामी सरकार नहीं बदल सकती है।",0,[],[]
522,मंत्री बनते हैं।,0,[],[]
524,यूनाइटेड किंगडम इंग्लिश चैनल के द्वारा अलग होता है।,0,[],[]
525,"यूनाइटेड किंगडम में मध्य 2007 तक लगभग 60,975,000 लोग रहते थे।",0,[],[]
526,लंदन,0,[],[]
527,इंग्लैंड और वेल्स।,0,[],[]
528,स्कॉटिश नवजागरण में योगदान दिया।,0,[],[]
529,जेरेमी बेंटम और जॉन स्टुअर्ट मिल उल्लेखनीय ब्रिटिश दार्शनिक हैं।,0,[],[]
530,रानी,0,[],[]
531,"बुलडॉग कभी यूनाइटेड किंगडम के प्रतीक के रूप में प्रयोग किया जाता है और विंस्टन चर्चिल के नाजी जर्मनी की अवज्ञा से संबंधित है। इसलिए, चर्चिल ने नाजियों को हराने के लिए बुलडॉग का प्रतिनिधित्व किया जाता है।",0,[],[]
532,"ब्रिटानिया को भूरे या सुनहरे बालों वाली एक जवान औत के रूप में प्रतीक किया गया है। वह एक कोरिंथियन हेलमेट और सफेद वस्त्र पहने हुई है, और पोसाईडन का त्रिशूल और एक ढाल धारण करती है, जिसमें संघ का झंडा बना है। कभी-कभी वह एक शेर के पीछे सवारी करती हुई दर्शाई जाती है।",0,[],[]
533,कभी-कभी ब्रिटानिया शेर के पीछे सवारी करती हुई दर्शाई जाती है।,0,[],[]
534,मेरे पास आपके प्रश्न का उत्तर नहीं है।,0,[],[]
535,दो हफ्ते।,0,[],[]
536,युरेनस के ध्रुव लगातार सूर्य का सामना करता है।,0,[],[]
538,यूरेनस पर एक अद्भुत अक्षीय झुकाव है।,0,[],[]
539,"यूरेनस द्वारा अवरक्त वर्णक्रम से छोड़ी गई कुल शक्ति, उसके अपने वातावरण में अवशोषित सौर ऊर्जा की 1.06 ± 0.08 गुना है। यह अंक दर्शाता है कि यूरेनस अपने वातावरण में अवशोषित सौर ऊर्जा का लगभग 1.06 गुना ऊष्मा ऊर्जा के रूप में बाहर निकालता है।",0,[],[]
540,मेरे पास आपके प्रश्न का उत्तर नहीं है।,0,[],[]
542,1965 में हुआ था।,0,[],[]
543,पाकिस्तानी सैनिकों ने कश्मीर की स्थानीय आबादी की वेषभूषा में भारतीय कश्मीर में प्रवेश कर लिया।,0,[],[]
545,2005 में एडिडास 1 पेश किया गया था।,0,[],[]
546,"फूल नीले, गुलाबी, लाल और सफेद रंग के हो सकते हैं।",0,[],[]
547,मेरे पास आपके प्रश्न का उत्तर नहीं है।,0,[],[]
548,मालदीव की संस्कृति के मुख्य मूल भारत-आर्य से हैं।,0,[],[]
549,मेरे पास आपके प्रश्न का उत्तर नहीं है।,0,[],[]
550,हिंदी गाने उत्तर भारत की भाषाओं से संबंधित और समान लय और ताल के आधार पर आधारित हैं।,0,[],[]
551,मेरे पास आपके प्रश्न का उत्तर नहीं है।,0,[],[]
552,चाँद पर पहले आदमी ने 1969 में आप्लो-11 मिशन के दौरान कदम रखा।,0,[],[]
553,गौदी के कार्य को अन्तरराष्ट्रीय अपील प्राप्त है और वर्तमान में इनके कार्य के वास्तुकारों और आम जनता के बीच समान रूप से प्रशंसक मिलते हैं।,0,[],[]
554,गौदी के कार्य को विश्व विरासत स्थल के रूप में वर्गीकृत किया गया है।,0,[],[]
555,1926 के दौरान गौदी प्रतिदिन सैर करने जाते थे।,0,[],[]
556,अमेरिका में यह शृंखला केबल टेलीविज़न चैनल FX पर प्रसारित होती है।,0,[],[]
557,फोर्ड ने जैगुआर के शेयर खरीदने का प्रयास किया।,0,[],[]
559,5 वर्ष से कम उम्र के बच्चों में बुखार और खांसी अक्सर नहीं होते हैं।,0,[],[]
560,100 से अधिक रोग की पहचान की गई है।,0,[],[]
561,15%,0,[],[]
562,"हां, 20 वीं शताब्दी के बाद के वर्षों में मामलों की दर बढ़ रही है।",0,[],[]
563,"फेफड़ों को शामिल होना कारणों में टोक्सोप्लाज़्मा गोन्डी, ऐस्केरिस ल्युम्ब्रीकॉएड्स और प्लास्मोडियम मलेरियाशामिल होना शामिल है। ये जीव संक्रमण के कारण हो सकते हैं जिनमें त्वचा से सीधा संपर्क, अंतर्ग्रहण या कीट के काटने से शामिल होना शामिल है। इन संक्रमणों के कारण फेफड़े स्नोफीलिक प्रतिक्रिया का विकास कर सकते हैं जिससे गंभीर स्नोफीलिक निमोनिया हो सकता है।",0,[],[]
565,फेफड़ों में प्रवेश करती है।,0,[],[]
566,आँखों या नाक को छूते हैं।,0,[],[]
567,वायरस फेफड़े तक पहुंचने के लिए श्वसन सिंशियल वेसल का उपयोग करते हैं।,0,[],[]
569,रक्त,0,[],[]
570,मेरे पास आपके प्रश्न का उत्तर नहीं है।,0,[],[]
571,समुदाय में इन्फ्लुएंज़ा की उपस्थिति या तीव्र इन्फ्लुएंज़ा परीक्षण पर आधारित होता है।,0,[],[]
572,रेडियोग्राफ एक ऐसी प्रक्रिया है जो डॉक्टर किसी व्यक्ति के स्वास्थ्य का निर्धारण करने के लिए उपयोग करते हैं।,0,[],[]
573,लेग्यिनेला और स्ट्रेप्टोकॉकस के एंटीजन के लिए मूत्र का परीक्षण अनुशंसित किया जाता है।,0,[],[]
574,"यदि पूरी दुनिया में अच्छा उपचार उपलब्ध हो, तो बचपन में होने वाली मौतों में से 6,00,000 को कम किया जा सकता है।",0,[],[]
575,"टीकाकरण महत्वपूर्ण है क्योंकि वे बच्चों तथा वयस्कों को बुखार, निमोनिया और इंफ्लुएंज़ा जैसी बीमारियों से रोकते हैं। टीकाकरण स्वास्थ्य सेवा कार्यकर्ताओं को रोगियों के बीच वायरस जनित निमोनिया के जोखिम को कम करने में मदद करता है। वार्षिक टीकाकरण सिकंदर या अधिक उम्र के व्यक्तियों के लिए अनुशंसित किया जाता है। टीकाकरण दवाओं की आवश्यकता को कम कर सकता है और रोग के जोखिम को घटा सकता है।",0,[],[]
576,हाथों की स्वच्छता और अपनी बांह पर खांसना प्रभावी रोकथाम उपाय हो सकता है।,0,[],[]
577,"पारंपरिक रूप से उपचार की अवधि सात से दस दिन की रही है लेकिन बढ़ते हुए साक्ष्य यह बताते हैं कि छोटा कोर्स (तीन से पांच दिन) समान रूप से प्रभावी होता है। इसके अलावा, इसके लिए तीसरी और चौथी पीढ़ी के सिफाल्सोपोरिन्स, कार्बापेनम, फ्लोरोक्विनालोन, एमीनोग्लाइकोसाइड और वैन्कोमिसिन शामिल हैं। ये एंटीबायोटिक्स अमूमन अंतःशिरीय रूप से दिए जाते हैं और संयोजनों में इनका उपयोग किया जाता है।",0,[],[]
578,कॉर्टिकॉस्टरॉएड का उपयोग विवादित है।,0,[],[]
579,1% से कम,0,[],[]
580,फेफड़े के फोड़े के उपचार के लिए दीर्घ अवधि के एंटीबायोटिक उपयोग का स्वीकार्य उपचार होता है। कभी-कभार फोड़ों को शल्य रूप से निकालना भी आवश्यक होता है।,0,[],[]
581,निमोनिया के कारण श्वसन विफलता होती है क्योंकि फेफड़ों में तरल भर जाता है और वे सख्त हो जाते हैं। इस सख्ती के साथ एल्वियोलर तरल के कारण ऑक्सीजन निष्कर्षण में गंभीर कठिनाइयों के संयोजन के चलते उत्तरजीविता हेतु लंबी अवधि के लिए यांत्रिक श्वसन की आवश्यकता पड़ सकती है।,0,[],[]
582,निमोनिया,0,[],[]
583,कार्ल फ्रेडलैन्डर ने 1882 में स्ट्रेप्टोकॉकस निमोनिया का पता लगाया था।,0,[],[]
584,ग्राम के 1884 में पेश किये गए पेपर ने जीवाणुओं की पहचान करने में मदद करने वाली जाँच का आविष्कार किया।,0,[],[]
585,पेनिसिलिन एंटीबायोटिक दवाओं की श्रेणी में आता है।,0,[],[]
586,मेरे पास आपके प्रश्न का उत्तर नहीं है।,0,[],[]
587,मेरे पास आपके प्रश्न का उत्तर नहीं है।,0,[],[]
589,1878,0,[],[]
590,"निडारिया एक जीववैज्ञानिक संघ है जिसमें लगभग 10,000 से अधिक जीववैज्ञानिक जातियाँ शामिल हैं। ये प्राणी समुद्री और मीठे जलाशयों में मिलते हैं। उनके शरीर में निडोसाइट नामक विशेष कोशिकाएँ होती हैं जो विषैली वस्तुओं का उपयोग करके शिकार करती हैं। निडारिया के शरीर का अधिकांश भाग मीसोग्लीया नामक एक अवलेह का बना होता है जो जेली जैसी होती है। इनके शरीरों में व्यासीय सममिति दिखती है और एक मुख होता है जिसके इर्द-गिर्द निडोसाइट कोशिकाएँ धारण किये हुए टेन्टेकल होते हैं।",0,[],[]
591,14 9 2 और 1876 ईसवी के बीच होता है।,0,[],[]
592,"दिए गए मस्केटीर्स की संख्या अधिक है। जनरल को 12 मस्केटीर्स और भारी तोपखाने का एक टुकड़ा मिलता है, जबकि नॅचुरलिस्ट को केवल 4 गाय मिलती हैं।",0,[],[]
594,"XP का मतलब अनुभव है। यह खेल के दौरान खिलाड़ियों ने इमारतें, प्रशिक्षण इकाइयों का निर्माण, दुश्मनों को मारने और खज़ाने का संग्रह करने जैसे कार्यों को पूरा करके हासिल किया गया अनुभव का मापक है।",0,[],[]
595,मेरे पास आपके प्रश्न का उत्तर नहीं है।,0,[],[]
596,तसिया वैलेन्जा,0,[],[]
597,लीसी द पायरेट ने मॉर्गन पर हमला किया।,0,[],[]
598,मेरे पास आपके प्रश्न का उत्तर नहीं है।,0,[],[]
599,नथानिएल,0,[],[]
600,खानों के माध्यम से झील का नक्शा पाया गया था।,0,[],[]
601,"4 जनवरी, 2005 को",0,[],[]
602,"17 अक्टूबर, 2006 को खेल विस्तार जारी किया गया था।",0,[],[]
605,सूची में मेयर ने किसी भी पत्रिका के लिए लिखने के बारे में नहीं लिखा है। मेरे पास आपके प्रश्न का उत्तर नहीं है।,0,[],[]
606,8,0,[],[]
607,"अदिश क्षेत्र जो अंतरिक्ष में परिवर्तित होते हैं, उनका ब्रह्मांड संबंधी स्थिरांक से अंतर करना कठिन हो सकता है क्योंकि परिवर्तन अत्यंत धीमा हो सकता है।",0,[],[]
608,22%,0,[],[]
610,ब्रह्मांडीय त्वरण से संबंधित।,0,[],[]
611,"इनसाइडर ट्रेडिंग के दोषी ठहराने के लिए निरन्तर रहस्य रखने की आवश्यकता होती है। यदि रहस्य खोला जाता है या यह यकीन किया जाता है कि यह गैर-सार्वजनिक है, तो इसके रहस्य से दूर होना कर्त्तव्य होता है।",0,[],[]
612,अनुवादकों के पेशे में सबसे अधिक उपयोग होगा।,0,[],[]
613,मेरे पास आपके प्रश्न का उत्तर नहीं है।,0,[],[]
614,यदि कोई व्यक्ति मानक उपचार द्वारा बेहतर नहीं होता है तो बैक्टीरिया की जांच के लिए अतिरिक्त परीक्षण किये जा सकते हैं।,0,[],[]
615,हालत के लक्षण इस प्रकार हैं: - गंभीर कंठ-रोग की शिकायत - घरघराहट - छाती की दीवार का आंकुचन,0,[],[]
617,भौंकने जैसी खांसी तथा घरघराहट।,0,[],[]
618,अंतःश्वासनली इंट्यूबेशन की आवश्यकता होती है।,0,[],[]
619,बुडासोनाइड इंजेक्शन द्वारा और इसमें साँस लेने से दोनों तरीकों द्वारा ली जा सकती है।,0,[],[]
620,"गर्म भाप को सांस में लेने का इलाज पारंपरिक स्व-देखभाल उपचार का हिस्सा है, लेकिन नैदानिक अध्ययनों में इसकी प्रभावशीलता साफ नहीं साकार की गई है।",0,[],[]
621,वायरस जनित कंठ-रोग की अपेक्षित अवधि दो दिनों के भीतर बेहतर हो जाती है लेकिन सात दिनों तक बने रह सकती है।,0,[],[]
622,15 वर्ष तक।,0,[],[]
623,मेरे पास आपके प्रश्न का उत्तर नहीं है।,0,[],[]
624,"फ्रेंच वायरस क्रुप को ""अशुद्ध-क्रुप"" कहा जाता था।",0,[],[]
625,मनोविज्ञान विभाग की शुरुआत 1896 में पेंसिल्वैनिया विश्वविद्यालय में लाइटनर विट्मर द्वारा प्रथम मनोवैज्ञानिक चिकित्सालय की स्थापना के साथ हुई।,0,[],[]
626,प्रमाणन 1927 तक हुआ।,0,[],[]
627,मेरे पास आपके प्रश्न का उत्तर नहीं है।,0,[],[]
628,"सामान्य रूप से, रोटरी इंजन में प्रत्येक पंक्ति में सिलेंडरों की संख्या विषम (3, 5, 7 आदि) रखी जाती है।",0,[],[]
629,"हस्तरेखा शास्त्र या काइरमैन्सी कला कई सांस्कृतिक विविधताओं के साथ दुनिया भर में देखा जाता है। इसलिए, इसकी कई सांस्कृतिक विविधताएं हैं।",0,[],[]
630,लॉन बाउल्स में खेलने की स्ट्रिप्स को रिंक कहा जाता है।,0,[],[]
631,संजय लीला भंसाली ने बाजीराव मस्तानी का निर्देशन किया।,0,[],[]
634,मेरे पास आपके प्रश्न का उत्तर नहीं है।,0,[],[]
635,वेंडी फ्रीटाउन के कारावास में चल रहा है।,0,[],[]
636,अंतरिक्ष यात्री ऐसे व्यक्ति को कहते हैं जो पृथ्�vी के वायुमंडल से ऊपर जाकर अंतरिक्ष में प्रवेश करते हैं। वर्तमान में यह अधिकतर विश्व की कुछ सरकारों द्वारा चलाए जाने वाले अंतरिक्ष शोध कार्यक्रमों के अंतर्गत अंतरिक्ष-यानों में सवार यात्रियों को कहा जाता है।,0,[],[]
637,"ग्रह ग्रहमंडल के भीतर होते हैं। विशेष तौर पर, शनि गैस दानव के रूप में वर्गीकृत है और इसका बाह्य भाग गैस से बना है। इसकी भूमध्यरेखीय और ध्रुवीय त्रिज्याओं के बीच का फर्क है। शनि सौरमंडल का एकमात्र ग्रह है जो पानी से कम घना है।",0,[],[]
638,करीब 10% का फर्क है।,0,[],[]
639,"शनि के कोर का व्यास लगभग 25,000 किमी माना जाता है।",0,[],[]
640,मैग्नेटोस्फीयर द्वारा सौर वायु कणों के विक्षेपित किया जाता है।,0,[],[]
641,रिया पर एक स्वयं की कमजोर वायुमंडल प्रणाली हो सकती है।,0,[],[]
642,1944 में पुष्टि हुई की टाइटन का वायुमंडल मोटा था।,0,[],[]
644,निम्नलिखित पाठ से यह स्पष्ट नहीं होता कि वॉयजर 1 या वॉयजर 2 को किसी तरह से वापस भेजा गया था। इसलिए उत्तर नहीं मिल सका।,0,[],[]
645,कैसिनी ऑर्बाइटर ने शनि के चंद्रमा टाइटन पर दो फ्लाईबाई किए।,0,[],[]
646,शनि अपनी सर्वाधिक चमक पर दिखाई देता है जब यह 2003 के अंत में पृथ्वी व सूर्य के करीब होता है और विमुखता के दौरान।,0,[],[]
647,29½,0,[],[]
648,मेरे पास आपके प्रश्न का उत्तर नहीं है।,0,[],[]
649,सरुहाशी कटसुको एक जापानी भूरसायनविद थीं।,0,[],[]
650,रसायनशास्त्र में पीएचडी मिली।,0,[],[]
653,अमेरिका से।,0,[],[]
654,युद्धों के समय आवश्यकता के दबाव के कारण शोध किया गया।,0,[],[]
655,"कुनैन किसी भी व्यापारिक स्रोत से मिल सकता है, लेकिन इसकी प्राकृतिक स्रोत से आइसोलेशन की प्रक्रिया सबसे सस्ती है। सिन्कोना के पेड़ से प्राप्त किया जा सकता है।",0,[],[]
656,तेज उत्तरी-पूर्वी हवाएँ अप्रैल से अप्रैल तक बहना शुरू होती हैं।,0,[],[]
658,1799 में,0,[],[]
659,"कच्ची सड़कें अभी भी बड़ी संख्या में रह गई हैं, जिनमें अधिकतर ग्रामीण क्षेत्रों में कम उपयोग में लाई जाने वाली सड़कें हैं।",0,[],[]
661,"समय से पहले दफन करने के कारण मौत होती है। यह कारण दम घुटना, निर्जलीकरण, भुखमरी, या (ठंडे मौसम में) हाइपोथर्मिया हो सकता है।",0,[],[]
662,2006 से 2009 तक,0,[],[]
663,सवाल का उत्तर दिया गया नहीं गया है क्योंकि दी गई सूची में कोई ऐसा जानकारी नहीं है।,0,[],[]
665,"पॉलिन सार्वजनिक विद्यालयों में यौन शिक्षा का समर्थन करती हैं जो गर्भनिरोध के साथ-साथ संयम को बढ़ावा देते हैं। इसलिए, पॉलिन यौन शिक्षा के पक्ष में है जो इसके नहीं होने को बढ़ावा देता है।",0,[],[]
666,मॉंटेवीडियो की स्थापना 18वीं सदी के शुरुआती दौर में हुई थी।,0,[],[]
667,660 किमी (410 मील),0,[],[]
668,उरुग्वे को भ्रष्टाचार बोध सूचक में कुल 180 से 25वां सबसे कम भ्रष्ट देशों में गिना जाता है।,0,[],[]
669,"परिणामों का अध्ययन और संग्रह करने के लिए, कैटेकोलामीन और मेटानेफ्रिन की माप की जाती है या 24 घंटे के मूत्र संग्रह किया जाता है। इसके अलावा, एड्रीनर्जिक अतिरिक्तता के अन्य कारणों और खाद्य पदार्थों का भी ध्यान रखा जाता है। ट्यूमर की स्थिति का पता लगाने के लिए टी2 भारित एमआरआई या कंप्यूटरीकृत टोमोग्राफी और आयोडीन-123 मेटा-आयोडोबेंजीलग्वानिडीन इमेजिंग भी उपयोग किया जाता है।",0,[],[]
670,कैटेकोलामीन की नकल करता है।,0,[],[]
671,"द गुड, द बैड एंड द अग्ली सर्वश्रेष्ठ पश्चिमी फिल्म के रूप में मान्यता मिली है।",0,[],[]
672,16 बिट रंग।,0,[],[]
673,फ्लोरिडा बस विरोध 1956-1957 के दौरान हुआ।,0,[],[]
674,मेरे पास आपके प्रश्न का उत्तर नहीं है।,0,[],[]
675,राजा को 12 अप्रैल 1963 को गिरफ्तार किया गया।,0,[],[]
676,"हालांकि दिए गए पाठों में संवैधानिक नहीं होने का उल्लेख नहीं है, लेकिन दूसरे पाठ में इसका उल्लेख है कि ""आदेश के असंवैधानिक होने का यकीन दिलाया।"" इसलिए, उत्तर हो सकता है: आदेश संवैधानिक नहीं हो सकता।",0,[],[]
677,गैस्टन मोटल में अनौपचारिक रूप से SCLC का मुख्यालय और राजा के भाई रेवरेंड ए.डी.,0,[],[]
677,किंग का घर था।,0,[],[]
678,"""आई हैव ए ड्रीम""",0,[],[]
679,सेल्मा का शेरिफ जिम क्लार्क था।,0,[],[]
680,सेल्मा की जिमी ली जैक्सन की हत्या के कारण एमएलके के मार्च की चिंगारी भड़की।,0,[],[]
681,600 लोगों ने 54 मील की दूरी पर मार्च किया।,0,[],[]
682,जॉन लुईस बेहोश हो गए और उन्हें सुरक्षित स्थान में घसीट कर लाया गया। कम से कम 16 अन्य यात्रियों को अस्पताल में भर्ती कराया गया।,0,[],[]
683,"चार साल के भीतर, दक्षिण में मतदाता पंजीकरण दोगुना से अधिक वृद्धि हुई।",0,[],[]
684,मिसिसिपी में 1965 में 74% उच्चतम अश्वेत मतदाता पंजीकरण हुआ।,0,[],[]
685,"250,000 नए अश्वेत मतदाताओं को पंजीकृत किया गया था।",0,[],[]
686,चुनाव में जिम क्लार्क ने हारा।,0,[],[]
687,"नोबेल शांति पुरस्कार प्राप्त करने के बाद, किंग के कैरियर में निराशायुक्त चुनौतियाँ थीं। ये चुनौतियाँ उनके नागरिक अधिकार और मतदान अधिकार के लिए कानून पारित करने के लिए थीं।",0,[],[]
688,फुटबॉल,0,[],[]
689,पांच बार उसने अंतरिक्ष में उड़ान भरी थी।,0,[],[]
690,यूसीएलए,0,[],[]
691,उत्तरी परिसर।,0,[],[]
692,"भारतीयों को गरीबी, भ्रष्टाचार, कुपोषण, अपर्याप्त सार्वजनिक स्वास्थ्य-सेवा और आतंकवाद की चुनौतियां सामने आती हैं।",0,[],[]
694,भारत की न्यायपालिका में 24 उच्च न्यायालयों का उपयोग किया जाता है।,0,[],[]
695,मेरे पास आपके प्रश्न का उत्तर नहीं है।,0,[],[]
696,मिलान में अत्यधिक संख्या में कैथोलिक धर्म है।,0,[],[]
697,सामान्यतः सैन सिरो के नाम से जाना जाता है।,0,[],[]
698,फेडरर रफ़ाएल नदाल से हारा था।,0,[],[]
699,"वॉरेन ने कहा, ""सज्जनों, यह कोई पाखंड नहीं है।""",0,[],[]
701,बुजुर्ग महिलाएँ,0,[],[]
703,रेडियो पर उल्लेखनीय रूप से ध्यानाकर्षित किया।,0,[],[]
704,लिंकिन पार्क ने मिटिओरा की सफलता के बाद एक नया पروजेक्ट रेवल्यूशन गठित किया। इसमें अन्य बैंड और कलाकार प्रस्तुत हुए।,0,[],[]
708,"लिंकिन पार्क के 2007 एल्बम ""मिनट्स टू मिडनाइट"" का निर्माण निर्माता रिक रूबिन ने किया था।",0,[],[]
709,सेवाएँ एक संचार समझौते का पालन करती हैं।,0,[],[]
710,मेरे पास आपके प्रश्न का उत्तर नहीं है।,0,[],[]
711,युवा लड़कियां अपने लंबे बालों को स्विंग करके और संगीत के मजबूत धड़कन के समय में अपने शरीर को घुमाने के द्वारा नृत्य किया।,0,[],[]
712,"वीवा, आसमां, श्वेता शेट्टी, जैस्मीन और स्टाइल भाई इंडी-पॉप कलाकार हैं।",0,[],[]
713,लकड़ी में आम तौर पर सेलूलोज की मात्रा करीब 50 प्रतिशत होती है।,0,[],[]
714,"बायोपॉलिमरों के रचनात्मक गुणों का अध्ययन रचनात्मक जीवविज्ञान कहलाता है। ये बोयोपॉलिमर स्वतः ही विशिष्ट आकारों में दोहरे हो जाते हैं, जिससे उनके जैविक कार्यकलाप निर्धारित होते हैं।",0,[],[]
715,पाएंगे अमीनो एसिड रेजिड्यू।,0,[],[]
716,एडमैन अवक्रमण,0,[],[]
717,अक्सिटल ट्वीजर या परमाणु बल माइक्रोस्कोपी।,0,[],[]
718,टीना के प्रति आकर्षण रखता है।,0,[],[]
719,राज भारत लौट आता है।,0,[],[]
721,परिवार नई नौकरी के लिए इंग्लैंड जाने के लिए गया था।,0,[],[]
722,पूजा और राज ने एक दूसरे के लिए अपने प्यार की खोज की और शादी करने का फैसला किया।,0,[],[]
725,शरद सक्सेना,0,[],[]
726,कॉपरमाइन नदी प्वाइंट झील से उठती है।,0,[],[]
727,हूलोक में लिंग का निर्धारण करना लगभग असंभव होता है।,0,[],[]
728,मेरे पास आपके प्रश्न का उत्तर नहीं है।,0,[],[]
729,मेरे पास आपके प्रश्न का उत्तर नहीं है।,0,[],[]
730,पुरुषों के बालों को गहरा होने और फिर काले होने में 6 मास का समय लगता है।,0,[],[]
731,8 से 9 वर्षों में,0,[],[]
734,"कांग चाहता है कि अमेरिकी आणविक हथियारों के आयुध भंडारो को विस्फोट से तबाह किया जाए, ताकि अमेरिका को श्मशान बना दिया जा सके। इसके अलावा, उसे दक्षिण कोरिया पर हमला करने के लिए उत्तर कोरिया की सहायता प्राप्त करने का अनुमति देने की इच्छा है।",0,[],[]
735,मेरे पास आपके प्रश्न का उत्तर नहीं है।,0,[],[]
736,सैर्बेरस कोड।,0,[],[]
737,मेरे पास आपके प्रश्न का उत्तर नहीं है।,0,[],[]
738,मेरे पास आपके प्रश्न का उत्तर नहीं है।,0,[],[]
739,मेरे पास आपके प्रश्न का उत्तर नहीं है।,0,[],[]
740,2002 में इरना से संगीत बनाने का निवेदन किया गया था।,0,[],[]
741,"पूरे संयुक्त राज्य अमेरिका में एल्बम ""फेसलेस"" की दस लाख से अधिक प्रतियाँ बिकीं।",0,[],[]
743,प्रत्येक थाई आप्रवासियों के लिए 500 डॉलर ऑफर किया जाता है।,0,[],[]
744,53.4 मिलियन डॉलर की घरेलू कमाई की।,0,[],[]
745,मेरे पास आपके प्रश्न का उत्तर नहीं है।,0,[],[]
746,"बकिंघम पैलेस में ब्रिटिश शाही परंपरागत रूप से रहता है, लेकिन वर्तमान में शाही परंपरागत रूप से यहाँ रहने वाला राजकुमार या रानी नहीं है। वे इसके निकट स्थित वेस्टमिंस्टर एबलैंस में रहते हैं।",0,[],[]
747,19वीं सदी में रानी के मकान के विस्तार का डिजाइन वास्तुकारों जॉन नैश और एडवर्ड ब्लोर द्वारा किया गया था।,0,[],[]
748,महल की चिमनी से धुंआ निकलती थी जिससे आग को बुझा देना पड़ता था। प्रांगण में बर्फ़ की फ़ुहारें आती थीं। वेंटिलेशन खराब था जिससे इंटीरियर से बदबू आती थी। गैस लैंप लगाने के बाद नीचे के फ़्लोरों पर गैस तैयार करने की चिंता उत्पन्न हो गई। स्टाफ़ नकारा और सुस्त थे और महल गंदा था।,0,[],[]
749,विंडसर कासल में किए जाते थे।,0,[],[]
750,म्यूजिक रूम है।,0,[],[]
751,लाल और नीले रंग का चीनी लंच रूम ब्राइटन बैंकटिंग और म्यूजिक रूम के हिस्सों से मिलकर बना है।,0,[],[]
752,मेरे पास आपके प्रश्न का उत्तर नहीं है।,0,[],[]
753,"दिल्ली दरबार के अभिषेक महल का माप 36.6 मी॰ (120.08 फीट) लंबा, 18 मी॰ (59.06 फीट) चौड़ा और 13.5 मी॰ (44.29 फीट) ऊँचा है।",0,[],[]
755,महल की म्युजिशियंस गैलरी में एक मिलिट्री बैंड बजाया जाता था।,0,[],[]
756,मेरे पास आपके प्रश्न का उत्तर नहीं है।,0,[],[]
757,राजकीय भोज नृत्य कक्ष में औपचारिक डिनर के दौरान तैयार किए जाते हैं।,0,[],[]
759,सबसे बड़े और सबसे आधिकारिक स्वागत का कारण है विदेशी राजनैतिक समूह के सदस्यों की यात्रा के दौरान महारानी के साथ मिलना।,0,[],[]
760,मेरे पास आपके प्रश्न का उत्तर नहीं है।,0,[],[]
761,महारानी के तीन बच्चों का नामकरण संगीत कक्ष में हुआ था।,0,[],[]
762,1844 रूम में अधिक संख्या में छोटे समारोह होते हैं।,0,[],[]
763,रानी एलेक्जेंड्रा है।,0,[],[]
764,मेरे पास आपके प्रश्न का उत्तर नहीं है।,0,[],[]
765,"द्वितीय विश्व युद्ध के दौरान, बम विस्फोटों की कवरेज को पूर्ण रूप से प्रतिबंधित कर दिया गया था।",0,[],[]
766,1695 से एडिनबर्ग का बैंकिंग एक मुख्याधार रहा है।,0,[],[]
768,लेक्स लूथर आर्खम असायलम से भाग निकलता है।,0,[],[]
771,गवर्नर-जनरल की भूमिका वर्तमान में औपचारिक है।,0,[],[]
772,"1784 में, परिषद को तीन सदस्य तक सीमित कर दिया गया।",0,[],[]
773,1786,0,[],[]
774,मेरे पास आपके प्रश्न का उत्तर नहीं है।,0,[],[]
776,मेरे पास आपके प्रश्न का उत्तर नहीं है।,0,[],[]
777,वॉर्न हेस्टिंग्स के पास किसी विशेष उपाधि की कोई नहीं थी।,0,[],[]
778,वाइसरीगल लॉज,0,[],[]
779,ब्लैक-रम्प्ड फ्लेमबैक की लम्बाई की सीमा 26-29 सेंमी है।,0,[],[]
780,1000 मीटर तक,0,[],[]
781,ऐमलथीया काफ़ी लाल रंग का होता है।,0,[],[]
782,"बाढ़ में डूबे हुए जानवरों की अनुमानित संख्या ३०,००० है।",0,[],[]
783,"बाढ़ के कारण 30,000 लोगों को उनके घरों से हटाना पड़ा।",0,[],[]
784,कास्ट आयरन की घुमावदार लकीर का उपयोग हुआ।,0,[],[]
786,एडमंड बेक्केट डेनिसन,0,[],[]
787,पेंडुलम के ऊपर पुराने सिक्कों का ढेर समय को समायोजित करने के लिए है। सिक्का जोड़ने से पेंडुलम की लंबाई कम हो जाती है और इसलिए घड़ी की गति प्रति सेकंड 0.4 से बदल जाती है।,0,[],[]
788,"रखरखाव कार्य के दौरान, घड़ी मूल तंत्र द्वारा संचालित नहीं होती है बल्कि एक इलेक्ट्रिक मोटर द्वारा संचालित होती है।",0,[],[]
789,"ग्रेट बेल के साथ, घंटाघर में चार तिमाही घंटो का संचय किया गया है जो तिमाही घंटो पर वेस्टमिंस्टर क्वार्टरों को प्ले करते हैं। इसलिए, क्वार्टर की घंटी के अलावा, वेस्टमिंस्टर क्वार्टर में चार तिमाही घंटी बजती हैं।",0,[],[]
790,मेरे पास आपके प्रश्न का उत्तर नहीं है।,0,[],[]
791,बेला एक संकोची लड़की है।,0,[],[]
792,बेला समय के साथ एड्वर्ड के प्यार में पड़ जाती है।,0,[],[]
793,मेरे पास आपके प्रश्न का उत्तर नहीं है।,0,[],[]
794,"मृत ब्रिटिश सैनिकों को गहरे गड्ढों में दफनाया गया था, जबकि मृत देशी सैनिकों के शव छोड़ दिए गए थे।",0,[],[]
795,मेरे पास आपके प्रश्न का उत्तर नहीं है।,0,[],[]
796,"तंग साम्राज्य के अंतिम दिनों में उत्तरी चीन में बहुत भयंकर झगड़े जारी रहे और राज्यों के राज्यपाल लगभग पूरी तरह आज़ाद हो गए। इसलिए, युद्ध से उत्तरी चीन का क्षेत्र तबाह हो गया था।",0,[],[]
797,विण्डहोइक में यथेष्ट संख्या में हीरीरोभाषी अल्पसंख्यक रहते हैं।,0,[],[]
798,हीरीरो भाषा से मिलती जुलती।,0,[],[]
799,हीरीरोलैण्ड द्वारा शामिल किए गए क्षेत्र इस प्रकार हैं: 1.,0,[],[]
799,ओमाहिके क्षेत्र 2.,0,[],[]
799,ओट्जोज़ोण्ड्जुपा क्षेत्र 3.,0,[],[]
799,"कुनेने क्षेत्र हिम्बा भी इस क्षेत्र में मिलती है, जो हीरीरो भाषा से संबंधित है।",0,[],[]
801,दस अवतारों द्वारा।,0,[],[]
802,चेक गणराज्य और स्लोवाकिया。,0,[],[]
804,व्येन्त्यान में मुख्य राजधानी मानी जाती है। लाओस की राजधानी व्येन्त्यान है।,0,[],[]
805,रॉबर्ट्स की माँ का पहला नाम रोजमैरी था।,0,[],[]
806,रॉबर्ट फुटबॉल टीम के कप्तान थे।,0,[],[]
807,चीता,0,[],[]
808,अनुष्का वयस्क होने के दौरान लंदन और एन्किनिटस पर रहीं।,0,[],[]
809,53,0,[],[]
812,सीमावर्ती सहायता,0,[],[]
813,तुर्कमेन कालीन निर्माताओं को 1971 में चित्रित किया गया था।,0,[],[]
814,150 से अधिक वर्षों के लिए।,0,[],[]
815,बायरामोव ने सांस्कृतिक हस्तियां श्रृंखला की शुरुआत की।,0,[],[]
816,साल 1984 में बायरामोव को द्वितीय पुरस्कार से सम्मानित किया गया।,0,[],[]
817,1985,0,[],[]
818,साथी कलाकारों के दो नाम हैं: सुहरोब कुर्बानोव और ताहिर सलहोव।,0,[],[]
819,चीन में 6वी जनसंख्या गणना 1 नवंबर 2010 को आयोजित की गई।,0,[],[]
820,चीन की जनसंख्या वृद्धि दर केवल 0.59% है।,0,[],[]
821,संवैधानिक अर्थशास्त्र के दायरे के भीतर पाया जा सकता है।,0,[],[]
823,बैंकिंग में मैनुअल काम को कम करने के लिए सॉफ्टवेयर का उपयोग किया गया।,0,[],[]
824,मुक्केबाजी सबसे आकर्षक साबित हुई है।,0,[],[]
825,सूची में कोई जानकारी नहीं है जो राज के दोस्त ने उसे क्या कहकर बुलाते थे। मेरे पास आपके प्रश्न का उत्तर नहीं है।,0,[],[]
826,मेरे पास आपके प्रश्न का उत्तर नहीं है।,0,[],[]
828,मेरे पास आपके प्रश्न का उत्तर नहीं है।,0,[],[]
829,मेरे पास आपके प्रश्न का उत्तर नहीं है।,0,[],[]
830,गर्मी प्रवाह सेन्सर का उपयोग किया जाता है।,0,[],[]
831,उज़बेक भाषा और उइग़ुर भाषा चग़ताई से सबसे करीबी संबंध हैं।,0,[],[]
833,1987,0,[],[]
835,"1990 के दशक के दौरान, कोर्निएन्को ने व्यावसायिक कंपनियों के लिए काम किया। उन्होंने 1991 से दिसंबर 1992 तक ओ.ओ.ओ ट्रांसवोस्तोक तकनीकी और उत्पादन विभाग के निदेशक रहे। जनवरी 1993 से अप्रैल 1995 तक वे एलएलसी ईएसटीई जनरल डायरेक्टर थे।",0,[],[]
837,तस्मानियाई डैविल सामूहिक स्थान पर शौच करता है।,0,[],[]
838,"दिए गए पाठ से स्पष्ट है कि डैविल जानवर तस्मानिया में लगभग ३००० साल पहले संकुचित हो गए थे और अंततः विलुप्त हो गए। यह विलुप्ति के कारण जंगली कुत्तों को दोषी ठहराया जाता है, लेकिन वास्तव में यूरोपीय मूल के लोगों द्वारा शिकार किए जाने से हुई थी।",0,[],[]
839,"मछलियों का आकार छोटा होता है, लगभग 10 सेंटीमीटर।",0,[],[]
840,रग्बी,0,[],[]
841,15 अगस्त 2008,0,[],[]
842,मेरे पास आपके प्रश्न का उत्तर नहीं है।,0,[],[]
846,रन इन द लाइट था।,0,[],[]
847,ब्राइट लाइट एल्बम 1 नवंबर 2010 को रिलीज़ किया गया।,0,[],[]
848,"2010 में, एल्टन जॉन की ""आपका सॉन्ग"" को कवर किया गया था।",0,[],[]
849,पूर्ण एल्बम।,0,[],[]
850,गोल्डिंग के दूसरे एल्बम का नाम है हैलसीन।,0,[],[]
851,कुछ भी हो सकता है,0,[],[]
852,वीडियो को 22 जनवरी को यूट्यूब पर आधिकारिक रूप से रिलीज किया गया।,0,[],[]
853,"करीम रानी को ""मुंशी"" उपाधि दी गई।",0,[],[]
854,अंग्रेज़ी स्वेटिंग सिकनेस को भी लातिन में सुदोर अंग्लिकस के नाम से जाना जाता है।,0,[],[]
856,"पसीने की बीमारी प्लेग, जिसे पूर्व में मारक बुखार या अन्य महामारी के रूप में जाना जाता था, से अलग थी।",0,[],[]
857,फ्रांस में हुई।,0,[],[]
858,Marga Faulstich का पेशा काँच रसायनज्ञ था।,0,[],[]
859,1935 में।,0,[],[]
860,मेरे पास आपके प्रश्न का उत्तर नहीं है।,0,[],[]
861,जेना का संबंध सोवियत व्यवसाय क्षेत्र से था।,0,[],[]
862,प्रश्न का उत्तर सूची में दिए गए पाठ से निकाला गया नहीं जा सका। मेरे पास आपके प्रश्न का उत्तर नहीं है।,0,[],[]
863,मार्गा का मुख्य फोकस लेंस के अनुसंधान और विकास पर था।,0,[],[]
865,1973 में मार्गा फ़ाउलस्टिच को उनके आविष्कार के लिए सम्मानित किया गया।,0,[],[]
866,देश की शीर्ष टीमों ने स्पोर्ट में लगाए जा रहे पैसे के बढ़ते प्रवाह का लाभ उठाने के उद्देश्य से एक बार फिर से फुटबॉल लीग छोड़ने पर विचार किया।,0,[],[]
867,टेलीविजन,0,[],[]
868,दास व्यापार था।,0,[],[]
870,थ्रोनी आईलैंड,0,[],[]
871,वेस्टमिंस्टर को पहले थ्रोनी आईलैंड के नाम से मशहूर था।,0,[],[]
872,कॉलिज ग्रीन,0,[],[]
873,शीर्ष दो मंजिलों में पैलेस ऑफ वेस्टमिंस्टर में समितियों के कमरे और कार्यालय पाए जा सकते हैं।,0,[],[]
874,वेस्टमिंस्टर पैलेस में चार मंजिलें हैं।,0,[],[]
875,क्रॉसबैंचर्स ऊन की थैलियों विपरीत सदन के बीच में बैठते हैं।,0,[],[]
876,"सरकार का प्रत्येक सदस्य राजकीय उद्घाटन में भाग लेता हैं, जो प्रत्येक वार्षिक संसदीय सत्र के आरम्भ में आयोजित किया जाता हैं।",0,[],[]
878,650 में से 427 सदस्य ही चैंबर में बैठ सकते हैं।,0,[],[]
879,मेरे पास आपके प्रश्न का उत्तर नहीं है।,0,[],[]
880,बारहवीं सदी से लेकर उन्नीसवीं सदी तक वेस्टमिंस्टर हॉल में नए राजाओं के राज्याभिषेक के सम्मान में समारोहिक भोज आयोजित किए गए।,0,[],[]
881,वेस्टमिन्स्टर हॉल में होते हैं।,0,[],[]
883,1999 में किये गए सुधारों के तहत हाउस ऑफ कॉमंस ग्रैंड समिति कक्ष का उपयोग एक अतिरिक्त बहस कक्ष के रूप में किया गया।,0,[],[]
884,दो सदन हैं।,0,[],[]
886,एलिसा की भूमिका सारा कासिडी की 17 साल की बेटी के रूप में की जाती है।,0,[],[]
887,मेरे पास आपके प्रश्न का उत्तर नहीं है।,0,[],[]
888,इलेक्ट्रॉनिक आर्ट्स ने 2007 में डेड स्पेस की घोषणा की।,0,[],[]
889,मेरे पास आपके प्रश्न का उत्तर नहीं है।,0,[],[]
890,इसकी लंबाई लगभग 100 किलोमीटर (62 मील) है।,0,[],[]
891,मेरे पास आपके प्रश्न का उत्तर नहीं है।,0,[],[]
892,मार्टी को लॉरेन पर जबरदस्ती करने की कोशिश करने के लिए बिफ नशे में चूर बिफ ने मार्टी को कार से खींचकर उसकी कोशिश की।,0,[],[]
893,शूटिंग कार्यक्रम दिन के समय फैमिली टाइज़ की शूटिंग और शाम के 6:30 से लेकर रात के 2:30 तक बैक टू द फ्यूचर की शूटिंग करना होता था।,0,[],[]
894,"बैक टू द फ्यूचर 3 जुलाई 1985 को उत्तर अमेरिका के 1,200 सिनेमाघरों में प्रदर्शित हुई।",0,[],[]
895,उत्तरी अमेरिका में फ़िल्म बैक टू द फ्यूचर ने कुल 210.61 मिलियन डॉलर की कमाई की।,0,[],[]
896,मारुति उद्योग लिमिटेड को फरवरी १९८१ में स्थापित किया गया।,0,[],[]
897,स्केलेटन को 2002 के शीतकालीन ओलंपिक में फिर से ओलंपिक में लाया गया था।,0,[],[]
898,मेरे पास आपके प्रश्न का उत्तर नहीं है।,0,[],[]
899,ब्रिट एयर,0,[],[]
901,मेरे पास आपके प्रश्न का उत्तर नहीं है।,0,[],[]
902,बाल्टिक सागर,0,[],[]
903,"सेंट्रल पोलैंड में तटीय क्षेत्रों, झीलों और नदियों की आर्द्रभूमि कानूनी रूप से संरक्षित है।",0,[],[]
905,वाइकिंग लोग विस्तुला और ओडेर नदियों में यात्रा करते थे।,0,[],[]
907,तस्वीरों के संबंध में अक्सर विभेदन है जो कई तरीकों से मापा जाता है।,0,[],[]
908,3.1 मेगापिक्सेल,0,[],[]
910,1965 में बनाया गया था।,0,[],[]
911,मेरे पास आपके प्रश्न का उत्तर नहीं है।,0,[],[]
912,कुरसन परिवार के अधिकार में हैं।,0,[],[]
916,तेल को फ़िल्टर और प्रक्षालित किया जाता है।,0,[],[]
917,"1981 में, मीनाक्षी शेषाद्रि को मिस इंडिया का ताज पहनाया गया था।",0,[],[]
919,पाशा (अमरीश पुरी) ने श्रीकांत माथुर (शम्मी कपूर) को चेतावनी मिलाई है।,0,[],[]
920,मेरे पास आपके प्रश्न का उत्तर नहीं है।,0,[],[]
921,फिल्म का निर्देशन लुइस लेटरियर द्वारा किया गया था।,0,[],[]
922,स्टर्न पर आक्रमण करता है।,0,[],[]
923,फ़ातिमा बेगम की नागरिकता भारतीय थी।,0,[],[]
924,बेगम अपनी 1926 की फिल्म बुलबुल-ए-पेरिसतान के साथ भारतीय सिनेमा का पहला महिला निदेशक बन गई। इस फिल्म का नाम बुलबुल-ए-पेरिसतान है।,0,[],[]
925,"बिरहल एस्टेट 53,000 एकर में फैला है।",0,[],[]
926,समाजवादी देशों से आने वालों लोगों के लिए।,0,[],[]
927,गरान ऍल्ड विक लिंडस्ट्रांड की मूर्ति 9 मीटर लंबी है।,0,[],[]
928,मेरे पास आपके प्रश्न का उत्तर नहीं है।,0,[],[]
929,मेरे पास आपके प्रश्न का उत्तर नहीं है।,0,[],[]
930,मोरक्को ने 1968 के बाद से छह अवसरों पर शीतकालीन ओलंपिक खेलों में भाग लिया है।,0,[],[]
931,ईसाई वातावरण में पले-बढ़े।,0,[],[]
932,25 सितम्बर 2016,0,[],[]
933,"संप्रभु और उसके तत्काल परिवार के सदस्य देश के विभिन्न आधिकारिक, औपचारिक और प्रतिनिधि कार्यों का निर्वाह करते हैं।",0,[],[]
934,"अपने दिए गए पाठ से यह स्पष्ट है कि 1649 से 1660 के बीच अंग्रेजी राष्ट्रमंडल के नाम से एक क्षणिक गणतांत्रिक काल चला। इसलिए, उत्तर है: अंग्रेजी राष्ट्रमंडल।",0,[],[]
935,मेरे पास आपके प्रश्न का उत्तर नहीं है।,0,[],[]
936,K4 III,0,[],[]
937,3 जून प्लान' या माउंटबैटन योजना का नाम दिया गया।,0,[],[]
938,हिन्दू धर्म।,0,[],[]
939,खेतों का मालिक जैक बार्ट्स है।,0,[],[]
940,थाॅमस को बर्खास्त कर दिया जाता है।,0,[],[]
941,सवाल का उत्तर दिया गया पाठ से प्राप्त नहीं किया जा सकता।,0,[],[]
942,मेरे पास आपके प्रश्न का उत्तर नहीं है।,0,[],[]
944,मेरे पास आपके प्रश्न का उत्तर नहीं है।,0,[],[]
945,मेरे पास आपके प्रश्न का उत्तर नहीं है।,0,[],[]
946,फिल्मांकन मार्च 2011 को शुरू हुआ।,0,[],[]
947,मेरे पास आपके प्रश्न का उत्तर नहीं है।,0,[],[]
949,इथियोपिया को १९४२ से १९९१ तक १३ प्रान्तों में विभाजित किया गया था।,0,[],[]
950,नुप्त्से या नुब्चे एवरेस्ट पर्वत से २ किमी पश्चिम-दक्षिणपश्चिम में स्थित हैं।,0,[],[]
951,सिलिका खनिज का प्रयोग करने के दौरान श्रमिकों को सुरक्षा उपकरण नहीं प्रदान किए गए कारण से सिलिका धूल का मज़दूरों पर बुरा असर पड़ा।,0,[],[]
952,The Corporate Group इंजन नागरिक उड्डयन और अंतरिक्ष अन्वेषण कार्यक्रमों के लिए बनाए जाते हैं।,0,[],[]
953,टाइटेनियम,0,[],[]
955,नैन्सी सुलिवन।,0,[],[]
956,बेनोइट के घर में पाया गया।,0,[],[]
957,डिर्क सागेर एक जर्मन पत्रकार था।,0,[],[]
958,एलिसा,0,[],[]
959,ऑटोपायलट के लिए आवाज (ऑटोपायलट के लिए) से ली गई है।,0,[],[]
961,राजकुमारी मार्गरेट है।,0,[],[]
962,"एलिज़ाबेथ के जीवनी की पुस्तक का नाम ""एलिज़ाबेथ और उनकी बहन की लिटिल प्रिन्सेज़ेज़"" है।",0,[],[]
964,18 मई को पहली शाही टेलीफोन कॉल की गई थी।,0,[],[]
965,मेरे पास आपके प्रश्न का उत्तर नहीं है।,0,[],[]
966,20 से ज्यादा देशों को ब्रिटेन से स्वतंत्रता मिली।,0,[],[]
967,1960 और 1970 के दौरान अफ्रीका उपनिवेश शासन से स्वतंत्र होना शुरू हुआ।,0,[],[]
968,मेरे पास आपके प्रश्न का उत्तर नहीं है।,0,[],[]
969,"ट्रूपिंग द कलर समारोह के दौरान, महारानी पर नकली गोलियां चलाई गईं।",0,[],[]
970,महारानी ने उत्तरी आयरलैंड में शांति बहाली के लिए ब्लेयर के प्रयासों की प्रशंसा की।,0,[],[]
971,मेरे पास आपके प्रश्न का उत्तर नहीं है।,0,[],[]
972,स्लोवाकिया ने पहली बार 1994 में ओलिंपिक खेलों में भाग लिया।,0,[],[]
973,मेरे पास आपके प्रश्न का उत्तर नहीं है।,0,[],[]
975,मेरे पास आपके प्रश्न का उत्तर नहीं है।,0,[],[]
976,मेरे पास आपके प्रश्न का उत्तर नहीं है।,0,[],[]
977,स्टीवन स्पीलबर्ग की रुचि थी।,0,[],[]
978,कनाडा का ओंटारियो शामिल किया गया था।,0,[],[]
979,ऑस्ट्रेलिया टेलीविजन नेटवर्क सेवेन ने प्रिज़न ब्रेक का प्रीमियर किया था।,0,[],[]
981,आस्ट्रिया में है।,0,[],[]
982,"माउंट ताबवेमासना समुद्र स्तर से 6,165 फीट ऊपर है।",0,[],[]
983,प्रोविंसियल काउंसिल।,0,[],[]
984,उत्तर दिये गए पाठ से निर्णयात्मक उत्तर नहीं निकल सका। दिए गए पाठ में किसी विशेष उत्पाद की कमी के बारे में कोई जानकारी नहीं है।,0,[],[]
985,हम दिल दे चुके सनम 1999 में बनी हिन्दी भाषा की नाटकीय प्रेमकहानी फ़िल्म है।,0,[],[]
986,सलमान खान,0,[],[]
987,"मस्तिष्क ज्वर (मेनिन्जाइटिस) की कारणों में सूक्ष्मजीवों के संक्रमण शामिल हैं, जिनमें वायरस, बैक्टीरिया, फंगी और प्रोटोज़ोआ शामिल हैं।",0,[],[]
988,"हां, प्रतिरक्षा शक्ति के नुकसान से संबंधित है। यह जोखिम कारक वाले लोगों में फफूंद जनित मस्तिष्क ज्वर का कारण बन सकता है।",0,[],[]
989,CSF में स्नोफिल्स (एक प्रकार की श्वेत रक्त कणिकाएं) की अधिक मात्रा मौजूद होती है।,0,[],[]
990,मोलारेट्स मेनिंजाइटिस एसेप्टिक मस्तिष्क ज्वर के बार-बार होने वाला एपीसोड है; यह हरपीस सिम्पलेक्स वायरस टाइप 2 के कारण होने वाला माना जाता है।,0,[],[]
991,ड्यूरा मेटर खोपड़ी दोनो से जुड़ी होती है।,0,[],[]
992,वायरल मेनिंजाइटिस सबसे आम रूप में एंटेरोवायरस के कारण होता है।,0,[],[]
993,मेरे पास आपके प्रश्न का उत्तर नहीं है।,0,[],[]
994,मेरे पास आपके प्रश्न का उत्तर नहीं है।,0,[],[]
995,हेमोफाइलस टीके के इनtrsuction के कारण मैनिंजाइटिस के मामलों में काफी कमी आई है।,0,[],[]
996,"सवाल में दिए गए जानकारी के अनुसार, सुल्तान की पत्नियों के नाम दिलबहार और नवबहार हैं।",0,[],[]
997,अंत में आदिल को रिहा किया गया था।,0,[],[]
998,मेरे पास आपके प्रश्न का उत्तर नहीं है।,0,[],[]
1001,सेवोरा का जन्म १९७६ में हुआ था।,0,[],[]
1002,शार्लेट का व्यवसाय कवि था।,0,[],[]
1003,दक्षिण नाहानी नदी कनाडा के येलोनाईफ से ५०० किलोमीटर पश्चिम में स्थित है।,0,[],[]
1004,दक्षिण नहानी नदी का उद्गम स्थल मैकेन्ज़ी के पहाड़ों के पहाड़ी ढलानों पर निकलती है।,0,[],[]
1005,कोनरैड मारिया की मृत्यु 16 नवम्बर 1907 को हुई।,0,[],[]
1006,स्टॉफ़ेनबर्ग परिवार का धर्म कैथोलिक है।,0,[],[]
1007,मेरे पास आपके प्रश्न का उत्तर नहीं है।,0,[],[]
1009,उनकी पांच संतानें थीं।,0,[],[]
1011,"शैल के अनुसार हजेंस उनके $150,000 का कर्जदार है।",0,[],[]
1012,"ओस्क्जुहलियो (Öskjuhlíð) था, जो वास्तव में एक द्वीप था।",0,[],[]
1013,रेक्जाविक विमानतल को मुख्यतः घरेलू उड़ानों और ग्रीनलैंड और फ़रो द्वीप समूह तक की उड़ानों के लिए उपयोग किया जाता है।,0,[],[]
1014,रेक्जाविक में दो बंदरगाह हैं।,0,[],[]
1015,बारह मराठा शासकों को निर्देशित किया गया।,0,[],[]
1016,"ब्रिटिशों ने रघुनाथराव को 2,500 सैनिक प्रदान करने का वादा किया।",0,[],[]
1019,ऑस्ट्रेलिया,0,[],[]
1020,प्रत्येक तिमाही में पहले 5 महीनों में 28 सूर्य हैं।,0,[],[]
1021,वर्ष में 12 महीने होते हैं।,0,[],[]
1022,2002 में,0,[],[]
1023,पश्चिमी शैली की शिक्षा भारत पर ब्रिटिश शासन के खिलाफ संघर्ष में सहायक नहीं होगी।,0,[],[]
1024,मेरे पास आपके प्रश्न का उत्तर नहीं है।,0,[],[]
1025,8वीं से 12वीं शताब्दी के बीच।,0,[],[]
1026,सर्वदर्शनसंग्रह 14वीं शताब्दी में लिखा गया था।,0,[],[]
1027,मेरे पास आपके प्रश्न का उत्तर नहीं है।,0,[],[]
1029,ईसाईयों को भगवान की पूजा करते समय आभार की भावना अनुभव करनी चाहिए।,0,[],[]
1030,"प्रत्येक ईसाई का मानना है कि वे एक व्यक्तिगत परमेश्वर के द्वारा बनाये गए थे, इसलिए ईसाईयों को दृढ़ता से उनके निर्माता की प्रशंसा करने और आभार देने के लिए प्रोत्साहित किया जाता है। इस प्रकार, आभार की उत्पत्ति ईसाई धर्म से होती है।",0,[],[]
1031,3,0,[],[]
1032,"कृतज्ञता महसूस करने का लाभ यह है कि आभारी लोग अपने जीवन और सामाजिक रिश्तों से अधिक संतुष्ट होते हैं, उन्हें अन्य लोगों से समर्थन मिलने की संभावना अधिक होती है और उन्हें नकारात्मक रणनीति कम लगती है। यह भी लाभ है कि आभारी लोग अधिक सकारात्मक तरीकों से समस्याओं का सामना करते हैं और बेहतर नींद मिलती है।",0,[],[]
1033,"आभारी लोगों के पास सामना करने के लिए अधिक सकारात्मक तरीके होते हैं और वे बेहतर नींद आते हैं। इसलिए, आभार का गुण मानसिक स्वास्थ्य की सबसे मजबूत कड़ियों में से एक है और लोगों की बेहतर सोने में मदद भी करता है।",0,[],[]
1034,"आभारी लोगों के पास जीवन में आने वाली कठिनाइयों का सामना करने के लिए अधिक सकारात्मक तरीके होते हैं, अन्य लोगों से समर्थन मिलने की संभावना अधिक होती है, वे अनुभव की पुनः व्याख्या करते हैं और उससे आगे बढ़ते हैं, और समस्या के समाधान के लिए योजना बनाने में अधिक समय लगते हैं। उनके पास नकारात्मक रणनीति कम होती है।",0,[],[]
1035,अध्ययनों से पता चला है कि आभारी लोगों में खुशी का स्तर अधिक और अवसाद और तनाव का स्तर कम होने की संभावना होती है।,0,[],[]
1036,"यहाँ दिए गए पाठ से यह स्पष्ट नहीं होता कि धन देने में वृद्धि का कारण क्या था। इन पाठों से आभार और आर्थिक उदारता के संबंध के बारे में बताया गया है, लेकिन धन देने की वृद्धि के बारे में कोई जानकारी नहीं है। इसलिए, मेरे पास आपके प्रश्न का उत्तर नहीं है।",0,[],[]
1037,मनुष्य के कल्याण में एक महत्वपूर्ण कारण आभ्यंतर सम्बंध है।,0,[],[]
1038,मेरे पास आपके प्रश्न का उत्तर नहीं है।,0,[],[]
1039,राइफल तीन किलोमीटर तक प्रहार कर सकती है।,0,[],[]
1040,ड्वाइट डी.,0,[],[]
1041,"राष्ट्रपति के विमान के लिए विशेष कॉल चिन्ह ""एयर फोर्स वन"" है।",0,[],[]
1043,9/11 के दौरान राष्ट्रपति जॉर्ज डब्ल्यू.,0,[],[]
1043,बुश फ्लोरिडा के सारासोटा एम्मा ई.,0,[],[]
1043,बुकर प्राथमिक स्कूल में थे।,0,[],[]
1044,लिफ्टमास्टर एरिजोना में टुकसॉन के पिमा एयर एंड स्पेस संग्रहालय में प्रदर्शित है।,0,[],[]
1045,"देशपांडे के पहले उपन्यास का नाम ""द डार्क होल्ड्स नो टेरर"" था।",0,[],[]
1046,"पृथ्वी से अल्फी इंडी 3.11 मैग्नीट्यूड रोशनी के सापेक्ष कान्तिमान के लिए दूरी नहीं दी गई है। दिए गए पाठ में अल्फी इंडी की रोशनी की मात्रा और हिन्दी तारामंडल में इसकी स्थिति बताया गया है, लेकिन इसमें दूरी की जानकारी नहीं मिली है। इसलिए, उत्तर नहीं मिल सका।",0,[],[]
1047,"चार पात्र कैट्स डेविस, गारफील्ड, जॉन आर्बक्ल और लेमैन ओडी में थे।",0,[],[]
1048,1906,0,[],[]
1050,मेरे पास आपके प्रश्न का उत्तर नहीं है।,0,[],[]
1051,सेस्बानिया ग्रैन्डीफ़्लोरा वृक्ष की ऊंचाई 3 से 7 मीटर तक बढ़ता है।,0,[],[]
1053,मेरे पास आपके प्रश्न का उत्तर नहीं है।,0,[],[]
1054,मेरे पास आपके प्रश्न का उत्तर नहीं है।,0,[],[]
1055,1971 के अंत में पूर्वी पाकिस्तान में स्वतंत्रता आंदोलन के चलते भारत-पाकिस्तान के बीच बांग्लादेश मुक्ति संग्राम छिड़ गया। इस संग्राम के चलते 22 नवम्बर 1971 को चार पाकिस्तानी एफ-86 सेबर लडाकू विमानों ने भारतीय व गरिबपुर में मुक्ती भनी इलाकों में हमला कर दिया।,0,[],[]
1056,भारत पाकिस्तान के खिलाफ युद्ध में उतरा था।,0,[],[]
1057,1984 में भारत ने सियाचिन का कट्टरपंथी सैन्य संचालन किया था।,0,[],[]
1059,मेरे पास आपके प्रश्न का उत्तर नहीं है।,0,[],[]
1060,1924 ग्रीष्मकालीन ओलंपिक के बाद टेनिस को हटा दिया गया था।,0,[],[]
1061,कांस्य पदक था।,0,[],[]
1062,ऊना कैस्टिला चैपलिन का पेशा अभिनय है।,0,[],[]
1063,"चैपलिन ने तीन फीचर फिल्मों में अपनी माता के साथ अभिनय किया है: अकल्पनीय, ¿पारा क्यू सिर्व ओडी ओसो?",0,[],[]
1063,और इमागो मोर्टिस।,0,[],[]
1064,इक्वालाइज़र वर्ष 2014 में जारी किया गया था।,0,[],[]
1065,2011 में थॉर ने रिलीज़ किया।,0,[],[]
1067,इस प्रजाति को दक्षिणी भारत और श्रीलंका में समूहों में वितरित किया जाता है।,0,[],[]
1068,पक्षियों के लिए श्रीलंका की पहाड़ियों में पांच अंडे देना संभव होता है।,0,[],[]
1069,मेरे पास आपके प्रश्न का उत्तर नहीं है।,0,[],[]
1070,प्रकाश अंग संगीत ने मुहम्मद की उपस्थिति का संकेत दिया।,0,[],[]
1071,"हमजा, जयद या बिलाल।",0,[],[]
1072,हेमीसिर्कस कैनेंटे कठफोड़वा अपृष्ठवंशियों की चारा खोजने के लिए वृक्षों की टहनियों के नीचे देखे जाते हैं। वे सम्पूर्ण एशिया में विशेष रूप से दक्षिण-पश्चिमी और मध्य भारत के जंगलों में पाए जाते हैं।,0,[],[]
1073,उष्ण-कटिबंधीय तथा उपोष्ण-कटिबंधीय आर्द्र वर्षा वन पश्चिमी घाट तथा मध्य भारत के वनों में पाए जाते हैं।,0,[],[]
1075,मेरे पास आपके प्रश्न का उत्तर नहीं है।,0,[],[]
1076,आख़ाल प्रान्त तुर्कमेनिस्तान का एक प्रान्त है।,0,[],[]
1077,गुलाबो विजय की कविताओं से अनुरक्त है।,0,[],[]
1078,13 साल,0,[],[]
1079,पैंटानल मुख्य रूप से ब्राज़ील के राज्य मातो ग्रोसो में स्थित है।,0,[],[]
1080,पैंटानल के हिस्से वाले क्षेत्रों में जल स्तर दो से पाँच मीटर तक उतार-चढाव होता है।,0,[],[]
1081,स्टाईक कमेटी ने कैदियों की मदद की।,0,[],[]
1082,नौकरशाह और उनका तत्काल परिवार यामेन से जुड़े आवास में चिंग राजवंश के दौरान रह सकता था।,0,[],[]
1083,फिल्म फोर क्राइस्टमास नवंबर 2008 को रिलीज हुई।,0,[],[]
1084,सीबीएस-टीवी की रंगीन प्रणाली ब्लैक-एंड-व्हाइट टेलीविजन सेट के साथ असंगत थी।,0,[],[]
1085,"अमीन के शासन में 1,00,000 से 5,00,000 लोग मारे गए थे।",0,[],[]
1086,लीबिया,0,[],[]
1087,1998,0,[],[]
1088,एलिस खरगोश की मांद के अन्दर चली जाती है।,0,[],[]
1089,एलिस ने मशरूम का उपयोग करके अपने वास्तविक कद में लौटने में सक्षम हुई। वह मशरूम से दो टुकड़े तोड़ती हैं। एक टुकड़े उसे लम्बा कर देता है जबकि दूसरा टुकड़ा उसके कद को छोटा कर देता है। एलिस ने अपने कद को नियंत्रित करने की प्रयास की और अपने वास्तविक कद में वापस आने के लिए मशरूम का उपयोग किया।,0,[],[]
1090,सूअर का बच्चा।,0,[],[]
1091,"एलिस इन वंडरलैंड में, क्वीन का टार्ट्स चुराई वाले पर चोरी का मुकदमा चलाया जाता है।",0,[],[]
1092,"जूरी में विभिन्न जानवर सम्मिलित हैं, जिनमें बिल दि लिज़र्ड भी शामिल है और व्हाईट रैबिट न्यायालय का तुर्यवादक है और किंग ऑफ़ हार्ट्स न्यायाधीश है।",0,[],[]
1094,मेरे पास आपके प्रश्न का उत्तर नहीं है।,0,[],[]
1095,अल-शौला,0,[],[]
1096,आयोवा,0,[],[]
1097,मिसौरी में सबसे बड़ा जर्मन वंश समूह पाया जाता है।,0,[],[]
1098,"खनन संसाधनों के प्रकार झूस, सीसा, कोयला और पत्थर (चूना पत्थर भी शामिल) हैं।",0,[],[]
1099,प्रतिनिधि सभा और सीनेट होते हैं।,0,[],[]
1100,2011,0,[],[]
1101,अल्फास के दूसरे सीज़न में 13 एपिसोड थे।,0,[],[]
1102,मेरे पास आपके प्रश्न का उत्तर नहीं है।,0,[],[]
1103,मेरे पास आपके प्रश्न का उत्तर नहीं है।,0,[],[]
1104,द वूल्वरिन में वूल्वरिन चरित्र को चित्रित किया गया है।,0,[],[]
1105,लोगन वर्तमान समय में युकोन में एक साधु के रूप में रहता है।,0,[],[]
1106,"1945 में, लोगन को नागासाकी के पास एक जापानी पीओडबल्यु शिविर में रखा गया था।",0,[],[]
1107,इशिरो के घर लोगन और युकिओ आये।,0,[],[]
1108,हराडा डॉ ग्रीन ने लोगन और मारिको की खोज की मांग की।,0,[],[]
1109,"नोबोरो मोरी ने स्वीकार किया कि उन्होंने शिंजेन के साथ साजिश रची और मारिको को मार दिया जाने की घोषणा की। इसलिए, यह संकेत नहीं देता है कि नोबुरो को किसी ने खत्म किया था। मेरे पास आपके प्रश्न का उत्तर नहीं है।",0,[],[]
1110,लोगन के दिल से जुड़ी एक रोबोट परजीवी की खोज करने के दौरान उसकी चिकित्सा क्षमता को दबा दिया गया था।,0,[],[]
1111,लोगान को एक मशीन में रखा जाता है।,0,[],[]
1112,मारिया मरती है।,0,[],[]
1114,"लोगन लौटता है लंदन स्टॉक एक्सचेंज से हटाया गया जैगुआर के शेयरधारकों के सामने फोर्ड ने शेयर खरीदने का प्रस्ताव रखने के दो साल बाद। यहाँ दिए गए पाठ से यह स्पष्ट है कि फोर्ड ने 28 फरवरी 1990 में जैगुआर के शेयर खरीदने का प्रस्ताव रखा और लंदन स्टॉक एक्सचेंज से जैगुआर को हटाया गया था। लोगन का लौटना यहाँ नहीं बताया गया है, इसलिए उत्तर नहीं दिया जा सकता।",0,[],[]
1115,"नहीं, 1891 में पहले, तीन धातुओं के बीच कोई निश्चित विनिमय दर नहीं थी।",0,[],[]
1116,1891 के पहले के अफगानिस्तान में चांदी के रुपयों तांबे के फालस और सोने के मोहर के साथ चलन में थे।,0,[],[]
1117,"आंगवांतीबो मध्य अफ्रीका, नाइजीरिया और कैमरून से लेकर कांगो लोकतांत्रिक गणतंत्र के उत्तरी भाग तक रहते हैं।",0,[],[]
1118,अंगवांतीबो का वजन ४०० ग्राम तक ही होता है।,0,[],[]
1119,गर्भधारण 130 दिनों के लिए होता है।,0,[],[]
1121,प्रश्न सूची में उपनाम के बारे में कोई जानकारी नहीं है। मेरे पास आपके प्रश्न का उत्तर नहीं है।,0,[],[]
1122,निर्दिष्ट जानकारी में बमबारी करने की योजना बनाने के बारे में कोई जानकारी नहीं है।,0,[],[]
1123,"इंगलैंड कई वर्षों तक ब्रिटिश होम चैंपियनशिप के अन्य तीन गृह राष्ट्रों जैसे स्कॉटलैंड, वेल्स और आयरलैंड के साथ खेला।",0,[],[]
1125,सारा का जन्म 1 अगस्त 1917 में हुआ।,0,[],[]
1126,"हां, वाल्टर शेवहार्ट अग्रणी एसपीसी थे। उन्होंने 1920 के दशक में सांख्यिकीय प्रक्रम नियंत्रण (Statistical Process Control (SPC)) का विकास किया।",0,[],[]
1127,मार्कस एमीलियस लेडिपिडस को 216 ईसा पूर्व में सम्मानित किया गया था।,0,[],[]
1130,"RIL का मुख्यालय मुंबई, महाराष्ट्र में स्थित है।",0,[],[]
1131,मेरे पास आपके प्रश्न का उत्तर नहीं है।,0,[],[]
1132,अंग्रेज़ो ने चढ़ाई करने का फैसला किया।,0,[],[]
1133,वर्ड्स एल्बम 1992 में जारी किया गया।,0,[],[]
1134,ड्रीम थियेटर 1985 में बना।,0,[],[]
1135,ड्रीम थिएटर के रिहर्सल बर्कले के पूर्वाभ्यास कमरे में होते थे।,0,[],[]
1136,न्यूयॉर्क के आसपास.,0,[],[]
1137,मेरे पास आपके प्रश्न का उत्तर नहीं है।,0,[],[]
1138,"लेबल ने ड्रीम थियेटर को एल्बम लिखने के लिए दबाव डाला, जो अधिक सुलभ हो।",0,[],[]
1139,क्वीन्सरिच और फेट्स वार्निंग ने ड्रीम थियेटर के साथ एक दौरे का आयोजन किया।,0,[],[]
1140,सूची में ड्रीम थियेटर का 2007 में टूर निविदा अमेरिका के सेन डिएगो से शुरू हुआ था।,0,[],[]
1141,मेरे पास आपके प्रश्न का उत्तर नहीं है।,0,[],[]
1143,1924 में,0,[],[]
1144,सर डेविड फेरियर का निधन १९२८ में हुआ था।,0,[],[]
1145,टोन नदी जापान के कांटो क्षेत्र में स्थित है।,0,[],[]
1147,अल्कोहल,0,[],[]
1148,ब्रिटेन और अमेरिका में हलाल बाजार बढ़ रहा है।,0,[],[]
1149,मादक पेय जैसे नशीले पदार्थ हलाल नहीं माने जाते।,0,[],[]
1150,"गहरा चीरा जानवर के गले के सामने, कैरोटिड धमनी, श्वासनली और गले की नसों को काट देता है।",0,[],[]
1151,1886 में,0,[],[]
1153,थर्ड रेक,0,[],[]
1154,ड्यूश बैंक का बनावट 1957 में हुआ था।,0,[],[]
1155,"1959 में, बैंक छोटे निजी ऋणों के द्वारा खुदरा बैंकिंग में प्रवेश किया।",0,[],[]
1156,प्रश्न का उत्तर दिए गए पाठ से निकाला गया नहीं जाता है। पाठ में कोई ऐसा जानकारी नहीं है जो प्रमुख प्रतिस्पर्धियों के स्तर के बारे में बताता है।,0,[],[]
1158,पुलिस की विशेष कार्यवाही टुकड़ी जी एस जी नियुक्त की गई थी।,0,[],[]
1160,पाकिस्तान में स्थित है।,0,[],[]
1161,"बट्टग्राम जिला १९९३ तक मानसेहरा जिले का हिस्सा था, लेकिन जुलाई १९९३ में एक अलग जिला का दर्जा दे दिया गया।",0,[],[]
1162,आइच के लिए 'पॉकेट हरक्यूलिस' के नाम से प्रसिद्ध थे।,0,[],[]
1163,पहली उड़ान एंकरेज एवं ब्रिस्टल बे के बीच थी।,0,[],[]
1164,भौतिक-शास्त्रियों द्वारा प्रयुक्त धारणाओं से।,0,[],[]
1165,विकासवादी स्थिर रणनीति (Evolutionary Stable Strategy [ESS]) अधिक प्रासंगिक है।,0,[],[]
1166,गेम थ्योरी का आधार तार्किक सिद्धांतों में है।,0,[],[]
1167,इन लेखकों ने नैश सौदेबाज़ी खेल और क़ैदी का असमंजस तथा बारहसिंगे का शिकार जैसे खेलों का उपयोग करने की कोशिश की।,0,[],[]
1168,"किसी गेम को सममित माना जाता है, यदि रणनीतियों से मिलनेवाले मुनाफ़े को बदले बिना खिलाड़ियों की पहचान बदली जा सकती हो।",0,[],[]
1169,इन दोनों खेलों में अल्टिमेट गेम और डिक्टेटर गेम में प्रत्येक खिलाड़ी के लिए भिन्न रणनीतियां होती हैं।,0,[],[]
1170,एक शून्य-राशि खेल में जोड़ा जाता है।,0,[],[]
1172,शुद्ध गणितज्ञ और समुच्चय सिद्धांतकार।,0,[],[]
1173,1713 में खेल सिद्धांत पर चर्चा की गई थी।,0,[],[]
1175,मेरे पास आपके प्रश्न का उत्तर नहीं है।,0,[],[]
1176,मेरे पास आपके प्रश्न का उत्तर नहीं है।,0,[],[]
1177,1926,0,[],[]
1178,1972,0,[],[]
1179,घेराबंदी 5 अप्रैल से 4 मई 1799 के बीच हुई।,0,[],[]
1180,सवाल का उत्तर हिंदी में निम्नलिखित है: जिम की लड़की का नाम सेसेलिया मेरी हाल्पर्ट है।,0,[],[]
1182,लिंडी हॉप को तीव्र संगीत के अनुरूप बनाने के लिए संशोधित किया गया।,0,[],[]
1183,आगरा जिले का क्षेत्रफल ४०२७ वर्ग किमी है।,0,[],[]
1184,आगरा का मुख्यालय आगरा नगर में है।,0,[],[]
1186,द लास्ट किस 2006 में रिलीज़ हुआ था।,0,[],[]
1187,टोनी गोल्डविन ने फिल्म का निर्देशन किया।,0,[],[]
1188,28 सितंबर 1963 को गौड़ी हाउस-संग्रहालय उदघाटित किया गया था।,0,[],[]
1190,वर्तमान में डॉ.,0,[],[]
1190,त्रीआस ए दोमेनेच के निवास का नाम एक अजायब घर है।,0,[],[]
1191,नैटिसिटी मुखौटा 1894 और 1930 के बीच किया गया था।,0,[],[]
1192,वॉयजर कार्यक्रम 1977 में शुरू किया गया।,0,[],[]
1193,स्मिरनॉफ़ के लिए पहला डिस्टिलरी मास्को में स्थित था।,0,[],[]
1195,मेरे पास आपके प्रश्न का उत्तर नहीं है।,0,[],[]
1196,मोदिग्लिआनी का जन्म 12 जुलाई 1884 में हुआ था।,0,[],[]
1197,1972 में मुंबई में टेलीविजन सेवा विस्तारित की गई थी।,0,[],[]
1198,मेरे पास आपके प्रश्न का उत्तर नहीं है।,0,[],[]
1201,"1896, 1900, 1908, 1912, 1920 और 1924 वर्ष थे जिनमें शूटिंग घटनाओं का मंचन किया गया था।",0,[],[]
1202,1623 के फोलियो में पहली बार प्रकाशित हुआ।,0,[],[]
1203,"अभिनय के अंतिम भाग में, खुद हैमेन विवाह उत्सव में आशीर्वाद देने आया।",0,[],[]
1204,खान ने अक्टूबर 2002 में राष्ट्रीय चुनावों में भाग लिया।,0,[],[]
1205,तीन साल तक।,0,[],[]
1206,मारसूपियल सिंह की ऊँचाई कंधों में 75 सेमी (30 इंच) थी।,0,[],[]
1207,कृत्रिम सामग्रियों के लिए ठप्पा ढलाई जैसी अद्वितीय उत्पादन तकनीकों तथा जटिल बॉडी आकारों के उत्पादन के लिए विकल्पों का प्रयोग किया जाता है।,0,[],[]
1208,बेसवादक जॉन एंटविसल ने इस तकनीक का उपयोग किया।,0,[],[]
1209,मेरे पास आपके प्रश्न का उत्तर नहीं है।,0,[],[]
1210,न्याबर्ग कार्यालय में नासा की अंतरिक्ष यात्री हैं। तो उत्तर है: नासा,0,[],[]
1212,"चाट मसाला में आमचूर, जीरा, काला नमक, धनिया, अदरक, नमक, काली मिर्च, हींग और मिर्च पाउडर शामिल होते हैं।",0,[],[]
1214,"लीड्स में एम1, एम62, एम621 और एम6 जैसी मोटरमार्गेज हैं। इसके अलावा ए62, ए63, ए64, ए65 और ए660 जैसी नॉन-मोटरमार्ग सड़कें हैं। लीड्स उत्तरी मोटरमार्ग नेटवर्क का एक प्रमुख केंद्र है और शहरी मोटरमार्ग नेटवर्क भी मौजूद है। इसके अलावा, एक इनर रिंग रोड और एक आउटर रिंग रोड भी मौजूद हैं।",0,[],[]
1215,एम62 और एम1 सड़कें लीड्स सेंटर की ओर जाती हैं।,0,[],[]
1216,लीड्स में ईसाई धर्म के लोग हैं। विशेष रूप से चर्च ऑफ इंग्लैंड के लोग हैं। लीड्स में रोमन कैथोलिक कैथेड्रल भी है। अन्य ईसाई संप्रदायों और नए धार्मिक गतिविधियों के लोग भी हैं।,0,[],[]
1217,"GP को ""सरकारी प्रयोजनों"" का अर्थ माना जाता है।",0,[],[]
1218,मेरे पास आपके प्रश्न का उत्तर नहीं है।,0,[],[]
1219,डी आर्किटेक्चर के लिए आधुनिक दिन का नाम डी आर्कीटेक्चुरा है।,0,[],[]
1220,मेरे पास आपके प्रश्न का उत्तर नहीं है।,0,[],[]
1221,हिटलर लेडविंका के भीतर था।,0,[],[]
1222,ब्राजील में उत्पादन 1986 में बंद हुआ।,0,[],[]
1224,"शुरूआती 747 में, कॉकपिट के पीछे संदूकनुमा छोटे से स्थान का था, जो शुरू में विश्राम कक्ष के रूप में ""चिह्नित"" किया गया था।",0,[],[]
1225,नए डिजाइन वाले हाई लिफ्ट उपकरणों की विशेषताएं इस प्रकार थीं: 1.,0,[],[]
1225,उद्योग में प्रयुक्त सर्वाधिक उन्नत उच्च-उठान उपकरण का शामिल होना। 2.,0,[],[]
1225,पंख के अग्र भाग के किनारे लगे फ्लैप्स। 3.,0,[],[]
1225,पार्श्व भाग के किनारे तीन भागों में बंटे जटिल खांचेदार फ्लैप्स। ये उपकरण पंख के क्षेत्र में 21% की और उठान में 90% की वृद्धि करते हैं।,0,[],[]
1226,"संयंत्र का निर्माण एवरेट, वॉशिंगटन के निकट सैनिक अड्डे पेन फील्ड के बगल में किया गया।",0,[],[]
1227,यूरेनियम संतुलन भार का उपयोग करके उच्च-गति स्पंदन की समस्या का समाधान किया गया था।,0,[],[]
1228,747 के जेटी9डी इंजन के साथ समस्याएँ होने से उड़ान परीक्षण कार्यक्रम में बाधा आ गई। कठिनाइयों में थ्रॉटल्स की तीव्र गति के कारण इंजन का बंद होना तथा कुछ समय की सेवा के बाद टरबाईन की बॉडी का विरूपण शामिल थे।,0,[],[]
1229,एवरेट में कारखाने के निर्माण से बोइंग पर वित्तीय संकट आया।,0,[],[]
1230,"1973 के तेल संकट के बाद अमेरिका और अन्य देशों में आर्थिक समस्याओं के कारण यात्री यातायात में कमी आई, जिससे यात्रियों की संख्या में गिरावट आई।",0,[],[]
1232,तकनीकी समस्याएं अपेक्षाकृत छोटी थी और जल्दी हल की गई।,0,[],[]
1233,747-300 आया।,0,[],[]
1234,बोइंग 747 के भीतर दो गलियारे होते हैं।,0,[],[]
1235,366 से अधिक व्यक्ति रुक सकते हैं।,0,[],[]
1236,पैन अमेरिकन वर्ल्ड एयरवेज और ईरान एयर।,0,[],[]
1237,10,0,[],[]
1238,3,0,[],[]
1239,अंतिम 747-300 क्वांटास ने प्राप्त किया।,0,[],[]
1240,मेरे पास आपके प्रश्न का उत्तर नहीं है।,0,[],[]
1241,747-8 की लंबाई सबसे बड़ी है।,0,[],[]
1242,747X को 500 यात्रियों को वहन करने के लिए बनाया गया था।,0,[],[]
1243,747X परिवार ने उत्पादन का औचित्य साबित करने पर्याप्त रूचि लुभाने में असमर्थ रहा।,0,[],[]
1244,निम्नलिखित पाठों से यह जानकारी नहीं मिल पाई गई है। मेरे पास आपके प्रश्न का उत्तर नहीं है।,0,[],[]
1245,फिल्मांकन मार्च 2011 में शुरू हुआ।,0,[],[]
1246,एनजीसी 6934 (NGC 6934) एक गोल तारागुच्छ है।,0,[],[]
1247,"NGC 7006, पृथ्वी से १,८५,००० प्रकाश वर्ष की दूरी पर स्थित है।",0,[],[]
1248,1980 के संपूर्ण दशक में और 7 जुलाई 2005 की बमबारी के तुरंत बाद।,0,[],[]
1251,"एस्टन विला के प्रतिद्वंद्वी कई थे, बर्मिंघम सिटी और वेस्त ब्रोम्विछ अल्बिओन्। इनमें से बर्मिंघम सिटी दूसरा सिटी डर्बी के रूप में जाना जाता है।",0,[],[]
1252,नासा और अमेरिकी राष्ट्रपति जॉन एफ.,0,[],[]
1252,कैनेडी ने आर्क की दुर्घटना को सुलझाने के लिए एक जांच अभियान का गठन किया।,0,[],[]
1253,जेरी की हत्या लेजरबीक नाम का मशीनी गिद्ध जैसा डिसेप्टिकाॅन्स कर दी।,0,[],[]
1255,रैचेट जिस एंबुलेन्स में रूपांतरित होती है वह सफेद और हरे रंग की है।,0,[],[]
1257,"राजकुमार फ़िलिप, एडिनबर्घ के ड्यूक से रानी एलिजाबेथ द्वितीय की शादी की थी।",0,[],[]
1258,सर माइकल ओजियो' पापुआ न्यू गिनी के नौंवे गवर्नर-जनरल थे।,0,[],[]
1260,वियेंटाइन,0,[],[]
1261,लसर ने फ्रेंच पेंटिंग अकादमी की स्थापना की।,0,[],[]
1262,पद्म श्री दिया जाता है जीवन के विभिन्न क्षेत्रों में नागरिकों के विशिष्ट योगदान को मान्यता प्रदान करने के लिए।,0,[],[]
1263,25-30 पृष्ठ।,0,[],[]
1265,फिल्म निर्माता और पटकथा कवरेज द्वारा फिल्म के लिए बाज़ार और अनुमानित सफलता का अनुमान लगाते हैं।,0,[],[]
1266,"फिल्में केवल सिनेमाघरों में रिलीज से लाभ नहीं कमातीं, इसलिए फिल्म कंपनियां डीवीडी बिक्री और दुनिया भर में उसके वितरण का अधिकार ले लेती हैं।",0,[],[]
1267,रैप या मूविंग ऑन की घोषणा करता है।,0,[],[]
1268,सरकारें बस कर आय का उपभोग करने की बजाय कहीं अधिक कुछ कर सकतीं हैं। यह डेडवेट ड्रैग के रूप में जाना जाता है।,0,[],[]
1271,प्रश्न का उत्तर नहीं है।,0,[],[]
1272,"पॉल गार्डनर एक करोड़पति, उद्यमी, प्रेरक वक्ता और लोकोपकारक हैं। वे 1980 के दशक के प्रारम्भ में अपने नन्हे बेटे क्रिस्टोफर, जूनियर को पालते हुए बेघर होने का सामना किया। वे अपनी स्टोकब्रोकरेज कंपनी गार्डनर रिच एंड कोर्पोरेशन के CEO हैं। उन्होंने अपनी सफलता का श्रेय अपनी माता और अपने बच्चों से मिली आध्यात्मिक आनुवंशिकी दी। उनकी जीवनी को 2006 की मोशन फिल्म द परस्युट ऑफ हैप्पीनेस में चित्रित किया गया है।",0,[],[]
1273,लाल फेरारी में था।,0,[],[]
1274,क्रिस गार्डनर दान करते हैं।,0,[],[]
1275,"""शेम""",0,[],[]
1276,मरीज की खाने और पीने की क्षमता कम हो गई है।,0,[],[]
1277,मेरे पास आपके प्रश्न का उत्तर नहीं है।,0,[],[]
1278,संयुक्त राज्य अमेरिका में प्रत्येक वर्ष में लगभग 300 नए स्टीवेंस-जॉनसन सिंड्रोम के मामले प्रकाश में आते हैं।,0,[],[]
1279,मेरे पास आपके प्रश्न का उत्तर नहीं है।,0,[],[]
1281,मेरे पास आपके प्रश्न का उत्तर नहीं है।,0,[],[]
1282,काइटिन का उपयोग खाद्य उद्योग में खाद्य पदर्थों को गाढ़ा और स्थिर करने के लिए किया जाता है।,0,[],[]
1283,थिसेन-बोरनेमिसा अजायबघर के पास में है।,0,[],[]
1284,फतिह अकिन का जन्म 25 अगस्त 1973 को हुआ था।,0,[],[]
1285,मेरे पास आपके प्रश्न का उत्तर नहीं है।,0,[],[]
1286,बोइंग 737-200 विमान लंदन लूटन से ग्लासगो और एडिनबर्घ के बीच की रूट पर यात्रा करता था।,0,[],[]
1287,अंग्रेजी संस्करण विकिपीडिया प्रयोगकर्ताओं की संख्या के मामले में पहले स्थान पर है।,0,[],[]
1288,वेनेज़ुएला 5.1% था।,0,[],[]
1289,सुप्रीम कोर्ट के न्यायाधीश 65 वर्ष की आयु में निवृत्त होते हैं।,0,[],[]
1290,मेरे पास आपके प्रश्न का उत्तर नहीं है।,0,[],[]
1291,फिलिप जोएल ह्यूज को ऑस्ट्रेलिया क्रिकेट टीम के खिलाड़ी जाना जाता है।,0,[],[]
1292,रॉयल ग्रामर स्कूल वर्सेस्टर,0,[],[]
1293,"1974 में, ख़ान वोर्सेस्टरशायर में गेंदबाजी कर रहे थे।",0,[],[]
1294,88,0,[],[]
1295,मेरे पास आपके प्रश्न का उत्तर नहीं है।,0,[],[]
1296,61.86,0,[],[]
1302,लाहौर में श्रीलंका के खिलाफ़.,0,[],[]
1303,मेरे पास आपके प्रश्न का उत्तर नहीं है।,0,[],[]
1305,मेरे पास आपके प्रश्न का उत्तर नहीं है।,0,[],[]
1306,Zhejiang,0,[],[]
1308,मेरे पास आपके प्रश्न का उत्तर नहीं है।,0,[],[]
1309,मेरे पास आपके प्रश्न का उत्तर नहीं है।,0,[],[]
1310,प्रभावित देश के अंदर या बाहर का कोई भी देश की आवश्यकता है।,0,[],[]
1311,फ़ेमा आपात प्रबंधन के लिए अग्रणी एजेंसी है।,0,[],[]
1312,ली को सेंट फ्रांसिस जेवियर कॉलेज में रखने का फैसला करने वाले भाई एडवर्ड ने किया।,0,[],[]
1314,"एएस9000 के प्रमुख निर्माताओं की सूची में अलाइड-सिग्नल, एलीसन इंजिन, बोइंग, जनरल इलेक्ट्रिक एयरक्राफ्ट इंजिन्स, लॉकहीड-मार्टिन, मैक-डॉनल डगलस, नॉर्थरोप ग्रममैन, प्रैट एण्ड ह्विटनी, रॉकवेल-कॉलिन्स, सिकोर्स्की एयरक्राफ्ट और संडस्ट्रैंड शामिल हैं।",0,[],[]
1315,ISO/TS 16949 ने QS 9000 की जगह ले ली।,0,[],[]
1317,ISO/TS 16949:2009 में ISO 9001:2008 और मोटर वाहन उद्योग की विशिष्ट आवश्यकताओं की पूरी विषय-वस्तु शामिल है।,0,[],[]
1318,ISO/TS 29001,0,[],[]
1319,गुणवत्ता के पहले प्रमाणन चाहने वाली कंपनियों को अक्सर विफलता का अनुभव करना पड़ता है।,0,[],[]
1321,फिल्म के बारे में घोषणा अक्टूबर २०१४ में अवेंजर्स: इन्फिनिटी वॉर - भाग १ के रूप में की गई थी।,0,[],[]
1322,"मार्वल की फिल्म का फिल्मांकन जॉर्जिया की फाइट काउंटी के पाइनवुड एटलांटा स्टूडियो में शुरू हुआ। बाद में यूके के एडिनबर्ग, ग्लासगो और स्कॉटिश हाइलैंड में फिल्मांकन जारी रखा गया। स्टूडियो संबंधी काम कम्बरनॉल्ड के वार्डपार्क स्टूडियो में हुआ। इंग्लैंड के डरहम में डरहम कैथेड्रल में कुछ दृश्य फिल्माए गए। फिर एटलांटा डाउनटाउन, सेंट्रल पार्क और न्यू यॉर्क के क्वीन्स में फिल्मांकन चला।",0,[],[]
1323,"फिल्मांकन जॉर्जिया की फाइट काउंटी के पाइनवुड एटलांटा स्टूडियो में शुरू हुआ। बाद में स्कॉटलैंड, इंग्लैंड और न्यू यॉर्क के विभिन्न स्थानों में भी फिल्मांकन की प्रक्रिया चली।",0,[],[]
1324,"नहीं, 2016 से पहले संयुक्त राष्ट्र द्वारा विश्व एनजीओ दिवस को मान्यता दी गई थी। यह दिवस 2014 में पहली बार चिह्नित किया गया था।",0,[],[]
1325,"बाल्टिक सागर एनजीओ के सदस्य राष्ट्र इस प्रकार हैं: बेलारूस, डेनमार्क, एस्टोनिया, फिनलैंड, जर्मनी, आइसलैंड, लटविया, लिथूनिया, पोलैंड, रूस, नॉर्वे और स्वीडन।",0,[],[]
1327,विश्व एनजीओ दिवस,0,[],[]
1328,मेरे पास आपके प्रश्न का उत्तर नहीं है।,0,[],[]
1330,छह महाद्वीपों में मनाया जाता है।,0,[],[]
1331,"एसक्यूएल का नाम सीक्वेंशिअल क्यूइंग लैंग्वेज (SQL) की उपयोगिता के लिए है, जो डाटाबेस में प्रयुक्त होने वाली क्वेरी भाषा है।",0,[],[]
1332,"फ्रैडरिक नॉमन था, जो एक अग्रणी जर्मन राजनेता और राजनीतिज्ञ थे और प्रोटेस्टेंट धर्मशास्त्री भी थे।",0,[],[]
1333,"यह संस्थापन नागरिक शिक्षा, अन्तर्राष्ट्रीय राजनीतिक संवाद, और राजनीतिक परामर्श के माध्यम से संगठित उदारवाद को बढ़ावा देता है।",0,[],[]
1334,"यह संस्थापन यूरोप, एशिया, अमेरिका, और अफ़्रीका में बहुत से कार्यालय हैं।",0,[],[]
1335,"मिश्रित पथरियों में अन्य सामान्य संघटकों में कैल्सियम कार्बोनेट, पॉमिटेट फॉस्फेट, बिलिरुबिन और अन्य पित्त वर्णक हैं।",0,[],[]
1336,पेट के ऊपरी दाहिने हिस्से में असुविधा हो सकती है।,0,[],[]
1337,"पिताशय की पथरियों का एक संभव उपचार लिथोट्रिप्सी है, जिसमें अल्ट्रासोनिक शॉक तरंगों का उपयोग किया जाता है ताकि पथरी को तोड़ा जा सके।",0,[],[]
1338,100 एकड़,0,[],[]
1339,मेरे पास आपके प्रश्न का उत्तर नहीं है।,0,[],[]
1340,हल्के रोग होने वाले लोगों में ऐसी रक्त कोशिकाएं होती हैं जो डोनट के आकार से विकृत होकर स्पाइकी आकार की हो चुकी हैं।,0,[],[]
1341,"मनुष्यों में सामान्य तौर पर हीमोग्लोबिन A होता है, जो दो अल्फा और दो बीटा श्रृंखला से बना होता है।",0,[],[]
1342,260,0,[],[]
1343,मेरे पास आपके प्रश्न का उत्तर नहीं है।,0,[],[]
1344,"मोरक्को में, 2 से 5 साल के बच्चों को प्रीस्कूल यानी école maternelle, कुतब (Kuttab) या अर-रावड (Ar-Rawd) में शिक्षा दी जाती है। यह राज्य द्वारा संचालित निशुल्क स्कूल है और अनिवार्य नहीं है।",0,[],[]
1345,2 साल की उम्र।,0,[],[]
1347,मधुमक्खियों और फूलों के बीच कुछ समान गुण हैं: 1.,0,[],[]
1347,खुशबू 2.,0,[],[]
1347,रंग 3.,0,[],[]
1348,अधिकांश फूलों में मिलने वाली दो अनूठी चीजें जायांग (pistil) और पुंकेसर (stamen) हैं।,0,[],[]
1349,उभयलैंगीय,0,[],[]
1351,फूलों के मुख्य परागण के तरीके दो हैं।,0,[],[]
1353,कुक्रौंधों (Dandelion) हमेशा स्वनिषेचित होते हैं।,0,[],[]
1354,फूल-पौधा जैसे आर्काफ्रुक्टुस लियाओनिंगजेनिसिस (Archaefructus liaoningensis) 125 मिलियन वर्ष पहले से अस्तित्व में था।,0,[],[]
1355,तने के अंतक से फूल का विकास शुरू होता है।,0,[],[]
1356,फूल स्त्रीत्व (femininity) से संबंधित हैं।,0,[],[]
1357,कमल (लोटस) पौधा हिंदू किंवदंतियों/पौराणिक कथाओं में महत्वपूर्ण स्थिति में आता है।,0,[],[]
1359,1986,0,[],[]
1360,खाड़ी देश,0,[],[]
1362,उन्हें अशोक चक्र पुरस्कार दिया गया क्योंकि वे अदभुत वीरता और साहस के लिए मरणोपरांत भारत सरकार द्वारा सम्मानित की गई थीं।,0,[],[]
1363,भौगोलिक नाम सूचना प्रणाली या GNIS का नाम है।,0,[],[]
1364,डेटाबेस के अंतर्गत किसी वैशिष्ट्य के अन्य नाम और आधिकारिक संघीय नामों के विकल्प पाए जा सकते हैं।,0,[],[]
1366,भावना उत्पन्न करने के लिए तर्क देने वाली संज्ञानात्मक क्रिया की आवश्यकता होती है।,0,[],[]
1368,हेगेल फ्रांसीसी क्रांति की जीत की प्रशंसा की थी।,0,[],[]
1369,होर्ल्डलिन।,0,[],[]
1370,1797,0,[],[]
1371,गोटफ्राइड विल्हेम लेबनिज का मध्य नाम विल्हेम है।,0,[],[]
1373,डच हस्तक्षेप ने 1861 में डेली को स्वतंत्र होने में मदद की।,0,[],[]
1375,सुल्तान का जन्म मई महीने में हुआ था।,0,[],[]
1376,नेब्रास्का,0,[],[]
1377,मेरे पास आपके प्रश्न का उत्तर नहीं है।,0,[],[]
1378,डॉ.,0,[],[]
1378,सैनाब्रिया ने इस नई पद्धति को प्रस्तुत किया क्योंकि विश्व के क्षेत्रों में समय से पहले और कम वजन के शिशुओं के लिए स्वास्थ्य देखभाल और तकनीकी सहायता उपलब्ध नहीं थी। यह पद्धति देख-रेख करने वालों की कमी और विधि संसाधनों की कमी को दूर करने में मदद करती है।,0,[],[]
1379,माताओं को सुझाव दिया गया कि वे अपने कम वजन के शिशुओं के साथ त्वचा से त्वचा संपर्क रखें।,0,[],[]
1380,संत ज़ेवियर ने ईसा मसीह की शिक्षाओं से जापान का परिचय किया।,0,[],[]
1381,1974 में प्राप्त किया।,0,[],[]
1382,मेरे पास आपके प्रश्न का उत्तर नहीं है।,0,[],[]
1383,80-90%,0,[],[]
1384,एनफील्ड ऑलडे (Enfield Allday),0,[],[]
1385,क्लब पहली बार 1899 में स्थापित हुआ।,0,[],[]
1386,"कॉन्ट्रैक्ट के चार अंतर्राष्ट्रीय खिलाड़ीयों में शामिल हैं: पेप गार्डियोला, जोस मारी बकेरो, रोनाल्ड कोएमन् और ह्रिस्तो स्तोइछ्कोव्।",0,[],[]
1387,रियल मैड्रिड और बार्सिलोना के रूप में देखा गया।,0,[],[]
1388,सातवें सीज़न में 7 एपिसोड थे।,0,[],[]
1389,मेरे पास आपके प्रश्न का उत्तर नहीं है।,0,[],[]
1390,मेरे पास आपके प्रश्न का उत्तर नहीं है।,0,[],[]
1391,"न्यूकैसल चौथी बार लीग के महत्वपूर्ण खिलाड़ियों में ह्युघी गैलेचर, नील हैरिस, स्टेन सीमोर और फ्रैंक हड्स्पेथ शामिल थे।",0,[],[]
1392,सुनील शेट्टी विशेषकर मारधाड़ और हँसाने वाली फिल्मों के लिए जाने जाते हैं।,0,[],[]
1393,हुसमेट्टिन शलेबी,0,[],[]
1394,मेरे पास आपके प्रश्न का उत्तर नहीं है।,0,[],[]
1395,काटाफैलस की लकड़ी की नक्काशी का प्रदर्शन किया गया।,0,[],[]
1396,1678 में किला का निर्माण कार्य शुरू हुआ।,0,[],[]
1397,दीवान-ए-आम,0,[],[]
1399,बवासीर के कारण लोगों में लज्जा और मामला उन्नत होने पर ही चिकित्सा लेने जाने वाले भावनाएँ उत्पन्न हो सकती हैं।,0,[],[]
1400,मेरे पास आपके प्रश्न का उत्तर नहीं है।,0,[],[]
1401,दर्द आम तौर पर 2-3 दिनों में कम हो जाता है।,0,[],[]
1402,मल का रंग लाल होता है तथा रक्त स्राव हो सकता है।,0,[],[]
1403,"अनियमित मल त्याग आदतें और व्यायाम की कमी ये दो लक्षणात्मक बवासीर के जोखिम बढ़ाने वाले कारकों में से हैं। इसलिए, इन दो चीजों के बारे में सोचा गया था।",0,[],[]
1404,मेरे पास आपके प्रश्न का उत्तर नहीं है।,0,[],[]
1405,बवासीर होने पर डॉक्टर निम्नलिखित तरीके से बता सकता है: 1.,0,[],[]
1405,गुदा तथा इसके आसपास के क्षेत्र को देखकर वाह्य या भ्रंश बवासीर का निदान कर सकता है। 2.,0,[],[]
1405,"दर्द की कारण संभव गुदीय ट्यूमर, पॉलिप, बढ़े हुए प्रोस्टेट या फोड़े की पहचान कर सकता है। 3.",0,[],[]
1405,आंतरिक बवासीर की देख कर पुष्टि करने के लिए एनोस्कोपी कर सकता है।,0,[],[]
1407,"कब्ज़ और डायरिया से बचने के लिए उच्च रेशेदार भोजन तथा पर्याप्त तरल को पीना या रेशेदार पूरकों को लेना अनुशंसित है। इसके अलावा, पर्याप्त व्यायाम करना भी मदद करता है।",0,[],[]
1408,14 दिन से अधिक की अवधि तक स्टेरॉइड-समाहित एजेंटों का उपयोग नहीं किया जाना चाहिए।,0,[],[]
1409,कार्यालय आधारित कई सारी प्रक्रियाएं निष्पादित की जा सकती हैं।,0,[],[]
1410,जटिलता की दर 3% तक होती है।,0,[],[]
1411,"स्कलेरोथेरेपी में, अर्श में फीनॉल जैसे एक स्कलेरोसिंग एजेंट का इंजेक्शन लगाया जाता है।",0,[],[]
1412,"स्टेपल की जाने वाली बवासीर की शल्यक्रिया (हेमरॉएडेक्टमी) एक प्रक्रिया है जिसमें अर्श के असमान्य रूप से वढ़े ऊतकों को हटाया जाता है, जिसके बाद शेष अर्श ऊतकों को वापस इसकी सामान्य शारीरिक स्थिति में रख दिया जाता है।",0,[],[]
1413,"सूची में दिए गए पाठों में कोई भी जानकारी नहीं है जो दो लिंगों में घटना का अनुभव किया गया है या नहीं इसके बारे में बताती है। इसलिए, उत्तर नहीं दिया जा सकता। मेरे पास आपके प्रश्न का उत्तर नहीं है।",0,[],[]
1414,रक्त का स्राव करते हैं।,0,[],[]
1415,ब्रेट पर बवासीर की शल्यक्रिया की गयी।,0,[],[]
1416,यूनाइटेड ब्रेवरीज समूह।,0,[],[]
1417,किंगफिशर एयरलाइंस की स्थापना 2003 में हुई थी और उसका मालिक यूनाइटेड ब्रेवरीज समूह था।,0,[],[]
1418,किंगफिशर एयरलाइन की शुरुआत 2003 में हुई थी।,0,[],[]
1419,"असुन्सियोन उपनिवेशिक बस्ती की स्थापना 15 अगस्त, 1537 को हुई।",0,[],[]
1420,राष्ट्रपति कार्यकारी शाखा और न्यायपालिका का प्रमुख होता है।,0,[],[]
1421,विधायिका की शक्ति दो कक्षों में विभाजित होती है।,0,[],[]
1422,सूर्य का अध्ययन करने वाले विज्ञान का नाम न्यूक्लियोकोस्मोक्रोनोलोजी है।,0,[],[]
1423,सूर्�ya की कोर में न्यूट्रिनो का उत्पादन होता है।,0,[],[]
1424,मेरे पास आपके प्रश्न का उत्तर नहीं है।,0,[],[]
1425,मेरे पास आपके प्रश्न का उत्तर नहीं है।,0,[],[]
1426,मेरे पास आपके प्रश्न का उत्तर नहीं है।,0,[],[]
1427,बीटा एंड्रोमेडे के स्पष्ट दृश्य परिमाण की सीमा ५५वाँ सब से रोशन तारा है।,0,[],[]
1428,M0 III,0,[],[]
1429,ग्रे ग्रेनाइट शहर में एबरडीन की इमारतों में इस्तेमाल किया गया।,0,[],[]
1430,ब्यूबॉनिक प्लेग का प्रमुख प्रकोप 1647 में हुआ।,0,[],[]
1431,मेरे पास आपके प्रश्न का उत्तर नहीं है।,0,[],[]
1432,"1308 में एबरडीन किले की घेराबंदी की गयी थी, जिसके बाद अंग्रेज सेना का कत्लेआम हुआ और शहर की जनता के लिए एबरडीन पर फिर से कब्जा कर लिया गया। लेकिन एबरडीन किले को नष्ट किया गया वर्ष सूची में नहीं मिल रहा है।",0,[],[]
1433,मेरे पास आपके प्रश्न का उत्तर नहीं है।,0,[],[]
1434,मेरे पास आपके प्रश्न का उत्तर नहीं है।,0,[],[]
1435,"पिछले तीन दशकों से, एबरडीन में कपड़ा मिलों, जहाज निर्माण और कागज बनाने वाले उद्योगों का बड़े पैमाने पर प्रतिस्थापन किया जा चुका है।",0,[],[]
1436,"एबरडीन में की जा सकने वाली गतिविधियाँ मछली पकड़ना, कपड़ा मिलों, जहाज निर्माण और कागज बनाना हैं। पिछले तीन दशकों से, इलेक्ट्रॉनिक्स डिजाइन और विकास उद्योग, कृषि और मछली पकड़ने के क्षेत्र में अनुसंधान, तेल उद्योग आर्थिक विकास में बड़ी भूमिका निभा रहे हैं।",0,[],[]
1437,"A93 सड़क का उपयोग करके जाना मौलिक रूप से A944 सड़क का एक अतिरिक्त मार्ग नहीं है, लेकिन A93 सड़क का उपयोग करके पश्चिम की ओर जाना हो सकता है जो A944 सड़क की ओर निकल सकता है। इसलिए, वेस्टहिल के अतिरिक्त A944 को जाने का दूसरा मार्ग A93 सड़क है।",0,[],[]
1438,A92 का उपयोग अब पर्यटक रास्ते के रूप में किया जाता है।,0,[],[]
1439,सूची में ऐसा अनुमान नहीं लगता है कि आबूसलायमन किस देश से है। मेरे पास आपके प्रश्न का उत्तर नहीं है।,0,[],[]
1440,यूनाइटेड आर्टिस्ट्स फ़िल्म स्टूडियो का नाम था।,0,[],[]
1441,मेरे पास आपके प्रश्न का उत्तर नहीं है।,0,[],[]
1443,बेट्स कैम्ब्रिज में तीन वर्ष रही।,0,[],[]
1445,हैकनी और तौन्त्न में रही थी।,0,[],[]
1446,मेरे पास आपके प्रश्न का उत्तर नहीं है।,0,[],[]
1447,मेराडोना की आयु 19 वर्ष थी। उन्होंने 20 अक्टूबर 1976 में पेशेवर शुरूआत की और 1 नवम्बर 1976 को उनकी आयु 19 वर्ष 1 महीने 1 दिन थी।,0,[],[]
1449,"हान राजवंश की कहानी तीन राज्य बनने वाले तीन महत्वपूर्ण गुटों के बीच सैनिक और निजी लड़ाई, षड्यंत्र, और संघर्ष के बारे में वर्णित की गई है।",0,[],[]
1450,मेरे पास आपके प्रश्न का उत्तर नहीं है।,0,[],[]
1451,बसु का जन्म ८ जुलाई १९१४ को हुआ था।,0,[],[]
1452,1964 में बसु नए भारत की कम्युनिस्ट पार्टी (मार्क्सवादी) के पोलित ब्यूरो के पहले नौ सदस्यों में से एक बने।,0,[],[]
1454,उसके कुत्ते का नाम मैक्स था।,0,[],[]
1455,"सैलिनास घाटी, कैलिफोर्निया में रखीं।",0,[],[]
1456,इटुरी अफ़्रीका के मध्य में स्थित कांगो लोकतान्त्रिक गणराज्य के पूर्वी प्रान्त में स्थित है।,0,[],[]
1457,इटुरी प्रांत अफ़्रीका के मध्य में स्थित कांगो लोकतान्त्रिक गणराज्य के पूर्वी प्रान्त में स्थित था।,0,[],[]
1458,मेरे पास आपके प्रश्न का उत्तर नहीं है।,0,[],[]
1459,तीव्र वापसी के लक्षण एक से तीन सप्ताह तक चलते हैं।,0,[],[]
1460,AUDIT विश्व स्वास्थ्य संगठन द्वारा विकसित एक शराब सेवन विकार पहचान परीक्षण है।,0,[],[]
1463,"पुरुषों और महिलाओं दोनों में शराबीपन से ग्रसित होने का खतरा है, हालांकि पुरुषों में इसका प्रचलन अधिक है।",0,[],[]
1464,2001 में युनाइटेड किंगडम में स्वतंत्र शराबियों की संख्या 28 लाख से अधिक थी।,0,[],[]
1465,मेरे पास आपके प्रश्न का उत्तर नहीं है।,0,[],[]
1466,अली का वास्तविक नाम विलिसिया गिलमोर था।,0,[],[]
1467,जबेल मूकबेर का निवास स्थान था पूर्व यरुशलम।,0,[],[]
1468,60,0,[],[]
1469,आरडीएफआरएस की स्थापना 2006 में हुई थी।,0,[],[]
1470,"डॉकिन्स की पुष्टि के बाद वे चर्च ऑफ इंग्लैंड में पुष्टि हुए, लेकिन विश्वासों में उलझन में आ गए। बाद में वे डार्विनवाद और वैज्ञानिक कारणों के बारे में सीखने के बाद अपने धार्मिक विश्वास को त्याग देने पर पहुंच गए।",0,[],[]
1471,उन्हें आधुनिक बल्लेबाजी का आविष्कार किया जाता है।,0,[],[]
1472,क्रिस्टोफर नोलन की नागरिकता अंग्रेज-अमेरिकी है।,0,[],[]
1473,नोलेन की अधिकांश फ़िल्मों में सह-लेखक जोनाथन नोलेन है।,0,[],[]
1474,अमेरिकी उड़ान परिचारक और अंग्रेजी शिक्षिका ने नोलन की माँ ने पढ़ाया।,0,[],[]
1476,फ्रीयरे का पेशा एक शिक्षक था।,0,[],[]
1477,फ्रीयर की पत्नी का व्यवसाय नहीं था क्योंकि जानकारी में उनकी किसी व्यवसाय की रिकॉर्ड नहीं मिली है। उनकी केवल शिक्षण और परिवार के बारे में जानकारी दी गई है।,0,[],[]
1478,फ्रीयर को 1946 में पार्नम्बुको की स्थिति में सामाजिक सेवा के शिक्षा और संस्कृति विभाग के निदेशक की भूमिका मिली।,0,[],[]
1479,फ्रेयर ने गद्दार होने के बावजूद 70 दिनों के लिए बोलिविया में निर्वासन का अनुभव किया।,0,[],[]
1480,काले विल्डबीस्ट के अयाल का रंग क्रीम से लेकर काले तक होता है।,0,[],[]
1481,1996 में रिलीज किया गया।,0,[],[]
1482,पार्मली ने लोगों के दांतों की रेशम के लोमक का अन्वेषण किया था।,0,[],[]
1483,मेरे पास आपके प्रश्न का उत्तर नहीं है।,0,[],[]
1484,"डर्माटोफेजिया के प्रभाव में अंगुलियों की त्वचा को दांतों से काटने या खाने लगना, नाखूनों के पास त्वचा काटने से रक्त बाहर निकलना, त्वचा में रंग विकार, अंगुली के पोर को काटने से दर्द और खून निकलना, और कुछ मामलों में अंगुलियों का मांस खाना शामिल हो सकता है।",0,[],[]
1485,कैस्पारियन की परवरिश कैलिफ़ोर्निया की रेसेडा उपनगरी में हुई थी।,0,[],[]
1486,अना का जन्म 7 जुलाई 1986 हुआ।,0,[],[]
1487,अलका याज्ञिक की माँ शोभा याज्ञिक गायक है।,0,[],[]
1488,एलिजाबेथ हर्ले की माँ का व्यवसाय एंग्लीकन माँ केंपशॉट इन्फेण्ट स्कूल में टीचर था।,0,[],[]
1489,सन 1981-1982 में।,0,[],[]
1490,टाइप ए1 के व्यक्ति को आहार का संशोधन ग्लूकोज़ स्तर को नियंत्रित करने के लिए पर्याप्त होता है।,0,[],[]
1491,"यदि रैंडम रक्त ग्लूकोज़ परीक्षण के परिणाम सामान्य सीमाओं के बाहर होते हैं, तो ओजीटीटी (OGTT) का समावेश किया जाता है।",0,[],[]
1492,2 घंटों के बाद मापा जाता है।,0,[],[]
1493,रक्त ग्लूकोज़ स्तरों पर निगरानी रखी जाती है।,0,[],[]
1494,2000-2500 किलो कैलोरी।,0,[],[]
1495,पद्मा लक्ष्मी,0,[],[]
1496,2 जुलाई 2007 को शादी टूट गई थी।,0,[],[]
1497,मेरे पास आपके प्रश्न का उत्तर नहीं है।,0,[],[]
1498,अंत:दंत्य उपचार।,0,[],[]
1499,मुख्य-भूमि चीन में छींगमिंग त्यौहार को वर्ष 2008 में सार्वजनिक अवकाश के रूप में घोषित किया गया।,0,[],[]
1500,मेरे पास आपके प्रश्न का उत्तर नहीं है।,0,[],[]
1501,मंगोलिया की उपजाति (S. t. mongolica) केवल पश्चिमी मंगोलिया में ही मिलती है।,0,[],[]
1502,साइगा अत्यंतनूतन युग (प्लाइस्टोसीन) में रहते थे।,0,[],[]
1503,मेरे पास आपके प्रश्न का उत्तर नहीं है।,0,[],[]
1504,मेरे पास आपके प्रश्न का उत्तर नहीं है।,0,[],[]
1505,गुइयांग दक्षिणी चीन के गुइझोऊ प्रांत की राजधानी है।,0,[],[]
1506,"गुइयांग समुद्र की तुलना में १,१०० मीटर ऊँचा है।",0,[],[]
1507,गुइयांग गुइझोऊ प्रांत की राजधानी है।,0,[],[]
1508,मेरे पास आपके प्रश्न का उत्तर नहीं है।,0,[],[]
1509,अरबी भाषा के शब्द क्वामार (चान्द) से निकला है।,0,[],[]
1510,"कोमोरोस में तीन आधिकारिक भाषाएं हैं: शिकोमोरी, अरबी और फ़्राँसीसी।",0,[],[]
1511,ईसाई धर्म से।,0,[],[]
1512,98%,0,[],[]
1513,एक ड्रेगन ने बियोवुल्फ़ के क्षेत्र में आतंकित किया है।,0,[],[]
1514,ड्रेगन को मार देता है।,0,[],[]
1515,राक्षसों और जानवरों से लड़ाई करता है।,0,[],[]
1516,बाहरी दलों के साथ स्थिर मूल्य संकुचन जोखिम को सीमित करते हैं।,0,[],[]
1517,विलियम्स का जन्म 1965 में हुआ था।,0,[],[]
1518,2001 में अमेरिका में खून चढ़ाने से हुए एचआईवी (HIV) का जोखम प्रत्येक रक्त चढ़ाने की क्रिया के लिए 25 लाख में से एक था।,0,[],[]
1519,वयस्कों की नैतिक नैदानिक समस्याओं के लिए।,0,[],[]
1520,एंजाइम-लिंक्ड इम्यूनोसार्बेंट एसे (एलिसा) और एंजाइम इम्यूनोएसे (ईआईए) हैं।,0,[],[]
1521,एंजाइम से संलग्न एक प्रोब से दर्शाया जाता है।,0,[],[]
1522,मैरी के पिता हेनरी अष्टम थे।,0,[],[]
1525,गंभीर धावक जॉगिंग का उपयोग अंतराल प्रशिक्षण के दौरान एक सक्रिय रिकवरी के रूप में करते हैं। वे तेज 400 मीटर की पुनरावृत्ति के बाद 8-मिनट मील की गति से जॉगिंग कर सकते हैं।,0,[],[]
1526,"जुड़वाँ बच्चे कुछ मामलों में संयुक्त जुड़वां बन सकते हैं। इसके अलावा, गर्भ में जुड़वां बच्चों द्वारा साझे किये गए वातावरण के कई स्तर हो सकते हैं, जिससे गर्भावस्था में जटिलता की संभावना बढ़ जाती है।",0,[],[]
1527,डेयरी उत्पादों में विकास हार्मोनों का पार्श्व प्रभाव पाया गया।,0,[],[]
1528,वैनिशिंग ट्विन सिंड्रोम,0,[],[]
1529,स्तन का समर्पित मैमोग्राफी यूनिट के जरिये संपीड़न की गई है।,0,[],[]
1530,स्तन सिस्ट फाइब्रोसाइटिक बीमारी का हिस्सा हो सकता है।,0,[],[]
1531,"स्तन की स्क्रीनिंग में सिर से लेकर पैर तक की (कार्नियोकैडुअल, सीसी) छवि और तिरछी छवि दोनों ली जाती हैं।",0,[],[]
1532,निस्सिन फूड्स त्वरित नूडल बनाती है। इसकी स्थापना मोमोफुकू एण्डो द्वारा 1948 में की गई थी और वहाँ से त्वरित नूडल उत्पादन शुरू हुआ।,0,[],[]
1533,कार्ल्सबर्ग प्रयोगशाला।,0,[],[]
1534,कोपेनहेगन विश्वविद्यालय में पढ़ने गए।,0,[],[]
1535,स्टोव का जन्म 14 जून 1811 को हुआ था।,0,[],[]
1536,स्टो दंपत्ति के सात बच्चे थे।,0,[],[]
1537,तीन लाख से अधिक प्रतियाँ एक वर्ष से कम समय में बिकीं।,0,[],[]
1538,"ऑडियो, चित्र या वीडियो में डिजिटल सिग्नल होता है।",0,[],[]
1539,"वाटरमार्क को ऑडियो, चित्र या वीडियो में प्रसारित किया जा सकता है।",0,[],[]
1540,25 फ़रवरी 2005 को।,0,[],[]
1541,रोनाल्डिन्हो ने स्थानीय टीम के खिलाफ खेल में 23 गोल किए।,0,[],[]
1542,"2001 में, रोनाल्डिन्हो ने फ्रांस के पेरिस सेंट-जर्मन के साथ €5.1 मिलियन के अंतरण में पांच साल के अनुबंध पर हस्ताक्षर किया।",0,[],[]
1544,अनाज की माल्टिंग करने से स्टार्च में शर्कराओं की दृष्टि से उफनाने योग्य शर्कराएँ उत्पन्न होती हैं।,0,[],[]
1545,4%-6%,0,[],[]
1546,मद्यनिर्माण उद्योग एक वैश्विक व्यापार है जिसमें प्रभावी बहुराष्ट्रीय कंपनियां छोटे उत्पादक शराब की भट्टियों से शुरू कर आंचलिक सुराकर्मशालाओं तक शामिल हैं। इस उद्योग में प्रतिवर्ष 133 बिलियन लीटर बियर बिकता है जिससे वैश्विक राजस्व की कुल 294.5 बिलियन डॉलर की आय हुई है।,0,[],[]
1547,मेरे पास आपके प्रश्न का उत्तर नहीं है।,0,[],[]
1548,4.30%,0,[],[]
1550,संगठनों को इंटरनेशनल सिस्टम ऑफ यूनिट्स (ISQ) का उपयोग करना चाहिए।,0,[],[]
1551,मेरे पास आपके प्रश्न का उत्तर नहीं है।,0,[],[]
1552,मेरे पास आपके प्रश्न का उत्तर नहीं है।,0,[],[]
1553,1930 के दशक के आरंभ में किपलिंग को अपने लेखन में बरकरार सफलता मिली।,0,[],[]
1554,मेरे पास आपके प्रश्न का उत्तर नहीं है।,0,[],[]
1555,पर्वत आमतौर पर एक पहाड़ी की अपेक्षा अधिक ढलानदार है।,0,[],[]
1556,विवर्तनिक बलों या ज्वालामुखी के माध्यम से पृथ्वी का धरातल उठता है।,0,[],[]
1557,उत्थान के समय होने वाली घटना को isostatic उत्थान कहा जाता है।,0,[],[]
1558,जापान में माउंट फूजी एक ज्वालामुखी है।,0,[],[]
1559,"कटाव के कारण शामिल हैं: पानी, हवा, बर्फ और गुरुत्वाकर्षण।",0,[],[]
1560,मेरे पास आपके प्रश्न का उत्तर नहीं है।,0,[],[]
1561,मेरे पास आपके प्रश्न का उत्तर नहीं है।,0,[],[]
1562,प्रत्येक कंपनी का इतिहास उन्नीसवीं सदी से शुरू होता था।,0,[],[]
1563,कूपर्स एंड लिब्रैंड डेलोटी के रूप में नामकरण हुआ था। इसके बाद 1992 में कूपर्स एंड लिब्रैंड के रूप में फिर से नामकरण किया गया था।,0,[],[]
1564,MCS का अर्थ प्रबंधन परामर्श सेवा होता है।,0,[],[]
1565,मेरे पास आपके प्रश्न का उत्तर नहीं है।,0,[],[]
1566,मेरे पास आपके प्रश्न का उत्तर नहीं है।,0,[],[]
1568,PwC और यूरोप अतिरिक्त उत्तर अमेरिका में कार्यरत है।,0,[],[]
1569,मेरे पास आपके प्रश्न का उत्तर नहीं है।,0,[],[]
1570,"मिरांडा हाउस, दिल्ली विश्वविद्यालय से डिग्री प्राप्त की।",0,[],[]
1571,"2,111 मीटर",0,[],[]
1572,तीसरा सबसे बड़ा शहर मालमो है।,0,[],[]
1573,"स्वीडन के विदेशी पृष्ठभूमि वाले निवासी मुख्यतः सीरिया, फिनलैंड, इराक, पोलैंड, ईरान और सोमालिया से हैं।",0,[],[]
1574,स्वीडन की अर्थव्यवस्था एक निर्यात उन्मुख मिश्रित अर्थव्यवस्था है।,0,[],[]
1575,स्वीडन है विश्व में हथियारों का नौवाँ सबसे बड़ा उत्पादक/निर्यातक।,0,[],[]
1576,स्वीडन के सबसे प्रसिद्ध मूर्तिकार टोबीस सर्गल और कार्ल मिलस हैं।,0,[],[]
1578,"येल कॉलेज में, बेंजामिन फ्रेंकलिन और जेरेमिया डे के द्वारा विद्युत विषय पर दिए गए वक्तव्यों में मोर्स ने भाग लिया।",0,[],[]
1579,"अकादमी में, मोर्स रेनेसेन्स की नयी शास्त्रीय कला की ओर रुझान किया और माइकलएंजेलो ओर राफेल की ओर करीबी से ध्यान दिया। इसलिए, मोर्स रेनेसेन्स युग की कला से प्रभावित था।",0,[],[]
1580,द डाइंग हर्क्युलेज,0,[],[]
1581,38-मील (61 कि॰मी॰),0,[],[]
1582,"उटिका, न्यूयॉर्क में हुआ था।",0,[],[]
1583,10 दीनार का बैंकनोट 1971 में चलन में आया था।,0,[],[]
1584,हैंडबॉल के लिए नियमों का पहला सेट 1906 में लिखा गया था।,0,[],[]
1585,बॉल केवल आर-पार हो जाती थी।,0,[],[]
1586,नारंगी गेंद की तलाश करने के लिए रंग बदल दिया गया था।,0,[],[]
1587,महिला बास्केटबॉल चैंपियनशिप में प्रत्येक टीम में छह से नौ खिलाड़ियों और 11 अधिकारियों को रखने की मांग की गई थी।,0,[],[]
1588,"अर्जेंटीना, चेकोस्लोवाकिया, ग्रीस, इटली, लातविया, पुर्तगाल, रोमानिया और स्विट्ज़रलैंड ने 1932 में फिबा का गठन किया।",0,[],[]
1589,थ्री-पॉइंट आर्क बास्केट से निम्नलिखित दूरी पर होता है: - अंतर्राष्ट्रीय खेलों में: 6.25 मीटर (20.5 फीट) - NBA खेलों में: 23 फीट 9 इंच (7.24 मी॰),0,[],[]
1590,दक्षिण कोरियाई लोगों द्वारा आम भाषा और दौड़ नागरिकता के अधिक से अधिक महत्वपूर्ण तत्वों के रूप में देखा जाता है।,0,[],[]
1591,"1985 की जनगणना में दक्षिण कोरिया की कुल आबादी 40,466,577 थी।",0,[],[]
1592,दक्षिण कोरिया की 1955 की आबादी की संख्या दी गई जानकारी से निर्धारित नहीं की जा सकती। दी गई जानकारी में 1949 और 1955 के बीच की वृद्धि दर और 1955 तक की आबादी की जानकारी नहीं मिली है।,0,[],[]
1593,"विश्व की पहली जनगणना के अनुसार दक्षिण कोरिया की जनसंख्या 20,188,641 थी।",0,[],[]
1594,बहन होम्स और बेल के बीच एक जैसे छोटे-छोटे निरीक्षणों से बड़े निष्कर्ष निकालने की कौशल थी।,0,[],[]
1595,मेरे पास आपके प्रश्न का उत्तर नहीं है।,0,[],[]
1596,"प्रत्येक प्रदर्शनी में शेरलाक होम्स पब लंदन और कोनन डॉयल संग्रह लुसंस, स्विट्जरलैंड में चीजों का प्रदर्शन होता है। ये प्रदर्शनी अपनी बेकर स्ट्रीट बैठक के पुनर्निमाजन सहित जनता के लिए खुली हैं।",0,[],[]
1597,एस्कोबार की पत्नी की उम्र 15 साल थी।,0,[],[]
1599,आवश्यक दवाएँ शामिल हैं।,0,[],[]
1600,मेरे पास आपके प्रश्न का उत्तर नहीं है।,0,[],[]
1601,सिस्टोस्कोपी के प्रकार फ्लेक्सिबल और रिजिड हैं।,0,[],[]
1602,इंघम की मृत्यु 1974 में हुई।,0,[],[]
1603,इस नेटवर्क में नहरें प्राकृतिक और कृत्रिम नहरों द्वारा जुड़ी हुई पाँच बड़ी झीलों के माध्यम से बनाई गईं।,0,[],[]
1604,मेरे पास आपके प्रश्न का उत्तर नहीं है।,0,[],[]
1605,मुख्यतः दिए गए पाठों से यह स्पष्ट है कि एल्सा आइंस्टीन ने म्यूनिख में परिवार के साथ नियमित रूप से दौरा किया था। इसलिए उत्तर है: म्यूनिख में वह अक्सर अपने परिवार के साथ जाती थी।,0,[],[]
1606,"1933 में, अल्बर्ट आइंस्टीन और एल्सा प्रिंसटन, न्यू जर्सी, संयुक्त राज्य अमेरिका में रहने लगे।",0,[],[]
1607,श्रम आंदोलन का लक्ष्य श्रमिकों और कामगार वर्ग के हितों का बेहतर आचरण है।,0,[],[]
1608,सर इसाक विवियन्स का पेशा क्रिकेट खिलाड़ी था।,0,[],[]
1609,8540,0,[],[]
1610,"प्रांत के नाम का अर्थ ""लगान-मुक्त नगर"" है।",0,[],[]
1611,मेरे पास आपके प्रश्न का उत्तर नहीं है।,0,[],[]
1612,"सवाल के उत्तर के लिए दिए गए जानकारी में विशेष रूप से जोखिम विश्लेषण को अद्यतन किया जाता है यह नहीं बताया गया है। इसलिए, उत्तर निम्न है: मेरे पास आपके प्रश्न का उत्तर नहीं है।",0,[],[]
1613,हर्मन मिन्कोवस्की के लिए जाने जाते हैं क्योंकि उन्होंने संख्याओं की ज्यामिति का सृजन एवं विकास किया है और उन्होंने संख्या सिद्धान्त तथा गणितीय भौतिकी की समस्याओं के हल के लिए ज्यामितीय विधियों का उपयोग किया।,0,[],[]
1614,मेक्सिको में 31 राज्य हैं।,0,[],[]
1616,मेरे पास आपके प्रश्न का उत्तर नहीं है।,0,[],[]
1617,मेरे पास आपके प्रश्न का उत्तर नहीं है।,0,[],[]
1618,मेरे पास आपके प्रश्न का उत्तर नहीं है।,0,[],[]
1620,डाटा प्रवाह मशीनें आमतौर पर VHDL या Verilog हार्डवेयर वर्णन भाषाओं का उपयोग कर डिजाइन किया जाता है।,0,[],[]
1622,"वातावरण में हाइड्रोजन, हीलियम, मीथेन, जल वाष्प, अमोनिया, सिलिकॉन आधारित यौगिक, कार्बन, इथेन, हाइड्रोजन सल्फाइड, फोस्फाइन, सल्फर, बेंजीन और अन्य हाइड्रोकार्बन पाया जा सकता है।",0,[],[]
1623,बृहस्पति से संबंधित है।,0,[],[]
1624,बृहस्पति ग्रह में विभिन्न अक्षांशों के बादलों को हल्के रंग के क्षेत्रों (zones) और गहरे रंग की पट्टियों (belts) के रूप में वर्गीकृत किया गया है।,0,[],[]
1625,बृहस्पति के प्लाज्मा चादर के भीतर इलेक्ट्रोन एक शक्तिशाली रेडियो तरंग उत्पन्न करते हैं जो 0.6 - 0.3 मेगा हर्ट्ज़ परास का विस्फोट पैदा करता है। इससे चुंबकीय द्विध्रुवीय विरूपण बनता है।,0,[],[]
1626,शंकु आकार की सतह के साथ ऊर्जा का संचार होता है।,0,[],[]
1627,"बृहस्पति अनुकूल विमुखता के दौरान उत्तरागति की तरह चलता है। यह दृश्य परिमाण में भिन्न हो सकता है और इसका कोणीय व्यास भी बदल सकता है। जब बृहस्पति अपसौर से होकर गुजर रहा होता है, तो इसकी अनुकूल विमुखता पाई जाती है।",0,[],[]
1628,7वीं या 8वीं शताब्दी इपू.,0,[],[]
1629,मेरे पास आपके प्रश्न का उत्तर नहीं है।,0,[],[]
1631,"प्रश्न के उत्तर के लिए दिए गए जानकारी में सबसे उल्लेखनीय अंतरिक्ष यान के बारे में जानकारी नहीं है। इसलिए, उत्तर है: मेरे पास आपके प्रश्न का उत्तर नहीं है।",0,[],[]
1632,तीन चंद्रमाएँ के कारण लाप्लास रेजोनेंस होता है।,0,[],[]
1633,बृहस्पति के चंद्रमाओं की नियमित चक्रीय कक्षाएँ हैं।,0,[],[]
1634,बृहस्पति,0,[],[]
1635,इल्हाम हेदर ओगलू ओलियेव की मूल भाषा अज़ेरी है।,0,[],[]
1636,बंगलादेश लिबरेशन वार्युद्ध के बाद बंगलादेश अलग हुआ।,0,[],[]
1637,"स्मारक की मुख्य संरचना 7 समद्विबाहु त्रिकोणीय पिरामिड आकार की संरचनाओं से बनी है। इसलिए, वास्तुकला की स्मारक की दीवारों का आकार 7 त्रिकोणीय है।",0,[],[]
1638,मेरे पास आपके प्रश्न का उत्तर नहीं है।,0,[],[]
1639,राकेश का पेशा फ़िल्म निर्देशन है।,0,[],[]
1640,"प्रश्न के उत्तर के लिए दिए गए जानकारी में विशेष रूप से बताया गया है कि राखी सावंत एक टेलिविज़न शो की मेजबान है, लेकिन उस शो का नाम नहीं दिया गया है। दिए गए पाठ से यह स्पष्ट नहीं होता कि वह किस शो की मेजबान है। इसलिए, उत्तर निम्न है: मेरे पास आपके प्रश्न का उत्तर नहीं है।",0,[],[]
1641,पॉल सोफस एप्सटीन का विचार था कि पॉलफ्लूक्त परिकल्पना अविश्वसनीय है।,0,[],[]
1642,मेरे पास आपके प्रश्न का उत्तर नहीं है।,0,[],[]
1643,"शोधकर्ताओं को पता है कि महाद्वीपीय बहाव का सिद्धांत सही हो सकता है क्योंकि ओरीएंटेड हिमनद श्रृंखला तथा टाईलाइट्स नमक जमाव से बने सतत हिमनद द्वारा गोंडवाना के अस्तित्व की पुष्टि की गई है, जो महाद्वीपीय प्रवाह के सिद्धांत का केन्द्रीय तत्त्व है।",0,[],[]
1644,बोइंग एक्स-40,0,[],[]
1645,पहला एक्स-40 परीक्षण 11 अगस्त 1998 को न्यू मैक्सिको के हॉलीमन एएफबी में हुआ था।,0,[],[]
1646,लगभग दो तिहाई मामले पारिवारिक ही होते हैं।,0,[],[]
1647,"हालांकि सिरदर्द में कई कारकों की भूमिका मानी जाती है, लेकिन आमतौर पर यह माना जाता है कि यह पर्यावरणीय और आनुवांशिकीय कारकों के मिश्रण से होता है।",0,[],[]
1648,माइग्रेन का कारण आनुवांशिक और पर्यावरणीय कारकों के मिश्रण से होता है। अस्थिर हार्मोन स्तर भी एक भूमिका निभा सकते हैं।,0,[],[]
1649,72 घंटे से अधिक चलने वाले माइग्रेन को स्टेटस माइग्रेनॉसस के नाम से जाना जाता है।,0,[],[]
1651,"माइग्रेन से पीड़ित लोगों को वायु गुणवत्ता और प्रकाश व्यवस्था से संबंधित कुछ बचाव उपाय लेने का सुझाव दिया जाता है। पहले यह विश्वास किया जाता था कि उच्च बुद्धिमत्ता वाले लोग माइग्रेन आमतौर पर काफी आम होते हैं, लेकिन ऐसा सही नहीं दिखता है।",0,[],[]
1652,आधारी धमनी ब्रेनस्टेम आपूर्ति करती है।,0,[],[]
1653,"रेटिनल माइग्रेन के लक्षण में माइग्रेन सिरदर्द, दृश्य गड़बड़ी और एक आंख में भी अस्थायी अंधापन शामिल होता है।",0,[],[]
1654,माइग्रेन होने की सर्वाधिक संभावना वह लोगों में होती है जिनके पारिवारिक इतिहास में माइग्रेन का इतिहास है।,0,[],[]
1655,सबूतों से पता चला था कि लुबान्टुन का स्फटिक कपाल ब्रिटिश म्यूजियम के कपाल की बहुत करीबी नकल है।,0,[],[]
1659,डाइहाइड्रोएरगॉटामीन को ट्रिप्टन्स की एक प्रकार के रूप में निर्धारित किया जा सकता है।,0,[],[]
1660,ऑरा के बिना होने वाले माइग्रेन स्थिति से नहीं जोड़ा जाता है।,0,[],[]
1661,10% से अधिक.,0,[],[]
1662,35 से 45 वर्ष की आयु के लोगों में माइग्रेन अकसर दिखाई देते हैं।,0,[],[]
1663,1918 में एर्गोटेमाइन को फफूंद एरगॉट से अलग किया गया था।,0,[],[]
1664,मेरे पास आपके प्रश्न का उत्तर नहीं है।,0,[],[]
1665,"माइग्रेन शब्द को विकसित करने के लिए, परगेमान के गेलन ने शब्द हेमीक्रानिया (आधा-सिर) का उपयोग किया। इस शब्द से अंततः माइग्रेन शब्द विकसित हुआ।",0,[],[]
1666,माइग्रेन के प्रभाव निम्नलिखित हैं: 1.,0,[],[]
1666,काम के छूटने के कारण अर्थव्यवस्था में हानि। 2.,0,[],[]
1666,काम के कार्यक्षमता में कमी। 3.,0,[],[]
1666,नकारात्मक प्रभाव परिवार पर।,0,[],[]
1667,"स्तन अतिवृद्धि स्थिति में, स्तन वजन मालूम प्रकार से कुल शरीर के वजन से लगभग 3% तक अधिक हो सकता है। इसलिए, यह बिंदु पर किसी को बहुत अधिक स्तन वजन वाला माना जाता है जहाँ स्तन वजन कुल शरीर के वजन से 3% से अधिक होता है।",0,[],[]
1668,रूस ने अपने रासायनिक हथियारों के 94% के आसपास पूरी तरह से नष्ट किया।,0,[],[]
1670,"नет, चोर निकलने की कोशिश करने के बाद मालिक द्वारा मारे जाता है।",0,[],[]
1671,मेरे पास आपके प्रश्न का उत्तर नहीं है।,0,[],[]
1672,13 साल।,0,[],[]
1673,"जॉन हिन्क्ले, जूनियर ने राष्ट्रपति रोनाल्ड रीगन की हत्या करने का प्रयास किया था।",0,[],[]
1674,जापान सेल्फ-डिफेंस फोर्सेस का संक्षिप्त नाम JSDF है।,0,[],[]
1675,कुन्भोंग राजवंश बर्मी भाषा में क्यान्बोंखेत् (ကုန်းဘောင်ခေတ်) लिखा गया है।,0,[],[]
1676,"हालांकि मेरे पास यह जानकारी है कि डेजा समाचार ने एक उपन्यास संयोजन की पेशकश की, लेकिन उत्तर के लिए विशेष रूप से यह नहीं दिखता कि पहले से ही इसके उपयोग से समर्थित था। इसलिए, उत्तर है: मेरे पास आपके प्रश्न का उत्तर नहीं है।",0,[],[]
1677,हेप्थैथलॉन का आयोजन करती हैं।,0,[],[]
1678,मेरे पास आपके प्रश्न का उत्तर नहीं है।,0,[],[]
1679,तोकस्विग का जन्म 1958 में हुआ था।,0,[],[]
1680,"टोकस्विग ने टोरमेट स्कूल, गिल्डफोर्ड के निकट एक स्वतंत्र लड़कियों के स्कूल में पढ़ाई की।",0,[],[]
1681,कॉकस पर्वत श्रंखला में पाया जा सकता है।,0,[],[]
1682,मेरे पास आपके प्रश्न का उत्तर नहीं है।,0,[],[]
1683,प्रथम मध्यवर्ती काल का रूप में जाना जाता था।,0,[],[]
1684,2055 ई.पू.,0,[],[]
1684,में हेराक्लियोपोलिटन शासकों को हरा दिया गया था।,0,[],[]
1685,"हिक्सोस के लिए एक और शब्द ""विदेशी शासक"" है।",0,[],[]
1686,फैरो थे।,0,[],[]
1687,लीबियाई सामंतों थे।,0,[],[]
1688,671 और 667 ई.पू.,0,[],[]
1689,"प्रश्न के उत्तर में दिए गए जानकारी के आधार पर, मिस्रवासियों को पशुओं के साथ सम्मानजनक व्यवहार करने वाले पहले दर्शन के लिए विशेष रूप से जानकारी नहीं मिली है। इसलिए उत्तर निर्धारित नहीं किया जा सकता। मेरे पास आपके प्रश्न का उत्तर नहीं है।",0,[],[]
1691,"प्राचीन मिस्रवासी बकरियों, मवेशियों और सूअरों के अतिरिक्त भेड़ों, पोल्ट्री (बतख, हंस और कबूतर), गधों और बैलों को पाला जाता था।",0,[],[]
1692,नक्शों से ज्ञात है कि सोने के पहले ज्ञात मानचित्र नूबिया क्षेत्र में पाए गए थे।,0,[],[]
1693,"खनिजों का उपयोग स्मारकों, प्रतिमाओं, उपकरणों और वस्त्रों के निर्माण में किया जाता है। इसके अलावा, नूबिया में नक्शों के साथ सोने की खदानें और चकमक पत्थर भी उपयोग किए जाते हैं।",0,[],[]
1694,"वादी हम्मामत के लिए उल्लेखनीय स्रोत ग्रेवैक, ग्रेनाइट और सोना थे।",0,[],[]
1695,ऊपरी मिस्र में पाए गए थे।,0,[],[]
1696,प्रथम राजवंशीय फैरो की कब्र में पाए गए फिलीस्तीनी शैली के तेल के कटोरे से सबूत मिला है।,0,[],[]
1697,"मिस्र मुख्य रूप से अनाज, सोना, सन के कपड़े और पेपिरस का निर्यात करता था। इसके बदले उसे विलासिता की सामग्रियाँ और कच्चा माल प्राप्त होता था।",0,[],[]
1698,प्रश्न का उत्तर दिए गए जानकारी में नहीं मिल रहा है।,0,[],[]
1700,कॉप्टिक के निशान आधुनिक मिस्र की अरबी भाषा में पाए जाते हैं।,0,[],[]
1701,लेखकों ने याजकीय रूप के प्रवाही लेखन का उपयोग किया था।,0,[],[]
1702,मेरे पास आपके प्रश्न का उत्तर नहीं है।,0,[],[]
1703,"चौथी सदी में चित्रलिपि लेखन को पढ़ सकने वाले पुजारी की संख्या ज्ञात नहीं है, लेकिन यह ज्ञात है कि उनमें से ज्यादातर इसे पढ़ सकते थे। इसके बाद पारंपरिक धार्मिक प्रतिष्ठानों को भंग करने के बाद चित्रलिपि लेखन का ज्ञान ज्यादातर खो गया।",0,[],[]
1704,"चित्रलिपि एक शब्द, एक ध्वनि या एक मूक निर्धारक का प्रतिनिधित्व कर सकता है।",0,[],[]
1705,पहली बार दिखाई देने के बाद मिस्र में लेखन सबसे अधिक शाही मकबरों में पाए गए।,0,[],[]
1706,सिस्ट्रम एक खड़कता संगीत वाद्ययंत्र था जो विशेष रूप से धार्मिक समारोह में महत्वपूर्ण था।,0,[],[]
1707,खुली छत का प्रयोजन था गर्मी के दिनों में घर को ठंडा रखना।,0,[],[]
1708,नील नदी में स्नान किया।,0,[],[]
1709,दीवारों पर सफेद रंग लगाया जाता था और इन्हें रंगे हुए सन के कपड़े के पर्दे से ढका जा सकता था।,0,[],[]
1710,शिकार और नौका विहार।,0,[],[]
1711,युवा लोगों ने दिखाना और गेंद के खेल लोकप्रिय गतिविधियों का आनंद लिया था।,0,[],[]
1712,कृषक वर्ग साधारण घरों में रहते थे।,0,[],[]
1714,"व्यावसायिक जोखिमों और जीवविषों के संबंधों का मूल्यांकन किया गया है, लेकिन किसी स्पष्ट निष्कर्ष पर नहीं पहुंचा जा सका है। आहार और हार्मोन अंतर्ग्रहण के संबंध भी जांचा गया है, लेकिन बीमारी के साथ उनके संबंध की पुष्टि या खंडन करने के लिए और अधिक सबूत की जरूरत है।",0,[],[]
1716,पुनर्माइलिनीकरण,0,[],[]
1717,"उपचार के सामान्य प्रतिकूल प्रभाव में जगह वाली लिपोट्रोफी और इंटरफेरॉन द्वारा पैदा की गई लक्षण शामिल हैं। इंटरफेरॉन इन्फ्लूएंजा के समान लक्षण भी पैदा कर सकता है। बहुत कम मामलों में, इंटरफेरॉन से गुर्दे की क्षति, ह्रदय संबंधी गंभीर विषाक्तता, बांझपन और मज्जा ल्यूकेमिया जैसी गंभीर समस्याएँ हो सकती हैं।",0,[],[]
1718,दवाई से अस्थिर मूत्राशय और संस्तम्भता (spasticity) लक्षण सबसे अच्छी तरह से दूर होते हैं।,0,[],[]
1720,"काले सरसों, भूरे रंग के भारतीय सरसों और सफेद सरसों से उत्पादन किया जा सकता है।",0,[],[]
1721,इरुसिक एसिड सरसों के तेल में अधिक प्रचलित है।,0,[],[]
1722,ग्लोनास,0,[],[]
1723,19 अप्रैल 1900 को।,0,[],[]
1724,"मामूट्टी ने तमिल, तेलुगु, हिंदी और अंग्रेजी फिल्मों में अभिनय किया है, इस प्रकार उन्होंने कम से कम 4 गैर-मलयालम फिल्मों में अभिनय किया।",0,[],[]
1725,एशियाई खेलों को एशियाड के नाम से भी जाना जाता है।,0,[],[]
1726,चीन के हांगझोऊ नगर द्वारा आयोजित किया जायेगा।,0,[],[]
1727,अगस्त रश एक अमेरिकी ड्रामा फिल्म थी।,0,[],[]
1728,अल्फा-फिटोप्रोटीन (Alpha-fetoprotein) का अर्थ होता है।,0,[],[]
1729,BFP का स्तर गर्भ की पहली तिमाही के अंत तक भ्रूण सीरम में वृद्धि होता है।,0,[],[]
1730,गैर-काना जापानी वर्णमाला चीनी अक्षरों से आए हैं।,0,[],[]
1731,हिरागाना का विकास इस प्रकार हुआ: 1.,0,[],[]
1731,"सन 650 में, मानयोगाना में चीनी अक्षरों के ध्वनि के लिए इस्तेमाल किया गया। 2.",0,[],[]
1731,घसीट लिखने से हिरागाना और ओननादे (हिरागाना का अन्य नाम) विकसित हुआ। 3.,0,[],[]
1731,महिलाओं के लिए सुलभ लिखने की विधि के रूप में इसका उपयोग किया गया। इस प्रकार हिरागाना विकसित हुआ।,0,[],[]
1732,मेरे पास आपके प्रश्न का उत्तर नहीं है।,0,[],[]
1733,"क्योइकु कान्जी में 1,006 अक्षर हैं।",0,[],[]
1734,1981 में जोयो कानजी को पेश किया गया।,0,[],[]
1735,कुनयोमी और ओनयोमी के मिश्रण होता है।,0,[],[]
1737,मुहम्मद को 23 वर्षों की अवधि में ईश्वर से आदेश मिले।,0,[],[]
1738,95% से अधिक की संभावना है कि चर्मपत्र 568 और 645 के बीच था।,0,[],[]
1739,कुरान में 114 अध्याय हैं।,0,[],[]
1740,"कुरानिक शाब्दिकता, सलाफिस और जहीरिस के विशेषज्ञों का दावा है कि कुरान को केवल इसके स्पष्ट अर्थ में ही लिया जाना चाहिए।",0,[],[]
1741,सलमान फारसी ने कुरान का पहला अनुवाद किया है।,0,[],[]
1742,कुरान को कॉलिग्राफर्स और प्रतिवादियों द्वारा बनाई गई पांडुलिपियों में प्रसारित किया गया था। सबसे पुरानी पांडुलिपियों को इजाजी-टाइप स्क्रिप्ट में लिखा गया था।,0,[],[]
1743,दिसम्बर महीने लाया जाता है।,0,[],[]
1744,साहनी का जन्म 1 मई 1913 को हुआ था।,0,[],[]
1745,1943 में वे भारत लौट आए।,0,[],[]
1746,"कीज 2001 में सबसे बेहतरीन नई कलाकार और ग्रेमी बेस्ट न्यू ऑर्टिस्ट पुरस्कार जीतने के साथ-साथ सांग ऑफ द इयर फॉर ""फालिन"" के लिए सांग ऑफ द इयर पुरस्कार भी जीता, जिससे स्पष्ट होता है कि उन्होंने 2001 में चार्ट्स में शीर्ष पर पहुंच दिया। इसके अलावा, उनका एलबम ""सांग्ऑइन ए मिरर"" उस वर्ष 12 लाख से अधिक प्रतियों की हुई था।",0,[],[]
1747,अगले वर्ष 8 रीमिक्स और 7 अनप्लग्ड संस्करण उत्पादन किया गया।,0,[],[]
1749,"कीज़ को फिल्म ""स्मोकिन एसेस"" में अपनी अदाकारी कार्य के लिए बहुत प्रशंसा मिली।",0,[],[]
1750,2007,0,[],[]
1751,"वाल स्ट्रीट गिरावट के तत्काल बाद भावी परिणामों के सन्दर्भ में, प्रमुख कानूनी विद्वानों ने समाज में आधुनिक निगमों की बदलती भूमिका पर पुनर्विचार किया।",0,[],[]
1752,पाठ्य सामग्री में बुतरस-घाली के पिता के नाम नहीं मिला है। मेरे पास आपके प्रश्न का उत्तर नहीं है।,0,[],[]
1753,1992 में,0,[],[]
1754,पेटेंट स्टैनफ़ोर्ड विश्वविद्यालय से आया है।,0,[],[]
1756,एक प्रायिकता व्यक्त की गयी है।,0,[],[]
1757,रैंडम सर्फ़र के मॉडल का उपयोग करता है।,0,[],[]
1758,पीटर डिंकलेजिस के पिता का पेशा बीमा सेल्समैन था।,0,[],[]
1759,"BMI की गणना वयस्कों के लिए समान तरीके से की जाती है, लेकिन तब सामान उम्र के अन्य बच्चों के लिए प्रारूपिक मान से तुलना की जाती है। कम वजन और अधिक वजन की निर्धारित सीमा के बजाय BMI प्रतिशतक समान लिंग और आयु के बच्चों के साथ तुलना की अनुमति देता है।",0,[],[]
1760,"भारतीय स्वतंत्रता आंदोलन भारत की स्वतंत्रता की घोषणा के पहले कई दशकों में हुआ था, लेकिन 15 अगस्त 1947 को भारत ब्रिटिश सरकार से स्वतंत्र हो गया।",0,[],[]
1761,"होंठों को पसीने तथा शारीरिक तैल की सुरक्षा नहीं मिल पाती, जिससे वह अपनी ऊपरी सतह को चिकना रख सकें, तापमान नियंत्रित कर सकें तथा रोगाणुओं से बच सकें। इसी कारण वे जल्दी सूख जाते हैं और कट-फट जाते हैं।",0,[],[]
1762,पसीने तथा शारीरिक तैल के द्वारा होंठ सतह की सुरक्षा की जाती है।,0,[],[]
1763,मेरे पास आपके प्रश्न का उत्तर नहीं है।,0,[],[]
1764,रुपया शब्द का अर्थ चांदी का सिक्का है।,0,[],[]
1765,कोफी अन्नान का जन्म 8 अप्रैल 1938 को हुआ था।,0,[],[]
1767,मेरे पास आपके प्रश्न का उत्तर नहीं है।,0,[],[]
1768,कुरान में एक अध्याय को सुर कहा जाता है।,0,[],[]
1769,स्वर्ण पदक,0,[],[]
1770,मेरे पास आपके प्रश्न का उत्तर नहीं है।,0,[],[]
1771,मेरे पास आपके प्रश्न का उत्तर नहीं है।,0,[],[]
1772,फीफा (FIFA) ऑल-स्टार टीम में नामित किया गया था।,0,[],[]
1773,मेरे पास आपके प्रश्न का उत्तर नहीं है।,0,[],[]
1774,बॉक्सर कुत्ता एक ब्रैकीसिफैलिक कुत्ता नस्ल का उदाहरण है।,0,[],[]
1775,1977 में लीबिया का नाम बदलकर 'महान समाजवादी जनवादी लिबियाई अरब जम्हूरिया' रख दिया गया।,0,[],[]
1776,"लीबिया के निर्देशांक अक्षांश 19 डिग्री और 34 डिग्री एन, और अक्षांश 9 डिग्री और 26 डिग्री ई के बीच हैं।",0,[],[]
1777,लीबिया में धूल तूफान और मिट्टी के तूफ़ान आम हैं। यहाँ गिब्ली धूल से भरे सिरोको भी होते हैं।,0,[],[]
1778,2007 में।,0,[],[]
1779,पार्टी 17.9% वोट से जीती थी।,0,[],[]
1780,जापान,0,[],[]
1781,"गैस्ट्रोस्काइसिस का कारण ज्ञात नहीं है, लेकिन कुछ मामलों में अनुवांशिक कारण हो सकते हैं, और गर्भावस्था के दौरान मां को उजागर करने के लिए पर्यावरणीय कारक भी हो सकते हैं।",0,[],[]
1784,फुटबाल,0,[],[]
1785,कीन अक्सर कॉर्क लौटने के लिये क्लब से अकसर कुछ दिनों की छुट्टी के लिये अनुरोध करता था।,0,[],[]
1786,मेसोथेरपी का सामान्य क्षेत्र पिस्टोरिंग से जुड़ा हुआ है।,0,[],[]
1787,नेटफ्लिक्स की शुरुआत 1997 के दौरान हुई।,0,[],[]
1788,"त्रिफला में आमलाकी, हरिताकी और बिभिता के तीन महत्वपूर्ण घटक पाए जा सकते हैं।",0,[],[]
1790,एक महीने के लिए।,0,[],[]
1792,मूत्राशय संक्रमण का दूसरा नाम निचले मूत्र पथ संक्रमण है।,0,[],[]
1793,बच्चों में यूटीआई का एकमात्र लक्षण बुखार हो सकता है।,0,[],[]
1794,"यौन गतिविधियों के कारण, युवा और यौन सक्रिय महिलाओं में मूत्राशय संक्रमणों की दर सबसे ऊँची है।",0,[],[]
1796,क्रेनबेरी रस या क्रेनबेरी पूरक रीढ़ की हड्डी में चोट लगने वाले लोगों में यूटीआई की रोकथाम और उसके इलाज में मदद नहीं करते हैं।,0,[],[]
1797,महिलाएँ,0,[],[]
1798,"जटिल मामलों की पुष्टि करने के लिए, मूत्र विश्लेषण द्वारा यूरीनरी नाइट्रेट, श्वेत रक्त कणिकाओं (ल्यूकोसाइट्स) या ल्यूकोसाइट ईस्टरेस की उपस्थिति की जांच की जा सकती है।",0,[],[]
1799,"फोनाज़ोपिराइडिन को फोनाज़ोपिराइडिन के साथ दिया जाता है, जिससे मूत्राशय संक्रमण के दौरान महसूस की जाने वाली जलन और व्यग्रता से आराम मिल सके।",0,[],[]
1800,"अक्सर, बच्चे तीन दिन के एंटीबायोटिक उपचार पर प्रतिक्रिया दे देते हैं।",0,[],[]
1801,कुछ देशों में ट्राइमैथोप्रिम को ट्राइमैथोप्रिम/सल्फामेथाक्साज़ोल (TMP/SMX) के बराबर माना जाता है।,0,[],[]
1803,अमेरिकियों पर मूत्र संबंधी संक्रमण के प्रभाव: 1.,0,[],[]
1803,काम पर समय की हानि 2.,0,[],[]
1803,स्वास्थ्य देखभाल की लागत,0,[],[]
1804,"रात्चाबुरी का अर्थ ""राजापुरी"" या ""राजा की नगरी"" है।",0,[],[]
1805,मेरे पास आपके प्रश्न का उत्तर नहीं है।,0,[],[]
1806,रफीक फरीद का जन्म 20 जनवरी 1964 में हुआ था।,0,[],[]
1807,प्रश्न का उत्तर दिया गया पाठ से प्राप्त नहीं किया जा सकता। मेरे पास आपके प्रश्न का उत्तर नहीं है।,0,[],[]
1808,मेरे पास आपके प्रश्न का उत्तर नहीं है।,0,[],[]
1809,मेरे पास आपके प्रश्न का उत्तर नहीं है।,0,[],[]
1810,"नैदानिक मौत की शुरुआत में, चेतना कई सेकंड के भीतर खो जाती है।",0,[],[]
1811,"CPR का अर्थ ""कार्डियोपल्मोनरी पुनर्जीवन"" है।",0,[],[]
1812,मेरे पास आपके प्रश्न का उत्तर नहीं है।,0,[],[]
1813,चुय नदी का पानी मदद करता है।,0,[],[]
1814,"इसका उपयोग न्यायिक, प्रशासनिक एवं निजी आँकड़ों के संग्रहण में किया जाता था।",0,[],[]
1815,मुगल सल्तनत के दौरान कैथी कहलाने वाली लिपि का व्यापक रूप से प्रयोग किया जाता था।,0,[],[]
1816,"जब एक गेंद खो जाती है, तो इसकी जगह इसके सामान घिसावट वाली एक दूसरी गेंद ली जाती है।",0,[],[]
1817,फॉलो-ऑन का कानून 13 है।,0,[],[]
1818,कोई बल्लेबाज खेलने के लिए फिट नहीं होना।,0,[],[]
1819,"पारियों के बीच और दोपहर का भोजन, चाय और ड्रिंक्स के बीच का अंतराल दस मिनट का होता है।",0,[],[]
1821,"प्राचीन संस्कृतियों की गिनतियों का अध्ययन समूह के सदस्यों की, शिकारी पशुओं की, संपत्ति की या कर्ज की संख्या जैसी सामाजिक और आर्थिक आंकड़ों को ट्रैक करने के लिए किया जाता है।",0,[],[]
1822,बेक ने 1966 में फ्रायबर्ग विश्वविद्यालय में पढ़ाई की थी।,0,[],[]
1823,रेखीय मान से व्यक्त किए जाते हैं।,0,[],[]
1824,"आंखों में अधिक राहत के लिए, आईपीस की फोकल लम्बाई छोटी होनी चाहिए।",0,[],[]
1825,प्रश्न का उत्तर उपलब्ध जानकारी से नहीं तैयार किया जा सकता है। मेरे पास इसके बारे में कोई जानकारी नहीं है।,0,[],[]
1826,"मंच के नाम के रूप में ""द वारीअर"" नाम पर समझौता हुआ।",0,[],[]
1829,2001,0,[],[]
1830,"स्टैण्डर्ड ऑयल ऑफ कैलिफोर्निया और गल्फ ऑयल का विलय होने के बाद, सोकैल ने एकाधिकार व्यापार विरोधी विनियमन के तहत गल्फ की कई ऑपरेटिंग सहायक कंपनियों को वापस ले लिया और कुछ गल्फ स्टेशनों और पूर्वी संयुक्त राज्य अमेरिका की एक रिफाइनरी को बेच दिया। इससे सोकैल का नाम बदलकर शेवरॉन कॉर्पोरेशन हो गया।",0,[],[]
1831,इक्वेटोरियल गिनी,0,[],[]
1832,भारत,0,[],[]
1834,सैन्य गश्ती सूचीबद्ध नहीं है।,0,[],[]
1835,मेरे पास आपके प्रश्न का उत्तर नहीं है।,0,[],[]
1836,जॉन की मदत की।,0,[],[]
1838,दक्षिण अफ्रीका में एक मिनी बस दुर्घटना हुई।,0,[],[]
1839,फिल्मांकन से तीन हफ्ते पहले स्क्रिप्ट को संशोधित किया गया था।,0,[],[]
1840,पटकथा में योगदान दिया।,0,[],[]
1841,स्कोर के लेखक ने इसकी रचना जनवरी 2009 में शुरू की थी।,0,[],[]
1842,चार,0,[],[]
1843,मेरे पास आपके प्रश्न का उत्तर नहीं है।,0,[],[]
1844,अरबी भाषा से आया है।,0,[],[]
1845,शकीरा ने अपने दूसरे स्टूडियो एल्बम के बाद एक अंतराल लेने का फैसला किया ताकि वह हाई स्कूल से स्नातक कर सके।,0,[],[]
1846,शकीरा ने टूर एंफिबियो मार्च 2000 में शुरू किया।,0,[],[]
1847,मेरे पास आपके प्रश्न का उत्तर नहीं है।,0,[],[]
1848,इलाम,0,[],[]
1849,11,0,[],[]
1850,मेरे पास आपके प्रश्न का उत्तर नहीं है।,0,[],[]
1853,केन्या देश ने मतदान करके अपने नेताओं का चुनाव किया। केन्या एक लोकतांत्रिक गणराज्य है जहाँ राष्ट्रपति और सरकार का मुखिया दोनों भूमिकाओं में नियुक्त होते हैं।,0,[],[]
1854,सरकार कार्यकारी शक्ति का उपयोग करती है।,0,[],[]
1855,नॉर्थवुड,0,[],[]
1856,"प्रोसेसर टाइप के अनुसार विभिन्न काम कर सकता है, लेकिन दिए गए पाठ से निश्चित उत्तर नहीं मिल सकता है। मेरे पास आपके प्रश्न का उत्तर नहीं है।",0,[],[]
1857,"2003 के सितंबर में, पेंटियम 4 चरम संस्करण (पी4ईई) की घोषणा की गयी।",0,[],[]
1859,90,0,[],[]
1860,"1988 तथा 1989 में स्नातक की शिक्षा के पश्चात इब्नेर ने एक अनुवादक, विदेशी भाषायों के अध्यापक तथा एक सूचना प्रौद्योगिकी परियोजना जैसे व्यवसायों पर केन्द्रित किया।",0,[],[]
1861,मेरे पास आपके प्रश्न का उत्तर नहीं है।,0,[],[]
1864,मेरे पास आपके प्रश्न का उत्तर नहीं है।,0,[],[]
1865,मेरे पास आपके प्रश्न का उत्तर नहीं है।,0,[],[]
1866,विंड्सर कासल के सेंट जॉर्ज चैपल में हुई थी।,0,[],[]
1867,मंगोलियाई राजधानी उलानबटार में होता है।,0,[],[]
1868,चीन की परंपरा में थी।,0,[],[]
1869,ताइल,0,[],[]
1870,नमक उत्पादक ने भुगतान के रूप में चांदी का इस्तेमाल किया।,0,[],[]
1871,1 ताइल में 100 कैंडरीन होते हैं।,0,[],[]
1873,मेरे पास आपके प्रश्न का उत्तर नहीं है।,0,[],[]
1874,कुआमिनटांग चीन की रजत मानक पर 1949 में लौटा।,0,[],[]
1875,बश्कोरतोस्तान किसी से नियंत्रित किया गया था। यह गणतंत्र का दर्जा मिला हुआ है।,0,[],[]
1876,"1937 में चीन में मुद्रा चीन की विधिमान्य मुद्रा बनी, जो बाद में हांगकांग में रही। इसलिए, हांगकांग डॉलर की कानूनी निविदा 1937 में हुई।",0,[],[]
1877,12,0,[],[]
1878,1 अक्टूबर 1999,0,[],[]
1879,1999 से सिक्कों का उत्पादन शुरू हुआ।,0,[],[]
1880,अपने दिए गए जानकारी से यह स्पष्ट नहीं है कि 2005 के आसपास किस देश का दौरा किया गया था। इसलिए उत्तर होगा: मेरे पास आपके प्रश्न का उत्तर नहीं है।,0,[],[]
1882,"सिया के चाचा, फिल कोल्सन, एक संगीतकार हैं।",0,[],[]
1883,"सिया के पिता फिल कोल्सन हैं, वे एक संगीतकार हैं।",0,[],[]
1885,रंग छोटा याद किया एल्बम में चार एकल और एक टूर्नामेंट रविवार के तीन मुख्य कोर्ट पर 12 सिंगल्स मैच का खेल है।,0,[],[]
1887,"बैयन्से, काइली मिनोग, फ्लो रिडा और रिहाना।",0,[],[]
1889,सिया को लंदन में होने वाली कार दुर्घटना के बाद डान पोंटेक्स की मृत्यु की खबर मिली।,0,[],[]
1890,कब्र्स रोग से ग्रसित पाया गया।,0,[],[]
1891,प्रश्न का उत्तर दिए गए माध्यम से नहीं तैयार किया जा सकता है। मेरे पास आपके प्रश्न का उत्तर नहीं है।,0,[],[]
1892,"महाविद्यालय में स्वरूप ने मनोविज्ञान, दर्शनशास्त्र और इतिहास विषयों का अध्ययन किया।",0,[],[]
1893,E80 सड़क नेटवर्क अटलांटिक महासागर पर लिस्बन तक जारी रहा।,0,[],[]
1895,API का तात्पर्य वेब सर्विस अप्लीकेशन प्रोग्रामिंग इंटरफेस का है।,0,[],[]
1897,"मूक संकेत में ब्लैक पॉवर सैल्यूट को ""अश्वेत शक्ति सलामी"" के बजाय ""मानव अधिकार सलामी"" के रूप में समझा जाना चाहिए था।",0,[],[]
1898,पीटर नॉर्मन,0,[],[]
1899,"CEMS Global Alliance के सदस्य विद्यालयों, कंपनियों और सामाजिक भागीदारों के बीच सामान्य सहयोग की सुविधा उपलब्ध करवाता है।",0,[],[]
1900,2,0,[],[]
1901,CEMS कार्यक्रम के लिए अपनी घरेलू संस्था से एक प्रमुख व्यावसायिक डिग्री और CEMS से दोनों से डिग्री प्राप्त करने की आवश्यकता है।,0,[],[]
1902,"CEMS के वर्तमान में 70+ कंपनी भागीदार हैं जो मानव संसाधन और पाठ्यक्रम में योगदान देती हैं। इसका मतलब यह है कि वे कौशल कोर्सों का चार्ट बनाते हैं, लेक्चर देते हैं या कंपनी की गतिविधियों के लिए CEMS छात्रों को आमंत्रित करते हैं। इसलिए, उत्तर है 70+ कॉरपोरेट साझेदार दान करते हैं।",0,[],[]
1904,CEMS ने पीआरएम (जिम्मेदार प्रबंधन शिक्षा सिद्धांतों) की घोषणा पर हस्ताक्षर किए हैं।,0,[],[]
1906,स्थानीय समितियाँ नियमित आधार पर संघ की गतिविधियों और विकास पर चर्चा करने के लिए मिलती हैं।,0,[],[]
1908,"जादू का व्युत्पत्ति शब्द ""मैजिक"" की व्युत्पत्ति लैटिन शब्द मैजी से हुई है।",0,[],[]
1909,मेरे पास आपके प्रश्न का उत्तर नहीं है।,0,[],[]
1910,2 फरवरी 1913 को।,0,[],[]
1911,रमाबाई,0,[],[]
1912,भारत भर में कई सार्वजनिक सभाओं पर।,0,[],[]
1914,1928 के तहत ओलंपिक खेलों में जिम्बाब्वे का नाम रोड्सिया था।,0,[],[]
1915,"अर्ल, वुड्स के पिता, मूलतः अर्द्ध एशियाई, एक-चौथाई चीनी, एक-चौथाई थाई और आठवां भाग डच हैं।",0,[],[]
1916,"वुड्स की दुर्घटना के समय उन्होंने एक चाइल्ड्रेक एसकेलेड वाहन से जा रहे थे। यहाँ उपलब्ध जानकारी से स्पष्ट है कि वुड्स अपनी कैडिलाक एसकेलेड कार से दुर्घटना हुई थी, जिसे वे ऑरलैंडो क्षेत्र वाले मकान को छोड़कर चल रहे थे। इसलिए, वाहन का नाम चाइल्ड्रेक एसकेलेड है।",0,[],[]
1918,उनकी पुत्री का नाम कैथलीन है।,0,[],[]
1919,"यदि किसी ईमेल को स्पैम के रूप में नहीं पहचाना जाता है, तो उसे वैध ईमेल के रूप में कहा जाता है।",0,[],[]
1921,एसोसिएशन रुल लर्निंग का उपयोग करते हैं।,0,[],[]
1922,1970 के दशक से प्रवासन उच्च रहा है।,0,[],[]
1923,ज्योतिषवाद,0,[],[]
1924,सफेद पुट्ठे वाली मुनिया लगभग 10 से 11 सेमी लंबी होती है।,0,[],[]
1925,वयस्क पक्षी ऊपर और छाती के हिस्से पर भूरे होते हैं और नीचे की ओर हल्के रंग के होते हैं।,0,[],[]
1926,कुक के माता-पिता का नाम बेथ फोराकर और स्टेनली कुक है।,0,[],[]
1927,"निर्धारित रूप से, उपलब्ध जानकारी से यह जानकारी नहीं उत्पन्न की जा सकती है क्योंकि कुक के जन्म स्थान के बारे में बेथ फोराकर के बारे में कोई जानकारी दी गई नहीं है।",0,[],[]
1928,1933 में रॅफल्स होटेल की आर्थिक समस्याएँ खत्म हुई और रॅफल्स होटेल लिमिटेड की स्थापना की गई।,0,[],[]
1929,सवाल का उत्तर दिया गया पाठ से नहीं लिया जा सकता। मेरे पास आपके प्रश्न का उत्तर नहीं है।,0,[],[]
1933,मेरे पास आपके प्रश्न का उत्तर नहीं है।,0,[],[]
1934,1983-84 में दर्ज सबसे तीव्र बर्फीली सर्दियाँ दर्ज की गई थीं।,0,[],[]
1935,सबसे अधिक तापमान 108 °फ़ै (42 °से.),0,[],[]
1935,जुलाई 1936 में रिकॉर्ड किया गया था।,0,[],[]
1936,"मिनियापोलिस की अर्थव्यवस्था वाणिज्य, वित्त, रेल और ट्रकिंग सेवाएं, स्वास्थ्य देखभाल और उद्योग पर आधारित है। यहाँ शामिल हैं: 1.",0,[],[]
1936,वाणिज्य 2.,0,[],[]
1936,वित्त 3.,0,[],[]
1936,रेल और ट्रकिंग सेवाएं 4.,0,[],[]
1936,स्वास्थ्य देखभाल 5.,0,[],[]
1936,उद्योग पांच फॉर्च्यून 500 कंपनियों और कई फॉर्च्यून 1000 कंपनियों के मुख्यालय यहाँ स्थित हैं।,0,[],[]
1937,"मिनियापोलिस इंस्टीट्यूट ऑफ आर्ट में 100,000 नमूनों की कलाकृति प्रदर्शित हैं।",0,[],[]
1938,परिषद के 12 सदस्य डीएफ़एल से हैं।,0,[],[]
1939,प्रश्न का उत्तर उपलब्ध जानकारी में नहीं मिला।,0,[],[]
1940,4 नवम्बर 1875,0,[],[]
1942,38.30%,0,[],[]
1943,38.20%,0,[],[]
1944,"क्लौडी हेंगेरे को जीव विज्ञान, खेल चिकित्सा, विमानन और अंतरिक्ष दवा, और आंदोलन की फिजियोलॉजी और बायोमैकेनिक्स में प्रमाणपत्र मिले।",0,[],[]
1945,क्लाउडी हैगनरे २००२ को ईएसए से सेवानिवृत्त हुई।,0,[],[]
1947,रेबीज़ का कारण संक्रमित जानवरों के खरोंचे या काटने से होता है। यह जानवर या मनुष्य के श्लेष्मा झिल्ली के संपर्क में आते हुए भी संचारित हो सकता है।,0,[],[]
1948,लुफ्थांसा ने ब्रसेल्स एयरलाइन्स में 45% की हिस्सेदारी लेने की घोषणा की।,0,[],[]
1949,मेरे पास आपके प्रश्न का उत्तर नहीं है।,0,[],[]
1950,मेरे पास आपके प्रश्न का उत्तर नहीं है।,0,[],[]
1951,यूजर्स टैब से उपयोगकर्ता संपर्क तोड़ सकता है या लॉग ऑफ हो सकता है।,0,[],[]
1952,मेरे पास आपके प्रश्न का उत्तर नहीं है।,0,[],[]
1953,मेरे पास आपके प्रश्न का उत्तर नहीं है।,0,[],[]
1954,19 यूरो यूरोपीय संघ के 19 सदस्य देशों की आधिकारिक मुद्रा है।,0,[],[]
1955,यूरो का चलन 1999 में शुरू हुआ।,0,[],[]
1956,31 दिसंबर 2002 के बाद पुर्तगाली एस्कुडो मौद्रिक रूप से मूल्यरहित हो गया।,0,[],[]
1958,चेंजओवर की अवधि लगभग दो महीने तक रही।,0,[],[]
1959,EBC का अर्थ यूरोपीय सेंट्रल बैंक है।,0,[],[]
1960,ENIAC एक मॉड्यूलर कंप्यूटर था।,0,[],[]
1961,ENIAC के ट्यूबों को लगभग दो दिनों में एक बार बंद करना था।,0,[],[]
1962,मेरे पास आपके प्रश्न का उत्तर नहीं है।,0,[],[]
1963,"ENIAC को प्रचालन के जटिल अनुक्रमों के लिए प्रोग्रामित किया जा सकता था, जिसमें पाश, शाखाएं और उपनेमकाएं शामिल हो सकते थे। एक समस्या को लेने और मशीन पर मानचित्रण का कार्य जटिल था और आमतौर पर इसमें कई सप्ताह लग जाते थे।",0,[],[]
1964,निजी कुंजी को पासफ्रेज़ से लॉक किया जा सकता है।,0,[],[]
1965,वीडियो कोडिंग मानक का औपचारिक अनुमोदन मार्च 2003 में मिला।,0,[],[]
1966,16×16,0,[],[]
1967,फ्रेम नंबरिंग,0,[],[]
1968,रूस में आयोजित किए जा रहे थे।,0,[],[]
1969,310,0,[],[]
1970,तीन लोगों की मृत्यु हुई।,0,[],[]
1971,मैकडफ को डंकन की लाश मिलती है।,0,[],[]
1972,डनसिनेन कैसल के खिलाफ चढ़ाई की थी।,0,[],[]
1973,स्मिथ की माँ का नाम यावोन बेली था।,0,[],[]
1974,दो,0,[],[]
1976,"उसके माता-पिता ने तलाक उसकी किशोर उम्र में लिया। वह जब एक किशोरी थी, उसके माता-पिता ने तलाक ले लिया।",0,[],[]
1977,"1995 में, सैंडलर को इस शो से निकाल दिया था। इसके बाद उन्होंने बिली मैडिसन की प्रधान भूमिका में निभाई।",0,[],[]
1978,सैंडलर को सकारात्मक समीक्षाएं पंच-ड्रंक लव (2002) के साथ शुरू हुईं।,0,[],[]
1979,मेरे पास आपके प्रश्न का उत्तर नहीं है।,0,[],[]
1980,"1937 में फ्लेमिंगो एल रिओ कारोनी पर उड़ान के साथ सवार थे - जिमी एन्जिल, मैरी, गुस्तावो हेनी और मिगुएल देल्गादो।",0,[],[]
1981,यात्रियों को भोजन की कमी और पूरी तरह से अंजान क्षेत्र के कारण पैदल यात्रा करनी पड़ी थी।,0,[],[]
1982,हसन इब्न अल हैतम का लैटिन नाम Al-hazen है।,0,[],[]
1983,इब्न अल-हेथम को असवान में एक हाइड्रोलिक परियोजना का एहसास करने के लिए आमंत्रित किया गया था।,0,[],[]
1984,डांग भारत के गुजरात राज्य में स्थित है।,0,[],[]
1986,दिल्ली और पुद्दुचेरी का प्रभार है।,0,[],[]
1987,भारत के संविधान।,0,[],[]
1988,बर्फीला दृश्य 29 अप्रैल को फिल्माया गया।,0,[],[]
1989,"फ़िल्मांकन का आरंभ अप्रैल 13, 2015 से किया गया।",0,[],[]
1991,मेरे पास आपके प्रश्न का उत्तर नहीं है।,0,[],[]
1992,वाटनी अत्यंत क्रुद्ध होता है क्योंकि टीम को उनके जीवन की खबर नहीं दी गई थी।,0,[],[]
1993,वादी रम में फिल्मांकन कार्य तकरीबन 70 दिनों के अंदर पूरा हुआ।,0,[],[]
1994,"मक्का मस्जिद हैदराबाद, भारत में है।",0,[],[]
1995,यह 18 मई 2007 को हुआ था।,0,[],[]
1997,मेरे पास आपके प्रश्न का उत्तर नहीं है।,0,[],[]
1998,अध्यक्ष का कार्यकाल 5 वर्षों का होता है।,0,[],[]
1999,बैंक का अध्यक्ष हमेशा कोई जापानी आदमी होता है क्योंकि जापान बैंक के सर्वाधिक बड़े शेयरधारकों में से एक है।,0,[],[]