text_order_id,sentence,num_triplets,triplets,abbreviation
734,"कांग संयुक्त राज्य अमेरिका के खिलाफ उपयोग करने के लिए क्या चाह रहा है, इसका उल्लेख पाठ में नहीं है, लेकिन हम जानते हैं कि कांग ने संयुक्त राज्य अमेरिका के सभी आणविक हथियारों के आयुध भंडारो को विस्फोट से तबाह कर देने की योजना बनायी है, और उसके बाद संयुक्त राज्य अमेरिका को श्मशान बना देगा और अपने परिवार की मौत का बदला भी पूरा कर लेगा।",4,"[{'subject': {'upos': 'PRON', 'text': 'हम', 'id': 24, 'deprel': 'nsubj', 'head': 25}, 'verb': {'upos': 'VERB', 'text': 'जानते', 'id': 25, 'deprel': 'conj', 'head': 18}, 'object': {'upos': 'VERB', 'text': 'बनायी', 'id': 48, 'deprel': 'obj', 'head': 25}}, {'subject': {'upos': 'PROPN', 'text': 'कांग', 'id': 28, 'deprel': 'nsubj', 'head': 48}, 'object': {'upos': 'NOUN', 'text': 'योजना', 'id': 47, 'deprel': 'obj', 'head': 48}, 'verb': {'upos': 'VERB', 'text': 'बनायी', 'id': 48, 'deprel': 'obj', 'head': 25}}, {'subject': {'upos': 'PROPN', 'text': 'राज्य', 'id': 55, 'deprel': 'nsubj', 'head': 59}, 'object': {'upos': 'NOUN', 'text': 'श्मशान', 'id': 58, 'deprel': 'obj', 'head': 59}, 'verb': {'upos': 'VERB', 'text': 'बना', 'id': 59, 'deprel': 'conj', 'head': 48}}, {'subject': {'upos': 'PROPN', 'text': 'राज्य', 'id': 55, 'deprel': 'nsubj', 'head': 59}, 'object': {'upos': 'NOUN', 'text': 'बदला', 'id': 67, 'deprel': 'obj', 'head': 70}, 'verb': {'upos': 'VERB', 'text': 'कर', 'id': 70, 'deprel': 'conj', 'head': 59}}]","['SVO', 'SOV', 'SOV', 'SOV']"
152,"मुस्लिम लड़की की दो मुख्य इच्छाएँ थीं - पहली उसकी इच्छा थी कि वह मुअज्जिन बनना चाहती है और अज़ान बोलना चाहती है, और दूसरी उसकी इच्छा थी कि वह स्कूल के नाटक में भाग लेना चाहती है।",3,"[{'subject': {'upos': 'PRON', 'text': 'वह', 'id': 14, 'deprel': 'nsubj', 'head': 17}, 'object': {'upos': 'VERB', 'text': 'बनना', 'id': 16, 'deprel': 'obj', 'head': 17}, 'verb': {'upos': 'VERB', 'text': 'चाहती', 'id': 17, 'deprel': 'acl', 'head': 11}}, {'subject': {'upos': 'PRON', 'text': 'वह', 'id': 14, 'deprel': 'nsubj', 'head': 17}, 'object': {'upos': 'VERB', 'text': 'बोलना', 'id': 21, 'deprel': 'obj', 'head': 22}, 'verb': {'upos': 'VERB', 'text': 'चाहती', 'id': 22, 'deprel': 'conj', 'head': 17}}, {'subject': {'upos': 'PRON', 'text': 'वह', 'id': 31, 'deprel': 'nsubj', 'head': 38}, 'object': {'upos': 'VERB', 'text': 'लेना', 'id': 37, 'deprel': 'obj', 'head': 38}, 'verb': {'upos': 'VERB', 'text': 'चाहती', 'id': 38, 'deprel': 'acl', 'head': 28}}]","['SOV', 'SOV', 'SOV']"
742,बैंड ने एल्बम को एक डिब्बे के सेट के रूप में रिलीज़ नहीं किया क्योंकि उन्होंने वह योजना रद्द कर दी और सर्वश्रेष्ठ गीतों का एल्बम जारी किया.,3,"[{'subject': {'upos': 'NOUN', 'text': 'बैंड', 'id': 1, 'deprel': 'nsubj', 'head': 14}, 'object': {'upos': 'NOUN', 'text': 'एल्बम', 'id': 3, 'deprel': 'obj', 'head': 14}, 'verb': {'upos': 'VERB', 'text': 'किया', 'id': 14, 'deprel': 'root', 'head': 0}}, {'subject': {'upos': 'PRON', 'text': 'उन्होंने', 'id': 16, 'deprel': 'nsubj', 'head': 20}, 'object': {'upos': 'NOUN', 'text': 'योजना', 'id': 18, 'deprel': 'obj', 'head': 20}, 'verb': {'upos': 'VERB', 'text': 'कर', 'id': 20, 'deprel': 'advcl', 'head': 14}}, {'subject': {'upos': 'PRON', 'text': 'उन्होंने', 'id': 16, 'deprel': 'nsubj', 'head': 20}, 'object': {'upos': 'NOUN', 'text': 'एल्बम', 'id': 26, 'deprel': 'obj', 'head': 28}, 'verb': {'upos': 'VERB', 'text': 'किया', 'id': 28, 'deprel': 'conj', 'head': 20}}]","['SOV', 'SOV', 'SOV']"
909,"- किसी भी पाठ सामग्री में ऐसा नहीं है कि फिल्म में मुख्य भूमिका किसने निभाई। लेकिन, अगर आप संदर्भित फिल्म का नाम जानते हैं, तो मैं आपको बता सकता हूँ कि किसने मुख्य भूमिका निभाई है। लेकिन, अगर आप संदर्भित फिल्म का नाम नहीं जानते, तो मैं आपको बता नहीं सकता क्योंकि मेरे पास ऐसा कोई पाठ सामग्री नहीं है जिससे मैं आपको उत्तर दे सके।",3,"[{'subject': {'upos': 'PRON', 'text': 'आप', 'id': 4, 'deprel': 'nsubj', 'head': 10}, 'object': {'upos': 'NOUN', 'text': 'नाम', 'id': 8, 'deprel': 'obj', 'head': 10}, 'verb': {'upos': 'VERB', 'text': 'जानते', 'id': 10, 'deprel': 'advcl', 'head': 15}}, {'subject': {'upos': 'PRON', 'text': 'मैं', 'id': 13, 'deprel': 'nsubj', 'head': 15}, 'object': {'upos': 'PRON', 'text': 'आपको', 'id': 14, 'deprel': 'obj', 'head': 15}, 'verb': {'upos': 'VERB', 'text': 'बता', 'id': 15, 'deprel': 'root', 'head': 0}}, {'subject': {'upos': 'PRON', 'text': 'मैं', 'id': 28, 'deprel': 'nsubj', 'head': 31}, 'object': {'upos': 'NOUN', 'text': 'उत्तर', 'id': 30, 'deprel': 'obj', 'head': 31}, 'verb': {'upos': 'VERB', 'text': 'दे', 'id': 31, 'deprel': 'acl:relcl', 'head': 24}}]","['SOV', 'SOV', 'SOV']"
1264,"जब सारांशित करने के बाद, निर्माता लेखक के साथ मिलकर कहानी का सारांश तैयार करता है और एक स्टेप आउटलाइन तैयार करता है, जो पूरी कहानी को एक-अनुच्छेद के दृश्यों में विभाजित कर देता है।",3,"[{'subject': {'upos': 'NOUN', 'text': 'निर्माता', 'id': 7, 'deprel': 'nsubj', 'head': 16}, 'object': {'upos': 'NOUN', 'text': 'सारांश', 'id': 14, 'deprel': 'obj', 'head': 16}, 'verb': {'upos': 'VERB', 'text': 'करता', 'id': 16, 'deprel': 'root', 'head': 0}}, {'subject': {'upos': 'NOUN', 'text': 'निर्माता', 'id': 7, 'deprel': 'nsubj', 'head': 16}, 'object': {'upos': 'NOUN', 'text': 'आउटलाइन', 'id': 21, 'deprel': 'obj', 'head': 23}, 'verb': {'upos': 'VERB', 'text': 'करता', 'id': 23, 'deprel': 'conj', 'head': 16}}, {'subject': {'upos': 'PRON', 'text': 'जो', 'id': 26, 'deprel': 'nsubj', 'head': 35}, 'object': {'upos': 'NOUN', 'text': 'कहानी', 'id': 28, 'deprel': 'obj', 'head': 35}, 'verb': {'upos': 'VERB', 'text': 'कर', 'id': 35, 'deprel': 'acl:relcl', 'head': 21}}]","['SOV', 'SOV', 'SOV']"
115,ऑस्ट्रेलिया द्वारा किए गए प्रयोग ने साबित किया कि बुलबुले पानी के घनत्व में कमी लाकर एक स्केल माडल जहाज को डुबो सकते हैं।,2,"[{'subject': {'upos': 'NOUN', 'text': 'प्रयोग', 'id': 5, 'deprel': 'nsubj', 'head': 8}, 'verb': {'upos': 'VERB', 'text': 'किया', 'id': 8, 'deprel': 'root', 'head': 0}, 'object': {'upos': 'VERB', 'text': 'डुबो', 'id': 22, 'deprel': 'obj', 'head': 8}}, {'subject': {'upos': 'NOUN', 'text': 'बुलबुले', 'id': 10, 'deprel': 'nsubj', 'head': 22}, 'object': {'upos': 'NOUN', 'text': 'जहाज', 'id': 20, 'deprel': 'obj', 'head': 22}, 'verb': {'upos': 'VERB', 'text': 'डुबो', 'id': 22, 'deprel': 'obj', 'head': 8}}]","['SVO', 'SOV']"
120,"लालसा के साथ मध्ययुगीन चर्च के रहनुमाओं ने व्यापक दृष्टिकोण अपनाया था, जिसमें उन्होंने लालच में फंसने के छः तरीकों की एक सूची तैयार की थी।",2,"[{'subject': {'upos': 'NOUN', 'text': 'रहनुमाओं', 'id': 7, 'deprel': 'nsubj', 'head': 11}, 'object': {'upos': 'NOUN', 'text': 'दृष्टिकोण', 'id': 10, 'deprel': 'obj', 'head': 11}, 'verb': {'upos': 'VERB', 'text': 'अपनाया', 'id': 11, 'deprel': 'root', 'head': 0}}, {'subject': {'upos': 'PRON', 'text': 'उन्होंने', 'id': 15, 'deprel': 'nsubj', 'head': 26}, 'object': {'upos': 'NOUN', 'text': 'सूची', 'id': 24, 'deprel': 'obj', 'head': 26}, 'verb': {'upos': 'VERB', 'text': 'की', 'id': 26, 'deprel': 'acl:relcl', 'head': 10}}]","['SOV', 'SOV']"
236,"आत्महत्या के कई कारण हो सकते हैं, लेकिन कुछ प्रमुख कारणों में से एक है कि किसी व्यक्ति के पास अपने जीवन में संतुष्टि नहीं है और वह अपने जीवन की स्थिति से निराश है। इसके अलावा, कुछ लोगों के लिए आत्महत्या करने का कारण है कि वह अपने जीवन में कुछ नहीं कर पा रहे हैं और वह अपने जीवन की स्थिति से निराश है। इसके अलावा, कुछ लोगों के लिए आत्महत्या करने का कारण है कि वह अपने जीवन में कुछ नहीं कर पा रहे हैं और वह अपने जीवन की स्थिति से निराश है।",2,"[{'subject': {'upos': 'PRON', 'text': 'वह', 'id': 14, 'deprel': 'nsubj', 'head': 20}, 'object': {'upos': 'PRON', 'text': 'कुछ', 'id': 18, 'deprel': 'obj', 'head': 20}, 'verb': {'upos': 'VERB', 'text': 'कर', 'id': 20, 'deprel': 'acl', 'head': 11}}, {'subject': {'upos': 'PRON', 'text': 'वह', 'id': 25, 'deprel': 'nsubj', 'head': 32}, 'object': {'upos': 'ADJ', 'text': 'निराश', 'id': 31, 'deprel': 'obj', 'head': 32}, 'verb': {'upos': 'VERB', 'text': 'है', 'id': 32, 'deprel': 'conj', 'head': 20}}]","['SOV', 'SOV']"
338,बौद्ध धर्म का मानना है कि गर्भाधान को रोकना स्वीकार्य है लेकिन गर्भावस्था को समाप्त करना स्वीकार्य नहीं है।,2,"[{'subject': {'upos': 'VERB', 'text': 'रोकना', 'id': 9, 'deprel': 'nsubj', 'head': 11}, 'object': {'upos': 'ADJ', 'text': 'स्वीकार्य', 'id': 10, 'deprel': 'obj', 'head': 11}, 'verb': {'upos': 'VERB', 'text': 'है', 'id': 11, 'deprel': 'ccomp', 'head': 4}}, {'subject': {'upos': 'VERB', 'text': 'करना', 'id': 16, 'deprel': 'nsubj', 'head': 19}, 'object': {'upos': 'ADJ', 'text': 'स्वीकार्य', 'id': 17, 'deprel': 'obj', 'head': 19}, 'verb': {'upos': 'VERB', 'text': 'है', 'id': 19, 'deprel': 'conj', 'head': 11}}]","['SOV', 'SOV']"
488,सेलेनियम वेबड्राइवर आदेशों को स्वीकार करता है और एक ब्राउज़र के लिए उन्हें भेजता है।,2,"[{'subject': {'upos': 'PROPN', 'text': 'सेलेनियम', 'id': 1, 'deprel': 'nsubj', 'head': 6}, 'object': {'upos': 'NOUN', 'text': 'आदेशों', 'id': 3, 'deprel': 'obj', 'head': 6}, 'verb': {'upos': 'VERB', 'text': 'करता', 'id': 6, 'deprel': 'root', 'head': 0}}, {'subject': {'upos': 'PROPN', 'text': 'सेलेनियम', 'id': 1, 'deprel': 'nsubj', 'head': 6}, 'object': {'upos': 'PRON', 'text': 'उन्हें', 'id': 13, 'deprel': 'obj', 'head': 14}, 'verb': {'upos': 'VERB', 'text': 'भेजता', 'id': 14, 'deprel': 'conj', 'head': 6}}]","['SOV', 'SOV']"
502,"टैबनैबिंग नामक विधि उपयोगकर्ता को सीधे धोखाधड़ी साइट पर नहीं लेती, बल्कि ब्राउज़र के खुले टैब में से एक में नकली पृष्ठ को लोड करती है, जिससे उपयोगकर्ता को लगता है कि बैंक इस संवेदनशील जानकारी का अनुरोध कर रहे हैं।",2,"[{'subject': {'upos': 'NOUN', 'text': 'विधि', 'id': 3, 'deprel': 'nsubj', 'head': 11}, 'object': {'upos': 'NOUN', 'text': 'उपयोगकर्ता', 'id': 4, 'deprel': 'obj', 'head': 11}, 'verb': {'upos': 'VERB', 'text': 'लेती', 'id': 11, 'deprel': 'root', 'head': 0}}, {'subject': {'upos': 'NOUN', 'text': 'उपयोगकर्ता', 'id': 30, 'deprel': 'nsubj', 'head': 32}, 'verb': {'upos': 'VERB', 'text': 'लगता', 'id': 32, 'deprel': 'acl:relcl', 'head': 23}, 'object': {'upos': 'VERB', 'text': 'कर', 'id': 41, 'deprel': 'obj', 'head': 32}}]","['SOV', 'SVO']"
567,खसरा वायरस फेफड़े तक पहुंचने के लिए संदूषित वस्तुओं को छूते हैं और फिर अपनी आँखों या नाकों को छूते हैं।,2,"[{'subject': {'upos': 'NOUN', 'text': 'वायरस', 'id': 2, 'deprel': 'nsubj', 'head': 11}, 'object': {'upos': 'NOUN', 'text': 'वस्तुओं', 'id': 9, 'deprel': 'obj', 'head': 11}, 'verb': {'upos': 'VERB', 'text': 'छूते', 'id': 11, 'deprel': 'root', 'head': 0}}, {'subject': {'upos': 'NOUN', 'text': 'वायरस', 'id': 2, 'deprel': 'nsubj', 'head': 11}, 'object': {'upos': 'NOUN', 'text': 'आँखों', 'id': 16, 'deprel': 'obj', 'head': 20}, 'verb': {'upos': 'VERB', 'text': 'छूते', 'id': 20, 'deprel': 'conj', 'head': 11}}]","['SOV', 'SOV']"
664,पॉलिन राज्य ने अलास्का राज्य ने अपने कर्मचारियों के लिए दैनिक भत्ते को करयोग्य आय के रूप में व्यवहार किया जाएगा और उनके डब्ल्यू-2 (W-2) फॉर्म पर कर्मचारियों के सकल आय में शामिल किया जाएगा नियम अपनाया था।,2,"[{'subject': {'upos': 'PROPN', 'text': 'राज्य', 'id': 2, 'deprel': 'nsubj:pass', 'head': 20}, 'object': {'upos': 'NOUN', 'text': 'भत्ते', 'id': 12, 'deprel': 'obj', 'head': 20}, 'verb': {'upos': 'VERB', 'text': 'किया', 'id': 20, 'deprel': 'root', 'head': 0}}, {'subject': {'upos': 'PROPN', 'text': 'राज्य', 'id': 2, 'deprel': 'nsubj:pass', 'head': 20}, 'object': {'upos': 'NOUN', 'text': 'नियम', 'id': 38, 'deprel': 'obj', 'head': 39}, 'verb': {'upos': 'VERB', 'text': 'अपनाया', 'id': 39, 'deprel': 'conj', 'head': 20}}]","['SOV', 'SOV']"
724,कृष्णा अपनी शक्तियों को कभी उजागर नहीं करेगा और अपनी दादी से वादा करता है कि वो सिंगापुर जाने की इजाजत दे देती है।,2,"[{'subject': {'upos': 'PROPN', 'text': 'कृष्णा', 'id': 1, 'deprel': 'nsubj', 'head': 8}, 'object': {'upos': 'NOUN', 'text': 'शक्तियों', 'id': 3, 'deprel': 'obj', 'head': 8}, 'verb': {'upos': 'VERB', 'text': 'करेगा', 'id': 8, 'deprel': 'root', 'head': 0}}, {'subject': {'upos': 'PROPN', 'text': 'कृष्णा', 'id': 1, 'deprel': 'nsubj', 'head': 8}, 'verb': {'upos': 'VERB', 'text': 'करता', 'id': 14, 'deprel': 'conj', 'head': 8}, 'object': {'upos': 'VERB', 'text': 'दे', 'id': 22, 'deprel': 'obj', 'head': 14}}]","['SOV', 'SVO']"
767,पर्यटन क्षेत्र बहुत पैसा कमाता है और आगंतुकों को स्कॉटलैंड में आकर्षित करता है।,2,"[{'subject': {'upos': 'NOUN', 'text': 'क्षेत्र', 'id': 2, 'deprel': 'nsubj', 'head': 5}, 'object': {'upos': 'NOUN', 'text': 'पैसा', 'id': 4, 'deprel': 'obj', 'head': 5}, 'verb': {'upos': 'VERB', 'text': 'कमाता', 'id': 5, 'deprel': 'root', 'head': 0}}, {'subject': {'upos': 'NOUN', 'text': 'क्षेत्र', 'id': 2, 'deprel': 'nsubj', 'head': 5}, 'object': {'upos': 'NOUN', 'text': 'आगंतुकों', 'id': 8, 'deprel': 'obj', 'head': 13}, 'verb': {'upos': 'VERB', 'text': 'करता', 'id': 13, 'deprel': 'conj', 'head': 5}}]","['SOV', 'SOV']"
965,मैरियन क्रॉफोर्ड ने कहा कि राजा के कुछ सलाहकर उन्हें राजकुमारी के लायक नहीं मानते थे।,2,"[{'subject': {'upos': 'PROPN', 'text': 'क्रॉफोर्ड', 'id': 2, 'deprel': 'nsubj', 'head': 4}, 'verb': {'upos': 'VERB', 'text': 'कहा', 'id': 4, 'deprel': 'root', 'head': 0}, 'object': {'upos': 'VERB', 'text': 'मानते', 'id': 15, 'deprel': 'obj', 'head': 4}}, {'subject': {'upos': 'NOUN', 'text': 'सलाहकर', 'id': 9, 'deprel': 'nsubj', 'head': 15}, 'object': {'upos': 'PRON', 'text': 'उन्हें', 'id': 10, 'deprel': 'obj', 'head': 15}, 'verb': {'upos': 'VERB', 'text': 'मानते', 'id': 15, 'deprel': 'obj', 'head': 4}}]","['SVO', 'SOV']"
1038,जब किसी व्यक्ति का स्वास्थ्य उत्कृष्ट होता है तो आमतौर पर उसके पास आभार होता है। कई अध्ययनों ने आभार और कल्याण के बीच एक संबंध दिखाया है और सकारात्मक मनोविज्ञान आंदोलन ने इन अध्ययनों को स्वीकार कर लिया है।,2,"[{'subject': {'upos': 'NOUN', 'text': 'अध्ययनों', 'id': 2, 'deprel': 'nsubj', 'head': 11}, 'object': {'upos': 'NOUN', 'text': 'संबंध', 'id': 10, 'deprel': 'obj', 'head': 11}, 'verb': {'upos': 'VERB', 'text': 'दिखाया', 'id': 11, 'deprel': 'root', 'head': 0}}, {'subject': {'upos': 'NOUN', 'text': 'आंदोलन', 'id': 16, 'deprel': 'nsubj', 'head': 22}, 'object': {'upos': 'NOUN', 'text': 'अध्ययनों', 'id': 19, 'deprel': 'obj', 'head': 22}, 'verb': {'upos': 'VERB', 'text': 'कर', 'id': 22, 'deprel': 'conj', 'head': 11}}]","['SOV', 'SOV']"
1137,"ड्रีม थियेटर्स 3 जी एल्बम, अवेक को 4 अक्टूबर 1994 को प्रशंसकों के बीच विवाद के दौरान जारी किया गया था। एल्बम के बाद, मूर ने बाकी बैंड से कहा कि वह और अधिक टूर करने का इच्छुक नहीं है और न ही उसकी संगीत की उस शैली में कोई रूचि है जिसे ड्रीम थियेटर प्रस्तुत करता है और इसलिए वह ड्रीम थियेटर को छोड़कर संगीत में अपनी व्यक्तिगत रूचि पर ध्यान केंद्रित करेगा।",2,"[{'subject': {'upos': 'PROPN', 'text': 'मूर', 'id': 5, 'deprel': 'nsubj', 'head': 10}, 'verb': {'upos': 'VERB', 'text': 'कहा', 'id': 10, 'deprel': 'root', 'head': 0}, 'object': {'upos': 'ADJ', 'text': 'इच्छुक', 'id': 18, 'deprel': 'obj', 'head': 10}}, {'subject': {'upos': 'PRON', 'text': 'वह', 'id': 41, 'deprel': 'nsubj', 'head': 54}, 'object': {'upos': 'NOUN', 'text': 'ध्यान', 'id': 52, 'deprel': 'obj', 'head': 54}, 'verb': {'upos': 'VERB', 'text': 'करेगा', 'id': 54, 'deprel': 'conj', 'head': 37}}]","['SVO', 'SOV']"
1174,"रीनहार्ड सेल्टन ने उपखेल पूर्ण संतुलनों (subgame perfect equilibria) की अपनी समाधान अवधारणा प्रस्तुत की, जिसने नैश संतुलन को और अधिक परिष्कृत किया था।",2,"[{'subject': {'upos': 'PROPN', 'text': 'सेल्टन', 'id': 2, 'deprel': 'nsubj', 'head': 18}, 'object': {'upos': 'NOUN', 'text': 'उपखेल', 'id': 4, 'deprel': 'obj', 'head': 18}, 'verb': {'upos': 'VERB', 'text': 'की', 'id': 18, 'deprel': 'root', 'head': 0}}, {'subject': {'upos': 'PRON', 'text': 'जिसने', 'id': 20, 'deprel': 'nsubj', 'head': 27}, 'object': {'upos': 'NOUN', 'text': 'संतुलन', 'id': 22, 'deprel': 'obj', 'head': 27}, 'verb': {'upos': 'VERB', 'text': 'किया', 'id': 27, 'deprel': 'acl:relcl', 'head': 16}}]","['SOV', 'SOV']"
1217,"मेरे पास आपके प्रश्न का उत्तर नहीं है। GP के संबंध में दिए गए पाठ में कोई स्पष्ट जानकारी नहीं है कि GP को किस शब्द का मूल अर्थ माना जाता है। हालांकि, GP के संबंध में एक सिद्धांत है कि जीपी के सैन्य पदनाम ने ""जीप"" शब्द को जन्म दिया और यह माना जाता है कि वाहन ने ""जीपी"" पदनाम को अपनाया (""सरकारी प्रयोजनों"" या ""सामान्य उद्देश्यों"" के लिए), जिसे ध्वन्यात्मक रूप से बिगाड़कर जीप शब्द में तब्दील कर दिया गया।",2,"[{'subject': {'upos': 'NOUN', 'text': 'पदनाम', 'id': 14, 'deprel': 'nsubj', 'head': 22}, 'object': {'upos': 'NOUN', 'text': 'शब्द', 'id': 19, 'deprel': 'obj', 'head': 22}, 'verb': {'upos': 'VERB', 'text': 'दिया', 'id': 22, 'deprel': 'acl', 'head': 8}}, {'subject': {'upos': 'NOUN', 'text': 'पदनाम', 'id': 14, 'deprel': 'nsubj', 'head': 22}, 'object': {'upos': 'PRON', 'text': 'यह', 'id': 24, 'deprel': 'obj', 'head': 25}, 'verb': {'upos': 'VERB', 'text': 'माना', 'id': 25, 'deprel': 'conj', 'head': 22}}]","['SOV', 'SOV']"
1304,खान ने 1994 में टेस्ट मैचों के दौरान एक शर्मनाक आदत स्वीकार की जब उन्होंने कहा कि कभी-कभी गेंद के किनारे खरोंचे और सीम को उठाया था।,2,"[{'subject': {'upos': 'PROPN', 'text': 'खान', 'id': 1, 'deprel': 'nsubj', 'head': 13}, 'object': {'upos': 'NOUN', 'text': 'आदत', 'id': 11, 'deprel': 'obj', 'head': 13}, 'verb': {'upos': 'VERB', 'text': 'की', 'id': 13, 'deprel': 'root', 'head': 0}}, {'subject': {'upos': 'PRON', 'text': 'उन्होंने', 'id': 15, 'deprel': 'nsubj', 'head': 16}, 'verb': {'upos': 'VERB', 'text': 'कहा', 'id': 16, 'deprel': 'acl:relcl', 'head': 11}, 'object': {'upos': 'VERB', 'text': 'खरोंचे', 'id': 23, 'deprel': 'obj', 'head': 16}}]","['SOV', 'SVO']"
1395,"अब्दुलावित ने इंटीरियर को सजाया और काटाफैलस की लकड़ी की नक्काशी का प्रदर्शन किया, लेकिन अब्दुलावित के अंतिम संस्कार के ढांचे की लकड़ियाँ नहीं तराशी गईं।",2,"[{'subject': {'upos': 'PROPN', 'text': 'अब्दुलावित', 'id': 1, 'deprel': 'nsubj', 'head': 5}, 'object': {'upos': 'NOUN', 'text': 'इंटीरियर', 'id': 3, 'deprel': 'obj', 'head': 5}, 'verb': {'upos': 'VERB', 'text': 'सजाया', 'id': 5, 'deprel': 'root', 'head': 0}}, {'subject': {'upos': 'PROPN', 'text': 'अब्दुलावित', 'id': 1, 'deprel': 'nsubj', 'head': 5}, 'object': {'upos': 'NOUN', 'text': 'लकड़ियाँ', 'id': 24, 'deprel': 'obj', 'head': 26}, 'verb': {'upos': 'VERB', 'text': 'तराशी', 'id': 26, 'deprel': 'conj', 'head': 14}}]","['SOV', 'SOV']"
1398,"बवासीर के सटीक कारण अज्ञात हैं, फिर भी कई सारे ऐसे कारक हैं जो अंतर-उदर दबाव को बढ़ावा देते हैं- विशेष रूप से कब्ज़ और जिनको इसके विकास में एक भूमिका निभाते पाया जाता है।",2,"[{'subject': {'upos': 'PRON', 'text': 'जो', 'id': 15, 'deprel': 'nsubj', 'head': 20}, 'object': {'upos': 'NOUN', 'text': 'दबाव', 'id': 17, 'deprel': 'obj', 'head': 20}, 'verb': {'upos': 'VERB', 'text': 'देते', 'id': 20, 'deprel': 'acl:relcl', 'head': 13}}, {'subject': {'upos': 'PRON', 'text': 'जो', 'id': 15, 'deprel': 'nsubj', 'head': 20}, 'object': {'upos': 'NOUN', 'text': 'कब्ज़', 'id': 25, 'deprel': 'obj', 'head': 34}, 'verb': {'upos': 'VERB', 'text': 'पाया', 'id': 34, 'deprel': 'conj', 'head': 20}}]","['SOV', 'SOV']"
1470,"डॉकिन्स की पुष्टि के बाद, उन्होंने अपने धार्मिक विश्वास के शेष भाग में हार गए। उन्होंने कहा कि विज्ञान और विकास प्रक्रियाओं की उनकी समझ ने उन्हें यह सवाल करने के लिए प्रेरित किया कि कैसे एक सभ्य विश्व में नेतृत्व के पदों में वयस्कों को अभी भी जीव विज्ञान में अशिक्षित किया जा सकता है, और इस बात से हैरान है कि ईश्वर में विश्वास कितने व्यक्तियों में परिष्कृत है विज्ञान में।",2,"[{'subject': {'upos': 'PRON', 'text': 'उन्होंने', 'id': 1, 'deprel': 'nsubj', 'head': 2}, 'verb': {'upos': 'VERB', 'text': 'कहा', 'id': 2, 'deprel': 'root', 'head': 0}, 'object': {'upos': 'VERB', 'text': 'किया', 'id': 19, 'deprel': 'obj', 'head': 2}}, {'subject': {'upos': 'NOUN', 'text': 'समझ', 'id': 10, 'deprel': 'nsubj', 'head': 19}, 'verb': {'upos': 'VERB', 'text': 'किया', 'id': 19, 'deprel': 'obj', 'head': 2}, 'object': {'upos': 'VERB', 'text': 'किया', 'id': 38, 'deprel': 'obj', 'head': 19}}]","['SVO', 'SVO']"
1525,"गंभीर धावक अक्सर जॉगिंग का उपयोग एक सक्रिय रिकवरी के रूप में करते हैं, जिसका अर्थ है कि वह धावक जिसने उप-5-मिनट मिल की गति से तेज 400 मीटर की पुनरावृत्ति को पूरा किया है, वह वह रिकवरी लेप के लिए 8-मिनट मील की गति को छोड़ सकता है।",2,"[{'subject': {'upos': 'NOUN', 'text': 'धावक', 'id': 21, 'deprel': 'nsubj', 'head': 35}, 'object': {'upos': 'NOUN', 'text': 'पुनरावृत्ति', 'id': 32, 'deprel': 'obj', 'head': 35}, 'verb': {'upos': 'VERB', 'text': 'किया', 'id': 35, 'deprel': 'acl:relcl', 'head': 38}}, {'subject': {'upos': 'PRON', 'text': 'वह', 'id': 38, 'deprel': 'nsubj', 'head': 49}, 'object': {'upos': 'NOUN', 'text': 'गति', 'id': 47, 'deprel': 'obj', 'head': 49}, 'verb': {'upos': 'VERB', 'text': 'छोड़', 'id': 49, 'deprel': 'acl', 'head': 17}}]","['SOV', 'SOV']"
1586,"टोनी हिन्कल ने एक नारंगी गेंद पेश की जो खिलाड़ियों और दर्शकों को समान दोनों को स्पष्ट रूप से दिखाई दे, क्योंकि पहली गेंद भूरे रंग की थी और खिलाड़ियों और दर्शकों के लिए स्पष्ट नहीं थी।",2,"[{'subject': {'upos': 'PROPN', 'text': 'हिन्कल', 'id': 2, 'deprel': 'nsubj', 'head': 8}, 'object': {'upos': 'NOUN', 'text': 'गेंद', 'id': 6, 'deprel': 'obj', 'head': 8}, 'verb': {'upos': 'VERB', 'text': 'की', 'id': 8, 'deprel': 'root', 'head': 0}}, {'subject': {'upos': 'PRON', 'text': 'जो', 'id': 9, 'deprel': 'nsubj', 'head': 20}, 'object': {'upos': 'NOUN', 'text': 'दोनों', 'id': 15, 'deprel': 'obj', 'head': 20}, 'verb': {'upos': 'VERB', 'text': 'दिखाई', 'id': 20, 'deprel': 'acl:relcl', 'head': 6}}]","['SOV', 'SOV']"
1598,"जब देश अपनी आवश्यक दवाओं की सूची तैयार करते हैं, तो उन्हें अपनी स्थानीय आवश्यकताओं को ध्यान में रखना चाहिए और विश्व स्वास्थ्य संगठन की मॉडल प्रादर्श सूची का संदर्भ लेना चाहिए।",2,"[{'subject': {'upos': 'NOUN', 'text': 'देश', 'id': 2, 'deprel': 'nsubj', 'head': 9}, 'object': {'upos': 'NOUN', 'text': 'सूची', 'id': 7, 'deprel': 'obj', 'head': 9}, 'verb': {'upos': 'VERB', 'text': 'करते', 'id': 9, 'deprel': 'acl:relcl', 'head': 12}}, {'subject': {'upos': 'PRON', 'text': 'उन्हें', 'id': 13, 'deprel': 'nsubj', 'head': 20}, 'object': {'upos': 'NOUN', 'text': 'आवश्यकताओं', 'id': 16, 'deprel': 'obj', 'head': 20}, 'verb': {'upos': 'VERB', 'text': 'रखना', 'id': 20, 'deprel': 'root', 'head': 0}}]","['SOV', 'SOV']"
1625,"प्लाज्मा के सह-घुमाव के परिणाम में चुंबकीय डिस्क की तुलना में चुंबकीय द्विध्रुवीय विरूपण का कारण बनता है। इसके अलावा, प्लाज्मा चादर के भीतर इलेक्ट्रोन एक शक्तिशाली रेडियो तरंग उत्पन्न करते है जो ०.६ -०.३ मегा हर्ट्ज़ परास का विस्फोट पैदा करता है।",2,"[{'subject': {'upos': 'NOUN', 'text': 'इलेक्ट्रोन', 'id': 8, 'deprel': 'nsubj', 'head': 14}, 'object': {'upos': 'NOUN', 'text': 'तरंग', 'id': 12, 'deprel': 'obj', 'head': 14}, 'verb': {'upos': 'VERB', 'text': 'करते', 'id': 14, 'deprel': 'root', 'head': 0}}, {'subject': {'upos': 'PRON', 'text': 'जो', 'id': 16, 'deprel': 'nsubj', 'head': 25}, 'object': {'upos': 'NOUN', 'text': 'विस्फोट', 'id': 23, 'deprel': 'obj', 'head': 25}, 'verb': {'upos': 'VERB', 'text': 'करता', 'id': 25, 'deprel': 'acl:relcl', 'head': 12}}]","['SOV', 'SOV']"
1671,ट्रैविस ने आइरिस से दोबारा मुलाकात की और उसे काम पर रखा।,2,"[{'subject': {'upos': 'PROPN', 'text': 'ट्रैविस', 'id': 1, 'deprel': 'nsubj', 'head': 7}, 'object': {'upos': 'PROPN', 'text': 'आइरिस', 'id': 3, 'deprel': 'obj', 'head': 7}, 'verb': {'upos': 'VERB', 'text': 'की', 'id': 7, 'deprel': 'root', 'head': 0}}, {'subject': {'upos': 'PROPN', 'text': 'ट्रैविस', 'id': 1, 'deprel': 'nsubj', 'head': 7}, 'object': {'upos': 'PRON', 'text': 'उसे', 'id': 9, 'deprel': 'obj', 'head': 12}, 'verb': {'upos': 'VERB', 'text': 'रखा', 'id': 12, 'deprel': 'conj', 'head': 7}}]","['SOV', 'SOV']"
1719,"एमएस आम तौर पर महिलाओं को लक्षित करता है, लेकिन यह बीमारी पुरुषों और महिलाओं दोनों को प्रभावित करता है, लेकिन महिलाओं में इसका प्रसार अधिक होता है।",2,"[{'subject': {'upos': 'PROPN', 'text': 'एमएस', 'id': 1, 'deprel': 'nsubj', 'head': 8}, 'object': {'upos': 'NOUN', 'text': 'महिलाओं', 'id': 5, 'deprel': 'obj', 'head': 8}, 'verb': {'upos': 'VERB', 'text': 'करता', 'id': 8, 'deprel': 'root', 'head': 0}}, {'subject': {'upos': 'NOUN', 'text': 'बीमारी', 'id': 13, 'deprel': 'nsubj', 'head': 20}, 'object': {'upos': 'NOUN', 'text': 'दोनों', 'id': 17, 'deprel': 'obj', 'head': 20}, 'verb': {'upos': 'VERB', 'text': 'करता', 'id': 20, 'deprel': 'conj', 'head': 8}}]","['SOV', 'SOV']"
1736,जापानी स्कूली बच्चों से उम्मीद की जाती है कि वे बुनियादी १००६ कानजी अक्षर (क्योइकु कानजी) कक्षा ६ तक सीखना पड़ता है और नवीं कक्षा तक सभी २१३६ जोयो कानजी सीखने पड़ते हैं।,2,"[{'subject': {'upos': 'PRON', 'text': 'वे', 'id': 10, 'deprel': 'nsubj', 'head': 22}, 'object': {'upos': 'NOUN', 'text': 'अक्षर', 'id': 14, 'deprel': 'obj', 'head': 22}, 'verb': {'upos': 'VERB', 'text': 'सीखना', 'id': 22, 'deprel': 'obj', 'head': 6}}, {'subject': {'upos': 'PRON', 'text': 'वे', 'id': 10, 'deprel': 'nsubj', 'head': 22}, 'object': {'upos': 'PROPN', 'text': 'कानजी', 'id': 32, 'deprel': 'obj', 'head': 33}, 'verb': {'upos': 'VERB', 'text': 'सीखने', 'id': 33, 'deprel': 'conj', 'head': 22}}]","['SOV', 'SOV']"
1761,"होंठों में न तो बाल होते हैं और न ही पसीने की ग्रन्थियाँ, इसलिए उन्हें पसीने तथा शारीरिक तैल की सुरक्षा नहीं मिल पाती जिससे वह अपनी ऊपरी सतह को चिकना रख सकें, तापमान नियंत्रित कर सकें तथा रोगाणुओं से बच सकें।",2,"[{'subject': {'upos': 'PRON', 'text': 'वह', 'id': 27, 'deprel': 'nsubj', 'head': 33}, 'object': {'upos': 'NOUN', 'text': 'सतह', 'id': 30, 'deprel': 'obj', 'head': 33}, 'verb': {'upos': 'VERB', 'text': 'रख', 'id': 33, 'deprel': 'acl:relcl', 'head': 22}}, {'subject': {'upos': 'PRON', 'text': 'वह', 'id': 27, 'deprel': 'nsubj', 'head': 33}, 'object': {'upos': 'NOUN', 'text': 'तापमान', 'id': 36, 'deprel': 'obj', 'head': 38}, 'verb': {'upos': 'VERB', 'text': 'कर', 'id': 38, 'deprel': 'conj', 'head': 33}}]","['SOV', 'SOV']"
1872,प्रत्येक प्रांत ने क़िंग से अपनी स्वतंत्रता घोषित की और उन्होंने अपने स्वयं की सैन्य मुद्रा जारी की।,2,"[{'subject': {'upos': 'NOUN', 'text': 'प्रांत', 'id': 2, 'deprel': 'nsubj', 'head': 9}, 'object': {'upos': 'NOUN', 'text': 'स्वतंत्रता', 'id': 7, 'deprel': 'obj', 'head': 9}, 'verb': {'upos': 'VERB', 'text': 'की', 'id': 9, 'deprel': 'root', 'head': 0}}, {'subject': {'upos': 'PRON', 'text': 'उन्होंने', 'id': 11, 'deprel': 'nsubj', 'head': 18}, 'object': {'upos': 'NOUN', 'text': 'मुद्रा', 'id': 16, 'deprel': 'obj', 'head': 18}, 'verb': {'upos': 'VERB', 'text': 'की', 'id': 18, 'deprel': 'conj', 'head': 9}}]","['SOV', 'SOV']"
1930,"सॉफ्टवेयर पेटेंट्स, डिजिटल राइट्स और दूसरे टेक्निकल लीगल सिस्टम्स जो यूजर से उनकी आज़ादी छीनते हैं, के विरुद्ध स्टॉलमैन ने अभियान चलाया है।",2,"[{'subject': {'upos': 'PRON', 'text': 'जो', 'id': 11, 'deprel': 'nsubj', 'head': 16}, 'object': {'upos': 'NOUN', 'text': 'आज़ादी', 'id': 15, 'deprel': 'obj', 'head': 16}, 'verb': {'upos': 'VERB', 'text': 'छीनते', 'id': 16, 'deprel': 'acl:relcl', 'head': 19}}, {'subject': {'upos': 'NOUN', 'text': 'पेटेंट्स', 'id': 2, 'deprel': 'nsubj', 'head': 24}, 'object': {'upos': 'NOUN', 'text': 'अभियान', 'id': 23, 'deprel': 'obj', 'head': 24}, 'verb': {'upos': 'VERB', 'text': 'चलाया', 'id': 24, 'deprel': 'root', 'head': 0}}]","['SOV', 'SOV']"
14,राउटर के विभिन्न कतार उपयोग करने का मुख्य उद्देश्य है पैकेटों को उनके द्वारा अपेक्षित सेवा के प्रकार के अनुसार चिह्नित करना और निष्पादन को अपेक्षाओं के अनुरूप बनाना।,1,"[{'object': {'upos': 'NOUN', 'text': 'पैकेटों', 'id': 11, 'deprel': 'obj', 'head': 22}, 'subject': {'upos': 'PRON', 'text': 'उनके', 'id': 13, 'deprel': 'nsubj', 'head': 22}, 'verb': {'upos': 'VERB', 'text': 'करना', 'id': 22, 'deprel': 'nmod', 'head': 9}}]",['OSV']
17,क्यूओएस अनुप्रयोगों के लिए दो चीजों का ठीक से काम करना आवश्यक है: स्थिर बिट-दर और कम प्रसुप्ति काल।,1,"[{'subject': {'upos': 'VERB', 'text': 'करना', 'id': 11, 'deprel': 'nsubj', 'head': 13}, 'object': {'upos': 'ADJ', 'text': 'आवश्यक', 'id': 12, 'deprel': 'obj', 'head': 13}, 'verb': {'upos': 'VERB', 'text': 'है', 'id': 13, 'deprel': 'root', 'head': 0}}]",['SOV']
21,"उत्तर: प्राइमेट में संवेदनशील हाथ पैरों की अपेक्षा अधिक लंबे होते हैं, शरीर के अग्रभाग और हाथ पैरों पर लोग पाए जाते हैं।",1,"[{'subject': {'upos': 'NOUN', 'text': 'हाथ', 'id': 5, 'deprel': 'nsubj', 'head': 11}, 'object': {'upos': 'NOUN', 'text': 'लोग', 'id': 21, 'deprel': 'obj', 'head': 22}, 'verb': {'upos': 'VERB', 'text': 'पाए', 'id': 22, 'deprel': 'conj', 'head': 11}}]",['SOV']
23,रौक्स ने 1885 में भ्रूण चिकन के एक अंतस्था प्लेट के एक हिस्से को हटाया था।,1,"[{'subject': {'upos': 'PROPN', 'text': 'रौक्स', 'id': 1, 'deprel': 'nsubj', 'head': 15}, 'object': {'upos': 'NOUN', 'text': 'हिस्से', 'id': 13, 'deprel': 'obj', 'head': 15}, 'verb': {'upos': 'VERB', 'text': 'हटाया', 'id': 15, 'deprel': 'root', 'head': 0}}]",['SOV']
27,लेवेस्क ने लॉर्ड स्टीवन रीगल के साथ संक्षिप्त रूप से दल 1994 के अंत और शुरूआती 1995 के बीच बनाया था।,1,"[{'subject': {'upos': 'PROPN', 'text': 'लेवेस्क', 'id': 1, 'deprel': 'nsubj', 'head': 20}, 'object': {'upos': 'NOUN', 'text': 'दल', 'id': 11, 'deprel': 'obj', 'head': 20}, 'verb': {'upos': 'VERB', 'text': 'बनाया', 'id': 20, 'deprel': 'root', 'head': 0}}]",['SOV']
32,हेनरी अष्टम की बेटी आर्कडचेज़ मार्गरेट ऑफ़ ऑस्ट्रिया सहित कई प्रशंसकों को थॉमस बोलिन ने आकर्षित किया।,1,"[{'object': {'upos': 'NOUN', 'text': 'प्रशंसकों', 'id': 11, 'deprel': 'obj', 'head': 17}, 'subject': {'upos': 'PROPN', 'text': 'बोलिन', 'id': 14, 'deprel': 'nsubj', 'head': 17}, 'verb': {'upos': 'VERB', 'text': 'किया', 'id': 17, 'deprel': 'root', 'head': 0}}]",['OSV']
34,हेनरी नॉरिस को यातना देना संभव नहीं था क्योंकि वह एक रईस था और उसके साथ यातना की संभावना नहीं थी।,1,"[{'subject': {'upos': 'VERB', 'text': 'देना', 'id': 5, 'deprel': 'nsubj', 'head': 8}, 'object': {'upos': 'ADJ', 'text': 'संभव', 'id': 6, 'deprel': 'obj', 'head': 8}, 'verb': {'upos': 'VERB', 'text': 'था', 'id': 8, 'deprel': 'root', 'head': 0}}]",['SOV']
44,हिंदी में उत्तर: कोरियाई पाक शैली में आम और शाही परिवार के लिए अलग-अलग व्यंजन होते हैं। कोरियाई शाही दरबार ने एक समय सारे क्षेत्रीय विशिष्ट व्यंजनों को शाही परिवार के लिए एकत्रित किया था।,1,"[{'subject': {'upos': 'NOUN', 'text': 'दरबार', 'id': 3, 'deprel': 'nsubj', 'head': 17}, 'object': {'upos': 'NOUN', 'text': 'व्यंजनों', 'id': 10, 'deprel': 'obj', 'head': 17}, 'verb': {'upos': 'VERB', 'text': 'किया', 'id': 17, 'deprel': 'root', 'head': 0}}]",['SOV']
62,जीएच (Somatotropin) पदार्थ दूध को प्रोत्साहित करता है।,1,"[{'subject': {'upos': 'NOUN', 'text': 'पदार्थ', 'id': 5, 'deprel': 'nsubj', 'head': 9}, 'object': {'upos': 'NOUN', 'text': 'दूध', 'id': 6, 'deprel': 'obj', 'head': 9}, 'verb': {'upos': 'VERB', 'text': 'करता', 'id': 9, 'deprel': 'root', 'head': 0}}]",['SOV']
68,राज्य और कोरियाई श्रमिक पार्टी साहित्य और कला के उत्पादन को नियंत्रित करती है।,1,"[{'subject': {'upos': 'NOUN', 'text': 'पार्टी', 'id': 5, 'deprel': 'nsubj', 'head': 13}, 'object': {'upos': 'NOUN', 'text': 'उत्पादन', 'id': 10, 'deprel': 'obj', 'head': 13}, 'verb': {'upos': 'VERB', 'text': 'करती', 'id': 13, 'deprel': 'root', 'head': 0}}]",['SOV']
72,उत्तर: 1995 में इजरायल के सैनिकों ने बेतेलहाइम को छोड़ दिया था।,1,"[{'subject': {'upos': 'NOUN', 'text': 'सैनिकों', 'id': 7, 'deprel': 'nsubj', 'head': 11}, 'object': {'upos': 'PROPN', 'text': 'बेतेलहाइम', 'id': 9, 'deprel': 'obj', 'head': 11}, 'verb': {'upos': 'VERB', 'text': 'छोड़', 'id': 11, 'deprel': 'root', 'head': 0}}]",['SOV']
73,फिलिस्तीनी आतंकवादियों ने चर्च ऑफ द नेटिविटी (Church of the Nativity) में शरण ली थी। IDF ने जवाबी कार्रवाई के दौरान 39 दिनों के लिए इस जगह को घेरा था।,1,"[{'subject': {'upos': 'PROPN', 'text': 'IDF', 'id': 1, 'deprel': 'nsubj', 'head': 14}, 'object': {'upos': 'NOUN', 'text': 'जगह', 'id': 12, 'deprel': 'obj', 'head': 14}, 'verb': {'upos': 'VERB', 'text': 'घेरा', 'id': 14, 'deprel': 'root', 'head': 0}}]",['SOV']
79,"केंद्र का लक्ष्य फिलिस्तीनी कशिदाकारी, कला और लोक-साहित्य को संरक्षित रखना व प्रचारित करना है।",1,"[{'subject': {'upos': 'NOUN', 'text': 'लक्ष्य', 'id': 3, 'deprel': 'nsubj', 'head': 12}, 'object': {'upos': 'NOUN', 'text': 'कशिदाकारी', 'id': 5, 'deprel': 'obj', 'head': 12}, 'verb': {'upos': 'VERB', 'text': 'रखना', 'id': 12, 'deprel': 'root', 'head': 0}}]",['SOV']
88,एयरबस ने हैम्बर्ग में A320 की अंतिम असेंबली का प्रस्ताव दिया है।,1,"[{'subject': {'upos': 'PROPN', 'text': 'एयरबस', 'id': 1, 'deprel': 'nsubj', 'head': 11}, 'object': {'upos': 'NOUN', 'text': 'प्रस्ताव', 'id': 10, 'deprel': 'obj', 'head': 11}, 'verb': {'upos': 'VERB', 'text': 'दिया', 'id': 11, 'deprel': 'root', 'head': 0}}]",['SOV']
91,"एयरबस को ""प्रारंभिक सहायता"" और अन्य प्रकार की सरकारी सहायता दिये जाने का बोइंग ने लगातार विरोध किया है। एयरबस का तर्क है कि बोइंग को सैन्य और अनुसंधान अनुबंधों एवं कर-चोरी के द्वारा अवैध अनुदान प्राप्त होता है। एयरबस को अमरीकी और यूरोपीय सरकारों द्वारा प्रतिपूर्ति प्रारंभ निवेश (RLI) प्रदान किया जाता है, जिसे ""प्रारंभिक सहायता"" कहा जाता है।",1,"[{'object': {'upos': 'NOUN', 'text': 'एयरबस', 'id': 1, 'deprel': 'obj', 'head': 15}, 'subject': {'upos': 'NOUN', 'text': 'सरकारों', 'id': 6, 'deprel': 'nsubj:pass', 'head': 15}, 'verb': {'upos': 'VERB', 'text': 'किया', 'id': 15, 'deprel': 'root', 'head': 0}}]",['OSV']
105,गहने या घड़ी का उदाहरण है जो खिलाड़ी पहनने या इस्तेमाल करना वर्जित है क्योंकि वह अन्य खिलाड़ियों तथा अधिकारियों के लिए खतरनाक साबित हो सकता है।,1,"[{'subject': {'upos': 'PRON', 'text': 'जो', 'id': 7, 'deprel': 'nsubj', 'head': 14}, 'object': {'upos': 'ADJ', 'text': 'वर्जित', 'id': 13, 'deprel': 'obj', 'head': 14}, 'verb': {'upos': 'VERB', 'text': 'है', 'id': 14, 'deprel': 'acl:relcl', 'head': 5}}]",['SOV']
122,"चूँकि सूची में क्लोरीन के एक मोल में सोडियम क्लोराइड की मात्रा का उल्लेख नहीं है, मैं आपके प्रश्न का उत्तर नहीं दे सकता।",1,"[{'subject': {'upos': 'PRON', 'text': 'मैं', 'id': 18, 'deprel': 'nsubj', 'head': 24}, 'object': {'upos': 'NOUN', 'text': 'उत्तर', 'id': 22, 'deprel': 'obj', 'head': 24}, 'verb': {'upos': 'VERB', 'text': 'दे', 'id': 24, 'deprel': 'root', 'head': 0}}]",['SOV']
140,"एंटीबॉडी (प्रतिपिंड) में ""उत्कृष्ट"" उत्प्रेरक प्रणाली की संपूरक प्रणाली होती है, जिसमें प्रतिपिंड (एंटीबॉडी) और उत्प्रेरक अणु सूक्ष्मजीव को फैगोसाइट (phagocytes) द्वारा खाने के लिए चिन्हित करते हैं या सीधे मारने में प्रतिपिंड (एंटीबॉडी) की सहायता के लिए झिल्लीनुमा आक्रामक समूह बना लेते हैं।",1,"[{'subject': {'upos': 'NOUN', 'text': 'प्रतिपिंड', 'id': 18, 'deprel': 'nsubj', 'head': 36}, 'object': {'upos': 'NOUN', 'text': 'समूह', 'id': 52, 'deprel': 'obj', 'head': 53}, 'verb': {'upos': 'VERB', 'text': 'बना', 'id': 53, 'deprel': 'conj', 'head': 36}}]",['SOV']
146,"स्कोडा में रियर इंजन मॉडल है, जैसे स्कोडा 105/120 जिसमें 1,289 घन सेंटीमीटर इंजन है जो 130 ब्रेक अश्वशक्ति पैदा करता है।",1,"[{'subject': {'upos': 'PRON', 'text': 'जो', 'id': 17, 'deprel': 'nsubj', 'head': 22}, 'object': {'upos': 'NOUN', 'text': 'अश्वशक्ति', 'id': 20, 'deprel': 'obj', 'head': 22}, 'verb': {'upos': 'VERB', 'text': 'करता', 'id': 22, 'deprel': 'acl:relcl', 'head': 15}}]",['SOV']
148,स्कोडा इंजीनियरों ने एक ऐसे कार को डिज़ाइन किया जिसकी तुलना पाश्चात्य उत्पादन के साथ की जा सकती थी।,1,"[{'subject': {'upos': 'NOUN', 'text': 'इंजीनियरों', 'id': 2, 'deprel': 'nsubj', 'head': 9}, 'object': {'upos': 'NOUN', 'text': 'कार', 'id': 6, 'deprel': 'obj', 'head': 9}, 'verb': {'upos': 'VERB', 'text': 'किया', 'id': 9, 'deprel': 'root', 'head': 0}}]",['SOV']
154,कुमार ने अपना वक्तव्य फेसबुक मंच पर दिया है।,1,"[{'subject': {'upos': 'PROPN', 'text': 'कुमार', 'id': 1, 'deprel': 'nsubj', 'head': 8}, 'object': {'upos': 'NOUN', 'text': 'वक्तव्य', 'id': 4, 'deprel': 'obj', 'head': 8}, 'verb': {'upos': 'VERB', 'text': 'दिया', 'id': 8, 'deprel': 'root', 'head': 0}}]",['SOV']
155,पैट्रिक ने मुख्‍य संचालन अधिकारी का पद लिया था।,1,"[{'subject': {'upos': 'PROPN', 'text': 'पैट्रिक', 'id': 1, 'deprel': 'nsubj', 'head': 8}, 'object': {'upos': 'NOUN', 'text': 'पद', 'id': 7, 'deprel': 'obj', 'head': 8}, 'verb': {'upos': 'VERB', 'text': 'लिया', 'id': 8, 'deprel': 'root', 'head': 0}}]",['SOV']
156,जब स्टीवर्ट जेल से रिहा हुई तो उसने एक अत्‍यंत प्रचारित वापसी प्रारंभ की और एक बार फिर मार्था स्‍टीवर्ट लिविंग में सक्रिय हो गई।,1,"[{'subject': {'upos': 'PRON', 'text': 'उसने', 'id': 8, 'deprel': 'nsubj', 'head': 14}, 'object': {'upos': 'NOUN', 'text': 'वापसी', 'id': 12, 'deprel': 'obj', 'head': 14}, 'verb': {'upos': 'VERB', 'text': 'की', 'id': 14, 'deprel': 'root', 'head': 0}}]",['SOV']
157,"मार्था स्टीवर्ट ने मैसी के लिए बेडिंग, बाथ, कुकवेयर और डिनरवेयर जैसे आइटम डिजाइन किए हैं।",1,"[{'subject': {'upos': 'PROPN', 'text': 'स्टीवर्ट', 'id': 2, 'deprel': 'nsubj', 'head': 17}, 'object': {'upos': 'NOUN', 'text': 'आइटम', 'id': 15, 'deprel': 'obj', 'head': 17}, 'verb': {'upos': 'VERB', 'text': 'किए', 'id': 17, 'deprel': 'root', 'head': 0}}]",['SOV']
160,"जब कार्प ने एचटीएमएल सीखा, उनकी उम्र 11 साल की थी।",1,"[{'subject': {'upos': 'PROPN', 'text': 'कार्प', 'id': 2, 'deprel': 'nsubj', 'head': 5}, 'object': {'upos': 'PROPN', 'text': 'एचटीएमएल', 'id': 4, 'deprel': 'obj', 'head': 5}, 'verb': {'upos': 'VERB', 'text': 'सीखा', 'id': 5, 'deprel': 'acl:relcl', 'head': 7}}]",['SOV']
168,"रोग के संचरण के लिए सक्रिय होने की आवश्यकता है। जब सक्रिय फुफ्फुसीय टीबी से पीड़ित लोग खांसते, छींकते, गाते, थूकते या दूसरों के साथ बातें करते हैं तो वे 0.5 से 5.0 µm आकार की संक्रामक एयरोसोल बूंदों को बाहर निकालते हैं, जो संक्रमण का कारण बन सकते हैं।",1,"[{'subject': {'upos': 'NOUN', 'text': 'लोग', 'id': 7, 'deprel': 'nsubj', 'head': 35}, 'object': {'upos': 'NOUN', 'text': 'बूंदों', 'id': 32, 'deprel': 'obj', 'head': 35}, 'verb': {'upos': 'VERB', 'text': 'निकालते', 'id': 35, 'deprel': 'root', 'head': 0}}]",['SOV']
172,"जब एक व्यक्ति पूरी तरह से अतिसंवेदनशील एमटीबी से संक्रमित है और दवा लेने में विफल रहता है, तो वह द्वितीयक (अधिग्रहीत) प्रतिरोध विकसित कर सकता है।",1,"[{'subject': {'upos': 'PRON', 'text': 'वह', 'id': 21, 'deprel': 'nsubj', 'head': 28}, 'object': {'upos': 'NOUN', 'text': 'प्रतिरोध', 'id': 26, 'deprel': 'obj', 'head': 28}, 'verb': {'upos': 'VERB', 'text': 'कर', 'id': 28, 'deprel': 'root', 'head': 0}}]",['SOV']
175,अफ्रीका में टीबी किशोरों और युवा वयस्कों को प्रभावित करता है।,1,"[{'subject': {'upos': 'PROPN', 'text': 'टीबी', 'id': 3, 'deprel': 'nsubj', 'head': 10}, 'object': {'upos': 'NOUN', 'text': 'किशोरों', 'id': 4, 'deprel': 'obj', 'head': 10}, 'verb': {'upos': 'VERB', 'text': 'करता', 'id': 10, 'deprel': 'root', 'head': 0}}]",['SOV']
178,न्यूज़ीलैंड का प्रयास अपेक्षाकृत सफल रहा है कि माइकोबैक्टीरियम बोविस द्वारा होने वाले वोबाइन तपेदिक को समाप्त किया जाए।,1,"[{'subject': {'upos': 'NOUN', 'text': 'प्रयास', 'id': 3, 'deprel': 'nsubj', 'head': 6}, 'verb': {'upos': 'VERB', 'text': 'रहा', 'id': 6, 'deprel': 'root', 'head': 0}, 'object': {'upos': 'VERB', 'text': 'किया', 'id': 18, 'deprel': 'obj', 'head': 6}}]",['SVO']
180,दर्शकों द्वारा बिल गेट्स के लिए प्रशंसा प्रदान कर रहे थे।,1,"[{'subject': {'upos': 'NOUN', 'text': 'दर्शकों', 'id': 1, 'deprel': 'nsubj', 'head': 9}, 'object': {'upos': 'NOUN', 'text': 'प्रशंसा', 'id': 7, 'deprel': 'obj', 'head': 9}, 'verb': {'upos': 'VERB', 'text': 'कर', 'id': 9, 'deprel': 'root', 'head': 0}}]",['SOV']
186,"दोषों को सूचित किया जाता है एक ऐसा ईकाई परीक्षण लिखकर सरलता से संप्रेषित किया जा सकता है, जो यह साबित करता हो कि कोड का विशिष्ट भाग टूट जाएगा.",1,"[{'subject': {'upos': 'PRON', 'text': 'जो', 'id': 20, 'deprel': 'nsubj', 'head': 23}, 'object': {'upos': 'PRON', 'text': 'यह', 'id': 21, 'deprel': 'obj', 'head': 23}, 'verb': {'upos': 'VERB', 'text': 'करता', 'id': 23, 'deprel': 'acl:relcl', 'head': 10}}]",['SOV']
187,"सिद्धांतों का अभिप्राय है कि किसी सिद्धांत के आधार में मूल्यों का निहित होना है, जो उस सिद्धांत के लिए मार्गदर्शन प्रदान करता है।",1,"[{'subject': {'upos': 'PRON', 'text': 'जो', 'id': 17, 'deprel': 'nsubj', 'head': 24}, 'object': {'upos': 'NOUN', 'text': 'मार्गदर्शन', 'id': 22, 'deprel': 'obj', 'head': 24}, 'verb': {'upos': 'VERB', 'text': 'करता', 'id': 24, 'deprel': 'acl:relcl', 'head': 11}}]",['SOV']
191,"जब तक किसान या सुनहले चावल जेनेटिक्स का अनुवर्ती प्रयोक्ता प्रति वर्ष $10,000 से ज्यादा नहीं कमा लेता है, तब तक वाणिज्यिक उपयोग के लिए सिंजेन्टा को कोई रॉयल्टी नहीं देनी पड़ती है।",1,"[{'subject': {'upos': 'PROPN', 'text': 'सिंजेन्टा', 'id': 27, 'deprel': 'nsubj', 'head': 32}, 'object': {'upos': 'NOUN', 'text': 'रॉयल्टी', 'id': 30, 'deprel': 'obj', 'head': 32}, 'verb': {'upos': 'VERB', 'text': 'देनी', 'id': 32, 'deprel': 'root', 'head': 0}}]",['SOV']
199,प्राकृतिक वरण की गलत अवधारणा स्वस्थतम की उत्तरजीविता में है। स्वस्थतम की उत्तरजीविता प्राकृतिक वरण की प्रक्रिया को गलत ढंग से समझाती है क्योंकि प्राकृतिक वरण केवल उत्तरजीवन के बारे में नहीं है और हमेशा स्वस्थतम ही नहीं जीवित रहता है।,1,"[{'subject': {'upos': 'NOUN', 'text': 'उत्तरजीविता', 'id': 3, 'deprel': 'nsubj', 'head': 12}, 'object': {'upos': 'NOUN', 'text': 'प्रक्रिया', 'id': 7, 'deprel': 'obj', 'head': 12}, 'verb': {'upos': 'VERB', 'text': 'समझाती', 'id': 12, 'deprel': 'root', 'head': 0}}]",['SOV']
201,अणुओं के आकार या आकृति का वर्णन किया जाता है डीएनए की शृंखला के रूप में संग्रहित होती है। न्युक्लियोटाइडों की शृंखला से बना डीएनए आनुवांशिक जानकारी को संग्रहित करता है।,1,"[{'subject': {'upos': 'PROPN', 'text': 'डीएनए', 'id': 6, 'deprel': 'nsubj', 'head': 11}, 'object': {'upos': 'NOUN', 'text': 'जानकारी', 'id': 8, 'deprel': 'obj', 'head': 11}, 'verb': {'upos': 'VERB', 'text': 'करता', 'id': 11, 'deprel': 'root', 'head': 0}}]",['SOV']
215,सीती हस्मा मोहम्मद अली के कोई बच्चे नहीं थे। वह महाथिर की पत्नी थीं और उन्होंने तीन बच्चे गोद लिए थे।,1,"[{'subject': {'upos': 'PRON', 'text': 'उन्होंने', 'id': 7, 'deprel': 'nsubj', 'head': 11}, 'object': {'upos': 'NOUN', 'text': 'बच्चे', 'id': 9, 'deprel': 'obj', 'head': 11}, 'verb': {'upos': 'VERB', 'text': 'लिए', 'id': 11, 'deprel': 'conj', 'head': 4}}]",['SOV']
221,फिलिपीनो टागालोग भाषा का प्रचलित रूप मुख्यतः मेट्रो मनीला एवं अन्य शहरी क्षेत्रों में बोली जाती है।,1,"[{'subject': {'upos': 'PROPN', 'text': 'फिलिपीनो', 'id': 1, 'deprel': 'nsubj:pass', 'head': 15}, 'object': {'upos': 'NOUN', 'text': 'रूप', 'id': 6, 'deprel': 'obj', 'head': 15}, 'verb': {'upos': 'VERB', 'text': 'बोली', 'id': 15, 'deprel': 'root', 'head': 0}}]",['SOV']
223,"तुर्की सशस्त्र सेनाएँ (TAF) में सेना और नौसेना के आदेश के अधीन हैं, लेकिन गेन्डरमेरी और कोस्ट गार्ड के आदेश के अधीन नहीं हैं, क्योंकि वे आंतरिक सुरक्षा बलों के घटकों के रूप में कार्य करते हैं और आंतरिक मंत्रालय के अधीनस्थ हैं।",1,"[{'subject': {'upos': 'PRON', 'text': 'वे', 'id': 30, 'deprel': 'nsubj', 'head': 40}, 'object': {'upos': 'NOUN', 'text': 'कार्य', 'id': 39, 'deprel': 'obj', 'head': 40}, 'verb': {'upos': 'VERB', 'text': 'करते', 'id': 40, 'deprel': 'acl', 'head': 23}}]",['SOV']
240,"मानसिक समस्याओं से पीड़ित लोगों के लिए कई उपचार उपलब्ध हैं। इनमें से कुछ हैं: मानसिक देखभाल में भर्ती किया जा सकता है, आत्महत्या रोकथाम अनुबंध पर हस्ताक्षर कराते हैं, साक्ष्य इस अभ्यास के प्रभावी होने का संकेत नहीं देते हैं, पुराने आत्महत्या करने की मनस्थिति वाले वे लोग जो सीमांत व्यक्तित्व विकार से पीड़ित हैं उनमें लघु-अवधि के लिए अस्पताल में भर्ती किए जाने को सामुदायिक देखभाल से बेहतर नहीं देखा गया है।",1,"[{'subject': {'upos': 'NOUN', 'text': 'साक्ष्य', 'id': 23, 'deprel': 'nsubj', 'head': 32}, 'object': {'upos': 'VERB', 'text': 'किए', 'id': 57, 'deprel': 'obj', 'head': 65}, 'verb': {'upos': 'VERB', 'text': 'देखा', 'id': 65, 'deprel': 'conj', 'head': 32}}]",['SOV']
252,"वायरल संक्रमण के कुछ आम लक्षण हैं: बुखार, थकान, सिरदर्द, मांसपेशियों में दर्द, और मल खूनी होना (हालांकि यह बैक्टीरिया जनित संक्रमण के कारण भी हो सकता है)। कुछ वायरल संक्रमण मामूली शिशु दौरे भी पैदा कर सकते हैं।",1,"[{'subject': {'upos': 'NOUN', 'text': 'संक्रमण', 'id': 3, 'deprel': 'nsubj', 'head': 9}, 'object': {'upos': 'NOUN', 'text': 'दौरे', 'id': 6, 'deprel': 'obj', 'head': 9}, 'verb': {'upos': 'VERB', 'text': 'कर', 'id': 9, 'deprel': 'root', 'head': 0}}]",['SOV']
253,"हालांकि उपलब्ध जानकारी में किसी से की वायरल होने की संभावना कम है के बारे में कोई उल्लेख नहीं है, लेकिन हम जानते हैं कि प्रतिरक्षा की कमी और अपेक्षाकृत खराब स्वच्छता के कारण बच्चों में संक्रमण का जोखिम अधिक होता है। इसलिए, हम कह सकते हैं कि बच्चों की वायरल होने की संभावना कम है नहीं है, बल्कि उनके लिए संक्रमण का जोखिम अधिक होता है।",1,"[{'subject': {'upos': 'PRON', 'text': 'हम', 'id': 3, 'deprel': 'nsubj', 'head': 4}, 'verb': {'upos': 'VERB', 'text': 'कह', 'id': 4, 'deprel': 'root', 'head': 0}, 'object': {'upos': 'DET', 'text': 'कम', 'id': 14, 'deprel': 'obj', 'head': 4}}]",['SVO']
278,उसने नेविगेशन चार्ट को सही ढंग से चित्रित किया।,1,"[{'subject': {'upos': 'PRON', 'text': 'उसने', 'id': 1, 'deprel': 'nsubj', 'head': 9}, 'object': {'upos': 'NOUN', 'text': 'चार्ट', 'id': 3, 'deprel': 'obj', 'head': 9}, 'verb': {'upos': 'VERB', 'text': 'किया', 'id': 9, 'deprel': 'root', 'head': 0}}]",['SOV']
289,राउटर में डिटेक्शन शुरू होता है जब राउटर खुद को हैलो OSPF प्रोटोकॉल पैकेट में देखते हैं।,1,"[{'subject': {'upos': 'NOUN', 'text': 'राउटर', 'id': 8, 'deprel': 'nsubj', 'head': 16}, 'object': {'upos': 'PRON', 'text': 'खुद', 'id': 9, 'deprel': 'obj', 'head': 16}, 'verb': {'upos': 'VERB', 'text': 'देखते', 'id': 16, 'deprel': 'acl:relcl', 'head': 3}}]",['SOV']
295,कलाकारों ने कोव्ज़ देल द्राच (Caves of Drach) पर काम किया है।,1,"[{'subject': {'upos': 'NOUN', 'text': 'कलाकारों', 'id': 1, 'deprel': 'nsubj', 'head': 13}, 'object': {'upos': 'NOUN', 'text': 'काम', 'id': 12, 'deprel': 'obj', 'head': 13}, 'verb': {'upos': 'VERB', 'text': 'किया', 'id': 13, 'deprel': 'root', 'head': 0}}]",['SOV']
308,"COCPs को माहवारी के पहले दिन के पांच दिनों के भीतर शुरू कर दिया जाना चाहिए, ताकि वह प्रभावी गर्भनिरोधक प्रदान कर सके।",1,"[{'subject': {'upos': 'PRON', 'text': 'वह', 'id': 19, 'deprel': 'nsubj', 'head': 23}, 'object': {'upos': 'NOUN', 'text': 'गर्भनिरोधक', 'id': 21, 'deprel': 'obj', 'head': 23}, 'verb': {'upos': 'VERB', 'text': 'कर', 'id': 23, 'deprel': 'advcl', 'head': 13}}]",['SOV']
311,"जर्मनी में उत्तरी जर्मनी मुख्यत: उत्तरी-पश्चिमी यूरोपीय जलवायु प्रदेश के अंतर्गत आता है, मध्य एवं दक्षिणी जर्मनी महाद्वीपी प्रकार की जलवायु के क्षेत्र में सम्मिलित किए जाते हैं।",1,"[{'subject': {'upos': 'PROPN', 'text': 'जर्मनी', 'id': 4, 'deprel': 'nsubj', 'head': 13}, 'object': {'upos': 'PROPN', 'text': 'मध्य', 'id': 16, 'deprel': 'obj', 'head': 28}, 'verb': {'upos': 'VERB', 'text': 'किए', 'id': 28, 'deprel': 'conj', 'head': 13}}]",['SOV']
316,जर्मनी ने विज्ञान और प्रौद्योगिकी के क्षेत्र में अपने योगदान के साथ बहुत योगदान दिया है।,1,"[{'subject': {'upos': 'PROPN', 'text': 'जर्मनी', 'id': 1, 'deprel': 'nsubj', 'head': 15}, 'object': {'upos': 'NOUN', 'text': 'योगदान', 'id': 14, 'deprel': 'obj', 'head': 15}, 'verb': {'upos': 'VERB', 'text': 'दिया', 'id': 15, 'deprel': 'root', 'head': 0}}]",['SOV']
326,"महिला निरोध की विफलता दर में जन्म देने का प्रभाव होता है। जिन महिलाओं ने पहले बच्चे को जन्म दिया है, उनमें विफलता दर 24% है, जबकि जिन महिलाओं ने जन्म नहीं दिया है, उनमें विफलता दर 12% है।",1,"[{'subject': {'upos': 'NOUN', 'text': 'महिलाओं', 'id': 2, 'deprel': 'nsubj', 'head': 8}, 'object': {'upos': 'NOUN', 'text': 'बच्चे', 'id': 5, 'deprel': 'obj', 'head': 8}, 'verb': {'upos': 'VERB', 'text': 'दिया', 'id': 8, 'deprel': 'acl:relcl', 'head': 11}}]",['SOV']
327,आईयूडी स्तनपान को प्रभावित नहीं करते हैं।,1,"[{'subject': {'upos': 'PROPN', 'text': 'आईयूडी', 'id': 1, 'deprel': 'nsubj', 'head': 6}, 'object': {'upos': 'NOUN', 'text': 'स्तनपान', 'id': 2, 'deprel': 'obj', 'head': 6}, 'verb': {'upos': 'VERB', 'text': 'करते', 'id': 6, 'deprel': 'root', 'head': 0}}]",['SOV']
328,"महिलाएं अक्सर शुक्रवाहिकोच्छेदन उलटाव करवाना चाहती हैं क्योंकि उनमें डिंबवाहनी बंधन की तुलना में बारह गुना कम लघु अवधि जटिलताएं होती हैं और डिंबवाहनी खुलवाने के बाद गर्भधारण की सफलता की दर 31 से 88 प्रतिशत तक है। इसके अलावा, महिलाएं शुक्रवाहिकोच्छेदन उलटाव करवाना चाहती हैं क्योंकि इसमें पुरुषों के पिता बनने की सफलता की दर 38 से 84% तक है और इसमें शुक्राणु निष्कर्षण के बाद इन विट्रो निषेचन भी पुरुषों में एक विकल्प हो सकता है।",1,"[{'subject': {'upos': 'NOUN', 'text': 'महिलाएं', 'id': 4, 'deprel': 'nsubj', 'head': 8}, 'object': {'upos': 'VERB', 'text': 'करवाना', 'id': 7, 'deprel': 'obj', 'head': 8}, 'verb': {'upos': 'VERB', 'text': 'चाहती', 'id': 8, 'deprel': 'root', 'head': 0}}]",['SOV']
330,"जब कोई स्त्री बच्चे को जन्म देती है, तब उसके भीतर लैक्टेशन रजोरोध विधि की जैविक प्रक्रिया घटती है, जिसमें प्रसव के पश्चात होने वाला प्राकृतिक प्रसवोत्तर बांझपन शामिल है, जो स्तनपान से विस्तरित किया जा सकता है।",1,"[{'subject': {'upos': 'NOUN', 'text': 'स्त्री', 'id': 3, 'deprel': 'nsubj', 'head': 7}, 'object': {'upos': 'NOUN', 'text': 'बच्चे', 'id': 4, 'deprel': 'obj', 'head': 7}, 'verb': {'upos': 'VERB', 'text': 'देती', 'id': 7, 'deprel': 'acl:relcl', 'head': 10}}]",['SOV']
337,"संयुक्त राष्ट्र संघ गरीब देशों में गर्भ नियंत्रण के नवीनतम तरीके के उपयोग करने वाली स्त्रियों की संख्या को 120 मिलियन महिलाओं को इसका उपयोगकर्ता बनाने का लक्ष्य निर्धारित किया है, जो कि 2020 तक दुनिया के सबसे गरीब 69 देशों में है।",1,"[{'subject': {'upos': 'PROPN', 'text': 'संघ', 'id': 3, 'deprel': 'nsubj', 'head': 30}, 'object': {'upos': 'NOUN', 'text': 'संख्या', 'id': 18, 'deprel': 'obj', 'head': 30}, 'verb': {'upos': 'VERB', 'text': 'किया', 'id': 30, 'deprel': 'root', 'head': 0}}]",['SOV']
350,इर्लिच पद्धति 1877 में पॉल एहरलिच ने विकसित की थी।,1,"[{'object': {'upos': 'NOUN', 'text': 'पद्धति', 'id': 2, 'deprel': 'obj', 'head': 9}, 'subject': {'upos': 'PROPN', 'text': 'एहरलिच', 'id': 6, 'deprel': 'nsubj', 'head': 9}, 'verb': {'upos': 'VERB', 'text': 'की', 'id': 9, 'deprel': 'root', 'head': 0}}]",['OSV']
354,"जब बर्फी निरुत्साहित था, तो उसने झिलमिल को अपने अपार्टमेंट में छिपा लिया और फिरौती की रकम प्राप्त कर के अपने पिता के ओपरेशन के लिए अस्पताल में भुगतान कर रहा था।",1,"[{'subject': {'upos': 'PRON', 'text': 'उसने', 'id': 7, 'deprel': 'nsubj', 'head': 13}, 'object': {'upos': 'PROPN', 'text': 'झिलमिल', 'id': 8, 'deprel': 'obj', 'head': 13}, 'verb': {'upos': 'VERB', 'text': 'छिपा', 'id': 13, 'deprel': 'root', 'head': 0}}]",['SOV']
362,शुरुआती नेटवर्क डिजाइनरों ने VLANs को एक बड़े ईथरनेट क्षेत्र में कोलिज़न डोमेन के आकार को कम करने के उद्देश्य से व्यवस्थित कर के प्रदर्शन में सुधार करते थे।,1,"[{'subject': {'upos': 'NOUN', 'text': 'डिजाइनरों', 'id': 3, 'deprel': 'nsubj', 'head': 28}, 'object': {'upos': 'NOUN', 'text': 'VLANs', 'id': 5, 'deprel': 'obj', 'head': 28}, 'verb': {'upos': 'VERB', 'text': 'करते', 'id': 28, 'deprel': 'root', 'head': 0}}]",['SOV']
364,नेटवर्क व्यवस्थापक को मैन्युअल रूप से नए कनेक्शन के लिए एक पोर्ट टू VLAN असाईनमेंट बनाना चाहिए।,1,"[{'subject': {'upos': 'NOUN', 'text': 'व्यवस्थापक', 'id': 2, 'deprel': 'nsubj', 'head': 16}, 'object': {'upos': 'NOUN', 'text': 'असाईनमेंट', 'id': 15, 'deprel': 'obj', 'head': 16}, 'verb': {'upos': 'VERB', 'text': 'बनाना', 'id': 16, 'deprel': 'root', 'head': 0}}]",['SOV']
373,समोआ है जो यूरोप के सदियों के प्रभाव के बावजूद अपने रीति-रिवाजों को कायम रख रहा है।,1,"[{'subject': {'upos': 'PRON', 'text': 'जो', 'id': 3, 'deprel': 'nsubj', 'head': 15}, 'object': {'upos': 'NOUN', 'text': 'रीति-रिवाजों', 'id': 12, 'deprel': 'obj', 'head': 15}, 'verb': {'upos': 'VERB', 'text': 'रख', 'id': 15, 'deprel': 'acl:relcl', 'head': 1}}]",['SOV']
374,"अल्बर्ट वेंड्ट एक महत्वपूर्ण समोआई लेखक हैं, जिनके उपन्यास और कहानियां समोआई अनुभव को बयां करती हैं।",1,"[{'subject': {'upos': 'NOUN', 'text': 'उपन्यास', 'id': 10, 'deprel': 'nsubj', 'head': 17}, 'object': {'upos': 'NOUN', 'text': 'अनुभव', 'id': 14, 'deprel': 'obj', 'head': 17}, 'verb': {'upos': 'VERB', 'text': 'करती', 'id': 17, 'deprel': 'acl:relcl', 'head': 6}}]",['SOV']
375,समोआ ने इंटरनेशनल पैसिफिक आइलैंडर्स रग्बी यूनियन टीम में भी योगदान दिया है।,1,"[{'subject': {'upos': 'PROPN', 'text': 'समोआ', 'id': 1, 'deprel': 'nsubj', 'head': 12}, 'object': {'upos': 'NOUN', 'text': 'योगदान', 'id': 11, 'deprel': 'obj', 'head': 12}, 'verb': {'upos': 'VERB', 'text': 'दिया', 'id': 12, 'deprel': 'root', 'head': 0}}]",['SOV']
384,कंजरवेटिव्स ने 11 सीटें जीतीं।,1,"[{'subject': {'upos': 'PROPN', 'text': 'कंजरवेटिव्स', 'id': 1, 'deprel': 'nsubj', 'head': 5}, 'object': {'upos': 'NOUN', 'text': 'सीटें', 'id': 4, 'deprel': 'obj', 'head': 5}, 'verb': {'upos': 'VERB', 'text': 'जीतीं', 'id': 5, 'deprel': 'root', 'head': 0}}]",['SOV']
389,१९वीं सदी के बाद से पश्चिमी यूरोप ने वैश्विक मामलों में एक प्रमुख भूमिका अदा की है।,1,"[{'subject': {'upos': 'PROPN', 'text': 'यूरोप', 'id': 7, 'deprel': 'nsubj', 'head': 16}, 'object': {'upos': 'NOUN', 'text': 'भूमिका', 'id': 14, 'deprel': 'obj', 'head': 16}, 'verb': {'upos': 'VERB', 'text': 'की', 'id': 16, 'deprel': 'root', 'head': 0}}]",['SOV']
412,यह गाँव थाईलैंड का हिस्सा है क्योंकि मिनी Siam एक लघु मॉडल गांव है जो थाईलैंड की विरासत मनाता है और सबसे प्रसिद्ध स्मारकों की प्रतिकृतियां और ऐतिहासिक स्थलों के साथ है।,1,"[{'subject': {'upos': 'PRON', 'text': 'जो', 'id': 15, 'deprel': 'nsubj', 'head': 19}, 'object': {'upos': 'NOUN', 'text': 'विरासत', 'id': 18, 'deprel': 'obj', 'head': 19}, 'verb': {'upos': 'VERB', 'text': 'मनाता', 'id': 19, 'deprel': 'acl:relcl', 'head': 9}}]",['SOV']
417,विलियम और आर्थर ने अपनी मोटर-बायसाइकिल पर दो वर्षों तक काम किया।,1,"[{'subject': {'upos': 'PROPN', 'text': 'विलियम', 'id': 1, 'deprel': 'nsubj', 'head': 12}, 'object': {'upos': 'NOUN', 'text': 'काम', 'id': 11, 'deprel': 'obj', 'head': 12}, 'verb': {'upos': 'VERB', 'text': 'किया', 'id': 12, 'deprel': 'root', 'head': 0}}]",['SOV']
420,राष्ट्रपति रीगन ने 1983 में मोटरसाइकिलों पर सीमा-शुल्क लगाया था।,1,"[{'subject': {'upos': 'PROPN', 'text': 'रीगन', 'id': 2, 'deprel': 'nsubj', 'head': 9}, 'object': {'upos': 'NOUN', 'text': 'सीमा-शुल्क', 'id': 8, 'deprel': 'obj', 'head': 9}, 'verb': {'upos': 'VERB', 'text': 'लगाया', 'id': 9, 'deprel': 'root', 'head': 0}}]",['SOV']
429,क्वीन मैरी 2 की कलाकृति विकसित करने वाले कलाकार सोलह अलग अलग राज्यों से 128 कलाकारों के द्वारा बनाया गया है।,1,"[{'object': {'upos': 'NOUN', 'text': 'कलाकार', 'id': 9, 'deprel': 'obj', 'head': 19}, 'subject': {'upos': 'NOUN', 'text': 'कलाकारों', 'id': 16, 'deprel': 'nsubj:pass', 'head': 19}, 'verb': {'upos': 'VERB', 'text': 'बनाया', 'id': 19, 'deprel': 'root', 'head': 0}}]",['OSV']
434,"क्वीन मैरी 2 ने अपनी पहली विश्व यात्रा शुरू की, जो 81 दिन तक चली।",1,"[{'subject': {'upos': 'PROPN', 'text': '2', 'id': 3, 'deprel': 'nsubj', 'head': 10}, 'object': {'upos': 'NOUN', 'text': 'यात्रा', 'id': 8, 'deprel': 'obj', 'head': 10}, 'verb': {'upos': 'VERB', 'text': 'की', 'id': 10, 'deprel': 'root', 'head': 0}}]",['SOV']
452,वर्ष 1995 में हिन्दू ने ऑनलाइन संस्करण की पेशकश शुरू की थी।,1,"[{'subject': {'upos': 'PROPN', 'text': 'हिन्दू', 'id': 4, 'deprel': 'nsubj', 'head': 11}, 'object': {'upos': 'NOUN', 'text': 'पेशकश', 'id': 9, 'deprel': 'obj', 'head': 11}, 'verb': {'upos': 'VERB', 'text': 'की', 'id': 11, 'deprel': 'root', 'head': 0}}]",['SOV']
472,"डेविस ने अपना संस्मरण ""द राइज़ एंड फॉल ऑफ़ कॉन्फेडरेट गवर्मेंट"" 1881 में पूरा किया।",1,"[{'subject': {'upos': 'PROPN', 'text': 'डेविस', 'id': 1, 'deprel': 'nsubj', 'head': 17}, 'object': {'upos': 'NOUN', 'text': 'संस्मरण', 'id': 4, 'deprel': 'obj', 'head': 17}, 'verb': {'upos': 'VERB', 'text': 'किया', 'id': 17, 'deprel': 'root', 'head': 0}}]",['SOV']
479,"ऑस्ट्रेलियाईयो ने पश्चिमी प्रान्त में हुए कुछ प्रमुख लड़ाइयो में हिस्सा लिया। कई ऑस्ट्रेलियाईयो का मानना है कि गलीपोली में ऑस्ट्रेलिया और न्यूजीलैंड के सैन्य दलों की हार, राष्ट्र के जन्म का कारण बनी, जो इसका पहला बड़ा सैन्य अभियान था।",1,"[{'subject': {'upos': 'NOUN', 'text': 'ऑस्ट्रेलियाईयो', 'id': 2, 'deprel': 'nsubj', 'head': 4}, 'verb': {'upos': 'VERB', 'text': 'मानना', 'id': 4, 'deprel': 'nsubj', 'head': 5}, 'object': {'upos': 'VERB', 'text': 'बनी', 'id': 23, 'deprel': 'obj', 'head': 4}}]",['SVO']
489,"एक सेलेनियम ग्रिड कई मशीनों पर समानांतर में परीक्षण चल देती है, और केन्द्र ब्राउज़र संस्करणों और ब्राउज़र विन्यास विभिन्न प्रबंधन करने के लिए।",1,"[{'subject': {'upos': 'NOUN', 'text': 'ग्रिड', 'id': 3, 'deprel': 'nsubj', 'head': 10}, 'object': {'upos': 'NOUN', 'text': 'संस्करणों', 'id': 17, 'deprel': 'obj', 'head': 23}, 'verb': {'upos': 'VERB', 'text': 'करने', 'id': 23, 'deprel': 'conj', 'head': 10}}]",['SOV']
494,ईरान ने 2012 में 12 ओलम्पिक पदक जीते थे।,1,"[{'subject': {'upos': 'PROPN', 'text': 'ईरान', 'id': 1, 'deprel': 'nsubj', 'head': 8}, 'object': {'upos': 'NOUN', 'text': 'पदक', 'id': 7, 'deprel': 'obj', 'head': 8}, 'verb': {'upos': 'VERB', 'text': 'जीते', 'id': 8, 'deprel': 'root', 'head': 0}}]",['SOV']
496,इरान कुश्ती को अपने राष्ट्रीय खेल के रूप में जानता है।,1,"[{'subject': {'upos': 'PROPN', 'text': 'इरान', 'id': 1, 'deprel': 'nsubj', 'head': 10}, 'object': {'upos': 'NOUN', 'text': 'कुश्ती', 'id': 2, 'deprel': 'obj', 'head': 10}, 'verb': {'upos': 'VERB', 'text': 'जानता', 'id': 10, 'deprel': 'root', 'head': 0}}]",['SOV']
501,"इन हमलों को समस्याग्रस्त माना जाता है क्योंकि वे उपयोगकर्ता के सुरक्षित लॉग-इन विवरणों को चुरा लेते हैं और उन्हें बैंक या सेवा के स्वयं के वेब पेज पर साइन इन करने के निर्देश देते हैं, जिससे हमलावरों को विशेषज्ञ ज्ञान के बिना समझना कठिन होता है।",1,"[{'subject': {'upos': 'PRON', 'text': 'वे', 'id': 9, 'deprel': 'nsubj', 'head': 16}, 'object': {'upos': 'NOUN', 'text': 'विवरणों', 'id': 14, 'deprel': 'obj', 'head': 16}, 'verb': {'upos': 'VERB', 'text': 'चुरा', 'id': 16, 'deprel': 'obj', 'head': 5}}]",['SOV']
509,युक्रेनियाई लोग विजय दिवस का जश्न मनाते हैं।,1,"[{'subject': {'upos': 'NOUN', 'text': 'लोग', 'id': 2, 'deprel': 'nsubj', 'head': 7}, 'object': {'upos': 'NOUN', 'text': 'जश्न', 'id': 6, 'deprel': 'obj', 'head': 7}, 'verb': {'upos': 'VERB', 'text': 'मनाते', 'id': 7, 'deprel': 'root', 'head': 0}}]",['SOV']
517,"अलेक्सा इंटरनेट जैसी वेब साइटें ट्रैफिक रैंकिंग और आंकड़े पेश करती हैं, जो उन लोगों पर आधारित होते हैं जो अलेक्सा टूलबार का उपयोग करते हुए साइटों का प्रयोग करते हैं।",1,"[{'subject': {'upos': 'PROPN', 'text': 'अलेक्सा', 'id': 1, 'deprel': 'nsubj', 'head': 11}, 'object': {'upos': 'NOUN', 'text': 'रैंकिंग', 'id': 7, 'deprel': 'obj', 'head': 11}, 'verb': {'upos': 'VERB', 'text': 'करती', 'id': 11, 'deprel': 'root', 'head': 0}}]",['SOV']
537,"युरेनस का अक्षीय झुकाव ९७.७७ डिग्री है, इसलिए इसकी घूर्णन धूरी सौरमंडल तल के साथ करीब करीब समानांतर है। यह उसको अन्य प्रमुख ग्रहों के विपरीत पूरी तरह से भिन्न मौसमी परिवर्तन देता है।",1,"[{'subject': {'upos': 'PRON', 'text': 'यह', 'id': 1, 'deprel': 'nsubj', 'head': 14}, 'object': {'upos': 'NOUN', 'text': 'परिवर्तन', 'id': 13, 'deprel': 'obj', 'head': 14}, 'verb': {'upos': 'VERB', 'text': 'देता', 'id': 14, 'deprel': 'root', 'head': 0}}]",['SOV']
539,"यूरेनस का आंतरिक ताप स्पष्ट रूप से अन्य वृहदाकार ग्रहों की तुलना में कम जान पड़ता है, खगोलीय शब्दों में, इसके पास एक निम्न तापीय प्रवाह है। युरेनस का आतंरिक तापमान इतना कम क्यों है यह अभी भी समझ से परे है। लेकिन, हमें पता है कि युरेनस का तापीय प्रवाह केवल ०.०४२ ± ०.०४७ वॉट/मी२ है, जो ०.०७५ वॉट/मी२ के लगभग पृथ्वी के आंतरिक तापीय प्रवाह से कम है। इसलिए, हम कह सकते हैं कि यूरेनस का आंतरिक ताप से जुड़ा ऊष्मा ऊर्जा का हिस्सा बहुत कम है, लगभग ०.०४२ ± ०.०४७ वॉट/मी२ है।",1,"[{'subject': {'upos': 'PRON', 'text': 'हम', 'id': 3, 'deprel': 'nsubj', 'head': 4}, 'verb': {'upos': 'VERB', 'text': 'कह', 'id': 4, 'deprel': 'root', 'head': 0}, 'object': {'upos': 'DET', 'text': 'कम', 'id': 19, 'deprel': 'obj', 'head': 4}}]",['SVO']
541,निकोल ऑरेसम ने मध्यकालीन गणित में हरात्मक श्रेणी का अपसरण साबित किया है।,1,"[{'subject': {'upos': 'PROPN', 'text': 'ऑरेसम', 'id': 2, 'deprel': 'nsubj', 'head': 12}, 'object': {'upos': 'NOUN', 'text': 'अपसरण', 'id': 10, 'deprel': 'obj', 'head': 12}, 'verb': {'upos': 'VERB', 'text': 'किया', 'id': 12, 'deprel': 'root', 'head': 0}}]",['SOV']
544,टैपी ने 1993 तक टीम ओलम्पिके डे मार्सिले की नियंत्रित किया था।,1,"[{'subject': {'upos': 'PROPN', 'text': 'टैपी', 'id': 1, 'deprel': 'nsubj', 'head': 11}, 'object': {'upos': 'NOUN', 'text': 'टीम', 'id': 5, 'deprel': 'obj', 'head': 11}, 'verb': {'upos': 'VERB', 'text': 'किया', 'id': 11, 'deprel': 'root', 'head': 0}}]",['SOV']
550,"हिंदी गाने मालदीव के स्थानीय गीतों के आधार पर हैं, जो हिंदी धुनों पर आधारित हैं। मालदीवियों के लिए स्थानीय गीतों को हिंदी गीत में फिट करना बहुत आसान है क्योंकि दोनों भाषाओं में समान लय और ताल विकसित होते हैं।",1,"[{'subject': {'upos': 'VERB', 'text': 'करना', 'id': 11, 'deprel': 'nsubj', 'head': 14}, 'object': {'upos': 'ADJ', 'text': 'आसान', 'id': 13, 'deprel': 'obj', 'head': 14}, 'verb': {'upos': 'VERB', 'text': 'है', 'id': 14, 'deprel': 'root', 'head': 0}}]",['SOV']
558,C-टाइप ने 1951 और 1953 में ले मैन्स 24 घंटे जीते है।,1,"[{'subject': {'upos': 'PROPN', 'text': 'C-टाइप', 'id': 1, 'deprel': 'nsubj', 'head': 11}, 'object': {'upos': 'NOUN', 'text': 'मैन्स', 'id': 8, 'deprel': 'obj', 'head': 11}, 'verb': {'upos': 'VERB', 'text': 'जीते', 'id': 11, 'deprel': 'root', 'head': 0}}]",['SOV']
564,"परजीवी आम तौर पर शरीर में त्वचा के साथ सीधे संपर्क, अंतर्ग्रहण, कीट के काटने से दाखिल होते हैं, लेकिन फेफड़ों को दूसरे स्थानों से द्वतीयक रूप में शामिल करते हैं।",1,"[{'subject': {'upos': 'NOUN', 'text': 'परजीवी', 'id': 1, 'deprel': 'nsubj', 'head': 20}, 'object': {'upos': 'NOUN', 'text': 'फेफड़ों', 'id': 24, 'deprel': 'obj', 'head': 33}, 'verb': {'upos': 'VERB', 'text': 'करते', 'id': 33, 'deprel': 'conj', 'head': 20}}]",['SOV']
576,न्यूमोकोकल न्यूमोनिया को हाथों की स्वच्छता और अपनी बांह पर खांसना रोक सकता है।,1,"[{'subject': {'upos': 'PROPN', 'text': 'न्यूमोकोकल', 'id': 1, 'deprel': 'nsubj', 'head': 12}, 'object': {'upos': 'PROPN', 'text': 'न्यूमोनिया', 'id': 2, 'deprel': 'obj', 'head': 12}, 'verb': {'upos': 'VERB', 'text': 'रोक', 'id': 12, 'deprel': 'root', 'head': 0}}]",['SOV']
591,"यह खेल लगभग 14 9 2 और 1876 ईसवी के बीच, अमेरिका के यूरोपीय उपनिवेश को दर्शाता है।",1,"[{'subject': {'upos': 'NOUN', 'text': 'खेल', 'id': 2, 'deprel': 'nsubj', 'head': 18}, 'object': {'upos': 'NOUN', 'text': 'उपनिवेश', 'id': 16, 'deprel': 'obj', 'head': 18}, 'verb': {'upos': 'VERB', 'text': 'दर्शाता', 'id': 18, 'deprel': 'root', 'head': 0}}]",['SOV']
600,"चंद्रमा के झील के नक्शा को अमेलिया, कन्याके, और कूपर ने खानों के माध्यम से पाया था।",1,"[{'object': {'upos': 'NOUN', 'text': 'नक्शा', 'id': 5, 'deprel': 'obj', 'head': 18}, 'subject': {'upos': 'PROPN', 'text': 'अमेलिया', 'id': 7, 'deprel': 'nsubj', 'head': 18}, 'verb': {'upos': 'VERB', 'text': 'पाया', 'id': 18, 'deprel': 'root', 'head': 0}}]",['OSV']
602,"17 अक्टूबर, 2006 को एक विस्तार जारी किया गया था: द वॉरचिफ्स।",1,"[{'object': {'upos': 'NOUN', 'text': 'विस्तार', 'id': 7, 'deprel': 'obj', 'head': 9}, 'verb': {'upos': 'VERB', 'text': 'किया', 'id': 9, 'deprel': 'root', 'head': 0}, 'subject': {'upos': 'PROPN', 'text': 'वॉरचिफ्स।', 'id': 14, 'deprel': 'nsubj:pass', 'head': 9}}]",['OVS']
603,इन सभी देशों ने एकीकृत होकर एक साथ काम किया है।,1,"[{'subject': {'upos': 'NOUN', 'text': 'देशों', 'id': 3, 'deprel': 'nsubj', 'head': 10}, 'object': {'upos': 'NOUN', 'text': 'काम', 'id': 9, 'deprel': 'obj', 'head': 10}, 'verb': {'upos': 'VERB', 'text': 'किया', 'id': 10, 'deprel': 'root', 'head': 0}}]",['SOV']
612,"Google Translator Toolkit का सबसे अधिक उपयोग अनुवादकों और साहित्यिक संस्थानों में होगा। इसका उपयोग अनुवादक अपने कार्य को व्यस्थित कर सकते हैं और साझा किये गये अनुवादों, शब्दावलियों तथा अनुवाद स्मृतियों का उपयोग कर सकते हैं।",1,"[{'subject': {'upos': 'NOUN', 'text': 'अनुवादक', 'id': 3, 'deprel': 'nsubj', 'head': 8}, 'object': {'upos': 'NOUN', 'text': 'कार्य', 'id': 5, 'deprel': 'obj', 'head': 8}, 'verb': {'upos': 'VERB', 'text': 'कर', 'id': 8, 'deprel': 'root', 'head': 0}}]",['SOV']
616,"मध्यम कंठरोग के रूप में वर्गीकृत होने के लिए, 3 से 5 का कुल स्कोर आवश्यक है।",1,"[{'subject': {'upos': 'NOUN', 'text': 'स्कोर', 'id': 16, 'deprel': 'nsubj', 'head': 18}, 'object': {'upos': 'ADJ', 'text': 'आवश्यक', 'id': 17, 'deprel': 'obj', 'head': 18}, 'verb': {'upos': 'VERB', 'text': 'है', 'id': 18, 'deprel': 'root', 'head': 0}}]",['SOV']
619,कार्टिकॉस्टिरॉयड जैसे डेक्सामीथासोन और बुडासोनाइड इंजेक्शन द्वारा और नसिका (नाक) द्वारा दिये जाने पर कार्य करती हैं।,1,"[{'subject': {'upos': 'NOUN', 'text': 'डेक्सामीथासोन', 'id': 3, 'deprel': 'nsubj:pass', 'head': 14}, 'object': {'upos': 'NOUN', 'text': 'नसिका', 'id': 9, 'deprel': 'obj', 'head': 14}, 'verb': {'upos': 'VERB', 'text': 'दिये', 'id': 14, 'deprel': 'obl', 'head': 18}}]",['SOV']
620,"गर्म भाप को सांस में लेने का इलाज पारंपरिक स्व-देखभाल उपचार है, लेकिन नैदानिक अध्ययन इनकी प्रभावशीलता दिखाने में असफल रहे हैं तथा आजकल इसे कम ही उपयोग किया जाता है।",1,"[{'subject': {'upos': 'NOUN', 'text': 'अध्ययन', 'id': 16, 'deprel': 'nsubj', 'head': 22}, 'object': {'upos': 'PRON', 'text': 'इसे', 'id': 26, 'deprel': 'obj', 'head': 30}, 'verb': {'upos': 'VERB', 'text': 'किया', 'id': 30, 'deprel': 'conj', 'head': 22}}]",['SOV']
627,लाइसेंसशुदा चिकित्सक मनोचिकित्सक का पेशा अपना सकता है।,1,"[{'subject': {'upos': 'NOUN', 'text': 'चिकित्सक', 'id': 2, 'deprel': 'nsubj', 'head': 6}, 'object': {'upos': 'NOUN', 'text': 'पेशा', 'id': 5, 'deprel': 'obj', 'head': 6}, 'verb': {'upos': 'VERB', 'text': 'अपना', 'id': 6, 'deprel': 'root', 'head': 0}}]",['SOV']
633,मस्जिद बाबर द्वारा सन् १५१० में निर्मित की गई थी।,1,"[{'object': {'upos': 'NOUN', 'text': 'मस्जिद', 'id': 1, 'deprel': 'obj', 'head': 8}, 'subject': {'upos': 'PROPN', 'text': 'बाबर', 'id': 2, 'deprel': 'nsubj:pass', 'head': 8}, 'verb': {'upos': 'VERB', 'text': 'की', 'id': 8, 'deprel': 'root', 'head': 0}}]",['OSV']
643,अंतरिक्ष यान ने शनि के छल्लों का अध्ययन किया और टाइटन का तापमान मापा।,1,"[{'subject': {'upos': 'NOUN', 'text': 'यान', 'id': 2, 'deprel': 'nsubj', 'head': 9}, 'object': {'upos': 'NOUN', 'text': 'तापमान', 'id': 13, 'deprel': 'obj', 'head': 14}, 'verb': {'upos': 'VERB', 'text': 'मापा।', 'id': 14, 'deprel': 'conj', 'head': 9}}]",['SOV']
649,सरुहाशी कटसुको एक जापानी भूरसायनविद थीं। उन्होंने कार्बन डाईऑक्साइड (CO2) स्तरों के सबसे पहले के कुछ माप किए तथा बाद में सागरीय जल एवं वातावरण में रेडियोएक्टिव नाभिकीय राख के प्रमाण दर्शाए।,1,"[{'subject': {'upos': 'PRON', 'text': 'उन्होंने', 'id': 1, 'deprel': 'nsubj', 'head': 14}, 'object': {'upos': 'NOUN', 'text': 'प्रमाण', 'id': 27, 'deprel': 'obj', 'head': 28}, 'verb': {'upos': 'VERB', 'text': 'दर्शाए', 'id': 28, 'deprel': 'conj', 'head': 14}}]",['SOV']
657,पुर्तगाल ने बंदरगाहों के किनारे किलों का निर्माण करके पूर्व-सम्मान प्राप्त किया।,1,"[{'subject': {'upos': 'PROPN', 'text': 'पुर्तगाल', 'id': 1, 'deprel': 'nsubj', 'head': 12}, 'object': {'upos': 'NOUN', 'text': 'पूर्व-सम्मान', 'id': 10, 'deprel': 'obj', 'head': 12}, 'verb': {'upos': 'VERB', 'text': 'किया', 'id': 12, 'deprel': 'root', 'head': 0}}]",['SOV']
660,कैगल ने १९८५ में वाशिंगटन विश्वविद्यालय से मेडिसिन की डिग्री प्राप्त की।,1,"[{'subject': {'upos': 'PROPN', 'text': 'कैगल', 'id': 1, 'deprel': 'nsubj', 'head': 12}, 'object': {'upos': 'NOUN', 'text': 'डिग्री', 'id': 10, 'deprel': 'obj', 'head': 12}, 'verb': {'upos': 'VERB', 'text': 'की', 'id': 12, 'deprel': 'root', 'head': 0}}]",['SOV']
663,टेड स्टीवंस ने पॉलिन से सार्वजनिक रूप से उनके वित्त के बारे में सवाल किया।,1,"[{'subject': {'upos': 'PROPN', 'text': 'स्टीवंस', 'id': 2, 'deprel': 'nsubj', 'head': 15}, 'object': {'upos': 'PROPN', 'text': 'पॉलिन', 'id': 4, 'deprel': 'obj', 'head': 15}, 'verb': {'upos': 'VERB', 'text': 'किया', 'id': 15, 'deprel': 'root', 'head': 0}}]",['SOV']
686,जिम क्लार्क ने चुनाव हारा था।,1,"[{'subject': {'upos': 'PROPN', 'text': 'क्लार्क', 'id': 2, 'deprel': 'nsubj', 'head': 5}, 'object': {'upos': 'NOUN', 'text': 'चुनाव', 'id': 4, 'deprel': 'obj', 'head': 5}, 'verb': {'upos': 'VERB', 'text': 'हारा', 'id': 5, 'deprel': 'root', 'head': 0}}]",['SOV']
692,"भारतीयों को गरीबी, भ्रष्टाचार, कुपोषण, अपर्याप्त सार्वजनिक स्वास्थ्य-सेवा और आतंकवाद की चुनौतियां सामना करना पड़ता है।",1,"[{'subject': {'upos': 'NOUN', 'text': 'भारतीयों', 'id': 1, 'deprel': 'nsubj', 'head': 17}, 'object': {'upos': 'NOUN', 'text': 'चुनौतियां', 'id': 15, 'deprel': 'obj', 'head': 17}, 'verb': {'upos': 'VERB', 'text': 'करना', 'id': 17, 'deprel': 'root', 'head': 0}}]",['SOV']
698,रोजर फ़ेडरर को रफ़ाएल नदाल ने हराया था।,1,"[{'object': {'upos': 'PROPN', 'text': 'फ़ेडरर', 'id': 2, 'deprel': 'obj', 'head': 7}, 'subject': {'upos': 'PROPN', 'text': 'नदाल', 'id': 5, 'deprel': 'nsubj', 'head': 7}, 'verb': {'upos': 'VERB', 'text': 'हराया', 'id': 7, 'deprel': 'root', 'head': 0}}]",['OSV']
702,लिंकिन पार्क ने वर्ष 2000 में हायब्रिड थिअरी एल्बम जारी किया।,1,"[{'subject': {'upos': 'PROPN', 'text': 'पार्क', 'id': 2, 'deprel': 'nsubj', 'head': 11}, 'object': {'upos': 'PROPN', 'text': 'एल्बम', 'id': 9, 'deprel': 'obj', 'head': 11}, 'verb': {'upos': 'VERB', 'text': 'किया', 'id': 11, 'deprel': 'root', 'head': 0}}]",['SOV']
704,"लिंकिन पार्क ने मिटिओरा एल्बम की सफलता के बाद अपना दूसरा एल्बम जारी किया, जिसका नाम 25 मार्च 2003 को प्रवर्तित हुआ। इसके अलावा, बैंड ने मीटियोरा विश्व यात्रा शीर्षक के साथ दुनिया की सैर शुरू की, जिसमें समर्थन देने वाले बैंड में शामिल थे हूबस्टांक, पी.ओ.डी.",1,"[{'subject': {'upos': 'NOUN', 'text': 'बैंड', 'id': 4, 'deprel': 'nsubj', 'head': 16}, 'object': {'upos': 'NOUN', 'text': 'सैर', 'id': 14, 'deprel': 'obj', 'head': 16}, 'verb': {'upos': 'VERB', 'text': 'की', 'id': 16, 'deprel': 'root', 'head': 0}}]",['SOV']
705,लिंकिन पार्क ने सर्वश्रेष्ठ रैप/संग सहयोग के लिए ग्रैमी पुरस्कार जीता था।,1,"[{'subject': {'upos': 'PROPN', 'text': 'पार्क', 'id': 2, 'deprel': 'nsubj', 'head': 11}, 'object': {'upos': 'PROPN', 'text': 'पुरस्कार', 'id': 10, 'deprel': 'obj', 'head': 11}, 'verb': {'upos': 'VERB', 'text': 'जीता', 'id': 11, 'deprel': 'root', 'head': 0}}]",['SOV']
706,"बैंड ने अगस्त, 2006 में 30-50 गाने रिकॉर्ड किए थे।",1,"[{'subject': {'upos': 'NOUN', 'text': 'बैंड', 'id': 1, 'deprel': 'nsubj', 'head': 10}, 'object': {'upos': 'NOUN', 'text': 'गाने', 'id': 8, 'deprel': 'obj', 'head': 10}, 'verb': {'upos': 'VERB', 'text': 'किए', 'id': 10, 'deprel': 'root', 'head': 0}}]",['SOV']
720,पूजा ने राज को टीना के नाम से लिखा क्योंकि टीना अन्य चीजों में अत्यधिक व्यस्त थी और राज के लिए अपना वादा पूरा करने में असमर्थ थी।,1,"[{'subject': {'upos': 'PROPN', 'text': 'पूजा', 'id': 1, 'deprel': 'nsubj', 'head': 9}, 'object': {'upos': 'PROPN', 'text': 'राज', 'id': 3, 'deprel': 'obj', 'head': 9}, 'verb': {'upos': 'VERB', 'text': 'लिखा', 'id': 9, 'deprel': 'root', 'head': 0}}]",['SOV']
723,पूजा राज से शादी नहीं करने का फैसला करती है क्योंकि वह टीना के दिल को तोड़ना नहीं चाहती।,1,"[{'subject': {'upos': 'PRON', 'text': 'वह', 'id': 12, 'deprel': 'nsubj', 'head': 19}, 'object': {'upos': 'VERB', 'text': 'तोड़ना', 'id': 17, 'deprel': 'obj', 'head': 19}, 'verb': {'upos': 'VERB', 'text': 'चाहती', 'id': 19, 'deprel': 'advcl', 'head': 9}}]",['SOV']
732,वेसली गिब्सन उद्वेग-रोधी दवा लेता था।,1,"[{'subject': {'upos': 'PROPN', 'text': 'गिब्सन', 'id': 2, 'deprel': 'nsubj', 'head': 5}, 'object': {'upos': 'NOUN', 'text': 'दवा', 'id': 4, 'deprel': 'obj', 'head': 5}, 'verb': {'upos': 'VERB', 'text': 'लेता', 'id': 5, 'deprel': 'root', 'head': 0}}]",['SOV']
733,मिलर ने कहा कि फिल्म के लिए पूर्व कल्पित फुटेज को देखने के बाद फिल्म के रूपांतरण के उनके उम्मीदों को जागृत कर दिया है।,1,"[{'subject': {'upos': 'PROPN', 'text': 'मिलर', 'id': 1, 'deprel': 'nsubj', 'head': 3}, 'verb': {'upos': 'VERB', 'text': 'कहा', 'id': 3, 'deprel': 'root', 'head': 0}, 'object': {'upos': 'VERB', 'text': 'कर', 'id': 23, 'deprel': 'obj', 'head': 3}}]",['SVO']
747,19वीं सदी में रानी के मकान (पूर्व में बकिंघम हाउस के नाम से प्रसिद्ध) के विस्तार का डिजाइन जॉन नैश और एडवर्ड ब्लोर द्वारा तैयार किया गया था।,1,"[{'object': {'upos': 'NOUN', 'text': 'डिजाइन', 'id': 20, 'deprel': 'obj', 'head': 28}, 'subject': {'upos': 'PROPN', 'text': 'नैश', 'id': 22, 'deprel': 'nsubj:pass', 'head': 28}, 'verb': {'upos': 'VERB', 'text': 'किया', 'id': 28, 'deprel': 'root', 'head': 0}}]",['OSV']
754,महारानी के राजगद्दी कक्ष में शूरवीरों ने अपना खिताब प्राप्त किया था।,1,"[{'subject': {'upos': 'NOUN', 'text': 'शूरवीरों', 'id': 6, 'deprel': 'nsubj', 'head': 11}, 'object': {'upos': 'NOUN', 'text': 'खिताब', 'id': 9, 'deprel': 'obj', 'head': 11}, 'verb': {'upos': 'VERB', 'text': 'किया', 'id': 11, 'deprel': 'root', 'head': 0}}]",['SOV']
756,"मखमल के मंडप पर खडी होती हैं, जिसे शामियाना या बाल्डाचिन कहते हैं।",1,"[{'object': {'upos': 'PRON', 'text': 'जिसे', 'id': 9, 'deprel': 'obj', 'head': 13}, 'subject': {'upos': 'PROPN', 'text': 'शामियाना', 'id': 10, 'deprel': 'nsubj', 'head': 13}, 'verb': {'upos': 'VERB', 'text': 'कहते', 'id': 13, 'deprel': 'acl:relcl', 'head': 3}}]",['OSV']
759,"लाओस की राजधानी वियेंटाइन में सबसे बड़े और सबसे औपचारिक स्वागत का कारण बकिंघम पलिलेस में आयोजित होने वाला स्वागत समारोह है, जब महारानी लंदन में रहनेवाले विदेशी राजनैतिक समूह के सदस्यों से मिलती है।",1,"[{'subject': {'upos': 'NOUN', 'text': 'महारानी', 'id': 25, 'deprel': 'nsubj', 'head': 35}, 'object': {'upos': 'NOUN', 'text': 'सदस्यों', 'id': 33, 'deprel': 'obj', 'head': 35}, 'verb': {'upos': 'VERB', 'text': 'मिलती', 'id': 35, 'deprel': 'acl:relcl', 'head': 21}}]",['SOV']
769,बेन एफ्लेक ने कार्यकारी निर्माता के रूप में कार्य किया।,1,"[{'subject': {'upos': 'PROPN', 'text': 'एफ्लेक', 'id': 2, 'deprel': 'nsubj', 'head': 10}, 'object': {'upos': 'NOUN', 'text': 'कार्य', 'id': 9, 'deprel': 'obj', 'head': 10}, 'verb': {'upos': 'VERB', 'text': 'किया', 'id': 10, 'deprel': 'root', 'head': 0}}]",['SOV']
770,1773 में भ्रष्टाचार के परिणामस्वरूप भारत का आंशिक नियंत्रण ब्रिटिश सरकार ने ग्रहण किया था।,1,"[{'object': {'upos': 'NOUN', 'text': 'नियंत्रण', 'id': 9, 'deprel': 'obj', 'head': 14}, 'subject': {'upos': 'PROPN', 'text': 'सरकार', 'id': 11, 'deprel': 'nsubj', 'head': 14}, 'verb': {'upos': 'VERB', 'text': 'किया', 'id': 14, 'deprel': 'root', 'head': 0}}]",['OSV']
774,"रेगुलेटिंग एक्ट १७७३ अधिनियम ने ईस्ट इंडिया कम्पनी के निदेशकों को चुनावों द्वारा, चार सलाहकार नियुक्त कराये।",1,"[{'subject': {'upos': 'PROPN', 'text': 'अधिनियम', 'id': 4, 'deprel': 'nsubj', 'head': 18}, 'object': {'upos': 'NOUN', 'text': 'निदेशकों', 'id': 10, 'deprel': 'obj', 'head': 18}, 'verb': {'upos': 'VERB', 'text': 'कराये', 'id': 18, 'deprel': 'root', 'head': 0}}]",['SOV']
785,घड़ी और डायल औगुस्तुस पुगिन द्वारा डिज़ाइन किये गए थे।,1,"[{'object': {'upos': 'NOUN', 'text': 'घड़ी', 'id': 1, 'deprel': 'obj', 'head': 8}, 'subject': {'upos': 'PROPN', 'text': 'पुगिन', 'id': 5, 'deprel': 'nsubj:pass', 'head': 8}, 'verb': {'upos': 'VERB', 'text': 'किये', 'id': 8, 'deprel': 'root', 'head': 0}}]",['OSV']
787,"पेंडुलम के शीर्ष पर पुराने सिक्कों का ढेर है ताकि घड़ी के समय को समायोजित करने के लिए है। सिक्का जोड़ने से पेंडुलम के केंद्र आधिक्य की स्थिति थोड़ी सी ऊपर उठ जाती है, जिसके कारण छड़ी के पेंडुलम की लंबाई कम हो जाती है और इसलिए यह उस दर को बढ़ा देता है जिस दर पर पेंडुलम हिलता है।",1,"[{'subject': {'upos': 'PRON', 'text': 'यह', 'id': 30, 'deprel': 'nsubj', 'head': 34}, 'object': {'upos': 'NOUN', 'text': 'दर', 'id': 32, 'deprel': 'obj', 'head': 34}, 'verb': {'upos': 'VERB', 'text': 'बढ़ा', 'id': 34, 'deprel': 'conj', 'head': 25}}]",['SOV']
788,घड़ी को रखरखाव के दौरान इलेक्ट्रिक मोटर द्वारा संचालित किया गया था।,1,"[{'object': {'upos': 'NOUN', 'text': 'घड़ी', 'id': 1, 'deprel': 'obj', 'head': 10}, 'subject': {'upos': 'NOUN', 'text': 'मोटर', 'id': 7, 'deprel': 'nsubj:pass', 'head': 10}, 'verb': {'upos': 'VERB', 'text': 'किया', 'id': 10, 'deprel': 'root', 'head': 0}}]",['OSV']
800,"नमीबियन अपने स्कूलों में हीरीरो भाषा सीखते हैं, जिसमें मातृ भाषा और दूसरी भाषा दोनों रूपों में पढ़ाई जाती है।",1,"[{'subject': {'upos': 'PROPN', 'text': 'नमीबियन', 'id': 1, 'deprel': 'nsubj', 'head': 7}, 'object': {'upos': 'NOUN', 'text': 'भाषा', 'id': 6, 'deprel': 'obj', 'head': 7}, 'verb': {'upos': 'VERB', 'text': 'सीखते', 'id': 7, 'deprel': 'root', 'head': 0}}]",['SOV']
803,1980 का वर्ष था जब इटली ने ओलंपिक स्वर्ण नहीं जीता था।,1,"[{'subject': {'upos': 'PROPN', 'text': 'इटली', 'id': 6, 'deprel': 'nsubj', 'head': 11}, 'object': {'upos': 'NOUN', 'text': 'स्वर्ण', 'id': 9, 'deprel': 'obj', 'head': 11}, 'verb': {'upos': 'VERB', 'text': 'जीता', 'id': 11, 'deprel': 'acl:relcl', 'head': 3}}]",['SOV']
810,बायरामोव के शुरुआती परिदृश्य काम के लिए आलोचकों ने उच्च प्रशंसा अर्जित की थी।,1,"[{'subject': {'upos': 'NOUN', 'text': 'आलोचकों', 'id': 8, 'deprel': 'nsubj', 'head': 13}, 'object': {'upos': 'NOUN', 'text': 'प्रशंसा', 'id': 11, 'deprel': 'obj', 'head': 13}, 'verb': {'upos': 'VERB', 'text': 'की', 'id': 13, 'deprel': 'root', 'head': 0}}]",['SOV']
822,बुकानन ने नवनिर्मित प्रयोग का अभ्यास करना शुरू कर दिया था।,1,"[{'subject': {'upos': 'PROPN', 'text': 'बुकानन', 'id': 1, 'deprel': 'nsubj', 'head': 9}, 'object': {'upos': 'VERB', 'text': 'करना', 'id': 7, 'deprel': 'obj', 'head': 9}, 'verb': {'upos': 'VERB', 'text': 'कर', 'id': 9, 'deprel': 'root', 'head': 0}}]",['SOV']
825,"राज के दोस्त रोहित को ""जादू"" का नाम देते हैं।",1,"[{'subject': {'upos': 'NOUN', 'text': 'दोस्त', 'id': 3, 'deprel': 'nsubj', 'head': 11}, 'object': {'upos': 'NOUN', 'text': 'नाम', 'id': 10, 'deprel': 'obj', 'head': 11}, 'verb': {'upos': 'VERB', 'text': 'देते', 'id': 11, 'deprel': 'root', 'head': 0}}]",['SOV']
834,कॉर्निएन्को ने १९८६ से १९९१ के बीच बैकोनूर लॉन्च सुविधा में एक प्रक्षेपण उपकरण विशेषज्ञ के रूप में काम किया था।,1,"[{'subject': {'upos': 'PROPN', 'text': 'कॉर्निएन्को', 'id': 1, 'deprel': 'nsubj', 'head': 20}, 'object': {'upos': 'NOUN', 'text': 'काम', 'id': 19, 'deprel': 'obj', 'head': 20}, 'verb': {'upos': 'VERB', 'text': 'किया', 'id': 20, 'deprel': 'root', 'head': 0}}]",['SOV']
835,"कोरिएंडो ने १९९१ के शुरूआती १९९१ के बीच व्यावसायिक कंपनियों के लिए काम किया, फिर ओ.ओ.ओ ट्रांसवोस्तोक तकनीकी और उत्पादन विभाग के निदेशक थे (१९९१ से दिसंबर १९९२ तक), फिर एलएलसी ईएसटीई जनरल डायरेक्टर थे (जनवरी १९९३ से अप्रैल १९९५ तक), और फिर एनर्जी रॉकेट / स्पेस कॉरपोरेशन (आरएससी) में इंजीनियर के रूप में काम किया (अक्टूबर १९९५ से)।",1,"[{'subject': {'upos': 'PROPN', 'text': 'कोरिएंडो', 'id': 1, 'deprel': 'nsubj', 'head': 14}, 'object': {'upos': 'NOUN', 'text': 'काम', 'id': 13, 'deprel': 'obj', 'head': 14}, 'verb': {'upos': 'VERB', 'text': 'किया', 'id': 14, 'deprel': 'root', 'head': 0}}]",['SOV']
836,कोर्निएन्को ने एनर्जी रॉकेट / स्पेस कॉरपोरेशन (आरएससी) में काम करना शुरू कर दिया अक्टूबर १९९५ में।,1,"[{'subject': {'upos': 'PROPN', 'text': 'कोर्निएन्को', 'id': 1, 'deprel': 'nsubj', 'head': 15}, 'object': {'upos': 'VERB', 'text': 'करना', 'id': 13, 'deprel': 'obj', 'head': 15}, 'verb': {'upos': 'VERB', 'text': 'कर', 'id': 15, 'deprel': 'root', 'head': 0}}]",['SOV']
844,एलेना ने क्लेरिनेट बजाना 9 साल की उम्र में सीखा था।,1,"[{'subject': {'upos': 'PROPN', 'text': 'एलेना', 'id': 1, 'deprel': 'nsubj', 'head': 10}, 'object': {'upos': 'VERB', 'text': 'बजाना', 'id': 4, 'deprel': 'obj', 'head': 10}, 'verb': {'upos': 'VERB', 'text': 'सीखा', 'id': 10, 'deprel': 'root', 'head': 0}}]",['SOV']
856,"पसीने वाली बीमारी प्लेग से अलग थी। प्लेग का नाम मारक बुखार या अन्य महामारी के रूप में जाना जाता था, जबकि पसीने वाली बीमारी का नाम केवल विशिष्ट लक्षणों के कारण नहीं मिला, बल्कि इसका अत्यधिक तेज़ी से फैलना और घातक होना भी एक कारण है।",1,"[{'subject': {'upos': 'VERB', 'text': 'फैलना', 'id': 35, 'deprel': 'nsubj', 'head': 42}, 'object': {'upos': 'NOUN', 'text': 'कारण', 'id': 41, 'deprel': 'obj', 'head': 42}, 'verb': {'upos': 'VERB', 'text': 'है', 'id': 42, 'deprel': 'advcl', 'head': 28}}]",['SOV']
859,1935 में फॉलस्टिच ने सहायक स्नातक के रूप में प्रशिक्षण देना शुरू किया था।,1,"[{'subject': {'upos': 'PROPN', 'text': 'फॉलस्टिच', 'id': 3, 'deprel': 'nsubj', 'head': 13}, 'object': {'upos': 'VERB', 'text': 'देना', 'id': 11, 'deprel': 'obj', 'head': 13}, 'verb': {'upos': 'VERB', 'text': 'किया', 'id': 13, 'deprel': 'root', 'head': 0}}]",['SOV']
863,मार्गा फॉलस्टिच ने माइक्रोस्कोप और दूरबीन के लिए लेंस पर विशेष ध्यान देने के साथ नए ऑप्टिकल चश्मे के अनुसंधान और विकास पर काम करना जारी रखा।,1,"[{'subject': {'upos': 'PROPN', 'text': 'फॉलस्टिच', 'id': 2, 'deprel': 'nsubj', 'head': 27}, 'object': {'upos': 'VERB', 'text': 'करना', 'id': 25, 'deprel': 'obj', 'head': 27}, 'verb': {'upos': 'VERB', 'text': 'रखा', 'id': 27, 'deprel': 'root', 'head': 0}}]",['SOV']
864,मार्गा फॉलस्टिच ने 44 साल की उम्र में सेवानिवृत्त होने के बाद दूरदराज के देशों की यात्रा की और ग्लास सम्मेलनों में व्याख्यान और प्रस्तुतियां देती रहीं।,1,"[{'subject': {'upos': 'PROPN', 'text': 'फॉलस्टिच', 'id': 2, 'deprel': 'nsubj', 'head': 18}, 'object': {'upos': 'NOUN', 'text': 'व्याख्यान', 'id': 23, 'deprel': 'obj', 'head': 26}, 'verb': {'upos': 'VERB', 'text': 'देती', 'id': 26, 'deprel': 'conj', 'head': 18}}]",['SOV']
867,टेलीविज़न ने प्रीमियर लीग के इतिहास में एक प्रमुख भूमिका निभाई है।,1,"[{'subject': {'upos': 'NOUN', 'text': 'टेलीविज़न', 'id': 1, 'deprel': 'nsubj', 'head': 11}, 'object': {'upos': 'NOUN', 'text': 'भूमिका', 'id': 10, 'deprel': 'obj', 'head': 11}, 'verb': {'upos': 'VERB', 'text': 'निभाई', 'id': 11, 'deprel': 'root', 'head': 0}}]",['SOV']
869,गाम्बिया में बहुत से मूल समूह रहते हैं और उनके बीच आपसी मतभेद बहुत कम हैं और प्रत्येक समूह अपनी भाषा और परम्पराओं को सहेजे हुए है।,1,"[{'subject': {'upos': 'NOUN', 'text': 'समूह', 'id': 19, 'deprel': 'nsubj', 'head': 25}, 'object': {'upos': 'NOUN', 'text': 'भाषा', 'id': 21, 'deprel': 'obj', 'head': 25}, 'verb': {'upos': 'VERB', 'text': 'सहेजे', 'id': 25, 'deprel': 'conj', 'head': 15}}]",['SOV']
877,लॉर्ड्स चैंबर ने लॉर्ड्स के लिए एक बैठक कक्ष और संदेश केंद्र के रूप में कार्य किया।,1,"[{'subject': {'upos': 'NOUN', 'text': 'चैंबर', 'id': 2, 'deprel': 'nsubj', 'head': 17}, 'object': {'upos': 'NOUN', 'text': 'कार्य', 'id': 16, 'deprel': 'obj', 'head': 17}, 'verb': {'upos': 'VERB', 'text': 'किया', 'id': 17, 'deprel': 'root', 'head': 0}}]",['SOV']
893,"यह सवाल के लिए उपलब्ध जानकारी में कोई प्रासंगिक पाठ नहीं है, इसलिए मैंने निम्नलिखित उत्तर तैयार किया है: मेरे पास आपके प्रश्न का उत्तर नहीं है।",1,"[{'subject': {'upos': 'PRON', 'text': 'मैंने', 'id': 15, 'deprel': 'nsubj', 'head': 19}, 'object': {'upos': 'NOUN', 'text': 'उत्तर', 'id': 17, 'deprel': 'obj', 'head': 19}, 'verb': {'upos': 'VERB', 'text': 'किया', 'id': 19, 'deprel': 'root', 'head': 0}}]",['SOV']
904,"पोलैंड में 23 पोलिश राष्ट्रीय उद्यान और 120 से अधिक क्षेत्र लैंडस्केप पार्क के रूप में नामित हैं, जो पार्क पोलैंड को सुरक्षित करते हैं।",1,"[{'subject': {'upos': 'PRON', 'text': 'जो', 'id': 20, 'deprel': 'nsubj', 'head': 25}, 'object': {'upos': 'PROPN', 'text': 'पोलैंड', 'id': 22, 'deprel': 'obj', 'head': 25}, 'verb': {'upos': 'VERB', 'text': 'करते', 'id': 25, 'deprel': 'acl:relcl', 'head': 13}}]",['SOV']
905,वाइकिंग लोग अपने मशहूर लांगशिपों में विस्तुला और ओडेर तक का सफर तय करते थे।,1,"[{'subject': {'upos': 'NOUN', 'text': 'लोग', 'id': 2, 'deprel': 'nsubj', 'head': 14}, 'object': {'upos': 'NOUN', 'text': 'सफर', 'id': 12, 'deprel': 'obj', 'head': 14}, 'verb': {'upos': 'VERB', 'text': 'करते', 'id': 14, 'deprel': 'root', 'head': 0}}]",['SOV']
906,आत्म-चित्रांकन का मतलब है जब कलाकार खुद अपना चित्र बनाता है।,1,"[{'subject': {'upos': 'NOUN', 'text': 'कलाकार', 'id': 6, 'deprel': 'nsubj', 'head': 10}, 'object': {'upos': 'NOUN', 'text': 'चित्र', 'id': 9, 'deprel': 'obj', 'head': 10}, 'verb': {'upos': 'VERB', 'text': 'बनाता', 'id': 10, 'deprel': 'acl:relcl', 'head': 3}}]",['SOV']
909,फिल्म में मुख्य भूमिका किसने निभाई?,1,"[{'object': {'upos': 'NOUN', 'text': 'भूमिका', 'id': 4, 'deprel': 'obj', 'head': 6}, 'subject': {'upos': 'PRON', 'text': 'किसने', 'id': 5, 'deprel': 'nsubj', 'head': 6}, 'verb': {'upos': 'VERB', 'text': 'निभाई', 'id': 6, 'deprel': 'root', 'head': 0}}]",['OSV']
913,मॉरिसन ने अपनी पहली कविता लॉस एंजिल्स में मार्च 1969 में एक पेशेवर साउंड स्टूडियो में रिकॉर्ड करवाई थी।,1,"[{'subject': {'upos': 'PROPN', 'text': 'मॉरिसन', 'id': 1, 'deprel': 'nsubj', 'head': 18}, 'object': {'upos': 'NOUN', 'text': 'कविता', 'id': 5, 'deprel': 'obj', 'head': 18}, 'verb': {'upos': 'VERB', 'text': 'करवाई', 'id': 18, 'deprel': 'root', 'head': 0}}]",['SOV']
914,एंडी ने जेरी हॉपकिंस से मॉरिसन के माता-पिता की दी जाने वाली सजा के बारे में बात की थी।,1,"[{'subject': {'upos': 'PROPN', 'text': 'एंडी', 'id': 1, 'deprel': 'nsubj', 'head': 18}, 'object': {'upos': 'PROPN', 'text': 'हॉपकिंस', 'id': 4, 'deprel': 'obj', 'head': 18}, 'verb': {'upos': 'VERB', 'text': 'की', 'id': 18, 'deprel': 'root', 'head': 0}}]",['SOV']
915,"मॉरिसन की सोच को फ्रेडरिक नीत्शे, विलियम ब्लेक, चार्ल्स बौडेलेर, आर्थर रिमबॉड, जैक केरौअक और फ्रेंच लुई-फर्डिनेंड सेलिन ने प्रभावित किया.",1,"[{'object': {'upos': 'NOUN', 'text': 'सोच', 'id': 3, 'deprel': 'obj', 'head': 25}, 'subject': {'upos': 'PROPN', 'text': 'नीत्शे', 'id': 6, 'deprel': 'nsubj', 'head': 25}, 'verb': {'upos': 'VERB', 'text': 'किया', 'id': 25, 'deprel': 'root', 'head': 0}}]",['OSV']
918,अधिकारी के चरित्र के बारे में उसे आखिर कि पता चलता है कि वह एक गुंडा है।,1,"[{'subject': {'upos': 'PRON', 'text': 'उसे', 'id': 7, 'deprel': 'nsubj', 'head': 11}, 'verb': {'upos': 'VERB', 'text': 'चलता', 'id': 11, 'deprel': 'root', 'head': 0}, 'object': {'upos': 'NOUN', 'text': 'गुंडा', 'id': 16, 'deprel': 'obj', 'head': 11}}]",['SVO']
947,निरर्थ ने मछुआरों से उपहार प्राप्त किया था।,1,"[{'subject': {'upos': 'PROPN', 'text': 'निरर्थ', 'id': 1, 'deprel': 'nsubj', 'head': 7}, 'object': {'upos': 'NOUN', 'text': 'उपहार', 'id': 5, 'deprel': 'obj', 'head': 7}, 'verb': {'upos': 'VERB', 'text': 'किया', 'id': 7, 'deprel': 'root', 'head': 0}}]",['SOV']
948,डिस्कवरी चैनल ने टेलिविजन सिरीज ऐनिमल फेस-ऑफ प्रसारित किया था।,1,"[{'subject': {'upos': 'NOUN', 'text': 'चैनल', 'id': 2, 'deprel': 'nsubj', 'head': 9}, 'object': {'upos': 'NOUN', 'text': 'सिरीज', 'id': 5, 'deprel': 'obj', 'head': 9}, 'verb': {'upos': 'VERB', 'text': 'किया', 'id': 9, 'deprel': 'root', 'head': 0}}]",['SOV']
960,एलिज़ाबेथ द्वितीय ने द्वितीय विश्व युद्ध के दौरान जनसेवाओं में हिस्सा लेना शुरु किया और सहायक प्रादेशिक सेवा में हिस्सा लिया।,1,"[{'subject': {'upos': 'PROPN', 'text': 'द्वितीय', 'id': 2, 'deprel': 'nsubj', 'head': 14}, 'object': {'upos': 'VERB', 'text': 'लेना', 'id': 12, 'deprel': 'obj', 'head': 14}, 'verb': {'upos': 'VERB', 'text': 'किया', 'id': 14, 'deprel': 'root', 'head': 0}}]",['SOV']
963,एडवर्ड ८ ने वैलिस सिम्पसन से शादी की थी।,1,"[{'subject': {'upos': 'PROPN', 'text': '८', 'id': 2, 'deprel': 'nsubj', 'head': 8}, 'object': {'upos': 'PROPN', 'text': 'सिम्पसन', 'id': 5, 'deprel': 'obj', 'head': 8}, 'verb': {'upos': 'VERB', 'text': 'की', 'id': 8, 'deprel': 'root', 'head': 0}}]",['SOV']
987,"मस्तिष्क ज्वर आम तौर पर सूक्ष्मजीवों द्वारा होने वाला एक संक्रमण है। इसके कई कारण हैं, जिनमें से सबसे आम कारण वायरस, बैक्टीरिया, फंगी और प्रोटोज़ोआ हैं। असेप्टिक मेनिन्जाइटिस उन मामलों को बताता है जिनमें कोई बैक्टीरिया जनित संक्रमण प्रदर्शित नहीं होते हैं, लेकिन यह ऐसे बैक्टीरिया जनित संक्रमणों के कारण भी हो सकता है जिनका पहले आंशिक उपचार हो चुका हो।",1,"[{'subject': {'upos': 'PROPN', 'text': 'मेनिन्जाइटिस', 'id': 2, 'deprel': 'nsubj', 'head': 6}, 'object': {'upos': 'NOUN', 'text': 'मामलों', 'id': 4, 'deprel': 'obj', 'head': 6}, 'verb': {'upos': 'VERB', 'text': 'बताता', 'id': 6, 'deprel': 'root', 'head': 0}}]",['SOV']
988,"हाँ, प्रतिरक्षा शक्ति के नुकसान से संबंधित है। फफूंद जनित मस्तिष्क ज्वर के लिए बहुत सारे जोखिम कारक हैं जिनमें इम्युनोसप्रेसेन्ट (जैसे अंग प्रत्यारोपण के बाद) का उपयोग, HIV/AIDS और उम्र बढ़ने के साथ प्रतिरक्षा की हानि शामिल है।",1,"[{'subject': {'upos': 'NOUN', 'text': 'हानि', 'id': 32, 'deprel': 'nsubj', 'head': 34}, 'object': {'upos': 'ADJ', 'text': 'शामिल', 'id': 33, 'deprel': 'obj', 'head': 34}, 'verb': {'upos': 'VERB', 'text': 'है', 'id': 34, 'deprel': 'acl:relcl', 'head': 10}}]",['SOV']
990,"मस्तिष्क ज्वर (मेनिंजाइटिस) गैर-संक्रामक कारकों के परिणामस्वरूप भी हो सकता है, जैसे कि मस्तिष्क आवरण में कैंसर, कुछ दवाएं, सरकॉएडोसिस, सिस्टोमिक लंप्स एराइथेमेटोसस, वैस्क्युलाइटिस, इपिडरमॉएड सिस्ट, डरमॉएड सिस्ट, सबअर्कनॉएड क्षेत्र में उत्तेजक पदार्थ जाने से मस्तिष्क ज्वर पैदा कर सकता है। इसके अलावा मोलारेट्स मेनिन्जाइटिस एक ऐसा सिन्ड्रोम है जो एसेप्टिक मस्तिष्क ज्वर के बार-बार होने वाला एपीसोड है, जिसका कारण हरपीस सिम्पलेक्स वायरस टाइप 2 है। कभी कभार, माइग्रेन मस्तिष्क ज्वर पैदा कर सकता है, लेकिन यह निदान आमतौर पर तब किया जाता है जब अन्य कारक समाप्त हो जाते हैं।",1,"[{'subject': {'upos': 'PROPN', 'text': 'माइग्रेन', 'id': 4, 'deprel': 'nsubj', 'head': 8}, 'object': {'upos': 'NOUN', 'text': 'ज्वर', 'id': 6, 'deprel': 'obj', 'head': 8}, 'verb': {'upos': 'VERB', 'text': 'कर', 'id': 8, 'deprel': 'root', 'head': 0}}]",['SOV']
991,"ड्यूरा मेटर है, जो सबसे बाहरी झिल्ली है जो अर्कनॉएड झिल्ली और खोपड़ी दोनो से जुड़ी होती है।",1,"[{'subject': {'upos': 'PRON', 'text': 'जो', 'id': 10, 'deprel': 'nsubj', 'head': 17}, 'object': {'upos': 'NOUN', 'text': 'झिल्ली', 'id': 12, 'deprel': 'obj', 'head': 17}, 'verb': {'upos': 'VERB', 'text': 'जुड़ी', 'id': 17, 'deprel': 'acl:relcl', 'head': 8}}]",['SOV']
998,राहुला के पास कोई नौकरी नहीं थी। वह संत का जीवन अपना लिया था और अपने पिता गौतम बुद्ध के संन्यासी हो जाने के बाद अपने बेटे का पालन पोषण करते हुए एक संत का जीवन अपना लिया।,1,"[{'subject': {'upos': 'PRON', 'text': 'वह', 'id': 1, 'deprel': 'nsubj', 'head': 6}, 'object': {'upos': 'NOUN', 'text': 'जीवन', 'id': 29, 'deprel': 'obj', 'head': 30}, 'verb': {'upos': 'VERB', 'text': 'अपना', 'id': 30, 'deprel': 'conj', 'head': 6}}]",['SOV']
999,"बोइंग 737 एवं एयरबस ए 310, ए 320 एवं कम दूरी वाले ए.टी.ऱ.एयरक्राफ्ट ने सोवियत विमान का स्थान लिया।",1,"[{'subject': {'upos': 'PROPN', 'text': '737', 'id': 2, 'deprel': 'nsubj', 'head': 21}, 'object': {'upos': 'NOUN', 'text': 'स्थान', 'id': 20, 'deprel': 'obj', 'head': 21}, 'verb': {'upos': 'VERB', 'text': 'लिया', 'id': 21, 'deprel': 'root', 'head': 0}}]",['SOV']
1000,मई 1995 में एयरलाइन ने अपना वर्तमान नाम अपनाया।,1,"[{'subject': {'upos': 'NOUN', 'text': 'एयरलाइन', 'id': 4, 'deprel': 'nsubj', 'head': 9}, 'object': {'upos': 'NOUN', 'text': 'नाम', 'id': 8, 'deprel': 'obj', 'head': 9}, 'verb': {'upos': 'VERB', 'text': 'अपनाया', 'id': 9, 'deprel': 'root', 'head': 0}}]",['SOV']
1010,"पुरुषों ने उच्चतर औसत आय अर्जित की है, जिसकी औसत आय $29,748 है, जबकि महिलाओं की औसत आय $25,734 है।",1,"[{'subject': {'upos': 'NOUN', 'text': 'पुरुषों', 'id': 1, 'deprel': 'nsubj', 'head': 7}, 'object': {'upos': 'NOUN', 'text': 'आय', 'id': 5, 'deprel': 'obj', 'head': 7}, 'verb': {'upos': 'VERB', 'text': 'की', 'id': 7, 'deprel': 'root', 'head': 0}}]",['SOV']
1014,"रेक्जाविक में दो बन्दरगाह हैं, पुराना बन्दरगाह जो नगर केन्द्र के निकट है और मुख्यतः मछुआरों और क्रूज़ जहाज़ों द्वारा उपयोग में लाया जाता है और सुन्दाहोफ़्न जो नगर के पूर में स्थित है और देश का सबसे बड़ा कार्गो पोततल है।",1,"[{'object': {'upos': 'NOUN', 'text': 'मछुआरों', 'id': 17, 'deprel': 'obj', 'head': 24}, 'subject': {'upos': 'NOUN', 'text': 'जहाज़ों', 'id': 20, 'deprel': 'nsubj:pass', 'head': 24}, 'verb': {'upos': 'VERB', 'text': 'लाया', 'id': 24, 'deprel': 'conj', 'head': 11}}]",['OSV']
1015,नाना फडणवीस के नेतृत्व में बारह मराठा प्रमुखों ने शिशु को नए पेशवा के रूप में नामित करने और उनके राज्याधिकारी के रूप में शासन करने का प्रयास निर्देशित किया।,1,"[{'subject': {'upos': 'NOUN', 'text': 'प्रमुखों', 'id': 8, 'deprel': 'nsubj', 'head': 30}, 'object': {'upos': 'NOUN', 'text': 'प्रयास', 'id': 28, 'deprel': 'obj', 'head': 30}, 'verb': {'upos': 'VERB', 'text': 'किया', 'id': 30, 'deprel': 'root', 'head': 0}}]",['SOV']
1016,"रघुनाथराव द्वारा प्रदेशों को छोड़ने के बदले में ब्रिटेन ने 2,500 सैनिकों का वादा किया था।",1,"[{'subject': {'upos': 'PROPN', 'text': 'रघुनाथराव', 'id': 1, 'deprel': 'nsubj', 'head': 5}, 'object': {'upos': 'NOUN', 'text': 'प्रदेशों', 'id': 3, 'deprel': 'obj', 'head': 5}, 'verb': {'upos': 'VERB', 'text': 'छोड़ने', 'id': 5, 'deprel': 'obl', 'head': 15}}]",['SOV']
1018,"ऑस्ट्रेलिया में ओलंपिक आंदोलन को विकसित, प्रोत्साहित और सुरक्षित करने के लिए ऑस्ट्रेलियाई ओलंपिक समिति जिम्मेदार है।",1,"[{'subject': {'upos': 'PROPN', 'text': 'समिति', 'id': 16, 'deprel': 'nsubj', 'head': 18}, 'object': {'upos': 'ADJ', 'text': 'जिम्मेदार', 'id': 17, 'deprel': 'obj', 'head': 18}, 'verb': {'upos': 'VERB', 'text': 'है', 'id': 18, 'deprel': 'root', 'head': 0}}]",['SOV']
1029,भगवान की पूजा करते समय ईसाईयों को आभार प्रकट करना चाहिए।,1,"[{'subject': {'upos': 'NOUN', 'text': 'ईसाईयों', 'id': 6, 'deprel': 'nsubj', 'head': 10}, 'object': {'upos': 'NOUN', 'text': 'आभार', 'id': 8, 'deprel': 'obj', 'head': 10}, 'verb': {'upos': 'VERB', 'text': 'करना', 'id': 10, 'deprel': 'root', 'head': 0}}]",['SOV']
1030,आभार की उत्पति ईसाई धर्म स्रोत से होती है। ईसाई धर्म में आभार भगवान की उदारता की अभिस्वीकृति है जो ईसाइयों को इस तरह के आदर्शों के आसपास अपने स्वयं के विचार और कार्यों के निर्माण के लिए प्रेरित करता है।,1,"[{'subject': {'upos': 'PRON', 'text': 'जो', 'id': 11, 'deprel': 'nsubj', 'head': 31}, 'object': {'upos': 'NOUN', 'text': 'ईसाइयों', 'id': 12, 'deprel': 'obj', 'head': 31}, 'verb': {'upos': 'VERB', 'text': 'करता', 'id': 31, 'deprel': 'acl:relcl', 'head': 4}}]",['SOV']
1040,ऐसेनहोवर ने एयर फाॅर्स वन की तरह अधिकांश सुरक्षा प्रस्ताव स्थापित किए।,1,"[{'subject': {'upos': 'PROPN', 'text': 'ऐसेनहोवर', 'id': 1, 'deprel': 'nsubj', 'head': 12}, 'object': {'upos': 'NOUN', 'text': 'प्रस्ताव', 'id': 10, 'deprel': 'obj', 'head': 12}, 'verb': {'upos': 'VERB', 'text': 'किए', 'id': 12, 'deprel': 'root', 'head': 0}}]",['SOV']
1042,राष्ट्रपति रीगन ने दो बार कार्य किया - पहली बार 1981 से 1989 तक और दूसरी बार 1985 से 1989 तक।,1,"[{'subject': {'upos': 'PROPN', 'text': 'रीगन', 'id': 2, 'deprel': 'nsubj', 'head': 7}, 'object': {'upos': 'NOUN', 'text': 'कार्य', 'id': 6, 'deprel': 'obj', 'head': 7}, 'verb': {'upos': 'VERB', 'text': 'किया', 'id': 7, 'deprel': 'root', 'head': 0}}]",['SOV']
1054,महाराजा हरि सिंह ने भारत से मदद मांगी थी।,1,"[{'subject': {'upos': 'PROPN', 'text': 'सिंह', 'id': 3, 'deprel': 'nsubj', 'head': 8}, 'object': {'upos': 'NOUN', 'text': 'मदद', 'id': 7, 'deprel': 'obj', 'head': 8}, 'verb': {'upos': 'VERB', 'text': 'मांगी', 'id': 8, 'deprel': 'root', 'head': 0}}]",['SOV']
1089,"एलिस अपने वास्तविक कद में लौटने में सक्षम हुई क्योंकि उसने मशरूम का एक भाग तोड़ा और उसके कद को छोटा बना दिया, जबकि दूसरा भाग उसकी गर्दन को लम्बा कर पेड़ों के बीच पहुंचा दिया। फिर वह एक छोटी जमीन पर ठोकर खाती है और फिर एक उपयुक्त ऊंचाई तक पहुंचने के लिए मशरूम का उपयोग करती है।",1,"[{'subject': {'upos': 'PRON', 'text': 'वह', 'id': 2, 'deprel': 'nsubj', 'head': 8}, 'object': {'upos': 'NOUN', 'text': 'ठोकर', 'id': 7, 'deprel': 'obj', 'head': 8}, 'verb': {'upos': 'VERB', 'text': 'खाती', 'id': 8, 'deprel': 'root', 'head': 0}}]",['SOV']
1091,एलिस इन वंडरलैंड में नेव ऑफ़ हार्ट्स पर इलज़ाम है कि उसने क्वीन का टार्ट्स चुराया है।,1,"[{'subject': {'upos': 'PRON', 'text': 'उसने', 'id': 12, 'deprel': 'nsubj', 'head': 16}, 'object': {'upos': 'NOUN', 'text': 'टार्ट्स', 'id': 15, 'deprel': 'obj', 'head': 16}, 'verb': {'upos': 'VERB', 'text': 'चुराया', 'id': 16, 'deprel': 'acl', 'head': 9}}]",['SOV']
1093,सूत्र समिश्र संख्याओं को त्रिकोणमिति से जोड़ता है।,1,"[{'subject': {'upos': 'NOUN', 'text': 'सूत्र', 'id': 1, 'deprel': 'nsubj', 'head': 7}, 'object': {'upos': 'NOUN', 'text': 'संख्याओं', 'id': 3, 'deprel': 'obj', 'head': 7}, 'verb': {'upos': 'VERB', 'text': 'जोड़ता', 'id': 7, 'deprel': 'root', 'head': 0}}]",['SOV']
1094,मोरक्को ने सम्मेलन को पटरी से उतारा क्योंकि अल्जीरिया ने सहारा क्षेत्र की स्वतंत्रता का मौखिक समर्थन करना था।,1,"[{'subject': {'upos': 'PROPN', 'text': 'मोरक्को', 'id': 1, 'deprel': 'nsubj', 'head': 7}, 'object': {'upos': 'NOUN', 'text': 'सम्मेलन', 'id': 3, 'deprel': 'obj', 'head': 7}, 'verb': {'upos': 'VERB', 'text': 'उतारा', 'id': 7, 'deprel': 'root', 'head': 0}}]",['SOV']
1109,नोबुरो मोरी को लोगन ने खत्म किया था।,1,"[{'object': {'upos': 'PROPN', 'text': 'मोरी', 'id': 2, 'deprel': 'obj', 'head': 7}, 'subject': {'upos': 'PROPN', 'text': 'लोगन', 'id': 4, 'deprel': 'nsubj', 'head': 7}, 'verb': {'upos': 'VERB', 'text': 'किया', 'id': 7, 'deprel': 'root', 'head': 0}}]",['OSV']
1111,लोगन को डॉक्टर ग्रीन द्वारा एक मशीन में रखा जाता है।,1,"[{'object': {'upos': 'PROPN', 'text': 'लोगन', 'id': 1, 'deprel': 'obj', 'head': 9}, 'subject': {'upos': 'PROPN', 'text': 'ग्रीन', 'id': 4, 'deprel': 'nsubj:pass', 'head': 9}, 'verb': {'upos': 'VERB', 'text': 'रखा', 'id': 9, 'deprel': 'root', 'head': 0}}]",['OSV']
1124,हंगरी ने बुडापेस्ट में इंग्लैंड को 7-1 से हराया था।,1,"[{'subject': {'upos': 'PROPN', 'text': 'हंगरी', 'id': 1, 'deprel': 'nsubj', 'head': 9}, 'object': {'upos': 'PROPN', 'text': 'इंग्लैंड', 'id': 5, 'deprel': 'obj', 'head': 9}, 'verb': {'upos': 'VERB', 'text': 'हराया', 'id': 9, 'deprel': 'root', 'head': 0}}]",['SOV']
1128,किलियन मर्फ़ी ने थियेटर में जाने से पहले रॉक संगीतकार के रूप में अपना काम शुरू किया था।,1,"[{'subject': {'upos': 'PROPN', 'text': 'मर्फ़ी', 'id': 2, 'deprel': 'nsubj', 'head': 17}, 'object': {'upos': 'NOUN', 'text': 'काम', 'id': 15, 'deprel': 'obj', 'head': 17}, 'verb': {'upos': 'VERB', 'text': 'किया', 'id': 17, 'deprel': 'root', 'head': 0}}]",['SOV']
1152,"जर्मन बैंकों ने संकटपूर्ण आर्थिक घटना को ""ऐतिहासिक घटना"" के रूप में वर्गीकृत किया।",1,"[{'subject': {'upos': 'NOUN', 'text': 'बैंकों', 'id': 2, 'deprel': 'nsubj', 'head': 16}, 'object': {'upos': 'NOUN', 'text': 'घटना', 'id': 6, 'deprel': 'obj', 'head': 16}, 'verb': {'upos': 'VERB', 'text': 'किया', 'id': 16, 'deprel': 'root', 'head': 0}}]",['SOV']
1175,प्रोत्साहन कम्पैटिबिलिटी को रॉजर मायर्सन ने पेश किया।,1,"[{'object': {'upos': 'NOUN', 'text': 'कम्पैटिबिलिटी', 'id': 2, 'deprel': 'obj', 'head': 8}, 'subject': {'upos': 'PROPN', 'text': 'मायर्सन', 'id': 5, 'deprel': 'nsubj', 'head': 8}, 'verb': {'upos': 'VERB', 'text': 'किया', 'id': 8, 'deprel': 'root', 'head': 0}}]",['OSV']
1189,वर्ष 1899 में बासीगुलपो ने जमीन कान मुनतानर दे दालत को अधिगृहीत किया।,1,"[{'subject': {'upos': 'PROPN', 'text': 'बासीगुलपो', 'id': 4, 'deprel': 'nsubj', 'head': 13}, 'object': {'upos': 'NOUN', 'text': 'दालत', 'id': 10, 'deprel': 'obj', 'head': 13}, 'verb': {'upos': 'VERB', 'text': 'किया', 'id': 13, 'deprel': 'root', 'head': 0}}]",['SOV']
1194,"जायके में ग्रीन एप्पल, ऑरेंज, क्रेनबेरी, रास्पबेरी, साइट्रस (नींबू), वनीला, स्ट्राबेरी, काले चेरी, तरबूज, लाइम, ब्लूबेरी, सफेद अंगूर, तरबूज (हनीड्यू/कैंटालोप), अनार, पैसनफ्रूट, नाशपाती और हाल ही में अनारस शामिल हैं।",1,"[{'subject': {'upos': 'PROPN', 'text': 'एप्पल', 'id': 4, 'deprel': 'nsubj', 'head': 49}, 'object': {'upos': 'ADJ', 'text': 'शामिल', 'id': 48, 'deprel': 'obj', 'head': 49}, 'verb': {'upos': 'VERB', 'text': 'हैं', 'id': 49, 'deprel': 'root', 'head': 0}}]",['SOV']
1198,कॉइनएज एक्ट ने डाइम के सिक्के के अंदरूनी हिस्से के लिए ताम्बा निर्धारित किया है।,1,"[{'subject': {'upos': 'PROPN', 'text': 'एक्ट', 'id': 2, 'deprel': 'nsubj', 'head': 14}, 'object': {'upos': 'PROPN', 'text': 'ताम्बा', 'id': 12, 'deprel': 'obj', 'head': 14}, 'verb': {'upos': 'VERB', 'text': 'किया', 'id': 14, 'deprel': 'root', 'head': 0}}]",['SOV']
1199,इन संस्थापकों द्वारा मुद्रा बहाल करने का सुझाव दिया जा रहा था।,1,"[{'subject': {'upos': 'NOUN', 'text': 'संस्थापकों', 'id': 2, 'deprel': 'nsubj', 'head': 6}, 'object': {'upos': 'NOUN', 'text': 'मुद्रा', 'id': 4, 'deprel': 'obj', 'head': 6}, 'verb': {'upos': 'VERB', 'text': 'करने', 'id': 6, 'deprel': 'nmod', 'head': 8}}]",['SOV']
1200,"थॉमस जॅफ़रसन, बेंजामिन फ्रैंकलिन, ऐलॅक्सैन्डर हैमिलटन और डेविड रिटनहाउस ने संयुक्त राज्य में दशमलव पर आधारित मुद्रा बहाल करने का पहला प्रस्ताव रखा।",1,"[{'subject': {'upos': 'PROPN', 'text': 'जॅफ़रसन', 'id': 2, 'deprel': 'nsubj', 'head': 25}, 'object': {'upos': 'NOUN', 'text': 'प्रस्ताव', 'id': 24, 'deprel': 'obj', 'head': 25}, 'verb': {'upos': 'VERB', 'text': 'रखा', 'id': 25, 'deprel': 'root', 'head': 0}}]",['SOV']
1211,न्याबर्ग ने फ्लाइट इंजीनियर के रूप में अभियान-36 और अभियान-37 में काम किया।,1,"[{'subject': {'upos': 'PROPN', 'text': 'न्याबर्ग', 'id': 1, 'deprel': 'nsubj', 'head': 13}, 'object': {'upos': 'NOUN', 'text': 'काम', 'id': 12, 'deprel': 'obj', 'head': 13}, 'verb': {'upos': 'VERB', 'text': 'किया', 'id': 13, 'deprel': 'root', 'head': 0}}]",['SOV']
1223,"हाँ, बोइंग 707 और डगलस डीसी-8 ने लंबी दूरी की यात्रा को बदल दिया है।",1,"[{'subject': {'upos': 'PROPN', 'text': '707', 'id': 4, 'deprel': 'nsubj', 'head': 14}, 'object': {'upos': 'NOUN', 'text': 'यात्रा', 'id': 12, 'deprel': 'obj', 'head': 14}, 'verb': {'upos': 'VERB', 'text': 'बदल', 'id': 14, 'deprel': 'root', 'head': 0}}]",['SOV']
1242,"747X विमान को 430 यात्रियों को 8,700 नॉटीकल मील (10,000 मील, 16,100 किमी) सीमा तक ले जाना था।",1,"[{'subject': {'upos': 'NOUN', 'text': 'विमान', 'id': 2, 'deprel': 'nsubj', 'head': 19}, 'object': {'upos': 'NOUN', 'text': 'यात्रियों', 'id': 5, 'deprel': 'obj', 'head': 19}, 'verb': {'upos': 'VERB', 'text': 'ले', 'id': 19, 'deprel': 'root', 'head': 0}}]",['SOV']
1249,"एस्टन विला फुटबॉल क्लब ने अपना पहला आधिकारिक मैच रग्बी टीम के खिलाफ खेला था, जिसमें नियम रग्बी और फुटबॉल का मिश्रण थे।",1,"[{'subject': {'upos': 'PROPN', 'text': 'क्लब', 'id': 4, 'deprel': 'nsubj', 'head': 14}, 'object': {'upos': 'NOUN', 'text': 'मैच', 'id': 9, 'deprel': 'obj', 'head': 14}, 'verb': {'upos': 'VERB', 'text': 'खेला', 'id': 14, 'deprel': 'root', 'head': 0}}]",['SOV']
1250,सॉन्डर्स ने टीम को एकजुट रखा जो 1980-81 में एक सातवें शीर्ष लीग खिताब जीतने में सफल हुई।,1,"[{'subject': {'upos': 'PROPN', 'text': 'सॉन्डर्स', 'id': 1, 'deprel': 'nsubj', 'head': 6}, 'object': {'upos': 'NOUN', 'text': 'टीम', 'id': 3, 'deprel': 'obj', 'head': 6}, 'verb': {'upos': 'VERB', 'text': 'रखा', 'id': 6, 'deprel': 'root', 'head': 0}}]",['SOV']
1254,"पैट्रिक डेम्पसे - डिलेन गाउल्ड, एक रईस कार-कलेक्टर और कार्ली का बाॅस, जो गुप्त रूप से डिसेप्टिकाॅन्स से समझौता कर काम करता है।",1,"[{'subject': {'upos': 'PRON', 'text': 'जो', 'id': 15, 'deprel': 'nsubj', 'head': 24}, 'object': {'upos': 'NOUN', 'text': 'काम', 'id': 23, 'deprel': 'obj', 'head': 24}, 'verb': {'upos': 'VERB', 'text': 'करता', 'id': 24, 'deprel': 'acl:relcl', 'head': 13}}]",['SOV']
1268,हिंदी में उत्तर: सरकारें और वितरक प्रोडक्शन कंपनी लाभ को आपस में बांटती हैं।,1,"[{'subject': {'upos': 'NOUN', 'text': 'कंपनी', 'id': 8, 'deprel': 'nsubj', 'head': 13}, 'object': {'upos': 'NOUN', 'text': 'लाभ', 'id': 9, 'deprel': 'obj', 'head': 13}, 'verb': {'upos': 'VERB', 'text': 'बांटती', 'id': 13, 'deprel': 'root', 'head': 0}}]",['SOV']
1269,"महाश्वेता देवी का नाम ध्यान में आते ही उनकी कई-कई छवियां आंखों के सामने प्रकट हो जाती हैं। दरअसल उन्होंने मेहनत व ईमानदारी के बलबूते अपने व्यक्तित्व को निखारा। उन्होंने अपने को एक पत्रकारीका, लेखिका, साहित्यकारीका और आंदोलनधर्मी के रूप में विकसित किया।",1,"[{'subject': {'upos': 'PRON', 'text': 'उन्होंने', 'id': 1, 'deprel': 'nsubj', 'head': 16}, 'object': {'upos': 'PRON', 'text': 'अपने', 'id': 2, 'deprel': 'obj', 'head': 16}, 'verb': {'upos': 'VERB', 'text': 'किया', 'id': 16, 'deprel': 'root', 'head': 0}}]",['SOV']
1270,अमेरिकी शीट संगीत प्रकाशन उद्योग ने रैगटाइम संगीत तैयार किया।,1,"[{'subject': {'upos': 'PROPN', 'text': 'उद्योग', 'id': 5, 'deprel': 'nsubj', 'head': 10}, 'object': {'upos': 'NOUN', 'text': 'संगीत', 'id': 8, 'deprel': 'obj', 'head': 10}, 'verb': {'upos': 'VERB', 'text': 'किया', 'id': 10, 'deprel': 'root', 'head': 0}}]",['SOV']
1274,क्रिस गार्डनर ने कपड़े और जूते दान में दिए।,1,"[{'subject': {'upos': 'PROPN', 'text': 'गार्डनर', 'id': 2, 'deprel': 'nsubj', 'head': 9}, 'object': {'upos': 'NOUN', 'text': 'कपड़े', 'id': 4, 'deprel': 'obj', 'head': 9}, 'verb': {'upos': 'VERB', 'text': 'दिए', 'id': 9, 'deprel': 'root', 'head': 0}}]",['SOV']
1276,"मरीज में एसजेएस (SJS) के कारण मुंह और होंठ में कष्ट होना, खाने या पीने की क्षमता को कम करना और मुंह में अल्सर और घाव दिखाई देना शामिल है।",1,"[{'subject': {'upos': 'VERB', 'text': 'दिखाई', 'id': 30, 'deprel': 'nsubj', 'head': 33}, 'object': {'upos': 'ADJ', 'text': 'शामिल', 'id': 32, 'deprel': 'obj', 'head': 33}, 'verb': {'upos': 'VERB', 'text': 'है', 'id': 33, 'deprel': 'root', 'head': 0}}]",['SOV']
1280,फ्रांस ने अल्पाइन स्कीइंग में अधिकतर पदक जीते हैं।,1,"[{'subject': {'upos': 'PROPN', 'text': 'फ्रांस', 'id': 1, 'deprel': 'nsubj', 'head': 8}, 'object': {'upos': 'NOUN', 'text': 'पदक', 'id': 7, 'deprel': 'obj', 'head': 8}, 'verb': {'upos': 'VERB', 'text': 'जीते', 'id': 8, 'deprel': 'root', 'head': 0}}]",['SOV']
1290,जेम्स मिल ने अपना अंतिम नाम नहीं बदला था।,1,"[{'subject': {'upos': 'PROPN', 'text': 'मिल', 'id': 2, 'deprel': 'nsubj', 'head': 8}, 'object': {'upos': 'NOUN', 'text': 'नाम', 'id': 6, 'deprel': 'obj', 'head': 8}, 'verb': {'upos': 'VERB', 'text': 'बदला', 'id': 8, 'deprel': 'root', 'head': 0}}]",['SOV']
1294,खान ने अपने करियर में 88 टेस्ट मैच खेले।,1,"[{'subject': {'upos': 'PROPN', 'text': 'खान', 'id': 1, 'deprel': 'nsubj', 'head': 9}, 'object': {'upos': 'NOUN', 'text': 'मैच', 'id': 8, 'deprel': 'obj', 'head': 9}, 'verb': {'upos': 'VERB', 'text': 'खेले', 'id': 9, 'deprel': 'root', 'head': 0}}]",['SOV']
1295,उन्होंने टेस्ट क्रिकेट में 362 विकेट लिए थे।,1,"[{'subject': {'upos': 'PRON', 'text': 'उन्होंने', 'id': 1, 'deprel': 'nsubj', 'head': 7}, 'object': {'upos': 'NOUN', 'text': 'विकेट', 'id': 6, 'deprel': 'obj', 'head': 7}, 'verb': {'upos': 'VERB', 'text': 'लिए', 'id': 7, 'deprel': 'root', 'head': 0}}]",['SOV']
1300,भारतीय क्रिकेट टीम ने उनके खिलाफ 40 विकेट लिए।,1,"[{'subject': {'upos': 'PROPN', 'text': 'टीम', 'id': 3, 'deprel': 'nsubj', 'head': 9}, 'object': {'upos': 'NOUN', 'text': 'विकेट', 'id': 8, 'deprel': 'obj', 'head': 9}, 'verb': {'upos': 'VERB', 'text': 'लिए', 'id': 9, 'deprel': 'root', 'head': 0}}]",['SOV']
1301,खान ने 88 विकेट लिए।,1,"[{'subject': {'upos': 'PROPN', 'text': 'खान', 'id': 1, 'deprel': 'nsubj', 'head': 5}, 'object': {'upos': 'NOUN', 'text': 'विकेट', 'id': 4, 'deprel': 'obj', 'head': 5}, 'verb': {'upos': 'VERB', 'text': 'लिए', 'id': 5, 'deprel': 'root', 'head': 0}}]",['SOV']
1313,ली ने दिसंबर 1960 में अपनी हाई स्कूल की शिक्षा पूरी की थी।,1,"[{'subject': {'upos': 'PROPN', 'text': 'ली', 'id': 1, 'deprel': 'nsubj', 'head': 12}, 'object': {'upos': 'NOUN', 'text': 'शिक्षा', 'id': 10, 'deprel': 'obj', 'head': 12}, 'verb': {'upos': 'VERB', 'text': 'की', 'id': 12, 'deprel': 'root', 'head': 0}}]",['SOV']
1316,"GM, Ford, और Chrysler ने QS 9000 व्याख्या पर सहमति व्यक्त की थी।",1,"[{'subject': {'upos': 'PROPN', 'text': 'GM', 'id': 1, 'deprel': 'nsubj', 'head': 14}, 'object': {'upos': 'NOUN', 'text': 'सहमति', 'id': 12, 'deprel': 'obj', 'head': 14}, 'verb': {'upos': 'VERB', 'text': 'की', 'id': 14, 'deprel': 'root', 'head': 0}}]",['SOV']
1326,NGO का उद्देश्य लोगों को एनजीओ के अंदर सक्रिय रूप से शामिल होने और एनजीओ तथा सार्वजनिक व निजी क्षेत्र दोनों के बीच अधिक सहजीवन को प्रोत्साहित करना है।,1,"[{'subject': {'upos': 'NOUN', 'text': 'उद्देश्य', 'id': 3, 'deprel': 'nsubj', 'head': 28}, 'object': {'upos': 'NOUN', 'text': 'लोगों', 'id': 4, 'deprel': 'obj', 'head': 28}, 'verb': {'upos': 'VERB', 'text': 'करना', 'id': 28, 'deprel': 'root', 'head': 0}}]",['SOV']
1329,एनजीओ में लोगों को अधिक सक्रिय होने के लिए प्रेरित करने का उद्देश्य लोगों को एनजीओ के अंदर सक्रिय रूप से शामिल होने और एनजीओ तथा सार्वजनिक व निजी क्षेत्र दोनों के बीच अधिक सहजीवन को प्रोत्साहित करना है।,1,"[{'subject': {'upos': 'NOUN', 'text': 'उद्देश्य', 'id': 13, 'deprel': 'nsubj', 'head': 38}, 'object': {'upos': 'NOUN', 'text': 'लोगों', 'id': 14, 'deprel': 'obj', 'head': 38}, 'verb': {'upos': 'VERB', 'text': 'करना', 'id': 38, 'deprel': 'root', 'head': 0}}]",['SOV']
1332,फ़्रेडरिक नॉमन था जिसने प्रोटेस्टेंट धर्मशास्त्र को अपनाया था।,1,"[{'subject': {'upos': 'PRON', 'text': 'जिसने', 'id': 4, 'deprel': 'nsubj', 'head': 8}, 'object': {'upos': 'NOUN', 'text': 'धर्मशास्त्र', 'id': 6, 'deprel': 'obj', 'head': 8}, 'verb': {'upos': 'VERB', 'text': 'अपनाया', 'id': 8, 'deprel': 'acl:relcl', 'head': 2}}]",['SOV']
1346,तीन साल की उम्र से सभी बच्चे अनिवार्य स्कूल शुरू कर दें.,1,"[{'subject': {'upos': 'NOUN', 'text': 'बच्चे', 'id': 7, 'deprel': 'nsubj', 'head': 11}, 'object': {'upos': 'NOUN', 'text': 'स्कूल', 'id': 9, 'deprel': 'obj', 'head': 11}, 'verb': {'upos': 'VERB', 'text': 'कर', 'id': 11, 'deprel': 'root', 'head': 0}}]",['SOV']
1350,"जानवरों को फूलों की गंध, मधुरस, और रंग दृष्टि आकर्षित करती है।",1,"[{'subject': {'upos': 'NOUN', 'text': 'जानवरों', 'id': 1, 'deprel': 'nsubj', 'head': 13}, 'object': {'upos': 'NOUN', 'text': 'गंध', 'id': 5, 'deprel': 'obj', 'head': 13}, 'verb': {'upos': 'VERB', 'text': 'करती', 'id': 13, 'deprel': 'root', 'head': 0}}]",['SOV']
1358,लोग फूलों के आसपास रहना चाहते हैं क्योंकि वे मनचाहे दिखाई देते हैं और उनकी गंध (smell) भी मनचाही होती है।,1,"[{'subject': {'upos': 'NOUN', 'text': 'लोग', 'id': 1, 'deprel': 'nsubj', 'head': 6}, 'object': {'upos': 'VERB', 'text': 'रहना', 'id': 5, 'deprel': 'obj', 'head': 6}, 'verb': {'upos': 'VERB', 'text': 'चाहते', 'id': 6, 'deprel': 'root', 'head': 0}}]",['SOV']
1362,नीरजा भनोट को अशोक चक्र पुरस्कार दिया गया क्योंकि उन्होंने अदभुत वीरता और साहस दिखाया था।,1,"[{'subject': {'upos': 'PRON', 'text': 'उन्होंने', 'id': 10, 'deprel': 'nsubj', 'head': 15}, 'object': {'upos': 'NOUN', 'text': 'वीरता', 'id': 12, 'deprel': 'obj', 'head': 15}, 'verb': {'upos': 'VERB', 'text': 'दिखाया', 'id': 15, 'deprel': 'advcl', 'head': 7}}]",['SOV']
1365,जेम्स-लैंग सिद्धांत के साथ दो भाग का नाम जुड़ा है क्योंकि लगभग इसी समय डैनिश मनोवैज्ञानिक कार्ल लैंग ने भी मिलता जुलता सिद्धांत पेश किया था।,1,"[{'subject': {'upos': 'PROPN', 'text': 'लैंग', 'id': 18, 'deprel': 'nsubj', 'head': 25}, 'object': {'upos': 'NOUN', 'text': 'सिद्धांत', 'id': 23, 'deprel': 'obj', 'head': 25}, 'verb': {'upos': 'VERB', 'text': 'किया', 'id': 25, 'deprel': 'advcl', 'head': 9}}]",['SOV']
1372,भगवान ने विकास क्यों बनाया?,1,"[{'subject': {'upos': 'NOUN', 'text': 'भगवान', 'id': 1, 'deprel': 'nsubj', 'head': 5}, 'object': {'upos': 'NOUN', 'text': 'विकास', 'id': 3, 'deprel': 'obj', 'head': 5}, 'verb': {'upos': 'VERB', 'text': 'बनाया', 'id': 5, 'deprel': 'root', 'head': 0}}]",['SOV']
1374,अली मुगलयत सयाह ने 1520 में उत्तरी सुमात्रा पर अपना नियंत्रण बढ़ाने के लिए अभियान शुरू किया।,1,"[{'subject': {'upos': 'PROPN', 'text': 'सयाह', 'id': 3, 'deprel': 'nsubj', 'head': 17}, 'object': {'upos': 'NOUN', 'text': 'अभियान', 'id': 15, 'deprel': 'obj', 'head': 17}, 'verb': {'upos': 'VERB', 'text': 'किया', 'id': 17, 'deprel': 'root', 'head': 0}}]",['SOV']
1377,निवेश का भुगतान किया गया साझेदारी के रूप में नहीं किया गया था। बफेट ने अपने साझेदारों को संपत्ति हस्तांतरित कर दी थी।,1,"[{'subject': {'upos': 'PROPN', 'text': 'बफेट', 'id': 1, 'deprel': 'nsubj', 'head': 8}, 'object': {'upos': 'NOUN', 'text': 'संपत्ति', 'id': 6, 'deprel': 'obj', 'head': 8}, 'verb': {'upos': 'VERB', 'text': 'कर', 'id': 8, 'deprel': 'root', 'head': 0}}]",['SOV']
1378,"सैनाब्रिया ने नई पद्धति को प्रस्तुत किया क्योंकि मृत्यु और रुग्णता के बढ़ते कारणों के कारण, स्वास्थ्य देखभाल और तकनीकी सहायता कम वजन के शिशुओं के लिए उपलब्ध नहीं थी।",1,"[{'subject': {'upos': 'PROPN', 'text': 'सैनाब्रिया', 'id': 1, 'deprel': 'nsubj', 'head': 7}, 'object': {'upos': 'NOUN', 'text': 'पद्धति', 'id': 4, 'deprel': 'obj', 'head': 7}, 'verb': {'upos': 'VERB', 'text': 'किया', 'id': 7, 'deprel': 'root', 'head': 0}}]",['SOV']
1394,1854 में सेलिमोउलू अब्दुलावित ने इंटीरियर को सजाया और काटाफैलस की लकड़ी की नक्काशी का प्रदर्शन किया।,1,"[{'subject': {'upos': 'PROPN', 'text': 'अब्दुलावित', 'id': 4, 'deprel': 'nsubj', 'head': 8}, 'object': {'upos': 'NOUN', 'text': 'इंटीरियर', 'id': 6, 'deprel': 'obj', 'head': 8}, 'verb': {'upos': 'VERB', 'text': 'सजाया', 'id': 8, 'deprel': 'root', 'head': 0}}]",['SOV']
1402,"आंतरिक बवासीर में मल का रंग सामान्य होता है और वह आम तौर पर रक्त से लिपटा होता है, जिसे हेमाटोचेज़िया कहते हैं।",1,"[{'object': {'upos': 'PRON', 'text': 'जिसे', 'id': 21, 'deprel': 'obj', 'head': 23}, 'subject': {'upos': 'PROPN', 'text': 'हेमाटोचेज़िया', 'id': 22, 'deprel': 'nsubj', 'head': 23}, 'verb': {'upos': 'VERB', 'text': 'कहते', 'id': 23, 'deprel': 'acl:relcl', 'head': 13}}]",['OSV']
1403,"लक्षणात्मक बवासीर के संबंध में जोखिम बढ़ाने के लिए कारकों में मोटापा, देर तक बैठना, पुरानी खांसी और श्रोणि तल दुष्क्रिया शामिल हैं।",1,"[{'subject': {'upos': 'NOUN', 'text': 'मोटापा', 'id': 12, 'deprel': 'nsubj', 'head': 25}, 'object': {'upos': 'ADJ', 'text': 'शामिल', 'id': 24, 'deprel': 'obj', 'head': 25}, 'verb': {'upos': 'VERB', 'text': 'हैं', 'id': 25, 'deprel': 'root', 'head': 0}}]",['SOV']
1407,"मलत्याग करते समय ज़ोर लगाने से बचना, कब्ज़ तथा डायरिया से बचाव शामिल है जिसके लिए उच्च रेशेदार भोजन तथा पर्याप्त तरल को पीना या रेशेदार पूरकों को लेना तथा पर्याप्त व्यायाम करना शामिल है।",1,"[{'subject': {'upos': 'NOUN', 'text': 'बचाव', 'id': 13, 'deprel': 'nsubj', 'head': 15}, 'object': {'upos': 'NOUN', 'text': 'भोजन', 'id': 20, 'deprel': 'obj', 'head': 36}, 'verb': {'upos': 'VERB', 'text': 'है', 'id': 36, 'deprel': 'conj', 'head': 15}}]",['SOV']
1408,स्टेरॉइड-समाहित एजेंटों का उपयोग 14 दिन से अधिक की अवधि तक नहीं किया जाना चाहिए क्योंकि वे त्वचा को पतला करते हैं।,1,"[{'subject': {'upos': 'PRON', 'text': 'वे', 'id': 17, 'deprel': 'nsubj', 'head': 21}, 'object': {'upos': 'NOUN', 'text': 'त्वचा', 'id': 18, 'deprel': 'obj', 'head': 21}, 'verb': {'upos': 'VERB', 'text': 'करते', 'id': 21, 'deprel': 'advcl', 'head': 13}}]",['SOV']
1440,उन्होंने यूनाइटेड आर्टिस्ट्स फ़िल्म स्टूडियो का प्रबंधत्व ग्रहण कर लिया था।,1,"[{'subject': {'upos': 'PRON', 'text': 'उन्होंने', 'id': 1, 'deprel': 'nsubj', 'head': 9}, 'object': {'upos': 'NOUN', 'text': 'प्रबंधत्व', 'id': 7, 'deprel': 'obj', 'head': 9}, 'verb': {'upos': 'VERB', 'text': 'कर', 'id': 9, 'deprel': 'root', 'head': 0}}]",['SOV']
1453,डीन ने जेम्स व्हिटमोर की अभिनय कार्यशाला में कार्य किया।,1,"[{'subject': {'upos': 'PROPN', 'text': 'डीन', 'id': 1, 'deprel': 'nsubj', 'head': 10}, 'object': {'upos': 'NOUN', 'text': 'कार्य', 'id': 9, 'deprel': 'obj', 'head': 10}, 'verb': {'upos': 'VERB', 'text': 'किया', 'id': 10, 'deprel': 'root', 'head': 0}}]",['SOV']
1455,"ट्रास्क और हैमिल्टन परिवारों ने अपनी जड़ें सैलिनास घाटी, कैलिफोर्निया में रखीं थीं।",1,"[{'subject': {'upos': 'NOUN', 'text': 'परिवारों', 'id': 4, 'deprel': 'nsubj', 'head': 13}, 'object': {'upos': 'NOUN', 'text': 'जड़ें', 'id': 7, 'deprel': 'obj', 'head': 13}, 'verb': {'upos': 'VERB', 'text': 'रखीं', 'id': 13, 'deprel': 'root', 'head': 0}}]",['SOV']
1462,AMA (American Medical Association) शराब को एक नशीली दवा मानता है।,1,"[{'subject': {'upos': 'PROPN', 'text': 'AMA', 'id': 1, 'deprel': 'nsubj', 'head': 12}, 'object': {'upos': 'NOUN', 'text': 'शराब', 'id': 7, 'deprel': 'obj', 'head': 12}, 'verb': {'upos': 'VERB', 'text': 'मानता', 'id': 12, 'deprel': 'root', 'head': 0}}]",['SOV']
1463,"हिंदी में उत्तर: शराबीपन से ग्रसित होने का खतरा पुरुषों में अधिक है, हालांकि हाल के दशकों में महिला शराबियों के अनुपात में वृद्धि हुई है। संयुक्त राज्य अमेरिका और पश्चिमी यूरोप में पुरुषों में से 10 से 20 प्रतिशत और महिलाओं में 5 से 10 प्रतिशत लोग अपनी-अपनी जिंदगी के किसी मोड़ पर शराबीपन के मानदंड को पूरा करेंगे।",1,"[{'subject': {'upos': 'NOUN', 'text': 'लोग', 'id': 22, 'deprel': 'nsubj', 'head': 34}, 'object': {'upos': 'NOUN', 'text': 'मानदंड', 'id': 31, 'deprel': 'obj', 'head': 34}, 'verb': {'upos': 'VERB', 'text': 'करेंगे', 'id': 34, 'deprel': 'root', 'head': 0}}]",['SOV']
1465,"शराबीपन की परिभाषा कई बार बदली गई है। इसकी परिभाषा को स्वीडिश चिकित्सक मैग्नस हस ने 1849 में वर्णित किया था, फिर डॉक्टर और लत विशेषज्ञ डॉ॰ विलियम डी.",1,"[{'object': {'upos': 'NOUN', 'text': 'परिभाषा', 'id': 2, 'deprel': 'obj', 'head': 12}, 'subject': {'upos': 'PROPN', 'text': 'हस', 'id': 7, 'deprel': 'nsubj', 'head': 12}, 'verb': {'upos': 'VERB', 'text': 'किया', 'id': 12, 'deprel': 'root', 'head': 0}}]",['OSV']
1475,नोलेन ने सात वर्ष की उम्र में फिल्में बनाना शुरू किया था।,1,"[{'subject': {'upos': 'PROPN', 'text': 'नोलेन', 'id': 1, 'deprel': 'nsubj', 'head': 11}, 'object': {'upos': 'VERB', 'text': 'बनाना', 'id': 9, 'deprel': 'obj', 'head': 11}, 'verb': {'upos': 'VERB', 'text': 'किया', 'id': 11, 'deprel': 'root', 'head': 0}}]",['SOV']
1484,"डर्मेटोफैगिया के प्रभाव हैं कि व्यक्ति अपनी अंगुलियों की त्वचा को काटने अथवा खाने लग जाता है, जिससे रक्त बाहर निकलने लगता है और त्वचा में रंग विकार भी होने लगता है। इसके अलावा, कुछ लोग अपनी अंगुली के पोर को भी काटने लग जाते हैं, जिससे इसमें दर्द होना और खून निकलना आरम्भ हो जाता है। कुछ लोग अपनी अंगुलियों का मांस भी खा जाते हैं।",1,"[{'subject': {'upos': 'NOUN', 'text': 'लोग', 'id': 2, 'deprel': 'nsubj', 'head': 8}, 'object': {'upos': 'NOUN', 'text': 'मांस', 'id': 6, 'deprel': 'obj', 'head': 8}, 'verb': {'upos': 'VERB', 'text': 'खा', 'id': 8, 'deprel': 'root', 'head': 0}}]",['SOV']
1490,"टाइप ए1 (Type A1) में असामान्य मौखिक ग्लूकोज़ सह्यता परीक्षण (OGTT) किया जाता है, जिसमें भूखे रहने और भोजन के 2 घंटे बाद सामान्य रक्त ग्लूकोज़ स्तर होना चाहिए। इसके अलावा, आहार का संशोधन ग्लूकोज़ स्तर को नियंत्रित करने के लिये पर्याप्त है।",1,"[{'subject': {'upos': 'NOUN', 'text': 'संशोधन', 'id': 6, 'deprel': 'nsubj', 'head': 15}, 'object': {'upos': 'ADJ', 'text': 'पर्याप्त', 'id': 14, 'deprel': 'obj', 'head': 15}, 'verb': {'upos': 'VERB', 'text': 'है', 'id': 15, 'deprel': 'root', 'head': 0}}]",['SOV']
1513,बियोवुल्फ़ को पता चला कि उसका साम्राज्य एक ड्रेगन से आतंकित है।,1,"[{'subject': {'upos': 'PROPN', 'text': 'बियोवुल्फ़', 'id': 1, 'deprel': 'nsubj', 'head': 4}, 'verb': {'upos': 'VERB', 'text': 'चला', 'id': 4, 'deprel': 'root', 'head': 0}, 'object': {'upos': 'ADJ', 'text': 'आतंकित', 'id': 11, 'deprel': 'obj', 'head': 4}}]",['SVO']
1523,दौड़ने का मुख्य उद्देश्य शरीर की फिटनेस को बढ़ाना है।,1,"[{'subject': {'upos': 'NOUN', 'text': 'उद्देश्य', 'id': 4, 'deprel': 'nsubj', 'head': 9}, 'object': {'upos': 'NOUN', 'text': 'फिटनेस', 'id': 7, 'deprel': 'obj', 'head': 9}, 'verb': {'upos': 'VERB', 'text': 'बढ़ाना', 'id': 9, 'deprel': 'root', 'head': 0}}]",['SOV']
1524,जॉगिंग दौड़ का ही एक रूप है जिसमें व्यक्ति धीमी गति से और इत्मीनान से लगातार दौड़ता रहता है। इसका मुख्य उद्देश्य शरीर की फिटनेस को बढ़ाना है।,1,"[{'subject': {'upos': 'NOUN', 'text': 'उद्देश्य', 'id': 3, 'deprel': 'nsubj', 'head': 8}, 'object': {'upos': 'NOUN', 'text': 'फिटनेस', 'id': 6, 'deprel': 'obj', 'head': 8}, 'verb': {'upos': 'VERB', 'text': 'बढ़ाना', 'id': 8, 'deprel': 'root', 'head': 0}}]",['SOV']
1533,सोरेंसन ने 1901 से 1938 के दौरान कार्ल्सबर्ग प्रयोगशाला के प्रमुख के रूप में काम किया।,1,"[{'subject': {'upos': 'PROPN', 'text': 'सोरेंसन', 'id': 1, 'deprel': 'nsubj', 'head': 16}, 'object': {'upos': 'NOUN', 'text': 'काम', 'id': 15, 'deprel': 'obj', 'head': 16}, 'verb': {'upos': 'VERB', 'text': 'किया', 'id': 16, 'deprel': 'root', 'head': 0}}]",['SOV']
1543,रोनाल्डिन्हो ने FIFPro विश्व खिलाड़ी का खिताब सितंबर 2005 में जीता था।,1,"[{'subject': {'upos': 'PROPN', 'text': 'रोनाल्डिन्हो', 'id': 1, 'deprel': 'nsubj', 'head': 11}, 'object': {'upos': 'NOUN', 'text': 'खिताब', 'id': 7, 'deprel': 'obj', 'head': 11}, 'verb': {'upos': 'VERB', 'text': 'जीता', 'id': 11, 'deprel': 'root', 'head': 0}}]",['SOV']
1549,पोर्ट ऑफ बैटन रूज मिसिसिपी नदी बंदरगाह पनमक्ष् जहाजों से निपटने में सक्षम है।,1,"[{'subject': {'upos': 'PROPN', 'text': 'रूज', 'id': 4, 'deprel': 'nsubj', 'head': 14}, 'object': {'upos': 'ADJ', 'text': 'सक्षम', 'id': 13, 'deprel': 'obj', 'head': 14}, 'verb': {'upos': 'VERB', 'text': 'है', 'id': 14, 'deprel': 'root', 'head': 0}}]",['SOV']
1550,"मेरे पास आपके प्रश्न का उत्तर नहीं है। लेकिन मैं आपको बता सकता हूँ कि सामग्रियों के गुणों को मापने के लिए संगठनों को SI प्रणाली (International System of Units) का उपयोग करना चाहिए, जिसमें सात आधार मात्रा हैं, जैसे कि लंबाई (मीटर), द्रव्यमान (किलोग्राम), समय (सेकंड) इत्यादि।",1,"[{'subject': {'upos': 'PRON', 'text': 'मैं', 'id': 2, 'deprel': 'nsubj', 'head': 4}, 'verb': {'upos': 'VERB', 'text': 'बता', 'id': 4, 'deprel': 'root', 'head': 0}, 'object': {'upos': 'VERB', 'text': 'करना', 'id': 27, 'deprel': 'obj', 'head': 4}}]",['SVO']
1567,एचआरएस पेंशन के कामकाज पर अधिक ध्यान केंद्रित करता है।,1,"[{'subject': {'upos': 'PROPN', 'text': 'एचआरएस', 'id': 1, 'deprel': 'nsubj', 'head': 9}, 'object': {'upos': 'NOUN', 'text': 'ध्यान', 'id': 7, 'deprel': 'obj', 'head': 9}, 'verb': {'upos': 'VERB', 'text': 'करता', 'id': 9, 'deprel': 'root', 'head': 0}}]",['SOV']
1570,"मिरांडा हाउस, दिल्ली विश्वविद्यालय से दर्शनशास्त्र में डिग्री प्राप्त की।",1,"[{'subject': {'upos': 'PROPN', 'text': 'हाउस', 'id': 2, 'deprel': 'nsubj', 'head': 11}, 'object': {'upos': 'NOUN', 'text': 'डिग्री', 'id': 9, 'deprel': 'obj', 'head': 11}, 'verb': {'upos': 'VERB', 'text': 'की', 'id': 11, 'deprel': 'root', 'head': 0}}]",['SOV']
1577,सीडब्ल्यू ने श्रृंखला को रद्द किया।,1,"[{'subject': {'upos': 'PROPN', 'text': 'सीडब्ल्यू', 'id': 1, 'deprel': 'nsubj', 'head': 6}, 'object': {'upos': 'NOUN', 'text': 'श्रृंखला', 'id': 3, 'deprel': 'obj', 'head': 6}, 'verb': {'upos': 'VERB', 'text': 'किया', 'id': 6, 'deprel': 'root', 'head': 0}}]",['SOV']
1579,"मोर्स प्रारंभिक 1970 से 1980 के दशक में अच्छी तरह से करने के लिए, Boleskine हाउस, तांत्रिक Aleister Crowley के पूर्व निवास जिमी पेज के स्वामित्व वाले थे।",1,"[{'subject': {'upos': 'PROPN', 'text': 'मोर्स', 'id': 1, 'deprel': 'nsubj', 'head': 30}, 'object': {'upos': 'NOUN', 'text': 'स्वामित्व', 'id': 28, 'deprel': 'obj', 'head': 30}, 'verb': {'upos': 'VERB', 'text': 'थे', 'id': 30, 'deprel': 'root', 'head': 0}}]",['SOV']
1584,हैंडबॉल के लिए नियमों का पहला सेट 1906 में लेफ्टिनेंट और ओलंपिक पदक विजेता होल्गर नीलसन द्वारा लिखा गया था।,1,"[{'object': {'upos': 'NOUN', 'text': 'सेट', 'id': 7, 'deprel': 'obj', 'head': 18}, 'subject': {'upos': 'PROPN', 'text': 'नीलसन', 'id': 16, 'deprel': 'nsubj:pass', 'head': 18}, 'verb': {'upos': 'VERB', 'text': 'लिखा', 'id': 18, 'deprel': 'root', 'head': 0}}]",['OSV']
1597,"एस्कोबार ने मार्च 1976 में मारिया विक्टोरिया से शादी की, जब वह 15 साल की थी।",1,"[{'subject': {'upos': 'PROPN', 'text': 'एस्कोबार', 'id': 1, 'deprel': 'nsubj', 'head': 10}, 'object': {'upos': 'PROPN', 'text': 'विक्टोरिया', 'id': 7, 'deprel': 'obj', 'head': 10}, 'verb': {'upos': 'VERB', 'text': 'की', 'id': 10, 'deprel': 'root', 'head': 0}}]",['SOV']
1604,"थन्नीरमुक्कोम के पास ताजे पानी को खारे पानी के द्वारा दूषित होने से रोकने के लिए कोल्लम में नीन्दाकारा के पास एक बाँध बनाया गया है, जिससे खारे समुद्री पानी को रोका जाता है ताकि मीठा पानी बचा रहे और सिंचाई के लिए प्रयोग किया जाता है।",1,"[{'object': {'upos': 'NOUN', 'text': 'पानी', 'id': 5, 'deprel': 'obj', 'head': 12}, 'subject': {'upos': 'NOUN', 'text': 'पानी', 'id': 8, 'deprel': 'nsubj', 'head': 12}, 'verb': {'upos': 'VERB', 'text': 'होने', 'id': 12, 'deprel': 'obl', 'head': 14}}]",['OSV']
1609,उन्होंने अपने करियर में 8540 रन बनाए।,1,"[{'subject': {'upos': 'PRON', 'text': 'उन्होंने', 'id': 1, 'deprel': 'nsubj', 'head': 7}, 'object': {'upos': 'NOUN', 'text': 'रन', 'id': 6, 'deprel': 'obj', 'head': 7}, 'verb': {'upos': 'VERB', 'text': 'बनाए', 'id': 7, 'deprel': 'root', 'head': 0}}]",['SOV']
1619,"शाहरुख खान की प्रोडक्शन कंपनी रेड चिलीज़ एंटरटेनमेंट ने अपनी पहली फिल्म ""मैं हूँ ना"" को 30 अप्रैल 2004 को रिलीज की थी।",1,"[{'subject': {'upos': 'PROPN', 'text': 'एंटरटेनमेंट', 'id': 8, 'deprel': 'nsubj', 'head': 24}, 'object': {'upos': 'PROPN', 'text': 'ना', 'id': 16, 'deprel': 'obj', 'head': 24}, 'verb': {'upos': 'VERB', 'text': 'की', 'id': 24, 'deprel': 'root', 'head': 0}}]",['SOV']
1630,बृहस्पति का वातावरण तापीय विकिरण उत्पन्न करता है।,1,"[{'subject': {'upos': 'NOUN', 'text': 'वातावरण', 'id': 3, 'deprel': 'nsubj', 'head': 7}, 'object': {'upos': 'NOUN', 'text': 'विकिरण', 'id': 5, 'deprel': 'obj', 'head': 7}, 'verb': {'upos': 'VERB', 'text': 'करता', 'id': 7, 'deprel': 'root', 'head': 0}}]",['SOV']
1652,आधारी धमनी का कार्य ब्रेनस्टेम को ऑक्सीजन और प्रोटीन की आपूर्ति करना है।,1,"[{'subject': {'upos': 'NOUN', 'text': 'कार्य', 'id': 4, 'deprel': 'nsubj', 'head': 13}, 'object': {'upos': 'VERB', 'text': 'करना', 'id': 12, 'deprel': 'obj', 'head': 13}, 'verb': {'upos': 'VERB', 'text': 'है', 'id': 13, 'deprel': 'root', 'head': 0}}]",['SOV']
1655,"हिंदी में उत्तर: स्मिथसोनियन शोधकर्ताओं द्वारा जांच के बाद यह पाया गया है कि ""यह ब्रिटिश म्यूजियम के कपाल की बहुत करीबी नकल है-आकार में लगभग बिल्कुल समान, लेकिन आंखों और दांतों की अधिक विस्तृत गढ़ाई युक्त.""",1,"[{'subject': {'upos': 'NOUN', 'text': 'शोधकर्ताओं', 'id': 5, 'deprel': 'nsubj:pass', 'head': 11}, 'object': {'upos': 'PRON', 'text': 'यह', 'id': 10, 'deprel': 'obj', 'head': 11}, 'verb': {'upos': 'VERB', 'text': 'पाया', 'id': 11, 'deprel': 'root', 'head': 0}}]",['SOV']
1656,कनपटी धमनीशोथ आम तौर पर 50 से अधिक वर्ष की उम्र के लोगों को होता है।,1,"[{'subject': {'upos': 'PROPN', 'text': 'धमनीशोथ', 'id': 2, 'deprel': 'nsubj', 'head': 15}, 'object': {'upos': 'NOUN', 'text': 'लोगों', 'id': 13, 'deprel': 'obj', 'head': 15}, 'verb': {'upos': 'VERB', 'text': 'होता', 'id': 15, 'deprel': 'root', 'head': 0}}]",['SOV']
1661,माइग्रेन 10% से अधिक लोगों को प्रभावित करता है।,1,"[{'subject': {'upos': 'NOUN', 'text': 'माइग्रेन', 'id': 1, 'deprel': 'nsubj', 'head': 8}, 'object': {'upos': 'NOUN', 'text': 'लोगों', 'id': 5, 'deprel': 'obj', 'head': 8}, 'verb': {'upos': 'VERB', 'text': 'करता', 'id': 8, 'deprel': 'root', 'head': 0}}]",['SOV']
1665,"माइग्रेन शब्द का स्रोत प्राचीन मिस्र में लिखी गयी इबेरस पेपाइरस में दिया गया है, जहां सिरदर्द के पूर्व होने वाली दृष्य ऑरा और उल्टी से होनेवाली आंशिक राहत का वर्णन किया गया है। अरेटियस ने सिरदर्द को तीन प्रकारों में विभाजित किया था और शब्द हेमीक्रानिया (आधा-सिर) का उपयोग किया था, जिससे अंततः शब्द माइग्रेन विकसित हुआ।",1,"[{'subject': {'upos': 'PROPN', 'text': 'अरेटियस', 'id': 1, 'deprel': 'nsubj', 'head': 9}, 'object': {'upos': 'NOUN', 'text': 'सिरदर्द', 'id': 3, 'deprel': 'obj', 'head': 9}, 'verb': {'upos': 'VERB', 'text': 'किया', 'id': 9, 'deprel': 'root', 'head': 0}}]",['SOV']
1666,"माइग्रेन के प्रभावों में काम के छूटने के कारण हुई हानि, कार्यक्षमता का एक तिहाई तक कम होना, परिवार पर नकारात्मक प्रभाव पड़ना और चिकित्सीय लागत और उत्पादन क्षय के महत्वपूर्ण स्रोत होना शामिल है।",1,"[{'subject': {'upos': 'NOUN', 'text': 'हानि', 'id': 11, 'deprel': 'nsubj', 'head': 37}, 'object': {'upos': 'ADJ', 'text': 'शामिल', 'id': 36, 'deprel': 'obj', 'head': 37}, 'verb': {'upos': 'VERB', 'text': 'है', 'id': 37, 'deprel': 'root', 'head': 0}}]",['SOV']
1684,नेव्हेपेट्रे मंटूहोटेप II के सेनापतित्व में थेबन बलों ने हेराक्लियोपोलिटन शासकों को हराया गया था।,1,"[{'subject': {'upos': 'NOUN', 'text': 'बलों', 'id': 8, 'deprel': 'nsubj:pass', 'head': 13}, 'object': {'upos': 'NOUN', 'text': 'शासकों', 'id': 11, 'deprel': 'obj', 'head': 13}, 'verb': {'upos': 'VERB', 'text': 'हराया', 'id': 13, 'deprel': 'root', 'head': 0}}]",['SOV']
1688,के बीच असीरिया ने मिस्र पर हमला शुरू किया।,1,"[{'subject': {'upos': 'PROPN', 'text': 'असीरिया', 'id': 3, 'deprel': 'nsubj', 'head': 9}, 'object': {'upos': 'NOUN', 'text': 'हमला', 'id': 7, 'deprel': 'obj', 'head': 9}, 'verb': {'upos': 'VERB', 'text': 'किया', 'id': 9, 'deprel': 'root', 'head': 0}}]",['SOV']
1690,मिश्रवासियों ने पौधों और जानवरों को लौकिक अवस्था का एक अनिवार्य हिस्सा माना है।,1,"[{'subject': {'upos': 'NOUN', 'text': 'मिश्रवासियों', 'id': 1, 'deprel': 'nsubj', 'head': 13}, 'object': {'upos': 'NOUN', 'text': 'पौधों', 'id': 3, 'deprel': 'obj', 'head': 13}, 'verb': {'upos': 'VERB', 'text': 'माना', 'id': 13, 'deprel': 'root', 'head': 0}}]",['SOV']
1697,"मिस्र मुख्य रूप से अनाज, सोना, सन के कपड़े और पेपिरस का निर्यात करता था, जिसके बदले में उसे विलासिता की सामग्रियाँ और कच्चा माल प्राप्त होता था।",1,"[{'subject': {'upos': 'PROPN', 'text': 'मिस्र', 'id': 1, 'deprel': 'nsubj', 'head': 16}, 'object': {'upos': 'NOUN', 'text': 'अनाज', 'id': 5, 'deprel': 'obj', 'head': 16}, 'verb': {'upos': 'VERB', 'text': 'करता', 'id': 16, 'deprel': 'root', 'head': 0}}]",['SOV']
1699,"पद्धतियों को प्रतिस्थापित किया गया है: * मिस्र की चित्रलिपि को कॉप्टिक वर्णमाला द्वारा प्रतिस्थापित किया गया। * प्राचीन मिस्र की भाषा के पुराने शब्द-क्रम को परवर्ती मिस्र में विकसित पूर्वप्रत्यय निश्चयवाचक और अनिश्चयवाचक उपपद द्वारा प्रतिस्थापित किया गया। * प्रोटीन संरचना के निर्माण की तुलना में प्रोटीन अनुक्रम का निर्माण बहुत सरल है, लेकिन प्रोटीन की संरचना उसके अनुक्रम की तुलना में प्रोटीन की क्रियाओं की अधिक जानकारी देती है।",1,"[{'subject': {'upos': 'NOUN', 'text': 'संरचना', 'id': 19, 'deprel': 'nsubj', 'head': 31}, 'object': {'upos': 'NOUN', 'text': 'जानकारी', 'id': 30, 'deprel': 'obj', 'head': 31}, 'verb': {'upos': 'VERB', 'text': 'देती', 'id': 31, 'deprel': 'conj', 'head': 13}}]",['SOV']
1703,चौथी सदी में सिर्फ चंद पुजारी चित्रलिपि लेखन को पढ़ सकते थे।,1,"[{'subject': {'upos': 'NOUN', 'text': 'पुजारी', 'id': 6, 'deprel': 'nsubj', 'head': 10}, 'object': {'upos': 'NOUN', 'text': 'लेखन', 'id': 8, 'deprel': 'obj', 'head': 10}, 'verb': {'upos': 'VERB', 'text': 'पढ़', 'id': 10, 'deprel': 'root', 'head': 0}}]",['SOV']
1711,"युवा लोगों द्वारा खेल और संगीत सहित कई गतिविधियों का आनंद लिया जाता था। सेनेट और मेहेन जैसे बोर्ड गेम, करतब दिखाना और गेंद के खेल बच्चों में लोकप्रिय थे।",1,"[{'subject': {'upos': 'NOUN', 'text': 'गेम', 'id': 6, 'deprel': 'nsubj', 'head': 17}, 'object': {'upos': 'ADJ', 'text': 'लोकप्रिय', 'id': 16, 'deprel': 'obj', 'head': 17}, 'verb': {'upos': 'VERB', 'text': 'थे', 'id': 17, 'deprel': 'root', 'head': 0}}]",['SOV']
1715,"रक्त-मस्तिष्क अवरोध सामान्य रूप से इन प्रकार की कोशिकाओं के लिए पारगम्य नहीं होता है, जब तक कि यह संक्रमण या किसी विषाणु द्वारा सक्रीय नहीं किया जाता है, जो अवरोध उत्पन्न करने वाले ठोस जोड़ों की अखंडता को कम करता है।",1,"[{'subject': {'upos': 'PRON', 'text': 'जो', 'id': 32, 'deprel': 'nsubj', 'head': 43}, 'object': {'upos': 'NOUN', 'text': 'अखंडता', 'id': 40, 'deprel': 'obj', 'head': 43}, 'verb': {'upos': 'VERB', 'text': 'करता', 'id': 43, 'deprel': 'acl:relcl', 'head': 20}}]",['SOV']
1731,"हिरागाना का विकास मानयोगाना (मानयोशू नामक काव्य संकलन के उपयुक्त) के उपयोग से हुआ, जिसमें चीनी अक्षरों के अर्थ के बजाय उनके ध्वनि के लिए इस्तेमाल किया जाता था। इसके बाद, महिलाओं द्वारा रची गई हेइआन काल के साहित्य के प्रमुख कृतियाँ हिरागाना में हैं, और मठ के छात्रों ने मानयोगाना अक्षरों को केवल एक घटक तत्त्व में सरलीकृत किया।",1,"[{'subject': {'upos': 'NOUN', 'text': 'छात्रों', 'id': 22, 'deprel': 'nsubj', 'head': 33}, 'object': {'upos': 'NOUN', 'text': 'अक्षरों', 'id': 25, 'deprel': 'obj', 'head': 33}, 'verb': {'upos': 'VERB', 'text': 'किया', 'id': 33, 'deprel': 'conj', 'head': 15}}]",['SOV']
1738,चर्मपत्र की उम्र के बारे में परीक्षण ने 95% से अधिक की संभावना के साथ दिखाया कि यह 568 और 645 के बीच था।,1,"[{'subject': {'upos': 'NOUN', 'text': 'परीक्षण', 'id': 7, 'deprel': 'nsubj', 'head': 16}, 'verb': {'upos': 'VERB', 'text': 'दिखाया', 'id': 16, 'deprel': 'root', 'head': 0}, 'object': {'upos': 'NUM', 'text': '568', 'id': 19, 'deprel': 'obj', 'head': 16}}]",['SVO']
1740,"कुछ विशेषज्ञों का दावा है कि कुरान का अंतिम अर्थ केवल भगवान के लिए जाना जाता है, जबकि कुरानिक शाब्दिकता और सलाफिस और जहीरिस का मानना ​​है कि कुरान को केवल इसके स्पष्ट अर्थ में ही लिया जाना चाहिए।",1,"[{'subject': {'upos': 'NOUN', 'text': 'शाब्दिकता', 'id': 21, 'deprel': 'nsubj', 'head': 27}, 'verb': {'upos': 'VERB', 'text': 'मानना', 'id': 27, 'deprel': 'nsubj', 'head': 29}, 'object': {'upos': 'VERB', 'text': 'लिया', 'id': 39, 'deprel': 'obj', 'head': 27}}]",['SVO']
1742,मुद्रण को व्यापक रूप से अपनाया जाने से पहले कुरान को कॉलिग्राफर्स और प्रतिवादियों द्वारा बनाई गई पांडुलिपियों में प्रसारित किया गया था। सबसे पुरानी पांडुलिपियों को इजाजी- टाइप स्क्रिप्ट में लिखा गया था। हिजाजी शैली पांडुलिपियों ने फिर भी पुष्टि की है कि लेखन में कुरान का प्रसारण शुरुआती चरण में शुरू हुआ था।,1,"[{'subject': {'upos': 'NOUN', 'text': 'पांडुलिपियों', 'id': 3, 'deprel': 'nsubj', 'head': 8}, 'verb': {'upos': 'VERB', 'text': 'की', 'id': 8, 'deprel': 'root', 'head': 0}, 'object': {'upos': 'VERB', 'text': 'हुआ', 'id': 20, 'deprel': 'obj', 'head': 8}}]",['SVO']
1747,"अगले वर्ष, कीज़ ने अपनी पहली स्टूडियो एलबम सांग्स इन ए मिरर (Songs in A Minor) के रीमिक्स्ड एंड अनप्लग्ड इन ए मिरर (Remixed & Unplugged in A Minor) को फिर से रिलीज़ किया, जिसमें आठ रीमिक्स और मूल गानों के सात अनप्लग्ड संस्करण शामिल हैं।",1,"[{'subject': {'upos': 'PROPN', 'text': 'कीज़', 'id': 4, 'deprel': 'nsubj', 'head': 39}, 'object': {'upos': 'PROPN', 'text': 'मिरर', 'id': 26, 'deprel': 'obj', 'head': 39}, 'verb': {'upos': 'VERB', 'text': 'किया', 'id': 39, 'deprel': 'root', 'head': 0}}]",['SOV']
1748,एलिशिया कीज़ ने 2006 में तीन एनएएसीपी इमेज अवार्ड जीते।,1,"[{'subject': {'upos': 'PROPN', 'text': 'कीज़', 'id': 2, 'deprel': 'nsubj', 'head': 10}, 'object': {'upos': 'NOUN', 'text': 'अवार्ड', 'id': 9, 'deprel': 'obj', 'head': 10}, 'verb': {'upos': 'VERB', 'text': 'जीते', 'id': 10, 'deprel': 'root', 'head': 0}}]",['SOV']
1753,1992 में घाली ने शांति के लिए एजेंडा प्रस्तुत किया।,1,"[{'subject': {'upos': 'PROPN', 'text': 'घाली', 'id': 3, 'deprel': 'nsubj', 'head': 10}, 'object': {'upos': 'NOUN', 'text': 'एजेंडा', 'id': 8, 'deprel': 'obj', 'head': 10}, 'verb': {'upos': 'VERB', 'text': 'किया', 'id': 10, 'deprel': 'root', 'head': 0}}]",['SOV']
1755,"पेज को हाय रैंक मिल सकता है यदि उसे उच्च पेजरैंक वाले अनेक पृष्ठों ने लिंक बनाए हों। पेजरैंक एक मेट्रिक है जो एक पृष्ठ के लिए उसके लिंक की संख्या और संबंधित पृष्ठों के पेजरैंक के आधार पर निर्धारित किया जाता है। यदि एक पृष्ठ के साथ उच्च पेजरैंक वाले अनेक पृष्ठों ने लिंक बनाए हों, तो उसके लिए उच्च पेजरैंक मिलता है।",1,"[{'subject': {'upos': 'NOUN', 'text': 'पृष्ठों', 'id': 10, 'deprel': 'nsubj', 'head': 13}, 'object': {'upos': 'NOUN', 'text': 'लिंक', 'id': 12, 'deprel': 'obj', 'head': 13}, 'verb': {'upos': 'VERB', 'text': 'बनाए', 'id': 13, 'deprel': 'advcl', 'head': 21}}]",['SOV']
1760,भारतीय स्वतंत्रता आंदोलन 20वीं सदी के प्रारंभिक दशकों में हुआ था और मद्रास ने इसमें एक महत्वपूर्ण योगदान दिया था।,1,"[{'subject': {'upos': 'PROPN', 'text': 'मद्रास', 'id': 13, 'deprel': 'nsubj', 'head': 19}, 'object': {'upos': 'NOUN', 'text': 'योगदान', 'id': 18, 'deprel': 'obj', 'head': 19}, 'verb': {'upos': 'VERB', 'text': 'दिया', 'id': 19, 'deprel': 'conj', 'head': 10}}]",['SOV']
1766,टैगोर ने सन १९१९ में जलियाँवाला बाग हत्याकांड के विरोध में नाइटहुड की पदवी से सम्मानित किया था।,1,"[{'subject': {'upos': 'PROPN', 'text': 'टैगोर', 'id': 1, 'deprel': 'nsubj', 'head': 17}, 'object': {'upos': 'NOUN', 'text': 'पदवी', 'id': 14, 'deprel': 'obj', 'head': 17}, 'verb': {'upos': 'VERB', 'text': 'किया', 'id': 17, 'deprel': 'root', 'head': 0}}]",['SOV']
1771,सिबुआनो (Cebuano) भाषा बोलते हैं।,1,"[{'subject': {'upos': 'PROPN', 'text': 'सिबुआनो', 'id': 1, 'deprel': 'nsubj', 'head': 6}, 'object': {'upos': 'NOUN', 'text': 'भाषा', 'id': 5, 'deprel': 'obj', 'head': 6}, 'verb': {'upos': 'VERB', 'text': 'बोलते', 'id': 6, 'deprel': 'root', 'head': 0}}]",['SOV']
1781,"गैस्ट्रोस्काइसिस का कारण ज्ञात नहीं है। परन्तु कुछ मामलों में अनुवांशिक कारण हो सकते हैं, और गर्भावस्था के दौरान मां को उजागर करने के लिए पर्यावरणीय कारक भी हो सकते हैं। छोटी उम्र में मां बनना, और माँ बनने वाली महिलओं का शराब या तंबाकू का सेवन करना भी शामिल है।",1,"[{'subject': {'upos': 'VERB', 'text': 'बनना', 'id': 5, 'deprel': 'nsubj', 'head': 21}, 'object': {'upos': 'ADJ', 'text': 'शामिल', 'id': 20, 'deprel': 'obj', 'head': 21}, 'verb': {'upos': 'VERB', 'text': 'है', 'id': 21, 'deprel': 'root', 'head': 0}}]",['SOV']
1782,बुच ने महत्वपूर्ण घड़ी को पैक करना भूल गई थी।,1,"[{'subject': {'upos': 'PROPN', 'text': 'बुच', 'id': 1, 'deprel': 'nsubj', 'head': 8}, 'object': {'upos': 'VERB', 'text': 'करना', 'id': 7, 'deprel': 'obj', 'head': 8}, 'verb': {'upos': 'VERB', 'text': 'भूल', 'id': 8, 'deprel': 'root', 'head': 0}}]",['SOV']
1783,मुसलमानों ने भारत के आर्थिक उदय और सांस्कृतिक प्रभुत्व में महती भूमिका निभाई है।,1,"[{'subject': {'upos': 'NOUN', 'text': 'मुसलमानों', 'id': 1, 'deprel': 'nsubj', 'head': 13}, 'object': {'upos': 'NOUN', 'text': 'भूमिका', 'id': 12, 'deprel': 'obj', 'head': 13}, 'verb': {'upos': 'VERB', 'text': 'निभाई', 'id': 13, 'deprel': 'root', 'head': 0}}]",['SOV']
1790,"फ्रेंच फुटबॉल फेडरेशन ने कैंटोना को एक महीने का प्रतिबंध लगाया था, जिसके बाद प्रतिबंध तीन महीने के लिए बढ़ा दिया गया था।",1,"[{'subject': {'upos': 'PROPN', 'text': 'फेडरेशन', 'id': 3, 'deprel': 'nsubj', 'head': 11}, 'object': {'upos': 'NOUN', 'text': 'प्रतिबंध', 'id': 10, 'deprel': 'obj', 'head': 11}, 'verb': {'upos': 'VERB', 'text': 'लगाया', 'id': 11, 'deprel': 'root', 'head': 0}}]",['SOV']
1791,"करीना के कैरियर में एक महत्वपूर्ण मोड़ है और उसके काम का वर्णन करने के लिए ""फंतास्टिक"" शब्द बिलकुल सही है।",1,"[{'subject': {'upos': 'NOUN', 'text': 'शब्द', 'id': 20, 'deprel': 'nsubj', 'head': 23}, 'object': {'upos': 'ADJ', 'text': 'सही', 'id': 22, 'deprel': 'obj', 'head': 23}, 'verb': {'upos': 'VERB', 'text': 'है', 'id': 23, 'deprel': 'conj', 'head': 7}}]",['SOV']
1795,"मूत्र मार्ग का कैथेटराइज़ेशन मूत्र मार्ग के संक्रमण के जोखिम को 3 से 6 प्रतिशत, प्रतिदिन के बीच बढ़ाता है।",1,"[{'subject': {'upos': 'NOUN', 'text': 'कैथेटराइज़ेशन', 'id': 4, 'deprel': 'nsubj', 'head': 20}, 'object': {'upos': 'NOUN', 'text': 'जोखिम', 'id': 10, 'deprel': 'obj', 'head': 20}, 'verb': {'upos': 'VERB', 'text': 'बढ़ाता', 'id': 20, 'deprel': 'root', 'head': 0}}]",['SOV']
1801,कुछ देश ट्राइमैथोप्रिम को TMP/SMX के बराबर मानते हैं।,1,"[{'subject': {'upos': 'NOUN', 'text': 'देश', 'id': 2, 'deprel': 'nsubj', 'head': 8}, 'object': {'upos': 'PROPN', 'text': 'ट्राइमैथोप्रिम', 'id': 3, 'deprel': 'obj', 'head': 8}, 'verb': {'upos': 'VERB', 'text': 'मानते', 'id': 8, 'deprel': 'root', 'head': 0}}]",['SOV']
1802,"उन लोगों के लिए जो अधिक गंभीर लक्षण प्रदर्शित करते हैं, दिये जा रहे एंटीबायोटिक्स के लिये अस्पताल में भर्ती किये जाने की आवश्यकता है।",1,"[{'subject': {'upos': 'PRON', 'text': 'जो', 'id': 5, 'deprel': 'nsubj', 'head': 10}, 'object': {'upos': 'NOUN', 'text': 'लक्षण', 'id': 8, 'deprel': 'obj', 'head': 10}, 'verb': {'upos': 'VERB', 'text': 'करते', 'id': 10, 'deprel': 'acl:relcl', 'head': 16}}]",['SOV']
1812,"हाँ, इलेक्ट्रोकेमिकल सेल Emf प्रदान करने में सक्षम हैं। इलेक्ट्रोकेमिकल सेल, जैसे वोल्टीय सेल, विद्युतउष्मीय युक्तियाँ, सौर सेल, विद्युत जनित्र, वान डी ग्राफ आदि कुछ विद्युतवाहक बल उत्पन्न करने वाले सामान हैं, जो Emf प्रदान करते हैं।",1,"[{'subject': {'upos': 'PRON', 'text': 'जो', 'id': 30, 'deprel': 'nsubj', 'head': 33}, 'object': {'upos': 'NOUN', 'text': 'Emf', 'id': 31, 'deprel': 'obj', 'head': 33}, 'verb': {'upos': 'VERB', 'text': 'करते', 'id': 33, 'deprel': 'acl:relcl', 'head': 23}}]",['SOV']
1818,"जब एक पारी को घोषित कर दिया जाता है, तो आवश्यकता का एक उदाहरण है कि सभी बल्लेबाजों के आउट हो जाने के बाद एक पारी समाप्त हो जाती है, अगर कोई अन्य बल्लेबाज खेलने के लिए फिट नहीं होता है तो पारी घोषित कर दी जाती है या बल्लेबाजी कप्तान द्वारा इसका अधिकार खो दिया जाता है या जब कोई सहमत समय या ओवर की सीमा पूरी हो जाती है।",1,"[{'subject': {'upos': 'NOUN', 'text': 'कप्तान', 'id': 53, 'deprel': 'nsubj:pass', 'head': 57}, 'object': {'upos': 'NOUN', 'text': 'अधिकार', 'id': 56, 'deprel': 'obj', 'head': 57}, 'verb': {'upos': 'VERB', 'text': 'खो', 'id': 57, 'deprel': 'conj', 'head': 47}}]",['SOV']
1826,"- विन्सेन्ट ने ""मिक फ्यूरी"" नाम का सुझाव दिया मगर यह भी मना कर दिया गया और अंत में नाम बदल कर विनी विन्सेन्ट रख दिया गया।",1,"[{'subject': {'upos': 'PROPN', 'text': 'विन्सेन्ट', 'id': 2, 'deprel': 'nsubj', 'head': 11}, 'object': {'upos': 'PRON', 'text': 'यह', 'id': 13, 'deprel': 'obj', 'head': 16}, 'verb': {'upos': 'VERB', 'text': 'कर', 'id': 16, 'deprel': 'conj', 'head': 11}}]",['SOV']
1828,बैंड ने क्रिस और फ्रेहले से संपर्क किया।,1,"[{'subject': {'upos': 'NOUN', 'text': 'बैंड', 'id': 1, 'deprel': 'nsubj', 'head': 8}, 'object': {'upos': 'PROPN', 'text': 'क्रिस', 'id': 3, 'deprel': 'obj', 'head': 8}, 'verb': {'upos': 'VERB', 'text': 'किया', 'id': 8, 'deprel': 'root', 'head': 0}}]",['SOV']
1829,क्रिस ने 2001 में बैंड छोड़ा था।,1,"[{'subject': {'upos': 'PROPN', 'text': 'क्रिस', 'id': 1, 'deprel': 'nsubj', 'head': 6}, 'object': {'upos': 'NOUN', 'text': 'बैंड', 'id': 5, 'deprel': 'obj', 'head': 6}, 'verb': {'upos': 'VERB', 'text': 'छोड़ा', 'id': 6, 'deprel': 'root', 'head': 0}}]",['SOV']
1837,"केट कॉनर के रूप में ब्राइस डलास हावर्ड के अनुसार, केट ने चिकित्सा की पुस्तकों का अध्ययन किया और क़यामत के दिन की घटनाओं के बाद कई जीवित डॉक्टरों के साक्षात्कार लिए थे।",1,"[{'subject': {'upos': 'PROPN', 'text': 'केट', 'id': 12, 'deprel': 'nsubj', 'head': 19}, 'object': {'upos': 'NOUN', 'text': 'साक्षात्कार', 'id': 32, 'deprel': 'obj', 'head': 33}, 'verb': {'upos': 'VERB', 'text': 'लिए', 'id': 33, 'deprel': 'conj', 'head': 19}}]",['SOV']
1841,डैनी एल्फ़मैन ने जनवरी 2009 में स्वर-लिपि रचना शुरू किया था।,1,"[{'subject': {'upos': 'PROPN', 'text': 'एल्फ़मैन', 'id': 2, 'deprel': 'nsubj', 'head': 10}, 'object': {'upos': 'NOUN', 'text': 'रचना', 'id': 8, 'deprel': 'obj', 'head': 10}, 'verb': {'upos': 'VERB', 'text': 'किया', 'id': 10, 'deprel': 'root', 'head': 0}}]",['SOV']
1851,"मैथेसन ने १९५६ में लघु कहानी ""स्टील"" लिखी थी।",1,"[{'subject': {'upos': 'PROPN', 'text': 'मैथेसन', 'id': 1, 'deprel': 'nsubj', 'head': 10}, 'object': {'upos': 'NOUN', 'text': 'कहानी', 'id': 6, 'deprel': 'obj', 'head': 10}, 'verb': {'upos': 'VERB', 'text': 'लिखी', 'id': 10, 'deprel': 'root', 'head': 0}}]",['SOV']
1858,इंटेल ने 1 फ़रवरी 2004 को नया कोर कोडनेम 'प्रेस्कॉट' पेश किया।,1,"[{'subject': {'upos': 'PROPN', 'text': 'इंटेल', 'id': 1, 'deprel': 'nsubj', 'head': 14}, 'object': {'upos': 'PROPN', 'text': 'प्रेस्कॉट', 'id': 11, 'deprel': 'obj', 'head': 14}, 'verb': {'upos': 'VERB', 'text': 'किया', 'id': 14, 'deprel': 'root', 'head': 0}}]",['SOV']
1861,"क्लाज़ इब्नेर ने विभिन्न कंपनियों और संस्थानों के लिए काम किया, जिसमें अनुवादक, विदेशी भाषायों के अध्यापक, सूचना प्रौद्योगिकी परियोजना के साथ-साथ कंप्यूटर सॉफ़्टवेयर और नेटवर्किंग जैसे विषयों पर लेखन किया।",1,"[{'subject': {'upos': 'PROPN', 'text': 'इब्नेर', 'id': 2, 'deprel': 'nsubj', 'head': 11}, 'object': {'upos': 'NOUN', 'text': 'काम', 'id': 10, 'deprel': 'obj', 'head': 11}, 'verb': {'upos': 'VERB', 'text': 'किया', 'id': 11, 'deprel': 'root', 'head': 0}}]",['SOV']
1869,"चीनी मांग आंशिक रूप से अमेरिकास से स्पेनिश आयातों द्वारा पूरी की गई थी, मनीला में स्पेनिशों की 1571 में स्थापना के बाद, विशेषकर Potosi पेरू और मेक्सिको में.",1,"[{'object': {'upos': 'NOUN', 'text': 'मांग', 'id': 2, 'deprel': 'obj', 'head': 12}, 'subject': {'upos': 'NOUN', 'text': 'आयातों', 'id': 9, 'deprel': 'nsubj:pass', 'head': 12}, 'verb': {'upos': 'VERB', 'text': 'की', 'id': 12, 'deprel': 'root', 'head': 0}}]",['OSV']
1874,कुआमिनटांग ने 1949 में चीन को रजत मानक पर लौटाया था।,1,"[{'subject': {'upos': 'PROPN', 'text': 'कुआमिनटांग', 'id': 1, 'deprel': 'nsubj', 'head': 10}, 'object': {'upos': 'PROPN', 'text': 'चीन', 'id': 5, 'deprel': 'obj', 'head': 10}, 'verb': {'upos': 'VERB', 'text': 'लौटाया', 'id': 10, 'deprel': 'root', 'head': 0}}]",['SOV']
1876,"हांगकांग डॉलर कानूनी निविदा नहीं बना था। इसके बजाय, जापानी सरकार ने 1943 में हांगकांग डॉलर के स्वत्व को अवैध बनाया और 4 से 1 की दर पर JMY विनिमेयता आवश्यक हुई।",1,"[{'subject': {'upos': 'NOUN', 'text': 'सरकार', 'id': 5, 'deprel': 'nsubj', 'head': 15}, 'object': {'upos': 'NOUN', 'text': 'स्वत्व', 'id': 12, 'deprel': 'obj', 'head': 15}, 'verb': {'upos': 'VERB', 'text': 'बनाया', 'id': 15, 'deprel': 'root', 'head': 0}}]",['SOV']
1880,"न्यूयॉर्क शहर में स्थानांतरित होने के बाद, सिया ने संयुक्त राज्य भर में दौरा शुरू कर दिया था।",1,"[{'subject': {'upos': 'PROPN', 'text': 'सिया', 'id': 9, 'deprel': 'nsubj', 'head': 17}, 'object': {'upos': 'NOUN', 'text': 'दौरा', 'id': 15, 'deprel': 'obj', 'head': 17}, 'verb': {'upos': 'VERB', 'text': 'कर', 'id': 17, 'deprel': 'root', 'head': 0}}]",['SOV']
1881,सिया ने क्रिस्प बैंड को शुरू किया।,1,"[{'subject': {'upos': 'PROPN', 'text': 'सिया', 'id': 1, 'deprel': 'nsubj', 'head': 7}, 'object': {'upos': 'NOUN', 'text': 'बैंड', 'id': 4, 'deprel': 'obj', 'head': 7}, 'verb': {'upos': 'VERB', 'text': 'किया', 'id': 7, 'deprel': 'root', 'head': 0}}]",['SOV']
1884,सिया ने ब्रिटिश बैंड जामिरोकई के लिए एक पृष्ठभूमि गायक के रूप में प्रदर्शन किया और अपने पहले तीन स्टूडियो एल्बमों पर अंग्रेजी डाउनटेम्पो ग्रुप ज़ीरो 7 के लिए मुख्य गायन प्रदान किया।,1,"[{'subject': {'upos': 'PROPN', 'text': 'सिया', 'id': 1, 'deprel': 'nsubj', 'head': 15}, 'object': {'upos': 'NOUN', 'text': 'गायन', 'id': 31, 'deprel': 'obj', 'head': 33}, 'verb': {'upos': 'VERB', 'text': 'किया', 'id': 33, 'deprel': 'conj', 'head': 15}}]",['SOV']
1886,"सिया ने 2010 के एआरआईए संगीत पुरस्कारों में दो पुरस्कार जीते, जिनमें से एक सर्वश्रेष्ठ स्वतंत्र रिलीज और दूसरा सर्वश्रेष्ठ पॉप रिलीज़ था।",1,"[{'subject': {'upos': 'PROPN', 'text': 'सिया', 'id': 1, 'deprel': 'nsubj', 'head': 11}, 'object': {'upos': 'NOUN', 'text': 'पुरस्कार', 'id': 10, 'deprel': 'obj', 'head': 11}, 'verb': {'upos': 'VERB', 'text': 'जीते', 'id': 11, 'deprel': 'root', 'head': 0}}]",['SOV']
1887,"सिया ने 2011 और 2013 के बीच बैयन्से, काइली मिनोग, फ्लो रिडा और रिहाना के लिए गाने लिखे थे।",1,"[{'subject': {'upos': 'PROPN', 'text': 'सिया', 'id': 1, 'deprel': 'nsubj', 'head': 20}, 'object': {'upos': 'NOUN', 'text': 'गाने', 'id': 19, 'deprel': 'obj', 'head': 20}, 'verb': {'upos': 'VERB', 'text': 'लिखे', 'id': 20, 'deprel': 'root', 'head': 0}}]",['SOV']
1888,सिया ने 2011 में जेडी सैमसन से नाता तोड़ लिया।,1,"[{'subject': {'upos': 'PROPN', 'text': 'सिया', 'id': 1, 'deprel': 'nsubj', 'head': 9}, 'object': {'upos': 'PROPN', 'text': 'सैमसन', 'id': 6, 'deprel': 'obj', 'head': 9}, 'verb': {'upos': 'VERB', 'text': 'तोड़', 'id': 9, 'deprel': 'root', 'head': 0}}]",['SOV']
1891,हिंदू और बौद्ध प्रतिनिधि आधुनिक पटना को कुसुमपुरा कहते हैं।,1,"[{'subject': {'upos': 'PROPN', 'text': 'हिंदू', 'id': 1, 'deprel': 'nsubj', 'head': 9}, 'object': {'upos': 'PROPN', 'text': 'पटना', 'id': 6, 'deprel': 'obj', 'head': 9}, 'verb': {'upos': 'VERB', 'text': 'कहते', 'id': 9, 'deprel': 'root', 'head': 0}}]",['SOV']
1892,"महाविद्यालय में स्वरूप ने मनोविज्ञान, दर्शनशास्त्र और इतिहास विषयों के साथ स्नातक की उपाधि प्राप्त की।",1,"[{'subject': {'upos': 'NOUN', 'text': 'स्वरूप', 'id': 3, 'deprel': 'nsubj', 'head': 17}, 'object': {'upos': 'NOUN', 'text': 'उपाधि', 'id': 15, 'deprel': 'obj', 'head': 17}, 'verb': {'upos': 'VERB', 'text': 'की', 'id': 17, 'deprel': 'root', 'head': 0}}]",['SOV']
1894,"फ़ीडबर्नर की स्थापना डिक कोस्टोलो, एरिक लंट, स्टीव ओलेचोस्की और मैट शोबे ने की थी। फ़ीडबर्नर, कस्टम आरएसएस फीड्स और ब्लॉगर्स, पोडकास्ट और अन्य वेब-आधारित सामग्री प्रकाशकों को प्रबंधन उपकरण प्रदान करता है।",1,"[{'subject': {'upos': 'PROPN', 'text': 'फ़ीडबर्नर', 'id': 1, 'deprel': 'nsubj', 'head': 19}, 'object': {'upos': 'NOUN', 'text': 'उपकरण', 'id': 17, 'deprel': 'obj', 'head': 19}, 'verb': {'upos': 'VERB', 'text': 'करता', 'id': 19, 'deprel': 'root', 'head': 0}}]",['SOV']
1898,पीटर नॉर्मन ने रजत पदक जीता है।,1,"[{'subject': {'upos': 'PROPN', 'text': 'नॉर्मन', 'id': 2, 'deprel': 'nsubj', 'head': 6}, 'object': {'upos': 'NOUN', 'text': 'पदक', 'id': 5, 'deprel': 'obj', 'head': 6}, 'verb': {'upos': 'VERB', 'text': 'जीता', 'id': 6, 'deprel': 'root', 'head': 0}}]",['SOV']
1901,CEMS कार्यक्रम के लिए एक सदस्य को पहले से ही एक विश्वविद्यालय से प्रमुख व्‍यावसायिक डिग्री लेने के लिए दाखिला लेना या चुने जाना जरूरी है।,1,"[{'subject': {'upos': 'NOUN', 'text': 'सदस्य', 'id': 6, 'deprel': 'nsubj', 'head': 26}, 'object': {'upos': 'ADJ', 'text': 'जरूरी', 'id': 25, 'deprel': 'obj', 'head': 26}, 'verb': {'upos': 'VERB', 'text': 'है', 'id': 26, 'deprel': 'root', 'head': 0}}]",['SOV']
1902,CEMS के वर्तमान में ७०+ कंपनी भागीदार हैं जो कि सालाना आधार पर आर्थिक रूप से योगदान देते हैं और कार्यक्रम को मानव संसाधन और पाठ्यक्रम में योगदान देते हैं।,1,"[{'subject': {'upos': 'PRON', 'text': 'जो', 'id': 9, 'deprel': 'nsubj', 'head': 18}, 'object': {'upos': 'NOUN', 'text': 'योगदान', 'id': 17, 'deprel': 'obj', 'head': 18}, 'verb': {'upos': 'VERB', 'text': 'देते', 'id': 18, 'deprel': 'acl:relcl', 'head': 6}}]",['SOV']
1903,यह उपयोगकर्ता के लिए उपयोगी है क्योंकि यह उन्हें याद रखने में मदद करता है और सुविधा उपलब्ध करता है।,1,"[{'subject': {'upos': 'PRON', 'text': 'यह', 'id': 8, 'deprel': 'nsubj', 'head': 14}, 'object': {'upos': 'NOUN', 'text': 'सुविधा', 'id': 17, 'deprel': 'obj', 'head': 19}, 'verb': {'upos': 'VERB', 'text': 'करता', 'id': 19, 'deprel': 'conj', 'head': 14}}]",['SOV']
1905,साख पत्र (Sakh Patra) जिम्मेदार है संपर्क बनाए रखने के लिए। साख पत्र सीईएमएस पूर्व छात्र संघ के सदस्यों के साथ संपर्क रखने के लिए और व्यव्यसायिक और सामाजिक गतिविधियों के आयोजन के लिए उत्तरदायी है।,1,"[{'subject': {'upos': 'NOUN', 'text': 'पत्र', 'id': 2, 'deprel': 'nsubj', 'head': 25}, 'object': {'upos': 'ADJ', 'text': 'उत्तरदायी', 'id': 24, 'deprel': 'obj', 'head': 25}, 'verb': {'upos': 'VERB', 'text': 'है', 'id': 25, 'deprel': 'root', 'head': 0}}]",['SOV']
1906,"स्थानीय समितियाँ सीईएमएस पूर्व छात्र संघ (सीऐऐ) के लिए सक्षम बनती हैं, जिसका अर्थ है कि वे सीईएमएस स्नातकों के बहुसांस्कृतिक अनुभव को पनपने के लिए सक्षम बनाती हैं। वे संघ की गतिविधियों और विकास पर चर्चा करने के लिए नियमित आधार पर मिलती हैं और सीईएमएस पूर्व छात्रों के साथ संपर्क रखने के लिए उत्तरदायी हैं।",1,"[{'subject': {'upos': 'PROPN', 'text': 'सीईएमएस', 'id': 18, 'deprel': 'nsubj', 'head': 28}, 'object': {'upos': 'ADJ', 'text': 'उत्तरदायी', 'id': 27, 'deprel': 'obj', 'head': 28}, 'verb': {'upos': 'VERB', 'text': 'हैं', 'id': 28, 'deprel': 'conj', 'head': 15}}]",['SOV']
1909,"अनीता देसाई ने पहली बार 1963 में एक उपन्यास ""क्राई द पीकॉक"" प्रकाशित किया था।",1,"[{'subject': {'upos': 'PROPN', 'text': 'देसाई', 'id': 2, 'deprel': 'nsubj', 'head': 16}, 'object': {'upos': 'NOUN', 'text': 'उपन्यास', 'id': 9, 'deprel': 'obj', 'head': 16}, 'verb': {'upos': 'VERB', 'text': 'किया', 'id': 16, 'deprel': 'root', 'head': 0}}]",['SOV']
1912,आम्बेडकर अपने संदेश भारत भर में कई सार्वजनिक सभाओं में प्रस्तुत करते थे।,1,"[{'subject': {'upos': 'PROPN', 'text': 'आम्बेडकर', 'id': 1, 'deprel': 'nsubj', 'head': 12}, 'object': {'upos': 'NOUN', 'text': 'संदेश', 'id': 3, 'deprel': 'obj', 'head': 12}, 'verb': {'upos': 'VERB', 'text': 'करते', 'id': 12, 'deprel': 'root', 'head': 0}}]",['SOV']
1913,संविधान सभा द्वारा 1949 में संविधान अपनाया गया था।,1,"[{'subject': {'upos': 'NOUN', 'text': 'सभा', 'id': 2, 'deprel': 'nsubj:pass', 'head': 7}, 'object': {'upos': 'NOUN', 'text': 'संविधान', 'id': 6, 'deprel': 'obj', 'head': 7}, 'verb': {'upos': 'VERB', 'text': 'अपनाया', 'id': 7, 'deprel': 'root', 'head': 0}}]",['SOV']
1917,सूरीनाम ने नीदरलैंड से स्वतंत्रता प्राप्त की।,1,"[{'subject': {'upos': 'PROPN', 'text': 'सूरीनाम', 'id': 1, 'deprel': 'nsubj', 'head': 7}, 'object': {'upos': 'NOUN', 'text': 'स्वतंत्रता', 'id': 5, 'deprel': 'obj', 'head': 7}, 'verb': {'upos': 'VERB', 'text': 'की', 'id': 7, 'deprel': 'root', 'head': 0}}]",['SOV']
1920,सुपरमार्केट ग्राहकों की खरीददारी की आदतों पर डाटा इकट्ठा करता है।,1,"[{'subject': {'upos': 'NOUN', 'text': 'सुपरमार्केट', 'id': 1, 'deprel': 'nsubj', 'head': 10}, 'object': {'upos': 'NOUN', 'text': 'डाटा', 'id': 8, 'deprel': 'obj', 'head': 10}, 'verb': {'upos': 'VERB', 'text': 'करता', 'id': 10, 'deprel': 'root', 'head': 0}}]",['SOV']
1931,स्टॉलमैन ने अपना समय रॉकफेलर विश्वविद्यालय के जीवविज्ञान डिपार्टमेंट में वॉलन्टरी लेबोरेटरी असिस्टेंट के रूप में बिताया था।,1,"[{'subject': {'upos': 'PROPN', 'text': 'स्टॉलमैन', 'id': 1, 'deprel': 'nsubj', 'head': 17}, 'object': {'upos': 'NOUN', 'text': 'समय', 'id': 4, 'deprel': 'obj', 'head': 17}, 'verb': {'upos': 'VERB', 'text': 'बिताया', 'id': 17, 'deprel': 'root', 'head': 0}}]",['SOV']
1943,लोपेज ओब्रादोर को मिले 31.6% वोट की अपेक्षा 38.2% वोट के साथ संस्थागत क्रांतिकारी पार्टी के एनरिक पेना नीटो ने चुनाव जीता लिया।,1,"[{'subject': {'upos': 'PROPN', 'text': 'नीटो', 'id': 19, 'deprel': 'nsubj', 'head': 22}, 'object': {'upos': 'NOUN', 'text': 'चुनाव', 'id': 21, 'deprel': 'obj', 'head': 22}, 'verb': {'upos': 'VERB', 'text': 'जीता', 'id': 22, 'deprel': 'root', 'head': 0}}]",['SOV']
1951,प्रयोक्ता लॉग आउट हो सकते हैं क्योंकि विंडोज एक्सपी के अनुसार फास्ट यूजर स्विचिंग फीचर का उपयोग कर एक ही समय में कंप्यूटर पर कई उपयोगकर्ताओं को लॉग ऑन रखा जा सकता है।,1,"[{'subject': {'upos': 'NOUN', 'text': 'यूजर', 'id': 13, 'deprel': 'nsubj:pass', 'head': 30}, 'object': {'upos': 'NOUN', 'text': 'लॉग', 'id': 28, 'deprel': 'obj', 'head': 30}, 'verb': {'upos': 'VERB', 'text': 'रखा', 'id': 30, 'deprel': 'advcl', 'head': 4}}]",['SOV']
1957,"हिंदी में उत्तर: ऑस्ट्रिया, जर्मनी, आयरलैंड, एस्टोनिया और लातविया ने पुरानी मुद्राओं को स्वीकार किया है।",1,"[{'subject': {'upos': 'PROPN', 'text': 'उत्तर', 'id': 3, 'deprel': 'nsubj', 'head': 19}, 'object': {'upos': 'NOUN', 'text': 'मुद्राओं', 'id': 16, 'deprel': 'obj', 'head': 19}, 'verb': {'upos': 'VERB', 'text': 'किया', 'id': 19, 'deprel': 'root', 'head': 0}}]",['SOV']
1961,"ENIAC की नलियों ने लगभग प्रत्येक दिन काम करना बंद किया था, लेकिन इंजीनियरों ने एक साधारण युक्ति के साथ (सरल अगर महंगा तक) ट्यूबों में खराबी के डर को घटा कर एक ट्यूब प्रति दो दिन की दर पर ला दिया था।",1,"[{'subject': {'upos': 'NOUN', 'text': 'नलियों', 'id': 3, 'deprel': 'nsubj', 'head': 11}, 'object': {'upos': 'VERB', 'text': 'करना', 'id': 9, 'deprel': 'obj', 'head': 11}, 'verb': {'upos': 'VERB', 'text': 'किया', 'id': 11, 'deprel': 'root', 'head': 0}}]",['SOV']
1967,फ्रेम नंबरिंग है जो उप अनुक्रमों हेतु अनुमति प्रदान करती है।,1,"[{'subject': {'upos': 'PRON', 'text': 'जो', 'id': 4, 'deprel': 'nsubj', 'head': 10}, 'object': {'upos': 'NOUN', 'text': 'अनुमति', 'id': 8, 'deprel': 'obj', 'head': 10}, 'verb': {'upos': 'VERB', 'text': 'करती', 'id': 10, 'deprel': 'acl:relcl', 'head': 2}}]",['SOV']
1977,वर्ष 1995 में सैंडलर ने NBC ने उन्हें और क्रिस फार्ले को द टुनाईट शो से निकाल दिया था।,1,"[{'subject': {'upos': 'PROPN', 'text': 'सैंडलर', 'id': 4, 'deprel': 'nsubj', 'head': 17}, 'object': {'upos': 'PRON', 'text': 'उन्हें', 'id': 8, 'deprel': 'obj', 'head': 17}, 'verb': {'upos': 'VERB', 'text': 'निकाल', 'id': 17, 'deprel': 'root', 'head': 0}}]",['SOV']
1996,बोर्ड ऑफ गवर्नर्स 12 सदस्यों को बोर्ड ऑफ डायरेक्टर्स और उनके सहायक के रूप में चुनते हैं।,1,"[{'subject': {'upos': 'NOUN', 'text': 'गवर्नर्स', 'id': 3, 'deprel': 'nsubj', 'head': 16}, 'object': {'upos': 'NOUN', 'text': 'सदस्यों', 'id': 5, 'deprel': 'obj', 'head': 16}, 'verb': {'upos': 'VERB', 'text': 'चुनते', 'id': 16, 'deprel': 'root', 'head': 0}}]",['SOV']
1998,अध्यक्ष का कार्यकाल 5 वर्षों का होता है और इसे पुनः निर्वाचित किया जा सकता है।,1,"[{'subject': {'upos': 'NOUN', 'text': 'कार्यकाल', 'id': 3, 'deprel': 'nsubj', 'head': 7}, 'object': {'upos': 'PRON', 'text': 'इसे', 'id': 10, 'deprel': 'obj', 'head': 13}, 'verb': {'upos': 'VERB', 'text': 'किया', 'id': 13, 'deprel': 'conj', 'head': 7}}]",['SOV']
0,झील से उत्तर पूर्व की ओर बढ़ते हुए व्यापक और सुव्यवस्थित ग्रूम झील की सड़कें एक दर्रे के जरिये पेचीदा पहाड़ियों से होकर गुजरती हैं।,0,[],[]
1,"हिंदी में उत्तर: सड़कें बड़े खेतों और पशु-फार्मों तक जाती हैं ""एक्स्ट्राटेरेस्ट्रिअल हाईवे"" से होकर गुजरती हैं, जो स्टेट रूट 375 की ओर अभिमुख होने से पहले कई छोटे-छोटे खेतों से गुजरती है।",0,[],[]
2,ग्रूम झील।,0,[],[]
3,लॉकहीड की टीम थी।,0,[],[]
4,"जब सैन्य पायलटों को प्रतिबंधित क्षेत्रों में भटकते हुए पाया जाता है, तो उन्हें निष्कासित कर दिया जाता है और अनुशासनात्मक कार्रवाई का सामना करना पड़ता है।",0,[],[]
5,"नेल्लिस का हवाई क्षेत्र प्रतिबंधित क्षेत्र है, जिसके बारे में सरकारी मानचित्रों में संकेत किया गया है, लेकिन इसके बारे में आधिकारिक तौर पर वर्गीकृत नहीं है।",0,[],[]
6,रुटगर्स विश्वविद्यालय के जीव रसायन विज्ञानियों ने बायोप्सी का विश्लेषण किया।,0,[],[]
7,जार्ज वाशिंगटन विश्वविद्यालय के विधि के प्रोफेसर जोनाथन टर्ली ने रॉबर्ट फ्रॉस्ट और वाल्टर कास्ज़ा के मुकदमे में उनका प्रतिनिधित्व किया था।,0,[],[]
8,मेरे पास आपके प्रश्न का उत्तर नहीं है।,0,[],[]
9,"शिकायतकर्ताओं ने आरोप लगाया कि ग्रूम पर काम करने के कारण उन्हें लगातार त्वचा, कलेजे और श्वसन सम्बन्धी परेशानियों का सामना करना पड़ा और फ्रोस्ट और कास्ज़ा की मौत का भी यही कारण बना।",0,[],[]
10,"जनवरी सन् 2006 में ""द स्पेस रिव्यू"" नामक एक ऑनलाइन एयरोस्पेस पत्रिका में ""एस्ट्रौनॉट्स एंड एरिया 51: द स्काईलैब इन्सीडेंट"" नामक लेख प्रकाशित किया गया था।",0,[],[]
11,"एरिया 51 है, जो आधुनिक UFO और षड्यंत्र सिद्धांतों का केंद्र बन गया है।",0,[],[]
12,QoS के सबसेट के साथ डेटा प्रवाह के लिए कतिपय निष्पादन स्तर की गारंटी है।,0,[],[]
13,"QoS (Quality of Service) बातचीत तब होती है जब नेटवर्क या प्रोटोकॉल अनुप्रयोग सॉफ़्टवेयर सहित ट्रैफ़िक अनुबंध और नेटवर्क नोड्स में आरक्षित क्षमता के लिए सहमत होता है। इस दौरान, नेटवर्क नोड्स में अनुसूचन प्राथमिकताएं और निष्पादन के हासिल स्तर की देख-रेख की जाती है, जैसे डेटा दर और विलंब।",0,[],[]
15,मेरे पास आपके प्रश्न का उत्तर नहीं है।,0,[],[]
16,पैकेट को अग्रेषित किया जाता है जब कतार के साथ इंटरफेस से एक पैकेट को अग्रेषित किया जाना हो। अन्य कतारों में पैकेटों की तुलना में कम जिटल की अपेक्षा रखने वाले पैकेटों को वरीयता दी जाती है।,0,[],[]
18,"इंटरनेट यातायात को QoS अनुबंध सीमित करते हैं, जिसकी इंटरनेट को पेशकश की जा सकती है और इस तरह उसे अतिभारित बनने से रोकने के लिए, यातायात अनुरूपण लागू किया जा सकता है।",0,[],[]
19,"टीसीपी का अर्थ होता है ट्रान्सपोर्ट कंट्रोल प्रोटोकॉल, जो इंटरनेट पर डेटा के प्रेषण के लिए एक प्रोटोकॉल है।",0,[],[]
20,मेरे पास आपके प्रश्न का उत्तर नहीं है।,0,[],[]
21,प्राइमेट में संवेदनशील क्या है?,0,[],[]
22,कोशिका संवर्धन तकनीकें 1940 और 1950 के दशक में अत्यंत उन्नत थीं।,0,[],[]
24,प्राथमिक कोशिका (Primary cells) कहकर बुलाते हैं कोशिकाओं से सीधे संवर्धित कोशिकाओं को।,0,[],[]
25,मुगल वंश 1526 में स्थापित किया गया था।,0,[],[]
26,पेडिग्री का प्रयोग शुरू कर दिया था।,0,[],[]
28,हेनरी सातवें ने पसीने की बीमारी का पता लगाया था।,0,[],[]
29,मेरे पास आपके प्रश्न का उत्तर नहीं है।,0,[],[]
30,हेनरी अष्टम का नाम था जिसने कैथरीन ऑफ एरागॉन से शादी की थी।,0,[],[]
31,लॉर्ड मेयर बनने से पहले बोलिन रेशम और ऊन का व्यापारी था।,0,[],[]
33,फ्रांस के फ्रांसिस प्रथम का समर्थन पाने की आशा व्यक्त की।,0,[],[]
35,मेरे पास आपके प्रश्न का उत्तर नहीं है।,0,[],[]
36,"एलिज़ाबेथ की माँ को ""पवित्र माँ"" के रूप में जाना जाता है।",0,[],[]
37,300 स्पार्टन थे।,0,[],[]
38,फिल्म में ३०० स्पार्टा के साथ खुद को देवता समान सर्वेसर्वा समझने वाले फारसियों के राजा ज़ेर्क़िएस के विरुद्ध लड़ाई लड़ता है। अत: गाथा में ३०० लोगों को शामिल किया गया है।,0,[],[]
39,रानी गोर्गो स्पार्टा की पत्नी थीं।,0,[],[]
40,"पश्चिम में पर्वतीय प्रायद्वीप कोरिया नहीं है, क्योंकि कोरिया गणराज्य कोरियाई प्रायद्वीप के दक्षिणी भाग में स्थित है और पश्चिम में पीला सागर स्थित है।",0,[],[]
41,यह कोरिया गणराज्य का भू द्रव्यमान है।,0,[],[]
42,भूमि के ७०% क्षेत्र का हिस्सा तराई वाले क्षेत्र हैं। (निर्देशित सूची में कोई पाठ नहीं है जिसके आधार पर उत्तर तैयार किया जा सके।),0,[],[]
43,मेरे पास आपके प्रश्न का उत्तर नहीं है।,0,[],[]
45,"किम्ची एक किण्वित और मसालेदार सब्ज़ी है, जो सभी कोरियाई भोजनों के दौरान परोसा जाता है और कोरियाई व्यंजनों में से एक है।",0,[],[]
46,ताइक्वांडो का जन्म कोरिया में हुआ था।,0,[],[]
47,1988,0,[],[]
48,"खराब वायु प्रवाह और धूम्र की दर में कमी का निदान सीओपीडी की रोकथाम में मदद करता है। इसमें धूम्रपान की दर घटाने के प्रयास, घर के भीतर व बाहर की वायु गुणवत्ता का सुधार शामिल है।",0,[],[]
49,सीओपीडी (क्रोनिक ऑब्स्ट्रक्टिव पुल्मनरी डिजीज) एक ऐसी बीमारी है जिसके लिए पेशेवर रूप से अस्पष्ट है कि क्या इसके भिन्न प्रकार होते हैं।,0,[],[]
50,"जीर्ण ब्रॉन्काइटिस के कुछ मामलों में ""धूम्रपान करने वाले की खांसी"" के लक्षण होते हैं, जिसके कारण कफ की मात्रा घंटो से लेकर दिनों तक में बदल सकती है और कफ को निगला या उगला जा सकता है। साथ ही, गंभीर खांसी के चलते पसली में फ्रैक्चर या हल्की सी बेहोशी हो सकती है।",0,[],[]
51,"कफ को निगला जाना है या थूकना है, यह सामाजिक तथा सांस्कृतिक कारकों पर निर्भर करता है।",0,[],[]
52,हिंदी में उत्तर: अमेरिका और ब्रिटेन में सीओपीडी से पीड़ित 80-95% प्रतिशत लोग या तो वर्तमान में धूम्रपान करते हैं या पहले करते थे।,0,[],[]
53,"कार्यस्थल की धूलों, रासायनों तथा धूम्रों के दीर्घावधि अनावरण के कारण धूम्रपान करने व ना करने वाले, दोनो प्रकार के लोगों में सीओपीडी का जोखिम बढ़ जाता है। ऐसा विश्वास है कि कार्यस्थलों के अनावरण 10-20% मामलों के कारण हैं।",0,[],[]
54,"हिंदी में उत्तर: कुछ देशों में पुरुषों और महिलाओं के बीच मृत्यु दर का बदलाव सीओपीडी से होने वाली मृत्यु के कारणों से संबंधित है। सीओपीडी से पीड़ित लोगों में पुरुषों की मृत्यु दर घट गई है, जबकि महिलाओं की मृत्यु दर बढ़ी है। संभवतः इसका मुख्य कारण महिलाओं और पुरुषों में धूम्रपान की समान हो रही दर है।",0,[],[]
55,"अमेरिका में सीओपीडी से प्रभावित लोगों की संख्या लगभग 15 मिलियन है, जिसका अर्थ है कि वयस्क जनसंख्या का लगभग 6.3% अर्थात कुल 15 मिलियन लोगों में सीओपीडी का निदान हुआ है।",0,[],[]
56,मेरे पास आपके प्रश्न का उत्तर नहीं है।,0,[],[]
57,हार्मोन-मुक्तिकारक का दूसरा नाम सोमेटोक्रिनिन है।,0,[],[]
58,बचपन में ग्रोथ हॉर्मोन के कारण ऊंचाई में वृद्धि होती है।,0,[],[]
59,"कैल्शियम के धारण में वृद्धि हुई है, जिससे हड्डी के खनिजीकरण को बढ़ाया और मजबूत बनाया गया है।",0,[],[]
60,तंत्रिका पर दबाव की स्थिति का उदाहरण कार्पल टनेल रोगसमूह है।,0,[],[]
61,"हाँ, बाह्यजन्य जीएच (GH) से उपचार की केवल सीमित परिस्थितियों में ही सिफारिश की जाती है, और दुष्प्रभावों की घटनाओं और तीव्रता के कारण नियमित देखरेख आवश्यक होती है।",0,[],[]
63,जेनेन्टेक ने पहले एफडीए अनुमोदित rHGH का उत्पादन किया।,0,[],[]
64,आहार पूरक होने का दावा करने वाली वस्तुओं के विज्ञापन अभियान में एफडीए (FDA) द्वारा अनुमोदित नहीं होने की घोषणा होनी चाहिये।,0,[],[]
65,जनरल इलेक्ट्रिक के सीईओ थे।,0,[],[]
66,"सेंट पीटर्सबर्ग, रूस",0,[],[]
67,"सांस्कृतिक अभिव्यक्ति के विषयों में से एक विषय साहित्य, कला, संगीत और नृत्य है।",0,[],[]
69,साहित्य को देश की विचारधारा का एक हिस्सा माना जाता है।,0,[],[]
70,ग्रीक ऑर्थोडॉक्स पादरियों का अधिग्रहण लैटिन पादरियों ने किया था।,0,[],[]
71,मेरे पास आपके प्रश्न का उत्तर नहीं है।,0,[],[]
74,"हिंदी में उत्तर: शहर में आठ क्वार्टर हैं - मैंगर चौक (Manger Square) के आस-पास के क्षेत्र का निर्माण करते हैं, जिसमें ईसाई अल-नजाज्रेह (al-Najajreh), अल-फ़राहियेह (al-Farahiyeh), अल-अनात्रेह (al-Anatreh), अल-तराजमेह (al-Tarajmeh), अल-क़वाव्सा (al-Qawawsa) और ह्रीज़त (Hreizat) भाग तथा अल-फ़वाघरेह (al-Fawaghreh)—एकमात्र मुस्लिम भाग— शामिल हैं।",0,[],[]
75,बेथलहम में भूमध्यसागरीय जलवायु है।,0,[],[]
76,उत्तर: 287,0,[],[]
77,"अंगूर मुख्य तौर पर अल-खादेर (al-Khader) क्षेत्र से उगाए जाते हैं, जो बेथलहम में स्थित है।",0,[],[]
78,थिएटर क्रिब ऑफ द नैटिविटी थियेटर एंड म्युज़ियम में 20 मिनट का एक एनीमेटेड शो प्रस्तुत करता है।,0,[],[]
80,इस प्रश्न का उत्तर नहीं है। प्रस्तुत सूची में कोई सामग्री नहीं है जिसके आधार पर इस जगह का नाम बताया जा सके।,0,[],[]
81,हेरोडियम में कोई टैक्सी स्टेशन नहीं है।,0,[],[]
82,मेरे पास आपके प्रश्न का उत्तर नहीं है।,0,[],[]
83,इसराइल में अधिकतर प्रवेश और निकास द्वार इसराइली सुरक्षा निर्देशों के अनुसार बदलता रहता है।,0,[],[]
84,"उत्तर: अंतिम असेम्बली उत्पादन ट्युलाउज़ (फ़्रांस), हैम्बर्ग (जर्मनी), सेविल (स्पेन) और, 2009 से, तियान्जिन (चीन) में होता है।",0,[],[]
85,चार इंजन हैं।,0,[],[]
86,एयरबस ने दो-गलियारों और दो-इंजनों वाले विश्व के प्रथम वायुयान A300 के साथ हुई।,0,[],[]
87,उत्तर: लगभग 4-5% का सुधार अनुमानित है।,0,[],[]
89,"नाटो के सदस्य देशों में बेल्जियम, फ़्रांस, जर्मनी, लक्ज़ेम्बर्ग, स्पेन, तुर्की और UK शामिल हैं।",0,[],[]
90,प्रारंभिक सहायता (Initial Support),0,[],[]
92,"बोइंग की आर्थिक सहायता संयुक्त राज्य अमरीकी सरकार, NASA, स्थानीय और राज्य सरकारों द्वारा प्रदान की जा रही है।",0,[],[]
93,ट्युलाउज़ असेम्बली संयंत्र तक विशेष रूप से चौड़ी की गई एक सड़क द्वारा लाए जाते हैं।,0,[],[]
94,मेरे पास आपके प्रश्न का उत्तर नहीं है।,0,[],[]
95,उत्तर: एयरबस के A380 जेटलाइनर के पास कार्य भाग मूल्य के संदर्भ में अमरीकी सामग्री का 51% भाग है।,0,[],[]
96,"उत्तर: कार्बन के उत्सर्जन में कमी नहीं की गई, लेकिन सल्फ़र के उत्सर्जन से मुक्त था।",0,[],[]
97,हेनरी अलेक्जैंडर मरे का जन्म 13 मई 1893 को हुआ था।,0,[],[]
98,काबुलीवालार बंगाली बौ,0,[],[]
99,मेरे पास आपके प्रश्न का उत्तर नहीं है।,0,[],[]
100,फीफा के चार प्रतिनिधि बोर्ड में शामिल हैं।,0,[],[]
101,इंग्लैंड के पहले फुटबॉल लीग में बारह क्लब थे।,0,[],[]
102,"IFAB का तात्पर्य है अंतरराष्ट्रीय फुटबॉल एसोसिएशन बोर्ड, जिसका गठन 1886 में मेनचेस्टर फुटबॉल असोसिएशन, स्कॉटिश फुटबॉल असोसिएशन, वेल्स फुटबॉल असोसिएशन और आयरिश फुटबॉल असोसिएशन के आपसी बैठक के बाद हुआ था।",0,[],[]
103,"एक टीम में अधिकतम ग्यारह खिलाड़ी होते हैं, लेकिन एक गोलकीपर के साथ सात खिलाड़ी की आवश्यकता होती है।",0,[],[]
104,"फुटबॉल के खेल के दौरान, दो सहायक रेफरी (assistant referee) लीड रेफरी की मदद करते हैं।",0,[],[]
106,"जब कोई खिलाड़ी किसी अन्य खिलाड़ी द्वारा खेल में प्रतिस्थापित किया जाता है, तो वह खिलाड़ी आंशिक रूप से प्रभावित होगा क्योंकि वह अपने स्थान पर नहीं रहेगा और उसका काम बदल जाएगा। हालांकि, अगर वह खिलाड़ी मैच के लिए तैयार है और उसका काम बदल जाता है, तो वह खिलाड़ी मैच का हिस्सा नहीं रहेगा और उसका प्रभाव कम होगा।",0,[],[]
107,मेरे पास आपके प्रश्न का उत्तर नहीं है।,0,[],[]
108,"जब एक खिलाड़ी को लाल कार्ड मिलता है, तो वह मैदान से बाहर निकाल दिया जाता है और उसके स्थान में कोई दूसरा खिलाड़ी नहीं आ सकता है।",0,[],[]
109,लैटिन अमेरिका के लीग के लिए कार्यान्वित दो चैंपियनशिपें हैं - अपेर्तुरा (Apertura) और क्लौसुरा (Clausura)।,0,[],[]
110,सिल्वर नाइट्रेट का मेकअप AgNO3 है।,0,[],[]
111,साइटोटॉक्सिक रासायनिक हथियारों के दो उदाहरण मस्टर्ड गैस और फोसजीन ओक्सइम हैं।,0,[],[]
112,नौकाएं अक्सर बरमूडा ट्राएंगल से होकर गुजरता है।,0,[],[]
113,मेरे पास आपके प्रश्न का उत्तर नहीं है।,0,[],[]
114,मिट्टी का ज्वालामुखी (mud volcano),0,[],[]
116,"सेन जूआन, पुएर्टो रीको से मियामी के लिए एक उड़ान के दौरान गायब हो गई थी।",0,[],[]
117,"संगठन का उद्देश्य विभिन्न राष्ट्रों के मानक संगठनों के प्रतिनिधियों से गठित एक अन्तर्राष्ट्रीय मानक-विन्यास संस्था होना है, जिसका मुख्यालय जेनेवा, स्विट्जरलैंड में स्थित है। इसका उद्देश्य विश्वव्यापी औद्योगिक एवं वाणिज्यिक मानकों को घोषित करने हेतु है।",0,[],[]
118,"ISO का मतलब है ""अन्तराष्ट्रीय मानकीकरण संगठन"" (International Organization for Standardization)।",0,[],[]
119,"ISO (International Organization for Standardization) हिंदी में ""अंतरराष्ट्रीय मानकीकरण संगठन"" का संक्षिप्त रूप है। यह एक स्वतंत्र, निर्वाचित संगठन है जिसका उद्देश्य वैश्विक स्तर पर मानकों का निर्धारण और प्रसार करना है। ISO मानकों का उपयोग विभिन्न क्षेत्रों में किया जाता है, जैसे कि इंजीनियरिंग, स्वास्थ्य, सुरक्षा और सूचना प्रौद्योगिकी।",0,[],[]
121,डांटे के शुद्धिकरण में ईर्ष्या के लिए सजा उनकी आंखो की तार से सिलाई कर बंद कर देना है।,0,[],[]
123,"स्क्रीनिंग का प्रमुख भाग रक्त-आधान के जरिये संक्रमित होने का परीक्षण है, जिसमें एचआईवी और वायरल हैपेटाइटिस जैसी बिमारियों के परीक्षण शामिल हैं।",0,[],[]
124,दान को प्रभावित करने वाले कारकों में से कुछ निम्नलिखित हैं: * दाता का स्वास्थ्य * दाता का चिकित्सा इतिहास * रक्त-आधान के जरिये संक्रमित होने का खतरा * दान की मात्रा और तरीके * दान के लिए इस्तेमाल किये जाने वाले खून के घटक * दान के लिए संग्रहित किये जाने वाले खून के विशिष्ट भाग इन कारकों के आधार पर दान की सुरक्षा और प्रभावित करने वाले कारकों का मूल्यांकन किया जाता है ताकि दान को प्रभावित न कर सके।,0,[],[]
125,एलोजेनिक का पर्यायवाची होमोलॉगस है।,0,[],[]
126,"रक्तदान सत्र कभी-कभी संग्रहित रक्त को कौन प्राप्त करेगा, इस पर रक्त दान को समूहों में विभाजित किया गया है। एक एलोजेनिक (होमोलॉगस भी कहा जाता है) दान उसे कहते हैं जब कोई दाता किसी अनजान व्यक्ति के आधान लिए ब्लड बैंक में भंडारण करने के लिए खून देता है। एक निर्देशित दान उसे कहते हैं जब कोई व्यक्ति, अक्सर एक पारिवारिक सदस्य, किसी व्यक्ति विशेष के आधान के लिए रक्त दान करता है। निर्देशित दान अपेक्षाकृत विरल होते हैं। एक प्रतिस्थापन दाता दान दो का एक मिश्रण है और घाना जैसे विकासशील देशों में आम है। रक्तदान सत्र का आयोजन किसी सामुदायिक स्थान जैसे शौपिंग सेंटर, कार्यस्थल, विद्यालय या पूजा स्थल में किया जा सकता है।",0,[],[]
127,अमेरिका में दानदाताओं के नाम रखे जाते हैं क्योंकि संयुक्त राज्य अमेरिका में अयोग्य दाताओं की सूचियां बनाने के लिए नाम रखे जाते हैं।,0,[],[]
128,रक्तदान करने से पहले रक्तदाताओं की स्वास्थ्य जोखिम के लिए जाँच की जाती है क्योंकि हो सकता है प्रापक के लिए वह दान असुरक्षित हो।,0,[],[]
129,"स्क्रीनिंग (Screening) का मतलब है कि किसी व्यक्ति के स्वास्थ्य के जोखिम कारकों का परीक्षण किया जाता है, जैसे कि रक्त दान के लिए दाताओं का परीक्षण किया जाता है कि वह दान असुरक्षित है या नहीं।",0,[],[]
130,१९९० में बैक्टीरिया का वर्गीकरण बदल गया।,0,[],[]
131,"पिक तन्दिकूल (Pik Tandykul) है, जिसकी ऊंचाई ५,५४४ मीटर है।",0,[],[]
132,"हाइड्रोजन और कार्बन के ऑक्सीकरण के लिए पानी का उपयोग किया जाता है, जो सूर्य की ऊर्जा का उपयोग करके जीवित कोशिकाओं में ईंधन का उत्पादन करता है।",0,[],[]
133,"जल चक्र के लिए वैज्ञानिक शब्द ""जल विज्ञान चक्र"" है।",0,[],[]
134,वाष्पित पानी का स्रोत महासागरों और अन्य जल निकायों से हवा में वाष्पीकरण है।,0,[],[]
135,"भारी शृंखलाओं γ, α और δ का स्थिर क्षेत्र तीन अग्रानुक्रमों (एक रेखा में) आईजी/Ig प्रभाव क्षेत्र से बना होता है।",0,[],[]
136,एक भारी श्रृंखला का अस्थिर क्षेत्र 110 अमीनो अम्ल जितना लंबा होता है.,0,[],[]
137,शार्कों को चोंड्रिकथायिस (Chondrichthyes) कहा जाता है।,0,[],[]
138,प्रतिपिंड (एंटीबॉडी) के फैब (Fab) क्षेत्र एक स्थिर और एक अस्थिर क्षेत्र से बनता है।,0,[],[]
139,"बैक्टीरियोलाइसिस का मतलब है प्रतिजन (एंटीजन) की सतह से जुड़ने वाले प्रतिपिंड (एंटीबॉडी) की उत्प्रेरक प्रक्रिया के पहले घटक को अपने एफसी/Fc क्षेत्र से आकर्षित करना और ""उत्कृष्ट"" उत्प्रेरक प्रणाली के सक्रियण की शुरुआत करना।",0,[],[]
141,मेरे पास आपके प्रश्न का उत्तर नहीं है।,0,[],[]
142,वातज गठिया का उपचार लक्षित मोनोक्लोनल प्रतिपिंड (एंटीबॉडी) चिकित्सा द्वारा किया जाता है।,0,[],[]
143,"Rh एंटीजन लाल रक्त कोशिकाओं में पाया जाने वाला प्रतिजन (एंटीजन) है जो व्यक्ति रीसस पोज़िटिव (Rh+) होते हैं उनकी लाल रक्त कोशिकाओं में यह प्रतिजन (एंटीजन) होता है और जो व्यक्ति रीसस नेगेटिव (Rh–) होते हैं, उनमें यह नहीं होता.",0,[],[]
144,"जब स्कोडा की स्थापना की गई थी, तो व्हाक्लाव क्लीमेंट की उम्र 26 वर्ष थी।",0,[],[]
145,बॉश जर्मन थे।,0,[],[]
147,स्कोडा ब्रिटेन की सड़कों पर अपनी सर्वव्यापकता के कारण इतने मज़ाक का विषय बन गया है।,0,[],[]
149,ऑक्टेविया और फ़ेबिया मॉडल सामान्य वोक्सवैगन समूह के फ़्लोरपैनों पर निर्मित हैं। नवीनतम ऑक्टेविया गोल्फ़ Mk5 फ़्लोरपैन पर आधारित है और फ़ेबिया A0 फ़्लोरपैन पर आधारित है।,0,[],[]
150,"फिल्मफेयर पुरस्कारों को हिन्दी फिल्म के विभिन्न क्षेत्रों में सर्वश्रेष्ठ योगदान के लिए प्रदान किये जाते हैं, इसलिए इनका नाम हिन्दी फिल्मफेयर पुरस्कार होता है।",0,[],[]
151,"किताब' में पारम्परिक मुसलमान परिवार में प्रचलित विभिन्न मुद्दों पर महिलाओं के खिलाफ हो रहे सामाजिक भेदभाव को चित्रित किया गया है। इसमें लड़कियों के लिए आहार की अनुपलब्धता, खराब शिक्षा, और बहувिवाह की प्रथा जैसे कई भेदभाव विषयों पर चर्चा की जाती है।",0,[],[]
153,पिता के अनुसार महिलाओं को पुरुषों के मुकाबले हर चीज का आधा हिस्सा ही मिलना चाहिए।,0,[],[]
158,"नामा नामक समूह दक्षिण अफ़्रीका, नामीबिया और बोत्स्वाना में स्थित है।",0,[],[]
159,टम्बलर 2 फरवरी 2007 को लॉन्च किया गया था।,0,[],[]
161,"जब उसके माता-पिता अलग हुए, तब वह 17 वर्ष के थे।",0,[],[]
162,पदस्थ राष्ट्रपति अब्दुल्ला यामीन ने चीन सरकार के साथ मुक्त व्यापार अनुबंध पर हस्ताक्षर किया था।,0,[],[]
163,सक्रिय तपेदिक का निदान शुरू में रेडियोलोजी (आम तौर पर छाती का एक्स-रे) के साथ-साथ माइक्रोस्कोपिक जांच तथा शरीर के तरलों की माइक्रोबायोलॉजिकल कल्चर पर निर्भर करता है।,0,[],[]
164,"तपेदिक संक्रमण फेफड़ों को प्रभावित कर सकता है, सीने में दर्द और लंबी अवधि तक खांसी और बलगम होना शामिल हो सकता है। इसके अलावा, कुछ लोगों को किसी भी तरह के लक्षण नहीं हो सकते हैं, जिन्हें ""अलाक्षणिक"" कहा जाता है। कभी-कभी, लोगों की खांसी के साथ थोड़ी मात्रा में रक्त आ सकता है और बहुत दुर्लभ मामलों में, संक्रमण फुफ्फुसीय धमनी तक पहुंच सकता है जिसके कारण भारी रक्तस्राव हो सकता है।",0,[],[]
165,"तपेदिक संक्रमण रासमुस्सेन एन्युरिस्म (हेमोरेजिक पल्मोनरी एन्युरिस्म) का कारण हो सकता है, जिसमें फेफड़ों के ऊपरी भागों में रक्तस्राव होता है।",0,[],[]
166,मिलियरी टीबी है टीबी के अधिक गंभीर प्रकार का वैकल्पिक नाम।,0,[],[]
167,क्षयरोग का जोखिम एचआईवी संक्रमण से बढ़ जाता है। दुनिया भर में टीबी के सभी मामलों के 13% लोग एचआईवी से संक्रमित हैं।,0,[],[]
169,एम.,0,[],[]
169,"स्जुल्गाई, एम.",0,[],[]
169,मारिनम और एम.,0,[],[]
169,कानसासी मायकोबैक्टीरिया टीकाकरण से प्रभावित होते हैं।,0,[],[]
170,मेरे पास आपके प्रश्न का उत्तर नहीं है।,0,[],[]
171,तपेदिक की रोकथाम और नियंत्रण मुख्य रूप से नवजात शिशुओं के टीकाकरण और सक्रिय मामलों के उपयुक्त उपचार पर निर्भर है। विश्व स्वास्थ्य संगठन के संशोधित उपचार पथ्य के माध्यम से कुछ सफलता हासिल हुई है और मामलों की संख्या में थोड़ी सी कमी आयी है।,0,[],[]
173,"टीबी संक्रमण के बाद अगला चरण प्रगति है, जिसमें बेसिली प्रतिरक्षा प्रणाली की सुरक्षा पर काबू पा लेता है और संख्या बढ़ाना शुरु कर देता है।",0,[],[]
174,मेरे पास आपके प्रश्न का उत्तर नहीं है।,0,[],[]
176,एम.तपेदिक (Tuberculosis) का पता चला था।,0,[],[]
177,"टीकाकरण की भूमिका होती है टीबी के उपचार में एक महत्वपूर्ण भूमिका निभाने की आशा की जा रही है। टीके के विकास हेतु नये आर्थिक मॉडलों को प्रोत्साहन दिया जा रहा है, जिसमें पुरस्कार, कर प्रोत्साहन और अग्रिम बाजार प्रतिबद्धताएं शामिल हैं।",0,[],[]
179,बिल गेट्स ने सुविधाजनक प्रयोग और प्लग एंड प्ले (PnP) के लिए वर्धित समर्थन पर प्रकाश डाला था।,0,[],[]
181,यूनिवर्सिटी लाइब्रेरी में 3.2 मिलियन किताबें हैं।,0,[],[]
182,रैंकिंग बीस देशों से अग्रणी अंतरराष्ट्रीय कंपनियों के नियोक्ताओं और प्रबंधकों के बीच एक सर्वेक्षण पर आधारित थी।,0,[],[]
183,नुकसान की घोषणा करने के लिए कोई कौन सा मंच इस्तेमाल कर सकता है?,0,[],[]
183,"मौखिक हो सकता है या फिर किसी अन्य तरीके से: जैसे फेसबुक, ट्विटर द्वारा।",0,[],[]
184,"परजीवी जनित कारक अक्सर उनको माना जाता है जहां पर सीएसएफ में स्नोफिल्स (एक प्रकार की श्वेत रक्त कणिकाएं) की बहुतायत होती है। सबसे आम आरोपी परजीवी एंजियोस्ट्रॉन्गाएलस कैन्टूनेन्सस, ग्नेथॉस्तमाह स्पाइनिजिरम, शिस्टोस्टोमा तथा साथ ही स्थितियां सिस्टोरकोसिस, टॉक्सोकारियासिस, वेलिसएस्कॉरिसस, पैरागोनिमियासिस हैं और कई सारे दुर्लभ संक्रमण और गैरसंक्रामक परिस्थितियां भी इसमें शामिल हैं।",0,[],[]
185,"कोड की परिभाषा नहीं मिली है। लेकिन एक्सपी (XP) के समर्थकों का तर्क है कि कोड-ऐसे सॉफ्टवेयर निर्देश, जिन्हें कम्प्यूटर समझ सकता हो, सिस्टम विकास प्रक्रिया का एकमात्र वास्तविक रूप से महत्वपूर्ण उत्पाद है।",0,[],[]
188,XP का निर्माण एक सिस्टम विकास परियोजना में निर्णयों को प्रोत्साहित करने के लिए किया गया था।,0,[],[]
189,मौतें: 1-2 मिलियन मौतें होती हैं।,0,[],[]
190,"रॉयल्टी का भुगतान किए बिना कोई व्यक्ति सुनहरे चावल से $10,000 से ज्यादा नहीं कमा सकता है।",0,[],[]
192,"किसान फिर से सुनहले चावल का बो सकते हैं, क्योंकि मुफ्त लाइसेंस के कारण उन्हें बीज रखने और दुबारा रोपने की अनुमति है।",0,[],[]
193,"पोर्टलैंड, ऑरेगोन में स्थित है।",0,[],[]
194,मेरे पास आपके प्रश्न का उत्तर नहीं है।,0,[],[]
195,1977 में मान्यता दी गई थी।,0,[],[]
196,"चालक दल की घोषणा में जेमिनी ८ यान के लिए चालक दल की घोषणा हुई है, जिसमें नील आर्मस्ट्रांग को कमांड पायलट और डेविड स्कोट को पायलट बनाया गया था।",0,[],[]
197,मेरे पास आपके प्रश्न का उत्तर नहीं है।,0,[],[]
198,मेरे पास आपके प्रश्न का उत्तर नहीं है।,0,[],[]
200,"मेंडल ने जीन्स को ""फैक्टर्स"" नाम दिया था, लेकिन बाद में जीन नाम ज्यादा प्रचलित हो गया।",0,[],[]
202,पिस्सू (पंखहीन परजीवी) बिच्छू मक्खी के वंशज हैं।,0,[],[]
203,"बिग डाटा के साथ कोई इलाज नहीं है, लेकिन इसका उपचार में सुधार हो सकता है, खासतौर से अगर जल्दी किया जाता है।",0,[],[]
204,डेटा अच्छा नहीं होता है जब वह स्मृति में डेटा एक एफसी सैन कनेक्शन के दूसरे छोर पर डिस्क कताई पर अच्छा-डेटा नहीं है।,0,[],[]
205,उत्तर: 2010 में इस उद्योग से अधिक $100 अरब लायक था और लगभग 10 प्रतिशत से बढ़ रहा था।,0,[],[]
206,मेरे पास आपके प्रश्न का उत्तर नहीं है।,0,[],[]
207,मेरे पास आपके प्रश्न का उत्तर नहीं है।,0,[],[]
208,बिग डेटा विश्लेषण ने बराक ओबामा की 2012 फिर से चुनाव अभियान में मदद की।,0,[],[]
209,"उद्योग लोगों तक पहुंचने के लिए मीडिया का उपयोग करता है, जिसमें अखबारों, पत्रिकाओं, टीवी शो आदि का उपयोग किया जाता है, लेकिन अब प्रौद्योगिकियों का उपयोग करके लक्षित लोगों तक पहुंचने की कोशिश की जा रही है।",0,[],[]
210,टेस्ला की बहनों के नाम एंजिनिया और मिल्का थे।,0,[],[]
211,टेस्ला को केंद्रीय टेलीग्राफ कार्यालय में ड्राफ्ट्समैन के रूप में काम करने का पद दिया गया था।,0,[],[]
212,"टेस्ला की मृत्यु 7 जनवरी, 1943 को अपने कमरे में हुई थी।",0,[],[]
213,मेरे पास आपके प्रश्न का उत्तर नहीं है।,0,[],[]
214,"उत्तर: द्वितीय विश्व युद्ध के दौरान मलाया पर जापानी कब्जे के दौरान स्कूलों के बंद होने के बाद, महाथिर कॉफी और अन्य खाद्य पदार्थ बेचने के व्यवसाय में चले गये।",0,[],[]
216,अब्दुल रज़ाक हुसेन ने अब्दुल रहमान की जगह ली थी।,0,[],[]
217,"महाथिर का नया खिताब ""ग्रैंड कमांडर ऑफ द डिफेंडर ऑफ़ द रियलिम"" था।",0,[],[]
218,मेरे पास आपके प्रश्न का उत्तर नहीं है।,0,[],[]
219,फिलीपीन्स द्वीप-समूह स्थित है।,0,[],[]
220,फिलीपीन मीडिया आमतौर पर फ़िलिपीनो और इंग्लिश राजभाषा का उपयोग करती है।,0,[],[]
222,भाप आसवन का उपयोग ताप संवेदी पदार्थों जैसे कि प्राकृतिक एरोमैटिक यौगिकों को पृथक करने के लिए किया जाता है।,0,[],[]
224,कोस्ट गार्ड।,0,[],[]
225,संयुक्त राज्य अमेरिका और कनाडा के अलावा दुनिया के सभी देश मानक का अनुसरण करते हैं।,0,[],[]
226,सी श्रृंखला की परिभाषा आईएसओ 269 में परिभाषित की गई है।,0,[],[]
227,हिंदी में उत्तर: हाइड्रोजन इंधन को।,0,[],[]
228,नैण्ड गेट को कार्यात्मक पूर्णता कहा जाता है।,0,[],[]
229,अल्कोहल से उपचार किए गए लोगों में से लगभग 2.2–3.4% वे लोग हैं जिन्होने अपने जीवन में आत्महत्या से मृत्यु प्राप्त करने का प्रयास किया है।,0,[],[]
230,आमतौर पर शराब से संबंधित आत्महत्या का संबंध पुरुष से होता है।,0,[],[]
231,हेरोइन का उपयोग करने वालों में होने वाली म़त्यु का 3 से लेकर 35% तक आत्महत्या के कारण मरे थे (यह उनकी संख्या का 14 गुना है जो इनका उपयोग नहीं करते हैं)।,0,[],[]
232,जुएं की लत का सम्बन्ध सामान्य जनसंख्या की अपेक्षा बढ़े हुए आत्महत्या के विचार तथा प्रयासों के साथ है। 12 से 24% लती जुआरी आत्महत्या का प्रयास करते हैं।,0,[],[]
233,"लती जुआरी मानसिक व्याधियां, अल्कोहल तथा नशीली दवाओं का सेवन आदि के जोखिम को बढ़ाने वाले अन्य कारकों से प्रभावित होते हैं।",0,[],[]
234,अवसादग्रस्तता और शराब के अत्यधिक सेवन को समायोजित कर दिया गया है।,0,[],[]
235,"अवसाद के लक्षणों में निराशा, जीवन में आनंद की कमी, अवसाद, व्यग्रता और समस्याओं को हल करने की क्षमता की कमी शामिल हैं।",0,[],[]
237,"ग्रामीण इलाकों में आत्महत्या इतनी आम क्यों है, इसका कारण कई से जुड़ा हुआ है। एक तरफ, गरीबी और वित्तीय परेशानियां ग्रामीण क्षेत्रों में आम हैं, जिसके कारण लोगों के लिए जीवन का संघर्ष होता है। दूसरी तरफ, ग्रामीण क्षेत्रों में सुविधाएं और संसाधन कम हैं, जिसके कारण लोगों के लिए स्वास्थ्य सेवाएं और शिक्षा की पहुंच कम होती है। इसके अलावा, ग्रामीण क्षेत्रों में लोगों के बीच सामाजिक समर्थन और संबंध कम हैं, जिसके कारण लोगों के लिए संकट का सामना करना पड़ता है।",0,[],[]
238,गरीबी के साथ-साथ आत्महत्या के जोखिम से जुड़ी हुई है।,0,[],[]
239,"आत्महत्या को रोकने के प्रयास के रूप में कुछ पदार्थ तक पहुंच को कम करने के लिए सामूहिक प्रयास किए जाते हैं, जैसे कोयले तथा पुलों व सबवे प्लेटफॉर्मों पर बैरियर तक पहुंच कम करना, नशीली दवाओं तथा मदिरा की लत, अवसाद और पहले आत्महत्या का प्रयास कर चुके लोगों का उपचार, मदिरालयों की संख्या को कम करना इत्यादि।",0,[],[]
241,लीथियम अवसाद-रोधी दवा है जिसका उपयोग अवसाद रोग के इलाज में किया जाता है। इसका उपयोग द्विध्रुवीय विकार और एकध्रुवीय अवसाद के इलाज में भी किया जाता है। लीथियम उन लोगों में जोखिम कम करने में प्रभावी दिखता है जिनमें द्विध्रुवीय विकार और एकध्रुवीय अवसाद समान्य जनसंख्या जितने स्तर पर दिखता है।,0,[],[]
242,चीन में आत्महत्या दर अधिक है।,0,[],[]
243,पुरुष पश्चिम में स्त्रियों की तुलना में तीन से चार गुना अधिक आत्महत्या करते हैं।,0,[],[]
244,"चीन में पुरुषों और महिलाओं के बीच आत्महत्या की दर 0.9 है, जो पुरुषों से महिलाओं की आत्महत्या की दर अधिक है।",0,[],[]
245,दक्षिण पूर्व एशिया में बुजुर्ग महिलाओं की तुलना में युवा महिलाओं की आत्महत्या की दर अधिक है।,0,[],[]
246,उस व्यक्ति को शहर से बाहर अकेले दफन किया जाता था।,0,[],[]
247,आत्महत्या को अंततः गैरकानूनी घोषित किया गया क्योंकि इसकी आर्थिक लागत के कारण राज्य के विरुद्ध अपराध माना जाने लगा।,0,[],[]
248,"हिंदू धर्म में आत्महत्या को दुनिया में ईश्वर की अच्छाइयों को अस्वीकार करने के तुल्य मानता है। इसके बावजूद, चरम परिस्थितियों में जबकि धर्म से धोखा करने के लिए दबाव और मृत्यु के बीच कोई और विकल्प शेष न रह जाए तो यहूदियों ने आत्महत्या या सामूहिक आत्महत्या की है। हिंदू धर्म में इंसान के अपने जीवन को समाप्त करने के अधिकार को मान्यता मिली है, लेकिन प्रायोपवेशन कड़ाई के साथ उन लोगों के लिए अनुमत है जिनके जीवन में अब कोई इच्छा या महत्वकांक्षा नहीं रह गई है।",0,[],[]
249,प्रायोपवेशन (Prayaopavesa) हिंदू धर्म में उन लोगों के लिए प्रतिबंधित था जिनके जीवन में अब कोई इच्छा या महत्वकांक्षा नहीं रह गई है।,0,[],[]
250,"हिंदी में उत्तर: आत्महत्या के बारे में ईसाई दार्शनिकों के विपरीत, कुछ लोग आत्महत्या को निजी चुनाव का न्यायसंगत मामला मानते हैं। वे इस बात पर कायम रहते हैं कि किसी को भी उसकी इच्छा के विरुद्ध सहन करने के लिए बाध्य नहीं किया जाना चाहिए, विशेष रूप से लाइलाज रोगों, मानसिक रोगों और अधिक उम्र जैसी परिस्थितियों में, जिनमें कि सुधार की कोई संभावना नहीं है।",0,[],[]
251,पी एफिड कीड़ा चिपचिपा द्रव छोड़कर दुश्मनों पर हावी हो सकता है।,0,[],[]
254,कंपाइलोबैक्टर प्रजाति जठरांत्र शोथ का एक प्राथमिक कारण है।,0,[],[]
255,"एसिड कम करने वाली दवाएं कई अन्य संक्रमणों की संभावना पर प्रभाव डालती हैं, क्योंकि वे जीवाणुओं के विकास को बढ़ावा देती हैं, जैसे क्लोस्ट्रीडियम डिफिसाइल, सेल्मोनेला और कंपाइलोबैक्टर प्रजातियां। इन दवाओं का उपयोग करने से जीवाणुओं के विकास को बढ़ावा देने के कारण, संक्रमण की संभावना बढ़ जाती है।",0,[],[]
256,"एंटीबायोटिक स्टैफलोकॉकस ऑरीस संक्रामक दस्त की रोकथाम नहीं कर सकते। स्टैफलोकॉकस ऑरीस संक्रामक दस्त का कारण एंटीबायोटिक दवाओं का इस्तेमाल है, इसलिए एंटीबायोटिक इसकी रोकथाम नहीं कर सकते।",0,[],[]
257,"जब खाने में जीवाणु लगने के बाद, तो जीवाणु बढ़ते हैं और इस भोजन का उपभोग करने वालों में संक्रमण का खतरा बढ़ाते हैं। यदि भोजन, बैक्टीरिया से संदूषित हो जाय और कई घंटे तक कमरे के तापमान पर रहे तो जीवाणु बढ़ते हैं और संक्रमण का खतरा बढ़ाते हैं।",0,[],[]
258,"बच्चों में सबसे आम बैक्टीरिया जो बीमारियों का कारण बनता है, वह एस्केरेशिया कॉलि, साल्मोनेला, शिगेला और कंपाइलोबैक्टर प्रजातियाँ हैं।",0,[],[]
259,"विकासशील देशों में गैस्ट्रोएंटेराइटिस से पीड़ित लोगों के लिए सबसे आम कारण हैजा है, जो आम तौर पर दूषित पानी या भोजन के द्वारा फैलता है।",0,[],[]
260,"रोग के बाद क्या उत्पन्न हो सकता है, इसका उत्तर देने के लिए उपलब्ध जानकारी में कोई प्रासंगिक पाठ नहीं है। लेकिन, मैं आपके लिए एक उत्तर तैयार कर सकता हूँ: रोग के बाद क्या उत्पन्न हो सकता है, इसका उत्तर देने के लिए आवश्यक है कि रोग का प्रकार और उसके कारण जाना जाए। रोग के बाद कुछ सामान्य उत्पन्न हो सकते हैं, जैसे: * सूजन * संक्रमण * संक्रमण के कारण होने वाले संक्रामक रोग * स्वास्थ्य समस्याएं * स्वास्थ्य समस्याओं के कारण होने वाले मानसिक स्वास्थ्य की समस्याएं लेकिन, इन उत्पन्नों का संबंध रोग के प्रकार और उसके कारण से होता है।",0,[],[]
261,"पुनर्जलीकरण का प्राथमिक तरीका मौखिक पुनर्जलीकरण चिकित्सा है, जिसमें जटिल कार्बोहाइड्रेट के साथ बनाये गये मौखिक रिप्लेसमेंट थेरेपी उत्पादों का उपयोग किया जाता है। यदि चेतना का स्तर कम हो या निर्जलीकरण गंभीर स्तर का हो तो नसों के माध्यम से देने की आवश्यकता भी पड़ सकती है।",0,[],[]
262,प्रोबायोटिक्स और किण्वित दूध उत्पाद (जैसे दही) BRAT आहार के समान लाभकारी हैं।,0,[],[]
263,ब्रैट आहार में अपर्याप्त पोषक तत्व होते हैं और ये सामान्य भोजन से बेहतर नहीं होते हैं।,0,[],[]
264,"एंटीबायोटिक दवाओं के उपयोग का परिणाम स्यूडोमेम्ब्रेनस बृहदांत्रशोथ हो सकता है, जो कि आमतौर पर एंटीबायोटिक के प्रयोग की वजह से होता है।",0,[],[]
265,"जठरांत्र शोथ के कारण हर वर्ष 1.3 मिलियन बच्चों की मृत्यु हुई है, जिनमें से अधिकांश दुनिया के सबसे गरीब देशों के बच्चे हैं। इन मौतों में से 4,50,000 से अधिक वे मौतें है जो पांच वर्ष से कम उम्र के बच्चों में रोटावायरस के कारण हुई थीं।",0,[],[]
266,एक वर्ष में एक बिलियन अमरीकी डालर का अनुमानित व्यय होता है।,0,[],[]
267,आयशा टाकिया का जन्म १० जनवरी १९८६ को हुआ था।,0,[],[]
268,मेरे पास आपके प्रश्न का उत्तर नहीं है।,0,[],[]
269,हेपेटाइटिस बी वायरस (Hepatitis B virus) एक गैर-रेट्रोवायरस वायरस है जो अभी भी अपनी प्रतिकृति प्रक्रिया में रिवर्स ट्रांसक्रिप्शन का उपयोग करता है।,0,[],[]
270,"हिंदी में उत्तर: HBV के मामले उच्च प्रसार वाले क्षेत्रों जैसे कि चीन और दक्षिण पूर्व एशिया में शिशुजन्म के समय संचरण सामान्य है, हालांकि उच्च स्थानिकता क्षेत्रों जैसे कि अफ्रिका में शिशुजन्म के समय संचरण एक महत्वपूर्ण कारक है।",0,[],[]
271,एशिया में प्रसार का रेंज 10% से अधिक है।,0,[],[]
272,चेचक का प्रकोप 1883 में ब्रेमेन में घटित हुआ था।,0,[],[]
273,हेपाटाइटिस सीरम से ग्रस्त रोगी के रूप में उनका इलाज किया गया।,0,[],[]
274,लर्मन का शोधपत्र हेपेटाइटिस बी वायरस के कारण हुई महामारी के अध्ययन पर था।,0,[],[]
275,1885 में हेपेटाइटिस बी वायरस के कारण हुई एक महामारी का सबसे पहला रिकार्ड दर्ज किया गया था।,0,[],[]
276,13 मुख्य द्वीप माने जाते हैं।,0,[],[]
277,प्री-कोलम्बियन काल के दौरान दक्षिण अमेरिका के मूल निवासी ने इन द्वीपों पर आते रहते थे।,0,[],[]
279,इक्वाडोर ने 12 फ़रवरी 1832 में गैलापागोस द्वीप समूह पर कब्जा किया था।,0,[],[]
280,"हिंदी में उत्तर: पांच द्वीप हैं जहां लोग बसे हुए हैं, वे हैं: बाल्ट्रा, फ्लोरियाना, ईसाबेला, सैन क्रिस्टोबाल और सांताक्रूज।",0,[],[]
281,अबराज कुदाई होटल में 70 रेस्त्रां होंगे।,0,[],[]
282,जापानी रक्षा मंत्रालय मित्सुबिशी एक्स-2 शीनशीन (Mitsubishi X-2 Shinshin) नामक एक जापानी प्रयोगात्मक विमान का विकास कर रहा है।,0,[],[]
283,22 अप्रैल 2016 को थी।,0,[],[]
284,"मित्सुबिशी एक्स-2 शीनशीन (Mitsubishi X-2 Shinshin) एक जापानी प्रयोगात्मक विमान है, जिसे उन्नत गुप्तता लड़ाकू विमान प्रौद्योगिकियों का परीक्षण करने के लिए बनाया गया है।",0,[],[]
285,मेरे पास आपके प्रश्न का उत्तर नहीं है।,0,[],[]
286,"IPv6 के लिए अपडेट OSPF Ver.3 में दिए गए हैं, जो RFC5340(2008) में परिभाषित किया गया है।",0,[],[]
287,एरिया बॉर्डर रूटर (ABR) का नाम है।,0,[],[]
288,OSPF प्रोटोकॉल नंबर 89 का उपयोग करता है।,0,[],[]
290,राउटर्स OSPF प्रोटोकॉल का उपयोग करते हैं।,0,[],[]
291,सिस्को मेट्रिक के अनुसार 100Mbit/s लिंक का खर्च 1 होगा।,0,[],[]
292,मेरे पास आपके प्रश्न का उत्तर है। यदि दो या अधिक रूटर्स सर्वोच्च प्राथमिकता की सैटिंग के साथ टाई करते हैं तो सबसे अधिक RID (रूटर ID) के साथ हैलो भेजने वाला रूटर जीतता है।,0,[],[]
293,"यदि वर्तमान डीआर अलग हो जाता है, तो वर्तमान बी डी आर नया डीआर बन जाता है और दूसरे बी डी आर को चुनने के लिए एक नया चुनाव होता है।",0,[],[]
294,यह आसन्न रूप बनाता है ड्यूक ऑफ यॉर्क और ताइचुंग समुद्री तुफान से।,0,[],[]
296,मेरे पास आपके प्रश्न का उत्तर नहीं है।,0,[],[]
297,"बेलारूस की दूरी पश्चिम से पूर्व तक 650 कि॰मी॰ (2,130,000 फीट) है।",0,[],[]
298,550 से 700 मि॰मी॰ (21.7 से 27.6 इंच) है।,0,[],[]
299,"बेलारूस रूस पर निर्भर है, जिसमें पेट्रोलियम भी शामिल है।",0,[],[]
300,2007 में बेलारुस की प्रजनन दर १.२२ थी।,0,[],[]
301,वर्ष २०१६ तक देश की कुल जनसंख्या ९४.९ लाख है।,0,[],[]
302,गोमेल की जनसंख्या ४ लाख ८१ हज़ार है।,0,[],[]
303,बेलारुस में प्रति महिला ०.८७ पुरुष हैं।,0,[],[]
304,1960 में संयुक्त राज्य अमेरिका में जन्म नियंत्रण की गोली उपयोग के लिए अनुमोदित किया गया था।,0,[],[]
305,हिंदी में उत्तर: हर तीन महीने में पैल्विक परीक्षाओं के लिए एक डॉक्टर और यात्रा यौन संचारित रोगों और गर्भाशय के कैंसर के लिए परीक्षण से गुजरना समर्थन किया जाता है।,0,[],[]
306,"जन्म नियंत्रण गोली सीजनल का नुकसान है कि यह रक्तस्राव के संभावित वापसी पर लगातार कम अवधि के लाभ देता है, लेकिन इसका उपयोग करने में सक्षम होने के लिए तीन महीने की संस्करण का उपयोग करना पड़ता है।",0,[],[]
307,गोलियों को Anya और Lybrel नामों से बाज़ार में बेचा गया है।,0,[],[]
309,"हिंदी में उत्तर: प्रभाव कम करने वाली दवाएं हैं - रिफैम्पिसिन, barbiturates, फ़िनाइटोइन, carbamazepine, एम्पीसिलीन, डॉक्सीसाइक्लिन, नुट्रोपिन, हूमाट्रोप, जीनोट्रॉपिन, नॉर्डिट्रॉपिन, सैजेन, ओम्नीट्रॉप, नूट्रोपिन डिपो आदि।",0,[],[]
310,"जर्मनी की सीमा उत्तर में उत्तरी समुद्र, डेनमार्क और बाल्टिक समुद्र, पूरब में पोलैंड और चेक गणराज्य, दक्षिण में आस्ट्रिया और स्विट्ज़रलैंड और पश्चिम में फ्रांस, लक्सेम्बर्ग, बेल्जियम और नीदरलैंड से लगती है।",0,[],[]
312,जर्मन भाषा लैटिन वर्णमाला का उपयोग कर लिखा गया है।,0,[],[]
313,जर्मन भाषाओं के पश्चिम जर्मन समूह से संबंध रखती है।,0,[],[]
314,"उत्तर: पश्चिम जर्मनी अधिक धार्मिक विविध बनने के लिए जारी है, क्योंकि पूर्वी जर्मनी राज्य की नीतियों के माध्यम से भारी अधार्मिक बनने के बाद 1945 के दशकों में बदल दिया है।",0,[],[]
315,उत्तर: 2011 तक एक तिहाई जर्मन आधिकारिक तौर पर धार्मिक संघ के मान्यता प्राप्त सदस्य नहीं थे।,0,[],[]
317,पुरस्कार हर साल के लिए प्रदान किया जाता है।,0,[],[]
318,सन १९५५ में भारत रत्न से विभूषित किया गया था।,0,[],[]
319,विश्वेश्वरैया का जन्म 15 सितंबर 1861 को हुआ था।,0,[],[]
320,मेरे पास आपके प्रश्न का उत्तर नहीं है।,0,[],[]
321,जून 1967 में छह दिन का युद्ध हुआ।,0,[],[]
322,"मेरे पास आपके प्रश्न का उत्तर है। अधिकांश व्यवसायी और विज्ञापनदाता ""Fr.""",0,[],[]
322,का प्रयोग करते हैं।,0,[],[]
323,"आरपी का अर्थ स्विस फ्रांक के 25वें हिस्से का होता है, जिसका कोड CHF है।",0,[],[]
324,"महिला निरोध निटराइल, लेटेक्स या पॉलीयूरेथेन से बने होते हैं।",0,[],[]
325,कंडोम में आजकल सबसे जयदा पुरुष निरोध का प्रयोग किया जाता है।,0,[],[]
329,ट्यूबल बंधाव में गंभीर जटिलताओं का कारण डिंबवाहनी बंधन में 1 से 2 प्रतिशत मामलों में अवचेतक के कारण गंभीर जटिलताएं होती हैं।,0,[],[]
331,"प्रसव के बाद विफलता की दरें 6 माह तक 2 प्रतिशत तक हैं, और 12 माह तक 13 प्रतिशत तक हैं। लेकिन सवाल में 7.5% तक पाई गई थीं का उल्लेख नहीं है। अतः मेरे पास आपके प्रश्न का उत्तर नहीं है।",0,[],[]
332,प्रसव के 6 माह तक विफलता की दर 2 प्रतिशत तक है।,0,[],[]
333,गर्भधारण दर 2.2 प्रतिशत है।,0,[],[]
334,लेवेनोगेस्ट्रल गोलियां माइफप्रिस्टोन से कम कारगर हैं।,0,[],[]
335,"जन्म नियंत्रण के माध्यम से इकठ्ठी हुई बचत ने परिवार नियोजन को सुविधाजनक बनाया है, जिससे महिलाओं की आय, संपत्तियां, शरीर द्रव्यमान सूचकांक और उनके बच्चों की शिक्षा तथा शरीर द्रव्यमान सूचकांक में सुधार हुआ है। इसके अलावा, जन्म नियंत्रण ने अनियोजित गर्भधारण को रोकने तथा यौन संचारित रोगों के विस्तार को रोकने में मदद की है।",0,[],[]
336,जन्म नियंत्रण उपायों के उपयोग से परिवार नियोजन सबसे अधिक लागत-प्रभावी स्वास्थ्य उपाय है। संयुक्त राष्ट्र संघ के आंकलन के अनुसार प्रत्येक खर्च किये गये डॉलर से दो से लेकर छः डॉलर तक की बचत होती है।,0,[],[]
339,यौन संबंधो तथा गर्भधारण को लेकर कई सारी आम भ्रांतियां प्रचिलित हैं।,0,[],[]
340,यूरेथेन प्लग एक इंट्रावास युक्ति है जिसका उपयोग पुरुष नसबंदी के लिए किया जाता है।,0,[],[]
341,नपुंसक बनाने या अण्डकोष हटाने में कुछ प्रजनन अंगो को हटाना शामिल होता है।,0,[],[]
342,नए महल के साथ राजा को कैसलिंग करना चाहिए।,0,[],[]
343,पानी के कौनसे स्रोत पूर्व और पश्चिम में मिलते हैं?,0,[],[]
343,- पूर्वी साइबेरियाई सागर और लाप्टेव सागर।,0,[],[]
344,स्टैमेन ने लैक्टिक अम्ल जीवाणु (lactic acid bacteria) की खोज की थी।,0,[],[]
345,"मुक्त लेखन एक पूर्वलेखन तकनीक है जिसमें एक व्यक्ति वर्तनी, व्याकरण, या विषय के संबंध के बिना एक निर्धारित अवधि के लिए लगातार लिखता है।",0,[],[]
346,पुरुष सेक्स एएमएल के लिए अतिसंवेदनशील है।,0,[],[]
347,"हिंदी में उत्तर: रक्त की स्थिरता ""ग्रुएल की तरह"" थी, जिसका अर्थ है कि रक्त की स्थिरता बहुत ही स्थिर थी।",0,[],[]
348,विरचो को ल्यूकेमिया की खोज के लिए जाना जाता था।,0,[],[]
349,ल्यूकेमिया की खोज रुडॉल्फ विरचो ने 1856 में की थी।,0,[],[]
351,फिल्म बर्फी का निर्देशन अनुराग बसु ने किया है।,0,[],[]
352,मेरे पास आपके प्रश्न का उत्तर नहीं है।,0,[],[]
353,बर्फी के पिता मोटर चालक थे।,0,[],[]
355,मार्च 2011 में प्रिंसिपल फोटोग्राफी शुरू हुई।,0,[],[]
356,मेरे पास आपके प्रश्न का उत्तर नहीं है।,0,[],[]
357,इगेओन (Aegaeon) शनि का एक प्राकृतिक उपग्रह है।,0,[],[]
358,इगेओन शनि के G रिंग के चमकदार खंड के भीतर रहकर परिक्रमा करता है।,0,[],[]
359,आर्मेनिया ४० से अधिक अंतर्राष्ट्रीय संगठनों का सदस्य है।,0,[],[]
360,"आर्मेनिया गणराज्य का कुल क्षेत्रफल ११,५०६ वर्ग मील है।",0,[],[]
361,आर्मेनिया में ८६६ ग्रामीण समुदाय हैं।,0,[],[]
363,नेटवर्क में प्रवेश करते ही उपकरण में सबसे पहली चीज पोर्ट का VLAN निर्धारित होना है।,0,[],[]
365,समोआई प्रथाओं को।,0,[],[]
366,प्रधानमंत्री का चुनाव फोनो में बहुमत से किया जाता है और सरकार बनाने के लिए राष्ट्र के प्रमुख द्वारा उनकी नियुक्ति होती है।,0,[],[]
367,समोआ की अर्थव्यवस्था का विस्तार हुआ है।,0,[],[]
368,"समोआ की अर्थव्यवस्था पारंपरिक रूप से कृषि और स्थानीय स्तर पर मछली पकड़ने पर निर्भर रही है, लेकिन आधुनिक समय में विकास मदद, विदेश से पारिवारिक सदस्यों द्वारा भेजी गयी रकम और कृषि-उत्पाद का निर्यात देश की अर्थव्यवस्था के मुख्य घटक बन गये हैं।",0,[],[]
369,"समोआ सरकार वित्तीय क्षेत्र के अविनियमन, निवेश को प्रोत्साहन और सतत राजकोषीय अनुशासन का आह्वान कर रही है।",0,[],[]
370,समोआ में जर्मनों ने कोको बीन और रबर का उत्पादन किया था।,0,[],[]
371,"समोआ में अनन्नास का अच्छा उत्पादन होता है, लेकिन स्थानीय खपत से परे इसका कोई बड़ा निर्यात नहीं होता है।",0,[],[]
372,मेरे पास आपके प्रश्न का उत्तर नहीं है। लेकिन मैं आपको बता सकता हूँ कि प्रश्न में कोई संदर्भ नहीं है जिससे रेल की पटरियाँ के संबंध में कुछ कहा जा सके। अगर आपके पास कोई और जानकारी है तो मैं आपके प्रश्न का उत्तर देने का प्रयास करूँगा।,0,[],[]
376,समोआ ने लगभग 30 वर्षों तक रग्बी विश्व कप प्रतियोगिता में प्रदर्शन किया है।,0,[],[]
377,मेरे पास आपके प्रश्न का उत्तर नहीं है।,0,[],[]
378,जनवरी 1910 और दिसंबर 1910 के चुनावों ने एक त्रिशंकु संसद को जन्म दिया था।,0,[],[]
379,लेबर पार्टी का उदय हुआ था।,0,[],[]
380,हिंदी में उत्तर: दो आम चुनाव हुए हैं। पहला फरवरी 1974 का था और दूसरा मई 2010 का था।,0,[],[]
381,उत्तर: 1910 में संघीय चुनाव किस वर्ष बराबरी पर समाप्त हुआ था।,0,[],[]
382,त्रिशंकु सरकार होने को अक्सर नकारात्मक परिणाम के तौर पर देखा जाता है जिससे अपेक्षाकृत कमजोर और अस्थिर सरकार का जन्म होता है।,0,[],[]
383,चुनाव के बाद भ्रम की अवधि आवश्यक है क्योंकि प्रमुख पार्टी के नेता निर्दलीय और छोटे दलों के साथ बातचीत करके बहुमत स्थापित करने की कोशिश करते हैं।,0,[],[]
385,डेफैड एलिस-थॉमस को पीठासीन अधिकारी के रूप में फिर से चुना गया था।,0,[],[]
386,आइपॉड पर स्क्रॉल करने के लिए क्लिक व्हील इस्तेमाल किया जाता है।,0,[],[]
387,"हाँ, आईपोड प्रतिस्पर्धा म्यूजिक स्टोर्स के साथ संगत है, जैसे eMusic (eMusic) या Amie स्ट्रीट (Amie Street), जिनका उपयोग डीआरएम् का प्रयोग नहीं करते हैं।",0,[],[]
388,"आइसलैंड, ब्रिटेन और यूरोप को एक विशेष मामले के रूप में जाना जाता है।",0,[],[]
390,यूरोपीय संघ का विस्तार पूर्व की ओर हुआ है।,0,[],[]
391,न्यायपालिका के अधिकारी अपने कर्तव्यों का पालन लगभग विशेष रूप से करते हैं।,0,[],[]
392,"संधात्मक गणतंत्र लोकतांत्रिक संघीय गणराज्य का रूप है, जहां राष्ट्रपति दोनों राज्य और संघ सरकार का प्रमुख होता है और चार साल की अवधि के लिए चुना जाता है।",0,[],[]
393,ब्राजील में विधायिका को विधि का स्रोत कहा जाता है।,0,[],[]
394,उत्तर: विमान था।,0,[],[]
395,बाल्यावस्था प्रतिरक्षण के सामान्य कोर्स पांच खुराक के होते हैं जो 2 महीने से 15 वर्ष की आयु के बीच दी जाती हैं।,0,[],[]
396,"शोडो द्वीप (小豆島 शोदोशिमा) के नाम का अनुवाद ""छोटे बीन्स के द्वीप"" के रूप में किया जा सकता है।",0,[],[]
397,जापान के लिए द्वीप को पहली बार जैतून का सफलतापूर्वक उगाने में सफलता मिली।,0,[],[]
398,मिशन इंपॉसिबल - फॉलआउट फिल्म 2018 में बनी थी।,0,[],[]
399,"फिल्मांकन 10 अप्रैल, 2017 को पेरिस में शुरू होने के लिए तैयार किया गया था, लेकिन आधिकारिक तौर पर 8 अप्रैल को शुरू हुआ।",0,[],[]
400,"फिल्मांकन पेरिस के अलावा यूनाइटेड किंगडम, न्यूजीलैंड और नॉर्वे में किया गया था।",0,[],[]
401,मेरे पास आपके प्रश्न का उत्तर नहीं है।,0,[],[]
402,"भ्रम का अर्थ है एक ऐसा विश्वास जो एक रोगात्मक स्थिति है, जिसका मतलब है कि यह विश्वास गलत या अपूर्ण जानकारी, सिद्धांत, मूर्खता, आत्मचेतना, भ्रम, या धारणा के अन्य प्रभावों से पैदा होने वाला है।",0,[],[]
403,हिंदी में उत्तर: अल रावदा मस्जिद पर हमला हुआ था और इसके ऊपर विवाद था।,0,[],[]
404,मोनिका एन्ना मारिया बेलुची का जन्म 30 सितंबर 1964 को हुआ था।,0,[],[]
405,शिज़ूओका प्रान्त जापान का एक प्रान्त है।,0,[],[]
406,जापान एल्प्स के अंदर तक फैला हुआ है।,0,[],[]
407,"पटाया शहर में tambon Nong Prue, ना Kluea, Huai Yai और Nong Pla Lai के कुछ हिस्सों को शामिल किया है।",0,[],[]
408,पटाया शहर पूर्वी समुद्र तट क्षेत्र में स्थित है।,0,[],[]
409,"पट्टाया 3 रोड उत्तर, दक्षिण और मध्य पट्टाया क्षेत्रों से जुड़ता है।",0,[],[]
410,"उत्तर: १२ किलोमीटर (प्रश्न में 75 मील लिखा है, जो १२० किलोमीटर के बराबर है।)",0,[],[]
411,मिनी दुनिया,0,[],[]
413,मंदिर 1976 में निर्माण किया गया था।,0,[],[]
414,हिंदी में उत्तर: शहर के भीतर दो छोटे हिट किस प्रकार की सहायता देते हैं?,0,[],[]
414,- साल्ज़बोर्ग के दक्षिण में स्थित पर्वत उसके उत्तर में स्थित उबड़ खाबड़ मैदानों के विपरीत है। सबसे निकटतम ऐल्पाइन पीक - 1972 मीटर उन्टेर्सबर्ग - शहर के केंद्र से केवल कुछ ही किमी दूर है।,0,[],[]
415,साल्ज़बोर्ग के दक्षिण में स्थित पर्वत उसके उत्तर में स्थित उबड़ खाबड़ मैदानों के विपरीत है।,0,[],[]
416,जुवावम को रोमन साम्राज्य द्वारा 15 ई.पू.,0,[],[]
416,के लगभग मिला दिया गया था और उस समय इस शहर को जुवावम कहा जाता था।,0,[],[]
418,१९०६ में हार्ले डेविडसन के पहले कारखाने का निर्माण हुआ था।,0,[],[]
419,"श्वार्ज़नेगर की रणनीति के परिणामस्वरूप, कैलिफोर्निया में ग्रीन हाउस गैस के उत्सर्जन को 2020 तक 25 प्रतिशत तक कम किया गया और 1990 के स्तर तक लाया गया। इसके अलावा, उन्होंने अपने घर में व्यक्तिगत तौर पर कार्बन उत्सर्जन कम करने सम्बंधी कदम उठाये और अमेरिकी मोटर उद्योग की दिशा में योगदान दिया।",0,[],[]
421,1987 में हार्ले-डेविडसन ने बुएल को पचास अधिशेष XR1000 इंजन की आपूर्ति की।,0,[],[]
422,मेरे पास आपके प्रश्न का उत्तर नहीं है।,0,[],[]
423,इलेक्ट्रा ग्लाइड्स की पहचान आप सामने से इसकी खूबसूरती से कर सकते हैं।,0,[],[]
424,बैटरी सीट के नीचे दाहिने शैडलबैग के भीतर से बाइक के पटरे में लगा गया थी।,0,[],[]
425,"हाँ, स्पोर्ट्सटर से इंजनों के जरिए अलग किया जा सकता है, जिससे डायना मोटरसाइकिलों की खासियत को और अधिक अद्वितीय बनाते हैं।",0,[],[]
426,1957 में स्पोर्ट्सटर्स को जोड़ा गया था।,0,[],[]
427,वी-रॉड में 60 डिग्री वी-ट्विन इंजन होता है।,0,[],[]
428,"उत्तर: उत्तरी आयरलैंड के हरलैंड और वोल्फ, नोर्वे के एकर क्वानेर, इटली के फिनकेंटिअरी, जर्मनी के मेयर वर्फ्ट और फ़्रांस के चेन्तियर डे अटलांटिक को प्रोजेक्ट क्वीन मैरी के लिए बोली लगाने के लिए आमंत्रित किया गया था।",0,[],[]
430,"संयंत्र को मुख्य रूप से ऊर्जा भाप, जहाज के गैस टरबाइन और डीज़ल इंजन से प्राप्त होती है।",0,[],[]
431,ब्राइन (Brine),0,[],[]
432,2006,0,[],[]
433,"तीन ""क्वीन्स"" थीं।",0,[],[]
435,"चीनी शैली की पश्चिमी ब्रेड में नीचे वाला हिस्सा नरम और मीठा आटा है, जो पश्चिमी ब्रेड की तुलना में काफी मीठा है।",0,[],[]
436,नाश्ते या दोपहर की चाय में लोकप्रिय है।,0,[],[]
437,कैप्टन कोल्ड का ज्ञात उपनाम लेनर्ड स्नार्ट है।,0,[],[]
438,"मेरे पास आपके प्रश्न का उत्तर नहीं है। 'बोह लोह' अनानास के अंदर मक्खन के टुकड़े के साथ डालकर दिया जाने वाला एक प्रकार का स्नैक है, नहीं कि सेब फल है।",0,[],[]
439,मक्खन के टुकड़े डाला जाता है।,0,[],[]
440,मक्खन के अभाव में अनानास पाव बनाने के लिए कस्टर्ड का इस्तेमाल किया जा सकता है।,0,[],[]
441,मेरे पास आपके प्रश्न का उत्तर नहीं है।,0,[],[]
442,"यह सौर नीहारिका के एक घूमते हुए बादल से बना था, जिसमें अंतरतारकीय धूल तथा गैस शामिल थे।",0,[],[]
443,बिग बैंग के कुछ ही समय बाद निर्मित हाइड्रोजन व हीलियम तथा अधिनव तारों द्वारा उत्सर्जित भारी तत्वों से मिलकर बना था।,0,[],[]
444,जुलाई में अश्क़ाबाद का सेल्सियस में औसतन उच्च तापमान 38.3 डिग्री सेल्सियस होता है।,0,[],[]
445,"शहर में फर्नीचर, वस्त्र, हस्तशिल्प, और लकड़ी का उत्पादन किया जाता है।",0,[],[]
446,CACNA1C जीन में उत्परिवर्तन हो रहा है।,0,[],[]
447,"बच्चों ने नहीं सीखीं क्योंकि प्रश्न में कोई बच्चा नहीं है। यदि प्रश्न में कोई बच्चा होता तो उत्तर में सूचीबद्ध पाठ सामग्री का उपयोग करके उत्तर तैयार किया जा सकता है। लेकिन प्रश्न में कोई बच्चा नहीं है, इसलिए मेरे पास आपके प्रश्न का उत्तर नहीं है।",0,[],[]
448,जिन्ना के परिवार द्वारा उनका व्यापक विरोध किया गया था।,0,[],[]
449,यरूशलम था।,0,[],[]
450,मेरे पास आपके प्रश्न का उत्तर नहीं है।,0,[],[]
451,मेरे पास आपके प्रश्न का उत्तर नहीं है।,0,[],[]
453,"डॉयल के पिता चार्ल्स अल्टामोंट डॉयल का देहांत 1893 में क्रिकटन रॉयल, डम्फ़्राइज में हुआ था।",0,[],[]
454,आर्थर कॉनन डॉयल का जन्म 22 मई 1859 को स्कॉटलैंड के एडिनबर्ग में हुआ था।,0,[],[]
455,मेरे पास आपके प्रश्न का उत्तर नहीं है।,0,[],[]
456,जीन लेना एनेट की मृत्यु 18 नवम्बर 1997 को हुई थी।,0,[],[]
457,द क्राइम ऑफ द कांगो की रचना की गई थी।,0,[],[]
458,बेरट्रम फ्लेचर रॉबिन्सन ने मोरेल और केस के अलावा द लॉस्ट वर्ल्ड में पात्रों को प्रेरित करने में मदद की है।,0,[],[]
459,"डॉयल का शरीर ईस्ट ससेक्स के क्रोबोरो में अपने घर, विंडलेशाम के हॉल में खोजा गया था।",0,[],[]
460,एडिनबर्ग में पैदा हुए थे।,0,[],[]
461,"ग्रैनरी कच्ची मिट्टी को भूसे से प्रबलित (री-इनफोर्स) करके बनाई जाती है, जिसको 'डेहरी' कहा जाता है। आजकल धातु (जैसे गैल्वनाइज्ड आइरन) की डेहरी मिलने लगी है।",0,[],[]
462,रेड दक्षिण अफ्रीका की मुद्रा को प्रतिस्थापित किया गया था।,0,[],[]
463,"अफ्रीका के सबसे दक्षिण देश में सोने की प्रचुरता जोहान्सबर्ग में मिल सकती है, जहां दक्षिण अफ्रीका का सबसे बड़ा शहर बसा है और जहां दक्षिण अफ्रीका का सबसे ज्यादा सोना प्रक्षेप स्थित है।",0,[],[]
464,"तारा सूचीपत्र में प्राचीन लोगों द्वारा संकलित हुए थे, जिनमें बेबिलोनियाई, यूनानी, चीनी, फारसी और अरब शामिल हैं। अधिकांश आधुनिक सूचीपत्र इलेक्ट्रॉनिक प्रारूप में उपलब्ध हैं और मुक्त रूप से नासा के खगोलीय डाटा केंद्र से डाउनलोड किया जा सकता है।",0,[],[]
465,प्रत्येक सिलेंडर में चार वाल्व हैं。,0,[],[]
466,"वेरॉन की इंजन क्षमता 7,993 घन सेंटीमीटर (487.8 घन इंच) है।",0,[],[]
467,"माइकेलिन पीएएक्स के फ़्लैट टायरों की कीमत कथित तौर पर 25,000 अमेरिकी डॉलर प्रति सेट है।",0,[],[]
468,"डेविस ने संयुक्त राज्य सेना में एक लेफ्टिनेंट के रूप में छह साल की सेवारत रहे और मेक्सिकन-अमेरिकन युद्ध (1846-1848) में एक स्वयंसेवक रेजिमेंट के कर्नल के रूप में लड़ाई लडी। अमेरिकी गृहयुद्ध से पहले, उन्होंने मिसिसिपी में एक बड़े कपास बागान का संचालन किया और 74 से ज्यादा दासों के स्वामी थे।",0,[],[]
469,मेरे पास आपके प्रश्न का उत्तर नहीं है।,0,[],[]
470,जेफरसन डेविस संयुक्त राज्य सेना में छह साल की सेवारत रहे।,0,[],[]
471,मेरे पास आपके प्रश्न का उत्तर नहीं है।,0,[],[]
473,"धूम्रपान करने के कुछ अन्य साधन हैं: पाइप, सिगार, हुक्का और बॉन्ग।",0,[],[]
474,यूरोपीय अन्वेषण और अमेरिका की विजय के बाद तंबाकू धूम्रपान लोकप्रिय हो गया।,0,[],[]
475,धूम्रपान का इतिहास लगभग 5000 ई.पू.,0,[],[]
475,पुराना हो सकता है।,0,[],[]
476,फ़ुटबॉल इराक का सबसे लोकप्रिय खेल है।,0,[],[]
477,1967 के रेफ़रेंडम से आदिवासी जनसमूह प्रभावित हुआ था।,0,[],[]
478,मेरे पास आपके प्रश्न का उत्तर नहीं है।,0,[],[]
480,"प्रत्येक राज्य के पास अपना कानून या संसद है, जिसमें निचले सदन को विधान सभा के नाम से जाना जाता है और ऊपरी सदन को विधान परिषद नाम से जाना जाता है। हर राज्य में सरकार का मुखिया प्रधानमंत्री (premier) होता है और हर प्रदेश में मुख्य मंत्री.",0,[],[]
481,देश के दक्षिणी-पश्चिमी छोर में सामान्यतः उष्णदेशीय जलवायु पाई जाती है।,0,[],[]
482,ऑस्ट्रेलिया का चालू खाता घाटा 50 वर्षो से भी ज्यादा के एकसमान बड़े है।,0,[],[]
483,"ऑस्ट्रेलियाई संस्कृति से संबद्ध मुख्य प्रभाव एंग्लो सेल्टिक संस्कृति है, जिसका प्राथमिक आधार 1788 से बाद का है। इसके अलावा, 20वीं सदी के मध्य से ऑस्ट्रेलियाई संस्कृति अमेरिकी संस्कृति (विशेषकर टेलिविज़न और सिनेमा) और एशियाई पड़ोसी देशों के अप्रवासियों से प्रभावित रही है।",0,[],[]
484,ऑस्ट्रेलियाई बैलेट कंपनी है।,0,[],[]
485,मेरे पास आपके प्रश्न का उत्तर नहीं है।,0,[],[]
486,"यह सेलेनियम आईडी (Selenium IDE) कार्यात्मक परीक्षण के लिए एक पूर्ण एकीकृत विकास पर्यावरण (आईडी) है, जो रिकॉर्डिंग, संपादन, और डिबगिंग परीक्षण की अनुमति देता है।",0,[],[]
487,मेरे पास आपके प्रश्न का उत्तर नहीं है।,0,[],[]
490,उत्तर: फारस की खाड़ी के रास्ते में शिराज के माध्यम से इन निर्यात की कई फसलों को पार किया गया।,0,[],[]
491,19वी शताब्दी के दूसरे भाग में शिराज की अर्थव्यवस्था में बदलाव आया था।,0,[],[]
492,एलर्जी की दो प्रमुख प्रतिक्रिया हैं - फोटोडर्माटाइटिस और एनाफिलिक्स।,0,[],[]
493,फुटबॉल की लोकप्रियता ईरान में बढ़ी है।,0,[],[]
495,ईरान को पुरस्कार मिले।,0,[],[]
497,कार्यकर्ता क्षमता के लिए एक परीक्षण अभिक्षमता है।,0,[],[]
498,मेरे पास आपके प्रश्न का उत्तर नहीं है।,0,[],[]
499,मतदान के तुरन्त बाद किया जाता है।,0,[],[]
500,फ़िशिंग तकनीक को 1987 में विस्तार से वर्णित किया गया था।,0,[],[]
503,ट्रोब्रेंड द्वीप समूह पापुआ न्यू गिनी के देश का हिस्सा हैं।,0,[],[]
504,"कैलेउना, वकुटा और कितावा द्वीपों के समूह को संरक्षण की आवश्यकता है।",0,[],[]
505,किरिविना के मुख्य द्वीप पर रहते हैं।,0,[],[]
506,उत्तर: 201 देशों में प्रतिस्पर्धा हुई।,0,[],[]
507,हिंदी में उत्तर: यूक्रेन ने 1939 में जर्मन और सोवियत सेना के आक्रमण के बाद पहली बार एकजुट हुआ था।,0,[],[]
508,उत्तर: यूक्रेनियनों को सेना में शामिल किया गया था।,0,[],[]
510,फंगी यूक्रेन में प्रचुरता और विविधता से उपलब्ध है।,0,[],[]
511,मई 1992 में यूक्रेन ने लिस्बन प्रटोकॉल पर हस्ताक्षर किए।,0,[],[]
512,उत्तर: रीजन का उपयोग नहीं होता है। प्रश्न में रीजन का उल्लेख नहीं है।,0,[],[]
513,56% औद्योगिक श्रम का प्रतिनिधित्व करता है।,0,[],[]
514,"वेबसाइट पर मौजूद ट्रैफिक को आप वेब सर्वर लॉग फाइल में पाए जाने वाले ट्रैफिक आंकड़ों को देख कर माप सकते हैं, जो सभी प्रयुक्त पृष्ठों की एक स्वतः उत्पन्न सूची होती है। जब कोई फ़ाइल पेश की जाती है तो एक हिट उत्पन्न होता है, और एक पेज व्यू तब उत्पन्न होता है जब एक आगंतुक वेब साइट के भीतर किसी भी पृष्ठ का अनुरोध करता है।",0,[],[]
515,औसत पृष्ठ अवधि एक व्यक्ति को बताती है कि कितनी देर तक एक पेज को देखा जाता है। जितना अधिक पृष्ठों को देखा जाता है उतना ही बेहतर यह आपकी कंपनी के लिए होता है।,0,[],[]
516,मेरे पास आपके प्रश्न का उत्तर नहीं है।,0,[],[]
518,जेम्स द्वितीय नीदरलैंड से इंग्लैण्ड लौटे।,0,[],[]
519,हेलमेट पहनना चाहिए।,0,[],[]
520,बर्फ के लगातार टूटते चले जाने के कारण स्केटर के लिए पानी में से निकल कर बर्फ के ऊपर आना बहुत मुश्किल और कई मामलों में असंभव होता है।,0,[],[]
521,"हाँ, संसद भविष्य में बदले नहीं जा सकने वाले कानूनों को पारित नहीं कर सकती है। UK संसद के पास संवैधानिक सुधार की शक्ति है, लेकिन वह कानून पारित नहीं कर सकती जो आगामी सरकार नहीं बदल सकती है।",0,[],[]
522,"जिन्हें शपथ दिलाई जाती हैं, वे मंत्रिमंडल के सदस्य बनते हैं।",0,[],[]
523,"अटलांटिक की धाराएं गरम होती हैं क्योंकि वे गरम हुई अटलांटिक धाराएं हैं, जो गल्फ नदी से आती हैं।",0,[],[]
524,यूके (यूनाइटेड किंगडम) फ्रांस के उत्तर पश्चिमी तट के 35 किलोमीटर के भीतर इंग्लिश चैनल के द्वारा अलग होता है।,0,[],[]
525,"हाल की 2001 में जनगणना में, यूनाइटेड किंगडम की कुल आबादी 58789194 थी।",0,[],[]
526,लंदन में स्थित हैं।,0,[],[]
527,"हिंदी में उत्तर: वेल्स और स्कॉटलैंड की अपनी अलग क्रिकेट टीम है, लेकिन आयरलैंड की नहीं है। आयरलैंड क्रिकेट टीम इंग्लैंड के साथ मिलकर खेलती है।",0,[],[]
528,ह्यूग मैकडिअर्मिड और नील एम.,0,[],[]
528,गन ने स्कॉटिश नवजागरण में योगदान किया।,0,[],[]
529,जेरेमी बेंटम और डेविड ह्यूम उल्लेखनीय ब्रिटिश दार्शनिक हैं।,0,[],[]
530,"""रानी""",0,[],[]
531,"मेरे पास आपके प्रश्न का उत्तर नहीं है। चर्चिल ने नाज़ियों को हराया था, लेकिन मेरे पास इस बारे में कोई जानकारी नहीं है कि किस जानवर का इस्तेमाल किया गया था। चर्चिल के बारे में मेरे पास केवल एक जानकारी है कि वह लिबिया में लेफ्टिनेंट कर्नल के रूप में सेवा किया था और ब्रिटानिया का प्रतीक है।",0,[],[]
532,"ब्रिटानिया के पास एक कोरिंथियन हेलमेट, सफेद वस्त्र, पोसाईडन का तीन-आयामी त्रिशूल, एक ढाल और एक शेर के पीछे सवारी करने की सुविधा है।",0,[],[]
533,ब्रिटानिया एक शेर की सवारी करती है।,0,[],[]
534,मेरे पास आपके प्रश्न का उत्तर नहीं है।,0,[],[]
535,मेरे पास आपके प्रश्न का उत्तर नहीं है।,0,[],[]
536,सूर्य का सामना करता है।,0,[],[]
538,उत्तर: युरेनस पर एक अद्भुत अक्षीय झुकाव है।,0,[],[]
540,"गणित में अपसारी श्रेणी एक अनन्त श्रेणी है जो अभिसारी नहीं है, मतलब यह कि श्रेणी के आंशिक योग का अनन्त अनुक्रम का सीमान्त मान नहीं होता।",0,[],[]
542,उत्तर: १९६५,0,[],[]
543,मेरे पास आपके प्रश्न का उत्तर नहीं है।,0,[],[]
545,एडिडास 1 की शुरुआत 2005 में हुई थी।,0,[],[]
546,"फूल नीले, गुलाबी, लाल और सफेद रंग के हो सकते हैं।",0,[],[]
547,मेरे पास आपके प्रश्न का उत्तर नहीं है।,0,[],[]
548,मेरे पास आपके प्रश्न का उत्तर नहीं है।,0,[],[]
549,हिंदी फिल्में देखना और हिंदी गाने सुनना पसंद करते हैं।,0,[],[]
551,मालदीवियों को हिंदी फिल्में पसंद हैं।,0,[],[]
552,मेरे पास आपके प्रश्न का उत्तर नहीं है।,0,[],[]
553,गौड़ी की लोकप्रियता बहुत व्यापक है। इनके कार्य को अन्तराष्ट्रीय अपील प्राप्त है और कई अध्ययन इनकी वास्तुकला को समझने के लिए समर्पित किए गए हैं। वर्तमान में इनके कार्य के वास्तुकारों और आम जनता के बीच समान रूप से प्रशंसक मिलते हैं।,0,[],[]
554,ग्वैडी के कार्य को वास्तुकला के रूप में वर्गीकृत किया गया है।,0,[],[]
555,गौदी 1926 के दौरान प्रतिदिन सैर करने जाते थे।,0,[],[]
556,यह शृंखला केबल टेलीविज़न चैनल FX पर प्रसारण होता है।,0,[],[]
557,फोर्ड ने जैगुआर के शेयर खरीदने का प्रयास किया।,0,[],[]
559,2 माह से कम उम्र के बच्चों में खांसी अक्सर नहीं होती है।,0,[],[]
560,"लेख में निमोनिया की पहचान की गई है, जिसके कारणों में बैक्टीरिया या वायरस, फफूंद और परजीवियों के संक्रमण शामिल हैं।",0,[],[]
561,बच्चों में लगभग 15% निमोनिया के मामलों के लिये वायरस जिम्मेदार है।,0,[],[]
562,मामलों की दर 20 वीं शताब्दी के बाद के वर्षों में बढ़ रही है।,0,[],[]
563,"फेफड़ों के शामिल होने का कारण परजीवी जीवाणुओं के संक्रमण के कारण हो सकता है, जिनमें टोक्सोप्लाज़्मा गोन्डी, स्ट्रॉन्गीलॉएडस स्टेकोरालिस,ऐस्केरिस ल्युम्ब्रीकॉएड्स और प्लास्मोडियम मलेरियाशामिल हैं। ये जीव शरीर में त्वचा के साथ सीधे संपर्क, अंतर्ग्रहण, कीट के काटने से दाखिल होते हैं।",0,[],[]
565,यह बीमारी फेफड़ों में प्रवेश करती है।,0,[],[]
566,मेरे पास आपके प्रश्न का उत्तर नहीं है।,0,[],[]
568,"जब बैक्टीरिया फेफड़ों में एल्वियोली और कोशिकाओं के बीच के क्षेत्र में प्रवेश करता है, तो न्यूट्रोफिल साइटोकाइन मुक्त करते हैं, जो प्रतिरक्षा तंत्र को सामान्य रूप से सक्रिय करता है। इसके कारण आम बैक्टीरिया जनित निमोनिया के कारण होने वाले बुखार, ठिठुरन और थकान जैसे लक्षण होते हैं। न्यूट्रोफिल, बैक्टीरिया और आसपास की रक्त वाहिकाओं से तरल एल्वियोली में भर जाता है, जिसके कारण सीने के एक्स-रे में समेकन दिखता है।",0,[],[]
569,बैक्टीरिया एक जगह से दूसरी जगह जाने के लिए रक्त द्वारा फैल सकते हैं और वायु में फैली संदूषित महीन बूंदों के माध्यम से फेफड़ों में पहुंच जाती हैं।,0,[],[]
570,साइटोकिन्स प्रतिरक्षा तंत्र में प्रतिक्रिया देते हैं।,0,[],[]
571,"उपचार चिकित्सीय आधार पर खांसी या श्वसन में जटिलता और तीव्र श्वसन दर, सीने में भीतरी खिचाव में या चेतना में कमी को आधारित होता है।",0,[],[]
572,"डॉक्टर किसी व्यक्ति के स्वास्थ्य का निर्धारण करने के लिए अक्सर सीने का रेडियोग्राफ (X-ray) उपयोग करते हैं। हालांकि, रेडियोग्राफ का उपयोग न केवल स्वास्थ्य का निर्धारण करने के लिए किया जाता है, बल्कि अन्य प्रकार के निदान के लिए भी किया जाता है। इसके अलावा, डॉक्टर निदान के लिए इमेजिंग (imaging) का उपयोग भी करते हैं, जिसमें सीटी स्कैन (CT scan) और अन्य प्रकार के इमेजिंग टेक्नोलॉजी शामिल हैं।",0,[],[]
573,मूत्र परीक्षणों में लेग्यिनेला और स्ट्रेप्टोकॉकस के एंटीजन के लिये मूत्र का परीक्षण अनुशंसित किया जाता है।,0,[],[]
574,"अनुसंधान के अनुसार, यदि पूरी दुनिया में उपयुक्त उपचार उपलब्ध हो तो बचपन में होने वाली मौतों में से 6,00,000 को कम किया जा सकता था।",0,[],[]
575,"टीकाकरण महत्वपूर्ण हैं क्योंकि वे निमोनिया के विरुद्ध बच्चों और वयस्कों दोनों में रोकथाम करते हैं, जिससे स्वास्थ्य सेवा कार्यकर्ताओं के लिए रोगियों के बीच वायरस जनित निमोनिया के जोखिम को कम करता है। इसके अलावा, टीकाकरण सेंटर फॉर डिज़ीज़ कंट्रोल एंड प्रिवेन्शन (सीडीसी) की अनुशंसा के अनुसार, हर साल 6 और अधिक उम्र के प्रत्येक व्यक्ति के लिए किया जाना चाहिए।",0,[],[]
577,"हॉस्पिटल अक्वायर्ड निमोनिया के लिए सिफारिशों में तीसरी और चौथी पीढ़ी के सिफाल्सोपोरिन्स, कार्बापेनम, फ्लोरोक्विनालोन, एमीनोग्लाइकोसाइड और वैन्कोमिसिन शामिल हैं।",0,[],[]
578,कॉर्टिकॉस्टरॉएड का उपयोग विवादित है।,0,[],[]
579,मृत्युदर 1% से कम होती है।,0,[],[]
580,"फेफड़े के फोड़े के लिए एक स्वीकार्य उपचार के रूप में दीर्घ अवधि के एंटीबायोटिक का प्रयोग किया जाता है। हालांकि, कभी-कभार फोड़ों को शल्यचिकित्सक या रेडियोलॉजिस्ट द्वारा निकाला जाना जरूरी हो जाता है।",0,[],[]
581,निमोनिया के कारण श्वसन विफलता तब होती है जब फेफड़ों में तरल भर जाता है और वे सख्त हो जाते हैं। इस सख्ती के साथ एल्वियोलर तरल के कारण ऑक्सीजन निष्कर्षण में गंभीर कठिनाइयों के संयोजन के चलते उत्तरजीविता हेतु लंबी अवधि के लिये यांत्रिक श्वसन की आवश्यकता पड़ सकती है।,0,[],[]
582,निमोनिया है।,0,[],[]
583,"एडविन क्लेब्स ने सबसे पहले 1875 में निमोनिया के कारण मरे हुए व्यक्तियों के वायुमार्ग का विश्लेषण किया था, लेकिन स्ट्रेप्टोकॉकस निमोनिया की पहचान कार्ल फ्रेडलैन्डर और अल्बर्ट फ्रैन्केल ने क्रमशः 1882 और 1884 किया था।",0,[],[]
584,जीवाणुओं की पहचान करने में मदद करने वाली जाँच का आविष्कार क्रिस्चिएन ग्राम ने किया था।,0,[],[]
585,पेनिसिलिन एंटीबायोटिक दवा की श्रेणी में आता है।,0,[],[]
586,मेरे पास आपके प्रश्न का उत्तर नहीं है।,0,[],[]
587,मेरे पास आपके प्रश्न का उत्तर नहीं है।,0,[],[]
588,मेरे पास आपके प्रश्न का उत्तर नहीं है।,0,[],[]
589,1878 में क्लब स्थापित किया गया था।,0,[],[]
590,"निडारिया (Cnidaria) एक जीववैज्ञानिक संघ है जिसमें १०,००० से अधिक सदस्यों वाले प्राणी शामिल हैं, जो समुद्री व मीठे जलाश्यों में मिलते हैं।",0,[],[]
592,"दी गई संख्या की तुलना करने के लिए, हम देख सकते हैं कि ""द नॅचुरलिस्ट"" खिलाड़ी को चार गायों को देता है, जबकि ""द जनरल"" बारह मस्केटीर्स और भारी तोपखाने का एक टुकड़ा देता है। इसलिए, दी गई गायों की संख्या (चार) मस्केटीर्स की संख्या (बारह) से कम है।",0,[],[]
593,एक्सपी (XP) प्राप्त करने के बाद खिलाड़ी कार्यों को पूरा करने में सक्षम हो जाता है।,0,[],[]
594,"XP का मतलब है ""अनुभव""।",0,[],[]
595,"मेरे पास आपके प्रश्न का उत्तर नहीं है। एज ऑफ एंपाइयर्स III के बारे में जानकारी उपलब्ध है, लेकिन एज ऑफ एंपाइयर्स II के बारे में कोई जानकारी नहीं है।",0,[],[]
596,तसिया वैलेन्जा,0,[],[]
597,लीसी द पायरेट ने मॉर्गन पर हमला किया।,0,[],[]
598,मेरे पास आपके प्रश्न का उत्तर नहीं है।,0,[],[]
599,मेरे पास आपके प्रश्न का उत्तर नहीं है।,0,[],[]
601,"4 जनवरी, 2005 को खेल की घोषणा की गई थी।",0,[],[]
604,"कुवैत में ईसाई धर्म अल्पसंख्यक धर्म है, लेकिन सरकार द्वारा मान्यता प्राप्त ईसाई चर्चों में रोमन कैथोलिक चर्च, कॉप्टिक रूढ़िवादी चर्च, राष्ट्रीय ईवाजेलिकल चर्च कुवैत (प्रोटेस्टेंट), अर्मेनियाई अपोस्टोलिक चर्च, ग्रीक रूढ़िवादी चर्च, ग्रीक कैथोलिक (मेलकाइट) चर्च और एंग्लिकन चर्च शामिल हैं। इसके अलावा, कुवैत में अनुमानित 600,000 गैर-नागरिक ईसाई हैं, जो कुवैत में रहते हैं।",0,[],[]
605,मेयर एस्क्वायर के लिए लिखते थे।,0,[],[]
606,"मेयर के EP ""इनसाइड वौंट्स आउट"" में आठ गाने हैं।",0,[],[]
607,"क्रिकेट में क्षेत्ररक्षक स्थान नियत हैं, जिनमें से कुछ का प्रयोग सामान्य तौर पर किया जाता है जबकि अन्य का प्रयोग कभी-कभार ही किया जाता है।",0,[],[]
608,22% काले पदार्थ है।,0,[],[]
609,कुछ वैज्ञानिकों का मानना है कि सार तत्व का सबसे अच्छा साक्ष्य आइंस्टीन के समतुल्यता सिद्धांत के उल्लंघनों से एवं स्थान एवं समय में आधारभूत स्थिरांक की भिन्नता से आएगा.,0,[],[]
610,संयोग की समस्या ब्रह्मांडीय त्वरण के शुरू होने की समस्या से संबंधित है।,0,[],[]
611,"इनसाइडर ट्रेडिंग को कुछ देशों में अवैध माना जाता है, लेकिन इसके लिए कुछ शर्तें हैं। उदाहरण के लिए, यदि कोई व्यक्ति किसी कंपनी के साथ नजदीकी संपर्क में है और उस कंपनी के शेयर खरीदता है, तो उसे अंतरंगी लेन-देन के दोषी नहीं ठहराए जाएंगे जबतक कि कोई नजदीकी संपर्क न हुआ हो। हालांकि, यदि कोई निविदा के प्रस्ताव की सूचना मिल जाती है और वह गैर-सार्वजनिक है, तो इसके रहस्य से या तो पर्दा हटाना या फिर इससे दूर ही रहना कर्त्तव्य हो जाता है।",0,[],[]
613,बंगाल के भीतर संस्कृत लिखने के लिए ऐतिहासिक रूप से ब्राम्ही लिपि का इस्तेमाल किया गया है।,0,[],[]
614,"यदि कोई व्यक्ति मानक उपचार द्वारा बेहतर नहीं होता है तो अतिरिक्त परीक्षण किये जा सकते हैं, जिसमें बैक्टीरिया की जांच के लिये परीक्षण किया जा सकता है।",0,[],[]
615,"डेंगू से पीड़ित व्यक्ति के हालत के लक्षणों में परिसंचरण आघात, डेंगू आघात सिन्ड्रोम तथा डेंगू रक्तस्रावी बुख़ार होता है। इसके अलावा, सुधार चरण में व्यक्ति अक्सर गंभीर खुजलाहट तथा धीमी हृदय गति की शिकायत हो सकती है।",0,[],[]
617,"≥ 12 का अर्थ है, श्वसन विफलतासंभव है। भौंकने जैसी खांसी तथा घरघराहट इस चरण में नहीं भी हो सकती है।",0,[],[]
618,"ऑक्सीजन संतृप्ति (रक्त में ऑक्सीजन की मात्रा) 92 प्रतिशत तक होना चाहिये और यदि आवश्यकता हो तो ""ब्लो-बाई"" दिये जाने की अनुशंसा की जाती है।",0,[],[]
621,"वायरस जनित कंठ-रोग की अपेक्षित अवधि दो दिनों के भीतर बेहतर हो जाते है, लेकिन सात दिनों तक बने रह सकते हैं।",0,[],[]
622,"हिंदी में उत्तर: कंठ-रोग की आयु सीमा 6 माह से 5-6 वर्ष के 15 प्रतिशत बच्चों के लिए है, लेकिन बेहद कम मामलों में 3 माह के या 15 वर्ष के बच्चों को भी कंठ-रोग होने की संभावना होती है।",0,[],[]
623,क्रुप (Croup),0,[],[]
624,"फ्रेंच वायरस क्रुप को ""अशुद्ध-क्रुप"" कहा जाता था।",0,[],[]
625,मनोविज्ञान विभाग की शुरुआत प्रायः वर्ष 1896 में पेंसिल्वैनिया विश्वविद्यालय में लाइटनर विट्मर (Lightner Witmer) द्वारा प्रथम मनोवैज्ञानिक चिकित्सालय की स्थापना के साथ माना जाता है।,0,[],[]
626,प्रमाणन 1927 तक प्रदान किया गया था।,0,[],[]
628,"रोटरी इंजन में सामान्य रूप से प्रत्येक पंक्ति में सिलिण्डरों की संख्या विषम (३, ५, ७ आदि) रक्खी जाती थी।",0,[],[]
629,"मेरे पास आपके प्रश्न का उत्तर नहीं है। सूची में उपलब्ध पाठ्य सामग्री में सांस्कृतिक विविधताओं का उल्लेख नहीं है। हालांकि, हस्तरेखा शास्त्र या काइरमैन्सी के बारे में उल्लेख है, जो एक सांस्कृतिक प्रथा है, लेकिन सांस्कृतिक विविधताओं की संख्या का उल्लेख नहीं है।",0,[],[]
630,रिंक (Rink) कहा जाता है।,0,[],[]
631,संजय लीला भंसाली ने बाजीराव मस्तानी का निर्देशन किया है।,0,[],[]
632,अमेरिका ने नेवाडा का विस्तार 1848 में मैक्सिकन-अमेरिकी युद्ध के बाद किया जब उसने इस क्षेत्र पर कब्जा कर लिया।,0,[],[]
634,मेरे पास आपके प्रश्न का उत्तर नहीं है।,0,[],[]
635,वेंडी फ्रीटाउन के कारावास में है।,0,[],[]
636,अंतरिक्ष यात्री का मतलब है पृथ्वी के वायुमंडल से ऊपर जाकर अंतरिक्ष में प्रवेश करे व्यक्ति को।,0,[],[]
637,शनि एक गैस दानव के रूप में वर्गीकृत है और सौरमंडल में एकमात्र ग्रह है जो पानी से कम घना है।,0,[],[]
638,"शनि ग्रह की भूमध्यरेखीय और ध्रुवीय त्रिज्याओं के बीच करीब 10% का फर्क है - क्रमशः 60,268 किमी बनाम 54,364 किमी।",0,[],[]
639,"शनि के कोर का व्यास लगभग 25,000 किमी माना जाता है।",0,[],[]
640,सौर वायु कणों को विक्षेपित किया जाता है।,0,[],[]
641,"रिया पर एक कमजोर वायुमंडल हो सकता है, जिसके साथ-साथ एक स्वयं की कमजोर वलय प्रणाली हो सकती है।",0,[],[]
642,टाइटन का वायुमंडल मोटा होने की पुष्टि 1944 में हुई थी।,0,[],[]
644,मेरे पास आपके प्रश्न का उत्तर नहीं है।,0,[],[]
645,ऑर्बिटर ने रिलीज होने से पहले दो फ्लाईबाई किए।,0,[],[]
646,"शनि सबसे चमकीला दिखता है जब वह विमुखता पर है या इसके नजदीक है, अर्थात जब यह 180° के प्रसरकोण पर है और ग्रह विन्यास, आकाश में सूर्य के विपरीत दिखाई देता है।",0,[],[]
647,"शनि नग्न आंखों से आसानी से दिखाई देने वाले पाँच ग्रहों में सबसे दूर का है, और इसका पूरा परिपथ क्रांतिवृत्त का एक पूरे परिपथ को बनाने के लिए लगभग 29½ साल लेता है।",0,[],[]
648,"इश्तार टेरा एक शुक्र ग्रह पर स्थित उच्चभूम क्षेत्र है, न कि किसी व्यक्ति का नाम है।",0,[],[]
650,मेरे पास आपके प्रश्न का उत्तर नहीं है।,0,[],[]
651,मेरे पास आपके प्रश्न का उत्तर नहीं है।,0,[],[]
652,भारत ने पहले परमाणु हमले न करने का संकल्प लिया हुआ है।,0,[],[]
653,मेरे पास आपके प्रश्न का उत्तर नहीं है।,0,[],[]
654,युद्धों के समय आवश्यकता के दबाव में सिन्कोना के पेड़ के कृत्रिम उत्पादन के प्रयास किये गए थे।,0,[],[]
655,कुनैन का प्राकृतिक स्रोत सिन्कोना के पेड़ में पाया जाता है।,0,[],[]
656,अप्रैल से अप्रैल तक मजबूत उत्तरी-पूर्वी हवाएं उड़ती हैं।,0,[],[]
658,मेरे पास आपके प्रश्न का उत्तर नहीं है।,0,[],[]
659,कच्ची सड़कें हैं।,0,[],[]
661,"समय से पहले दफन करने के कारण निम्न में से किसी भी कारण से मौत हो सकती है: दम घुटना, निर्जलीकरण, भुखमरी, या (ठंडे मौसम में) हाइपोथर्मिया।",0,[],[]
662,सारा पॉलिन ने 2006 से 2009 तक अलास्का में गवर्नर के रूप में अपनी सेवा दी थी।,0,[],[]
665,पॉलिन यौन शिक्षा के पक्ष में है जो गर्भनिरोध के साथ-साथ संयम को बढ़ावा देते हैं।,0,[],[]
666,मॉंटेवीडियो की स्थापना 18वीं शताब्दी के शुरुआती दौर में सैन्य गढ़ के रूप में की गई थी।,0,[],[]
667,उरुग्वे का तट 660 किमी (410 मील) लंबा है।,0,[],[]
668,उरुग्वे को 25वां सबसे कम भ्रष्ट देशों में गिना जाता है।,0,[],[]
669,"परिणामों का अध्ययन और संग्रह का कोई संबंध प्राचीन एथेंस, सिरैक्यूज़, प्लाज्मा, संयुक्त राज्य अमेरिका जनगणना ब्यूरो और हिन्द-यवन राज्य से नहीं है। इसलिए, मेरे पास आपके प्रश्न का उत्तर नहीं है।",0,[],[]
670,क्लोनिडीन मस्तिष्क में मौजूद कैटेकोलामीन की तरह होता है।,0,[],[]
671,"द गुड, द बैड एंड द अग्ली को सर्वश्रेष्ठ पश्चिमी फिल्म के रूप में मान्यता मिली है।",0,[],[]
672,16 बिट रंग स्क्रीन पर 16 बिट रंग चित्रित किया गया था।,0,[],[]
673,फ्लोरिडा बस विरोध 1956-1957 में हुआ था।,0,[],[]
674,लॉरी प्रिट्चेट को असफल अभियान के लिए दोषी ठहराया गया था।,0,[],[]
675,राजा को 12 अप्रैल 1963 को गिरफ्तार किया गया था।,0,[],[]
676,संवैधानिक नहीं हो सकता है आदेश का असंवैधानिक होना है।,0,[],[]
677,रेवरेंड ए.डी.,0,[],[]
677,किंग का घर था।,0,[],[]
678,आई हैव ए ड्रीम (I Have a Dream),0,[],[]
679,जिम क्लार्क थे।,0,[],[]
680,जिमी ली जैक्सन की हत्या के कारण एमएलके के मार्च की चिंगारी भड़की थी।,0,[],[]
681,उत्तर: 600 लोगों ने मार्च किया।,0,[],[]
682,जॉन लुईस को मारा और पीटा गया था।,0,[],[]
683,"हिंदी में उत्तर: चार साल के भीतर, दक्षिण में मतदाता पंजीकरण दोगुना से अधिक हो गया था।",0,[],[]
684,मिसिसिपी में 1965 में सबसे अधिक अश्वेत मतदाता थे।,0,[],[]
685,"250,000 नए अश्वेत मतदाताओं को पंजीकृत किया गया था।",0,[],[]
687,"नोबेल शांति पुरस्कार प्राप्त करने के बाद, किंग काफी लोकप्रिय हो गए। इसके बाद उनका कैरियर निराशायुक्त चुनौतियों से भरा हुआ था।",0,[],[]
688,लेसनर को पेशेवर फुटबॉल खेलना पसंद था।,0,[],[]
689,जेनिस ऐलेन वोस ने पांच बार अंतरिक्ष में उड़ान भरी थी।,0,[],[]
690,"यूसीएलए (University of California, Los Angeles) का संक्षिप्त नाम है।",0,[],[]
691,उत्तर: उत्तरी परिसर और दक्षिणी परिसर।,0,[],[]
693,१९९१ के बाज़ार-आधारित सुधारों के बाद भारत विश्व की सबसे तेज़ विकसित होती बड़ी अर्थ-व्यवस्थाओं में से एक हो गया है।,0,[],[]
694,भारत की न्यायपालिका में २४ उच्च न्यायालयों का उपयोग किया जाता है।,0,[],[]
695,"भारतीय समाज में लोक नृत्य और शास्त्रीय नृत्य दोनों शामिल हैं, जैसे कि कत्थक, कुचिपुड़ी आदि।",0,[],[]
696,मिलान में कैथोलिक धर्म प्रचलित है।,0,[],[]
697,सैन सिरो के नाम से जाना जाता है।,0,[],[]
699,"वॉरेन ने कहा ""सज्जनों, यह कोई पाखंड नहीं है।""",0,[],[]
700,महारानी विक्टोरिया को क्लोरोफॉर्म दिया गया था।,0,[],[]
701,बुजुर्ग महिलाएं विशेष रूप से पैरों और पेल्विस की हड्डियों के फ्रैक्चर से प्रभावित होती हैं।,0,[],[]
703,मिटिओरा की एकल रचनाओं के एल्बम ने रेडियो पर उल्लेखनीय रूप से ध्यानाकर्षित किया और लगभग तीस लाख प्रतियां बिक गईं।,0,[],[]
704,और स्टोरी ऑफ़ द इयर।,0,[],[]
707,बैंड ने एल्बम के निर्माण में चौदह महीने व्यतीत किए थे।,0,[],[]
708,"लिंकिन पार्क के 2007 एल्बम ""मिनट्स टू मिडनाइट"" का निर्माण निर्माता रिक रूबिन ने किया था।",0,[],[]
709,"सेवाएँ एक संचार समझौते का पालन करती हैं, जैसा कि सामूहिक रूप से एक या अधिक सेवा-विवरण दस्तावेजों के द्वारा परिभाषित किया गया है।",0,[],[]
710,मेरे पास आपके प्रश्न का उत्तर नहीं है।,0,[],[]
711,युवा लड़कियों ने अपने लंबे बालों को स्विंग करके और संगीत के मजबूत धड़कन के समय में अपने शरीर को घुमाने के द्वारा नृत्य किया।,0,[],[]
712,"हिंदी में उत्तर: वीवा, आसमां, श्वेता शेट्टी, जैस्मीन और स्टाइल भाई आदि इंडी-पॉप कलाकार हैं।",0,[],[]
713,लकड़ी में सेलूलोज की मात्रा करीब 50 प्रतिशत होती है।,0,[],[]
714,"बायोपॉलिमर कई बार विशिष्ट आकारों में दोहरे हो जाते हैं, जिससे उनके जैविक कार्यकलाप निर्धारित होते हैं और जो जटिल तरीके से उनकी प्राथमिक रचनाओं पर निर्भर होते हैं।",0,[],[]
715,अमीनो एसिड अवशेषों के साथ पॉलिपेप्टाइड पाएंगे।,0,[],[]
716,मेरे पास आपके प्रश्न का उत्तर नहीं है।,0,[],[]
717,आपके प्रश्न का उत्तर है: आप्टिकल ट्वीजर और परमाणु बल माइक्रोस्कोपी से बायोपॉलिमर के यांत्रिक गुणों को मापा जा सकता है।,0,[],[]
718,राज टीना के प्रति आकर्षित रहता है।,0,[],[]
719,भारत में लौट आता है।,0,[],[]
721,परिवार नौकरी के लिए इंग्लैंड जाने के लिए जगह छोड़ कर गया था।,0,[],[]
722,पूजा और राज को एक दूसरे के लिए अपने प्यार की खोज करते हैं और शादी करने का फैसला करते हैं।,0,[],[]
725,शरद सक्सेना विक्रम सिन्हा का दूसरा नाम है।,0,[],[]
726,"कॉपरमाइन नदी १,००० फुट की ऊँचाई पर स्थित प्वाइंट झील से निकलती है।",0,[],[]
727,"हूलोक्स में लिंग भेद नहीं किया जाता है, क्योंकि इनकी रंगत अलग होती है, लेकिन आकार समान ही होता है।",0,[],[]
728,जन्म के समय होल्स का रंग श्वेत या भूरा होता है।,0,[],[]
729,मेरे पास आपके प्रश्न का उत्तर है। औसत जीवनकाल लगभग २५ वर्ष है। (यह संदर्भ प्रजनन से संबंधित जानकारी से लिया गया है।),0,[],[]
730,जन्म लेनें के ६ मास के बाद नरों का रंग काला होने लगता है।,0,[],[]
731,प्रजनन में मादा ७ मास का गर्भ धारण करती है और शिशु श्वेत या भूरे बालों के साथ जन्म लेतें हैं। जन्म लेनें के ६ मास के बाद नरों का रंग काला होने लगता है लेकिन मादाओं का रंग भूरा ही रहता है। ८ से ९ वर्षों में वे पूरी तरह बड़े हो जाते हैं।,0,[],[]
735,कांग ने एशर के जरिए फायदा उठाकर अमेरिकी अधिकारियों से बारगेनिंग चिप के रूप में कोड का उपयोग किया था।,0,[],[]
736,कांग सेर्बेरस कोड को प्रकट करवाने का प्रयास कर रहा है।,0,[],[]
737,मेरे पास आपके प्रश्न का उत्तर नहीं है।,0,[],[]
738,सेर्बस कांग ने शुरू किया था।,0,[],[]
739,"मेरे पास आपके प्रश्न का उत्तर नहीं है। मर्सिडीज-बेंज कार निर्माता के उत्पादन केंद्र के बारे में कोई जानकारी उपलब्ध नहीं है। हालांकि, मर्सिडीज-बेंज एक जर्मन कार निर्माता है और उसके उत्पादन केंद्र दुनिया भर में कई देशों में स्थित हैं, लेकिन किसी एक स्थान के बारे में कोई जानकारी नहीं है।",0,[],[]
740,"2002 में इरना से ""दी स्कोर्पियन किंग"" के लिए गीत लिखने और प्रदर्शन करने को कहा गया था।",0,[],[]
741,फेसलेस एल्बम की दस लाख से अधिक प्रतियाँ अमेरिका में बिक गईं।,0,[],[]
743,500 डॉलर प्रत्येक के लिए दिया जाता है।,0,[],[]
744,फिल्म क्रैश ने घरेलू रूप से 53.4 मिलियन डॉलर की कमाई की।,0,[],[]
745,उज्बेकिस्तान ने 1992 में यूनिफाइड टीम का हिस्सा था और ओलंपिक खेलों में भाग लिया।,0,[],[]
746,ब्रिटिश राजशाही का लंदन स्थित आधिकारिक निवास बकिंघम पैलेस में ब्रिटिश राजा और रानी रहते हैं।,0,[],[]
748,महल के कार्यालयों और स्टाफ़ के साथ-साथ महल की डिजाइन की त्रुटियों को ठीक करने के लिये प्रिंस अल्बर्ट ने स्वयं घर के कार्यालयों और स्टाफ़ के साथ-साथ महल की डिजाइन की त्रुटियों को ठीक करने का विचार किया।,0,[],[]
749,विंडसर कासल में ही आयोजित किये जाते थे।,0,[],[]
750,म्यूजिक रूम है जिसकी विशाल बनावट इस फ़ैकेड की सबसे प्रभावशाली विशेषता है।,0,[],[]
751,"चीनी लंच रूम की एक प्रमुख विशेषता लाल और नीले रंग का चीनी लंच रूम है, जो ब्राइटन बैंकटिंग और म्यूजिक रूम के हिस्सों से मिलकर बना है।",0,[],[]
752,मेरे पास आपके प्रश्न का उत्तर नहीं है।,0,[],[]
753,"दिल्ली दरबार के महल का माप 120 फीट लंबा, 59 फीट चौड़ा और 44 फीट ऊंचा है।",0,[],[]
755,म्युजिशियंस गैलरी में एक मिलिट्री बैंड बजाया जाता है।,0,[],[]
757,राजकीय भोज किसी राज्य के प्रमुख की राजकीय यात्रा की पहली शाम को आयोजित किये जाते हैं।,0,[],[]
758,स्पेस और लाइट का मनमोहक दृश्य दिखाई पड़ता है।,0,[],[]
760,म्यूजिक रूम में हुआ है।,0,[],[]
761,महारानी के पहले तीन बच्चों का नामकरण संगीत कक्ष में हुआ था।,0,[],[]
762,"छोटे समारोह अधिक संख्या में ""1844 रूम"" में होते हैं।",0,[],[]
763,रानी एलेक्जेंड्रा है।,0,[],[]
764,"द्वितीय विश्व युद्ध के दौरान ब्रिटेन के सभी सिनेमाघरों में शाही महल में बमबारी का प्रदर्शन किया गया क्योंकि यह एक सामान्य मुश्किल का प्रतिनिधित्व करता था, जिसका सामना पूरे इंग्लैंड ने किया था।",0,[],[]
765,"प्रथम विश्व युद्ध के दौरान, बम विस्फोटों की कवरेज पूर्ण रूप से प्रतिबंधित नहीं थी। हालांकि, द्वितीय विश्व युद्ध के दौरान, बम विस्फोटों की कवरेज पूर्ण रूप से प्रतिबंधित कर दी गई थी।",0,[],[]
766,एडिनबर्ग की अर्थव्यवस्था में बैंकिंग 1695 में बैंक ऑफ स्कॉटलैंड की स्थापना से एक मुख्याधार रही है।,0,[],[]
768,लेक्स लूथर आर्खम असायलम से भाग निकलता है।,0,[],[]
771,राष्ट्रपति निभाता है।,0,[],[]
772,परिषद को 1784 में 3 सदस्यों तक सीमित कर दिया गया था।,0,[],[]
773,१७८६ में गवर्नर-जनरल की शक्ति में भारी वृद्धि हुई।,0,[],[]
775,हिंदी में उत्तर: सरकारी विधानों पर काम करने वाला समूह राज्य परिषद है।,0,[],[]
776,मेरे पास आपके प्रश्न का उत्तर नहीं है।,0,[],[]
777,मेरे पास आपके प्रश्न का उत्तर नहीं है।,0,[],[]
778,वाइसरीगल लॉज (Viceregal Lodge),0,[],[]
779,ब्लैक-रम्प्ड फ्लेमबैक की लम्बाई की सीमा 26-29 सेंमी है।,0,[],[]
780,उत्तर: 1000 मीटर तक की कम ऊंचाई पर मिलती है।,0,[],[]
781,ऐमलथीया का रंग काफ़ी लाल है।,0,[],[]
782,मेरे पास आपके प्रश्न का उत्तर नहीं है।,0,[],[]
783,"उत्तर: ३०,००० लोगों को निकाला गया था।",0,[],[]
784,मीनार के निर्माण में कास्ट आयरन की घुमावदार लकीर का उपयोग हुआ है।,0,[],[]
786,एडमंड बेक्केट डेनिसन का नाम उल्लेख किया गया है।,0,[],[]
789,"वेस्टमिंस्टर क्वार्टर में चार तिमाही घंटिया G, F, E और B बजती हैं।",0,[],[]
790,"चार तिमाही घंटिया हैं, जिनके नाम G, F, E और B हैं।",0,[],[]
791,बेला एक संकोची लड़की है।,0,[],[]
792,बेला समय के साथ एड्वर्ड के प्यार में पड़ जाती है।,0,[],[]
793,सिकंदर बाग़ में भारतीय राष्ट्रीय वनस्पति अनुसंधान संस्थान का कार्यालय है।,0,[],[]
794,"मृत ब्रिटिश सैनिकों के शवों को एक गहरे गड्ढे में दफना दिया गया था, लेकिन मृत भारतीय सिपाहियों के शवों को यूँ ही सड़ने के लिए छोड़ दिया गया था।",0,[],[]
795,मेरे पास आपके प्रश्न का उत्तर नहीं है।,0,[],[]
796,मेरे पास आपके प्रश्न का उत्तर नहीं है।,0,[],[]
797,विंडहोक में हीरीरो भाषी अल्पसंख्यक रहते हैं।,0,[],[]
798,हीरीरो भाषा से मिलती जुलती है।,0,[],[]
799,"हीरीरोलैण्ड के क्षेत्रों में ओमाहिके क्षेत्र, ओट्जोज़ोण्ड्जुपा और कुनेने क्षेत्र शामिल हैं।",0,[],[]
801,भगवान विष्णु का प्रतिनिधित्व दस अवतारों द्वारा किया जाता है।,0,[],[]
802,चेक गणराज्य और स्लोवाकिया ने 1994 में ओलंपिक में स्वतंत्र टीमों को भेजा।,0,[],[]
804,लाओस की राजधानी व्येन्त्यान मानी जाती है।,0,[],[]
805,"रोजमैरी, नी पोडरास्की",0,[],[]
806,रॉबर्ट्स ने फुटबॉल टीम के कप्तान थे।,0,[],[]
807,चूहा सबसे पहले आता है।,0,[],[]
808,अनुष्का शंकर ने अपने वयस्क जीवन के दौरान लंदन और दिल्ली के बीच रहीं।,0,[],[]
809,मेरे पास आपके प्रश्न का उत्तर नहीं है।,0,[],[]
811,मेरे पास आपके प्रश्न का उत्तर नहीं है।,0,[],[]
812,"बायरामोव की स्वदेश-भक्तिपूर्ण पेंटिंग का नाम ""सीमावर्ती सहायता"" है।",0,[],[]
813,तुर्कमेन कालीन निर्माताओं को 1971 में चित्रित किया गया था।,0,[],[]
814,सांस्कृतिक हस्तियां के निर्माण में चार दशकों की अवधि शामिल है।,0,[],[]
815,बायरामोव ने सांस्कृतिक हस्तियां श्रृंखला की शुरुआत की।,0,[],[]
816,वर्ष 1984 में बायरामोव को द्वितीय पुरस्कार से सम्मानित किया गया था।,0,[],[]
817,मेरे पास आपके प्रश्न का उत्तर नहीं है।,0,[],[]
818,सुहरोब कुर्बानोव और ताहिर सलहोव।,0,[],[]
819,चीन में 6वी जनसंख्या गणना 1 नवंबर 2010 को आयोजित की गई थी।,0,[],[]
820,"चीन की जनसंख्या वृद्धि दर केवल 0.59% है, जो दुनिया में 159 वें स्थान पर है।",0,[],[]
821,संवैधानिक अर्थशास्त्र के दायरे के भीतर आता है।,0,[],[]
822,जेम्स एम.,0,[],[]
823,"बैंक का काम सॉफ्टवेयर की मदद से कम किया गया है लेनदेन की रिकॉर्डिंग, पासबुक रखरखाव, ब्याज की तरह बैंकिंग के मुख्य कार्यों ऋण और जमा ग्राहक रिकॉर्ड, भुगतान और वापसी के संतुलन पर गणना करने के लिए। सॉफ्टवेयर ने बैंकों के ग्राहकों को संचालित करने की अनुमति देता है और कंप्यूटर के माध्यम से परस्पर है टेलीफोन, उपग्रह और इंटरनेट पर आधारित नेटवर्क।",0,[],[]
824,मुक्केबाजी (छह पदक) के साथ सबसे सफल खेल है।,0,[],[]
826,मेरे पास आपके प्रश्न का उत्तर नहीं है।,0,[],[]
827,पाल्मा शहर का महल संग्रहालय 1932 में बना था।,0,[],[]
828,संसद भंग होने पर भारतीय संविधान को लोक सभा के चुनाव की आवश्यकता होती है।,0,[],[]
829,२००६ में प्रारंभिक चुनाव हुआ था।,0,[],[]
830,आग और भवन आवरण तापीय प्रतिरोध के प्रभाव का अध्ययन करने के लिए गर्मी प्रवाह सेन्सर का उपयोग किया जाता है।,0,[],[]
831,चग़ताई भाषा के सबसे करीबी संबंध उज़बेक भाषा और उइग़ुर भाषा से हैं।,0,[],[]
832,मेरे पास आपके प्रश्न का उत्तर नहीं है।,0,[],[]
833,कोर्निएन्को ने १९७७ में स्कूल से स्नातक होने पर किया था।,0,[],[]
837,मेरे पास आपके प्रश्न का उत्तर नहीं है।,0,[],[]
838,"हाँ, जानवर अंततः तस्मानिया में संकटग्रस्त हो गए।",0,[],[]
839,मछलियों का आकार छोटा होता है (लगभग १० सेंटीमीटर)।,0,[],[]
840,रग्बी विश्व कप का उल्लेख किया गया है।,0,[],[]
841,15 अगस्त 2008 तक।,0,[],[]
842,मेरे पास आपके प्रश्न का उत्तर नहीं है।,0,[],[]
843,मेरे पास आपके प्रश्न का उत्तर नहीं है।,0,[],[]
845,2010 में ब्रिट अवार्ड्स में क्रिटिक्स चॉइस अवार्ड जीतीं।,0,[],[]
846,रन इन द लाइट (Run in the Light),0,[],[]
847,मेरे पास आपके प्रश्न का उत्तर नहीं है।,0,[],[]
848,"""आपका सॉन्ग""",0,[],[]
849,"हिंदी में उत्तर: एल्बम के रूप में ""लाइट्स"" को मार्च 2010 में रिलीज़ किया गया था और यूके एल्बम चार्ट पर नंबर एक पर पहुंच गया था।",0,[],[]
850,हेलसीन,0,[],[]
851,"नए एल्बम का लीड सिंगल ""कुछ भी हो सकता है"" था।",0,[],[]
852,22 जनवरी को यूट्यूब पर 15 फरवरी की आधिकारिक रिलीज की तारीख से पहले जारी किया गया था।,0,[],[]
853,करीम झाँसी को मुंशी की उपाधि दी गई थी।,0,[],[]
854,"स्वेटिंग सिकनेस का दूसरा नाम ""अंग्रेज़ी Sweating Sickness"" (लातिन : sudor anglicus) है।",0,[],[]
855,हेनरी सातवें का शासनकाल 1485 में इंग्लैंड में देखा गया था।,0,[],[]
857,फ्रांस में 1718 और 1861 के बीच में पिकार्डी पसीना के रूप में जाना जाता था।,0,[],[]
858,मार्गा फॉलस्टिच एक जर्मन काँच रसायनज्ञ थीं।,0,[],[]
860,मेरे पास आपके प्रश्न का उत्तर नहीं है।,0,[],[]
861,जेना सोवियत व्यवसाय क्षेत्र से संबंधित थी।,0,[],[]
862,लैंडशॉट में एक नई शोध प्रयोगशाला का निर्माण १९४९ में किया गया था।,0,[],[]
865,मार्गा फ़ाउलस्टिच को १९७३ में सम्मानित किया गया था।,0,[],[]
866,"फुटबॉल लीग से दूर जाने पर विचार किया गया था दस क्लबों ने जो एक ""सुपर लीग"" की स्थापना करने की धमकी दी थी।",0,[],[]
868,दास व्यापार।,0,[],[]
870,थ्रोनी आईलैंड के नाम से मशहूर था।,0,[],[]
871,वेस्टमिंस्टर को पहले थ्रोनी आईलैंड के नाम से मशहूर था।,0,[],[]
872,कॉलिज ग्रीन है।,0,[],[]
873,पैलेस ऑफ वेस्टमिंस्टर में समितियों के कमरे और कार्यालय शीर्ष दो मंजिलों पर स्थित हैं।,0,[],[]
874,"चार तलों में फैले हुए हैं, जिसमें ग्राउण्ड फ्लोर, पहला तल, शीर्ष दो मंजिलें शामिल हैं।",0,[],[]
875,क्रॉसबैंचर्स ऊन की थैलियों विपरीत सदन के बीच में बेंच पर बैठते हैं।,0,[],[]
876,"सरकार का प्रत्येक सदस्य लार्ड्स का चैम्बर में भाग लेता है, जहां संसद का राजकीय उद्घाटन आयोजित किया जाता है।",0,[],[]
878,चैंबर में 650 में से 427 सदस्य बैठ सकते हैं।,0,[],[]
879,"19वीं शताब्दी से पहले घर का उद्देश्य प्रायः न्यायिक प्रयोजनों के लिए इस्तेमाल होता था, जैसे कि राजा की बेंच का न्यायालय, आम दलीलों का न्यायालय और दूतावास का न्यायालय।",0,[],[]
880,वेस्टमिंस्टर हॉल में नए राजाओं को सम्मानित करने का राज्याभिषेक भोज बारहवीं सदी से लेकर उन्नीसवीं सदी तक हुआ था।,0,[],[]
881,राज्य के अंतिम संस्कार वेस्टमिन्स्टर हॉल में होते हैं।,0,[],[]
882,चर्चिल ने हॉल का अंतिम बार उपयोग 1965 में किया था।,0,[],[]
883,1999 में सुधार किए गए थे।,0,[],[]
884,हिंदी में उत्तर: दो सदन हैं - हाउस ऑफ कॉमंस और हाउस ऑफ लॉर्ड्स।,0,[],[]
885,"यदि विस्फोट सफल होता, तो राजा जेम्स और उसके परिवार और अभिजात वर्ग के अधिकांश सदस्य मारे जाते और महल नष्ट हो जाता।",0,[],[]
886,"एलिसा की भूमिका सारा कासिडी की १७ साल की बेटी है, जो एक छोटी सी शहर में रहती है और अपनी माँ से पड़ोस के घर में हुई हत्या की बारे में बताती है।",0,[],[]
887,मेरे पास आपके प्रश्न का उत्तर नहीं है।,0,[],[]
888,इलेक्ट्रॉनिक आर्ट्स ने सितम्बर 2007 में डेड स्पेस की घोषणा की।,0,[],[]
889,मेरे पास आपके प्रश्न का उत्तर नहीं है।,0,[],[]
890,मटोच्किन जलडमरूमध्य की लंबाई लगभग 100 किलोमीटर (62 मील) है।,0,[],[]
891,मेरे पास आपके प्रश्न का उत्तर नहीं है।,0,[],[]
892,मार्टी के साथ जबरदस्ती करने की कोशिश करता है।,0,[],[]
894,"बैक टू द फ्यूचर प्रीमियर 3 जुलाई 1985 को उत्तर अमेरिका के 1,200 सिनेमाघरों में आयोजित किया गया था।",0,[],[]
895,उत्तरी अमेरिका में बैक टू द फ्यूचर ने कुल 210.61 मिलियन डॉलर की कमाई की।,0,[],[]
896,मारुति उद्योग लिमिटेड की स्थापना फरवरी १९८१ में हुई थी।,0,[],[]
897,"स्केलेटन को 1928 में सेंट मोरिट्स में शीतकालीन ओलंपिक में लाया गया था और फिर 1948 के शीतकालीन ओलंपिक में लड़ा गया था, लेकिन इसके बाद इसे ओलंपिक खेल के रूप में बंद कर दिया गया था। 2002 के शीतकालीन ओलंपिक में स्केलेटन को फिर से शुरू किया गया था।",0,[],[]
898,मेरे पास आपके प्रश्न का उत्तर नहीं है।,0,[],[]
899,हिंदी में उत्तर: निजी निवेशकों (80.5%) और ब्रिट एयर (19.5%) के स्वामित्व में है।,0,[],[]
900,"डॉक्सिंग इफेक्ट कई कारणों से हो सकता है, जिसमें कानून प्रवर्तन, व्यापारिक आकलन, जोखिम विश्लेषण, ज़बरदस्ती वसूली, अवपीड़न, ऑनलाइन शर्मिंदा करना और स्वत: नियुक्त सतर्कता से प्रेरित न्याय भी शामिल हैं।",0,[],[]
901,मेरे पास आपके प्रश्न का उत्तर नहीं है।,0,[],[]
902,उत्तर: बाल्टिक सागर है।,0,[],[]
903,उत्तर: सेंट्रल पोलैंड में कानूनी तौर पर झीलों और नदियों के साथ आर्द्रभूमि संरक्षित है।,0,[],[]
907,छवि विभेदन का मापन विभिन्न तरीकों से किया जा सकता है।,0,[],[]
908,3.1 मेगापिक्सेल हैं。,0,[],[]
910,मेरे पास आपके प्रश्न का उत्तर नहीं है।,0,[],[]
911,मेरे पास आपके प्रश्न का उत्तर नहीं है।,0,[],[]
912,मुकाई के अधिकार में है।,0,[],[]
916,तेल को फ़िल्टर और प्रक्षालित किया जाता है।,0,[],[]
917,मीनाक्षी शेषाद्रि को 1981 में मिस इंडिया का ताज पहनाया गया था।,0,[],[]
919,जैकी (जैकी श्रॉफ) से चेतावनी मिली है।,0,[],[]
920,मेरे पास आपके प्रश्न का उत्तर नहीं है।,0,[],[]
921,"लुइस लेटरियर ने फिल्म ""द इनक्रेडिबल हल्क"" का निर्देशन किया था।",0,[],[]
922,स्टर्न पर आक्रमण करता है।,0,[],[]
923,फ़ातिमा बेगम की नागरिकता भारतीय थी।,0,[],[]
924,बुलबुल-ए-पेरिसतान,0,[],[]
925,"बिरहल एस्टेट ५३,००० एकर में फैला है।",0,[],[]
926,एक सितारे वाले सिक्के समाजवादी देशों से आने वाले लोगों के लिए थे।,0,[],[]
927,गरान एल्ड विक लिंडस्ट्रांड दवारा बनाई एक मूर्ति है जो ऊमेओ शहिर के ऊमेओ सैंट्रल स्टेशन के सामने उपस्थित है। यह 9 मीटर लंबी है।,0,[],[]
928,मेरे पास आपके प्रश्न का उत्तर नहीं है।,0,[],[]
929,मेरे पास आपके प्रश्न का उत्तर नहीं है।,0,[],[]
930,मोरक्को ने शीतकालीन ओलंपिक में छह बार हिस्सा लिया है।,0,[],[]
931,नाहिद हत्तार का धर्म ईसाई था।,0,[],[]
932,हत्तर को 25 सितम्बर 2016 को मारा गया था।,0,[],[]
933,"हिंदी में उत्तर: संप्रभु और उसके तत्काल परिवार के सदस्य देश के विभिन्न आधिकारिक, औपचारिक और प्रतिनिधि कार्यों का निर्वाह करते हैं।",0,[],[]
934,"1649 से 1660 में राजतंत्र की परंपरा को तोड़ने वाला पहला देश इंग्लैंड था। इस दौरान इंग्लैंड में अंग्रेज़ी राष्ट्रमंडल के नाम से एक क्षणिक गणतांत्रिक काल चला, जो तीन राज्यों के युद्ध के बाद अस्तिव में आया।",0,[],[]
935,मेरे पास आपके प्रश्न का उत्तर नहीं है।,0,[],[]
936,एक विशाल तारे का नक्षत्रीय वर्गीकरण K4 III है।,0,[],[]
937,माउण्टबैटन योजना के नाम से जाना जाता है।,0,[],[]
938,हिंदू धर्म।,0,[],[]
939,"जैक बार्ट्स के खेतों में पौधारोपण का काम करते थे नैंसी (राॅबिन मैकलिएवी) और थाॅमस (जाॅसेफ मैवल), लेकिन खेतों का मालिक जैक बार्ट्स है।",0,[],[]
940,अब्राहम लिंकन के पिता थॉमस को सजा के रूप में बर्खास्त कर दिया गया था।,0,[],[]
941,एडम लिंकन का अपहरण करता है।,0,[],[]
942,मेरे पास आपके प्रश्न का उत्तर नहीं है।,0,[],[]
943,मेरे पास आपके प्रश्न का उत्तर नहीं है।,0,[],[]
944,मेरे पास आपके प्रश्न का उत्तर नहीं है।,0,[],[]
945,"उत्तर: विभिन्न समय सीमा पर चर्चा की जा रही है, जैसे कि १० अरब वर्ष, १८-१९ अगस्त १९१६, १२ अक्टूबर १९१७, २१ जून १९१९, १९३४, २००५, २०१०, २०१२, २००८ आदि।",0,[],[]
946,मार्च २०११ को फ़िल्मांकन का काम लुइज़ियाना से शुरू की गई।,0,[],[]
949,इथियोपिया को १९४२ से १९९१ तक १३ प्रान्तों में विभाजित किया गया था।,0,[],[]
950,नुप्त्से हिमालय के महालंगूर हिमाल नामक खण्ड के खुम्बु क्षेत्र में स्थित एक पर्वत है और एवरेस्ट पर्वत से २ किमी पश्चिम-दक्षिणपश्चिम में स्थित है।,0,[],[]
951,मज़दूरों पर सिलिका धूल का बुरा असर पड़ा क्योंकि उन्हें सुरक्षा उपकरण जैसे नकाब (मास्क) या श्वसन यंत्र नहीं प्रदान किए गये थे।,0,[],[]
952,इंजन सैन्य एवं नागरिक उड्डयन और अंतरिक्ष अन्वेषण कार्यक्रमों के लिए बनाए जाते हैं।,0,[],[]
953,यह इकाई टाइटेनियम का उत्पादन करती है।,0,[],[]
954,मेरे पास आपके प्रश्न का उत्तर नहीं है।,0,[],[]
955,नैन्सी सुलिवन के साथ रहते थे।,0,[],[]
956,बेनोइट के घर में पाया गया था।,0,[],[]
957,डिर्क सागेर एक जर्मन पत्रकार थे।,0,[],[]
958,EVE का संक्षिप्त नाम एक्सट्राटेरेस्ट्रियल वेजीटेशन इवैल्यूटर है।,0,[],[]
959,मैकइनटॉक प्रोग्राम से ली गई है।,0,[],[]
961,एलिज़ाबेथ की बहन राजकुमारी मार्गरेट है।,0,[],[]
962,द लिटिल प्रिन्सेज़ेज़ (The Little Princesses),0,[],[]
964,18 मई को पहला शाही अटलांटिक-पार दूरभाष वार्ता की गई थी।,0,[],[]
966,२० से ज्यादा देशों को ब्रिटेन से स्वतंत्रता मिली।,0,[],[]
967,अफ्रीका उपनिवेश शासन से स्वतंत्र होना १९६० और १९७० के दशक में शुरू हुआ था। इस दौरान ब्रिटिश उपनिवेश से स्वतंत्रता पाने वाले अफ्रीकी देशों की संख्या में तेजी से इज़ाफा हुआ था। २० से ज्यादा देशों को ब्रिटेन से स्वतंत्रता मिली।,0,[],[]
968,मेरे पास आपके प्रश्न का उत्तर नहीं है।,0,[],[]
969,महारानी पर नकली गोलियाँ चलाई गईं।,0,[],[]
970,महारानी ने उत्तरी आयरलैंड में शांति बहाली के ब्लेयर के प्रयासों की प्रशंसा की गई।,0,[],[]
971,हिंदी में उत्तर: मेरे पास आपके प्रश्न का उत्तर नहीं है।,0,[],[]
972,स्लोवाकिया ने पहली बार 1994 में ओलिंपिक खेलों में भाग लिया।,0,[],[]
973,मेरे पास आपके प्रश्न का उत्तर नहीं है।,0,[],[]
974,मेरे पास आपके प्रश्न का उत्तर नहीं है।,0,[],[]
975,मेरे पास आपके प्रश्न का उत्तर नहीं है।,0,[],[]
976,"माइकल के साथ मेल है और जैसे-जैसे सीरिज़ की प्रगति होती है, उसकी पृष्ठभूमि और भी खुलती जाती है।",0,[],[]
977,प्रिज़न ब्रेक में स्टीवन स्पीलबर्ग की रुचि थी।,0,[],[]
978,कनाडा में ओंटारियो में शामिल किया गया था।,0,[],[]
979,ऑस्ट्रेलिया टेलीविजन नेटवर्क सेवेन ने श्रृंखला का प्रीमियर किया था।,0,[],[]
980,रीजन 2 ने 2008 में प्रिज़न ब्रेक सीज़न-2 को जारी किया था।,0,[],[]
981,लिबरल फोरम आस्ट्रिया का एक उदार पंथी राजनीतिक दल है।,0,[],[]
982,"माउंट ताबवेमासना समुद्र स्तर से 6,165 फीट ऊपर है।",0,[],[]
983,प्रांतीय परिषदों (प्रोविंसियल काउंसिल) के रूप में जाना जाता है।,0,[],[]
984,पेट्रोलियम भण्डार की कमी है।,0,[],[]
985,हम दिल दे चुके सनम,0,[],[]
986,समीर का पात्र निभाने के लिए चुने गए अभिनेता का नाम सलमान खान है।,0,[],[]
989,"जब परजीवी जनित कारक अक्सर माना जाता है जहां पर सीएसएफ में स्नोफिल्स (एक प्रकार की श्वेत रक्त कणिकाएं) की बहुतायत होती है, तो इसका कारण स्नोफिल्स कोशिकाओं की अधिक मात्रा मौजूद होना है।",0,[],[]
992,वायरल मेनिंजाइटिस का कारण आम तौर पर एंटेरोवायरस के कारण होता है और सबसे आम रूप में यह मल संदूषण द्वारा फैलता है।,0,[],[]
993,मेरे पास आपके प्रश्न का उत्तर नहीं है।,0,[],[]
994,मस्तिष्क ज्वर से जीवित बचने वाले लोगों में बाद में असमर्थताएं होती हैं लगभग 15% लोगों में होती हैं।,0,[],[]
995,हेमोफाइलस टीके के कारण मैनिंजाइटिस के मामलों में काफी कमी आई है।,0,[],[]
996,सुल्तान की पत्नियों के नाम दिलबहार और नवबहार हैं।,0,[],[]
997,आदिल को रिहा किया गया था।,0,[],[]
1001,सेरोवा का जन्म १९७६ में हुआ था।,0,[],[]
1002,शार्लेट मैरी म्यू एक अंग्रेजी कवियत्री थीं।,0,[],[]
1003,दक्षिण नाहानी नदी कनाडा के येलोनाईफ से ५०० किलोमीटर पश्चिम में स्थित है।,0,[],[]
1004,"नहानी नदी मैकेन्ज़ी के पहाड़ों पर माउंट क्रिस्टी के पश्चिमी ढ़लानों पर 1,600 मीटर (5,200 फीट) की ऊँचाई पर निकलती है।",0,[],[]
1005,कोनरैड मारिया की मृत्यु 16 नवम्बर 1907 को हुई थी।,0,[],[]
1006,परिवार का धर्म नहीं है। प्रश्न में कोई संबंधित जानकारी नहीं है जिससे उत्तर तैयार किया जा सके।,0,[],[]
1007,जनरल एरिश होप्नर के अंतर्गत जर्मन 1 लाइट डिवीजन का हिस्सा बन गई।,0,[],[]
1008,तख्तापलट विफल हो गया था।,0,[],[]
1009,"नीना फ्रैन वों लेर्चेंनफील्ड से स्टॉफ़ेनबर्ग के पांच बच्चे थे: बेर्थोल्ड, हाइमरान; फ्रांज-लुडविग, वैलेरी और कोंस्तान्ज़, जिसका जन्म स्टॉफ़ेनबर्ग की मृत्यु के बाद फ्रांकफुर्ट ऑन द आर्डर साल हुआ था।",0,[],[]
1011,"हजेंस शैल के अनुसार $150,000 का कर्जदार है।",0,[],[]
1012,ओस्क्जुहलियो (Öskjuhlíð) पहाड़ी का नाम था जो वास्तव में एक द्वीप था।,0,[],[]
1013,रेक्जाविक विमानतल को मुख्यत: घरेलू उड़ानों और ग्रीनलैंड और फ़रो द्वीप समूह तक की उड़ानों के लिए प्रयुक्त किया जाता है।,0,[],[]
1017,पुणे की ओर सैनिकों का एक बल भेज दिया।,0,[],[]
1019,मेरे पास आपके प्रश्न का उत्तर नहीं है।,0,[],[]
1020,प्रत्येक तिमाही में पहले 5 महीनों में 28 SOLS है।,0,[],[]
1021,वर्ष में 12 महीने होते हैं।,0,[],[]
1022,गानगाले ने 1975 में अमेरिकन वाइकिंग प्रोग्राम को सबसे पहली बार मान्यता देने का निर्णय किया।,0,[],[]
1023,"पिता के अनुसार, पश्चिमी शैली की शिक्षा भारत पर ब्रिटिश शासन के खिलाफ संघर्ष में सहायक नहीं होगी।",0,[],[]
1024,मेरे पास आपके प्रश्न का उत्तर नहीं है।,0,[],[]
1025,यह कार्य ८वीं से १२वीं शताब्दी के बीच के हैं।,0,[],[]
1026,सर्वदर्शनसंग्रह १४वीं शताब्दी में लिखा गया था।,0,[],[]
1027,इस इमारत को 1941 में स्पेनी ग्रह युध के कारण अस्थायी रूप से जबरन बंद कर दिया गया था।,0,[],[]
1028,"आभार से भविष्य कृतेसामाजिक व्यवहार को सुदृढ़ किया जा सकता है। उदाहरण के लिए, एक प्रयोग में पाया गया कि एक गहने की दुकान में ग्राहकों को बुलाकर धन्यवाद कहने से खरीद में 70% वृद्धि हुई।",0,[],[]
1031,तीन स्केलों की रचना की गई है।,0,[],[]
1032,"कृतज्ञता महसूस करने का लाभ है कि आभारी लोग ज्यादा खुश, कम उदास, कम थके हुए और अपने जीवन और सामाजिक रिश्तों से अधिक संतुष्ट होते हैं। वे अपने वातावरण, व्यक्तिगत विकास, जीवन के उद्देश्य और आत्म स्वीकृति के लिए भी नियंत्रण स्तर उच्च होता है। आभारी लोगों के पास जीवन में आने वाली कठिनाइयों का सामना करने के लिए अधिक सकारात्मक तरीके होते हैं, उन्हें अन्य लोगों से समर्थन मिलने की संभावना अधिक होते है, वे अनुभव की पुनः व्याख्या करते है और उससे आगे बढ़ते है और समस्या के समाधान के लिए योजना बनाने में अधिक समय लगते हैं।",0,[],[]
1033,"आभार (Gratitude) मानसिक स्वास्थ्य की सबसे मजबूत कड़ियों में से एक है और लोगों की बेहतर सोने में मदद भी करता है। आभारी लोगों में नकारात्मक विचारों के बारे में कम और सकारात्मक विचारों के बारे में ज्यादा सोचते हैं, जिसके कारण उन्हें बेहतर नींद आती है।",0,[],[]
1034,"आभारी लोगों के पास जीवन में आने वाली कठिनाइयों का सामना करने के लिए अधिक सकारात्मक तरीके होते हैं, उन्हें अन्य लोगों से समर्थन मिलने की संभावना अधिक होते है, वे अनुभव की पुनः व्याख्या करते है और उससे आगे बढ़ते है और समस्या के समाधान के लिए योजना बनाने में अधिक समय लगते हैं।",0,[],[]
1035,"अध्ययनों से पता चला है कि जो लोग अधिक आभारी होते हैं, उनका कल्याण का स्तर उच्च होता है। आभारी लोग ज्यादा खुश, कम उदास, कम थके हुए और अपने जीवन और सामाजिक रिश्तों से अधिक संतुष्ट होते हैं।",0,[],[]
1036,आभार एक व्यक्ति की परोपकारी प्रवृत्ति में भी सुधार दिखा सकता है। एक अध्ययन में पाया गया कि आभार आर्थिक उदारता के साथ सहसंबद्ध है।,0,[],[]
1037,"मनुष्य के कल्याण में एक महत्वपूर्ण कारण आभ्यंतर सम्बंध है। मानव स्वभाव में आम तौर से किसी से जुड़ना और प्यार करना है, जो साधारण रूप से आभ्यंतर सम्बंध के दायरे में संतुष्ट होता है।",0,[],[]
1039,राइफल की तीन किलोमीटर तक प्रहार करने की क्षमता है।,0,[],[]
1040,ड्वाइट डी.,0,[],[]
1041,"""एयर फोर्स वन""",0,[],[]
1043,जॉर्ज डब्ल्यू.बुश 11 सितंबर के हमलों के दौरान सारासोटा के सारासोटा एम्मा ई.,0,[],[]
1043,बुकर प्राथमिक स्कूल में थे।,0,[],[]
1044,लिफ्टमास्टर एरिजोना में टुकसॉन के पिमा एयर एंड स्पेस संग्रहालय में प्रदर्शित है।,0,[],[]
1045,"देशपांडे के पहले उपन्यास का नाम ""द डार्क होल्ड्स नो टेरर"" था।",0,[],[]
1046,पृथ्वी से अल्फ़ा इंडी (α Indi) तारा 11.82 प्रकाश वर्ष दूर है।,0,[],[]
1047,"चार पात्र जिम डेविस की हास्य-कौतुक चित्रावली ""कैट"" में थे। वे हैं: गारफील्ड, कैट्स डेविस, जॉन आर्बक्ल, और लेमैन ओडी।",0,[],[]
1048,इथियोपिया में बैंकिंग की शुरुआत १५ फ़रवरी १९०६ में हुई थी।,0,[],[]
1049,"महमद चतुर्थ का पुत्र अहमद तृतीय था, जो उनके बाद अगला सुल्तान बना।",0,[],[]
1050,रूसी सुल्तान अहमद तृतीय के मामलों में हस्तक्षेप नहीं करने हेतु सहमत हुए।,0,[],[]
1051,नरम लकड़ी का यह पेड़ ३ से ७ मीटर लम्बा होता है।,0,[],[]
1052,भारतीय वायु सेना सैनिकों की मदद करती है।,0,[],[]
1053,स्क्वाड्रन क्र.,0,[],[]
1053,1 का नाम था।,0,[],[]
1055,हिंदी में उत्तर: 1971 में हुआ था।,0,[],[]
1056,भारत ने पाकिस्तान के खिलाफ युद्ध में उतरा था।,0,[],[]
1057,"मेरे पास आपके प्रश्न का उत्तर नहीं है। सियाचिन का कट्टरपंथी सैन्य संचालन के बारे में कोई जानकारी उपलब्ध नहीं है। सियाचिन का सैन्य संचालन 1984 में ऑपरेशन मेघदूत के तहत किया गया था, लेकिन कट्टरपंथी सैन्य संचालन के बारे में कोई जानकारी नहीं है।",0,[],[]
1058,ऑपरेशन मेघदूत शुरू किया गया था।,0,[],[]
1059,मेरे पास आपके प्रश्न का उत्तर नहीं है।,0,[],[]
1060,1924 ग्रीष्मकालीन ओलंपिक के बाद टेनिस को हटा दिया गया था।,0,[],[]
1061,मेरे पास आपके प्रश्न का उत्तर है। वर्ष 1896 में सेमीफ़ाइनलिस्टों के लिए प्रयुक्त पदक सामग्री कांस्य पदक थी।,0,[],[]
1062,ऊना कैस्टिला चैपलिन एक स्पेनिश अभिनेत्री हैं।,0,[],[]
1063,"चैपलिन ने अपनी माता के साथ फिल्म ""अकल्पनीय"", ""¿पारा क्यू सिर्व ओडी ओसो?""",0,[],[]
1063,"और ""इमागो मोर्टिस"" में काम किया है।",0,[],[]
1064,इक्वालाइज़र फिल्म 2014 में जारी की गई थी।,0,[],[]
1065,थोर 2011 में रिलीज़ किया गया था।,0,[],[]
1066,1992 में यूनिफाइड टीम का हिस्सा थे।,0,[],[]
1067,दक्षिणी भारत और श्रीलंका में समूहों में वितरित किया जाता है।,0,[],[]
1068,श्रीलंका की पहाड़ियों में पक्षियों के लिए पांच अंडे देना संभव होता है।,0,[],[]
1069,मेरे पास आपके प्रश्न का उत्तर नहीं है।,0,[],[]
1070,मेरे पास आपके प्रश्न का उत्तर नहीं है।,0,[],[]
1071,"मुहम्मद के शब्दों को दोहराने वाले कुछ व्यक्ति हुमजा, जयद और बिलाल थे।",0,[],[]
1072,"हेमीसिर्कस कैनेंटे (हार्ट-स्पॉटेड कठफोड़वा) प्रजाति के पक्षी सम्पूर्ण एशिया में पाए जाते हैं, विशेष रूप से दक्षिण-पश्चिमी और मध्य भारत के जंगलों में हिमालय तथा दक्षिण-पूर्व एशिया से अलग होते हैं।",0,[],[]
1073,"प्राकृतिक आवास उष्ण-कटिबंधीय तथा उपोष्ण-कटिबंधीय के जंगल भारत के हिमालय वनों व बांग्लादेश के साथ-साथ म्यांमार, थाईलैंड, लाओस, कम्बोडिया तथा वियतनाम तक पाए जाते हैं।",0,[],[]
1074,मेरे पास आपके प्रश्न का उत्तर नहीं है।,0,[],[]
1075,उत्तर: मेरे पास आपके प्रश्न का उत्तर नहीं है।,0,[],[]
1076,आख़ाल प्रान्त तुर्कमेनिस्तान की एक विलायत (यानि प्रान्त) है।,0,[],[]
1077,गुलाबो को विजय की कविताओं से अनुरक्त है और उससे प्रेम करने लग जाती है।,0,[],[]
1078,"जेम्स प्रेस्कॉट जूल के बारे में कोई जानकारी नहीं है, लेकिन क्रंत्ज़ के साथ उसका वैवाहिक जीवन 13 साल तक चला था।",0,[],[]
1079,"पैंटानल मुख्य रूप से ब्राज़ील के राज्य मातो ग्रोसो दो सुल में स्थित है, लेकिन इसके कुछ हिस्से अन्य राज्य मातो ग्रोसो और ब्राज़ील की सीमा पार बोलीविया और पराग्वे तक भी फैले हुए हैं।",0,[],[]
1080,पराग्वे नदी में पैंटानल के हिस्से वाले क्षेत्रों में जलस्तर दो से पाँच मीटर तक बढ जाता है।,0,[],[]
1081,रिपब्लिक ऑफ बेलारूस के उद्यमिता की स्टाईक कमेटी ने कैदियों की मदद की।,0,[],[]
1082,"हिंदी में उत्तर: आमतौर पर, नौकरशाह और उनका तत्काल परिवार यामेन से जुड़े आवास में रहता था, विशेषकर चिंग राजवंश के दौरान जब किसी भी सरकारी अफ़सर के लिए अपने ही मातृप्रान्त में काम करने पर सख़्त​ मनाही थी।",0,[],[]
1083,नवंबर 2008 को रिलीज हुई।,0,[],[]
1084,सीबीएस का कलर सिस्टम ब्लैक एंड व्हाइट सेट के साथ असंगत था।,0,[],[]
1085,"अमीन के शासन में 1,00,000 से 5,00,000 लोग मारे गए थे।",0,[],[]
1086,अमीन की मृत्यु लीबिया में हुई थी।,0,[],[]
1087,1998,0,[],[]
1088,एलिस सफेद खरगोश का पीछा करते हुए एक खरगोश की मांद के अन्दर जाती है।,0,[],[]
1090,लुईस कैरोल के उपन्यास ऐलिस एडवेंचर्स इन वंडरलैंड में सूअर का बच्चा था।,0,[],[]
1092,"जूरी में विभिन्न जानवर सम्मिलित हैं, जिनमें बिल दि लिज़र्ड और व्हाईट रैबिट भी शामिल हैं, और किंग ऑफ़ हार्ट्स न्यायाधीश है।",0,[],[]
1095,अल-शौला (الشولاء‎),0,[],[]
1096,उत्तर: आयोवा,0,[],[]
1097,मिसौरी में सबसे बड़ा जर्मन वंश समूह है।,0,[],[]
1098,"खनन संसाधनों के प्रकार में सीसा, कोयला और कुचला हुआ पत्थर शामिल हैं।",0,[],[]
1099,विधायी शाखा के दो निकाय हैं: प्रतिनिधि सभा और सीनेट.,0,[],[]
1100,"जुलाई 11, 2011 को हुआ था।",0,[],[]
1101,अल्फ़ाज़ के दूसरे सीज़न में 13 एपिसोड थे।,0,[],[]
1102,मेरे पास आपके प्रश्न का उत्तर नहीं है।,0,[],[]
1103,"हालांकि सूची में कोई पाठ नहीं है जिसके आधार पर उत्तर तैयार किया जा सके, लेकिन मैं आपके प्रश्न का उत्तर दे सकता हूँ: ""मेरे पास आपके प्रश्न का उत्तर नहीं है।""",0,[],[]
1104,वूल्वरिन में वूल्वरिन चरित्र को चित्रित किया गया है।,0,[],[]
1105,लोगन युकोन में एक साधु के रूप में रहता है।,0,[],[]
1106,लोगन 1945 में POW था।,0,[],[]
1107,इशिरो के घर में लोगन और मारिको आये।,0,[],[]
1108,डॉ.,0,[],[]
1108,ग्रीन ने लोगन और मारिको की खोज की मांग की है।,0,[],[]
1110,लोगान के दिल पर परजीवी का प्रभाव था कि उसकी चिकित्सा क्षमता को दबाया जा सकता है।,0,[],[]
1112,मारिया मर जाती है।,0,[],[]
1113,मरिको याशिदा इंडस्ट्रीज के सीईओ बन जाती है।,0,[],[]
1114,लोगन संयुक्त राज्य अमेरिका में लौटता है।,0,[],[]
1115,मेरे पास आपके प्रश्न का उत्तर नहीं है।,0,[],[]
1116,"हालांकि सूची में कोई पाठ नहीं है जिसके आधार पर उत्तर तैयार किया जा सके, लेकिन मैं आपके प्रश्न का उत्तर दे सकता हूँ: 1891 से पहले, चांदी के रुपये तांबे के फालस और सोने के मोहर के साथ फैले हुए थे। विभिन्न धातुओं के पास अपने स्वयं के सिक्कों को जारी करने के साथ तीन धातुओं के बीच कोई निश्चित विनिमय दर नहीं थी।",0,[],[]
1117,आंगवांतीबो मध्य अफ़्रीका में रहते हैं और उनका विस्तार नाइजीरिया और कैमरून से लेकर कांगो लोकतांत्रिक गणतंत्र के उत्तरी भाग तक है।,0,[],[]
1118,अंगवतीबोस का वजन ४०० ग्राम तक ही होता है।,0,[],[]
1119,मादाएँ १३० दिनों के लिये गर्भ धारण करती हैं और उसके बाद एक ही शिशु जन्मती है।,0,[],[]
1120,पी॰ऍस॰आर॰ बी१२५७+१२ की खोज Aleksander Wolszczan नामक पोलिश खगोलशास्त्री ने १९९० में आरेसIBC रेडियो दूरबीन से की थी।,0,[],[]
1121,मेरे पास आपके प्रश्न का उत्तर नहीं है।,0,[],[]
1122,मेरे पास आपके प्रश्न का उत्तर नहीं है। प्रस्तुत सूची में कोई पाठ नहीं है जिसके आधार पर उत्तर तैयार किया जा सके।,0,[],[]
1123,"इंगलैंड ने कई वर्षों तक स्कॉटलैंड, वेल्स और आयरलैंड के साथ खेला है।",0,[],[]
1125,मेरे पास आपके प्रश्न का उत्तर नहीं है।,0,[],[]
1126,मेरे पास आपके प्रश्न का उत्तर नहीं है।,0,[],[]
1127,मार्कस एमीलियस लेडिपिडस को 216 ईसा पूर्व में सम्मानित किया गया था।,0,[],[]
1129,विलय ने स्पेरी को बुरफ्स के साथ 4.8 बिलियन डॉलर में खरीद कर यूनिसिस का गठन किया।,0,[],[]
1130,"मुंबई, महाराष्ट्र में स्थित है।",0,[],[]
1131,"ढांचा का भूक्षेत्र फल २,००,००० वर्ग फीट (१९००० वर्ग मीटर) है।",0,[],[]
1132,अंग्रेज़ो ने पुनः चढ़ाई की जो द्वितीय आंग्ल-अफ़ग़ान युद्ध के नाम से जाना गया।,0,[],[]
1133,वर्ड्स एल्बम 1992 में जारी किया गया था।,0,[],[]
1134,ड्रीम थियेटर सितंबर 1985 में बना था।,0,[],[]
1135,ड्रीम थिएटर के रिहर्सल बर्कले कॉलेज ऑफ़ म्युज़िक में होते थे।,0,[],[]
1136,मेरे पास आपके प्रश्न का उत्तर नहीं है।,0,[],[]
1138,रिकॉर्ड लेबल ने ड्रीम थियेटर को ऐसा एल्बम लिखने के लिए मजबूर किया जो अधिक सुलभ हो।,0,[],[]
1139,क्वीन्सरिच और फेट्स वार्निंग ने ड्रीम थियेटर के साथ एक दौरे का आयोजन किया।,0,[],[]
1140,मेरे पास आपके प्रश्न का उत्तर नहीं है।,0,[],[]
1141,मेरे पास आपके प्रश्न का उत्तर नहीं है।,0,[],[]
1142,"शेरिनियन ने ""परफेक्ट स्ट्रेंजर"" और ""सुसाइड सोल्यूशन"" के कवर का प्रदर्शन करते थे।",0,[],[]
1143,1924 में ब्रिटिश साहसिक और लोकप्रिय लेखक एफ.ए.,0,[],[]
1143,"मिशेल-हेज की दत्तक बेटी, अन्ना ली ग्विलेन मिशेल-हेज ने रहस्यमय खोपड़ी की खोज की।",0,[],[]
1144,सर डेविड फेरियर का निधन १९२८ में हुआ था।,0,[],[]
1145,टोन नदी जापान के कांटो क्षेत्र में स्थित है।,0,[],[]
1146,चौदह वर्ष के थे।,0,[],[]
1147,हलाल भोजन में अल्कोहल नहीं होना चाहिए।,0,[],[]
1148,हलाल बाजार ब्रिटेन और अमेरिका में मुसलमानों के लिए बढ़ता उपभोक्ता बाजार है।,0,[],[]
1149,रक्त और मादक पेय जैसे नशीले पदार्थ।,0,[],[]
1150,"गहरा चीरा जानवर के गले के सामने, कैरोटिड धमनी, श्वासनली और गले की नसों को काट देता है।",0,[],[]
1151,1886 में फ्रैंकफर्ट शाखा आरम्भ हुई।,0,[],[]
1153,थर्ड रेक (Third Reich) हिटलर के सत्ता में आने के साथ जुड़ा है।,0,[],[]
1154,ड्यूश बैंक 1957 में बना था।,0,[],[]
1155,बैंक ने 1959 में खुदरा बैंकिंग में प्रवेश किया था छोटे निजी ऋणों के द्वारा。,0,[],[]
1156,मेरे पास आपके प्रश्न का उत्तर नहीं है।,0,[],[]
1157,"निजी संपत्ति प्रबंधन बैंक का निजी बैंकिंग उपकरण है, जिसके अंतर्गत वह विशव स्तर पर धनी व्यक्तियों व् परिवारों को सुविधाएं प्रदान करते हैं। इसका उद्देश्य धन का प्रबंधन करना है, ताकि धनी व्यक्ति और परिवारों को उनके धन का पूरा लाभ मिल सके।",0,[],[]
1158,पुलिस की विशेष कार्यवाही टुकड़ी जी एस जी नियुक्त की गई थी।,0,[],[]
1159,"म्यूनिक में स्भी सार्वजनिक यातायात को बहाल कर दिया गया था, लेकिन संकट के दौरान रेलगाड़ियों के साथ कुछ हुआ था। यू-बान, ट्राम और बस सेवा और एस-बान, म्युनिक के केन्द्रीय भाग में सेवाओं को रोक दिया गया था। म्यूनिक मुख्य स्टेशन को खाली किया गया और म्यूनिक आने जाने वाली ट्रेनों को रद्द कर दिया गया था।",0,[],[]
1160,बट्टग्राम जिला पाकिस्तान के ख़ैबर-पख़्तूनख़्वा प्रांत में स्थित है।,0,[],[]
1161,बट्टग्राम ज़िले का आधिकारिक रूप से एक जिला बनना जुलाई १९९३ में हुआ था।,0,[],[]
1162,"मनोहर आइच ""पॉकेट हरक्यूलिस"" के नाम से प्रसिद्ध थे।",0,[],[]
1163,उत्तर: एंकरेज एवं ब्रिस्टल बे के बीच स्टिन्सों इंजन वाली 3 सीटों वाली विमान से थी।,0,[],[]
1164,खेल सिद्धांतकार अपनी मान्यताओं की तुलना भौतिक-शास्त्र में प्रयुक्त धारणाओं से करते हैं।,0,[],[]
1165,"जीवविज्ञान में ज्ञात सर्वश्रेष्ठ संतुलन, विकासवादी स्थिर रणनीति (Evolutionary Stable Strategy [ESS]) है, जो नैश संतुलन होता है।",0,[],[]
1166,गेम थ्योरी का आधार खेल अर्थविज्ञान में है।,0,[],[]
1167,"इन लेखकों ने नीतिशास्त्र में स्वार्थ से नैतिकता प्राप्त करने की परियोजना का अनुसरण करने का प्रयास किया है, जिसमें विकासवादी गेम थ्योरी का प्रयोग करने का प्रयास किया गया है।",0,[],[]
1168,"एक सममित खेल ऐसा खेल होता है, जिसमें किसी विशिष्ट रणनीति के अनुसार खेलने का लाभ केवल अन्य प्रयुक्त रणनीतियों पर निर्भर करता है, न कि उन्हें खेलनेवालों पर।",0,[],[]
1169,इन दोनों खेलों में असममित रणनीति है।,0,[],[]
1170,स्थिर-राशि खेल के रूप में जाना जाता है।,0,[],[]
1171,खेल में पूर्णता की विशेषता यह है कि सभी खिलाड़ी अन्य खिलाड़ियों द्वारा पहले चली गई चालों के बारे में जानते हैं।,0,[],[]
1172,"शुद्ध गणितज्ञ और समुच्चय सिद्धांतकार विशेषतः उन खेलों का अध्ययन करते हैं, जो चालों की असीमित संख्या तक जारी रहते हैं और उनमें विजेता (या अन्य लाभ) उन सभी चालों की समाप्ति के बाद तक ज्ञात नहीं होता।",0,[],[]
1173,1713 में खेल सिद्धांत पर चर्चा की गई थी।,0,[],[]
1176,मेरे पास आपके प्रश्न का उत्तर नहीं है।,0,[],[]
1177,कसाट की मृत्यु 1926 में हुई थी।,0,[],[]
1178,एम्मा 1972 में जारी हुई थी।,0,[],[]
1179,श्रीरिंगपट्टम की घेराबंदी 5 अप्रैल से 4 मई 1799 के बीच हुई थी।,0,[],[]
1180,जिम की लड़की का नाम सेसेलिया मेरी हाल्पर्ट है।,0,[],[]
1181,मेरे पास आपके प्रश्न का उत्तर नहीं है।,0,[],[]
1182,"लिंडी हॉप को संशोधित किया गया क्योंकि 1940 के आसपास लिंडी हॉप को तीव्र संगीत के अनुरूप बनाने के लिए संशोधित किया गया, जिससे बूगी वूगी शैली का जन्म हुआ।",0,[],[]
1183,आगरा जिले का क्षेत्रफल ४०२७ वर्ग किमी है।,0,[],[]
1184,आगरा का मुख्यालय आगरा नगर में है।,0,[],[]
1185,टार्ज़न ऑफ़ द एप्स की पूरी संडे स्ट्रिप 15 मार्च 1931 को शुरू हुई।,0,[],[]
1186,"द लास्ट किश 2006 में बनी एक अमेरिकी रूमानी हास्य-नाटकीय फिल्म है, जो 2001 में बनी, गैब्रियैल म्युकिनो द्वार निर्देशित इटैलियन फिल्म ल'अल्तिमो बैसिओ पर आधारित है।",0,[],[]
1187,फिल्म का निर्देशन टोनी गोल्डविन ने किया है।,0,[],[]
1188,गौड़ी हाउस-संग्रहालय 28 सितंबर 1963 को उद्घाटन किया गया था।,0,[],[]
1190,डॉ.,0,[],[]
1190,त्रीआस ए दोमेनेच के निवास का नाम आज एक अजायबघर है।,0,[],[]
1191,नैटिसिटी मुखौटा का निर्माण 1894 और 1930 के बीच निर्मित किया गया था।,0,[],[]
1192,1977 में वॉयजर कार्यक्रम शुरू किया गया था।,0,[],[]
1193,मास्को में स्थापित वोदका की एक डिस्टिलरी में हुई थी।,0,[],[]
1195,मेरे पास आपके प्रश्न का उत्तर नहीं है।,0,[],[]
1196,मोदिग्लिआनी का जन्म 12 जुलाई 1884 को हुआ था।,0,[],[]
1197,मुंबई में टेलीविजन सेवा 1972 में उपलब्ध हुई थी।,0,[],[]
1201,"उत्तर: 1896, 1900, 1908, 1912, 1920, 1924, 1970, 2012.",0,[],[]
1202,1599 या 1600 की शुरुआत में लिखा हुआ मानते हैं और 1623 के फोलियो में पहली बार प्रकाशित हुआ।,0,[],[]
1203,हैमेन आया।,0,[],[]
1204,खान ने अक्टूबर 2002 में राष्ट्रीय चुनावों में भाग लिया और अपने गृह शहर मियांवाली से सांसद (एमपी) चुने गये।,0,[],[]
1205,वह सी-141 स्टार्लिफ्टर में बदलाव करने से पहले तीन साल तक वेंस में टी -38 टैलोन प्रशिक्षक पायलट के रूप में रहीं।,0,[],[]
1206,मार्सुपियल शेरों की ऊंचाई ७५ सेमी (३० इंच) थी।,0,[],[]
1207,"कृत्रिम सामग्रियों के लिए विकल्पों में परिसज्जा, जैसे चपड़ी की वार्निश, मोम और तेल, सपाट और नक्काशीदार डिजाइन, तंत्रवाद्य शिल्पी द्वारा निर्मित आवश्यकतानुसार डिजाइन किए हुए वाद्ययंत्र; वाद्ययंत्र के ब्रिज में समस्वरण यंत्र सहित सिरविहीन बेस, (जैसे, स्टीनबर्गर और हॉफनर डिजाइन) तथा अन्य कई कृत्रम सामग्रियां जैसे लुथाइट शामिल हैं।",0,[],[]
1208,इस तकनीक का उपयोग जॉन एंटविसल ने किया था।,0,[],[]
1209,किजिले डेरनेगी के पीछे वास्तव में कोई छुपा नहीं है। किजिले डेरनेगी एक मौहल्ला है जिसका नाम तुर्की लाल क्रीसेण्ट-चन्द्रमा किजिले देर्नेगी के नाम पर दिया गया है।,0,[],[]
1210,करेन लुजेन न्याबर्ग नासा की अंतरिक्ष यात्री थे।,0,[],[]
1212,"चाट मसाला एक मसाला पाउडर मिश्रण है जिसमें आमचूर, जीरा, काला नमक, धनिया, अदरक, नमक, काली मिर्च, हींग और मिर्च पाउडर के मिश्रण से बनाया जाता है।",0,[],[]
1213,"यह प्रक्रिया (खतना) अक्सर धार्मिक, सामाजिक या सांस्कृतिक कारणों से की जाती है।",0,[],[]
1214,"लीड्स में ए62, ए63, ए64, ए65 और ए660 सड़कें हैं। इसके अलावा यह ए58 और ए61 पर स्थित है।",0,[],[]
1215,लीड्स सेंटर के लिए एम1 और एम62 सड़कें जाती हैं।,0,[],[]
1216,"लीड्स में ज्यादातर लोग ईसाई हैं, लेकिन वहां कई अन्य ईसाई संप्रदाय और नए धार्मिक गतिविधियां भी स्थापित हैं।",0,[],[]
1218,मेरे पास आपके प्रश्न का उत्तर नहीं है।,0,[],[]
1219,"डी आर्किटेक्चर के लिए आधुनिक दिन का नाम ""De architectura libri decem"" है।",0,[],[]
1220,"फोर्ड मॉडल टी, मिनी और सिट्रॉएन डीएस।",0,[],[]
1221,हिटलर चेकोस्लोवाकिया के राजनीतिक दौरे करते समय टाट्रा कारों के भीतर थे।,0,[],[]
1222,ब्राजील में उत्पादन १९८६ में बंद हुआ।,0,[],[]
1224,"शुरूआती 747 में, जहाँ विमानचालक बैठते हैं उसके पीछे संदूकनुमा छोटे से स्थान का क्या किया जाए, इसलिए शुरू में इसे बिना स्थाई बैठक व्यवस्था के विश्राम कक्ष के रूप में ""चिह्नित"" किया गया।",0,[],[]
1225,"नए डिजाइन वाले हाई लिफ्ट उपकरणों को संरचनात्मक अतिरिक्तता, अतिरिक्त जलीय प्रणाली, चौगुने मुख्य लैंडिंग गियर और दोहरी नियंत्रण सतहों की विशेषता दी गई है।",0,[],[]
1226,"संयंत्र का निर्माण एवरेट, वॉशिंगटन के निकट सैनिक अड्डे पेन फील्ड के बगल में, सिएटल से लगभग 30 मील (48 किमी) उत्तर में किया गया था।",0,[],[]
1227,हवाई जहाज के इंजनों में उच्च-गति स्पंदन की समस्या का समाधान किया गया था।,0,[],[]
1228,छींग मिंग त्यौहार के साथ समस्या होने से उड़ान परीक्षण कार्यक्रम में बाधा आ गई। 747 के जेटी9डी (JT9D) इंजन के साथ समस्या होने से इंजन का बंद होना तथा कुछ समय की सेवा के बाद टरबाईन की बॉडी का विरूपण शामिल थे।,0,[],[]
1229,एवरेट में कारखाने के निर्माण से बोइंग पर वित्तीय संकट आया।,0,[],[]
1230,"हिंदी में उत्तर: एक हवाई जहाज में यात्रियों की संख्या में गिरावट आती है जब विमान को पूरा भरा नहीं गया है और सिर्फ 70% सीटें ही भरी हुई हैं, जिसके कारण पूर्ण क्षमता से भरे हुए 747 को आवश्यक ईंधन का 95 प्रतिशत से अधिक इस्तेमाल हो रहा है।",0,[],[]
1231,अमेरिकन एयरलाइन्स ने अपने 747s की कोच सीटों की जगह पियानो बार से प्रतिस्थापित कर के अधिक ग्राहकों को आकर्षित करने का प्रयास किया।,0,[],[]
1232,"समस्याओं का हल काफी सुगमता से किया गया था। हालांकि तकनीकी समस्याएं सामने आईं, लेकिन वे अपेक्षाकृत छोटी थी और जल्दी हल की ली गई।",0,[],[]
1233,747-300 नाम के इस्तेमाल से पहले 747ईयूडी (747EUD) नाम रखा गया था।,0,[],[]
1234,बोइंग 747 में दो गलियारे होते हैं।,0,[],[]
1235,"इस स्थान पर 366 से अधिक लोग रुक सकते हैं, क्योंकि मुख्य डेक पर इकॉनोमी श्रेणी में 3-4-3 बैठक व्यवस्था के साथ बैठक क्षमता 366 से अधिक है।",0,[],[]
1236,747SP का विचार पैन अमेरिकन वर्ल्ड एयरवेज तथा ईरान एयर के संयुक्त अनुरोध से आया था।,0,[],[]
1237,केएलएम ने 10 747-200 के लिए परिवर्तित किया था।,0,[],[]
1238,3 श्रेणियों के विन्यास में 238 यात्रियों को ले जाया जा सकता है अगर कार्गो मुख्य डेक पर ले जाया जाता है।,0,[],[]
1239,सबेना को सितम्बर 1990 में अंतिम 747-300 की सुपुर्दगी की गई थी।,0,[],[]
1240,मेरे पास आपके प्रश्न का उत्तर नहीं है।,0,[],[]
1241,जब 747-8 सेवा में प्रवेश करेगा तो यह एयरबस ए340-600 को पीछे छोड़ कर दुनिया का सबसे लंबा विमान बन जाएगा.,0,[],[]
1243,747X परिवार उत्पादन का औचित्य साबित करने पर्याप्त रूचि लुभाने में असमर्थ रहा था।,0,[],[]
1244,नैनोमीटर (Nanometer) है।,0,[],[]
1245,मार्च 2011 में फिल्मांकन शुरू हुआ।,0,[],[]
1246,एनजीसी ६९३४ (NGC 6934) एक गोल तारागुच्छ है।,0,[],[]
1247,"NGC 7006 है १,८५,००० प्रकाश वर्ष दूर है।",0,[],[]
1248,"इन प्रदर्शनों ने 1980 के संपूर्ण दशक में हुए थे, इसके अलावा 1990 में पोल टैक्स दंगे और 2005 में लन्दन में आंतंकवादी हमले के बाद हुए थे। 2009 में कैम्प फॉर क्लाइमेट एक्शन के प्रतिभागियों ने दो सप्ताहों के लिए चौक पर कब्ज़ा कर लिया था और 2011 में ब्रिटेन के बजट और बजट कटौतियों के विरोध में प्रदर्शन किया गया था।",0,[],[]
1251,"उनके प्रतिद्वंद्वी एस्टन विला के कट्टर प्रतिद्वंद्वियों में से एक, डर्बी के रूप में जाना जाता है, और दूसरा सिटी हैं। ऐतिहासिक दृष्टि से हालांकि, वेस्त ब्रोम्विछ अल्बिओन् यकीनन विला की सबसे बड़ी प्रतिद्वंद्वियों में से एक है।",0,[],[]
1252,नासा और अमेरिकी राष्ट्रपति जाॅन एफ.,0,[],[]
1252,कैनेडी ने आर्क की दुर्घटना का पता लगाया था।,0,[],[]
1253,लेजरबीक नाम का मशीनी गिद्ध जैसा डिसेप्टिकाॅन्स ने जेरी की हत्या की है।,0,[],[]
1255,रैचेट सफेद और हरे रंग की एच2 एंबुलेन्स में रूपांतरित होती है।,0,[],[]
1256,साउंडवेव - डिसेप्टिकाॅन्स का संपर्काधिकारी जो सिल्वर रंग की मर्सिडेस-बेंज़ एसएलएस एएमजी माॅडल की वाहन में बदल जाता है।,0,[],[]
1257,"रानी एलिजाबेथ द्वितीय के पति राजकुमार फ़िलिप, एडिनबर्घ के ड्यूक हैं।",0,[],[]
1258,सर माइकल ओजियो (Sir Michael Ogio) पापुआ न्यू गिनी के नौंवे गवर्नर-जनरल थे।,0,[],[]
1259,फिस्क ने १९७६ से पूरे लेबनानी गृहयुद्ध के दौरान बेरूत में रहे।,0,[],[]
1260,लाओस की राजधानी वियेंटाइन है।,0,[],[]
1261,लसर ने फ्रेंच पेंटिंग अकादमी की स्थापना की थी।,0,[],[]
1262,पद्म पुरस्कार भारत सरकार द्वारा जीवन के विभिन्न क्षेत्रों में विशिष्ट योगदान को मान्यता प्रदान करने के लिए दिया जाता है।,0,[],[]
1263,मेरे पास आपके प्रश्न का उत्तर नहीं है।,0,[],[]
1265,फिल्म के लिए बाज़ार और अनुमानित सफलता निर्माता और फिल्म वितरक द्वारा हासिल की जा सकती है। निर्माता और फिल्म वितरक पटकथा कवरेज के दौरान फिल्म की संभावित बाजार और फिल्म की संभावित वित्तीय सफलता की समीक्षा करते हैं।,0,[],[]
1266,"फिल्मों से कमाई के तरीके हैं डीवीडी बिक्री, टेलीविजन प्रसारण, ऑनलाइन स्ट्रीमिंग, और विदेशों में उसके वितरण का अधिकार लेना।",0,[],[]
1267,"जब दृश्य पूरा हो जाता है, तो निर्देशक ""रैप"" या ""मूविंग ऑन"" की घोषणा करता है।",0,[],[]
1271,"मॉन्स्टर ट्रक का नाम ""ट्रक-अ-रामा"" नहीं था, बल्कि ""मॉन्स्टर ट्रक"" ही था।",0,[],[]
1272,"पॉल गार्डनर एक करोड़पति, उद्यमी, प्रेरक वक्ता और लोकोपकारक हैं, जिन्होंने 1980 के दशक के प्रारम्भ में अपने नन्हे बेटे क्रिस्टोफर, जूनियर को पालते हुए बेघर होने का सामना किया। उन्होंने अपने संस्मरण, द परस्युट ऑफ हैप्पीनेस का प्रकाशन मई 2006 में हुआ।",0,[],[]
1273,लाल फेरारी में शेयर दलाल में जो आदमी था उसका नाम बॉब ब्रिजेस था।,0,[],[]
1275,ली दातुक ली चोंग वेई का एकल नाम था।,0,[],[]
1277,दवा प्रतिक्रियाओं में संघ अक्सर पूर्व एशियाई जनसंख्या में होने वाले एसजेएस (SJS) के लिए प्रतिबंधित होते हैं।,0,[],[]
1278,संयुक्त राज्य अमेरिका में।,0,[],[]
1279,मेरे पास आपके प्रश्न का उत्तर नहीं है।,0,[],[]
1281,काइटिन (Chitin),0,[],[]
1282,काइटिन का उपयोग खाद्य पदार्थों एवं औषधियों को गाढ़ा और स्थिर करने के लिए किया जाता है।,0,[],[]
1283,"थिसेन-बोरनेमिसा अजायबघर प्रादो अजायबघर के पास में स्थित है, जिसका अर्थ है कि यह माद्रिद, स्पेन में स्थित है।",0,[],[]
1284,फतिह अकिन का जन्म 25 अगस्त 1973 को हुआ था।,0,[],[]
1285,हैम्बर्ग-अल्टोना के पास पाला गया था फतेह अकिन।,0,[],[]
1286,बोइंग 737-200 विमान प्रारंभ में लंदन से ग्लासगो और एडिनबर्घ के बीच यात्रा करता था।,0,[],[]
1287,मेरे पास आपके प्रश्न का उत्तर नहीं है।,0,[],[]
1288,वेनेज़ुएला ५.१% था।,0,[],[]
1289,सुप्रीम कोर्ट के न्यायाधीश ६५ वर्ष की आयु में निवृत्त होते हैं।,0,[],[]
1291,फिलिप ह्यूज को क्रिकेट के लिए जाना जाता है।,0,[],[]
1292,"केबल कॉलेज, ऑक्सफोर्ड में दर्शन, राजनीति और अर्थशास्त्र के अध्ययन के लिए दाखिला लिया था।",0,[],[]
1293,1974 में ख़ान लाहौर क्रिकेट टीम के लिए गेंदबाजी कर रहे थे।,0,[],[]
1296,ख़ान का बैटिंग औसत 61.86 था।,0,[],[]
1297,362 विकेट,0,[],[]
1298,खान के बारे में कोई जानकारी उपलब्ध नहीं है।,0,[],[]
1299,ख़ान ने इंग्लैंड के खिलाफ तीन टेस्ट श्रृंखला में 21 विकेट लेकर और बल्ले से औसत 56 बना कर गेंदबाज़ी और बल्लेबाज़ी दोनों में सर्वश्रेष्ठ रहे।,0,[],[]
1302,लाहौर में श्रीलंका के खिलाफ़ 1981-82 में 58 रनों में 8 विकेट लेकर।,0,[],[]
1303,गेंद के साथ छेड़-छाड़ करने का जिम्मेदार श्री ख़ान को समझा गया है।,0,[],[]
1305,एमडीटी का संक्षिप्त नाम मियांवाली विकास ट्रस्ट है।,0,[],[]
1306,झेजिआंग का अंग्रेजी नाम Zhejiang है।,0,[],[]
1307,"मेनका गांधी ने अपनी शिक्षा लारेंस स्कूल, सनवर तथा तदोपरान्त लेडी श्रीराम कालेज, नयी दिल्ली में प्राप्त की。",0,[],[]
1308,मेरे पास आपके प्रश्न का उत्तर नहीं है।,0,[],[]
1309,मेरे पास आपके प्रश्न का उत्तर नहीं है।,0,[],[]
1310,"मेरे पास आपके प्रश्न का उत्तर नहीं है। MIC के माध्यम से सहायता के लिए अपील करने के लिए आपको प्रक्रिया का मूल निगरानी और सूचना केन्द्र की आवश्यकता है, जो यूरोपीय आयोग के मानवीय सहायता एवं नागरिक सुरक्षा के महानिदेशालय का हिस्सा है।",0,[],[]
1311,"फेमा (Federal Emergency Management Agency) होमलैंड सिक्योरिटी विभाग (DHS) के तहत संघीय आपात प्रबंधन एजेंसी है, जिसका उद्देश्य आपात स्थिति के प्रबंधन के लिए अग्रणी एजेंसी होना है।",0,[],[]
1312,"ली ने सेंट फ्रांसिस ज़ेवियर कॉलेज में प्रवेश लिया था, जिसका उल्लेख भाई एडवर्ड ने किया था, जो ली के अध्यापक और स्कूल मुक्केबाजी टीम के कोच थे।",0,[],[]
1314,"एएस9000 के प्रमुख निर्माता अलाइड-सिग्नल (AlliedSignal), एलीसन इंजिन (Allison Engine), बोइंग (Boeing), जनरल इलेक्ट्रिक एयरक्राफ्ट इंजिन्स (General Electric Aircraft Engines), लॉकहीड-मार्टिन (Lockheed-Martin), मैक-डॉनल डगलस (McDonnell Douglas), नॉर्थरोप ग्रममैन (Northrop Grumman), प्रैट एण्ड ह्विटनी (Pratt & Whitney), रॉकवेल-कॉलिन्स (Rockwell-Collins), सिकोर्स्की एयरक्राफ्ट (Sikorsky Aircraft) और संडस्ट्रैंड (Sundstrand) हैं।",0,[],[]
1315,QS 9000 को ISO/TS 16949 से बदल दिया गया है।,0,[],[]
1317,"ISO/TS 16949:2009 प्रमुख मोटर वाहन निर्माताओं की एक सहमति-प्राप्त व्याख्या है, जो नवीनतम संस्करण ISO 9001:2008 पर आधारित है। इसमें ISO 9001:2008 और मोटर वाहन उद्योग की विशिष्ट आवश्यकताओं की पूरी विषय-वस्तु शामिल है।",0,[],[]
1318,"मोनोग्राम एनेक्स के बिना API Spec Q1 के बराबर ISO/TS 29001 पेट्रोलियम, पेट्रोकेमिकल और प्राकृतिक गैस उद्योगों के उत्पादों के डिजाइन, विकास, उत्पादन, स्थापना और सेवा के लिए गुणवत्ता प्रबंधन प्रणाली है।",0,[],[]
1319,"गुणवत्ता के पहले प्रमाणन चाहने वाली कंपनियों को अक्सर एक कागजी प्रणाली का निर्माण करना पड़ता है जिसके लिए उन्हें ज्यादा कुछ करने की जरूरत नहीं है, लेकिन जिसके परिणामस्वरूप उनकी गुणवत्ता में सुधार नहीं होता है।",0,[],[]
1320,इनफिनिटी वार मार्वेल सिनेमाटिक यूनिवर्स की १९वीं फिल्म है और द अवेंजर्स और अवेंजर्स: एज ऑफ़ अल्ट्रॉन की कड़ी में अगली फिल्म है।,0,[],[]
1321,अक्टूबर २०१४ में अवेंजर्स: इन्फिनिटी वॉर - भाग १ के रूप में फिल्म की घोषणा की गई थी।,0,[],[]
1322,"मार्वल की फिल्म का फिल्मांकन पाइनवुड एटलांटा स्टूडियो में शुरू हुआ था और इसके बाद स्कॉटलैंड के एडिनबर्ग, ग्लासगो और स्कॉटिश हाइलैंड में जारी रखा गया था। इसके अलावा इंग्लैंड के डरहम में स्थित डरहम कैथेड्रल में कुछ दृश्य फिल्माए गए थे।",0,[],[]
1323,फिल्मांकन संयुक्त राज्य में हुआ था।,0,[],[]
1324,मेरे पास आपके प्रश्न का उत्तर नहीं है।,0,[],[]
1325,"बाल्टिक सागर एनजीओ फोरम के सदस्य राष्ट्र बेलारूस, डेनमार्क, एस्टोनिया, फिनलैंड, जर्मनी, आइसलैंड, लटविया, लिथुनिया, पोलैंड, रूस, नॉर्वे और स्वीडन हैं।",0,[],[]
1327,विश्व एनजीओ दिवस का नाम है।,0,[],[]
1328,मेरे पास आपके प्रश्न का उत्तर नहीं है।,0,[],[]
1330,"विश्व एनजीओ दिवस छह महाद्वीपों में मनाया जाता है, जिसमें न्यूजीलैंड और आस्ट्रेलिया से लेकर उत्तरी और दक्षिणी अमेरिका तक शामिल हैं।",0,[],[]
1331,"एसक्यूएल - सीक्वेंशिअल क्यूइंग लैंग्वेज (SQL) डाटाबेस में प्रयुक्त होने वाली क्वेरी भाषा है, जिसका नाम क्यूइंग लैंग्वेज के कारण है।",0,[],[]
1333,"फाउंडेशन संगठित उदारवाद को बढ़ावा देती है नागरिक शिक्षा, अन्तर्राष्ट्रीय राजनीतिक संवाद, और राजनीतिक परामर्श के माध्यम से।",0,[],[]
1334,"फाउंडेशन के कार्यालय यूरोप, एशिया, अमेरिका, और अफ़्रीका में हैं।",0,[],[]
1335,"हिंदी में उत्तर: अरुणाचल प्रदेश के अलावा अन्य गठन जो उल्लेखित हैं, वे हैं: गॉल के शेष भाग, सुएबी के जर्मनिक जनजाति, बेल्जियम गल्स, वेनिस, वेर्ससिटोरिक्स, मिश्रित पथरियां, जापानी वर्गीकरण प्रणाली और ऑक्सफोर्ड इंग्लिश डिक्शनरी।",0,[],[]
1336,"पित्त पथरी के हमले के दौरान किसी को असुविधा पेट के ऊपरी दाहिने हिस्से में अत्यधिक दर्द, मिचली और उल्टी आती है, जो 30 मिनट से लेकर कई घंटों तक निरंतर बढ़ती ही जाती है।",0,[],[]
1337,"पिताशय की पथरियों का एक संभव उपचार लिथोट्रिप्सी (एक्स्ट्राकॉर्पोरियल शॉक वेव थेरेपी) है, जिसमे अल्ट्रासोनिक शॉक तरंगों को पथरी के एक बिंदु पर एकत्रित करके उसे छोटे टुकड़ों में तोड़ दिया जाता है। इससे ये सरलता से मल के द्वारा निकल जाती हैं। हालांकि, उपचार की यह पद्धति तभी उपयुक्त समझी जाती है जब पथरियों की संख्या बहुत कम हो।",0,[],[]
1338,प्रस्ताव में कॉलेज को १०० एकड़ (४० हेक्टेयर) भूमि मिली थी।,0,[],[]
1339,मेरे पास आपके प्रश्न का उत्तर नहीं है।,0,[],[]
1340,"जिन लोगों में सिकल सेल रोग है, उनमें रक्त कोशिकाएं डोनट के आकार से विकृत होकर स्पाइकी आकार की हो चुकी हैं, क्योंकि सातवां अमीनो एसिड (मेथियोनाइन) की जगह ग्लुटामिक एसिड को प्रतिस्थापित किया गया है, जिससे हीमोग्लोबिन की संरचना और क्रियाओं में बदलाव आता है।",0,[],[]
1341,"मनुष्यों में सामान्य तौर पर हीमोग्लोबिन A होता है, जो दो अल्फा और दो बीटा श्रृंखला से बना होता है, और इसका करीब 96-97% होता है।",0,[],[]
1342,"2007 में लगभग 260 किंडरगार्टन थे, जो 25000 से ज्यादा बच्चों को उनके जीवन के प्रारंभिक वर्षों में प्रोत्साहन दे रहे थे।",0,[],[]
1343,उत्तर: 58 प्रतिशत नामांकित बच्चों के लिए निजी रूप से सेवाएं देते हैं।,0,[],[]
1344,"मोरक्को में प्रीस्कूल को école maternelle, कुतब (Kuttab) या अर-रावड (Ar-Rawd) कहा जाता है। राज्य द्वारा संचालित निशुल्क, मेटरनेले स्कूल पूरे साम्राज्य में उपलब्ध हैं, जहां 2 से 5 साल के बच्चों को शिक्षा दी जाती है (हालांकि कई स्थानों में, 3 साल से छोटे बच्चों को नहीं लिया जाता है).",0,[],[]
1345,बच्चों के किंडरगार्टन जाने की न्यूनतम उम्र 2 साल है।,0,[],[]
1347,"फूलों और मधुमक्खियों के बीच कुछ समान गुण हैं, जैसे कि: * दोनों को पराग (nectar) की आवश्यकता है, जो कि मधुमक्खियों के लिए प्रोटीन और कार्बोहाइड्रेट का स्रोत है और फूलों के लिए प्रजनन का साधन है। * दोनों को मधुरस (nectar guides) की आवश्यकता है, जो कि मधुमक्खियों के लिए फूलों की स्थिति और रंग का संकेत है और फूलों के लिए मधुमक्खियों के लिए प्रजनन का साधन है। * दोनों को संरचनायें हैं, जो कि मधुमक्खियों के लिए फूलों की संरचना और फूलों के लिए मधुमक्खियों के लिए प्रजनन का साधन है। इन समान गुणों के कारण, मधुमक्खियों और फूलों के बीच एक सymbiotic संबंध है, जिसमें मधुमक्खियों को फूलों से पराग प्राप्त होता है और फूलों को मधुमक्खियों से प्रजनन का साधन मिलता है।",0,[],[]
1348,फूलों में जायांग (pistil) और पुंकेसर (stamen) दोना होते हैं।,0,[],[]
1349,हरमाफ्रोडाइट (hermaphrodite) है।,0,[],[]
1351,"फूलों के मोटे तौर पर दो समूहों में विभाजित किए जा सकते हैं, जिनके तरीके अलग-अलग हैं।",0,[],[]
1352,"जब किसी प्रजाति के सभी सदस्य मर जाते हैं, तो इसका मतलब है कि प्रजाति का विलोपन हो जाता है। इसके परिणाम के रूप में ये घनिष्ट सम्बन्ध विलोपन के नकारात्मक प्रभाव के रूप में यौगिक हो जाते हैं, जिसका मतलब है कि लगभग दूसरे सदस्य का भी विलोपन हो जाता है।",0,[],[]
1353,"कुक्रौंधों (dandelion) में ऐसा होता है कि वे हमेशा स्वनिषेचन करने के लिए जाना जाता है क्योंकि उनमें स्वयं के पराग में रासायनिक अवरोध होता है, जिसके कारण उन्हें आत्ममृत अथवा बाँझ के रूप में सन्दर्भित किया जाता है।",0,[],[]
1354,"प्रारंभिक जीवाश्म आर्काफ्रुक्टुस लिआओनिंगजेनिसिस (Archaefructus liaoningensis) को १२५ मिलियन साल पहले दिनांकित किया गया है, जिसका अर्थ है कि वह फूल-पौधा था जो 125 मिलियन वर्ष पहले से अस्तित्व में था।",0,[],[]
1355,"फूल तने के मध्य/केन्द्र भाग के अग्रभाग का बढ़ना रुक जाता है अथवा चपटे हो जाते हैं, जिसके कारण तने के अंत के बाह्य में लच्छेदार या गोलाकार रूप में कोने फूल जाते हैं।",0,[],[]
1356,फूल स्त्रीत्व (femininity) के साथ जोड़े जाते हैं और कई संस्कृतियों में स्त्रीत्व के प्रतीक के रूप में दिखाई देते हैं।,0,[],[]
1357,"हिंदू पौराणिक कथाओं में फूलों का महत्वपूर्ण स्थान है। विष्णु जो कि हिंदू प्रणाली में तीन मुख्य देवताओं में से एक हैं, को अधिकतर कमल (lotus) के फूल पर सीधा खड़ा चित्रित किया जाता है।",0,[],[]
1359,भनोट की मृत्यु 5 सितंबर 1986 को हुई थी।,0,[],[]
1360,नीरजा का परिवार मुंबई (अब मुंबई) में स्थानांतरित हो गया था।,0,[],[]
1361,नीरजा ने चालक दल को अपहर्ताओं की उपस्थिति के लिए चेतावनी दी।,0,[],[]
1363,जीनिस (GNIS) हिंदी में भौगोलिक नाम सूचना प्रणाली का नाम है।,0,[],[]
1364,"डेटाबेस में नाम पाए जा सकते हैं जो स्थलाकृतिक मानचित्र और ग्रन्थसूची सन्दर्भ समाहित हैं, जिसमें पुस्तकों और ऐतिहासिक मानचित्रों को उद्धृत किया जाता है जो किसी वैशिष्ट्य या स्थान नाम की पुष्टि करते हैं।",0,[],[]
1366,"भावना उत्पन्न करने के लिए संज्ञानात्मक क्रिया की आवश्यकता होती है, जिसमें निर्णय, मूल्यांकन या विचार शामिल हैं। इस प्रकार की संज्ञानात्मक क्रिया चेतन या अवचेतन हो सकती है और वैचारिक प्रक्रिया का रूप ले सकती है या नहीं ले सकती है।",0,[],[]
1367,"हेगेल अपने दर्शनशास्त्र में मनोविज्ञान और इतिहास को एकीकृत करता है โดย उनके अनुसार, मन और प्रकृति के द्वंद्व को दूर किया जाता है और विषय और वस्तु के द्वंद्व को समाप्त किया जाता है। उनके अनुसार, मनोविज्ञान और इतिहास दोनों ही वैचारिक रूप से एकीकृत हैं, और उनके दर्शनशास्त्र में मनोविज्ञान और इतिहास के बीच संबंध का विकास होता है।",0,[],[]
1368,हेगेल ने फ्रांसीसी क्रांति की प्रशंसा की गई थी।,0,[],[]
1369,हेगेल के लिए मध्यस्थता की होर्ल्डलिन ने पेशकश की थी।,0,[],[]
1370,मेरे पास आपके प्रश्न का उत्तर नहीं है।,0,[],[]
1371,Gottfried Wilhelm Leibniz.,0,[],[]
1372,- मेरे पास आपके प्रश्न का उत्तर नहीं है।,0,[],[]
1373,नेदरलैंड ईस्ट इंडीज ने 1861 में डेली को स्वतंत्र होने में मदद की।,0,[],[]
1375,सुल्तान ओस्मान महमूद परकासा आलम का जन्म 5 मई 1998 में हुआ था।,0,[],[]
1376,"वॉरेन बफेट ओमाहा, नेब्रास्का में पैदा हुए थे।",0,[],[]
1378,डॉ.,0,[],[]
1379,माताओं को सुझाव दिया गया था कि वे अपने कम वजन के शिशुओं के साथ त्वचा से त्वचा संपर्क रखें ताकि उन्हें गर्म रखने में और विशेष रूप से स्तनपान करने में मदद होता है।,0,[],[]
1380,ईसा मसीह की शिक्षाओं से जापान का परिचय संत ज़ेवियर ने करवाया था।,0,[],[]
1381,१९७४ में बफेलो विश्वविद्यालय से भूविज्ञान में बैचलर ऑफ आर्ट्स की डिग्री हासिल की।,0,[],[]
1382,मेरे पास आपके प्रश्न का उत्तर नहीं है।,0,[],[]
1383,80-90% महिलाओं में सेल्युलाईट हो सकता है।,0,[],[]
1384,रेनविक और बर्टेली ने अपने ओवरहेड कैम चार सिलेंडर इंजन का परीक्षण एनफील्ड ऑलडे (Enfield Allday) की एक चेसिस में किया था।,0,[],[]
1385,1899 में स्थापित हुआ।,0,[],[]
1386,मेरे पास आपके प्रश्न का उत्तर नहीं है।,0,[],[]
1387,रियल मैड्रिड और बार्सिलोना को स्पेन के राष्ट्रीय प्रतियोगिताओं के दौरान कैटेलोनिया और कैस्टिले के प्रतिद्वंद्वियों के रूप में देखा गया है।,0,[],[]
1388,सातवें सीज़न में सात प्रकरण थे।,0,[],[]
1389,मेरे पास आपके प्रश्न का उत्तर नहीं है।,0,[],[]
1390,न्यूकैसल युनाइटेड ने 1906-07 में लीग को नहीं जीता था। लीग का विजेता मैनचेस्टर युनाइटेड था।,0,[],[]
1391,"न्यूकैसल के खिलाड़ी ह्युघी गैलेचर, नील हैरिस, स्टेन सीमोर और फ्रैंक हड्स्पेथ।",0,[],[]
1392,सुनील शेट्टी विशेषकर मारधाड़ा और हंसाने वाली फिल्मों के लिए जाने जाते हैं।,0,[],[]
1393,हुसमेट्टिन शलेबी मेवलाना का उत्तराधिकारी था।,0,[],[]
1396,उत्तर: 1678 में किला बनना शुरू हुआ।,0,[],[]
1397,"मस्जिद, बिबी पारी और दीवान-ए-आम का मकबरा तीन इमारतें हैं, जिनका संयोजन लंबे समय तक किले को माना जाता था।",0,[],[]
1399,लज्जा आती है और मामला उन्नत होने पर ही वे चिकित्सीय लेने जाते हैं।,0,[],[]
1400,"एनीमिया के अधिक असामान्य कारणों में से एक है अत्यधिक रक्त-स्राव की अपेक्षा रक्ताल्पता होना। रक्ताल्पता पैदा करने के लिए अत्यधिक रक्त-स्राव बेहद कम होती है, और जीवन के संकट पैदा करने वाले रक्तस्राव के मामले तो और भी कम हैं।",0,[],[]
1401,दर्द को कम होने में 2-3 दिनों में हो जाता है।,0,[],[]
1403,जोखिम बढ़ाने के लिए और किस के बारे में सोचा गया था?,0,[],[]
1404,"रक्तस्राव कुशन किस स्तर पर एक प्रमुख स्वास्थ्य चिंता नहीं बन जाते हैं, क्योंकि अर्श कुशन सामान्य मानवीय संरचना का हिस्सा हैं और वे रोग जनक केवल तब बनते हैं जब उनमें असमान्य परिवर्तन होते हैं।",0,[],[]
1405,"बवासीर का निदान आम तौर पर शारीरिक परीक्षण से किया जाता है। डॉक्टर गुदा तथा इसके आसपास के क्षेत्र को देख कर वाह्य या भ्रंश बवासीर का निदान किया जा सकता है। किसी गुदा परीक्षण को करके संभव गुदीय ट्यूमर, पॉलिप, बढ़े हुए प्रोस्टेट या फोड़े की पहचान की जाती है।",0,[],[]
1406,अधिक वज़न वाले लोगों को अधिक भार उठाने से बचना चाहिए।,0,[],[]
1409,"कार्यालय आधारित कई सारी प्रक्रियाएं निष्पादित की जा सकती हैं। ये आम तौर पर सुरक्षित होती हैं, जबकि बेहद कम पश्च प्रभाव जैसे कि पेरिएलन सेप्सिस हो सकते हैं।",0,[],[]
1410,जटिलता दर लगभग 3% होती है।,0,[],[]
1411,इंजेक्शन अर्श में फीनॉल जैसे एक स्कलेरोसिंग एजेंट का लगाया जाता है।,0,[],[]
1412,"स्टेपल की जाने वाली बवासीर की शल्यक्रिया (हेमरॉएडेक्टमी) एक ऐसी प्रक्रिया है जिसमें अर्श के असमान्य रूप से वढ़े ऊतकों को हटाया जाता है, जिसके बाद शेष अर्श ऊतकों को वापस इसकी सामान्य शारीरिक स्थिति में रख दिया जाता है।",0,[],[]
1413,"हिंदी में उत्तर: दोनों लिंगों में लगभग समान रोग संभावनाएं होती हैं, जिसकी होने की दर 45 से 65 वर्ष की उम्र में अधिकतम होती है।",0,[],[]
1414,हेमरॉएड रक्त का स्राव करते हैं।,0,[],[]
1415,ब्रेट को बवासीर के दर्द के कारण शल्य क्रिया की गयी थी।,0,[],[]
1416,यूनाइटेड ब्रेवरीज समूह किंगफिशर एयरलाइंस की जनक कंपनी है।,0,[],[]
1417,किंगफिशर एयरलाइन्स की स्थापना 2003 में हुई थी और उसका मालिक यूनाइटेड ब्रेवरीज समूह था।,0,[],[]
1418,किंगफिशर एयरलाइन की शुरुआत 2003 में हुई थी।,0,[],[]
1419,1537 को असुन्सियोन उपनिवेशिक बस्ती की स्थापना हुई।,0,[],[]
1420,राष्ट्रपति सरकार और राष्ट्र दोनों का प्रमुख होता है।,0,[],[]
1421,"विधायिका की शक्ति दो कक्षों में विभाजित होती है: ""कैमरा डी दीपुताडोस"" (चैंबर ऑफ डेप्युटीज) और ""कैमरा डी सेनाडोरेस"" (चैंबर ऑफ सेनेटर्स)।",0,[],[]
1422,सौर विज्ञान (Astronomy),0,[],[]
1423,न्यूट्रिनो का उत्पादन सूर्य की कोर में होता है। सूर्य की कोर में हाइड्रोजन का संलयन हाइड्रोजन को हीलियम में बदलने के साथ न्यूट्रिनो का उत्पादन होता है।,0,[],[]
1424,ट्रयकोमोइसीस की पहचान अल्फ्रेड डोने ने १८३६ में की थी।,0,[],[]
1425,महिलाओं में एसआईटी के लक्षण एक्सपोजर के 5 से 28 दिनों के भीतर प्रकट होते हैं।,0,[],[]
1426,"मानव जननांग पथ इस प्रजाति के लिए एकमात्र जलाशय है, और ट्रायकोमोनास यौन या जननांग संपर्क के माध्यम से फैलता है।",0,[],[]
1427,बीटा एंड्रोमेडे के स्पष्ट दृश्य परिमाण की सीमा +२.०१ से २.१० के बीच बदलता रहता है।,0,[],[]
1428,"बीटा एंड्रोमेडा एक लाल दानव तारा है, जिसका वर्गीकरण M0 III है।",0,[],[]
1429,"हिंदी में उत्तर: एबरडीन शहर में ग्रे ग्रेनाइट इमारतों में स्थानीय रूप से उत्खनित ग्रे ग्रेनाइट का समावेश हुआ करता था, लेकिन किस इमारत में इसका इस्तेमाल किया गया इसका उल्लेख नहीं है।",0,[],[]
1430,उत्तर: 1647 में बुबोनिक प्लेग से एक चौथाई आबादी की मृत्यु हो गयी।,0,[],[]
1431,मेरे पास आपके प्रश्न का उत्तर नहीं है।,0,[],[]
1432,एबरडीन किले को 1308 में नष्ट किया गया था।,0,[],[]
1433,मेरे पास आपके प्रश्न का उत्तर नहीं है।,0,[],[]
1434,मेरे पास आपके प्रश्न का उत्तर नहीं है।,0,[],[]
1435,"एबरडीन में कपड़ा, जहाज निर्माण और कागज बनाने के उद्योगों का बड़े पैमाने पर प्रतिस्थापन किया गया है। अब इलेक्ट्रॉनिक्स डिजाइन और विकास उद्योग, कृषि व मछली पकड़ने के क्षेत्र में अनुसंधान तथा तेल उद्योग एबरडीन की अर्थव्यवस्था के प्रमुख हिस्सा बन चुके हैं।",0,[],[]
1436,"एबरडीन में मछली पकड़ने, कपड़ा मिलों, जहाज निर्माण और कागज बनाने के काम होते रहे हैं, लेकिन इन उद्योगों का बड़े पैमाने पर प्रतिस्थापन किया जा चुका है। अब इलेक्ट्रॉनिक्स डिजाइन और विकास उद्योग में उच्च प्रौद्योगिकी विकास, कृषि व मछली पकड़ने के क्षेत्र में अनुसंधान तथा तेल उद्योग अब एबरडीन की अर्थव्यवस्था के प्रमुख हिस्सा बन चुके हैं।",0,[],[]
1437,A944 के अतिरिक्त पश्चिम की ओर जाने का दूसरा मार्ग है A93।,0,[],[]
1438,A92 का उपयोग अब पर्यटक रास्ते के रूप में होता है।,0,[],[]
1439,अबुसुलेमान सऊदी अरब से हैं।,0,[],[]
1441,टॉम क्रूज ने निकोल किडमैन से फरवरी 2001 में तलाक लिया।,0,[],[]
1442,नाइट्रोसोमोनास एवं नाइट्रोकॉकस अमोनिया का ऑक्सीकरण नाइट्राइट (NO2) में करते हैं।,0,[],[]
1443,बेट्स कैम्ब्रिज में ढाई साल रहे।,0,[],[]
1444,2007 में ग्रेजुएशन की।,0,[],[]
1445,बेट्स एक बच्ची के रूप में हैकनी और तौन्त्न में रही थी।,0,[],[]
1446,"2010 में कैलिनिनग्राद की आबादी 431,902 थी।",0,[],[]
1447,"मेराडोना की आयु 1 नवम्बर, 1976 को 16 साल थी।",0,[],[]
1448,"माराडोना ने 1990 के विश्व कप में अपेक्षाकृत खराब प्रदर्शन किया क्योंकि उन्हें एक टखने की चोट थी, जिसके कारण उनका समग्र प्रदर्शन प्रभावित हुआ था।",0,[],[]
1449,"हान राजवंश की कहानी तीन महत्वपूर्ण गुट पे है जो हान राजवंश के अवशेष से उगते हैं, और जो बाद में तीन राज्य बान जाते हैं: ट्साओ वे, शू हान, और पूर्वी वू।",0,[],[]
1450,सेंट पीटरबर्ग में सीमेंस की शाखा 1855 में खोली गयी थी।,0,[],[]
1451,ज्योति बसु का जन्म ८ जुलाई १९१४ को हुआ था।,0,[],[]
1452,१९६४ में जब भारतीय कम्युनिस्ट पार्टी का विभाजन हो गया तो बसु नए भारत की कम्युनिस्ट पार्टी (मार्क्सवादी) के पोलित ब्यूरो के पहले नौ सदस्यों में से एक बने।,0,[],[]
1454,मैक्स।,0,[],[]
1456,"इटुरी वर्षा-वन अफ़्रीका के मध्य में स्थित कांगो लोकतान्त्रिक गणराज्य के पूर्वी प्रान्त (ओरियेन्ताल, Orientale) का एक पूर्वोत्तरी क्षेत्र है, जो ऐल्बर्ट झील से पश्चिम में स्थित है।",0,[],[]
1457,इटुरी प्रांत कांगो लोकतान्त्रिक गणराज्य के पूर्वी प्रान्त में स्थित था।,0,[],[]
1458,लंबे समय तक शराब के इस्तेमाल से मस्तिष्क के केन्द्रीय तंत्रिका तंत्र और परिधीय तंत्रिका तंत्र क्षतिग्रस्त हो सकता है।,0,[],[]
1459,तीव्र निकासी के लक्षण एक से तीन सप्ताह बाद कम होते हैं।,0,[],[]
1460,"AUDIT शराब सेवन विकार पहचान परीक्षण है, जिसे विश्व स्वास्थ्य संगठन द्वारा विकसित किया गया है। यह परीक्षण प्रश्नों के एक सरल समूह का इस्तेमाल करता है जो एक उच्च अंक प्राप्त करने वाली एक गहरी छानबीन करने का माध्यम है।",0,[],[]
1461,"शराबखोरी का एक निदान DSM-IV के अनुसार शराब पर निर्भरता की एक पहचान है, जिसमें सिक्किम में कठिन भूक्षेत्र के कारण कोई हवाई अड्डा नही था पर अभी एक हवाई अड्डा बन गया है।",0,[],[]
1464,2001 में युनाइटेड किंगडम में स्वतंत्र शराबियों की औसत संख्या 28 लाख से अधिक थी।,0,[],[]
1465,सिल्कवर्थ ने 1960 में किए गए अध्ययन के आधार पर परिभाषा बदली गई थी। तब से शराबीपन की आधुनिक चिकित्सीय परिभाषा कई बार संशोधित की गई है।,0,[],[]
1466,अली का वास्तविक नाम माहेर-शालाल-हैश-बाज़ था।,0,[],[]
1467,"यह उत्तर है: जबेल मूकबेर, पूर्व यरुशलम का निवासी था।",0,[],[]
1468,महिलाओं के लिए आरक्षित सीटें ६० होती हैं।,0,[],[]
1469,आरडीएफआरएस की स्थापना 2006 में हुई थी।,0,[],[]
1471,उन्होंने आधुनिक बल्लेबाजी का आविष्कार किया था।,0,[],[]
1472,क्रिस्टोफर नोलन की नागरिकता अंग्रेज-अमेरिकी है।,0,[],[]
1473,"नोलेन की अधिकांश फ़िल्मों में उनके छोटे भाई, जोनाथन नोलेन ने सहयोग दिया है।",0,[],[]
1474,"नोलन की माँ, क्रिस्टिना (पूर्व जेन्सेन), ने अंग्रेजी शिक्षिका के रूप में पढ़ाया था।",0,[],[]
1476,फ्रेइरे का पेशा एक शिक्षक था।,0,[],[]
1477,मेरे पास आपके प्रश्न का उत्तर नहीं है।,0,[],[]
1478,फ्रीयर को सामाजिक सेवा के शिक्षा और संस्कृति विभाग के निदेशक नियुक्त किया गया था।,0,[],[]
1479,फ्रेयर को 70 दिनों के लिए एक गद्दार के रूप में कैद किया गया था।,0,[],[]
1480,काले विल्डबीस्ट के अयाल के रंग की सीमा क्रीम से लेकर काले रंग की होती है।,0,[],[]
1481,मेरे पास आपके प्रश्न का उत्तर नहीं है।,0,[],[]
1482,पार्मली ने दांतों के लोमक के प्रथम रूप का आविष्कार किया था।,0,[],[]
1483,मेरे पास आपके प्रश्न का उत्तर नहीं है।,0,[],[]
1485,कैस्पारियन की परवरिश कैलिफ़ोर्निया की रेसेडा उपनगरी में हुई थी।,0,[],[]
1486,"अना कास्पारियन का जन्म 7 जुलाई 1986 को लॉस एंजिल्स, कैलिफ़ोर्निया में हुआ था।",0,[],[]
1487,अलका याज्ञिक की माँ शोभा याज्ञिक गायक थीं।,0,[],[]
1488,एलिजाबेथ हर्ले की माँ का व्यवसाय केंपशॉट इन्फेण्ट स्कूल में टीचर था।,0,[],[]
1489,1981-1982 में 16 वर्ष की थीं।,0,[],[]
1491,यदि सामान्य सीमाओं के बाहर होते हैं तो ओजीटीटी (OGTT) का समावेश किया जाता है।,0,[],[]
1492,3 घंटे के रक्त ग्लूकोज़ स्तर परीक्षण को 1 व 2 घंटों के बाद मापा जाता है।,0,[],[]
1493,गर्भावस्था के दौरान रक्त ग्लूकोज़ स्तरों की निगरानी रखी जाती है।,0,[],[]
1494,2000-2500 किलो कैलोरी की आवश्यकता होती है।,0,[],[]
1495,पद्मा लक्ष्मी थीं।,0,[],[]
1496,शादी 2 जुलाई 2007 को टूट गई थी।,0,[],[]
1497,"पुस्तक के अनुवाद या प्रकाशन से जुड़े कई लोगों पर हमले हुए, कई गंभीर रूप से घायल हुए और यहाँ तक कि मारे भी गए।",0,[],[]
1498,अंत:दंत्य उपचार की आवश्यकता होती है।,0,[],[]
1499,वर्ष 2008 में मुख्य-भूमि चीन में छींगमिंग त्यौहार को राष्ट्रव्यापी सार्वजनिक अवकाश के रूप में घोषित किया गया।,0,[],[]
1500,"मेरे पास आपके प्रश्न का उत्तर नहीं है। प्राप्त जानकारी में तुर्की का निर्यात 2010 में 117 अरब अमेरिकी डालर के लायक था, लेकिन 2011 में निर्यात की लागत की जानकारी नहीं है।",0,[],[]
1501,मंगोलिया की उपजाति साइगा (S. t. mongolica) पश्चिमी मंगोलिया में पाई जाती है।,0,[],[]
1502,साइगा अत्यंतनूतन युग (प्लाइस्टोसीन​) में उत्तर अमेरिका में भी रहते थे।,0,[],[]
1503,मेरे पास आपके प्रश्न का उत्तर नहीं है।,0,[],[]
1504,फॉस्फीन (Phosphine) की व्याख्या अलग तरीके से की जा सकती है।,0,[],[]
1505,गुइयांग (贵阳) दक्षिणी चीन के गुइझोऊ प्रांत की राजधानी है।,0,[],[]
1506,"गुइयांग, दक्षिणी चीन के गुइझोऊ प्रांत की राजधानी है, जिसकी ऊंचाई १,१०० मीटर है। समुद्र की ऊंचाई ० मीटर है, इसलिए गुइयांग समुद्र से १,१०० मीटर ऊंचा है।",0,[],[]
1507,गुइयांग दक्षिणी चीन के गुइझोऊ प्रांत की राजधानी है।,0,[],[]
1508,मेरे पास आपके प्रश्न का उत्तर नहीं है।,0,[],[]
1509,कोमोरोस शब्द की उत्पत्ति अरबी भाषा के शब्द क्वामार (चान्द) से हुई है।,0,[],[]
1510,"कोमोरोस में तीन आधिकारिक भाषाएँ हैं: शिकोमोरी, अरबी और फ़्राँसीसी।",0,[],[]
1511,ईसाई धर्म के साथ है।,0,[],[]
1512,सुन्नी इस्लाम यहाँ की कुल जनसंख्या का ९८% प्रतिनिधित्व करता है।,0,[],[]
1514,बियोवुल्फ़ ड्रेगन की हत्या करता है।,0,[],[]
1515,बियोवुल्फ़ राक्षसों और जानवरों से लड़ने के लिए लंबी दूरियों की यात्राएं करता है।,0,[],[]
1516,"बाहरी दलों के साथ जोखिम को सीमित करता है आंतरिक संसाधनों के लिए देरी की लागत जल्दी प्रकट नहीं होती है, जब तक संसाधनों के द्वारा खर्च किया गया समय परियोजना पर लागू न किया जाये।",0,[],[]
1517,"सेलेना ने एक एमआई मुंडो (1 99 2) को जारी किया, जो आठ बार लगातार महीनों के लिए अमेरिकी बिलबोर्ड क्षेत्रीय मैक्सिकन एलबम चार्ट पर नंबर एक पर पहुंच गया। उत्तर: सुनीता विलियम्स का जन्म १९ सितंबर, १९६५ को हुआ था।",0,[],[]
1518,2001 में अमेरिका में एचआईवी का संक्रमण होने की दर प्रत्येक रक्त चढ़ाने की क्रिया के लिये 25 लाख में से एक थी।,0,[],[]
1519,मेरे पास आपके प्रश्न का उत्तर नहीं है।,0,[],[]
1520,एचआईवी परीक्षण के दो नाम हैं - एंजाइम-लिंक्ड इम्यूनोसार्बेंट एसे (एलिसा) और एंजाइम इम्यूनोएसे (ईआईए)।,0,[],[]
1521,मेरे पास आपके प्रश्न का उत्तर नहीं है।,0,[],[]
1522,मैरी प्रथम के पिता हेनरी अष्टम थे।,0,[],[]
1526,"जुड़वाँ बच्चे कुछ मामलों में संयुक्त जुड़वां होते हैं, इसके अलावा गर्भ में जुड़वां बच्चों द्वारा साझे किये गए वातावरण के कई स्तर हो सकते हैं, जिससे गर्भावस्था में जटिलता की संभावना बढ़ जाती है।",0,[],[]
1527,डेयरी उत्पादों में इंसुलिन जैसा वृद्धि कारक पाया गया है।,0,[],[]
1528,वैनिशिंग ट्विन सिंड्रोम के रूप में जाना जाता है।,0,[],[]
1529,पद्धति का उपयोग किया गया है मैमोग्राफी के लिए स्तन का एक समर्पित मैमोग्राफी यूनिट के जरिये संपीड़न किया जाता है।,0,[],[]
1530,स्तन सिस्ट फाइब्रोसाइटिक बीमारी के परिणामस्वरूप स्तनों के अंदर सिस्ट की प्रगति हो सकती है।,0,[],[]
1531,"मैमोग्राम में कार्नियोकैडुअल, सीसी और तिरछी छवियां ली जाती हैं।",0,[],[]
1532,निस्सिन फूड्स त्वरित नूडल बनाती है।,0,[],[]
1534,कोपेनहेगन विश्वविद्यालय में पढ़ने गए।,0,[],[]
1535,मेरे पास आपके प्रश्न का उत्तर नहीं है।,0,[],[]
1536,स्टो दंपत्ति के सात बच्चे थे।,0,[],[]
1537,पुस्तक की तीन लाख से अधिक प्रतियां एक वर्ष से कम समय में बिकीं।,0,[],[]
1538,"डिजिटल वॉटरमार्किंग में सिग्नल ऑडियो, चित्र या वीडियो हो सकता है।",0,[],[]
1539,"डिजिटल सिग्नल में वाटरमार्क को प्रसारित किया जा सकता है, जैसे ऑडियो, चित्र या वीडियो हो सकता है।",0,[],[]
1540,रोनाल्डिन्हो का बेटा 25 फ़रवरी 2005 को जन्मा था।,0,[],[]
1541,रोनाल्डिन्हो ने स्थानीय टीम के खिलाफ खेल में 23 में से 23 गोल किए थे।,0,[],[]
1542,रोनाल्डिन्हो ने 2001 में एक अनुबंध पर हस्ताक्षर किए।,0,[],[]
1544,"अनाज की माल्टिंग करने से स्टार्च में शर्कराओं की दृष्टि से यवसार एंजाइम पैदा होते हैं, जो स्टार्च को उफनाने योग्य शर्करा में परिवर्तित करते हैं।",0,[],[]
1545,पीले लेगर्स में औसतन 5% अल्कोहल होता है।,0,[],[]
1546,"मद्यनिर्माण उद्योग एक वैश्विक व्यापार है, जिसमें अनेक प्रभावी बहुराष्ट्रीय कंपनियां हजारों की संख्या में छोटे उत्पादक शराब की भट्टियों से शुरू कर आंचलिक सुराकर्मशालाओं तक शामिल हैं। 133 बिलियन लीटर (35 billion गैलन) बियर प्रतिवर्ष बिकता है - जिससे सन 2006 में वैश्विक राजस्व की कुल 294.5 बिलियन डॉलर (147.7 बिलियन पौण्ड) की आय हुई।",0,[],[]
1547,बियर (Beer) दुनिया में सबसे पुराना और सबसे व्यापक रूप से मादक पेय में से एक है।,0,[],[]
1548,"हालांकि संचार में अमौखिक संचार को 80 प्रतिशत जितने बड़े हिस्से का दावेदार माना है लेकिन बातचीत में आवाज़ के स्वर से भाषा का कितना प्रतिशत संचार होता है, इसका कोई सटीक प्रतिशत नहीं है। क्योंकि संचार में आवाज़ के स्वर का योगदान अलग-अलग हो सकता है और इसका आकलन करना कठिन है। हालांकि कुछ अध्ययनों से पता चलता है कि प्रायः संचार चेहरे के भावों के ज़रिये ही कर लिया जाता है यानी बोली गई बातों की तुलना के 4.3 गुना अवसरों पर चेहरे के भाव ही संचार का माध्यम बनते हैं।",0,[],[]
1551,"छोले (काबुली चना) अफ्गानिस्तान, दक्षिणी यूरोप, उत्तरी अफ़्रीका और चिली में पाए जाते हैं, लेकिन भारतीय उपमहाद्वीप में अट्ठारहवीं सदी से लाए गए हैं, व प्रयोग हो रहे हैं।",0,[],[]
1552,"रज़ा साहिब की मृत्यु शुक्रवार 28 अक्टूबर 1921 सीई (25 सफ़र, 1340 हिजरी) 65 वर्ष की उम्र में बरेली में उनके घर में हुई थी।",0,[],[]
1553,किपलिंग के 1930 के दशक के आरंभ में अपने लेखन में सफलता काफी धीमी हो गई थी और पहले के मुकाबले उनकी रचनाएं कम सफल थीं।,0,[],[]
1554,एमा लैविनिया गिफ़र्ड हार्डी की पहली पत्नी का नाम था।,0,[],[]
1555,पर्वत।,0,[],[]
1556,पृथ्वी का धरातल उठता है पर्वत विवर्तनिक बलों या ज्वालामुखी के माध्यम से बनता है।,0,[],[]
1557,"उत्थान के समय होने वाली घटना को ""स्थालाकृति"" कहा जाता है।",0,[],[]
1558,माउंट फ़ूजी,0,[],[]
1559,"कटाव होने के कारणों में पानी, हवा, बर्फ, और गुरुत्वाकर्षण के एजेंट शामिल हैं। इन एजेंटों के कारण पहाड़ों की चट्टानों की सतह की ऊंचाई कम हो जाती है, जिससे पहाड़ों को खुद के लिए फार्म की तुलना में छोटा होने का कारण बनता है।",0,[],[]
1560,संत थॉमस एक्विनास का जन्म 1225 में हुआ था।,0,[],[]
1561,मेरे पास आपके प्रश्न का उत्तर नहीं है।,0,[],[]
1562,नobele पुरस्कार में संयुक्त रूप से सन् १९८३ में भौतिकी का नोबेल पुरस्कार मिला था।,0,[],[]
1563,कूपर्स एंड लिब्रैंड डेलोटी का नाम 1992 में कूपर्स एंड लिब्रैंड रखा गया था।,0,[],[]
1564,"MCS का अर्थ है ""मैनेजमेंट कंसल्टिंग सर्विस"" (Management Consulting Service), जिसका मतलब है कि एक प्रकार की प्रबंधन सेवा जिसमें व्यावसायिक परामर्श शाखा के माध्यम से कंपनियों की समस्याओं का समाधान किया जाता है।",0,[],[]
1565,मेरे पास आपके प्रश्न का उत्तर नहीं है।,0,[],[]
1566,मेरे पास आपके प्रश्न का उत्तर नहीं है।,0,[],[]
1568,"उत्तर: पीडब्ल्यूसी के वार्षिक राजस्व में यूरोप और उत्तर अमेरिका का हिस्सा 81% है, और अकेले यूरोप का हिस्सा अकेले 45% है। इसके अलावा पीडब्ल्यूसी युनाइटेड किंगडम की 10 सबसे बड़ी सार्वजनिक कंपनियों में से चार शामिल हैं, जिसका अर्थ है कि पीडब्ल्यूसी युनाइटेड किंगडम में भी कार्यरत है।",0,[],[]
1569,हिंदी में उत्तर: ४३७३८९ मत मिले।,0,[],[]
1571,"उत्तर: 2,111 मीटर (6,926 फीट)",0,[],[]
1572,मालमो है।,0,[],[]
1573,"स्वीडन के विदेशी पृष्ठभूमि वाले निवासी मुख्यतः सीरिया, फिनलैंड, इराक, पोलैंड, ईरान और सोमालिया से हैं।",0,[],[]
1574,स्वीडन में एक निर्यात उन्मुख मिश्रित अर्थव्यवस्था है।,0,[],[]
1575,स्वीडन हथियारों का नौवाँ सबसे बड़ा उत्पादक/निर्यातक देश है।,0,[],[]
1576,स्वीडन के सबसे प्रसिद्ध मूर्तिकारों में टोबीस सर्गल और कार्ल मिलस हैं।,0,[],[]
1578,सम्युल मोर्स ने येल कॉलेज में बेंजामिन फ्रेंकलिन और जेरेमिया डे के द्वारा विद्युत विषय पर दिए गए वक्तव्यों में भाग लिया।,0,[],[]
1580,द डाइंग हर्क्युलेज,0,[],[]
1581,मेरे पास आपके प्रश्न का उत्तर है। वाशिंगटन डीसी और बाल्टीमोर के बीच 1843 कांग्रेस स्वीकृत टेलीग्राफ लाइन 38 मील (61 कि॰मी॰) लंबी थी।,0,[],[]
1582,"उटिका, न्यूयॉर्क में सारा एलिजाबेथ ग्रिस्वोल्ड का विवाह 10 अगस्त 1848 को हुआ था।",0,[],[]
1583,"2002 में 20 दीनार का नोट शामिल किया गया था, लेकिन 10 दीनार का नोट नहीं था।",0,[],[]
1585,"हूप्स में बदलाव के बाद बॉल ने पीच बास्केट की पेंदी में एक छेद किया गया, जिससे प्रत्येक बार गेंद को एक लंबे डावल से भोंक कर बाहर निकाला जा सके.",0,[],[]
1587,महिला बास्केटबॉल चैंपियनशिप में 1905 में अमेरिकी शारीरिक-शिक्षा संघ द्वारा निर्मित नियम थे। इन नियमों ने प्रत्येक टीम में छह से नौ खिलाड़ियों और 11 अधिकारियों को रखने की मांग की।,0,[],[]
1588,"FIBA का गठन आठ संस्थापक देश, अर्जेंटीना, चेकोस्लोवाकिया, ग्रीस, इटली, लातविया, पुर्तगाल, रोमानिया और स्विट्ज़रलैंड द्वारा किया गया था।",0,[],[]
1589,बास्केट से थ्री-पॉइंट आर्क 6.25 मीटर (20.5 फीट) है अंतर्राष्ट्रीय खेलों में और 23 फीट 9 इंच (7.24 मी॰) है NBA खेलों में。,0,[],[]
1590,"हिंदी में उत्तर: दक्षिण कोरिया में आम भाषा और विशेष रूप से दौड़ नागरिकता से अधिक, पहचान के संदर्भ में दक्षिण कोरियाई लोगों द्वारा महत्वपूर्ण तत्वों के रूप में देखी जाती है।",0,[],[]
1591,"1985 में, जनगणना कुल 40,466,577 थी।",0,[],[]
1592,दक्षिण कोरिया की आबादी 21.5 मिलियन थी।,0,[],[]
1593,"1949 में दक्षिण कोरिया की पहली आधिकारिक जनगणना में कुल आबादी की गणना 20,188,641 लोगों की थी।",0,[],[]
1594,होम्स और बेल के बीच एक जैसा था कि दोनों का चरित्र छोटे-छोटे निरीक्षणों से बड़े निष्कर्ष निकालने के लिए जाने जाते थे।,0,[],[]
1595,मेरे पास आपके प्रश्न का उत्तर नहीं है।,0,[],[]
1596,प्रत्येक प्रदर्शनी में चीजें हैं।,0,[],[]
1599,"मेरे पास आपके प्रश्न का उत्तर नहीं है। सूची में उपलब्ध जानकारी से संबंधित नहीं है। सूची में अस्थिर शोध, चेल्सी फुटबॉल क्लब, विलियम मार्टिन ""बिली"" जोएल, वेस्टमिन्स्टर के पैलेस की सुरक्षा भंग करने का एक प्रसिद्ध असफल प्रयास के बारे में जानकारी है, लेकिन आवश्यक औषधि की सूची के बारे में कोई जानकारी नहीं है।",0,[],[]
1600,मेरे पास आपके प्रश्न का उत्तर नहीं है।,0,[],[]
1601,सिस्टोस्कोपी के दो प्रकार हैं - फ्लेक्सिबल तथा रिजिड - यह सिस्टोस्कोप के लचीलेपन के अंतर पर आधारित होती है।,0,[],[]
1602,इंघम की मृत्यु 1974 में हुई थी।,0,[],[]
1603,नहरें केरल अनूपझीलें या केरल बैकवॉटर्स में प्राकृतिक और कृत्रिम नहरों द्वारा जुड़ी हुई पाँच बड़ी झीलें हैं जिनमें ३८ नदियाँ जल लाती हैं।,0,[],[]
1605,म्यूनिख में परिवार के साथ नियमित रूप से दौरा के दौरान वह अक्सर उसके चचेरे भाई अल्बर्ट के साथ खेला करती थी।,0,[],[]
1606,"1933 में अल्बर्ट आइंस्टीन और एल्सा प्रिंसटन, न्यू जर्सी, संयुक्त राज्य अमेरिका में रहने लगे।",0,[],[]
1607,श्रम आंदोलन का लक्ष्य है।,0,[],[]
1608,सर इसाक विवियन्स का पेशा क्रिकेटर था।,0,[],[]
1610,"प्रांत के नाम का अर्थ ""लगान-मुक्त नगर"" है।",0,[],[]
1611,मेरे पास आपके प्रश्न का उत्तर नहीं है।,0,[],[]
1612,"जोखिम विश्लेषण को समय-समय पर अद्यतन किया जाना चाहिए, लेकिन सूची में कोई संख्या नहीं दी गई है कि कितनी बार जोखिम विश्लेषण को अद्यतन किया जाता है।",0,[],[]
1613,हर्मन मिन्कोस्की संख्याओं की ज्यामिति का सृजन एवं विकास के लिए जाने जाते हैं।,0,[],[]
1614,मेक्सिको में इकतीस राज्य हैं।,0,[],[]
1615,मिग-25 को कम ऊंचाई पर उड़ने में कठिनाई होती है।,0,[],[]
1616,हाल ही में किसी प्रणाली को तात्त्विक डिजाइन में स्थानांतरित नहीं किया गया है। प्रस्तुत सूची में कोई पाठ नहीं है जिसके आधार पर उत्तर तैयार किया जा सके।,0,[],[]
1617,मिग-25 की गति मैक 2.83 तक सीमित है लेकिन यह इंजन की क्षति के जोखिम के साथ मैक 3.2 या अधिक की अधिकतम गति तक पहुंच सकता है।,0,[],[]
1618,कांच से शुद्ध प्रिज्म का उल्लेख नहीं है इस सूची में लेकिन हमने प्रिज्म के बारे में कुछ जानकारी प्राप्त की है। प्रिज्म का उल्लेख 1802 ई.,0,[],[]
1618,"में वुलैस्टन (Wollastan) ने किया था जब उन्होंने सूर्य के प्रकाश के एक संकीर्ण किरणपुंज को एक छिद्र में से अँधेरे कक्ष में प्रविष्ट कराकर प्रिज़्म द्वारा देखा था। लेकिन कांच से शुद्ध प्रिज्म का उल्लेख नहीं है, इसलिए हमारे पास इसके बारे में कोई जानकारी नहीं है।",0,[],[]
1620,डाटा प्रवाह मशीन आम तौर पर VHDL या वेरिलोग हार्डवेयर वर्णन भाषाओं का उपयोग करती है।,0,[],[]
1621,"बृहस्पति का दौरा करने वाला अंतरिक्ष यान पायोनियर, वॉयजर और गैलिलियो यान थे। फरवरी २००७ में न्यू होराएज़न्ज़ प्लूटो सहित बृहस्पति की यात्रा करने वाला अंतिम अंतरिक्ष यान था।",0,[],[]
1622,"हिंदी में उत्तर: वातावरण में हाइड्रोजन, हीलियम, मीथेन, जल वाष्प, अमोनिया और सिलिकॉन आधारित यौगिक पाया जा सकता है।",0,[],[]
1623,"बृहस्पति पर सौरमंडल का सबसे बड़ा ग्रहीय वायुमंडल है, जो बृहस्पति के बिना धरातल के ग्रह से संबंधित है।",0,[],[]
1624,बृहस्पति ग्रह में विभिन्न अक्षांशों के बादलों के लिए हल्के रंग के क्षेत्रों (zones) और गहरे रंग की पट्टियों (belts) हैं।,0,[],[]
1626,शंकु आकार की सतह के साथ ऊर्जा का संचार होता है।,0,[],[]
1627,बृहस्पति की चाल पृथ्वी के सन्दर्भ में बदलती है। इसका कोणीय व्यास ५०.१ से २९.८ आर्क सेकंडों तक बदलता है और इसकी स्थिति प्रत्येक चक्कर में एक बार अपसौर से होकर गुजरने के कारण बदलती है।,0,[],[]
1628,७वीं या ८वीं शताब्दी इपू के बेबीलोनीयन खगोलविदों से होता चला आ रहा है।,0,[],[]
1629,"दसियों मीटर की तरंग दैर्ध्य के साथ डेकामीट्रिक रेडियों बौछारें हैं, जो बृहस्पति के घूर्णन के साथ बदलती है और बृहस्पति के चुंबकीय क्षेत्र के साथ आयो के संपर्क से प्रभावित हो रही है।",0,[],[]
1631,"पायोनियर १० अंतरिक्ष यान सबसे उल्लेखनीय अंतरिक्ष यान है, जो बृहस्पति के इतना पर्याप्त करीब पहुचने वाला पहला अंतरिक्ष यान था।",0,[],[]
1632,"तीन बड़े चन्द्रमाओं के कारण लाप्लास रेजोनेंस होता है - आयो, युरोपा और गैनिमीड।",0,[],[]
1633,बृहस्पति के चंद्रमाओं की कक्षाएं बृहस्पति के विषुववृत्त तल के नजदीक है और करीब-करीब वृत्ताकार है तथा बृहस्पति के साथ बने हुए लगते हैं।,0,[],[]
1634,बृहस्पति ग्रह का उल्लेख किया गया है।,0,[],[]
1635,उसकी मूल भाषा अज़ेरी है।,0,[],[]
1636,1971 के बांग्लादेश लिबरेशन वार (बांग्लादेश स्वतंत्रता युद्ध) के बाद बंगलादेश अलग हुआ।,0,[],[]
1637,मेरे पास आपके प्रश्न का उत्तर नहीं है।,0,[],[]
1638,मेरे पास आपके प्रश्न का उत्तर नहीं है।,0,[],[]
1639,"राखी सावंत के भाई, राकेश सावंत का पेशा फिल्म निर्देशक है।",0,[],[]
1640,राखी सावंत टेलिविज़न शो मेज़बान हैं।,0,[],[]
1641,पॉल सोफस एप्सटीन का विचार था कि पॉलफ्लूक्त परिकल्पना गलत है।,0,[],[]
1642,"महाद्वीपों की गति संबंधी साक्ष्य व्यापक है। इसके लिए कई साक्ष्य हैं, जैसे कि विभिन्न महाद्वीपों के तटों पर मिलते-जुलते पौधे और पशुओं के जीवाश्म पाए जाने से ऐसा लगता है कि वे कभी जुड़े हुए थे। इसके अलावा, कुछ जीवित साक्ष्य भी हैं - इस दोनों महाद्वीपों पर एक जैसे कुछ पशु पाए जाते हैं।",0,[],[]
1643,मेरे पास आपके प्रश्न का उत्तर नहीं है।,0,[],[]
1644,बोइंग एक्स-40 (Boeing X-40) स्पेस वाहन का नाम परीक्षण प्लैटफ़ार्म था।,0,[],[]
1645,"पहला एक्स-40 ड्रॉप टेस्ट 11 अगस्त 1998 को 06:59 पर हॉलीमन एएफबी, न्यू मैक्सिको में हुआ था।",0,[],[]
1646,"माइग्रेन सिरदर्द से पीड़ित एक तिहाई लोगों को ऑरा के माध्यम इसका पूर्वाभास हो जाता है, जो कि क्षणिक दृष्य, संवेदन, भाषा या मोटर (गति पैदा करने वाली नसें) अवरोध होता है और यह संकेत देता है कि शीघ्र ही सिरदर्द होने वाला है। लगभग दो तिहाई मामले पारिवारिक ही होते हैं।",0,[],[]
1647,"माइग्रेन सिरदर्द में पर्यावरणीय और आनुवांशिकीय कारकों के मिश्रण से होता है। इसके अलावा, अस्थिर हार्मोन स्तर भी एक भूमिका निभा सकते हैं, especialmente in women.",0,[],[]
1648,"माइग्रेन के कारणों की जानकारी नहीं है, लेकिन माना जाता है कि यह पर्यावरणीय और आनुवांशिकीय कारकों के मिश्रण से होता है। लगभग दो तिहाई मामले पारिवारिक ही होते हैं। अस्थिर हार्मोन स्तर भी एक भूमिका निभा सकते हैं।",0,[],[]
1649,72 घंटे से अधिक चलने वाले माइग्रेन को स्टेटस माइग्रेनॉसस के नाम से जाना जाता है।,0,[],[]
1650,माइग्रेन का अनुवांशिक विकार कारण 34 से 51% संभावना से विकसित होने में आता है।,0,[],[]
1651,"माइग्रेन्स के संबंध में पहले यह विश्वास किया जाता था कि उच्च बुद्धिमत्ता वाले लोगों काफी आम होता है, लेकिन ऐसा सही नहीं दिखता है।",0,[],[]
1653,रेटिनल माइग्रेन में माइग्रेन सिरदर्द शामिल होता है जिसके साथ दृश्य गड़बड़ी या एक आंख में भी अस्थायी अंधापन हो सकता है।,0,[],[]
1654,"माइग्रेन के निदान विवादास्पद हैं, लेकिन कुछ साक्ष्य यह संकेत करते हैं कि सिर दर्द के अभाव में बार बार होने वाले पेट दर्द के प्रसंग, माइग्रेन का एक प्रकार हो सकते हैं। या कम से कम सिरदर्द के पूर्ववर्ती हो सकता हैं। माइग्रेन के प्रारंभिक या प्राथमिक लक्षण हो सकते है या नहीं भी हो सकते हैं और आम तौर पर कुछ मिनटों से लेकर कुछ घंटों तक जारी रह सकते हैं। वे अक्सर या तो व्यक्तिगत या विशिष्ट रूप से माइग्रेन के पारिवारिक इतिहास वालों में होते हैं।",0,[],[]
1657,दवायें तब अधिक प्रभावी हैं जब दौरे की शुरुआती अवस्था में उपयोग की जायें।,0,[],[]
1658,"दवाओं के लगातार उपयोग से सिरदर्द हो सकता है, जिसमें सिर दर्द और अधिक गंभीर और बार-बार होने लगता है।",0,[],[]
1659,डाइहाइड्रोएरगॉटामीन को नाक में स्प्रे और इंजेक्शन द्वारा दिया जाता है।,0,[],[]
1660,माइग्रेन से पीड़ित लोगों में स्ट्रोक या दिल की बिमारी से होने वाली मृत्यु के खतरे में वृद्धि नहीं जोड़ा जाता है।,0,[],[]
1662,"महिलाओं में किशोरावस्था के दौरान माइग्रेन अधिक आम हो जाते हैं और यह शेष जीवन काल में बना रहता है, जो पुरूषों की अपेक्षा बुजुर्ग महिलाओं में दो गुना अधिक दर से आम तौर पर पाया जाता है।",0,[],[]
1663,1918 में एर्गोटेमाइन को फफूंद एरगॉट से अलग किया गया था।,0,[],[]
1664,मेरे पास आपके प्रश्न का उत्तर नहीं है।,0,[],[]
1667,"जब स्तन वजन में अत्यधिक वृधि होती है जो कुल शरीर के वजन से लगभग ३% तक अधिक होता है, तो उसे स्तन अतिवृद्धि माना जाता है।",0,[],[]
1668,रूस ने अपने रासायनिक हथियारों के 94% के आसपास पूरी तरह से नष्ट कर दिया है।,0,[],[]
1669,ट्रैविस बिकल एक टैक्सी ड्राईवर बन जाता है।,0,[],[]
1670,मेरे पास आपके प्रश्न का उत्तर नहीं है।,0,[],[]
1672,फोस्टर की उम्र 13 साल थी।,0,[],[]
1673,जॉन हिन्क्ले ने राष्ट्रपति रीगन की हत्या करने का प्रयास किया था।,0,[],[]
1674,जापान सेल्फ-डिफेंस फोर्सेस का संक्षिप्त नाम JSDF है।,0,[],[]
1675,ကုန်းဘောင်ခေတ် (Kunbyong Rājavamsa),0,[],[]
1676,मेरे पास आपके प्रश्न का उत्तर नहीं है।,0,[],[]
1677,महिलाएं हेप्थैथलॉन का आयोजन करती हैं।,0,[],[]
1678,मेरे पास आपके प्रश्न का उत्तर नहीं है।,0,[],[]
1679,तोकस्विग का जन्म 1958 में हुआ था।,0,[],[]
1680,"टोरमेट स्कूल, गिल्डफोर्ड के निकट एक स्वतंत्र लड़कियों के स्कूल में पढ़ती थी।",0,[],[]
1681,"लाल हिरण यूरोप, कॉकस पर्वत श्रंखला, अनातोलिया, मध्य पूर्व और मध्य एशिया में पाए जाते हैं।",0,[],[]
1682,"इन विगनेट्स ने फिलिस्तीन, क्रोएशिया एयरलाइन, नॉर्वे ओलंपिक, माशेरब्रुम पर्वत और जर्मन विमानन प्राधिकरण के बारे में बताया है।",0,[],[]
1683,प्रथम मध्यवर्ती काल कहलाता था।,0,[],[]
1685,"हिक्सोस के लिए एक और शब्द ""विदेशी शासक"" है।",0,[],[]
1686,"अखेनातेन के बाद फिरौन थे तुथंखमुन, आई और होरेमहेब।",0,[],[]
1687,लीबियाई सामंतों के सरदार थे।,0,[],[]
1688,671 और 667 ई.पू.,0,[],[]
1689,मेरे पास आपके प्रश्न का उत्तर नहीं है।,0,[],[]
1691,"प्राचीन मिस्रवासी बकरियों, मवेशियों और सूअरों के अतिरिक्त, पालतू पशुओं में भेड़, बकरी, पोल्ट्री (जैसे बतख, हंस और कबूतर), मधुमक्खियां, गधे और बैल भी शामिल थे।",0,[],[]
1692,सोने के पहले ज्ञात मानचित्र नूबिया में पाए गए थे।,0,[],[]
1693,"खनिजों का उपयोग प्राचीन मिस्र में स्मारकों, प्रतिमा उत्कीर्णन, उपकरण बनाने और फैशन गहने के निर्माण के लिए किया जाता था। सोना, तांबा, सीसा और क़ीमती पत्थरों के मामले में समृद्ध होने के कारण मिस्र के प्राचीन नागरिकों ने इन खनिजों का उपयोग अपने स्मारकों, प्रतिमा और उपकरणों के निर्माण के लिए किया था।",0,[],[]
1694,"वादी हम्मामत के लिए उल्लेखनीय स्रोत थे - ग्रेनाइट, ग्रेवैक और सोना।",0,[],[]
1695,लौह भंडार ऊपरी मिस्र में पाए गए थे।,0,[],[]
1696,"फिलिस्तीनी शैली के तेल के कटोरे का सबूत प्रथम राजवंशीय फैरो की कब्र में पाए गए है, जिसका संकेत है कि प्राचीन मिस्र में फिलिस्तीनियों के साथ व्यापार हुआ था।",0,[],[]
1698,मिस्र की भाषा उत्तरी अफ्रीकी-एशियाई भाषा है जिसका बर्बर और सामी भाषाओं से निकट का संबंध है।,0,[],[]
1700,"आधुनिक मिस्र की अरबी भाषा में आज भी कॉप्टिक वर्णमाला के निशान पाए जाते हैं, जिसका इस्तेमाल मिस्र के रूढ़िवादी चर्च में उपासना पद्धतियों में होता है।",0,[],[]
1701,"लेखकों ने याजकीय लेखन का उपयोग किया था, जो द्रुत और आसान था।",0,[],[]
1702,मेरे पास आपके प्रश्न का उत्तर नहीं है। हायरेटिक टेक्स्ट के बारे में कोई जानकारी उपलब्ध नहीं है।,0,[],[]
1704,"चित्रलिपि का उपयोग एक शब्द, एक ध्वनि या एक मूक निर्धारक का प्रतिनिधित्व करने के लिए किया जा सकता है।",0,[],[]
1705,मिस्र में लेखन सबसे अधिक शाही मकबरों में पाए गए मदों के लिए लेबल और टैग पर राजशाही से सम्बंधित रूप में पाया गया।,0,[],[]
1706,सिस्ट्रम एक खड़कता संगीत वाद्ययंत्र है जो विशेष रूप से धार्मिक समारोह में महत्वपूर्ण था।,0,[],[]
1707,खुली छत का प्रयोजन था गर्मी के दिनों में ठंडे बने रहने के लिए।,0,[],[]
1708,नील नदी में स्नान किया था।,0,[],[]
1709,दीवारों को सफेद रंग से सजाया जाता था और इन्हें रंगे हुए सन के कपड़े के पर्दे से ढका जा सकता था।,0,[],[]
1710,हिंदी में उत्तर: मूर ने कहानी का उपयोग समकालीन चिंताओं को प्रतिबिंबित करने और सुपरहीरो अवधारणा की विवेचना के साधन के रूप में किया।,0,[],[]
1712,कृषक वर्ग साधारण घरों में रहते थे।,0,[],[]
1713,"मिस्रियों के अनुसार, देवताओं को प्रसन्न के लिए प्रसाद और पूजा के द्वारा संतुष्ट करना पड़ता था।",0,[],[]
1714,"टीकाकरण के अन्य जोखिम कारकों में धूम्रपान, व्यावसायिक जोखिम, जीवविष, आहार और हार्मोन अंतर्ग्रहण शामिल हैं। हालांकि, इन कारकों के बीच टीकाकरण के साथ संबंध की पुष्टि या खंडन करने के लिए और अधिक सबूत की जरूरत है।",0,[],[]
1716,पुनर्माइलिनीकरण (Remyelination),0,[],[]
1717,"चिकित्सा उपचार के कई प्रतिकूल प्रभाव हैं। इनमें से सबसे आम प्रभावों में से एक है ग्लाटिरामेर एसीटेट के इंजेक्शन वाली जगह और इंटरफेरॉन उपचारों में होने वाला जलन है। समय के साथ, इंजेक्शन वाली जगह पर वसा ऊतक के स्थानीय क्षति, जिसे लिपोट्रोफी कहा जाता है, के कारण एक दिखाई पड़ने वाला खरोंच विकसित हो सकता है। इंटरफेरॉन इन्फ्लूएंजा के समान लक्षण पैदा करते हैं; ग्लाटिरामेर का प्रयोग करने वाले कुछ मरीज इंजेक्शन के बाद होने वाली प्रतिक्रया का अनुभव करते हैं जिसकी अभिव्यक्ति तमतमाहट, सीने में जकड़न, दिल की धड़कनों, श्वासहिनता और चिंता के रूप में होती है, जो आम तौर पर तिस मिनटों से कम समय तक रहती हैं।",0,[],[]
1718,हिंदी में उत्तर: दवाई से अस्थिर मूत्राशय और संस्तम्भता (spasticity) के लक्षण सबसे अच्छी तरह से दूर होते हैं।,0,[],[]
1720,"इसका उत्पादन काले सरसों (ब्रैसिका निग्रा), भूरे रंग के भारतीय सरसों (ब्रैसिका जुनसिया) और सफेद सरसों (''ब्रैसिका हिर्टा) से किया जा सकता है।",0,[],[]
1721,"सरसों के तेल में इरुसिक एसिड 42% और ओलिक एसिड 12% होता है, इसलिए इरुसिक एसिड अधिक प्रचलित है।",0,[],[]
1722,रसिया का जीपीएस के समकक्ष नाम ग्लोनास (GLONASS) है।,0,[],[]
1723,आईवाज़ोवस्की की मत्यु 19 अप्रैल (नई शैली में 2 मई) 1900 को फिओदोसिया में हुई।,0,[],[]
1724,"मामूट्टी ने तमिल, तेलुगु, हिंदी और अंग्रेजी फिल्में शामिल हैं कुछ गैर मलयालम फिल्मों में अभिनय किया है।",0,[],[]
1725,एशियाई खेलों को एशियाड के नाम से भी जाना जाता है।,0,[],[]
1726,"हांगझोऊ नगर, चीन में अगले एशियाई खेलों की मेजबानी होगी।",0,[],[]
1727,फिल्म अगस्त रश एक अमेरिकी ड्रामा फिल्म थी।,0,[],[]
1728,"AFP का अर्थ Alfa-Fitoprotein होता है, जो एक प्रोटीन है जो मनुष्यों में जीन एएफपी द्वारा एनकोडेड है।",0,[],[]
1729,AFP का स्तर गर्भ की पहली तिमाही के अंत तक भ्रूण सीरम में व्रद्धी होता है और फिर स्तर गिर जाता है।,0,[],[]
1730,मेरे पास आपके प्रश्न का उत्तर नहीं है।,0,[],[]
1732,मानयोगाना (Man'yōgana) लेखन शैली का नाम है जो हीरागाना और काताकाना लेखन शैली से ली गई हैं।,0,[],[]
1733,"क्योइकु कानजी में १,००६ अक्षर हैं。",0,[],[]
1734,जोयो कानजी को १९८१ में शुरू किया गया था।,0,[],[]
1735,जापानी उपनामों को बनाने के लिए प्रयुक्त मिश्रण का एक भाग कुनयोमी होता है।,0,[],[]
1737,"मुहम्मद ने पहाड़ों पर हिरा की गुफा में अपनी इबादत के दौरान अपना पहला प्रकाशन प्राप्त किया था। इसके बाद, उन्हें 23 वर्षों की अवधि में पूरा क़ुरआन का खुलासा प्राप्त हुआ।",0,[],[]
1739,कुरान में 114 अध्याय हैं।,0,[],[]
1741,सलमान फारसी ने कुरान का पहला अनुवाद किया है।,0,[],[]
1743,मेरे पास आपके प्रश्न का उत्तर नहीं है।,0,[],[]
1744,साहनी का जन्म 1 मई 1913 को ब्रिटिश भारत के रावलपिंडी में हुआ था।,0,[],[]
1745,साहनी ने 1943 में भारत लौट आए।,0,[],[]
1746,कीज़ की सबसे पहली एलबम सांग्स इन ए मिरर (Songs in A Minor) को वर्ष 2001 में सबसे बेहतरीन बिक्री वाली नई कलाकार और सर्वश्रेष्ठ बिक्री वाली आरएंडडी बन गई।,0,[],[]
1749,कीज की अपने रोल के लिए रेमंड से काफी प्रशंसा मिली.,0,[],[]
1750,"कीज़ की तीसरी स्टूडियो एलबम ""एज आई एम (As I Am)"" को नवंबर 2007 में रिलीज़ की गई थी। इस एलबम ने सप्ताह में दूसरी सबसे अधिक प्रतियों की बिक्री करने वाली बनीं 2007 में ही।",0,[],[]
1751,1929 के वाल स्ट्रीट गिरावट के तत्काल बाद भावी परिणामों के सन्दर्भ में एडॉल्फ आगस्टस बर्ले एडविन डोड और गार्डिनिर सी.,0,[],[]
1751,जैसे क़ानूनी विद्वानों ने समाज में आधुनिक निगम की बदलती भूमिका पर विचार किया।,0,[],[]
1752,बुतरस-घाली के पिता बुट्रोस घाली थे।,0,[],[]
1754,"पेटेंट पेटेंट स्टैनफ़ोर्ड विश्वविद्यालय को दिया गया है, न कि गूगल को।",0,[],[]
1756,"प्रायिकता के रूप में 0 और 1 के मूल्यों के बीच क्या व्यक्त किया गया है, वह है किसी कार्य के होने की संभावना का प्रतिनिधित्व करना।",0,[],[]
1757,"फार्मूला रैंडम सर्फ़र के एक मॉडल का उपयोग करता है, जो कुछ क्लिक के बाद ऊब जाता है और किसी यादृच्छिक पृष्ठ की ओर चला जाता है।",0,[],[]
1758,पीटर हेडन डिंकलेज के पिता का पेशा एक बीमा सेल्समैन (insurance salesman) था।,0,[],[]
1759,BMI की गणना के लिए आपके वजन को आपके लंबाई के वर्ग के साथ विभाजित किया जाता है। फिर आपके लिंग और आयु के अनुसार निर्धारित सीमा के साथ तुलना की जाती है।,0,[],[]
1762,"त्वचा की सुरक्षा शरीर की त्वचा खुद करती है। होंठों की सुरक्षा नहीं मिल पाती क्योंकि उनमें न तो बाल होते हैं और न ही पसीने की ग्रन्थियाँ, इसलिए उन्हें पसीने तथा शारीरिक तैल की सुरक्षा नहीं मिल पाती।",0,[],[]
1763,मुथुस्वामी दीक्षित ने क्रिटिस की रचना की है।,0,[],[]
1764,रुपया शब्द का अर्थ कच्ची चांदी होता है और रूप्यकम् का अर्थ चांदी का सिक्का है।,0,[],[]
1765,कोफी अन्नान का जन्म 8 अप्रैल 1938 को हुआ था।,0,[],[]
1767,ऑक्सीकरण लोह के ऑक्साइड पर हाइड्रोजन प्रवाहित करने से शुद्ध लोहा प्राप्त करने का प्रयास कर रहा है।,0,[],[]
1768,मेरे पास आपके प्रश्न का उत्तर नहीं है।,0,[],[]
1769,ओलंपिक में दिए जाने वाले पदकों में से एक प्रकार स्वर्ण पदक है।,0,[],[]
1770,जब ओलंपिक टेबल पर राष्ट्र टाई हुए तब कांस्य पदक से सम्मानित किया गया।,0,[],[]
1772,उत्तर: फीफा (FIFA) वर्ल्‍ड यूथ चैंपियनशिप फाइनल में पहुंचा और फीफा (FIFA) ऑल-स्‍टार टीम में नामित हुआ।,0,[],[]
1773,मेरे पास आपके प्रश्न का उत्तर नहीं है।,0,[],[]
1774,"हाँ, ब्रैकीसिफैलिक कुत्ता नस्ल में स्प्रिंगर स्पेनियल नस्ल भी शामिल है।",0,[],[]
1775,लीबिया का नाम १९६९ के तख्ता-पलट के बाद 'लिबियन अरब रिपब्लिक' रखा गया था और १९७७ में इसका नाम बदलकर 'महान समाजवादी जनवादी लिबियाई अरब जम्हूरिया' रख दिया गया था।,0,[],[]
1776,"लीबिया के निर्देशांक हैं - अक्षांश 19 डिग्री और 34 डिग्री एन, और अक्षांश 9 डिग्री और 26 डिग्री ई के बीच है।",0,[],[]
1777,"लीबिया में गर्म, शुष्क, धूल से भरे सिरोको के रूप में आती हैं (लीबिया में गिब्ली के रूप में जाना जाता है)।",0,[],[]
1778,फर्ग्युसन २००७ में ग्राइंडहाउस में थीं।,0,[],[]
1779,"मेरे पास आपके प्रश्न का उत्तर है। २००६ के संसदीय चुनाव में इस दल को ७५ ४५८ मत (१७.९%, ११ सीट) मिले।",0,[],[]
1780,जापान है कावासाकी रोग से अतिसंवेदनशील देश।,0,[],[]
1784,इस एथलीट ने फुटबॉल में भाग लिया है।,0,[],[]
1785,कीन अक्सर कॉर्क लौटने के लिए क्लब से कुछ दिनों की छुट्टी के लिए पूछा करता था।,0,[],[]
1786,"चिकित्सा का सामान्य क्षेत्र जो पिस्टोरिंग से जुड़ा हुआ है, वह है मेसोथेरपि का क्षेत्र।",0,[],[]
1787,नेटफ्लिक्स की शुरुआत १९९७ को हुई थी।,0,[],[]
1788,"त्रिफला में आमलाकी, हरिताकी और बिभिता‍की नाम के तीन महत्वपूर्ण घटक पाए जा सकते हैं।",0,[],[]
1789,मुरलीधरन का रिकार्ड तोड़ा गया था।,0,[],[]
1792,मूत्राशय के संक्रमण का दूसरा नाम निचले मूत्र पथ संक्रमण है।,0,[],[]
1793,बच्चों में यूटीआई का एकमात्र लक्षण बुखार हो सकता है।,0,[],[]
1794,महिलाओं में मूत्राशय के संक्रमण के कारणों में सबसे ऊँची दर यौन सक्रियता से संबंधित है।,0,[],[]
1796,क्रेनबेरी रस या क्रेनबेरी पूरक अप्रभावी साबित होते हैं रीढ़ की हड्डी में चोट लगने वाले लोगों में यूटीआई की रोकथाम और उसके इलाज में मदद नहीं करते।,0,[],[]
1797,महिलाओं का कल्चर नकारात्मक होता है किन्तु फिर भी वे एंटीबायोटिक उपचार से बेहतर हो सकते हैं।,0,[],[]
1798,"जटिल मामलों की पुष्टि मूत्र विश्लेषण द्वारा यूरीनरी नाइट्रेट, श्वेत रक्त कणिकाओं (ल्यूकोसाइट्स) या ल्यूकोसाइट ईस्टरेस की उपस्थिति को देख कर की जा सकती है। इसके अलावा यूरिन माइक्रोस्कोपी भी एक उपयोगी परीक्षण है, जो लाल रक्त कणिकाओं, श्वेत रक्त कणिकाओं या बैक्टीरिया की उपस्थिति की जांच करता है।",0,[],[]
1799,फोनाज़ोपिराइडिन को मूत्राशय संक्रमण के दौरान महसूस की जाने वाली जलन और व्यग्रता से आराम मिल सके इसके लिए दिया जाता है।,0,[],[]
1800,बच्चे अक्सर तीन दिन के एंटीबायोटिक उपचार पर प्रतिक्रिया दे देते हैं।,0,[],[]
1803,मेरे पास आपके प्रश्न का उत्तर नहीं है। लेकिन मैं आपको बता सकता हूँ कि मूत्र संबंधी संक्रमण के प्रभाव अमेरिकियों पर काफी महत्वपूर्ण हैं। इन संक्रमणों के कारण काम पर समय की हानि और स्वास्थ्य देखभाल के आधार पर इन संक्रमणों की लागत काफी महत्वपूर्ण है। संयुक्त राज्य अमरीका में उपचार की प्रत्यक्ष वार्षिक लागत का आंकलन लगभग 1.6 बिलियन अमरीकी डॉलर है।,0,[],[]
1804,"रात्चाबुरी का अर्थ ""राजापुरी"" या ""राजा की नगरी"" है।",0,[],[]
1805,मेरे पास आपके प्रश्न का उत्तर नहीं है।,0,[],[]
1806,फरीद रफीक ज़कारिया का जन्म 20 जनवरी 1964 को हुआ था।,0,[],[]
1807,"क्रोएशिया एयरलाइन के विमान २००० में नहीं आए थे। सवाल में क्रोएशिया एयरलाइन का उल्लेख नहीं है। लेकिन, सवाल के अनुसार, दो और एयरबस विमान २००० में इसके बेड़े में शामिल किए गये थे।",0,[],[]
1808,क्रोएशिया एयरलाइन्स का समझौता कई सारे एयरलाइन्स के साथ कोड साझेदारी समझौता है।,0,[],[]
1809,मेरे पास आपके प्रश्न का उत्तर नहीं है।,0,[],[]
1810,नैदानिक मौत की शुरुआत में चेतना शून्य होने में औसतन 20 से 30 सेकंड के भीतर हो जाती है।,0,[],[]
1811,"CPR का अर्थ है कार्डियोपल्मोनरी पुनर्जीवन, जिसका उद्देश्य साँस ले रहा है और नैदानिक आदर्श उत्क्रमण के परिसंचरण रक्त के मृत राज्य द्वारा बहाल.",0,[],[]
1813,चुय प्रांत का उत्तरी इलाक़ा एक कृषि-प्रधान मैदानी क्षेत्र है जहाँ चुय नदी का पानी भी सिंचाई के लिए उपलब्ध है।,0,[],[]
1814,"इसका उपयोग न्यायिक, प्रशासनिक एवं निजी आँकड़ों के संग्रहण में किया जाता था।",0,[],[]
1815,मुगल सल्तनत के दौरान कैथी लिपि का प्रयोग काफी व्यापक था।,0,[],[]
1816,"जब एक गेंद खो जाती है, तो इसकी जगह एक नई गेंद ली जाती है।",0,[],[]
1817,फॉलो-ऑन नियम 13 है।,0,[],[]
1819,"पारियों के बीच में और दोपहर का भोजन, चाय और ड्रिंक्स के बीच दस-मिनट का अंतराल होता है।",0,[],[]
1820,मैच किस स्थिति में टाई होता है जब दोनों टीमें एक बराबर संख्या में रन बनाती हैं।,0,[],[]
1821,"प्राचीन संस्कृतियों की गिनतियों का अध्ययन सामाजिक और आर्थिक आंकड़ों का ट्रैक रखने के लिए किया जाता है, जैसे कि समूह के सदस्यों की, शिकारी पशुओं की, संपत्ति की या कर्ज की संख्या (अर्थात् लेखाकर्म)।",0,[],[]
1822,"म्युनिख़ से समाजशास्त्र, दर्शनशास्त्र, मानस शास्त्र और राजनीति विज्ञान में पढ़ाई की थी।",0,[],[]
1823,"माप को रेखीय मान से व्यक्त किया जाता है, जैसे 1000 गज़ (अथवा 1000 मीटर) से देखने पर कितने फीट (अथवा मीटर) चौड़ाई दिखाई देगी, अथवा कितने डिग्री का कोणीय मान देखा जा सकता है।",0,[],[]
1824,आंखों में अधिक राहत के लिए फोकल की लंबाई बड़ी होनी चाहिए।,0,[],[]
1825,जो पेरी किस बैंड से संबंधित है - एरोस्मिथ का जो पेरी!,0,[],[]
1826,मंच के नाम के रूप में किस अंतिम नाम पर समझौता हुआ?,0,[],[]
1827,निस्सिन फूड्स की स्थापना 4 सितम्बर 1948 को मोमोफुकू एण्डो द्वारा की गई थी।,0,[],[]
1830,मेरे पास आपके प्रश्न का उत्तर नहीं है।,0,[],[]
1831,"हाँ, इक्वेटोरियल गिनी का द्वीप ऐनोबॉन भूमध्य रेखा से १५५ की.मी.",0,[],[]
1831,(१०० मील) दक्षिण में है और देश का बाकी हिस्सा उत्तर में निहित है।,0,[],[]
1832,जम्मू और श्रीनगर भारत के शहर हैं।,0,[],[]
1833,वर्ष 2006 में ओलंपिक में कर्लिंग कार्यक्रम का पूरा हिस्सा पेश किया गया था।,0,[],[]
1834,प्रदर्शन कार्यक्रम के रूप में क्या सूचीबद्ध नहीं है?,0,[],[]
1834,"कर्लिंग और सैन्य गश्ती की सूची नहीं करते हैं, या उन्हें प्रदर्शन घटनाओं के रूप में सूचीबद्ध करते हैं।",0,[],[]
1835,मेरे पास आपके प्रश्न का उत्तर नहीं है।,0,[],[]
1836,मार्कस ने जॉन की मदद की।,0,[],[]
1838,मेरे पास आपके प्रश्न का उत्तर नहीं है।,0,[],[]
1839,फिल्मांकन से तीन हफ्ते पहले स्क्रिप्ट को संशोधित किया गया था।,0,[],[]
1840,जोनाथन नॉलेन ने McG को अपने काम को महत्वपूर्ण रूप से पटकथा पर चित्रित करने के लिए प्रेरित किया; बेल के हस्ताक्षर कर देने के बाद उन्होंने फ़िल्म में योगदान देने का चुनाव किया और कॉनर के नेता बनने के चाप का निर्माण किया।,0,[],[]
1842,पूर्वकथा के चार अंक थे।,0,[],[]
1843,मेरे पास आपके प्रश्न का उत्तर नहीं है।,0,[],[]
1844,"शकीरा शब्द अरबी भाषा से आया है, जिसका अर्थ ""आभारी"" होता है।",0,[],[]
1845,शकीरा ने अपने दूसरे स्टूडियो एल्बम के बाद हाई स्कूल से स्नातक कर सके इसलिए ब्रेक लिया।,0,[],[]
1846,शकीरा ने टूर एंफिबियो मार्च 2000 में शुरू किया।,0,[],[]
1847,मेरे पास आपके प्रश्न का उत्तर नहीं है।,0,[],[]
1848,उत्तर: इलाम है।,0,[],[]
1849,"एक टीम में 11 खिलाड़ी होते हैं, जिसमें एक विकेट कीपर और एक गेंदबाज होता है, और अन्य 9 खिलाड़ी कहीं भी रक्षण कर सकते हैं।",0,[],[]
1850,मेरे पास आपके प्रश्न का उत्तर नहीं है।,0,[],[]
1852,२०२० में मानवीय बॉक्सरों की जगह रोबोट बॉक्सरों ने ले ली है।,0,[],[]
1853,"फिल गॉर्डन के द्वारा नियुक्त किए गए पीटरसन को २००६ बॉण्ड कार्यकारी समिति की उपसमिति प्रौद्योगिकी के अध्यक्ष के रूप में नियुक्त किया गया था, लेकिन यह प्रश्न मतदान से संबंधित नहीं है। मेरे पास आपके प्रश्न का उत्तर नहीं है।",0,[],[]
1854,सरकार कार्यकारी शक्ति का उपयोग करती है।,0,[],[]
1855,नॉर्थवुड (उत्पाद कोड 80532) कोर का नाम था।,0,[],[]
1856,प्रोसेसर अब उच्चतम क्लॉक गति या कम ताप उत्पन्न करते हुए उसी के समान गति से संचालित किया जा सकता है।,0,[],[]
1857,2003 के सितंबर में इंटेल डेवलपर फोरम में पेंटियम 4 चरम संस्करण (पी4ईई) की घोषणा की गयी थी।,0,[],[]
1859,90 एनएम,0,[],[]
1860,"एबनर ने स्नातक स्तर की पढ़ाई के बाद एक अनुवादक, विदेशी भाषायों के अध्यापक एवं एक सूचना प्रौद्योगिकी परियोजना जैसे व्यवसायों पर केन्दित किया।",0,[],[]
1862,"मंगोलिया ने शीतकालीन ओलंपिक खेलों में हिस्सा लिया है, केवल 1976 शीतकालीन खेलों में ही नहीं है।",0,[],[]
1863,मेरे पास आपके प्रश्न का उत्तर नहीं है।,0,[],[]
1864,बड़ी आकाशगंगाओं में ब्लैक होल का द्रव्यमान लाखों या करोड़ों सौर द्रव्यमानों के बराबर होता है।,0,[],[]
1865,मेरे पास आपके प्रश्न का उत्तर नहीं है।,0,[],[]
1866,विंड्सर कासल के सेंट जॉर्ज चैपल में हुई थी।,0,[],[]
1867,"राष्ट्रीय नादम उलानबटार में होता है, मंगोलियाई राजधानी में।",0,[],[]
1868,चीनियों की है।,0,[],[]
1869,सिल्लियों के रूप में परिचालित हुआ (जो साइसी या युआनबाओ के रूप में जाना जाता है) जिसका भार मामूली लियांग (लगभग 36 ग्राम) था हालांकि शुद्धता और वज़न क्षेत्रवार भिन्न थे।,0,[],[]
1870,नमक उत्पादक ने भुगतान के रूप में चांदी का इस्तेमाल किया।,0,[],[]
1871,उत्तर: 100 कैंडरीन होते हैं।,0,[],[]
1873,सिल्वर डॉलर को 1914 में स्थापित किया गया था।,0,[],[]
1875,यह उत्तर नहीं है।,0,[],[]
1877,मूल्यवर्गों की संख्या 12 है।,0,[],[]
1878,चीन जनवादी गणराज्य की मुद्रा के पांचवें और नवीनतम संस्करण का सर्कुलेशन 1 अक्टूबर 1999 के बाद से शुरू हुआ था।,0,[],[]
1879,1999 से सिक्कों का उत्पादन शुरू हुआ।,0,[],[]
1882,"सिया के चाचा फिल कोल्सन हैं, जो एक संगीतकार हैं।",0,[],[]
1883,सिया केट इसोबेले फरलर के पिता फिल कोल्सन एक संगीतकार हैं।,0,[],[]
1885,"नियोजित एल्बम में सिया का तीसरा स्टूडियो एल्बम, ""रंग छोटा याद किया"" है, जिसका निर्माण 2004 में किया गया था।",0,[],[]
1889,जब सिया थाईलैंड में थी तब उसे लंदन में कार दुर्घटना में पोंटिफेक्स की मृत्यु की खबर मिली थी।,0,[],[]
1890,कब्र्स रोग (Thyroid disease),0,[],[]
1893,"ई८० सड़क नेटवर्क तुर्की से शुरू होकर बुल्गारिया के सोफिया में प्रवेश करता है और फिर निस, प्रिस्टीना, डुब्रोवनिक, पिस्कारा, रोम, जेनोआ, नीस, तुलूज़, बर्गोस, वालडोलिड और सालामानका इत्यादि शहरों से होते हुए अंत में अटलांटिक महासागर पर लिस्बन तक जाता है।",0,[],[]
1894,फ़ीडबर्नर (FeedBurner) एक वेब फ़ीड प्रबंधन प्रदाता है जिसकी शुरूआत 2004 में हुई.,0,[],[]
1895,"API का तात्पर्य है वेब सर्विस अप्लीकेशन प्रोग्रामिंग इंटरफेसेस का है, जो अन्य सॉफ्टवेयर को अपने साथ परस्पर क्रिया की अनुमति देने के लिए प्रदान करता है।",0,[],[]
1896,"यह संस्थापन प्रोटॅस्टॅण्ट धर्मशास्त्री, फ़्रॅडरिक नॉमन के सिद्धान्तों का पालन करता है।",0,[],[]
1897,मूक संकेत में ब्लैक पॉवर सैल्यूट में क्या गलत समझा गया था?,0,[],[]
1897,"इसका उत्तर है कि ब्लैक पॉवर सैल्यूट को अश्वेत शक्ति सलामी के रूप में गलत समझा गया था, जबकि इसका असली अर्थ मानव अधिकार सलामी था।",0,[],[]
1899,"CEMS Global Alliance का सामाजिक सहयोग का हिस्सा होने के रूप में वैश्विक शिक्षा प्रबंधन में वैश्विक गठबंधन के रूप में कार्य करता है, जिसमें दुनिया के प्रमुख व्यावसायिक विद्यालयों और विश्वविद्यालयों का साथ सामाजिक भागीदारी है।",0,[],[]
1900,CEMS से स्नातक करने के लिए २ विदेशी भाषा की परीक्षा के सफल समापन करने की आवश्यकता पड़ती है।,0,[],[]
1904,CEMS ने पीआरएम (जिम्मेदार प्रबंधन शिक्षा सिद्धांतों) की घोषणा की है।,0,[],[]
1907,सीऐऐ की स्थापना सीईएमएस स्नातकों द्वारा १९९३ में की गई थी।,0,[],[]
1908,"जादू का व्युत्पत्ति मूल लैटिन शब्द मैजी से हुआ है, जिसे पारसियों के लिए प्रयुक्त किया जाता था।",0,[],[]
1910,2 फरवरी 1913 को पिता की मृत्यु हुई।,0,[],[]
1911,रमाबाई।,0,[],[]
1914,रोड्सिया,0,[],[]
1915,"अर्ल वुड्स का जन्म अर्ल (1932-2006) और कुल्टिडा (टिडा) वुड्स (जन्म 1944) के यहां साइप्रस, कैलीफोर्निया में हुआ था। उनके पिता अर्ल थे, जो एक सेवानिवृत्त लेफ्टिनेंट कर्नल और वियतनाम युद्ध के योद्धा थे।",0,[],[]
1916,वुड्स अग्नि हाइड्रेंट दुर्घटना के समय एसयूवी कैडिलाक एसकेलेड से जा रहे थे।,0,[],[]
1918,कैथलीन है।,0,[],[]
1919,मेरे पास आपके प्रश्न का उत्तर नहीं है।,0,[],[]
1921,एसोसिएशन रुल लर्निंग (Association Rule Learning) का उपयोग सुपरमार्केट ग्राहकों की खरीददारी की आदतों पर डाटा इकट्ठा करने के लिए किया जाता है।,0,[],[]
1922,1970 के दशक से प्रवासन उच्च रहा है।,0,[],[]
1923,ज़ोरोस्त्रियनवाद में हुआ है।,0,[],[]
1924,सफ़ेद पुट्ठे वाली मुनिया लगभग 10 से 11 सेमी लम्बी होती है।,0,[],[]
1925,"वयस्क सफ़ेद पुट्ठे वाली मुनिया के ऊपर और छाती के हिस्से पर भूरे रंग के होते हैं, और नीचे की ओर हल्के रंग के होते हैं।",0,[],[]
1926,कुक के माता-पिता का नाम बेथ फोराकर (अविवाहित नाम फ्र्ये) और स्टेनली कुक हैं।,0,[],[]
1927,मेरे पास आपके प्रश्न का उत्तर नहीं है।,0,[],[]
1928,मेरे पास आपके प्रश्न का उत्तर नहीं है।,0,[],[]
1929,डॉ स्टॉलमैन ने १९८३ में जीएनयू परियोजना (GNU Project) की सुरुवात की थी।,0,[],[]
1932,मेरे पास आपके प्रश्न का उत्तर नहीं है।,0,[],[]
1933,ईमैक्स एक टेक्स्ट एडिटर है।,0,[],[]
1934,"बर्फीली सर्दियों का रिकार्ड 1983-84 में था, जब 98.4 इंच (250 से॰मी॰) हिमपात हुआ।",0,[],[]
1935,जुलाई 1936 में 108 °फ़ै (42 °से.),0,[],[]
1935,रिकॉर्ड किया गया था।,0,[],[]
1936,"मिनियापोलिस की अर्थव्यवस्था में वाणिज्य, वित्त, रेल और ट्रकिंग सेवाएं, स्वास्थ्य देखभाल और उद्योग पर आधारित है। छोटे घटक प्रकाशन, मिल, खाद्य प्रसंस्करण, ग्राफिक कला, बीमा, शिक्षा और उच्च प्रौद्योगिकी रहे हैं। उद्योग धातु और ऑटोमोटिव उत्पाद, रासायनिक और कृषि उत्पाद, इलेक्ट्रॉनिक्स, कंप्यूटर, परिशुद्ध चिकित्सा उपकरण और साधन, प्लास्टिक और मशीनरी का उत्पादन करता है।",0,[],[]
1937,"मिनियापोलिस इंस्टीट्यूट ऑफ आर्ट में 100,000 नमूनों के स्थाई संग्रह के साथ सबसे बड़ा कला संग्रहालय है।",0,[],[]
1938,परिषद के बारह सदस्य डीएफ़एल से हैं।,0,[],[]
1939,राजा तौफा'आहऊ तुपोऊ ने 1845 में टोंगा का राजा बना।,0,[],[]
1940,नया संविधान 4 नवम्बर 1875 को घोषित किया गया था।,0,[],[]
1941,टोंगा के झंडे के पुराने डिजाइन में लाल रंग का द्विशायिका क्रॉस सफेद रंग की पृष्ठभूमि में था।,0,[],[]
1942,38.30%,0,[],[]
1944,"क्लाउडी हेंगेरे को जीव विज्ञान और खेल चिकित्सा (१९८१), विमानन और अंतरिक्ष दवा (१९८२), और संधिशोथ में प्रमाण पत्र प्राप्त किया।",0,[],[]
1945,क्लाउडी हेंगेरे १८ जून २००२ को ईएसए से सेवानिवृत्त हुई।,0,[],[]
1946,"अमेरिका में रेबीज़ का सबसे आम स्रोत चमगादड़ का काटना है, और 5% से कम मामले कुत्तों से होते हैं।",0,[],[]
1947,"रेबीज़ का कारण है कि जब कोई संक्रमित जानवर किसी अन्य जानवर या इंसान को खरोंचता या काटता है तब रेबीज़ संचारित हो सकता है। इसके अलावा, किसी संक्रमित जानवर के लार से भी रेबीज़ संचारित हो सकता है यदि लार किसी अन्य जानवर या मनुष्य के श्लेष्मा झिल्ली के संपर्क में आता है।",0,[],[]
1948,लुफ्थांसा ने ब्रसेल्स एयरलाइन्स में 45% की हिस्सेदारी लेने की घोषणा की थी।,0,[],[]
1949,मेरे पास आपके प्रश्न का उत्तर नहीं है।,0,[],[]
1950,मेरे पास आपके प्रश्न का उत्तर नहीं है।,0,[],[]
1952,मेरे पास आपके प्रश्न का उत्तर नहीं है।,0,[],[]
1953,मेरे पास आपके प्रश्न का उत्तर नहीं है।,0,[],[]
1954,"हिंदी में उत्तर: यूरो को आधिकारिक मुद्रा के रूप में 19 यूरोपीय देशों में इस्तेमाल किया जाता है, जिनमें शामिल हैं आस्ट्रिया, बेल्जियम, साइप्रस, फिनलैंड, फ्रांस, जर्मनी, ग्रीस, आयरलैंड, इटली, लग्ज़म्बर्ग, माल्टा, नीदरलैंड, पुर्तगाल, स्लोवेनिया, स्लोवाकिया और स्पेन। इसके अलावा पांच अन्य यूरोपीय देशों में भी यूरो का प्रचलन है, लेकिन आधिकारिक मुद्रा नहीं है।",0,[],[]
1955,यूरो का चलन 1999 में शुरू हुआ।,0,[],[]
1956,31 दिसंबर 2002 के बाद पुर्तगाली एस्कुडोस मौद्रिक रूप से मूल्यरहित हो गए थे।,0,[],[]
1958,चेंजओवर की अवधि लगभग दो महीने तक चली गई थी।,0,[],[]
1959,"EBC का अर्थ है ""European Central Bank"", जिसका मुख्यालय फ्रैंकफर्ट (जर्मनी) में है और यूरोज़ोन की मौद्रिक नीति का प्रभारी है।",0,[],[]
1960,"ENIAC एक मॉड्यूलर कंप्यूटर था, जिसमें विभिन्न कार्यों के लिए व्यक्तिगत पैनल शामिल थे।",0,[],[]
1962,मेरे पास आपके प्रश्न का उत्तर नहीं है।,0,[],[]
1963,"ENIAC कंप्यूटर को प्रचालन के जटिल अनुक्रमों के लिए प्रोग्रामित किया जा सकता था, जिसमें पाश, शाखाएं और उपनेमकाएं शामिल हो सकते थे।",0,[],[]
1964,निजी कुंजी को पासफ्रेज़ से लॉक किया जा सकता है।,0,[],[]
1965,मार्च 2003 में वीडियो कोडिंग मानक का औपचारिक अनुमोदन मिला था।,0,[],[]
1966,VBSMC ब्लॉक आकार का सबसे बड़ा आकार 16×16 है।,0,[],[]
1968,मेरे पास आपके प्रश्न का उत्तर नहीं है।,0,[],[]
1969,54 राष्ट्रों के 310 एथलीटों ने भाग लिया।,0,[],[]
1970,हताहत लोगों की संख्या 144 थी।,0,[],[]
1971,मैकडफ को किंग्स चैंबर में डंकन की लाश मिलती है।,0,[],[]
1972,मैकडफ के खिलाफ चढ़ाई की थी।,0,[],[]
1973,ज़ैडी स्मिथ की माँ का नाम यावोन बेली था।,0,[],[]
1974,"ज़ैडी स्मिथ के दो छोटे भाई हैं, जिनमें से एक रैपर और स्टैंड-अप कॉमेडियन डॉक्टर ब्राउन हैं और दूसरा रैपर ल्यूक स्कीज़ हैं।",0,[],[]
1975,मेरे पास आपके प्रश्न का उत्तर नहीं है।,0,[],[]
1976,जब वह एक किशोर थी उसके माता पिता ने तलाक ले लिया।,0,[],[]
1978,"सैंडलर की हाल की फिल्मों की लगभग समान रूप से सकारात्मक समीक्षाएं की गयीं, जिसकी शुरुआत पंच-ड्रंक लव (2002) से हुई।",0,[],[]
1979,डेविड स्पेड अक्सर सैंडलर की फिल्मों में दिखाई दिए हैं।,0,[],[]
1980,"जिमी एन्जिल, उनकी दूसरी पत्नी मैरी, गुस्तावो हेनी और मिगुएल देल्गादो थे।",0,[],[]
1981,यात्रियों को भोजन की कमी और पूरी तरह से अंजान क्षेत्र के कारण काफ़ी कष्टप्रद यात्रा करनी पड़ी।,0,[],[]
1982,हसन इब्न अल हैतम का लैटिन नाम अल्हाज़ेन है।,0,[],[]
1983,हाइड्रोलिक परियोजना को असवान में जारी होने की बात कही गई थी।,0,[],[]
1984,डांग ज़िला भारत के गुजरात राज्य का एक ज़िला है।,0,[],[]
1985,लेन की मां के दो कैरिएर थे - नाइटक्लब नृत्यांगना और प्लेबॉय पत्रिका के बीच के पन्नों पर आने वाली महिला (मिस अक्टूबर 1957)।,0,[],[]
1986,मेरे पास आपके प्रश्न का उत्तर नहीं है।,0,[],[]
1987,भारत के संविधान का उल्लेख है।,0,[],[]
1988,बर्फीला दृश्य अप्रैल २९ में एडलैयडी सेंट.,0,[],[]
1988,और चिंग लैन में फ़िल्माया गया था।,0,[],[]
1989,"फ़िल्मांकन का आरंभ अप्रैल १३, २०१५ से किया गया।",0,[],[]
1990,मैट डैमन ने मुख्य भूमिका की है।,0,[],[]
1991,"द मार्टियन का प्रीमियर सितम्बर 11, 2015 को टोरांटो अंतर्राष्ट्रीय फिल्म फेस्टिवल में हुआ था।",0,[],[]
1992,वाटनी अत्यंत क्रुद्ध होता है क्योंकि टीम को उनके जिंदा बचने की खबर नहीं दी गई है।,0,[],[]
1993,फिल्मांकन का कार्य तकरीबन 70 दिनों के अंदर पूरा हुआ।,0,[],[]
1994,"मक्का मस्जिद हैदराबाद, भारत में है।",0,[],[]
1995,उत्तर: मई 2007 में हुआ था।,0,[],[]
1997,बोर्ड ऑफ गवर्नर्स है जो प्रत्येक सदस्य देश के एक प्रतिनिधि के द्वारा बनी है।,0,[],[]
1999,मेरे पास आपके प्रश्न का उत्तर नहीं है।,0,[],[]