text_order_id,sentence,num_triplets,triplets,abbreviation
449,यरूशलम था। अमेरिकी राष्ट्रपति डोनाल्ड ट्रम्प ने कहा था कि वह यरूशलम को इजरायल की राजधानी मानते हैं और तेल अवीव से अमेरिकी दूतावास को यरूशलम स्थांतरण करने की प्रक्रिया शुरू करेंगे।,3,"[{'subject': {'upos': 'PROPN', 'text': 'ट्रम्प', 'id': 4, 'deprel': 'nsubj', 'head': 6}, 'verb': {'upos': 'VERB', 'text': 'कहा', 'id': 6, 'deprel': 'root', 'head': 0}, 'object': {'upos': 'VERB', 'text': 'मानते', 'id': 15, 'deprel': 'obj', 'head': 6}}, {'subject': {'upos': 'PRON', 'text': 'वह', 'id': 9, 'deprel': 'nsubj', 'head': 15}, 'object': {'upos': 'PROPN', 'text': 'यरूशलम', 'id': 10, 'deprel': 'obj', 'head': 15}, 'verb': {'upos': 'VERB', 'text': 'मानते', 'id': 15, 'deprel': 'obj', 'head': 6}}, {'subject': {'upos': 'PRON', 'text': 'वह', 'id': 9, 'deprel': 'nsubj', 'head': 15}, 'object': {'upos': 'NOUN', 'text': 'प्रक्रिया', 'id': 28, 'deprel': 'obj', 'head': 30}, 'verb': {'upos': 'VERB', 'text': 'करेंगे', 'id': 30, 'deprel': 'conj', 'head': 15}}]","['SVO', 'SOV', 'SOV']"
502,"टैबनैबिंग नामक विधि उपयोगकर्ता को बैंक की वैध वेबसाइट पर अग्रेषित करती है और फिर पृष्ठ के शीर्ष पर क्रेडेंशियल्स का अनुरोध करने के लिए एक पॉपअप विंडो को स्थापित करती है, जिससे उपयोगकर्ता को लगता है कि बैंक इस संवेदनशील जानकारी का अनुरोध कर रहे हैं।",3,"[{'subject': {'upos': 'NOUN', 'text': 'विधि', 'id': 3, 'deprel': 'nsubj', 'head': 12}, 'object': {'upos': 'NOUN', 'text': 'उपयोगकर्ता', 'id': 4, 'deprel': 'obj', 'head': 12}, 'verb': {'upos': 'VERB', 'text': 'करती', 'id': 12, 'deprel': 'root', 'head': 0}}, {'subject': {'upos': 'NOUN', 'text': 'विधि', 'id': 3, 'deprel': 'nsubj', 'head': 12}, 'object': {'upos': 'NOUN', 'text': 'विंडो', 'id': 28, 'deprel': 'obj', 'head': 31}, 'verb': {'upos': 'VERB', 'text': 'करती', 'id': 31, 'deprel': 'conj', 'head': 12}}, {'subject': {'upos': 'NOUN', 'text': 'उपयोगकर्ता', 'id': 35, 'deprel': 'nsubj', 'head': 37}, 'verb': {'upos': 'VERB', 'text': 'लगता', 'id': 37, 'deprel': 'acl:relcl', 'head': 28}, 'object': {'upos': 'VERB', 'text': 'कर', 'id': 46, 'deprel': 'obj', 'head': 37}}]","['SOV', 'SOV', 'SVO']"
664,"पॉलिन ने राज्य कर्मचारियों के लिए दैनिक भत्ते के रूप में $58 का दावा करने की अनुमति थी, जिसे उन्होंने ग्रहण किया (कुल $16,951) और होटल की प्रतिपूर्ति के लिए दावा करने की भी अनुमति थी, लेकिन उन्होंने ऐसा नहीं किया और इसके बजाय उन्होंने वासिला स्थित अपने घर तक जाने के लिए लगभग 50 मील गाड़ी चलाकर जाने का विकल्प चुना।",3,"[{'object': {'upos': 'PRON', 'text': 'जिसे', 'id': 20, 'deprel': 'obj', 'head': 23}, 'subject': {'upos': 'PRON', 'text': 'उन्होंने', 'id': 21, 'deprel': 'nsubj', 'head': 23}, 'verb': {'upos': 'VERB', 'text': 'किया', 'id': 23, 'deprel': 'advcl', 'head': 15}}, {'subject': {'upos': 'PRON', 'text': 'उन्होंने', 'id': 42, 'deprel': 'nsubj', 'head': 45}, 'object': {'upos': 'PRON', 'text': 'ऐसा', 'id': 43, 'deprel': 'obj', 'head': 45}, 'verb': {'upos': 'VERB', 'text': 'किया', 'id': 45, 'deprel': 'conj', 'head': 38}}, {'subject': {'upos': 'PRON', 'text': 'उन्होंने', 'id': 49, 'deprel': 'nsubj', 'head': 66}, 'object': {'upos': 'NOUN', 'text': 'विकल्प', 'id': 65, 'deprel': 'obj', 'head': 66}, 'verb': {'upos': 'VERB', 'text': 'चुना', 'id': 66, 'deprel': 'conj', 'head': 45}}]","['OSV', 'SOV', 'SOV']"
2,"ग्रूम झील ने विमान के लिए आदर्श परीक्षण पट्टी का काम किया, जहां से वे जटिल विमान परीक्षण को संचालित कर सकते थे।",2,"[{'subject': {'upos': 'PROPN', 'text': 'झील', 'id': 2, 'deprel': 'nsubj', 'head': 12}, 'object': {'upos': 'NOUN', 'text': 'काम', 'id': 11, 'deprel': 'obj', 'head': 12}, 'verb': {'upos': 'VERB', 'text': 'किया', 'id': 12, 'deprel': 'root', 'head': 0}}, {'subject': {'upos': 'PRON', 'text': 'वे', 'id': 16, 'deprel': 'nsubj', 'head': 22}, 'object': {'upos': 'NOUN', 'text': 'परीक्षण', 'id': 19, 'deprel': 'obj', 'head': 22}, 'verb': {'upos': 'VERB', 'text': 'कर', 'id': 22, 'deprel': 'acl:relcl', 'head': 9}}]","['SOV', 'SOV']"
59,कैल्शियम के धारण में वृद्धि हुई है। कैल्शियम हड्डी के खनिजीकरण को बढ़ाता है और उसको मजबूत बनाता है।,2,"[{'subject': {'upos': 'NOUN', 'text': 'कैल्शियम', 'id': 1, 'deprel': 'nsubj', 'head': 6}, 'object': {'upos': 'NOUN', 'text': 'खनिजीकरण', 'id': 4, 'deprel': 'obj', 'head': 6}, 'verb': {'upos': 'VERB', 'text': 'बढ़ाता', 'id': 6, 'deprel': 'root', 'head': 0}}, {'subject': {'upos': 'NOUN', 'text': 'कैल्शियम', 'id': 1, 'deprel': 'nsubj', 'head': 6}, 'object': {'upos': 'PRON', 'text': 'उसको', 'id': 9, 'deprel': 'obj', 'head': 11}, 'verb': {'upos': 'VERB', 'text': 'बनाता', 'id': 11, 'deprel': 'conj', 'head': 6}}]","['SOV', 'SOV']"
115,ऑस्ट्रेलिया द्वारा किए गए प्रयोग ने साबित किया कि बुलबुले पानी के घनत्व में कमी लाकर एक स्केल माडल जहाज को डुबो सकते हैं।,2,"[{'subject': {'upos': 'NOUN', 'text': 'प्रयोग', 'id': 5, 'deprel': 'nsubj', 'head': 8}, 'verb': {'upos': 'VERB', 'text': 'किया', 'id': 8, 'deprel': 'root', 'head': 0}, 'object': {'upos': 'VERB', 'text': 'डुबो', 'id': 22, 'deprel': 'obj', 'head': 8}}, {'subject': {'upos': 'NOUN', 'text': 'बुलबुले', 'id': 10, 'deprel': 'nsubj', 'head': 22}, 'object': {'upos': 'NOUN', 'text': 'जहाज', 'id': 20, 'deprel': 'obj', 'head': 22}, 'verb': {'upos': 'VERB', 'text': 'डुबो', 'id': 22, 'deprel': 'obj', 'head': 8}}]","['SVO', 'SOV']"
140,"एंटीबॉडी (प्रतिपिंड) में ""उत्कृष्ट"" उत्प्रेरक प्रणाली होती है, जिसके द्वारा जीवाणु को मारने के लिए फैगोसाइट (phagocytes) को आकर्षित किया जाता है या सीधे मारने में प्रतिपिंड (एंटीबॉडी) की सहायता के लिए झिल्लीनुमा आक्रामक समूह बना लेते हैं।",2,"[{'subject': {'upos': 'PRON', 'text': 'जिसके', 'id': 14, 'deprel': 'nsubj:pass', 'head': 27}, 'object': {'upos': 'NOUN', 'text': 'फैगोसाइट', 'id': 21, 'deprel': 'obj', 'head': 27}, 'verb': {'upos': 'VERB', 'text': 'किया', 'id': 27, 'deprel': 'acl:relcl', 'head': 10}}, {'subject': {'upos': 'PRON', 'text': 'जिसके', 'id': 14, 'deprel': 'nsubj:pass', 'head': 27}, 'object': {'upos': 'NOUN', 'text': 'समूह', 'id': 44, 'deprel': 'obj', 'head': 45}, 'verb': {'upos': 'VERB', 'text': 'बना', 'id': 45, 'deprel': 'conj', 'head': 27}}]","['SOV', 'SOV']"
213,महाथिर ने 1956 में शादी नहीं की थी। वह सरकारी सेवा में डॉक्टर के रूप में कार्य किया था और उसके बाद अलोर सितार लौट आए और अपनी खुद की चिकित्सा अभ्यास स्थापित किया।,2,"[{'subject': {'upos': 'PRON', 'text': 'वह', 'id': 1, 'deprel': 'nsubj', 'head': 10}, 'object': {'upos': 'NOUN', 'text': 'कार्य', 'id': 9, 'deprel': 'obj', 'head': 10}, 'verb': {'upos': 'VERB', 'text': 'किया', 'id': 10, 'deprel': 'root', 'head': 0}}, {'subject': {'upos': 'PRON', 'text': 'वह', 'id': 1, 'deprel': 'nsubj', 'head': 10}, 'object': {'upos': 'NOUN', 'text': 'अभ्यास', 'id': 24, 'deprel': 'obj', 'head': 26}, 'verb': {'upos': 'VERB', 'text': 'किया', 'id': 26, 'deprel': 'conj', 'head': 17}}]","['SOV', 'SOV']"
248,"हिंदू धर्म में आत्महत्या से घृणा की जाती है और समकालीन हिंदू समाज में इसे किसी अन्य की हत्या के तुल्य पाप समझा जाता है। हिन्दू धर्मग्रंथ बताते हैं कि वह जो आत्महत्या करता है, आत्माओं की दुनिया में चला जाता है और वहाँ वह तब तक रहता है जब तक कि उसका धरती पर जीवन तय था, यदि वह आत्महत्या न करता।",2,"[{'subject': {'upos': 'NOUN', 'text': 'धर्मग्रंथ', 'id': 2, 'deprel': 'nsubj', 'head': 3}, 'verb': {'upos': 'VERB', 'text': 'बताते', 'id': 3, 'deprel': 'root', 'head': 0}, 'object': {'upos': 'VERB', 'text': 'चला', 'id': 16, 'deprel': 'obj', 'head': 3}}, {'subject': {'upos': 'PRON', 'text': 'वह', 'id': 6, 'deprel': 'nsubj', 'head': 9}, 'object': {'upos': 'PRON', 'text': 'जो', 'id': 7, 'deprel': 'obj', 'head': 9}, 'verb': {'upos': 'VERB', 'text': 'करता', 'id': 9, 'deprel': 'acl:relcl', 'head': 12}}]","['SVO', 'SOV']"
338,बौद्ध धर्म का मानना है कि गर्भाधान को रोकना स्वीकार्य है लेकिन गर्भावस्था को समाप्त करना स्वीकार्य नहीं है।,2,"[{'subject': {'upos': 'VERB', 'text': 'रोकना', 'id': 9, 'deprel': 'nsubj', 'head': 11}, 'object': {'upos': 'ADJ', 'text': 'स्वीकार्य', 'id': 10, 'deprel': 'obj', 'head': 11}, 'verb': {'upos': 'VERB', 'text': 'है', 'id': 11, 'deprel': 'ccomp', 'head': 4}}, {'subject': {'upos': 'VERB', 'text': 'करना', 'id': 16, 'deprel': 'nsubj', 'head': 19}, 'object': {'upos': 'ADJ', 'text': 'स्वीकार्य', 'id': 17, 'deprel': 'obj', 'head': 19}, 'verb': {'upos': 'VERB', 'text': 'है', 'id': 19, 'deprel': 'conj', 'head': 11}}]","['SOV', 'SOV']"
354,"जब बर्फी निरुत्साहित था, तो उसने झिलमिल को अपने अपार्टमेंट में छिपा लिया और फिरौती की रकम प्राप्त कर के अपने पिता के ओपरेशन के लिए अस्पताल में भुगतान कर रहा था, लेकिन तब उसे पता चलता है कि उसके पिता की मृत्यु हो चुकी है।",2,"[{'subject': {'upos': 'PRON', 'text': 'उसने', 'id': 7, 'deprel': 'nsubj', 'head': 13}, 'object': {'upos': 'PROPN', 'text': 'झिलमिल', 'id': 8, 'deprel': 'obj', 'head': 13}, 'verb': {'upos': 'VERB', 'text': 'छिपा', 'id': 13, 'deprel': 'root', 'head': 0}}, {'subject': {'upos': 'PRON', 'text': 'उसे', 'id': 37, 'deprel': 'nsubj', 'head': 39}, 'verb': {'upos': 'VERB', 'text': 'चलता', 'id': 39, 'deprel': 'conj', 'head': 31}, 'object': {'upos': 'VERB', 'text': 'चुकी', 'id': 47, 'deprel': 'obj', 'head': 39}}]","['SOV', 'SVO']"
402,"भ्रम का अर्थ है एक ऐसा विश्वास जो एक रोगात्मक स्थिति है, जिसके तहत किसी के विचारों को किसी बाहरी शक्ति द्वारा नियंत्रित किया जाता है या किसी एक व्यक्ति के विचार अन्य लोगों तक प्रसारित किये जाते हैं।",2,"[{'object': {'upos': 'NOUN', 'text': 'विचारों', 'id': 18, 'deprel': 'obj', 'head': 25}, 'subject': {'upos': 'NOUN', 'text': 'शक्ति', 'id': 22, 'deprel': 'nsubj:pass', 'head': 25}, 'verb': {'upos': 'VERB', 'text': 'किया', 'id': 25, 'deprel': 'acl:relcl', 'head': 11}}, {'subject': {'upos': 'NOUN', 'text': 'शक्ति', 'id': 22, 'deprel': 'nsubj:pass', 'head': 25}, 'object': {'upos': 'NOUN', 'text': 'विचार', 'id': 33, 'deprel': 'obj', 'head': 38}, 'verb': {'upos': 'VERB', 'text': 'किये', 'id': 38, 'deprel': 'conj', 'head': 25}}]","['OSV', 'SOV']"
488,"सेलेनियम वेबड्राइवर आदेश लेने और स्वीकार करने के बाद एक ब्राउज़र के लिए उन्हें भेजता है और परिणाम रेत्रिएवे जो एक ब्राउज़र विशेष ब्राउज़र ड्राइवर, के माध्यम से कार्यान्वित किया जाता है।",2,"[{'subject': {'upos': 'PROPN', 'text': 'वेबड्राइवर', 'id': 2, 'deprel': 'nsubj', 'head': 15}, 'object': {'upos': 'PRON', 'text': 'उन्हें', 'id': 14, 'deprel': 'obj', 'head': 15}, 'verb': {'upos': 'VERB', 'text': 'भेजता', 'id': 15, 'deprel': 'root', 'head': 0}}, {'subject': {'upos': 'PROPN', 'text': 'वेबड्राइवर', 'id': 2, 'deprel': 'nsubj', 'head': 15}, 'object': {'upos': 'PROPN', 'text': 'रेत्रिएवे', 'id': 19, 'deprel': 'obj', 'head': 31}, 'verb': {'upos': 'VERB', 'text': 'किया', 'id': 31, 'deprel': 'conj', 'head': 15}}]","['SOV', 'SOV']"
489,एक सेलेनियम ग्रिड एक सर्वर हब के रूप में कार्य करता है जो टेस्ट ब्राउज़र उदाहरणों के लिए पहुँच प्रदान करता है और कई मशीनों पर समानांतर में परीक्षण चल देता है।,2,"[{'subject': {'upos': 'NOUN', 'text': 'ग्रिड', 'id': 3, 'deprel': 'nsubj', 'head': 11}, 'object': {'upos': 'NOUN', 'text': 'कार्य', 'id': 10, 'deprel': 'obj', 'head': 11}, 'verb': {'upos': 'VERB', 'text': 'करता', 'id': 11, 'deprel': 'root', 'head': 0}}, {'subject': {'upos': 'PRON', 'text': 'जो', 'id': 13, 'deprel': 'nsubj', 'head': 21}, 'object': {'upos': 'NOUN', 'text': 'पहुँच', 'id': 19, 'deprel': 'obj', 'head': 21}, 'verb': {'upos': 'VERB', 'text': 'करता', 'id': 21, 'deprel': 'acl:relcl', 'head': 10}}]","['SOV', 'SOV']"
514,"वेब ट्रैफिक का विश्लेषण वेब सर्वर लॉग फाइल में पाए जाने वाले ट्रैफिक आंकड़ों को देख कर किया जा सकता है, जो सभी प्रयुक्त पृष्ठों की एक स्वतः उत्पन्न सूची होती है। जब कोई फ़ाइल पेश की जाती है तो एक हिट उत्पन्न होता है। पृष्ठ को अपने आप में एक फ़ाइल माना जाता है, लेकिन छवियां भी फ़ाइलें हैं, इस प्रकार 5 छवियों वाला पृष्ठ 6 हिट (5 छवियां और वह पृष्ठ) उत्पन्न कर सकता है। एक पेज व्यू तब उत्पन्न होता है जब एक आगंतुक वेब साइट के भीतर किसी भी पृष्ठ का अनुरोध करता है - एक आगंतुक हमेशा कम से कम एक पेज व्यू को उत्पन्न करेगा (मुख्य पृष्ठ) और कई अधिक भी कर सकता है।",2,"[{'subject': {'upos': 'NOUN', 'text': 'आगंतुक', 'id': 24, 'deprel': 'nsubj', 'head': 34}, 'object': {'upos': 'NOUN', 'text': 'व्यू', 'id': 31, 'deprel': 'obj', 'head': 34}, 'verb': {'upos': 'VERB', 'text': 'करेगा', 'id': 34, 'deprel': 'acl:relcl', 'head': 4}}, {'subject': {'upos': 'NOUN', 'text': 'आगंतुक', 'id': 24, 'deprel': 'nsubj', 'head': 34}, 'object': {'upos': 'NOUN', 'text': 'पृष्ठ', 'id': 37, 'deprel': 'obj', 'head': 43}, 'verb': {'upos': 'VERB', 'text': 'कर', 'id': 43, 'deprel': 'conj', 'head': 34}}]","['SOV', 'SOV']"
567,खसरा वायरस आम तौर पर तब संक्रमित होते हैं जब लोग संदूषित वस्तुओं को छूते हैं और फिर अपनी आँखों या नाकों को छूते हैं।,2,"[{'subject': {'upos': 'NOUN', 'text': 'लोग', 'id': 11, 'deprel': 'nsubj', 'head': 15}, 'object': {'upos': 'NOUN', 'text': 'वस्तुओं', 'id': 13, 'deprel': 'obj', 'head': 15}, 'verb': {'upos': 'VERB', 'text': 'छूते', 'id': 15, 'deprel': 'acl:relcl', 'head': 6}}, {'subject': {'upos': 'NOUN', 'text': 'लोग', 'id': 11, 'deprel': 'nsubj', 'head': 15}, 'object': {'upos': 'NOUN', 'text': 'आँखों', 'id': 20, 'deprel': 'obj', 'head': 24}, 'verb': {'upos': 'VERB', 'text': 'छूते', 'id': 24, 'deprel': 'conj', 'head': 15}}]","['SOV', 'SOV']"
611,"हालांकि, सूचना के आधार पर सभी अंतरंगी लेन-देन अवैध नहीं है। उदाहरण के लिए, किसी रेस्तरां में भोजन करते हुए, आपके पास के टेबिल से बैठा हुआ कंपनी A का प्रमुख कार्यकारी अधिकारी (सी ई ओ) को सी एफ ओ (CFO) से यह कहता हुआ आप सुनते हैं कि कंपनी की आय उम्मीद से अधिक होने वाली है और फिर इसके बाद आप उस कंपनी के शेयर (स्टॉक) खरीद लेते हैं, तो आप तबतक अंतरंगी लेन-देन के दोषी नहीं ठहराए जाएंगे जबतक कि आपके और कंपनी, अथवा कंपनी के किसी अधिकारी के बीच नजदीकी संपर्क न हुआ हो।",2,"[{'subject': {'upos': 'PRON', 'text': 'आप', 'id': 41, 'deprel': 'nsubj', 'head': 42}, 'verb': {'upos': 'VERB', 'text': 'सुनते', 'id': 42, 'deprel': 'root', 'head': 0}, 'object': {'upos': 'VERB', 'text': 'होने', 'id': 51, 'deprel': 'obj', 'head': 42}}, {'subject': {'upos': 'PRON', 'text': 'आप', 'id': 58, 'deprel': 'nsubj', 'head': 66}, 'object': {'upos': 'NOUN', 'text': 'शेयर', 'id': 62, 'deprel': 'obj', 'head': 66}, 'verb': {'upos': 'VERB', 'text': 'खरीद', 'id': 66, 'deprel': 'advcl', 'head': 78}}]","['SVO', 'SOV']"
724,कृष्णा अपनी शक्तियों को कभी उजागर नहीं करेगा और अपनी दादी से वादा करता है कि वो सिंगापुर जाने की इजाजत दे देती है।,2,"[{'subject': {'upos': 'PROPN', 'text': 'कृष्णा', 'id': 1, 'deprel': 'nsubj', 'head': 8}, 'object': {'upos': 'NOUN', 'text': 'शक्तियों', 'id': 3, 'deprel': 'obj', 'head': 8}, 'verb': {'upos': 'VERB', 'text': 'करेगा', 'id': 8, 'deprel': 'root', 'head': 0}}, {'subject': {'upos': 'PROPN', 'text': 'कृष्णा', 'id': 1, 'deprel': 'nsubj', 'head': 8}, 'verb': {'upos': 'VERB', 'text': 'करता', 'id': 14, 'deprel': 'conj', 'head': 8}, 'object': {'upos': 'VERB', 'text': 'दे', 'id': 22, 'deprel': 'obj', 'head': 14}}]","['SOV', 'SVO']"
742,बैंड के असली इरादे की तरह एल्बम को एक डिब्बे के सेट के रूप में रिलीज़ नहीं किया गया क्योंकि बैंड ने वह योजना रद्द कर दी और सर्वश्रेष्ठ गीतों का एल्बम जारी किया.,2,"[{'subject': {'upos': 'NOUN', 'text': 'बैंड', 'id': 21, 'deprel': 'nsubj', 'head': 26}, 'object': {'upos': 'NOUN', 'text': 'योजना', 'id': 24, 'deprel': 'obj', 'head': 26}, 'verb': {'upos': 'VERB', 'text': 'कर', 'id': 26, 'deprel': 'advcl', 'head': 18}}, {'subject': {'upos': 'NOUN', 'text': 'बैंड', 'id': 21, 'deprel': 'nsubj', 'head': 26}, 'object': {'upos': 'NOUN', 'text': 'एल्बम', 'id': 32, 'deprel': 'obj', 'head': 34}, 'verb': {'upos': 'VERB', 'text': 'किया', 'id': 34, 'deprel': 'conj', 'head': 26}}]","['SOV', 'SOV']"
831,चग़ताई भाषा के सबसे करीबी संबंध उज़बेक भाषा और उइग़ुर भाषा से हैं। उज़बेक लोग चग़ताई को अपनी भाषा की पूर्वजा मानते हैं और उसे अपनी धरोहर का एक अहम भाग भी मानते हैं।,2,"[{'subject': {'upos': 'NOUN', 'text': 'लोग', 'id': 2, 'deprel': 'nsubj', 'head': 9}, 'object': {'upos': 'PROPN', 'text': 'चग़ताई', 'id': 3, 'deprel': 'obj', 'head': 9}, 'verb': {'upos': 'VERB', 'text': 'मानते', 'id': 9, 'deprel': 'root', 'head': 0}}, {'subject': {'upos': 'NOUN', 'text': 'लोग', 'id': 2, 'deprel': 'nsubj', 'head': 9}, 'object': {'upos': 'PRON', 'text': 'उसे', 'id': 12, 'deprel': 'obj', 'head': 20}, 'verb': {'upos': 'VERB', 'text': 'मानते', 'id': 20, 'deprel': 'conj', 'head': 9}}]","['SOV', 'SOV']"
1038,"जब किसी व्यक्ति का स्वास्थ्य उत्कृष्ट होता है तो आमतौर पर उसके पास आभार का भाव होता है। सिसरो के अनुसार, आभार केवल सबसे बड़ा गुण ही नहीं है, बल्कि अन्य सभी का उत्पादक है। सकारात्मक मनोविज्ञान आंदोलन ने इन अध्ययनों को स्वीकार कर लिया है और एक समग्र कल्याण को बढ़ाने के प्रयास में आभार अभ्यासों को शामिल करने के लिए प्रयास करने शुरू कर दिए है।",2,"[{'subject': {'upos': 'NOUN', 'text': 'आंदोलन', 'id': 3, 'deprel': 'nsubj', 'head': 9}, 'object': {'upos': 'NOUN', 'text': 'अध्ययनों', 'id': 6, 'deprel': 'obj', 'head': 9}, 'verb': {'upos': 'VERB', 'text': 'कर', 'id': 9, 'deprel': 'root', 'head': 0}}, {'subject': {'upos': 'NOUN', 'text': 'आंदोलन', 'id': 3, 'deprel': 'nsubj', 'head': 9}, 'object': {'upos': 'VERB', 'text': 'करने', 'id': 29, 'deprel': 'obj', 'head': 31}, 'verb': {'upos': 'VERB', 'text': 'कर', 'id': 31, 'deprel': 'conj', 'head': 9}}]","['SOV', 'SOV']"
1137,"ड्रีม थियेटर्स के तीसरे स्टूडियो एल्बम, अवेक को 4 अक्टूबर 1994 को प्रशंसकों के बीच विवाद के दौरान जारी किया गया। एल्बम के बाद, मूर ने बाकी बैंड से कहा कि वह और अधिक टूर करने का इच्छुक नहीं है और न ही उसकी संगीत की उस शैली में कोई रूचि है जिसे ड्रीम थियेटर प्रस्तुत करता है और इसलिए वह ड्रीम थियेटर को छोड़कर संगीत में अपनी व्यक्तिगत रूचि पर ध्यान केंद्रित करेगा।",2,"[{'subject': {'upos': 'PROPN', 'text': 'मूर', 'id': 5, 'deprel': 'nsubj', 'head': 10}, 'verb': {'upos': 'VERB', 'text': 'कहा', 'id': 10, 'deprel': 'root', 'head': 0}, 'object': {'upos': 'ADJ', 'text': 'इच्छुक', 'id': 18, 'deprel': 'obj', 'head': 10}}, {'subject': {'upos': 'PRON', 'text': 'वह', 'id': 41, 'deprel': 'nsubj', 'head': 54}, 'object': {'upos': 'NOUN', 'text': 'ध्यान', 'id': 52, 'deprel': 'obj', 'head': 54}, 'verb': {'upos': 'VERB', 'text': 'करेगा', 'id': 54, 'deprel': 'conj', 'head': 37}}]","['SVO', 'SOV']"
1157,"धन प्रबंधन का उद्देश्य विश्व स्तर पर धनी व्यक्तियों और परिवारों को सुविधाएं प्रदान करना है, जिससे वे अपने धन का प्रबंधन कर सकें और अपने लक्ष्यों को प्राप्त कर सकें।",2,"[{'subject': {'upos': 'NOUN', 'text': 'उद्देश्य', 'id': 4, 'deprel': 'nsubj', 'head': 15}, 'object': {'upos': 'NOUN', 'text': 'सुविधाएं', 'id': 13, 'deprel': 'obj', 'head': 15}, 'verb': {'upos': 'VERB', 'text': 'करना', 'id': 15, 'deprel': 'root', 'head': 0}}, {'subject': {'upos': 'PRON', 'text': 'वे', 'id': 19, 'deprel': 'nsubj', 'head': 24}, 'object': {'upos': 'NOUN', 'text': 'लक्ष्यों', 'id': 28, 'deprel': 'obj', 'head': 31}, 'verb': {'upos': 'VERB', 'text': 'कर', 'id': 31, 'deprel': 'conj', 'head': 24}}]","['SOV', 'SOV']"
1174,"रीनहार्ड सेल्टन ने उपखेल पूर्ण संतुलनों (subgame perfect equilibria) की अपनी समाधान अवधारणा प्रस्तुत की, जिसने नैश संतुलन को और अधिक परिष्कृत किया था।",2,"[{'subject': {'upos': 'PROPN', 'text': 'सेल्टन', 'id': 2, 'deprel': 'nsubj', 'head': 18}, 'object': {'upos': 'NOUN', 'text': 'उपखेल', 'id': 4, 'deprel': 'obj', 'head': 18}, 'verb': {'upos': 'VERB', 'text': 'की', 'id': 18, 'deprel': 'root', 'head': 0}}, {'subject': {'upos': 'PRON', 'text': 'जिसने', 'id': 20, 'deprel': 'nsubj', 'head': 27}, 'object': {'upos': 'NOUN', 'text': 'संतुलन', 'id': 22, 'deprel': 'obj', 'head': 27}, 'verb': {'upos': 'VERB', 'text': 'किया', 'id': 27, 'deprel': 'acl:relcl', 'head': 16}}]","['SOV', 'SOV']"
1217,"जीप के सैन्य पदनाम ने ""जीप"" शब्द को जन्म दिया और यह माना जाता है कि वाहन ने ""जीपी"" पदनाम को अपनाया (""सरकारी प्रयोजनों"" या ""सामान्य उद्देश्यों"" के लिए), जिसे ध्वन्यात्मक रूप से बिगाड़कर जीप शब्द में तब्दील कर दिया गया।",2,"[{'subject': {'upos': 'NOUN', 'text': 'पदनाम', 'id': 4, 'deprel': 'nsubj', 'head': 12}, 'object': {'upos': 'PROPN', 'text': 'शब्द', 'id': 9, 'deprel': 'obj', 'head': 12}, 'verb': {'upos': 'VERB', 'text': 'दिया', 'id': 12, 'deprel': 'root', 'head': 0}}, {'subject': {'upos': 'NOUN', 'text': 'पदनाम', 'id': 4, 'deprel': 'nsubj', 'head': 12}, 'object': {'upos': 'PRON', 'text': 'यह', 'id': 14, 'deprel': 'obj', 'head': 15}, 'verb': {'upos': 'VERB', 'text': 'माना', 'id': 15, 'deprel': 'conj', 'head': 12}}]","['SOV', 'SOV']"
1264,"सारांश तैयार करने के बाद, निर्माता लेखक के साथ मिलकर कहानी का सारांश तैयार करता है। इसके बाद, वे एक स्टेप आउटलाइन तैयार करते हैं, जो पूरी कहानी को एक-अनुच्छेद के दृश्यों में विभाजित कर देता है, जिसका पूरा ध्यान नाटकीय संरचना पर होता है।",2,"[{'subject': {'upos': 'PRON', 'text': 'वे', 'id': 4, 'deprel': 'nsubj', 'head': 9}, 'object': {'upos': 'NOUN', 'text': 'आउटलाइन', 'id': 7, 'deprel': 'obj', 'head': 9}, 'verb': {'upos': 'VERB', 'text': 'करते', 'id': 9, 'deprel': 'root', 'head': 0}}, {'subject': {'upos': 'PRON', 'text': 'जो', 'id': 12, 'deprel': 'nsubj', 'head': 21}, 'object': {'upos': 'NOUN', 'text': 'कहानी', 'id': 14, 'deprel': 'obj', 'head': 21}, 'verb': {'upos': 'VERB', 'text': 'कर', 'id': 21, 'deprel': 'acl:relcl', 'head': 7}}]","['SOV', 'SOV']"
1395,"अब्दुलावित ने इंटीरियर को सजाया और काटाफैलस की लकड़ी की नक्काशी का प्रदर्शन किया, लेकिन अब्दुलावित के अंतिम संस्कार के ढांचे की लकड़ियाँ नहीं तराशी गईं।",2,"[{'subject': {'upos': 'PROPN', 'text': 'अब्दुलावित', 'id': 1, 'deprel': 'nsubj', 'head': 5}, 'object': {'upos': 'NOUN', 'text': 'इंटीरियर', 'id': 3, 'deprel': 'obj', 'head': 5}, 'verb': {'upos': 'VERB', 'text': 'सजाया', 'id': 5, 'deprel': 'root', 'head': 0}}, {'subject': {'upos': 'PROPN', 'text': 'अब्दुलावित', 'id': 1, 'deprel': 'nsubj', 'head': 5}, 'object': {'upos': 'NOUN', 'text': 'लकड़ियाँ', 'id': 24, 'deprel': 'obj', 'head': 26}, 'verb': {'upos': 'VERB', 'text': 'तराशी', 'id': 26, 'deprel': 'conj', 'head': 14}}]","['SOV', 'SOV']"
1398,"बवासीर के सटीक कारण अज्ञात हैं, फिर भी कई सारे ऐसे कारक हैं जो अंतर-उदर दबाव को बढ़ावा देते हैं- विशेष रूप से कब्ज़ और जिनको इसके विकास में एक भूमिका निभाते पाया जाता है।",2,"[{'subject': {'upos': 'PRON', 'text': 'जो', 'id': 15, 'deprel': 'nsubj', 'head': 20}, 'object': {'upos': 'NOUN', 'text': 'दबाव', 'id': 17, 'deprel': 'obj', 'head': 20}, 'verb': {'upos': 'VERB', 'text': 'देते', 'id': 20, 'deprel': 'acl:relcl', 'head': 13}}, {'subject': {'upos': 'PRON', 'text': 'जो', 'id': 15, 'deprel': 'nsubj', 'head': 20}, 'object': {'upos': 'NOUN', 'text': 'कब्ज़', 'id': 25, 'deprel': 'obj', 'head': 34}, 'verb': {'upos': 'VERB', 'text': 'पाया', 'id': 34, 'deprel': 'conj', 'head': 20}}]","['SOV', 'SOV']"
1470,"डॉकिन्स की पुष्टि के बाद, उन्होंने अपने धार्मिक विश्वास के शेष भाग में हार गए। उन्होंने कहा कि विज्ञान और विकास प्रक्रियाओं की उनकी समझ ने उन्हें यह सवाल करने के लिए प्रेरित किया कि कैसे एक सभ्य विश्व में नेतृत्व के पदों में वयस्कों को अभी भी जीव विज्ञान में अशिक्षित किया जा सकता है, और इस बात से हैरान है कि ईश्वर में विश्वास कितने व्यक्तियों में परिष्कृत है विज्ञान में।",2,"[{'subject': {'upos': 'PRON', 'text': 'उन्होंने', 'id': 1, 'deprel': 'nsubj', 'head': 2}, 'verb': {'upos': 'VERB', 'text': 'कहा', 'id': 2, 'deprel': 'root', 'head': 0}, 'object': {'upos': 'VERB', 'text': 'किया', 'id': 19, 'deprel': 'obj', 'head': 2}}, {'subject': {'upos': 'NOUN', 'text': 'समझ', 'id': 10, 'deprel': 'nsubj', 'head': 19}, 'verb': {'upos': 'VERB', 'text': 'किया', 'id': 19, 'deprel': 'obj', 'head': 2}, 'object': {'upos': 'VERB', 'text': 'किया', 'id': 38, 'deprel': 'obj', 'head': 19}}]","['SVO', 'SVO']"
1525,"गंभीर धावक अक्सर जॉगिंग का उपयोग एक सक्रिय रिकवरी के रूप में करते हैं, जिसका अर्थ है कि वह धावक जिसने उप-5-मिनट मिल की गति से तेज 400 मीटर की पुनरावृत्ति को पूरा किया है, वह वह रिकवरी लेप के लिए 8-मिनट मील की गति को छोड़ सकता है।",2,"[{'subject': {'upos': 'NOUN', 'text': 'धावक', 'id': 21, 'deprel': 'nsubj', 'head': 35}, 'object': {'upos': 'NOUN', 'text': 'पुनरावृत्ति', 'id': 32, 'deprel': 'obj', 'head': 35}, 'verb': {'upos': 'VERB', 'text': 'किया', 'id': 35, 'deprel': 'acl:relcl', 'head': 38}}, {'subject': {'upos': 'PRON', 'text': 'वह', 'id': 38, 'deprel': 'nsubj', 'head': 49}, 'object': {'upos': 'NOUN', 'text': 'गति', 'id': 47, 'deprel': 'obj', 'head': 49}, 'verb': {'upos': 'VERB', 'text': 'छोड़', 'id': 49, 'deprel': 'acl', 'head': 17}}]","['SOV', 'SOV']"
1561,सेण्ट थॉमस एक्विनास ने पेरिस में शिक्षा ग्रहण की और वहाँ पर उसने आध्यात्मिक नेता अल्बर्ट महान के चरणों में बैठकर धार्मिक शिक्षा ग्रहण की।,2,"[{'subject': {'upos': 'PROPN', 'text': 'एक्विनास', 'id': 3, 'deprel': 'nsubj', 'head': 9}, 'object': {'upos': 'NOUN', 'text': 'शिक्षा', 'id': 7, 'deprel': 'obj', 'head': 9}, 'verb': {'upos': 'VERB', 'text': 'की', 'id': 9, 'deprel': 'root', 'head': 0}}, {'subject': {'upos': 'PRON', 'text': 'उसने', 'id': 13, 'deprel': 'nsubj', 'head': 25}, 'object': {'upos': 'NOUN', 'text': 'शिक्षा', 'id': 23, 'deprel': 'obj', 'head': 25}, 'verb': {'upos': 'VERB', 'text': 'की', 'id': 25, 'deprel': 'conj', 'head': 9}}]","['SOV', 'SOV']"
1567,"एचआरएस पेंशन के क्षेत्र में काम करता है, इसलिए वह पेंशन के संबंध में अधिक ध्यान केंद्रित करता है।",2,"[{'subject': {'upos': 'PROPN', 'text': 'एचआरएस', 'id': 1, 'deprel': 'nsubj', 'head': 7}, 'object': {'upos': 'NOUN', 'text': 'काम', 'id': 6, 'deprel': 'obj', 'head': 7}, 'verb': {'upos': 'VERB', 'text': 'करता', 'id': 7, 'deprel': 'acl:relcl', 'head': 10}}, {'subject': {'upos': 'PRON', 'text': 'वह', 'id': 11, 'deprel': 'nsubj', 'head': 19}, 'object': {'upos': 'NOUN', 'text': 'ध्यान', 'id': 17, 'deprel': 'obj', 'head': 19}, 'verb': {'upos': 'VERB', 'text': 'करता', 'id': 19, 'deprel': 'root', 'head': 0}}]","['SOV', 'SOV']"
1586,"टोनी हिन्कल ने एक नारंगी गेंद पेश की जो अब आम उपयोग में है, क्योंकि खिलाड़ियों और दर्शकों को समान दोनों को स्पष्ट रूप से दिखाई दे।",2,"[{'subject': {'upos': 'PROPN', 'text': 'हिन्कल', 'id': 2, 'deprel': 'nsubj', 'head': 8}, 'object': {'upos': 'NOUN', 'text': 'गेंद', 'id': 6, 'deprel': 'obj', 'head': 8}, 'verb': {'upos': 'VERB', 'text': 'की', 'id': 8, 'deprel': 'root', 'head': 0}}, {'subject': {'upos': 'NOUN', 'text': 'खिलाड़ियों', 'id': 17, 'deprel': 'nsubj', 'head': 27}, 'object': {'upos': 'NOUN', 'text': 'दोनों', 'id': 22, 'deprel': 'obj', 'head': 27}, 'verb': {'upos': 'VERB', 'text': 'दिखाई', 'id': 27, 'deprel': 'advcl', 'head': 12}}]","['SOV', 'SOV']"
1598,"जब देश अपनी सूची तैयार करते हैं, तो उन्हें अपनी स्थानीय आवश्यकताओं को ध्यान में रखना चाहिए और विश्व स्वास्थ्य संगठन की मॉडल प्रादर्श सूची की मदद लेनी चाहिए।",2,"[{'subject': {'upos': 'NOUN', 'text': 'देश', 'id': 2, 'deprel': 'nsubj', 'head': 6}, 'object': {'upos': 'NOUN', 'text': 'सूची', 'id': 4, 'deprel': 'obj', 'head': 6}, 'verb': {'upos': 'VERB', 'text': 'करते', 'id': 6, 'deprel': 'acl:relcl', 'head': 9}}, {'subject': {'upos': 'PRON', 'text': 'उन्हें', 'id': 10, 'deprel': 'nsubj', 'head': 17}, 'object': {'upos': 'NOUN', 'text': 'आवश्यकताओं', 'id': 13, 'deprel': 'obj', 'head': 17}, 'verb': {'upos': 'VERB', 'text': 'रखना', 'id': 17, 'deprel': 'root', 'head': 0}}]","['SOV', 'SOV']"
1625,प्लाज्मा चादर के भीतर इलेक्ट्रोन एक शक्तिशाली रेडियो तरंग उत्पन्न करते है जो ०.६ -०.३ मेगा हर्ट्ज़ परास का विस्फोट पैदा करता है।,2,"[{'subject': {'upos': 'NOUN', 'text': 'इलेक्ट्रोन', 'id': 5, 'deprel': 'nsubj', 'head': 11}, 'object': {'upos': 'NOUN', 'text': 'तरंग', 'id': 9, 'deprel': 'obj', 'head': 11}, 'verb': {'upos': 'VERB', 'text': 'करते', 'id': 11, 'deprel': 'root', 'head': 0}}, {'subject': {'upos': 'PRON', 'text': 'जो', 'id': 13, 'deprel': 'nsubj', 'head': 22}, 'object': {'upos': 'NOUN', 'text': 'विस्फोट', 'id': 20, 'deprel': 'obj', 'head': 22}, 'verb': {'upos': 'VERB', 'text': 'करता', 'id': 22, 'deprel': 'acl:relcl', 'head': 9}}]","['SOV', 'SOV']"
1671,ट्रैविस ने बिकल से दोबारा मुलाकात की और उसे काम पर रखा।,2,"[{'subject': {'upos': 'PROPN', 'text': 'ट्रैविस', 'id': 1, 'deprel': 'nsubj', 'head': 7}, 'object': {'upos': 'PROPN', 'text': 'बिकल', 'id': 3, 'deprel': 'obj', 'head': 7}, 'verb': {'upos': 'VERB', 'text': 'की', 'id': 7, 'deprel': 'root', 'head': 0}}, {'subject': {'upos': 'PROPN', 'text': 'ट्रैविस', 'id': 1, 'deprel': 'nsubj', 'head': 7}, 'object': {'upos': 'PRON', 'text': 'उसे', 'id': 9, 'deprel': 'obj', 'head': 12}, 'verb': {'upos': 'VERB', 'text': 'रखा', 'id': 12, 'deprel': 'conj', 'head': 7}}]","['SOV', 'SOV']"
1719,"एमएस आम तौर पर महिलाओं को लक्षित करता है, लेकिन बच्चों में लिंग अनुपात का अंतर उच्च होता है, जबकि पचास से वर्ष कि उम्र के लोगों में, एम्एस पुरुषों और महिलाओं को सामान रूप से प्रभावित करता है।",2,"[{'subject': {'upos': 'PROPN', 'text': 'एमएस', 'id': 1, 'deprel': 'nsubj', 'head': 8}, 'object': {'upos': 'NOUN', 'text': 'महिलाओं', 'id': 5, 'deprel': 'obj', 'head': 8}, 'verb': {'upos': 'VERB', 'text': 'करता', 'id': 8, 'deprel': 'root', 'head': 0}}, {'subject': {'upos': 'PROPN', 'text': 'एम्एस', 'id': 32, 'deprel': 'nsubj', 'head': 41}, 'object': {'upos': 'NOUN', 'text': 'पुरुषों', 'id': 33, 'deprel': 'obj', 'head': 41}, 'verb': {'upos': 'VERB', 'text': 'करता', 'id': 41, 'deprel': 'conj', 'head': 19}}]","['SOV', 'SOV']"
1736,जापानी स्कूली बच्चों से उम्मीद की जाती है कि वे बुनियादी १००६ कानजी अक्षर (क्योइकु कानजी) कक्षा ६ तक सीखना पड़ता है और नवीं कक्षा तक सभी २१३६ जोयो कानजी सीखने पड़ते हैं।,2,"[{'subject': {'upos': 'PRON', 'text': 'वे', 'id': 10, 'deprel': 'nsubj', 'head': 22}, 'object': {'upos': 'NOUN', 'text': 'अक्षर', 'id': 14, 'deprel': 'obj', 'head': 22}, 'verb': {'upos': 'VERB', 'text': 'सीखना', 'id': 22, 'deprel': 'obj', 'head': 6}}, {'subject': {'upos': 'PRON', 'text': 'वे', 'id': 10, 'deprel': 'nsubj', 'head': 22}, 'object': {'upos': 'PROPN', 'text': 'कानजी', 'id': 32, 'deprel': 'obj', 'head': 33}, 'verb': {'upos': 'VERB', 'text': 'सीखने', 'id': 33, 'deprel': 'conj', 'head': 22}}]","['SOV', 'SOV']"
1818,"जब एक पारी को घोषित कर दिया जाता है, तो आवश्यकता का एक उदाहरण है कि सभी बल्लेबाजों के आउट हो जाने के बाद पारी समाप्त हो जाती है या कोई अन्य बल्लेबाज खेलने के लिए फिट नहीं होता है तो पारी घोषित कर दी जाती है या बल्लेबाजी कप्तान द्वारा इसका अधिकार खो दिया जाता है या जब कोई सहमत समय या ओवर की सीमा पूरी हो जाती है।",2,"[{'subject': {'upos': 'NOUN', 'text': 'बल्लेबाज', 'id': 34, 'deprel': 'nsubj', 'head': 40}, 'object': {'upos': 'NOUN', 'text': 'पारी', 'id': 43, 'deprel': 'obj', 'head': 45}, 'verb': {'upos': 'VERB', 'text': 'कर', 'id': 45, 'deprel': 'conj', 'head': 28}}, {'subject': {'upos': 'NOUN', 'text': 'कप्तान', 'id': 51, 'deprel': 'nsubj:pass', 'head': 55}, 'object': {'upos': 'NOUN', 'text': 'अधिकार', 'id': 54, 'deprel': 'obj', 'head': 55}, 'verb': {'upos': 'VERB', 'text': 'खो', 'id': 55, 'deprel': 'conj', 'head': 45}}]","['SOV', 'SOV']"
1826,"- विन्सेन्ट ने ""मिक फ्यूरी"" नाम का सुझाव दिया मगर यह भी मना कर दिया गया और बाद में सीमन्स ने सुझाव दिया कि नाम बदल कर विनी विन्सेन्ट रख दें।",2,"[{'subject': {'upos': 'PROPN', 'text': 'विन्सेन्ट', 'id': 2, 'deprel': 'nsubj', 'head': 11}, 'object': {'upos': 'PRON', 'text': 'यह', 'id': 13, 'deprel': 'obj', 'head': 16}, 'verb': {'upos': 'VERB', 'text': 'कर', 'id': 16, 'deprel': 'conj', 'head': 11}}, {'subject': {'upos': 'PROPN', 'text': 'सीमन्स', 'id': 22, 'deprel': 'nsubj', 'head': 25}, 'verb': {'upos': 'VERB', 'text': 'दिया', 'id': 25, 'deprel': 'conj', 'head': 16}, 'object': {'upos': 'VERB', 'text': 'रख', 'id': 32, 'deprel': 'obj', 'head': 25}}]","['SOV', 'SVO']"
1872,प्रत्येक प्रांत ने क़िंग से अपनी स्वतंत्रता घोषित की और उन्होंने अपने स्वयं की सैन्य मुद्रा जारी की।,2,"[{'subject': {'upos': 'NOUN', 'text': 'प्रांत', 'id': 2, 'deprel': 'nsubj', 'head': 9}, 'object': {'upos': 'NOUN', 'text': 'स्वतंत्रता', 'id': 7, 'deprel': 'obj', 'head': 9}, 'verb': {'upos': 'VERB', 'text': 'की', 'id': 9, 'deprel': 'root', 'head': 0}}, {'subject': {'upos': 'PRON', 'text': 'उन्होंने', 'id': 11, 'deprel': 'nsubj', 'head': 18}, 'object': {'upos': 'NOUN', 'text': 'मुद्रा', 'id': 16, 'deprel': 'obj', 'head': 18}, 'verb': {'upos': 'VERB', 'text': 'की', 'id': 18, 'deprel': 'conj', 'head': 9}}]","['SOV', 'SOV']"
1930,"स्टॉलमैन ने सॉफ्टवेयर पेटेंट्स, डिजिटल राइट्स और दूसरे टेक्निकल लीगल सिस्टम्स जो यूजर से उनकी आज़ादी छीनते हैं, उनके विरुद्ध आंदोलन चलाया है।",2,"[{'object': {'upos': 'NOUN', 'text': 'पेटेंट्स', 'id': 4, 'deprel': 'obj', 'head': 18}, 'subject': {'upos': 'PRON', 'text': 'जो', 'id': 13, 'deprel': 'nsubj', 'head': 18}, 'verb': {'upos': 'VERB', 'text': 'छीनते', 'id': 18, 'deprel': 'acl:relcl', 'head': 21}}, {'subject': {'upos': 'PROPN', 'text': 'स्टॉलमैन', 'id': 1, 'deprel': 'nsubj', 'head': 24}, 'object': {'upos': 'NOUN', 'text': 'आंदोलन', 'id': 23, 'deprel': 'obj', 'head': 24}, 'verb': {'upos': 'VERB', 'text': 'चलाया', 'id': 24, 'deprel': 'root', 'head': 0}}]","['OSV', 'SOV']"
10,"जनवरी सन् 2006 में अंतरिक्ष इतिहासकार ड्वेन ए.डे ने द स्पेस रिव्यू नामक एक ऑनलाइन एयरोस्पेस पत्रिका में ""एस्ट्रौनॉट्स एंड एरिया 51: द स्काईलैब इन्सीडेंट"" नामक लेख प्रकाशित किया था।",1,"[{'subject': {'upos': 'PROPN', 'text': 'ए.डे', 'id': 8, 'deprel': 'nsubj', 'head': 31}, 'object': {'upos': 'NOUN', 'text': 'लेख', 'id': 29, 'deprel': 'obj', 'head': 31}, 'verb': {'upos': 'VERB', 'text': 'किया', 'id': 31, 'deprel': 'root', 'head': 0}}]",['SOV']
14,राउटर के विभिन्न कतार उपयोग करने का मुख्य उद्देश्य है पैकेटों को उनके द्वारा अपेक्षित सेवा के प्रकार के अनुसार निष्पादन को अपेक्षाओं के अनुरूप बनाना है।,1,"[{'subject': {'upos': 'NOUN', 'text': 'पैकेटों', 'id': 11, 'deprel': 'nsubj', 'head': 26}, 'object': {'upos': 'NOUN', 'text': 'निष्पादन', 'id': 21, 'deprel': 'obj', 'head': 26}, 'verb': {'upos': 'VERB', 'text': 'बनाना', 'id': 26, 'deprel': 'acl:relcl', 'head': 9}}]",['SOV']
17,क्यूओएस अनुप्रयोगों के लिए दो चीजों का ठीक से काम करना आवश्यक है: स्थिर बिट-दर और कम प्रसुप्ति काल।,1,"[{'subject': {'upos': 'VERB', 'text': 'करना', 'id': 11, 'deprel': 'nsubj', 'head': 13}, 'object': {'upos': 'ADJ', 'text': 'आवश्यक', 'id': 12, 'deprel': 'obj', 'head': 13}, 'verb': {'upos': 'VERB', 'text': 'है', 'id': 13, 'deprel': 'root', 'head': 0}}]",['SOV']
23,रौक्स ने 1885 में भ्रूण चिकन के एक अंतस्था प्लेट के एक हिस्से को अलग किया था।,1,"[{'subject': {'upos': 'PROPN', 'text': 'रौक्स', 'id': 1, 'deprel': 'nsubj', 'head': 16}, 'object': {'upos': 'NOUN', 'text': 'हिस्से', 'id': 13, 'deprel': 'obj', 'head': 16}, 'verb': {'upos': 'VERB', 'text': 'किया', 'id': 16, 'deprel': 'root', 'head': 0}}]",['SOV']
27,लेवेस्क ने लॉर्ड स्टीवन रीगल के साथ संक्षिप्त रूप से दल 1994 के अंत और शुरूआती 1995 के बीच बनाया था।,1,"[{'subject': {'upos': 'PROPN', 'text': 'लेवेस्क', 'id': 1, 'deprel': 'nsubj', 'head': 20}, 'object': {'upos': 'NOUN', 'text': 'दल', 'id': 11, 'deprel': 'obj', 'head': 20}, 'verb': {'upos': 'VERB', 'text': 'बनाया', 'id': 20, 'deprel': 'root', 'head': 0}}]",['SOV']
34,हेनरी नॉरिस को यातना देना संभव नहीं था क्योंकि वह एक रईस था और ऐसे लोगों के लिए यातना की संभावना नहीं थी।,1,"[{'subject': {'upos': 'VERB', 'text': 'देना', 'id': 5, 'deprel': 'nsubj', 'head': 8}, 'object': {'upos': 'ADJ', 'text': 'संभव', 'id': 6, 'deprel': 'obj', 'head': 8}, 'verb': {'upos': 'VERB', 'text': 'था', 'id': 8, 'deprel': 'root', 'head': 0}}]",['SOV']
68,राज्य और कोरियाई श्रमिक पार्टी साहित्य और कला के उत्पादन को नियंत्रित करती है।,1,"[{'subject': {'upos': 'NOUN', 'text': 'पार्टी', 'id': 5, 'deprel': 'nsubj', 'head': 13}, 'object': {'upos': 'NOUN', 'text': 'उत्पादन', 'id': 10, 'deprel': 'obj', 'head': 13}, 'verb': {'upos': 'VERB', 'text': 'करती', 'id': 13, 'deprel': 'root', 'head': 0}}]",['SOV']
72,1995 में इजरायल के सैनिकों ने बेतेलहाइम को छोड़ दिया था।,1,"[{'subject': {'upos': 'NOUN', 'text': 'सैनिकों', 'id': 5, 'deprel': 'nsubj', 'head': 9}, 'object': {'upos': 'PROPN', 'text': 'बेतेलहाइम', 'id': 7, 'deprel': 'obj', 'head': 9}, 'verb': {'upos': 'VERB', 'text': 'छोड़', 'id': 9, 'deprel': 'root', 'head': 0}}]",['SOV']
73,"फिलिस्तीनी आतंकवादियों ने चर्च ऑफ द नेटिविटी (Church of the Nativity) में शरण ली थी, जो ईसा के जन्मस्थान पर स्थित है। IDF ने इस जगह को 39 दिनों के लिए घेरा लिया था।",1,"[{'subject': {'upos': 'PROPN', 'text': 'IDF', 'id': 1, 'deprel': 'nsubj', 'head': 10}, 'object': {'upos': 'NOUN', 'text': 'जगह', 'id': 4, 'deprel': 'obj', 'head': 10}, 'verb': {'upos': 'VERB', 'text': 'घेरा', 'id': 10, 'deprel': 'root', 'head': 0}}]",['SOV']
79,"केंद्र का लक्ष्य फिलिस्तीनी कशिदाकारी, कला और लोक-साहित्य को संरक्षित रखना व प्रचारित करना है।",1,"[{'subject': {'upos': 'NOUN', 'text': 'लक्ष्य', 'id': 3, 'deprel': 'nsubj', 'head': 12}, 'object': {'upos': 'NOUN', 'text': 'कशिदाकारी', 'id': 5, 'deprel': 'obj', 'head': 12}, 'verb': {'upos': 'VERB', 'text': 'रखना', 'id': 12, 'deprel': 'root', 'head': 0}}]",['SOV']
91,"एयरबस को ""प्रारंभिक सहायता"" और अन्य प्रकार की सरकारी सहायता दिये जाने का बोइंग ने लगातार विरोध किया है, जबकि एयरबस का तर्क है कि बोइंग को सैन्य और अनुसंधान अनुबंधों एवं कर-चोरी के द्वारा अवैध अनुदान प्राप्त होता है। एयरबस को अमरीकी और यूरोपीय सरकारों द्वारा प्रतिपूर्ति प्रारंभ निवेश (RLI) प्रदान किया जाता है, जिसमें धन को ब्याज और अनिश्चितकालीन रॉयल्टी के साथ लौटाया जाता है, लेकिन केवल तभी, जब वायुयान वाणिज्यिक रूप से सफल हुआ है।",1,"[{'object': {'upos': 'NOUN', 'text': 'एयरबस', 'id': 1, 'deprel': 'obj', 'head': 15}, 'subject': {'upos': 'NOUN', 'text': 'सरकारों', 'id': 6, 'deprel': 'nsubj:pass', 'head': 15}, 'verb': {'upos': 'VERB', 'text': 'किया', 'id': 15, 'deprel': 'root', 'head': 0}}]",['OSV']
92,हिंदी में उत्तर: अमरीकी सरकार और स्थानीय राज्य सरकारें बोइंग की आर्थिक सहायता कर रही हैं। NASA के माध्यम से अमरीकी सरकार का प्रौद्योगिकी विकास समर्थन भी बोइंग को प्रदान करता है। साथ ही बोइंग के हालिया उत्पादों में स्थानीय और राज्य सरकारों द्वारा प्रत्यक्ष आर्थिक समर्थन भी प्रदान किया गया है।,1,"[{'subject': {'upos': 'NOUN', 'text': 'सरकारों', 'id': 11, 'deprel': 'nsubj:pass', 'head': 18}, 'object': {'upos': 'NOUN', 'text': 'समर्थन', 'id': 15, 'deprel': 'obj', 'head': 18}, 'verb': {'upos': 'VERB', 'text': 'किया', 'id': 18, 'deprel': 'root', 'head': 0}}]",['SOV']
113,हिंदी में उत्तर: अस्थिर शोधों द्वारा इस संख्या को अतिशयोक्तिपूर्ण ढंग से बढ़ा दिया गया है।,1,"[{'subject': {'upos': 'NOUN', 'text': 'शोधों', 'id': 5, 'deprel': 'nsubj:pass', 'head': 13}, 'object': {'upos': 'NOUN', 'text': 'संख्या', 'id': 8, 'deprel': 'obj', 'head': 13}, 'verb': {'upos': 'VERB', 'text': 'बढ़ा', 'id': 13, 'deprel': 'root', 'head': 0}}]",['SOV']
117,संगठन का उद्देश्य विश्वव्यापी औद्योगिक एवं वाणिज्यिक मानकों को घोषित करना है।,1,"[{'subject': {'upos': 'NOUN', 'text': 'उद्देश्य', 'id': 3, 'deprel': 'nsubj', 'head': 12}, 'object': {'upos': 'VERB', 'text': 'करना', 'id': 11, 'deprel': 'obj', 'head': 12}, 'verb': {'upos': 'VERB', 'text': 'है', 'id': 12, 'deprel': 'root', 'head': 0}}]",['SOV']
120,लालसा के साथ मध्ययुगीन चर्च के रहनुमाओं ने जुनूनी प्रत्याशा एवं सुस्वाद व्यंजनों तथा महंगे भोजनों को पाने और खाने की लगातार ललक बनाए रखना शामिल है।,1,"[{'subject': {'upos': 'NOUN', 'text': 'रहनुमाओं', 'id': 7, 'deprel': 'nsubj', 'head': 27}, 'object': {'upos': 'ADJ', 'text': 'शामिल', 'id': 26, 'deprel': 'obj', 'head': 27}, 'verb': {'upos': 'VERB', 'text': 'है', 'id': 27, 'deprel': 'root', 'head': 0}}]",['SOV']
129,स्क्रीनिंग (Screening) का मतलब है कि रक्त दाताओं का परीक्षण किया जाता है ताकि सुनिश्चित किया जा सके कि वह रक्त दान देने के लिए सुरक्षित हैं।,1,"[{'subject': {'upos': 'PRON', 'text': 'वह', 'id': 22, 'deprel': 'nsubj', 'head': 29}, 'object': {'upos': 'ADJ', 'text': 'सुरक्षित', 'id': 28, 'deprel': 'obj', 'head': 29}, 'verb': {'upos': 'VERB', 'text': 'हैं', 'id': 29, 'deprel': 'ccomp', 'head': 18}}]",['SOV']
148,स्कोडा इंजीनियरों ने एक ऐसे कार को डिज़ाइन किया जिसकी तुलना पाश्चात्य उत्पादन के साथ की जा सकती थी।,1,"[{'subject': {'upos': 'NOUN', 'text': 'इंजीनियरों', 'id': 2, 'deprel': 'nsubj', 'head': 9}, 'object': {'upos': 'NOUN', 'text': 'कार', 'id': 6, 'deprel': 'obj', 'head': 9}, 'verb': {'upos': 'VERB', 'text': 'किया', 'id': 9, 'deprel': 'root', 'head': 0}}]",['SOV']
150,फिल्मफेयर पुरस्कार अंग्रेजी की फ़िल्मफ़ेयर पत्रिका द्वारा हिन्दी फिल्म के विभिन्न क्षेत्रों में सर्वश्रेष्ठ योगदान के लिए प्रतिवर्ष प्रदान किये जाते हैं।,1,"[{'object': {'upos': 'PROPN', 'text': 'पुरस्कार', 'id': 2, 'deprel': 'obj', 'head': 20}, 'subject': {'upos': 'NOUN', 'text': 'पत्रिका', 'id': 6, 'deprel': 'nsubj:pass', 'head': 20}, 'verb': {'upos': 'VERB', 'text': 'किये', 'id': 20, 'deprel': 'root', 'head': 0}}]",['OSV']
154,कुमार ने अपना वक्तव्य फेसबुक पर दिया है।,1,"[{'subject': {'upos': 'PROPN', 'text': 'कुमार', 'id': 1, 'deprel': 'nsubj', 'head': 7}, 'object': {'upos': 'NOUN', 'text': 'वक्तव्य', 'id': 4, 'deprel': 'obj', 'head': 7}, 'verb': {'upos': 'VERB', 'text': 'दिया', 'id': 7, 'deprel': 'root', 'head': 0}}]",['SOV']
155,पैट्रिक ने मुख्य संचालन अधिकारी का पद लिया था।,1,"[{'subject': {'upos': 'PROPN', 'text': 'पैट्रिक', 'id': 1, 'deprel': 'nsubj', 'head': 8}, 'object': {'upos': 'NOUN', 'text': 'पद', 'id': 7, 'deprel': 'obj', 'head': 8}, 'verb': {'upos': 'VERB', 'text': 'लिया', 'id': 8, 'deprel': 'root', 'head': 0}}]",['SOV']
156,जब स्टीवर्ट जेल से रिहा हुई तो उसने एक अत्‍यंत प्रचारित वापसी प्रारंभ की और एक बार फिर मार्था स्‍टीवर्ट लिविंग में सक्रिय हो गई।,1,"[{'subject': {'upos': 'PRON', 'text': 'उसने', 'id': 8, 'deprel': 'nsubj', 'head': 14}, 'object': {'upos': 'NOUN', 'text': 'वापसी', 'id': 12, 'deprel': 'obj', 'head': 14}, 'verb': {'upos': 'VERB', 'text': 'की', 'id': 14, 'deprel': 'root', 'head': 0}}]",['SOV']
157,"मार्था स्टीवर्ट ने मैसी के लिए बेडिंग, बाथ, कुकवेयर और डिनरवेयर जैसे आइटम डिजाइन किए हैं।",1,"[{'subject': {'upos': 'PROPN', 'text': 'स्टीवर्ट', 'id': 2, 'deprel': 'nsubj', 'head': 17}, 'object': {'upos': 'NOUN', 'text': 'आइटम', 'id': 15, 'deprel': 'obj', 'head': 17}, 'verb': {'upos': 'VERB', 'text': 'किए', 'id': 17, 'deprel': 'root', 'head': 0}}]",['SOV']
160,"जब कार्प ने एचटीएमएल सीखा, उनकी उम्र 11 साल थी।",1,"[{'subject': {'upos': 'PROPN', 'text': 'कार्प', 'id': 2, 'deprel': 'nsubj', 'head': 5}, 'object': {'upos': 'PROPN', 'text': 'एचटीएमएल', 'id': 4, 'deprel': 'obj', 'head': 5}, 'verb': {'upos': 'VERB', 'text': 'सीखा', 'id': 5, 'deprel': 'acl:relcl', 'head': 7}}]",['SOV']
167,"क्षयरोग का जोखिम एचआईवी से बढ़ जाता है, जिसके कारण टीबी के सभी मामलों के 13% लोग इस वायरस से संक्रमित हैं। इसके अलावा, फेफड़ों का पुराना रोग, सिलिकोसिस, सिगरेट पीना, मधुमेह, शराब का सेवन, कॉर्टिकॉस्टरॉएड और इनफिलिक्सीमैब जैसी दवायें भी क्षयरोग के जोखिम को बढ़ा सकती हैं।",1,"[{'subject': {'upos': 'NOUN', 'text': 'रोग', 'id': 7, 'deprel': 'nsubj', 'head': 30}, 'object': {'upos': 'NOUN', 'text': 'जोखिम', 'id': 28, 'deprel': 'obj', 'head': 30}, 'verb': {'upos': 'VERB', 'text': 'बढ़ा', 'id': 30, 'deprel': 'root', 'head': 0}}]",['SOV']
168,"सक्रिय टीबी से पीड़ित लोगों के साथ लंबे समय तक और अक्सर, या करीबी संपर्क वाले लोगों में संक्रमित होने का विशेष जोखिम होता है, जिसकी संक्रमण दर 22% तक है। सक्रिय लेकिन इलाज नहीं किये गये तपेदिक से पीड़ित व्यक्ति प्रति वर्ष 10-15 (या अधिक) लोगों को संक्रमित कर सकता है।",1,"[{'subject': {'upos': 'NOUN', 'text': 'व्यक्ति', 'id': 10, 'deprel': 'nsubj', 'head': 21}, 'object': {'upos': 'NOUN', 'text': 'लोगों', 'id': 18, 'deprel': 'obj', 'head': 21}, 'verb': {'upos': 'VERB', 'text': 'कर', 'id': 21, 'deprel': 'root', 'head': 0}}]",['SOV']
172,"जब एक व्यक्ति पूरी तरह से अतिसंवेदनशील एमटीबी के साथ है और दवा लेने में विफल रहता है, तो वह द्वितीयक (अधिग्रहीत) प्रतिरोध विकसित कर सकता है।",1,"[{'subject': {'upos': 'PRON', 'text': 'वह', 'id': 21, 'deprel': 'nsubj', 'head': 28}, 'object': {'upos': 'NOUN', 'text': 'प्रतिरोध', 'id': 26, 'deprel': 'obj', 'head': 28}, 'verb': {'upos': 'VERB', 'text': 'कर', 'id': 28, 'deprel': 'root', 'head': 0}}]",['SOV']
175,अफ्रीका में टीबी किशोरों और युवा वयस्कों को प्रभावित करता है।,1,"[{'subject': {'upos': 'PROPN', 'text': 'टीबी', 'id': 3, 'deprel': 'nsubj', 'head': 10}, 'object': {'upos': 'NOUN', 'text': 'किशोरों', 'id': 4, 'deprel': 'obj', 'head': 10}, 'verb': {'upos': 'VERB', 'text': 'करता', 'id': 10, 'deprel': 'root', 'head': 0}}]",['SOV']
178,न्यूज़ीलैंड का प्रयास अपेक्षाकृत सफल रहा है कि माइकोबैक्टीरियम बोविस द्वारा होने वाले वोबाइन तपेदिक को समाप्त किया जा सके।,1,"[{'subject': {'upos': 'NOUN', 'text': 'प्रयास', 'id': 3, 'deprel': 'nsubj', 'head': 6}, 'verb': {'upos': 'VERB', 'text': 'रहा', 'id': 6, 'deprel': 'root', 'head': 0}, 'object': {'upos': 'VERB', 'text': 'किया', 'id': 18, 'deprel': 'obj', 'head': 6}}]",['SVO']
180,दर्शकों द्वारा बिल गेट्स के लिए प्रशंसा प्रदान कर रहे थे।,1,"[{'subject': {'upos': 'NOUN', 'text': 'दर्शकों', 'id': 1, 'deprel': 'nsubj', 'head': 9}, 'object': {'upos': 'NOUN', 'text': 'प्रशंसा', 'id': 7, 'deprel': 'obj', 'head': 9}, 'verb': {'upos': 'VERB', 'text': 'कर', 'id': 9, 'deprel': 'root', 'head': 0}}]",['SOV']
186,"दोषों को सूचित किया जाता है एक ऐसा ईकाई परीक्षण लिखकर, जो यह साबित करता है कि कोड का विशिष्ट भाग टूट जाएगा.",1,"[{'subject': {'upos': 'PRON', 'text': 'जो', 'id': 13, 'deprel': 'nsubj', 'head': 16}, 'object': {'upos': 'PRON', 'text': 'यह', 'id': 14, 'deprel': 'obj', 'head': 16}, 'verb': {'upos': 'VERB', 'text': 'करता', 'id': 16, 'deprel': 'acl:relcl', 'head': 10}}]",['SOV']
187,सिद्धांतों का अभिप्राय एक सिस्टम विकास परियोजना में निर्णयों को प्रोत्साहित करना होता है।,1,"[{'subject': {'upos': 'NOUN', 'text': 'अभिप्राय', 'id': 3, 'deprel': 'nsubj', 'head': 12}, 'object': {'upos': 'NOUN', 'text': 'निर्णयों', 'id': 9, 'deprel': 'obj', 'head': 12}, 'verb': {'upos': 'VERB', 'text': 'करना', 'id': 12, 'deprel': 'root', 'head': 0}}]",['SOV']
190,"मेरे पास आपके प्रश्न का उत्तर नहीं है। लेकिन मैं आपको बता सकता हूँ कि सुनहरे चावल के मानवीय उपयोग के लिए कोई शुल्क नहीं है और किसानों को बीज रखने और दुबारा रोपने की अनुमति है। लेकिन वाणिज्यिक उपयोग के लिए सिंजेन्टा को कोई रॉयल्टी नहीं देनी पड़ती है, जब तक कि किसान या सुनहले चावल जेनेटिक्स का अनुवर्ती प्रयोक्ता प्रति वर्ष $10 000 से ज्यादा नहीं कमा लेता है।",1,"[{'subject': {'upos': 'PROPN', 'text': 'सिंजेन्टा', 'id': 6, 'deprel': 'nsubj', 'head': 11}, 'object': {'upos': 'NOUN', 'text': 'रॉयल्टी', 'id': 9, 'deprel': 'obj', 'head': 11}, 'verb': {'upos': 'VERB', 'text': 'देनी', 'id': 11, 'deprel': 'root', 'head': 0}}]",['SOV']
191,"जब तक किसान या सुनहले चावल जेनेटिक्स का अनुवर्ती प्रयोक्ता प्रति वर्ष $10,000 से ज्यादा नहीं कमा लेता है, तब तक वाणिज्यिक उपयोग के लिए सिंजेन्टा को कोई रॉयल्टी नहीं देनी पड़ती है।",1,"[{'subject': {'upos': 'PROPN', 'text': 'सिंजेन्टा', 'id': 27, 'deprel': 'nsubj', 'head': 32}, 'object': {'upos': 'NOUN', 'text': 'रॉयल्टी', 'id': 30, 'deprel': 'obj', 'head': 32}, 'verb': {'upos': 'VERB', 'text': 'देनी', 'id': 32, 'deprel': 'root', 'head': 0}}]",['SOV']
194,"कैबिनेट मंत्री के रूप में सामान्यतः प्रधान मंत्री होता है, यदि वह इसका सदस्य है, अथवा कोई ऐसा मंत्री होता है, जो इस सभा का सदस्य है और जिसे उनके द्वारा इस रूप में कार्य करने के लिए नाम-निर्दिष्ट किया गया हो।",1,"[{'object': {'upos': 'PRON', 'text': 'जिसे', 'id': 32, 'deprel': 'obj', 'head': 43}, 'subject': {'upos': 'PRON', 'text': 'उनके', 'id': 33, 'deprel': 'nsubj:pass', 'head': 43}, 'verb': {'upos': 'VERB', 'text': 'किया', 'id': 43, 'deprel': 'conj', 'head': 29}}]",['OSV']
199,प्राकृतिक वरण की गलत अवधारणा स्वस्थतम की उत्तरजीविता में है। स्वस्थतम की उत्तरजीविता प्राकृतिक वरण की प्रक्रिया को गलत ढंग से समझाती है क्योंकि प्राकृतिक वरण केवल उत्तरजीवन के बारे में नहीं है और हमेशा स्वस्थतम ही नहीं जीवित रहता है।,1,"[{'subject': {'upos': 'NOUN', 'text': 'उत्तरजीविता', 'id': 3, 'deprel': 'nsubj', 'head': 12}, 'object': {'upos': 'NOUN', 'text': 'प्रक्रिया', 'id': 7, 'deprel': 'obj', 'head': 12}, 'verb': {'upos': 'VERB', 'text': 'समझाती', 'id': 12, 'deprel': 'root', 'head': 0}}]",['SOV']
200,"मेंडल ने फैक्टर्स (factors) नाम दिया था, लेकिन बाद में जीन (genes) नाम ज्यादा प्रचलित हो गया।",1,"[{'subject': {'upos': 'PROPN', 'text': 'मेंडल', 'id': 1, 'deprel': 'nsubj', 'head': 8}, 'object': {'upos': 'NOUN', 'text': 'नाम', 'id': 7, 'deprel': 'obj', 'head': 8}, 'verb': {'upos': 'VERB', 'text': 'दिया', 'id': 8, 'deprel': 'root', 'head': 0}}]",['SOV']
201,अणुओं के आकार या आकृति का वर्णन किया जाता है न्युक्लियोटाइडों की शृंखला के रूप में डीएनए में संग्रहित होती है। न्युक्लियोटाइडों की शृंखला से बना डीएनए आनुवांशिक जानकारी को संग्रहित करता है।,1,"[{'subject': {'upos': 'PROPN', 'text': 'डीएनए', 'id': 6, 'deprel': 'nsubj', 'head': 11}, 'object': {'upos': 'NOUN', 'text': 'जानकारी', 'id': 8, 'deprel': 'obj', 'head': 11}, 'verb': {'upos': 'VERB', 'text': 'करता', 'id': 11, 'deprel': 'root', 'head': 0}}]",['SOV']
224,कोस्ट गार्ड आंतरिक सुरक्षा बलों के घटकों के रूप में कार्य करते हैं।,1,"[{'subject': {'upos': 'PROPN', 'text': 'गार्ड', 'id': 2, 'deprel': 'nsubj', 'head': 12}, 'object': {'upos': 'NOUN', 'text': 'कार्य', 'id': 11, 'deprel': 'obj', 'head': 12}, 'verb': {'upos': 'VERB', 'text': 'करते', 'id': 12, 'deprel': 'root', 'head': 0}}]",['SOV']
233,"लती जुआरी मानसिक व्याधियों, अल्कोहल और नशीली दवाओं का सेवन आदि कारकों के कारण जोखिम को बढ़ाते हैं।",1,"[{'subject': {'upos': 'PROPN', 'text': 'जुआरी', 'id': 2, 'deprel': 'nsubj', 'head': 18}, 'object': {'upos': 'NOUN', 'text': 'जोखिम', 'id': 16, 'deprel': 'obj', 'head': 18}, 'verb': {'upos': 'VERB', 'text': 'बढ़ाते', 'id': 18, 'deprel': 'root', 'head': 0}}]",['SOV']
238,गरीबी के साथ-साथ आत्महत्या के जोखिम से जुड़ी हुई है। किसी व्यक्ति के आसपास उनकी तुलना में बढ़ रही सापेक्ष गरीबी आत्महत्या के खतरे को बढ़ाती है।,1,"[{'subject': {'upos': 'NOUN', 'text': 'गरीबी', 'id': 11, 'deprel': 'nsubj', 'head': 16}, 'object': {'upos': 'NOUN', 'text': 'खतरे', 'id': 14, 'deprel': 'obj', 'head': 16}, 'verb': {'upos': 'VERB', 'text': 'बढ़ाती', 'id': 16, 'deprel': 'root', 'head': 0}}]",['SOV']
239,"आत्महत्या को रोकने के प्रयास के रूप में कुछ पदार्थ तक पहुंच को कम कर दिया गया है, जैसे आग्नेयास्त्र, विष, कोयले, पुलों और सबवे प्लेटफॉर्मों पर बैरियर तक पहुंच को कम करना शामिल है।",1,"[{'subject': {'upos': 'VERB', 'text': 'करना', 'id': 37, 'deprel': 'nsubj', 'head': 39}, 'object': {'upos': 'ADJ', 'text': 'शामिल', 'id': 38, 'deprel': 'obj', 'head': 39}, 'verb': {'upos': 'VERB', 'text': 'है', 'id': 39, 'deprel': 'advcl', 'head': 15}}]",['SOV']
250,"हिंदी में उत्तर: ईसाई दार्शनिकों के विपरीत, कुछ लोग आत्महत्या को निजी चुनाव का न्यायसंगत मामला मानते हैं। वे मानते हैं कि किसी को भी उसकी इच्छा के विरुद्ध सहन करने के लिए बाध्य नहीं किया जाना चाहिए, विशेष रूप से लाइलाज रोगों, मानसिक रोगों और अधिक उम्र जैसी परिस्थितियों में, जिनमें कि सुधार की कोई संभावना नहीं है। वे इस विश्वास को अस्वीकार करते हैं कि आत्महत्या सदैव विवेकहीन होती है, इसके लिए वे ये तर्क देते हैं कि यह असहनीय दर्द या अभिघात से पीड़ित लोगों के लिए अंतिम वैध उपाय हो सकती है।",1,"[{'subject': {'upos': 'PRON', 'text': 'वे', 'id': 1, 'deprel': 'nsubj', 'head': 6}, 'object': {'upos': 'NOUN', 'text': 'विश्वास', 'id': 3, 'deprel': 'obj', 'head': 6}, 'verb': {'upos': 'VERB', 'text': 'करते', 'id': 6, 'deprel': 'root', 'head': 0}}]",['SOV']
255,"एसिड कम करने वाली दवाएं कई अन्य संक्रमणों की संभावना को बढ़ाती हैं, जिसमें क्लोस्ट्रीडियम डिफिसाइल, सेल्मोनेला और कंपाइलोबैक्टर प्रजातियां शामिल हैं। हालाँकि इन दवाओं का मुख्य उद्देश्य एसिड का स्तर कम करना है, लेकिन इनका उपयोग करने वालों में संक्रमण का खतरा बढ़ाते हैं।",1,"[{'subject': {'upos': 'NOUN', 'text': 'उद्देश्य', 'id': 6, 'deprel': 'nsubj', 'head': 11}, 'object': {'upos': 'NOUN', 'text': 'स्तर', 'id': 9, 'deprel': 'obj', 'head': 11}, 'verb': {'upos': 'VERB', 'text': 'करना', 'id': 11, 'deprel': 'root', 'head': 0}}]",['SOV']
257,"जब खाने में जीवाणु लग जाते हैं, तो वे कई घंटे तक कमरे के तापमान पर रहकर बढ़ते हैं और संक्रमण का खतरा बढ़ाते हैं।",1,"[{'subject': {'upos': 'PRON', 'text': 'वे', 'id': 10, 'deprel': 'nsubj', 'head': 19}, 'object': {'upos': 'NOUN', 'text': 'खतरा', 'id': 24, 'deprel': 'obj', 'head': 25}, 'verb': {'upos': 'VERB', 'text': 'बढ़ाते', 'id': 25, 'deprel': 'conj', 'head': 19}}]",['SOV']
275,1883 में ब्रेमेन में चेचक का प्रकोप घटित हुआ और 1885 में लुरमैन ने हैपेटाइटिस बी वायरस के कारण हुई एक महामारी का सबसे पहला रिकार्ड दर्ज किया गया।,1,"[{'subject': {'upos': 'PROPN', 'text': 'लुरमैन', 'id': 13, 'deprel': 'nsubj:pass', 'head': 28}, 'object': {'upos': 'NOUN', 'text': 'रिकार्ड', 'id': 26, 'deprel': 'obj', 'head': 28}, 'verb': {'upos': 'VERB', 'text': 'किया', 'id': 28, 'deprel': 'conj', 'head': 9}}]",['SOV']
278,उसने नेविगेशन चार्ट को सही ढंग से चित्रित किया।,1,"[{'subject': {'upos': 'PRON', 'text': 'उसने', 'id': 1, 'deprel': 'nsubj', 'head': 9}, 'object': {'upos': 'NOUN', 'text': 'चार्ट', 'id': 3, 'deprel': 'obj', 'head': 9}, 'verb': {'upos': 'VERB', 'text': 'किया', 'id': 9, 'deprel': 'root', 'head': 0}}]",['SOV']
289,राउटर में डिटेक्शन शुरू होता है जब राउटर खुद को हैलो OSPF प्रोटोकॉल पैकेट में देखता है।,1,"[{'subject': {'upos': 'NOUN', 'text': 'राउटर', 'id': 8, 'deprel': 'nsubj', 'head': 16}, 'object': {'upos': 'PRON', 'text': 'खुद', 'id': 9, 'deprel': 'obj', 'head': 16}, 'verb': {'upos': 'VERB', 'text': 'देखता', 'id': 16, 'deprel': 'acl:relcl', 'head': 3}}]",['SOV']
295,देइर अल-मदीना (अरबी: دير المدينة) में कलाकारों ने काम किया था।,1,"[{'subject': {'upos': 'NOUN', 'text': 'कलाकारों', 'id': 11, 'deprel': 'nsubj', 'head': 14}, 'object': {'upos': 'NOUN', 'text': 'काम', 'id': 13, 'deprel': 'obj', 'head': 14}, 'verb': {'upos': 'VERB', 'text': 'किया', 'id': 14, 'deprel': 'root', 'head': 0}}]",['SOV']
308,COCPs बहुत पहले गोली से प्रभावी गर्भनिरोधक प्रदान अगर माहवारी के पहले दिन के पांच दिनों के भीतर माहवारी चक्र की शुरुआत के पांच दिनों के भीतर शुरू कर दिया जाता है।,1,"[{'subject': {'upos': 'PROPN', 'text': 'COCPs', 'id': 1, 'deprel': 'nsubj:pass', 'head': 29}, 'object': {'upos': 'NOUN', 'text': 'प्रदान', 'id': 8, 'deprel': 'obj', 'head': 29}, 'verb': {'upos': 'VERB', 'text': 'कर', 'id': 29, 'deprel': 'root', 'head': 0}}]",['SOV']
311,"उत्तर: उत्तरी जर्मनी मुख्यत: उत्तरी-पश्चिमी यूरोपीय जलवायु प्रदेश के अंतर्गत आता है, मध्य एवं दक्षिणी जर्मनी महाद्वीपी प्रकार की जलवायु के क्षेत्र में सम्मिलित किए जाते हैं।",1,"[{'subject': {'upos': 'PROPN', 'text': 'जर्मनी', 'id': 4, 'deprel': 'nsubj', 'head': 13}, 'object': {'upos': 'PROPN', 'text': 'मध्य', 'id': 16, 'deprel': 'obj', 'head': 28}, 'verb': {'upos': 'VERB', 'text': 'किए', 'id': 28, 'deprel': 'conj', 'head': 13}}]",['SOV']
316,जर्मनी ने विज्ञान और प्रौद्योगिकी के क्षेत्र में अपने योगदान के साथ बहुत योगदान दिया है।,1,"[{'subject': {'upos': 'PROPN', 'text': 'जर्मनी', 'id': 1, 'deprel': 'nsubj', 'head': 15}, 'object': {'upos': 'NOUN', 'text': 'योगदान', 'id': 14, 'deprel': 'obj', 'head': 15}, 'verb': {'upos': 'VERB', 'text': 'दिया', 'id': 15, 'deprel': 'root', 'head': 0}}]",['SOV']
327,आईयूडी स्तनपान को प्रभावित नहीं करते हैं।,1,"[{'subject': {'upos': 'PROPN', 'text': 'आईयूडी', 'id': 1, 'deprel': 'nsubj', 'head': 6}, 'object': {'upos': 'NOUN', 'text': 'स्तनपान', 'id': 2, 'deprel': 'obj', 'head': 6}, 'verb': {'upos': 'VERB', 'text': 'करते', 'id': 6, 'deprel': 'root', 'head': 0}}]",['SOV']
330,"जब कोई स्त्री बच्चे को जन्म देती है, तब उसके भीतर लैक्टेशन रजोरोध विधि की जैविक प्रक्रिया घटती है, जिसमें मासिक धर्म की अनुपस्थिति, नवजात को स्तनपान कराने तथा एक 6 माह से कम के बच्चे की उपस्थिति की आवश्यकता होती है।",1,"[{'subject': {'upos': 'NOUN', 'text': 'स्त्री', 'id': 3, 'deprel': 'nsubj', 'head': 7}, 'object': {'upos': 'NOUN', 'text': 'बच्चे', 'id': 4, 'deprel': 'obj', 'head': 7}, 'verb': {'upos': 'VERB', 'text': 'देती', 'id': 7, 'deprel': 'acl:relcl', 'head': 10}}]",['SOV']
333,गर्भधारण दर 2.2 प्रतिशत है जो असुरक्षित संभोग के 72 घंटों के भीतर लेवोनॉर्गेस्ट्रेल गोलियां लेती हैं।,1,"[{'subject': {'upos': 'PRON', 'text': 'जो', 'id': 6, 'deprel': 'nsubj', 'head': 16}, 'object': {'upos': 'NOUN', 'text': 'गोलियां', 'id': 15, 'deprel': 'obj', 'head': 16}, 'verb': {'upos': 'VERB', 'text': 'लेती', 'id': 16, 'deprel': 'acl:relcl', 'head': 4}}]",['SOV']
337,"संयुक्त राष्ट्र संघ ने ""प्रत्येक महिला प्रत्येक बच्चा"" आंदोलन की शुरुआत की है, जिसका लक्ष्य 2020 तक दुनिया के सबसे गरीब 69 देशों में 120 मिलियन महिलाओं को गर्भ नियंत्रण के नवीनतम तरीके का उपयोग करने वाली स्त्रियों की संख्या को बढ़ाना है।",1,"[{'subject': {'upos': 'NOUN', 'text': 'लक्ष्य', 'id': 18, 'deprel': 'nsubj', 'head': 45}, 'object': {'upos': 'NOUN', 'text': 'संख्या', 'id': 43, 'deprel': 'obj', 'head': 45}, 'verb': {'upos': 'VERB', 'text': 'बढ़ाना', 'id': 45, 'deprel': 'acl:relcl', 'head': 11}}]",['SOV']
350,इर्लिच पद्धति 1877 में पॉल एहरलिच ने निकाली गई थी।,1,"[{'object': {'upos': 'NOUN', 'text': 'पद्धति', 'id': 2, 'deprel': 'obj', 'head': 8}, 'subject': {'upos': 'PROPN', 'text': 'एहरलिच', 'id': 6, 'deprel': 'nsubj:pass', 'head': 8}, 'verb': {'upos': 'VERB', 'text': 'निकाली', 'id': 8, 'deprel': 'root', 'head': 0}}]",['OSV']
362,शुरुआती नेटवर्क डिजाइनर अक्सर VLANs को एक बड़े ईथरनेट क्षेत्र में कोलिज़न डोमेन के आकार को कम करने के उद्देश्य से व्यवस्थित कर के प्रदर्शन में सुधार करते थे।,1,"[{'subject': {'upos': 'NOUN', 'text': 'डिजाइनर', 'id': 3, 'deprel': 'nsubj', 'head': 28}, 'object': {'upos': 'NOUN', 'text': 'VLANs', 'id': 5, 'deprel': 'obj', 'head': 28}, 'verb': {'upos': 'VERB', 'text': 'करते', 'id': 28, 'deprel': 'root', 'head': 0}}]",['SOV']
364,नेटवर्क व्यवस्थापक को मैन्युअल रूप से पोर्ट-टू-वीएलएएन असाइनमेंट बनाना है।,1,"[{'subject': {'upos': 'NOUN', 'text': 'व्यवस्थापक', 'id': 2, 'deprel': 'nsubj', 'head': 9}, 'object': {'upos': 'NOUN', 'text': 'असाइनमेंट', 'id': 8, 'deprel': 'obj', 'head': 9}, 'verb': {'upos': 'VERB', 'text': 'बनाना', 'id': 9, 'deprel': 'root', 'head': 0}}]",['SOV']
373,समोआ है जो यूरोप के सदियों के प्रभाव के बावजूद अपने रीति-रिवाजों को कायम रख रहा है।,1,"[{'subject': {'upos': 'PRON', 'text': 'जो', 'id': 3, 'deprel': 'nsubj', 'head': 15}, 'object': {'upos': 'NOUN', 'text': 'रीति-रिवाजों', 'id': 12, 'deprel': 'obj', 'head': 15}, 'verb': {'upos': 'VERB', 'text': 'रख', 'id': 15, 'deprel': 'acl:relcl', 'head': 1}}]",['SOV']
374,"अल्बर्ट वेंड्ट एक महत्वपूर्ण समोआई लेखक हैं, जिनके उपन्यास और कहानियां समोआई अनुभव को बयां करती हैं।",1,"[{'subject': {'upos': 'NOUN', 'text': 'उपन्यास', 'id': 10, 'deprel': 'nsubj', 'head': 17}, 'object': {'upos': 'NOUN', 'text': 'अनुभव', 'id': 14, 'deprel': 'obj', 'head': 17}, 'verb': {'upos': 'VERB', 'text': 'करती', 'id': 17, 'deprel': 'acl:relcl', 'head': 6}}]",['SOV']
384,कंजरवेटिव्स ने 11 सीटें जीतीं।,1,"[{'subject': {'upos': 'PROPN', 'text': 'कंजरवेटिव्स', 'id': 1, 'deprel': 'nsubj', 'head': 5}, 'object': {'upos': 'NOUN', 'text': 'सीटें', 'id': 4, 'deprel': 'obj', 'head': 5}, 'verb': {'upos': 'VERB', 'text': 'जीतीं', 'id': 5, 'deprel': 'root', 'head': 0}}]",['SOV']
389,१९ वीं सदी के बाद से पश्चिमी यूरोप ने वैश्विक मामलों में एक प्रमुख भूमिका अदा की है।,1,"[{'subject': {'upos': 'PROPN', 'text': 'यूरोप', 'id': 8, 'deprel': 'nsubj', 'head': 17}, 'object': {'upos': 'NOUN', 'text': 'भूमिका', 'id': 15, 'deprel': 'obj', 'head': 17}, 'verb': {'upos': 'VERB', 'text': 'की', 'id': 17, 'deprel': 'root', 'head': 0}}]",['SOV']
408,"पटाया शहर पूरे tambon Nong Prue और ना Kluea और Huai Yai और Nong Pla Lai के कुछ हिस्सों को शामिल किया है, जो स्वशासी नगरपालिका क्षेत्र है, और साथ Si Racha, Laem Chabang और Chonburi साथ स्थित है, जो भारी औद्योगिक पूर्वी समुद्र तट क्षेत्र में स्थित है।",1,"[{'subject': {'upos': 'NOUN', 'text': 'शहर', 'id': 2, 'deprel': 'nsubj', 'head': 22}, 'object': {'upos': 'NOUN', 'text': 'हिस्सों', 'id': 19, 'deprel': 'obj', 'head': 22}, 'verb': {'upos': 'VERB', 'text': 'किया', 'id': 22, 'deprel': 'root', 'head': 0}}]",['SOV']
414,"उत्तर: मोंक्स्बर्ग और कापुज़ीनरबर्ग नाम के दो छोटे पहाड़ शहर के हरे फेफड़ों के रूप में कार्य करते हैं, जिससे शहर के निवासियों को स्वच्छ हवा और सुंदर दृश्य प्राप्त होते हैं।",1,"[{'subject': {'upos': 'NOUN', 'text': 'पहाड़', 'id': 10, 'deprel': 'nsubj', 'head': 19}, 'object': {'upos': 'NOUN', 'text': 'कार्य', 'id': 18, 'deprel': 'obj', 'head': 19}, 'verb': {'upos': 'VERB', 'text': 'करते', 'id': 19, 'deprel': 'root', 'head': 0}}]",['SOV']
417,विलियम और आर्थर ने अपनी मोटर-बायसाइकिल पर दो वर्षों तक काम किया।,1,"[{'subject': {'upos': 'PROPN', 'text': 'विलियम', 'id': 1, 'deprel': 'nsubj', 'head': 12}, 'object': {'upos': 'NOUN', 'text': 'काम', 'id': 11, 'deprel': 'obj', 'head': 12}, 'verb': {'upos': 'VERB', 'text': 'किया', 'id': 12, 'deprel': 'root', 'head': 0}}]",['SOV']
420,राष्ट्रपति रीगन ने 1983 में मोटरसाइकिलों पर सीमा-शुल्क लगाया था।,1,"[{'subject': {'upos': 'PROPN', 'text': 'रीगन', 'id': 2, 'deprel': 'nsubj', 'head': 9}, 'object': {'upos': 'NOUN', 'text': 'सीमा-शुल्क', 'id': 8, 'deprel': 'obj', 'head': 9}, 'verb': {'upos': 'VERB', 'text': 'लगाया', 'id': 9, 'deprel': 'root', 'head': 0}}]",['SOV']
425,"हाँ, स्पोर्ट्सटर से इंजनों के जरिए अलग किया जा सकता है, जो सॉफ्टेल से पारंपरिक क्वॉइल-ओवर सस्पेंशन के साथ मिलकर स्पोर्ट्सटर को और अधिक अद्वितीय बनाते हैं।",1,"[{'subject': {'upos': 'PRON', 'text': 'जो', 'id': 14, 'deprel': 'nsubj', 'head': 28}, 'object': {'upos': 'NOUN', 'text': 'स्पोर्ट्सटर', 'id': 23, 'deprel': 'obj', 'head': 28}, 'verb': {'upos': 'VERB', 'text': 'बनाते', 'id': 28, 'deprel': 'acl:relcl', 'head': 5}}]",['SOV']
429,क्वीन मैरी २ की कलाकृति विकसित करने वाले कलाकार सोलह अलग अलग राज्यों से 128 कलाकारों के द्वारा बनाया गया है।,1,"[{'object': {'upos': 'NOUN', 'text': 'कलाकार', 'id': 9, 'deprel': 'obj', 'head': 19}, 'subject': {'upos': 'NOUN', 'text': 'कलाकारों', 'id': 16, 'deprel': 'nsubj:pass', 'head': 19}, 'verb': {'upos': 'VERB', 'text': 'बनाया', 'id': 19, 'deprel': 'root', 'head': 0}}]",['OSV']
447,"जिन्ना ने कच्छी, सिन्घी और अंग्रेजी भाषा सीखी।",1,"[{'subject': {'upos': 'PROPN', 'text': 'जिन्ना', 'id': 1, 'deprel': 'nsubj', 'head': 9}, 'object': {'upos': 'PROPN', 'text': 'कच्छी', 'id': 3, 'deprel': 'obj', 'head': 9}, 'verb': {'upos': 'VERB', 'text': 'सीखी', 'id': 9, 'deprel': 'root', 'head': 0}}]",['SOV']
451,वीटो से तीन दिन पहले अमेरिका द्वारा वीटो लगा दिया गया था।,1,"[{'subject': {'upos': 'PROPN', 'text': 'अमेरिका', 'id': 6, 'deprel': 'nsubj:pass', 'head': 9}, 'object': {'upos': 'PROPN', 'text': 'वीटो', 'id': 8, 'deprel': 'obj', 'head': 9}, 'verb': {'upos': 'VERB', 'text': 'लगा', 'id': 9, 'deprel': 'root', 'head': 0}}]",['SOV']
452,वर्ष 1995 में हिन्दू ने ऑनलाइन संस्करण की पेशकश शुरू की थी।,1,"[{'subject': {'upos': 'PROPN', 'text': 'हिन्दू', 'id': 4, 'deprel': 'nsubj', 'head': 11}, 'object': {'upos': 'NOUN', 'text': 'पेशकश', 'id': 9, 'deprel': 'obj', 'head': 11}, 'verb': {'upos': 'VERB', 'text': 'की', 'id': 11, 'deprel': 'root', 'head': 0}}]",['SOV']
464,"तारा सूचीपत्र में प्राचीन लोगों द्वारा संकलित हुए थे। बेबिलोनियाई, यूनानी, चीनी, फारसी और अरब सहित कई अलग अलग प्राचीन लोगों ने तारे सूचीपत्र बनाए थे।",1,"[{'subject': {'upos': 'NOUN', 'text': 'लोगों', 'id': 15, 'deprel': 'nsubj', 'head': 19}, 'object': {'upos': 'NOUN', 'text': 'सूचीपत्र', 'id': 18, 'deprel': 'obj', 'head': 19}, 'verb': {'upos': 'VERB', 'text': 'बनाए', 'id': 19, 'deprel': 'root', 'head': 0}}]",['SOV']
465,"प्रत्येक सिलेंडर में चार वाल्व हैं कुल 64 वाल्व हैं, लेकिन संकीर्ण टेढ़ा-मेढ़ा 8 विन्यास दो उपरि कैमशाफ़्ट को दे सिलेंडर बンク चलाने देता है, अतः केवल चार कैमशाफ़्टों की ज़रूरत है।",1,"[{'subject': {'upos': 'NOUN', 'text': 'विन्यास', 'id': 16, 'deprel': 'nsubj', 'head': 24}, 'object': {'upos': 'NOUN', 'text': 'बンク', 'id': 23, 'deprel': 'obj', 'head': 24}, 'verb': {'upos': 'VERB', 'text': 'चलाने', 'id': 24, 'deprel': 'conj', 'head': 9}}]",['SOV']
469,मैक्सिकन-अमेरिकन युद्ध (1846-1848) में जेफ़रन डेविस ने एक स्वयंसेवक रेजिमेंट के कर्नल के रूप में लड़ाई लड़ी।,1,"[{'subject': {'upos': 'PROPN', 'text': 'डेविस', 'id': 8, 'deprel': 'nsubj', 'head': 19}, 'object': {'upos': 'NOUN', 'text': 'लड़ाई', 'id': 18, 'deprel': 'obj', 'head': 19}, 'verb': {'upos': 'VERB', 'text': 'लड़ी', 'id': 19, 'deprel': 'root', 'head': 0}}]",['SOV']
472,"डेविस ने अपना संस्मरण ""द राइज़ एंड फॉल ऑफ़ कॉन्फेडरेट गवर्मेंट"" 1881 में पूरा किया था।",1,"[{'subject': {'upos': 'PROPN', 'text': 'डेविस', 'id': 1, 'deprel': 'nsubj', 'head': 17}, 'object': {'upos': 'NOUN', 'text': 'संस्मरण', 'id': 4, 'deprel': 'obj', 'head': 17}, 'verb': {'upos': 'VERB', 'text': 'किया', 'id': 17, 'deprel': 'root', 'head': 0}}]",['SOV']
494,ईरान ने 2012 में ओलंपिक पदक जीते थे।,1,"[{'subject': {'upos': 'PROPN', 'text': 'ईरान', 'id': 1, 'deprel': 'nsubj', 'head': 7}, 'object': {'upos': 'NOUN', 'text': 'पदक', 'id': 6, 'deprel': 'obj', 'head': 7}, 'verb': {'upos': 'VERB', 'text': 'जीते', 'id': 7, 'deprel': 'root', 'head': 0}}]",['SOV']
501,"इन हमलों को समस्याग्रस्त माना जाता है क्योंकि वे उपयोगकर्ता के सुरक्षित डेटा और सूचनाओं को चुरा ले सकते हैं, जिससे उनकी पहचान, सुरक्षा और財務 संबंधी जानकारी का नुकसान हो सकता है।",1,"[{'subject': {'upos': 'PRON', 'text': 'वे', 'id': 9, 'deprel': 'nsubj', 'head': 17}, 'object': {'upos': 'NOUN', 'text': 'डेटा', 'id': 13, 'deprel': 'obj', 'head': 17}, 'verb': {'upos': 'VERB', 'text': 'चुरा', 'id': 17, 'deprel': 'obj', 'head': 5}}]",['SOV']
509,युक्रेनियाई लोग विजय दिवस का जश्न मनाते हैं।,1,"[{'subject': {'upos': 'NOUN', 'text': 'लोग', 'id': 2, 'deprel': 'nsubj', 'head': 7}, 'object': {'upos': 'NOUN', 'text': 'जश्न', 'id': 6, 'deprel': 'obj', 'head': 7}, 'verb': {'upos': 'VERB', 'text': 'मनाते', 'id': 7, 'deprel': 'root', 'head': 0}}]",['SOV']
517,सन्दर्भदाता हिंदी में उत्तर देता हूँ: सन्दर्भदाता का नाम अलेक्सा इंटरनेट है।,1,"[{'subject': {'upos': 'NOUN', 'text': 'सन्दर्भदाता', 'id': 1, 'deprel': 'nsubj', 'head': 5}, 'object': {'upos': 'NOUN', 'text': 'उत्तर', 'id': 4, 'deprel': 'obj', 'head': 5}, 'verb': {'upos': 'VERB', 'text': 'देता', 'id': 5, 'deprel': 'root', 'head': 0}}]",['SOV']
521,"हाँ, संसद भविष्य में बदले नहीं जा सकने वाले कानूनों को पारित नहीं कर सकती है।",1,"[{'subject': {'upos': 'NOUN', 'text': 'संसद', 'id': 3, 'deprel': 'nsubj', 'head': 15}, 'object': {'upos': 'NOUN', 'text': 'कानूनों', 'id': 11, 'deprel': 'obj', 'head': 15}, 'verb': {'upos': 'VERB', 'text': 'कर', 'id': 15, 'deprel': 'root', 'head': 0}}]",['SOV']
537,"युरेनस का अक्षीय झुकाव ९७.७७ डिग्री है, इसलिए इसकी घूर्णन धूरी सौरमंडल तल के साथ करीब करीब समानांतर है। यह उसको अन्य प्रमुख ग्रहों के विपरीत पूरी तरह से भिन्न मौसमी परिवर्तन देता है।",1,"[{'subject': {'upos': 'PRON', 'text': 'यह', 'id': 1, 'deprel': 'nsubj', 'head': 14}, 'object': {'upos': 'NOUN', 'text': 'परिवर्तन', 'id': 13, 'deprel': 'obj', 'head': 14}, 'verb': {'upos': 'VERB', 'text': 'देता', 'id': 14, 'deprel': 'root', 'head': 0}}]",['SOV']
539,"यूरेनस का आंतरिक ताप स्पष्ट रूप से अन्य वृहदाकार ग्रहों की तुलना में कम जान पड़ता है, खगोलीय शब्दों में, इसके पास एक निम्न तापीय प्रवाह है। युरेनस का आतंरिक तापमान इतना कम क्यों है यह अभी भी समझ से परे है। लेकिन, हम जानते हैं कि यूरेनस कुल सौर ऊर्जा का १.०६ ± ०.०८ गुना अवशोषित करता है, जिसमें से कुल शक्ति का एक हिस्सा अवरक्त वर्णक्रम (गर्मी) के भाग से छोड़ी गई है। इसलिए, हम कह सकते हैं कि यूरेनस के पास ऊष्मा ऊर्जा से युक्त होने का कोई सीधा संबंध नहीं है, बल्कि यह सौर ऊर्जा का एक हिस्सा है जो अवशोषित होता है।",1,"[{'subject': {'upos': 'PRON', 'text': 'हम', 'id': 3, 'deprel': 'nsubj', 'head': 4}, 'verb': {'upos': 'VERB', 'text': 'कह', 'id': 4, 'deprel': 'root', 'head': 0}, 'object': {'upos': 'NOUN', 'text': 'संबंध', 'id': 19, 'deprel': 'obj', 'head': 4}}]",['SVO']
549,मालदीव में बहुत से लोग हिंदी फिल्में देखना और हिंदी गाने सुनना पसंद करते हैं।,1,"[{'subject': {'upos': 'NOUN', 'text': 'लोग', 'id': 5, 'deprel': 'nsubj', 'head': 14}, 'object': {'upos': 'VERB', 'text': 'देखना', 'id': 8, 'deprel': 'obj', 'head': 14}, 'verb': {'upos': 'VERB', 'text': 'करते', 'id': 14, 'deprel': 'root', 'head': 0}}]",['SOV']
558,C-टाइप कार ने 1951 और 1953 में ले मैन्स 24 घंटे जीता हासिल किया है।,1,"[{'subject': {'upos': 'NOUN', 'text': 'कार', 'id': 2, 'deprel': 'nsubj', 'head': 14}, 'object': {'upos': 'VERB', 'text': 'जीता', 'id': 12, 'deprel': 'obj', 'head': 14}, 'verb': {'upos': 'VERB', 'text': 'किया', 'id': 14, 'deprel': 'root', 'head': 0}}]",['SOV']
563,"फेफड़ों के शामिल होने का कारण कई प्रकार के परजीवी हैं, जिनमें टोक्सोप्लाज़्मा गोन्डी, स्ट्रॉन्गीलॉएडस स्टेकोरालिस,ऐस्केरिस ल्युम्ब्रीकॉएड्स और प्लास्मोडियम मलेरियाशामिल हैं। ये परजीवी शरीर में त्वचा के साथ सीधे संपर्क, अंतर्ग्रहण, कीट के काटने से दाखिल होते हैं। कुछ परजीवी, विशेष रूप से वे जो एस्केरिस और स्ट्रॉन्गीलॉएड्स प्रजाति से होते हैं, गंभीर स्नोफीलिक प्रतिक्रिया उकसाते हैं, जिसके कारण स्नोफीलिक निमोनिया हो सकता है।",1,"[{'subject': {'upos': 'NOUN', 'text': 'परजीवी', 'id': 2, 'deprel': 'nsubj', 'head': 20}, 'object': {'upos': 'NOUN', 'text': 'प्रतिक्रिया', 'id': 19, 'deprel': 'obj', 'head': 20}, 'verb': {'upos': 'VERB', 'text': 'उकसाते', 'id': 20, 'deprel': 'root', 'head': 0}}]",['SOV']
575,टीकाकरण महत्वपूर्ण हैं क्योंकि वे बैक्टीरिया और वायरस जनित निमोनिया के विरुद्ध बच्चों तथा वयस्कों दोनों में रोकथाम करते हैं। इन्फ्लुएंज़ा टीकाकरण इन्फ्लुएंज़ा ए व बी के विरुद्ध सबसे अधिक प्रभावी है और स्वास्थ्य सेवा कार्यकर्ताओं का टीकाकरण उनके रोगियों के बीच वायरस जनित निमोनिया के जोखिम को कम करता है।,1,"[{'subject': {'upos': 'NOUN', 'text': 'टीकाकरण', 'id': 18, 'deprel': 'nsubj', 'head': 30}, 'object': {'upos': 'NOUN', 'text': 'जोखिम', 'id': 27, 'deprel': 'obj', 'head': 30}, 'verb': {'upos': 'VERB', 'text': 'करता', 'id': 30, 'deprel': 'conj', 'head': 11}}]",['SOV']
588,मुनकीमन Vol 2 का दूसरा संस्करण प्राणी को कानपुर ले जाएगा।,1,"[{'subject': {'upos': 'NOUN', 'text': 'संस्करण', 'id': 6, 'deprel': 'nsubj', 'head': 10}, 'object': {'upos': 'NOUN', 'text': 'प्राणी', 'id': 7, 'deprel': 'obj', 'head': 10}, 'verb': {'upos': 'VERB', 'text': 'ले', 'id': 10, 'deprel': 'root', 'head': 0}}]",['SOV']
591,"यह खेल लगभग 14 9 2 और 1876 ईसवी के बीच, अमेरिका के यूरोपीय उपनिवेश को दर्शाता है।",1,"[{'subject': {'upos': 'NOUN', 'text': 'खेल', 'id': 2, 'deprel': 'nsubj', 'head': 18}, 'object': {'upos': 'NOUN', 'text': 'उपनिवेश', 'id': 16, 'deprel': 'obj', 'head': 18}, 'verb': {'upos': 'VERB', 'text': 'दर्शाता', 'id': 18, 'deprel': 'root', 'head': 0}}]",['SOV']
592,"उत्तर: दी गई गायों की संख्या अधिक है। ""द नॅचुरलिस्ट"" राजनेता चार गायों को देता है, जबकि ""द जनरल"" राजनेता बारह मस्केटीर्स और भारी तोपखाने का एक टुकड़ा देता है।",1,"[{'subject': {'upos': 'NOUN', 'text': 'राजनेता', 'id': 17, 'deprel': 'nsubj', 'head': 26}, 'object': {'upos': 'NOUN', 'text': 'टुकड़ा', 'id': 25, 'deprel': 'obj', 'head': 26}, 'verb': {'upos': 'VERB', 'text': 'देता', 'id': 26, 'deprel': 'conj', 'head': 9}}]",['SOV']
600,"चंद्रमा के झील के नक्शा अमेलिया, कन्याके, और कूपर ने खानों के माध्यम से पाया था।",1,"[{'object': {'upos': 'NOUN', 'text': 'नक्शा', 'id': 5, 'deprel': 'obj', 'head': 17}, 'subject': {'upos': 'PROPN', 'text': 'अमेलिया', 'id': 6, 'deprel': 'nsubj', 'head': 17}, 'verb': {'upos': 'VERB', 'text': 'पाया', 'id': 17, 'deprel': 'root', 'head': 0}}]",['OSV']
602,"एन्स्म्बल स्टूडियोज ने एज आॅफ एंपाइयर्स III नामक खेल के लिए 17 अक्टूबर, 2006 को एक विस्तार जारी किया: द वॉरचिफ्स।",1,"[{'subject': {'upos': 'PROPN', 'text': 'स्टूडियोज', 'id': 2, 'deprel': 'nsubj', 'head': 20}, 'object': {'upos': 'NOUN', 'text': 'विस्तार', 'id': 18, 'deprel': 'obj', 'head': 20}, 'verb': {'upos': 'VERB', 'text': 'किया', 'id': 20, 'deprel': 'root', 'head': 0}}]",['SOV']
610,संयोग की समस्या ब्रह्मांडीय त्वरण के शुरू होने के कारण से संबंधित है।,1,"[{'subject': {'upos': 'NOUN', 'text': 'समस्या', 'id': 3, 'deprel': 'nsubj', 'head': 13}, 'object': {'upos': 'ADJ', 'text': 'संबंधित', 'id': 12, 'deprel': 'obj', 'head': 13}, 'verb': {'upos': 'VERB', 'text': 'है', 'id': 13, 'deprel': 'root', 'head': 0}}]",['SOV']
619,डेक्सामीथासोन दवा इंजेक्शन द्वारा और नसिका (नाक) द्वारा दोनों तरीकों द्वारा ली जा सकती है।,1,"[{'subject': {'upos': 'PROPN', 'text': 'डेक्सामीथासोन', 'id': 1, 'deprel': 'nsubj:pass', 'head': 14}, 'object': {'upos': 'NOUN', 'text': 'दवा', 'id': 2, 'deprel': 'obj', 'head': 14}, 'verb': {'upos': 'VERB', 'text': 'ली', 'id': 14, 'deprel': 'root', 'head': 0}}]",['SOV']
620,"गर्म भाप को सांस में लेने का इलाज किया जाता है गर्म भाप या वाष्पीकृत हवा का श्वसन पारंपरिक स्व-देखभाल उपचार है, लेकिन नैदानिक अध्ययन इनकी प्रभावशीलता दिखाने में असफल रहे हैं तथा आजकल इसे कम ही उपयोग किया जाता है।",1,"[{'subject': {'upos': 'NOUN', 'text': 'अध्ययन', 'id': 26, 'deprel': 'nsubj', 'head': 32}, 'object': {'upos': 'PRON', 'text': 'इसे', 'id': 36, 'deprel': 'obj', 'head': 40}, 'verb': {'upos': 'VERB', 'text': 'किया', 'id': 40, 'deprel': 'conj', 'head': 32}}]",['SOV']
627,लाइसेंसशुदा चिकित्सक मनोचिकित्सक के रूप में काम कर सकता है।,1,"[{'subject': {'upos': 'NOUN', 'text': 'चिकित्सक', 'id': 2, 'deprel': 'nsubj', 'head': 8}, 'object': {'upos': 'NOUN', 'text': 'काम', 'id': 7, 'deprel': 'obj', 'head': 8}, 'verb': {'upos': 'VERB', 'text': 'कर', 'id': 8, 'deprel': 'root', 'head': 0}}]",['SOV']
633,मस्जिद बाबर द्वारा सन् १५१० में निर्मित की गई थी।,1,"[{'object': {'upos': 'NOUN', 'text': 'मस्जिद', 'id': 1, 'deprel': 'obj', 'head': 8}, 'subject': {'upos': 'PROPN', 'text': 'बाबर', 'id': 2, 'deprel': 'nsubj:pass', 'head': 8}, 'verb': {'upos': 'VERB', 'text': 'की', 'id': 8, 'deprel': 'root', 'head': 0}}]",['OSV']
649,"सरुहाशी कात्सुको एक जापानी भूरसायनविद थीं, जिन्होंने कार्बन डाईऑक्साइड (CO2) स्तरों के सबसे पहले के कुछ माप किए तथा बाद में सागरीय जल एवं वातावरण में रेडियोएक्टिव नाभिकीय राख के प्रमाण दर्शाए।",1,"[{'subject': {'upos': 'PRON', 'text': 'जिन्होंने', 'id': 8, 'deprel': 'nsubj', 'head': 21}, 'object': {'upos': 'NOUN', 'text': 'प्रमाण', 'id': 34, 'deprel': 'obj', 'head': 35}, 'verb': {'upos': 'VERB', 'text': 'दर्शाए', 'id': 35, 'deprel': 'conj', 'head': 21}}]",['SOV']
657,पुर्तगाल ने बंदरगाहों के किनारे किलों का निर्माण करके पूर्व-सम्मान प्राप्त किया।,1,"[{'subject': {'upos': 'PROPN', 'text': 'पुर्तगाल', 'id': 1, 'deprel': 'nsubj', 'head': 12}, 'object': {'upos': 'NOUN', 'text': 'पूर्व-सम्मान', 'id': 10, 'deprel': 'obj', 'head': 12}, 'verb': {'upos': 'VERB', 'text': 'किया', 'id': 12, 'deprel': 'root', 'head': 0}}]",['SOV']
660,कैगल ने १९८५ में वाशिंगटन विश्वविद्यालय से मेडिसिन की डिग्री प्राप्त की।,1,"[{'subject': {'upos': 'PROPN', 'text': 'कैगल', 'id': 1, 'deprel': 'nsubj', 'head': 12}, 'object': {'upos': 'NOUN', 'text': 'डिग्री', 'id': 10, 'deprel': 'obj', 'head': 12}, 'verb': {'upos': 'VERB', 'text': 'की', 'id': 12, 'deprel': 'root', 'head': 0}}]",['SOV']
663,टेड स्टीवंस ने पॉलिन से सार्वजनिक रूप से उनके वित्त के बारे में सवाल किया।,1,"[{'subject': {'upos': 'PROPN', 'text': 'स्टीवंस', 'id': 2, 'deprel': 'nsubj', 'head': 15}, 'object': {'upos': 'PROPN', 'text': 'पॉलिन', 'id': 4, 'deprel': 'obj', 'head': 15}, 'verb': {'upos': 'VERB', 'text': 'किया', 'id': 15, 'deprel': 'root', 'head': 0}}]",['SOV']
686,जिम क्लार्क ने चुनाव हारा था।,1,"[{'subject': {'upos': 'PROPN', 'text': 'क्लार्क', 'id': 2, 'deprel': 'nsubj', 'head': 5}, 'object': {'upos': 'NOUN', 'text': 'चुनाव', 'id': 4, 'deprel': 'obj', 'head': 5}, 'verb': {'upos': 'VERB', 'text': 'हारा', 'id': 5, 'deprel': 'root', 'head': 0}}]",['SOV']
692,"भारतीयों को गरीबी, भ्रष्टाचार, कुपोषण, अपर्याप्त सार्वजनिक स्वास्थ्य-सेवा और आतंकवाद की चुनौतियां सामना करना पड़ता है।",1,"[{'subject': {'upos': 'NOUN', 'text': 'भारतीयों', 'id': 1, 'deprel': 'nsubj', 'head': 17}, 'object': {'upos': 'NOUN', 'text': 'चुनौतियां', 'id': 15, 'deprel': 'obj', 'head': 17}, 'verb': {'upos': 'VERB', 'text': 'करना', 'id': 17, 'deprel': 'root', 'head': 0}}]",['SOV']
698,"रफ़ाएल नदाल ने रोजर फ़ेडरर को 7-5, 3-6, 7-6 (3), 3-6, 6-2 से हराया था।",1,"[{'subject': {'upos': 'PROPN', 'text': 'नदाल', 'id': 2, 'deprel': 'nsubj', 'head': 20}, 'object': {'upos': 'PROPN', 'text': 'फ़ेडरर', 'id': 5, 'deprel': 'obj', 'head': 20}, 'verb': {'upos': 'VERB', 'text': 'हराया', 'id': 20, 'deprel': 'root', 'head': 0}}]",['SOV']
702,लिंकिन पार्क ने वर्ष 2000 में हायब्रिड थिअरी एल्बम जारी किया।,1,"[{'subject': {'upos': 'PROPN', 'text': 'पार्क', 'id': 2, 'deprel': 'nsubj', 'head': 11}, 'object': {'upos': 'PROPN', 'text': 'एल्बम', 'id': 9, 'deprel': 'obj', 'head': 11}, 'verb': {'upos': 'VERB', 'text': 'किया', 'id': 11, 'deprel': 'root', 'head': 0}}]",['SOV']
704,"लिंकिन पार्क की शुरुआत मेटियोरा एल्बम की सफलता के बाद हुई। एल्बम की सफलता ने बैंड को एक और प्रॉजेक्ट रेवल्यूशन के गठन का अवसर दिया, जिसमें अन्य बैंड और मुडवाइन, ब्लाइंडसाइड और एक्ज़िबिट जैसे कलाकार प्रस्तुत हुए। इसके अतिरिक्त, मेटालिका ने ग्रीष्मकालीन सैनिटेरियम टूर 2003 में बजाने के लिए लिंकिन पार्क को आमंत्रित किया, जिसमें लिम्प बिज़किट, मुडवाइन और डेफ़्टोन्स जैसे विख्यात प्रदर्शन शामिल थे।",1,"[{'subject': {'upos': 'PROPN', 'text': 'मेटालिका', 'id': 4, 'deprel': 'nsubj', 'head': 18}, 'object': {'upos': 'PROPN', 'text': 'पार्क', 'id': 15, 'deprel': 'obj', 'head': 18}, 'verb': {'upos': 'VERB', 'text': 'किया', 'id': 18, 'deprel': 'root', 'head': 0}}]",['SOV']
705,लिंकिन पार्क ने सर्वश्रेष्ठ रैप/संग सहयोग के लिए ग्रैमी पुरस्कार जीता था।,1,"[{'subject': {'upos': 'PROPN', 'text': 'पार्क', 'id': 2, 'deprel': 'nsubj', 'head': 11}, 'object': {'upos': 'PROPN', 'text': 'पुरस्कार', 'id': 10, 'deprel': 'obj', 'head': 11}, 'verb': {'upos': 'VERB', 'text': 'जीता', 'id': 11, 'deprel': 'root', 'head': 0}}]",['SOV']
706,"बैंड ने अगस्त, 2006 में 30-50 गाने रिकॉर्ड किए थे।",1,"[{'subject': {'upos': 'NOUN', 'text': 'बैंड', 'id': 1, 'deprel': 'nsubj', 'head': 10}, 'object': {'upos': 'NOUN', 'text': 'गाने', 'id': 8, 'deprel': 'obj', 'head': 10}, 'verb': {'upos': 'VERB', 'text': 'किए', 'id': 10, 'deprel': 'root', 'head': 0}}]",['SOV']
720,पूजा ने राज को टीना के नाम से लिखा क्योंकि टीना अन्य चीजों में अत्यधिक व्यस्त थी और अपना वादा पूरा नहीं कर सकी थी।,1,"[{'subject': {'upos': 'PROPN', 'text': 'पूजा', 'id': 1, 'deprel': 'nsubj', 'head': 9}, 'object': {'upos': 'PROPN', 'text': 'राज', 'id': 3, 'deprel': 'obj', 'head': 9}, 'verb': {'upos': 'VERB', 'text': 'लिखा', 'id': 9, 'deprel': 'root', 'head': 0}}]",['SOV']
723,पूजा राज से शादी नहीं करने का फैसला करती है क्योंकि वह टीना के दिल को तोड़ना नहीं चाहती।,1,"[{'subject': {'upos': 'PRON', 'text': 'वह', 'id': 12, 'deprel': 'nsubj', 'head': 19}, 'object': {'upos': 'VERB', 'text': 'तोड़ना', 'id': 17, 'deprel': 'obj', 'head': 19}, 'verb': {'upos': 'VERB', 'text': 'चाहती', 'id': 19, 'deprel': 'advcl', 'head': 9}}]",['SOV']
732,वेसली गिब्सन उद्वेग-रोधी दवा लेता था।,1,"[{'subject': {'upos': 'PROPN', 'text': 'गिब्सन', 'id': 2, 'deprel': 'nsubj', 'head': 5}, 'object': {'upos': 'NOUN', 'text': 'दवा', 'id': 4, 'deprel': 'obj', 'head': 5}, 'verb': {'upos': 'VERB', 'text': 'लेता', 'id': 5, 'deprel': 'root', 'head': 0}}]",['SOV']
733,मिलर ने कहा कि पूर्व कल्पित फुटेज को देखने के बाद फ़िल्म के रूपांतरण के उनके उम्मीदों को जागृत कर दिया है।,1,"[{'subject': {'upos': 'PROPN', 'text': 'मिलर', 'id': 1, 'deprel': 'nsubj', 'head': 3}, 'verb': {'upos': 'VERB', 'text': 'कहा', 'id': 3, 'deprel': 'root', 'head': 0}, 'object': {'upos': 'VERB', 'text': 'कर', 'id': 20, 'deprel': 'obj', 'head': 3}}]",['SVO']
737,मेलिसा लियो ने रूथ मैकमिलन की भूमिका निभाई है।,1,"[{'subject': {'upos': 'PROPN', 'text': 'लियो', 'id': 2, 'deprel': 'nsubj', 'head': 8}, 'object': {'upos': 'NOUN', 'text': 'भूमिका', 'id': 7, 'deprel': 'obj', 'head': 8}, 'verb': {'upos': 'VERB', 'text': 'निभाई', 'id': 8, 'deprel': 'root', 'head': 0}}]",['SOV']
738,कांग ने सेर्बस शुरू किया था।,1,"[{'subject': {'upos': 'PROPN', 'text': 'कांग', 'id': 1, 'deprel': 'nsubj', 'head': 5}, 'object': {'upos': 'PROPN', 'text': 'सेर्बस', 'id': 3, 'deprel': 'obj', 'head': 5}, 'verb': {'upos': 'VERB', 'text': 'किया', 'id': 5, 'deprel': 'root', 'head': 0}}]",['SOV']
747,19वीं सदी में रानी के मकान के विस्तार का डिजाइन जॉन नैश और एडवर्ड ब्लोर द्वारा तैयार किया गया था।,1,"[{'object': {'upos': 'NOUN', 'text': 'डिजाइन', 'id': 10, 'deprel': 'obj', 'head': 18}, 'subject': {'upos': 'PROPN', 'text': 'नैश', 'id': 12, 'deprel': 'nsubj:pass', 'head': 18}, 'verb': {'upos': 'VERB', 'text': 'किया', 'id': 18, 'deprel': 'root', 'head': 0}}]",['OSV']
754,"उत्तर: अभिषेक समारोहों के दौरान, महारानी राजगद्दी के मंच पर एक विशाल, गुम्बद युक्त मखमल के मंडप पर खडी होती हैं, जिसे जिसे शामियाना या बाल्डाचिन कहते हैं और जिसका 1911 में दिल्ली दरबार के राज्याभिषेक में उपयोग किया गया था। जब पुरस्कार प्राप्त करने वाले महारानी की ओर बढते हैं और अपना सम्मान प्राप्त करते हैं, म्युजिशियंस गैलरी में एक मिलिट्री बैंड बजाया जाता है, जिसे उनके परिवार के लोग और दोस्त भी देखते हैं।",1,"[{'object': {'upos': 'PRON', 'text': 'जिसे', 'id': 28, 'deprel': 'obj', 'head': 36}, 'subject': {'upos': 'NOUN', 'text': 'लोग', 'id': 32, 'deprel': 'nsubj', 'head': 36}, 'verb': {'upos': 'VERB', 'text': 'देखते', 'id': 36, 'deprel': 'acl:relcl', 'head': 23}}]",['OSV']
759,"राजकीय भोज भी नृत्य कक्ष में होते हैं; इन अवसरों पर, 150 या इससे अधिक अतिथि औपचारिक ’सफ़ेद टाई और अन्य सजावट’ के साथ जिसमें महिलाओं का मुकुट भी शामिल है, सोने के प्लेटों में भोजन करते हैं। सबसे बड़े और सबसे औपचारिक स्वागत समारोह प्रत्येक नवंबर को आयोजित होता है, जब महारानी लंदन में रहनेवाले विदेशी राजनैतिक समूह के सदस्यों से मिलती हैं।",1,"[{'subject': {'upos': 'NOUN', 'text': 'महारानी', 'id': 16, 'deprel': 'nsubj', 'head': 26}, 'object': {'upos': 'NOUN', 'text': 'सदस्यों', 'id': 24, 'deprel': 'obj', 'head': 26}, 'verb': {'upos': 'VERB', 'text': 'मिलती', 'id': 26, 'deprel': 'acl:relcl', 'head': 9}}]",['SOV']
767,"पर्यटन क्षेत्र है, जो £100 मिलियन (£10 करोड़) से अधिक अर्थ उत्पन्न करता है और स्कॉटलैंड में आकर्षित करता है।",1,"[{'subject': {'upos': 'PRON', 'text': 'जो', 'id': 5, 'deprel': 'nsubj', 'head': 16}, 'object': {'upos': 'NOUN', 'text': 'अर्थ', 'id': 14, 'deprel': 'obj', 'head': 16}, 'verb': {'upos': 'VERB', 'text': 'करता', 'id': 16, 'deprel': 'acl:relcl', 'head': 2}}]",['SOV']
769,बेन एफ्लेक ने कार्यकारी निर्माता के रूप में कार्य किया।,1,"[{'subject': {'upos': 'PROPN', 'text': 'एफ्लेक', 'id': 2, 'deprel': 'nsubj', 'head': 10}, 'object': {'upos': 'NOUN', 'text': 'कार्य', 'id': 9, 'deprel': 'obj', 'head': 10}, 'verb': {'upos': 'VERB', 'text': 'किया', 'id': 10, 'deprel': 'root', 'head': 0}}]",['SOV']
770,1773 में भ्रष्टाचार के परिणामस्वरूप भारत का आंशिक नियंत्रण ब्रिटिश सरकार ने ग्रहण किया था।,1,"[{'object': {'upos': 'NOUN', 'text': 'नियंत्रण', 'id': 9, 'deprel': 'obj', 'head': 14}, 'subject': {'upos': 'PROPN', 'text': 'सरकार', 'id': 11, 'deprel': 'nsubj', 'head': 14}, 'verb': {'upos': 'VERB', 'text': 'किया', 'id': 14, 'deprel': 'root', 'head': 0}}]",['OSV']
785,घड़ी और डायल औगुस्तुस पुगिन द्वारा डिज़ाइन किये गए थे।,1,"[{'object': {'upos': 'NOUN', 'text': 'घड़ी', 'id': 1, 'deprel': 'obj', 'head': 8}, 'subject': {'upos': 'PROPN', 'text': 'पुगिन', 'id': 5, 'deprel': 'nsubj:pass', 'head': 8}, 'verb': {'upos': 'VERB', 'text': 'किये', 'id': 8, 'deprel': 'root', 'head': 0}}]",['OSV']
787,"पेंडुलम के ऊपर पुराने सिक्कों का ढेर है ताकि घड़ी के समय को समायोजित करने के लिए है। सिक्का जोड़ने से पेंडुलम के केंद्र आधिक्य की स्थिति थोड़ी सी ऊपर उठ जाती है, जिसके कारण छड़ी के पेंडुलम की लंबाई कम हो जाती है और इसलिए यह उस दर को बढ़ा देता है जिस दर पर पेंडुलम हिलता है।",1,"[{'subject': {'upos': 'PRON', 'text': 'यह', 'id': 30, 'deprel': 'nsubj', 'head': 34}, 'object': {'upos': 'NOUN', 'text': 'दर', 'id': 32, 'deprel': 'obj', 'head': 34}, 'verb': {'upos': 'VERB', 'text': 'बढ़ा', 'id': 34, 'deprel': 'conj', 'head': 25}}]",['SOV']
788,घड़ी को रखरखाव के दौरान इलेक्ट्रिक मोटर द्वारा संचालित किया गया था।,1,"[{'object': {'upos': 'NOUN', 'text': 'घड़ी', 'id': 1, 'deprel': 'obj', 'head': 10}, 'subject': {'upos': 'NOUN', 'text': 'मोटर', 'id': 7, 'deprel': 'nsubj:pass', 'head': 10}, 'verb': {'upos': 'VERB', 'text': 'किया', 'id': 10, 'deprel': 'root', 'head': 0}}]",['OSV']
799,"हीरीरोलैण्ड के द्वारा ओमाहिके क्षेत्र, ओट्जोज़ोण्ड्जुपा क्षेत्र, कुनेने क्षेत्र और हिम्बा क्षेत्र को शामिल किया गया है।",1,"[{'subject': {'upos': 'PROPN', 'text': 'हीरीरोलैण्ड', 'id': 1, 'deprel': 'nsubj:pass', 'head': 17}, 'object': {'upos': 'NOUN', 'text': 'क्षेत्र', 'id': 5, 'deprel': 'obj', 'head': 17}, 'verb': {'upos': 'VERB', 'text': 'किया', 'id': 17, 'deprel': 'root', 'head': 0}}]",['SOV']
800,नमीबियन स्कूलों में मातृ भाषा और दूसरी भाषा दोनों रूपों में पढ़ाई जाती है।,1,"[{'subject': {'upos': 'PROPN', 'text': 'नमीबियन', 'id': 1, 'deprel': 'nsubj:pass', 'head': 12}, 'object': {'upos': 'NOUN', 'text': 'भाषा', 'id': 5, 'deprel': 'obj', 'head': 12}, 'verb': {'upos': 'VERB', 'text': 'पढ़ाई', 'id': 12, 'deprel': 'root', 'head': 0}}]",['SOV']
810,बायरामोव के शुरुआती परिदृश्य काम के लिए आलोचकों ने उच्च प्रशंसा अर्जित की थी।,1,"[{'subject': {'upos': 'NOUN', 'text': 'आलोचकों', 'id': 8, 'deprel': 'nsubj', 'head': 13}, 'object': {'upos': 'NOUN', 'text': 'प्रशंसा', 'id': 11, 'deprel': 'obj', 'head': 13}, 'verb': {'upos': 'VERB', 'text': 'की', 'id': 13, 'deprel': 'root', 'head': 0}}]",['SOV']
811,"नहीं, बेरामोव 1965 से 1968 तक अश्गाबात स्थित तुर्कमेन राज्य कला महाविद्यालय में शोटा रुस्तावेली के एक कला शिक्षक के रूप में कार्य किया था, लेकिन पिछले वर्ष नहीं।",1,"[{'subject': {'upos': 'PROPN', 'text': 'बेरामोव', 'id': 3, 'deprel': 'nsubj', 'head': 25}, 'object': {'upos': 'NOUN', 'text': 'कार्य', 'id': 24, 'deprel': 'obj', 'head': 25}, 'verb': {'upos': 'VERB', 'text': 'किया', 'id': 25, 'deprel': 'root', 'head': 0}}]",['SOV']
817,बेरामोव ने 1985 में अपनी सबसे सुप्रसिद्ध विषयगत रचनाओं पर काम शुरू किया था।,1,"[{'subject': {'upos': 'PROPN', 'text': 'बेरामोव', 'id': 1, 'deprel': 'nsubj', 'head': 13}, 'object': {'upos': 'NOUN', 'text': 'काम', 'id': 11, 'deprel': 'obj', 'head': 13}, 'verb': {'upos': 'VERB', 'text': 'किया', 'id': 13, 'deprel': 'root', 'head': 0}}]",['SOV']
822,बुकानन ने नवनिर्मित प्रयोग का अभ्यास करना शुरू कर दिया था।,1,"[{'subject': {'upos': 'PROPN', 'text': 'बुकानन', 'id': 1, 'deprel': 'nsubj', 'head': 9}, 'object': {'upos': 'VERB', 'text': 'करना', 'id': 7, 'deprel': 'obj', 'head': 9}, 'verb': {'upos': 'VERB', 'text': 'कर', 'id': 9, 'deprel': 'root', 'head': 0}}]",['SOV']
833,"१९७७ में स्कूल से स्नातक होने पर, उन्होंने चेल्याबिंस्क, रूस में एक रेडियो उपकरण संयंत्र में काम किया था।",1,"[{'subject': {'upos': 'PRON', 'text': 'उन्होंने', 'id': 9, 'deprel': 'nsubj', 'head': 20}, 'object': {'upos': 'NOUN', 'text': 'काम', 'id': 19, 'deprel': 'obj', 'head': 20}, 'verb': {'upos': 'VERB', 'text': 'किया', 'id': 20, 'deprel': 'root', 'head': 0}}]",['SOV']
834,कॉर्निएन्को ने १९८६ से १९९१ के बीच बैकोनूर लॉन्च सुविधा में एक प्रक्षेपण उपकरण विशेषज्ञ के रूप में काम किया था।,1,"[{'subject': {'upos': 'PROPN', 'text': 'कॉर्निएन्को', 'id': 1, 'deprel': 'nsubj', 'head': 20}, 'object': {'upos': 'NOUN', 'text': 'काम', 'id': 19, 'deprel': 'obj', 'head': 20}, 'verb': {'upos': 'VERB', 'text': 'किया', 'id': 20, 'deprel': 'root', 'head': 0}}]",['SOV']
835,"१९९१ से दिसंबर १९९२ तक कोरिएंडो ओ.ओ.ओ ट्रांसवोस्तोक तकनीकी और उत्पादन विभाग के निदेशक थे। जनवरी १९९३ से अप्रैल १९९५ तक वह एलएलसी ईएसटीई जनरल डायरेक्टर थे। अक्टूबर १९९५ में, कोरिएंडो ने एनर्जी रॉकेट / स्पेस कॉरपोरेशन (आरएससी) में काम करना शुरू कर दिया।",1,"[{'subject': {'upos': 'PROPN', 'text': 'कोरिएंडो', 'id': 5, 'deprel': 'nsubj', 'head': 19}, 'object': {'upos': 'VERB', 'text': 'करना', 'id': 17, 'deprel': 'obj', 'head': 19}, 'verb': {'upos': 'VERB', 'text': 'कर', 'id': 19, 'deprel': 'root', 'head': 0}}]",['SOV']
836,कोर्निएन्को ने एनर्जी रॉकेट / स्पेस कॉरपोरेशन (आरएससी) में काम करना शुरू कर दिया अक्टूबर १९९५ में।,1,"[{'subject': {'upos': 'PROPN', 'text': 'कोर्निएन्को', 'id': 1, 'deprel': 'nsubj', 'head': 15}, 'object': {'upos': 'VERB', 'text': 'करना', 'id': 13, 'deprel': 'obj', 'head': 15}, 'verb': {'upos': 'VERB', 'text': 'कर', 'id': 15, 'deprel': 'root', 'head': 0}}]",['SOV']
843,एली गोल्डिंग ने 2010 में ब्रिट अवार्ड्स में क्रिटिक्स चॉइस पुरस्कार जीता था।,1,"[{'subject': {'upos': 'PROPN', 'text': 'गोल्डिंग', 'id': 2, 'deprel': 'nsubj', 'head': 12}, 'object': {'upos': 'PROPN', 'text': 'पुरस्कार', 'id': 11, 'deprel': 'obj', 'head': 12}, 'verb': {'upos': 'VERB', 'text': 'जीता', 'id': 12, 'deprel': 'root', 'head': 0}}]",['SOV']
844,एलेना ने क्लेरिनेट बजाना 9 साल की उम्र में सीखा था।,1,"[{'subject': {'upos': 'PROPN', 'text': 'एलेना', 'id': 1, 'deprel': 'nsubj', 'head': 10}, 'object': {'upos': 'VERB', 'text': 'बजाना', 'id': 4, 'deprel': 'obj', 'head': 10}, 'verb': {'upos': 'VERB', 'text': 'सीखा', 'id': 10, 'deprel': 'root', 'head': 0}}]",['SOV']
845,2010 में एली गॉल्डिंग ने ब्रिट अवार्ड्स में क्रिटिक्स चॉइस अवार्ड जीता था।,1,"[{'subject': {'upos': 'PROPN', 'text': 'गॉल्डिंग', 'id': 4, 'deprel': 'nsubj', 'head': 12}, 'object': {'upos': 'PROPN', 'text': 'अवार्ड', 'id': 11, 'deprel': 'obj', 'head': 12}, 'verb': {'upos': 'VERB', 'text': 'जीता', 'id': 12, 'deprel': 'root', 'head': 0}}]",['SOV']
856,"पसीने वाली बीमारी प्लेग से अलग थी। प्लेग को मारक बुखार या अन्य महामारी के रूप में जाना जाता था, जबकि पसीने वाली बीमारी का नाम केवल विशिष्ट लक्षणों के कारण नहीं मिला, बल्कि इसका अत्यधिक तेज़ी से फैलना और घातक होना भी एक कारण है।",1,"[{'subject': {'upos': 'VERB', 'text': 'फैलना', 'id': 34, 'deprel': 'nsubj', 'head': 41}, 'object': {'upos': 'NOUN', 'text': 'कारण', 'id': 40, 'deprel': 'obj', 'head': 41}, 'verb': {'upos': 'VERB', 'text': 'है', 'id': 41, 'deprel': 'advcl', 'head': 27}}]",['SOV']
859,१९३५ में फॉलस्टिच ने सहायक स्नातक के रूप में प्रशिक्षण देना शुरू किया था।,1,"[{'subject': {'upos': 'PROPN', 'text': 'फॉलस्टिच', 'id': 3, 'deprel': 'nsubj', 'head': 13}, 'object': {'upos': 'VERB', 'text': 'देना', 'id': 11, 'deprel': 'obj', 'head': 13}, 'verb': {'upos': 'VERB', 'text': 'किया', 'id': 13, 'deprel': 'root', 'head': 0}}]",['SOV']
863,मार्गा फॉलस्टिच ने माइक्रोस्कोप और दूरबीन के लिए लेंस पर विशेष ध्यान देने के साथ नए ऑप्टिकल चश्मे के अनुसंधान और विकास पर काम करना जारी रखा।,1,"[{'subject': {'upos': 'PROPN', 'text': 'फॉलस्टिच', 'id': 2, 'deprel': 'nsubj', 'head': 27}, 'object': {'upos': 'VERB', 'text': 'करना', 'id': 25, 'deprel': 'obj', 'head': 27}, 'verb': {'upos': 'VERB', 'text': 'रखा', 'id': 27, 'deprel': 'root', 'head': 0}}]",['SOV']
864,मार्गा फॉलस्टिच ने 44 साल की उम्र में सेवानिवृत्त होने के बाद दूरदराज के देशों की यात्रा की और ग्लास सम्मेलनों में व्याख्यान और प्रस्तुतियां देती रहीं।,1,"[{'subject': {'upos': 'PROPN', 'text': 'फॉलस्टिच', 'id': 2, 'deprel': 'nsubj', 'head': 18}, 'object': {'upos': 'NOUN', 'text': 'व्याख्यान', 'id': 23, 'deprel': 'obj', 'head': 26}, 'verb': {'upos': 'VERB', 'text': 'देती', 'id': 26, 'deprel': 'conj', 'head': 18}}]",['SOV']
867,टेलीविज़न ने प्रीमियर लीग के इतिहास में एक प्रमुख भूमिका निभाई है।,1,"[{'subject': {'upos': 'NOUN', 'text': 'टेलीविज़न', 'id': 1, 'deprel': 'nsubj', 'head': 11}, 'object': {'upos': 'NOUN', 'text': 'भूमिका', 'id': 10, 'deprel': 'obj', 'head': 11}, 'verb': {'upos': 'VERB', 'text': 'निभाई', 'id': 11, 'deprel': 'root', 'head': 0}}]",['SOV']
869,"गाम्बिया में कई जातीय समूह रहते हैं, लेकिन सबसे विशाल समूह मान्दिका जनजाति है, इसके बाद क्रमशः फूला, वोलोफ, जोला और सेराहूले जनजातियाँ हैं। इनमे सबसे विशाल समूह मान्दिका जनजाति है, जिसके बारे में उल्लेख नहीं है कि उसके बीच आपसी मतभेद बहुत कम हैं और प्रत्येक समूह अपनी भाषा और परम्पराओं को सहेजे हुए है।",1,"[{'subject': {'upos': 'NOUN', 'text': 'समूह', 'id': 25, 'deprel': 'nsubj', 'head': 31}, 'object': {'upos': 'NOUN', 'text': 'भाषा', 'id': 27, 'deprel': 'obj', 'head': 31}, 'verb': {'upos': 'VERB', 'text': 'सहेजे', 'id': 31, 'deprel': 'conj', 'head': 21}}]",['SOV']
877,"लॉर्ड्स चैंबर के सीधे उत्तर में 'पीयर्स की लॉबी है, एक डेवढ़ी जहां सदन की बैठकों के दौरान लॉर्ड्स अनौपचारिक चर्चा या मामले पर बातचीत कर सकते हैं, साथ ही साथ द्वारपाल से सन्देश प्राप्त कर सकते हैं, जो चैंबर में पहुँच को नियंत्रित करता है।",1,"[{'subject': {'upos': 'PRON', 'text': 'जो', 'id': 43, 'deprel': 'nsubj', 'head': 49}, 'object': {'upos': 'NOUN', 'text': 'पहुँच', 'id': 46, 'deprel': 'obj', 'head': 49}, 'verb': {'upos': 'VERB', 'text': 'करता', 'id': 49, 'deprel': 'acl:relcl', 'head': 37}}]",['SOV']
880,"सन 1821 में किंग जॉर्ज चतुर्थ का था, उनके उत्तराधिकारी, विलियम चतुर्थ, ने इस विचार को त्याग दिया, क्योंकि उनकी समझ से यह बहुत महंगा था।",1,"[{'subject': {'upos': 'NOUN', 'text': 'उत्तराधिकारी', 'id': 11, 'deprel': 'nsubj', 'head': 21}, 'object': {'upos': 'NOUN', 'text': 'विचार', 'id': 18, 'deprel': 'obj', 'head': 21}, 'verb': {'upos': 'VERB', 'text': 'दिया', 'id': 21, 'deprel': 'root', 'head': 0}}]",['SOV']
885,महल नष्ट हो जाता और राजा और उसके परिवार और अभिजात वर्ग के अधिकांश सदस्य मारे जाते.,1,"[{'subject': {'upos': 'NOUN', 'text': 'महल', 'id': 1, 'deprel': 'nsubj', 'head': 3}, 'object': {'upos': 'NOUN', 'text': 'सदस्य', 'id': 15, 'deprel': 'obj', 'head': 16}, 'verb': {'upos': 'VERB', 'text': 'मारे', 'id': 16, 'deprel': 'conj', 'head': 3}}]",['SOV']
887,इसे लुईस मेंदेज़ पेदल ने बहाल किया था।,1,"[{'object': {'upos': 'PRON', 'text': 'इसे', 'id': 1, 'deprel': 'obj', 'head': 7}, 'subject': {'upos': 'PROPN', 'text': 'पेदल', 'id': 4, 'deprel': 'nsubj', 'head': 7}, 'verb': {'upos': 'VERB', 'text': 'किया', 'id': 7, 'deprel': 'root', 'head': 0}}]",['OSV']
905,वाइकिंग लोग अपने मशहूर लांगशिपों में विस्तुला और ओडेर तक का सफर तय करते थे।,1,"[{'subject': {'upos': 'NOUN', 'text': 'लोग', 'id': 2, 'deprel': 'nsubj', 'head': 14}, 'object': {'upos': 'NOUN', 'text': 'सफर', 'id': 12, 'deprel': 'obj', 'head': 14}, 'verb': {'upos': 'VERB', 'text': 'करते', 'id': 14, 'deprel': 'root', 'head': 0}}]",['SOV']
906,आत्म-चित्रांकन का मतलब है जब कलाकार खुद अपना चित्र बनाता है।,1,"[{'subject': {'upos': 'NOUN', 'text': 'कलाकार', 'id': 6, 'deprel': 'nsubj', 'head': 10}, 'object': {'upos': 'NOUN', 'text': 'चित्र', 'id': 9, 'deprel': 'obj', 'head': 10}, 'verb': {'upos': 'VERB', 'text': 'बनाता', 'id': 10, 'deprel': 'acl:relcl', 'head': 3}}]",['SOV']
909,फिल्म में मुख्य भूमिका कंबरबैच ने निभाई।,1,"[{'object': {'upos': 'NOUN', 'text': 'भूमिका', 'id': 4, 'deprel': 'obj', 'head': 7}, 'subject': {'upos': 'PROPN', 'text': 'कंबरबैच', 'id': 5, 'deprel': 'nsubj', 'head': 7}, 'verb': {'upos': 'VERB', 'text': 'निभाई', 'id': 7, 'deprel': 'root', 'head': 0}}]",['OSV']
913,मॉरिसन ने अपनी पहली कविता मार्च 1969 में लॉस एंजिल्स में एक पेशेवर साउंड स्टूडियो में रिकॉर्ड करवाई थी।,1,"[{'subject': {'upos': 'PROPN', 'text': 'मॉरिसन', 'id': 1, 'deprel': 'nsubj', 'head': 18}, 'object': {'upos': 'NOUN', 'text': 'कविता', 'id': 5, 'deprel': 'obj', 'head': 18}, 'verb': {'upos': 'VERB', 'text': 'करवाई', 'id': 18, 'deprel': 'root', 'head': 0}}]",['SOV']
914,एंडी मॉरिसन के भाई ने जेरी हॉपकिंस से मॉरिसन के माता-पिता की दी जाने वाली सजा के बारे में बात की थी।,1,"[{'subject': {'upos': 'NOUN', 'text': 'भाई', 'id': 4, 'deprel': 'nsubj', 'head': 21}, 'object': {'upos': 'PROPN', 'text': 'हॉपकिंस', 'id': 7, 'deprel': 'obj', 'head': 21}, 'verb': {'upos': 'VERB', 'text': 'की', 'id': 21, 'deprel': 'root', 'head': 0}}]",['SOV']
915,"मॉरिसन की सोच को फ्रेडरिक नीत्शे, विलियम ब्लेक, चार्ल्स बौडेलेर, आर्थर रिमबॉड, जैक केरौअक और फ्रेंच लुई-फर्डिनेंड सेलिन ने प्रभावित किया।",1,"[{'object': {'upos': 'NOUN', 'text': 'सोच', 'id': 3, 'deprel': 'obj', 'head': 25}, 'subject': {'upos': 'PROPN', 'text': 'नीत्शे', 'id': 6, 'deprel': 'nsubj', 'head': 25}, 'verb': {'upos': 'VERB', 'text': 'किया', 'id': 25, 'deprel': 'root', 'head': 0}}]",['OSV']
918,"जैकी के चरित्र के बारे में उसे आखिर पता चलता है कि वह एक गुंडा है, न कि एक पुलिस अधिकारी जैसा वह बताता है।",1,"[{'subject': {'upos': 'PRON', 'text': 'उसे', 'id': 7, 'deprel': 'nsubj', 'head': 10}, 'verb': {'upos': 'VERB', 'text': 'चलता', 'id': 10, 'deprel': 'root', 'head': 0}, 'object': {'upos': 'NOUN', 'text': 'गुंडा', 'id': 15, 'deprel': 'obj', 'head': 10}}]",['SVO']
933,"हिंदी में उत्तर: संप्रभु और उसके तत्काल परिवार के सदस्य देश के विभिन्न आधिकारिक, औपचारिक और प्रतिनिधि कार्यों का निर्वाह करते हैं। सत्ताधारी रानी/राजा पर सैद्धांतिक रूप से एक संवैधानिक शासक के अधिकार निहित है, परंतु सदियों पुराने आम कानून के कारण संप्रभु अपने अधिकतर शक्तियों का अभ्यास केवल संसद और सरकार के विनिर्देशों के अनुसार ही कार्यान्वित करने के लिए बाध्य हैं।",1,"[{'subject': {'upos': 'NOUN', 'text': 'संप्रभु', 'id': 22, 'deprel': 'nsubj', 'head': 42}, 'object': {'upos': 'ADJ', 'text': 'बाध्य', 'id': 41, 'deprel': 'obj', 'head': 42}, 'verb': {'upos': 'VERB', 'text': 'हैं', 'id': 42, 'deprel': 'conj', 'head': 12}}]",['SOV']
934,"1649 से 1660 में राजतंत्र की परंपरा को तोड़ने वाला पहला देश इंग्लैंड था। इस दौरान इंग्लैंड में अंग्रेज़ी राष्ट्रमंडल के नाम से एक क्षणिक गणतांत्रिक काल चला, जो तीन राज्यों के युद्ध के बाद अस्तिव में आया, परंतु 1660 के बाद राजशाही को पुनर्स्थापित कर दिया गया।",1,"[{'subject': {'upos': 'PRON', 'text': 'जो', 'id': 16, 'deprel': 'nsubj', 'head': 25}, 'object': {'upos': 'NOUN', 'text': 'राजशाही', 'id': 31, 'deprel': 'obj', 'head': 34}, 'verb': {'upos': 'VERB', 'text': 'कर', 'id': 34, 'deprel': 'conj', 'head': 25}}]",['SOV']
939,"थाॅमस लिंकन के माता-पिता के साथ रहता है, नैंसी (राॅबिन मैकलिएवी) और थाॅमस (जाॅसेफ मैवल), जोकि दोनों जैक बार्ट्स के खेतों में पौधारोपण का काम करते थे।",1,"[{'subject': {'upos': 'PROPN', 'text': 'नैंसी', 'id': 10, 'deprel': 'nsubj', 'head': 32}, 'object': {'upos': 'NOUN', 'text': 'काम', 'id': 31, 'deprel': 'obj', 'head': 32}, 'verb': {'upos': 'VERB', 'text': 'करते', 'id': 32, 'deprel': 'conj', 'head': 7}}]",['SOV']
942,मैरी और दूसरे पूर्व-गुलाम सारे चाँदी को भूमिगत रेलवेमार्ग से गेटिस्बर्ग पहुँचा देते हैं।,1,"[{'subject': {'upos': 'PROPN', 'text': 'मैरी', 'id': 1, 'deprel': 'nsubj', 'head': 12}, 'object': {'upos': 'NOUN', 'text': 'चाँदी', 'id': 6, 'deprel': 'obj', 'head': 12}, 'verb': {'upos': 'VERB', 'text': 'पहुँचा', 'id': 12, 'deprel': 'root', 'head': 0}}]",['SOV']
947,मछुआरों ने निरर्था को उपहार प्रदान किये।,1,"[{'subject': {'upos': 'NOUN', 'text': 'मछुआरों', 'id': 1, 'deprel': 'nsubj', 'head': 7}, 'object': {'upos': 'NOUN', 'text': 'उपहार', 'id': 5, 'deprel': 'obj', 'head': 7}, 'verb': {'upos': 'VERB', 'text': 'किये', 'id': 7, 'deprel': 'root', 'head': 0}}]",['SOV']
948,डिस्कवरी चैनल ने टेलिविजन सिरीज ऐनिमल फेस-ऑफ प्रसारित किया था।,1,"[{'subject': {'upos': 'NOUN', 'text': 'चैनल', 'id': 2, 'deprel': 'nsubj', 'head': 9}, 'object': {'upos': 'NOUN', 'text': 'सिरीज', 'id': 5, 'deprel': 'obj', 'head': 9}, 'verb': {'upos': 'VERB', 'text': 'किया', 'id': 9, 'deprel': 'root', 'head': 0}}]",['SOV']
960,एलिज़ाबेथ द्वितीय ने द्वितीय विश्व युद्ध के दौरान जनसेवाओं में हिस्सा लेना शुरु किया और सहायक प्रादेशिक सेवा में हिस्सा लिया।,1,"[{'subject': {'upos': 'PROPN', 'text': 'द्वितीय', 'id': 2, 'deprel': 'nsubj', 'head': 14}, 'object': {'upos': 'VERB', 'text': 'लेना', 'id': 12, 'deprel': 'obj', 'head': 14}, 'verb': {'upos': 'VERB', 'text': 'किया', 'id': 14, 'deprel': 'root', 'head': 0}}]",['SOV']
963,एडवर्ड ८ ने वैलिस सिम्पसन से शादी की थी।,1,"[{'subject': {'upos': 'PROPN', 'text': '८', 'id': 2, 'deprel': 'nsubj', 'head': 8}, 'object': {'upos': 'PROPN', 'text': 'सिम्पसन', 'id': 5, 'deprel': 'obj', 'head': 8}, 'verb': {'upos': 'VERB', 'text': 'की', 'id': 8, 'deprel': 'root', 'head': 0}}]",['SOV']
987,"मस्तिष्क ज्वर आम तौर पर सूक्ष्मजीवों द्वारा होने वाला एक संक्रमण है। इसके कई कारण हैं, जिनमें वायरस, बैक्टीरिया, फंगी और प्रोटोज़ोआ शामिल हैं। असेप्टिक मेनिन्जाइटिस उन मामलों को बताता है जिनमें कोई बैक्टीरिया जनित संक्रमण प्रदर्शित नहीं होते हैं, लेकिन यह ऐसे बैक्टीरिया जनित संक्रमणों के कारण भी हो सकता है जिनका पहले आंशिक उपचार हो चुका हो।",1,"[{'subject': {'upos': 'PROPN', 'text': 'मेनिन्जाइटिस', 'id': 2, 'deprel': 'nsubj', 'head': 6}, 'object': {'upos': 'NOUN', 'text': 'मामलों', 'id': 4, 'deprel': 'obj', 'head': 6}, 'verb': {'upos': 'VERB', 'text': 'बताता', 'id': 6, 'deprel': 'root', 'head': 0}}]",['SOV']
988,"हाँ, प्रतिरक्षा शक्ति के नुकसान से संबंधित है। फफूंद जनित मस्तिष्क ज्वर के लिए बहुत सारे जोखिम कारक हैं जिनमें इम्युनोसप्रेसेन्ट (जैसे अंग प्रत्यारोपण के बाद) का उपयोग, HIV/AIDS और उम्र बढ़ने के साथ प्रतिरक्षा की हानि शामिल है।",1,"[{'subject': {'upos': 'NOUN', 'text': 'हानि', 'id': 32, 'deprel': 'nsubj', 'head': 34}, 'object': {'upos': 'ADJ', 'text': 'शामिल', 'id': 33, 'deprel': 'obj', 'head': 34}, 'verb': {'upos': 'VERB', 'text': 'है', 'id': 34, 'deprel': 'acl:relcl', 'head': 10}}]",['SOV']
990,"मस्तिष्क ज्वर (मेनिंजाइटिस) गैर-संक्रामक कारकों के परिणामस्वरूप भी हो सकता है, जैसे कि मस्तिष्क आवरण में कैंसर, कुछ दवाएं, सरकॉएडोसिस, सिस्टोमिक लंप्स एराइथेमेटोसस, वैस्क्युलाइटिस, इपिडरमॉएड सिस्ट, डरमॉएड सिस्ट, सबअर्कनॉएड क्षेत्र में उत्तेजक पदार्थ जाने से मस्तिष्क ज्वर पैदा कर सकता है। मोलारेट्स मेनिन्जाइटिस एक ऐसा सिन्ड्रोम है जो एसेप्टिक मस्तिष्क ज्वर के बार-बार होने वाला एपीसोड है, जिसका कारण हरपीस सिम्पलेक्स वायरस टाइप 2 है। कभी कभार, माइग्रेन मस्तिष्क ज्वर पैदा कर सकता है, लेकिन यह निदान आमतौर पर तब किया जाता है जब अन्य कारक समाप्त हो जाते हैं।",1,"[{'subject': {'upos': 'PROPN', 'text': 'माइग्रेन', 'id': 4, 'deprel': 'nsubj', 'head': 8}, 'object': {'upos': 'NOUN', 'text': 'ज्वर', 'id': 6, 'deprel': 'obj', 'head': 8}, 'verb': {'upos': 'VERB', 'text': 'कर', 'id': 8, 'deprel': 'root', 'head': 0}}]",['SOV']
999,"बोइंग 737 एवं एयरबस ए 310, ए 320 एवं कम दूरी वाले ए.टी.ऱ.एयरक्राफ्ट ने सोवियत विमान का स्थान लिया।",1,"[{'subject': {'upos': 'PROPN', 'text': '737', 'id': 2, 'deprel': 'nsubj', 'head': 21}, 'object': {'upos': 'NOUN', 'text': 'स्थान', 'id': 20, 'deprel': 'obj', 'head': 21}, 'verb': {'upos': 'VERB', 'text': 'लिया', 'id': 21, 'deprel': 'root', 'head': 0}}]",['SOV']
1000,मई 1995 में एयरलाइन ने नया नाम अपनाया।,1,"[{'subject': {'upos': 'NOUN', 'text': 'एयरलाइन', 'id': 4, 'deprel': 'nsubj', 'head': 8}, 'object': {'upos': 'NOUN', 'text': 'नाम', 'id': 7, 'deprel': 'obj', 'head': 8}, 'verb': {'upos': 'VERB', 'text': 'अपनाया', 'id': 8, 'deprel': 'root', 'head': 0}}]",['SOV']
1008,"तख्तापलट विफल हो गया था। स्टॉफ़ेनबर्ग और हेफ्टेन ने नाजी नेताओं के खिलाफ सैन्य तख्तापलट करने का प्रयास किया, लेकिन जब जोसेफ गोबेल्स ने रेडियो द्वारा घोषणा की कि हिटलर बच गया है, और बाद में हिटलर ने व्यक्तिगत रूप से रेडियो पर भाषण दिया, तो साजिशकर्ताओं को एहसास हो गया कि तख्तापलट विफल हो गया है।",1,"[{'subject': {'upos': 'NOUN', 'text': 'साजिशकर्ताओं', 'id': 45, 'deprel': 'nsubj', 'head': 48}, 'verb': {'upos': 'VERB', 'text': 'हो', 'id': 48, 'deprel': 'conj', 'head': 14}, 'object': {'upos': 'VERB', 'text': 'हो', 'id': 53, 'deprel': 'obj', 'head': 48}}]",['SVO']
1010,"पुरुषों ने उच्चतर औसत आय अर्जित की है, जिसकी औसत आय $29,748 है, जबकि महिलाओं की औसत आय $25,734 है।",1,"[{'subject': {'upos': 'NOUN', 'text': 'पुरुषों', 'id': 1, 'deprel': 'nsubj', 'head': 7}, 'object': {'upos': 'NOUN', 'text': 'आय', 'id': 5, 'deprel': 'obj', 'head': 7}, 'verb': {'upos': 'VERB', 'text': 'की', 'id': 7, 'deprel': 'root', 'head': 0}}]",['SOV']
1015,नाना फडणवीस के नेतृत्व में बारह मराठा प्रमुखों ने शिशु को नए पेशवा के रूप में नामित करने और उनके राज्याधिकारी के रूप में शासन करने का प्रयास निर्देशित किया।,1,"[{'subject': {'upos': 'NOUN', 'text': 'प्रमुखों', 'id': 8, 'deprel': 'nsubj', 'head': 30}, 'object': {'upos': 'NOUN', 'text': 'प्रयास', 'id': 28, 'deprel': 'obj', 'head': 30}, 'verb': {'upos': 'VERB', 'text': 'किया', 'id': 30, 'deprel': 'root', 'head': 0}}]",['SOV']
1016,"रघुनाथराव द्वारा प्रदेशों को छोड़ने के बदले में ब्रिटेन ने २,५०० सैनिकों का वादा किया था।",1,"[{'subject': {'upos': 'PROPN', 'text': 'रघुनाथराव', 'id': 1, 'deprel': 'nsubj', 'head': 5}, 'object': {'upos': 'NOUN', 'text': 'प्रदेशों', 'id': 3, 'deprel': 'obj', 'head': 5}, 'verb': {'upos': 'VERB', 'text': 'छोड़ने', 'id': 5, 'deprel': 'obl', 'head': 15}}]",['SOV']
1017,अंग्रेजों ने सेना को पुणे भेजा।,1,"[{'subject': {'upos': 'NOUN', 'text': 'अंग्रेजों', 'id': 1, 'deprel': 'nsubj', 'head': 6}, 'object': {'upos': 'NOUN', 'text': 'सेना', 'id': 3, 'deprel': 'obj', 'head': 6}, 'verb': {'upos': 'VERB', 'text': 'भेजा', 'id': 6, 'deprel': 'root', 'head': 0}}]",['SOV']
1018,"ऑस्ट्रेलियाई ओलंपिक समिति (Australian Olympic Committee) ऑस्ट्रेलिया में ओलंपिक आंदोलन को विकसित, प्रोत्साहित और सुरक्षित करने के लिए जिम्मेदार है।",1,"[{'subject': {'upos': 'PROPN', 'text': 'समिति', 'id': 3, 'deprel': 'nsubj', 'head': 23}, 'object': {'upos': 'ADJ', 'text': 'जिम्मेदार', 'id': 22, 'deprel': 'obj', 'head': 23}, 'verb': {'upos': 'VERB', 'text': 'है', 'id': 23, 'deprel': 'root', 'head': 0}}]",['SOV']
1029,"भगवान की पूजा करते समय ईसाईयों को आभार की भावना का अनुभव करना चाहिए। धर्म अपने अनुयायियों में आभार की भावना उत्पन्न करना और बनाए रखना चाहते हैं, इसलिए ईसाईयों को भगवान की पूजा करते समय आभार की भावना का अनुभव करना चाहिए।",1,"[{'subject': {'upos': 'NOUN', 'text': 'धर्म', 'id': 1, 'deprel': 'nsubj', 'head': 13}, 'object': {'upos': 'VERB', 'text': 'करना', 'id': 9, 'deprel': 'obj', 'head': 13}, 'verb': {'upos': 'VERB', 'text': 'चाहते', 'id': 13, 'deprel': 'acl:relcl', 'head': 16}}]",['SOV']
1030,आभार की उत्पति ईसाई धर्म स्रोत से होती है। ईसाई धर्म में आभार भगवान की उदारता की अभिस्वीकृति है जो ईसाइयों को इस तरह के आदर्शों के आसपास अपने स्वयं के विचार और कार्यों के निर्माण के लिए प्रेरित करता है।,1,"[{'subject': {'upos': 'PRON', 'text': 'जो', 'id': 11, 'deprel': 'nsubj', 'head': 31}, 'object': {'upos': 'NOUN', 'text': 'ईसाइयों', 'id': 12, 'deprel': 'obj', 'head': 31}, 'verb': {'upos': 'VERB', 'text': 'करता', 'id': 31, 'deprel': 'acl:relcl', 'head': 4}}]",['SOV']
1037,मनुष्य के कल्याण में एक महत्वपूर्ण कारण आभार है। कई मनोवैज्ञानिक हस्तक्षेप विकसित किये गए हैं जिनका उद्देश्य आभार की वृद्धि करना है। इन हस्तक्षेपों ने प्रदर्शित किया है कि आभार अभ्यासों से सकारात्मक भावना के अनुभवों में वृद्धि होती है।,1,"[{'subject': {'upos': 'NOUN', 'text': 'हस्तक्षेपों', 'id': 2, 'deprel': 'nsubj', 'head': 5}, 'verb': {'upos': 'VERB', 'text': 'किया', 'id': 5, 'deprel': 'root', 'head': 0}, 'object': {'upos': 'VERB', 'text': 'होती', 'id': 17, 'deprel': 'obj', 'head': 5}}]",['SVO']
1040,"ऐसेनहोवर ने राष्ट्रपति के कॉल चिह्न को स्थापित किया था, जिसके बाद पूर्वी एयरलाइंस की वाणिज्यिक उड़ान में भी राष्ट्रपति के विमान की ही तरह कॉल चिह्न था।",1,"[{'subject': {'upos': 'PROPN', 'text': 'ऐसेनहोवर', 'id': 1, 'deprel': 'nsubj', 'head': 9}, 'object': {'upos': 'NOUN', 'text': 'चिह्न', 'id': 6, 'deprel': 'obj', 'head': 9}, 'verb': {'upos': 'VERB', 'text': 'किया', 'id': 9, 'deprel': 'root', 'head': 0}}]",['SOV']
1042,"राष्ट्रपति रीगन ने दो बार कार्य किया, पहली बार 1981 से 1989 तक और दूसरी बार 1985 से 1989 तक।",1,"[{'subject': {'upos': 'PROPN', 'text': 'रीगन', 'id': 2, 'deprel': 'nsubj', 'head': 7}, 'object': {'upos': 'NOUN', 'text': 'कार्य', 'id': 6, 'deprel': 'obj', 'head': 7}, 'verb': {'upos': 'VERB', 'text': 'किया', 'id': 7, 'deprel': 'root', 'head': 0}}]",['SOV']
1054,महाराजा हरि सिंह ने भारत से मदद मांगी।,1,"[{'subject': {'upos': 'PROPN', 'text': 'सिंह', 'id': 3, 'deprel': 'nsubj', 'head': 8}, 'object': {'upos': 'NOUN', 'text': 'मदद', 'id': 7, 'deprel': 'obj', 'head': 8}, 'verb': {'upos': 'VERB', 'text': 'मांगी', 'id': 8, 'deprel': 'root', 'head': 0}}]",['SOV']
1063,"चैपलिन ने अपनी माता के साथ तीन फीचर फिल्मों में काम किया: अकल्पनीय, ¿पारा क्यू सिर्व ओडी ओसो?",1,"[{'subject': {'upos': 'PROPN', 'text': 'चैपलिन', 'id': 1, 'deprel': 'nsubj', 'head': 12}, 'object': {'upos': 'NOUN', 'text': 'काम', 'id': 11, 'deprel': 'obj', 'head': 12}, 'verb': {'upos': 'VERB', 'text': 'किया', 'id': 12, 'deprel': 'root', 'head': 0}}]",['SOV']
1068,"श्रीलंका की पहाड़ियों में पक्षियों के लिए पाइड कुकू (क्लैमैटर जैकोबिनस) के साथ ब्रूड पैरासाइटिज्म प्रदर्शित करता है, जिसके तहत दूसरे पक्षी के घोंसले में अंडे दे जाना संभव होता है। हालांकि, सामान्य रूप से पाइड कुकू के लिए दो से चार अंडे देना संभव होता है, लेकिन श्रीलंका की पहाड़ियों में पांच तक अंडे देखे गए हैं।",1,"[{'subject': {'upos': 'VERB', 'text': 'देना', 'id': 14, 'deprel': 'nsubj', 'head': 16}, 'object': {'upos': 'NOUN', 'text': 'अंडे', 'id': 26, 'deprel': 'obj', 'head': 27}, 'verb': {'upos': 'VERB', 'text': 'देखे', 'id': 27, 'deprel': 'conj', 'head': 16}}]",['SOV']
1070,"जब भी मुहम्मद उपस्थित थे या बहुत करीब थे, उनकी उपस्थिति प्रकाश अंग संगीत द्वारा इंगित की गई थी।",1,"[{'object': {'upos': 'NOUN', 'text': 'उपस्थिति', 'id': 12, 'deprel': 'obj', 'head': 18}, 'subject': {'upos': 'NOUN', 'text': 'संगीत', 'id': 15, 'deprel': 'nsubj:pass', 'head': 18}, 'verb': {'upos': 'VERB', 'text': 'की', 'id': 18, 'deprel': 'root', 'head': 0}}]",['OSV']
1093,सूत्र समिश्र संख्याओं को त्रिकोणमिति से जोड़ता है।,1,"[{'subject': {'upos': 'NOUN', 'text': 'सूत्र', 'id': 1, 'deprel': 'nsubj', 'head': 7}, 'object': {'upos': 'NOUN', 'text': 'संख्याओं', 'id': 3, 'deprel': 'obj', 'head': 7}, 'verb': {'upos': 'VERB', 'text': 'जोड़ता', 'id': 7, 'deprel': 'root', 'head': 0}}]",['SOV']
1109,नोबुरो मोरी को लोगन ने खत्म किया था।,1,"[{'object': {'upos': 'PROPN', 'text': 'मोरी', 'id': 2, 'deprel': 'obj', 'head': 7}, 'subject': {'upos': 'PROPN', 'text': 'लोगन', 'id': 4, 'deprel': 'nsubj', 'head': 7}, 'verb': {'upos': 'VERB', 'text': 'किया', 'id': 7, 'deprel': 'root', 'head': 0}}]",['OSV']
1111,लोगन को डॉक्टर ग्रीन द्वारा एक मशीन में रखा जाता है।,1,"[{'object': {'upos': 'PROPN', 'text': 'लोगन', 'id': 1, 'deprel': 'obj', 'head': 9}, 'subject': {'upos': 'PROPN', 'text': 'ग्रीन', 'id': 4, 'deprel': 'nsubj:pass', 'head': 9}, 'verb': {'upos': 'VERB', 'text': 'रखा', 'id': 9, 'deprel': 'root', 'head': 0}}]",['OSV']
1124,हंगरी ने इंग्लैंड को 7-1 से हराया था।,1,"[{'subject': {'upos': 'PROPN', 'text': 'हंगरी', 'id': 1, 'deprel': 'nsubj', 'head': 7}, 'object': {'upos': 'PROPN', 'text': 'इंग्लैंड', 'id': 3, 'deprel': 'obj', 'head': 7}, 'verb': {'upos': 'VERB', 'text': 'हराया', 'id': 7, 'deprel': 'root', 'head': 0}}]",['SOV']
1128,किलियन मर्फ़ी ने थियेटर में जाने से पहले रॉक संगीतकार के रूप में अपना काम शुरू किया था।,1,"[{'subject': {'upos': 'PROPN', 'text': 'मर्फ़ी', 'id': 2, 'deprel': 'nsubj', 'head': 17}, 'object': {'upos': 'NOUN', 'text': 'काम', 'id': 15, 'deprel': 'obj', 'head': 17}, 'verb': {'upos': 'VERB', 'text': 'किया', 'id': 17, 'deprel': 'root', 'head': 0}}]",['SOV']
1138,रिकॉर्ड लेबल ने ड्रीम थियेटर को अधिक सुलभ एल्बम लिखने के लिए मजबूर किया।,1,"[{'subject': {'upos': 'NOUN', 'text': 'लेबल', 'id': 2, 'deprel': 'nsubj', 'head': 14}, 'object': {'upos': 'NOUN', 'text': 'थियेटर', 'id': 5, 'deprel': 'obj', 'head': 14}, 'verb': {'upos': 'VERB', 'text': 'किया', 'id': 14, 'deprel': 'root', 'head': 0}}]",['SOV']
1146,"ब्राउनिंग ने चौदह वर्ष की आयु में धाराप्रवाह फ्रेंच, ग्रीक, इटालियन और लैटिन बोलना शुरू कर दिया था। इसलिए जब वे ग्रीक का अध्ययन शुरू किया तो वे चौदह साल के थे।",1,"[{'subject': {'upos': 'PRON', 'text': 'वे', 'id': 3, 'deprel': 'nsubj', 'head': 8}, 'object': {'upos': 'NOUN', 'text': 'अध्ययन', 'id': 6, 'deprel': 'obj', 'head': 8}, 'verb': {'upos': 'VERB', 'text': 'किया', 'id': 8, 'deprel': 'acl:relcl', 'head': 9}}]",['SOV']
1152,जर्मन बैंकों ने संकटपूर्ण आर्थिक घटना को ऐतिहासिक घटना के रूप में वर्गीकृत किया।,1,"[{'subject': {'upos': 'NOUN', 'text': 'बैंकों', 'id': 2, 'deprel': 'nsubj', 'head': 14}, 'object': {'upos': 'NOUN', 'text': 'घटना', 'id': 6, 'deprel': 'obj', 'head': 14}, 'verb': {'upos': 'VERB', 'text': 'किया', 'id': 14, 'deprel': 'root', 'head': 0}}]",['SOV']
1167,"इन लेखकों ने विकासवादी गेम थ्योरी का उपयोग करने की कोशिश की है, जिसका उद्देश्य नैतिकता के प्रति मानवीय दृष्टिकोण के उद्भव की व्याख्या करना है। वे क़ैदी का असमंजस (Prisoner's dilemma), बारहसिंगे का शिकार (Stag hunt) सहित विभिन्न खेलों और नैश सौदेबाज़ी खेल (Nash bargaining game) को नैतिकता के दृष्टिकोण के उद्भव की व्याख्या प्रदान करनेवालों के रूप में देखते हैं।",1,"[{'subject': {'upos': 'PRON', 'text': 'वे', 'id': 1, 'deprel': 'nsubj', 'head': 43}, 'object': {'upos': 'NOUN', 'text': 'खेलों', 'id': 20, 'deprel': 'obj', 'head': 43}, 'verb': {'upos': 'VERB', 'text': 'देखते', 'id': 43, 'deprel': 'root', 'head': 0}}]",['SOV']
1175,प्रोत्साहन कम्पैटिबिलिटी को लिओनिड हर्विज़ और एरिक मस्किन के साथ रॉजर मायर्सन ने पेश किया।,1,"[{'object': {'upos': 'NOUN', 'text': 'कम्पैटिबिलिटी', 'id': 2, 'deprel': 'obj', 'head': 15}, 'subject': {'upos': 'PROPN', 'text': 'मायर्सन', 'id': 12, 'deprel': 'nsubj', 'head': 15}, 'verb': {'upos': 'VERB', 'text': 'किया', 'id': 15, 'deprel': 'root', 'head': 0}}]",['OSV']
1181,मार्च 2012 में डिस्कवरी चैनल ने अनुबंध विवाद के कारण ग्रिल्स के साथ अपने अनुबंध को समाप्त कर दिया।,1,"[{'subject': {'upos': 'PROPN', 'text': 'चैनल', 'id': 5, 'deprel': 'nsubj', 'head': 18}, 'object': {'upos': 'NOUN', 'text': 'अनुबंध', 'id': 15, 'deprel': 'obj', 'head': 18}, 'verb': {'upos': 'VERB', 'text': 'कर', 'id': 18, 'deprel': 'root', 'head': 0}}]",['SOV']
1189,वर्ष 1899 में बासीगुलपो ने जमीन कान मुनतानर दे दालत को अधिगृहीत किया।,1,"[{'subject': {'upos': 'PROPN', 'text': 'बासीगुलपो', 'id': 4, 'deprel': 'nsubj', 'head': 13}, 'object': {'upos': 'NOUN', 'text': 'दालत', 'id': 10, 'deprel': 'obj', 'head': 13}, 'verb': {'upos': 'VERB', 'text': 'किया', 'id': 13, 'deprel': 'root', 'head': 0}}]",['SOV']
1194,"जायके में ग्रीन एप्पल, ऑरेंज, क्रेनबेरी, रास्पबेरी, साइट्रस (नींबू), वनीला, स्ट्राबेरी, काले चेरी, तरबूज, लाइम, ब्लूबेरी, सफेद अंगूर, तरबूज (हनीड्यू/कैंटालोप), अनार, पैसनफ्रूट, नाशपाती और हाल ही में अनारस शामिल हैं।",1,"[{'subject': {'upos': 'PROPN', 'text': 'एप्पल', 'id': 4, 'deprel': 'nsubj', 'head': 49}, 'object': {'upos': 'ADJ', 'text': 'शामिल', 'id': 48, 'deprel': 'obj', 'head': 49}, 'verb': {'upos': 'VERB', 'text': 'हैं', 'id': 49, 'deprel': 'root', 'head': 0}}]",['SOV']
1198,"कॉइनएज एक्ट ने डाइम के सिक्के के अंदरूनी हिस्से का तांबा निर्धारित किया है, जिसके ऊपर एक ७५% ताम्बे और २५% निकल की मिश्रित परत बैठाई जाती है।",1,"[{'subject': {'upos': 'PROPN', 'text': 'एक्ट', 'id': 2, 'deprel': 'nsubj', 'head': 13}, 'object': {'upos': 'NOUN', 'text': 'तांबा', 'id': 11, 'deprel': 'obj', 'head': 13}, 'verb': {'upos': 'VERB', 'text': 'किया', 'id': 13, 'deprel': 'root', 'head': 0}}]",['SOV']
1200,"थॉमस जॅफ़रसन, बेंजामिन फ्रैंकलिन, ऐलॅक्सैन्डर हैमिलटन और डेविड रिटनहाउस ने संयुक्त राज्य में दशमलव पर आधारित मुद्रा बहाल करने का पहला प्रस्ताव रखा।",1,"[{'subject': {'upos': 'PROPN', 'text': 'जॅफ़रसन', 'id': 2, 'deprel': 'nsubj', 'head': 25}, 'object': {'upos': 'NOUN', 'text': 'प्रस्ताव', 'id': 24, 'deprel': 'obj', 'head': 25}, 'verb': {'upos': 'VERB', 'text': 'रखा', 'id': 25, 'deprel': 'root', 'head': 0}}]",['SOV']
1208,"इस तकनीक का उपयोग बेसवादक के वादक, जैसे बिली शीहान, स्टुअर्ट हैम, जॉन म्युंग, विक्टर वूटन, लेस क्लेपूल, मार्क किंग तथा माइकल मैनरिंग ने किया है।",1,"[{'subject': {'upos': 'NOUN', 'text': 'वादक', 'id': 7, 'deprel': 'nsubj', 'head': 31}, 'object': {'upos': 'NOUN', 'text': 'जैसे', 'id': 9, 'deprel': 'obj', 'head': 31}, 'verb': {'upos': 'VERB', 'text': 'किया', 'id': 31, 'deprel': 'root', 'head': 0}}]",['SOV']
1211,न्याबर्ग ने फ्लाइट इंजीनियर के रूप में एक्सपीडिशन-36 और एक्सपीडिशन-37 में काम किया।,1,"[{'subject': {'upos': 'PROPN', 'text': 'न्याबर्ग', 'id': 1, 'deprel': 'nsubj', 'head': 13}, 'object': {'upos': 'NOUN', 'text': 'काम', 'id': 12, 'deprel': 'obj', 'head': 13}, 'verb': {'upos': 'VERB', 'text': 'किया', 'id': 13, 'deprel': 'root', 'head': 0}}]",['SOV']
1214,"लीड्स में सड़कें ए62, ए63, ए64, ए65 और ए660 के अलावा ए58 और ए61 पर स्थित हैं। इसके अतिरिक्त, एम1 और एम62 इसके दक्षिण में एक दूसरे को काटते हैं और ए1 (एम) पूर्व से होकर गुजरता है।",1,"[{'subject': {'upos': 'PROPN', 'text': 'एम1', 'id': 4, 'deprel': 'nsubj', 'head': 13}, 'object': {'upos': 'PRON', 'text': 'दूसरे', 'id': 11, 'deprel': 'obj', 'head': 13}, 'verb': {'upos': 'VERB', 'text': 'काटते', 'id': 13, 'deprel': 'root', 'head': 0}}]",['SOV']
1223,"हाँ, बोइंग 707 और डगलस डीसी-8 ने लंबी दूरी की यात्रा को बदल दिया है।",1,"[{'subject': {'upos': 'PROPN', 'text': '707', 'id': 4, 'deprel': 'nsubj', 'head': 14}, 'object': {'upos': 'NOUN', 'text': 'यात्रा', 'id': 12, 'deprel': 'obj', 'head': 14}, 'verb': {'upos': 'VERB', 'text': 'बदल', 'id': 14, 'deprel': 'root', 'head': 0}}]",['SOV']
1242,"747X विमान को 430 यात्रियों को 8,700 नॉटीकल मील (10,000 मील, 16,100 किमी) सीमा तक ले जाना था।",1,"[{'subject': {'upos': 'NOUN', 'text': 'विमान', 'id': 2, 'deprel': 'nsubj', 'head': 19}, 'object': {'upos': 'NOUN', 'text': 'यात्रियों', 'id': 5, 'deprel': 'obj', 'head': 19}, 'verb': {'upos': 'VERB', 'text': 'ले', 'id': 19, 'deprel': 'root', 'head': 0}}]",['SOV']
1249,"एस्टन विला फुटबॉल क्लब ने अपना पहला आधिकारिक मैच स्थानीय एस्टन नाले सेंट मेरी रग्बी टीम के खिलाफ खेला था, जिसमें नियम रग्बी और फुटबॉल का मिश्रण थे।",1,"[{'subject': {'upos': 'PROPN', 'text': 'क्लब', 'id': 4, 'deprel': 'nsubj', 'head': 19}, 'object': {'upos': 'NOUN', 'text': 'मैच', 'id': 9, 'deprel': 'obj', 'head': 19}, 'verb': {'upos': 'VERB', 'text': 'खेला', 'id': 19, 'deprel': 'root', 'head': 0}}]",['SOV']
1250,सॉन्डर्स ने टीम को एकजुट रखा जो 1980-81 में एक सातवें शीर्ष लीग खिताब जीतने में सफल हुई।,1,"[{'subject': {'upos': 'PROPN', 'text': 'सॉन्डर्स', 'id': 1, 'deprel': 'nsubj', 'head': 6}, 'object': {'upos': 'NOUN', 'text': 'टीम', 'id': 3, 'deprel': 'obj', 'head': 6}, 'verb': {'upos': 'VERB', 'text': 'रखा', 'id': 6, 'deprel': 'root', 'head': 0}}]",['SOV']
1254,"पैट्रिक डेम्पसे - डिलेन गाउल्ड, एक रईस कार-कलेक्टर और कार्ली का बाॅस, जो गुप्त रूप से डिसेप्टिकाॅन्स से समझौता कर काम करता है।",1,"[{'subject': {'upos': 'PRON', 'text': 'जो', 'id': 15, 'deprel': 'nsubj', 'head': 24}, 'object': {'upos': 'NOUN', 'text': 'काम', 'id': 23, 'deprel': 'obj', 'head': 24}, 'verb': {'upos': 'VERB', 'text': 'करता', 'id': 24, 'deprel': 'acl:relcl', 'head': 13}}]",['SOV']
1257,"राजकुमार फ़िलिप, एडिनबर्घ के ड्यूक, ने रानी एलिजाबेथ द्वितीय से शादी की थी।",1,"[{'subject': {'upos': 'PROPN', 'text': 'फ़िलिप', 'id': 2, 'deprel': 'nsubj', 'head': 14}, 'object': {'upos': 'PROPN', 'text': 'द्वितीय', 'id': 11, 'deprel': 'obj', 'head': 14}, 'verb': {'upos': 'VERB', 'text': 'की', 'id': 14, 'deprel': 'root', 'head': 0}}]",['SOV']
1259,फिस्क ने १९७६ से पूरे लेबनानी गृहयुद्ध के दौरान बेरूत में रहना शुरू किया था।,1,"[{'subject': {'upos': 'PROPN', 'text': 'फिस्क', 'id': 1, 'deprel': 'nsubj', 'head': 14}, 'object': {'upos': 'VERB', 'text': 'रहना', 'id': 12, 'deprel': 'obj', 'head': 14}, 'verb': {'upos': 'VERB', 'text': 'किया', 'id': 14, 'deprel': 'root', 'head': 0}}]",['SOV']
1265,"फिल्म के लिए बाज़ार और अनुमानित सफलता हॉलीवुड वितरक द्वारा हासिल की जा सकती है, जो कठोर व्यापारिक दृष्टिकोण को अपनाते हैं और फिल्म विधा, लक्ष्य श्रोता, समान फिल्मों की ऐतिहासिक सफलता, अभिनेता जो फिल्म में आ सकते हैं और संभावित निर्देशकों जैसे तत्वों पर विचार करते हैं।",1,"[{'subject': {'upos': 'PRON', 'text': 'जो', 'id': 17, 'deprel': 'nsubj', 'head': 22}, 'object': {'upos': 'NOUN', 'text': 'दृष्टिकोण', 'id': 20, 'deprel': 'obj', 'head': 22}, 'verb': {'upos': 'VERB', 'text': 'अपनाते', 'id': 22, 'deprel': 'conj', 'head': 12}}]",['SOV']
1266,"फिल्मों से कमाई के अलावा कंपनियों के पास कई तरीके हैं, जैसे डीवीडी बिक्री और दुनिया भर में उसके वितरण का अधिकार लेना। फिल्म कंपनियां सिनेमाघरों में रिलीज से लाभ नहीं कमातीं, बल्कि कई अन्य स्रोतों से लाभ अर्जित करती हैं।",1,"[{'subject': {'upos': 'NOUN', 'text': 'कंपनियां', 'id': 2, 'deprel': 'nsubj', 'head': 9}, 'object': {'upos': 'NOUN', 'text': 'लाभ', 'id': 7, 'deprel': 'obj', 'head': 9}, 'verb': {'upos': 'VERB', 'text': 'कमातीं', 'id': 9, 'deprel': 'root', 'head': 0}}]",['SOV']
1268,फिल्म कंपनियां और वितरक प्रोडक्शन कंपनी लाभ को आपस में बांटती हैं।,1,"[{'subject': {'upos': 'NOUN', 'text': 'कंपनियां', 'id': 2, 'deprel': 'nsubj', 'head': 11}, 'object': {'upos': 'NOUN', 'text': 'लाभ', 'id': 7, 'deprel': 'obj', 'head': 11}, 'verb': {'upos': 'VERB', 'text': 'बांटती', 'id': 11, 'deprel': 'root', 'head': 0}}]",['SOV']
1269,"महाश्वेता देवी का नाम ध्यान में आते ही उनकी कई-कई छवियां आंखों के सामने प्रकट हो जाती हैं। दरअसल उन्होंने मेहनत व ईमानदारी के बलबूते अपने व्यक्तित्व को निखारा। उन्होंने अपने को एक पत्रकारीका, लेखिका, साहित्यकारीका और आंदोलनधर्मी के रूप में विकसित किया।",1,"[{'subject': {'upos': 'PRON', 'text': 'उन्होंने', 'id': 1, 'deprel': 'nsubj', 'head': 16}, 'object': {'upos': 'PRON', 'text': 'अपने', 'id': 2, 'deprel': 'obj', 'head': 16}, 'verb': {'upos': 'VERB', 'text': 'किया', 'id': 16, 'deprel': 'root', 'head': 0}}]",['SOV']
1270,अमेरिकी शीट संगीत प्रकाशन उद्योग ने रैगटाइम संगीत तैयार किया।,1,"[{'subject': {'upos': 'PROPN', 'text': 'उद्योग', 'id': 5, 'deprel': 'nsubj', 'head': 10}, 'object': {'upos': 'NOUN', 'text': 'संगीत', 'id': 8, 'deprel': 'obj', 'head': 10}, 'verb': {'upos': 'VERB', 'text': 'किया', 'id': 10, 'deprel': 'root', 'head': 0}}]",['SOV']
1274,क्रिस गार्डनर ने कपड़े और जूते दान में दिए।,1,"[{'subject': {'upos': 'PROPN', 'text': 'गार्डनर', 'id': 2, 'deprel': 'nsubj', 'head': 9}, 'object': {'upos': 'NOUN', 'text': 'कपड़े', 'id': 4, 'deprel': 'obj', 'head': 9}, 'verb': {'upos': 'VERB', 'text': 'दिए', 'id': 9, 'deprel': 'root', 'head': 0}}]",['SOV']
1280,फ्रांस ने अल्पाइन स्कीइंग में अधिकतर पदक जीते हैं।,1,"[{'subject': {'upos': 'PROPN', 'text': 'फ्रांस', 'id': 1, 'deprel': 'nsubj', 'head': 8}, 'object': {'upos': 'NOUN', 'text': 'पदक', 'id': 7, 'deprel': 'obj', 'head': 8}, 'verb': {'upos': 'VERB', 'text': 'जीते', 'id': 8, 'deprel': 'root', 'head': 0}}]",['SOV']
1290,जेम्स मिल ने अपना अंतिम नाम नहीं बदला था।,1,"[{'subject': {'upos': 'PROPN', 'text': 'मिल', 'id': 2, 'deprel': 'nsubj', 'head': 8}, 'object': {'upos': 'NOUN', 'text': 'नाम', 'id': 6, 'deprel': 'obj', 'head': 8}, 'verb': {'upos': 'VERB', 'text': 'बदला', 'id': 8, 'deprel': 'root', 'head': 0}}]",['SOV']
1292,"उत्तर: इमरान ख़ान ने लाहौर में ऐचीसन कॉलेज, कैथेड्रल स्कूल और इंग्लैंड में रॉयल ग्रामर स्कूल वर्सेस्टर में शिक्षा ग्रहण की।",1,"[{'subject': {'upos': 'PROPN', 'text': 'ख़ान', 'id': 3, 'deprel': 'nsubj', 'head': 22}, 'object': {'upos': 'NOUN', 'text': 'शिक्षा', 'id': 20, 'deprel': 'obj', 'head': 22}, 'verb': {'upos': 'VERB', 'text': 'की', 'id': 22, 'deprel': 'root', 'head': 0}}]",['SOV']
1293,1974 में ख़ान ने ससेक्स के लिए क्रिकेट खेला था।,1,"[{'subject': {'upos': 'PROPN', 'text': 'ख़ान', 'id': 3, 'deprel': 'nsubj', 'head': 9}, 'object': {'upos': 'NOUN', 'text': 'क्रिकेट', 'id': 8, 'deprel': 'obj', 'head': 9}, 'verb': {'upos': 'VERB', 'text': 'खेला', 'id': 9, 'deprel': 'root', 'head': 0}}]",['SOV']
1294,खान ने अपने करियर में 88 टेस्ट मैच खेले।,1,"[{'subject': {'upos': 'PROPN', 'text': 'खान', 'id': 1, 'deprel': 'nsubj', 'head': 9}, 'object': {'upos': 'NOUN', 'text': 'मैच', 'id': 8, 'deprel': 'obj', 'head': 9}, 'verb': {'upos': 'VERB', 'text': 'खेले', 'id': 9, 'deprel': 'root', 'head': 0}}]",['SOV']
1295,उसने टेस्ट क्रिकेट में 362 विकेट लिए थे।,1,"[{'subject': {'upos': 'PRON', 'text': 'उसने', 'id': 1, 'deprel': 'nsubj', 'head': 7}, 'object': {'upos': 'NOUN', 'text': 'विकेट', 'id': 6, 'deprel': 'obj', 'head': 7}, 'verb': {'upos': 'VERB', 'text': 'लिए', 'id': 7, 'deprel': 'root', 'head': 0}}]",['SOV']
1297,उसने टेस्ट क्रिकेट में 362 विकेट लिए।,1,"[{'subject': {'upos': 'PRON', 'text': 'उसने', 'id': 1, 'deprel': 'nsubj', 'head': 7}, 'object': {'upos': 'NOUN', 'text': 'विकेट', 'id': 6, 'deprel': 'obj', 'head': 7}, 'verb': {'upos': 'VERB', 'text': 'लिए', 'id': 7, 'deprel': 'root', 'head': 0}}]",['SOV']
1298,"खान ने 48 टेस्ट मैच खेले, जिसमें से 14 पाकिस्तान ने जीते, 8 में हार गए और बाकी 26 बिना हार-जीत के समाप्त हो गए।",1,"[{'subject': {'upos': 'PROPN', 'text': 'खान', 'id': 1, 'deprel': 'nsubj', 'head': 6}, 'object': {'upos': 'NOUN', 'text': 'मैच', 'id': 5, 'deprel': 'obj', 'head': 6}, 'verb': {'upos': 'VERB', 'text': 'खेले', 'id': 6, 'deprel': 'root', 'head': 0}}]",['SOV']
1300,भारतीय क्रिकेट टीम ने ख़ान के खिलाफ 40 विकेट लिए थे।,1,"[{'subject': {'upos': 'PROPN', 'text': 'टीम', 'id': 3, 'deprel': 'nsubj', 'head': 10}, 'object': {'upos': 'NOUN', 'text': 'विकेट', 'id': 9, 'deprel': 'obj', 'head': 10}, 'verb': {'upos': 'VERB', 'text': 'लिए', 'id': 10, 'deprel': 'root', 'head': 0}}]",['SOV']
1301,खान ने एक वर्ष की अवधि में 13 टेस्ट मैचों में 88 विकेट लिए।,1,"[{'subject': {'upos': 'PROPN', 'text': 'खान', 'id': 1, 'deprel': 'nsubj', 'head': 14}, 'object': {'upos': 'NOUN', 'text': 'विकेट', 'id': 13, 'deprel': 'obj', 'head': 14}, 'verb': {'upos': 'VERB', 'text': 'लिए', 'id': 14, 'deprel': 'root', 'head': 0}}]",['SOV']
1302,खान ने अपनी सर्वोत्तम टेस्ट गेंदबाजी लाहौर में श्रीलंका के खिलाफ़ 1981-82 में 58 रनों में 8 विकेट लेकर दर्ज की।,1,"[{'subject': {'upos': 'PROPN', 'text': 'खान', 'id': 1, 'deprel': 'nsubj', 'head': 21}, 'object': {'upos': 'NOUN', 'text': 'गेंदबाजी', 'id': 6, 'deprel': 'obj', 'head': 21}, 'verb': {'upos': 'VERB', 'text': 'की', 'id': 21, 'deprel': 'root', 'head': 0}}]",['SOV']
1304,"खान ने 1994 में टेस्ट मैचों के दौरान ""कभी-कभी गेंद के किनारे खरोंचे और सीम को उठाया"" स्वीकार किया।",1,"[{'subject': {'upos': 'PROPN', 'text': 'खान', 'id': 1, 'deprel': 'nsubj', 'head': 21}, 'object': {'upos': 'VERB', 'text': 'खरोंचे', 'id': 14, 'deprel': 'obj', 'head': 21}, 'verb': {'upos': 'VERB', 'text': 'किया', 'id': 21, 'deprel': 'root', 'head': 0}}]",['SOV']
1312,"ली का उल्लेख भाई एडवर्ड ने किया था, जो एक कैथोलिक भिक्षु और सेंट फ्रांसिस जेवियर कॉलेज में ली के अध्यापक और स्कूल मुक्केबाजी टीम के कोच थे।",1,"[{'subject': {'upos': 'PROPN', 'text': 'एडवर्ड', 'id': 5, 'deprel': 'nsubj', 'head': 7}, 'verb': {'upos': 'VERB', 'text': 'किया', 'id': 7, 'deprel': 'root', 'head': 0}, 'object': {'upos': 'NOUN', 'text': 'कोच', 'id': 28, 'deprel': 'obj', 'head': 7}}]",['SVO']
1313,ली ने दिसंबर 1960 में अपनी हाई स्कूल की शिक्षा पूरी की।,1,"[{'subject': {'upos': 'PROPN', 'text': 'ली', 'id': 1, 'deprel': 'nsubj', 'head': 12}, 'object': {'upos': 'NOUN', 'text': 'शिक्षा', 'id': 10, 'deprel': 'obj', 'head': 12}, 'verb': {'upos': 'VERB', 'text': 'की', 'id': 12, 'deprel': 'root', 'head': 0}}]",['SOV']
1319,"गुणवत्ता के पहले प्रमाणन चाहने वाली कंपनियों को अक्सर एक कागजी प्रणाली का निर्माण करना पड़ता है जिसके लिए उन्हें ज्यादा कुछ करने की जरूरत नहीं है, जिस तरह से वे अपने व्यवसाय को चलाना चाहते हैं।",1,"[{'subject': {'upos': 'PRON', 'text': 'वे', 'id': 32, 'deprel': 'nsubj', 'head': 37}, 'object': {'upos': 'VERB', 'text': 'चलाना', 'id': 36, 'deprel': 'obj', 'head': 37}, 'verb': {'upos': 'VERB', 'text': 'चाहते', 'id': 37, 'deprel': 'acl:relcl', 'head': 22}}]",['SOV']
1320,इनफिनिटी वार मार्वेल सिनेमाटिक यूनिवर्स की २०१२ की फिल्म द अवेंजर्स और २०१५ की फिल्म अवेंजर्स: एज ऑफ़ अल्ट्रॉन की कड़ी का काम करती है।,1,"[{'subject': {'upos': 'NOUN', 'text': 'वार', 'id': 2, 'deprel': 'nsubj', 'head': 25}, 'object': {'upos': 'NOUN', 'text': 'काम', 'id': 24, 'deprel': 'obj', 'head': 25}, 'verb': {'upos': 'VERB', 'text': 'करती', 'id': 25, 'deprel': 'root', 'head': 0}}]",['SOV']
1326,NGO का उद्देश्य लोगों को एनजीओ के अंदर सक्रिय रूप से शामिल होने और एनजीओ तथा सार्वजनिक व निजी क्षेत्र दोनों के बीच अधिक सहजीवन को प्रोत्साहित करना है।,1,"[{'subject': {'upos': 'NOUN', 'text': 'उद्देश्य', 'id': 3, 'deprel': 'nsubj', 'head': 28}, 'object': {'upos': 'NOUN', 'text': 'लोगों', 'id': 4, 'deprel': 'obj', 'head': 28}, 'verb': {'upos': 'VERB', 'text': 'करना', 'id': 28, 'deprel': 'root', 'head': 0}}]",['SOV']
1329,एनजीओ में लोगों को अधिक सक्रिय होने के लिए प्रेरित करने का उद्देश्य लोगों को एनजीओ के अंदर सक्रिय रूप से शामिल होने और एनजीओ तथा सार्वजनिक व निजी क्षेत्र दोनों के बीच अधिक सहजीवन को प्रोत्साहित करना है।,1,"[{'subject': {'upos': 'NOUN', 'text': 'उद्देश्य', 'id': 13, 'deprel': 'nsubj', 'head': 38}, 'object': {'upos': 'NOUN', 'text': 'लोगों', 'id': 14, 'deprel': 'obj', 'head': 38}, 'verb': {'upos': 'VERB', 'text': 'करना', 'id': 38, 'deprel': 'root', 'head': 0}}]",['SOV']
1332,फ़्रेडरिक नॉमन था जिसने प्रोटेस्टेंट धर्मशास्त्र को अपनाया था।,1,"[{'subject': {'upos': 'PRON', 'text': 'जिसने', 'id': 4, 'deprel': 'nsubj', 'head': 8}, 'object': {'upos': 'NOUN', 'text': 'धर्मशास्त्र', 'id': 6, 'deprel': 'obj', 'head': 8}, 'verb': {'upos': 'VERB', 'text': 'अपनाया', 'id': 8, 'deprel': 'acl:relcl', 'head': 2}}]",['SOV']
1339,संयुक्त राष्ट्र संगठन प्रमुख महामारियों को विश्व स्वास्थ्य संगठन (WHO) संभालता है।,1,"[{'subject': {'upos': 'PROPN', 'text': 'संगठन', 'id': 3, 'deprel': 'nsubj', 'head': 13}, 'object': {'upos': 'NOUN', 'text': 'महामारियों', 'id': 5, 'deprel': 'obj', 'head': 13}, 'verb': {'upos': 'VERB', 'text': 'संभालता', 'id': 13, 'deprel': 'root', 'head': 0}}]",['SOV']
1340,"लोगों में जो HgbS (सिकल निर्माता हीमोग्लोबिन के वाहक) के लिए विषम युग्मीय हैं, HbS की लंबी श्रृंखला वाले पॉलिमर की उपस्थिति लाल रक्त कोशिका के आकार को बिगाड़ देती है और उसे चिकने डोनट आकार से बदल कर विकृत कांटेदार बना देता है।",1,"[{'subject': {'upos': 'NOUN', 'text': 'उपस्थिति', 'id': 25, 'deprel': 'nsubj', 'head': 32}, 'object': {'upos': 'NOUN', 'text': 'आकार', 'id': 30, 'deprel': 'obj', 'head': 32}, 'verb': {'upos': 'VERB', 'text': 'बिगाड़', 'id': 32, 'deprel': 'conj', 'head': 15}}]",['SOV']
1346,तीन साल की उम्र से सभी बच्चे अनिवार्य स्कूल शुरू कर दें.,1,"[{'subject': {'upos': 'NOUN', 'text': 'बच्चे', 'id': 7, 'deprel': 'nsubj', 'head': 11}, 'object': {'upos': 'NOUN', 'text': 'स्कूल', 'id': 9, 'deprel': 'obj', 'head': 11}, 'verb': {'upos': 'VERB', 'text': 'कर', 'id': 11, 'deprel': 'root', 'head': 0}}]",['SOV']
1353,"कुक्रौंधों (dandelion) में ऐसा होता है कि वे हमेशा स्वनिषेचन करने के लिए जाना जाता है क्योंकि वे स्वयं के पराग में रासायनिक अवरोध नहीं होते हैं, जिसके कारण वे अपने पराग को स्वयं ही स्वनिषेचित कर सकते हैं।",1,"[{'subject': {'upos': 'PRON', 'text': 'वे', 'id': 33, 'deprel': 'nsubj', 'head': 40}, 'object': {'upos': 'NOUN', 'text': 'पराग', 'id': 35, 'deprel': 'obj', 'head': 40}, 'verb': {'upos': 'VERB', 'text': 'कर', 'id': 40, 'deprel': 'acl:relcl', 'head': 26}}]",['SOV']
1358,लोग फूलों के आसपास रहना चाहते हैं क्योंकि वे मनचाहे दिखाई देते हैं और उनकी गंध (smell) भी मनचाही होती है।,1,"[{'subject': {'upos': 'NOUN', 'text': 'लोग', 'id': 1, 'deprel': 'nsubj', 'head': 6}, 'object': {'upos': 'VERB', 'text': 'रहना', 'id': 5, 'deprel': 'obj', 'head': 6}, 'verb': {'upos': 'VERB', 'text': 'चाहते', 'id': 6, 'deprel': 'root', 'head': 0}}]",['SOV']
1365,जेम्स-लैंग सिद्धांत के साथ दो भाग का नाम जुड़ा है क्योंकि विलियम जेम्स और डैनिश मनोवैज्ञानिक कार्ल लैंग ने लगभग उसी समय में मिलता जुलता सिद्धांत पेश किया था।,1,"[{'subject': {'upos': 'PROPN', 'text': 'जेम्स', 'id': 13, 'deprel': 'nsubj', 'head': 28}, 'object': {'upos': 'NOUN', 'text': 'सिद्धांत', 'id': 26, 'deprel': 'obj', 'head': 28}, 'verb': {'upos': 'VERB', 'text': 'किया', 'id': 28, 'deprel': 'advcl', 'head': 9}}]",['SOV']
1367,"हेगेल अपने दर्शनशास्त्र में मनोविज्ञान और इतिहास को एकीकृत करता है โดย उनके अनुसार, मनोविज्ञान और इतिहास दोनों ही आत्मा के विकास का हिस्सा हैं। उनके अनुसार, मनोविज्ञान का उद्देश्य आत्मा के विकास को समझना है और इतिहास का उद्देश्य आत्मा के विकास के दौरान हुए बदलावों को समझना है। हेगेल के अनुसार, मनोविज्ञान और इतिहास का संबंध आत्मा के विकास के साथ है, और दोनों को एकीकृत करके ही हम आत्मा के पूर्ण विकास को समझ सकते हैं।",1,"[{'subject': {'upos': 'PRON', 'text': 'हम', 'id': 23, 'deprel': 'nsubj', 'head': 29}, 'object': {'upos': 'NOUN', 'text': 'विकास', 'id': 27, 'deprel': 'obj', 'head': 29}, 'verb': {'upos': 'VERB', 'text': 'समझ', 'id': 29, 'deprel': 'conj', 'head': 12}}]",['SOV']
1372,भगवान ने विकास क्यों बनाया?,1,"[{'subject': {'upos': 'NOUN', 'text': 'भगवान', 'id': 1, 'deprel': 'nsubj', 'head': 5}, 'object': {'upos': 'NOUN', 'text': 'विकास', 'id': 3, 'deprel': 'obj', 'head': 5}, 'verb': {'upos': 'VERB', 'text': 'बनाया', 'id': 5, 'deprel': 'root', 'head': 0}}]",['SOV']
1374,अली मुगलयत सयाह ने 1520 में उत्तरी सुमात्रा को नियंत्रित किया।,1,"[{'subject': {'upos': 'PROPN', 'text': 'सयाह', 'id': 3, 'deprel': 'nsubj', 'head': 11}, 'object': {'upos': 'PROPN', 'text': 'सुमात्रा', 'id': 8, 'deprel': 'obj', 'head': 11}, 'verb': {'upos': 'VERB', 'text': 'किया', 'id': 11, 'deprel': 'root', 'head': 0}}]",['SOV']
1378,"सैनाब्रिया ने नई पद्धति को प्रस्तुत किया क्योंकि मृत्यु और रुग्णता के बढ़ते कारण, बोगोटा के इन्स्तितुतो मतेर्नो इन्फंतिल एन.ई.सी.यू.",1,"[{'subject': {'upos': 'PROPN', 'text': 'सैनाब्रिया', 'id': 1, 'deprel': 'nsubj', 'head': 7}, 'object': {'upos': 'NOUN', 'text': 'पद्धति', 'id': 4, 'deprel': 'obj', 'head': 7}, 'verb': {'upos': 'VERB', 'text': 'किया', 'id': 7, 'deprel': 'root', 'head': 0}}]",['SOV']
1381,उन्होंने १९७४ में बफेलो विश्वविद्यालय से भूविज्ञान में बैचलर ऑफ आर्ट्स की डिग्री प्राप्त की।,1,"[{'subject': {'upos': 'PRON', 'text': 'उन्होंने', 'id': 1, 'deprel': 'nsubj', 'head': 15}, 'object': {'upos': 'NOUN', 'text': 'डिग्री', 'id': 13, 'deprel': 'obj', 'head': 15}, 'verb': {'upos': 'VERB', 'text': 'की', 'id': 15, 'deprel': 'root', 'head': 0}}]",['SOV']
1390,न्यूकैसल युनाइटेड ने 1906-07 में लीग को जीता था।,1,"[{'subject': {'upos': 'PROPN', 'text': 'युनाइटेड', 'id': 2, 'deprel': 'nsubj', 'head': 8}, 'object': {'upos': 'NOUN', 'text': 'लीग', 'id': 6, 'deprel': 'obj', 'head': 8}, 'verb': {'upos': 'VERB', 'text': 'जीता', 'id': 8, 'deprel': 'root', 'head': 0}}]",['SOV']
1394,1854 में सेलिमोउलू अब्दुलावित ने इंटीरियर को सजाया और काटाफैलस की लकड़ी की नक्काशी का प्रदर्शन किया।,1,"[{'subject': {'upos': 'PROPN', 'text': 'अब्दुलावित', 'id': 4, 'deprel': 'nsubj', 'head': 8}, 'object': {'upos': 'NOUN', 'text': 'इंटीरियर', 'id': 6, 'deprel': 'obj', 'head': 8}, 'verb': {'upos': 'VERB', 'text': 'सजाया', 'id': 8, 'deprel': 'root', 'head': 0}}]",['SOV']
1407,"मलत्याग के प्रयास में कम समय खर्च करना, शौच के समय कुछ पढ़ने से बचना और साथ ही अधिक वज़न वाले लोगों के लिए वजन कम करना तथा अधिक भार उठाने से बचना अनुशंसित है। इसके लिए उच्च रेशेदार भोजन तथा पर्याप्त तरल को पीना या रेशेदार पूरकों को लेना तथा पर्याप्त व्यायाम करना शामिल है।",1,"[{'subject': {'upos': 'NOUN', 'text': 'भोजन', 'id': 5, 'deprel': 'nsubj', 'head': 21}, 'object': {'upos': 'ADJ', 'text': 'शामिल', 'id': 20, 'deprel': 'obj', 'head': 21}, 'verb': {'upos': 'VERB', 'text': 'है', 'id': 21, 'deprel': 'root', 'head': 0}}]",['SOV']
1408,स्टेरॉइड-समाहित एजेंटों का उपयोग 14 दिन से अधिक की अवधि तक नहीं किया जाना चाहिए क्योंकि वे त्वचा को पतला करते हैं।,1,"[{'subject': {'upos': 'PRON', 'text': 'वे', 'id': 17, 'deprel': 'nsubj', 'head': 21}, 'object': {'upos': 'NOUN', 'text': 'त्वचा', 'id': 18, 'deprel': 'obj', 'head': 21}, 'verb': {'upos': 'VERB', 'text': 'करते', 'id': 21, 'deprel': 'advcl', 'head': 13}}]",['SOV']
1440,उन्होंने यूनाइटेड आर्टिस्ट्स फ़िल्म स्टूडियो का प्रबंधत्व ग्रहण कर लिया था।,1,"[{'subject': {'upos': 'PRON', 'text': 'उन्होंने', 'id': 1, 'deprel': 'nsubj', 'head': 9}, 'object': {'upos': 'NOUN', 'text': 'प्रबंधत्व', 'id': 7, 'deprel': 'obj', 'head': 9}, 'verb': {'upos': 'VERB', 'text': 'कर', 'id': 9, 'deprel': 'root', 'head': 0}}]",['SOV']
1445,बेट्स ने अपने बचपन का समय हैकनी और तौन्त्न में पली थी।,1,"[{'subject': {'upos': 'PROPN', 'text': 'बेट्स', 'id': 1, 'deprel': 'nsubj', 'head': 11}, 'object': {'upos': 'NOUN', 'text': 'समय', 'id': 6, 'deprel': 'obj', 'head': 11}, 'verb': {'upos': 'VERB', 'text': 'पली', 'id': 11, 'deprel': 'root', 'head': 0}}]",['SOV']
1448,"माराडोना ने 1990 के विश्व कप में अर्जेंटीना की कप्तानी की, लेकिन एक टखने की चोट ने उनके समग्र प्रदर्शन को प्रभावित किया और चार साल पहले के मुकाबले वे बहुत कम प्रभावशाली रहे।",1,"[{'subject': {'upos': 'NOUN', 'text': 'चोट', 'id': 17, 'deprel': 'nsubj', 'head': 24}, 'object': {'upos': 'NOUN', 'text': 'प्रदर्शन', 'id': 21, 'deprel': 'obj', 'head': 24}, 'verb': {'upos': 'VERB', 'text': 'किया', 'id': 24, 'deprel': 'conj', 'head': 11}}]",['SOV']
1453,डीन ने जेम्स व्हिटमोर की अभिनय कार्यशाला में अभिनय करना शुरू किया।,1,"[{'subject': {'upos': 'PROPN', 'text': 'डीन', 'id': 1, 'deprel': 'nsubj', 'head': 12}, 'object': {'upos': 'VERB', 'text': 'करना', 'id': 10, 'deprel': 'obj', 'head': 12}, 'verb': {'upos': 'VERB', 'text': 'किया', 'id': 12, 'deprel': 'root', 'head': 0}}]",['SOV']
1455,"ट्रास्क और हैमिल्टन परिवारों ने अपनी जड़ें सैलिनास घाटी, कैलिफोर्निया में रखीं थीं।",1,"[{'subject': {'upos': 'NOUN', 'text': 'परिवारों', 'id': 4, 'deprel': 'nsubj', 'head': 13}, 'object': {'upos': 'NOUN', 'text': 'जड़ें', 'id': 7, 'deprel': 'obj', 'head': 13}, 'verb': {'upos': 'VERB', 'text': 'रखीं', 'id': 13, 'deprel': 'root', 'head': 0}}]",['SOV']
1462,AMA नशीली दवा को एक नशीली दवा मानता है।,1,"[{'subject': {'upos': 'PROPN', 'text': 'AMA', 'id': 1, 'deprel': 'nsubj', 'head': 8}, 'object': {'upos': 'NOUN', 'text': 'दवा', 'id': 3, 'deprel': 'obj', 'head': 8}, 'verb': {'upos': 'VERB', 'text': 'मानता', 'id': 8, 'deprel': 'root', 'head': 0}}]",['SOV']
1475,नोलेन ने सात वर्ष की उम्र में फिल्में बनाना शुरू किया था।,1,"[{'subject': {'upos': 'PROPN', 'text': 'नोलेन', 'id': 1, 'deprel': 'nsubj', 'head': 11}, 'object': {'upos': 'VERB', 'text': 'बनाना', 'id': 9, 'deprel': 'obj', 'head': 11}, 'verb': {'upos': 'VERB', 'text': 'किया', 'id': 11, 'deprel': 'root', 'head': 0}}]",['SOV']
1476,फ्रेइरे का पेशा एक शिक्षक था। उन्होंने पुर्तगाली के रूप में माध्यमिक विद्यालयों में काम किया था।,1,"[{'subject': {'upos': 'PRON', 'text': 'उन्होंने', 'id': 1, 'deprel': 'nsubj', 'head': 10}, 'object': {'upos': 'NOUN', 'text': 'काम', 'id': 9, 'deprel': 'obj', 'head': 10}, 'verb': {'upos': 'VERB', 'text': 'किया', 'id': 10, 'deprel': 'root', 'head': 0}}]",['SOV']
1484,"डर्मेटोफैगिया के प्रभाव हैं कि व्यक्ति अपनी अंगुलियों की त्वचा को काटने अथवा खाने लग जाता है, जिससे रक्त बाहर निकलने लगता है और त्वचा में रंग विकार भी होने लगता है। इसके अलावा, कुछ लोग अपनी अंगुली के पोर को भी काटने लग जाते हैं, जिससे इसमें दर्द होना और खून निकलना आरम्भ हो जाता है। कुछ लोग अपनी अंगुलियों का मांस भी खा जाते हैं।",1,"[{'subject': {'upos': 'NOUN', 'text': 'लोग', 'id': 2, 'deprel': 'nsubj', 'head': 8}, 'object': {'upos': 'NOUN', 'text': 'मांस', 'id': 6, 'deprel': 'obj', 'head': 8}, 'verb': {'upos': 'VERB', 'text': 'खा', 'id': 8, 'deprel': 'root', 'head': 0}}]",['SOV']
1490,"असामान्य मौखिक ग्लूकोज़ सह्यता परीक्षण (ओजीटीटी) के माध्यम से अपने ग्लूकोज के स्तर की देखभाल की जा सकती है। इसके लिए भूखे रहने और भोजन के 2 घंटे बाद सामान्य रक्त ग्लूकोज़ स्तर होना चाहिए। अगर आहार का संशोधन ग्लूकोज़ स्तर को नियंत्रित करने के लिए पर्याप्त है, तो इससे अपने ग्लूकोज के स्तर की देखभाल की जा सकती है।",1,"[{'subject': {'upos': 'NOUN', 'text': 'संशोधन', 'id': 4, 'deprel': 'nsubj', 'head': 13}, 'object': {'upos': 'ADJ', 'text': 'पर्याप्त', 'id': 12, 'deprel': 'obj', 'head': 13}, 'verb': {'upos': 'VERB', 'text': 'है', 'id': 13, 'deprel': 'advcl', 'head': 23}}]",['SOV']
1513,बियोवुल्फ़ को पता चला कि उसका साम्राज्य एक ड्रेगन से आतंकित है।,1,"[{'subject': {'upos': 'PROPN', 'text': 'बियोवुल्फ़', 'id': 1, 'deprel': 'nsubj', 'head': 4}, 'verb': {'upos': 'VERB', 'text': 'चला', 'id': 4, 'deprel': 'root', 'head': 0}, 'object': {'upos': 'ADJ', 'text': 'आतंकित', 'id': 11, 'deprel': 'obj', 'head': 4}}]",['SVO']
1523,जॉगिंग दौड़ का मुख्य उद्देश्य शरीर की फिटनेस को बढ़ाना है।,1,"[{'subject': {'upos': 'NOUN', 'text': 'उद्देश्य', 'id': 5, 'deprel': 'nsubj', 'head': 10}, 'object': {'upos': 'NOUN', 'text': 'फिटनेस', 'id': 8, 'deprel': 'obj', 'head': 10}, 'verb': {'upos': 'VERB', 'text': 'बढ़ाना', 'id': 10, 'deprel': 'root', 'head': 0}}]",['SOV']
1524,जॉगिंग दौड़ का ही एक रूप है जिसमें व्यक्ति धीमी गति से और इत्मीनान से लगातार दौड़ता रहता है। इसका मुख्य उद्देश्य शरीर की फिटनेस को बढ़ाना है।,1,"[{'subject': {'upos': 'NOUN', 'text': 'उद्देश्य', 'id': 3, 'deprel': 'nsubj', 'head': 8}, 'object': {'upos': 'NOUN', 'text': 'फिटनेस', 'id': 6, 'deprel': 'obj', 'head': 8}, 'verb': {'upos': 'VERB', 'text': 'बढ़ाना', 'id': 8, 'deprel': 'root', 'head': 0}}]",['SOV']
1543,रोनाल्डिन्हो ने सितंबर 2005 में FIFPro विश्व खिलाड़ी का खिताब जीता था।,1,"[{'subject': {'upos': 'PROPN', 'text': 'रोनाल्डिन्हो', 'id': 1, 'deprel': 'nsubj', 'head': 11}, 'object': {'upos': 'NOUN', 'text': 'खिताब', 'id': 10, 'deprel': 'obj', 'head': 11}, 'verb': {'upos': 'VERB', 'text': 'जीता', 'id': 11, 'deprel': 'root', 'head': 0}}]",['SOV']
1550,"मेरे पास आपके प्रश्न का उत्तर नहीं है। लेकिन मैं आपको बता सकता हूँ कि सामग्रियों के गुणों को मापने के लिए संगठनों को SI प्रणाली का उपयोग करना चाहिए, जिसमें सात आधार मात्रा निम्न तालिका में सूचीबद्ध हैं।",1,"[{'subject': {'upos': 'PRON', 'text': 'मैं', 'id': 2, 'deprel': 'nsubj', 'head': 4}, 'verb': {'upos': 'VERB', 'text': 'बता', 'id': 4, 'deprel': 'root', 'head': 0}, 'object': {'upos': 'VERB', 'text': 'करना', 'id': 21, 'deprel': 'obj', 'head': 4}}]",['SVO']
1556,पृथ्वी का धरातल उठता है पर्वत विवर्तनिक बलों या ज्वालामुखी के माध्यम से बनते हैं। इन बलों को स्थानीय रूप से पृथ्वी की सतह बढ़ा सकते हैं।,1,"[{'subject': {'upos': 'NOUN', 'text': 'बलों', 'id': 2, 'deprel': 'nsubj', 'head': 10}, 'object': {'upos': 'NOUN', 'text': 'सतह', 'id': 9, 'deprel': 'obj', 'head': 10}, 'verb': {'upos': 'VERB', 'text': 'बढ़ा', 'id': 10, 'deprel': 'root', 'head': 0}}]",['SOV']
1570,"मिरांडा हाउस, दिल्ली विश्वविद्यालय से दर्शनशास्त्र में डिग्री प्राप्त की।",1,"[{'subject': {'upos': 'PROPN', 'text': 'हाउस', 'id': 2, 'deprel': 'nsubj', 'head': 11}, 'object': {'upos': 'NOUN', 'text': 'डिग्री', 'id': 9, 'deprel': 'obj', 'head': 11}, 'verb': {'upos': 'VERB', 'text': 'की', 'id': 11, 'deprel': 'root', 'head': 0}}]",['SOV']
1577,सीडब्ल्यू ने श्रृंखला को रद्द किया था।,1,"[{'subject': {'upos': 'PROPN', 'text': 'सीडब्ल्यू', 'id': 1, 'deprel': 'nsubj', 'head': 6}, 'object': {'upos': 'NOUN', 'text': 'श्रृंखला', 'id': 3, 'deprel': 'obj', 'head': 6}, 'verb': {'upos': 'VERB', 'text': 'किया', 'id': 6, 'deprel': 'root', 'head': 0}}]",['SOV']
1584,"हैंडबॉल के नियमों का पहला सेट 1906 में लिखा गया था, जिसका लिखित स्वरूप डेनिश जिम शिक्षक, लेफ्टिनेंट और ओलंपिक पदक विजेता होल्गर नीलसन द्वारा प्रकाशित किया गया था।",1,"[{'object': {'upos': 'NOUN', 'text': 'स्वरूप', 'id': 15, 'deprel': 'obj', 'head': 29}, 'subject': {'upos': 'PROPN', 'text': 'नीलसन', 'id': 26, 'deprel': 'nsubj:pass', 'head': 29}, 'verb': {'upos': 'VERB', 'text': 'किया', 'id': 29, 'deprel': 'acl:relcl', 'head': 6}}]",['OSV']
1597,"जब एस्कोबार ने मार्च 1976 में मारिया विक्टोरिया से शादी की, तब मारिया विक्टोरिया की उम्र 15 साल थी।",1,"[{'subject': {'upos': 'PROPN', 'text': 'एस्कोबार', 'id': 2, 'deprel': 'nsubj', 'head': 11}, 'object': {'upos': 'PROPN', 'text': 'विक्टोरिया', 'id': 8, 'deprel': 'obj', 'head': 11}, 'verb': {'upos': 'VERB', 'text': 'की', 'id': 11, 'deprel': 'acl:relcl', 'head': 13}}]",['SOV']
1599,"इन देशों द्वारा प्रकाशित सूचियों के भीतर कौन से पदार्थ शामिल हैं, इसका कोई उल्लेख नहीं है। लेकिन आवश्यक दवाओं की मॉडल प्रादर्श सूची (मॉडल लिस्ट) के अनुसार, वे औषधियाँ जो बहुसंख्यक लोगों स्वास्थ्य संबन्धी आवश्यकताओं को संतुष्ट करती हैं, 'आवश्यक औषधि' कहलाती हैं।",1,"[{'subject': {'upos': 'PRON', 'text': 'जो', 'id': 17, 'deprel': 'nsubj', 'head': 25}, 'object': {'upos': 'NOUN', 'text': 'आवश्यकताओं', 'id': 22, 'deprel': 'obj', 'head': 25}, 'verb': {'upos': 'VERB', 'text': 'करती', 'id': 25, 'deprel': 'acl:relcl', 'head': 16}}]",['SOV']
1604,"थन्नीरमुक्कोम के पास ताजे पानी को खारे पानी के द्वारा दूषित होने से रोकने के लिए कोल्लम में नीन्दाकारा के पास एक बाँध बनाया गया है, जिससे खारे समुद्री पानी को रोका जाता है ताकि मीठा पानी बचा रहे और सिंचाई के लिए प्रयोग किया जाता है।",1,"[{'object': {'upos': 'NOUN', 'text': 'पानी', 'id': 5, 'deprel': 'obj', 'head': 12}, 'subject': {'upos': 'NOUN', 'text': 'पानी', 'id': 8, 'deprel': 'nsubj', 'head': 12}, 'verb': {'upos': 'VERB', 'text': 'होने', 'id': 12, 'deprel': 'obl', 'head': 14}}]",['OSV']
1609,उन्होंने अपने करियर में 8540 रन बनाये।,1,"[{'subject': {'upos': 'PRON', 'text': 'उन्होंने', 'id': 1, 'deprel': 'nsubj', 'head': 7}, 'object': {'upos': 'NOUN', 'text': 'रन', 'id': 6, 'deprel': 'obj', 'head': 7}, 'verb': {'upos': 'VERB', 'text': 'बनाये', 'id': 7, 'deprel': 'root', 'head': 0}}]",['SOV']
1619,"शाहरुख खान की प्रोडक्शन कंपनी रेड चिलीज़ एंटरटेनमेंट ने अपनी पहली फिल्म ""मैं हूँ ना"" को 30 अप्रैल 2004 को रिलीज की थी।",1,"[{'subject': {'upos': 'PROPN', 'text': 'एंटरटेनमेंट', 'id': 8, 'deprel': 'nsubj', 'head': 24}, 'object': {'upos': 'PROPN', 'text': 'ना', 'id': 16, 'deprel': 'obj', 'head': 24}, 'verb': {'upos': 'VERB', 'text': 'की', 'id': 24, 'deprel': 'root', 'head': 0}}]",['SOV']
1652,आधारी धमनी का कार्य है कि वह ब्रेनस्टेम को ऑक्सीजन और पोषक तत्वों की आपूर्ति करती है।,1,"[{'subject': {'upos': 'PRON', 'text': 'वह', 'id': 7, 'deprel': 'nsubj', 'head': 16}, 'object': {'upos': 'NOUN', 'text': 'ब्रेनस्टेम', 'id': 8, 'deprel': 'obj', 'head': 16}, 'verb': {'upos': 'VERB', 'text': 'करती', 'id': 16, 'deprel': 'acl', 'head': 4}}]",['SOV']
1655,"पेट के माइग्रेन के निदान विवादास्पद हैं। कुछ साक्ष्य यह संकेत करते हैं कि सिर दर्द के अभाव में बार बार होने वाले पेट दर्द के प्रसंग, माइग्रेन का एक प्रकार हो सकते हैं।",1,"[{'subject': {'upos': 'NOUN', 'text': 'साक्ष्य', 'id': 2, 'deprel': 'nsubj', 'head': 5}, 'verb': {'upos': 'VERB', 'text': 'करते', 'id': 5, 'deprel': 'root', 'head': 0}, 'object': {'upos': 'VERB', 'text': 'हो', 'id': 26, 'deprel': 'obj', 'head': 5}}]",['SVO']
1656,कनपटी धमनीशोथ आम तौर पर 50 से अधिक वर्ष की उम्र के लोगों को होता है।,1,"[{'subject': {'upos': 'PROPN', 'text': 'धमनीशोथ', 'id': 2, 'deprel': 'nsubj', 'head': 15}, 'object': {'upos': 'NOUN', 'text': 'लोगों', 'id': 13, 'deprel': 'obj', 'head': 15}, 'verb': {'upos': 'VERB', 'text': 'होता', 'id': 15, 'deprel': 'root', 'head': 0}}]",['SOV']
1661,माइग्रेन दुनिया भर में 10% से अधिक लोगों को प्रभावित करता है।,1,"[{'subject': {'upos': 'PROPN', 'text': 'माइग्रेन', 'id': 1, 'deprel': 'nsubj', 'head': 11}, 'object': {'upos': 'NOUN', 'text': 'लोगों', 'id': 8, 'deprel': 'obj', 'head': 11}, 'verb': {'upos': 'VERB', 'text': 'करता', 'id': 11, 'deprel': 'root', 'head': 0}}]",['SOV']
1682,"इन विगनेट्स ने फिलिस्तीन, जॉर्डन और नील डेल्टा के साथ शहरों की एक श्रृंखला को कवर किया है।",1,"[{'subject': {'upos': 'PROPN', 'text': 'विगनेट्स', 'id': 2, 'deprel': 'nsubj', 'head': 18}, 'object': {'upos': 'NOUN', 'text': 'श्रृंखला', 'id': 15, 'deprel': 'obj', 'head': 18}, 'verb': {'upos': 'VERB', 'text': 'किया', 'id': 18, 'deprel': 'root', 'head': 0}}]",['SOV']
1684,नेव्हेपेट्रे मंटूहोटेप II के सेनापतित्व में थेबन बलों ने हेराक्लियोपोलिटन शासकों को हरा दिया था।,1,"[{'subject': {'upos': 'NOUN', 'text': 'बलों', 'id': 8, 'deprel': 'nsubj', 'head': 13}, 'object': {'upos': 'NOUN', 'text': 'शासकों', 'id': 11, 'deprel': 'obj', 'head': 13}, 'verb': {'upos': 'VERB', 'text': 'हरा', 'id': 13, 'deprel': 'root', 'head': 0}}]",['SOV']
1690,मिश्रवासियों ने पौधों और जानवरों को लौकिक अवस्था का एक अनिवार्य हिस्सा माना है।,1,"[{'subject': {'upos': 'NOUN', 'text': 'मिश्रवासियों', 'id': 1, 'deprel': 'nsubj', 'head': 13}, 'object': {'upos': 'NOUN', 'text': 'पौधों', 'id': 3, 'deprel': 'obj', 'head': 13}, 'verb': {'upos': 'VERB', 'text': 'माना', 'id': 13, 'deprel': 'root', 'head': 0}}]",['SOV']
1697,"मिस्र मुख्य रूप से अनाज, सोना, सन के कपड़े और पेपिरस का निर्यात करता था, जिसके बदले में उसे विलासिता की सामग्रियाँ और कच्चा माल प्राप्त होता था।",1,"[{'subject': {'upos': 'PROPN', 'text': 'मिस्र', 'id': 1, 'deprel': 'nsubj', 'head': 16}, 'object': {'upos': 'NOUN', 'text': 'अनाज', 'id': 5, 'deprel': 'obj', 'head': 16}, 'verb': {'upos': 'VERB', 'text': 'करता', 'id': 16, 'deprel': 'root', 'head': 0}}]",['SOV']
1703,चौथी सदी में सिर्फ चंद पुजारी चित्रलिपि लेखन को पढ़ सकते थे।,1,"[{'subject': {'upos': 'NOUN', 'text': 'पुजारी', 'id': 6, 'deprel': 'nsubj', 'head': 10}, 'object': {'upos': 'NOUN', 'text': 'लेखन', 'id': 8, 'deprel': 'obj', 'head': 10}, 'verb': {'upos': 'VERB', 'text': 'पढ़', 'id': 10, 'deprel': 'root', 'head': 0}}]",['SOV']
1704,"चित्रलिपि का उपयोग एक शब्द, एक ध्वनि या एक मूक निर्धारक का प्रतिनिधित्व करने के लिए किया जा सकता है। इसके अलावा, एक ही प्रतीक भिन्न संदर्भों में भिन्न कार्य कर सकता है।",1,"[{'subject': {'upos': 'NOUN', 'text': 'प्रतीक', 'id': 6, 'deprel': 'nsubj', 'head': 12}, 'object': {'upos': 'NOUN', 'text': 'कार्य', 'id': 11, 'deprel': 'obj', 'head': 12}, 'verb': {'upos': 'VERB', 'text': 'कर', 'id': 12, 'deprel': 'root', 'head': 0}}]",['SOV']
1707,"खुली छत का प्रयोजन था गर्मी के दिनों में ठंडे बने रहने के लिए। प्राचीन मिस्रवासी अपने घरों की छतें खुली रखा करते थे, जिससे गर्मी के दिनों में घर के अंदर ठंडा रहता था।",1,"[{'subject': {'upos': 'NOUN', 'text': 'मिस्रवासी', 'id': 2, 'deprel': 'nsubj', 'head': 7}, 'object': {'upos': 'NOUN', 'text': 'छतें', 'id': 6, 'deprel': 'obj', 'head': 7}, 'verb': {'upos': 'VERB', 'text': 'खुली', 'id': 7, 'deprel': 'root', 'head': 0}}]",['SOV']
1710,"धनी मिस्रियों को शिकार, नौका विहार, करतब दिखाना और गेंद के खेल का आनंद लेने का मौका उपलब्ध था।",1,"[{'subject': {'upos': 'NOUN', 'text': 'मिस्रियों', 'id': 2, 'deprel': 'nsubj', 'head': 21}, 'object': {'upos': 'ADJ', 'text': 'उपलब्ध', 'id': 20, 'deprel': 'obj', 'head': 21}, 'verb': {'upos': 'VERB', 'text': 'था', 'id': 21, 'deprel': 'root', 'head': 0}}]",['SOV']
1715,"रक्त-मस्तिष्क की बाधा में दरार आ सकती है जब संक्रमण या किसी विषाणु द्वारा सक्रीय नहीं किया जाता है, जो अवरोध उत्पन्न करने वाले ठोस जोड़ों की अखंडता को कम करता है। जब रक्त-मस्तिष्क की बाधा सामान्य रूप से संक्रमण या विषाणु के समाप्त होने के बाद अपनी अखण्डता पुनः प्राप्त करता है, टी कोशिकाएं मस्तिष्क के अंदर फंस जाते हैं।",1,"[{'subject': {'upos': 'NOUN', 'text': 'बाधा', 'id': 4, 'deprel': 'nsubj', 'head': 20}, 'object': {'upos': 'NOUN', 'text': 'अखण्डता', 'id': 17, 'deprel': 'obj', 'head': 20}, 'verb': {'upos': 'VERB', 'text': 'करता', 'id': 20, 'deprel': 'acl:relcl', 'head': 24}}]",['SOV']
1738,चर्मपत्र की उम्र के बारे में परीक्षण ने 95% से अधिक की संभावना से कहा कि यह 568 और 645 के बीच था।,1,"[{'subject': {'upos': 'NOUN', 'text': 'परीक्षण', 'id': 7, 'deprel': 'nsubj', 'head': 15}, 'verb': {'upos': 'VERB', 'text': 'कहा', 'id': 15, 'deprel': 'root', 'head': 0}, 'object': {'upos': 'NUM', 'text': '568', 'id': 18, 'deprel': 'obj', 'head': 15}}]",['SVO']
1742,मुद्रण को व्यापक रूप से अपनाया जाने से पहले कुरान को कॉलिग्राफर्स और प्रतिवादियों द्वारा बनाई गई पांडुलिपियों में प्रसारित किया गया था। सबसे पुरानी पांडुलिपियों को इजाजी- टाइप स्क्रिप्ट में लिखा गया था। हिजाजी शैली पांडुलिपियों ने फिर भी पुष्टि की है कि लेखन में कुरान का प्रसारण शुरुआती चरण में शुरू हुआ था।,1,"[{'subject': {'upos': 'NOUN', 'text': 'पांडुलिपियों', 'id': 3, 'deprel': 'nsubj', 'head': 8}, 'verb': {'upos': 'VERB', 'text': 'की', 'id': 8, 'deprel': 'root', 'head': 0}, 'object': {'upos': 'VERB', 'text': 'हुआ', 'id': 20, 'deprel': 'obj', 'head': 8}}]",['SVO']
1747,"अगले वर्ष, कीज़ ने रीमिक्सड एंड अनप्लग्ड इन ए मिरर (Remixed & Unplugged in A Minor) को फिर से रिलीज़ किया, जिसमें आठ रीमिक्स और मूल गानों के सात अनप्लग्ड संस्करण शामिल हैं।",1,"[{'subject': {'upos': 'PROPN', 'text': 'कीज़', 'id': 4, 'deprel': 'nsubj', 'head': 24}, 'object': {'upos': 'PROPN', 'text': 'मिरर', 'id': 11, 'deprel': 'obj', 'head': 24}, 'verb': {'upos': 'VERB', 'text': 'किया', 'id': 24, 'deprel': 'root', 'head': 0}}]",['SOV']
1748,एलिशिया कीज़ ने 2006 में तीन एनएएसीपी इमेज अवार्ड जीते।,1,"[{'subject': {'upos': 'PROPN', 'text': 'कीज़', 'id': 2, 'deprel': 'nsubj', 'head': 10}, 'object': {'upos': 'NOUN', 'text': 'अवार्ड', 'id': 9, 'deprel': 'obj', 'head': 10}, 'verb': {'upos': 'VERB', 'text': 'जीते', 'id': 10, 'deprel': 'root', 'head': 0}}]",['SOV']
1750,"कीज़ ने अपनी तीसरी स्टूडियो एलबम ""एज आई एम (As I Am)"" को नवंबर 2007 में रिलीज़ किया था। उस वर्ष में वह सप्ताह में दूसरी सबसे अधिक प्रतियों की बिक्री करने वाली बनीं थीं।",1,"[{'subject': {'upos': 'PRON', 'text': 'वह', 'id': 4, 'deprel': 'nsubj', 'head': 15}, 'object': {'upos': 'VERB', 'text': 'करने', 'id': 13, 'deprel': 'obj', 'head': 15}, 'verb': {'upos': 'VERB', 'text': 'बनीं', 'id': 15, 'deprel': 'root', 'head': 0}}]",['SOV']
1753,1992 में घाली ने शांति के लिए एजेंडा प्रस्तुत किया था।,1,"[{'subject': {'upos': 'PROPN', 'text': 'घाली', 'id': 3, 'deprel': 'nsubj', 'head': 10}, 'object': {'upos': 'NOUN', 'text': 'एजेंडा', 'id': 8, 'deprel': 'obj', 'head': 10}, 'verb': {'upos': 'VERB', 'text': 'किया', 'id': 10, 'deprel': 'root', 'head': 0}}]",['SOV']
1771,सिबुआनो (Cebuano) भाषा बोलते हैं।,1,"[{'subject': {'upos': 'PROPN', 'text': 'सिबुआनो', 'id': 1, 'deprel': 'nsubj', 'head': 6}, 'object': {'upos': 'NOUN', 'text': 'भाषा', 'id': 5, 'deprel': 'obj', 'head': 6}, 'verb': {'upos': 'VERB', 'text': 'बोलते', 'id': 6, 'deprel': 'root', 'head': 0}}]",['SOV']
1781,"गैस्ट्रोस्काइसिस का कारण ज्ञात नहीं है। परन्तु कुछ मामलों में अनुवांशिक कारण हो सकते हैं, और गर्भावस्था के दौरान मां को उजागर करने के लिए पर्यावरणीय कारक भी हो सकते हैं। छोटी उम्र में मां बनना, और माँ बनने वाली महिलओं का शराब या तंबाकू का सेवन करना भी शामिल है।",1,"[{'subject': {'upos': 'VERB', 'text': 'बनना', 'id': 5, 'deprel': 'nsubj', 'head': 21}, 'object': {'upos': 'ADJ', 'text': 'शामिल', 'id': 20, 'deprel': 'obj', 'head': 21}, 'verb': {'upos': 'VERB', 'text': 'है', 'id': 21, 'deprel': 'root', 'head': 0}}]",['SOV']
1782,बुच ने महत्वपूर्ण घड़ी को पैक करना भूल गयी थी।,1,"[{'subject': {'upos': 'PROPN', 'text': 'बुच', 'id': 1, 'deprel': 'nsubj', 'head': 8}, 'object': {'upos': 'VERB', 'text': 'करना', 'id': 7, 'deprel': 'obj', 'head': 8}, 'verb': {'upos': 'VERB', 'text': 'भूल', 'id': 8, 'deprel': 'root', 'head': 0}}]",['SOV']
1783,मुसलमानों ने भारत के आर्थिक उदय और सांस्कृतिक प्रभुत्व में महती भूमिका निभाई है।,1,"[{'subject': {'upos': 'NOUN', 'text': 'मुसलमानों', 'id': 1, 'deprel': 'nsubj', 'head': 13}, 'object': {'upos': 'NOUN', 'text': 'भूमिका', 'id': 12, 'deprel': 'obj', 'head': 13}, 'verb': {'upos': 'VERB', 'text': 'निभाई', 'id': 13, 'deprel': 'root', 'head': 0}}]",['SOV']
1791,"करीना के अभिनय प्रतिभा का वर्णन ""बहुत बढ़िया (Fantabulous)"" के रूप में किया गया है, जिसके साथ वह विषम भूमिकाओं को हेंडल करती है, जो अद्वितीय है।",1,"[{'subject': {'upos': 'PRON', 'text': 'वह', 'id': 23, 'deprel': 'nsubj', 'head': 28}, 'object': {'upos': 'NOUN', 'text': 'भूमिकाओं', 'id': 25, 'deprel': 'obj', 'head': 28}, 'verb': {'upos': 'VERB', 'text': 'करती', 'id': 28, 'deprel': 'advcl', 'head': 17}}]",['SOV']
1795,"मूत्र मार्ग का कैथेटराइज़ेशन मूत्र मार्ग के संक्रमण के जोखिम को 3 से 6 प्रतिशत, प्रतिदिन के बीच बढ़ाता है।",1,"[{'subject': {'upos': 'NOUN', 'text': 'कैथेटराइज़ेशन', 'id': 4, 'deprel': 'nsubj', 'head': 20}, 'object': {'upos': 'NOUN', 'text': 'जोखिम', 'id': 10, 'deprel': 'obj', 'head': 20}, 'verb': {'upos': 'VERB', 'text': 'बढ़ाता', 'id': 20, 'deprel': 'root', 'head': 0}}]",['SOV']
1802,"उन लोगों के लिए जो अधिक गंभीर लक्षण प्रदर्शित करते हैं, दिये जा रहे एंटीबायोटिक्स के लिए अस्पताल में भर्ती किये जाने की सिफारिश की जाती है।",1,"[{'subject': {'upos': 'PRON', 'text': 'जो', 'id': 5, 'deprel': 'nsubj', 'head': 10}, 'object': {'upos': 'NOUN', 'text': 'लक्षण', 'id': 8, 'deprel': 'obj', 'head': 10}, 'verb': {'upos': 'VERB', 'text': 'करते', 'id': 10, 'deprel': 'acl:relcl', 'head': 16}}]",['SOV']
1812,"हाँ, वोल्टीय सेल, सौर सेल, विद्युत जनित्र आदि इलेक्ट्रोकेमिकल सेल हैं जो Emf प्रदान करने में सक्षम हैं।",1,"[{'subject': {'upos': 'PRON', 'text': 'जो', 'id': 15, 'deprel': 'nsubj', 'head': 21}, 'object': {'upos': 'ADJ', 'text': 'सक्षम', 'id': 20, 'deprel': 'obj', 'head': 21}, 'verb': {'upos': 'VERB', 'text': 'हैं', 'id': 21, 'deprel': 'acl:relcl', 'head': 13}}]",['SOV']
1817,"नियम 13: फॉलो-ऑन (Follow-on) नियम है, जिसके अनुसार एक पारी समाप्त होने के बाद, अगर कोई अन्य बल्लेबाज खेलने के लिए फिट नहीं होता है तो पारी घोषित कर दी जाती है या बल्लेबाजी कप्तान द्वारा इसका अधिकार खो दिया जाता है या जब कोई सहमत समय या ओवर की सीमा पूरी हो जाती है।",1,"[{'subject': {'upos': 'NOUN', 'text': 'कप्तान', 'id': 39, 'deprel': 'nsubj:pass', 'head': 43}, 'object': {'upos': 'NOUN', 'text': 'अधिकार', 'id': 42, 'deprel': 'obj', 'head': 43}, 'verb': {'upos': 'VERB', 'text': 'खो', 'id': 43, 'deprel': 'conj', 'head': 33}}]",['SOV']
1827,"क्रिस और फ्रेहले ने ""अनप्लग्ड"" में 9 अगस्त 1995 को काम किया।",1,"[{'subject': {'upos': 'PROPN', 'text': 'क्रिस', 'id': 1, 'deprel': 'nsubj', 'head': 14}, 'object': {'upos': 'NOUN', 'text': 'काम', 'id': 13, 'deprel': 'obj', 'head': 14}, 'verb': {'upos': 'VERB', 'text': 'किया', 'id': 14, 'deprel': 'root', 'head': 0}}]",['SOV']
1828,बैंड ने क्रिस और फ्रेहले से संपर्क किया।,1,"[{'subject': {'upos': 'NOUN', 'text': 'बैंड', 'id': 1, 'deprel': 'nsubj', 'head': 8}, 'object': {'upos': 'PROPN', 'text': 'क्रिस', 'id': 3, 'deprel': 'obj', 'head': 8}, 'verb': {'upos': 'VERB', 'text': 'किया', 'id': 8, 'deprel': 'root', 'head': 0}}]",['SOV']
1829,क्रिस ने 2001 में बैंड छोड़ा था।,1,"[{'subject': {'upos': 'PROPN', 'text': 'क्रिस', 'id': 1, 'deprel': 'nsubj', 'head': 6}, 'object': {'upos': 'NOUN', 'text': 'बैंड', 'id': 5, 'deprel': 'obj', 'head': 6}, 'verb': {'upos': 'VERB', 'text': 'छोड़ा', 'id': 6, 'deprel': 'root', 'head': 0}}]",['SOV']
1836,जॉन की मदत मार्कस ने की थी। मार्कस ने जॉन को स्काईनेट से लड़ने में मदद की और उसके बाद स्काईनेट के अड्डे को नष्ट करने में उसकी मदद की।,1,"[{'subject': {'upos': 'PROPN', 'text': 'मार्कस', 'id': 1, 'deprel': 'nsubj', 'head': 10}, 'object': {'upos': 'PROPN', 'text': 'जॉन', 'id': 3, 'deprel': 'obj', 'head': 10}, 'verb': {'upos': 'VERB', 'text': 'की', 'id': 10, 'deprel': 'root', 'head': 0}}]",['SOV']
1841,डैनी एल्फ़मैन ने जनवरी 2009 में स्वर-लिपि रचना शुरू की थी।,1,"[{'subject': {'upos': 'PROPN', 'text': 'एल्फ़मैन', 'id': 2, 'deprel': 'nsubj', 'head': 10}, 'object': {'upos': 'NOUN', 'text': 'रचना', 'id': 8, 'deprel': 'obj', 'head': 10}, 'verb': {'upos': 'VERB', 'text': 'की', 'id': 10, 'deprel': 'root', 'head': 0}}]",['SOV']
1846,"शकीरा ने लैटिन अमेरिका और संयुक्त राज्य अमेरिका का अपने दो महीने का दौरा, टूर अन्फिबियो शुरू किया मार्च 2000 में।",1,"[{'subject': {'upos': 'PROPN', 'text': 'शकीरा', 'id': 1, 'deprel': 'nsubj', 'head': 19}, 'object': {'upos': 'PROPN', 'text': 'अन्फिबियो', 'id': 17, 'deprel': 'obj', 'head': 19}, 'verb': {'upos': 'VERB', 'text': 'किया', 'id': 19, 'deprel': 'root', 'head': 0}}]",['SOV']
1851,"मैथेसन ने १९५६ में लघु कहानी ""स्टील"" लिखी थी।",1,"[{'subject': {'upos': 'PROPN', 'text': 'मैथेसन', 'id': 1, 'deprel': 'nsubj', 'head': 10}, 'object': {'upos': 'NOUN', 'text': 'कहानी', 'id': 6, 'deprel': 'obj', 'head': 10}, 'verb': {'upos': 'VERB', 'text': 'लिखी', 'id': 10, 'deprel': 'root', 'head': 0}}]",['SOV']
1853,"केन्या ने मतदान करके अपने नेताओं का चुनाव किया नहीं। प्रश्न में कोई संदर्भ केन्या से नहीं है। हालांकि, पीटरसन को फोएनिक्स मेयर फिल गॉर्डन के द्वारा २००६ बॉण्ड कार्यकारी समिति की उपसमिति प्रौद्योगिकी के अध्यक्ष के रूप में नियुक्त किया गया था, लेकिन यह केन्या से संबंधित नहीं है।",1,"[{'object': {'upos': 'PROPN', 'text': 'पीटरसन', 'id': 3, 'deprel': 'obj', 'head': 24}, 'subject': {'upos': 'PROPN', 'text': 'गॉर्डन', 'id': 8, 'deprel': 'nsubj:pass', 'head': 24}, 'verb': {'upos': 'VERB', 'text': 'किया', 'id': 24, 'deprel': 'root', 'head': 0}}]",['OSV']
1858,इंटेल ने नया कोर कोडनेम 'प्रेस्कॉट' 1 फ़रवरी 2004 को पेश किया था।,1,"[{'subject': {'upos': 'PROPN', 'text': 'इंटेल', 'id': 1, 'deprel': 'nsubj', 'head': 14}, 'object': {'upos': 'PROPN', 'text': 'प्रेस्कॉट', 'id': 7, 'deprel': 'obj', 'head': 14}, 'verb': {'upos': 'VERB', 'text': 'किया', 'id': 14, 'deprel': 'root', 'head': 0}}]",['SOV']
1860,"एबनर ने स्नातक स्तर की पढ़ाई के बाद कई कार्य किए। उन्होंने एक अनुवादक, विदेशी भाषायों के अध्यापक एवं एक सूचना प्रौद्योगिकी परियोजना जैसे व्यवसायों पर केन्दित किया। इसके अलावा उन्होंने कंप्यूटर सॉफ़्टवेयर तथा नेटवर्किंग जैसे विषयों पर कई लेख और पुस्तकों को लिखा।",1,"[{'subject': {'upos': 'PRON', 'text': 'उन्होंने', 'id': 3, 'deprel': 'nsubj', 'head': 16}, 'object': {'upos': 'NOUN', 'text': 'लेख', 'id': 12, 'deprel': 'obj', 'head': 16}, 'verb': {'upos': 'VERB', 'text': 'लिखा।', 'id': 16, 'deprel': 'root', 'head': 0}}]",['SOV']
1861,"इब्नेर ने विभिन्न कंपनियों और संस्थानों के लिए काम किया, जिसमें अनुवादक, विदेशी भाषायों के अध्यापक, सूचना प्रौद्योगिकी परियोजना के सदस्य, कंप्यूटर सॉफ़्टवेयर और नेटवर्किंग पर लेख और पुस्तकों के लेखक के रूप में काम किया।",1,"[{'subject': {'upos': 'PROPN', 'text': 'इब्नेर', 'id': 1, 'deprel': 'nsubj', 'head': 10}, 'object': {'upos': 'NOUN', 'text': 'काम', 'id': 9, 'deprel': 'obj', 'head': 10}, 'verb': {'upos': 'VERB', 'text': 'किया', 'id': 10, 'deprel': 'root', 'head': 0}}]",['SOV']
1876,"हांगकांग डॉलर कानूनी निविदा नहीं बना था। इसके बजाय, जापानी सरकार ने 1943 में हांगकांग डॉलर के स्वत्व को अवैध बनाया और 4 से 1 की दर पर JMY विनिमेयता आवश्यक हुई।",1,"[{'subject': {'upos': 'NOUN', 'text': 'सरकार', 'id': 5, 'deprel': 'nsubj', 'head': 15}, 'object': {'upos': 'NOUN', 'text': 'स्वत्व', 'id': 12, 'deprel': 'obj', 'head': 15}, 'verb': {'upos': 'VERB', 'text': 'बनाया', 'id': 15, 'deprel': 'root', 'head': 0}}]",['SOV']
1881,सिया ने क्रिस्प बैंड को शुरू किया।,1,"[{'subject': {'upos': 'PROPN', 'text': 'सिया', 'id': 1, 'deprel': 'nsubj', 'head': 7}, 'object': {'upos': 'NOUN', 'text': 'बैंड', 'id': 4, 'deprel': 'obj', 'head': 7}, 'verb': {'upos': 'VERB', 'text': 'किया', 'id': 7, 'deprel': 'root', 'head': 0}}]",['SOV']
1884,सिया ने लंदन चले गए और ब्रिटिश बैंड जामिरोकई के लिए एक पृष्ठभूमि गायक के रूप में प्रदर्शन किया। उन्होंने अपने पहले तीन स्टूडियो एल्बमों पर अंग्रेजी डाउनटेम्पो ग्रुप ज़ीरो 7 के लिए मुख्य गायन प्रदान किया और समूह के साथ दौरा किया।,1,"[{'subject': {'upos': 'PRON', 'text': 'उन्होंने', 'id': 1, 'deprel': 'nsubj', 'head': 18}, 'object': {'upos': 'NOUN', 'text': 'गायन', 'id': 16, 'deprel': 'obj', 'head': 18}, 'verb': {'upos': 'VERB', 'text': 'किया', 'id': 18, 'deprel': 'root', 'head': 0}}]",['SOV']
1886,"सिया ने 2010 के एआरआईए संगीत पुरस्कारों में दो पुरस्कार जीते, जिनमें से एक सर्वश्रेष्ठ स्वतंत्र रिलीज और दूसरा सर्वश्रेष्ठ पॉप रिलीज़ था।",1,"[{'subject': {'upos': 'PROPN', 'text': 'सिया', 'id': 1, 'deprel': 'nsubj', 'head': 11}, 'object': {'upos': 'NOUN', 'text': 'पुरस्कार', 'id': 10, 'deprel': 'obj', 'head': 11}, 'verb': {'upos': 'VERB', 'text': 'जीते', 'id': 11, 'deprel': 'root', 'head': 0}}]",['SOV']
1887,"सिया ने 2011 और 2013 के बीच बैयन्से, काइली मिनोग, फ्लो रिडा और रिहाना के लिए गाने लिखे थे।",1,"[{'subject': {'upos': 'PROPN', 'text': 'सिया', 'id': 1, 'deprel': 'nsubj', 'head': 20}, 'object': {'upos': 'NOUN', 'text': 'गाने', 'id': 19, 'deprel': 'obj', 'head': 20}, 'verb': {'upos': 'VERB', 'text': 'लिखे', 'id': 20, 'deprel': 'root', 'head': 0}}]",['SOV']
1888,सिया ने 2011 में जेडी सैमसन से नाता तोड़ लिया।,1,"[{'subject': {'upos': 'PROPN', 'text': 'सिया', 'id': 1, 'deprel': 'nsubj', 'head': 9}, 'object': {'upos': 'PROPN', 'text': 'सैमसन', 'id': 6, 'deprel': 'obj', 'head': 9}, 'verb': {'upos': 'VERB', 'text': 'तोड़', 'id': 9, 'deprel': 'root', 'head': 0}}]",['SOV']
1891,हिंदू और बौद्ध प्रतिनिधि आधुनिक पटना को कुसुमपुरा कहते हैं।,1,"[{'subject': {'upos': 'PROPN', 'text': 'हिंदू', 'id': 1, 'deprel': 'nsubj', 'head': 9}, 'object': {'upos': 'PROPN', 'text': 'पटना', 'id': 6, 'deprel': 'obj', 'head': 9}, 'verb': {'upos': 'VERB', 'text': 'कहते', 'id': 9, 'deprel': 'root', 'head': 0}}]",['SOV']
1892,"महाविद्यालय में स्वरूप ने मनोविज्ञान, दर्शनशास्त्र और इतिहास विषयों के साथ स्नातक की उपाधि प्राप्त की।",1,"[{'subject': {'upos': 'NOUN', 'text': 'स्वरूप', 'id': 3, 'deprel': 'nsubj', 'head': 17}, 'object': {'upos': 'NOUN', 'text': 'उपाधि', 'id': 15, 'deprel': 'obj', 'head': 17}, 'verb': {'upos': 'VERB', 'text': 'की', 'id': 17, 'deprel': 'root', 'head': 0}}]",['SOV']
1897,"मूक संकेत में ब्लैक पॉवर सैल्यूट में टॉमी स्मिथ और जॉन कार्लोस ने काला दस्ताना पहनी हुई मुट्ठी उठाई, लेकिन इसका मतलब ""अश्वेत शक्ति सलामी"" नहीं था, बल्कि ""मानव अधिकार सलामी"" था।",1,"[{'subject': {'upos': 'PROPN', 'text': 'स्मिथ', 'id': 9, 'deprel': 'nsubj', 'head': 19}, 'object': {'upos': 'NOUN', 'text': 'मुट्ठी', 'id': 18, 'deprel': 'obj', 'head': 19}, 'verb': {'upos': 'VERB', 'text': 'उठाई', 'id': 19, 'deprel': 'root', 'head': 0}}]",['SOV']
1898,पीटर नॉर्मन ने रजत पदक जीता है।,1,"[{'subject': {'upos': 'PROPN', 'text': 'नॉर्मन', 'id': 2, 'deprel': 'nsubj', 'head': 6}, 'object': {'upos': 'NOUN', 'text': 'पदक', 'id': 5, 'deprel': 'obj', 'head': 6}, 'verb': {'upos': 'VERB', 'text': 'जीता', 'id': 6, 'deprel': 'root', 'head': 0}}]",['SOV']
1899,"CEMS Global Alliance का सामाजिक सहयोग का हिस्सा होना संभव है क्योंकि इसमें ३० शैक्षणिक संस्थान, ७२ से अधिक कंपनी भागीदार और दुनिया भर से ५ सामाजिक भागीदार शामिल हैं, जो सामाजिक कार्यों में संलग्न हैं। इसके अलावा, CEMS अपने सदस्य विद्यालयों में CEMS MIM डिग्री के वितरण का प्रशासन करता है, CEMS छात्र संघ (CAA) का समर्थन करता है और अपने सदस्यों के बीच सामान्य सहयोग की सुविधा उपलब्ध करवाता है।",1,"[{'subject': {'upos': 'NOUN', 'text': 'CEMS', 'id': 4, 'deprel': 'nsubj', 'head': 16}, 'object': {'upos': 'NOUN', 'text': 'सुविधा', 'id': 37, 'deprel': 'obj', 'head': 39}, 'verb': {'upos': 'VERB', 'text': 'करवाता', 'id': 39, 'deprel': 'conj', 'head': 27}}]",['SOV']
1901,CEMS कार्यक्रम के लिए एक सदस्य विश्वविद्यालय से प्रमुख व्‍यावसायिक डिग्री लेने के लिए दाखिला लेना या चुने जाना जरूरी है।,1,"[{'subject': {'upos': 'VERB', 'text': 'लेना', 'id': 16, 'deprel': 'nsubj', 'head': 21}, 'object': {'upos': 'ADJ', 'text': 'जरूरी', 'id': 20, 'deprel': 'obj', 'head': 21}, 'verb': {'upos': 'VERB', 'text': 'है', 'id': 21, 'deprel': 'root', 'head': 0}}]",['SOV']
1902,CEMS के वर्तमान में ७०+ कंपनी भागीदार हैं जो कि सालाना आधार पर आर्थिक रूप से योगदान देते हैं और कार्यक्रम को मानव संसाधन और पाठ्यक्रम में योगदान देते हैं।,1,"[{'subject': {'upos': 'PRON', 'text': 'जो', 'id': 9, 'deprel': 'nsubj', 'head': 18}, 'object': {'upos': 'NOUN', 'text': 'योगदान', 'id': 17, 'deprel': 'obj', 'head': 18}, 'verb': {'upos': 'VERB', 'text': 'देते', 'id': 18, 'deprel': 'acl:relcl', 'head': 6}}]",['SOV']
1905,सीऐऐ का नेतृत्व छात्र संघ मंडल करता है और स्थानीय सिमितियों (साख पत्र) के माध्यम से अनेक देशों में मौजूद है जो की सीईएमएस जो की सीईएमएस के पूर्व छात्रों से बानी है। साख पत्र सीईएमएस पूर्व छात्रों के साथ संपर्क रखने के लिए और व्यव्यसायिक और सामाजिक गतिविधियों के आयोजन के लिए उत्तरदायी है।,1,"[{'subject': {'upos': 'NOUN', 'text': 'पत्र', 'id': 2, 'deprel': 'nsubj', 'head': 22}, 'object': {'upos': 'ADJ', 'text': 'उत्तरदायी', 'id': 21, 'deprel': 'obj', 'head': 22}, 'verb': {'upos': 'VERB', 'text': 'है', 'id': 22, 'deprel': 'root', 'head': 0}}]",['SOV']
1909,"1963 में अनीता देसाई ने अपना पहला उपन्यास ""क्राई द पीकॉक"" प्रकाशित किया था।",1,"[{'subject': {'upos': 'PROPN', 'text': 'देसाई', 'id': 4, 'deprel': 'nsubj', 'head': 15}, 'object': {'upos': 'NOUN', 'text': 'उपन्यास', 'id': 8, 'deprel': 'obj', 'head': 15}, 'verb': {'upos': 'VERB', 'text': 'किया', 'id': 15, 'deprel': 'root', 'head': 0}}]",['SOV']
1912,आम्बेडकर ने अपने संदेश भारत भर में कई सार्वजनिक सभाओं में बार-बार प्रस्तुत किया।,1,"[{'subject': {'upos': 'PROPN', 'text': 'आम्बेडकर', 'id': 1, 'deprel': 'nsubj', 'head': 14}, 'object': {'upos': 'NOUN', 'text': 'संदेश', 'id': 4, 'deprel': 'obj', 'head': 14}, 'verb': {'upos': 'VERB', 'text': 'किया', 'id': 14, 'deprel': 'root', 'head': 0}}]",['SOV']
1913,संविधान सभा द्वारा 1949 में संविधान अपनाया गया था।,1,"[{'subject': {'upos': 'NOUN', 'text': 'सभा', 'id': 2, 'deprel': 'nsubj:pass', 'head': 7}, 'object': {'upos': 'NOUN', 'text': 'संविधान', 'id': 6, 'deprel': 'obj', 'head': 7}, 'verb': {'upos': 'VERB', 'text': 'अपनाया', 'id': 7, 'deprel': 'root', 'head': 0}}]",['SOV']
1917,सूरीनाम ने नीदरलैंड से स्वतंत्रता प्राप्त की।,1,"[{'subject': {'upos': 'PROPN', 'text': 'सूरीनाम', 'id': 1, 'deprel': 'nsubj', 'head': 7}, 'object': {'upos': 'NOUN', 'text': 'स्वतंत्रता', 'id': 5, 'deprel': 'obj', 'head': 7}, 'verb': {'upos': 'VERB', 'text': 'की', 'id': 7, 'deprel': 'root', 'head': 0}}]",['SOV']
1931,स्टॉलमैन ने रॉकफेलर विश्वविद्यालय के जीवविज्ञान डिपार्टमेंट में वॉलन्टरी लेबोरेटरी असिस्टेंट के रूप में अपना समय बिताया था।,1,"[{'subject': {'upos': 'PROPN', 'text': 'स्टॉलमैन', 'id': 1, 'deprel': 'nsubj', 'head': 17}, 'object': {'upos': 'NOUN', 'text': 'समय', 'id': 16, 'deprel': 'obj', 'head': 17}, 'verb': {'upos': 'VERB', 'text': 'बिताया', 'id': 17, 'deprel': 'root', 'head': 0}}]",['SOV']
1933,"ईमैक्स (EMacs) एक टेक्स्ट एडिटर है, जिसे स्टॉलमैन ने बनाया था।",1,"[{'object': {'upos': 'PRON', 'text': 'जिसे', 'id': 10, 'deprel': 'obj', 'head': 13}, 'subject': {'upos': 'PROPN', 'text': 'स्टॉलमैन', 'id': 11, 'deprel': 'nsubj', 'head': 13}, 'verb': {'upos': 'VERB', 'text': 'बनाया', 'id': 13, 'deprel': 'acl:relcl', 'head': 7}}]",['OSV']
1943,लोपेज़ ओब्रादोर को मिले 31.6% वोट की अपेक्षा 38.2% वोट के साथ संस्थागत क्रांतिकारी पार्टी के एनरिक पेना नीटो ने चुनाव जीता लिया।,1,"[{'subject': {'upos': 'PROPN', 'text': 'नीटो', 'id': 19, 'deprel': 'nsubj', 'head': 22}, 'object': {'upos': 'NOUN', 'text': 'चुनाव', 'id': 21, 'deprel': 'obj', 'head': 22}, 'verb': {'upos': 'VERB', 'text': 'जीता', 'id': 22, 'deprel': 'root', 'head': 0}}]",['SOV']
1944,"क्लाउडी हेंगेरे ने जीव विज्ञान और खेल चिकित्सा (१९८१), विमानन और अंतरिक्ष दवा (१९८२), और संधिशोथ में प्रमाण पत्र प्राप्त किया।",1,"[{'subject': {'upos': 'PROPN', 'text': 'हेंगेरे', 'id': 2, 'deprel': 'nsubj', 'head': 27}, 'object': {'upos': 'NOUN', 'text': 'पत्र', 'id': 25, 'deprel': 'obj', 'head': 27}, 'verb': {'upos': 'VERB', 'text': 'किया', 'id': 27, 'deprel': 'root', 'head': 0}}]",['SOV']
1950,"प्रदर्शन टैब नेटवर्क एडाप्टर से संबंधित आंकड़ों को दर्शाता है, जिसमें एडाप्टर के नाम, नेटवर्क के उपयोग का प्रतिशत, लिंक की गति और नेटवर्क एडाप्टर की अवस्था को हाल की गतिविधि के एक चार्ट के साथ दिखाया जाता है।",1,"[{'subject': {'upos': 'NOUN', 'text': 'प्रदर्शन', 'id': 1, 'deprel': 'nsubj', 'head': 9}, 'object': {'upos': 'NOUN', 'text': 'आंकड़ों', 'id': 7, 'deprel': 'obj', 'head': 9}, 'verb': {'upos': 'VERB', 'text': 'दर्शाता', 'id': 9, 'deprel': 'root', 'head': 0}}]",['SOV']
1951,प्रयोक्ता लॉग आउट हो सकते हैं क्योंकि विंडोज एक्सपी के अनुसार फास्ट यूजर स्विचिंग फीचर का उपयोग कर एक ही समय में कंप्यूटर पर कई उपयोगकर्ताओं को लॉग ऑन रखा जा सकता है।,1,"[{'subject': {'upos': 'NOUN', 'text': 'यूजर', 'id': 13, 'deprel': 'nsubj:pass', 'head': 30}, 'object': {'upos': 'NOUN', 'text': 'लॉग', 'id': 28, 'deprel': 'obj', 'head': 30}, 'verb': {'upos': 'VERB', 'text': 'रखा', 'id': 30, 'deprel': 'advcl', 'head': 4}}]",['SOV']
1953,जार अलेक्जेंडर (द्वितीय) की हत्या के कुछ ही दिन बाद स्विस सरकार ने उसे अपन देश से निर्वासित कर दिया।,1,"[{'subject': {'upos': 'PROPN', 'text': 'सरकार', 'id': 14, 'deprel': 'nsubj', 'head': 21}, 'object': {'upos': 'PRON', 'text': 'उसे', 'id': 16, 'deprel': 'obj', 'head': 21}, 'verb': {'upos': 'VERB', 'text': 'कर', 'id': 21, 'deprel': 'root', 'head': 0}}]",['SOV']
1957,"हिंदी में उत्तर: ऑस्ट्रिया, जर्मनी, आयरलैंड, एस्टोनिया और लातविया ने पुरानी मुद्राओं को स्वीकार किया है।",1,"[{'subject': {'upos': 'PROPN', 'text': 'उत्तर', 'id': 3, 'deprel': 'nsubj', 'head': 19}, 'object': {'upos': 'NOUN', 'text': 'मुद्राओं', 'id': 16, 'deprel': 'obj', 'head': 19}, 'verb': {'upos': 'VERB', 'text': 'किया', 'id': 19, 'deprel': 'root', 'head': 0}}]",['SOV']
1963,"ENIAC कंप्यूटर को प्रचालन के जटिल अनुक्रमों के लिए प्रोग्रामित किया जा सकता था, जिसमें पाश, शाखाएं और उपनेमकाएं शामिल हो सकते थे। इसके अलावा, ENIAC को इनपुट/आउटपुट एक मिलियन कार्ड के लिए गणना करने में सक्षम था।",1,"[{'subject': {'upos': 'PROPN', 'text': 'ENIAC', 'id': 4, 'deprel': 'nsubj', 'head': 16}, 'object': {'upos': 'ADJ', 'text': 'सक्षम', 'id': 15, 'deprel': 'obj', 'head': 16}, 'verb': {'upos': 'VERB', 'text': 'था', 'id': 16, 'deprel': 'root', 'head': 0}}]",['SOV']
1967,फ्रेम नंबरिंग है जो उप अनुक्रमों हेतु अनुमति प्रदान करती है।,1,"[{'subject': {'upos': 'PRON', 'text': 'जो', 'id': 4, 'deprel': 'nsubj', 'head': 10}, 'object': {'upos': 'NOUN', 'text': 'अनुमति', 'id': 8, 'deprel': 'obj', 'head': 10}, 'verb': {'upos': 'VERB', 'text': 'करती', 'id': 10, 'deprel': 'acl:relcl', 'head': 2}}]",['SOV']
1975,ज़ैडी स्मिथ ने विश्वविद्यालय में एक जाज गायक के रूप में पैसा कमाया था।,1,"[{'subject': {'upos': 'PROPN', 'text': 'स्मिथ', 'id': 2, 'deprel': 'nsubj', 'head': 13}, 'object': {'upos': 'NOUN', 'text': 'पैसा', 'id': 12, 'deprel': 'obj', 'head': 13}, 'verb': {'upos': 'VERB', 'text': 'कमाया', 'id': 13, 'deprel': 'root', 'head': 0}}]",['SOV']
1977,वर्ष 1995 में सैंडलर ने बिली मैडिसन के लिए प्रधान भूमिका निभाई थी।,1,"[{'subject': {'upos': 'PROPN', 'text': 'सैंडलर', 'id': 4, 'deprel': 'nsubj', 'head': 12}, 'object': {'upos': 'NOUN', 'text': 'भूमिका', 'id': 11, 'deprel': 'obj', 'head': 12}, 'verb': {'upos': 'VERB', 'text': 'निभाई', 'id': 12, 'deprel': 'root', 'head': 0}}]",['SOV']
1996,"बोर्ड ऑफ गवर्नर्स, अपने समूह में से 12 सदस्यों को बोर्ड ऑफ डायरेक्टर्स और उनके सहायक के रूप में चुनते हैं।",1,"[{'subject': {'upos': 'NOUN', 'text': 'गवर्नर्स', 'id': 3, 'deprel': 'nsubj', 'head': 21}, 'object': {'upos': 'NOUN', 'text': 'सदस्यों', 'id': 10, 'deprel': 'obj', 'head': 21}, 'verb': {'upos': 'VERB', 'text': 'चुनते', 'id': 21, 'deprel': 'root', 'head': 0}}]",['SOV']
1998,अध्यक्ष का कार्यकाल 5 वर्षों का होता है और इसे पुनः निर्वाचित किया जा सकता है।,1,"[{'subject': {'upos': 'NOUN', 'text': 'कार्यकाल', 'id': 3, 'deprel': 'nsubj', 'head': 7}, 'object': {'upos': 'PRON', 'text': 'इसे', 'id': 10, 'deprel': 'obj', 'head': 13}, 'verb': {'upos': 'VERB', 'text': 'किया', 'id': 13, 'deprel': 'conj', 'head': 7}}]",['SOV']
0,झील से उत्तर पूर्व की ओर बढ़ते हुए व्यापक और सुव्यवस्थित ग्रूम झील की सड़कें एक दर्रे के जरिये पेचीदा पहाड़ियों से होकर गुजरती हैं।,0,[],[]
1,"सड़कें ""एक्स्ट्राटेरेस्ट्रिअल हाईवे"", स्टेट रूट 375 की ओर अभिमुख होने से पहले कई छोटे-छोटे खेतों से गुजरती हैं।",0,[],[]
3,"लॉकहीड ने साईट II या ""द रांच"" के नाम से एक अस्थायी अड्डे का निर्माण किया था, जहाँ उसकी टीम के रहने के लिए कुछ आश्रय, कार्यशालाएं और गाड़ी घर थे। प्रथम U-2 ने ग्रूम से अगस्त 4, 1955 को उड़ान भरी। प्रथम U-24, जुलाई 24, 1955 को Douglas DC-3 पर सवार लॉकहीड विशेषज्ञों सहित बरबैंक से C-124 Globemaster II कार्गो विमान पर उपलब्ध हुआ।",0,[],[]
4,नागरिकों और सामान्य हवाई सेना यातायात के लिए बंद क्षेत्र में भटकने पर सैन्य पायलटों को अनुशासनात्मक कार्रवाई का सामना करना पड़ता है।,0,[],[]
5,"नेल्लिस का हवाई क्षेत्र प्रतिबंधित क्षेत्र है, जिसके बारे में नेवादा परिवहन विभाग द्वारा प्रकाशित नागरिक उड्डयन मानचित्र में संकेत किया गया है।",0,[],[]
6,रुटगर्स विश्वविद्यालय के जीव रसायन विज्ञानियों ने बायोप्सी का विश्लेषण किया।,0,[],[]
7,जोनाथन टर्ली ने रॉबर्ट फ्रॉस्ट और वाल्टर कास्ज़ा के मुकदमे में उनका प्रतिनिधित्व किया था।,0,[],[]
8,"ग्रूम के बारे में मुकद्दमा में आरोप लगाया गया कि जब ग्रूम के खुले गड्ढों और खाइयों में विशाल मात्रा में अज्ञात रसायनों को जलाया गया तो वे वहां उपस्थित थे। शिकायतकर्ताओं ने आरोप लगाया कि ग्रूम पर काम करने के कारण उन्हें लगातार त्वचा, कलेजे और श्वसन सम्बन्धी परेशानियों का सामना करना पड़ा और फ्रोस्ट और कास्ज़ा की मौत का भी यही कारण बना।",0,[],[]
9,"शिकायतकर्ताओं ने आरोप लगाया कि ग्रूम पर काम करने के कारण उन्हें लगातार त्वचा, कलेजे और श्वसन सम्बन्धी परेशानियों का सामना करना पड़ा और फ्रोस्ट और कास्ज़ा की मौत का भी यही कारण बना।",0,[],[]
11,"एरिया 51 है, जिसके कारण असामान्य घटना की खबरों के साथ-साथ, अपनी गोपनीय प्रकृति और वर्गीकृत विमान अनुसंधान के साथ अपने निश्चित सम्बन्ध के कारण, एरिया 51, आधुनिक UFO और षड्यंत्र सिद्धांतों का केंद्र बन गया है।",0,[],[]
12,QoS के सबसेट के साथ डेटा प्रवाह के लिए कतिपय निष्पादन स्तर की गारंटी है।,0,[],[]
13,"QoS (Quality of Service) बातचीत सत्र स्थापना के दौरान होती है, जब नेटवर्क नोड्स में आरक्षित क्षमता के लिए सहमत होते हैं। इस दौरान, नेटवर्क नोड्स निष्पादन के हासिल स्तर की देख-रेख कर सकते हैं, जैसे डेटा दर और विलंब, और गतिशील रूप से नेटवर्क नोड्स में अनुसूचन प्राथमिकताएं निर्धारित कर सकते हैं।",0,[],[]
15,मेरे पास आपके प्रश्न का उत्तर नहीं है।,0,[],[]
16,"पैकेट को अग्रेषित किया जाता है जब कतार के साथ इंटरफेस से एक पैकेट को अग्रेषित किया जाना होता है, अन्य कतारों में पैकेटों की तुलना में कम जिटल की अपेक्षा रखने वाले पैकेटों को वरीयता दी जाती है।",0,[],[]
18,"इंटरनेट यातायात को QoS अनुबंध सीमित करते हैं, जिसकी इंटरनेट को पेशकश की जा सकती है और इस तरह उसे अतिभारित बनने से रोकने के लिए, यातायात अनुरूपण लागू किया जा सकता है।",0,[],[]
19,टीसीपी का अर्थ होता है ट्रान्सपोर्ट प्रोटोकॉल (Transport Protocol)।,0,[],[]
20,मेरे पास आपके प्रश्न का उत्तर नहीं है।,0,[],[]
21,प्राइमेट में संवेदनशील क्या है?,0,[],[]
21,"उत्तर: प्राइमेट में संवेदनशील क्या है, इसका उत्तर नहीं है।",0,[],[]
22,कोशिका संवर्धन तकनीकें 1940 और 1950 के दशक में अत्यंत उन्नत थीं।,0,[],[]
24,प्राथमिक कोशिका कहा जाता है।,0,[],[]
25,मुगल वंश 1526 में आरंभ हुआ था।,0,[],[]
26,पेडिग्री का प्रयोग शुरू कर दिया था।,0,[],[]
28,लेवेस्क ने जनवरी 1995 में WWF में शामिल होने के लिए चले गए।,0,[],[]
29,मेरे पास आपके प्रश्न का उत्तर नहीं है।,0,[],[]
30,हेनरी अष्टम का नाम था जिसने कैथरीन ऑफ एरागॉन से शादी की थी।,0,[],[]
31,लॉर्ड मेयर बनने से पहले जेफ़री बोलिन रेशम और ऊन का व्यापारी था।,0,[],[]
32,"यूरोप में थॉमस बोलेन के आकर्षण से मैक्समिलन प्रथम, पवित्र रोमन सम्राट की बेटी आर्कडचेज़ मार्गरेट ऑफ़ ऑस्ट्रिया सहित कई प्रशंसकों को आकर्षित किया गया था।",0,[],[]
33,फ़्रांस के फ़्रांसिस प्रथम का समर्थन पाने की आवश्यकता थी।,0,[],[]
35,मेरे पास आपके प्रश्न का उत्तर नहीं है।,0,[],[]
36,"एलिजाबेथ की माँ को ""पवित्र माँ"" के रूप में जाना जाता है।",0,[],[]
37,300 स्पार्टन थे।,0,[],[]
38,"फिल्म में विभिन्न हैरतअंगेज प्राणियों के साथ, उन ३०० लोगों की साथ एक ऐतिहासिक मिथकीय गाथा बन गई है।",0,[],[]
39,रानी गोर्गो स्पार्टा की पत्नी थीं।,0,[],[]
40,पीला सागर है।,0,[],[]
41,"कोरिया गणराज्य का क्षेत्रफल ९९,६१७ वर्ग किलोमीटर है, जो एक देश का क्षेत्रफल है।",0,[],[]
42,भूमि के ३०% क्षेत्र का हिस्सा तराई वाले क्षेत्र हैं।,0,[],[]
43,१९४५ में कोरिया प्रायद्वीप को विभाजित किया गया था।,0,[],[]
44,"हिंदी में उत्तर: कोरियाई पाक शैली में आम और शाही परिवार के लिए अलग-अलग व्यंजन हैं। शाही परिवार के लिए एकत्रित किए गए क्षेत्रीय विशिष्ट व्यंजनों का संग्रह है, जबकि आम कोरियाईयों द्वारा खाया जाने वाला भोजन एक विशिष्ट सांस्कृतिक शिष्टाचार द्वारा विनियमित है।",0,[],[]
45,"किम्ची एक किण्वित और मसालेदार सब्ज़ी है, जो कोरियाई भोजन का एक महत्वपूर्ण हिस्सा है।",0,[],[]
46,ताइक्वांडो का जन्म कोरिया में हुआ था।,0,[],[]
47,1988,0,[],[]
48,ज्ञात कारणों से अनावरण को कम करके सीओपीडी की रोकथाम की जा सकती है। इसमें धूम्रपान की दर घटाने के प्रयास तथा घर के भीतर व बाहर की वायु गुणवत्ता का सुधार शामिल है।,0,[],[]
49,सीओपीडी (क्रोनिक ऑब्स्ट्रक्टिव पुल्मनरी डिजीज) एक ऐसी बीमारी है जिसके लिए पेशेवर रूप से अस्पष्ट हैं कि क्या इसके भिन्न प्रकार होते हैं।,0,[],[]
50,"जीर्ण ब्रॉन्काइटिस के कुछ मामलों में ""धूम्रपान करने वाले की खांसी"" के लक्षण होते हैं, जिसमें कफ की उपस्थिति के साथ खांसी हो सकती है और कफ को निगला या उगला जा सकता है। इसके अलावा, गंभीर खांसी के चलते पसली में फ्रैक्चर या हल्की सी बेहोशी हो सकती है।",0,[],[]
51,"कफ को निगला जाना है या थूकना है, यह सामाजिक तथा सांस्कृतिक कारकों पर निर्भर करता है।",0,[],[]
52,हिंदी में उत्तर: 80-95% प्रतिशत लोग वर्तमान में धूम्रपान करते हैं या पहले करते थे।,0,[],[]
53,"कार्यस्थल की धूलों, रासायनों तथा धूम्रों के दीर्घावधि अनावरण के कारण धूम्रपान करने व ना करने वाले, दोनो प्रकार के लोगों में सीओपीडी का जोखिम बढ़ जाता है। ऐसा विश्वास है कि कार्यस्थलों के अनावरण 10-20% मामलों के कारण हैं।",0,[],[]
54,हिंदी में उत्तर: कुछ देशों में पुरुषों और महिलाओं के बीच सीओपीडी से मृत्यु दर का बदलाव संभवतः धूम्रपान की समान हो रही दर के कारण है। सीओपीडी अधिक उम्र वाले लोगों में अधिक आम है और महिलाओं और पुरुषों में धूम्रपान की समान हो रही दर से पुरुषों में मृत्यु दर घट गयी है लेकिन महिलाओं में बढ़ गयी है।,0,[],[]
55,"अमेरिका में सीओपीडी से प्रभावित लोगों की संख्या लगभग 15 मिलियन है, जिसका अर्थ है कि कुल वयस्क जनसंख्या का लगभग 6.3% सीओपीडी से प्रभावित है।",0,[],[]
56,जीएच (GH) हार्मोन पिट्यूटरी ग्रंथि में भी पाया जाता है।,0,[],[]
57,हार्मोन-मुक्तिकारक का दूसरा नाम सोमेटोक्रिनिन है।,0,[],[]
58,बाल्यावस्था में ऊंचाई में वृद्धि जीएच (GH) का सबसे व्यापक रूप से ज्ञात असर है।,0,[],[]
60,"उदाहरण के लिए, कार्पल टनेल रोगसमूह एक तंत्रिका पर दबाव की स्थिति है, जिसके कारण हाथ की हड्डियों में दबाव और दर्द होता है।",0,[],[]
61,"हाँ, बाह्यजन्य जीएच (GH) से उपचार की केवल सीमित परिस्थितियों में ही सिफारिश की जाती है, और दुष्प्रभावों की घटनाओं और तीव्रता के कारण नियमित देखरेख आवश्यक होती है।",0,[],[]
62,गोवंशीय सोमेटोट्रापिन दूध को प्रोत्साहित करता है।,0,[],[]
63,जेनेन्टेक ने पहले एफडीए अनुमोदित rHGH का उत्पादन किया।,0,[],[]
64,हिंदी में उत्तर: आहार पूरक होने का दावा करने वाली वस्तुओं के विज्ञापन अभियान में आवश्यक होना है कि स्वास्थ्य विषयक दावे एफडीए द्वारा अनुमोदित नहीं हैं।,0,[],[]
65,"जॉन फ्रांसिस ""जैक"" वेल्‍श, जूनियर 1981 से 2001 के बीच जनरल इलेक्ट्रिक के अध्यक्ष और सीईओ (CEO) रहे.",0,[],[]
66,"सेंट पीटर्सबर्ग, रूस",0,[],[]
67,"सांस्कृतिक अभिव्यक्ति के विषयों में से एक विषय साहित्य, कला, संगीत और नृत्य है।",0,[],[]
69,साहित्य को देश की विचारधारा का एक हिस्सा माना जाता है।,0,[],[]
70,लैटिन पादरियों की नियुक्ति की गई थी।,0,[],[]
71,"सन 1517 से, ऑटोमन नियंत्रण के दौरान, कैथलिक व ग्रीक ऑर्थोडॉक्स चर्चों के बीच विवाद चलता रहा.",0,[],[]
74,"बेथलहम के प्राचीन शहर में आठ क्वार्टर हैं, जो मैंगर चौक (Manger Square) के आस-पास के क्षेत्र का निर्माण करते हैं। इन क्वार्टरों में ईसाई अल-नजाज्रेह (al-Najajreh), अल-फ़राहियेह (al-Farahiyeh), अल-अनात्रेह (al-Anatreh), अल-तराजमेह (al-Tarajmeh), अल-क़वाव्सा (al-Qawawsa) और ह्रीज़त (Hreizat) भाग तथा अल-फ़वाघरेह (al-Fawaghreh)—एकमात्र मुस्लिम भाग— शामिल हैं।",0,[],[]
75,बेथलहम में भूमध्यसागरीय जलवायु है।,0,[],[]
76,उत्तर: 287,0,[],[]
77,अंगूर मुख्य तौर पर अल-खादेर (al-Khader) क्षेत्र से उगाए जाते हैं।,0,[],[]
78,थिएटर में बीस मिनट का एक एनीमेटेड शो प्रस्तुत किया जाता है।,0,[],[]
80,बेथलहम का नाम है।,0,[],[]
81,हेरोडियम में कोई टैक्सी स्टेशन नहीं है।,0,[],[]
82,मेरे पास आपके प्रश्न का उत्तर नहीं है।,0,[],[]
83,इसराइली सुरक्षा निर्देशों के अनुसार बदलता रहता है।,0,[],[]
84,"उत्तर: अंतिम असेम्बली उत्पादन ट्युलाउज़ (फ़्रांस), हैम्बर्ग (जर्मनी), सेविल (स्पेन) और, 2009 से, तियान्जिन (चीन) में होता है।",0,[],[]
85,चार इंजन हैं।,0,[],[]
86,एयरबस ने दो-गलियारों और दो-इंजनों वाले विश्व के प्रथम वायुयान A300 का निर्माण किया था।,0,[],[]
87,उत्तर: लगभग 4-5% का सुधार अनुमानित है।,0,[],[]
88,एयरबस ने अपनी पॉवर8 योजना के एक भाग के रूप में ट्युलाउज़ स्थित A320 अंतिम असेम्बली गतिविधि को हैम्बर्ग में पुनर्स्थापित करने का प्रस्ताव देता है।,0,[],[]
89,"नाटो का गठन बेल्जियम, फ़्रांस, जर्मनी, लक्ज़ेम्बर्ग, स्पेन, तुर्की और UK के साथ हुआ है।",0,[],[]
90,प्रारंभिक सहायता (Preferential Investment),0,[],[]
93,ट्युलाउज़ असेम्बली संयंत्र तक विशेष रूप से चौड़ी की गई एक सड़क द्वारा लाए जाते हैं।,0,[],[]
94,उत्तर: बोइंग ने समाधान की जांच की थी।,0,[],[]
95,उत्तर: एयरबस के A380 के एक संस्करण के पास कार्य भाग मूल्य के संदर्भ में अमरीकी सामग्री का 51% भाग है।,0,[],[]
96,"हालांकि एयरबस ने अपनी पहली उड़ान में केरोसीन और गैस-से-द्रव (GTL) ईंधन का प्रयोग किया था, लेकिन सल्फ़र के उत्सर्जन से मुक्त था। इसका मतलब है कि कार्बन के उत्सर्जन से मुक्त नहीं है, लेकिन सल्फ़र के उत्सर्जन से मुक्त है।",0,[],[]
97,हेनरी अलेक्जैंडर मरे का जन्म 13 मई 1893 को हुआ था।,0,[],[]
98,काबुलीवालार बंगाली बौ (एक काबुलीवाला की बंगाली पत्नी; 1997),0,[],[]
99,मेरे पास आपके प्रश्न का उत्तर नहीं है।,0,[],[]
100,फीफा के चार प्रतिनिधि बोर्ड में शामिल हैं।,0,[],[]
101,इंग्लैंड के पहले फुटबॉल लीग में बारह क्लब थे।,0,[],[]
102,"IFAB का तात्पर्य है अंतरराष्ट्रीय फुटबॉल एसोसिएशन बोर्ड, जिसका गठन 1886 में मेनचेस्टर फुटबॉल असोसिएशन, स्कॉटिश फुटबॉल असोसिएशन, वेल्स फुटबॉल असोसिएशन और आयरिश फुटबॉल असोसिएशन के आपसी बैठक के बाद हुआ था।",0,[],[]
103,"एक टीम में अधिकतम ग्यारह खिलाड़ी होते हैं, जिसमें से एक खिलाड़ी गोलकीपर होना चाहिए।",0,[],[]
104,"फुटबॉल के खेल के दौरान, दो सहायक रेफरी (assistant referee) लीड रेफरी की मदद करते हैं।",0,[],[]
105,गहने या घड़ी जैसी वस्तुएं मैच के दौरान पहनने की खतरनाक वस्तुएं हैं।,0,[],[]
106,"जब कोई खिलाड़ी किसी अन्य खिलाड़ी द्वारा खेल में प्रतिस्थापित किया जाता है, तो वह खिलाड़ी सामान्यतः चोट, थकान, युद्ध क्षमता कम हो जाना या तकनीकी समस्या के कारण प्रतिस्थापित किया जाता है। इस स्थिति में खिलाड़ी को बदलने के पीछे सामान्यतः कारण चोट, थकान, युद्ध क्षमता कम हो जाना, तकनीकी, या असमंजस खेल के अंत में समय की व्यर्थता (timewasting) आदि के लिए होते हैं।",0,[],[]
107,IFAB ने 1990s के अंत से 2000 के शुरुआत तक पेनाल्टी शूटआउट की आवश्यकता के बिना ही जीत हासिल करने की तकरीब अपनाई थी।,0,[],[]
108,"जब एक खिलाड़ी को लाल कार्ड मिलता है, तो वह मैदान से बाहर निकाल दिया जाता है और उसके स्थान पर कोई दूसरा खिलाड़ी नहीं आ सकता है।",0,[],[]
109,लैटिन अमेरिका के लीग के लिए कार्यान्वयित दो चैंपियनशिपें अपेर्तुरा और क्लौसुरा हैं।,0,[],[]
110,सिल्वर नाइट्रेट का मेकअप है AgNO3 (सिल्वर नाइट्रेट)।,0,[],[]
111,मस्टर्ड गैस और फोसजीन ओक्सिम हैं साइटोटॉक्सिक रासायनिक हथियारों के दो उदाहरण।,0,[],[]
112,"हिंदी में उत्तर: जहाजों का साधन अक्सर बरमूडा ट्राएंगल से होकर गुजरता है, क्योंकि यह विश्व के सबसे अधिक जहाजों की लेन वाले क्षेत्रों में से एक है और अमेरिका, यूरोप और कैरिबियाई द्वीप में स्थित बंदरगाहों से रोजाना अनेक जहाजों के गुजरने के साथ है।",0,[],[]
114,"मीथेन के आवधिक निसरण का दूसरा नाम ""मिट्टी का ज्वालामुखी"" (mud volcano) है।",0,[],[]
116,"सेन जूआन, पुएर्टो रीको से मियामी के लिए एक उड़ान के दौरान गायब हो गई थी।",0,[],[]
118,"ISO का मतलब है ""अन्तराष्ट्रीय मानकीकरण संगठन"" (International Organization for Standardization)।",0,[],[]
119,"ISO (International Organization for Standardization) हिंदी में ""अंतरराष्ट्रीय मानकीकरण संगठन"" के रूप में अनुवादित होता है। यह एक अंतरराष्ट्रीय संगठन है जिसका उद्देश्य वैश्विक स्तर पर मानकों का निर्धारण और प्रसार करना है। ISO मानकों का उपयोग विभिन्न क्षेत्रों में किया जाता है, जैसे कि इंजीनियरिंग, स्वास्थ्य सेवा, पर्यावरण, और कई अन्य क्षेत्रों में।",0,[],[]
121,डांटे के शुद्धिकरण में ईर्ष्या के लिए सजा उनकी आंखो की तार से सिलाई कर बंद कर देना है।,0,[],[]
122,क्लोरीन के एक मोल में 58.44 ग्राम सोडियम क्लोराइड होता है।,0,[],[]
123,"स्क्रीनिंग का प्रमुख भाग रक्त-आधान के जरिये संक्रमित होने के खतरे का परीक्षण होता है, जिसमें एचआईवी और वायरल हैपेटाइटिस जैसी बिमारियों के परीक्षण शामिल हैं।",0,[],[]
124,दान को प्रभावित करने वाले कारकों में से कुछ निम्नलिखित हैं: * दाता का स्वास्थ्य * दाता का चिकित्सा इतिहास * रक्त-आधान के जरिये संक्रमित होने का खतरा * दान की मात्रा और तरीके * दान के लिए उपयोग किये जाने वाले खून के घटक * दान के लिए संग्रहित किये जाने वाले खून के विशिष्ट भाग * दान के लिए उपयोग किये जाने वाले खून के अचल जीवन * दान के लिए उपयोग किये जाने वाले खून के संग्रहण की प्रक्रिया,0,[],[]
125,एलोजेनिक का पर्यायवाची होमोलॉगस है।,0,[],[]
126,"एक रक्तदान सत्र कभी-कभी संग्रहित रक्त के लिए प्रयुक्त रक्त का प्रतिस्थापन करने के लिए प्राप्तकर्ता का दोस्त या पारिवारिक सदस्य रक्तदान करता है ताकि रक्त की निरंतर आपूर्ति सुनिश्चित हो। इसके अलावा, रक्त दान सत्र अक्सर सामुदायिक स्थान जैसे शौपिंग सेंटर, कार्यस्थल, विद्यालय या पूजा स्थल में आयोजित किए जाते हैं।",0,[],[]
127,अमेरिका में दानदाताओं के नाम रखे जाते हैं क्योंकि संयुक्त राज्य अमेरिका में अयोग्य दाताओं की सूचियां बनाने के लिए नाम रखे जाते हैं।,0,[],[]
128,"रक्तदान करने से पहले रक्तदाताओं की जाँच की जाती है क्योंकि हो सकता है प्रापक के लिए वह दान असुरक्षित हो। इस तरह के कुछ प्रतिबंध विवादास्पद होते हैं, जैसे कि ऐसे पुरुषों से रक्त दान पर प्रतिबंध है जिनका एचआईवी जोखिम वाले किसी पुरुष के साथ यौन संबंध हैं।",0,[],[]
130,१९९० में बैक्टीरिया का वर्गीकरण बदल गया।,0,[],[]
131,"पिक तन्दिकूल (Pik Tandykul) पामीर-अलाई पर्वत प्रणाली का सर्वोच्च शिखर है, जिसकी ऊंचाई ५,५४४ मीटर है।",0,[],[]
132,पानी प्रकाश संश्लेषण और श्वसन के लिए मौलिक है।,0,[],[]
133,वैज्ञानिक रूप से जल विज्ञान चक्र के रूप में जाना जाता है।,0,[],[]
134,वाष्पित पानी का स्रोत महासागरों और अन्य जल निकायों से हवा में वाष्पीकरण है।,0,[],[]
135,"भारी श्रृंखलाएं γ, α और δ का स्थिर क्षेत्र तीन अग्रानुक्रमों (एक रेखा में) आईजी/Ig प्रभाव क्षेत्र से बना होता है।",0,[],[]
136,एक भारी श्रृंखला का अस्थिर क्षेत्र 110 अमीनो अम्ल जितना लंबा होता है.,0,[],[]
137,"चोंड्रिकथायिस (Chondrichthyes) और टेलीऑस्टेई (Teleostei) में शार्कों को पाया जाता है, लेकिन इनका वैज्ञानिक नाम नहीं दिया गया है।",0,[],[]
138,प्रतिपिंड (एंटीबॉडी) के फैब (Fab) क्षेत्र एक स्थिर और एक अस्थिर क्षेत्र से बनता है।,0,[],[]
139,बैक्टीरियोलाइसिस (Bacteriolysis) का मतलब है बैक्टीरिया के साथ एंटीबॉडी का संपर्क होना जिसके परिणामस्वरूप बैक्टीरिया की मौत होती है।,0,[],[]
141,मेरे पास आपके प्रश्न का उत्तर नहीं है।,0,[],[]
142,वातज गठिया का उपचार लक्षित मोनोक्लोनल प्रतिपिंड (एंटीबॉडी) चिकित्सा द्वारा किया जाता है।,0,[],[]
143,"Rh एंटीजन लाल रक्त कोशिकाओं में पाया जाने वाला प्रतिजन (एंटीजन) है जो व्यक्ति के रीसस पोज़िटिव (Rh+) होने पर होता है और जो व्यक्ति रीसस नेगेटिव (Rh–) होते हैं, उनमें नहीं होता.",0,[],[]
144,"जब स्कोडा की स्थापना की गई थी, तो व्हाक्लाव क्लीमेंट की उम्र 26 वर्ष थी।",0,[],[]
145,जर्मन इग्निशन विशेषज्ञ रॉबर्ट बॉश थे।,0,[],[]
146,"स्कोडा में रियर इंजन है जिसकी अश्वशक्ति 130 ब्रेक अश्वशक्ति (97 कि॰वाट) है और इंजन का आकार 1,289 घन सेंटीमीटर (78.7 घन इंच) है।",0,[],[]
147,"स्कोडा का नाम देखा जाता है। BBC रिपोर्ट के अनुसार, 1980 के दशक में स्कोडा की बिक्री पर रिपोर्ट किया गया था कि कंपनी ज़रूर कुछ अच्छा कर रही होगी। 1987 में फ़ेवरिट मॉडल पेश किया गया था और पश्चिमी यूरोप में इसकी अच्छी बिक्री हुई।",0,[],[]
149,ऑक्टेविया और फ़ेबिया मॉडल सामान्य वोक्सवैगन समूह के फ़्लोरपैनों पर निर्मित हैं। नवीनतम ऑक्टेविया गोल्फ़ Mk5 फ़्लोरपैन पर आधारित है और फ़ेबिया A0 फ़्लोरपैन पर आधारित है।,0,[],[]
151,"किताब' में पारम्परिक मुसलमान परिवार में प्रचलित विभिन्न मुद्दों पर महिलाओं के खिलाफ हो रहे सामाजिक भेदभाव को चित्रित किया गया है। इसमें लड़कियों के लिए आहार की अनुपलब्धता, खराब शिक्षा, और बहувिवाह की प्रथा जैसे कई भेदभाव विषयों पर चर्चा की जाती है।",0,[],[]
152,मुस्लिम लड़की की दो मुख्य इच्छाएँ थीं - मुअज्जिन बनना और अज़ान बोलना।,0,[],[]
153,पिता के अनुसार महिलाओं को पुरुषों के मुकाबले हर चीज का आधा हिस्सा ही मिलना चाहिए।,0,[],[]
158,"नामा नामक समूह दक्षिण अफ़्रीका, नामीबिया और बोत्स्वाना में स्थित है।",0,[],[]
159,टम्बलर 2 फरवरी 2007 को लॉन्च किया गया था।,0,[],[]
161,"जब उसके माता-पिता अलग हुए, तब वह 17 वर्ष के थे।",0,[],[]
162,पदस्थ राष्ट्रपति अब्दुल्ला यामीन ने चीन सरकार के साथ मुक्त व्यापार अनुबंध पर हस्ताक्षर किए थे।,0,[],[]
163,"सक्रिय टीबी का निदान रेडियोलोजी (आम तौर पर छाती का एक्स-रे), माइक्रोस्कोपिक जांच और शरीर के तरलों की माइक्रोबायोलॉजिकल कल्चर पर निर्भर करता है।",0,[],[]
164,"तपेदिक संक्रमण सक्रिय होने पर आम तौर पर फेफड़ों (90% मामलों में) को प्रभावित करता है। इसके लक्षणों में सीने में दर्द और लंबी अवधि तक खांसी व बलगम होना शामिल हो सकते हैं। इसके अलावा, कुछ लोगों को किसी भी तरह के लक्षण नहीं हो सकते हैं (अलाक्षणिक)। कभी-कभी, लोगों की खांसी के साथ थोड़ी मात्रा में रक्त आ सकता है और बहुत दुर्लभ मामलों में, संक्रमण फुफ्फुसीय धमनी तक पहुंच सकता है जिसके कारण भारी रक्तस्राव (रासमुस्सेन एन्युरिस्म) हो सकता है।",0,[],[]
165,तपेदिक संक्रमण फुफ्फुसीय धमनी तक पहुंच सकता है जिसके कारण भारी रक्तस्राव (रासमुस्सेन एन्युरिस्म) हो सकता है।,0,[],[]
166,"टीबी के अधिक गंभीर प्रकार का वैकल्पिक नाम ""फैला हुआ"" टीबी या मिलियरी टीबी है।",0,[],[]
169,एम.,0,[],[]
169,"स्जुल्गाई, एम.",0,[],[]
169,मारिनम और एम.,0,[],[]
169,कानसासी मायकोबैक्टीरिया टीकाकरण से प्रभावित होते हैं।,0,[],[]
170,मेरे पास आपके प्रश्न का उत्तर है। विश्व स्वास्थ्य संगठन (WHO) ने तपेदिक के इलाज के लिए अनुकूल परिणाम देने में कामयाब रहा है। WHO के संशोधित उपचार पथ्य के माध्यम से कुछ सफलता हासिल हुई है और मामलों की संख्या में थोड़ी सी कमी आयी है।,0,[],[]
171,"हाल के वर्षों में तपेदिक के मामलों में थोड़ी सी कमी आई है, जिसका संकेत दिया गया है विश्व स्वास्थ्य संगठन के संशोधित उपचार पथ्य के माध्यम से।",0,[],[]
173,टीबी संक्रमण के बाद अगला चरण तब होता है जब बेसिली प्रतिरक्षा प्रणाली की सुरक्षा पर काबू पा लेता है और संख्या बढ़ाना शुरु कर देता है।,0,[],[]
174,हिंदी में उत्तर: एम.,0,[],[]
174,"तपेदिक के 90-95% संक्रमण स्पर्शोन्मुख रहते हैं, अर्थात कोई लक्षण नहीं होता।",0,[],[]
176,एम.तपेदिक (टीबी) का पता चला था।,0,[],[]
177,"टीकाकरण की भूमिका होती है टीबी के उपचार में एक महत्वपूर्ण भूमिका निभाने की आशा की जा रही है। टीके के विकास हेतु शोधकर्ताओं और नीति निर्माताओं द्वारा नये आर्थिक मॉडलों को प्रोत्साहन दिया जा रहा है, जिसमें पुरस्कार, कर प्रोत्साहन और अग्रिम बाजार प्रतिबद्धताएं शामिल हैं।",0,[],[]
179,बिल गेट्स ने ऑपरेटिंग सिस्टम के सुविधाजनक प्रयोग और प्लग एंड प्ले (PnP) के लिए वर्धित समर्थन पर प्रकाश डाला था।,0,[],[]
181,हिंदी में उत्तर: मेरे पास आपके प्रश्न का उत्तर नहीं है।,0,[],[]
182,रैंकिंग बीस देशों से अग्रणी अंतरराष्ट्रीय कंपनियों के नियोक्ताओं और प्रबंधकों के बीच एक सर्वेक्षण पर आधारित थी।,0,[],[]
183,"नुकसान की घोषणा करने के लिए कोई कौन सा मंच इस्तेमाल कर सकता है, वह है मौखिक हो सकता है या फिर किसी अन्य तरीके से: जैसे फेसबुक, ट्विटर द्वारा।",0,[],[]
184,"इस सिद्धांत के अनुसार, परिवर्तन सॉफ्टवेयर विकास परियोजनाओं का एक स्वाभाविक, अपरिहार्य और वांछित पहलू हैं और आवश्यकताओं के एक स्थिर समुच्चय को परिभाषित करने का प्रयास करने के बजाय उनकी पूर्ति के लिये नियोजन किया जाना चाहिये।",0,[],[]
185,"कोड की परिभाषा है कोड-ऐसे सॉफ्टवेयर निर्देश, जिन्हें कम्प्यूटर समझ सकता हो, सिस्टम विकास प्रक्रिया का एकमात्र वास्तविक रूप से महत्वपूर्ण उत्पाद है।",0,[],[]
188,एक्सपी (XP) का निर्माण निर्णयों को प्रोत्साहित करने के लिए किया गया था।,0,[],[]
189,वीएडी (VAD) के कारण प्रति वर्ष 1-2 मिलियन मौतें होती हैं।,0,[],[]
192,"किसान फिर से सुनहले चावल का बो सकते हैं, क्योंकि सुनहले चावल के मानवीय उपयोग के लिए कोई शुल्क नहीं है और किसानों को बीज रखने और दुबारा रोपने की अनुमति है।",0,[],[]
193,रीड कॉलेज ऑरेगोन राज्य में स्थित है।,0,[],[]
195,1977 में मान्यता दी गई थी।,0,[],[]
196,जेमिनी ८ यान के लिये चालक दल की घोषणा २० सितम्बर १९६५ को हुई और नील आर्मस्ट्रांग को इसका कमांड पायलट और डेविड स्कोट को पायलट बनाया गया।,0,[],[]
197,मेरे पास आपके प्रश्न का उत्तर नहीं है।,0,[],[]
198,मार्च १९६९ में हुई एक मीटिंग में यह निर्णय लिया गया कि आर्मस्ट्रांग चाँद पर उतरने वाले पहले व्यक्ति होंगे। १४ अप्रैल १९६९ को एक प्रेस कॉन्फ्रेंस में यह बताया गया कि लूनर मॉड्यूल का डिजाइन ऐसा था कि इसका दरवाजा अंदर दाहिने की ओर खुलना था...,0,[],[]
202,पिस्सू (पंखहीन परजीवी) बिच्छू मक्खी (अंग्रेज़ी: scorpionfly) कहलाए जाने वाले एक पंखों वाले जीव के वंशज हैं।,0,[],[]
203,बिग डाटा के साथ क्या हुआ?,0,[],[]
203,"बिग डाटा ""आकार"" एक लगातार चलती लक्ष्य है, 2012 के आंकड़ों के कई पटाबाइट्स करने के लिए कुछ दर्जन टेराबाइट्स से लेकर के रूप में है।",0,[],[]
204,डेटा अच्छा नहीं होता है जब स्मृति में डेटा एक एफसी सैन कनेक्शन के दूसरे छोर पर डिस्क कताई पर अच्छा-डेटा नहीं है।,0,[],[]
205,उत्तर: 2010 में इस उद्योग से अधिक $100 अरब लायक था और लगभग 10 प्रतिशत से बढ़ रहा था।,0,[],[]
206,इन संस्थाओं ने बिग डेटा प्रबंधन और एनालिटिक्स में विशेषज्ञता कंपनियों के बारे में अधिक से अधिक 15 अरब$ खर्च किए हैं।,0,[],[]
207,"एक सरकारी प्रक्रिया के भीतर उपयोग और बड़े डेटा के गोद लेने के लिए फायदेमंद है और लागत, उत्पादकता, और नवाचार के संदर्भ में क्षमता की अनुमति देता है।",0,[],[]
208,बिग डेटा विश्लेषण ने बराक ओबामा की 2012 फिर से चुनाव अभियान में मदद की।,0,[],[]
209,"उद्योग लोगों तक पहुंचने के लिए मीडिया बिग डाटा का इस्तेमाल करता है, जिसका मतलब है कि मीडिया की प्रक्रिया में कुछ संदर्भ प्रदान करने के लिए आवश्यक है। इसका मतलब है कि मीडिया का उपयोग करके लोगों तक पहुंचने के लिए संदेश या सामग्री का प्रयोग किया जाता है, जो उपभोक्ताओं की मानसिकता के साथ लाइन में है।",0,[],[]
210,टेस्ला की बहनों के नाम एंजिनिया और मिल्का थे।,0,[],[]
211,टेस्ला को केंद्रीय टेलीग्राफ कार्यालय में ड्राफ्ट्समैन के रूप में काम करने का पद दिया गया था।,0,[],[]
212,"टेस्ला की मृत्यु 7 जनवरी, 1943 को अपने कमरे में हुई थी।",0,[],[]
214,"महाथिर को छोटे व्यवसायों में जाना पड़ा क्योंकि द्वितीय विश्व युद्ध के दौरान मलाया पर जापानी कब्जे के दौरान स्कूलों के बंद होने के बाद, वह कॉफी और अन्य खाद्य पदार्थ बेचने के व्यवसाय में चले गये।",0,[],[]
215,सीती हस्मा मोहम्मद अली के साथ महाथिर के सात बच्चे थे। उनमें से पांच अपने बच्चे थे और दो गोद लिए गए थे।,0,[],[]
216,अब्दुल रज़ाक हुसेन ने अब्दुल रहमान की जगह ली थी।,0,[],[]
217,"महाथिर का नया खिताब ""ग्रैंड कमांडर ऑफ द डिफेंडर ऑफ़ द रियलिम"" था, जिसके तहत उन्हें ""तुन"" का खिताब अपनाने की इजाजत मिली।",0,[],[]
218,पाकतन हरपन के संभावित अध्यक्ष और प्रधानमंत्री पद के उम्मीदवार के रूप में प्रस्तावित किया गया था।,0,[],[]
219,ताइवान के दक्षिण में फिलीपींस महासागर स्थित है।,0,[],[]
220,फिलीपीन मीडिया आमतौर पर फ़िलिपीनो और इंग्लिश दोनों भाषाओं का उपयोग करती है।,0,[],[]
221,"फिलिपीनो को अधिकतर मेट्रो मनीला एवं अन्य शहरी क्षेत्रों में सुना जा सकता है, क्योंकि टागालोग भाषा मुख्यतः इन क्षेत्रों में बोली जाती है।",0,[],[]
222,भाप आसवन का उपयोग ताप संवेदी पदार्थों जैसे कि प्राकृतिक एरोमैटिक यौगिकों को पृथक करने के लिए किया जाता है।,0,[],[]
223,"तुर्की सशस्त्र सेनाएँ (TAF) में सेना और नौसेना के आदेश के अधीन हैं, लेकिन युद्ध अधीनस्थ सेना और नौसेना के लिए हैं।",0,[],[]
225,संयुक्त राज्य अमेरिका और कनाडा के अलावा दुनिया के सभी देश मानक का अनुसरण करते हैं।,0,[],[]
226,सी श्रृंखला की परिभाषा आईएसओ 269 में परिभाषित की गई है।,0,[],[]
227,एक साधारण G V तारा लगभग १० अरब वर्षों तक हाइड्रोजन इंधन का संलयन करता है जिसके बाद इसके केन्द्रीय भाग में हाइड्रोजन लगभग ख़त्म हो जाता है।,0,[],[]
228,नैण्ड गेट को कार्यात्मक पूर्णता कहा जाता है।,0,[],[]
229,अल्कोहल से उपचार किए गए लोगों में से लगभग 2.2–3.4% वे लोग हैं जिन्होने अपने जीवन में आत्महत्या से मृत्यु प्राप्त करने का प्रयास किया है।,0,[],[]
230,आमतौर पर शराब से संबंधित आत्महत्या का संबंध पुरुष से होता है।,0,[],[]
231,हेरोइन का उपयोग करने वालों में इस अवस्था की वापसी का सबसे अधिक जोखिम होता है।,0,[],[]
232,जुएं की लत का सम्बन्ध सामान्य जनसंख्या की अपेक्षा बढ़े हुए आत्महत्या के विचार तथा प्रयासों के साथ है। 12 से 24% लती जुआरी आत्महत्या का प्रयास करते हैं।,0,[],[]
234,अवसादग्रस्तता और शराब के अत्यधिक सेवन को समायोजित कर दिया गया है।,0,[],[]
235,"अवसाद के लक्षणों में निराशा, जीवन में आनंद की कमी, अवसाद तथा व्यग्रता शामिल हैं। समस्याओं को हल करने की क्षमता की कमी, भूत-काल की क्षमताओं में कमी तथा आवेग पर नियंत्रण में कमी भी इसमें भूमिका निभाते हैं।",0,[],[]
236,आत्महत्या के कारणों में से एक कारण है कि कुछ लोग धमकी अथवा पक्षपात से बचने के लिए आत्महत्या कर लेते हैं। बचपन में हुआ यौन शोषण तथा पालक घर में व्यतीत समय भी जोखिम के कारक हैं। यौन शोषण को कुल जोखिम के 20% को योगदान का कारक माना जाता है।,0,[],[]
237,"गरीबी आत्महत्या के जोखिम से जुड़ी हुई है। किसी व्यक्ति के आसपास उनकी तुलना में बढ़ रही सापेक्ष गरीबी आत्महत्या के खतरे को बढ़ाती है। चीन के ग्रामीण क्षेत्रों में आत्महत्या की आशंका शहरी क्षेत्रों के मुकाबले तीन गुना होती है, जिसका आंशिक कारण देश के इन क्षेत्रों में होने वाली वित्तीय परेशानियों को माना जाता है।",0,[],[]
240,"मानसिक समस्याओं से पीड़ित लोगों के लिए कई उपचार उपलब्ध हैं। इनमें से कुछ हैं: आत्महत्या रोकथाम अनुबंध, मानसिक देखभाल, साक्षात्कार, सीमांत व्यक्तित्व विकार के लिए अस्पताल में भर्ती आदि।",0,[],[]
241,लीथियम उन लोगों में जोखिम कम करने में प्रभावी दिखता है जिनमें द्विध्रुवीय विकार और एकध्रुवीय अवसाद समान्य जनसंख्या जितने स्तर पर दिखता है।,0,[],[]
242,चीन में आत्महत्या दर अधिक है।,0,[],[]
243,"पश्चिमी दुनिया में, पुरुष, महिलाओं की तुलना में तीन से चार गुना तक अधिक आत्महत्या करते हैं।",0,[],[]
244,"चीन में पुरुषों और महिलाओं के बीच आत्महत्या की दर 0.9 है, जो पुरुषों से महिलाओं की आत्महत्या की दर अधिक है।",0,[],[]
245,दक्षिण पूर्व एशिया में बुजुर्ग महिलाओं की तुलना में युवा महिलाओं की आत्महत्या दर अधिक है।,0,[],[]
246,आत्महत्या करने वाले लोगों को प्राचीन एथेंस में शहर से बाहर अकेले दफनाया जाता था।,0,[],[]
247,आत्महत्या को अंततः गैरकानूनी घोषित किया गया क्योंकि इसकी आर्थिक लागत के कारण राज्य के विरुद्ध अपराध माना जाने लगा।,0,[],[]
249,"प्रायोपवेशन (Prayaopavesa) हिंदू धर्म में इंसान के अपने जीवन को समाप्त करने के अधिकार को मान्यता मिली है, लेकिन इसका प्रयोग केवल उन लोगों के लिए अनुमत है जिनके जीवन में अब कोई इच्छा या महत्वकांक्षा नहीं रह गई है।",0,[],[]
251,पी एफिड कीड़ा चिपचिपा द्रव छोड़कर दुश्मनों पर हावी हो सकता है।,0,[],[]
252,"वायरल संक्रमण के कुछ आम लक्षण हैं: बुखार, थकान, सिरदर्द, और मांसपेशियों में दर्द। कुछ मामलों में मल खूनी हो सकता है, जिसके परिणामस्वरूप बैक्टीरिया जनित संक्रमण की संभावना अधिक है। हालांकि, यदि मल खूनी है, तो इसके वायरस जनित होने की संभावना कम है।",0,[],[]
253,"वायरल होने की संभावना कम है बच्चों के लिए, क्योंकि प्रतिरक्षा की कमी और अपेक्षाकृत खराब स्वच्छता के कारण संक्रमण का जोखिम अधिक होता है।",0,[],[]
254,कंपाइलोबैक्टर प्रजाति जठरांत्र शोथ का एक प्राथमिक कारण है।,0,[],[]
256,"हां, एंटीबायोटिक स्टैफलोकॉकस ऑरीस संक्रामक दस्त की रोकथाम कर सकता है, लेकिन अक्सर इसके साथ जुड़ा हुआ है।",0,[],[]
258,"बच्चों में सबसे आम बैक्टीरिया जो बीमारियों का कारण बनता है, वह एस्केरेशिया कॉलि, साल्मोनेला, शिगेला और कंपाइलोबैक्टर प्रजातियाँ हैं।",0,[],[]
259,"विकासशील देशों में गैस्ट्रोएंटेराइटिस से पीड़ित लोगों के लिए सबसे आम कारण हैजा है, जो आम तौर पर दूषित पानी या भोजन के द्वारा फैलता है।",0,[],[]
260,"रोग के बाद क्या उत्पन्न हो सकता है, इसका उत्तर देने के लिए उपलब्ध जानकारी में कोई प्रासंगिक पाठ नहीं है। लेकिन, मैं आपके लिए एक उत्तर तैयार कर सकता हूँ: ""रोग के बाद क्या उत्पन्न हो सकता है, इसका उत्तर देने के लिए मेरे पास आपके प्रश्न का उत्तर नहीं है।""",0,[],[]
261,"अत्यधिक गंभीर मामलों में, पुनर्जलीकरण का तरीका नसों के माध्यम से देना हो सकता है।",0,[],[]
262,"प्रोबायोटिक्स और किण्वित दूध उत्पाद (जैसे दही) समान रूप से फायदेमंद होते हैं, जो दस्त के इलाज और रोकथाम में उपयोगी हो सकते हैं।",0,[],[]
263,ब्रैट आहार में अपर्याप्त पोषक तत्व होते हैं और ये सामान्य भोजन से बेहतर नहीं होते हैं।,0,[],[]
264,"एंटीबायोटिक दवाओं के उपयोग का परिणाम स्यूडोमेम्ब्रेनस बृहदांत्रशोथ हो सकता है, जो कि आमतौर पर एंटीबायोटिक के प्रयोग की वजह से होता है।",0,[],[]
265,"जठरांत्र शोथ के कारण हर वर्ष 1.3 मिलियन बच्चों की मृत्यु होती है, जिनमें से अधिकांश दुनिया के सबसे गरीब देशों के बच्चे हैं। इन मौतों में से 4,50,000 से अधिक वे मौतें है जो पांच वर्ष से कम उम्र के बच्चों में रोटावायरस के कारण हुई थीं।",0,[],[]
266,एक वर्ष में एक बिलियन अमरीकी डालर का अनुमानित व्यय होता है।,0,[],[]
267,आयशा टाकिया का जन्म १९८६ में हुआ था।,0,[],[]
268,"एचआईवी हेपेटाइटिस बी वायरस के संचरण के परिणामस्वरूप फैलता है, जिसका संचरण संक्रमित रक्त या शरीर के रक्त युक्त तरल पदार्थ के संपर्क में आने के परिणामस्वरूप होता है। संचरण के संभावित रूपों में असुरक्षित यौन संपर्क, रक्त आधान, संदूषित सुइयों और सिरिंजों का दुबारा उपयोग और माँ से बच्चे को प्रसव के दौरान ऊर्ध्वाधर संचरण शामिल हैं।",0,[],[]
269,हेपेटाइटिस बी वायरस (Hepatitis B virus) एक गैर-रेट्रोवायरस वायरस है जो अपनी प्रतिकृति प्रक्रिया में रिवर्स ट्रांसक्रिप्शन का उपयोग करता है।,0,[],[]
270,"हिंदी में उत्तर: HBV के मामले उच्च प्रसार वाले क्षेत्रों जैसे कि चीन और दक्षिण पूर्व एशिया में शिशुजन्म के समय संचरण सामान्य है, हालांकि उच्च स्थानिकता वाले क्षेत्रों जैसे कि अफ्रिका में शिशुजन्म के समय संचरण एक महत्वपूर्ण कारक है।",0,[],[]
271,एशिया में संक्रमण के प्रसार का रेंज 10% से अधिक है।,0,[],[]
272,चेचक का प्रकोप 1883 में ब्रेमेन में घटित हुआ था।,0,[],[]
273,पीलिया से ग्रसित हो गए और हेपाटाइटिस सीरम से ग्रस्त रोगी के रूप में उनका इलाज किया गया।,0,[],[]
274,लुरमैन का शोधपत्र महामारी विज्ञान के अध्ययन पर था।,0,[],[]
276,13 मुख्य द्वीप माने जाते हैं।,0,[],[]
277,प्री-कोलम्बियन काल के दौरान दक्षिण अमेरिका के मूल निवासी ने द्वीपसमूह का दौरा किया था। थॉर हेयरडाह्ल और अर्नि स्कॉल्सवोल्ड के 1952 के अपने एक अध्ययन में द्वीप पर कई वस्तुओं और अवशेषों को इन द्वीपों पर ढूंढ़ा जो इस बात की पुष्टि करते हैं कि स्पेनिशों के आने से बहुत पहले से ही दक्षिण अमेरिका के मूल निवासी इन द्वीपों पर आते रहते थे।,0,[],[]
279,इक्वाडोर ने 12 फ़रवरी 1832 में गैलापागोस द्वीप समूह पर कब्जा किया था।,0,[],[]
280,"हिंदी में उत्तर: पांच द्वीप जिन पर लोग बसे हुए हैं, हैं: बाल्ट्रा, फ्लोरियाना, ईसाबेला, सैन क्रिस्टोबाल और सांताक्रूज।",0,[],[]
281,अबराज कुदाई होटल में 70 रेस्त्रां होंगे।,0,[],[]
282,जापानी रक्षा मंत्रालय मित्सुबिशी एक्स-2 शीनशीन (Mitsubishi X-2 Shinshin) नामक एक उन्नत गुप्तता लड़ाकू विमान का विकास कर रहा है।,0,[],[]
283,22 अप्रैल 2016 को थी।,0,[],[]
284,"मित्सुबिशी एक्स-2 शीनशीन (Mitsubishi X-2 Shinshin) एक जापानी प्रयोगात्मक विमान है, जिसका निर्माण उन्नत गुप्तता लड़ाकू विमान प्रौद्योगिकियों का परीक्षण करने के लिए किया गया है।",0,[],[]
285,मित्सुबिशी एक्स-2 शीनशीन (Mitsubishi X-2 Shinshin) विमान का नाम है।,0,[],[]
286,OSPF Ver.3 के रूप में अपडेट RFC5340(2008) में दिए गए हैं।,0,[],[]
287,एरिया बॉर्डर रूटर (ABR) का नाम है।,0,[],[]
288,"OSPF ट्रांसपोर्ट प्रोटोकॉल (UDP, TCP) का प्रयोग नहीं करता, लेकिन इसे IP डाटाग्राम्स में प्रोटोकॉल नं 89 के साथ समझाया गया है।",0,[],[]
290,"राउटर एक ही ब्रॉडकास्ट डोमेन में या पॉइंट टू पॉइंट टेलीकम्युनिकेशन लिंक में प्रत्येक सिरे पर, समीपवर्ती राउटर का पता लगा कर प्रतिक्रिया करते हैं। इसके लिए OSPF प्रोटोकॉल का उपयोग करते हैं।",0,[],[]
291,"सिस्को मेट्रिक के अनुसार, 100Mbit/s लिंक का खर्च 1 होगा।",0,[],[]
292,प्राथमिकता में सबसे अधिक RID (रूटर ID) के साथ हैलो भेजने वाला रूटर जीतता है।,0,[],[]
293,"यदि वर्तमान डीआर फ़ेल हो जाता है, तो वर्तमान बी डीआर नया डीआर बन जाता है और दूसरे बी डीआर को चुनने के लिए एक नया चुनाव होता है।",0,[],[]
294,DR और BDR।,0,[],[]
296,मेरे पास आपके प्रश्न का उत्तर नहीं है।,0,[],[]
297,"बेलारूस की दूरी पश्चिम से पूर्व तक 650 कि॰मी॰ (2,130,000 फीट) है।",0,[],[]
298,बेलारूस की औसत वार्षिक वर्षा 550 से 700 मि॰मी॰ (21.7 से 27.6 इंच) है।,0,[],[]
299,"बेलारूस पेट्रोलियम, आलू, पशुपालन के उप-उत्पाद और मांस के आयात पर निर्भर है।",0,[],[]
300,बेलारुस की प्रजनन दर २००७ में १.२२ थी।,0,[],[]
301,वर्ष २०१६ तक देश की कुल जनसंख्या ९४.९ लाख है।,0,[],[]
302,गोमेल की जनसंख्या ४ लाख ८१ हज़ार है।,0,[],[]
303,बेलारुस में प्रति महिला ०.८७ पुरुष हैं।,0,[],[]
304,1960 में संयुक्त राज्य अमेरिका में जन्म नियंत्रण की गोली उपयोग के लिए अनुमोदित किया गया था।,0,[],[]
305,हिंदी में उत्तर: गोली उपयोगकर्ताओं को हर तीन महीने में पैल्विक परीक्षाओं के लिए एक डॉक्टर और यात्रा यौन संचारित रोगों और गर्भाशय के कैंसर के लिए परीक्षण से गुजरना समर्थन किया जाता है।,0,[],[]
306,"जन्म नियंत्रण गोली सीजनल का नुकसान placebo सप्ताह लंघन के प्रभाव की तरह, रक्तस्राव के संभावित वापसी पर लगातार कम अवधि के लाभ नहीं देता है।",0,[],[]
307,गोलियों को Anya या Lybrel नामों से बाज़ार में बेचा गया है।,0,[],[]
309,"हिंदी में उत्तर: कुछ दवाओं का प्रभाव कम करता है, जैसे कि रिफैम्पिसिन, barbiturates, फ़िनाइटोइन, carbamazepine, एम्पीसिलीन, डॉक्सीसाइक्लिन, और व्यापक स्पेक्ट्रम एंटीबायोटिक दवाओं का प्रभाव ethinylestradiol पर हो सकता है।",0,[],[]
310,"जर्मनी की सीमा उत्तर में उत्तरी समुद्र, डेनमार्क और बाल्टिक समुद्र से, पूरब में पोलैंड और चेक गणराज्य से, दक्षिण में आस्ट्रिया और स्विट्ज़रलैंड से, और पश्चिम में फ्रांस, लक्सेम्बर्ग, बेल्जियम और नीदरलैंड से लगती है।",0,[],[]
312,जर्मन भाषा लैटिन वर्णमाला का उपयोग कर लिखा गया है।,0,[],[]
313,जर्मन भाषाओं के पश्चिम जर्मन समूह से संबंध रखती है।,0,[],[]
314,उत्तर: पश्चिम जर्मनी।,0,[],[]
315,उत्तर: 2011,0,[],[]
317,पुरस्कार हर साल दिया जाता है।,0,[],[]
318,सन १९५५ में भारत रत्न से विभूषित किया गया था।,0,[],[]
319,विश्वेश्वरैया का जन्म 15 सितंबर 1861 को मैसूर (कर्नाटक) के कोलार जिले के चिक्काबल्लापुर तालुक में हुआ था।,0,[],[]
320,विश्वेश्वरैया के पिता का नाम श्रीनिवास शास्त्री था और माता का नाम वेंकाचम्मा था।,0,[],[]
321,जून 1967 में हुआ।,0,[],[]
322,"अधिकांश व्यवसायी और विज्ञापनदाता ""Fr.""",0,[],[]
322,का प्रयोग करते हैं।,0,[],[]
323,"आरपी का अर्थ स्विस फ्रांक के सौंवे हिस्से का होता है, जिसका कोड CHF है और इसके साथ जर्मन में रापेन (Rp.",0,[],[]
323,"), फ्रांसीसी में सेंटाइम (c.",0,[],[]
323,"), इटालवी में सेटीसीमो (ct.)",0,[],[]
323,और रोमांस में रेप (rp.),0,[],[]
323,कहा जाता है।,0,[],[]
324,"महिला निरोध ज्यादातर निटराइल, लेटेक्स या पॉलीयूरेथेन से बने होते हैं।",0,[],[]
325,"कंडोम में आजकल सबसे जयदा लेटेक्स से बने होते हैं, लेकिन कुछ अन्य सामग्री जैसे पॉलीयूरेथेन या मेमने की आंत से बने होते हैं।",0,[],[]
326,महिला निरोध की विफलता दर में जन्म नहीं देने वाली महिलाओं के लिए 12% है।,0,[],[]
328,"महिलाएं अक्सर शुक्रवाहिकोच्छेदन उलटाव करवाना चाहती हैं क्योंकि उनमें डिंबवाहनी बंधन की तुलना में शुक्रवाहिकोच्छेदन में बारह गुना कम लघु अवधि जटिलताएं होती हैं। इसके अलावा, शुक्रवाहिकोच्छेदन के बाद अंडकोश की थैली में सूजन व दर्द हो सकता है जो आम तौर पर एक या दो सप्ताह में ठीक हो जाता है, लेकिन कुछ महिलाएं इस निर्णय से पछताती हैं क्योंकि उनमें डिंबवाहनी बंधन के बाद भी डिंबग्रंथि कैंसर के जोखिम को कम होने की उम्मीद है।",0,[],[]
329,डिंबवाहनी बंधन में जटिलताएं 1 से 2 प्रतिशत मामलों में आम तौर पर अवचेतक के कारण गंभीर जटिलताएं होती हैं।,0,[],[]
331,"प्रसव के 6 माह से कम के बच्चे की उपस्थिति की आवश्यकता होती है, और यदि नवजात के लिए स्तनपान ही एकमात्र आहार है तो प्रसव के 6 माह तक विफलता की दर 2 प्रतिशत तक है। परीक्षणों में विफलता की दर 0% से 7.5% तक है।",0,[],[]
332,प्रसव के 6 माह तक विफलता की दर 2 प्रतिशत तक है।,0,[],[]
334,मेरे पास आपके प्रश्न का उत्तर नहीं है।,0,[],[]
335,"जन्म नियंत्रण के लिए उपलब्ध प्रासंगिक जानकारी के अनुसार, जन्म नियंत्रण के उपयोग से परिवार नियोजन सबसे अधिक लागत-प्रभावी स्वास्थ्य उपाय है। संयुक्त राष्ट्र संघ के आंकलन के अनुसार प्रत्येक खर्च किये गये डॉलर से दो से लेकर छः डॉलर तक की बचत होती है।",0,[],[]
336,जन्म नियंत्रण उपायों के उपयोग से परिवार नियोजन सबसे अधिक लागत-प्रभावी स्वास्थ्य उपाय है। संयुक्त राष्ट्र संघ के आंकलन के अनुसार प्रत्येक खर्च किये गये डॉलर से दो से लेकर छः डॉलर तक की बचत होती है।,0,[],[]
339,यौन संबंधो तथा गर्भधारण को लेकर बहुत सारी आम भ्रांतियां प्रचिलित हैं।,0,[],[]
340,यूरेथेन प्लग एक इंट्रावास युक्ति है जिसमें यूरेथेन प्लग को डिफरेंस में रखा जाता है जिससे कि यह अवरुद्ध हो जाए।,0,[],[]
341,नपुंसक बनाने या अण्डकोष हटाने में कुछ प्रजनन अंगो को हटाना शामिल होता है।,0,[],[]
342,"नए महल के साथ राजा को कैसलिंग करना चाहिए, यदि कैसलिंग वैध हो।",0,[],[]
343,पूर्वी साइबेरियाई सागर के पश्चिम में लाप्टेव सागर और पूर्व में चुकची सागर से मिलते हैं।,0,[],[]
344,स्टैमेन ने दही में माइक्रो फ्लोरा की जांच की.,0,[],[]
345,"मुक्त लेखन एक पूर्वलेखन तकनीक है जिसमें एक व्यक्ति वर्तनी, व्याकरण, या विषय के संबंध के बिना एक निर्धारित अवधि के लिए लगातार लिखता है।",0,[],[]
346,पुरुष अक्सर स्त्री की तुलना में एएमएल से अधिक प्रभावित होते हैं।,0,[],[]
347,इस व्यक्ति के खून को सफेद कॉर्पसकल के कारण एक गंभीर स्थिरता दी है।,0,[],[]
348,विरचो को ल्यूकेमिया शब्द के संस्थापक के रूप में जाना जाता था।,0,[],[]
349,ल्यूकेमिया की खोज रुडॉल्फ विरचो ने की थी।,0,[],[]
351,फिल्म बर्फी का निर्देशन अनुराग बसु ने किया है।,0,[],[]
352,यह फिल्म भारत और विदेशों में लोकप्रिय थी।,0,[],[]
353,उसके पिता मोटर चालक थे।,0,[],[]
355,प्रिंसिपल फोटोग्राफी मार्च 2011 में शुरू हुई।,0,[],[]
356,मार्च 2011 में बसु ने नगर में फ़िल्मांकन का स्थान निर्धारित करने के लिए कोलकाता की यात्रा की।,0,[],[]
357,इगेओन (Aegaeon) है शनि के चक्कर लगाने वाले उपग्रह का नाम।,0,[],[]
358,इगेओन शनि के G रिंग के चमकदार खंड के भीतर रहकर परिक्रमा करता है।,0,[],[]
359,आर्मेनिया ४० से अधिक अंतर्राष्ट्रीय संगठनों का सदस्य है।,0,[],[]
360,"आर्मेनिया का कुल क्षेत्रफल ११,५०६ वर्ग मील है।",0,[],[]
361,आर्मेनिया में ८६६ ग्रामीण समुदाय हैं।,0,[],[]
363,नेटवर्क में प्रवेश करते ही उपकरण में सबसे पहली चीज पोर्ट का VLAN निर्धारित होना है।,0,[],[]
365,समोआई प्रथाओं को ध्यान में रखा गया था।,0,[],[]
366,प्रधानमंत्री का चुनाव फोनो में बहुमत से किया जाता है और सरकार बनाने के लिए राष्ट्र के प्रमुख द्वारा उनकी नियुक्ति होती है।,0,[],[]
367,पर्यटन क्षेत्र का विस्तार हुआ है।,0,[],[]
368,"समोआ की अर्थव्यवस्था पारंपरिक रूप से कृषि और स्थानीय स्तर पर मछली पकड़ने पर निर्भर रही है, लेकिन आधुनिक समय में विकास मदद, विदेश से पारिवारिक सदस्यों द्वारा भेजी गयी रकम और कृषि-उत्पाद का निर्यात देश की अर्थव्यवस्था के मुख्य घटक बन गये हैं।",0,[],[]
369,"समोआ सरकार ने वित्तीय क्षेत्र के अविनियमन, निवेश को प्रोत्साहन और सतत राजकोषीय अनुशासन का आह्वान किया है।",0,[],[]
370,समोआ में जर्मनों ने कोको बीन और रबर का उत्पादन किया था।,0,[],[]
371,"समोआ में अनन्नास का अच्छा उत्पादन होता है, लेकिन स्थानीय खपत से परे इसका कोई बड़ा निर्यात नहीं होता है।",0,[],[]
372,"रेल की पटरियाँ एपिया के पूर्व में कुछ बागान क्षेत्रों में देखी जा सकती हैं, जहां गन्ना के परिवहन के लिए बनाई गई पुरानी ट्रेन की पटरियां हैं।",0,[],[]
375,समोआ ने पैसिफ़िक ट्राई-नेशंस में भी खेला करता है।,0,[],[]
376,समोआ ने लगभग 30 वर्षों तक रग्बी विश्व कप प्रतियोगिता में प्रदर्शन किया है।,0,[],[]
377,टोरी और व्हिग्स नामों से मध्य 19 वीं सदी से पहले कंजरवेटिव और लिबरल दलों को बुलाया जाता था।,0,[],[]
378,जनवरी 1910 और दिसंबर 1910 के चुनावों ने एक त्रिशंकु संसद को जन्म दिया था।,0,[],[]
379,लेबर पार्टी का उदय हुआ था।,0,[],[]
380,हिंदी में उत्तर: दो आम चुनाव हुए हैं। पहला फरवरी 1974 का था और दूसरा मई 2010 का था।,0,[],[]
381,उत्तर: 1940 और 2010 में संघीय चुनाव बराबरी पर समाप्त हुए थे।,0,[],[]
382,त्रिशंकु सरकार होने को अक्सर नकारात्मक परिणाम के तौर पर देखा जाता है जिससे अपेक्षाकृत कमजोर और अस्थिर सरकार का जन्म होता है।,0,[],[]
383,चुनाव के बाद भ्रम की अवधि आवश्यक है क्योंकि प्रमुख पार्टी के नेता निर्दलीय और छोटे दलों के साथ बातचीत करके बहुमत स्थापित करने की कोशिश करते हैं।,0,[],[]
385,डेफैड एलिस-थॉमस को पीठासीन अधिकारी के रूप में फिर से चुना गया था।,0,[],[]
386,IPod पर स्क्रॉल करने के लिए क्लिक व्हील इस्तेमाल किया जाता है।,0,[],[]
387,"हाँ, आईपोड प्रतिस्पर्धा म्यूजिक स्टोर्स के साथ संगत है, जैसे eMusic (eMusic) या Amie स्ट्रीट (Amie Street), से भी संगीत संचिकाओं को चला सकतें हैं, जिनका उपयोग डीआरएम् का प्रयोग नहीं करते।",0,[],[]
388,"आइसलैंड, ब्रिटेन और आयरलैंड को एक विशेष मामले के रूप में जाना जाता है, क्योंकि ये देश एक द्वीप होते हुए भी यूरोप का हिस्सा हैं।",0,[],[]
390,यूरोपीय संघ का विस्तार पूर्व की ओर हुआ है।,0,[],[]
391,न्यायपालिका के अधिकारी अपने कर्तव्यों का पालन लगभग विशेष रूप से करते हैं।,0,[],[]
392,"संधात्मक गणतंत्र लोकतांत्रिक संघीय गणराज्य का रूप लेता है, जहां राष्ट्रपति दोनों राज्य और संघ सरकार का प्रमुख होता है और चार साल की अवधि के लिए चुना जाता है।",0,[],[]
393,ब्राजील में विधायिका को विधि का स्रोत कहा जाता है।,0,[],[]
394,ब्राजील का प्रमुख निर्यात उत्पाद विमान है।,0,[],[]
395,बाल्यावस्था प्रतिरक्षण के सामान्य कोर्स पांच खुराक के होते हैं जो 2 महीने से 15 वर्ष की आयु के बीच दी जाती है।,0,[],[]
396,"शोडो द्वीप (小豆島 शोदोशिमा) के नाम का अनुवाद ""छोटे बीन्स के द्वीप"" के रूप में किया जा सकता है।",0,[],[]
397,जैतून का सफलतापूर्वक उगाने के लिए जापान का पहला क्षेत्र था।,0,[],[]
398,मिशन इंपॉसिबल - फॉलआउट (Mission: Impossible – Fallout) 2018 में बनी थी।,0,[],[]
399,"फिल्मांकन के लिए तैयार किया गया था 10 अप्रैल, 2017 को पेरिस में शुरू होने के लिए, लेकिन आधिकारिक तौर पर 8 अप्रैल को शुरू हुआ।",0,[],[]
400,"फिल्मांकन पेरिस के अलावा यूनाइटेड किंगडम, न्यूजीलैंड और नॉर्वे में किया गया था।",0,[],[]
401,मेरे पास आपके प्रश्न का उत्तर नहीं है।,0,[],[]
403,हिंदी में उत्तर: मेरे पास आपके प्रश्न का उत्तर नहीं है।,0,[],[]
404,मोनिका एन्ना मारिया बेलुची का जन्म 30 सितंबर 1964 को हुआ था।,0,[],[]
405,शिज़ूओका प्रान्त जापान के होन्शू द्वीप के चूबु क्षेत्र में स्थित है।,0,[],[]
406,जापान एल्प्स के अंदर तक फैला हुआ हैं।,0,[],[]
407,"पटाया शहर में tambon Nong Prue, ना Kluea, Huai Yai और Nong Pla Lai के कुछ हिस्सों को शामिल किया है।",0,[],[]
409,"पट्टाया 3 रोड उत्तर, दक्षिण और मध्य पट्टाया क्षेत्रों से जुड़ता है।",0,[],[]
410,उत्तर: 120 किमी,0,[],[]
411,मिनी दुनिया अनुभाग में स्टैच्यू ऑफ लिबर्टी का मॉडल मौजूद है।,0,[],[]
412,यह गाँव थाईलैंड का हिस्सा है। मिनी Siam में थाईलैंड की विरासत के साथ सबसे प्रसिद्ध स्मारकों की प्रतिकृतियां और ऐतिहासिक स्थलों के साथ प्रदर्शित होता है।,0,[],[]
413,मंदिर 1976 में बनाया गया था।,0,[],[]
414,शहर के भीतर दो छोटे हिट किस प्रकार की सहायता देते हैं?,0,[],[]
415,साल्ज़बोर्ग के दक्षिण में उबड़ खाबड़ मैदान है।,0,[],[]
416,जुवावम को रोमन साम्राज्य द्वारा लगभग 15 ई.पू.,0,[],[]
416,के समय में अलग-अलग बस्तियों को मिला दिया गया था। उस समय इस शहर को जुवावम कहा जाता था और 45 ई.,0,[],[]
416,में इसे रोमन म्युनिसिपियम की पदवी का सम्मान प्राप्त हुआ।,0,[],[]
418,1906 में हार्ले डेविडसन के पहले कारखाने का निर्माण हुआ था।,0,[],[]
419,"हार्ले-डेविडसन कंपनी के नाम का मजाक उड़ाते हुए इसे ""हार्डली एबलसम"" (""Hardly Ableson""), ""हार्डली ड्राइवेबल"" (""Hardly Driveable"") और ""होगली फर्ग्युसन"" (""Hogly Ferguson"") कहा जाने लगा।",0,[],[]
421,1987 में हार्ले-डेविडसन ने बुएल को पचास अधिशेष XR1000 इंजन की आपूर्ति की।,0,[],[]
422,मेरे पास आपके प्रश्न का उत्तर नहीं है।,0,[],[]
423,"इलेक्ट्रा ग्लाइड्स की पहचान आप सामने से इसकी खूबसूरती से कर सकते हैं, क्योंकि ज्यादातर इलेक्ट्रा ग्लाइड में फॉर्क-माउंटेड लगा होता है और इसके आकर को देखते हुए यह ""बैटविंग"" कहलाता है।",0,[],[]
424,बैटरी सीट के नीचे दाहिने शैडलबैग के भीतर से बाइक के पटरे में लगा गया थी।,0,[],[]
426,1957 में स्पोर्ट्सटर्स को जोड़ा गया था।,0,[],[]
427,वी-रॉड में ओवरहेड कैम और लिक्विड कूलिंग व्यस्था के साथ 60 डिग्री वी-ट्विन इंजन होता है।,0,[],[]
428,"उत्तर: उत्तरी आयरलैंड के हरलैंड और वोल्फ, नोर्वे के एकर क्वानेर, इटली के फिनकेंटिअरी, जर्मनी के मेयर वर्फ्ट और फ़्रांस के चेन्तियर डे अटलांटिक को प्रोजेक्ट क्वीन मैरी के लिए बोली लगाने के लिए आमंत्रित किया गया था।",0,[],[]
430,"संयंत्र को मुख्य रूप से ऊर्जा भाप, जहाज के गैस टरबाइन और डीज़ल इंजन से प्राप्त होती है, अगर जरुरत हो तो जहाज के दो तेल से चलने वाले बॉयलर का उपयोग किया जाता है।",0,[],[]
431,"सांद्रित लवणी विलयन के लिए शब्द ""ब्राइन"" है।",0,[],[]
432,2006,0,[],[]
433,"उत्तर: तीन ""क्वीन्स"" - क्वीन मैरी 2, क्वीन एलिज़ाबेथ 2, और क्वीन्स (तीनों का नाम नहीं बताया गया है) - साउथेम्प्टन में एक ही दिन में मिलीं।",0,[],[]
434,क्वीन मैरी 2 की पहली विश्व यात्रा 81 दिन तक चली.,0,[],[]
435,"चीनी शैली की पश्चिमी ब्रेड में नरम और मीठा आटा होता है, जो अनानास बन के ऊपर वाला हिस्सा (वह हिस्सा जो अनानास से मिलता जुलता है) से बना होता है।",0,[],[]
436,नाश्ते या दोपहर की चाय में लोकप्रिय है।,0,[],[]
437,कैप्टन कोल्ड का ज्ञात उपनाम लेनर्ड स्नार्ट है।,0,[],[]
438,"मेरे पास आपके प्रश्न का उत्तर नहीं है। 'बोह लोह' अनानास के साथ मक्खन के टुकड़े के साथ डालकर दिया जाने वाला एक प्रकार का स्नैक है, नहीं कि सेब फल है।",0,[],[]
439,मक्खन के टुकड़े के साथ डाला जाता है।,0,[],[]
440,कस्टर्ड का उपयोग किया जा सकता है।,0,[],[]
441,"मुरसिया बड़ा गिरजाघर (Iglesia Catedral de Santa María en Murcia) का उपयोग कार्टाजेना के रोमन कैथलिक डायसिस के साथ नहीं होता है। मुरसिया बड़ा गिरजाघर स्पेन के मुरसिया शहर में स्थित है, जबकि कार्टाजेना स्पेन का एक अलग शहर है।",0,[],[]
442,"यह सौर नीहारिका के एक घूमते हुए बादल से बना था, जिसमें अंतरतारकीय धूल तथा गैस शामिल थे।",0,[],[]
443,बिग बैंग के कुछ ही समय बाद निर्मित हाइड्रोजन व हीलियम तथा अधिनव तारों द्वारा उत्सर्जित भारी तत्वों से मिलकर बना था।,0,[],[]
444,जुलाई में अश्क़ाबाद का सेल्सियस में औसतन उच्च तापमान 38.3 डिग्री सेल्सियस होता है।,0,[],[]
445,"शहर में फर्नीचर, वस्त्र, हस्तशिल्प, और लकड़ी का उत्पादन किया जाता है।",0,[],[]
446,CACNA1C जीन में उत्परिवर्तन हो रहा है।,0,[],[]
448,जिन्ना के परिवार द्वारा उनका व्यापक विरोध किया गया था।,0,[],[]
450,"प्रस्ताव 377 को आमंत्रित किया गया था, जिसे ""शांति के और एकता"" प्रस्ताव के रूप में जाना जाता है।",0,[],[]
453,"डॉयल के पिता चार्ल्स अल्टामोंट डॉयल का देहांत 1893 में क्रिकटन रॉयल, डम्फ़्राइज में हुआ था।",0,[],[]
454,डॉयल का जन्म 22 मई 1859 को स्कॉटलैंड के एडिनबर्ग में हुआ था।,0,[],[]
455,मेरे पास आपके प्रश्न का उत्तर नहीं है।,0,[],[]
456,जीन लेना एनेट की मृत्यु 18 नवम्बर 1997 को हुई थी।,0,[],[]
457,कॉनन डॉयल पत्रकार ई.डी.,0,[],[]
457,मोरेल और राजनयिक रोजर केसमेंट के नेतृत्व में कांगो फ्री स्टेट के सुधार के लिए प्रचार अभियान में शामिल थे। 1909 के दौरान उन्होंने द क्राइम ऑफ द कांगो की रचना की जो एक लंबी पुस्तिका थी जिसमें उन्होंने उस देश में भयावहता की भर्त्सना की थी।,0,[],[]
458,बेरट्रम फ्लेचर रॉबिन्सन ने मोरेल और केस के अलावा द लॉस्ट वर्ल्ड में पात्रों को प्रेरित करने में मदद की है।,0,[],[]
459,"डॉयल का शरीर 7 जुलाई 1930 को ईस्ट ससेक्स के क्रोबोरो में अपने घर, विंडलेशाम के हॉल में पाया गया था।",0,[],[]
460,आर्थर कानन डॉयल एडिनबर्ग में पैदा हुए थे।,0,[],[]
461,ग्रैनरी में अन्न को भंडारित किया जाता है। प्राचीनकाल में मिट्टी के बर्तनों में अन्न भंडारित किया जाता था। कुछ किसान कच्ची मिट्टी को भूसे से प्रबलित करके अन्नागार बनाते थे जिसको 'डेहरी' कहा जाता था। आजकल धातु (जैसे गैल्वनाइज्ड आइरन) की डेहरी मिलने लगी है।,0,[],[]
462,रेड दक्षिण अफ्रीका की मुद्रा को दक्षिण अफ्रीकी पाउंड का स्थान लिया गया।,0,[],[]
463,जोहान्सबर्ग में विट्वाटर्सरेंड नामक टीले पर सोने की प्रचुरता मिल सकती है।,0,[],[]
466,"वेरॉन की इंजन क्षमता 8.0 लीटर है, जिसमें 16 सिलेंडर हैं, जो ""W"" विन्यास में जु़ड़े हैं।",0,[],[]
467,"माइकेलिन पीएएक्स के फ़्लैट टायरों की कीमत कथित तौर पर प्रति सेट 25,000 अमेरिकी डॉलर है।",0,[],[]
468,डेविस ने सिविल युद्ध से पहले मिसिसिपी में एक बड़े कपास बागान का संचालन किया और 74 से ज्यादा दासों के स्वामी थे।,0,[],[]
470,जेफरसन डेविस संयुक्त राज्य सेना में छह साल की सेवारत रहे।,0,[],[]
471,मेरे पास आपके प्रश्न का उत्तर नहीं है।,0,[],[]
473,"धूम्रपान करने के कुछ अन्य साधन हैं - पाइप, सिगार, हुक्का एवं बॉन्ग।",0,[],[]
474,यूरोपीय अन्वेषण और अमेरिका की विजय के बाद तंबाकू धूम्रपान लोकप्रिय हो गया।,0,[],[]
475,धूम्रपान का इतिहास लगभग 5000 ई.पू.,0,[],[]
475,पुराना हो सकता है।,0,[],[]
476,फ़ुटबॉल इराक का सबसे लोकप्रिय खेल है।,0,[],[]
477,1967 के रेफ़रेंडम से आदिवासी जनसमूह प्रभावित हुआ था।,0,[],[]
478,मेरे पास आपके प्रश्न का उत्तर नहीं है।,0,[],[]
479,ऑस्ट्रेलियाईयो ने पश्चिमी प्रान्त में हुए कुछ प्रमुख लड़ाइयो में हिस्सा लिया।,0,[],[]
480,"प्रत्येक राज्य के पास अपना कानून या संसद है, जिसमें निचले सदन को विधान सभा के नाम से जाना जाता है और ऊपरी सदन को विधान परिषद नाम से जाना जाता है। हर राज्य में सरकार का मुखिया प्रधानमंत्री (premier) होता है और हर प्रदेश में मुख्य मंत्री.",0,[],[]
481,देश के दक्षिणी-पश्चिमी छोर में सामान्यतः समशीतोष्ण जलवायु पाई जाती है।,0,[],[]
482,ऑस्ट्रेलिया का चालू खाता घाटा 50 वर्षो से भी ज्यादा के एकसमान बड़े है।,0,[],[]
483,ऑस्ट्रेलियाई संस्कृति से संबद्ध मुख्य प्रभावों में से एक अमेरिका प्रख्यात संस्कृति (विशेषकर टेलिविज़न और सिनेमा) और ऑस्ट्रेलिया के एशियाई पड़ोसी और बड़े पैमाने पर अंग्रेजी भाषा न बोले जाने वाले देशों के अप्रवासियों से प्रभावित रही है।,0,[],[]
484,ऑस्ट्रेलियाई बैलेट कंपनी है।,0,[],[]
485,मेरे पास आपके प्रश्न का उत्तर नहीं है।,0,[],[]
486,यह सेलेनियम आईडी एक कार्यात्मक परीक्षण के लिए उपयोग किया जा सकता है।,0,[],[]
487,सेलेनियम वेबद्र्य्वर् (Selenium WebDriver) एक इंटरनेट ब्राउज़र का नाम है।,0,[],[]
490,उत्तर: फारस की खाड़ी के रास्ते में शिराज के माध्यम से इन निर्यात की कई फसलों को पार किया गया।,0,[],[]
491,19वीं शताब्दी के दूसरे भाग में शिराज की अर्थव्यवस्था में बदलाव आया था।,0,[],[]
492,एलर्जी की दो प्रमुख प्रतिक्रिया फोटोडर्माटाइटिस और एनाफिलिक्स हैं।,0,[],[]
493,"फुटबॉल ईरान में सबसे लोकप्रिय खेल है, जिसकी लोकप्रियता पिछले वर्षों में बढ़ी है।",0,[],[]
495,ईरान को पुरस्कार मिले।,0,[],[]
496,इरान अपने राष्ट्रीय खेल के बारे में कुश्ती की बात करता है।,0,[],[]
497,कार्यकर्ता क्षमता के लिए एक परीक्षण अभिक्षमता है।,0,[],[]
498,मेरे पास आपके प्रश्न का उत्तर नहीं है।,0,[],[]
499,मतदान के तुरन्त बाद किया जाता है।,0,[],[]
500,फ़िशिंग तकनीक को 1987 में विस्तार से वर्णित किया गया था और फ़िशिंग शब्द का पहला दर्ज उपयोग 1995 में ए एस टी कंप्यूटर्स के जेसन शान्नोन द्वारा किया गया था।,0,[],[]
503,ट्रोब्रेंड द्वीप समूह पापुआ न्यू गिनी के देश का हिस्सा हैं।,0,[],[]
504,"कैलेउना, वकुटा और कितावा द्वीपों के समूह को संरक्षण की आवश्यकता है।",0,[],[]
505,किरिविना के मुख्य द्वीप पर रहते हैं।,0,[],[]
506,उत्तर: 201 देशों में प्रतिस्पर्धा हुई।,0,[],[]
507,"हिंदी में उत्तर: पोलैंड पर आक्रमण के बाद, यूक्रेनी जनसंख्या बहुल पूर्वी गालिसिया और वोल्होनिया क्षेत्र फिर से यूक्रेन के बाकी हिस्सों के साथ जुड़ गया था, जिसके फलस्वरूप यूक्रेन का इतिहास में पहली बार एकजुट हुआ था।",0,[],[]
508,"यूक्रेनियनों को सोवियत सेना में शामिल किया गया था। सोवियत सेना के लिए लड़ते यूक्रेनियनों की संख्या 4.5 मिलियन से 7 मिलियन के करीब थी। यूक्रेन में प्रो-सोवियत कट्टरपंथी गोरिल्ला प्रतिरोध की संख्या 47,800 से लेकर 500,000 तक होने का अनुमान है। जिनमे लगभग 50% संख्या स्थानीय यूक्रेनियन की थी।",0,[],[]
510,"यूक्रेन में फंगी किस देश में प्रचुरता और विविधता से उपलब्ध है क्योंकि यूक्रेन जानवरों, कवक, सूक्ष्मजीवों और पौधों की विभिन्नताओ का घर है।",0,[],[]
511,मई 1992 में यूक्रेन ने लिस्बन प्रटोकॉल पर हस्ताक्षर किए।,0,[],[]
512,उत्तर: रीजन क्षेत्र का 30% उपयोग करता है।,0,[],[]
513,56% औद्योगिक श्रम का प्रतिनिधित्व करता है।,0,[],[]
515,औसत पृष्ठ अवधि एक व्यक्ति को बताती है कि कितने देर तक एक पेज को देखा जाता है। जितना अधिक पृष्ठों को देखा जाता है उतना ही बेहतर यह आपकी कंपनी के लिए होता है।,0,[],[]
516,डोमेन कक्षाएं वेबपेज और सामग्री वितरित करने के लिए आवश्यक आईपी पते के सभी स्तरों की जानकारी के आधार पर बनती हैं।,0,[],[]
518,जेम्स द्वितीय नीदरलैंड से इंग्लैण्ड लौट आए।,0,[],[]
519,हेलमेट पहनना चाहिए।,0,[],[]
520,बर्फ के लगातार टूटते चले जाने के कारण स्केटर के लिए पानी में से निकल कर बर्फ के ऊपर आना बहुत मुश्किल और कई मामलों में असंभव होता है।,0,[],[]
522,"जिन्हें शपथ दिलाई जाती हैं, वे मंत्रिमंडल के सदस्य बनते हैं।",0,[],[]
523,"अटलांटिक की धाराएं गरम होती हैं क्योंकि वे गरम हुई अटलांटिक धाराएं हैं, जो गल्फ नदी से आती हैं। इन धाराओं के कारण पश्चिम में हल्की सर्दियाँ आती हैं, खासकर उच्च भूमि में जहाँ सर्दियाँ गीली हैं।",0,[],[]
524,यूके (यूनाइटेड किंगडम) इंग्लिश चैनल के द्वारा फ्रांस से अलग होता है।,0,[],[]
525,हाल की 2001 में यूनाइटेड किंगडम की कुल आबादी 58789194 थी।,0,[],[]
526,लंदन में स्थित हैं।,0,[],[]
527,"वेल्स और स्कॉटलैंड की अपनी अलग क्रिकेट टीम है, लेकिन आयरलैंड की नहीं है। आयरलैंड क्रिकेट टीम इंग्लैंड क्रिकेट टीम के साथ खेलती है।",0,[],[]
528,मैकडिअर्मिड और गन ने स्कॉटिश नवजागरण में योगदान किया।,0,[],[]
529,जेरेमी बेंटम और जॉन स्टुअर्ट मिल उल्लेखनीय ब्रिटिश दार्शनिक हैं।,0,[],[]
530,"""रानी""",0,[],[]
531,"चर्चिल ने नाज़ियों को नहीं हराया था। वह नाज़ियों के खिलाफ लड़ाई में शामिल थे, लेकिन नाज़ियों को हराने का श्रेय किसी एक व्यक्ति या जानवर को नहीं दिया जाता है। नाज़ियों के खिलाफ लड़ाई में कई लोगों ने हिस्सा लिया था, जिसमें ब्रिटिश सेना के साथ-साथ अमेरिकी सेना और अन्य देशों की सेनाएं भी शामिल थीं।",0,[],[]
532,"ब्रिटानिया के पास एक कोरिंथियन हेलमेट, एक ढाल, पोसाईडन का तीन-आयामी त्रिशूल और एक शेर है, जिसके साथ वह अक्सर समुद्री प्रभुत्व के साथ संबंधित किया जाता है।",0,[],[]
533,ब्रिटानिया को कभी-कभी एक शेर के पीछे सवारी करती हुई दर्शाई जाती है।,0,[],[]
534,मेरे पास आपके प्रश्न का उत्तर नहीं है।,0,[],[]
535,उत्तर: दो हफ्ते तस्वीरों के नमूनों पर लगाएँ।,0,[],[]
536,सूर्य का सामना करता है।,0,[],[]
538,उत्तर: युरेनस पर एक अद्भुत अक्षीय झुकाव है।,0,[],[]
540,"गणित में अपसारी श्रेणी एक अनन्त श्रेणी है जो अभिसारी नहीं है, मतलब यह कि श्रेणी के आंशिक योग का अनन्त अनुक्रम का सीमान्त मान नहीं होता।",0,[],[]
541,निकोल ऑरेसम ने हरात्मक श्रेणी का अपसरण मध्यकालीन गणितज्ञ निकोल ऑरेसम द्वारा सिद्ध किया जा चुका है।,0,[],[]
542,१९६५ का भारत-पाक युद्ध उन मुठभेड़ों का नाम है जो दोनों देशों के बीच अप्रैल १९६५ से सितम्बर १९६५ के बीच हुई थी।,0,[],[]
543,पाकिस्तानी सैनिकों ने कश्मीर की स्थानीय आबादी की वेषभूषा में नियंत्रण रेखा को पार कर भारतीय कश्मीर में प्रवेश कर लिया।,0,[],[]
544,टैपी ने 1993 तक टीम ओलम्पिके डे मार्सिले की अध्यक्षता की थी।,0,[],[]
545,2005 में एडिडास 1 पेश किया गया था।,0,[],[]
546,"फ्लॉक्स के फूल नीले, गुलाबी, लाल और सफेद रंग के हो सकते हैं।",0,[],[]
547,मेरे पास आपके प्रश्न का उत्तर नहीं है।,0,[],[]
548,"मालदीव की संस्कृति कई स्रोतों से ली गई है, जिनमें से सबसे महत्वपूर्ण श्रीलंका और दक्षिण भारत के किनारे से इसकी निकटता है। जनसंख्या मुख्य रूप से मानव-दृष्टिकोण से भारत-आर्य है।",0,[],[]
550,"हिंदी गाने उत्तरी भारत की भाषाओं से संबंधित हैं और मालदीव में बहुत से गीत प्रसिद्ध हैं, जो हिंदी फिल्में देखना और हिंदी गाने सुनना पसंद करते हैं। कई लोकप्रिय मालदीवियन गाने हिंदी धुनों पर आधारित हैं, क्योंकि इसी तरह की भाषा, समान लय और ताल विकसित होते हैं।",0,[],[]
551,मालदीव की पुरानी पीढ़ी को हिंदी फिल्में देखना और हिंदी गाने सुनना पसंद है।,0,[],[]
552,मेरे पास आपके प्रश्न का उत्तर नहीं है।,0,[],[]
553,"गौड़ी की लोकप्रियता व्यापक है, क्योंकि उनके कार्य को अन्तराष्ट्रीय अपील प्राप्त है और कई अध्ययन इनकी वास्तुकला को समझने के लिए समर्पित किए गए हैं। वर्तमान में इनके कार्य के वास्तुकारों और आम जनता के बीच समान रूप से प्रशंसक मिलते हैं।",0,[],[]
554,गौदी के कार्य को वास्तुकला के रूप में वर्गीकृत किया गया है।,0,[],[]
555,गौदी 1926 के दौरान प्रतिदिन सैर करने जाते थे।,0,[],[]
556,यह शृंखला अमेरिका में FX चैनल पर प्रसारण होता है।,0,[],[]
557,फोर्ड ने जैगुआर के शेयर खरीदने का प्रयास किया।,0,[],[]
559,उत्तर: दो माह से कम उम्र के बच्चों में खांसी अक्सर नहीं होती है।,0,[],[]
560,"लेख में निमोनिया की पहचान की गई है, जिसके लिए संक्रामक एजेंटों के 100 से अधिक उपभेदों की पहचान की गई है।",0,[],[]
561,वायरस लगभग 15% निमोनिया के मामलों के लिये बच्चों में प्रभावित करता है।,0,[],[]
562,"मामलों की दर 20 वीं शताब्दी के बाद के वर्षों में बढ़ रही है, क्योंकि जनसंख्या में यात्रा की दरों और रोग-प्रतिरोधकता में कमीं के कारण है।",0,[],[]
564,"परजीवी आम तौर पर शरीर में त्वचा के साथ सीधे संपर्क, अंतर्ग्रहण, कीट के काटने से दाखिल होते हैं। इसलिए, अधिकतर परजीवी गौण रूप से त्वचा के शिकार बनाते हैं।",0,[],[]
565,यह बीमारी फेफड़ों में प्रवेश करती है।,0,[],[]
566,मेरे पास आपके प्रश्न का उत्तर नहीं है।,0,[],[]
568,"जब बैक्टीरिया फेफड़ों में एल्वियोली और कोशिकाओं के बीच के क्षेत्र में प्रवेश करता है, तो न्यूट्रोफिल साइटोकाइन मुक्त करते हैं, जो प्रतिरक्षा तंत्र को सामान्य रूप से सक्रिय करता है। इसके कारण आम बैक्टीरिया जनित निमोनिया के कारण होने वाले बुखार, ठिठुरन और थकान जैसे लक्षण होते हैं।",0,[],[]
569,बैक्टीरिया एक जगह से दूसरी जगह जाने के लिए रक्त द्वारा फैल सकते हैं और वायु में फैली संदूषित महीन बूंदों के माध्यम से फेफड़ों में पहुंच जाते हैं।,0,[],[]
570,साइटोकिन्स प्रतिरक्षा तंत्र में प्रतिक्रिया देते हैं।,0,[],[]
571,"उपचार चिकित्सीय आधार पर खांसी या श्वसन में जटिलता और तीव्र श्वसन दर, सीने में भीतरी खिचाव में या चेतना में कमी को बताया है।",0,[],[]
572,"डॉक्टर किसी व्यक्ति के स्वास्थ्य का निर्धारण करने के लिए अक्सर सीने का रेडियोग्राफ (X-ray) उपयोग करते हैं। हालांकि, इसका उपयोग सभी मामलों में नहीं किया जाता है, बल्कि इसका उपयोग उन मामलों में किया जाता है जहां संभावित जटिलताएं होती हैं, जो उपचार से बेहतर नहीं होते हैं या जिनमें कारण अनिश्चित होते हैं।",0,[],[]
573,बलगम और रक्त कल्चर दोनों और साथ ही लेग्यिनेला और स्ट्रेप्टोकॉकस के एंटीजन के लिये मूत्र का परीक्षण अनुशंसित किया जाता है।,0,[],[]
574,"अनुसंधान के अनुसार, यदि पूरी दुनिया में अच्छा उपचार उपलब्ध हो तो बचपन में होने वाली मौतों में से 6,00,000 को कम किया जा सकता था।",0,[],[]
576,न्यूमोकोकल न्यूमोनिया को हाथों की स्वच्छता और अपनी बांह पर खांसना प्रभावी रोकथाम उपाय हो सकता है।,0,[],[]
577,"हॉस्पिटल अक्वायर्ड निमोनिया के लिए सिफारिशों में तीसरी और चौथी पीढ़ी के सिफाल्सोपोरिन्स, कार्बापेनम, फ्लोरोक्विनालोन, एमीनोग्लाइकोसाइड और वैन्कोमिसिन शामिल हैं। इन एंटीबायोटिक्स को अमूमन अंतःशिरीय रूप से दिया जाता है और संयोजनो में इनका उपयोग किया जाता है।",0,[],[]
578,कॉर्टिकॉस्टरॉएड का उपयोग विवादित है।,0,[],[]
579,हिंदी में उत्तर: फेफ़ड़ों के रोगों से उबर रहे लोगों की मृत्यु प्रतिशत दर 10% तक उच्च हो सकती है और वे जिनको गहन देखभाल की जरूरत पड़ती है उनमें मृत्युदर 30–50% तक हो सकती है।,0,[],[]
580,"फेफड़े के फोड़े के लिए एक स्वीकार्य उपचार के लिए दीर्घ अवधि के एंटीबायोटिक पर्याप्त होते हैं, लेकिन कभी-कभार फोड़ों को शल्यचिकित्सक या रेडियोलॉजिस्ट द्वारा निकाला जाना जरूरी हो जाता है।",0,[],[]
581,"निमोनिया के कारण श्वसन विफलता संक्रमण और सूजन के संयोजन की प्रतिक्रिया का परिणाम होता है। फेफड़ों में तरल भर जाता है और वे सख्त हो जाते हैं, जिससे ऑक्सीजन निष्कर्षण में गंभीर कठिनाइयों के संयोजन के चलते उत्तरजीविता हेतु लंबी अवधि के लिये यांत्रिक श्वसन की आवश्यकता पड़ सकती है।",0,[],[]
582,निमोनिया है।,0,[],[]
583,एडविन क्लेब्स ने सबसे पहले स्ट्रेप्टोकॉकस निमोनिया का पता लगाया था।,0,[],[]
584,जीवाणुओं की पहचान करने में मदद करने वाली जाँच का आविष्कार क्रिस्चिएन ग्राम ने किया था।,0,[],[]
585,पेनिसिलिन एंटीबायोटिक दवा की श्रेणी में आता है।,0,[],[]
586,निमोनिया के इलाज पर प्रति वर्ष $17 बिलियन का खर्च होता है।,0,[],[]
587,मेरे पास आपके प्रश्न का उत्तर नहीं है।,0,[],[]
589,क्लब 1878 में स्थापित किया गया था।,0,[],[]
590,"निडारिया (Cnidaria) एक जीववैज्ञानिक संघ है जिसमें १०,००० से अधिक सदस्यों वाले प्राणी शामिल हैं, जो समुद्री और मीठे जलाश्यों में पाए जाते हैं। इनके शरीर का अधिकांश भाग मीसोग्लीया नामक अवलेह से बना होता है और इनके शरीरों में व्यासीय सममिति दिखती है।",0,[],[]
593,एक्सपी (XP) प्राप्त करने के बाद खिलाड़ी शिपमेंट का उपयोग कर सकता है।,0,[],[]
594,"XP का मतलब है अनुभव प्वाइंट्स। इन्हें खिलाड़ी अपने खेल के दौरान हासिल करता है जब वह इमारतें, प्रशिक्षण इकाइयों, दुश्मनों को मारते हैं और खज़ाने का संग्रह करता है। XP का उपयोग खिलाड़ी के होम सिटी से शिपमेंट भेजने के लिए किया जाता है।",0,[],[]
595,"एज ऑफ एंपाइयर्स III की इकाइयां, ऐतिहासिक काल की अवधि के सैन्य वर्गों के आसपास, गेम के पिछले पुनरावृत्तियों के अनुसार आधारित हैं, लेकिन एज ऑफ एंपाइयर्स II का उल्लेख नहीं है।",0,[],[]
596,तसिया वैलेन्जा अमेलिया ब्लैक का दूसरा नाम है।,0,[],[]
597,लीसी द पायरेट ने मॉर्गन पर हमला किया।,0,[],[]
598,"उत्तर: वार्विक और स्टुअर्ट के साथ जॉन और कन्याके ने ब्रंसविक से वॉरविक की ताकतों को वापस लाकर ड्राइव किया, लेकिन वार्विक और स्टुअर्ट चले गए।",0,[],[]
599,मेरे पास आपके प्रश्न का उत्तर नहीं है।,0,[],[]
601,"4 जनवरी, 2005 को खेल की घोषणा की गई थी।",0,[],[]
603,इन सभी देशों ने एकीकृत होकर राष्ट्र-राज्य का निर्माण किया है।,0,[],[]
604,"कोई भी व्यक्ति भाग ले सकता है, चाहे वह किसी सांस्कृतिक पृष्ठभूमि, धार्मिक सिद्धांत, राजनीतिक संबद्धता या जनसांख्यिकीय उम्र का हो। समान सहयोगी तंत्र विकिपीडिया सहित खुली स्रोत वाली परियोजनाओं के आसपास इंटरनेट के जरिये उभर रहे हैं और सामाजिक मीडिया का विकास हो रहा है।",0,[],[]
605,मेयर एस्क्वायर के लिए लिखते थे।,0,[],[]
606,"मेयर के EP ""इनसाइड वौंट्स आउट"" में आठ गाने हैं।",0,[],[]
607,"गुप्त ऊर्जा के दो प्रस्तावित रूप ब्रह्माण्ड संबंधी नियतांक और अदिश क्षेत्र हैं, जो अंतरिक्ष को समरूप से क्रमबद्ध करने वाली ऊर्जा घनत्व का स्थिरांक है और गतिशील राशियाँ हैं जिनका ऊर्जा घनत्व समय एवं स्थान में भिन्न हो सकता है।",0,[],[]
608,"WMAP अध्ययन के अनुसार, ब्रह्मांड में काले पदार्थ का कुल परिमाण लगभग 22% है।",0,[],[]
609,कुछ वैज्ञानिकों का मानना है कि सार तत्व का सबसे अच्छा साक्ष्य आइंस्टीन के समतुल्यता सिद्धांत के उल्लंघनों से एवं स्थान एवं समय में आधारभूत स्थिरांक की भिन्नता से आएगा.,0,[],[]
612,"Google Translator Toolkit का सबसे अधिक उपयोग अनुवादकों और संपादकों द्वारा किया जाता है, जो विभिन्न प्रकार के दस्तावेजों और सामग्रियों का अनुवाद करने के लिए इसका उपयोग करते हैं। इसका उपयोग एम एस वर्ड, ओपेन डॉक्युमेन्ट, रिच टेक्स्ट फॉर्मट के डॉक्युमेन्ट, एचटॉएमएल, टेक्ट तथा विकिपीडिया के लेख अनूदित किये जा सकते हैं।",0,[],[]
613,बांग्ला लिपि को ऐतिहासिक रूप से संस्कृत लिखने के लिए इस्तेमाल किया गया है।,0,[],[]
614,"यदि कोई व्यक्ति मानक उपचार द्वारा बेहतर नहीं होता है तो अतिरिक्त परीक्षण किये जा सकते हैं, जिसमें बैक्टीरिया की जांच के लिये परीक्षण किया जा सकता है।",0,[],[]
615,गंभीर कंठ-रोग के लक्षणों में स्वाभाविक रूप से घरघराहट की शिकायत होगी तथा साथ ही छाती की दीवार का भीतर की ओर आंकुचन होगा।,0,[],[]
616,"हिंदी में उत्तर: मध्यम कंठरोग के रूप में वर्गीकृत होने के लिए, कुल स्कोर 3 से 5 होना चाहिए, जिसमें स्वाभाविक रूप से घरघराहट की शिकायत होगी तथा साथ ही छाती की दीवार का भीतर की ओर आंकुचन होगा।",0,[],[]
617,"≥ 12 का अर्थ है, श्वसन विफलतासंभव है। भौंकने जैसी खांसी तथा घरघराहट इस चरण में नहीं भी हो सकती है।",0,[],[]
618,"ऑक्सीजन संतृप्ति (रक्त में ऑक्सीजन की मात्रा) से पीड़ित बच्चों को ऑक्सीजन दी जानी चाहिये और यदि ऑक्सीजन की आवश्यकता हो तो, ""ब्लो-बाई"" दिये जाने (बच्चे के चेहरे के पास ऑक्सीजन स्रोत रखना) की अनुशंसा की जाती है।",0,[],[]
621,"वायरस जनित कंठ-रोग की अपेक्षित अवधि दो दिनों के भीतर बेहतर हो जाते है, लेकिन सात दिनों तक बने रह सकते हैं।",0,[],[]
622,"कंठ-रोग की आयु सीमा 3 माह से 15 वर्ष के बीच होती है, लेकिन आमतौर पर 6 माह से 5-6 वर्ष के 15 प्रतिशत बच्चों को कंठ-रोग होगा।",0,[],[]
623,डिप्थीरिया संबंधी क्रुप (डिप्थीरिटिक क्रुप) को होमर के प्राचीन ग्रीसके समय से जाना जाता रहा है। 18वीं शताब्दी में लोकप्रिय हो गया था।,0,[],[]
624,"फ्रेंच वायरस क्रुप को ""अशुद्ध-क्रुप"" कहा जाता था।",0,[],[]
625,मनोविज्ञान विभाग की शुरुआत प्रायः वर्ष 1896 में पेंसिल्वैनिया विश्वविद्यालय में लाइटनर विट्मर (Lightner Witmer) द्वारा प्रथम मनोवैज्ञानिक चिकित्सालय की स्थापना के साथ माना जाता है।,0,[],[]
626,वर्ष 1927 तक प्रमाणन प्रदान किया गया था।,0,[],[]
628,"रोटरी इंजन में सामान्य रूप से प्रत्येक पंक्ति में सिलिण्डरों की संख्या विषम (३, ५, ७ आदि) रक्खी जाती थी।",0,[],[]
629,"हस्तरेखा शास्त्र या काइरमैन्सी की सांस्कृतिक विविधताएं दुनिया भर में देखी जाती हैं, लेकिन इसकी संख्या निर्धारित नहीं की जा सकती है।",0,[],[]
630,"लॉन बाउल्स में खेलने की स्ट्रिप्स को ""रिंक"" कहा जाता है।",0,[],[]
631,संजय लीला भंसाली ने बाजीराव मस्तानी का निर्देशन किया है।,0,[],[]
632,अमेरिका ने नेवाडा का विस्तार 1848 में मैक्सिकन-अमेरिकी युद्ध के बाद किया था।,0,[],[]
634,मेरे पास आपके प्रश्न का उत्तर नहीं है।,0,[],[]
635,वेंडी फ्रीटाउन के कारावास में है।,0,[],[]
636,"अंतरिक्ष यात्री मतलब वह व्यक्ति है जो पृथ्वी के वायुमंडल से ऊपर जाकर अंतरिक्ष में प्रवेश करे। वर्तमान काल में यह अधिकतर विश्व की कुछ सरकारों द्वारा चलाए जा रहे अंतरिक्ष शोध कार्यक्रमों के अंतर्गत अंतरिक्ष-यानों में सवार यात्रियों को कहा जाता है, हालाँकि हाल में कुछ निजी कम्पनियाँ भी अंतरिक्ष-यान में पर्यटकों को वायुमंडल से ऊपर ले जाने वाले यानों के विकास में जुटी हुई हैं।",0,[],[]
637,शनि एक गैस दानव है और सौरमंडल में होता है।,0,[],[]
638,"उत्तर: करीब 10% का फर्क है - क्रमशः 60,268 किमी बनाम 54,364 किमी।",0,[],[]
639,"शनि के कोर का व्यास लगभग 25,000 किमी माना जाता है।",0,[],[]
640,सौर वायु कणों को विक्षेपित किया जाता है।,0,[],[]
641,रिया पर एक स्वयं की कमजोर वलय प्रणाली हो सकती है।,0,[],[]
642,टाइटन का वायुमंडल मोटा होने की पुष्टि 1944 में हुई थी।,0,[],[]
643,अंतरिक्ष यान ने शनि के छल्लों का भी अध्ययन किया था।,0,[],[]
644,"वॉयजर 1 यान ने शनि प्रणाली के लिए फ्लाईबाई का आयोजन किया था, जिसमें ग्रह और उसके छल्ले व उपग्रहों की पहली उच्च-स्पष्टता की तस्वीरे प्रेषित की गई थीं।",0,[],[]
645,ऑर्बिटर ने रिलीज होने से पहले दो फ्लाईबाई किए।,0,[],[]
646,"शनि सबसे चमकीला तब दिखता है जब वह विमुखता पर है या इसके नजदीक है, और जब पृथ्वी के सापेक्ष उसके छल्लों के अनुकूल अभिविन्यास के कारण है।",0,[],[]
647,शनि के परिपथ के पूरा होने में लगभग 29½ साल लगते हैं।,0,[],[]
648,"इश्तार टेरा शुक्र ग्रह का एक क्षेत्र है, न कि कोई व्यक्ति है।",0,[],[]
650,रसायनशास्त्र में पीएचडी मिली।,0,[],[]
651,मेरे पास आपके प्रश्न का उत्तर नहीं है।,0,[],[]
652,भारत ने परमाणु नीति में पहले परमाणु हमले न करने का संकल्प लिया हुआ है।,0,[],[]
653,रॉबर्ट बर्न्स वुडवर्ड और डब्लु ई डोरिंग अमरीकी रसायनज्ञ थे।,0,[],[]
654,युद्धों के समय आवश्यकता के दबाव में इसके कृत्रिम उत्पादन के प्रयास भी किये गए थे।,0,[],[]
655,कुनैन के प्राकृतिक स्रोत सिन्कोना के पेड़ से मिल सकती है।,0,[],[]
656,अप्रैल से अप्रैल तक तेज उत्तर-पूर्वी हवाएँ बहना शुरू होती हैं।,0,[],[]
658,मेरे पास आपके प्रश्न का उत्तर नहीं है।,0,[],[]
659,"आइसलैण्ड में कच्ची सड़कें अभी भी बड़ी संख्या में मौजूद हैं, जिनमें अधिकतर ग्रामीण क्षेत्रों में कम उपयोग में लाई जाने वाली सड़कें हैं।",0,[],[]
661,"समय से पहले दफन करने के कारण निम्न में से किसी भी कारण से मौत हो सकती है: दम घुटना, निर्जलीकरण, भुखमरी, या (ठंडे मौसम में) हाइपोथर्मिया।",0,[],[]
662,सारा पॉलिन ने 2006 से 2009 तक अलास्का में गवर्नर के रूप में अपनी सेवा दी थी।,0,[],[]
665,पॉलिन सार्वजनिक विद्यालयों में यौन शिक्षा का समर्थन करती हैं जो गर्भनिरोध के साथ-साथ संयम को बढ़ावा देते हैं।,0,[],[]
666,मॉंटेवीडियो की स्थापना 18वीं सदी के शुरुआती दौर में सैन्य गढ़ के रूप में स्पेनियो ने की थी।,0,[],[]
667,उरुग्वे का समुद्र तट 660 किमी (410 मील) लंबा है।,0,[],[]
668,उरुग्वे को विश्व भ्रष्टाचार धारणा सूचकांक में 25वां सबसे कम भ्रष्ट देशों में स्थान दिया गया है।,0,[],[]
669,परिणामों का अध्ययन और संग्रह किया जाता है रक्त में कैटेकोलामीन और मेटानेफ्रिन की माप करके या 24 घंटे के मूत्र संग्रह के माध्यम से इस रोग की पहचान की जा सकती है।,0,[],[]
670,क्लोनिडीन मस्तिष्क में मौजूद कैटेकोलामीन की नकल करता है।,0,[],[]
671,"द गुड, द बैड एंड द अग्ली को सर्वश्रेष्ठ पश्चिमी फिल्म के रूप में मान्यता मिली है।",0,[],[]
672,उत्तर: १६ बिट रंग स्क्रीन में चित्रित किया गया था।,0,[],[]
673,फ्लोरिडा बस विरोध 1956-1957 में हुआ था।,0,[],[]
674,प्रिट्चेट को असफल अभियान के लिए दोषी ठहराया गया था।,0,[],[]
675,राजा को 12 अप्रैल 1963 को गिरफ्तार किया गया था।,0,[],[]
676,"संवैधानिक नहीं हो सकता है आदेश, जिसका उल्लंघन किया गया था और इसके समर्थकों को बड़े पैमाने पर गिरफ्तारी की तैयारी की गई थी।",0,[],[]
677,रेवरेंड ए.डी.,0,[],[]
677,किंग का घर था।,0,[],[]
678,मेरे पास आपके प्रश्न का उत्तर नहीं है।,0,[],[]
679,जिम क्लार्क सेल्मा के शेरिफ थे।,0,[],[]
680,जिमी ली जैक्सन की हत्या के कारण एमएलके के मार्च की चिंगारी भड़की थी।,0,[],[]
681,600 लोगों ने मार्च किया।,0,[],[]
682,अमेलिया बॉयनटन रॉबिन्सन नागरिक अधिकार गतिविधि के केन्द्र में थे जो उस समय आंसु गैस और पीटे जाने वालों में थे।,0,[],[]
683,हिंदी में उत्तर: दक्षिण में मतदाता पंजीकरण चार साल के भीतर दोगुना से अधिक हो गया था।,0,[],[]
684,मिसिसिपी में 1965 में सबसे अधिक अश्वेत मतदाता थे।,0,[],[]
685,"250,000 नए अश्वेत मतदाताओं को पंजीकृत किया गया था।",0,[],[]
687,"नोबेल शांति पुरस्कार प्राप्त करने के बाद, किंग का कैरियर उदारवादी गठबंधन से जुड़े नागरिक अधिकार अधिनियम और मतदान अधिकार अधिनियम के लिए युद्ध शुरू होने से भर गया था।",0,[],[]
688,लेसनर को पेशेवर फुटबॉल खेलना पसंद था।,0,[],[]
689,जेनिस ऐलेन वोस ने पांच बार अंतरिक्ष में उड़ान भरी थी।,0,[],[]
690,"यूसीएलए (University of California, Los Angeles)",0,[],[]
691,उत्तर: उत्तरी परिसर और दक्षिणी परिसर।,0,[],[]
693,1991 के बाज़ार-आधारित सुधारों के बाद भारत विश्व की सबसे तेज़ विकसित होती बड़ी अर्थ-व्यवस्थाओं में से एक हो गया है।,0,[],[]
694,भारत की न्यायपालिका में २४ उच्च न्यायालयों का उपयोग किया जाता है।,0,[],[]
695,"हिंदी में उत्तर: भारतीय समाज में लोक नृत्य और शास्त्रीय नृत्य दोनों शामिल हैं, लेकिन प्रश्न में कोई नृत्य का उल्लेख नहीं है, इसलिए मेरे पास आपके प्रश्न का उत्तर नहीं है।",0,[],[]
696,"मिलान में रोमन कैथोलिक धर्म सबसे अधिक प्रचलित है, लेकिन अन्य प्रचलित धर्मों में शामिल हैं: रूढ़िवादी चर्च, बौद्ध धर्म, यहूदी धर्म, इस्लाम, और प्रोटेस्टेंट धर्म.",0,[],[]
697,सैन सिरो के नाम से जाना जाता है।,0,[],[]
699,"""सज्जनों, यह कोई पाखंड नहीं है।""",0,[],[]
700,महारानी विक्टोरिया को क्लोरोफॉर्म दिया था।,0,[],[]
701,बुजुर्ग महिलाएं विशेष रूप से पैरों और पेल्विस की हड्डियों के फ्रैक्चर से प्रभावित होती हैं।,0,[],[]
703,मिटिओरा की एकल रचनाओं के एल्बम ने रेडियो पर उल्लेखनीय रूप से ध्यानाकर्षित किया और लगभग तीस लाख प्रतियां बिक गईं।,0,[],[]
707,बैंड ने एल्बम के निर्माण में चौदह महीने व्यतीत किए।,0,[],[]
708,लिंकिन पार्क के 2007 एल्बम का निर्माण रिक रूबिन ने किया था।,0,[],[]
709,"सेवाएँ एक संचार समझौते का पालन करती हैं, जैसा कि सामूहिक रूप से एक या अधिक सेवा-विवरण दस्तावेजों के द्वारा परिभाषित किया गया है।",0,[],[]
710,मेरे पास आपके प्रश्न का उत्तर नहीं है।,0,[],[]
711,युवा लड़कियों ने अपने लंबे बालों को स्विंग करके और संगीत के मजबूत धड़कन के समय में अपने शरीर को घुमाने के द्वारा नृत्य किया।,0,[],[]
712,"हिंदी में उत्तर: वीवा, आसमां, श्वेता शेट्टी, जैस्मीन और स्टाइल भाई आदि इंडी-पॉप कलाकार हैं।",0,[],[]
713,लकड़ी में सेलुलोज की मात्रा करीब 50 प्रतिशत होती है।,0,[],[]
714,"बायोपॉलिमर कई बार विशिष्ट आकारों में दोहरे हो जाते हैं, जिससे उनके जैविक कार्यकलाप निर्धारित होते हैं।",0,[],[]
715,अमीनो एसिड अवशेष हमेशा पेप्टाइड बांडों से जुड़े होते हैं।,0,[],[]
716,मेरे पास आपके प्रश्न का उत्तर नहीं है।,0,[],[]
717,आप्टिकल ट्वीजर और परमाणु बल माइक्रोस्कोपी से बायोपॉलिमर के यांत्रिक गुणों को मापा जा सकता है।,0,[],[]
718,राज टीना के प्रति आकर्षित रहता है।,0,[],[]
719,भारत में लौट आता है।,0,[],[]
721,परिवार नौकरी के लिए इंग्लैंड जाने के लिए जगह छोड़कर गया था।,0,[],[]
722,पूजा और राज को एक दूसरे के लिए अपने प्यार की खोज करने और शादी करने का फैसला मिला।,0,[],[]
725,शरद सक्सेना है विक्रम सिन्हा का दूसरा नाम।,0,[],[]
726,कॉपरमाइन नदी प्वाइंट झील से निकलती है।,0,[],[]
727,"हूलोक्स में लिंग भेद किया जाता है नर और मादाओं की रंगत के आधार पर। नर काले होते हैं और इनकी आँखों की भौं अलग-सी श्वेत दिखती हैं, जबकि मादाएँ भूरा-खाकी रंग रखती हैं जो गर्दन व छाती पर गाढ़ा और काला-सा होता है।",0,[],[]
728,जन्म के समय होल्स का रंग श्वेत या भूरा होता है।,0,[],[]
729,औसत जीवनकाल लगभग २५ वर्ष है।,0,[],[]
730,जन्म लेनें के ६ मास के बाद नरों का रंग काला होने लगता है लेकिन मादाओं का रंग भूरा ही रहता है।,0,[],[]
731,उत्तर: ८ से ९ वर्षों में वे पूरी तरह बड़े हो जाते हैं।,0,[],[]
734,"कांग कांग बंधक बन चुके एशर के जरीए फायदा उठाकर अमेरिकी आधिकारिक घोषणा कर सभी सातवें जहाजी बेड़ों और अमेरिकी फौज को कोरियाई प्रायद्वीप से खाली करने को कहता है, ताकि विपक्षी अमेरिका के हटते ही उत्तर कोरिया सीमा तोड़कर दक्षिण कोरिया पर हमला कर सकें।",0,[],[]
735,मेरे पास आपके प्रश्न का उत्तर नहीं है।,0,[],[]
736,कांग सेर्बेरस कोड को प्रकट करवाने का प्रयास कर रहा है।,0,[],[]
739,"मर्सिडीज-बेंज यात्री, हल्के वाणिज्यिक और भारी वाणिज्यिक उपकरण की एक पूरी श्रृंखला उपलब्ध कराता है, लेकिन स्थान के बारे में कोई जानकारी नहीं दी गई है। मेरे पास आपके प्रश्न का उत्तर नहीं है।",0,[],[]
740,"2002 में इरना से ""दी स्कोर्पियन किंग"" के लिए गीत लिखने और प्रदर्शन करने को कहा गया था।",0,[],[]
741,फेसलेस एल्बम की दस लाख से अधिक प्रतियाँ अमेरिका में बिक गईं।,0,[],[]
743,500 डॉलर प्रत्येक के लिए दुकान का मालिक एंथनी को ऑफर करता है।,0,[],[]
744,फिल्म क्रैश ने घरेलू रूप से 53.4 मिलियन डॉलर की कमाई की।,0,[],[]
745,उज्बेकिस्तान ने 1992 में यूनिफाइड टीम का हिस्सा लिया था।,0,[],[]
746,"ब्रिटिश राजशाही का आधिकारिक निवास, बकिंघम पैलेस में ब्रिटिश राजा और रानी रहते हैं।",0,[],[]
748,"महल के कैसा होने की बात कही गई कि इसकी चिमनी से इतना धुंआ निकलता था कि आग को बुझा देना पड़ता था और प्रांगण में बर्फ़ की फ़ुहारें आती थीं। वेंटिलेशन इतना बुरा था कि इंटीरियर से बदबू आती थी और जब गैस लैंप लगाने का फ़ैसला किया गया, तो नीचे के फ़्लोरों पर गैस तैयार करने की गंभीर चिंता उत्पन्न हो गयी।",0,[],[]
749,विंडसर कासल में ही आयोजित किये जाते थे।,0,[],[]
750,राजकीय कक्षों का केंद्र म्यूजिक रूम है।,0,[],[]
751,चीनी लंच रूम की एक प्रमुख विशेषता डब्ल्यू.एम.,0,[],[]
751,फ़ीथम द्वारा डिजाइन की गयी एक चिमनी है।,0,[],[]
752,मेरे पास आपके प्रश्न का उत्तर नहीं है।,0,[],[]
753,"दिल्ली दरबार के महल का माप 120 फीट लंबा, 59 फीट चौड़ा और 44 फीट ऊंचा है।",0,[],[]
755,म्युजिशियंस गैलरी में एक मिलिट्री बैंड बजाया जाता है।,0,[],[]
756,मखमल के मंडप का निर्माण किया जाता है।,0,[],[]
757,राजकीय भोज किसी राज्य के प्रमुख की राजकीय यात्रा की पहली शाम को आयोजित किये जाते हैं।,0,[],[]
758,स्पेस और लाइट का मनमोहक दृश्य दिखाई पड़ता है।,0,[],[]
760,म्यूजिक रूम में हुआ है।,0,[],[]
761,महारानी के पहले तीन बच्चों का नामकरण संगीत कक्ष में हुआ था।,0,[],[]
762,"छोटे समारोह अधिक संख्या में ""1844 रूम"" में होते हैं, जहाँ महारानी छोटी-छोटी लंच पार्टियों और अक्सर प्राइवी काउंसिल के सम्मेलनों में हिस्सा लेती हैं।",0,[],[]
763,रानी एलेक्जेंड्रा है।,0,[],[]
764,"द्वितीय विश्व युद्ध के दौरान ब्रिटेन के सभी सिनेमाघरों में शाही महल में बमबारी का प्रदर्शन किया गया क्योंकि यह एक सामान्य मुश्किल का उदाहरण पेश करने के लिए किया गया था, जिससे कि लोगों को एक साथ मुश्किल का सामना करना पड़ा था।",0,[],[]
765,पूर्ण रूप से प्रतिबंध था युद्ध कालीन कवरेज का।,0,[],[]
766,एडिनबर्ग में बैंकिंग 1695 में बैंक ऑफ़ स्काॅटलैंड की स्थापना से एक मुख्याधार रही है।,0,[],[]
768,लेक्स लूथर आर्खम असायलम से भाग निकलता है।,0,[],[]
771,राष्ट्रपति निभाता है।,0,[],[]
772,उत्तर: १७८४ में परिषद के सदस्यों की संख्या ३ सदस्यों तक सीमित कर दी गई थी।,0,[],[]
773,१७८६ में गवर्नर-जनरल की शक्ति में भारी वृद्धि हुई।,0,[],[]
774,1773 में रेगुलेटिंग एक्ट हस्ताक्षर किए गए थे।,0,[],[]
775,"भारतीय विधान में सरकारी विधानों पर काम करने वाला समूह राज्य परिषद और विधान सभा है। राज्य परिषद में गवर्नर-जनरल के अतिरिक्त छह से बारह सदस्य होते हैं, जिनमें से पांच सदस्य भारत के राज्य सचिव द्वारा नियुक्त होते हैं, जबकि दो सदस्य मुख्य शासक द्वारा नियुक्त होते हैं। विधान सभा में सदस्य चुने जाते हैं, लेकिन इसका चुनाव, गवर्नर-जनरल की सहमति से ही होता है।",0,[],[]
776,वाइसराय ने राज्य परिषद के संयोजन में कई बदलाव किये। तीन सदस्य भारत के राज्य सचिव द्वारा नियुक्त होना तय हुआ और दो सदस्य मुख्य शासक द्वारा नियुक्त किये गये। गवर्नर-जनरल को अतिरिक्त छः से बारह सदस्य नियुक्त किये गये।,0,[],[]
777,मेरे पास आपके प्रश्न का उत्तर नहीं है।,0,[],[]
778,वाइसरीगल लॉज (राष्ट्रपति निवास) में गर्मियों में गवर्नर-जनरल रहते थे।,0,[],[]
779,ब्लैक रम्प्ड फ्लेमबैक की लम्बाई की सीमा 26-29 सेंमी है।,0,[],[]
780,उत्तर: 1000 मीटर तक की कम ऊंचाई पर मिलती है।,0,[],[]
781,ऐमलथीया का रंग काफ़ी लाल है।,0,[],[]
782,"बाढ़ में डूबे हुए जानवरों की अनुमानित संख्या लगभग ३०,००० है।",0,[],[]
783,"बाढ़ के कारण ३०,००० लोगों को निकाला गया था।",0,[],[]
784,मीनार के निचले भाग में एनस्तन चूना आवरण से रंगी रेत के साथ ईंट-चिनाई का उपयोग हुआ है।,0,[],[]
786,एडमंड बेक्केट डेनिसन का नाम वकीलों में से एक है।,0,[],[]
789,"वेस्टमिंस्टर क्वार्टर में G, F, E और B तिमाही घंटिया बजती हैं।",0,[],[]
790,"चार तिमाही घंटिया G, F, E और B हैं, जो कुल चार हैं।",0,[],[]
791,"बेला एक संकोची लड़की है, जो एक नए स्कूल में आती है और जल्द ही उसके बहुत से दोस्त बन जाते हैं।",0,[],[]
792,बेला समय के साथ एड्वर्ड के प्यार में पड़ जाती है।,0,[],[]
793,सिकंदर बाग़ अब भारतीय राष्ट्रीय वनस्पति अनुसंधान संस्थान का कार्यालय है।,0,[],[]
794,"1857 के भारतीय विद्रोह के दौरान लखनऊ की घेराबंदी के समय, ब्रिटिश और औपनिवेशिक सैनिकों से घिरे सैकड़ों भारतीय सिपाहियों ने इस बाग़ में शरण ली थी। 16 नवंबर 1857 को ब्रिटिश फौजों ने बाग़ पर चढ़ाई कर लगभग 2000 सिपाहियों को मार डाला था। लड़ाई के दौरान मरे ब्रिटिश सैनिकों तो एक गहरे गड्ढे में दफना दिया गया लेकिन मृत भारतीय सिपाहियों के शवों को यूँ ही सड़ने के लिए छोड़ दिया गया था।",0,[],[]
795,मेरे पास आपके प्रश्न का उत्तर नहीं है।,0,[],[]
796,उत्तर: उत्तरी चीन में बहुत भयंकर झगड़े जारी रहे।,0,[],[]
797,विंडहोक में हीरीरो भाषी अल्पसंख्यक रहते हैं।,0,[],[]
798,हीरीरो भाषा से मिलती जुलती है।,0,[],[]
801,भगवान विष्णु का प्रतिनिधित्व दस अवतारों द्वारा किया जाता है।,0,[],[]
802,चेक गणराज्य और स्लोवाकिया ने 1994 में ओलंपिक में स्वतंत्र टीमों को भेजा।,0,[],[]
803,1980 के बाद पहली बार इटली ओलंपिक में स्वर्ण पदक नहीं जीता था।,0,[],[]
804,"लाओस की राजधानी व्येन्त्यान है, जो नोंग खाइ प्रान्त से केवल २५ किमी दूर है।",0,[],[]
805,"रोजमैरी, नी पोडरास्की",0,[],[]
806,रॉबर्ट्स ने फुटबॉल टीम के कप्तान थे।,0,[],[]
807,चूहा सबसे पहले आता है।,0,[],[]
808,अनुष्का शंकर ने अपने वयस्क जीवन के दौरान लंदन और दिल्ली के बीच विभाजित किया गया था।,0,[],[]
809,"बेयरामोव के ""गोज़ेल"" में 53 पोर्ट्रेट हैं और चार फूलों के चित्र शामिल हैं।",0,[],[]
812,"बायरामोव की स्वदेश-भक्तिपूर्ण पेंटिंग का नाम ""सीमावर्ती सहायता"" है।",0,[],[]
813,तुर्कमेन कालीन निर्माताओं को 1971 में चित्रित किया गया था।,0,[],[]
814,चार दशकों की अवधि में सांस्कृतिक हस्तियां के निर्माण में 150 से अधिक अलग-अलग चित्रों की मेहनत शामिल है।,0,[],[]
815,बायरामोव ने सांस्कृतिक हस्तियां श्रृंखला की शुरुआत की।,0,[],[]
816,वर्ष 1984 में बायरामोव को विजेता डिप्लोमा से सम्मानित किया गया था।,0,[],[]
818,सुहरोब कुर्बानोव और ताहिर सलहोव।,0,[],[]
819,चीन में 6वी जनसंख्या गणना 1 नवंबर 2010 को आयोजित की गई थी।,0,[],[]
820,"चीन की जनसंख्या वृद्धि दर केवल 0.59% है, जो दुनिया में 159 वें स्थान पर है।",0,[],[]
821,संवैधानिक अर्थशास्त्र के दायरे के भीतर आता है।,0,[],[]
822,जेम्स एम.,0,[],[]
823,"बैंक का काम सॉफ्टवेयर की मदद से कम किया गया है लेनदेन की रिकॉर्डिंग, पासबुक रखरखाव, ब्याज की तरह बैंकिंग के मुख्य कार्यों ऋण और जमा ग्राहक रिकॉर्ड, भुगतान और वापसी के संतुलन पर गणना करने के लिए। सॉफ्टवेयर ने बैंक की विभिन्न शाखाओं में स्थापित किया है और उसके बाद कंप्यूटर के माध्यम से परस्पर है टेलीफोन, उपग्रह और इंटरनेट पर आधारित नेटवर्क।",0,[],[]
824,मुक्केबाजी (छह पदक) के साथ सबसे सफल खेल है।,0,[],[]
825,"राज के दोस्त रोहित को ""मजाक"" कहकर बुलाते थे।",0,[],[]
826,मेरे पास आपके प्रश्न का उत्तर नहीं है।,0,[],[]
827,1932 में पाल्मा शहर का महल संग्रहालय बना था।,0,[],[]
828,संसद भंग होने पर भारतीय संविधान की आवश्यकता होती है लोक सभा के चुनाव की।,0,[],[]
829,२००९ में प्रारंभिक चुनाव हुआ था।,0,[],[]
830,गर्मी प्रवाह सेन्सर का उपयोग इमारतों के थर्मल इन्सुलेशन की गुणवत्ता का अध्ययन करने और गर्मी हस्तान्तरण का अध्ययन करने के लिए किया जाता है।,0,[],[]
832,मेरे पास आपके प्रश्न का उत्तर नहीं है।,0,[],[]
837,"डैविल के बारे में जानकारी में कोई जानकारी नहीं है कि यह कहाँ शौच करता है। लेकिन, डैविल की विशेषता इसका नाटा, गठीला और मज़बूत शारीरिक गठन है, जिसका मतलब है कि यह किसी भी स्थान पर शौच कर सकता है, लेकिन इसके बारे में कोई विशेष जानकारी नहीं है।",0,[],[]
838,मेरे पास आपके प्रश्न का उत्तर नहीं है।,0,[],[]
839,मछलियों का आकार लगभग १० सेंटीमीटर होता है।,0,[],[]
840,रग्बी विश्व कप का उल्लेख किया गया है।,0,[],[]
841,उत्तर: 15 अगस्त 2008 तक।,0,[],[]
842,मेरे पास आपके प्रश्न का उत्तर नहीं है।,0,[],[]
846,रन इन द लाइट (Run in the Light),0,[],[]
847,नवंबर 2010 में ब्राइट लाइट्स एल्बम को फिर से रिलीज़ किया गया था।,0,[],[]
848,"""आपका सॉन्ग"" का कवर किया गया था।",0,[],[]
849,"हिंदी में उत्तर: एल्बम ""लाइट्स"" का सबसे ऊपर एकल ""द राइटर"" था, जो नंबर एक पर पहुंच गया था।",0,[],[]
850,हेल्सीन।,0,[],[]
851,"नए एल्बम का लीड सिंगल ""कुछ भी हो सकता है"" था।",0,[],[]
852,15 फरवरी की आधिकारिक रिलीज की तारीख से पहले 22 जनवरी को यूट्यूब पर वीडियो को जारी किया गया था।,0,[],[]
853,करीम झाँसी को मुंशी की उपाधि दी गई थी।,0,[],[]
854,अंग्रेज़ी Sweating Sickness का दूसरा नाम लातिन : sudor anglicus है।,0,[],[]
855,हेनरी सातवें का शासनकाल 1485 में इंग्लैंड में देखा गया था।,0,[],[]
857,फ्रांस में 1718 और 1861 के बीच में पिकार्डी पसीना के रूप में जाना जाता था।,0,[],[]
858,मार्गा फॉलस्टिच एक जर्मन काँच रसायनज्ञ थीं।,0,[],[]
860,मार्गा फॉलस्टिच ने अपनी माध्यमिक विद्यालय की पढ़ाई जेना में की थी।,0,[],[]
861,जेना सोवियत व्यवसाय क्षेत्र से संबंधित थी।,0,[],[]
862,लैंडशॉट में एक नई शोध प्रयोगशाला का निर्माण १९४९ में किया गया था।,0,[],[]
865,मार्गा फ़ाउलस्टिच को १९७३ में सम्मानित किया गया था।,0,[],[]
866,"फुटबॉल लीग से दूर जाने पर विचार किया गया था शीर्ष इंग्लिश क्लबों ने। हालांकि, उन्होंने अंत में ठहरने पर राज़ी हो गए।",0,[],[]
868,दास व्यापार।,0,[],[]
870,थ्रोनी आईलैंड के नाम से मशहूर था।,0,[],[]
871,वेस्टमिंस्टर को पहले थ्रोनी आईलैंड कहा जाता था।,0,[],[]
872,कॉलिज ग्रीन हाउस ऑफ लॉर्ड्स के दूसरी तरफ के क्षेत्र का नाम है।,0,[],[]
873,"पैलेस ऑफ वेस्टमिंस्टर में समितियों के कमरे और कार्यालय शीर्ष दो मंजिलों पर स्थित हैं, जिनका इस्तेमाल कार्यालय और समिति कक्ष के रूप में किया जाता है।",0,[],[]
874,वेस्टमिंस्टर पैलेस में चार तल हैं。,0,[],[]
875,क्रॉसबैंचर्स ऊन की थैलियों विपरीत सदन के बीच में बेंच पर बैठते हैं।,0,[],[]
876,"सरकार का प्रत्येक सदस्य लार्ड्स का चैम्बर में भाग लेता है, जहां संसद का राजकीय उद्घाटन होता है।",0,[],[]
878,चैंबर में 427 सदस्य बैठ सकते हैं।,0,[],[]
879,"19वीं शताब्दी से पहले घर का उद्देश्य न्यायिक प्रयोजनों के लिए इस्तेमाल होता था, जिसमें राजा की बेंच का न्यायालय, आम दलीलों का न्यायालय और दूतावास का न्यायालय शामिल थे।",0,[],[]
881,राज्य के अंतिम संस्कार वेस्टमिन्स्टर हॉल में होते हैं।,0,[],[]
882,चर्चिल ने हॉल का अंतिम बार उपयोग 1965 में किया था।,0,[],[]
883,1999 में सुधार किए गए थे।,0,[],[]
884,हिंदी में उत्तर: दो सदन हैं - हाउस ऑफ कॉमंस और हाउस ऑफ लॉर्ड्स।,0,[],[]
886,एलिसा की भूमिका सारा कासिडी की १७ साल की बेटी है।,0,[],[]
888,इलेक्ट्रॉनिक आर्ट्स ने सितम्बर 2007 में डेड स्पेस की घोषणा की।,0,[],[]
889,मेरे पास आपके प्रश्न का उत्तर नहीं है।,0,[],[]
890,मटोच्किन जलडमरूमध्य की लंबाई लगभग 100 किलोमीटर (62 मील) है।,0,[],[]
891,मेरे पास आपके प्रश्न का उत्तर नहीं है।,0,[],[]
892,मार्टी के साथ जबरदस्ती करने की कोशिश करता है।,0,[],[]
893,यह प्रश्न का उत्तर नहीं है।,0,[],[]
894,"बैक टू द फ्यूचर प्रीमियर 3 जुलाई 1985 को उत्तर अमेरिका के 1,200 सिनेमाघरों में प्रदर्शित हुई थी।",0,[],[]
895,उत्तरी अमेरिका में बैक टू द फ्यूचर ने कुल 210.61 मिलियन डॉलर की कमाई की।,0,[],[]
896,मारुति उद्योग लिमिटेड की स्थापना फरवरी १९८१ में हुई थी।,0,[],[]
897,"स्केलेटन को 1928 में सेंट मोरिट्स में शीतकालीन ओलंपिक में लाया गया था और फिर 1948 के शीतकालीन ओलंपिक में लड़े थे। इसके बाद इसे ओलंपिक खेल के रूप में बंद कर दिया गया था, लेकिन 2002 के शीतकालीन ओलंपिक में स्केलेटन को फिर से शुरू किया गया था।",0,[],[]
898,मेरे पास आपके प्रश्न का उत्तर नहीं है।,0,[],[]
899,"एयरलाइन के चार प्रमुख शेयरधारक हैं, जिनमें से लियोनेल गुरेन भी एक हैं, और यह निजी निवेशकों (80.5%) और ब्रिट एयर (19.5%) के स्वामित्व में है।",0,[],[]
900,"डॉक्सिंग इफेक्ट कई कारणों से हो सकता है, जिसमें कानून प्रवर्तन, व्यापारिक आकलन, जोखिम विश्लेषण, ज़बरदस्ती वसूली, अवपीड़न, ऑनलाइन शर्मिंदा करना और स्वत: नियुक्त सतर्कता से प्रेरित न्याय भी शामिल है।",0,[],[]
901,"1771 में ""सैंड्रिंघम हॉल"" नामक एक मकान बनवाया गया था।",0,[],[]
902,पोलैंड की सीमा पर बाल्टिक सागर है।,0,[],[]
903,"उत्तर: उत्तर में तटीय क्षेत्रों के रूप में, मध्य पोलैंड में झीलों और नदियों के साथ आर्द्रभूमि कानूनी रूप से संरक्षित हैं।",0,[],[]
904,"पोलैंड में 120 से अधिक क्षेत्र लैंडस्केप पार्क के रूप में नामित हैं, जिसमें कई प्रकृति भंडार और अन्य संरक्षित क्षेत्रों के साथ आर्द्रभूमि कानूनी रूप से संरक्षित हैं।",0,[],[]
907,छवि विभेदन का मापन विभिन्न तरीकों से किया जा सकता है।,0,[],[]
908,3.1 मेगापिक्सेल हैं。,0,[],[]
910,लाल मस्जिद का निर्माण १९६५ में किया गया था।,0,[],[]
911,मेरे पास आपके प्रश्न का उत्तर नहीं है।,0,[],[]
912,मोरिसन की अप्रकाशित कविता कुरसन परिवार के अधिकार में है।,0,[],[]
916,मेल्टिंग व डीगमिंग प्रक्रिया के बाद तेल को फ़िल्टर और प्रक्षालित किया जाता है।,0,[],[]
917,मीनाक्षी शेषाद्रि को 1981 में मिस इंडिया का खिताब प्राप्त हुआ था।,0,[],[]
919,जैकी (जैकी श्रॉफ) से चेतावनी मिली है।,0,[],[]
920,मेरे पास आपके प्रश्न का उत्तर नहीं है।,0,[],[]
921,फिल्म का निर्देशन लुइस लेटरियर ने किया था।,0,[],[]
922,स्टर्न पर आक्रमण करता है।,0,[],[]
923,फ़ातिमा बेगम की नागरिकता भारतीय थी।,0,[],[]
924,बुलबुल-ए-पेरिसतान,0,[],[]
925,"बर्कहॉल एस्टेट ५३,००० एकर में फैला है।",0,[],[]
926,एक सितारे वाले सिक्के समाजवादी देशों से आने वाले लोगों के लिए थे।,0,[],[]
927,गरान एलड 9 मीटर लंबी है।,0,[],[]
928,मेरे पास आपके प्रश्न का उत्तर नहीं है।,0,[],[]
929,मेरे पास आपके प्रश्न का उत्तर नहीं है।,0,[],[]
930,मोरक्को ने 1968 के बाद से छह अवसरों पर शीतकालीन ओलंपिक खेलों में भाग लिया है।,0,[],[]
931,नाहिद हत्तर का धर्म ईसाई था।,0,[],[]
932,हत्तर को 25 सितम्बर 2016 को मारा गया था।,0,[],[]
935,"एक कड़ा एजेंट से संबंधित है स्कॉटलैंड के ध्येय ""In Defens God me Defend"" का एक छोटा भाग ""In Defens"" प्रदर्शित है तथा थिसल के क्रम का ध्येयवाक्य ""Nemo me impune lacessit"" (लैटिन:""कोई भी मुझे उकसा कर आत्महानि से मुक्त नहीं रह सकता"")।",0,[],[]
936,"एक विशाल तारे का नक्षत्रीय वर्गीकरण K4 III है, जिसका अर्थ है कि यह नारंगी दानव तारा है।",0,[],[]
937,3 जून प्लान या माउण्टबैटन योजना का नाम दिया गया है।,0,[],[]
938,हिंदू धर्म।,0,[],[]
940,थाॅमस अब्राहम लिंकन के पिता को सजा दी गई थी।,0,[],[]
941,लिंकन का अपहरण करता है।,0,[],[]
943,संघ के सैनिक ने पिशाचों का विनाश किया।,0,[],[]
944,मेरे पास आपके प्रश्न का उत्तर नहीं है।,0,[],[]
945,वर्तमान के आधुनिक युग में चर्चा की जा रही है।,0,[],[]
946,फिल्मांकन का काम मार्च २०११ को लुइज़ियाना से शुरू किया गया था।,0,[],[]
949,इथियोपिया को १९४२ से १९९१ तक १३ प्रान्तों में विभाजित किया गया था।,0,[],[]
950,नुप्त्से हिमालय के महालंगूर हिमाल नामक खण्ड के खुम्बु क्षेत्र में स्थित है और एवरेस्ट पर्वत से २ किमी पश्चिम-दक्षिणपश्चिम में स्थित है।,0,[],[]
951,सिलिका धूल का मज़दूरों पर बुरा असर पड़ा क्योंकि उन्हें सिलिका खनन के दौरान सुरक्षा उपकरण जैसे कि नकाब (मास्क) या श्वसन यंत्र नहीं प्रदान किए गये।,0,[],[]
952,इंजन सैन्य एवं नागरिक उड्डयन और अंतरिक्ष अन्वेषण कार्यक्रमों के लिए बनाए जाते हैं।,0,[],[]
953,यह इकाई टाइटेनियम का उत्पादन करती है।,0,[],[]
954,मेरे पास आपके प्रश्न का उत्तर नहीं है।,0,[],[]
955,नैन्सी सुलिवन के साथ रहते थे।,0,[],[]
956,बेनोइट के घर में पाया गया था।,0,[],[]
957,डिर्क सेगर एक जर्मन पत्रकार थे।,0,[],[]
958,EVE का संक्षिप्त नाम एक्सट्राटेरेस्ट्रियल वेजीटेशन इवैल्यूटर है।,0,[],[]
959,ऐप्पल मैकिंटोज के लिए टेक्स टू स्पीच प्रोग्राम मैकइनटॉक और खासतौर पर राफ्ल की आवाज का उपयोग एक्सियॉम के ऑटो की आवाज (ऑटोपायलट के लिए) के रूप में किया गया है।,0,[],[]
961,एलिज़ाबेथ की बहन राजकुमारी मार्गरेट है।,0,[],[]
962,द लिटिल प्रिन्सेज़ेज़ (The Little Princesses),0,[],[]
964,१८ मई को पहला शाही अटलांटिक-पार दूरभाष वार्ता की गई थी।,0,[],[]
965,मेरे पास आपके प्रश्न का उत्तर नहीं है।,0,[],[]
966,२० से ज्यादा देशों को ब्रिटेन से स्वतंत्रता मिली।,0,[],[]
967,1960 और 1970 के दौरान ब्रिटिश उपनिवेश से स्वतंत्रता पाने वाले अफ्रीकी व कैरेबियाई देशों की संख्या में तेजी से इज़ाफा हुआ। २० से ज्यादा देशों को ब्रिटेन से स्वतंत्रता मिली।,0,[],[]
968,उत्तर: मेरे पास आपके प्रश्न का उत्तर नहीं है। (I don't have an answer to your question.),0,[],[]
969,१९८१ में ट्रूपिंग द कलर समारोह के दौरान महारानी पर पास से ६ नकली गोलियाँ चलाई गईं थीं।,0,[],[]
970,महारानी ने उत्तरी आयरलैंड में शांति बहाली के ब्लेयर के प्रयासों की प्रशंसा की गई।,0,[],[]
971,हिंदी में उत्तर: एलिज़ाबेथ ने राष्ट्रकुल में तमाम उपाधियाँ व सम्मानजनक सैन्य स्थान अर्जित किये हैं। उन्हें देश-विदेश से विभिन्न प्रकार के नामकरण अलंकारों व सम्मानजनक उपाधियों से नवाज़ा गया है। अपनी हर रियासत में उनकी एक अलग उपाधि है जिनकी शैली एक ही है। इसके अलावा उन्हें आस्था का रखवाला और लंकास्टर के ड्यूक की उपाधि भी मिली हुई है।,0,[],[]
972,स्लोवाकिया ने पहली बार 1994 में ओलिंपिक खेलों में भाग लिया था।,0,[],[]
973,मेरे पास आपके प्रश्न का उत्तर नहीं है।,0,[],[]
974,मेरे पास आपके प्रश्न का उत्तर नहीं है।,0,[],[]
975,मेरे पास आपके प्रश्न का उत्तर नहीं है।,0,[],[]
976,"माइकल के साथ मेल है और जैसे-जैसे सीरिज़ की प्रगति होती है, उसकी पृष्ठभूमि और भी खुलती जाती है।",0,[],[]
977,प्रिज़न ब्रेक में पॉल शिउरिंग की रुचि थी।,0,[],[]
978,कनाडा में प्रिज़न ब्रेक के द्वितीय सीज़न के लिए फिल्मांकन किया गया था।,0,[],[]
979,ऑस्ट्रेलिया टेलीविजन नेटवर्क सेवेन ने प्रिज़न ब्रेक का प्रीमियर किया था।,0,[],[]
980,"रीजन 2 ने 2008 में प्रिज़न ब्रेक सीज़न-2 को जारी किया था, जिसमें तीनो सीज़नों को सम्मिलित कर एक डीवीडी सेट के रूप में प्रचारित किया गया था।",0,[],[]
981,लिबरल फोरम आस्ट्रिया में है।,0,[],[]
982,"माउंट ताबवेमासना समुद्र स्तर से 6,165 फीट ऊपर है।",0,[],[]
983,प्रांतीय परिषदों (प्रोविंसियल काउंसिल) के रूप में जाना जाता है।,0,[],[]
984,देश में पेट्रोलियम भण्डार की कमी है।,0,[],[]
985,"फिल्म का हिंदी नाम ""हम दिल दे चुके सनम"" है।",0,[],[]
986,समीर का पात्र निभाने के लिए चुने गए अभिनेता का नाम सलमान खान है।,0,[],[]
989,"जब परजीवी जनित कारक अक्सर माना जाता है जहां पर सीएसएफ में स्नोफिल्स (एक प्रकार की श्वेत रक्त कणिकाएं) की बहुतायत होती है, तो स्नोफिल्स की अधिक मात्रा मौजूद होती है।",0,[],[]
991,"ड्यूरा मेटर, एक मोटी टिकाऊ झिल्ली होती है जो अर्कनॉएड झिल्ली और खोपड़ी दोनो से जुड़ी होती है।",0,[],[]
992,"वायरल मेनिंजाइटिस का कारण आम तौर पर एंटेरोवायरस होता है, जो मल संदूषण द्वारा फैलता है।",0,[],[]
993,मेरे पास आपके प्रश्न का उत्तर नहीं है।,0,[],[]
994,मस्तिष्क ज्वर से जीवित बचने वाले लोगों में बाद में असमर्थताएं लगभग 15% लोगों में होती हैं।,0,[],[]
995,हेमोफाइलस टीके के कारण मैनिंजाइटिस के मामलों में काफी कमी आई है।,0,[],[]
996,दिलबहार और नवबहार सुल्तान की पत्नियों के नाम हैं।,0,[],[]
997,आदिल की रिहाई हुई थी।,0,[],[]
998,राहुल के पास कोई नौकरी नहीं थी। वह अपने पिता गौतम बुद्ध के संन्यासी हो जाने के बाद अपने माता-पिता के साथ रहते थे और अपने पालन-पोषण का ध्यान रखते थे।,0,[],[]
1001,सेरोवा का जन्म १९७६ में हुआ था।,0,[],[]
1002,शार्लेट मैरी म्यू एक अंग्रेजी कवियत्री थीं।,0,[],[]
1003,दक्षिण नाहानी नदी कनाडा के येलोनाईफ से ५०० किलोमीटर पश्चिम में स्थित है।,0,[],[]
1004,"दक्षिण नहानी नदी का उद्गम स्थल मैकेन्ज़ी के पहाड़ों पर माउंट क्रिस्टी के पश्चिमी ढ़लानों पर 1,600 मीटर (5,200 फीट) की ऊँचाई पर है।",0,[],[]
1005,कोनरैड मारिया की मृत्यु 16 नवम्बर 1907 को हुई थी।,0,[],[]
1006,परिवार का धर्म कुलीन है।,0,[],[]
1007,जनरल एरिश होप्नर के अंतर्गत जर्मन 1 लाइट डिवीजन का हिस्सा बन गई।,0,[],[]
1009,"स्टॉफ़ेनबर्ग ने नीना फ्रैन वों लेर्चेंनफील्ड से विवाह किया और उनके पांच बच्चे थे: बेर्थोल्ड, हाइमरान; फ्रांज-लुडविग, वैलेरी और कोंस्तान्ज़।",0,[],[]
1011,"हजेंस के अनुसार, शैल के अनुसार उन्हें $150,000 का कर्ज है।",0,[],[]
1012,ओस्क्जुहलियो (Öskjuhlíð) पहाड़ी का नाम था जो वास्तव में एक द्वीप था।,0,[],[]
1013,रेक्जाविक विमानतल मुख्यत: घरेलू उड़ानों और ग्रीनलैंड और फ़रो द्वीप समूह तक की उड़ानों के लिए प्रयुक्त किया जाता है।,0,[],[]
1014,"रेक्जाविक में दो बन्दरगाह हैं, पुराना बन्दरगाह जो नगर केन्द्र के निकट है और सुन्दाहोफ़्न जो नगर के पूर में स्थित है।",0,[],[]
1019,मेरे पास आपके प्रश्न का उत्तर नहीं है।,0,[],[]
1020,28 SOLS हैं।,0,[],[]
1021,"वर्ष में 12 महीने होते हैं, लेकिन प्रश्न में वर्ष को 24 महीने में बांटा गया है, जिसमें प्रत्येक तिमाही में पहले 5 महीनों में 28 SOLS है और अंतिम माह केवल 27 SOLS है।",0,[],[]
1022,गानगाले ने 1975 में अमेरिकन वाइकिंग प्रोग्राम को सबसे पहली बार मान्यता देने का निर्णय किया था।,0,[],[]
1023,पश्चिमी शैली की शिक्षा भारत पर ब्रिटिश शासन के खिलाफ संघर्ष में सहायक नहीं होगी।,0,[],[]
1024,फरवरी 2001 में पहली बार संगठन की शुरुआत हुई।,0,[],[]
1025,"यह कार्य ८वीं से १२वीं शताब्दी के बीच के हैं, सायण द्वारा भारतीय दर्शन पर विशिष्ट टीका १४वीं शताब्दी में सर्वदर्शनसंग्रह नाम से निकली है।",0,[],[]
1026,सर्वदर्शनसंग्रह १४वीं शताब्दी में लिखा गया था।,0,[],[]
1027,1941ई.,0,[],[]
1027,"में स्पेनी ग्रह युध में इस गिरजाघर का बहुत नुक्सान हुआ, इसलिए इसे अस्थायी रूप से जबरन बंद कर दिया गया था।",0,[],[]
1028,"आभार से भविष्य कृतेसामाजिक व्यवहार को सुदृढ़ करने में भी सहायता कर सकता है। उदाहरण के लिए, एक प्रयोग में पाया गया कि एक गहने की दुकान में ग्राहकों को बुलाकर धन्यवाद कहने से खरीद में 70% वृद्धि हुई।",0,[],[]
1031,"तीन स्केलों की रचना की गई है: GQ6, प्रशंसा स्केल, और GRAT।",0,[],[]
1032,"कृतज्ञता महसूस करने का लाभ है कि आभारी लोग ज्यादा खुश, कम उदास, कम थके हुए और अपने जीवन और सामाजिक रिश्तों से अधिक संतुष्ट होते हैं। वे अपने वातावरण, व्यक्तिगत विकास, जीवन के उद्देश्य और आत्म स्वीकृति के लिए नियंत्रण स्तर उच्च होता है। वे जीवन में आने वाली कठिनाइयों का सामना करने के लिए सकारात्मक तरीके होते हैं और अन्य लोगों से समर्थन मिलने की संभावना अधिक होते है।",0,[],[]
1033,"आभार (Gratitude) मानसिक स्वास्थ्य की सबसे मजबूत कड़ियों में से एक है और लोगों की बेहतर सोने में मदद भी करता है। आभारी लोगों के पास नकारात्मक विचारों के बारे में कम और सकारात्मक विचारों के बारे में ज्यादा सोचते हैं, जिसके कारण उन्हें बेहतर नींद आती है।",0,[],[]
1034,"आभारी लोगों के पास जीवन में आने वाली कठिनाइयों का सामना करने के लिए अधिक सकारात्मक तरीके होते हैं, उन्हें अन्य लोगों से समर्थन मिलने की संभावना अधिक होते है, वे अनुभव की पुनः व्याख्या करते है और उससे आगे बढ़ते है और समस्या के समाधान के लिए योजना बनाने में अधिक समय लगते हैं।",0,[],[]
1035,अध्ययनों से पता चला है कि आभारी लोगों में खुशी का स्तर अधिक और अवसाद और तनाव का स्तर कम होने की संभावना होती है।,0,[],[]
1036,आभार एक व्यक्ति की परोपकारी प्रवृत्ति में भी सुधार दिखा सकता है। डेविड देस्टेनो और मोनिका बार्टलेट (2010) द्वारा किए गए एक अध्ययन में पाया गया कि आभार आर्थिक उदारता के साथ सहसंबद्ध है।,0,[],[]
1039,राइफल की क्षमता तीन किलोमीटर तक प्रहार करने की है।,0,[],[]
1040,ड्वाइट डी.,0,[],[]
1041,"""एयर फोर्स वन"" चिह्न राष्ट्रपति के विमानों पर स्थापित किया गया है।",0,[],[]
1043,जॉर्ज डब्ल्यू.बुश 9/11 के हमलों के दौरान फ्लोरिडा के सारासोटा एम्मा ई.,0,[],[]
1043,बुकर प्राथमिक स्कूल में रोका गया था। वह एक VC-25 से सारासोटा ब्राडेंटॉन अंतरराष्ट्रीय हवाई अड्डे से लुसियाना के बार्क्सडेल एयर फोर्स अड्डे के लिए जा रहे थे और वॉशिंगटन को लौटने से पहले वहां से फिर नेब्रास्का में ऑफपुट एयर फोर्स अड्डे पर जाना था।,0,[],[]
1044,लिफ्टमास्टर एरिजोना में पिमा एयर एंड स्पेस संग्रहालय में प्रदर्शित है।,0,[],[]
1045,"देशपांडे के पहले उपन्यास का नाम ""द डार्क होल्ड्स नो टेरर"" था।",0,[],[]
1046,पृथ्वी से अल्फ़ा इंडी की दूरी 11.82 प्रकाश वर्ष है।,0,[],[]
1047,"चार पात्र जिम डेविस की हास्य-कौतुक चित्रावली में थे। वे हैं - गारफील्ड, कैट, जॉन, और लेमैन ओडी।",0,[],[]
1048,इथियोपिया में बैंकिंग की शुरुआत १५ फ़रवरी १९०६ में हुई थी।,0,[],[]
1049,"महमद तृतीय का पुत्र नहीं था। उनकी माँ अमतुल्लाह राबिया गुलनुश सुल्तान थीं, जिनका मूल नाम एवमानिया वोरिया था, उनकी नस्ल यूनानी थी। उनका जन्म हाजीओलु पाज़ारजक, दोब्रुजा में हुआ था।",0,[],[]
1050,"रूसी सुल्तान अहमद तृतीय के मामलों में हस्तक्षेप नहीं करने हेतु सहमत हुए, क्योंकि सुल्तान के ध्यान सफ़वी हमलों की ओर चलाना पड़ा था।",0,[],[]
1051,यह पेड़ ३ से ७ मीटर लम्बा होता है।,0,[],[]
1052,भारतीय वायु सेना सैनिकों की मदद करती है।,0,[],[]
1053,प्रथम आईएएफ कमीशंड स्क्वाड्रन का नाम स्क्वाड्रन क्र.,0,[],[]
1053,1 था।,0,[],[]
1055,1971 में हुआ था।,0,[],[]
1056,भारत ने पाकिस्तान के खिलाफ युद्ध में उतरा था।,0,[],[]
1057,"1984 में ऑपरेशन मेघदूत शुरू किया गया था, जिसके अंतर्गत सियाचिन को कश्मीर में वापस शामिल करना था।",0,[],[]
1058,ऑपरेशन मेघदूत शुरू किया गया था।,0,[],[]
1059,मेरे पास आपके प्रश्न का उत्तर नहीं है।,0,[],[]
1060,1924 ग्रीष्मकालीन ओलंपिक के बाद अंतर्राष्ट्रीय लॉन टेनिस फेडरेशन और अंतर्राष्ट्रीय ओलंपिक समिति के बीच विवादों के कारण हटा दिया गया था।,0,[],[]
1061,मेरे पास आपके प्रश्न का उत्तर है। वर्ष 1896 में सेमीफ़ाइनलिस्टों के लिए प्रयुक्त पदक सामग्री कांस्य पदक थी।,0,[],[]
1062,ऊना कैस्टिला चैपलिन एक अभिनेत्री हैं।,0,[],[]
1063,और इमागो मोर्टिस।,0,[],[]
1064,इक्वालाइज़र फिल्म 2014 में जारी की गई थी।,0,[],[]
1065,थॉर 2011 में रिलीज़ किया गया था।,0,[],[]
1066,1992 में यूनिफाइड टीम का हिस्सा थे।,0,[],[]
1067,चिड़ियों को दक्षिणी भारत और श्रीलंका में समूहों में वितरित किया जाता है।,0,[],[]
1069,मेरे पास आपके प्रश्न का उत्तर नहीं है।,0,[],[]
1071,"मुहम्मद के शब्दों को दोहराने वाले कुछ व्यक्ति हुमजा, जयद और बिलाल थे।",0,[],[]
1072,हार्ट-स्पॉटेड कठफोड़वा (हेमीसिर्कस कैनेंटे) मुख्य तौर पर सम्पूर्ण एशिया में विशेष रूप से दक्षिण-पश्चिमी और मध्य भारत के जंगलों में पाए जाते हैं।,0,[],[]
1073,"प्राकृतिक आवास उष्ण-कटिबंधीय तथा उपोष्ण-कटिबंधीय के जंगल भारत के हिमालय वनों व बांग्लादेश के साथ-साथ म्यांमार, थाईलैंड, लाओस, कम्बोडिया तथा वियतनाम तक पाए जाते हैं। भारत में वे पश्चिमी घाट तथा मध्य भारत के वनों में भी मिलते हैं।",0,[],[]
1074,वे ड्रम करते थे।,0,[],[]
1075,उत्तर: मेरे पास आपके प्रश्न का उत्तर नहीं है।,0,[],[]
1076,आख़ाल प्रान्त तुर्कमेनिस्तान की एक विलायत (यानि प्रान्त) है।,0,[],[]
1077,गुलाबो को विजय की कविताओं से अनुरक्त है और उससे प्रेम करने लग जाती है।,0,[],[]
1078,क्रंत्ज़ के साथ आइंस्टीन का वैवाहिक जीवन 13 साल तक चला।,0,[],[]
1079,"पैंटानल मुख्य रूप से ब्राज़ील के राज्य मातो ग्रोसो दो सुल में स्थित है, लेकिन इसके कुछ हिस्से अन्य राज्य मातो ग्रोसो और ब्राज़ील की सीमा पार बोलीविया और पराग्वे तक भी फैले हुए हैं।",0,[],[]
1080,पराग्वे नदी में पैंटानल के हिस्से वाले क्षेत्रों में जलस्तर दो से पाँच मीटर तक बढ जाता है।,0,[],[]
1081,रिपब्लिक ऑफ बेलारूस के उद्यमिता की स्टाईक कमेटी ने कैदियों की मदद की।,0,[],[]
1082,चिंग राजवंश के दौरान नौकरशाह और उनका तत्काल परिवार यामेन से जुड़े आवास में रहता था।,0,[],[]
1083,नवंबर 2008 को रिलीज हुई।,0,[],[]
1084,सीबीएस का कलर सिस्टम मौजूदा ब्लैक-एंड-व्हाइट सेट के साथ असंगत था।,0,[],[]
1085,"अमीन के शासन में 1,00,000 से 5,00,000 लोग मारे गए थे।",0,[],[]
1086,अमीन की मृत्यु लीबिया और सउदी अरब में निर्वासित जीवन जीने के बाद 16 अगस्त 2003 को हुई थी।,0,[],[]
1087,"1998 में लुईस कैरोल की एलिस की प्रति नीलाम हुई, जिसका मूल्य US$1.54 मीलियन था।",0,[],[]
1088,"एलिस सफेद खरगोश का पीछा करते हुए एक खरगोश की मांद के अन्दर जाती है, जहां वह अजीब हॉल में पहुंचती है।",0,[],[]
1089,एलिस अपने वास्तविक कद में लौटने में सक्षम हुई क्योंकि उसने मशरूम का एक भाग लिया जिससे उसकी गर्दन को लम्बा कर पेड़ों के बीच पहुंचा दिया और दूसरा भाग लिया जिससे उसके कद को छोटा बना दिया। फिर उसने कुछ प्रयास करके अपने वास्तविक कद में वापस लाया।,0,[],[]
1090,लुईस कैरोल के उपन्यास ऐलिस एडवेंचर्स इन वंडरलैंड में सूअर का बच्चा था।,0,[],[]
1091,एलिस इन वंडरलैंड में नेव ऑफ़ हार्ट्स पर चोरी का मुकदमा चलाया जाता है।,0,[],[]
1092,"जूरी में विभिन्न जानवर सम्मिलित हैं, जिनमें बिल दि लिज़र्ड और व्हाइट रैबिट भी शामिल हैं, और किंग ऑफ़ हार्ट्स न्यायाधीश है।",0,[],[]
1094,मेरे पास आपके प्रश्न का उत्तर नहीं है।,0,[],[]
1095,अल-शौला (الشولاء‎),0,[],[]
1096,मिसौरी के उत्तर में आयोवा से घिरा है।,0,[],[]
1097,मिसौरी में सबसे बड़ा जर्मन वंश समूह है।,0,[],[]
1098,"खनन संसाधनों के प्रकार में चूना पत्थर, सीसा, कोयला और कुचला हुआ पत्थर शामिल हैं।",0,[],[]
1099,विधायी शाखा के दो निकाय हैं: प्रतिनिधि सभा और सीनेट.,0,[],[]
1099,इन निकायों में मिसौरी महासभा शामिल है।,0,[],[]
1100,"जुलाई 11, 2011 को हुआ था।",0,[],[]
1101,अल्फ़ाज़ के दूसरे सीज़न में 13 एपिसोड थे।,0,[],[]
1102,मेरे पास आपके प्रश्न का उत्तर नहीं है।,0,[],[]
1103,"हालांकि सूची में कोई पाठ नहीं है जिसके आधार पर उत्तर तैयार किया जा सके, लेकिन मैं आपके प्रश्न का उत्तर दे सकता हूँ: ""मेरे पास आपके प्रश्न का उत्तर नहीं है।""",0,[],[]
1104,वूल्वरिन में मार्वल कॉमिक्स के चरित्र वूल्वरिन को चित्रित किया गया है।,0,[],[]
1105,लोगन युकोन में एक साधु के रूप में रहता है।,0,[],[]
1106,लोगन 1945 में POW था।,0,[],[]
1107,लोगन और मारिको नागासाकी में इशिरो के घर की यात्रा करते हैं।,0,[],[]
1108,डॉ.,0,[],[]
1108,ग्रीन ने लोगन और मारिको की खोज की मांग की है।,0,[],[]
1110,लोगान के दिल पर परजीवी का प्रभाव था कि उसकी चिकित्सा क्षमता को दबाया जा सकता था।,0,[],[]
1112,हराडा मारा जाता है।,0,[],[]
1113,मरिको याशिदा इंडस्ट्रीज के सीईओ बन जाती है।,0,[],[]
1114,लोगन संयुक्त राज्य अमेरिका में लौटता है।,0,[],[]
1115,मेरे पास आपके प्रश्न का उत्तर नहीं है।,0,[],[]
1116,"चांदी के रुपयों के अलावा, 1891 के पहले के अफगानिस्तान में तांबे के फालस और सोने के मोहर के साथ फैले हुए थे।",0,[],[]
1117,आंगवांतीबो मध्य अफ़्रीका में रहते हैं और उनका विस्तार नाइजीरिया और कैमरून से लेकर कांगो लोकतांत्रिक गणतंत्र के उत्तरी भाग तक है।,0,[],[]
1118,अंगवतीबोस का वजन ४०० ग्राम तक ही होता है।,0,[],[]
1119,मादाएँ १३० दिनों के लिये गर्भ धारण करती हैं और उसके बाद एक ही शिशु जन्मती है।,0,[],[]
1120,पी॰ऍस॰आर॰ बी१२५७+१२ की खोज Aleksander Wolszczan नामक पोलिश खगोलशास्त्री ने १९९० में आरेसIBC रेडियो दूरबीन से की थी।,0,[],[]
1121,"डिक क्वॉक्स का उपनाम नहीं है, क्योंकि वह एक धावक और ओलंपिक पदक विजेता थे।",0,[],[]
1122,न्यू यार्क में सिनागोग (यहूदी मंदिर) उड़ाने की योजना बना रहे थे।,0,[],[]
1123,"इंग्लैंड ने ब्रिटिश होम चैंपियनशिप में अन्य तीन गृह राष्ट्रों-स्कॉटलैंड, वेल्स और आयरलैंड के साथ विशेष रूप से खेला।",0,[],[]
1125,मेरे पास आपके प्रश्न का उत्तर नहीं है।,0,[],[]
1126,"वाल्टर शेवहार्ट ने सांख्यिकीय प्रक्रम नियंत्रण (Statistical process control (SPC)) का विकास किया था, लेकिन उन्हें अग्रणी नहीं कहा जा सकता है। सांख्यिकीय प्रक्रम नियंत्रण का विकास बेल्ल प्रयोगशाला के डॉ वाल्टर शेवहार्ट ने १९२० के दशक में किया था, लेकिन डॉ डब्ल्यू एडवर्ड्स डेमिंग ने इसका विस्तार जापान में किया था।",0,[],[]
1127,मार्कस एमीलियस लेडिपिडस को 216 ईसा पूर्व में सम्मानित किया गया था।,0,[],[]
1129,"विलय ने यूनिसिस का गठन किया, जो कि कंप्यूटर उद्योग में सबसे बड़ा विलय था और सालाना 10.5 बिलियन डॉलर राजस्व के साथ यूनिसिस दूसरी सबसे बड़ी कंप्यूटर कंपनी बन गयी।",0,[],[]
1130,"मुंबई, महाराष्ट्र में स्थित है।",0,[],[]
1131,"ढांचा का भूक्षेत्र फल २,००,००० वर्ग फीट (१९००० वर्ग मीटर) है।",0,[],[]
1132,अंग्रेज़ो ने चढ़ाई करने का फैसला किया था।,0,[],[]
1133,वर्ड्स एल्बम 1992 में जारी किया गया था।,0,[],[]
1134,ड्रीम थियेटर सितंबर 1985 में बना था।,0,[],[]
1135,ड्रीम थिएटर के रिहर्सल बर्कले कॉलेज ऑफ़ म्युज़िक के पूर्वाभ्यास कमरे में होते थे।,0,[],[]
1136,न्यूयॉर्क के आसपास।,0,[],[]
1139,ड्रीम थियेटर ने क्वींसरिशे और फेट्स वॉर्निंग के साथ एक दौरे का आयोजन किया था।,0,[],[]
1140,मेरे पास आपके प्रश्न का उत्तर नहीं है।,0,[],[]
1141,मेरे पास आपके प्रश्न का उत्तर नहीं है।,0,[],[]
1142,"शेरिनियन ने डीप पर्पल के ""परफेक्ट स्ट्रेंजर"" और ऊज़ी ओस्बोर्न के ""सुसाइड सोल्यूशन"" के कवर का प्रदर्शन करते थे। कुछ कार्यक्रमों में, वे ""निकी लेमंस एंड द माइग्रेन ब्रदर्स"" के नाम के तहत एक साथ मंच पर आते थे।",0,[],[]
1143,1924 में ब्रिटिश साहसिक और लोकप्रिय लेखक एफ.ए.,0,[],[]
1143,"मिशेल-हेज की दत्तक बेटी, अन्ना ली ग्विलेन मिशेल-हेज ने सबसे प्रसिद्ध और रहस्यपूर्ण कपाल की खोज की।",0,[],[]
1144,सर डेविड फेरियर का निधन १९२८ में हुआ था।,0,[],[]
1145,टोन नदी जापान के कांटो क्षेत्र में स्थित है।,0,[],[]
1147,अल्कोहल नहीं होना चाहिए।,0,[],[]
1148,हलाल बाजार ब्रिटेन और अमेरिका में मुसलमानों के लिए एक बढ़ता उपभोक्ता बाजार है।,0,[],[]
1149,रक्त और मादक पेय जैसे नशीले पदार्थ।,0,[],[]
1150,"गहरा चीरा एक अच्छी तरह से धारदार चाकू का उपयोग करके जानवरों को मारने की विधि में तेज, गहरी चीरा बनाने के लिए उपयोग किया जाता है।",0,[],[]
1151,1886 में डॉयचे बैंक की फ्रैंकफर्ट शाखा स्थापित की गई थी।,0,[],[]
1153,थर्ड रेक (Third Reich) हिटलर के सत्ता में आने के साथ जुड़ा है।,0,[],[]
1154,"ड्यूश बैंक 1957 में बना था, जब नॉरड्यूश बैंक एजी, सुडड्यूश बैंक एजी और रेनिश-वेस्ट फेलिश बैंक एजी का विलय कर दिया गया था।",0,[],[]
1155,बैंक ने 1959 में छोटे निजी ऋणों के द्वारा खुदरा बैंकिंग में प्रवेश किया।,0,[],[]
1156,प्रमुख प्रतिस्पर्धियों में से आने वाले लोगों का स्तर उच्च श्रेणी के आंकड़ों के प्रवेश के साथ पूंजी बाज़ार परिचालन का आकार घटने लगा था।,0,[],[]
1158,जी एस जी (GSG) पुलिस बल का उल्लेख किया गया है।,0,[],[]
1159,रेलगाड़ियों के साथ संकट के दौरान म्युनिक मुख्य स्टेशन को खाली किया गया और म्युनिक आने जाने वाली ट्रेनों को रद्द कर दिया गया था।,0,[],[]
1160,बट्टग्राम जिला पाकिस्तान के ख़ैबर-पख़्तूनख़्वा प्रांत में स्थित है।,0,[],[]
1161,बट्टग्राम ज़िले का आधिकारिक रूप से एक जिला बनना जुलाई १९९३ में हुआ था।,0,[],[]
1162,"मनोहर आइच ""पॉकेट हरक्यूलिस"" के नाम से प्रसिद्ध थे।",0,[],[]
1163,"उद्भव मैकगी एयरवेज में खोजी जा सकती हैं जिसकी शुरआत लीनियस ""मैक "" मैकगी के द्वारा 1932 में की गयी थी। पहली उड़ान एंकरेज एवं ब्रिस्टल बे के बीच स्टिन्सों इंजन वाली 3 सीटों वाली विमान के साथ भरकर की गयी थी।",0,[],[]
1164,खेल सिद्धांतकार अपनी मान्यताओं की तुलना भौतिक-शास्त्र में प्रयुक्त धारणाओं से करते हैं।,0,[],[]
1165,"जीवविज्ञान में ज्ञात सर्वश्रेष्ठ संतुलन, विकासवादी स्थिर रणनीति (Evolutionary Stable Strategy [ESS]) के रूप में जाना जाता है, जो तर्कसंगतता के साथ संगत संतुलन है।",0,[],[]
1166,तर्क और कंप्यूटर विज्ञान में गेम थ्योरी एक बढ़ती हुई महत्वपूर्ण भूमिका निभाने लगा है। अनेक तार्किक सिद्धांतों का आधार खेल अर्थविज्ञान में है।,0,[],[]
1168,"एक सममित खेल ऐसा खेल होता है, जिसमें किसी विशिष्ट रणनीति के अनुसार खेलने का लाभ केवल अन्य प्रयुक्त रणनीतियों पर निर्भर करता है, न कि उन्हें खेलनेवालों पर।",0,[],[]
1169,इन दोनों खेलों में असममित रणनीति है।,0,[],[]
1170,"स्थिर-राशि खेल चोरी और जुए जैसी गेम थ्योरी विधियों से संबंधित होते हैं, लेकिन उस मूलभूत आर्थिक परिस्थिति से नहीं, जिसमें व्यापार से लाभ संभावित होते हैं। एक अतिरिक्त नकली खिलाड़ी (जिसे अक्सर ""बोर्ड"" कहा जाता है), जिसकी हानियां खिलाड़ी के शुद्ध लाभ की क्षतिपूर्ति करती हैं, को जोड़कर किसी भी खेल को एक (संभवतः असममित) शून्य-राशि खेल में रूपांतरित कर पाना संभव होता है।",0,[],[]
1171,खेल में पूर्णता की विशेषता यह है कि सभी खिलाड़ी अन्य खिलाड़ियों द्वारा पहले चली गई चालों के बारे में जानते हैं।,0,[],[]
1172,"शुद्ध गणितज्ञ और समुच्चय सिद्धांतकार। वे उन खेलों का अध्ययन करते हैं, जो चालों की असीमित संख्या तक जारी रहते हैं और उनमें विजेता (या अन्य लाभ) उन सभी चालों की समाप्ति के बाद तक ज्ञात नहीं होता।",0,[],[]
1173,1713 में जेम्स वाल्डेग्रेव द्वारा लिखित एक पत्र में हुई।,0,[],[]
1176,मेरे पास आपके प्रश्न का उत्तर नहीं है।,0,[],[]
1177,कसाट की मृत्यु 1926 में हुई थी।,0,[],[]
1178,एम्मा 1972 में जारी हुई थी।,0,[],[]
1179,5 अप्रैल से 4 मई 1799 के बीच श्रीरिंगपट्टम की घेराबंदी हुई थी।,0,[],[]
1180,जिम की लड़की का नाम सेसेलिया है।,0,[],[]
1182,"लिंडी होप को संशोधित किया गया क्योंकि 1940 के आसपास लिंडी होप को तीव्र संगीत के अनुरूप बनाने के लिए संशोधित किया गया, जिससे बूगी वूगी शैली का जन्म हुआ।",0,[],[]
1183,आगरा जिले का क्षेत्रफल ४०२७ वर्ग किमी है। इसमें ३८३८.६ वर्ग किमी ग्रामीण व १८८.४ वर्ग किमी नागरिक है।,0,[],[]
1184,आगरा का मुख्यालय आगरा नगर में है।,0,[],[]
1185,टार्ज़न ऑफ़ द एप्स की पूरी संडे स्ट्रिप 15 मार्च 1931 को शुरू हुई।,0,[],[]
1186,द लास्ट किश 2006 में रिलीज हुआ था।,0,[],[]
1187,टोनी गोल्डविन ने फिल्म का निर्देशन किया है।,0,[],[]
1188,गौड़ी हाउस-संग्रहालय 28 सितंबर 1963 को उद्घाटन किया गया था।,0,[],[]
1190,डॉ.,0,[],[]
1190,त्रीआस ए दोमेनेच के निवास का नाम आज एक अजायबघर है।,0,[],[]
1191,नैटिसिटी मुखौटा का निर्माण 1894 और 1930 के बीच किया गया था।,0,[],[]
1192,१९७७ में छोड़ा गया था।,0,[],[]
1193,मास्को में स्थापित वोदका की एक डिस्टिलरी में हुई थी।,0,[],[]
1195,एस.,0,[],[]
1195,स्टेनोफिला का सेंटीमीटर में विशिष्ट आकार ५-२५ सेमी.,0,[],[]
1195,होता है।,0,[],[]
1196,मोदिग्लिआनी का जन्म 12 जुलाई 1884 को हुआ था।,0,[],[]
1197,मुंबई में टेलीविजन सेवा 1972 में उपलब्ध हुई थी।,0,[],[]
1199,इन संस्थापकों द्वारा दशमलव पर आधारित मुद्रा बहाल करने का सुझाव दिया जा रहा था।,0,[],[]
1201,"1896, 1900, 1908, 1912, 1920, और 1924.",0,[],[]
1202,1623 के फोलियो में ऐज़ यू लाइक इット का प्रकाशन हुआ।,0,[],[]
1203,हैमेन आया।,0,[],[]
1204,खान ने अक्टूबर 2002 में राष्ट्रीय चुनावों में भाग लिया और अपने गृह शहर मियांवाली से सांसद (एमपी) चुने गये।,0,[],[]
1205,वह तीन साल तक वेंस में टी -38 टैलोन प्रशिक्षक पायलट के रूप में रहीं।,0,[],[]
1206,मार्सुपियल शेरों की ऊंचाई ७५ सेमी (३० इंच) थी।,0,[],[]
1207,"कृत्रिम सामग्रियों के लिए चपड़ी की वार्निश, मोम और तेल, सपाट और नक्काशीदार डिजाइन, तंत्रवाद्य शिल्पी द्वारा निर्मित आवश्यकतानुसार डिजाइन किए हुए वाद्ययंत्र, सिरविहीन बेस, लुथाइट शामिल हैं।",0,[],[]
1209,"किजिले डेरनेगी के पीछे वास्तव में कोई छुपा नहीं है। किजिले डेरनेगी एक मौहल्ला है जिसका नाम तुर्की लाल क्रीसेण्ट-चन्द्रमा किजिले देर्नेगी के नाम पर दिया गया है। इसमें एक स्क्वायर, पार्क, मेट्रो स्टेशन और बस टर्मिनल हैं, लेकिन कोई छुपा नहीं है।",0,[],[]
1210,करेन लुजेन न्याबर्ग नासा की अंतरिक्ष यात्री थे।,0,[],[]
1212,"चाट मसाला एक मसाला पाउडर मिश्रण है जिसमें आमचूर, जीरा, काला नमक, धनिया, अदरक, नमक, काली मिर्च, हींग और मिर्च पाउडर शामिल होते हैं।",0,[],[]
1213,"हिंदी में उत्तर: कोई भी प्रक्रिया क्यों करेगा इसका कारण कई हो सकते हैं, लेकिन अगर हम निओनैटल सर्कमसिशन के मामले में देखें तो हम पाते हैं कि इसका कारण अक्सर धार्मिक, सामाजिक या सांस्कृतिक होता है। चिकित्सकों के अनुसार, नियमित रूप से नहीं किया जाना चाहिये और इसके लिए वैज्ञानिक प्रमाणों की समीक्षा की गई है।",0,[],[]
1215,लीड्स सेंटर के लिए ए1 (एम) सड़क जाती है।,0,[],[]
1216,"लीड्स में ज्यादातर लोग ईसाई हैं, लेकिन चर्च ऑफ इंग्लैंड कैथेड्रल नहीं है क्योंकि लीड्स रिपन एवं लीड्स के एंग्लिकन डायोसीज का हिस्सा है और इस डायोसीज का कैथेड्रल रिपन में स्थित है। सबसे महत्वपूर्ण एंग्लिकन चर्च लीड्स पैरिश चर्च है। लीड्स में एक रोमन कैथोलिक कैथेड्रल मौजूद है जो लीड्स के रोमन कैथोलिक डायोसीज का एपिस्कोपल सीट है। कई अन्य ईसाई संप्रदाय और नए धार्मिक गतिविधियां लीड्स में स्थापित हैं जिनमें एसेम्बली ऑफ गॉड, बैपटिस्ट, क्रिश्चियन साइंटिस्ट, चर्च ऑफ जीसस क्राइस्ट ऑफ लैटर डे सेंट्स (""एलडीएस चर्च"", मोर्मोन को भी देखें), कम्युनिटी ऑफ क्राइस्ट, ग्रीक ऑर्थोडॉक्स, येहोवाज विटनेस, जीसस आर्मी, लुथेरन, मेथोडिस्ट, नाजरीन, न्यूफ्रंटायर्स नेटवर्क, पेंटेकोस्टल, साल्वेशन आर्मी, सेवंथ डे एडवेंटिस्ट, सोसायटी ऑफ फ्रेंड्स (""क्वार्क्स""), यूनिटेरियन, युनाइटेड रिफॉर्मड, विनेयार्ड, वेस्लेयन चर्च, एक सार्वभौम चीनी चर्च और कई स्वतंत्र चर्च शामिल हैं।",0,[],[]
1218,"रिडले स्कॉट ने एलियन फिल्म शृंखला का निर्देशन नहीं किया है। एलियन फिल्म शृंखला का निर्देशन रिडले स्कॉट नहीं किया है, बल्कि रॉबर्ट वायज़ ने 1979 में एलियन फिल्म का निर्देशन किया था।",0,[],[]
1219,"डी आर्किटेक्चुरा के लिए आधुनिक दिन का नाम ""De architectura"" है।",0,[],[]
1220,"बीटल, फोर्ड मॉडल टी, मिनी और सिट्रॉएन डीएस।",0,[],[]
1221,हिटलर चेकोस्लोवाकिया के राजनीतिक दौरे करते समय टाट्रा कारों के भीतर थे।,0,[],[]
1222,ब्राजील में बीटल का उत्पादन 1986 में बंद हुआ।,0,[],[]
1224,"शुरूआती 747 में, जहाँ विमानचालक बैठते हैं उसके पीछे संदूकनुमा छोटे से स्थान का क्या किया जाए, इसलिए शुरू में इसे बिना स्थाई बैठक व्यवस्था के विश्राम कक्ष के रूप में ""चिह्नित"" किया गया।",0,[],[]
1225,"नए डिजाइन वाले हाई लिफ्ट उपकरणों को संरचनात्मक अतिरिक्तता, अतिरिक्त जलीय प्रणाली, चौगुने मुख्य लैंडिंग गियर और दोहरी नियंत्रण सतहों की विशेषता दी गई है।",0,[],[]
1226,"संयंत्र का निर्माण एवरेट, वॉशिंगटन के निकट सैनिक अड्डे पेन फील्ड के बगल में, सिएटल से लगभग 30 मील (48 किमी) उत्तर में किया गया था।",0,[],[]
1227,हवाई जहाज के इंजनों में उच्च-गति स्पंदन की समस्या का समाधान किया गया था जिसके लिए बाह्य इंजन के खोल में निशेषित यूरेनियम संतुलन भार के रूप में प्रवेश करा कर हल कर लिया गया था।,0,[],[]
1228,"उड़ान परीक्षण कार्यक्रम में बाधा आ गई क्योंकि 747 के जेटी9डी (JT9D) इंजन के साथ समस्या होने से इंजन का बंद होना तथा कुछ समय की सेवा के बाद टरबाईन की बॉडी का विरूपण शामिल थे। इसके अलावा, एक परीक्षण विमान क्षतिग्रस्त हो गया जब विमान चालक राल्फ सी कोकली ने छोटे रनवे पर निशाना पहले ले लिया और 747 का लैंडिंग गियर मुंडित हो गया।",0,[],[]
1229,बोइंग पर वित्तीय संकट आया 747 के विकास और एवरेट में कारखाने के निर्माण से आया था।,0,[],[]
1230,हिंदी में उत्तर: एक हवाई जहाज में यात्रियों की संख्या में गिरावट आती है जब विमान को पूरा नहीं भरा जाता है और प्रति सीट लागत तेजी से बढ़ने लगती है।,0,[],[]
1231,अमेरिकन एयरलाइन्स ने अपने 747s की कोच सीटों की जगह पियानो बार बनाया.,0,[],[]
1232,समस्याओं का हल काफी सुगमता से किया गया था। 747 का सेवा में प्रवेश काफी सुगमता से हो गया था और तकनीकी समस्याएं अपेक्षाकृत छोटी थी और जल्दी हल की ली गई थी।,0,[],[]
1233,747-200 एसयूडी के बाद 747-300 आया।,0,[],[]
1234,बोइंग 747 के भीतर दो गलियारे होते हैं।,0,[],[]
1235,"हिंदी में उत्तर: बोइंग 747 के मुख्य डेक पर इकॉनोमी श्रेणी में 3-4-3 बैठक व्यवस्था है, जिसके साथ बैठक क्षमता 366 से अधिक है। ऊपरी डेक पर इकॉनोमी श्रेणी में 3-3 की बैठक व्यवस्था है, जिसके साथ बैठक क्षमता कम होगी। प्रथम श्रेणी में 2-3-2 व्यवस्था है, जिसके साथ बैठक क्षमता भी कम होगी। अत:, मुख्य डेक पर सबसे अधिक 366 से अधिक व्यक्ति रुक सकते हैं, लेकिन ऊपरी डेक पर और प्रथम श्रेणी में कम व्यक्ति रुक सकते हैं।",0,[],[]
1236,747SP का विचार पैन अमेरिकन वर्ल्ड एयरवेज तथा ईरान एयर के संयुक्त अनुरोध से आया था।,0,[],[]
1237,केएलएम ने 10 747-200 के लिए परिवर्तित किया था।,0,[],[]
1238,मेरे पास आपके प्रश्न का उत्तर है। 747-200M में 3 श्रेणियों के विन्यास में 238 यात्रियों को ले जाया जा सकता है।,0,[],[]
1239,सबेना ने अंतिम 747-300 की सुपुर्दगी सितम्बर 1990 में की गई।,0,[],[]
1240,मेरे पास आपके प्रश्न का उत्तर नहीं है।,0,[],[]
1241,जब 747-8 सेवा में प्रवेश करेगा तो यह एयरबस ए340-600 को पीछे छोड़ कर दुनिया का सबसे लंबा विमान बन जाएगा.,0,[],[]
1243,747X परिवार उत्पादन का औचित्य साबित करने में असमर्थ रहा था 747-400ERX के साथ इसे ताक पर रख दिया गया था।,0,[],[]
1244,नैनोमीटर (Nanometer) है।,0,[],[]
1245,मार्च 2011 में फिल्मांकन की शुरुआत की गई थी।,0,[],[]
1246,एनजीसी ६९३४ (NGC 6934) एक गोल तारागुच्छ है।,0,[],[]
1247,"NGC 7006 है १,८५,००० प्रकाश वर्ष दूर।",0,[],[]
1248,"इन प्रदर्शनों ने 1980 के संपूर्ण दशक में हुए थे, इसके अलावा 1990 में पोल टैक्स दंगे, अफगानिस्तान की लड़ाई और ईराक की लड़ाई के विरोध में प्रदर्शन किये गए थे। इसके अलावा 2005 में लन्दन में आंतंकवादियों द्वारा की गयी बमबारी के कुछ ही देर बाद चौक पर कड़ी सुरक्षा व्यवस्था का गवाह बना था। 2009 में कैम्प फॉर क्लाइमेट एक्शन के प्रतिभागियों ने दो सप्ताहों के लिए चौक पर कब्ज़ा कर लिया था और 2011 में ब्रिटेन के बजट और इसके द्वारा प्रस्तावित बजट कटौतियों के विरोध में प्रदर्शन किये गए थे।",0,[],[]
1251,"उनके प्रतिद्वंद्वी दूसरा सिटी डर्बी के रूप में जाना जाता है, जिसमें बर्मिंघम सिटी शामिल है। ऐतिहासिक दृष्टि से हालांकि, वेस्त ब्रोम्विछ अल्बिओन् यकीनन विला की सबसे बड़ी प्रतिद्वंद्वियों में से एक है।",0,[],[]
1252,नासा और अमेरिकी राष्ट्रपति जाॅन एफ.,0,[],[]
1252,कैनेडी ने आर्क की दुर्घटना का पता लगाया था।,0,[],[]
1253,लेजरबीक नाम का मशीनी गिद्ध जैसा डिसेप्टिकाॅन्स ने जेरी की हत्या की है।,0,[],[]
1255,"राॅबर्ट फाॅक्सवाॅर्थ - रैचेट, ऑटोबाॅट्स के मेडिकल ऑफिसर जो सफेद और हरे रंग की 2004 बचाव -खोजी हमर एच2 एंबुलेन्स में बदल जाती है।",0,[],[]
1256,"साउंडवेव - डिसेप्टिकाॅन्स का संपर्काधिकारी है, जो सिल्वर रंग की मर्सिडेस-बेंज़ एसएलएस एएमजी माॅडल की वाहन में बदल जाता है।",0,[],[]
1258,सर माइकल ओजियो पापुआ न्यू गिनी के नौंवे गवर्नर-जनरल थे।,0,[],[]
1260,राजधानी वियेंटाइन है।,0,[],[]
1261,लेसर ने फ्रेंच पेंटिंग अकादमी की स्थापना की थी।,0,[],[]
1262,पद्म पुरस्कार भारत सरकार द्वारा जीवन के विभिन्न क्षेत्रों में विशिष्ट योगदान को मान्यता प्रदान करने के लिए दिया जाता है।,0,[],[]
1263,मेरे पास आपके प्रश्न का उत्तर नहीं है।,0,[],[]
1267,"जब दृश्य पूरा हो जाता है, तो निर्देशक ""कट!""",0,[],[]
1267,कहता है।,0,[],[]
1271,"बॉब चांडलर के मॉन्स्टर ट्रक का नाम ""बिगफुट"" था।",0,[],[]
1272,"पॉल गार्डनर एक करोड़पति, उद्यमी, प्रेरक वक्ता और लोकोपकारक हैं, जिन्होंने 1980 के दशक के प्रारम्भ में अपने नन्हे बेटे क्रिस्टोफर, जूनियर को पालते हुए बेघर होने का सामना किया। उन्होंने अपने संस्मरण, द परस्युट ऑफ हैप्पीनेस का प्रकाशन मई 2006 में हुआ।",0,[],[]
1273,लाल फेरारी में शेयर दलाल में जो आदमी था उसका नाम बॉब ब्रिजेस था।,0,[],[]
1275,"""शेम""",0,[],[]
1276,"मरीज में म्यूकस मेम्ब्रेन में अल्सर और अन्य घाव दिखाई देने लगते हैं, मुंह और होंठ में हमेशा तथा कभी कभी जननांग और गुदा क्षेत्रों में भी ये लक्षण दिखते हैं।",0,[],[]
1277,"दवा प्रतिक्रियाओं में संघ अक्सर पूर्व एशियाई लोगों के लिए प्रतिबंधित होते हैं, क्योंकि HLA-B15 के HLA-B का सेरोटाइप है, HLA-B*1502 (HLA-B75) से महत्त्वपूर्ण रूप से सम्बंधित है।",0,[],[]
1278,संयुक्त राज्य अमेरिका में प्रति वर्ष लगभग 300 नए मामले प्रकाश में आते हैं।,0,[],[]
1279,मेरे पास आपके प्रश्न का उत्तर नहीं है।,0,[],[]
1281,"काइटिन नाइट्रोजन युक्त संशोधित बहुशर्कराइड है, जिसका नाम काइटिन है।",0,[],[]
1282,"काइटिन का औद्योगिक रूप से अनेक प्रक्रियाओं में उपयोग किया जाता है, जिसमें खाद्य पदार्थों एवं औषधियों को गाढ़ा और स्थिर करने के लिए इसका योज्य के रूप में उपयोग किया जाता है।",0,[],[]
1283,थिसेन-बोरनेमिसा अजायबघर प्रादो अजायबघर के पास में स्थित है।,0,[],[]
1284,फतिह अकिन का जन्म 25 अगस्त 1973 को हुआ था।,0,[],[]
1285,फतेह अकिन को।,0,[],[]
1286,"बोइंग 737-200 विमान ने प्रारंभ में लंदन से लूटन, ग्लासगो और एडिनबर्घ के रूट पर यात्रा की थी।",0,[],[]
1287,"मेरे पास आपके प्रश्न का उत्तर है। अंग्रेज़ी विकिपीडिया के बाद इस विकिपीडिया पर प्रयोक्ताओं की सँख्या सर्वाधिक है, लेकिन लेखों की सँख्या के आधार पर यह सातवें स्थान पर है और उन विकिपीडियाओं से पीछे है जिन भाषाओं को बोलने वालों की सँख्या स्पेनी भाषा से कम है जैसे जर्मन, फ़्रान्सीसी, इतालवी और पोलिश।",0,[],[]
1288,वेनेज़ुएला ५.१% था।,0,[],[]
1289,सुप्रीम कोर्ट के न्यायाधीश ६५ वर्ष की आयु में निवृत्त होते हैं।,0,[],[]
1291,फिलिप ह्यूज को क्रिकेट के लिए जाना जाता है।,0,[],[]
1296,उनका बैटिंग औसत 61.86 था।,0,[],[]
1299,खान ने इंग्लैंड के खिलाफ तीन टेस्ट श्रृंखला में 21 विकेट लेकर और बल्ले से औसत 56 बना कर गेंदबाज़ी और बल्लेबाज़ी दोनों में सर्वश्रेष्ठ रहे।,0,[],[]
1303,"गेंद के साथ छेड़-छाड़ करने का जिम्मेदार ख़ान ने स्वीकार किया था। उन्होंने 1994 में कहा कि टेस्ट मैचों के दौरान उन्होंने ""कभी-कभी गेंद के किनारे खरोंचे और सीम को उठाया.""",0,[],[]
1305,एमडीटी का संक्षिप्त नाम मियांवाली विकास ट्रस्ट है।,0,[],[]
1306,"The province located on the eastern coast of China is called Zhejiang, and its English name is Zhejiang Province.",0,[],[]
1307,"मेनका गांधी ने अपनी शिक्षा लारेंस स्कूल, सनवर तथा तदोपरान्त लेडी श्रीराम कालेज, नयी दिल्ली में प्राप्त की。",0,[],[]
1308,मेरे पास आपके प्रश्न का उत्तर नहीं है।,0,[],[]
1309,पुनर्निर्माण के दौरान संपत्ति का स्थान या निर्माण सामग्री पर विचार करने की सिफ़ारिश की जाती है।,0,[],[]
1310,MIC के माध्यम से सहायता के लिए अपील करने के लिए आपको प्रभावित संघ के अंदर या बाहर का कोई भी देश की आवश्यकता है।,0,[],[]
1311,"फ़ेमा होमलैंड सिक्योरिटी विभाग (DHS) के तहत संघीय आपात प्रबंधन एजेंसी है, जिसका मुख्य कार्य आपात प्रबंधन के लिए अग्रणी एजेंसी है।",0,[],[]
1314,"एएस9000 के प्रमुख निर्माता अलाइड-सिग्नल (AlliedSignal), एलीसन इंजिन (Allison Engine), बोइंग (Boeing), जनरल इलेक्ट्रिक एयरक्राफ्ट इंजिन्स (General Electric Aircraft Engines), लॉकहीड-मार्टिन (Lockheed-Martin), मैक-डॉनल डगलस (McDonnell Douglas), नॉर्थरोप ग्रममैन (Northrop Grumman), प्रैट एण्ड ह्विटनी (Pratt & Whitney), रॉकवेल-कॉलिन्स (Rockwell-Collins), सिकोर्स्की एयरक्राफ्ट (Sikorsky Aircraft) और संडस्ट्रैंड (Sundstrand) हैं।",0,[],[]
1315,QS 9000 को ISO/TS 16949 से बदल दिया गया है।,0,[],[]
1316,"QS 9000 व्याख्या पर सहमति व्यक्त की थी मोटर वाहन निर्माताओं की एक समूह जिसमें GM, फोर्ड (Ford), क्रिसलर (Chrysler) शामिल थे।",0,[],[]
1317,ISO/TS 16949:2009 में ISO 9001:2008 और मोटर वाहन उद्योग की विशिष्ट आवश्यकताओं की पूरी विषय-वस्तु शामिल है।,0,[],[]
1318,"मोनोग्राम चयक के बिना API स्पेक Q1 के बराबर है - ISO/TS 29001 पेट्रोलियम, पेट्रोकेमिकल और प्राकृतिक गैस उद्योगों के उत्पादों के डिजाइन, विकास, उत्पादन, स्थापना और सेवा के लिए गुणवत्ता प्रबंधन प्रणाली की आवश्यकता है।",0,[],[]
1321,फिल्म की घोषणा अक्टूबर २०१४ में अवेंजर्स: इन्फिनिटी वॉर - भाग १ के रूप में की गई थी।,0,[],[]
1322,"मार्वल की फिल्म का फिल्मांकन जॉर्जिया की फाइट काउंटी के पाइनवुड एटलांटा स्टूडियो में शुरू हुआ था, इसके बाद स्कॉटलैंड के एडिनबर्ग, ग्लासगो और स्कॉटिश हाइलैंड में जारी रखा गया, हालांकि स्टूडियो संबंधी सभी काम कम्बरनॉल्ड के वार्डपार्क स्टूडियो में हुआ।",0,[],[]
1323,"फिल्मांकन जॉर्जिया की फाइट काउंटी के पाइनवुड एटलांटा स्टूडियो में शुरू हुआ, और इसके बाद स्कॉटलैंड के एडिनबर्ग, ग्लासगो और स्कॉटिश हाइलैंड में जारी रखा गया, हालांकि स्टूडियो संबंधी सभी काम कम्बरनॉल्ड के वार्डपार्क स्टूडियो में हुआ। इसके अलावा, इंग्लैंड के डरहम में स्थित डरहम कैथेड्रल में कुछ दृश्य फिल्माए गए, और न्यू यॉर्क के क्वीन्स में भी फिल्मांकन की प्रक्रिया चली।",0,[],[]
1324,मेरे पास आपके प्रश्न का उत्तर नहीं है।,0,[],[]
1325,"बाल्टिक सागर एनजीओ के सदस्य देश बेलारूस, डेनमार्क, एस्टोनिया, फिनलैंड, जर्मनी, आइसलैंड, लटविया, लिथुनिया, पोलैंड, रूस, नॉर्वे और स्वीडन हैं।",0,[],[]
1327,विश्व एनजीओ दिवस का नाम है।,0,[],[]
1328,मेरे पास आपके प्रश्न का उत्तर नहीं है।,0,[],[]
1330,"विश्व एनजीओ दिवस, न्यूजीलैंड और आस्ट्रेलिया से लेकर उत्तरी और दक्षिणी अमेरिका तक, छह महाद्वीपों में मनाया जाता है।",0,[],[]
1331,उत्तर: एसक्यूएल - सीक्वेंशिअल क्यूइंग लैंग्वेज (SQL) डाटाबेस में प्रयुक्त होने वाली क्वेरी भाषा के नाम पर है।,0,[],[]
1333,"फाउंडेशन नागरिक शिक्षा, अन्तर्राष्ट्रीय राजनीतिक संवाद, और राजनीतिक परामर्श के माध्यम से संगठित उदारवाद को बढ़ावा देती है।",0,[],[]
1334,"यह संस्थापन के कार्यालय यूरोप, एशिया, अमेरिका, और अफ़्रीका में बहुत से हैं।",0,[],[]
1335,"हिंदी में उत्तर: मिश्रित पथरियों में आदर्श रूप से 20 से 80 प्रतिशत कोलेस्ट्रौल होता है। अन्य सामान्य संघटकों में कैल्सियम कार्बोनेट, पॉमिटेट फॉस्फेट, बिलिरुबिन और अन्य पित्त वर्णक हैं।",0,[],[]
1336,"पित्त पथरी के हमले के दौरान किसी को असुविधा पेट के ऊपरी दाहिने हिस्से में हो सकती है, जिसके बाद प्रायः मिचली और उल्टी आती है, जो 30 मिनट से लेकर कई घंटों तक निरंतर बढ़ती ही जाती है। किसी मरीज़ को ऐसा ही दर्द कंधे की हड्डियों के बीच या दाहिने कंधे के नीचे भी हो सकता है।",0,[],[]
1337,"पिताशय की पथरियों का एक संभव उपचार लिथोट्रिप्सी (एक्स्ट्राकॉर्पोरियल शॉक वेव थेरेपी) है, जिसमे अल्ट्रासोनिक शॉक तरंगों को पथरी के एक बिंदु पर एकत्रित करके उसे छोटे टुकड़ों में तोड़ दिया जाता है। इससे ये सरलता से मल के द्वारा निकल जाती हैं। हालांकि, उपचार की यह पद्धति तभी उपयुक्त समझी जाती है जब पथरियों की संख्या बहुत कम हो।",0,[],[]
1338,प्रस्ताव में कॉलेज को १०० एकड़ (४० हेक्टेयर) जमीन मिली थी।,0,[],[]
1341,"मनुष्यों में सामान्य तौर पर हीमोग्लोबिन A होता है, जो दो अल्फा और दो बीटा श्रृंखला से बना होता है और मनुष्यों में सामान्य हीमोग्लोबिन का करीब 96-97% होता है।",0,[],[]
1342,"2007 में लगभग 260 किंडरगार्टन थे, जो 25000 से ज्यादा बच्चों को उनके जीवन के प्रारंभिक वर्षों में प्रोत्साहन दे रहे थे।",0,[],[]
1343,उत्तर: 58 प्रतिशत नामांकित बच्चों के लिए निजी रूप से सेवाएं देते हैं।,0,[],[]
1344,"मोरक्को में प्रीस्कूल को école maternelle, कुतब (Kuttab) या अर-रावड (Ar-Rawd) कहा जाता है। राज्य द्वारा संचालित निशुल्क, मेटरनेले स्कूल पूरे साम्राज्य में उपलब्ध हैं, जहां 2 से 5 साल के बच्चों को शिक्षा दी जाती है (हालांकि कई स्थानों में, 3 साल से छोटे बच्चों को नहीं लिया जाता है).",0,[],[]
1345,बच्चों के किंडरगार्टन जाने की न्यूनतम उम्र 2 साल है।,0,[],[]
1347,"मधुमक्खियों और फूलों के बीच कुछ समान गुण हैं, जिनमें से कुछ निम्नलिखित हैं: * फूलों के अनेक भागों में एक ग्रंथि होती है जिसे पराग (nectar) कहा जाता है जो मधुमक्खियों को आकर्षित करती है। * फूल परागकों को खुशबू और रंग से भी आकर्षित करते हैं। * कुछ फूल परागकों को आकर्षित करने के लिए नक़ल या अनुकरण करते हैं, जैसे कुछ ऑर्किड की प्रजातियाँ फूल सृजित करती हैं जो की मादा मधुमक्खी के रंग, आकार और खुशबू से मेल खाते हैं। * फूल रूपों में भी विशेषज्ञ होते हैं और पुंकेशर (stamen) की ऐसी व्यवस्था होती है कि यह सुनिश्चित हो जाता है कि पराग के दानें परागक पर स्थानांतरित हो जायें जब वह अपने आकर्षित वास्तु पर उतरता है।",0,[],[]
1348,जायांग (pistil) और पुंकेसर (stamen) दोना होते हैं।,0,[],[]
1349,हरमाफ्रोडाइट (hermaphrodite),0,[],[]
1350,जानवरों को फूलों के मधुरस (nectar) और गंध (scent) आकर्षित करता है।,0,[],[]
1351,फूलों के अधिकांश परागन के तरीके मोटे तौर पर दो समूहों में विभाजित किए जा सकते हैं।,0,[],[]
1352,"जब किसी प्रजाति के सभी सदस्य मर जाते हैं, तो इसका मतलब है कि परागणकर्ताओं की जनसंख्या में भी कमी आती है, जिससे लुप्तप्रायः पौधे जातियों का कारण बन जाता है।",0,[],[]
1354,आर्काफ्रुक्टुस लिआओनिंगजेनिसिस (Archaefructus liaoningensis) नामक फूल-पौधे का प्रारंभिक जीवाश्म 125 मिलियन साल पहले दिनांकित किया गया है।,0,[],[]
1355,"फूल पौधे के तने के मध्य/केन्द्र भाग के अग्रभाग का बढ़ना रुक जाता है अथवा चपटे हो जाते हैं, जिसके कारण तने के अंत के बाह्य में लच्छेदार या गोलाकार रूप में कोने फूल जाते हैं।",0,[],[]
1356,फूल स्त्रीत्व (femininity) के साथ जोड़े जाते हैं और कई संस्कृतियों में स्त्रीत्व के प्रतीक के रूप में दिखाई देते हैं।,0,[],[]
1357,"हिंदू पौराणिक कथाओं में कमल (lotus) की महत्वपूर्ण स्थिति है। विष्णु जो कि हिंदू प्रणाली में तीन मुख्य देवताओं में से एक हैं, को अधिकतर कमल के फूल पर सीधा खड़ा चित्रित किया जाता है। कमल के अध्यात्मिक महत्ता को हिंदू परम्परा मानती है, उदाहरण के लिए, यह सृजन के लिए वर्णित की जाति है।",0,[],[]
1359,भनोट की मृत्यु 1986 में हुई थी।,0,[],[]
1360,नीरजा का परिवार मुंबई में स्थानांतरित हो गया था।,0,[],[]
1361,नीरजा ने चालक दल को अपहर्ताओं की उपस्थिति के लिए चेतावनी दी।,0,[],[]
1362,"नीरजा भनोट को अशोक चक्र पुरस्कार दिया गया था क्योंकि उन्होंने अद्भुत वीरता और साहस दिखाया था। वे मरणोपरांत अशोक चक्र से सम्मानित की गई थीं, जो भारत का सर्वोच्च शांतिकालीन वीरता पुरस्कार है।",0,[],[]
1363,जीनिस (GNIS) हिंदी में भौगोलिक नाम सूचना प्रणाली का नाम है।,0,[],[]
1364,"डेटाबेस में स्थलाकृतिक मानचित्र और ग्रन्थसूची सन्दर्भ समाहित हैं, इसलिए वहां किसी वैशिष्ट्य के नाम, जो आधिकारिक संघीय नामों के विकल्प हैं, दर्ज किए जाते हैं। इसके अलावा, प्रोटीनों के नाम, अस्थमा के नाम, मैकमोहन के नाम, एक्सएफ़एल के नाम, असामाजिकता के नाम आदि पाए जा सकते हैं।",0,[],[]
1366,"भावना उत्पन्न करने के लिए संज्ञानात्मक क्रिया की आवश्यकता होती है, जिसमें तर्क देते हैं कि संज्ञानात्मक क्रिया किसी भावना को उत्पन्न करने के लिए आवश्यक है। इस संज्ञानात्मक क्रिया का रूप चेतन या अवचेतन हो सकता है और वैचारिक प्रक्रिया का रूप ले सकता है या नहीं ले सकता है।",0,[],[]
1368,हेगेल ने फ्रांसीसी क्रांति की प्रशंसा की गई थी।,0,[],[]
1369,हेगेल के लिए मध्यस्थता होडर्लिन ने की थी।,0,[],[]
1370,मेरे पास आपके प्रश्न का उत्तर नहीं है।,0,[],[]
1371,Gottfried Wilhelm Leibniz.,0,[],[]
1372,- मेरे पास आपके प्रश्न का उत्तर नहीं है।,0,[],[]
1373,"डच हस्तक्षेप के परिणामस्वरूप नेदरलैंड ईस्ट इंडीज के साथ अनुबंध हुआ, जिसके परिणामस्वरूप डेली की आजादी को पहचानने में मदद मिली।",0,[],[]
1375,सुल्तान ओस्मान महमूद परकासा आलम का जन्म 5 मई 1998 को हुआ था।,0,[],[]
1376,"वारेन बफेट ओमाहा, नेब्रास्का में पैदा हुए थे।",0,[],[]
1377,वर्ष 1970 में बर्कशायर हैथवे के शेयरों का भुगतान किया गया था।,0,[],[]
1378,डॉ.,0,[],[]
1378,में स्वास्थ्य देखभाल और तकनीकी सहायता की कमी थी।,0,[],[]
1379,माताओं को सुझाव दिया गया था कि वे अपने कम वजन के शिशुओं के साथ त्वचा से त्वचा संपर्क रखें।,0,[],[]
1380,ईसा मसीह की शिक्षाओं से जापान का परिचय संत ज़ेवियर ने करवाया था।,0,[],[]
1382,मेरे पास आपके प्रश्न का उत्तर नहीं है।,0,[],[]
1383,80-90% महिलाओं में सेल्युलाईट हो सकता है किशोरावस्था के बाद।,0,[],[]
1384,रेनविक और बर्टेली ने अपने ओवरहेड कैम चार सिलेंडर इंजन का परीक्षण एनफील्ड ऑलडे (Enfield Allday) की चेसिस में किया था।,0,[],[]
1385,"1899 में स्विस, अंग्रेजी और कैटलन फुटबॉल खिलाड़ियों के एक समूह द्वारा स्थापित क्लब कैटलन संस्कृति और कैटलन राष्ट्रवाद का प्रतीक बन चुका है।",0,[],[]
1386,"जोहान च्रुय्फ्फ ने बार्सिलोना क्लब के लिए कॉन्ट्रैक्ट किया था, जिसमें पेप गार्डियोला, जोस मारी बकेरो और त्क्षिकि बेगिरिस्तैन, रोनाल्ड कोएमन्, माइकल लौद्रुप्, रोमारियो और ह्रिस्तो स्तोइछ्कोव् जैसे अंतर्राष्ट्रीय खिलाड़ीयों के साथ हैं।",0,[],[]
1387,रियल मैड्रिड और बार्सिलोना के बीच राष्ट्रीय प्रतियोगिताओं के दौरान स्पेन कैटेलोनिया और कैस्टिले के प्रतिद्वंद्वियों के रूप में इन दो क्लबों को देखा गया है।,0,[],[]
1388,सातवें सीज़न में सात एपिसोड थे।,0,[],[]
1389,मेरे पास आपके प्रश्न का उत्तर नहीं है।,0,[],[]
1391,"न्यूकैसल के लीग के विजेता बनने के लिए कप्तान ह्युघी गैलेचर, नील हैरिस, स्टेन सीमोर और फ्रैंक हड्स्पेथ प्रमुख खिलाड़ी थे।",0,[],[]
1392,सुनील शेट्टी विशेषकर मारधाड़ा और हंसाने वाली फिल्मों के लिए जाने जाते हैं।,0,[],[]
1393,हुसमेट्टिन शलेबी मेवलाना का उत्तराधिकारी था।,0,[],[]
1396,1678 में किला बनना शुरू हुआ।,0,[],[]
1397,"मस्जिद, बिबी पारी और दीवान-ए-आम का मकबरा तीन इमारतें हैं जो किले में मौजूद थीं।",0,[],[]
1399,लज्जा (शामिल है),0,[],[]
1400,रक्तस्राव की अपेक्षा एनीमिया होने का अधिक असामान्य कारण अत्यधिक रक्त-स्राव बेहद कम होना है।,0,[],[]
1401,दर्द को कम होने में 2-3 दिनों में कम हो जाता है।,0,[],[]
1402,आंतरिक बवासीर में मल का रंग सामान्य होता है और इसमें रक्त टॉएलेट पेपर पर दिखता है या शौच स्थान से बह जाता है।,0,[],[]
1403,जोखिम बढ़ाने के लिए और किस के बारे में सोचा गया था?,0,[],[]
1403,"मोटापा, देर तक बैठना, या पुरानी खांसी और श्रोणि तल दुष्क्रिया के बारे में सोचा गया था।",0,[],[]
1404,"रक्तस्राव कुशन सामान्य तौर पर गुहा मार्ग में तीन मुख्य प्रकार के कुशन उपस्थित होते हैं, जिनमें साइनोसॉएड्स होते हैं, जिनकी दीवारों में रक्त वाहिकाओं के समान मांसपेशीय ऊतक नहीं होते हैं। इनमें रक्त स्राव की संभावना नहीं होती है, क्योंकि इनमें रक्त वाहिकाएं होती हैं, जिनका संचालन साइनोसॉएड्स की दीवारों द्वारा होता है।",0,[],[]
1405,"बवासीर का निदान आम तौर पर शारीरिक परीक्षण से किया जाता है। गुदा तथा इसके आसपास के क्षेत्र को देख कर वाह्य या भ्रंश बवासीर का निदान किया जा सकता है। किसी गुदा परीक्षण को करके संभव गुदीय ट्यूमर, पॉलिप, बढ़े हुए प्रोस्टेट या फोड़े की पहचान की जाती है। दर्द के कारण, यह परीक्षण शांतिकर औषधि के बिना संभव नहीं है, हालांकि अधिकांश आंतरिक बवासीर में दर्द नहीं होता है।",0,[],[]
1406,अधिक वज़न वाले लोगों को अधिक भार उठाने से बचना चाहिए।,0,[],[]
1409,"कार्यालय आधारित कई सारी प्रक्रियाएं निष्पादित की जा सकती हैं। ये आम तौर पर सुरक्षित होती हैं, जबकि बेहद कम पश्च प्रभाव जैसे कि पेरिएलन सेप्सिस हो सकते हैं।",0,[],[]
1410,जटिलता दर लगभग 3% होती है।,0,[],[]
1411,अर्श में फीनॉल जैसे एक स्कलेरोसिंग एजेंट का इंजेक्शन लगाया जाता है।,0,[],[]
1412,"स्टेपल की जाने वाली बवासीर की शल्यक्रिया (हेमरॉएडेक्टमी) एक ऐसी प्रक्रिया है जिसमें अर्श के असमान्य रूप से वढ़े ऊतकों को हटाया जाता है, जिसके बाद शेष अर्श ऊतकों को वापस इसकी सामान्य शारीरिक स्थिति में रख दिया जाता है।",0,[],[]
1413,"हिंदी में उत्तर: दोनों लिंगों में लगभग समान रोग संभावनाएं होती हैं, जिसकी होने की दर 45 से 65 वर्ष की उम्र में अधिकतम होती है।",0,[],[]
1414,हेमरॉएड रक्त का स्राव करते हैं।,0,[],[]
1415,ब्रेट को बवासीर के दर्द के कारण शल्य क्रिया की गयी थी।,0,[],[]
1416,यूनाइटेड ब्रेवरीज समूह किंगफिशर एयरलाइंस की मूल कंपनी है।,0,[],[]
1417,किंगफिशर एयरलाइन्स की स्थापना 2003 में हुई थी और उसका मालिक यूनाइटेड ब्रेवरीज समूह था।,0,[],[]
1418,किंगफिशर एयरलाइन की शुरुआत 2003 में हुई थी।,0,[],[]
1419,"उत्तर: 15 अगस्त, 1537 को असुन्सियोन उपनिवेशिक बस्ती की स्थापना की गई थी।",0,[],[]
1420,राष्ट्रपति सरकार और राष्ट्र दोनों का प्रमुख होता है।,0,[],[]
1421,"विधायिका की शक्ति दो कक्षों में विभाजित होती है - ""कैमरा डी दीपुताडोस"" (चैंबर ऑफ डेप्युटीज) और ""कैमरा डी सेनाडोरेस"" (चैंबर ऑफ सेनेटर्स)।",0,[],[]
1422,"न्यूक्लियोकोस्मोक्रोनोलोजीEn (Nuclear Cosmochronology) है, जिसके द्वारा सूर्य की आयु का आकलन किया गया है।",0,[],[]
1423,न्यूट्रिनो का उत्पादन सूर्य की कोर में होता है। सूर्य की कोर में हाइड्रोजन का संलयन हाइड्रोजन को हीलियम में बदलने के साथ न्यूट्रिनो का उत्पादन होता है।,0,[],[]
1424,ट्रयकोमोइसीस की पहचान अल्फ्रेड डोने ने १८३६ में की थी।,0,[],[]
1425,महिलाओं में ट्राइकोमोनास योनिनालिस से संक्रमित होने के लक्षण आमतौर पर एक्सपोजर के 5 से 28 दिनों के भीतर प्रकट होते हैं।,0,[],[]
1426,मानव जननांग पथ इस प्रजाति के लिए एकमात्र जलाशय है। ट्रायकोमोनास यौन या जननांग संपर्क के माध्यम से फैलता है।,0,[],[]
1427,बीटा एंड्रोमेडे के स्पष्ट दृश्य परिमाण की सीमा +२.०१ से २.१० के बीच बदलता रहता है।,0,[],[]
1428,बीटा एंड्रोमेडा एक M0 III श्रेणी का एक लाल दानव तारा है।,0,[],[]
1429,"एबरडीन के इमारतों में स्थानीय रूप से उत्खनित ग्रे ग्रेनाइट का समावेश हुआ करता था, जिसके अभ्रक चांदी की तरह चमका करते हैं।",0,[],[]
1430,ब्यूबॉनिक प्लेग का प्रमुख प्रकोप 1647 में शुरू हुआ था।,0,[],[]
1431,मेरे पास आपके प्रश्न का उत्तर नहीं है।,0,[],[]
1432,1308 में एबरडीन किले को नष्ट किया गया था।,0,[],[]
1433,सुधार 1742 में शुरू होने वाले थे।,0,[],[]
1434,मेरे पास आपके प्रश्न का उत्तर नहीं है।,0,[],[]
1435,"एबरडीन में परंपरागत रूप से, कपड़ा, जहाज निर्माण और कागज बनाने के उद्योगों का बड़े पैमाने पर प्रतिस्थापन किया गया है। हालांकि, पिछले तीन दशकों से इलेक्ट्रॉनिक्स डिजाइन और विकास उद्योग में उच्च प्रौद्योगिकी विकास, कृषि व मछली पकड़ने के क्षेत्र में अनुसंधान तथा तेल उद्योग अब एबरडीन की अर्थव्यवस्था के प्रमुख हिस्सा बन चुके हैं।",0,[],[]
1436,"एबरडीन में इलेक्ट्रॉनिक्स डिजाइन और विकास उद्योग में उच्च प्रौद्योगिकी विकास, कृषि व मछली पकड़ने के क्षेत्र में अनुसंधान तथा तेल उद्योग अब एबरडीन की अर्थव्यवस्था के प्रमुख हिस्सा बन चुके हैं।",0,[],[]
1437,A944 के अतिरिक्त मार्ग कैर्नगोर्म्स है।,0,[],[]
1438,A92 का उपयोग अब पर्यटक रास्ते के रूप में होता है।,0,[],[]
1439,आबूसलायमन सऊदी अरब से हैं।,0,[],[]
1441,टॉम क्रूज ने निकोल किडमैन से फरवरी 2001 में तलाक लिया।,0,[],[]
1442,नाइट्रोसोमोनास और नाइट्रोकॉकस अमोनिया का ऑक्सीकरण नाइट्राइट (NO2) में करते हैं।,0,[],[]
1443,बेट्स कैम्ब्रिज में ढाई साल रहीं।,0,[],[]
1444,उसने 2007 में कैम्ब्रिज विश्वविद्यालय से ग्रेजुएशन की थी।,0,[],[]
1446,"2010 में कैलिनिनग्राद की आबादी 431,902 थी।",0,[],[]
1447,"मेराडोना की सोलहवीं सालगिरह 20 अक्टूबर 1976 को थी, इसलिए 1 नवम्बर, 1976 को मेराडोना की आयु 16 साल थी।",0,[],[]
1449,"हान राजवंश की कहानी सैनिक और निजी लड़ाई, षड्यंत्र, और संघर्ष का वर्णन करती है, जो एक सदी के अवधि में होते हैं।",0,[],[]
1450,सेंट पीटरबर्ग में सीमेंस की शाखा 1855 में खोली गई थी।,0,[],[]
1451,ज्योति बसु का जन्म ८ जुलाई १९१४ को हुआ था।,0,[],[]
1452,१९६४ में जब भारतीय कम्युनिस्ट पार्टी का विभाजन हो गया तो बसु नए भारत की कम्युनिस्ट पार्टी (मार्क्सवादी) के पोलित ब्यूरो के पहले नौ सदस्यों में से एक बने।,0,[],[]
1454,मैक्स,0,[],[]
1456,"इटुरी अफ़्रीका के मध्य में स्थित कांगो लोकतान्त्रिक गणराज्य के पूर्वी प्रान्त (ओरियेन्ताल, Orientale) का एक पूर्वोत्तरी क्षेत्र है जो ऐल्बर्ट झील से पश्चिम में स्थित है।",0,[],[]
1457,"इटुरी प्रांत कांगो लोकतान्त्रिक गणराज्य के पूर्वी प्रान्त में स्थित है, जो ऐल्बर्ट झील से पश्चिम में स्थित है।",0,[],[]
1458,लंबे समय तक शराब के इस्तेमाल से मस्तिष्क के केन्द्रीय तंत्रिका तंत्र और परिधीय तंत्रिका तंत्र क्षतिग्रस्त हो सकता है।,0,[],[]
1459,तीव्र निकासी के लक्षण एक से तीन सप्ताह बाद कम होते हैं।,0,[],[]
1460,"AUDIT शराब सेवन विकार पहचान परीक्षण है, जिसे विश्व स्वास्थ्य संगठन द्वारा विकसित किया गया है। यह एक जांच प्रश्नावली है जिसका इस्तेमाल शराब सेवन की समस्या की पहचान करने के लिए किया जाता है।",0,[],[]
1461,शराबखोरी का एक निदान DSM-IV के अनुसार शराब पर निर्भरता की पहचान है।,0,[],[]
1463,"हिंदी में उत्तर: शराबीपन से ग्रसित होने का खतरा पुरुषों में 10 से 20 प्रतिशत और महिलाओं में 5 से 10 प्रतिशत लोगों में होता है। इसके अलावा, विश्व स्वास्थ्य संगठन का अनुमान है कि दुनिया भर में लगभग 1400 लाख लोग शराब निर्भरता से पीड़ित हैं।",0,[],[]
1464,28 लाख से अधिक थी।,0,[],[]
1465,शराबीपन की परिभाषा कई बार बदली गई है। इसकी आधुनिक चिकित्सीय परिभाषा को कई बार संशोधित किया गया है। अमेरिकन मेडिकल एसोसिएशन वर्तमान में शराबीपन शब्द का प्रयोग एक विशेष चिरकालिक प्राथमिक रोग के सन्दर्भ में करता है।,0,[],[]
1466,"अली का वास्तविक नाम माहेर-शालाल-हैश-बाज़ था, जो बाइबिल के भविष्यवाणियों का नाम है।",0,[],[]
1467,"यह उत्तर है: जबेल मूकबेर, पूर्व यरुशलम का निवासी था।",0,[],[]
1468,महिलाओं के लिए आरक्षित सीटें ६० होती हैं।,0,[],[]
1469,आरडीएफआरएस की स्थापना 2006 में हुई थी।,0,[],[]
1471,उन्होंने आधुनिक बल्लेबाजी का आविष्कार किया था।,0,[],[]
1472,क्रिस्टोफर नोलन की नागरिकता अंग्रेज-अमेरिकी है।,0,[],[]
1473,"नोलेन की अधिकांश फ़िल्मों के सह-लेखक उनके छोटे भाई, जोनाथन नोलेन हैं।",0,[],[]
1474,"नोलन की माँ, क्रिस्टिना (पूर्व जेन्सेन), एक उड़ान परिचारक एवं अंग्रेजी शिक्षिका थी।",0,[],[]
1477,उसकी पत्नी का व्यवसाय शिक्षण था। वह एक साथी शिक्षक थी और पुर्तगाली के रूप में माध्यमिक विद्यालयों में काम करती थी।,0,[],[]
1478,फ्रीयर को सामाजिक सेवा के शिक्षा और संस्कृति विभाग के निदेशक नियुक्त किया गया था।,0,[],[]
1479,फ्रेयर को 70 दिनों के लिए एक गद्दार के रूप में कैद किया गया था।,0,[],[]
1480,काले विल्डबीस्ट के अयाल के रंग की सीमा क्रीम से लेकर काले रंग की होती है।,0,[],[]
1481,1996 में रिलीज किया गया था।,0,[],[]
1482,लेवि स्पियर पार्मली ने दांतों के लोमक के प्रथम रूप के अन्वेषण का श्रेय दिया जाता है।,0,[],[]
1483,मेरे पास आपके प्रश्न का उत्तर नहीं है।,0,[],[]
1485,कैस्पारियन की परवरिश कैलिफ़ोर्निया की रेसेडा उपनगरी में हुई थी।,0,[],[]
1486,"अना कास्पारियन का जन्म 7 जुलाई 1986 को लॉस एंजिल्स, कैलिफ़ोर्निया में हुआ था।",0,[],[]
1487,अलका याज्ञिक की माँ शोभा याज्ञिक गायक थीं।,0,[],[]
1488,एलिजाबेथ हर्ले की माँ का व्यवसाय केंपशॉट इन्फेण्ट स्कूल में टीचर था।,0,[],[]
1489,1981-1982 की बात है जब मैं 16 वर्ष की थी।,0,[],[]
1491,यदि वे सामान्य सीमाओं के बाहर होते हैं तो ओजीटीटी (OGTT) का समावेश किया जाता है।,0,[],[]
1492,उत्तर: 1 घंटे और 2 घंटे के बाद मापा जाता है।,0,[],[]
1493,गर्भावस्था के दौरान रक्त ग्लूकोज़ स्तरों की निगरानी रखी जाती है।,0,[],[]
1494,2000-2500 किलो कैलोरी की आवश्यकता होती है।,0,[],[]
1495,पद्मा लक्ष्मी का नाम टॉप शेफ के मेजबान था।,0,[],[]
1496,शादी 2 जुलाई 2007 को टूट गई थी।,0,[],[]
1497,"पुस्तक के अनुवाद या प्रकाशन से जुड़े कई लोगों पर हमले हुए, कई गंभीर रूप से घायल हुए और यहाँ तक कि मारे भी गए।",0,[],[]
1498,"अंत:दंत्य उपचार की आवश्यकता होती है। अंत:दंत्य विशेषज्ञ दंतोपकार में कई प्रक्रियाओं का प्रयोग करते हैं जिनमें अंत:दंत्य चिकित्सा (आमतौर पर इसे ""रूट कैनाल उपचार"" के नाम से जाना जाता है), अंत:दंत्य पुनरोपचार, शल्य चिकित्सा, फटे दांतों का इलाज और दंत अपघात का उपचार शामिल है। रूट कैनाल उपचार सबसे आम अंत:दंत्य प्रक्रियाओं में से एक है।",0,[],[]
1499,वर्ष 2008 में मुख्य-भूमि चीन में छींगमिंग त्यौहार को राष्ट्रव्यापी सार्वजनिक अवकाश के रूप में घोषित किया गया।,0,[],[]
1500,मेरे पास आपके प्रश्न का उत्तर नहीं है।,0,[],[]
1501,मंगोलिया की साइगा की एक उपजाति (S. t. mongolica) पश्चिमी मंगोलिया में पाई जाती है।,0,[],[]
1502,साइगा अत्यंतनूतन युग (प्लाइस्टोसीन​) में उत्तर अमेरिका में भी रहते थे। अब इनका क्षेत्र बहुत सिकुड़ चुका है।,0,[],[]
1503,"साइगा में लम्बे फ़ासलों को तय करने और नदियों को तैरकर पार करने की क्षमता है, लेकिन यह पत्थरीले क्षेत्रों और खाइयों-पहाड़ों से दूर रहते हैं। इनकी युग्मन (ब्याहने की) ऋतू नवम्बर में शुरू होती है और नर आपस में मादाओं के लिए लड़ते हैं। जीतने वाले नर को ४ से ५० मादाओं का दस्ता मिल जाता है।",0,[],[]
1504,मेरे पास आपके प्रश्न का उत्तर नहीं है।,0,[],[]
1505,"गुइयांग (贵阳, Guiyang) दक्षिणी चीन के गुइझोऊ प्रांत की राजधानी है।",0,[],[]
1506,"गुइयांग १,१०० मीटर की ऊँचाई पर स्थित है, जबकि समुद्र की ऊँचाई शून्य मीटर है, इसलिए गुइयांग समुद्र से १,१०० मीटर ऊँचा है।",0,[],[]
1507,गुइयांग दक्षिणी चीन के गुइझोऊ प्रांत की राजधानी है।,0,[],[]
1508,मेरे पास आपके प्रश्न का उत्तर नहीं है।,0,[],[]
1509,कोमोरोस शब्द की उत्पत्ति अरबी भाषा के शब्द क्वामार (चान्द) से हुई है।,0,[],[]
1510,"कोमोरोस में तीन आधिकारिक भाषाएँ हैं: शिकोमोरी, अरबी और फ़्राँसीसी।",0,[],[]
1511,ईसाई धर्म के साथ है। फ्राँस से आए अप्रवासियों में ईसाई धर्म प्रमुख है जिनमें मुख्यतः रोमन कैथलिक हैं।,0,[],[]
1512,सुन्नी इस्लाम ९८% जनसंख्या का प्रतिनिधित्व करता है।,0,[],[]
1514,बियोवुल्फ़ ड्रेगन की हत्या करता है।,0,[],[]
1515,बियोवुल्फ़ राक्षसों और जानवरों से लड़ने के लिए लंबी दूरियों की यात्राएं करता है।,0,[],[]
1516,बाहरी दलों के साथ स्थिर मूल्य संकुचन जोखिम को सीमित करते हैं।,0,[],[]
1517,"विलियम्स का जन्म १९ सितंबर, १९६५ को हुआ था।",0,[],[]
1518,2001 में अमेरिका में एचआईवी का संक्रमण होने की दर प्रत्येक रक्त चढ़ाने की क्रिया के लिये 25 लाख में से एक थी।,0,[],[]
1519,मेरे पास आपके प्रश्न का उत्तर नहीं है।,0,[],[]
1520,एचआईवी परीक्षण के दो नाम हैं - एंजाइम-लिंक्ड इम्यूनोसार्बेंट एसे (एलिसा) और एंजाइम इम्यूनोएसे (ईआईए)।,0,[],[]
1521,आरटी-पीसीआर परीक्षण में रिवर्स ट्रांसक्रिप्टेज (आरटी) डाल कर वाइरल आरएनए (RNA) को सीडीएनए (cDNA) में परिवर्तित किया जाता है।,0,[],[]
1522,मैरी प्रथम के पिता हेनरी अष्टम थे।,0,[],[]
1526,"जुड़वाँ बच्चे कुछ मामलों में संयुक्त जुड़वाँ होते हैं, इसके अलावा गर्भ में जुड़वाँ बच्चों द्वारा साझे किये गए वातावरण के कई स्तर हो सकते हैं, जिससे गर्भावस्था में जटिलता की संभावना बढ़ जाती है।",0,[],[]
1527,डेयरी उत्पादों में इंसुलिन जैसा वृद्धि कारक पाया गया है।,0,[],[]
1528,वैनिशिंग ट्विन सिंड्रोम के रूप में जाना जाता है।,0,[],[]
1529,"पद्धति का उपयोग जुड़वाओं के अध्ययन के लिए किया गया है, जिसमें एकयुग्मनज और द्वियुग्मनज जुड़वां बच्चों की चिकित्सीय, आनुवांशिक या मनोवैज्ञानिक विशेषताओं की तुलना करके यह प्रयास किया जाता है कि जीन अभिव्यक्तियों या पर्यावर्णीय प्रभाव से आनुवांशिकी प्रभाव को अलग कर सकें।",0,[],[]
1530,फाइब्रोसिस्टिक रोग के परिणामस्वरूप स्तनों के अंदर सिस्ट की प्रगति हो सकती है।,0,[],[]
1531,"मैमोग्राम में स्तन का सिर से लेकर पैर तक की (कार्नियोकैडुअल, सीसी) छवि और तिरछी छवि दोनों ली जाती हैं। नैदानिक मैमोग्राम में इनके अलावा आशंका के एक खास क्षेत्र के ज्यामितिय विस्तारित और उस स्थल के संकुचन की छवियों सहित अन्य छवियां शामिल हो सकती हैं।",0,[],[]
1532,निस्सिन फूड्स त्वरित नूडल बनाती है।,0,[],[]
1533,कार्ल्सबर्ग प्रयोगशाला में सोरेंसन ने 1901 से 1938 के दौरान प्रोटीन पर आयन एकाग्रता के प्रभाव का अध्ययन किया और पीएच-स्केल को व्यक्त करने के एक सरल तरीके के रूप में पेश किया।,0,[],[]
1534,कोपेनहेगन विश्वविद्यालय में पढ़ने गए।,0,[],[]
1535,हैरियट बीचर स्टोव का जन्म 14 जून 1811 को हुआ था।,0,[],[]
1536,स्टो दंपत्ति के सात बच्चे थे।,0,[],[]
1537,पुस्तक की तीन लाख से अधिक प्रतियां एक वर्ष से कम समय में बिकीं।,0,[],[]
1538,"डिजिटल वॉटरमार्किंग में सिग्नल ऑडियो, चित्र या वीडियो हो सकता है।",0,[],[]
1539,"डिजिटल सिग्नल में वाटरमार्क को प्रसारित किया जा सकता है, जैसे कि ऑडियो, चित्र या वीडियो में।",0,[],[]
1540,रोनाल्डिन्हो का बेटा 25 फ़रवरी 2005 को जन्मा था।,0,[],[]
1541,रोनाल्डिन्हो ने स्थानीय टीम के खिलाफ खेल में 23 में से 23 गोल किए थे।,0,[],[]
1542,रोनाल्डिन्हो ने 2001 में एक अनुबंध पर हस्ताक्षर किए।,0,[],[]
1544,"अनाज की माल्टिंग करने से स्टार्च में शर्कराओं की दृष्टि से यवसार एंजाइम पैदा होते हैं, जो स्टार्च को उफनाने योग्य शर्करा में परिवर्तित करते हैं।",0,[],[]
1545,पीले लेगर्स में औसतन 5% से अधिक अल्कोहल होता है।,0,[],[]
1546,"मद्यनिर्माण उद्योग एक वैश्विक व्यापार है, जिसमें अनेक प्रभावी बहुराष्ट्रीय कंपनियां हजारों की संख्या में छोटे उत्पादक शराब की भट्टियों से शुरू कर आंचलिक सुराकर्मशालाओं तक शामिल हैं। इसका वैश्विक राजस्व की कुल 294.5 बिलियन डॉलर (147.7 बिलियन पौण्ड) की आय हुई है।",0,[],[]
1547,बियर दुनिया में सबसे पुराना और सबसे व्यापक रूप से मादक पेय में से एक है। इसका उपभोग संसार के सभी देशों में किया जाता है और शराब की तुलना में इसकी बिक्री चौगनी अधिक है।,0,[],[]
1548,"हालांकि संचार में अमौखिक संचार का 80 प्रतिशत से अधिक होने का दावा किया गया है, लेकिन यह संख्या सभी तरह के संचार के लिए लागू नहीं है। विभिन्न अध्ययनों से पता चलता है कि प्रायः संचार चेहरे के भावों के ज़रिये ही कर लिया जाता है यानी बोली गई बातों की तुलना के 4.3 गुना अवसरों पर चेहरे के भाव ही संचार का माध्यम बनते हैं। एल्बर्ट मेहराबियन का नियम भी संकेत देता है कि शब्द, स्वर और शारीरिक भाषा का कुल संचार में क्रमशः 7%, 38% और 55% का योगदान है। हालांकि बातचीत में आवाज़ के स्वर से भाषा का कितना प्रतिशत संचार होता है, इसका कोई सटीक प्रतिशत नहीं है, लेकिन यह संकेत देता है कि आवाज़ के स्वर से भाषा का संचार महत्वपूर्ण है।",0,[],[]
1549,पोर्ट ऑफ बैटन रूज मिसिसिपी नदी बंदरगाह पर स्थित है और जहाजों से निपटने में सक्षम है।,0,[],[]
1551,"चने की ही एक किस्म को काबुली चना या प्रचलित भाषा में छोले भी कहा जाता है। ये अफ्गानिस्तान, दक्षिणी यूरोप, उत्तरी अफ़्रीका और चिली में पाए जाते रहे हैं। भारतीय उपमहाद्वीप में अट्ठारहवीं सदी से लाए गए हैं, व प्रयोग हो रहे हैं।",0,[],[]
1552,"रज़ा साहिब की मृत्यु शुक्रवार, 28 अक्टूबर 1921 सीई (25 सफ़र, 1340 हिजरी) में बरेली में हुई थी।",0,[],[]
1553,1930 के दशक के आरंभ में किपलिंग की लेखनी में सफलता काफी धीमी हो गई थी और उनकी रचनाएं पहले के मुकाबले कम सफल थीं।,0,[],[]
1554,हार्डी की पहली पत्नी का नाम एमा लैविनिया गिफ़र्ड था।,0,[],[]
1555,पर्वत आम तौर पर एक पहाड़ी से steeper है।,0,[],[]
1557,"उत्थान के समय होने वाली घटना को ""Compressional बलों, isostatic उत्थान और आग्नेय बात बलों की घुसपैठ"" कहा जाता है।",0,[],[]
1558,जापान में माउंट फ़ूजी है।,0,[],[]
1559,"कटाव पहाड़ों के एजेंटों के कारण होता है, जैसे पानी, हवा, बर्फ, और गुरुत्वाकर्षण। इन एजेंटों के कारण पहाड़ों की चट्टानों की सतह की ऊंचाई कम हो जाती है, जिससे पहाड़ों को खुद के लिए फार्म की तुलना में छोटा होने का कारण बनता है।",0,[],[]
1560,सेण्ट थॉमस एक्विनास का जन्म 1225 में हुआ था।,0,[],[]
1562,१९वीं सदी से शुरू होता है।,0,[],[]
1563,1992 में कूपर्स एंड लिब्रैंड का नाम बदलकर कूपर्स एंड लिब्रैंड डेलोटी रखा गया था।,0,[],[]
1564,MCS का अर्थ है प्रबंधन परामर्श सेवा (Management Consulting Service)।,0,[],[]
1565,मेरे पास आपके प्रश्न का उत्तर नहीं है।,0,[],[]
1566,मेरे पास आपके प्रश्न का उत्तर नहीं है।,0,[],[]
1568,"यूरोप और उत्तर अमेरिका का हिस्सा 81% है, और अकेले यूरोप का हिस्सा अकेले 45% है। इसके अलावा, प्राइसवॉटरहाउस कूपर्स के लेखापरीक्षा ग्राहकों में संयुक्त राज्य अमेरिका की 10 सबसे बड़ी सार्वजनिक कंपनियों में से चार और युनाइटेड किंगडम की 10 सबसे बड़ी सार्वजनिक कंपनियों में से चार शामिल हैं।",0,[],[]
1569,"२००६ के संसदीय चुनाव में केंद्र पार्टी को ४३७३८९ मत (७.८८%, २९ सीटें) मिले।",0,[],[]
1571,"सर्वोच्च बिंदु समुद्र तल से 2,111 मीटर (6,926 फीट) ऊपर है।",0,[],[]
1572,तीसरा सबसे बड़ा शहर मालमो है।,0,[],[]
1573,"स्वीडन के विदेशी पृष्ठभूमि वाले निवासी मुख्यतः सीरिया, फिनलैंड, इराक, पोलैंड, ईरान और सोमालिया से हैं।",0,[],[]
1574,स्वीडन में एक निर्यात उन्मुख मिश्रित अर्थव्यवस्था है।,0,[],[]
1575,स्वीडन दुनिया का नौवां सबसे बड़ा हथियार निर्यातक देश है।,0,[],[]
1576,स्वीडन के सबसे प्रसिद्ध मूर्तिकारों में टोबीस सर्गल और कार्ल मिलस शामिल हैं।,0,[],[]
1578,मोर्स ने येल कॉलेज में बेंजामिन फ्रेंकलिन और जेरेमिया डे के द्वारा विद्युत विषय पर दिए गए वक्तव्यों में भाग लिया।,0,[],[]
1579,मोर्स रेनेसेन्स की नयी शास्त्रीय कला से प्रभावित था।,0,[],[]
1580,द डाइंग हर्क्युलेज,0,[],[]
1581,38 मील (61 कि॰मी॰),0,[],[]
1582,"उटिका, न्यूयॉर्क में सारा एलिजाबेथ ग्रिस्वोल्ड का विवाह 10 अगस्त 1848 को हुआ था।",0,[],[]
1583,"वर्ष 2002 में 20 दीनार का नोट शामिल किया गया था, लेकिन 10 दीनार का नोट वर्ष 1971 में ही जारी किया गया था।",0,[],[]
1585,हूप्स में बदलाव के बाद बॉल ने एक लंबे डावल से भोंक कर बाहर निकाला गया था।,0,[],[]
1587,महिला बास्केटबॉल चैंपियनशिप में 1905 में अमेरिकी शारीरिक-शिक्षा संघ द्वारा निर्धारित नियम थे। इन नियमों ने प्रत्येक टीम में छह से नौ खिलाड़ियों और 11 अधिकारियों को रखने की मांग की।,0,[],[]
1588,"FIBA का गठन आठ संस्थापक देश, अर्जेंटीना, चेकोस्लोवाकिया, ग्रीस, इटली, लातविया, पुर्तगाल, रोमानिया और स्विट्ज़रलैंड द्वारा किया गया था।",0,[],[]
1589,"हिंदी में उत्तर: थ्री-पॉइंट आर्क का मूल्य 6.25 मीटर (20.5 फीट) है, जो अंतर्राष्ट्रीय खेलों में टोकरी से है।",0,[],[]
1590,"हिंदी में उत्तर: दक्षिण कोरियाई लोगों द्वारा महत्वपूर्ण तत्वों के रूप में देखी जाती है आम भाषा और विशेष रूप से दौड़ नागरिकता से अधिक, पहचान के संदर्भ में।",0,[],[]
1591,"1985 में, जनगणना कुल 40,466,577 थी।",0,[],[]
1592,1955 में दक्षिण कोरिया की आबादी लगभग 21.5 मिलियन थी।,0,[],[]
1593,"1949 में दक्षिण कोरिया की पहली आधिकारिक जनगणना में, कुल आबादी की गणना 20,188,641 लोगों की थी।",0,[],[]
1594,होम्स और बेल के बीच एक जैसा था कि दोनों छोटे-छोटे निरीक्षणों से बड़े निष्कर्ष निकालने के लिए जाने जाते थे।,0,[],[]
1595,उत्तर: होम्स कोकीन का सात प्रतिशत के घोल में उपयोग करता है।,0,[],[]
1596,प्रत्येक प्रदर्शनी में चीजें हैं।,0,[],[]
1600,मेरे पास आपके प्रश्न का उत्तर नहीं है।,0,[],[]
1601,सिस्टोस्कोपी के दो प्रकार हैं - फ्लेक्सिबल तथा रिजिड - यह सिस्टोस्कोप के लचीलेपन के अंतर पर आधारित होती है।,0,[],[]
1602,इंघम की मृत्यु 1974 में हुई थी।,0,[],[]
1603,केरल अनूपझीलें या केरल बैकवॉटर्स भारत के दक्षिण में स्थित केरल राज्य में अरब सागर से सामांतर कुछ दूरी पर स्थित खारी अनूप झीलों और झीलों की एक शृंखला है। इसमें प्राकृतिक और कृत्रिम नहरों द्वारा जुड़ी हुई पाँच बड़ी झीलें हैं जिनमें ३८ नदियाँ जल लाती हैं।,0,[],[]
1605,म्यूनिख में परिवार के साथ नियमित रूप से दौरा के दौरान वह अक्सर उसके चचेरे भाई अल्बर्ट के साथ खेला करती थी।,0,[],[]
1606,"1933 में अल्बर्ट आइंस्टीन और एल्सा प्रिंसटन, न्यू जर्सी, संयुक्त राज्य अमेरिका में रहने लगे।",0,[],[]
1607,श्रम आंदोलन का लक्ष्य है। श्रम आंदोलन का मतलब है श्रमिकों और कामगार वर्ग के हितों का प्रतिनिधित्व करने के लिए सामूहिक संगठनों का गठन और सरकारों और कर्मचारियों से संबंधों को शासित करने वाले विशिष्ट कानूनों के कार्यान्वयन के माध्यम से बेहतर आचरण के लिए अभियान चलाना।,0,[],[]
1608,सर इसाक विवियन्स का पेशा क्रिकेटर था।,0,[],[]
1610,"प्रांत के नाम का अर्थ ""लगान-मुक्त नगर"" है।",0,[],[]
1611,मेरे पास आपके प्रश्न का उत्तर नहीं है।,0,[],[]
1612,जोखिम विश्लेषण को समय-समय पर अद्यतन किया जाना चाहिए।,0,[],[]
1613,हरमन मिन्कोस्की संख्याओं की ज्यामिति का सृजन एवं विकास के लिए जाने जाते हैं।,0,[],[]
1614,मेक्सिको में 31 राज्य हैं।,0,[],[]
1615,मिग-25 को कम ऊंचाई पर उड़ने में कठिनाई होती है।,0,[],[]
1616,मेरे पास आपके प्रश्न का उत्तर नहीं है।,0,[],[]
1617,मिग-25 की गति मैक 2.83 तक सीमित है लेकिन यह इंजन की क्षति के जोखिम के साथ मैक 3.2 या अधिक की अधिकतम गति तक पहुंच सकता है।,0,[],[]
1618,कांच से शुद्ध प्रिज्म को वुलैस्टन (Wollastan) ने 1802 ई.,0,[],[]
1618,में बनाया था।,0,[],[]
1620,डाटा प्रवाह मशीन आम तौर पर VHDL या वेरिलोग हार्डवेयर वर्णन भाषाओं का उपयोग करती है।,0,[],[]
1621,"बृहस्पति का अनेक अवसरों पर रोबोटिक अंतरिक्ष यान द्वारा, विशेष रूप से पहले पायोनियर और वॉयजर मिशन के दौरान और बाद में गैलिलियो यान के द्वारा, अन्वेषण किया जाता रहा है।",0,[],[]
1622,"वातावरण में हाइड्रोजन, हीलियम, मीथेन, जल वाष्प, अमोनिया और सिलिकॉन आधारित यौगिक पाया जा सकता है। इसके अलावा, कार्बन, इथेन, हाइड्रोजन सल्फाइड, फोस्फाइन और सल्फर के होने के संकेत भी मिले हैं।",0,[],[]
1623,"बृहस्पति पर सौरमंडल का सबसे बड़ा ग्रहीय वायुमंडल है, जो उंचाई में ५००० कि॰मी॰ तक फैला हुआ है।",0,[],[]
1624,बृहस्पति ग्रह में विभिन्न अक्षांशों के बादलों के लिए उष्णकटिबंधीय क्षेत्रों को हल्के रंग के क्षेत्रों (zones) और गहरे रंग की पट्टियों (belts) में उप-विभाजित किया गया है।,0,[],[]
1626,शंकु आकार की सतह के साथ ऊर्जा का संचार होता है।,0,[],[]
1627,"बृहस्पति की चाल पृथ्वी के सन्दर्भ में बदलती है। इसका कोणीय व्यास ५०.१ से २९.८ आर्क सेकंडों तक बदलता है और इसका दृश्य परिमाण भी बदलता है, जैसे निम्न विमुखता पर -२.९ जैसी तेज चमक से लेकर सूर्य के साथ संयोजन के दौरान -१.६ जैसा मंद।",0,[],[]
1628,३६२ इ.पू.,0,[],[]
1628,में बृहस्पति के चन्द्रमाओं में से एक की खोज की गई थी।,0,[],[]
1629,दसियों मीटर की तरंग दैर्ध्य के साथ डेकामीट्रिक रेडियों बौछारें हैं।,0,[],[]
1630,बृहस्पति के वातावरण में गर्मी द्वारा तापीय विकिरण उत्पन्न होता है।,0,[],[]
1631,"पायोनियर १० अंतरिक्ष यान सबसे उल्लेखनीय अंतरिक्ष यान है, जिसने बृहस्पति के इतना पर्याप्त करीब पहुचने वाला पहला अंतरिक्ष यान था।",0,[],[]
1632,"लाप्लास रेजोनेंस के कारण तीन बड़े चन्द्रमाओं के गुरुत्वाकर्षण प्रभाव होता है, जिनके नाम आयो, युरोपा और गैनिमीड हैं।",0,[],[]
1633,बृहस्पति के चंद्रमाओं की कक्षाएं बृहस्पति के विषुववृत्त तल के नजदीक है और करीब-करीब वृत्ताकार है तथा बृहस्पति के साथ बने हुए लगते है।,0,[],[]
1634,बृहस्पति ग्रह का उल्लेख किया गया है।,0,[],[]
1635,उसकी मूल भाषा अज़ेरी है।,0,[],[]
1636,बांग्लादेश का स्वतंत्रता संग्राम के शहीदों की याद में निर्मित राष्ट्रीय स्मारक के बारे में पढ़ा गया है कि १९७१ के बांग्लदेश लिबरेशन वाॅर के शहीदों के समर्पण एवं वीरता के प्रतीक के रूप में देखा जाता है।,0,[],[]
1637,"मुख्य स्मारक ७ समद्विबाहु त्रिकोणीय पिरामिड आकार की संरचनाओं से बना है, जिसमें से मध्यतम त्रिकोण सबसे ऊंचा है।",0,[],[]
1638,मेरे पास आपके प्रश्न का उत्तर नहीं है।,0,[],[]
1639,"राखी सावंत के भाई, राकेश सावंत का पेशा फिल्म निर्देशक है।",0,[],[]
1640,राखी सावंत टेलिविज़न शो मेज़बान हैं।,0,[],[]
1641,पॉल सोफस एप्सटीन का विचार था कि पॉलफ्लूक्त परिकल्पना गलत है।,0,[],[]
1642,महाद्वीपीय प्रवाह के अब व्यापक साक्ष्य हैं। विभिन्न महाद्वीपों के तटों पर मिलते-जुलते पौधे और पशुओं के जीवाश्म पाए जाने से ऐसा लगता है कि वे कभी जुड़े हुए थे।,0,[],[]
1643,मेरे पास आपके प्रश्न का उत्तर नहीं है।,0,[],[]
1644,परीक्षण प्लैटफ़ार्म का नाम बोइंग एक्स-40 है।,0,[],[]
1645,"पहला एक्स-40 परीक्षण 11 अगस्त 1998 को हॉलीमन एएफबी, न्यू मैक्सिको में हुआ था।",0,[],[]
1646,"माइग्रेन सिरदर्द से पीड़ित एक तिहाई लोगों को ऑरा के माध्यम इसका पूर्वाभास हो जाता है, जो कि क्षणिक दृष्य, संवेदन, भाषा या मोटर (गति पैदा करने वाली नसें) अवरोध होता है और यह संकेत देता है कि शीघ्र ही सिरदर्द होने वाला है। लगभग दो तिहाई मामले पारिवारिक ही होते हैं।",0,[],[]
1647,माइग्रेन सिरदर्द में पर्यावरणीय और आनुवांशिकीय कारकों के मिश्रण से होता है। लगभग दो तिहाई मामले पारिवारिक ही होते हैं। अस्थिर हार्मोन स्तर भी एक भूमिका निभा सकते हैं।,0,[],[]
1648,"माइग्रेन के कारणों के बारे में अभी तक पूरी तरह से पता नहीं चला है, लेकिन माना जाता है कि यह पर्यावरणीय और आनुवांशिकीय कारकों के मिश्रण से होता है। लगभग दो तिहाई मामले पारिवारिक ही होते हैं। अस्थिर हार्मोन स्तर भी एक भूमिका निभा सकते हैं।",0,[],[]
1649,माइग्रेन को स्टेटस माइग्रेनॉसस माना जाता है जब वह 72 घंटे से अधिक चलने वाला हो।,0,[],[]
1650,माइग्रेन का अनुवांशिक विकार कारण 34 से 51% संभावना से विकसित होने में आता है।,0,[],[]
1651,"माइग्रेन्स के संबंध में पहले यह माना जाता था कि उच्च बुद्धिमत्ता वाले लोगों काफी आम होता है, लेकिन ऐसा सही नहीं दिखता है।",0,[],[]
1653,रेटिनल माइग्रेन में माइग्रेन सिरदर्द शामिल होता है जिसके साथ दृश्य गड़बड़ी या एक आंख में भी अस्थायी अंधापन हो सकता है।,0,[],[]
1654,"माइग्रेन के निदान विवादास्पद हैं, लेकिन कुछ साक्ष्य यह संकेत करते हैं कि सिर दर्द के अभाव में बार बार होने वाले पेट दर्द के प्रसंग, माइग्रेन का एक प्रकार हो सकते हैं। या कम से कम सिरदर्द के पूर्ववर्ती हो सकता हैं। माइग्रेन के प्रारंभिक या प्राथमिक लक्षण हो सकते है या नहीं भी हो सकते हैं और आम तौर पर कुछ मिनटों से लेकर कुछ घंटों तक जारी रह सकते हैं। वे अक्सर या तो व्यक्तिगत या विशिष्ट रूप से माइग्रेन के पारिवारिक इतिहास वालों में होते हैं।",0,[],[]
1657,दवायें तब अधिक प्रभावी हैं जब दौरे की शुरुआती अवस्था में उपयोग की जायें।,0,[],[]
1658,"दवाओं के लगातार उपयोग से सिरदर्द उत्पन्न होता है, जिसमें सिर दर्द और अधिक गंभीर और बार-बार होने लगता है।",0,[],[]
1659,डाइहाइड्रोएरगॉटामीन को नाक में स्प्रे और इंजेक्शन के रूप में निर्धारित किया जा सकता है।,0,[],[]
1660,माइग्रेन से पीड़ित लोगों में स्ट्रोक या दिल की बिमारी से होने वाली मृत्यु के खतरे में वृद्धि को ऑरा वाला माइग्रेन से नहीं जोड़ा जाता है।,0,[],[]
1662,माइग्रेन्स का अनुभव सबसे ज्यादा बार 35 से 45 वर्ष की आयु वाले लोगों में होता है।,0,[],[]
1663,"1887 में हायासिन्थ थॉमस ने माइग्रेन के दो प्रकारों में विभाजित किया था, जिसमें एक ऑरा वाला माइग्रेन (माइग्रेन ऑफ्थेल्मीक) और ऑरा रहित माइग्रेन (माइग्रेन वॉल्गैर) शामिल थे। एर्गोटेमाइन को फफूंद एरगॉट से अलग किया गया था 1918 में।",0,[],[]
1664,मेरे पास आपके प्रश्न का उत्तर नहीं है।,0,[],[]
1665,"माइग्रेन शब्द का स्रोत प्राचीन मिस्र में लिखी गयी इबेरस पेपाइरस में सिरदर्द से संबंधित एक प्राचीन विवरण है। 200 ईसा पूर्व में, हिप्पोक्रेटिक चिकित्सा विधि के लेखन सिरदर्द के पूर्व होने वाली दृष्य ऑरा और उल्टी से होनेवाली आंशिक राहत का वर्णन करते हैं। 17वीं शताब्दी में विलियम हार्वे ने इस विधि द्वारा माइग्रेन के उपचार की संस्तुति की थी। 1868 में एरगोटामाइन निकाला गया था और 1959 में मेथआइसर्जाइड का विकसित किया गया था। 1988 में सूमाट्रिप्टन का विकसित किया गया था। माइग्रेन का शब्द हेमीक्रानिया (आधा-सिर) शब्द का उपयोग किया था जिससे अंततः शब्द माइग्रेन विकसित हुआ।",0,[],[]
1666,"माइग्रेन के प्रभावों में काम की क्षमता में तिहाई तक कम होना, परिवार पर नकारात्मक प्रभाव पड़ना और प्रभावित व्यक्ति के स्वास्थ्य पर नकारात्मक प्रभाव पड़ना शामिल हैं।",0,[],[]
1667,"स्तन अतिवृद्धि स्तन संयोजी ऊतकों की एक दुर्लभ चिकित्सा स्थिति है जिसमें स्तन अत्यधिक बड़े हो जाते हैं। स्तन ऊतकों का स्तन अतिवृद्धि कुछ हार्मोन जैसे मादा सेक्स हार्मोन, प्रोलैक्टिन और विकास कारकों के लिए हिस्टोलोजीक्ल संवेदनशीलता में वृद्धि के कारण हो सकता है। इस रोग का संकेत स्तन वजन में अत्यधिक वृधि से होता है जो कुल शरीर के वजन से लगभग ३% तक अधिक होता है।",0,[],[]
1668,रूस ने अपने रासायनिक हथियारों के 94% के आसपास पूरी तरह से नष्ट कर दिया है।,0,[],[]
1669,ट्रेविस बिकल एक पूर्व-नौसैनिक है और एक टैक्सी ड्राईवर भी है।,0,[],[]
1670,"हाँ, चोर कन्वीनिएंस स्टोर की चोरी से जिंदा बच कर निकल सका।",0,[],[]
1672,फोस्टर की उम्र 13 साल थी।,0,[],[]
1673,जॉन हिन्कले ने राष्ट्रपति रीगन की हत्या करने का प्रयास किया था।,0,[],[]
1674,जापान सेल्फ-डिफेंस फोर्सेस का संक्षिप्त नाम JSDF है।,0,[],[]
1675,"कुन्भोंग राजवंश बर्मी में ""ကုန်းဘောင်ခေတ်"" (कुन्भोंखेत्) लिखा गया है।",0,[],[]
1676,मेरे पास आपके प्रश्न का उत्तर नहीं है।,0,[],[]
1677,महिलाएं हेप्थैथलॉन का आयोजन करती हैं।,0,[],[]
1678,मेरे पास आपके प्रश्न का उत्तर नहीं है।,0,[],[]
1679,तोकस्विग का जन्म 1958 में हुआ था।,0,[],[]
1680,"टोरमेट स्कूल, गिल्डफोर्ड के निकट एक स्वतंत्र लड़कियों के स्कूल में पढ़ती थी।",0,[],[]
1681,"लाल हिरण यूरोप, कॉकस पर्वत श्रंखला, अनातोलिया, मध्य पूर्व और मध्य एशिया में पाए जाते हैं।",0,[],[]
1683,प्रथम मध्यवर्ती काल कहलाता था।,0,[],[]
1685,"हिक्सोस के लिए एक और शब्द ""विदेशी शासक"" है।",0,[],[]
1686,"अखेनातेन के बाद फिरौन तुथंखमुन, आई और होरेमहेब थे।",0,[],[]
1687,लीबियाई लोगों के सरदार थे।,0,[],[]
1688,700 ई.पू.,0,[],[]
1688,तक दोनों राज्यों के बीच युद्ध अनिवार्य बन गया।,0,[],[]
1689,मेरे पास आपके प्रश्न का उत्तर नहीं है।,0,[],[]
1691,"प्राचीन मिस्रवासी बकरियों, मवेशियों और सूअरों के अतिरिक्त, प्राचीन मिस्रवासी भेड़, बकरी और पोल्ट्री (जैसे बतख, हंस और कबूतर) को पालते थे।",0,[],[]
1692,सोने के पहले ज्ञात मानचित्र नूबिया में पाए गए थे।,0,[],[]
1693,"खनिजों का उपयोग प्राचीन मिस्र में स्मारकों, प्रतिमा उत्कीर्णन, उपकरण बनाने और फैशन गहने के निर्माण के लिए किया जाता था। मिस्र में उपलब्ध खनिजों में सोना, तांबा, सीसा, ग्रेनाइट, ग्रेवैक, स्फटिक, नीलम, जंबुमणि आदि शामिल थे। इन खनिजों का उपयोग प्राचीन मिस्र के लोगों ने अपने स्मारकों, प्रतिमा और उपकरण बनाने के लिए किया था।",0,[],[]
1694,"वादी हम्मामत के लिए उल्लेखनीय स्रोत थे - ग्रेनाइट, ग्रेवैक और सोना。",0,[],[]
1695,लौह भंडार प्राचीन मिस्र में ऊपरी मिस्र में पाए गए थे।,0,[],[]
1696,प्रथम राजवंशीय फैरो की कब्र में पाए गए फिलीस्तीनी शैली के तेल के कटोरे से मिलता है।,0,[],[]
1698,मिस्र की भाषा उत्तरी अफ्रीकी-एशियाई भाषा है जिसका बर्बर और सामी भाषाओं से निकट का संबंध है।,0,[],[]
1699,"प्राचीन मिस्र की भाषा में लेखन को कॉप्टिक से पहले बोली के अंतर को नहीं दिखाता है, लेकिन यह शायद मेम्फिस के आस-पास और बाद के थेब्स में क्षेत्रीय बोलियों में बोला गया।",0,[],[]
1700,"आधुनिक मिस्र की अरबी भाषा में आज भी कॉप्टिक वर्णमाला के निशान पाए जाते हैं, जिसका इस्तेमाल मिस्र के रूढ़िवादी चर्च में उपासना पद्धतियों में होता है।",0,[],[]
1701,"लेखकों ने याजकीय लेखन का उपयोग किया था, जो द्रुत और आसान था।",0,[],[]
1702,"हायरेटिक टेक्स्ट को औपचारिक चित्रलिपि के साथ पढ़ा जाता है, जिसका प्रयोग पत्थर के स्मारकों और कब्रों पर किया जाता था। हालांकि औपचारिक चित्रलिपि को किसी भी दिशा में पंक्ति या कॉलम में पढ़ा जा सकता है, लेकिन आम तौर पर दाएं से बाएं ओर लिखा जाता है।",0,[],[]
1705,मिस्र में लेखन सबसे अधिक शाही मकबरों में पाए गए।,0,[],[]
1706,सिस्टरम एक खड़कता संगीत वाद्ययंत्र है जो विशेष रूप से धार्मिक समारोह में महत्वपूर्ण था।,0,[],[]
1708,नील नदी में स्नान किया था।,0,[],[]
1709,दीवारों पर सफेद रंग लगाया जाता था और इन्हें रंगे हुए सन के कपड़े के पर्दे से ढका जा सकता था।,0,[],[]
1711,"प्राचीन मिस्र के युवा लोगों द्वारा खेल, संगीत, करतब दिखाना और गेंद के खेल का आनंद लिया जाता था।",0,[],[]
1712,कृषक वर्ग साधारण घरों में रहते थे।,0,[],[]
1713,"मिस्रियों के अनुसार, देवताओं को प्रसन्न के लिए प्रसाद और पूजा के द्वारा संतुष्ट करना पड़ता था।",0,[],[]
1714,"टीकाकरण के अन्य जोखिम कारकों में आहार और हार्मोन अंतर्ग्रहण की जांच की गई है, लेकिन बीमारी के साथ उनके संबंध की पुष्टि या खंडन करने के लिए और अधिक सबूत की जरूरत है।",0,[],[]
1716,पुनर्माइलिनीकरण (Remyelination),0,[],[]
1717,"उपचार के कई प्रतिकूल प्रभाव हैं, जिनमें से एक है ग्लाटिरामेर एसीटेट के इंजेक्शन वाली जगह और इंटरफेरॉन उपचारों में होने वाला जलन है। समय के साथ, इंजेक्शन वाली जगह पर वसा ऊतक के स्थानीय क्षति, जिसे लिपोट्रोफी कहा जाता है, के कारण एक दिखाई पड़ने वाला खरोंच विकसित हो सकता है। इंटरफेरॉन इन्फ्लूएंजा के समान लक्षण पैदा करते हैं; ग्लाटिरामेर का प्रयोग करने वाले कुछ मरीज इंजेक्शन के बाद होने वाली प्रतिक्रया का अनुभव करते हैं जिसकी अभिव्यक्ति तमतमाहट, सीने में जकड़न, दिल की धड़कनों, श्वासहिनता और चिंता के रूप में होती है, जो आम तौर पर तिस मिनटों से कम समय तक रहती हैं।",0,[],[]
1718,हिंदी में उत्तर: अस्थिर मूत्राशय और संस्तम्भता (spasticity) के लक्षणों में औषधि के साथ एक अच्छी प्रतिक्रिया होती है।,0,[],[]
1720,"इसका उत्पादन काले सरसों (ब्रैसिका निग्रा), भूरे रंग के भारतीय सरसों (ब्रैसिका जुनसिया) और सफेद सरसों (''ब्रैसिका हिर्टा) से किया जा सकता है।",0,[],[]
1721,सरसों के तेल में इरुसिक एसिड (42%) अधिक प्रचलित है než ओलिक एसिड (12%)।,0,[],[]
1722,रूसी अंतरिक्ष बल द्वारा संचालित एक रेडियो-आधारित उपग्रह नौवहन प्रणाली का नाम ग्लोनास (GLONASS) है।,0,[],[]
1723,आईवाज़ोवस्की की मत्यु 19 अप्रैल (नई शैली में 2 मई) 1900 को फिओदोसिया में हुई।,0,[],[]
1724,"मामूट्टी ने तमिल, तेलुगु, हिंदी और अंग्रेजी फिल्मों में अभिनय किया है।",0,[],[]
1725,एशियाई खेलों को एशियाड के नाम से भी जाना जाता है।,0,[],[]
1726,अगले एशियाई खेलों की मेजबानी चीन के हांगझोऊ नगर में होगी।,0,[],[]
1727,फिल्म अगस्त रश एक अमेरिकी ड्रामा फिल्म है।,0,[],[]
1728,"एएफपी का अर्थ अल्फा-फिटोप्रोटीन है, जो एक प्रोटीन है जिसका जीन एएफपी द्वारा एनकोडेड है और जीवन के दौरान भ्रूण जर्दी थैली और जिगर द्वारा पैदा किया जाता है।",0,[],[]
1729,AFP का स्तर गर्भ की पहली तिमाही के अंत तक भ्रूण सीरम में व्रद्धी होता है और फिर स्तर गिर जाता है क्योंकि भ्रूण मूत्र में इसकी उत्सर्जन होती है।,0,[],[]
1730,मेरे पास आपके प्रश्न का उत्तर नहीं है।,0,[],[]
1731,"हिरागाना का विकास मानयोगाना (मानयोशू नामक काव्य संकलन के उपयुक्त) के उपयोग से हुआ, जिसमें चीनी अक्षरों के अर्थ के बजाय उनके ध्वनि के लिए इस्तेमाल किया जाता था। मानयोगाना को घसीट शैली में लिखने से हिरागाना का विकास हुआ - एक लेखन पद्धति जो महिलाओं के लिए सुलभ थी।",0,[],[]
1732,मानयोगाना (Man'yōgana) लेखन शैली का नाम है जो हीरागाना और काताकाना लेखन शैली से ली गई हैं।,0,[],[]
1733,"क्योइकु कानजी में १,००६ अक्षर हैं।",0,[],[]
1734,"जोयो कानजी (常用漢字, नियमित-उपयोग कानजी) को १९८१ में शुरू किया गया था।",0,[],[]
1735,जापानी उपनामों को बनाने के लिए प्रयुक्त मिश्रण का एक भाग कुनयोमी और ओनयोमी होता है।,0,[],[]
1737,"मुहम्मद ने पहाड़ों पर हिरा की गुफा में अपनी इबादत के दौरान अपना पहला प्रकाशन प्राप्त किया था। इसके बाद, उन्हें 23 वर्षों की अवधि में पूरा क़ुरआन का खुलासा प्राप्त हुआ।",0,[],[]
1739,कुरान में 114 अध्याय हैं जिन्हें सूरा के नाम से जाना जाता है।,0,[],[]
1740,"कुछ विशेषज्ञों का दावा है कि कुरान का अंतिम अर्थ केवल भगवान के लिए जाना जाता है, जबकि कुरानिक शाब्दिकता के अनुसार, कुरान को केवल इसके स्पष्ट अर्थ में ही लिया जाना चाहिए।",0,[],[]
1741,सलमान फारसी ने कुरान का पहला अनुवाद किया था।,0,[],[]
1743,दिसम्बर में लाया जाता है।,0,[],[]
1744,साहनी का जन्म 1 मई 1913 को ब्रिटिश भारत के रावलपिंडी में हुआ था।,0,[],[]
1745,साहनी और उनकी पत्नी ने 1943 में भारत लौट आए।,0,[],[]
1746,कीज़ की सबसे पहली एलबम सांग्स इन ए मिरर (Songs in A Minor) की व्यवसायिक सफलता थी दुनिया भर में जिसकी 12 लाख से अधिक प्रतियों की हुई। वह वर्ष 2001 में सबसे बेहतरीन बिक्री वाली नई कलाकार और सर्वश्रेष्ठ बिक्री वाली आरएंडडी बन गई।,0,[],[]
1749,कीज की अपने रोल के लिए रेमंड से काफी प्रशंसा मिली.,0,[],[]
1751,1929 के वाल स्ट्रीट गिरावट के तत्काल बाद।,0,[],[]
1752,बुतरस-घाली के पिता बुट्रोस घाली थे।,0,[],[]
1754,"पेटेंट का प्रयोग के बदले स्टैनफ़ोर्ड विश्वविद्यालय को गूगल के 1.8 मिलियन शेयर मिले, जो 2005 में $336 मिलियन में बेच दिये गये।",0,[],[]
1755,"पेजरैंक एक पेज की महत्वपूर्णता का माप है, जो उस पेज के लिंक की संख्या और संबंधित पेजों के पेजरैंक के आधार पर निर्धारित किया जाता है। यदि एक पेज के साथ उच्च पेजरैंक वाले अनेक पेजों ने लिंक बनाए हों, तो उस पेज के लिए उच्च पेजरैंक मिलता है। यदि कोई पेज के लिए कोई लिंक न हों, तो उसके लिए कोई समर्थन नहीं होता।",0,[],[]
1756,"इस उदाहरण में प्रायिकता के रूप में 0 और 1 के मूल्यों के बीच क्या व्यक्त किया गया है, वह है कि किसी कार्य के होने की संभावना का प्रतिनिधित्व करना।",0,[],[]
1757,"फार्मूला रैंडम सर्फ़र के एक मॉडल का उपयोग करता है, जो कुछ क्लिक के बाद ऊब जाता है और किसी यादृच्छिक पृष्ठ की ओर चला जाता है।",0,[],[]
1758,पीटर डिंकलेज के पिता का पेशा बीमा सेल्समैन था।,0,[],[]
1759,BMI की गणना के लिए व्यक्ति का वजन और ऊंचाई का उपयोग किया जाता है। इसके लिए एक सूत्र है: BMI = वजन (किग्रा) / ऊंचाई (मीटर)².,0,[],[]
1759,"इसके बाद, इस संख्या को एक स्केल पर रखा जाता है, जिसमें 18.5 से नीचे के लिए कम वजन, 18.5 से 24.9 के लिए सामान्य वजन और 25 से ऊपर के लिए अधिक वजन माना जाता है।",0,[],[]
1760,भारतीय स्वतंत्रता आंदोलन 15 अगस्त 1947 को हुआ था।,0,[],[]
1761,"होंठों में न तो बाल होते हैं और न ही पसीने की ग्रन्थियाँ, इसलिए उन्हें पसीने तथा शारीरिक तैल की सुरक्षा नहीं मिल पाती जिससे वह अपनी ऊपरी सतह को चिकना रख सकें, तापमान नियंत्रित कर सकें तथा रोगाणुओं से बच सकें। इसी कारणवश होंठ जल्दी सूख जाते हैं और कट-फट जाते हैं।",0,[],[]
1762,"त्वचा की सुरक्षा का कार्य शरीर की त्वचा के स्तर पर होता है। होंठों में त्वचा के साथ मिलने वाले हिस्से को वर्मिलियन बॉर्डर कहा जाता है, जिसमें त्वचा की सुरक्षा नहीं होती है, इसलिए होंठ जल्दी सूख जाते हैं और कट-फट जाते हैं।",0,[],[]
1763,मुथुस्वामी दीक्षित ने क्रिटिस की रचना की है।,0,[],[]
1764,"रुपया शब्द का उद्गम संस्कृत के शब्द रुप् या रुप्याह् में निहित है, जिसका अर्थ कच्ची चांदी होता है और रूप्यकम् का अर्थ चांदी का सिक्का है।",0,[],[]
1765,कोफ़ी अन्नान का जन्म 8 अप्रैल 1938 को हुआ था।,0,[],[]
1766,टैगोर ने सन १९१९ में नाइटहुड का परित्याग किया था।,0,[],[]
1767,उत्तर: उच्च ताप के लोह ऑक्साइड पर हाइड्रोजन प्रवाहित करने से शुद्ध लोहा प्राप्त हो सकता है।,0,[],[]
1768,"कुरान में हर सुरह से पहले ""अत-तौबा"" के समय इसको नहीं पढ़ा जाता है।",0,[],[]
1769,ओलम्पिक में दिए जाने वाले पदकों में से एक प्रकार स्वर्ण पदक है।,0,[],[]
1770,जब ओलंपिक टेबल पर राष्ट्र टाई हुए तब दो कांस्य पदक से सम्मानित किया गया।,0,[],[]
1772,उत्तर: फीफा वर्ल्ड यूथ चैंपियनशिप फाइनल में पहुंचा था।,0,[],[]
1773,उन्होंने मित्रवत हाफ-टाइम में रूस के खिलाफ मैच में अपना पहला गोल किया था।,0,[],[]
1774,"हाँ, ब्रैकीसिफैलिक कुत्ता नस्ल में देखा जाता है कि बॉक्सर कुत्ते और अन्य नस्लों के साथ स्प्रिन्गेर स्पनिएल में देखा जाता है.",0,[],[]
1775,लीबिया का नाम १९६९ के तख्ता-पलट के बाद 'लिबियन अरब रिपब्लिक' रखा गया था।,0,[],[]
1776,"लीबिया के निर्देशांक 19 डिग्री और 34 डिग्री एन, और अक्षांश 9 डिग्री और 26 डिग्री ई के बीच हैं।",0,[],[]
1777,लीबिया में शुष्क और रेगिस्तानी जलवायु आम है।,0,[],[]
1778,फर्ग्युसन २००७ में ग्राइंडहाउस में था।,0,[],[]
1779,"२००६ के संसदीय चुनाव में इस दल को ७५ ४५८ मत (१७.९%, ११ सीट) मिले।",0,[],[]
1780,जापान है कावासाकी रोग से अतिसंवेदनशील देश।,0,[],[]
1784,इस एथलीट ने फुटबाल में भाग लिया है।,0,[],[]
1785,कीन अक्सर क्लब से कुछ दिनों की छुट्टी के लिये पूछा करता था।,0,[],[]
1786,"चिकित्सा का सामान्य क्षेत्र जो पिस्टोरिंग से जुड़ा हुआ है, वह है मेसोथेरपि।",0,[],[]
1787,नेटफ्लिक्स की शुरुआत 1997 को हुई थी।,0,[],[]
1788,"त्रिफला में आमलाकी, हरिताकी और बिभिता‍की नामक तीन महत्वपूर्ण घटक पाए जा सकते हैं।",0,[],[]
1789,मुरलीधरन का रिकार्ड तोड़ा गया था।,0,[],[]
1790,फुटबॉल खिलाड़ी को एक महीने के लिए खेलने की अनुमति नहीं थी।,0,[],[]
1792,मूत्राशय के संक्रमण का दूसरा नाम निचले मूत्र पथ संक्रमण है।,0,[],[]
1793,बच्चों में मूत्र पथ संक्रमण (यूटीआई) का एकमात्र लक्षण बुखार हो सकता है।,0,[],[]
1794,यौन सक्रियता से संबंधित होता है।,0,[],[]
1796,क्रेनबेरी रस या क्रेनबेरी पूरक अप्रभावी साबित होते हैं रीढ़ की हड्डी में चोट लगने वाले लोगों में यूटीआई की रोकथाम और उसके इलाज में मदद नहीं करते।,0,[],[]
1797,महिलाओं का कल्चर नकारात्मक होता है किन्तु फिर भी वे एंटीबायोटिक उपचार से बेहतर हो सकते हैं।,0,[],[]
1798,"जटिल मामलों की पुष्टि मूत्र विश्लेषण द्वारा यूरीनरी नाइट्रेट, श्वेत रक्त कणिकाओं (ल्यूकोसाइट्स) या ल्यूकोसाइट ईस्टरेस की उपस्थिति को देख कर की जा सकती है। इसके अलावा यूरिन माइक्रोस्कोपी और मूत्र कल्चर भी उपयोगी हो सकते हैं, जिससे लाल रक्त कणिकाओं, श्वेत रक्त कणिकाओं या बैक्टीरिया की उपस्थिति की जांच की जा सकती है।",0,[],[]
1799,फोनाज़ोपिराइडिन को मूत्राशय संक्रमण के दौरान महसूस की जाने वाली जलन और व्यग्रता से आराम मिल सके इसके लिए दिया जाता है।,0,[],[]
1800,बच्चे अक्सर तीन दिन के एंटीबायोटिक उपचार पर प्रतिक्रिया दे देते हैं।,0,[],[]
1801,कुछ देशों में अकेले ट्राइमैथोप्रिम को ही TMP/SMX के बराबर माना जाता है।,0,[],[]
1803,"मूत्र संबंधी संक्रमण के कारण अमेरिकियों पर काफी महत्वपूर्ण प्रभाव हैं। हर वर्ष, लगभग 7 मिलियन कार्यालय दौरे, एक मिलियन आकस्मिक विभाग दौरे और एक लाख अस्पताल भर्ती मामले होते हैं। इन संक्रमणों की लागत काफी महत्वपूर्ण है, जिसका अनुमानित प्रत्यक्ष वार्षिक लागत लगभग 1.6 बिलियन अमरीकी डॉलर है।",0,[],[]
1804,"रात्चाबुरी का अर्थ ""राजापुरी"" या ""राजा की नगरी"" है।",0,[],[]
1805,मेरे पास आपके प्रश्न का उत्तर नहीं है।,0,[],[]
1806,फरीद रफीक ज़कारिया का जन्म 20 जनवरी 1964 को हुआ था।,0,[],[]
1807,एयरबस के दो विमान २००० में इसके बेड़े में शामिल किए गये थे।,0,[],[]
1808,"क्रोएशिया एयरलाइन्स ने कई सारे एयरलाइन्स के साथ कोड साझेदारी समझौते हैं, लेकिन सूची में कोई भी पाठ इतना प्रासंगिक नहीं है कि उसके आधार पर उत्तर तैयार किया जा सके।",0,[],[]
1809,मेरे पास आपके प्रश्न का उत्तर नहीं है।,0,[],[]
1810,चेतना नैदानिक मौत की शुरुआत में कई सेकंड के भीतर खो जाती है। औसत मस्तिष्क गतिविधि बीस से चालीश सेकंड के भीतर बंद हो जाती है।,0,[],[]
1811,"CPR का अर्थ है कार्डियोपल्मोनरी पुनर्जीवन, जिसका उद्देश्य साँस ले रहा है और नैदानिक आदर्श उत्क्रमण के परिसंचरण रक्त के मृत राज्य द्वारा बहाल है।",0,[],[]
1813,चुय प्रांत का उत्तरी इलाक़ा एक कृषि-प्रधान मैदानी क्षेत्र है जहाँ चुय नदी का पानी भी सिंचाई के लिए उपलब्ध है।,0,[],[]
1814,"इसका उपयोग न्यायिक, प्रशासनिक एवं निजी आँकड़ों के संग्रहण में किया जाता था।",0,[],[]
1815,"कैथी लिपि का व्यापक रूप से प्रयोग किया जाता था मुगल सल्तनत के दौरान, जिसका अर्थ है कि 16वीं सदी से लेकर 19वीं सदी तक इसका प्रयोग किया जाता था।",0,[],[]
1816,"जब एक गेंद खो जाती है, तो इसकी जगह एक नई गेंद ली जाती है।",0,[],[]
1819,"पारियों के बीच में और दोपहर का भोजन, चाय और ड्रिंक्स के बीच दस-मिनट का अंतराल होता है।",0,[],[]
1820,मैच किस स्थिति में टाई होता है जब दोनों टीमें एक बराबर संख्या में रन बनाती हैं।,0,[],[]
1821,"प्राचीन संस्कृतियों की गिनतियों का अध्ययन सामाजिक और आर्थिक आंकड़ों का ट्रैक रखने के लिए किया जाता है, जैसे कि समूह के सदस्यों की, शिकारी पशुओं की, संपत्ति की या कर्ज की संख्या (अर्थात् लेखाकर्म)।",0,[],[]
1822,"म्युनिख़ से समाजशास्त्र, दर्शनशास्त्र, मानस शास्त्र और राजनीति विज्ञान में पढ़ाई की थी।",0,[],[]
1823,"आमतौर पर माप रेखीय मान से व्यक्त किए जाते हैं, जैसे 1000 गज़ (अथवा 1000 मीटर) से देखने पर कितने फीट (अथवा मीटर) चौड़ाई दिखाई देगी अथवा कितने डिग्री का कोणीय मान देखा जा सकता है।",0,[],[]
1824,आई रिलीफ के लिए फोकल की लंबाई बड़ी होनी चाहिए।,0,[],[]
1825,जो पेरी किस बैंड से संबंधित है - एरोस्मिथ का जो पेरी!,0,[],[]
1826,मंच के नाम के रूप में किस अंतिम नाम पर समझौता हुआ?,0,[],[]
1830,मेरे पास आपके प्रश्न का उत्तर नहीं है।,0,[],[]
1831,"हाँ, इक्वेटोरियल गिनी का द्वीप ऐनोबॉन भूमध्य रेखा से १५५ की.मी.",0,[],[]
1831,(१०० मील) दक्षिण में है और देश का बाकी हिस्सा उत्तर में निहित है।,0,[],[]
1832,जम्मू और श्रीनगर भारत के शहर हैं।,0,[],[]
1833,वर्ष 2006 में ओलंपिक में कर्लिंग कार्यक्रम का पूरा हिस्सा पेश किया गया था।,0,[],[]
1834,प्रदर्शन कार्यक्रम के रूप में क्या सूचीबद्ध नहीं है?,0,[],[]
1834,"कर्लिंग और सैन्य गश्ती की सूची नहीं करते हैं, या उन्हें प्रदर्शन घटनाओं के रूप में सूचीबद्ध करते हैं।",0,[],[]
1835,प्रतिरोध पहले एक चाल था जिसके तहत रेसिस्टेंस के अक्षम संकेत एक चाल है और रेसिस्टेंस के नेताओं वाली कमान पनडुब्बी नष्ट कर दी जाती है।,0,[],[]
1837,"केट कॉनर के रूप में ब्राइस डलास हावर्ड ने सुझाया कि केट ने चिकित्सा की पुस्तकों का अध्ययन किया और क़यामत के दिन की घटनाओं के बाद कई जीवित डॉक्टरों के साक्षात्कार लिए। लेकिन इस फ़िल्म में, वह अब एक चिकित्सक है।",0,[],[]
1838,मिनी बस दुर्घटना थी।,0,[],[]
1839,फिल्मांकन से तीन हफ्ते पहले स्क्रिप्ट को संशोधित किया गया था।,0,[],[]
1840,जोनाथन नॉलेन ने McG को अपने काम को महत्वपूर्ण रूप से पटकथा पर चित्रित करने के लिए प्रेरित किया; बेल के हस्ताक्षर कर देने के बाद उन्होंने फ़िल्म में योगदान देने का चुनाव किया और कॉनर के नेता बनने के चाप का निर्माण किया।,0,[],[]
1842,पूर्वकथा के चार अंक थे।,0,[],[]
1843,मेरे पास आपके प्रश्न का उत्तर नहीं है।,0,[],[]
1844,"शकीरा शब्द अरबी भाषा से आया है, जिसका अर्थ ""आभारी"" होता है।",0,[],[]
1845,शकीरा ने अपने दूसरे स्टूडियो एल्बम के बाद हाई स्कूल से स्नातक कर सके इसलिए ब्रेक लिया।,0,[],[]
1847,"शकीरा की पहली बड़ी हिट एल्बम का नाम नहीं बताया गया है। उपलब्ध जानकारी में शकीरा के संगीत कैरियर के बारे में कुछ जानकारी है, लेकिन उसकी पहली बड़ी हिट एल्बम का नाम नहीं बताया गया है। मेरे पास आपके प्रश्न का उत्तर नहीं है।",0,[],[]
1848,नेपाली जिला झापा के उत्तर में इलाम है।,0,[],[]
1849,"टीम के 11 क्षेत्ररक्षकों में से एक विकेट कीपर होता है और एक गेंदबाज, तथा अन्य 9 कहीं भी रक्षण कर सकते हैं।",0,[],[]
1850,मेरे पास आपके प्रश्न का उत्तर नहीं है।,0,[],[]
1852,२०२० में मानवीय बॉक्सरों की जगह रोबोट बॉक्सरों ने ले ली है।,0,[],[]
1854,सरकार कार्यकारी शक्ति का उपयोग करती है।,0,[],[]
1855,नॉर्थवुड (उत्पाद कोड 80532),0,[],[]
1856,प्रोसेसर अब उच्चतम क्लॉक गति या कम ताप उत्पन्न करते हुए संचालित किया जा सकता है।,0,[],[]
1857,2003 के सितंबर में पेंटियम 4 चरम संस्करण (पी4ईई) की घोषणा की गयी थी।,0,[],[]
1859,कोर ने 90 एनएम का उपयोग किया था।,0,[],[]
1862,"मंगोलिया ने शीतकालीन ओलंपिक खेलों में 1964 से ही हिस्सा लिया है, केवल 1976 शीतकालीन खेलों में ही नहीं है।",0,[],[]
1863,मेरे पास आपके प्रश्न का उत्तर नहीं है।,0,[],[]
1864,बड़ी आकाशगंगाओं में ब्लैक होल का द्रव्यमान लाखों या करोड़ों सौर द्रव्यमानों के बराबर होता है।,0,[],[]
1865,एटोबिकोक किसके लिए जाना जाता नहीं है। उपलब्ध पाठ्य सामग्री में एटोबिकोक का उल्लेख नहीं है।,0,[],[]
1866,विंड्सर कासल के सेंट जॉर्ज चैपल में हुई थी।,0,[],[]
1867,राष्ट्रीय नादम मंगोलियाई राजधानी उलानबटार में 11 से 13 जुलाई के दौरान होता है।,0,[],[]
1868,चीनियों की है।,0,[],[]
1869,मेरे पास आपके प्रश्न का उत्तर नहीं है।,0,[],[]
1870,चीन में नमक उत्पादक ने भुगतान के रूप में चांदी का इस्तेमाल किया। 1475 से नमक उत्पादकों को चांदी में भुगतान करना पड़ा था।,0,[],[]
1871,उत्तर: 100 कैंडरीन होते हैं।,0,[],[]
1873,सिल्वर डॉलर को 1914 में स्थापित किया गया था।,0,[],[]
1874,"1949 में कुआमिनटांग ने चीन को रजत मानक पर लौटाते हुए, रजत युआन प्रमाण-पत्र के प्रवर्तन के साथ सुधार की घोषणा की।",0,[],[]
1875,यह उत्तर नहीं है।,0,[],[]
1877,मूल्यवर्गों की संख्या 12 है।,0,[],[]
1878,चीन जनवादी गणराज्य की मुद्रा के पांचवें और नवीनतम संस्करण का सर्कुलेशन 1 अक्टूबर 1999 के बाद से शुरू हुआ था।,0,[],[]
1879,उत्तर: 1999 से शुरू हुआ।,0,[],[]
1880,न्यूयॉर्क शहर में स्थानांतरित होकर संयुक्त राज्य भर में दौरा शुरू कर दिया।,0,[],[]
1882,"सिया के चाचा केविन कोल्सन हैं, जो एक अभिनेता-गायक हैं।",0,[],[]
1883,सिया केट इसोबेले फरलर के पिता फिल कोल्सन एक संगीतकार हैं।,0,[],[]
1885,"नियोजित एल्बम में सिया का तीसरा स्टूडियो एल्बम, ""रंग छोटा याद किया"" है, जिसमें चार एकल का निर्माण किया गया था: ""डॉट न ब्रिंग मी डाउन"", ""ब्रीड मी"", ""जहां मैं बेलोंग"" और ""नम्ब""।",0,[],[]
1889,"जब साईं थाईलैंड में थीं, तो उन्हें लंदन में कार दुर्घटना में पोंटेक्स की मृत्यु की खबर मिली।",0,[],[]
1890,कब्र्स रोग (Graves' disease) से ग्रसित पाया गया था।,0,[],[]
1893,ई८० सड़क नेटवर्क अंत में लिस्बन तक जाता है।,0,[],[]
1894,"फ़ीडबर्नर की सेवाएं प्रदान की जाती हैं, जिसमें कस्टम आरएसएस फीड्स और ब्लॉगर्स, पोडकास्ट और अन्य वेब-आधारित सामग्री प्रकाशकों को प्रबंधन उपकरण प्रदान किया जाता है।",0,[],[]
1895,"API का तात्पर्य है वेब सर्विस अप्लीकेशन प्रोग्रामिंग इंटरफेसेस का है, जो अन्य सॉफ्टवेयर को अपने साथ परस्पर क्रिया की अनुमति देने के लिए प्रदान करती है।",0,[],[]
1896,प्रकाशित फाड्स के संशोधन में डिग्ग और del.icio.us के लिए स्वत: लिंक प्रदान किए हैं जिसमें फ़ीडबर्नर के लिए सूचना शामिल है।,0,[],[]
1900,CEMS से स्नातक करने के लिए २ विदेशी भाषा की परीक्षा पूरी करनी होती है।,0,[],[]
1903,यह सूची में उपलब्ध पाठ्य सामग्री का उपयोग करके प्रश्न का उत्तर दिया जा रहा है। उत्तर: उपयोगकर्ता के लिए उपयोगी है।,0,[],[]
1904,CEMS ने पीआरएम (जिम्मेदार प्रबंधन शिक्षा सिद्धांतों) की घोषणा की है।,0,[],[]
1906,"जब स्थानीय समितियाँ मिलती हैं, तो वे सीऐऐ की गतिविधियों और विकास पर चर्चा करती हैं और व्यव्यसायिक और सामाजिक गतिविधियों के आयोजन के लिए नियमित आधार पर मिलती हैं।",0,[],[]
1907,सीईएमएस पूर्व छात्र संघ (सीऐऐ) की स्थापना सीईएमएस स्नातकों द्वारा १९९३ में की गई थी।,0,[],[]
1908,"जादू का व्युत्पत्ति मूल लैटिन शब्द ""मैजी"" से हुआ है, जिसे पारसियों के लिए प्रयुक्त किया जाता था।",0,[],[]
1910,पिता की मृत्यु 2 फरवरी 1913 को हुई थी।,0,[],[]
1911,रमाबाई उनकी पत्नी का नाम था।,0,[],[]
1914,रोड्सिया,0,[],[]
1915,"अर्ल वुड्स का जन्म अर्ल (1932-2006) और कुल्टिडा (टिडा) वुड्स (जन्म 1944) के यहां साइप्रस, कैलीफोर्निया में हुआ था। उन्होंने अपने माता-पिता की शादी से एकमात्र संतान हैं, लेकिन उनके दो सौतेले भाई हैं, अर्ल जूनियर (जन्म 1955) तथा केविन (जन्म 1957) और अर्ल वुड्स और उनकी पहली पत्नी, बारबरा वुड्स ग्रे से एक सौतेली बहन है।",0,[],[]
1916,वुड्स कैडिलाक एसकेलेड एसयूवी से जा रहे थे।,0,[],[]
1918,कैथलीन है।,0,[],[]
1919,"यदि किसी ईमेल को स्पैम के रूप में नहीं पहचाना जाता है, तो उसे वैध कहा जाता है।",0,[],[]
1920,सुपरमार्केट एसोसिएशन रुल लर्निंग का उपयोग करके ग्राहकों की खरीददारी की आदतों पर डाटा इकट्ठा करता है।,0,[],[]
1921,"एसोसिएशन रुल लर्निंग के प्रयोग से, सुपरमार्केट ग्राहकों की खरीददारी की आदतों पर डाटा इकट्ठा कर सकता है और मार्केट बास्केट अनैलिसिस का उपयोग विपणन प्रयोजनों के लिए कर सकता है।",0,[],[]
1922,1970 के दशक से प्रवासन उच्च रहा है।,0,[],[]
1923,ज़ोरोस्ट्रियनवाद में हुआ है।,0,[],[]
1924,सफ़ेद पुट्ठे वाली मुनिया लगभग 10 से 11 सेमी लम्बी होती है।,0,[],[]
1925,"वयस्क मुनिया के ऊपर और छाती के हिस्से पर भूरे रंग के होते हैं, और नीचे की ओर हल्के रंग के होते हैं।",0,[],[]
1926,कुक के माता-पिता का नाम बेथ फोराकर (अविवाहित नाम फ्र्ये) और स्टेनली कुक हैं।,0,[],[]
1927,मेरे पास आपके प्रश्न का उत्तर नहीं है।,0,[],[]
1928,रॅफल्स होटेल की आर्थिक समस्याओं का समाधान १९३३ में हुआ जब इसकी आर्थिक समस्याएँ ख़त्म हुई और रॅफल्स होटेल लिमिटेड के नाम से एक पब्लिक कंपनी की स्थापना की गयी।,0,[],[]
1929,डॉ स्टॉलमैन ने १९८३ में जीएनयू परियोजना (GNU Project) की सुरुवात की थी।,0,[],[]
1932,मेरे पास आपके प्रश्न का उत्तर नहीं है।,0,[],[]
1934,"बर्फ़ीली सर्दियों का रिकार्ड 1983-84 में था, जब 98.4 इंच (250 से॰मी॰) हिमपात हुआ।",0,[],[]
1935,जुलाई 1936 में 108 °फ़ै (42 °से.),0,[],[]
1935,रिकॉर्ड किया गया था।,0,[],[]
1936,"मिनियापोलिस की अर्थव्यवस्था में वाणिज्य, वित्त, रेल और ट्रकिंग सेवाएं, स्वास्थ्य देखभाल और उद्योग पर आधारित है। छोटे घटक प्रकाशन, मिल, खाद्य प्रसंस्करण, ग्राफिक कला, बीमा, शिक्षा और उच्च प्रौद्योगिकी रहे हैं। उद्योग धातु और ऑटोमोटिव उत्पाद, रासायनिक और कृषि उत्पाद, इलेक्ट्रॉनिक्स, कंप्यूटर, परिशुद्ध चिकित्सा उपकरण और साधन, प्लास्टिक और मशीनरी का उत्पादन करता है।",0,[],[]
1937,मेरे पास आपके प्रश्न का उत्तर नहीं है।,0,[],[]
1938,परिषद के बारह सदस्य डीएफ़एल से हैं और एक ग्रीन पार्टी से है।,0,[],[]
1939,राजा तौफा'आहऊ तुपोऊ ने 1845 में टोंगा का राजा बना।,0,[],[]
1940,नया संविधान 4 नवम्बर 1875 को घोषित किया गया था।,0,[],[]
1941,"टोंगा के झंडे के पुराने डिजाइन में एक लाल रंग का द्विशायिका क्रॉस था, जो अंतर्राष्ट्रीय लाल क्रॉस चिह्न के लगभग समान था।",0,[],[]
1942,उत्तर: 38.3%,0,[],[]
1945,क्लाउडी हेंगेरे ने १८ जून २००२ को ईएसए से सेवानिवृत्त हुई।,0,[],[]
1946,"अमेरिका में रेबीज़ का सबसे आम स्रोत चमगादड़ का काटना है, और 5% से कम मामले कुत्तों से होते हैं।",0,[],[]
1947,"रेबीज़ का कारण है कि जब कोई संक्रमित जानवर किसी अन्य जानवर या इंसान को खरोंचता या काटता है, तब रेबीज़ संचारित हो सकता है। इसके अलावा, किसी संक्रमित जानवर के लार से भी रेबीज़ संचारित हो सकता है यदि लार किसी अन्य जानवर या मनुष्य के श्लेष्मा झिल्ली के संपर्क में आता है।",0,[],[]
1948,लुफ्थांसा ने ब्रसेल्स एयरलाइन्स में 45% की हिस्सेदारी लेने की घोषणा की थी।,0,[],[]
1949,"कार्यक्रम शुरू करने का एक विकल्प राइट-क्लिक करना और ""टास्क मैनेजर"" चुनना है।",0,[],[]
1952,"कोई उपयोगकर्ता बिना प्रशासनिक विशेषाधिकारों के लॉग इन नहीं कर सकता है। प्रशासनिक विशेषाधिकारों के बिना उपयोगकर्ता केवल ""प्रोसेसेज"" टैब में जा सकता है, लेकिन एडमिनिस्ट्रेटिव राइट्स को सत्यापित करने एवं इन विशेषाधिकारों को अनलॉक करने के लिए ""शो प्रोसेसेज फ्रॉम दर यूजर्स"" पर क्लिक करना होता है।",0,[],[]
1954,"यूरो को आधिकारिक मुद्रा के रूप में 19 यूरोपीय संघ के सदस्य देशों में इस्तेमाल किया जाता है, जिनमें आस्ट्रिया, बेल्जियम, साइप्रस, फिनलैंड, फ्रांस, जर्मनी, ग्रीस, आयरलैंड, इटली, लग्ज़म्बर्ग, माल्टा, नीदरलैंड, पुर्तगाल, स्लोवेनिया, स्लोवाकिया और स्पेन शामिल हैं। इसके अलावा पांच अन्य यूरोपीय देशों में आधिकारिक सहमति या बिना सहमति के भी यह प्रचलन में है।",0,[],[]
1955,यूरो का चलन 1999 में शुरू हुआ था।,0,[],[]
1956,31 दिसंबर 2002 के बाद पुर्तगाली एस्कुडोस मौद्रिक रूप से मूल्यरहित हो गए थे।,0,[],[]
1958,चेंजओवर की अवधि लगभग दो महीने तक चली गई थी।,0,[],[]
1959,"EBC का अर्थ है ""European Central Bank"", जिसकी सीट फ्रैंकफर्ट (जर्मनी) में है और यह यूरोज़ोन की मौद्रिक नीति का प्रभारी है।",0,[],[]
1960,"ENIAC एक मॉड्यूलर कंप्यूटर था, जिसमें विभिन्न कार्यों के लिए व्यक्तिगत पैनल शामिल थे।",0,[],[]
1961,"ENIAC की नलियों ने लगभग प्रत्येक दिन कई बार काम करना बंद किया था। हालांकि, इन खराबियों में से अधिकांश वॉर्म-अप और कूल-डाउन समय के दौरान हुए थे, जब ट्यूब हीटर और कैथोड सबसे अधिक थर्मल तनाव में रहते थे।",0,[],[]
1962,मेरे पास आपके प्रश्न का उत्तर नहीं है।,0,[],[]
1964,"निजी कुंजी को पासफ्रेज़ से लॉक किया जा सकता है, अतिरिक्त सुरक्षा के लिए।",0,[],[]
1965,मार्च 2003 में वीडियो कोडिंग मानक का औपचारिक अनुमोदन मिला था।,0,[],[]
1966,सबसे बड़ा VBSMC ब्लॉक आकार 16×16 है।,0,[],[]
1968,उत्तर: रूस में आयोजित किए जा रहे थे। 2014 शीतकालीन ओलंपिक में क्रॉस-कंट्री स्कीइंग रूस के क्रस्नाया पोलिना के निकट लौरा बायथलॉन एंड स्की कॉम्प्लेक्स में आयोजित की गई थी।,0,[],[]
1969,54 राष्ट्रों के 310 एथलीटों ने भाग लिया था।,0,[],[]
1970,2013 बॉस्टन मैराथन धमाके में तीन लोगों की मृत्यु हुई और 144 लोग घायल हुए।,0,[],[]
1971,मैकडफ को डंकन की लाश मिलती है।,0,[],[]
1972,डनसिनेन कैसल के खिलाफ चढ़ाई की थी।,0,[],[]
1973,ज़ैडी स्मिथ की माँ का नाम यावोन बेली था।,0,[],[]
1974,"ज़ैडी स्मिथ के एक छोटे भाई, डॉक्टर ब्राउन और एक छोटे भाई, ल्यूक स्कीज़ हैं।",0,[],[]
1976,जब वह एक किशोर थी उसके माता पिता ने तलाक ले लिया।,0,[],[]
1978,"सैंडलर की हाल की फिल्मों की लगभग समान रूप से सकारात्मक समीक्षाएं की गयीं, जिसकी शुरुआत पंच-ड्रंक लव (2002) से हुई।",0,[],[]
1979,डेविड स्पेड अक्सर सैंडलर की फिल्मों में दिखाई दिए हैं।,0,[],[]
1980,"जिमी एन्जिल, उनकी दूसरी पत्नी मैरी, गुस्तावो हेनी और मिगुएल देल्गादो थे।",0,[],[]
1981,यात्रियों को भोजन की कमी और पूरी तरह से अंजान क्षेत्र के कारण काफ़ी कष्टप्रद थी।,0,[],[]
1982,हसन इब्न अल हैतम का लैटिन नाम अल्हाज़ेन है।,0,[],[]
1983,हाइड्रोलिक परियोजना को असवान में जारी होने की बात कही गई थी।,0,[],[]
1984,डांग ज़िला भारत के गुजरात राज्य में स्थित है।,0,[],[]
1985,"लेन की मां, कॉलीन फैरिंगटन, एक नाइटक्लब नृत्यांगना और प्लेबॉय पत्रिका (मिस अक्टूबर 1957) के बीच के पन्नों पर आने वाली महिला थीं।",0,[],[]
1986,भारत गणराज्य के मुख्यमंत्री के पास दिल्ली और पुद्दुचेरी के केन्द्र-शासित प्रदेशों का प्रभार है।,0,[],[]
1987,भारत के संविधान का उल्लेख है।,0,[],[]
1988,बर्फीला दृश्य अप्रैल २९ में एडलैयडी सेंट.,0,[],[]
1988,और चिंग लैन में फ़िल्माया गया था।,0,[],[]
1989,"फ़िल्मांकन का आरंभ अप्रैल १३, २०१५ से किया गया था।",0,[],[]
1990,"फिल्म ""द मार्शियन"" के मुख्य किरदार मैट डैमन ने निभाया है, जो एक एस्ट्राॅनाॅट की भूमिका में हैं।",0,[],[]
1991,"द मार्टियन का प्रीमियर 11 सितंबर, 2015 को टोरंटो अंतर्राष्ट्रीय फिल्म फेस्टिवल में हुआ था।",0,[],[]
1992,वाटनी अत्यंत क्रुद्ध होता है क्योंकि टीम को उनके जिंदा बचने की खबर नहीं दी गई है।,0,[],[]
1993,फिल्मांकन का कार्य तकरीबन 70 दिनों के अंदर पूरा हुआ।,0,[],[]
1994,"मक्का मस्जिद हैदराबाद, भारत में पुराने शहर में स्थित है।",0,[],[]
1995,उत्तर: मई 2007 में हुआ था।,0,[],[]
1997,"बैंक की सर्वोच्च नीति निर्धारक संस्था, बोर्ड ऑफ गवर्नर्स है, जिसमें प्रत्येक सदस्य देश के एक प्रतिनिधि के द्वारा बनी है।",0,[],[]
1999,मेरे पास आपके प्रश्न का उत्तर नहीं है।,0,[],[]