text_order_id,sentence,num_triplets,triplets,abbreviation
502,"टैबनैबिंग नामक विधि उपयोगकर्ता को बैंक की वैध वेबसाइट पर अग्रेषित करती है और फिर पृष्ठ के शीर्ष पर क्रेडेंशियल्स का अनुरोध करने के लिए एक पॉपअप विंडो को स्थापित करती है, जिससे उपयोगकर्ता को लगता है कि बैंक इस संवेदनशील जानकारी का अनुरोध कर रहे हैं।",3,"[{'subject': {'upos': 'NOUN', 'text': 'विधि', 'id': 3, 'deprel': 'nsubj', 'head': 12}, 'object': {'upos': 'NOUN', 'text': 'उपयोगकर्ता', 'id': 4, 'deprel': 'obj', 'head': 12}, 'verb': {'upos': 'VERB', 'text': 'करती', 'id': 12, 'deprel': 'root', 'head': 0}}, {'subject': {'upos': 'NOUN', 'text': 'विधि', 'id': 3, 'deprel': 'nsubj', 'head': 12}, 'object': {'upos': 'NOUN', 'text': 'विंडो', 'id': 28, 'deprel': 'obj', 'head': 31}, 'verb': {'upos': 'VERB', 'text': 'करती', 'id': 31, 'deprel': 'conj', 'head': 12}}, {'subject': {'upos': 'NOUN', 'text': 'उपयोगकर्ता', 'id': 35, 'deprel': 'nsubj', 'head': 37}, 'verb': {'upos': 'VERB', 'text': 'लगता', 'id': 37, 'deprel': 'acl:relcl', 'head': 28}, 'object': {'upos': 'VERB', 'text': 'कर', 'id': 46, 'deprel': 'obj', 'head': 37}}]","['SOV', 'SOV', 'SVO']"
734,"कांग संयुक्त राज्य अमेरिका के खिलाफ उपयोग करने के लिए कोड हासिल करना चाहता है, जिससे वह अमेरिका के सभी आणविक हथियारों के आयुध भंडारो को विस्फोट से तबाह कर देगा और अपने परिवार की मौत का बदला पूरा कर लेगा।",3,"[{'subject': {'upos': 'PROPN', 'text': 'कांग', 'id': 1, 'deprel': 'nsubj', 'head': 14}, 'object': {'upos': 'VERB', 'text': 'करना', 'id': 13, 'deprel': 'obj', 'head': 14}, 'verb': {'upos': 'VERB', 'text': 'चाहता', 'id': 14, 'deprel': 'root', 'head': 0}}, {'subject': {'upos': 'PRON', 'text': 'वह', 'id': 18, 'deprel': 'nsubj', 'head': 31}, 'object': {'upos': 'NOUN', 'text': 'भंडारो', 'id': 26, 'deprel': 'obj', 'head': 31}, 'verb': {'upos': 'VERB', 'text': 'कर', 'id': 31, 'deprel': 'acl:relcl', 'head': 11}}, {'subject': {'upos': 'PRON', 'text': 'वह', 'id': 18, 'deprel': 'nsubj', 'head': 31}, 'object': {'upos': 'NOUN', 'text': 'बदला', 'id': 39, 'deprel': 'obj', 'head': 41}, 'verb': {'upos': 'VERB', 'text': 'कर', 'id': 41, 'deprel': 'conj', 'head': 31}}]","['SOV', 'SOV', 'SOV']"
742,बैंड ने एल्बम को एक डिब्बे के सेट के रूप में रिलीज़ नहीं किया क्योंकि उन्होंने वह योजना रद्द कर दी और सर्वश्रेष्ठ गीतों का एल्बम जारी किया।,3,"[{'subject': {'upos': 'NOUN', 'text': 'बैंड', 'id': 1, 'deprel': 'nsubj', 'head': 14}, 'object': {'upos': 'NOUN', 'text': 'एल्बम', 'id': 3, 'deprel': 'obj', 'head': 14}, 'verb': {'upos': 'VERB', 'text': 'किया', 'id': 14, 'deprel': 'root', 'head': 0}}, {'subject': {'upos': 'PRON', 'text': 'उन्होंने', 'id': 16, 'deprel': 'nsubj', 'head': 20}, 'object': {'upos': 'NOUN', 'text': 'योजना', 'id': 18, 'deprel': 'obj', 'head': 20}, 'verb': {'upos': 'VERB', 'text': 'कर', 'id': 20, 'deprel': 'advcl', 'head': 14}}, {'subject': {'upos': 'PRON', 'text': 'उन्होंने', 'id': 16, 'deprel': 'nsubj', 'head': 20}, 'object': {'upos': 'NOUN', 'text': 'एल्बम', 'id': 26, 'deprel': 'obj', 'head': 28}, 'verb': {'upos': 'VERB', 'text': 'किया', 'id': 28, 'deprel': 'conj', 'head': 20}}]","['SOV', 'SOV', 'SOV']"
2,"झील की सतह ने एक आदर्श पट्टी का काम किया, जहां से वे जटिल विमान परीक्षण को संचालित कर सकते थे।",2,"[{'subject': {'upos': 'NOUN', 'text': 'सतह', 'id': 3, 'deprel': 'nsubj', 'head': 10}, 'object': {'upos': 'NOUN', 'text': 'काम', 'id': 9, 'deprel': 'obj', 'head': 10}, 'verb': {'upos': 'VERB', 'text': 'किया', 'id': 10, 'deprel': 'root', 'head': 0}}, {'subject': {'upos': 'PRON', 'text': 'वे', 'id': 14, 'deprel': 'nsubj', 'head': 20}, 'object': {'upos': 'NOUN', 'text': 'परीक्षण', 'id': 17, 'deprel': 'obj', 'head': 20}, 'verb': {'upos': 'VERB', 'text': 'कर', 'id': 20, 'deprel': 'acl:relcl', 'head': 7}}]","['SOV', 'SOV']"
115,ऑस्ट्रेलिया द्वारा किए गए प्रयोगों ने साबित किया है कि बुलबुले पानी के घनत्व में कमी लाकर एक स्केल माडल जहाज को डुबो सकते हैं।,2,"[{'subject': {'upos': 'NOUN', 'text': 'प्रयोगों', 'id': 5, 'deprel': 'nsubj', 'head': 8}, 'verb': {'upos': 'VERB', 'text': 'किया', 'id': 8, 'deprel': 'root', 'head': 0}, 'object': {'upos': 'VERB', 'text': 'डुबो', 'id': 23, 'deprel': 'obj', 'head': 8}}, {'subject': {'upos': 'NOUN', 'text': 'बुलबुले', 'id': 11, 'deprel': 'nsubj', 'head': 23}, 'object': {'upos': 'NOUN', 'text': 'जहाज', 'id': 21, 'deprel': 'obj', 'head': 23}, 'verb': {'upos': 'VERB', 'text': 'डुबो', 'id': 23, 'deprel': 'obj', 'head': 8}}]","['SVO', 'SOV']"
248,"हिंदू शास्त्र में आत्महत्या को घृणा की जाती है और समकालीन हिंदू समाज में इसे किसी अन्य की हत्या के तुल्य पाप समझा जाता है। हिन्दू धर्मग्रंथ बताते हैं कि वह जो आत्महत्या करता है, आत्माओं की दुनिया में चला जाता है और वहाँ वह तब तक रहता है जब तक कि उसका धरती पर जीवन तय था, यदि वह आत्महत्या न करता।",2,"[{'subject': {'upos': 'NOUN', 'text': 'धर्मग्रंथ', 'id': 2, 'deprel': 'nsubj', 'head': 3}, 'verb': {'upos': 'VERB', 'text': 'बताते', 'id': 3, 'deprel': 'root', 'head': 0}, 'object': {'upos': 'VERB', 'text': 'चला', 'id': 16, 'deprel': 'obj', 'head': 3}}, {'subject': {'upos': 'PRON', 'text': 'वह', 'id': 6, 'deprel': 'nsubj', 'head': 9}, 'object': {'upos': 'PRON', 'text': 'जो', 'id': 7, 'deprel': 'obj', 'head': 9}, 'verb': {'upos': 'VERB', 'text': 'करता', 'id': 9, 'deprel': 'acl:relcl', 'head': 12}}]","['SVO', 'SOV']"
309,"हिंदी में उत्तर: प्रभाव कम करने वाला कुछ दवाएं हैं, जैसे रिफैम्पिसिन, बार्बिट्युरेट्स, फिनाइटोइन, कार्बामाजेपाइन, एम्पीसिलीन और डॉक्सीसाइक्लिन। इन दवाओं का प्रभाव गर्भावस्था की संभावना पैदा कर सकता है और गर्भनिरोधक के प्रभाव को कम कर सकता है।",2,"[{'subject': {'upos': 'NOUN', 'text': 'प्रभाव', 'id': 4, 'deprel': 'nsubj', 'head': 9}, 'object': {'upos': 'NOUN', 'text': 'संभावना', 'id': 7, 'deprel': 'obj', 'head': 9}, 'verb': {'upos': 'VERB', 'text': 'कर', 'id': 9, 'deprel': 'root', 'head': 0}}, {'subject': {'upos': 'NOUN', 'text': 'प्रभाव', 'id': 4, 'deprel': 'nsubj', 'head': 9}, 'object': {'upos': 'NOUN', 'text': 'प्रभाव', 'id': 15, 'deprel': 'obj', 'head': 18}, 'verb': {'upos': 'VERB', 'text': 'कर', 'id': 18, 'deprel': 'conj', 'head': 9}}]","['SOV', 'SOV']"
338,बौद्ध धर्म का मानना है कि गर्भाधान को रोकना स्वीकार्य है लेकिन गर्भावस्था को समाप्त करना स्वीकार्य नहीं है।,2,"[{'subject': {'upos': 'VERB', 'text': 'रोकना', 'id': 9, 'deprel': 'nsubj', 'head': 11}, 'object': {'upos': 'ADJ', 'text': 'स्वीकार्य', 'id': 10, 'deprel': 'obj', 'head': 11}, 'verb': {'upos': 'VERB', 'text': 'है', 'id': 11, 'deprel': 'ccomp', 'head': 4}}, {'subject': {'upos': 'VERB', 'text': 'करना', 'id': 16, 'deprel': 'nsubj', 'head': 19}, 'object': {'upos': 'ADJ', 'text': 'स्वीकार्य', 'id': 17, 'deprel': 'obj', 'head': 19}, 'verb': {'upos': 'VERB', 'text': 'है', 'id': 19, 'deprel': 'conj', 'head': 11}}]","['SOV', 'SOV']"
501,"इन हमलों को समस्याग्रस्त माना जाता है क्योंकि वे उपयोगकर्ता के सुरक्षित लॉग-इन विवरणों को चुरा लेते हैं और उन्हें नकली साइट पर दर्ज कर देते हैं, जिससे उपयोगकर्ता के बैंक या सेवा के स्वयं के वेब पेज पर साइन इन करने के निर्देश देते हैं, जिसके परिणामस्वरूप उपयोगकर्ता के संसाधनों का दुरुपयोग हो सकता है।",2,"[{'subject': {'upos': 'PRON', 'text': 'वे', 'id': 9, 'deprel': 'nsubj', 'head': 16}, 'object': {'upos': 'NOUN', 'text': 'विवरणों', 'id': 14, 'deprel': 'obj', 'head': 16}, 'verb': {'upos': 'VERB', 'text': 'चुरा', 'id': 16, 'deprel': 'obj', 'head': 5}}, {'subject': {'upos': 'PRON', 'text': 'वे', 'id': 9, 'deprel': 'nsubj', 'head': 16}, 'object': {'upos': 'PRON', 'text': 'उन्हें', 'id': 20, 'deprel': 'obj', 'head': 25}, 'verb': {'upos': 'VERB', 'text': 'कर', 'id': 25, 'deprel': 'conj', 'head': 16}}]","['SOV', 'SOV']"
704,लिंकिन पार्क ने मेटियोरा एल्बम की सफलता के बाद अपना दूसरा एल्बम 25 मार्च 2003 को प्रवर्तित किया और उसने तत्काल दुनिया भर में मान्यता अर्जित की।,2,"[{'subject': {'upos': 'PROPN', 'text': 'पार्क', 'id': 2, 'deprel': 'nsubj', 'head': 18}, 'object': {'upos': 'NOUN', 'text': 'एल्बम', 'id': 12, 'deprel': 'obj', 'head': 18}, 'verb': {'upos': 'VERB', 'text': 'किया', 'id': 18, 'deprel': 'root', 'head': 0}}, {'subject': {'upos': 'PRON', 'text': 'उसने', 'id': 20, 'deprel': 'nsubj', 'head': 27}, 'object': {'upos': 'NOUN', 'text': 'मान्यता', 'id': 25, 'deprel': 'obj', 'head': 27}, 'verb': {'upos': 'VERB', 'text': 'की', 'id': 27, 'deprel': 'conj', 'head': 18}}]","['SOV', 'SOV']"
720,पूजा ने राज को टीना के नाम से लिखा क्योंकि टीना अन्य चीजों में अत्यधिक व्यस्त थी और पूजा ने उसके नाम से राज को लिखने का वादा किया था ताकि टीना अपना वादा पूरा कर सके।,2,"[{'subject': {'upos': 'PROPN', 'text': 'पूजा', 'id': 1, 'deprel': 'nsubj', 'head': 9}, 'object': {'upos': 'PROPN', 'text': 'राज', 'id': 3, 'deprel': 'obj', 'head': 9}, 'verb': {'upos': 'VERB', 'text': 'लिखा', 'id': 9, 'deprel': 'root', 'head': 0}}, {'subject': {'upos': 'PROPN', 'text': 'टीना', 'id': 32, 'deprel': 'nsubj', 'head': 36}, 'object': {'upos': 'NOUN', 'text': 'वादा', 'id': 34, 'deprel': 'obj', 'head': 36}, 'verb': {'upos': 'VERB', 'text': 'कर', 'id': 36, 'deprel': 'advcl', 'head': 29}}]","['SOV', 'SOV']"
767,पर्यटन क्षेत्र बहुत पैसा कमाता है और आगंतुकों को स्कॉटलैंड में आकर्षित करता है।,2,"[{'subject': {'upos': 'NOUN', 'text': 'क्षेत्र', 'id': 2, 'deprel': 'nsubj', 'head': 5}, 'object': {'upos': 'NOUN', 'text': 'पैसा', 'id': 4, 'deprel': 'obj', 'head': 5}, 'verb': {'upos': 'VERB', 'text': 'कमाता', 'id': 5, 'deprel': 'root', 'head': 0}}, {'subject': {'upos': 'NOUN', 'text': 'क्षेत्र', 'id': 2, 'deprel': 'nsubj', 'head': 5}, 'object': {'upos': 'NOUN', 'text': 'आगंतुकों', 'id': 8, 'deprel': 'obj', 'head': 13}, 'verb': {'upos': 'VERB', 'text': 'करता', 'id': 13, 'deprel': 'conj', 'head': 5}}]","['SOV', 'SOV']"
1264,"सारांशित करने के बाद, निर्माता एक स्टेप आउटलाइन तैयार करते हैं, जो पूरी कहानी को एक-अनुच्छेद के दृश्यों में विभाजित कर देता है जिसका पूरा ध्यान नाटकीय संरचना पर होता है।",2,"[{'subject': {'upos': 'NOUN', 'text': 'निर्माता', 'id': 6, 'deprel': 'nsubj', 'head': 11}, 'object': {'upos': 'NOUN', 'text': 'आउटलाइन', 'id': 9, 'deprel': 'obj', 'head': 11}, 'verb': {'upos': 'VERB', 'text': 'करते', 'id': 11, 'deprel': 'root', 'head': 0}}, {'subject': {'upos': 'PRON', 'text': 'जो', 'id': 14, 'deprel': 'nsubj', 'head': 23}, 'object': {'upos': 'NOUN', 'text': 'कहानी', 'id': 16, 'deprel': 'obj', 'head': 23}, 'verb': {'upos': 'VERB', 'text': 'कर', 'id': 23, 'deprel': 'acl:relcl', 'head': 9}}]","['SOV', 'SOV']"
1304,खान ने 1994 में टेस्ट मैचों के दौरान एक शर्मनाक आदत स्वीकार की जब उन्होंने कहा कि कभी-कभी गेंद के किनारे खरोंचे और सीम को उठाया था।,2,"[{'subject': {'upos': 'PROPN', 'text': 'खान', 'id': 1, 'deprel': 'nsubj', 'head': 13}, 'object': {'upos': 'NOUN', 'text': 'आदत', 'id': 11, 'deprel': 'obj', 'head': 13}, 'verb': {'upos': 'VERB', 'text': 'की', 'id': 13, 'deprel': 'root', 'head': 0}}, {'subject': {'upos': 'PRON', 'text': 'उन्होंने', 'id': 15, 'deprel': 'nsubj', 'head': 16}, 'verb': {'upos': 'VERB', 'text': 'कहा', 'id': 16, 'deprel': 'acl:relcl', 'head': 11}, 'object': {'upos': 'VERB', 'text': 'खरोंचे', 'id': 23, 'deprel': 'obj', 'head': 16}}]","['SOV', 'SVO']"
1347,"मधुमक्खियों और फूलों के बीच कुछ समान गुण हैं, जिनमें से कुछ निम्नलिखित हैं: * दोनों को आकर्षित करता है: मधुमक्खियों को फूलों की खुशबू और रंग से आकर्षित होता है, जबकि फूलों को मधुमक्खियों की मादा मधुमक्खी के रंग, आकार और खुशबू से आकर्षित होते हैं। * दोनों में संरचनायें होती हैं: मधुमक्खियों में संरचनायें होती हैं जो कि परागकों को आकर्षित करती हैं, जबकि फूलों में संरचनायें होती हैं जो कि मधुमक्खियों को आकर्षित करती हैं, जैसे की मधुरस निर्देश (nectar guides)। * दोनों में नक़ल या अनुकरण होता है: कुछ फूलों में नक़ल या अनुकरण होता है जो कि मधुमक्खियों को आकर्षित करता है, जबकि मधुमक्खियों में नक़ल या अनुकरण होता है जो कि फूलों को आकर्षित करता है।",2,"[{'subject': {'upos': 'PRON', 'text': 'जो', 'id': 18, 'deprel': 'nsubj', 'head': 23}, 'object': {'upos': 'NOUN', 'text': 'मधुमक्खियों', 'id': 20, 'deprel': 'obj', 'head': 23}, 'verb': {'upos': 'VERB', 'text': 'करता', 'id': 23, 'deprel': 'acl:relcl', 'head': 11}}, {'subject': {'upos': 'PRON', 'text': 'जो', 'id': 34, 'deprel': 'nsubj', 'head': 39}, 'object': {'upos': 'NOUN', 'text': 'फूलों', 'id': 36, 'deprel': 'obj', 'head': 39}, 'verb': {'upos': 'VERB', 'text': 'करता', 'id': 39, 'deprel': 'conj', 'head': 23}}]","['SOV', 'SOV']"
1398,"बवासीर के सटीक कारण अज्ञात हैं, फिर भी कई सारे ऐसे कारक हैं जो अंतर-उदर दबाव को बढ़ावा देते हैं- विशेष रूप से कब्ज़ और जिनको इसके विकास में एक भूमिका निभाते पाया जाता है।",2,"[{'subject': {'upos': 'PRON', 'text': 'जो', 'id': 15, 'deprel': 'nsubj', 'head': 20}, 'object': {'upos': 'NOUN', 'text': 'दबाव', 'id': 17, 'deprel': 'obj', 'head': 20}, 'verb': {'upos': 'VERB', 'text': 'देते', 'id': 20, 'deprel': 'acl:relcl', 'head': 13}}, {'subject': {'upos': 'PRON', 'text': 'जो', 'id': 15, 'deprel': 'nsubj', 'head': 20}, 'object': {'upos': 'NOUN', 'text': 'कब्ज़', 'id': 25, 'deprel': 'obj', 'head': 34}, 'verb': {'upos': 'VERB', 'text': 'पाया', 'id': 34, 'deprel': 'conj', 'head': 20}}]","['SOV', 'SOV']"
1470,"डॉकिन्स की पुष्टि के बाद, उन्होंने अपने धार्मिक विश्वास के शेष भाग में हार गए। उन्होंने कहा कि विज्ञान और विकास प्रक्रियाओं की उनकी समझ ने उन्हें यह सवाल करने के लिए प्रेरित किया कि कैसे एक सभ्य विश्व में नेतृत्व के पदों में वयस्कों को अभी भी जीव विज्ञान में अशिक्षित किया जा सकता है, और इस बात से हैरान है कि ईश्वर में विश्वास कितने व्यक्तियों में परिष्कृत है विज्ञान में।",2,"[{'subject': {'upos': 'PRON', 'text': 'उन्होंने', 'id': 1, 'deprel': 'nsubj', 'head': 2}, 'verb': {'upos': 'VERB', 'text': 'कहा', 'id': 2, 'deprel': 'root', 'head': 0}, 'object': {'upos': 'VERB', 'text': 'किया', 'id': 19, 'deprel': 'obj', 'head': 2}}, {'subject': {'upos': 'NOUN', 'text': 'समझ', 'id': 10, 'deprel': 'nsubj', 'head': 19}, 'verb': {'upos': 'VERB', 'text': 'किया', 'id': 19, 'deprel': 'obj', 'head': 2}, 'object': {'upos': 'VERB', 'text': 'किया', 'id': 38, 'deprel': 'obj', 'head': 19}}]","['SVO', 'SVO']"
1525,"गंभीर धावक जॉगिंग का उपयोग अक्सर अंतराल प्रशिक्षण के दौरान एक सक्रिय रिकवरी के रूप में किया जाता है। वह धावक जिसने उप-5-मिनट मिल की गति से तेज 400 मीटर की पुनरावृत्ति को पूरा किया है, वह वह रिकवरी लेप के लिए 8-मिनट मील की गति को छोड़ सकता है।",2,"[{'subject': {'upos': 'NOUN', 'text': 'धावक', 'id': 2, 'deprel': 'nsubj', 'head': 16}, 'object': {'upos': 'NOUN', 'text': 'पुनरावृत्ति', 'id': 13, 'deprel': 'obj', 'head': 16}, 'verb': {'upos': 'VERB', 'text': 'किया', 'id': 16, 'deprel': 'acl:relcl', 'head': 19}}, {'subject': {'upos': 'PRON', 'text': 'वह', 'id': 19, 'deprel': 'nsubj', 'head': 30}, 'object': {'upos': 'NOUN', 'text': 'गति', 'id': 28, 'deprel': 'obj', 'head': 30}, 'verb': {'upos': 'VERB', 'text': 'छोड़', 'id': 30, 'deprel': 'root', 'head': 0}}]","['SOV', 'SOV']"
1567,"एचआरएस पेंशन का काम देखता है, इसलिए वह पेंशनधारकों पर अधिक ध्यान केंद्रित करता है।",2,"[{'subject': {'upos': 'PROPN', 'text': 'एचआरएस', 'id': 1, 'deprel': 'nsubj', 'head': 5}, 'object': {'upos': 'NOUN', 'text': 'काम', 'id': 4, 'deprel': 'obj', 'head': 5}, 'verb': {'upos': 'VERB', 'text': 'देखता', 'id': 5, 'deprel': 'acl:relcl', 'head': 8}}, {'subject': {'upos': 'PRON', 'text': 'वह', 'id': 9, 'deprel': 'nsubj', 'head': 15}, 'object': {'upos': 'NOUN', 'text': 'ध्यान', 'id': 13, 'deprel': 'obj', 'head': 15}, 'verb': {'upos': 'VERB', 'text': 'करता', 'id': 15, 'deprel': 'root', 'head': 0}}]","['SOV', 'SOV']"
1586,टोनी हिन्कल ने नारंगी रंग की गेंद पेश की जो खिलाड़ियों और दर्शकों को समान दोनों को स्पष्ट रूप से दिखाई दे।,2,"[{'subject': {'upos': 'PROPN', 'text': 'हिन्कल', 'id': 2, 'deprel': 'nsubj', 'head': 9}, 'object': {'upos': 'NOUN', 'text': 'गेंद', 'id': 7, 'deprel': 'obj', 'head': 9}, 'verb': {'upos': 'VERB', 'text': 'की', 'id': 9, 'deprel': 'root', 'head': 0}}, {'subject': {'upos': 'PRON', 'text': 'जो', 'id': 10, 'deprel': 'nsubj', 'head': 21}, 'object': {'upos': 'NOUN', 'text': 'खिलाड़ियों', 'id': 11, 'deprel': 'obj', 'head': 21}, 'verb': {'upos': 'VERB', 'text': 'दिखाई', 'id': 21, 'deprel': 'acl:relcl', 'head': 7}}]","['SOV', 'SOV']"
1625,प्लाज्मा चादर के भीतर इलेक्ट्रोन एक शक्तिशाली रेडियो तरंग उत्पन्न करते है जो ०.६ -०.३ मेगा हर्ट्ज़ परास का विस्फोट पैदा करता है।,2,"[{'subject': {'upos': 'NOUN', 'text': 'इलेक्ट्रोन', 'id': 5, 'deprel': 'nsubj', 'head': 11}, 'object': {'upos': 'NOUN', 'text': 'तरंग', 'id': 9, 'deprel': 'obj', 'head': 11}, 'verb': {'upos': 'VERB', 'text': 'करते', 'id': 11, 'deprel': 'root', 'head': 0}}, {'subject': {'upos': 'PRON', 'text': 'जो', 'id': 13, 'deprel': 'nsubj', 'head': 22}, 'object': {'upos': 'NOUN', 'text': 'विस्फोट', 'id': 20, 'deprel': 'obj', 'head': 22}, 'verb': {'upos': 'VERB', 'text': 'करता', 'id': 22, 'deprel': 'acl:relcl', 'head': 9}}]","['SOV', 'SOV']"
1682,"इन विगेट्स उम्म-आर रस में पाए जाने वाले मोज़ेक से नगरपालिका विगेट्स को चित्रित करते हैं, जो फिलिस्तीन, जॉर्डन और नील डेल्टा के साथ शहरों की एक श्रृंखला को कवर करते हैं।",2,"[{'subject': {'upos': 'NOUN', 'text': 'विगेट्स', 'id': 2, 'deprel': 'nsubj', 'head': 15}, 'object': {'upos': 'NOUN', 'text': 'विगेट्स', 'id': 12, 'deprel': 'obj', 'head': 15}, 'verb': {'upos': 'VERB', 'text': 'करते', 'id': 15, 'deprel': 'root', 'head': 0}}, {'subject': {'upos': 'PRON', 'text': 'जो', 'id': 18, 'deprel': 'nsubj', 'head': 33}, 'object': {'upos': 'NOUN', 'text': 'श्रृंखला', 'id': 30, 'deprel': 'obj', 'head': 33}, 'verb': {'upos': 'VERB', 'text': 'करते', 'id': 33, 'deprel': 'acl:relcl', 'head': 12}}]","['SOV', 'SOV']"
1736,जापानी स्कूली बच्चों से उम्मीद की जाती है कि वे बुनियादी १००६ कानजी अक्षर (क्योइकु कानजी) कक्षा ६ तक सीखना पड़ता है और नवीं कक्षा तक सभी २१३६ जोयो कानजी सीखने पड़ते हैं।,2,"[{'subject': {'upos': 'PRON', 'text': 'वे', 'id': 10, 'deprel': 'nsubj', 'head': 22}, 'object': {'upos': 'NOUN', 'text': 'अक्षर', 'id': 14, 'deprel': 'obj', 'head': 22}, 'verb': {'upos': 'VERB', 'text': 'सीखना', 'id': 22, 'deprel': 'obj', 'head': 6}}, {'subject': {'upos': 'PRON', 'text': 'वे', 'id': 10, 'deprel': 'nsubj', 'head': 22}, 'object': {'upos': 'PROPN', 'text': 'कानजी', 'id': 32, 'deprel': 'obj', 'head': 33}, 'verb': {'upos': 'VERB', 'text': 'सीखने', 'id': 33, 'deprel': 'conj', 'head': 22}}]","['SOV', 'SOV']"
1761,"होंठों में न तो बाल होते हैं और न ही पसीने की ग्रन्थियाँ, इसलिए उन्हें पसीने तथा शारीरिक तैल की सुरक्षा नहीं मिल पाती जिससे वह अपनी ऊपरी सतह को चिकना रख सकें, तापमान नियंत्रित कर सकें तथा रोगाणुओं से बच सकें।",2,"[{'subject': {'upos': 'PRON', 'text': 'वह', 'id': 27, 'deprel': 'nsubj', 'head': 33}, 'object': {'upos': 'NOUN', 'text': 'सतह', 'id': 30, 'deprel': 'obj', 'head': 33}, 'verb': {'upos': 'VERB', 'text': 'रख', 'id': 33, 'deprel': 'acl:relcl', 'head': 22}}, {'subject': {'upos': 'PRON', 'text': 'वह', 'id': 27, 'deprel': 'nsubj', 'head': 33}, 'object': {'upos': 'NOUN', 'text': 'तापमान', 'id': 36, 'deprel': 'obj', 'head': 38}, 'verb': {'upos': 'VERB', 'text': 'कर', 'id': 38, 'deprel': 'conj', 'head': 33}}]","['SOV', 'SOV']"
1791,"करीना के कैरियर में एक महत्वपूर्ण मोड़ है, जिसमें वह विषम भूमिकाओं को हेंडल करती है और अद्वितीय विश्वास के साथ काम करती है।",2,"[{'subject': {'upos': 'PRON', 'text': 'वह', 'id': 11, 'deprel': 'nsubj', 'head': 16}, 'object': {'upos': 'NOUN', 'text': 'भूमिकाओं', 'id': 13, 'deprel': 'obj', 'head': 16}, 'verb': {'upos': 'VERB', 'text': 'करती', 'id': 16, 'deprel': 'acl:relcl', 'head': 7}}, {'subject': {'upos': 'PRON', 'text': 'वह', 'id': 11, 'deprel': 'nsubj', 'head': 16}, 'object': {'upos': 'NOUN', 'text': 'काम', 'id': 23, 'deprel': 'obj', 'head': 24}, 'verb': {'upos': 'VERB', 'text': 'करती', 'id': 24, 'deprel': 'conj', 'head': 16}}]","['SOV', 'SOV']"
1818,"जब एक पारी को घोषित कर दिया जाता है, तो आवश्यकता का एक उदाहरण है कि सभी बल्लेबाजों के आउट हो जाने के बाद पारी समाप्त हो जाती है या कोई अन्य बल्लेबाज खेलने के लिए फिट नहीं होता है तो पारी घोषित कर दी जाती है या बल्लेबाजी कप्तान द्वारा इसका अधिकार खो दिया जाता है या जब कोई सहमत समय या ओवर की सीमा पूरी हो जाती है।",2,"[{'subject': {'upos': 'NOUN', 'text': 'बल्लेबाज', 'id': 34, 'deprel': 'nsubj', 'head': 40}, 'object': {'upos': 'NOUN', 'text': 'पारी', 'id': 43, 'deprel': 'obj', 'head': 45}, 'verb': {'upos': 'VERB', 'text': 'कर', 'id': 45, 'deprel': 'conj', 'head': 28}}, {'subject': {'upos': 'NOUN', 'text': 'कप्तान', 'id': 51, 'deprel': 'nsubj:pass', 'head': 55}, 'object': {'upos': 'NOUN', 'text': 'अधिकार', 'id': 54, 'deprel': 'obj', 'head': 55}, 'verb': {'upos': 'VERB', 'text': 'खो', 'id': 55, 'deprel': 'conj', 'head': 45}}]","['SOV', 'SOV']"
1872,प्रत्येक प्रांत ने क़िंग से अपनी स्वतंत्रता घोषित की और उन्होंने अपने स्वयं की सैन्य मुद्रा जारी की।,2,"[{'subject': {'upos': 'NOUN', 'text': 'प्रांत', 'id': 2, 'deprel': 'nsubj', 'head': 9}, 'object': {'upos': 'NOUN', 'text': 'स्वतंत्रता', 'id': 7, 'deprel': 'obj', 'head': 9}, 'verb': {'upos': 'VERB', 'text': 'की', 'id': 9, 'deprel': 'root', 'head': 0}}, {'subject': {'upos': 'PRON', 'text': 'उन्होंने', 'id': 11, 'deprel': 'nsubj', 'head': 18}, 'object': {'upos': 'NOUN', 'text': 'मुद्रा', 'id': 16, 'deprel': 'obj', 'head': 18}, 'verb': {'upos': 'VERB', 'text': 'की', 'id': 18, 'deprel': 'conj', 'head': 9}}]","['SOV', 'SOV']"
1930,"सॉफ्टवेयर पेटेंट्स, डिजिटल राइट्स और दूसरे टेक्निकल लीगल सिस्टम्स जो यूजर से उनकी आज़ादी छीनते हैं के खिलाफ स्टालमैन ने अभियान चलाया है।",2,"[{'subject': {'upos': 'PRON', 'text': 'जो', 'id': 11, 'deprel': 'nsubj', 'head': 16}, 'object': {'upos': 'NOUN', 'text': 'आज़ादी', 'id': 15, 'deprel': 'obj', 'head': 16}, 'verb': {'upos': 'VERB', 'text': 'छीनते', 'id': 16, 'deprel': 'advcl', 'head': 23}}, {'subject': {'upos': 'NOUN', 'text': 'पेटेंट्स', 'id': 2, 'deprel': 'nsubj', 'head': 23}, 'object': {'upos': 'NOUN', 'text': 'अभियान', 'id': 22, 'deprel': 'obj', 'head': 23}, 'verb': {'upos': 'VERB', 'text': 'चलाया', 'id': 23, 'deprel': 'root', 'head': 0}}]","['SOV', 'SOV']"
14,राउटर के विभिन्न कतार उपयोग करने का मुख्य उद्देश्य है पैकेटों को उनके द्वारा अपेक्षित सेवा के प्रकार के अनुसार निष्पादन को अपेक्षाओं के अनुरूप बनाना है।,1,"[{'subject': {'upos': 'NOUN', 'text': 'पैकेटों', 'id': 11, 'deprel': 'nsubj', 'head': 26}, 'object': {'upos': 'NOUN', 'text': 'निष्पादन', 'id': 21, 'deprel': 'obj', 'head': 26}, 'verb': {'upos': 'VERB', 'text': 'बनाना', 'id': 26, 'deprel': 'acl:relcl', 'head': 9}}]",['SOV']
17,क्यूओएस अनुप्रयोगों के लिए स्थिर बिट-दर और कम प्रसुप्ति काल का ठीक से काम करना आवश्यक है।,1,"[{'subject': {'upos': 'VERB', 'text': 'करना', 'id': 15, 'deprel': 'nsubj', 'head': 17}, 'object': {'upos': 'ADJ', 'text': 'आवश्यक', 'id': 16, 'deprel': 'obj', 'head': 17}, 'verb': {'upos': 'VERB', 'text': 'है', 'id': 17, 'deprel': 'root', 'head': 0}}]",['SOV']
23,रौक्स ने 1885 में भ्रूण चिकन के एक अंतस्था प्लेट के एक हिस्से को हटाया था।,1,"[{'subject': {'upos': 'PROPN', 'text': 'रौक्स', 'id': 1, 'deprel': 'nsubj', 'head': 15}, 'object': {'upos': 'NOUN', 'text': 'हिस्से', 'id': 13, 'deprel': 'obj', 'head': 15}, 'verb': {'upos': 'VERB', 'text': 'हटाया', 'id': 15, 'deprel': 'root', 'head': 0}}]",['SOV']
27,लेवेस्क ने लॉर्ड स्टीवन रीगल के साथ संक्षिप्त रूप से दल 1994 के अंत और शुरूआती 1995 के बीच बनाया था।,1,"[{'subject': {'upos': 'PROPN', 'text': 'लेवेस्क', 'id': 1, 'deprel': 'nsubj', 'head': 20}, 'object': {'upos': 'NOUN', 'text': 'दल', 'id': 11, 'deprel': 'obj', 'head': 20}, 'verb': {'upos': 'VERB', 'text': 'बनाया', 'id': 20, 'deprel': 'root', 'head': 0}}]",['SOV']
34,हेनरी नॉरिस को यातना देना संभव नहीं था क्योंकि वह एक रईस था और रईसों के लिए यातना की पрак्रिया कानूनी रूप से प्रतिबंधित थी।,1,"[{'subject': {'upos': 'VERB', 'text': 'देना', 'id': 5, 'deprel': 'nsubj', 'head': 8}, 'object': {'upos': 'ADJ', 'text': 'संभव', 'id': 6, 'deprel': 'obj', 'head': 8}, 'verb': {'upos': 'VERB', 'text': 'था', 'id': 8, 'deprel': 'root', 'head': 0}}]",['SOV']
44,हिंदी में उत्तर: आम और शाही परिवार कोरियाई पाक शैली के व्यंजन खाते हैं।,1,"[{'subject': {'upos': 'NOUN', 'text': 'परिवार', 'id': 8, 'deprel': 'nsubj', 'head': 14}, 'object': {'upos': 'NOUN', 'text': 'व्यंजन', 'id': 13, 'deprel': 'obj', 'head': 14}, 'verb': {'upos': 'VERB', 'text': 'खाते', 'id': 14, 'deprel': 'root', 'head': 0}}]",['SOV']
62,गोवंशीय जीएच (Somatotropin) दूध को प्रोत्साहित करता है।,1,"[{'subject': {'upos': 'PROPN', 'text': 'जीएच', 'id': 2, 'deprel': 'nsubj', 'head': 9}, 'object': {'upos': 'NOUN', 'text': 'दूध', 'id': 6, 'deprel': 'obj', 'head': 9}, 'verb': {'upos': 'VERB', 'text': 'करता', 'id': 9, 'deprel': 'root', 'head': 0}}]",['SOV']
67,सांस्कृतिक अभिव्यक्ति के विषयों में से एक विषय अतीत से सर्वश्रेष्ठ और पूंजीवादी तत्वों को त्यागना है।,1,"[{'subject': {'upos': 'NOUN', 'text': 'विषय', 'id': 8, 'deprel': 'nsubj', 'head': 16}, 'object': {'upos': 'NOUN', 'text': 'तत्वों', 'id': 14, 'deprel': 'obj', 'head': 16}, 'verb': {'upos': 'VERB', 'text': 'त्यागना', 'id': 16, 'deprel': 'root', 'head': 0}}]",['SOV']
68,राज्य और कोरियाई श्रमिक पार्टी साहित्य और कला के उत्पादन को नियंत्रित करती है।,1,"[{'subject': {'upos': 'NOUN', 'text': 'पार्टी', 'id': 5, 'deprel': 'nsubj', 'head': 13}, 'object': {'upos': 'NOUN', 'text': 'उत्पादन', 'id': 10, 'deprel': 'obj', 'head': 13}, 'verb': {'upos': 'VERB', 'text': 'करती', 'id': 13, 'deprel': 'root', 'head': 0}}]",['SOV']
72,1995 में इजरायल के सैनिकों ने बेतेलहाइम को छोड़ दिया।,1,"[{'subject': {'upos': 'NOUN', 'text': 'सैनिकों', 'id': 5, 'deprel': 'nsubj', 'head': 9}, 'object': {'upos': 'PROPN', 'text': 'बेतेलहाइम', 'id': 7, 'deprel': 'obj', 'head': 9}, 'verb': {'upos': 'VERB', 'text': 'छोड़', 'id': 9, 'deprel': 'root', 'head': 0}}]",['SOV']
73,चर्च ऑफ द नेटिविटी (Church of the Nativity) में शरण ली और IDF ने उस जगह को 39 दिनों के लिए घेरा लिया था।,1,"[{'subject': {'upos': 'PROPN', 'text': 'IDF', 'id': 16, 'deprel': 'nsubj', 'head': 25}, 'object': {'upos': 'NOUN', 'text': 'जगह', 'id': 19, 'deprel': 'obj', 'head': 25}, 'verb': {'upos': 'VERB', 'text': 'घेरा', 'id': 25, 'deprel': 'conj', 'head': 14}}]",['SOV']
79,"केंद्र का लक्ष्य फिलिस्तीनी कशिदाकारी, कला और लोक-साहित्य को संरक्षित रखना व प्रचारित करना है।",1,"[{'subject': {'upos': 'NOUN', 'text': 'लक्ष्य', 'id': 3, 'deprel': 'nsubj', 'head': 12}, 'object': {'upos': 'NOUN', 'text': 'कशिदाकारी', 'id': 5, 'deprel': 'obj', 'head': 12}, 'verb': {'upos': 'VERB', 'text': 'रखना', 'id': 12, 'deprel': 'root', 'head': 0}}]",['SOV']
82,मीम अपने पोषक के व्यवहार के माध्यम से फैलते है जिसे वो स्वयं अपने पोषक में उत्पन्न करते हैं।,1,"[{'object': {'upos': 'PRON', 'text': 'जिसे', 'id': 11, 'deprel': 'obj', 'head': 18}, 'subject': {'upos': 'PRON', 'text': 'वो', 'id': 12, 'deprel': 'nsubj', 'head': 18}, 'verb': {'upos': 'VERB', 'text': 'करते', 'id': 18, 'deprel': 'acl:relcl', 'head': 3}}]",['OSV']
92,"बोइंग की आर्थिक सहायता संयुक्त राज्य अमरीकी सरकार, NASA और स्थानीय और राज्य सरकारें कर रही हैं। NASA के माध्यम से अमरीकी सरकार का प्रौद्योगिकी विकास समर्थन भी बोइंग को प्रदान करता है। साथ ही बोइंग को स्थानीय और राज्य सरकारों द्वारा प्रत्यक्ष आर्थिक समर्थन भी प्रदान किया गया है।",1,"[{'subject': {'upos': 'NOUN', 'text': 'सरकारों', 'id': 8, 'deprel': 'nsubj:pass', 'head': 15}, 'object': {'upos': 'NOUN', 'text': 'समर्थन', 'id': 12, 'deprel': 'obj', 'head': 15}, 'verb': {'upos': 'VERB', 'text': 'किया', 'id': 15, 'deprel': 'root', 'head': 0}}]",['SOV']
105,गहने या घड़ी का उदाहरण है जो खिलाड़ी पहनने या इस्तेमाल करना वर्जित है क्योंकि वह उसके ख़ुद या अन्य खिलाडियों के लिए खतरनाक साबित हो जाता है।,1,"[{'subject': {'upos': 'PRON', 'text': 'जो', 'id': 7, 'deprel': 'nsubj', 'head': 14}, 'object': {'upos': 'ADJ', 'text': 'वर्जित', 'id': 13, 'deprel': 'obj', 'head': 14}, 'verb': {'upos': 'VERB', 'text': 'है', 'id': 14, 'deprel': 'acl:relcl', 'head': 5}}]",['SOV']
106,"जब कोई खिलाड़ी किसी अन्य खिलाड़ी द्वारा खेल में प्रतिस्थापित किया जाता है, तो वह खिलाड़ी प्रभावित होगा क्योंकि उसका स्थानापन्न होगा और वह मैच का हिस्सा नहीं रहेगा।",1,"[{'object': {'upos': 'NOUN', 'text': 'खिलाड़ी', 'id': 3, 'deprel': 'obj', 'head': 11}, 'subject': {'upos': 'NOUN', 'text': 'खिलाड़ी', 'id': 6, 'deprel': 'nsubj:pass', 'head': 11}, 'verb': {'upos': 'VERB', 'text': 'किया', 'id': 11, 'deprel': 'acl:relcl', 'head': 15}}]",['OSV']
117,संगठन का उद्देश्य विश्वव्यापी औद्योगिक एवं वाणिज्यिक मानकों को घोषित करना है।,1,"[{'subject': {'upos': 'NOUN', 'text': 'उद्देश्य', 'id': 3, 'deprel': 'nsubj', 'head': 12}, 'object': {'upos': 'VERB', 'text': 'करना', 'id': 11, 'deprel': 'obj', 'head': 12}, 'verb': {'upos': 'VERB', 'text': 'है', 'id': 12, 'deprel': 'root', 'head': 0}}]",['SOV']
120,लालसा के साथ मध्ययुगीन चर्च के रहनुमाओं ने जुनूनी प्रत्याशा एवं सुस्वाद व्यंजनों तथा महंगे भोजनों को पाने और खाने की लगातार ललक बनाए रखना शामिल है।,1,"[{'subject': {'upos': 'NOUN', 'text': 'रहनुमाओं', 'id': 7, 'deprel': 'nsubj', 'head': 27}, 'object': {'upos': 'ADJ', 'text': 'शामिल', 'id': 26, 'deprel': 'obj', 'head': 27}, 'verb': {'upos': 'VERB', 'text': 'है', 'id': 27, 'deprel': 'root', 'head': 0}}]",['SOV']
148,स्कोडा इंजीनियरों ने एक ऐसे कार को डिज़ाइन किया जिसकी तुलना पाश्चात्य उत्पादन के साथ की जा सकती थी।,1,"[{'subject': {'upos': 'NOUN', 'text': 'इंजीनियरों', 'id': 2, 'deprel': 'nsubj', 'head': 9}, 'object': {'upos': 'NOUN', 'text': 'कार', 'id': 6, 'deprel': 'obj', 'head': 9}, 'verb': {'upos': 'VERB', 'text': 'किया', 'id': 9, 'deprel': 'root', 'head': 0}}]",['SOV']
154,कुमार ने अपना वक्तव्य फेसबुक मंच पर दिया है।,1,"[{'subject': {'upos': 'PROPN', 'text': 'कुमार', 'id': 1, 'deprel': 'nsubj', 'head': 8}, 'object': {'upos': 'NOUN', 'text': 'वक्तव्य', 'id': 4, 'deprel': 'obj', 'head': 8}, 'verb': {'upos': 'VERB', 'text': 'दिया', 'id': 8, 'deprel': 'root', 'head': 0}}]",['SOV']
155,पैट्रिक ने मुख्य संचालन अधिकारी का पद लिया।,1,"[{'subject': {'upos': 'PROPN', 'text': 'पैट्रिक', 'id': 1, 'deprel': 'nsubj', 'head': 8}, 'object': {'upos': 'NOUN', 'text': 'पद', 'id': 7, 'deprel': 'obj', 'head': 8}, 'verb': {'upos': 'VERB', 'text': 'लिया', 'id': 8, 'deprel': 'root', 'head': 0}}]",['SOV']
156,जब स्टीवर्ट जेल से रिहा हुई तो उसने एक अत्‍यंत प्रचारित वापसी प्रारंभ की और एक बार फिर मार्था स्‍टीवर्ट लिविंग में सक्रिय हो गई।,1,"[{'subject': {'upos': 'PRON', 'text': 'उसने', 'id': 8, 'deprel': 'nsubj', 'head': 14}, 'object': {'upos': 'NOUN', 'text': 'वापसी', 'id': 12, 'deprel': 'obj', 'head': 14}, 'verb': {'upos': 'VERB', 'text': 'की', 'id': 14, 'deprel': 'root', 'head': 0}}]",['SOV']
157,"मार्था स्टीवर्ट ने मैसी के लिए बेडिंग, बाथ, कुकवेयर और डिनरवेयर जैसे आइटम डिजाइन किए हैं।",1,"[{'subject': {'upos': 'PROPN', 'text': 'स्टीवर्ट', 'id': 2, 'deprel': 'nsubj', 'head': 17}, 'object': {'upos': 'NOUN', 'text': 'आइटम', 'id': 15, 'deprel': 'obj', 'head': 17}, 'verb': {'upos': 'VERB', 'text': 'किए', 'id': 17, 'deprel': 'root', 'head': 0}}]",['SOV']
160,कार्प ने एचटीएमएल सीखा जब वह 11 साल के थे।,1,"[{'subject': {'upos': 'PROPN', 'text': 'कार्प', 'id': 1, 'deprel': 'nsubj', 'head': 4}, 'object': {'upos': 'PROPN', 'text': 'एचटीएमएल', 'id': 3, 'deprel': 'obj', 'head': 4}, 'verb': {'upos': 'VERB', 'text': 'सीखा', 'id': 4, 'deprel': 'root', 'head': 0}}]",['SOV']
168,"रोग के संचरण के लिए सक्रिय होने की आवश्यकता नहीं है। सक्रिय होने का मतलब है कि रोगी के शरीर में रोग की संक्रामक खुराक है, जिससे वह रोग संचारित कर सकता है। लेकिन, अव्यक्त संक्रमण वाले लोग संक्रामक नहीं माने जाते हैं, क्योंकि उनके शरीर में रोग की संक्रामक खुराक नहीं है। रोग के संचरण के लिए आवश्यक है कि रोगी के शरीर में रोग की संक्रामक खुराक हो और वह संक्रमित बूंदें निकाल सके।",1,"[{'subject': {'upos': 'PRON', 'text': 'वह', 'id': 19, 'deprel': 'nsubj', 'head': 22}, 'object': {'upos': 'NOUN', 'text': 'बूंदें', 'id': 21, 'deprel': 'obj', 'head': 22}, 'verb': {'upos': 'VERB', 'text': 'निकाल', 'id': 22, 'deprel': 'conj', 'head': 17}}]",['SOV']
172,"जब एक व्यक्ति पूरी तरह से अतिसंवेदनशील एमटीबी से संक्रमित है और दवा लेने में विफल रहता है, तो वह द्वितीयक (अधिग्रहीत) प्रतिरोध विकसित करता है।",1,"[{'subject': {'upos': 'PRON', 'text': 'वह', 'id': 21, 'deprel': 'nsubj', 'head': 28}, 'object': {'upos': 'NOUN', 'text': 'प्रतिरोध', 'id': 26, 'deprel': 'obj', 'head': 28}, 'verb': {'upos': 'VERB', 'text': 'करता', 'id': 28, 'deprel': 'root', 'head': 0}}]",['SOV']
186,"दोषों को सूचित करने के लिए सिस्टम में उपस्थित दोषों को एक ऐसा ईकाई परीक्षण लिखकर सरलता से संप्रेषित किया जा सकता है, जो यह साबित करता हो कि कोड का विशिष्ट भाग टूट जाएगा.",1,"[{'subject': {'upos': 'PRON', 'text': 'जो', 'id': 25, 'deprel': 'nsubj', 'head': 28}, 'object': {'upos': 'PRON', 'text': 'यह', 'id': 26, 'deprel': 'obj', 'head': 28}, 'verb': {'upos': 'VERB', 'text': 'करता', 'id': 28, 'deprel': 'acl:relcl', 'head': 15}}]",['SOV']
187,"सिद्धांतों का अभिप्राय है कि एक सिस्टम विकास परियोजना में निर्णयों को प्रोत्साहित करना होता है, जो अभी-अभी वर्णित मूल्यों पर आधारित होते हैं।",1,"[{'subject': {'upos': 'NOUN', 'text': 'सिस्टम', 'id': 7, 'deprel': 'nsubj', 'head': 14}, 'object': {'upos': 'NOUN', 'text': 'निर्णयों', 'id': 11, 'deprel': 'obj', 'head': 14}, 'verb': {'upos': 'VERB', 'text': 'करना', 'id': 14, 'deprel': 'acl', 'head': 3}}]",['SOV']
191,"जब तक किसान या सुनहले चावल जेनेटिक्स का अनुवर्ती प्रयोक्ता प्रति वर्ष $10,000 से ज्यादा नहीं कमा लेता है, तब तक वाणिज्यिक उपयोग के लिए सिंजेन्टा को कोई रॉयल्टी नहीं देनी पड़ती है।",1,"[{'subject': {'upos': 'PROPN', 'text': 'सिंजेन्टा', 'id': 27, 'deprel': 'nsubj', 'head': 32}, 'object': {'upos': 'NOUN', 'text': 'रॉयल्टी', 'id': 30, 'deprel': 'obj', 'head': 32}, 'verb': {'upos': 'VERB', 'text': 'देनी', 'id': 32, 'deprel': 'root', 'head': 0}}]",['SOV']
192,किसान फिर से सुनहले चावल का बो सकते हैं।,1,"[{'subject': {'upos': 'NOUN', 'text': 'किसान', 'id': 1, 'deprel': 'nsubj', 'head': 7}, 'object': {'upos': 'NOUN', 'text': 'चावल', 'id': 5, 'deprel': 'obj', 'head': 7}, 'verb': {'upos': 'VERB', 'text': 'बो', 'id': 7, 'deprel': 'root', 'head': 0}}]",['SOV']
200,"मेंडल ने फैक्टर्स (factors) नाम दिया था, लेकिन बाद में जीन (genes) नाम ज्यादा प्रचलित हो गया।",1,"[{'subject': {'upos': 'PROPN', 'text': 'मेंडल', 'id': 1, 'deprel': 'nsubj', 'head': 8}, 'object': {'upos': 'NOUN', 'text': 'नाम', 'id': 7, 'deprel': 'obj', 'head': 8}, 'verb': {'upos': 'VERB', 'text': 'दिया', 'id': 8, 'deprel': 'root', 'head': 0}}]",['SOV']
209,उद्योग लोगों तक पहुंचने की कोशिश कर रहा है प्रौद्योगिकियों कि इष्टतम स्थानों में इष्टतम समय पर लक्षित लोगों तक पहुँचने के साथ उपभोक्ताओं में नल प्रकट होता है।,1,"[{'subject': {'upos': 'NOUN', 'text': 'उद्योग', 'id': 1, 'deprel': 'nsubj', 'head': 7}, 'verb': {'upos': 'VERB', 'text': 'कर', 'id': 7, 'deprel': 'root', 'head': 0}, 'object': {'upos': 'VERB', 'text': 'होता', 'id': 28, 'deprel': 'obj', 'head': 7}}]",['SVO']
239,"आत्महत्या की रोकथाम के प्रयास के रूप में कुछ पदार्थ तक पहुंच को कम करने के लिए आग्नेयास्त्र, विष, कोयले, पुलों और सबवे प्लेटफॉर्मों पर बैरियर तक पहुंच कम करना शामिल है।",1,"[{'subject': {'upos': 'VERB', 'text': 'करना', 'id': 33, 'deprel': 'nsubj', 'head': 35}, 'object': {'upos': 'ADJ', 'text': 'शामिल', 'id': 34, 'deprel': 'obj', 'head': 35}, 'verb': {'upos': 'VERB', 'text': 'है', 'id': 35, 'deprel': 'root', 'head': 0}}]",['SOV']
265,"हिंदी में उत्तर: जठरांत्र शोथ के कारण पांच वर्ष से कम उम्र के बच्चों में रोटावायरस के कारण हुई मौतें है जो 4,50,000 से अधिक हैं, जबकि हैजा के कारण रोग के कारण मौतें है जो लगभग 1,00,000 लोगों को मारता है।",1,"[{'subject': {'upos': 'PRON', 'text': 'जो', 'id': 37, 'deprel': 'nsubj', 'head': 42}, 'object': {'upos': 'NOUN', 'text': 'लोगों', 'id': 40, 'deprel': 'obj', 'head': 42}, 'verb': {'upos': 'VERB', 'text': 'मारता', 'id': 42, 'deprel': 'acl:relcl', 'head': 35}}]",['SOV']
270,"हालांकि पाठ्य सामग्री में HBV से संबंधित कोई सीधा उल्लेख नहीं है, लेकिन हमने पाया कि HBV संक्रमण के मार्गों में शिशुजन्म के माध्यम से संचरण शामिल है। इस आधार पर, हम कह सकते हैं कि HBV का प्रसार शिशुजन्म के समय संचरण के माध्यम से अधिक जन्में बच्चों में पाया जाता है, विशेष रूप से उच्च प्रसार वाले क्षेत्रों जैसे कि चीन और दक्षिण पूर्व एशिया में।",1,"[{'subject': {'upos': 'PRON', 'text': 'हम', 'id': 5, 'deprel': 'nsubj', 'head': 6}, 'verb': {'upos': 'VERB', 'text': 'कह', 'id': 6, 'deprel': 'root', 'head': 0}, 'object': {'upos': 'VERB', 'text': 'पाया', 'id': 24, 'deprel': 'obj', 'head': 6}}]",['SVO']
278,उसने नेविगेशन चार्ट को सही ढंग से चित्रित किया।,1,"[{'subject': {'upos': 'PRON', 'text': 'उसने', 'id': 1, 'deprel': 'nsubj', 'head': 9}, 'object': {'upos': 'NOUN', 'text': 'चार्ट', 'id': 3, 'deprel': 'obj', 'head': 9}, 'verb': {'upos': 'VERB', 'text': 'किया', 'id': 9, 'deprel': 'root', 'head': 0}}]",['SOV']
283,ATD-X ने अपनी पहली उड़ान 2016 में भरी थी।,1,"[{'subject': {'upos': 'PROPN', 'text': 'ATD-X', 'id': 1, 'deprel': 'nsubj', 'head': 8}, 'object': {'upos': 'NOUN', 'text': 'उड़ान', 'id': 5, 'deprel': 'obj', 'head': 8}, 'verb': {'upos': 'VERB', 'text': 'भरी', 'id': 8, 'deprel': 'root', 'head': 0}}]",['SOV']
284,"मित्सुबिशी एक्स-2 शीनशीन (Mitsubishi X-2 Shinshin) एक उन्नत गुप्तता लड़ाकू विमान है, जिसे जापानी रक्षा तकनीकी अनुसंधान एवं विकास संस्थान द्वारा विकसित किया जा रहा है।",1,"[{'object': {'upos': 'PRON', 'text': 'जिसे', 'id': 16, 'deprel': 'obj', 'head': 26}, 'subject': {'upos': 'PROPN', 'text': 'संस्थान', 'id': 23, 'deprel': 'nsubj:pass', 'head': 26}, 'verb': {'upos': 'VERB', 'text': 'किया', 'id': 26, 'deprel': 'acl:relcl', 'head': 11}}]",['OSV']
289,राउटर में डिटेक्शन शुरू होता है जब राउटर खुद को हैलो OSPF प्रोटोकॉल पैकेट में देखते हैं।,1,"[{'subject': {'upos': 'NOUN', 'text': 'राउटर', 'id': 8, 'deprel': 'nsubj', 'head': 16}, 'object': {'upos': 'PRON', 'text': 'खुद', 'id': 9, 'deprel': 'obj', 'head': 16}, 'verb': {'upos': 'VERB', 'text': 'देखते', 'id': 16, 'deprel': 'acl:relcl', 'head': 3}}]",['SOV']
295,कोव्ज़ देल द्राच (Coves del Drach) पर कलाकारों ने काम किया है।,1,"[{'subject': {'upos': 'NOUN', 'text': 'कलाकारों', 'id': 10, 'deprel': 'nsubj', 'head': 13}, 'object': {'upos': 'NOUN', 'text': 'काम', 'id': 12, 'deprel': 'obj', 'head': 13}, 'verb': {'upos': 'VERB', 'text': 'किया', 'id': 13, 'deprel': 'root', 'head': 0}}]",['SOV']
308,"COCPs को माहवारी के पहले दिन के पांच दिनों के भीतर शुरू कर दिया जाना चाहिए, ताकि वह प्रभावी गर्भनिरोधक प्रदान कर सके।",1,"[{'subject': {'upos': 'PRON', 'text': 'वह', 'id': 19, 'deprel': 'nsubj', 'head': 23}, 'object': {'upos': 'NOUN', 'text': 'गर्भनिरोधक', 'id': 21, 'deprel': 'obj', 'head': 23}, 'verb': {'upos': 'VERB', 'text': 'कर', 'id': 23, 'deprel': 'advcl', 'head': 13}}]",['SOV']
311,"उत्तर: उत्तरी जर्मनी मुख्यत: उत्तरी-पश्चिमी यूरोपीय जलवायु प्रदेश के अंतर्गत आता है, मध्य एवं दक्षिनी जर्मनी महाद्वीपी प्रकार की जलवायु के क्षेत्र में सम्मिलित किए जाते हैं।",1,"[{'subject': {'upos': 'PROPN', 'text': 'जर्मनी', 'id': 4, 'deprel': 'nsubj', 'head': 13}, 'object': {'upos': 'PROPN', 'text': 'मध्य', 'id': 16, 'deprel': 'obj', 'head': 28}, 'verb': {'upos': 'VERB', 'text': 'किए', 'id': 28, 'deprel': 'conj', 'head': 13}}]",['SOV']
316,जर्मनी ने विज्ञान और प्रौद्योगिकी के क्षेत्र में अपने योगदान के साथ बहुत योगदान दिया है।,1,"[{'subject': {'upos': 'PROPN', 'text': 'जर्मनी', 'id': 1, 'deprel': 'nsubj', 'head': 15}, 'object': {'upos': 'NOUN', 'text': 'योगदान', 'id': 14, 'deprel': 'obj', 'head': 15}, 'verb': {'upos': 'VERB', 'text': 'दिया', 'id': 15, 'deprel': 'root', 'head': 0}}]",['SOV']
327,आईयूडी स्तनपान को प्रभावित नहीं करते हैं।,1,"[{'subject': {'upos': 'PROPN', 'text': 'आईयूडी', 'id': 1, 'deprel': 'nsubj', 'head': 6}, 'object': {'upos': 'NOUN', 'text': 'स्तनपान', 'id': 2, 'deprel': 'obj', 'head': 6}, 'verb': {'upos': 'VERB', 'text': 'करते', 'id': 6, 'deprel': 'root', 'head': 0}}]",['SOV']
328,"महिलाएं अक्सर शुक्रवाहिकोच्छेदन उलटाव करवाना चाहती हैं क्योंकि उनमें पति के परिवर्तन के साथ जुड़ा हुआ है और डिंबवाहनी खुलवाने के बाद गर्भधारण की सफलता की दर 31 से 88 प्रतिशत तक है, अस्थानिक सगर्भता के जोखिम के बढ़ने जैसी जटिलताएं इसमें शामिल हैं।",1,"[{'subject': {'upos': 'NOUN', 'text': 'महिलाएं', 'id': 1, 'deprel': 'nsubj', 'head': 6}, 'object': {'upos': 'VERB', 'text': 'करवाना', 'id': 5, 'deprel': 'obj', 'head': 6}, 'verb': {'upos': 'VERB', 'text': 'चाहती', 'id': 6, 'deprel': 'root', 'head': 0}}]",['SOV']
330,"जब कोई स्त्री बच्चे को जन्म देती है, तब उसके भीतर लैक्टेशन रजोरोध विधि की जैविक प्रक्रिया घटती है, जिसमें प्रसव के पश्चात होने वाला प्राकृतिक प्रसवोत्तर बांझपन शामिल है, जो स्तनपान से विस्तरित किया जा सकता है।",1,"[{'subject': {'upos': 'NOUN', 'text': 'स्त्री', 'id': 3, 'deprel': 'nsubj', 'head': 7}, 'object': {'upos': 'NOUN', 'text': 'बच्चे', 'id': 4, 'deprel': 'obj', 'head': 7}, 'verb': {'upos': 'VERB', 'text': 'देती', 'id': 7, 'deprel': 'acl:relcl', 'head': 10}}]",['SOV']
333,गर्भधारण दर 2.2 प्रतिशत है जो असुरक्षित संभोग के 72 घंटों के भीतर लेवोनॉर्गेस्ट्रेल गोलियां लेती हैं।,1,"[{'subject': {'upos': 'PRON', 'text': 'जो', 'id': 6, 'deprel': 'nsubj', 'head': 16}, 'object': {'upos': 'NOUN', 'text': 'गोलियां', 'id': 15, 'deprel': 'obj', 'head': 16}, 'verb': {'upos': 'VERB', 'text': 'लेती', 'id': 16, 'deprel': 'acl:relcl', 'head': 4}}]",['SOV']
337,संयुक्त राष्ट्र संघ गरीब देशों में गर्भ नियंत्रण के नवीनतम तरीके के उपयोग करने वाली स्त्रियों की संख्या को 120 मिलियन महिलाओं को 2020 तक बनाना चाहता है।,1,"[{'subject': {'upos': 'PROPN', 'text': 'संघ', 'id': 3, 'deprel': 'nsubj', 'head': 27}, 'object': {'upos': 'VERB', 'text': 'बनाना', 'id': 26, 'deprel': 'obj', 'head': 27}, 'verb': {'upos': 'VERB', 'text': 'चाहता', 'id': 27, 'deprel': 'root', 'head': 0}}]",['SOV']
350,इर्लिच पद्धति 1877 में पॉल एहरलिच ने निकाली गई थी।,1,"[{'object': {'upos': 'NOUN', 'text': 'पद्धति', 'id': 2, 'deprel': 'obj', 'head': 8}, 'subject': {'upos': 'PROPN', 'text': 'एहरलिच', 'id': 6, 'deprel': 'nsubj:pass', 'head': 8}, 'verb': {'upos': 'VERB', 'text': 'निकाली', 'id': 8, 'deprel': 'root', 'head': 0}}]",['OSV']
354,बर्फी ने झिलमिल को अपने अपार्टमेंट में छिपा लिया था और फिरौती की रकम प्राप्त कर के अपने पिता के ओपरेशन के लिए अस्पताल में भुगतान कर रहा था।,1,"[{'subject': {'upos': 'PROPN', 'text': 'बर्फी', 'id': 1, 'deprel': 'nsubj', 'head': 8}, 'object': {'upos': 'PROPN', 'text': 'झिलमिल', 'id': 3, 'deprel': 'obj', 'head': 8}, 'verb': {'upos': 'VERB', 'text': 'छिपा', 'id': 8, 'deprel': 'root', 'head': 0}}]",['SOV']
362,शुरुआती नेटवर्क डिजाइनर अक्सर VLANs को एक बड़े ईथरनेट क्षेत्र में कोलिज़न डोमेन के आकार को कम करने के उद्देश्य से व्यवस्थित कर के प्रदर्शन में सुधार करते थे।,1,"[{'subject': {'upos': 'NOUN', 'text': 'डिजाइनर', 'id': 3, 'deprel': 'nsubj', 'head': 28}, 'object': {'upos': 'NOUN', 'text': 'VLANs', 'id': 5, 'deprel': 'obj', 'head': 28}, 'verb': {'upos': 'VERB', 'text': 'करते', 'id': 28, 'deprel': 'root', 'head': 0}}]",['SOV']
364,नेटवर्क व्यवस्थापक को मैन्युअल रूप से पोर्ट-टू-वीएलएएन असाइनमेंट बनाना है।,1,"[{'subject': {'upos': 'NOUN', 'text': 'व्यवस्थापक', 'id': 2, 'deprel': 'nsubj', 'head': 9}, 'object': {'upos': 'NOUN', 'text': 'असाइनमेंट', 'id': 8, 'deprel': 'obj', 'head': 9}, 'verb': {'upos': 'VERB', 'text': 'बनाना', 'id': 9, 'deprel': 'root', 'head': 0}}]",['SOV']
371,"समोआ में अनन्नास का अच्छा उत्पादन होता है, लेकिन स्थानीय खपत से परे इसका कोई बड़ा निर्यात नहीं होता है। इसलिए, अनन्नास वास्तव में समोआ में अन्य देशों को नहीं भेजा जाता है।",1,"[{'subject': {'upos': 'PROPN', 'text': 'अनन्नास', 'id': 3, 'deprel': 'nsubj:pass', 'head': 12}, 'object': {'upos': 'NOUN', 'text': 'देशों', 'id': 9, 'deprel': 'obj', 'head': 12}, 'verb': {'upos': 'VERB', 'text': 'भेजा', 'id': 12, 'deprel': 'root', 'head': 0}}]",['SOV']
372,"मेरे पास आपके प्रश्न का उत्तर नहीं है। लेकिन मैं आपको बता सकता हूँ कि प्रश्न में कोई संबंधित जानकारी नहीं है, जिसके आधार पर उत्तर तैयार किया जा सके। यदि आप कोई और प्रश्न पूछना चाहते हैं, तो मैं आपकी मदद करूँगा।",1,"[{'subject': {'upos': 'PRON', 'text': 'आप', 'id': 2, 'deprel': 'nsubj', 'head': 7}, 'object': {'upos': 'VERB', 'text': 'पूछना', 'id': 6, 'deprel': 'obj', 'head': 7}, 'verb': {'upos': 'VERB', 'text': 'चाहते', 'id': 7, 'deprel': 'advcl', 'head': 14}}]",['SOV']
373,समोआ देश है जो यूरोप के सदियों के प्रभाव के बावजूद अपने रीति-रिवाजों को कायम रख रहा है।,1,"[{'subject': {'upos': 'PRON', 'text': 'जो', 'id': 4, 'deprel': 'nsubj', 'head': 16}, 'object': {'upos': 'NOUN', 'text': 'रीति-रिवाजों', 'id': 13, 'deprel': 'obj', 'head': 16}, 'verb': {'upos': 'VERB', 'text': 'रख', 'id': 16, 'deprel': 'acl:relcl', 'head': 2}}]",['SOV']
374,"अल्बर्ट वेंड्ट एक महत्वपूर्ण समोआई लेखक हैं, जिनके उपन्यास और कहानियां समोआई अनुभव को बयां करती हैं।",1,"[{'subject': {'upos': 'NOUN', 'text': 'उपन्यास', 'id': 10, 'deprel': 'nsubj', 'head': 17}, 'object': {'upos': 'NOUN', 'text': 'अनुभव', 'id': 14, 'deprel': 'obj', 'head': 17}, 'verb': {'upos': 'VERB', 'text': 'करती', 'id': 17, 'deprel': 'acl:relcl', 'head': 6}}]",['SOV']
384,कंजरवेटिव्स ने 11 सीटें जीतीं।,1,"[{'subject': {'upos': 'PROPN', 'text': 'कंजरवेटिव्स', 'id': 1, 'deprel': 'nsubj', 'head': 5}, 'object': {'upos': 'NOUN', 'text': 'सीटें', 'id': 4, 'deprel': 'obj', 'head': 5}, 'verb': {'upos': 'VERB', 'text': 'जीतीं', 'id': 5, 'deprel': 'root', 'head': 0}}]",['SOV']
387,"हाँ, आईपोड प्रतिस्पर्धा म्यूजिक स्टोर्स से संगीत संचिकाएँ चला सकते हैं, जैसे eMusic (eMusic) या Amie स्ट्रीट (Amie Street), जिनका उपयोग डीआरएम् का प्रयोग नहीं करते।",1,"[{'subject': {'upos': 'NOUN', 'text': 'प्रतिस्पर्धा', 'id': 4, 'deprel': 'nsubj', 'head': 10}, 'object': {'upos': 'NOUN', 'text': 'संचिकाएँ', 'id': 9, 'deprel': 'obj', 'head': 10}, 'verb': {'upos': 'VERB', 'text': 'चला', 'id': 10, 'deprel': 'root', 'head': 0}}]",['SOV']
408,पटाया शहर स्वशासी नगरपालिका क्षेत्र है जो पूरे tambon Nong Prue और ना Kluea और Huai Yai और Nong Pla Lai के कुछ हिस्सों को शामिल किया है।,1,"[{'subject': {'upos': 'PRON', 'text': 'जो', 'id': 7, 'deprel': 'nsubj', 'head': 27}, 'object': {'upos': 'NOUN', 'text': 'हिस्सों', 'id': 24, 'deprel': 'obj', 'head': 27}, 'verb': {'upos': 'VERB', 'text': 'किया', 'id': 27, 'deprel': 'acl:relcl', 'head': 5}}]",['SOV']
417,विलियम और आर्थर ने अपनी मोटर-बायसाइकिल पर दो वर्षों तक काम किया।,1,"[{'subject': {'upos': 'PROPN', 'text': 'विलियम', 'id': 1, 'deprel': 'nsubj', 'head': 12}, 'object': {'upos': 'NOUN', 'text': 'काम', 'id': 11, 'deprel': 'obj', 'head': 12}, 'verb': {'upos': 'VERB', 'text': 'किया', 'id': 12, 'deprel': 'root', 'head': 0}}]",['SOV']
420,राष्ट्रपति रीगन ने 1983 में मोटरसाइकिलों पर सीमा-शुल्क लगाया था।,1,"[{'subject': {'upos': 'PROPN', 'text': 'रीगन', 'id': 2, 'deprel': 'nsubj', 'head': 9}, 'object': {'upos': 'NOUN', 'text': 'सीमा-शुल्क', 'id': 8, 'deprel': 'obj', 'head': 9}, 'verb': {'upos': 'VERB', 'text': 'लगाया', 'id': 9, 'deprel': 'root', 'head': 0}}]",['SOV']
429,क्वीन मैरी 2 की कलाकृति विकसित करने वाले कलाकार सोलह अलग अलग राज्यों से 128 कलाकारों के द्वारा बनाया गया है।,1,"[{'object': {'upos': 'NOUN', 'text': 'कलाकार', 'id': 9, 'deprel': 'obj', 'head': 19}, 'subject': {'upos': 'NOUN', 'text': 'कलाकारों', 'id': 16, 'deprel': 'nsubj:pass', 'head': 19}, 'verb': {'upos': 'VERB', 'text': 'बनाया', 'id': 19, 'deprel': 'root', 'head': 0}}]",['OSV']
432,2006 में रानी मैरी 2 ने दक्षिणी अमेरिका की यात्रा पूरी की।,1,"[{'subject': {'upos': 'PROPN', 'text': '2', 'id': 5, 'deprel': 'nsubj', 'head': 12}, 'object': {'upos': 'NOUN', 'text': 'यात्रा', 'id': 10, 'deprel': 'obj', 'head': 12}, 'verb': {'upos': 'VERB', 'text': 'की', 'id': 12, 'deprel': 'root', 'head': 0}}]",['SOV']
435,"चीनी शैली की पश्चिमी ब्रेड में नीचे वाला हिस्सा नरम और मीठा आटा है, जो अनानास बन के ऊपर वाला हिस्सा से अलग है।",1,"[{'subject': {'upos': 'PRON', 'text': 'जो', 'id': 16, 'deprel': 'nsubj', 'head': 25}, 'object': {'upos': 'ADJ', 'text': 'अलग', 'id': 24, 'deprel': 'obj', 'head': 25}, 'verb': {'upos': 'VERB', 'text': 'है', 'id': 25, 'deprel': 'acl:relcl', 'head': 13}}]",['SOV']
447,"बच्चों ने गुजराती, कच्छी, सिन्घी और अंग्रेजी भाषाएं सीखीं।",1,"[{'subject': {'upos': 'NOUN', 'text': 'बच्चों', 'id': 1, 'deprel': 'nsubj', 'head': 11}, 'object': {'upos': 'PROPN', 'text': 'गुजराती', 'id': 3, 'deprel': 'obj', 'head': 11}, 'verb': {'upos': 'VERB', 'text': 'सीखीं', 'id': 11, 'deprel': 'root', 'head': 0}}]",['SOV']
452,1995 में हिन्दू ने ऑनलाइन संस्करण की पेशकश शुरू की थी।,1,"[{'subject': {'upos': 'PROPN', 'text': 'हिन्दू', 'id': 3, 'deprel': 'nsubj', 'head': 10}, 'object': {'upos': 'NOUN', 'text': 'पेशकश', 'id': 8, 'deprel': 'obj', 'head': 10}, 'verb': {'upos': 'VERB', 'text': 'की', 'id': 10, 'deprel': 'root', 'head': 0}}]",['SOV']
472,"डेविस ने अपना संस्मरण ""द राइज़ एंड फॉल ऑफ़ कॉन्फेडरेट गवर्मेंट"" 1881 में पूरा किया।",1,"[{'subject': {'upos': 'PROPN', 'text': 'डेविस', 'id': 1, 'deprel': 'nsubj', 'head': 17}, 'object': {'upos': 'NOUN', 'text': 'संस्मरण', 'id': 4, 'deprel': 'obj', 'head': 17}, 'verb': {'upos': 'VERB', 'text': 'किया', 'id': 17, 'deprel': 'root', 'head': 0}}]",['SOV']
489,"एक सेलेनियम ग्रिड कई मशीनों पर समानांतर में परीक्षण चल देती है, और केन्द्र ब्राउज़र संस्करणों और ब्राउज़र विन्यास विभिन्न प्रबंधन करने के लिए।",1,"[{'subject': {'upos': 'NOUN', 'text': 'ग्रिड', 'id': 3, 'deprel': 'nsubj', 'head': 10}, 'object': {'upos': 'NOUN', 'text': 'संस्करणों', 'id': 17, 'deprel': 'obj', 'head': 23}, 'verb': {'upos': 'VERB', 'text': 'करने', 'id': 23, 'deprel': 'conj', 'head': 10}}]",['SOV']
494,ईरान ने 2012 में 12 ओलम्पिक पदक जीते थे।,1,"[{'subject': {'upos': 'PROPN', 'text': 'ईरान', 'id': 1, 'deprel': 'nsubj', 'head': 8}, 'object': {'upos': 'NOUN', 'text': 'पदक', 'id': 7, 'deprel': 'obj', 'head': 8}, 'verb': {'upos': 'VERB', 'text': 'जीते', 'id': 8, 'deprel': 'root', 'head': 0}}]",['SOV']
507,हिंदी में उत्तर: इतिहास में सबसे पहले राष्ट्र यूक्रेन एकजुट हुआ था 1939 में जब जर्मन और सोवियत सेना ने पोलैंड के क्षेत्र को आपस में बाट लिया और यूक्रेनी जनसंख्या बहुल पूर्वी गालिसिया और वोल्होनिया क्षेत्र फिर से यूक्रेन के बाकी हिस्सों के साथ जुड़ गया।,1,"[{'subject': {'upos': 'PROPN', 'text': 'जर्मन', 'id': 16, 'deprel': 'nsubj', 'head': 27}, 'object': {'upos': 'NOUN', 'text': 'क्षेत्र', 'id': 23, 'deprel': 'obj', 'head': 27}, 'verb': {'upos': 'VERB', 'text': 'बाट', 'id': 27, 'deprel': 'acl:relcl', 'head': 9}}]",['SOV']
509,युक्रेनियाई लोग विजय दिवस का जश्न मनाते हैं।,1,"[{'subject': {'upos': 'NOUN', 'text': 'लोग', 'id': 2, 'deprel': 'nsubj', 'head': 7}, 'object': {'upos': 'NOUN', 'text': 'जश्न', 'id': 6, 'deprel': 'obj', 'head': 7}, 'verb': {'upos': 'VERB', 'text': 'मनाते', 'id': 7, 'deprel': 'root', 'head': 0}}]",['SOV']
514,"वेबसाइट पर मौजूद ट्रैफिक को आप वेब सर्वर लॉग फाइल में पाए जाने वाले ट्रैफिक आंकड़ों को देख कर माप सकते हैं, जो सभी प्रयुक्त पृष्ठों की एक स्वतः उत्पन्न सूची होती है।",1,"[{'object': {'upos': 'NOUN', 'text': 'ट्रैफिक', 'id': 4, 'deprel': 'obj', 'head': 20}, 'subject': {'upos': 'PRON', 'text': 'आप', 'id': 6, 'deprel': 'nsubj', 'head': 20}, 'verb': {'upos': 'VERB', 'text': 'माप', 'id': 20, 'deprel': 'root', 'head': 0}}]",['OSV']
515,औसत पृष्ठ अवधि एक व्यक्ति को बताती है कि कितनी देर तक एक पेज को देखा जाता है।,1,"[{'subject': {'upos': 'NOUN', 'text': 'अवधि', 'id': 3, 'deprel': 'nsubj', 'head': 7}, 'verb': {'upos': 'VERB', 'text': 'बताती', 'id': 7, 'deprel': 'root', 'head': 0}, 'object': {'upos': 'VERB', 'text': 'देखा', 'id': 16, 'deprel': 'obj', 'head': 7}}]",['SVO']
531,"चर्चिल ने नाज़ियों को हराया नहीं था, बल्कि वह नाज़ियों के खिलाफ लड़ाई में शामिल थे। नाज़ियों को हराने के लिए, ब्रिटेन ने संयुक्त राष्ट्र के साथ मिलकर लड़ाई लड़ी थी। ब्रिटेन के प्रधानमंत्री विंस्टन चर्चिल ने नाज़ियों के खिलाफ लड़ाई में महत्वपूर्ण भूमिका निभाई थी।",1,"[{'subject': {'upos': 'PROPN', 'text': 'चर्चिल', 'id': 5, 'deprel': 'nsubj', 'head': 14}, 'object': {'upos': 'NOUN', 'text': 'भूमिका', 'id': 13, 'deprel': 'obj', 'head': 14}, 'verb': {'upos': 'VERB', 'text': 'निभाई', 'id': 14, 'deprel': 'root', 'head': 0}}]",['SOV']
541,निकोल ऑरेसम ने हरात्मक श्रेणी का अपसरण साबित किया है।,1,"[{'subject': {'upos': 'PROPN', 'text': 'ऑरेसम', 'id': 2, 'deprel': 'nsubj', 'head': 9}, 'object': {'upos': 'NOUN', 'text': 'अपसरण', 'id': 7, 'deprel': 'obj', 'head': 9}, 'verb': {'upos': 'VERB', 'text': 'किया', 'id': 9, 'deprel': 'root', 'head': 0}}]",['SOV']
558,C-टाइप कार ने 1951 और 1953 ले मैंस 24 घंटे जीते है।,1,"[{'subject': {'upos': 'NOUN', 'text': 'कार', 'id': 2, 'deprel': 'nsubj', 'head': 11}, 'object': {'upos': 'PROPN', 'text': 'मैंस', 'id': 8, 'deprel': 'obj', 'head': 11}, 'verb': {'upos': 'VERB', 'text': 'जीते', 'id': 11, 'deprel': 'root', 'head': 0}}]",['SOV']
564,"परजीवी अधिकतर फेफड़ों को प्रभावित नहीं करते हैं, लेकिन कुछ परजीवी जैसे एस्केरिस और स्ट्रॉन्गीलॉएड्स प्रजाति से होते हैं, गंभीर स्नोफीलिक प्रतिक्रिया उकसाते हैं, जिसके कारण स्नोफीलिक निमोनिया हो सकता है।",1,"[{'subject': {'upos': 'NOUN', 'text': 'परजीवी', 'id': 1, 'deprel': 'nsubj', 'head': 7}, 'object': {'upos': 'NOUN', 'text': 'फेफड़ों', 'id': 3, 'deprel': 'obj', 'head': 7}, 'verb': {'upos': 'VERB', 'text': 'करते', 'id': 7, 'deprel': 'root', 'head': 0}}]",['SOV']
591,"यह खेल लगभग 14 9 2 और 1876 ईसवी के बीच, अमेरिका के यूरोपीय उपनिवेश को दर्शाता है।",1,"[{'subject': {'upos': 'NOUN', 'text': 'खेल', 'id': 2, 'deprel': 'nsubj', 'head': 18}, 'object': {'upos': 'NOUN', 'text': 'उपनिवेश', 'id': 16, 'deprel': 'obj', 'head': 18}, 'verb': {'upos': 'VERB', 'text': 'दर्शाता', 'id': 18, 'deprel': 'root', 'head': 0}}]",['SOV']
602,"17 अक्टूबर, 2006 को एक विस्तार जारी किया गया था: द वॉरचिफ्स।",1,"[{'object': {'upos': 'NOUN', 'text': 'विस्तार', 'id': 7, 'deprel': 'obj', 'head': 9}, 'verb': {'upos': 'VERB', 'text': 'किया', 'id': 9, 'deprel': 'root', 'head': 0}, 'subject': {'upos': 'PROPN', 'text': 'वॉरचिफ्स।', 'id': 14, 'deprel': 'nsubj:pass', 'head': 9}}]",['OVS']
603,इन सभी देशों ने एकीकृत होकर एक साथ काम किया है।,1,"[{'subject': {'upos': 'NOUN', 'text': 'देशों', 'id': 3, 'deprel': 'nsubj', 'head': 10}, 'object': {'upos': 'NOUN', 'text': 'काम', 'id': 9, 'deprel': 'obj', 'head': 10}, 'verb': {'upos': 'VERB', 'text': 'किया', 'id': 10, 'deprel': 'root', 'head': 0}}]",['SOV']
604,"जीन डीएनए से बनते हैं, जो न्युक्लियोटाइडों की शृंखला के रूप में संग्रहित होती है। सभी जीन मिलकर एक ""निर्देश पुस्तिका"" के जैसे होते हैं, जिसमें एक जीव को बनाने और काम कराने की सारी जानकारी होती है। इस प्रकार, जीन डीएनए की वर्णमाला के वर्णों (न्युक्लियोटाइड) से बने निर्देश होते हैं, जो एक जीव के विकास और कार्य को निर्देशित करते हैं।",1,"[{'subject': {'upos': 'PRON', 'text': 'जो', 'id': 19, 'deprel': 'nsubj', 'head': 28}, 'object': {'upos': 'NOUN', 'text': 'विकास', 'id': 23, 'deprel': 'obj', 'head': 28}, 'verb': {'upos': 'VERB', 'text': 'करते', 'id': 28, 'deprel': 'acl:relcl', 'head': 15}}]",['SOV']
607,क्षेत्ररक्षक स्थान क्षेत्र योगदान देते हैं।,1,"[{'subject': {'upos': 'NOUN', 'text': 'क्षेत्ररक्षक', 'id': 1, 'deprel': 'nsubj', 'head': 5}, 'object': {'upos': 'NOUN', 'text': 'योगदान', 'id': 4, 'deprel': 'obj', 'head': 5}, 'verb': {'upos': 'VERB', 'text': 'देते', 'id': 5, 'deprel': 'root', 'head': 0}}]",['SOV']
616,"मध्यम कंठरोग के रूप में वर्गीकृत होने के लिए, 6 से 8 का कुल स्कोर आवश्यक है।",1,"[{'subject': {'upos': 'NOUN', 'text': 'स्कोर', 'id': 16, 'deprel': 'nsubj', 'head': 18}, 'object': {'upos': 'ADJ', 'text': 'आवश्यक', 'id': 17, 'deprel': 'obj', 'head': 18}, 'verb': {'upos': 'VERB', 'text': 'है', 'id': 18, 'deprel': 'root', 'head': 0}}]",['SOV']
619,बुडासोनाइड दवा इंजेक्शन द्वारा और नसिका (नाक) द्वारा दोनों तरीकों द्वारा ली जा सकती है।,1,"[{'object': {'upos': 'NOUN', 'text': 'दवा', 'id': 2, 'deprel': 'obj', 'head': 14}, 'subject': {'upos': 'NOUN', 'text': 'इंजेक्शन', 'id': 3, 'deprel': 'nsubj:pass', 'head': 14}, 'verb': {'upos': 'VERB', 'text': 'ली', 'id': 14, 'deprel': 'root', 'head': 0}}]",['OSV']
620,"गर्म भाप को सांस में लेने का इलाज पारंपरिक स्व-देखभाल उपचार है, लेकिन नैदानिक अध्ययन इनकी प्रभावशीलता दिखाने में असफल रहे हैं तथा आजकल इसे कम ही उपयोग किया जाता है।",1,"[{'subject': {'upos': 'NOUN', 'text': 'अध्ययन', 'id': 16, 'deprel': 'nsubj', 'head': 22}, 'object': {'upos': 'PRON', 'text': 'इसे', 'id': 26, 'deprel': 'obj', 'head': 30}, 'verb': {'upos': 'VERB', 'text': 'किया', 'id': 30, 'deprel': 'conj', 'head': 22}}]",['SOV']
627,लाइसेंसशुदा चिकित्सक मनोचिकित्सक का पेशा अपना सकता है।,1,"[{'subject': {'upos': 'NOUN', 'text': 'चिकित्सक', 'id': 2, 'deprel': 'nsubj', 'head': 6}, 'object': {'upos': 'NOUN', 'text': 'पेशा', 'id': 5, 'deprel': 'obj', 'head': 6}, 'verb': {'upos': 'VERB', 'text': 'अपना', 'id': 6, 'deprel': 'root', 'head': 0}}]",['SOV']
633,मस्जिद बाबर द्वारा सन् १५१० में निर्मित की गई थी।,1,"[{'object': {'upos': 'NOUN', 'text': 'मस्जिद', 'id': 1, 'deprel': 'obj', 'head': 8}, 'subject': {'upos': 'PROPN', 'text': 'बाबर', 'id': 2, 'deprel': 'nsubj:pass', 'head': 8}, 'verb': {'upos': 'VERB', 'text': 'की', 'id': 8, 'deprel': 'root', 'head': 0}}]",['OSV']
643,पायनियर 11 ने शनि के छल्लों का भी अध्ययन किया और टाइटन का तापमान मापा।,1,"[{'subject': {'upos': 'PROPN', 'text': '11', 'id': 2, 'deprel': 'nsubj', 'head': 10}, 'object': {'upos': 'NOUN', 'text': 'तापमान', 'id': 14, 'deprel': 'obj', 'head': 15}, 'verb': {'upos': 'VERB', 'text': 'मापा।', 'id': 15, 'deprel': 'conj', 'head': 10}}]",['SOV']
645,"पहले से ही किए गए फ्लाईबाई की संख्या का उल्लेख नहीं है, लेकिन कैसिनी फ्लाईबाई ने टाइटन के कैसिनी फ्लाईबाई ने बड़ी झीलों तथा द्वीपों और पहाड़ों के साथ उनके तटों की रडार छवियों को कैद किया है।",1,"[{'subject': {'upos': 'PROPN', 'text': 'फ्लाईबाई', 'id': 16, 'deprel': 'nsubj', 'head': 38}, 'object': {'upos': 'NOUN', 'text': 'छवियों', 'id': 35, 'deprel': 'obj', 'head': 38}, 'verb': {'upos': 'VERB', 'text': 'किया', 'id': 38, 'deprel': 'conj', 'head': 10}}]",['SOV']
649,"सरुहाशी कटसुको एक जापानी भूरसायनविद थीं, जिन्होंने कार्बन डाईऑक्साइड (CO2) स्तरों के सबसे पहले के कुछ माप किए तथा बाद में सागरीय जल एवं वातावरण में रेडियोएक्टिव नाभिकीय राख के प्रमाण दर्शाए।",1,"[{'subject': {'upos': 'PRON', 'text': 'जिन्होंने', 'id': 8, 'deprel': 'nsubj', 'head': 21}, 'object': {'upos': 'NOUN', 'text': 'प्रमाण', 'id': 34, 'deprel': 'obj', 'head': 35}, 'verb': {'upos': 'VERB', 'text': 'दर्शाए', 'id': 35, 'deprel': 'conj', 'head': 21}}]",['SOV']
657,पुर्तगाल ने बंदरगाहों के किनारे किलों का निर्माण करके पूर्व-सम्मान प्राप्त किया।,1,"[{'subject': {'upos': 'PROPN', 'text': 'पुर्तगाल', 'id': 1, 'deprel': 'nsubj', 'head': 12}, 'object': {'upos': 'NOUN', 'text': 'पूर्व-सम्मान', 'id': 10, 'deprel': 'obj', 'head': 12}, 'verb': {'upos': 'VERB', 'text': 'किया', 'id': 12, 'deprel': 'root', 'head': 0}}]",['SOV']
663,टेड स्टीवंस ने पॉलिन से सार्वजनिक रूप से उनके वित्त के बारे में सवाल किया।,1,"[{'subject': {'upos': 'PROPN', 'text': 'स्टीवंस', 'id': 2, 'deprel': 'nsubj', 'head': 15}, 'object': {'upos': 'PROPN', 'text': 'पॉलिन', 'id': 4, 'deprel': 'obj', 'head': 15}, 'verb': {'upos': 'VERB', 'text': 'किया', 'id': 15, 'deprel': 'root', 'head': 0}}]",['SOV']
664,पॉलिन राज्य ने अपने कर्मचारियों के लिए दैनिक भत्ते को करयोग्य आय के रूप में व्यवहार किया था।,1,"[{'subject': {'upos': 'NOUN', 'text': 'राज्य', 'id': 2, 'deprel': 'nsubj', 'head': 17}, 'object': {'upos': 'NOUN', 'text': 'भत्ते', 'id': 9, 'deprel': 'obj', 'head': 17}, 'verb': {'upos': 'VERB', 'text': 'किया', 'id': 17, 'deprel': 'root', 'head': 0}}]",['SOV']
686,जिम क्लार्क ने चुनाव हारा था।,1,"[{'subject': {'upos': 'PROPN', 'text': 'क्लार्क', 'id': 2, 'deprel': 'nsubj', 'head': 5}, 'object': {'upos': 'NOUN', 'text': 'चुनाव', 'id': 4, 'deprel': 'obj', 'head': 5}, 'verb': {'upos': 'VERB', 'text': 'हारा', 'id': 5, 'deprel': 'root', 'head': 0}}]",['SOV']
692,"भारतीयों को गरीबी, भ्रष्टाचार, कुपोषण, अपर्याप्त सार्वजनिक स्वास्थ्य-सेवा और आतंकवाद की चुनौतियां सामना करना पड़ता है।",1,"[{'subject': {'upos': 'NOUN', 'text': 'भारतीयों', 'id': 1, 'deprel': 'nsubj', 'head': 17}, 'object': {'upos': 'NOUN', 'text': 'चुनौतियां', 'id': 15, 'deprel': 'obj', 'head': 17}, 'verb': {'upos': 'VERB', 'text': 'करना', 'id': 17, 'deprel': 'root', 'head': 0}}]",['SOV']
702,लिंकिन पार्क ने वर्ष 2000 में हायब्रिड थिअरी एल्बम जारी किया।,1,"[{'subject': {'upos': 'PROPN', 'text': 'पार्क', 'id': 2, 'deprel': 'nsubj', 'head': 11}, 'object': {'upos': 'PROPN', 'text': 'एल्बम', 'id': 9, 'deprel': 'obj', 'head': 11}, 'verb': {'upos': 'VERB', 'text': 'किया', 'id': 11, 'deprel': 'root', 'head': 0}}]",['SOV']
705,लिंकिन पार्क ने सर्वश्रेष्ठ रैप/संग सहयोग के लिए ग्रैमी पुरस्कार जीता था।,1,"[{'subject': {'upos': 'PROPN', 'text': 'पार्क', 'id': 2, 'deprel': 'nsubj', 'head': 11}, 'object': {'upos': 'PROPN', 'text': 'पुरस्कार', 'id': 10, 'deprel': 'obj', 'head': 11}, 'verb': {'upos': 'VERB', 'text': 'जीता', 'id': 11, 'deprel': 'root', 'head': 0}}]",['SOV']
706,"बैंड ने अगस्त, 2006 में तीस से पचास गाने रिकॉर्ड किए थे।",1,"[{'subject': {'upos': 'NOUN', 'text': 'बैंड', 'id': 1, 'deprel': 'nsubj', 'head': 12}, 'object': {'upos': 'NOUN', 'text': 'गाने', 'id': 10, 'deprel': 'obj', 'head': 12}, 'verb': {'upos': 'VERB', 'text': 'किए', 'id': 12, 'deprel': 'root', 'head': 0}}]",['SOV']
723,पूजा राज से शादी नहीं करने का फैसला करती है क्योंकि वह टीना के दिल को तोड़ना नहीं चाहती।,1,"[{'subject': {'upos': 'PRON', 'text': 'वह', 'id': 12, 'deprel': 'nsubj', 'head': 19}, 'object': {'upos': 'VERB', 'text': 'तोड़ना', 'id': 17, 'deprel': 'obj', 'head': 19}, 'verb': {'upos': 'VERB', 'text': 'चाहती', 'id': 19, 'deprel': 'advcl', 'head': 9}}]",['SOV']
724,कृष्णा अपनी शक्तियों को कभी उजागर नहीं करेगा ताकि उसकी दादी उसे सिंगापुर जाने की इजाजत दे दे।,1,"[{'subject': {'upos': 'PROPN', 'text': 'कृष्णा', 'id': 1, 'deprel': 'nsubj', 'head': 8}, 'object': {'upos': 'NOUN', 'text': 'शक्तियों', 'id': 3, 'deprel': 'obj', 'head': 8}, 'verb': {'upos': 'VERB', 'text': 'करेगा', 'id': 8, 'deprel': 'root', 'head': 0}}]",['SOV']
731,"इस प्रश्न का उत्तर नहीं है। प्रजनन में मादा ७ मास का गर्भ धारण करती है और शिशु श्वेत या भूरे बालों के साथ जन्म लेतें हैं, लेकिन प्रजनन में मादा का गर्भ धारण करने से लेकर पूरी तरह से परिपक्व होने में कितना समय लगता है, इसका उल्लेख नहीं है।",1,"[{'subject': {'upos': 'NOUN', 'text': 'मादा', 'id': 3, 'deprel': 'nsubj', 'head': 9}, 'object': {'upos': 'NOUN', 'text': 'गर्भ', 'id': 7, 'deprel': 'obj', 'head': 9}, 'verb': {'upos': 'VERB', 'text': 'करती', 'id': 9, 'deprel': 'root', 'head': 0}}]",['SOV']
732,वेसली गिब्सन उद्वेग-रोधी दवा लेता था।,1,"[{'subject': {'upos': 'PROPN', 'text': 'गिब्सन', 'id': 2, 'deprel': 'nsubj', 'head': 5}, 'object': {'upos': 'NOUN', 'text': 'दवा', 'id': 4, 'deprel': 'obj', 'head': 5}, 'verb': {'upos': 'VERB', 'text': 'लेता', 'id': 5, 'deprel': 'root', 'head': 0}}]",['SOV']
733,मिलर ने कहा कि फ़िल्म के लिए पूर्व कल्पित फुटेज को देखा और कहा कि इस फुटेज को देखने के बाद फ़िल्म के रूपांतरण के उनके उम्मीदों को जागृत कर दिया है।,1,"[{'subject': {'upos': 'PROPN', 'text': 'मिलर', 'id': 1, 'deprel': 'nsubj', 'head': 3}, 'verb': {'upos': 'VERB', 'text': 'कहा', 'id': 3, 'deprel': 'root', 'head': 0}, 'object': {'upos': 'VERB', 'text': 'देखा', 'id': 12, 'deprel': 'obj', 'head': 3}}]",['SVO']
738,सेर्बस को कांग ने शुरू किया था।,1,"[{'object': {'upos': 'PROPN', 'text': 'सेर्बस', 'id': 1, 'deprel': 'obj', 'head': 6}, 'subject': {'upos': 'PROPN', 'text': 'कांग', 'id': 3, 'deprel': 'nsubj', 'head': 6}, 'verb': {'upos': 'VERB', 'text': 'किया', 'id': 6, 'deprel': 'root', 'head': 0}}]",['OSV']
739,मेरे पास आपके प्रश्न का उत्तर नहीं है। मर्सिडीज-बेंज कार निर्माता के उत्पादन केंद्र के बारे में कोई जानकारी उपलब्ध नहीं है। मर्सिडीज-बेंज कार निर्माता के उत्पादन केंद्र के बारे में जानकारी के लिए आपको मर्सिडीज-बेंज की आधिकारिक वेबसाइट या किसी अन्य विश्वसनीय स्रोत से जानकारी प्राप्त करना होगा।,1,"[{'subject': {'upos': 'PRON', 'text': 'आपको', 'id': 13, 'deprel': 'nsubj', 'head': 26}, 'object': {'upos': 'NOUN', 'text': 'जानकारी', 'id': 24, 'deprel': 'obj', 'head': 26}, 'verb': {'upos': 'VERB', 'text': 'करना', 'id': 26, 'deprel': 'root', 'head': 0}}]",['SOV']
747,19वीं सदी में रानी के मकान के विस्तार का डिजाइन जॉन नैश और एडवर्ड ब्लोर ने तैयार किया था।,1,"[{'object': {'upos': 'NOUN', 'text': 'डिजाइन', 'id': 10, 'deprel': 'obj', 'head': 18}, 'subject': {'upos': 'PROPN', 'text': 'नैश', 'id': 12, 'deprel': 'nsubj', 'head': 18}, 'verb': {'upos': 'VERB', 'text': 'किया', 'id': 18, 'deprel': 'root', 'head': 0}}]",['OSV']
754,"नीली व्हेल (बलैनोप्टेरा मस्कुलस) के बारे में जानकारी उपलब्ध नहीं है, इसलिए मैंने उत्तर तैयार नहीं किया है।",1,"[{'subject': {'upos': 'PRON', 'text': 'मैंने', 'id': 16, 'deprel': 'nsubj', 'head': 20}, 'object': {'upos': 'NOUN', 'text': 'उत्तर', 'id': 17, 'deprel': 'obj', 'head': 20}, 'verb': {'upos': 'VERB', 'text': 'किया', 'id': 20, 'deprel': 'root', 'head': 0}}]",['SOV']
785,आगुस्तुस पुगिन ने घड़ी और डायल को डिज़ाइन किया था।,1,"[{'subject': {'upos': 'PROPN', 'text': 'पुगिन', 'id': 2, 'deprel': 'nsubj', 'head': 9}, 'object': {'upos': 'NOUN', 'text': 'घड़ी', 'id': 4, 'deprel': 'obj', 'head': 9}, 'verb': {'upos': 'VERB', 'text': 'किया', 'id': 9, 'deprel': 'root', 'head': 0}}]",['SOV']
800,"नमीबियन अपने स्कूलों में हीरीरो भाषा सीखते हैं, जिसमें मातृ भाषा और दूसरी भाषा दोनों रूपों में पढ़ाई जाती है।",1,"[{'subject': {'upos': 'PROPN', 'text': 'नमीबियन', 'id': 1, 'deprel': 'nsubj', 'head': 7}, 'object': {'upos': 'NOUN', 'text': 'भाषा', 'id': 6, 'deprel': 'obj', 'head': 7}, 'verb': {'upos': 'VERB', 'text': 'सीखते', 'id': 7, 'deprel': 'root', 'head': 0}}]",['SOV']
810,बायरामोव के शुरुआती परिदृश्य काम के लिए आलोचकों ने उच्च प्रशंसा अर्जित की।,1,"[{'subject': {'upos': 'NOUN', 'text': 'आलोचकों', 'id': 8, 'deprel': 'nsubj', 'head': 13}, 'object': {'upos': 'NOUN', 'text': 'प्रशंसा', 'id': 11, 'deprel': 'obj', 'head': 13}, 'verb': {'upos': 'VERB', 'text': 'की', 'id': 13, 'deprel': 'root', 'head': 0}}]",['SOV']
822,बुकानन ने नवनिर्मित प्रयोग का अभ्यास करना शुरू कर दिया था।,1,"[{'subject': {'upos': 'PROPN', 'text': 'बुकानन', 'id': 1, 'deprel': 'nsubj', 'head': 9}, 'object': {'upos': 'VERB', 'text': 'करना', 'id': 7, 'deprel': 'obj', 'head': 9}, 'verb': {'upos': 'VERB', 'text': 'कर', 'id': 9, 'deprel': 'root', 'head': 0}}]",['SOV']
834,"कॉर्निएन्को ने रेडियो उपकरण संयंत्र में चेल्याबिंस्क, रूस में काम किया और बाद में सोवियत सेना में सेवा करने के लिए कोर्निएन्को को बुलाया गया था। वह किरोवबोद, अजेरबैडज़न, यूएसएसआर में छतरियों की सेना में काम करता था।",1,"[{'subject': {'upos': 'PRON', 'text': 'वह', 'id': 1, 'deprel': 'nsubj', 'head': 13}, 'object': {'upos': 'NOUN', 'text': 'काम', 'id': 12, 'deprel': 'obj', 'head': 13}, 'verb': {'upos': 'VERB', 'text': 'करता', 'id': 13, 'deprel': 'root', 'head': 0}}]",['SOV']
836,कोर्निएन्को ने RSC में अपना करियर १९९५ में शुरू किया था।,1,"[{'subject': {'upos': 'PROPN', 'text': 'कोर्निएन्को', 'id': 1, 'deprel': 'nsubj', 'head': 10}, 'object': {'upos': 'NOUN', 'text': 'करियर', 'id': 6, 'deprel': 'obj', 'head': 10}, 'verb': {'upos': 'VERB', 'text': 'किया', 'id': 10, 'deprel': 'root', 'head': 0}}]",['SOV']
844,एलेना जेन गोल्डिंग ने क्लेरिनेट बजाना 9 साल की उम्र में सीखा था।,1,"[{'subject': {'upos': 'PROPN', 'text': 'गोल्डिंग', 'id': 3, 'deprel': 'nsubj', 'head': 12}, 'object': {'upos': 'VERB', 'text': 'बजाना', 'id': 6, 'deprel': 'obj', 'head': 12}, 'verb': {'upos': 'VERB', 'text': 'सीखा', 'id': 12, 'deprel': 'root', 'head': 0}}]",['SOV']
856,"पसीने की बीमारी प्लेग से अलग थी। प्लेग को पूर्व में मारक बुखार या अन्य महामारी के रूप में जाना जाता था, जबकि पसीने की बीमारी को जल्दी ही पसीने की बीमारी के रूप में जाना जाने लगा। इसका नाम केवल विशिष्ट लक्षणों के कारण नहीं मिला, बल्कि इसका अत्यधिक तेज़ी से फैलना और घातक होना भी एक कारण है।",1,"[{'subject': {'upos': 'VERB', 'text': 'फैलना', 'id': 16, 'deprel': 'nsubj', 'head': 23}, 'object': {'upos': 'NOUN', 'text': 'कारण', 'id': 22, 'deprel': 'obj', 'head': 23}, 'verb': {'upos': 'VERB', 'text': 'है', 'id': 23, 'deprel': 'advcl', 'head': 9}}]",['SOV']
859,१९३५ में फॉलस्टिच ने सहायक स्नातक के रूप में प्रशिक्षण देना शुरू किया था।,1,"[{'subject': {'upos': 'PROPN', 'text': 'फॉलस्टिच', 'id': 3, 'deprel': 'nsubj', 'head': 13}, 'object': {'upos': 'VERB', 'text': 'देना', 'id': 11, 'deprel': 'obj', 'head': 13}, 'verb': {'upos': 'VERB', 'text': 'किया', 'id': 13, 'deprel': 'root', 'head': 0}}]",['SOV']
863,मार्गा फॉलस्टिच ने माइक्रोस्कोप और दूरबीन के लिए लेंस पर विशेष ध्यान देने के साथ नए ऑप्टिकल चश्मे के अनुसंधान और विकास पर काम किया।,1,"[{'subject': {'upos': 'PROPN', 'text': 'फॉलस्टिच', 'id': 2, 'deprel': 'nsubj', 'head': 25}, 'object': {'upos': 'NOUN', 'text': 'काम', 'id': 24, 'deprel': 'obj', 'head': 25}, 'verb': {'upos': 'VERB', 'text': 'किया', 'id': 25, 'deprel': 'root', 'head': 0}}]",['SOV']
864,मार्गा फॉलस्टिच ने सेवानिवृत्त होने के बाद दूरदराज के देशों की यात्रा की और ग्लास सम्मेलनों में व्याख्यान और प्रस्तुतियां देती रहीं।,1,"[{'subject': {'upos': 'PROPN', 'text': 'फॉलस्टिच', 'id': 2, 'deprel': 'nsubj', 'head': 13}, 'object': {'upos': 'NOUN', 'text': 'व्याख्यान', 'id': 18, 'deprel': 'obj', 'head': 21}, 'verb': {'upos': 'VERB', 'text': 'देती', 'id': 21, 'deprel': 'conj', 'head': 13}}]",['SOV']
869,"गाम्बिया में कई जातीय समूह रहते हैं, लेकिन उनके बीच आपसी मतभेद बहुत कम हैं और प्रत्येक समूह अपनी भाषा और परम्पराओं को सहेजे हुए है।",1,"[{'subject': {'upos': 'NOUN', 'text': 'समूह', 'id': 19, 'deprel': 'nsubj', 'head': 25}, 'object': {'upos': 'NOUN', 'text': 'भाषा', 'id': 21, 'deprel': 'obj', 'head': 25}, 'verb': {'upos': 'VERB', 'text': 'सहेजे', 'id': 25, 'deprel': 'conj', 'head': 15}}]",['SOV']
877,"लॉर्ड्स चैंबर के सीधे उत्तर में 'पीयर्स की लॉबी है, जो लॉर्ड्स के लिए एक बैठक कक्ष और संदेश केंद्र के रूप में कार्य करता है।",1,"[{'subject': {'upos': 'PRON', 'text': 'जो', 'id': 13, 'deprel': 'nsubj', 'head': 27}, 'object': {'upos': 'NOUN', 'text': 'कार्य', 'id': 26, 'deprel': 'obj', 'head': 27}, 'verb': {'upos': 'VERB', 'text': 'करता', 'id': 27, 'deprel': 'acl:relcl', 'head': 10}}]",['SOV']
904,"120 से अधिक क्षेत्र पोलैंड को संरक्षित करते हैं, जिसमें लैंडस्केप पार्क, प्रकृति भंडार, और अन्य संरक्षित क्षेत्र शामिल हैं।",1,"[{'subject': {'upos': 'NOUN', 'text': 'क्षेत्र', 'id': 4, 'deprel': 'nsubj', 'head': 8}, 'object': {'upos': 'PROPN', 'text': 'पोलैंड', 'id': 5, 'deprel': 'obj', 'head': 8}, 'verb': {'upos': 'VERB', 'text': 'करते', 'id': 8, 'deprel': 'root', 'head': 0}}]",['SOV']
906,आत्म-चित्रांकन का मतलब है जब कलाकार खुद अपना चित्र बनाता है।,1,"[{'subject': {'upos': 'NOUN', 'text': 'कलाकार', 'id': 6, 'deprel': 'nsubj', 'head': 10}, 'object': {'upos': 'NOUN', 'text': 'चित्र', 'id': 9, 'deprel': 'obj', 'head': 10}, 'verb': {'upos': 'VERB', 'text': 'बनाता', 'id': 10, 'deprel': 'acl:relcl', 'head': 3}}]",['SOV']
909,फिल्म में मुख्य भूमिका किसने निभाई?,1,"[{'object': {'upos': 'NOUN', 'text': 'भूमिका', 'id': 4, 'deprel': 'obj', 'head': 6}, 'subject': {'upos': 'PRON', 'text': 'किसने', 'id': 5, 'deprel': 'nsubj', 'head': 6}, 'verb': {'upos': 'VERB', 'text': 'निभाई', 'id': 6, 'deprel': 'root', 'head': 0}}]",['OSV']
913,मॉरिसन ने अपनी पहली कविता लॉस एंजिल्स में मार्च 1969 में एक पेशेवर साउंड स्टूडियो में रिकॉर्ड करवाई थी।,1,"[{'subject': {'upos': 'PROPN', 'text': 'मॉरिसन', 'id': 1, 'deprel': 'nsubj', 'head': 18}, 'object': {'upos': 'NOUN', 'text': 'कविता', 'id': 5, 'deprel': 'obj', 'head': 18}, 'verb': {'upos': 'VERB', 'text': 'करवाई', 'id': 18, 'deprel': 'root', 'head': 0}}]",['SOV']
914,एंडी मॉरिसन ने जेरी हॉपकिंस से मॉरिसन के माता-पिता की दी जाने वाली सजा के बारे में बात की थी।,1,"[{'subject': {'upos': 'PROPN', 'text': 'मॉरिसन', 'id': 2, 'deprel': 'nsubj', 'head': 19}, 'object': {'upos': 'PROPN', 'text': 'हॉपकिंस', 'id': 5, 'deprel': 'obj', 'head': 19}, 'verb': {'upos': 'VERB', 'text': 'की', 'id': 19, 'deprel': 'root', 'head': 0}}]",['SOV']
915,"मॉरिसन की सोच को फ्रेडरिक नीत्शे, विलियम ब्लेक, चार्ल्स बौडेलेर, आर्थर रिमबॉड, जैक केरौअक, फ्रेंच लुई-फर्डिनेंड सेलिन और माइकल मैकक्लुर ने प्रभावित किया।",1,"[{'object': {'upos': 'NOUN', 'text': 'सोच', 'id': 3, 'deprel': 'obj', 'head': 28}, 'subject': {'upos': 'PROPN', 'text': 'नीत्शे', 'id': 6, 'deprel': 'nsubj', 'head': 28}, 'verb': {'upos': 'VERB', 'text': 'किया', 'id': 28, 'deprel': 'root', 'head': 0}}]",['OSV']
918,अधिकारी के चरित्र के बारे में उसे आखिर कि पता चलता है कि वह एक गुंडा है।,1,"[{'subject': {'upos': 'PRON', 'text': 'उसे', 'id': 7, 'deprel': 'nsubj', 'head': 11}, 'verb': {'upos': 'VERB', 'text': 'चलता', 'id': 11, 'deprel': 'root', 'head': 0}, 'object': {'upos': 'NOUN', 'text': 'गुंडा', 'id': 16, 'deprel': 'obj', 'head': 11}}]",['SVO']
947,मछुआरों ने निरर्था को उपहार प्रदान किये।,1,"[{'subject': {'upos': 'NOUN', 'text': 'मछुआरों', 'id': 1, 'deprel': 'nsubj', 'head': 7}, 'object': {'upos': 'NOUN', 'text': 'उपहार', 'id': 5, 'deprel': 'obj', 'head': 7}, 'verb': {'upos': 'VERB', 'text': 'किये', 'id': 7, 'deprel': 'root', 'head': 0}}]",['SOV']
948,डिस्कवरी चैनल ने टेलिविजन सिरीज ऐनिमल फेस-ऑफ प्रसारित किया था।,1,"[{'subject': {'upos': 'NOUN', 'text': 'चैनल', 'id': 2, 'deprel': 'nsubj', 'head': 9}, 'object': {'upos': 'NOUN', 'text': 'सिरीज', 'id': 5, 'deprel': 'obj', 'head': 9}, 'verb': {'upos': 'VERB', 'text': 'किया', 'id': 9, 'deprel': 'root', 'head': 0}}]",['SOV']
960,एलिज़ाबेथ द्वितीय ने द्वितीय विश्व युद्ध के दौरान जनसेवाओं में हिस्सा लेना शुरु किया और सहायक प्रादेशिक सेवा में हिस्सा लिया।,1,"[{'subject': {'upos': 'PROPN', 'text': 'द्वितीय', 'id': 2, 'deprel': 'nsubj', 'head': 14}, 'object': {'upos': 'VERB', 'text': 'लेना', 'id': 12, 'deprel': 'obj', 'head': 14}, 'verb': {'upos': 'VERB', 'text': 'किया', 'id': 14, 'deprel': 'root', 'head': 0}}]",['SOV']
963,एडवर्ड ८ ने वैलिस सिम्पसन से शादी की थी।,1,"[{'subject': {'upos': 'PROPN', 'text': '८', 'id': 2, 'deprel': 'nsubj', 'head': 8}, 'object': {'upos': 'PROPN', 'text': 'सिम्पसन', 'id': 5, 'deprel': 'obj', 'head': 8}, 'verb': {'upos': 'VERB', 'text': 'की', 'id': 8, 'deprel': 'root', 'head': 0}}]",['SOV']
980,रीजन 2 ने 2008 में तीन सीज़नों को सम्मिलित कर एक डीवीडी जारी किया था।,1,"[{'subject': {'upos': 'PROPN', 'text': '2', 'id': 2, 'deprel': 'nsubj', 'head': 14}, 'object': {'upos': 'NOUN', 'text': 'डीवीडी', 'id': 12, 'deprel': 'obj', 'head': 14}, 'verb': {'upos': 'VERB', 'text': 'किया', 'id': 14, 'deprel': 'root', 'head': 0}}]",['SOV']
987,"मस्तिष्क ज्वर आम तौर पर सूक्ष्मजीवों द्वारा होने वाला एक संक्रमण है। इसके कई कारण हैं, जिनमें वायरस, बैक्टीरिया, फंगी और प्रोटोज़ोआ शामिल हैं। असेप्टिक मेनिन्जाइटिस उन मामलों को बताता है जिनमें कोई बैक्टीरिया जनित संक्रमण प्रदर्शित नहीं होते हैं, लेकिन यह ऐसे बैक्टीरिया जनित संक्रमणों के कारण भी हो सकता है जिनका पहले आंशिक उपचार हो चुका हो।",1,"[{'subject': {'upos': 'PROPN', 'text': 'मेनिन्जाइटिस', 'id': 2, 'deprel': 'nsubj', 'head': 6}, 'object': {'upos': 'NOUN', 'text': 'मामलों', 'id': 4, 'deprel': 'obj', 'head': 6}, 'verb': {'upos': 'VERB', 'text': 'बताता', 'id': 6, 'deprel': 'root', 'head': 0}}]",['SOV']
988,"हाँ, प्रतिरक्षा शक्ति के नुकसान से संबंधित है। उम्र बढ़ने के साथ प्रतिरक्षा की हानि और इम्युनोसप्रेसेन्ट का उपयोग फफूंद जनित मस्तिष्क ज्वर के लिए जोखिम कारक हैं।",1,"[{'subject': {'upos': 'NOUN', 'text': 'हानि', 'id': 7, 'deprel': 'nsubj', 'head': 20}, 'object': {'upos': 'NOUN', 'text': 'कारक', 'id': 19, 'deprel': 'obj', 'head': 20}, 'verb': {'upos': 'VERB', 'text': 'हैं', 'id': 20, 'deprel': 'root', 'head': 0}}]",['SOV']
991,"ड्यूरा मेटर है, जो सबसे बाहरी झिल्ली है जो अर्कनॉएड झिल्ली और खोपड़ी दोनो से जुड़ी होती है।",1,"[{'subject': {'upos': 'PRON', 'text': 'जो', 'id': 10, 'deprel': 'nsubj', 'head': 17}, 'object': {'upos': 'NOUN', 'text': 'झिल्ली', 'id': 12, 'deprel': 'obj', 'head': 17}, 'verb': {'upos': 'VERB', 'text': 'जुड़ी', 'id': 17, 'deprel': 'acl:relcl', 'head': 8}}]",['SOV']
999,"बोइंग 737 एवं एयरबस ए 310, ए 320 एवं कम दूरी वाले ए.टी.ऱ.एयरक्राफ्ट ने सोवियत विमान का स्थान लिया।",1,"[{'subject': {'upos': 'PROPN', 'text': '737', 'id': 2, 'deprel': 'nsubj', 'head': 21}, 'object': {'upos': 'NOUN', 'text': 'स्थान', 'id': 20, 'deprel': 'obj', 'head': 21}, 'verb': {'upos': 'VERB', 'text': 'लिया', 'id': 21, 'deprel': 'root', 'head': 0}}]",['SOV']
1000,मई 1995 में एयरलाइन ने अपने वर्तमान नाम को अपनाया।,1,"[{'subject': {'upos': 'NOUN', 'text': 'एयरलाइन', 'id': 4, 'deprel': 'nsubj', 'head': 10}, 'object': {'upos': 'NOUN', 'text': 'नाम', 'id': 8, 'deprel': 'obj', 'head': 10}, 'verb': {'upos': 'VERB', 'text': 'अपनाया', 'id': 10, 'deprel': 'root', 'head': 0}}]",['SOV']
1010,"पुरुषों ने उच्चतर औसत आय अर्जित की है, जिसकी औसत आय $29,748 है, जबकि महिलाओं की औसत आय $25,734 है।",1,"[{'subject': {'upos': 'NOUN', 'text': 'पुरुषों', 'id': 1, 'deprel': 'nsubj', 'head': 7}, 'object': {'upos': 'NOUN', 'text': 'आय', 'id': 5, 'deprel': 'obj', 'head': 7}, 'verb': {'upos': 'VERB', 'text': 'की', 'id': 7, 'deprel': 'root', 'head': 0}}]",['SOV']
1015,नाना फडणवीस के नेतृत्व में बारह मराठा प्रमुखों ने शिशु को नए पेशवा के रूप में नामित करने और उनके राज्याधिकारी के रूप में शासन करने का प्रयास निर्देशित किया।,1,"[{'subject': {'upos': 'NOUN', 'text': 'प्रमुखों', 'id': 8, 'deprel': 'nsubj', 'head': 30}, 'object': {'upos': 'NOUN', 'text': 'प्रयास', 'id': 28, 'deprel': 'obj', 'head': 30}, 'verb': {'upos': 'VERB', 'text': 'किया', 'id': 30, 'deprel': 'root', 'head': 0}}]",['SOV']
1018,"ऑस्ट्रेलिया में ओलंपिक आंदोलन को विकसित, प्रोत्साहित और सुरक्षित करने के लिए ऑस्ट्रेलियाई ओलंपिक समिति जिम्मेदार है।",1,"[{'subject': {'upos': 'PROPN', 'text': 'समिति', 'id': 16, 'deprel': 'nsubj', 'head': 18}, 'object': {'upos': 'ADJ', 'text': 'जिम्मेदार', 'id': 17, 'deprel': 'obj', 'head': 18}, 'verb': {'upos': 'VERB', 'text': 'है', 'id': 18, 'deprel': 'root', 'head': 0}}]",['SOV']
1029,भगवान की पूजा करते समय ईसाईयों को आभार प्रकट करना चाहिए।,1,"[{'subject': {'upos': 'NOUN', 'text': 'ईसाईयों', 'id': 6, 'deprel': 'nsubj', 'head': 10}, 'object': {'upos': 'NOUN', 'text': 'आभार', 'id': 8, 'deprel': 'obj', 'head': 10}, 'verb': {'upos': 'VERB', 'text': 'करना', 'id': 10, 'deprel': 'root', 'head': 0}}]",['SOV']
1030,आभार की उत्पति ईसाई धर्म स्रोत से होती है। ईसाई धर्म में आभार भगवान की उदारता की अभिस्वीकृति है जो ईसाइयों को आदर्शों के आसपास अपने स्वयं के विचार और कार्यों के निर्माण के लिए प्रेरित करता है।,1,"[{'subject': {'upos': 'PRON', 'text': 'जो', 'id': 11, 'deprel': 'nsubj', 'head': 28}, 'object': {'upos': 'NOUN', 'text': 'ईसाइयों', 'id': 12, 'deprel': 'obj', 'head': 28}, 'verb': {'upos': 'VERB', 'text': 'करता', 'id': 28, 'deprel': 'acl:relcl', 'head': 4}}]",['SOV']
1037,"मनुष्य के कल्याण में एक महत्वपूर्ण कारण आभ्यंतर सम्बंध है। आभ्यंतर सम्बंध मानव स्वभाव में आम तौर से किसी से जुड़ना और प्यार करना है, जो साधारण रूप से आभ्यंतर सम्बंध के दायरे में संतुष्ट होता है।",1,"[{'subject': {'upos': 'NOUN', 'text': 'सम्बंध', 'id': 2, 'deprel': 'nsubj', 'head': 14}, 'object': {'upos': 'VERB', 'text': 'जुड़ना', 'id': 11, 'deprel': 'obj', 'head': 14}, 'verb': {'upos': 'VERB', 'text': 'करना', 'id': 14, 'deprel': 'root', 'head': 0}}]",['SOV']
1040,ऐसेनहोवर ने एयर फाॅर्स वन की तरह अधिकांश सुरक्षा प्रस्ताव स्थापित किए।,1,"[{'subject': {'upos': 'PROPN', 'text': 'ऐसेनहोवर', 'id': 1, 'deprel': 'nsubj', 'head': 12}, 'object': {'upos': 'NOUN', 'text': 'प्रस्ताव', 'id': 10, 'deprel': 'obj', 'head': 12}, 'verb': {'upos': 'VERB', 'text': 'किए', 'id': 12, 'deprel': 'root', 'head': 0}}]",['SOV']
1042,राष्ट्रपति रीगन ने दो बार कार्य किया - पहले 1981-1989 और फिर 1989-1993 के लिए।,1,"[{'subject': {'upos': 'PROPN', 'text': 'रीगन', 'id': 2, 'deprel': 'nsubj', 'head': 7}, 'object': {'upos': 'NOUN', 'text': 'कार्य', 'id': 6, 'deprel': 'obj', 'head': 7}, 'verb': {'upos': 'VERB', 'text': 'किया', 'id': 7, 'deprel': 'root', 'head': 0}}]",['SOV']
1054,महाराजा हरि सिंह ने भारत से मदद मांगी।,1,"[{'subject': {'upos': 'PROPN', 'text': 'सिंह', 'id': 3, 'deprel': 'nsubj', 'head': 8}, 'object': {'upos': 'NOUN', 'text': 'मदद', 'id': 7, 'deprel': 'obj', 'head': 8}, 'verb': {'upos': 'VERB', 'text': 'मांगी', 'id': 8, 'deprel': 'root', 'head': 0}}]",['SOV']
1057,"मेरे पास आपके प्रश्न का उत्तर नहीं है। सियाचिन का कट्टरपंथी सैन्य संचालन के बारे में कोई जानकारी उपलब्ध नहीं है। सियाचिन का सैन्य संचालन के बारे में कोई जानकारी नहीं मिल रही है, इसलिए मैं आपके प्रश्न का उत्तर नहीं दे सकता।",1,"[{'subject': {'upos': 'PRON', 'text': 'मैं', 'id': 16, 'deprel': 'nsubj', 'head': 22}, 'object': {'upos': 'NOUN', 'text': 'उत्तर', 'id': 20, 'deprel': 'obj', 'head': 22}, 'verb': {'upos': 'VERB', 'text': 'दे', 'id': 22, 'deprel': 'root', 'head': 0}}]",['SOV']
1070,मुहम्मद की उपस्थिति का संकेत प्रकाश अंग संगीत द्वारा इंगित किया गया था।,1,"[{'object': {'upos': 'NOUN', 'text': 'संकेत', 'id': 5, 'deprel': 'obj', 'head': 11}, 'subject': {'upos': 'NOUN', 'text': 'संगीत', 'id': 8, 'deprel': 'nsubj:pass', 'head': 11}, 'verb': {'upos': 'VERB', 'text': 'किया', 'id': 11, 'deprel': 'root', 'head': 0}}]",['OSV']
1089,एलिस अपने वास्तविक कद में लौटने में सक्षम हुई क्योंकि उसने मशरूम का उपयोग किया और उसके दो टुकड़े तोड़कर अपने कद को पहले से भी कहीं ज्यादा छोटा बना दिया और फिर मशरूम का उपयोग करके अपनी गर्दन को लम्बा कर पेड़ों के बीच पहुंचा दिया।,1,"[{'subject': {'upos': 'PRON', 'text': 'उसने', 'id': 11, 'deprel': 'nsubj', 'head': 15}, 'object': {'upos': 'NOUN', 'text': 'कद', 'id': 22, 'deprel': 'obj', 'head': 30}, 'verb': {'upos': 'VERB', 'text': 'बना', 'id': 30, 'deprel': 'conj', 'head': 15}}]",['SOV']
1093,"सूत्र ""cos x + i sin x"" समिश्र संख्याओं को त्रिकोणमिति से जोड़ता है।",1,"[{'subject': {'upos': 'NOUN', 'text': 'सूत्र', 'id': 1, 'deprel': 'nsubj', 'head': 15}, 'object': {'upos': 'NOUN', 'text': 'संख्याओं', 'id': 11, 'deprel': 'obj', 'head': 15}, 'verb': {'upos': 'VERB', 'text': 'जोड़ता', 'id': 15, 'deprel': 'root', 'head': 0}}]",['SOV']
1094,मोरक्को ने सम्मेलन को पटरी से उतारा क्योंकि अल्जीरिया ने सहारा क्षेत्र की स्वतंत्रता का मौखिक समर्थन करना था।,1,"[{'subject': {'upos': 'PROPN', 'text': 'मोरक्को', 'id': 1, 'deprel': 'nsubj', 'head': 7}, 'object': {'upos': 'NOUN', 'text': 'सम्मेलन', 'id': 3, 'deprel': 'obj', 'head': 7}, 'verb': {'upos': 'VERB', 'text': 'उतारा', 'id': 7, 'deprel': 'root', 'head': 0}}]",['SOV']
1109,नोबुरो मोरी को लोगन ने खत्म किया था।,1,"[{'object': {'upos': 'PROPN', 'text': 'मोरी', 'id': 2, 'deprel': 'obj', 'head': 7}, 'subject': {'upos': 'PROPN', 'text': 'लोगन', 'id': 4, 'deprel': 'nsubj', 'head': 7}, 'verb': {'upos': 'VERB', 'text': 'किया', 'id': 7, 'deprel': 'root', 'head': 0}}]",['OSV']
1111,लोगन को एक मशीन में डॉक्टर ग्रीन द्वारा रखा जाता है।,1,"[{'object': {'upos': 'PROPN', 'text': 'लोगन', 'id': 1, 'deprel': 'obj', 'head': 9}, 'subject': {'upos': 'PROPN', 'text': 'ग्रीन', 'id': 7, 'deprel': 'nsubj:pass', 'head': 9}, 'verb': {'upos': 'VERB', 'text': 'रखा', 'id': 9, 'deprel': 'root', 'head': 0}}]",['OSV']
1124,हंगरी ने इंग्लैंड को 7-1 से हराया था।,1,"[{'subject': {'upos': 'PROPN', 'text': 'हंगरी', 'id': 1, 'deprel': 'nsubj', 'head': 7}, 'object': {'upos': 'PROPN', 'text': 'इंग्लैंड', 'id': 3, 'deprel': 'obj', 'head': 7}, 'verb': {'upos': 'VERB', 'text': 'हराया', 'id': 7, 'deprel': 'root', 'head': 0}}]",['SOV']
1128,निकोल्सन ने थियेटर में जाने से पहले रॉक संगीतकार के रूप में अपना काम शुरू किया था।,1,"[{'subject': {'upos': 'PROPN', 'text': 'निकोल्सन', 'id': 1, 'deprel': 'nsubj', 'head': 16}, 'object': {'upos': 'NOUN', 'text': 'काम', 'id': 14, 'deprel': 'obj', 'head': 16}, 'verb': {'upos': 'VERB', 'text': 'किया', 'id': 16, 'deprel': 'root', 'head': 0}}]",['SOV']
1129,विलय ने स्पेरी को बुरफ्स के साथ 4.8 बिलियन डॉलर में खरीद कर हुआ।,1,"[{'subject': {'upos': 'PROPN', 'text': 'विलय', 'id': 1, 'deprel': 'nsubj', 'head': 14}, 'object': {'upos': 'PROPN', 'text': 'स्पेरी', 'id': 3, 'deprel': 'obj', 'head': 14}, 'verb': {'upos': 'VERB', 'text': 'हुआ', 'id': 14, 'deprel': 'root', 'head': 0}}]",['SOV']
1167,"इन लेखकों ने स्वार्थ से नैतिकता प्राप्त करने की परियोजना का अनुसरण करने का प्रयास किया है, जिसमें विकासवादी गेम थ्योरी का प्रयोग किया गया है। वे क़ैदी का असमंजस (Prisoner's dilemma), बारहसिंगे का शिकार (Stag hunt) सहित विभिन्न खेलों और नैश सौदेबाज़ी खेल (Nash bargaining game) को नैतिकता के दृष्टिकोण के उद्भव की व्याख्या प्रदान करनेवालों के रूप में देखते हैं।",1,"[{'subject': {'upos': 'PRON', 'text': 'वे', 'id': 1, 'deprel': 'nsubj', 'head': 43}, 'object': {'upos': 'NOUN', 'text': 'खेलों', 'id': 20, 'deprel': 'obj', 'head': 43}, 'verb': {'upos': 'VERB', 'text': 'देखते', 'id': 43, 'deprel': 'root', 'head': 0}}]",['SOV']
1175,प्रोत्साहन कम्पैटिबिलिटी को लिओनिड हर्विज़ और एरिक मस्किन ने पेश किया था।,1,"[{'object': {'upos': 'NOUN', 'text': 'कम्पैटिबिलिटी', 'id': 2, 'deprel': 'obj', 'head': 11}, 'subject': {'upos': 'PROPN', 'text': 'हर्विज़', 'id': 5, 'deprel': 'nsubj', 'head': 11}, 'verb': {'upos': 'VERB', 'text': 'किया', 'id': 11, 'deprel': 'root', 'head': 0}}]",['OSV']
1189,वर्ष 1899 में बासीगुलपो ने जमीन खरीदी थी।,1,"[{'subject': {'upos': 'PROPN', 'text': 'बासीगुलपो', 'id': 4, 'deprel': 'nsubj', 'head': 7}, 'object': {'upos': 'NOUN', 'text': 'जमीन', 'id': 6, 'deprel': 'obj', 'head': 7}, 'verb': {'upos': 'VERB', 'text': 'खरीदी', 'id': 7, 'deprel': 'root', 'head': 0}}]",['SOV']
1194,"जायके में ग्रीन एप्पल, ऑरेंज, क्रेनबेरी, रास्पबेरी, साइट्रस (नींबू), वनीला, स्ट्राबेरी, काले चेरी, तरबूज, लाइम, ब्लूबेरी, सफेद अंगूर, तरबूज (हनीड्यू/कैंटालोप), अनार, पैसनफ्रूट, नाशपाती और हाल ही में अनारस शामिल हैं।",1,"[{'subject': {'upos': 'PROPN', 'text': 'एप्पल', 'id': 4, 'deprel': 'nsubj', 'head': 49}, 'object': {'upos': 'ADJ', 'text': 'शामिल', 'id': 48, 'deprel': 'obj', 'head': 49}, 'verb': {'upos': 'VERB', 'text': 'हैं', 'id': 49, 'deprel': 'root', 'head': 0}}]",['SOV']
1198,कॉइनएज एक्ट ने डाइम के सिक्के का तांबा निर्धारित किया है।,1,"[{'subject': {'upos': 'PROPN', 'text': 'एक्ट', 'id': 2, 'deprel': 'nsubj', 'head': 10}, 'object': {'upos': 'NOUN', 'text': 'तांबा', 'id': 8, 'deprel': 'obj', 'head': 10}, 'verb': {'upos': 'VERB', 'text': 'किया', 'id': 10, 'deprel': 'root', 'head': 0}}]",['SOV']
1199,इन संस्थापकों द्वारा मुद्रा बहाल करने का सुझाव दिया जा रहा था।,1,"[{'subject': {'upos': 'NOUN', 'text': 'संस्थापकों', 'id': 2, 'deprel': 'nsubj', 'head': 6}, 'object': {'upos': 'NOUN', 'text': 'मुद्रा', 'id': 4, 'deprel': 'obj', 'head': 6}, 'verb': {'upos': 'VERB', 'text': 'करने', 'id': 6, 'deprel': 'nmod', 'head': 8}}]",['SOV']
1200,"थॉमस जॅफ़रसन, बेंजामिन फ्रैंकलिन, ऐलॅक्सैन्डर हैमिलटन और डेविड रिटनहाउस ने संयुक्त राज्य में दशमलव पर आधारित मुद्रा बहाल करने का पहला प्रस्ताव रखा।",1,"[{'subject': {'upos': 'PROPN', 'text': 'जॅफ़रसन', 'id': 2, 'deprel': 'nsubj', 'head': 25}, 'object': {'upos': 'NOUN', 'text': 'प्रस्ताव', 'id': 24, 'deprel': 'obj', 'head': 25}, 'verb': {'upos': 'VERB', 'text': 'रखा', 'id': 25, 'deprel': 'root', 'head': 0}}]",['SOV']
1204,खान ने अक्टूबर 2002 में चुनाव लड़ा था।,1,"[{'subject': {'upos': 'PROPN', 'text': 'खान', 'id': 1, 'deprel': 'nsubj', 'head': 7}, 'object': {'upos': 'NOUN', 'text': 'चुनाव', 'id': 6, 'deprel': 'obj', 'head': 7}, 'verb': {'upos': 'VERB', 'text': 'लड़ा', 'id': 7, 'deprel': 'root', 'head': 0}}]",['SOV']
1211,नॉयबर्ग ने फ्लाइट इंजीनियर के रूप में आईएसएस एक्सपीडिशन-36 और एक्सपीडिशन-37 में काम किया।,1,"[{'subject': {'upos': 'PROPN', 'text': 'नॉयबर्ग', 'id': 1, 'deprel': 'nsubj', 'head': 14}, 'object': {'upos': 'NOUN', 'text': 'काम', 'id': 13, 'deprel': 'obj', 'head': 14}, 'verb': {'upos': 'VERB', 'text': 'किया', 'id': 14, 'deprel': 'root', 'head': 0}}]",['SOV']
1213,"हिंदी में उत्तर: भारत में खतना की प्रक्रिया के पीछे कई कारण हैं, जिनमें से एक है सांस्कृतिक और धार्मिक मानदंड। भारत में परिवार के लिए दहेज का भुगतान करने के लिए महिलाओं को कम मूल्यवान माना जाता है, जिसके कारण पुरुषों को अपने परिवार के लिए जिम्मेदारी लेना पड़ता है। इस प्रकार, खतना एक सांस्कृतिक और धार्मिक प्रथा है जिसके कारण पुरुषों को अपने परिवार के लिए जिम्मेदारी लेना पड़ता है।",1,"[{'subject': {'upos': 'NOUN', 'text': 'पुरुषों', 'id': 13, 'deprel': 'nsubj', 'head': 20}, 'object': {'upos': 'NOUN', 'text': 'जिम्मेदारी', 'id': 19, 'deprel': 'obj', 'head': 20}, 'verb': {'upos': 'VERB', 'text': 'लेना', 'id': 20, 'deprel': 'acl:relcl', 'head': 9}}]",['SOV']
1217,"मेरे पास आपके प्रश्न का उत्तर नहीं है। GP के संबंध में कई सिद्धांत हैं, लेकिन सभी का सत्यापन मुश्किल साबित हुआ है। सबसे व्यापक रूप से मान्य सिद्धांत यह है कि जीपी के सैन्य पदनाम ने ""जीप"" शब्द को जन्म दिया है, लेकिन इसका सत्यापन नहीं हुआ है।",1,"[{'subject': {'upos': 'NOUN', 'text': 'पदनाम', 'id': 13, 'deprel': 'nsubj', 'head': 21}, 'object': {'upos': 'NOUN', 'text': 'शब्द', 'id': 18, 'deprel': 'obj', 'head': 21}, 'verb': {'upos': 'VERB', 'text': 'दिया', 'id': 21, 'deprel': 'acl', 'head': 7}}]",['SOV']
1223,"हाँ, बोइंग 707 और डगलस डीसी-8 ने लंबी दूरी की यात्रा को बदल दिया है।",1,"[{'subject': {'upos': 'PROPN', 'text': '707', 'id': 4, 'deprel': 'nsubj', 'head': 14}, 'object': {'upos': 'NOUN', 'text': 'यात्रा', 'id': 12, 'deprel': 'obj', 'head': 14}, 'verb': {'upos': 'VERB', 'text': 'बदल', 'id': 14, 'deprel': 'root', 'head': 0}}]",['SOV']
1249,एस्टन विला फुटबॉल क्लब ने अपना पहला आधिकारिक मैच रग्बी टीम के खिलाफ खेला था जिसमें नियम रग्बी और फुटबॉल का मिश्रण थे।,1,"[{'subject': {'upos': 'PROPN', 'text': 'क्लब', 'id': 4, 'deprel': 'nsubj', 'head': 14}, 'object': {'upos': 'NOUN', 'text': 'मैच', 'id': 9, 'deprel': 'obj', 'head': 14}, 'verb': {'upos': 'VERB', 'text': 'खेला', 'id': 14, 'deprel': 'root', 'head': 0}}]",['SOV']
1250,सॉन्डर्स ने टीम को एकजुट रखा जो 1980-81 में एक सातवें शीर्ष लीग खिताब जीतने में सफल हुई।,1,"[{'subject': {'upos': 'PROPN', 'text': 'सॉन्डर्स', 'id': 1, 'deprel': 'nsubj', 'head': 6}, 'object': {'upos': 'NOUN', 'text': 'टीम', 'id': 3, 'deprel': 'obj', 'head': 6}, 'verb': {'upos': 'VERB', 'text': 'रखा', 'id': 6, 'deprel': 'root', 'head': 0}}]",['SOV']
1257,"राजकुमार फ़िलिप, एडिनबर्घ के ड्यूक ने रानी एलिज़ाबेथ द्वितीय से शादी की थी।",1,"[{'subject': {'upos': 'PROPN', 'text': 'फ़िलिप', 'id': 2, 'deprel': 'nsubj', 'head': 13}, 'object': {'upos': 'PROPN', 'text': 'द्वितीय', 'id': 10, 'deprel': 'obj', 'head': 13}, 'verb': {'upos': 'VERB', 'text': 'की', 'id': 13, 'deprel': 'root', 'head': 0}}]",['SOV']
1259,फिस्क ने १९७६ से बेरूत में रहना शुरू किया था।,1,"[{'subject': {'upos': 'PROPN', 'text': 'फिस्क', 'id': 1, 'deprel': 'nsubj', 'head': 9}, 'object': {'upos': 'VERB', 'text': 'रहना', 'id': 7, 'deprel': 'obj', 'head': 9}, 'verb': {'upos': 'VERB', 'text': 'किया', 'id': 9, 'deprel': 'root', 'head': 0}}]",['SOV']
1270,अमेरिकी शीट संगीत प्रकाशन उद्योग ने रैगटाइम संगीत तैयार किया।,1,"[{'subject': {'upos': 'PROPN', 'text': 'उद्योग', 'id': 5, 'deprel': 'nsubj', 'head': 10}, 'object': {'upos': 'NOUN', 'text': 'संगीत', 'id': 8, 'deprel': 'obj', 'head': 10}, 'verb': {'upos': 'VERB', 'text': 'किया', 'id': 10, 'deprel': 'root', 'head': 0}}]",['SOV']
1272,"पॉल गार्डनर एक करोड़पति, उद्यमी, प्रेरक वक्ता और लोकोपकारक हैं, जिन्होंने स्टॉकब्रोकरेज कंपनी गार्डनर रिच एंड को। के सीईओ के रूप में कार्य किया है।",1,"[{'subject': {'upos': 'PRON', 'text': 'जिन्होंने', 'id': 14, 'deprel': 'nsubj', 'head': 27}, 'object': {'upos': 'NOUN', 'text': 'कार्य', 'id': 26, 'deprel': 'obj', 'head': 27}, 'verb': {'upos': 'VERB', 'text': 'किया', 'id': 27, 'deprel': 'acl:relcl', 'head': 11}}]",['SOV']
1274,क्रिस गार्डनर कपड़े और जूते दान करता है।,1,"[{'subject': {'upos': 'PROPN', 'text': 'गार्डनर', 'id': 2, 'deprel': 'nsubj', 'head': 7}, 'object': {'upos': 'NOUN', 'text': 'कपड़े', 'id': 3, 'deprel': 'obj', 'head': 7}, 'verb': {'upos': 'VERB', 'text': 'करता', 'id': 7, 'deprel': 'root', 'head': 0}}]",['SOV']
1276,मेरे पास आपके प्रश्न का उत्तर नहीं है। सूची में उपलब्ध जानकारी से कोई संबंध नहीं है जिससे मैं आपके प्रश्न का उत्तर दे सके।,1,"[{'subject': {'upos': 'PRON', 'text': 'मैं', 'id': 11, 'deprel': 'nsubj', 'head': 16}, 'object': {'upos': 'NOUN', 'text': 'उत्तर', 'id': 15, 'deprel': 'obj', 'head': 16}, 'verb': {'upos': 'VERB', 'text': 'दे', 'id': 16, 'deprel': 'acl:relcl', 'head': 7}}]",['SOV']
1280,फ्रांस ने अल्पाइन स्कीइंग में अधिकतर पदक जीते हैं।,1,"[{'subject': {'upos': 'PROPN', 'text': 'फ्रांस', 'id': 1, 'deprel': 'nsubj', 'head': 8}, 'object': {'upos': 'NOUN', 'text': 'पदक', 'id': 7, 'deprel': 'obj', 'head': 8}, 'verb': {'upos': 'VERB', 'text': 'जीते', 'id': 8, 'deprel': 'root', 'head': 0}}]",['SOV']
1290,जेम्स मिल ने अपना अंतिम नाम नहीं बदला था।,1,"[{'subject': {'upos': 'PROPN', 'text': 'मिल', 'id': 2, 'deprel': 'nsubj', 'head': 8}, 'object': {'upos': 'NOUN', 'text': 'नाम', 'id': 6, 'deprel': 'obj', 'head': 8}, 'verb': {'upos': 'VERB', 'text': 'बदला', 'id': 8, 'deprel': 'root', 'head': 0}}]",['SOV']
1294,खान ने अपने करियर में 88 टेस्ट मैच खेले।,1,"[{'subject': {'upos': 'PROPN', 'text': 'खान', 'id': 1, 'deprel': 'nsubj', 'head': 9}, 'object': {'upos': 'NOUN', 'text': 'मैच', 'id': 8, 'deprel': 'obj', 'head': 9}, 'verb': {'upos': 'VERB', 'text': 'खेले', 'id': 9, 'deprel': 'root', 'head': 0}}]",['SOV']
1299,खान ने इंग्लैंड के खिलाफ़ तीन टेस्ट श्रृंखला में अपनी गेंदबाजी और बल्लेबाजी औसत दोनों में शीर्ष स्थान हासिल किया।,1,"[{'subject': {'upos': 'PROPN', 'text': 'खान', 'id': 1, 'deprel': 'nsubj', 'head': 20}, 'object': {'upos': 'NOUN', 'text': 'स्थान', 'id': 18, 'deprel': 'obj', 'head': 20}, 'verb': {'upos': 'VERB', 'text': 'किया', 'id': 20, 'deprel': 'root', 'head': 0}}]",['SOV']
1300,भारतीय क्रिकेट टीम ने उनके खिलाफ 40 विकेट लिए।,1,"[{'subject': {'upos': 'PROPN', 'text': 'टीम', 'id': 3, 'deprel': 'nsubj', 'head': 9}, 'object': {'upos': 'NOUN', 'text': 'विकेट', 'id': 8, 'deprel': 'obj', 'head': 9}, 'verb': {'upos': 'VERB', 'text': 'लिए', 'id': 9, 'deprel': 'root', 'head': 0}}]",['SOV']
1301,खान ने 88 विकेट लिए।,1,"[{'subject': {'upos': 'PROPN', 'text': 'खान', 'id': 1, 'deprel': 'nsubj', 'head': 5}, 'object': {'upos': 'NOUN', 'text': 'विकेट', 'id': 4, 'deprel': 'obj', 'head': 5}, 'verb': {'upos': 'VERB', 'text': 'लिए', 'id': 5, 'deprel': 'root', 'head': 0}}]",['SOV']
1307,"मेनका गांधी ने लारेंस स्कूल, सनवर तथा तदोपरान्त लेडी श्रीराम कालेज, नयी दिल्ली में शिक्षा प्राप्त की।",1,"[{'subject': {'upos': 'PROPN', 'text': 'गांधी', 'id': 2, 'deprel': 'nsubj', 'head': 19}, 'object': {'upos': 'NOUN', 'text': 'शिक्षा', 'id': 17, 'deprel': 'obj', 'head': 19}, 'verb': {'upos': 'VERB', 'text': 'की', 'id': 19, 'deprel': 'root', 'head': 0}}]",['SOV']
1313,ली ने दिसंबर 1960 में अपनी हाई स्कूल की शिक्षा पूरी की।,1,"[{'subject': {'upos': 'PROPN', 'text': 'ली', 'id': 1, 'deprel': 'nsubj', 'head': 12}, 'object': {'upos': 'NOUN', 'text': 'शिक्षा', 'id': 10, 'deprel': 'obj', 'head': 12}, 'verb': {'upos': 'VERB', 'text': 'की', 'id': 12, 'deprel': 'root', 'head': 0}}]",['SOV']
1315,QS 9000 की जगह अब ISO/TS 16949 ने ले ली है।,1,"[{'object': {'upos': 'NOUN', 'text': 'जगह', 'id': 4, 'deprel': 'obj', 'head': 9}, 'subject': {'upos': 'PROPN', 'text': '16949', 'id': 7, 'deprel': 'nsubj', 'head': 9}, 'verb': {'upos': 'VERB', 'text': 'ले', 'id': 9, 'deprel': 'root', 'head': 0}}]",['OSV']
1316,महारानी ताय्तू बेतुल ने इस स्थल का चयन किया था जहां उनके पति सम्राट मेनेलिक द्वितीय ने १८८६ में शहर स्थापित किया।,1,"[{'subject': {'upos': 'PROPN', 'text': 'द्वितीय', 'id': 16, 'deprel': 'nsubj', 'head': 22}, 'object': {'upos': 'NOUN', 'text': 'शहर', 'id': 20, 'deprel': 'obj', 'head': 22}, 'verb': {'upos': 'VERB', 'text': 'किया', 'id': 22, 'deprel': 'acl:relcl', 'head': 6}}]",['SOV']
1326,NGO का उद्देश्य लोगों को सक्रिय रूप से शामिल होने और एनजीओ तथा सार्वजनिक व निजी क्षेत्र दोनों के बीच अधिक सहजीवन को प्रोत्साहित करना है।,1,"[{'subject': {'upos': 'NOUN', 'text': 'उद्देश्य', 'id': 3, 'deprel': 'nsubj', 'head': 25}, 'object': {'upos': 'NOUN', 'text': 'सहजीवन', 'id': 22, 'deprel': 'obj', 'head': 25}, 'verb': {'upos': 'VERB', 'text': 'करना', 'id': 25, 'deprel': 'root', 'head': 0}}]",['SOV']
1329,एनजीओ में लोगों को अधिक सक्रिय होने के लिए प्रेरित करने का उद्देश्य लोगों को एनजीओ के अंदर सक्रिय रूप से शामिल होने और एनजीओ तथा सार्वजनिक व निजी क्षेत्र दोनों के बीच अधिक सहजीवन को प्रोत्साहित करना है।,1,"[{'subject': {'upos': 'NOUN', 'text': 'उद्देश्य', 'id': 13, 'deprel': 'nsubj', 'head': 38}, 'object': {'upos': 'NOUN', 'text': 'लोगों', 'id': 14, 'deprel': 'obj', 'head': 38}, 'verb': {'upos': 'VERB', 'text': 'करना', 'id': 38, 'deprel': 'root', 'head': 0}}]",['SOV']
1332,फ्रेडरिक नोमन था एक अग्रणी जर्मन राजनेता जिसने प्रोटेस्टेंट धर्मशास्त्र को अपनाया था।,1,"[{'subject': {'upos': 'PRON', 'text': 'जिसने', 'id': 8, 'deprel': 'nsubj', 'head': 12}, 'object': {'upos': 'NOUN', 'text': 'धर्मशास्त्र', 'id': 10, 'deprel': 'obj', 'head': 12}, 'verb': {'upos': 'VERB', 'text': 'अपनाया', 'id': 12, 'deprel': 'acl:relcl', 'head': 2}}]",['SOV']
1346,तीन साल की उम्र से सभी बच्चे अनिवार्य स्कूल शुरू कर दें.,1,"[{'subject': {'upos': 'NOUN', 'text': 'बच्चे', 'id': 7, 'deprel': 'nsubj', 'head': 11}, 'object': {'upos': 'NOUN', 'text': 'स्कूल', 'id': 9, 'deprel': 'obj', 'head': 11}, 'verb': {'upos': 'VERB', 'text': 'कर', 'id': 11, 'deprel': 'root', 'head': 0}}]",['SOV']
1350,"जानवरों को फूलों की गंध, मधुरस, और रंग दृष्टि आकर्षित करती है।",1,"[{'subject': {'upos': 'NOUN', 'text': 'जानवरों', 'id': 1, 'deprel': 'nsubj', 'head': 13}, 'object': {'upos': 'NOUN', 'text': 'गंध', 'id': 5, 'deprel': 'obj', 'head': 13}, 'verb': {'upos': 'VERB', 'text': 'करती', 'id': 13, 'deprel': 'root', 'head': 0}}]",['SOV']
1353,"कुक्रौंधों (dandelion) में स्वनिषेचन के अतिवादी मामले होते हैं, जिसके कारण वे हमेशा स्वनिषेचित होते हैं। इसका कारण है कि इन फूलों में स्वयं के पराग में रासायनिक अवरोध नहीं होता है, जिसके कारण वे अपने पराग को स्वयं ही स्वनिषेचित कर सकते हैं।",1,"[{'subject': {'upos': 'PRON', 'text': 'वे', 'id': 20, 'deprel': 'nsubj', 'head': 27}, 'object': {'upos': 'NOUN', 'text': 'पराग', 'id': 22, 'deprel': 'obj', 'head': 27}, 'verb': {'upos': 'VERB', 'text': 'कर', 'id': 27, 'deprel': 'acl:relcl', 'head': 13}}]",['SOV']
1358,लोग फूलों के आसपास रहना चाहते हैं क्योंकि वे मनचाहे दिखाई देते हैं और उनकी गंध (smell) भी मनचाही होती है।,1,"[{'subject': {'upos': 'NOUN', 'text': 'लोग', 'id': 1, 'deprel': 'nsubj', 'head': 6}, 'object': {'upos': 'VERB', 'text': 'रहना', 'id': 5, 'deprel': 'obj', 'head': 6}, 'verb': {'upos': 'VERB', 'text': 'चाहते', 'id': 6, 'deprel': 'root', 'head': 0}}]",['SOV']
1362,नीरजा भनोट को अशोक चक्र पुरस्कार दिया गया था क्योंकि उन्होंने अदभुत वीरता और साहस दिखाया था।,1,"[{'subject': {'upos': 'PRON', 'text': 'उन्होंने', 'id': 11, 'deprel': 'nsubj', 'head': 16}, 'object': {'upos': 'NOUN', 'text': 'वीरता', 'id': 13, 'deprel': 'obj', 'head': 16}, 'verb': {'upos': 'VERB', 'text': 'दिखाया', 'id': 16, 'deprel': 'advcl', 'head': 7}}]",['SOV']
1365,जेम्स-लैंग सिद्धांत के साथ दो भाग का नाम जुड़ा है क्योंकि लगभग उसी समय डैनिश मनोवैज्ञानिक कार्ल लैंग ने भी मिलता जुलता सिद्धांत पेश किया था।,1,"[{'subject': {'upos': 'PROPN', 'text': 'लैंग', 'id': 18, 'deprel': 'nsubj', 'head': 25}, 'object': {'upos': 'NOUN', 'text': 'सिद्धांत', 'id': 23, 'deprel': 'obj', 'head': 25}, 'verb': {'upos': 'VERB', 'text': 'किया', 'id': 25, 'deprel': 'advcl', 'head': 9}}]",['SOV']
1366,"भावना उत्पन्न करने के लिए संज्ञानात्मक क्रिया की आवश्यकता होती है। संज्ञानात्मक क्रिया में निर्णय, मूल्यांकन या विचार शामिल हैं, जो किसी भावना को उत्पन्न करने के लिए आवश्यक हैं।",1,"[{'subject': {'upos': 'PRON', 'text': 'जो', 'id': 12, 'deprel': 'nsubj', 'head': 21}, 'object': {'upos': 'ADJ', 'text': 'आवश्यक', 'id': 20, 'deprel': 'obj', 'head': 21}, 'verb': {'upos': 'VERB', 'text': 'हैं', 'id': 21, 'deprel': 'conj', 'head': 9}}]",['SOV']
1369,हेगेल के लिए मध्यस्थता की पेशकश स्वीकार की गई थी होर्ल्डलिन द्वारा।,1,"[{'object': {'upos': 'NOUN', 'text': 'पेशकश', 'id': 6, 'deprel': 'obj', 'head': 8}, 'verb': {'upos': 'VERB', 'text': 'की', 'id': 8, 'deprel': 'root', 'head': 0}, 'subject': {'upos': 'PROPN', 'text': 'होर्ल्डलिन', 'id': 11, 'deprel': 'nsubj:pass', 'head': 8}}]",['OVS']
1372,भगवान ने विकास क्यों बनाया?,1,"[{'subject': {'upos': 'NOUN', 'text': 'भगवान', 'id': 1, 'deprel': 'nsubj', 'head': 5}, 'object': {'upos': 'NOUN', 'text': 'विकास', 'id': 3, 'deprel': 'obj', 'head': 5}, 'verb': {'upos': 'VERB', 'text': 'बनाया', 'id': 5, 'deprel': 'root', 'head': 0}}]",['SOV']
1374,अली मुगलयत सयाह ने 1520 में उत्तरी सुमात्रा पर अपना नियंत्रण बढ़ाने के लिए अभियान शुरू किया।,1,"[{'subject': {'upos': 'PROPN', 'text': 'सयाह', 'id': 3, 'deprel': 'nsubj', 'head': 17}, 'object': {'upos': 'NOUN', 'text': 'अभियान', 'id': 15, 'deprel': 'obj', 'head': 17}, 'verb': {'upos': 'VERB', 'text': 'किया', 'id': 17, 'deprel': 'root', 'head': 0}}]",['SOV']
1378,"सैनाब्रिया ने नई पद्धति को प्रस्तुत किया क्योंकि मृत्यु और रुग्णता के बढ़ते कारण, स्वास्थ्य देखभाल और तकनीकी सहायता उपलब्ध नहीं थी विश्व के सभी क्षेत्रों में।",1,"[{'subject': {'upos': 'PROPN', 'text': 'सैनाब्रिया', 'id': 1, 'deprel': 'nsubj', 'head': 7}, 'object': {'upos': 'NOUN', 'text': 'पद्धति', 'id': 4, 'deprel': 'obj', 'head': 7}, 'verb': {'upos': 'VERB', 'text': 'किया', 'id': 7, 'deprel': 'root', 'head': 0}}]",['SOV']
1381,उन्होंने १९७४ में बफेलो विश्वविद्यालय से भूविज्ञान में बैचलर ऑफ आर्ट्स की डिग्री हासिल की।,1,"[{'subject': {'upos': 'PRON', 'text': 'उन्होंने', 'id': 1, 'deprel': 'nsubj', 'head': 15}, 'object': {'upos': 'NOUN', 'text': 'डिग्री', 'id': 13, 'deprel': 'obj', 'head': 15}, 'verb': {'upos': 'VERB', 'text': 'की', 'id': 15, 'deprel': 'root', 'head': 0}}]",['SOV']
1403,उत्तर: गर्भावस्था के दौरान भ्रूण का उदर पर दाब तथा हार्मोन संबंधी बदलाव अर्श वाहिकाओं में फैलाव पैदा करते हैं।,1,"[{'subject': {'upos': 'NOUN', 'text': 'दाब', 'id': 9, 'deprel': 'nsubj', 'head': 19}, 'object': {'upos': 'NOUN', 'text': 'फैलाव', 'id': 17, 'deprel': 'obj', 'head': 19}, 'verb': {'upos': 'VERB', 'text': 'करते', 'id': 19, 'deprel': 'root', 'head': 0}}]",['SOV']
1407,"कब्ज़ और डायरिया से बचने के लिए उच्च रेशेदार भोजन तथा पर्याप्त तरल को पीना या रेशेदार पूरकों को लेना तथा पर्याप्त व्यायाम करना अनुशंसित है। मलत्याग के प्रयास में कम समय खर्च करना, शौच के समय कुछ पढ़ने से बचना और साथ ही अधिक वज़न वाले लोगों के लिए वजन कम करना तथा अधिक भार उठाने से बचना अनुशंसित है।",1,"[{'subject': {'upos': 'VERB', 'text': 'बचना', 'id': 34, 'deprel': 'nsubj', 'head': 36}, 'object': {'upos': 'ADJ', 'text': 'अनुशंसित', 'id': 35, 'deprel': 'obj', 'head': 36}, 'verb': {'upos': 'VERB', 'text': 'है', 'id': 36, 'deprel': 'root', 'head': 0}}]",['SOV']
1408,स्टेरॉइड-समाहित एजेंटों का उपयोग 14 दिन से अधिक की अवधि तक नहीं किया जाना चाहिए क्योंकि वे त्वचा को पतला करते हैं।,1,"[{'subject': {'upos': 'PRON', 'text': 'वे', 'id': 17, 'deprel': 'nsubj', 'head': 21}, 'object': {'upos': 'NOUN', 'text': 'त्वचा', 'id': 18, 'deprel': 'obj', 'head': 21}, 'verb': {'upos': 'VERB', 'text': 'करते', 'id': 21, 'deprel': 'advcl', 'head': 13}}]",['SOV']
1440,उन्होंने यूनाइटेड आर्टिस्ट्स फ़िल्म स्टूडियो का प्रबंधत्व ग्रहण कर लिया है।,1,"[{'subject': {'upos': 'PRON', 'text': 'उन्होंने', 'id': 1, 'deprel': 'nsubj', 'head': 9}, 'object': {'upos': 'NOUN', 'text': 'प्रबंधत्व', 'id': 7, 'deprel': 'obj', 'head': 9}, 'verb': {'upos': 'VERB', 'text': 'कर', 'id': 9, 'deprel': 'root', 'head': 0}}]",['SOV']
1455,"ट्रास्क और हैमिल्टन परिवारों ने अपनी जड़ें सैलिनास घाटी, कैलिफोर्निया में रखीं।",1,"[{'subject': {'upos': 'NOUN', 'text': 'परिवारों', 'id': 4, 'deprel': 'nsubj', 'head': 13}, 'object': {'upos': 'NOUN', 'text': 'जड़ें', 'id': 7, 'deprel': 'obj', 'head': 13}, 'verb': {'upos': 'VERB', 'text': 'रखीं', 'id': 13, 'deprel': 'root', 'head': 0}}]",['SOV']
1460,"AUDIT शराब सेवन विकार पहचान परीक्षण है, जिसे विश्व स्वास्थ्य संगठन द्वारा विकसित किया गया है।",1,"[{'object': {'upos': 'PRON', 'text': 'जिसे', 'id': 9, 'deprel': 'obj', 'head': 15}, 'subject': {'upos': 'PROPN', 'text': 'संगठन', 'id': 12, 'deprel': 'nsubj:pass', 'head': 15}, 'verb': {'upos': 'VERB', 'text': 'किया', 'id': 15, 'deprel': 'acl:relcl', 'head': 6}}]",['OSV']
1461,शराबखोरी का एक निदान DSM-IV द्वारा रोग की पहचान शराब पर निर्भरता के परिभाषा का एक दृष्टिकोण प्रस्तुत करता है।,1,"[{'object': {'upos': 'NOUN', 'text': 'निदान', 'id': 4, 'deprel': 'obj', 'head': 19}, 'subject': {'upos': 'PROPN', 'text': 'DSM-IV', 'id': 5, 'deprel': 'nsubj', 'head': 19}, 'verb': {'upos': 'VERB', 'text': 'करता', 'id': 19, 'deprel': 'root', 'head': 0}}]",['OSV']
1462,AMA (American Medical Association) शराब को एक नशीली दवा मानता है।,1,"[{'subject': {'upos': 'PROPN', 'text': 'AMA', 'id': 1, 'deprel': 'nsubj', 'head': 12}, 'object': {'upos': 'NOUN', 'text': 'शराब', 'id': 7, 'deprel': 'obj', 'head': 12}, 'verb': {'upos': 'VERB', 'text': 'मानता', 'id': 12, 'deprel': 'root', 'head': 0}}]",['SOV']
1463,हिंदी में उत्तर: पुरुषों में से 10 से 20 प्रतिशत और महिलाओं में से 5 से 10 प्रतिशत लोग अपनी-अपनी जिंदगी के किसी मोड़ पर शराबीपन के मानदंड को पूरा करेंगे.,1,"[{'subject': {'upos': 'NOUN', 'text': 'लोग', 'id': 19, 'deprel': 'nsubj', 'head': 31}, 'object': {'upos': 'NOUN', 'text': 'मानदंड', 'id': 28, 'deprel': 'obj', 'head': 31}, 'verb': {'upos': 'VERB', 'text': 'करेंगे', 'id': 31, 'deprel': 'root', 'head': 0}}]",['SOV']
1475,नोलेन ने सात वर्ष की उम्र में फिल्में बनाना शुरू किया था।,1,"[{'subject': {'upos': 'PROPN', 'text': 'नोलेन', 'id': 1, 'deprel': 'nsubj', 'head': 11}, 'object': {'upos': 'VERB', 'text': 'बनाना', 'id': 9, 'deprel': 'obj', 'head': 11}, 'verb': {'upos': 'VERB', 'text': 'किया', 'id': 11, 'deprel': 'root', 'head': 0}}]",['SOV']
1484,"डर्मेटोफैगिया के प्रभावों में शामिल हैं: रक्त बाहर निकलने लगता है, त्वचा में रंग विकार होने लगता है, दर्द होना और खून निकलना आरम्भ हो जाता है, और कुछ लोग अपनी अंगुली के पोर को भी काटने लग जाते हैं, जिससे इसमें दर्द होना और खून निकलना आरम्भ हो जाता है।",1,"[{'subject': {'upos': 'NOUN', 'text': 'रक्त', 'id': 8, 'deprel': 'nsubj', 'head': 11}, 'verb': {'upos': 'VERB', 'text': 'लगता', 'id': 19, 'deprel': 'conj', 'head': 11}, 'object': {'upos': 'VERB', 'text': 'होना', 'id': 23, 'deprel': 'obj', 'head': 19}}]",['SVO']
1513,बियोवुल्फ़ को पता चला कि उसका साम्राज्य एक ड्रेगन से आतंकित है।,1,"[{'subject': {'upos': 'PROPN', 'text': 'बियोवुल्फ़', 'id': 1, 'deprel': 'nsubj', 'head': 4}, 'verb': {'upos': 'VERB', 'text': 'चला', 'id': 4, 'deprel': 'root', 'head': 0}, 'object': {'upos': 'ADJ', 'text': 'आतंकित', 'id': 11, 'deprel': 'obj', 'head': 4}}]",['SVO']
1523,दौड़ने का मुख्य उद्देश्य शरीर की फिटनेस को बढ़ाना है।,1,"[{'subject': {'upos': 'NOUN', 'text': 'उद्देश्य', 'id': 4, 'deprel': 'nsubj', 'head': 9}, 'object': {'upos': 'NOUN', 'text': 'फिटनेस', 'id': 7, 'deprel': 'obj', 'head': 9}, 'verb': {'upos': 'VERB', 'text': 'बढ़ाना', 'id': 9, 'deprel': 'root', 'head': 0}}]",['SOV']
1533,कार्ल्सबर्ग प्रयोगशाला में सोरेंसन ने 1901 से 1938 के दौरान प्रतिष्ठित कार्ल्सबर्ग प्रयोगशाला के प्रमुख के रूप में काम किया।,1,"[{'subject': {'upos': 'PROPN', 'text': 'सोरेंसन', 'id': 4, 'deprel': 'nsubj', 'head': 20}, 'object': {'upos': 'NOUN', 'text': 'काम', 'id': 19, 'deprel': 'obj', 'head': 20}, 'verb': {'upos': 'VERB', 'text': 'किया', 'id': 20, 'deprel': 'root', 'head': 0}}]",['SOV']
1543,रोनाल्डिन्हो ने सितंबर २००५ में FIFPro विश्व खिलाड़ी का खिताब अपने नाम किया था।,1,"[{'subject': {'upos': 'PROPN', 'text': 'रोनाल्डिन्हो', 'id': 1, 'deprel': 'nsubj', 'head': 13}, 'object': {'upos': 'NOUN', 'text': 'खिताब', 'id': 10, 'deprel': 'obj', 'head': 13}, 'verb': {'upos': 'VERB', 'text': 'किया', 'id': 13, 'deprel': 'root', 'head': 0}}]",['SOV']
1549,पोर्ट ऑफ बैटन रूज मिसिसिपी नदी बंदरगाह पनमक्ष् जहाजों से निपटने में सक्षम है।,1,"[{'subject': {'upos': 'PROPN', 'text': 'रूज', 'id': 4, 'deprel': 'nsubj', 'head': 14}, 'object': {'upos': 'ADJ', 'text': 'सक्षम', 'id': 13, 'deprel': 'obj', 'head': 14}, 'verb': {'upos': 'VERB', 'text': 'है', 'id': 14, 'deprel': 'root', 'head': 0}}]",['SOV']
1570,"मिरांडा हाउस, दिल्ली विश्वविद्यालय से दर्शनशास्त्र में डिग्री प्राप्त की।",1,"[{'subject': {'upos': 'PROPN', 'text': 'हाउस', 'id': 2, 'deprel': 'nsubj', 'head': 11}, 'object': {'upos': 'NOUN', 'text': 'डिग्री', 'id': 9, 'deprel': 'obj', 'head': 11}, 'verb': {'upos': 'VERB', 'text': 'की', 'id': 11, 'deprel': 'root', 'head': 0}}]",['SOV']
1577,सीडब्ल्यू ने श्रृंखला को रद्द किया।,1,"[{'subject': {'upos': 'PROPN', 'text': 'सीडब्ल्यू', 'id': 1, 'deprel': 'nsubj', 'head': 6}, 'object': {'upos': 'NOUN', 'text': 'श्रृंखला', 'id': 3, 'deprel': 'obj', 'head': 6}, 'verb': {'upos': 'VERB', 'text': 'किया', 'id': 6, 'deprel': 'root', 'head': 0}}]",['SOV']
1587,"महिला बास्केटबॉल चैंपियनशिप में प्रारंभिक वर्षों में पुरुषों के मुकाबले अधिक संरचनाबद्ध नियम थे। 1905 में, अमेरिकी शारीरिक-शिक्षा संघ द्वारा बास्केट बॉल नियमों पर कार्यकारी समिति बनाई गई, जिसमें प्रत्येक टीम में छह से नौ खिलाड़ियों और 11 अधिकारियों को रखने की मांग की गई थी।",1,"[{'subject': {'upos': 'PROPN', 'text': 'संघ', 'id': 6, 'deprel': 'nsubj:pass', 'head': 14}, 'object': {'upos': 'NOUN', 'text': 'समिति', 'id': 13, 'deprel': 'obj', 'head': 14}, 'verb': {'upos': 'VERB', 'text': 'बनाई', 'id': 14, 'deprel': 'root', 'head': 0}}]",['SOV']
1604,"थन्नीरमुक्कोम के पास ताजे पानी को खारे पानी के द्वारा दूषित होने से रोकने के लिए केरल में नीन्दाकारा के पास एक बाँध बनाया गया है, जिससे खारे समुद्री पानी को रोका जाता है और मीठा पानी बचा रहे और सिंचाई के लिए प्रयोग किया जाता है।",1,"[{'object': {'upos': 'NOUN', 'text': 'पानी', 'id': 5, 'deprel': 'obj', 'head': 12}, 'subject': {'upos': 'NOUN', 'text': 'पानी', 'id': 8, 'deprel': 'nsubj', 'head': 12}, 'verb': {'upos': 'VERB', 'text': 'होने', 'id': 12, 'deprel': 'obl', 'head': 14}}]",['OSV']
1609,उन्होंने अपने करियर में 8540 रन बनाए।,1,"[{'subject': {'upos': 'PRON', 'text': 'उन्होंने', 'id': 1, 'deprel': 'nsubj', 'head': 7}, 'object': {'upos': 'NOUN', 'text': 'रन', 'id': 6, 'deprel': 'obj', 'head': 7}, 'verb': {'upos': 'VERB', 'text': 'बनाए', 'id': 7, 'deprel': 'root', 'head': 0}}]",['SOV']
1615,मिग-25 को कम ऊंचाई पर उड़ना मुश्किल है।,1,"[{'subject': {'upos': 'VERB', 'text': 'उड़ना', 'id': 6, 'deprel': 'nsubj', 'head': 8}, 'object': {'upos': 'ADJ', 'text': 'मुश्किल', 'id': 7, 'deprel': 'obj', 'head': 8}, 'verb': {'upos': 'VERB', 'text': 'है', 'id': 8, 'deprel': 'root', 'head': 0}}]",['SOV']
1619,"शाहरुख खान की प्रोडक्शन कंपनी रेड चिलीज़ एंटरटेनमेंट ने अपनी पहली फिल्म ""मैं हूँ ना"" को 30 अप्रैल 2004 को रिलीज किया।",1,"[{'subject': {'upos': 'PROPN', 'text': 'एंटरटेनमेंट', 'id': 8, 'deprel': 'nsubj', 'head': 24}, 'object': {'upos': 'PROPN', 'text': 'ना', 'id': 16, 'deprel': 'obj', 'head': 24}, 'verb': {'upos': 'VERB', 'text': 'किया', 'id': 24, 'deprel': 'root', 'head': 0}}]",['SOV']
1630,बृहस्पति का वातावरण तापीय विकिरण उत्पन्न करता है।,1,"[{'subject': {'upos': 'NOUN', 'text': 'वातावरण', 'id': 3, 'deprel': 'nsubj', 'head': 7}, 'object': {'upos': 'NOUN', 'text': 'विकिरण', 'id': 5, 'deprel': 'obj', 'head': 7}, 'verb': {'upos': 'VERB', 'text': 'करता', 'id': 7, 'deprel': 'root', 'head': 0}}]",['SOV']
1645,"मेरे पास आपके प्रश्न का उत्तर नहीं है। लेकिन मैं आपको बता सकता हूँ कि पहला एक्स-40 ड्रॉप टेस्ट 11 अगस्त 1998 को हॉलीमन एएफबी, न्यू मैक्सिको में हुआ था।",1,"[{'subject': {'upos': 'PRON', 'text': 'मैं', 'id': 2, 'deprel': 'nsubj', 'head': 4}, 'verb': {'upos': 'VERB', 'text': 'बता', 'id': 4, 'deprel': 'root', 'head': 0}, 'object': {'upos': 'VERB', 'text': 'हुआ', 'id': 22, 'deprel': 'obj', 'head': 4}}]",['SVO']
1652,आधारी धमनी का कार्य ब्रेनस्टेम को ऑक्सीजन और प्रोटीन की आपूर्ति करना है।,1,"[{'subject': {'upos': 'NOUN', 'text': 'कार्य', 'id': 4, 'deprel': 'nsubj', 'head': 13}, 'object': {'upos': 'VERB', 'text': 'करना', 'id': 12, 'deprel': 'obj', 'head': 13}, 'verb': {'upos': 'VERB', 'text': 'है', 'id': 13, 'deprel': 'root', 'head': 0}}]",['SOV']
1656,कनपटी धमनीशोथ आम तौर पर 50 से अधिक वर्ष की उम्र के लोगों को होता है।,1,"[{'subject': {'upos': 'PROPN', 'text': 'धमनीशोथ', 'id': 2, 'deprel': 'nsubj', 'head': 15}, 'object': {'upos': 'NOUN', 'text': 'लोगों', 'id': 13, 'deprel': 'obj', 'head': 15}, 'verb': {'upos': 'VERB', 'text': 'होता', 'id': 15, 'deprel': 'root', 'head': 0}}]",['SOV']
1661,माइग्रेन पूरी दुनिया में 10% से अधिक लोगों को प्रभावित करता है।,1,"[{'subject': {'upos': 'PROPN', 'text': 'माइग्रेन', 'id': 1, 'deprel': 'nsubj', 'head': 11}, 'object': {'upos': 'NOUN', 'text': 'लोगों', 'id': 8, 'deprel': 'obj', 'head': 11}, 'verb': {'upos': 'VERB', 'text': 'करता', 'id': 11, 'deprel': 'root', 'head': 0}}]",['SOV']
1684,नेव्हेपेट्रे मंटूहोटेप II के सेनापतित्व में थेबन बलों ने हेराक्लियोपोलिटन शासकों को हराया गया था।,1,"[{'subject': {'upos': 'NOUN', 'text': 'बलों', 'id': 8, 'deprel': 'nsubj:pass', 'head': 13}, 'object': {'upos': 'NOUN', 'text': 'शासकों', 'id': 11, 'deprel': 'obj', 'head': 13}, 'verb': {'upos': 'VERB', 'text': 'हराया', 'id': 13, 'deprel': 'root', 'head': 0}}]",['SOV']
1690,मिश्रवासियों ने पौधों और जानवरों को लौकिक अवस्था का एक अनिवार्य हिस्सा माना है।,1,"[{'subject': {'upos': 'NOUN', 'text': 'मिश्रवासियों', 'id': 1, 'deprel': 'nsubj', 'head': 13}, 'object': {'upos': 'NOUN', 'text': 'पौधों', 'id': 3, 'deprel': 'obj', 'head': 13}, 'verb': {'upos': 'VERB', 'text': 'माना', 'id': 13, 'deprel': 'root', 'head': 0}}]",['SOV']
1697,"मिस्र मुख्य रूप से अनाज, सोना, सन के कपड़े और पेपिरस का निर्यात करता था, जिसके बदले में उसे विलासिता की सामग्रियाँ और कच्चा माल प्राप्त होता था।",1,"[{'subject': {'upos': 'PROPN', 'text': 'मिस्र', 'id': 1, 'deprel': 'nsubj', 'head': 16}, 'object': {'upos': 'NOUN', 'text': 'अनाज', 'id': 5, 'deprel': 'obj', 'head': 16}, 'verb': {'upos': 'VERB', 'text': 'करता', 'id': 16, 'deprel': 'root', 'head': 0}}]",['SOV']
1703,चौथी सदी में सिर्फ चंद पुजारी चित्रलिपि लेखन को पढ़ सकते थे।,1,"[{'subject': {'upos': 'NOUN', 'text': 'पुजारी', 'id': 6, 'deprel': 'nsubj', 'head': 10}, 'object': {'upos': 'NOUN', 'text': 'लेखन', 'id': 8, 'deprel': 'obj', 'head': 10}, 'verb': {'upos': 'VERB', 'text': 'पढ़', 'id': 10, 'deprel': 'root', 'head': 0}}]",['SOV']
1715,"रक्त-मस्तिष्क अवरोध में दरार आ सकती है जब संक्रमण या किसी विषाणु द्वारा सक्रीय होता है, जो अवरोध उत्पन्न करने वाले ठोस जोड़ों की अखंडता को कम करता है।",1,"[{'subject': {'upos': 'PRON', 'text': 'जो', 'id': 18, 'deprel': 'nsubj', 'head': 29}, 'object': {'upos': 'NOUN', 'text': 'अखंडता', 'id': 26, 'deprel': 'obj', 'head': 29}, 'verb': {'upos': 'VERB', 'text': 'करता', 'id': 29, 'deprel': 'advcl', 'head': 15}}]",['SOV']
1719,"एमएस आम तौर पर महिलाओं को लक्षित करता है, जैसा कि कई स्व प्रतिरक्षी विकार के साथ होता है और यह बीमारी महिलाओं में ज्यादा आम है।",1,"[{'subject': {'upos': 'PROPN', 'text': 'एमएस', 'id': 1, 'deprel': 'nsubj', 'head': 8}, 'object': {'upos': 'NOUN', 'text': 'महिलाओं', 'id': 5, 'deprel': 'obj', 'head': 8}, 'verb': {'upos': 'VERB', 'text': 'करता', 'id': 8, 'deprel': 'root', 'head': 0}}]",['SOV']
1738,चर्मपत्र की उम्र के बारे में परीक्षण ने 95% से अधिक की संभावना के साथ कहा कि यह 568 और 645 के बीच था।,1,"[{'subject': {'upos': 'NOUN', 'text': 'परीक्षण', 'id': 7, 'deprel': 'nsubj', 'head': 16}, 'verb': {'upos': 'VERB', 'text': 'कहा', 'id': 16, 'deprel': 'root', 'head': 0}, 'object': {'upos': 'NUM', 'text': '568', 'id': 19, 'deprel': 'obj', 'head': 16}}]",['SVO']
1742,मुद्रण को व्यापक रूप से अपनाया जाने से पहले कुरान को कॉलिग्राफर्स और प्रतिवादियों द्वारा बनाई गई पांडुलिपियों में प्रसारित किया गया था। सबसे पुरानी पांडुलिपियों को इजाजी- टाइप स्क्रिप्ट में लिखा गया था। हिजाजी शैली पांडुलिपियों ने फिर भी पुष्टि की है कि लेखन में कुरान का प्रसारण शुरुआती चरण में शुरू हुआ था।,1,"[{'subject': {'upos': 'NOUN', 'text': 'पांडुलिपियों', 'id': 3, 'deprel': 'nsubj', 'head': 8}, 'verb': {'upos': 'VERB', 'text': 'की', 'id': 8, 'deprel': 'root', 'head': 0}, 'object': {'upos': 'VERB', 'text': 'हुआ', 'id': 20, 'deprel': 'obj', 'head': 8}}]",['SVO']
1746,कीज़ ने अपनी पहली एलबम सांग्स इन ए मिरर (Songs in A Minor) के साथ वर्ष 2001 में चार्ट्स में शीर्ष पर पहुंच गए।,1,"[{'subject': {'upos': 'PROPN', 'text': 'कीज़', 'id': 1, 'deprel': 'nsubj', 'head': 25}, 'object': {'upos': 'NOUN', 'text': 'एलबम', 'id': 5, 'deprel': 'obj', 'head': 25}, 'verb': {'upos': 'VERB', 'text': 'पहुंच', 'id': 25, 'deprel': 'root', 'head': 0}}]",['SOV']
1747,"अगले वर्ष, कीज़ ने रीमिक्सड एंड अनप्लग्ड इन ए मिरर (Remixed & Unplugged in A Minor) को रिलीज़ किया, जिसमें आठ रीमिक्स और मूल गानों के सात अनप्लग्ड संस्करण शामिल हैं।",1,"[{'subject': {'upos': 'PROPN', 'text': 'कीज़', 'id': 4, 'deprel': 'nsubj', 'head': 22}, 'object': {'upos': 'PROPN', 'text': 'मिरर', 'id': 11, 'deprel': 'obj', 'head': 22}, 'verb': {'upos': 'VERB', 'text': 'किया', 'id': 22, 'deprel': 'root', 'head': 0}}]",['SOV']
1748,एलिशिया कीज़ ने 2006 में तीन एनएएसीपी इमेज अवार्ड जीते।,1,"[{'subject': {'upos': 'PROPN', 'text': 'कीज़', 'id': 2, 'deprel': 'nsubj', 'head': 10}, 'object': {'upos': 'NOUN', 'text': 'अवार्ड', 'id': 9, 'deprel': 'obj', 'head': 10}, 'verb': {'upos': 'VERB', 'text': 'जीते', 'id': 10, 'deprel': 'root', 'head': 0}}]",['SOV']
1753,1992 में घाली ने शांति के लिए एजेंडा प्रस्तुत किया।,1,"[{'subject': {'upos': 'PROPN', 'text': 'घाली', 'id': 3, 'deprel': 'nsubj', 'head': 10}, 'object': {'upos': 'NOUN', 'text': 'एजेंडा', 'id': 8, 'deprel': 'obj', 'head': 10}, 'verb': {'upos': 'VERB', 'text': 'किया', 'id': 10, 'deprel': 'root', 'head': 0}}]",['SOV']
1771,सिबुआनो (Cebuano) भाषा बोलते हैं।,1,"[{'subject': {'upos': 'PROPN', 'text': 'सिबुआनो', 'id': 1, 'deprel': 'nsubj', 'head': 6}, 'object': {'upos': 'NOUN', 'text': 'भाषा', 'id': 5, 'deprel': 'obj', 'head': 6}, 'verb': {'upos': 'VERB', 'text': 'बोलते', 'id': 6, 'deprel': 'root', 'head': 0}}]",['SOV']
1772,इनिएस्‍टा को फीफा (FIFA) वर्ल्‍ड यूथ चैंपियनशिप फाइनल में पहुंचा और फीफा (FIFA) ऑल-स्‍टार टीम में नामित किया गया था।,1,"[{'subject': {'upos': 'PROPN', 'text': 'इनिएस्\u200dटा', 'id': 1, 'deprel': 'nsubj', 'head': 12}, 'object': {'upos': 'PROPN', 'text': 'फीफा', 'id': 14, 'deprel': 'obj', 'head': 22}, 'verb': {'upos': 'VERB', 'text': 'किया', 'id': 22, 'deprel': 'conj', 'head': 12}}]",['SOV']
1783,मुसलमानों ने भारत के आर्थिक उदय और सांस्कृतिक प्रभुत्व में महती भूमिका निभाई है।,1,"[{'subject': {'upos': 'NOUN', 'text': 'मुसलमानों', 'id': 1, 'deprel': 'nsubj', 'head': 13}, 'object': {'upos': 'NOUN', 'text': 'भूमिका', 'id': 12, 'deprel': 'obj', 'head': 13}, 'verb': {'upos': 'VERB', 'text': 'निभाई', 'id': 13, 'deprel': 'root', 'head': 0}}]",['SOV']
1801,कुछ देश ट्राइमैथोप्रिम को TMP/SMX के बराबर मानते हैं।,1,"[{'subject': {'upos': 'NOUN', 'text': 'देश', 'id': 2, 'deprel': 'nsubj', 'head': 8}, 'object': {'upos': 'PROPN', 'text': 'ट्राइमैथोप्रिम', 'id': 3, 'deprel': 'obj', 'head': 8}, 'verb': {'upos': 'VERB', 'text': 'मानते', 'id': 8, 'deprel': 'root', 'head': 0}}]",['SOV']
1802,"उन लोगों के लिए जो अधिक गंभीर लक्षण प्रदर्शित करते हैं, दिये जा रहे एंटीबायोटिक्स के लिये अस्पताल में भर्ती किये जाने की आवश्यकता है।",1,"[{'subject': {'upos': 'PRON', 'text': 'जो', 'id': 5, 'deprel': 'nsubj', 'head': 10}, 'object': {'upos': 'NOUN', 'text': 'लक्षण', 'id': 8, 'deprel': 'obj', 'head': 10}, 'verb': {'upos': 'VERB', 'text': 'करते', 'id': 10, 'deprel': 'acl:relcl', 'head': 16}}]",['SOV']
1820,मैच टाई होता है जब दोनों टीमें एक बराबर संख्या में रन बनाती हैं।,1,"[{'subject': {'upos': 'NOUN', 'text': 'टीमें', 'id': 7, 'deprel': 'nsubj', 'head': 13}, 'object': {'upos': 'NOUN', 'text': 'रन', 'id': 12, 'deprel': 'obj', 'head': 13}, 'verb': {'upos': 'VERB', 'text': 'बनाती', 'id': 13, 'deprel': 'acl:relcl', 'head': 2}}]",['SOV']
1826,"- विन्सेन्ट ने ""मिक फ्यूरी"" नाम का सुझाव दिया मगर यह भी मना कर दिया गया और अंत में नाम बदल कर विनी विन्सेन्ट रख दिया गया।",1,"[{'subject': {'upos': 'PROPN', 'text': 'विन्सेन्ट', 'id': 2, 'deprel': 'nsubj', 'head': 11}, 'object': {'upos': 'PRON', 'text': 'यह', 'id': 13, 'deprel': 'obj', 'head': 16}, 'verb': {'upos': 'VERB', 'text': 'कर', 'id': 16, 'deprel': 'conj', 'head': 11}}]",['SOV']
1827,"किस ने ""अनप्लग्ड"" में 9 अगस्त 1995 को काम किया था।",1,"[{'subject': {'upos': 'PRON', 'text': 'किस', 'id': 1, 'deprel': 'nsubj', 'head': 12}, 'object': {'upos': 'NOUN', 'text': 'काम', 'id': 11, 'deprel': 'obj', 'head': 12}, 'verb': {'upos': 'VERB', 'text': 'किया', 'id': 12, 'deprel': 'root', 'head': 0}}]",['SOV']
1828,बैंड ने क्रिस और फ्रेहले से संपर्क किया।,1,"[{'subject': {'upos': 'NOUN', 'text': 'बैंड', 'id': 1, 'deprel': 'nsubj', 'head': 8}, 'object': {'upos': 'PROPN', 'text': 'क्रिस', 'id': 3, 'deprel': 'obj', 'head': 8}, 'verb': {'upos': 'VERB', 'text': 'किया', 'id': 8, 'deprel': 'root', 'head': 0}}]",['SOV']
1829,क्रिस ने 2001 में बैंड छोड़ा था।,1,"[{'subject': {'upos': 'PROPN', 'text': 'क्रिस', 'id': 1, 'deprel': 'nsubj', 'head': 6}, 'object': {'upos': 'NOUN', 'text': 'बैंड', 'id': 5, 'deprel': 'obj', 'head': 6}, 'verb': {'upos': 'VERB', 'text': 'छोड़ा', 'id': 6, 'deprel': 'root', 'head': 0}}]",['SOV']
1840,जोनाथन नॉलेन ने सेट पर लिखा और McG को अपने काम को महत्वपूर्ण रूप से पटकथा पर चित्रित करने के लिए प्रेरित किया।,1,"[{'subject': {'upos': 'PROPN', 'text': 'नॉलेन', 'id': 2, 'deprel': 'nsubj', 'head': 6}, 'object': {'upos': 'PROPN', 'text': 'McG', 'id': 8, 'deprel': 'obj', 'head': 23}, 'verb': {'upos': 'VERB', 'text': 'किया', 'id': 23, 'deprel': 'conj', 'head': 6}}]",['SOV']
1841,डैनी एल्फ़मैन ने जनवरी 2009 में स्वर-लिपि रचना शुरू किया था।,1,"[{'subject': {'upos': 'PROPN', 'text': 'एल्फ़मैन', 'id': 2, 'deprel': 'nsubj', 'head': 10}, 'object': {'upos': 'NOUN', 'text': 'रचना', 'id': 8, 'deprel': 'obj', 'head': 10}, 'verb': {'upos': 'VERB', 'text': 'किया', 'id': 10, 'deprel': 'root', 'head': 0}}]",['SOV']
1874,कुआमिनटांग ने 1949 में चीन को रजत मानक पर लौटाया था।,1,"[{'subject': {'upos': 'PROPN', 'text': 'कुआमिनटांग', 'id': 1, 'deprel': 'nsubj', 'head': 10}, 'object': {'upos': 'PROPN', 'text': 'चीन', 'id': 5, 'deprel': 'obj', 'head': 10}, 'verb': {'upos': 'VERB', 'text': 'लौटाया', 'id': 10, 'deprel': 'root', 'head': 0}}]",['SOV']
1876,हांगकांग डॉलर कानूनी निविदा नहीं बना। जापानी सरकार ने 1943 में हांगकांग डॉलर के स्वत्व को अवैध बनाया और 4 से 1 की दर पर JMY विनिमेयता आवश्यक हुई।,1,"[{'subject': {'upos': 'NOUN', 'text': 'सरकार', 'id': 2, 'deprel': 'nsubj', 'head': 12}, 'object': {'upos': 'NOUN', 'text': 'स्वत्व', 'id': 9, 'deprel': 'obj', 'head': 12}, 'verb': {'upos': 'VERB', 'text': 'बनाया', 'id': 12, 'deprel': 'root', 'head': 0}}]",['SOV']
1881,"सिया ने स्थानीय एसिड जाज बैंड ""क्रिस्प"" में एक गायक के रूप में अपना व्यवसाय शुरू किया।",1,"[{'subject': {'upos': 'PROPN', 'text': 'सिया', 'id': 1, 'deprel': 'nsubj', 'head': 19}, 'object': {'upos': 'NOUN', 'text': 'व्यवसाय', 'id': 17, 'deprel': 'obj', 'head': 19}, 'verb': {'upos': 'VERB', 'text': 'किया', 'id': 19, 'deprel': 'root', 'head': 0}}]",['SOV']
1886,सिया ने 2010 के एआरआईए संगीत पुरस्कारों में दो पुरस्कार जीते।,1,"[{'subject': {'upos': 'PROPN', 'text': 'सिया', 'id': 1, 'deprel': 'nsubj', 'head': 11}, 'object': {'upos': 'NOUN', 'text': 'पुरस्कार', 'id': 10, 'deprel': 'obj', 'head': 11}, 'verb': {'upos': 'VERB', 'text': 'जीते', 'id': 11, 'deprel': 'root', 'head': 0}}]",['SOV']
1887,"सिया ने 2011 और 2013 के बीच बैयन्से, काइली मिनोग, फ्लो रिडा और रिहाना के लिए गाने लिखे थे।",1,"[{'subject': {'upos': 'PROPN', 'text': 'सिया', 'id': 1, 'deprel': 'nsubj', 'head': 20}, 'object': {'upos': 'NOUN', 'text': 'गाने', 'id': 19, 'deprel': 'obj', 'head': 20}, 'verb': {'upos': 'VERB', 'text': 'लिखे', 'id': 20, 'deprel': 'root', 'head': 0}}]",['SOV']
1888,साईं ने 2011 में जेडी सैमसन से नाता तोड़ लिया।,1,"[{'subject': {'upos': 'PROPN', 'text': 'साईं', 'id': 1, 'deprel': 'nsubj', 'head': 9}, 'object': {'upos': 'PROPN', 'text': 'सैमसन', 'id': 6, 'deprel': 'obj', 'head': 9}, 'verb': {'upos': 'VERB', 'text': 'तोड़', 'id': 9, 'deprel': 'root', 'head': 0}}]",['SOV']
1891,पटना को हिंदू प्रतिनिधि पाटलिपुत्र और बौद्ध प्रतिनिधि कुसुमपुरा कहते हैं।,1,"[{'object': {'upos': 'PROPN', 'text': 'पटना', 'id': 1, 'deprel': 'obj', 'head': 10}, 'subject': {'upos': 'PROPN', 'text': 'पाटलिपुत्र', 'id': 5, 'deprel': 'nsubj', 'head': 10}, 'verb': {'upos': 'VERB', 'text': 'कहते', 'id': 10, 'deprel': 'root', 'head': 0}}]",['OSV']
1892,"स्वरूप ने इलाहाबाद विश्वविद्यालय में मनोविज्ञान, दर्शनशास्त्र और इतिहास विषयों के साथ स्नातक की उपाधि प्राप्त की।",1,"[{'subject': {'upos': 'PROPN', 'text': 'स्वरूप', 'id': 1, 'deprel': 'nsubj', 'head': 18}, 'object': {'upos': 'NOUN', 'text': 'उपाधि', 'id': 16, 'deprel': 'obj', 'head': 18}, 'verb': {'upos': 'VERB', 'text': 'की', 'id': 18, 'deprel': 'root', 'head': 0}}]",['SOV']
1894,"वेब पर सामग्री प्रकाशित करने वाले लोगों को फ़ीडबर्नर जैसे सेवाएं प्रदान की जाती हैं, जो कस्टम आरएसएस फीड्स और ब्लॉगर्स, पोडकास्त और अन्य वेब-आधारित सामग्री प्रकाशकों को प्रबंधन उपकरण प्रदान करता है।",1,"[{'subject': {'upos': 'PRON', 'text': 'जो', 'id': 17, 'deprel': 'nsubj', 'head': 34}, 'object': {'upos': 'NOUN', 'text': 'उपकरण', 'id': 32, 'deprel': 'obj', 'head': 34}, 'verb': {'upos': 'VERB', 'text': 'करता', 'id': 34, 'deprel': 'acl:relcl', 'head': 11}}]",['SOV']
1898,पीटर नॉर्मन ने रजत पदक जीता है।,1,"[{'subject': {'upos': 'PROPN', 'text': 'नॉर्मन', 'id': 2, 'deprel': 'nsubj', 'head': 6}, 'object': {'upos': 'NOUN', 'text': 'पदक', 'id': 5, 'deprel': 'obj', 'head': 6}, 'verb': {'upos': 'VERB', 'text': 'जीता', 'id': 6, 'deprel': 'root', 'head': 0}}]",['SOV']
1902,CEMS के वर्तमान में ७०+ कंपनी भागीदार हैं जो कि सालाना आधार पर आर्थिक रूप से योगदान देते हैं और कार्यक्रम को मानव संसाधन और पाठ्यक्रम में योगदान देते हैं।,1,"[{'subject': {'upos': 'PRON', 'text': 'जो', 'id': 9, 'deprel': 'nsubj', 'head': 18}, 'object': {'upos': 'NOUN', 'text': 'योगदान', 'id': 17, 'deprel': 'obj', 'head': 18}, 'verb': {'upos': 'VERB', 'text': 'देते', 'id': 18, 'deprel': 'acl:relcl', 'head': 6}}]",['SOV']
1903,यह उपयोगकर्ता के लिए उपयोगी है क्योंकि यह उन्हें याद रखने में मदद करता है और सुविधा उपलब्ध करता है।,1,"[{'subject': {'upos': 'PRON', 'text': 'यह', 'id': 8, 'deprel': 'nsubj', 'head': 14}, 'object': {'upos': 'NOUN', 'text': 'सुविधा', 'id': 17, 'deprel': 'obj', 'head': 19}, 'verb': {'upos': 'VERB', 'text': 'करता', 'id': 19, 'deprel': 'conj', 'head': 14}}]",['SOV']
1905,साख पत्र सीईएमएस पूर्व छात्रों के साथ संपर्क रखने के लिए और व्यव्यसायिक और सामाजिक गतिविधियों के आयोजन के लिए उत्तरदायी है।,1,"[{'subject': {'upos': 'NOUN', 'text': 'पत्र', 'id': 2, 'deprel': 'nsubj', 'head': 22}, 'object': {'upos': 'ADJ', 'text': 'उत्तरदायी', 'id': 21, 'deprel': 'obj', 'head': 22}, 'verb': {'upos': 'VERB', 'text': 'है', 'id': 22, 'deprel': 'root', 'head': 0}}]",['SOV']
1906,"जब सीऐऐ के पूर्व छात्र मिलते हैं, तो स्थानीय समितियाँ साख पत्र के माध्यम से सीईएमएस पूर्व छात्रों से संपर्क रखने के लिए और व्यव्यसायिक और सामाजिक गतिविधियों के आयोजन के लिए उत्तरदायी हैं।",1,"[{'subject': {'upos': 'NOUN', 'text': 'समितियाँ', 'id': 11, 'deprel': 'nsubj', 'head': 35}, 'object': {'upos': 'ADJ', 'text': 'उत्तरदायी', 'id': 34, 'deprel': 'obj', 'head': 35}, 'verb': {'upos': 'VERB', 'text': 'हैं', 'id': 35, 'deprel': 'root', 'head': 0}}]",['SOV']
1912,आम्बेडकर अपने संदेश भारत भर में कई सार्वजनिक सभाओं में बार-बार प्रस्तुत करते थे।,1,"[{'subject': {'upos': 'PROPN', 'text': 'आम्बेडकर', 'id': 1, 'deprel': 'nsubj', 'head': 13}, 'object': {'upos': 'NOUN', 'text': 'संदेश', 'id': 3, 'deprel': 'obj', 'head': 13}, 'verb': {'upos': 'VERB', 'text': 'करते', 'id': 13, 'deprel': 'root', 'head': 0}}]",['SOV']
1913,संविधान सभा द्वारा 26 नवंबर 1949 को संविधान अपनाया गया था।,1,"[{'subject': {'upos': 'NOUN', 'text': 'सभा', 'id': 2, 'deprel': 'nsubj:pass', 'head': 9}, 'object': {'upos': 'NOUN', 'text': 'संविधान', 'id': 8, 'deprel': 'obj', 'head': 9}, 'verb': {'upos': 'VERB', 'text': 'अपनाया', 'id': 9, 'deprel': 'root', 'head': 0}}]",['SOV']
1917,नीदरलैंड से स्वतंत्रता मिलने के बाद सूरीनाम के प्रथम राष्ट्रपति जॉहन फेर्रियर ने स्वतंत्रता प्राप्त की।,1,"[{'subject': {'upos': 'PROPN', 'text': 'फेर्रियर', 'id': 12, 'deprel': 'nsubj', 'head': 16}, 'object': {'upos': 'NOUN', 'text': 'स्वतंत्रता', 'id': 14, 'deprel': 'obj', 'head': 16}, 'verb': {'upos': 'VERB', 'text': 'की', 'id': 16, 'deprel': 'root', 'head': 0}}]",['SOV']
1920,सुपरमार्केट ग्राहकों की खरीददारी की आदतों पर डाटा इकट्ठा कर सकता है।,1,"[{'subject': {'upos': 'NOUN', 'text': 'सुपरमार्केट', 'id': 1, 'deprel': 'nsubj', 'head': 10}, 'object': {'upos': 'NOUN', 'text': 'डाटा', 'id': 8, 'deprel': 'obj', 'head': 10}, 'verb': {'upos': 'VERB', 'text': 'कर', 'id': 10, 'deprel': 'root', 'head': 0}}]",['SOV']
1931,स्टॉलमैन ने अपना समय रॉकफेलर विश्वविद्यालय के जीवविज्ञान डिपार्टमेंट में वॉलन्टरी लेबोरेटरी असिस्टेंट के रूप में बिताया था।,1,"[{'subject': {'upos': 'PROPN', 'text': 'स्टॉलमैन', 'id': 1, 'deprel': 'nsubj', 'head': 17}, 'object': {'upos': 'NOUN', 'text': 'समय', 'id': 4, 'deprel': 'obj', 'head': 17}, 'verb': {'upos': 'VERB', 'text': 'बिताया', 'id': 17, 'deprel': 'root', 'head': 0}}]",['SOV']
1939,राजा ने अपना शासन 1845 में शुरू किया था।,1,"[{'subject': {'upos': 'PROPN', 'text': 'राजा', 'id': 1, 'deprel': 'nsubj', 'head': 8}, 'object': {'upos': 'NOUN', 'text': 'शासन', 'id': 4, 'deprel': 'obj', 'head': 8}, 'verb': {'upos': 'VERB', 'text': 'किया', 'id': 8, 'deprel': 'root', 'head': 0}}]",['SOV']
1951,प्रयोक्ता लॉग आउट हो सकते हैं क्योंकि विंडोज एक्सपी के अनुसार फास्ट यूजर स्विचिंग फीचर का उपयोग कर एक ही समय में कंप्यूटर पर कई उपयोगकर्ताओं को लॉग ऑन रखा जा सकता है।,1,"[{'subject': {'upos': 'NOUN', 'text': 'यूजर', 'id': 13, 'deprel': 'nsubj:pass', 'head': 30}, 'object': {'upos': 'NOUN', 'text': 'लॉग', 'id': 28, 'deprel': 'obj', 'head': 30}, 'verb': {'upos': 'VERB', 'text': 'रखा', 'id': 30, 'deprel': 'advcl', 'head': 4}}]",['SOV']
1961,ENIAC की नलियों ने एक ट्यूब प्रति दो दिन की दर पर काम करना बंद किया था।,1,"[{'subject': {'upos': 'NOUN', 'text': 'नलियों', 'id': 3, 'deprel': 'nsubj', 'head': 16}, 'object': {'upos': 'VERB', 'text': 'करना', 'id': 14, 'deprel': 'obj', 'head': 16}, 'verb': {'upos': 'VERB', 'text': 'किया', 'id': 16, 'deprel': 'root', 'head': 0}}]",['SOV']
1963,"ENIAC कंप्यूटर को प्रचालन के जटिल अनुक्रमों के लिए प्रोग्रामित किया जा सकता था, जिसमें पाश, शाखाएं और उपनेमकाएं शामिल हो सकते थे। इसके अलावा, ENIAC को इनपुट/आउटपुट एक मिलियन कार्ड के साथ हाइड्रोजन बम के लिए गणना करने में सक्षम था।",1,"[{'subject': {'upos': 'PROPN', 'text': 'ENIAC', 'id': 4, 'deprel': 'nsubj', 'head': 20}, 'object': {'upos': 'ADJ', 'text': 'सक्षम', 'id': 19, 'deprel': 'obj', 'head': 20}, 'verb': {'upos': 'VERB', 'text': 'था', 'id': 20, 'deprel': 'root', 'head': 0}}]",['SOV']
1977,वर्ष 1995 में सैंडलर ने बिली मैडिसन के लिए प्रधान भूमिका निभाई थी।,1,"[{'subject': {'upos': 'PROPN', 'text': 'सैंडलर', 'id': 4, 'deprel': 'nsubj', 'head': 12}, 'object': {'upos': 'NOUN', 'text': 'भूमिका', 'id': 11, 'deprel': 'obj', 'head': 12}, 'verb': {'upos': 'VERB', 'text': 'निभाई', 'id': 12, 'deprel': 'root', 'head': 0}}]",['SOV']
1996,"बोर्ड ऑफ गवर्नर्स, अपने समूह में से 12 सदस्यों को बोर्ड ऑफ डायरेक्टर्स और उनके सहायक के रूप में चुनते हैं।",1,"[{'subject': {'upos': 'NOUN', 'text': 'गवर्नर्स', 'id': 3, 'deprel': 'nsubj', 'head': 21}, 'object': {'upos': 'NOUN', 'text': 'सदस्यों', 'id': 10, 'deprel': 'obj', 'head': 21}, 'verb': {'upos': 'VERB', 'text': 'चुनते', 'id': 21, 'deprel': 'root', 'head': 0}}]",['SOV']
0,मेरे पास आपके प्रश्न का उत्तर नहीं है।,0,[],[]
1,हिंदी में उत्तर: बड़े खेतों और पशु-फार्मों तक जाने वाली सड़कें डर्ट-रोड हैं।,0,[],[]
3,लॉकहीड की टीम के सदस्य थे।,0,[],[]
4,"नागरिकों और सामान्य हवाई सेना यातायात के लिए बंद होने के कारण, सैन्य पायलटों को अनुशासनात्मक कार्रवाई का जोखिम रहता है यदि वे अनजाने में ग्रूम के हवाई क्षेत्र के चारों तरफ के वर्जित ""बॉक्स"" में भटक जाते हैं।",0,[],[]
5,"नेल्लिस का हवाई क्षेत्र प्रतिबंधित क्षेत्र है, जिसके बारे में सरकारी मानचित्रों में संकेत किया गया है, लेकिन इसके बारे में अधिक जानकारी नहीं दी गई है।",0,[],[]
6,रुटगर्स विश्वविद्यालय के जीव रसायन विज्ञानियों ने बायोप्सी का विश्लेषण किया।,0,[],[]
7,जार्ज वाशिंगटन विश्वविद्यालय के विधि के प्रोफेसर जोनाथन टर्ली ने उनका प्रतिनिधित्व किया था।,0,[],[]
8,मेरे पास आपके प्रश्न का उत्तर नहीं है।,0,[],[]
9,"शिकायतकर्ताओं ने आरोप लगाया कि ग्रूम पर काम करने के कारण उन्हें लगातार त्वचा, कलेजे और श्वसन सम्बन्धी परेशानियों का सामना करना पड़ा और फ्रोस्ट और कास्ज़ा की मौत का भी यही कारण बना।",0,[],[]
10,"जनवरी सन् 2006 में ""द स्पेस रिव्यू"" नामक ऑनलाइन एयरोस्पेस पत्रिका में ""एस्ट्रौनॉट्स एंड एरिया 51: द स्काईलैब इन्सीडेंट"" नामक लेख प्रकाशित किया गया था।",0,[],[]
11,एरिया 51 है।,0,[],[]
12,QoS के सबसेट के साथ डेटा प्रवाह की गारंटी है।,0,[],[]
13,"QoS (Quality of Service) बातचीत नेटवर्क नोड्स के बीच होती है, जब अनुप्रयोग सॉफ़्टवेयर नेटवर्क नोड्स में आरक्षित क्षमता के लिए सहमत होता है। यह बातचीत सत्र स्थापना प्रावस्था के दौरान होती है, जब नेटवर्क नोड्स में अनुसूचन प्राथमिकताएं निर्धारित की जाती हैं। QoS बातचीत के दौरान नेटवर्क नोड्स में निष्पादन के हासिल स्तर की देख-रेख की जाती है, जैसे डेटा दर और विलंब, तथा गतिशील रूप से नेटवर्क नोड्स में अनुसूचन प्राथमिकताएं निर्धारित की जाती हैं।",0,[],[]
15,मेरे पास आपके प्रश्न का उत्तर नहीं है।,0,[],[]
16,पैकेट को अग्रेषित किया जाता है जब कतार के साथ इंटरफेस से एक पैकेट को अग्रेषित किया जाना हो।,0,[],[]
18,"इंटरनेट यातायात को QoS अनुबंध सीमित करते हैं, जिसकी इंटरनेट को पेशकश की जा सकती है और इस तरह उसे अतिभारित बनने से रोकने के लिए, यातायात अनुरूपण लागू किया जा सकता है।",0,[],[]
19,"टीसीपी का अर्थ है ट्रान्सपोर्ट प्रोटोकॉल, जो इंटरनेट पर डेटा के प्रेषण के लिए उपयोग किया जाता है।",0,[],[]
20,मेरे पास आपके प्रश्न का उत्तर नहीं है।,0,[],[]
21,"प्राइमेट में संवेदनशील क्या है, इसका उत्तर नहीं है।",0,[],[]
22,कोशिका संवर्धन तकनीकें 1940 और 1950 के दशक में अत्यंत उन्नत थीं।,0,[],[]
24,प्राथमिक कोशिका (Primary cells) कहकर बुलाते हैं कोशिकाओं से सीधे संवर्धित कोशिकाओं को।,0,[],[]
25,मुगल वंश 1526 में स्थापित किया गया था।,0,[],[]
26,पेडिग्री का उपयोग करते थे।,0,[],[]
28,मेरे पास आपके प्रश्न का उत्तर नहीं है।,0,[],[]
29,मेरे पास आपके प्रश्न का उत्तर नहीं है।,0,[],[]
30,हेनरी अष्टम का नाम था जिसने कैथरीन ऑफ एरागॉन से शादी की थी।,0,[],[]
31,लॉर्ड मेयर बनने से पहले बोलिन रेशम और ऊन का व्यापारी था।,0,[],[]
32,हेनरी अष्टम की बेटी आर्कडचेज़ मार्गरेट ऑफ़ ऑस्ट्रिया सहित कई प्रशंसकों को आकर्षित किया।,0,[],[]
33,फ़्रांस के फ़्रांसिस प्रथम का समर्थन।,0,[],[]
35,मेरे पास आपके प्रश्न का उत्तर नहीं है।,0,[],[]
36,"एलिज़ाबेथ की माँ को ""पवित्र माँ"" के रूप में जाना जाता है।",0,[],[]
37,300,0,[],[]
38,"फिल्म में 300 स्पार्टा सिपाहियों को शामिल किया गया है, जिनके साथ हैरतअंगेज प्राणियों के साथ एक ऐतिहासिक मिथकीय गाथा बन गई है।",0,[],[]
39,रानी गोर्गो स्पार्टा की पत्नी थीं।,0,[],[]
40,मेरे पास आपके प्रश्न का उत्तर नहीं है।,0,[],[]
41,यह कोरिया गणराज्य का भू द्रव्यमान है।,0,[],[]
42,मेरे पास आपके प्रश्न का उत्तर नहीं है।,0,[],[]
43,मेरे पास आपके प्रश्न का उत्तर नहीं है।,0,[],[]
45,"किम्ची एक किण्वित और बहुधा मसालेदार सब्ज़ी है, जो सभी भोजों के दौरान परोसा जाता है और विख्यात कोरियाई व्यंजनों में से एक है।",0,[],[]
46,ताइक्वांडो का जन्म कोरिया में हुआ था।,0,[],[]
47,1988 में दक्षिण कोरिया ने ओलंपिक की मेजबानी की।,0,[],[]
48,मेरे पास आपके प्रश्न का उत्तर नहीं है।,0,[],[]
49,"सीओपीडी (क्रोनिक ऑब्स्ट्रक्टिव पुल्मनरी डिजीज) एक पेशेवर रूप से अस्पष्ट बीमारी है, क्योंकि इसके लक्षण लंबी अवधि के लिए बने रहते हैं और समय के साथ बिगड़ते जाते हैं, और इसके भिन्न प्रकार होने की संभावना है।",0,[],[]
50,क्रोनिक ब्रोंकाइटिस के कुछ मामलों में सीओपीडी के पूरी तरह से विकास होने से पहले जीर्ण ब्रोंकाइटिस पैदा हो सकता है।,0,[],[]
51,कफ को निगला जाना या थूकना सामाजिक तथा सांस्कृतिक कारकों पर निर्भर करता है।,0,[],[]
52,हिंदी में उत्तर: सीओपीडी से पीड़ित 80-95% प्रतिशत लोग अमेरिका और यूके में वर्तमान में धूम्रपान करते हैं या पहले करते थे।,0,[],[]
53,"चूंकि कार्यस्थल की धूलों, रासायनों तथा धूम्रों के दीर्घावधि अनावरण के कारण धूम्रपान करने व ना करने वाले, दोनो प्रकार के लोगों में सीओपीडी का जोखिम बढ़ जाता है, अतः 10-20% सीओपीडी मामले कार्यस्थल के अनावरण से आते हैं।",0,[],[]
54,हिंदी में उत्तर: कुछ देशों में पुरुषों और महिलाओं के बीच मृत्यु दर का बदलाव सीओपीडी से पीड़ित लोगों के बीच धूम्रपान की समान हो रही दर के कारण हुआ है। सीओपीडी अधिक उम्र वाले लोगों में अधिक आम है और महिलाओं और पुरुषों में धूम्रपान की समान हो रही दर के कारण मृत्यु दर का बदलाव हुआ है।,0,[],[]
55,अमेरिका में सीओपीडी का निदान हुआ है लगभग 15 मिलियन लोगों में से 6.3% अर्थात कुल 15 मिलियन लोगों में सीओपीडी का निदान हुआ है। यदि वर्तमान समय के गैर-निदानित लोगों को जोड़ लें तो 25 मिलियन लोगों को सीओपीडी का निदान हो सकता है।,0,[],[]
56,मेरे पास आपके प्रश्न का उत्तर है। पिट्यूटरी ग्रंथि में मानवीय वृद्धि हार्मोन (GH) पाया जाता है।,0,[],[]
57,हार्मोन-मुक्तिकारक का दूसरा नाम सोमेटोक्रिनिन है।,0,[],[]
58,बचपन में ग्रोथ हॉर्मोन के कारण ऊंचाई में वृद्धि होती है।,0,[],[]
59,कैल्शियम के धारण में वृद्धि हुई है।,0,[],[]
60,"तंत्रिका पर दबाव की स्थिति का उदाहरण एक्रोमिगेली है, जिसमें जबड़े का भारीपन और उंगलियों का बढ़ा हुआ आकार होता है।",0,[],[]
61,"हां, बाह्यजन्य जीएच (GH) से उपचार की केवल सीमित परिस्थितियों में ही सिफारिश की जाती है, और दुष्प्रभावों की घटनाओं और तीव्रता के कारण नियमित देखरेख आवश्यक होती है।",0,[],[]
63,जेनेन्टेक ने पहले एफडीए अनुमोदित rHGH का उत्पादन किया।,0,[],[]
64,हिंदी में उत्तर: आहार पूरक होने का दावा करने वाली वस्तुओं के विज्ञापन अभियान में आवश्यक होना है कि स्वास्थ्य विषयक दावे एफडीए द्वारा अनुमोदित हों।,0,[],[]
65,जॉन वेल्च जूनियर 1981 से 2001 के बीच जनरल इलेक्ट्रिक के सीईओ थे।,0,[],[]
66,"सेंट पीटर्सबर्ग, रूस",0,[],[]
69,साहित्य को देश की विचारधारा का एक हिस्सा माना जाता है।,0,[],[]
70,मेरे पास आपके प्रश्न का उत्तर नहीं है।,0,[],[]
71,मेरे पास आपके प्रश्न का उत्तर नहीं है।,0,[],[]
74,शहर में आठ क्वार्टर हैं जो मैंगर चौक के आस-पास के क्षेत्र का निर्माण करते हैं।,0,[],[]
75,बेथलहम को भूमध्यसागरीय जलवायु वाला माना जाता है।,0,[],[]
76,उत्तर: 287,0,[],[]
77,अंगूर मुख्य तौर पर अल-खादेर (al-Khader) क्षेत्र से उगाए जाते हैं।,0,[],[]
78,थिएटर में बीस मिनट का एक एनीमेटेड शो प्रस्तुत किया जाता है।,0,[],[]
80,मेरे पास आपके प्रश्न का उत्तर नहीं है।,0,[],[]
81,मेरे पास आपके प्रश्न का उत्तर नहीं है।,0,[],[]
83,इसराइल में अधिकतर प्रवेश और निकास द्वार इसराइली सुरक्षा निर्देशों के अनुसार बदलता रहता है।,0,[],[]
84,"यूरोप में फ़ाइनल असेंबली हैम्बर्ग (जर्मनी), सेविल (स्पेन), ट्युलाउज़ (फ़्रांस) और तियान्जिन (चीन) में होता है।",0,[],[]
85,चार इंजन हैं।,0,[],[]
86,एयरबस ने A300 का निर्माण किया था।,0,[],[]
87,मेरे पास आपके प्रश्न का उत्तर नहीं है।,0,[],[]
88,हैम्बर्ग में पुनर्स्थापित किया जाएगा।,0,[],[]
89,"नाटो के सदस्य देशों में बेल्जियम, फ़्रांस, जर्मनी, लक्ज़ेम्बर्ग, स्पेन, तुर्की और यूके शामिल हैं।",0,[],[]
90,प्रारंभिक सहायता (Pre-financing),0,[],[]
91,"एयरबस को ""प्रारंभिक सहायता"" और अन्य प्रकार की सरकारी सहायता दिये जाने का बोइंग ने लगातार विरोध किया है। एयरबस का तर्क है कि बोइंग को सैन्य और अनुसंधान अनुबंधों एवं कर-चोरी के द्वारा अवैध अनुदान प्राप्त होता है।",0,[],[]
93,ट्युलाउज़ असेम्बली संयंत्र तक विशेष रूप से चौड़ी की गई एक सड़क द्वारा लाए जाते हैं।,0,[],[]
94,मेरे पास आपके प्रश्न का उत्तर नहीं है।,0,[],[]
95,हिंदी में उत्तर: एयरबस के A380 के एक संस्करण के पास कार्य भाग मूल्य के संदर्भ में अमरीकी सामग्री का 51% भाग है।,0,[],[]
96,"उत्सर्जन अभी भी मौजूद हैं क्योंकि सिस्टोसोमियासिस से प्रभावित लोगों के मूत्र में रक्त का स्तर अभी भी है, और मलेरिया के बाद दूसरे नंबर का रोग होने के कारण आर्थिक प्रभाव अभी भी है। इसके अलावा, एयरबस की उड़ान में केरोसीन और गैस-से-द्रव (GTL) ईंधन का उपयोग अभी भी है, जिसके कारण कार्बन के उत्सर्जन में कमी नहीं की गई है।",0,[],[]
97,हेनरी अलेक्जैंडर मरे का जन्म 13 मई 1893 को हुआ था।,0,[],[]
98,काबुलीवालार बंगाली बौ (एक काबुलीवाला की बंगाली पत्नी),0,[],[]
99,मेरे पास आपके प्रश्न का उत्तर नहीं है।,0,[],[]
100,फीफा के चार प्रतिनिधि बोर्ड में शामिल हैं।,0,[],[]
101,इंग्लैंड के पहले फुटबॉल लीग में 12 क्लब थे।,0,[],[]
102,"IFAB का तात्पर्य है अंतरराष्ट्रीय फुटबॉल एसोसिएशन बोर्ड, जिसका गठन 1886 में मेनचेस्टर फुटबॉल असोसिएशन, स्कॉटिश फुटबॉल असोसिएशन, वेल्स फुटबॉल असोसिएशन और आयरिश फुटबॉल असोसिएशन के आपसी बैठक के बाद हुआ था।",0,[],[]
103,"एक टीम में अधिकतम ग्यारह खिलाड़ी होते हैं, लेकिन एक गोलकीपर के साथ सात खिलाड़ी की आवश्यकता होती है।",0,[],[]
104,"फुटबॉल के खेल के दौरान, दो सहायक रेफरी (assistant referee) लीड रेफरी की मदद करते हैं।",0,[],[]
107,मेरे पास आपके प्रश्न का उत्तर नहीं है।,0,[],[]
108,"जब एक खिलाड़ी को लाल कार्ड मिलता है, तो उसका मतलब है कि वह मैदान से बाहर निकाल दिया जाता है और उसके स्थान में कोई दूसरा खिलाड़ी नहीं आ सकता है।",0,[],[]
109,लैटिन अमेरिका के कुछ चुनिंदा फुटबॉल लीगों में कार्यान्वित दो चैंपियनशिपें हैं - अपेर्तुरा (Apertura) और क्लौसुरा (Clausura)।,0,[],[]
110,सिल्वर नाइट्रेट का मेकअप सिल्वर (चांदी) और नाइट्रेट (नाइट्रिक अम्ल का एसिड) का मिश्रण है।,0,[],[]
111,मेरे पास आपके प्रश्न का उत्तर है। साइटोटॉक्सिक रासायनिक हथियारों के दो उदाहरण मस्टर्ड गैस और फोसजीन ओक्सिम हैं।,0,[],[]
112,बरमूडा ट्राएंगल से होकर गुजरने वाला परिवहन का साधन जहाज है।,0,[],[]
113,मेरे पास आपके प्रश्न का उत्तर नहीं है।,0,[],[]
114,मिट्टी का ज्वालामुखी (mud volcano),0,[],[]
116,"सेन जूआन, पुएर्टो रीको से मियामी के लिए एक उड़ान के दौरान गायब हो गया।",0,[],[]
118,"ISO का मतलब है ""अन्तराष्ट्रीय मानकीकरण संगठन"" (International Organization for Standardization)।",0,[],[]
119,"ISO (International Organization for Standardization) हिंदी में संक्षेप में ""अंतरराष्ट्रीय मानकीकरण संगठन"" के रूप में अनुवादित किया जा सकता है।",0,[],[]
121,डांटे के शुद्धिकरण में ईर्ष्या के लिए सजा उनकी आंखो की तार से सिलाई कर बंद कर देना है।,0,[],[]
122,"चिकित्सा-विज्ञान की जानकारी के अनुसार, क्लोरीन के एक मोल में 58.44 ग्राम सोडियम क्लोराइड होता है।",0,[],[]
123,मेरे पास आपके प्रश्न का उत्तर नहीं है।,0,[],[]
124,"दान को प्रभावित करने वाले कारकों में स्वास्थ्य, चिकित्सा इतिहास, रक्त-आधान के जरिये संक्रमित होने का खतरा, दाता के स्वास्थ्य पर दान से कोई क्षतिकारक प्रभाव नहीं पड़ने की सुनिश्चितता और दाता के दान की संख्या शामिल हैं।",0,[],[]
125,एलोजेनिक का पर्यायवाची होमोलॉगस है।,0,[],[]
126,"एक रक्तदान सत्र कभी-कभी रक्त बैंक में हो सकता है, लेकिन अक्सर ये लोग इसका आयोजन किसी सामुदायिक स्थान जैसे शौपिंग सेंटर, कार्यस्थल, विद्यालय या पूजा स्थल में करते हैं।",0,[],[]
127,संयुक्त राज्य अमेरिका में दानदाताओं के नाम रखे जाते हैं ताकि अयोग्य दाताओं की सूचियां बनाने के लिए।,0,[],[]
128,रक्तदाताओं की जाँच रक्तदान से पहले की जाती है क्योंकि हो सकता है प्रापक के लिए वह दान असुरक्षित हो।,0,[],[]
129,स्क्रीनिंग (Screening) का मतलब है कि किसी व्यक्ति के स्वास्थ्य की जांच की जाती है ताकि किसी बीमारी का संक्रमण या जोखिम का पता लगाया जा सके। इसे रक्त दान के लिए दाताओं की जांच के लिए भी उपयोग किया जाता है ताकि प्रापक के लिए रक्त असुरक्षित न हो।,0,[],[]
130,1990 में बैक्टीरिया का वर्गीकरण बदल गया।,0,[],[]
131,"पामीर-अलाय पर्वत प्रणाली का सर्वोच्च शिखर 'पिक तन्दिकूल' (पिक टंडीकुल) है, जिसकी ऊंचाई ५,५४४ मीटर है।",0,[],[]
132,पानी (H2O) प्रकाश संश्लेषण और श्वसन के लिए मौलिक है।,0,[],[]
133,"जल चक्र के लिए वैज्ञानिक शब्द ""हाइड्रोलॉजिकल साइक्ल"" (Hydrological Cycle) का प्रयोग किया जाता है।",0,[],[]
134,वाष्पित पानी का स्रोत महासागरों और अन्य जल निकायों से हवा में वाष्पीकरण है।,0,[],[]
135,"भारी शृंखलाएं γ, α और δ का स्थिर क्षेत्र तीन अग्रानुक्रमों (एक रेखा में) आईजी/Ig प्रभाव क्षेत्र से बना होता है।",0,[],[]
136,एक भारी श्रृंखला का अस्थिर क्षेत्र 110 अमीनो अम्ल जितना लंबा होता है.,0,[],[]
137,चोंड्रिकथायिस (Chondrichthyes),0,[],[]
138,प्रतिपिंड (एंटीबॉडी) के फैब (Fab) क्षेत्र एक स्थिर तथा एक अस्थिर क्षेत्र से बना होता है।,0,[],[]
139,बैक्टीरियोलाइसिस का मतलब है जीवाणुओं का नाश या मारा। प्रतिपिंड (एंटीबॉडी) और उत्प्रेरक अणुओं के माध्यम से जीवाणुओं को फैगोसाइट (phagocytes) द्वारा खाने के लिए चिन्हित किया जाता है या सीधे मारा जाता है।,0,[],[]
140,उत्तर: उत्प्रेरक प्रणाली के सक्रियण की शुरुआत करते हैं।,0,[],[]
141,मेरे पास आपके प्रश्न का उत्तर नहीं है।,0,[],[]
142,वातज गठिया का उपचार लक्षित मोनोक्लोनल प्रतिपिंड (एंटीबॉडी) चिकित्सा द्वारा किया जाता है।,0,[],[]
143,"Rh एंटीजन लाल रक्त कोशिकाओं में पाया जाने वाला प्रतिजन (एंटीजन) है जो व्यक्ति रीसस पोज़िटिव (Rh+) होते हैं उनकी लाल रक्त कोशिकाओं में होता है और जो व्यक्ति रीसस नेगेटिव (Rh–) होते हैं, उनमें नहीं होता.",0,[],[]
144,जब स्कोडा की स्थापना की तो व्हाक्लाव क्लीमेंट की उम्र 26 वर्ष थी।,0,[],[]
145,रॉबर्ट बॉश जर्मन इग्निशन विशेषज्ञ थे।,0,[],[]
146,"स्कोडा में रियर इंजन मॉडल है, जैसे स्कोडा 105/120, एस्टेले और रैपिड।",0,[],[]
147,मेरे पास आपके प्रश्न का उत्तर नहीं है।,0,[],[]
149,"ऑक्टेविया और फ़ेबिया मॉडल सामान्य वोक्सवैगन समूह के फ़्लोरपैनों पर निर्मित हैं, जिसमें ऑक्टेविया गोल्फ़ Mk5 फ़्लोरपैन पर आधारित है और फ़ेबिया A0 फ़्लोरपैन पर आधारित है।",0,[],[]
150,"फिल्मफेयर पुरस्कारों को ""फिल्मफेयर पुरस्कार"" के नाम से बुलाया जाता है, न कि किसी जातीयता के नाम से।",0,[],[]
151,"किताब में एक युवा लड़की का हास्यपूर्ण चित्रण है, जो अजान (बांग) पुकारने का सपना देखती है। नाटक में लड़की अपने समुदाय की महिलाओं के दमन एवं उत्पीड़न पर सवाल उठाती है और सामुदायिक मानदण्डो के खिलाफ विद्रोह करती है।",0,[],[]
152,मुस्लिम लड़की की दो मुख्य इच्छाएँ थीं - पहली उसकी इच्छा थी कि वह मुअज्जिन (कहानी का पाठक) बने और अजान (प्रार्थना का पुकार) बोले। दूसरी इच्छा थी कि वह नाटक में भाग ले और अज़ान पुकारने की इजाजत मांगे।,0,[],[]
153,पिता के अनुसार महिलाओं को पुरुषों के मुकाबले हर चीज का आधा हिस्सा ही मिलना चाहिए।,0,[],[]
158,"नामा नामक समूह दक्षिण अफ़्रीका, नामीबिया और बोत्स्वाना में स्थित है।",0,[],[]
159,टम्बलर 2 फरवरी 2007 को लॉन्च किया गया था।,0,[],[]
161,"जब उसके माता-पिता अलग हुए, तब वह 17 वर्ष के थे।",0,[],[]
162,मेरे पास आपके प्रश्न का उत्तर नहीं है।,0,[],[]
163,सक्रिय तपेदिक का निदान शुरू में रेडियोलोजी (आम तौर पर छाती का एक्स-रे) के साथ-साथ माइक्रोस्कोपिक जांच तथा शरीर के तरलों की माइक्रोबायोलॉजिकल कल्चर पर निर्भर करता है।,0,[],[]
164,"तपेदिक संक्रमण फेफड़ों (90% मामलों में) को प्रभावित करता है और लक्षणों में सीने में दर्द, लंबी अवधि तक खांसी और बलगम होना शामिल हो सकते हैं। इसके अलावा, कुछ लोगों को किसी भी तरह के लक्षण नहीं हो सकते हैं (अलाक्षणिक) और कभी-कभी, लोगों की खांसी के साथ थोड़ी मात्रा में रक्त आ सकता है।",0,[],[]
165,"तपेदिक संक्रमण रासमुस्सेन एन्युरिस्म का कारण हो सकता है, जिसमें फुफ्फुसीय धमनी में रक्तस्राव होता है।",0,[],[]
166,"टीबी के अधिक गंभीर प्रकार का वैकल्पिक नाम ""फैला हुआ"" टीबी या मिलियरी तपेदिक है।",0,[],[]
167,क्षयरोग का जोखिम एचआईवी संक्रमण से बढ़ जाता है। दुनिया भर में टीबी के सभी मामलों के 13% लोग एचआईवी से संक्रमित हैं।,0,[],[]
169,"एम.सजुल्गाई, एम.",0,[],[]
169,मारिनम और एम.,0,[],[]
169,कानसासी मायकोबैक्टीरिया टीकाकरण से प्रभावित होते हैं।,0,[],[]
170,मेरे पास आपके प्रश्न का उत्तर नहीं है।,0,[],[]
171,तपेदिक की रोकथाम और नियंत्रण मुख्य रूप से नवजात शिशुओं के टीकाकरण और सक्रिय मामलों के उपयुक्त उपचार पर निर्भर है। विश्व स्वास्थ्य संगठन के संशोधित उपचार पथ्य के माध्यम से कुछ सफलता हासिल हुई है और मामलों की संख्या में थोड़ी सी कमी आयी है।,0,[],[]
173,"टीबी संक्रमण के बाद अगला चरण प्रगति है, जब बेसिली प्रतिरक्षा प्रणाली की सुरक्षा पर काबू पा लेता है और संख्या बढ़ाना शुरु कर देता है।",0,[],[]
174,उत्तर: 90-95% स्पर्शोन्मुख रहते हैं।,0,[],[]
175,किशोरों और युवा वयस्कों को प्रभावित करता है।,0,[],[]
176,एम.तपेदिक (एम.टीबी) का पता चला था।,0,[],[]
177,"टीकाकरण की भूमिका होती है टीबी के उपचार में एक महत्वपूर्ण भूमिका निभाने की आशा की जा रही है। टीके के विकास हेतु शोधकर्ताओं और नीति निर्माताओं द्वारा प्रयास किये जा रहे हैं, जिसमें पुरस्कार, कर प्रोत्साहन और अग्रिम बाजार प्रतिबद्धताएं शामिल हैं।",0,[],[]
178,न्यूज़ीलैंड का प्रयास अपेक्षाकृत सफल रहा है माइकोबैक्टीरियम बोविस द्वारा होने वाले वोबाइन तपेदिक को समाप्त करने का प्रयास।,0,[],[]
179,बिल गेट्स ने सुविधाजनक प्रयोग और प्लग एंड प्ले (PnP) के लिए वर्धित समर्थन पर प्रकाश डाला था।,0,[],[]
180,माइक्रोसॉफ्ट के सीईओ बिल गेट्स के लिए प्रशंसा प्रदान कर रहे थे।,0,[],[]
181,मेरे पास आपके प्रश्न का उत्तर नहीं है।,0,[],[]
182,मेरे पास आपके प्रश्न का उत्तर नहीं है।,0,[],[]
183,"नुकसान की घोषणा करने के लिए कोई कौन सा मंच इस्तेमाल कर सकता है, वह है: फेसबुक, ट्विटर, मौखिक ऐलान, आदि।",0,[],[]
184,"परिवर्तन सॉफ्टवेयर विकास परियोजनाओं में प्राकृतिक और वांछनीय होते हैं, जैसा कि सिद्धांत के अनुसार कहा गया है।",0,[],[]
185,"कोड की परिभाषा है कि कोड-ऐसे सॉफ्टवेयर निर्देश, जिन्हें कम्प्यूटर समझ सकता हो, सिस्टम विकास प्रक्रिया का एकमात्र वास्तविक रूप से महत्वपूर्ण उत्पाद है।",0,[],[]
188,मेरे पास आपके प्रश्न का उत्तर नहीं है। XP सिद्धांत का निर्माण एक सिस्टम विकास परियोजना में निर्णयों को प्रोत्साहित करने के लिए किया गया था।,0,[],[]
189,वीएडी (VAD) के कारण एक वर्ष में 1-2 मिलियन मौतें होती हैं।,0,[],[]
190,"मेरे पास आपके प्रश्न का उत्तर नहीं है। सुनहरे चावल के मानवीय उपयोग के लिए कोई शुल्क नहीं है और किसानों को बीज रखने और दुबारा रोपने की अनुमति है, लेकिन वाणिज्यिक उपयोग के लिए सिंजेन्टा को कोई रॉयल्टी नहीं देनी पड़ती है जब तक किसान या सुनहले चावल जेनेटिक्स का अनुवर्ती प्रयोक्ता प्रति वर्ष $10 000 से ज्यादा नहीं कमा लेता है।",0,[],[]
193,"रीड कॉलेज पोर्टलैंड, ऑरेगोन में स्थित है।",0,[],[]
194,मेरे पास आपके प्रश्न का उत्तर नहीं है।,0,[],[]
195,1977 में मान्यता दी गई थी।,0,[],[]
196,फुटबॉल मैच के लिए जुवेंटस स्टेडियम में हुए वाहन का उल्लेख है।,0,[],[]
197,मेरे पास आपके प्रश्न का उत्तर नहीं है।,0,[],[]
198,मेरे पास आपके प्रश्न का उत्तर नहीं है।,0,[],[]
199,प्राकृतिक वरण की गलत अवधारणा स्वस्थतम की उत्तरजीविता में है।,0,[],[]
201,अणुओं के आकार या आकृति का वर्णन किया जाता है न्युक्लियोटाइडों की शृंखला के रूप में संग्रहित होती है।,0,[],[]
202,पिस्सू (पंखहीन परजीवी) बिच्छू मक्खी (अंग्रेज़ी: scorpionfly) कहलाए जाने वाले एक पंखों वाले जीव के वंशज हैं।,0,[],[]
203,मेरे पास आपके प्रश्न का उत्तर नहीं है।,0,[],[]
204,डेटा अच्छा नहीं होता है जब स्मृति में डेटा एक एफसी सैन कनेक्शन के दूसरे छोर पर डिस्क कताई पर अच्छा-डेटा नहीं है।,0,[],[]
205,उत्तर: लगभग 10 प्रतिशत से बढ़ रहा था।,0,[],[]
206,मेरे पास आपके प्रश्न का उत्तर नहीं है।,0,[],[]
207,मेरे पास आपके प्रश्न का उत्तर नहीं है।,0,[],[]
208,बिग डेटा विश्लेषण ने बराक ओबामा की 2012 फिर से चुनाव अभियान में मदद की।,0,[],[]
210,निकोला टेस्ला की बहनों के नाम एंजिनिया और मिल्का थे।,0,[],[]
211,टेस्ला को केंद्रीय टेलीग्राफ कार्यालय में ड्राफ्ट्समैन के रूप में काम करने का पद दिया गया था।,0,[],[]
212,"टेस्ला की मृत्यु 7 जनवरी, 1943 को अपने कमरे में हुई थी।",0,[],[]
213,मेरे पास आपके प्रश्न का उत्तर नहीं है।,0,[],[]
214,उत्तर: द्वितीय विश्व युद्ध के दौरान मलाया पर जापानी कब्जे के दौरान स्कूलों के बंद होने के कारण।,0,[],[]
215,सीती हस्मा मोहम्मद अली के तीन बच्चे थे।,0,[],[]
216,अब्दुल रज़ाक हुसेन ने अब्दुल रहमान की जगह ली थी।,0,[],[]
217,"महाथिर का नया खिताब ""ग्रैंड कमांडर ऑफ द डिफेंडर ऑफ़ द रियलिम"" था।",0,[],[]
218,पाकतन हरपन में शामिल हो गये।,0,[],[]
219,फिलीपींस द्वीप-समूह है।,0,[],[]
220,फिलीपीन मीडिया आमतौर पर फ़िलिपीनो और इंग्लिश भाषाओं का उपयोग करती है।,0,[],[]
221,"मेट्रो मनीला एवं अन्य शहरी क्षेत्रों में फ़िलिपीनो टागालोग भाषा का प्रचलित रूप है, जिसके कारण फिलिपिनो को अधिकतर मेट्रो मनीला एवं अन्य शहरी क्षेत्रों में सुना जा सकता है।",0,[],[]
222,"भाप आसवन का उपयोग क्वीन मैरी 2 में मीठे पानी की आपूर्ति के लिए तीन संयत्रों में किया जाता है, जो समुद्री जल का अलवणीकरण करते हैं।",0,[],[]
223,"तुर्की सशस्त्र सेनाओं (TAF) के सैना और नौसेना के आदेश के अधीन हैं, जिनका राष्ट्रपति सेना का समग्र सिर है।",0,[],[]
224,कोस्ट गार्ड।,0,[],[]
225,मेरे पास आपके प्रश्न का उत्तर नहीं है।,0,[],[]
226,"मेरे पास आपके प्रश्न का उत्तर है। सी श्रृंखला की परिभाषा आईएसओ 269 में परिभाषित की गई है, जिसके अनुसार सी श्रृंखला की शीटों का क्षेत्रफल उसी संख्या की A और B श्रृंखला के शीटों के क्षेत्रफलों का ज्यामितीय मध्यमान है।",0,[],[]
227,हाइड्रोजन इंधन को।,0,[],[]
228,नैण्ड गेट को कार्यात्मक पूर्णता कहा जाता है।,0,[],[]
229,अल्कोहल से उपचार किए गए लोगों में से लगभग 2.2–3.4% वे लोग हैं जिन्होने अपने जीवन में आत्महत्या से मृत्यु प्राप्त करने का प्रयास किया है।,0,[],[]
230,आमतौर पर शराब से संबंधित आत्महत्या का संबंध पुरुष से होता है।,0,[],[]
231,हिंदी में उत्तर: नशीली दवाओं के प्रयोक्ताओं को इस अवस्था की वापसी का सबसे अधिक जोखिम हेरोइन का उपयोग करने वालों में होता है। हेरोइन का उपयोग करने वालों में मृत्यु का 3 से लेकर 35% तक आत्महत्या के कारण मरे थे (यह उनकी संख्या का 14 गुना है जो इनका उपयोग नहीं करते हैं)।,0,[],[]
232,जुएं की लत का सम्बन्ध सामान्य जनसंख्या की अपेक्षा बढ़े हुए आत्महत्या के विचार तथा प्रयासों के साथ है। 12 से 24% लती जुआरी आत्महत्या का प्रयास करते हैं।,0,[],[]
233,लती जुआरी आत्महत्या का प्रयास करते हैं और उनकी पत्नियों के बीच आत्महत्या की दर सामान्य जनसंख्या की अपेक्षा तीन गुना अधिक होती है।,0,[],[]
234,अवसादग्रस्तता और शराब के अत्यधिक सेवन को समायोजित कर दिया गया है।,0,[],[]
235,"अवसाद के लक्षणों में निराशा, जीवन में आनंद की कमी, अवसाद तथा व्यग्रता शामिल हैं। समस्याओं को हल करने की क्षमता की कमी, भूत-काल की क्षमताओं में कमी तथा आवेग पर नियंत्रण में कमी भी इसमें भूमिका निभाते हैं।",0,[],[]
236,"आत्महत्या के कई कारण हो सकते हैं, लेकिन सूची में उपलब्ध पाठ्य सामग्री के आधार पर, मैंने पाया कि कुछ लोग धमकी अथवा पक्षपात से बचने के लिये आत्महत्या कर लेते हैं, बचपन में हुआ यौन शोषण तथा पालक घर में व्यतीत समय भी जोखिम के कारक हैं। यौन शोषण को कुल जोखिम के 20% को योगदान का कारक माना जाता है।",0,[],[]
237,"ग्रामीण इलाकों में आत्महत्या इतनी आम है क्योंकि वहां वित्तीय परेशानियों का सामना करना पड़ता है। चीन के ग्रामीण क्षेत्रों में आत्महत्या की आशंका शहरी क्षेत्रों के मुकाबले तीन गुना होती है, जिसका आंशिक कारण देश के इन क्षेत्रों में होने वाली वित्तीय परेशानियों को माना जाता है।",0,[],[]
238,गरीबी के साथ-साथ आत्महत्या के जोखिम से जुड़ी हुई है।,0,[],[]
240,"मानसिक स्वास्थ्य समस्याओं वाले लोगों में उपचार के कई प्रकार आत्महत्या के जोखिम को कम कर सकते हैं। इनमें से कुछ प्रकार हैं: मानसिक देखभाल में भर्ती किया जा सकता है, आत्महत्या रोकथाम अनुबंध पर हस्ताक्षर कराते हैं, और वाह्य-रोगी मानसिक स्वास्थ्य उपचार का प्रबंध किया जा सकता है।",0,[],[]
241,लीथियम अवसाद-रोधी दवा है जिसका उपयोग द्विध्रुवीय विकार और एकध्रुवीय अवसाद के इलाज में किया जाता है। इसका उपयोग बुजुर्गों में आत्महत्या की प्रवृत्ति को कम करने में भी प्रभावी दिखता है।,0,[],[]
242,चीन में आत्महत्या दर अधिक है।,0,[],[]
243,"पुरुष, महिलाओं की तुलना में तीन से चार गुना तक अधिक मरते हैं।",0,[],[]
244,"चीन में पुरुषों और महिलाओं के बीच आत्महत्या की दर 0.9 है, जिसका अर्थ है कि महिलाओं की आत्महत्या की दर पुरुषों से अधिक है।",0,[],[]
245,दक्षिण पूर्व एशिया में बुजुर्ग महिलाओं की तुलना में युवा महिलाओं की आत्महत्या की दर अधिक है।,0,[],[]
246,उस व्यक्ति को शहर से बाहर अकेले दफन किया जाता था।,0,[],[]
247,आत्महत्या को अंततः गैरकानूनी घोषित किया गया क्योंकि इसकी आर्थिक लागत के कारण राज्य के विरुद्ध अपराध माना जाने लगा।,0,[],[]
249,प्रायोपवेशन (Prayaopavesa) हिंदू धर्म में उन लोगों के लिए प्रतिबंधित था जिनके जीवन में अब कोई इच्छा या महत्वकांक्षा नहीं रह गई है।,0,[],[]
250,"हिंदी में उत्तर: ईसाई दार्शनिकों के विपरीत, कुछ लोग आत्महत्या को निजी चुनाव का न्यायसंगत मामला मानते हैं। वे इस बात पर कायम रहते हैं कि किसी को भी उसकी इच्छा के विरुद्ध सहन करने के लिए बाध्य नहीं किया जाना चाहिए, विशेष रूप से लाइलाज रोगों, मानसिक रोगों और अधिक उम्र जैसी परिस्थितियों में, जिनमें कि सुधार की कोई संभावना नहीं है।",0,[],[]
251,पी एफिड कीड़ा चिपचिपा द्रव छोड़कर दुश्मनों पर हावी हो सकता है।,0,[],[]
252,"वायरल संक्रमण के कुछ लक्षण हैं: बुखार, थकान, सिरदर्द, मांसपेशियों में दर्द, उल्टी, दस्त, पेट में ऐंठन, और निर्जलीकरण।",0,[],[]
253,हीरीरो भाषी अल्पसंख्यकों में संक्रमण का जोखिम अधिक होता है क्योंकि प्रतिरक्षा की कमी और अपेक्षाकृत खराब स्वच्छता के कारण।,0,[],[]
254,मेरे पास आपके प्रश्न का उत्तर नहीं है।,0,[],[]
255,"एसिड कम करने वाली दवाएं कई अन्य संक्रमणों की संभावना को बढ़ा सकती हैं, क्योंकि वे एसिड के दमन को रोकते हैं, जिससे जीवाणुओं के प्रसार को बढ़ावा मिलता है। इन दवाओं का उपयोग करने वाले लोगों में क्लोस्ट्रीडियम डिफिसाइल, सेल्मोनेला और कंपाइलोबैक्टर प्रजातियों के संक्रमण का खतरा बढ़ाता है।",0,[],[]
256,"एंटीबायोटिक स्टैफलोकॉकस ऑरीस संक्रामक दस्त की रोकथाम नहीं कर सकता। स्टैफलोकॉकस ऑरीस संक्रामक दस्त का कारण एंटीबायोटिक दवाओं का इस्तेमाल है, इसलिए एंटीबायोटिक इसकी रोकथाम नहीं कर सकते।",0,[],[]
257,"जब खाने में जीवाणु लगने के बाद, तो बैक्टीरिया भोजन के साथ शरीर में प्रवेश करते हैं और वहां पर संक्रमण का कारण बन जाते हैं। यदि इन बैक्टीरिया का उपभोग करने वाले के शरीर में संक्रमण हो जाता है, तो वह संक्रमण का कारण बन जाता है और शरीर के विभिन्न हिस्सों में संक्रमण फैला सकता है।",0,[],[]
258,"बच्चों में सबसे आम बैक्टीरिया जो बीमारियों का कारण बनता है, वह एस्केरेशिया कॉलि, साल्मोनेला, शिगेला और कंपाइलोबैक्टर प्रजातियाँ हैं।",0,[],[]
259,"विकासशील देशों में गैस्ट्रोएंटेराइटिस से पीड़ित लोगों के लिए सबसे आम कारण हैजा है, जो दूषित पानी या भोजन के द्वारा फैलता है।",0,[],[]
260,"रोग के बाद क्या उत्पन्न हो सकता है, इसका उत्तर नहीं है।",0,[],[]
261,"अत्यधिक गंभीर मामलों में, पुनर्जलीकरण का तरीका नसों के माध्यम से देना है।",0,[],[]
262,किण्वित दूध उत्पाद (जैसे दही) समान रूप से फायदेमंद होते हैं।,0,[],[]
263,"ब्रैट आहार में केले, चावल, सेब का सॉस, टोस्ट और चाय शामिल होते हैं, लेकिन इसकी सिफारिश नहीं की जाती है क्योंकि इसमें अपर्याप्त पोषक तत्व होते हैं और ये सामान्य भोजन से बेहतर नहीं होते हैं।",0,[],[]
264,"एंटीबायोटिक दवाओं के उपयोग का परिणाम स्यूडोमेम्ब्रेनस बृहदांत्रशोथ हो सकता है, जो कि आमतौर पर एंटीबायोटिक के प्रयोग की वजह से होता है।",0,[],[]
266,एक बिलियन अमरीकी डालर का अनुमानित व्यय होता है।,0,[],[]
267,आयशा टाकिया का जन्म १० जनवरी १९८६ को हुआ था।,0,[],[]
268,"मेरे पास आपके प्रश्न का उत्तर नहीं है। हेपेटाइटिस बी वायरस का संचरण संक्रमित रक्त या शरीर के रक्त युक्त तरल पदार्थ के संपर्क में आने के परिणामस्वरूप होता है, लेकिन एचआईवी के संचरण के बारे में कोई जानकारी नहीं है।",0,[],[]
269,हेपेटाइटिस बी वायरस (Hepatitis B virus) एक ऐसा गैर-रेट्रोवायरस वायरस है जो अभी भी अपनी प्रतिकृति प्रक्रिया में रिवर्स ट्रांसक्रिप्शन का उपयोग करता है।,0,[],[]
271,एशिया में प्रसार का रेंज 10% से अधिक है।,0,[],[]
272,चेचक का प्रकोप 1883 में ब्रेमेन में घटित हुआ था।,0,[],[]
273,"हेपेटाइटिस बी वायरस के कारण हुई एक महामारी का सबसे पहला रिकार्ड 1885 में लुरमैन के द्वारा दर्ज किया गया था। चечक का प्रकोप 1883 में ब्रेमेन में घटित हुआ था और अन्य लोगों के लिम्फ के साथ 1289 शिपयार्ड कर्मचारियों को टीका लगाया गया था। कई हफ्तों के बाद और आठ महीने बाद तक, टिका लगाए गए 191 श्रमिक पीलिया से ग्रसित हो गए और हेपाटाइटिस सीरम से ग्रस्त रोगी के रूप में उनका इलाज किया गया था।",0,[],[]
274,लुरमैन का शोधपत्र हेपेटाइटिस बी वायरस की महामारी के अध्ययन पर था।,0,[],[]
275,"1883 में चेचक का प्रकोप ब्रेमेन में घटित हुआ और अन्य लोगों के लिम्फ के साथ 1289 शिपयार्ड कर्मचारियों को टीका लगाया गया। इसके अलावा, 1909 में सीरिंज की सुईयों का परिचय भी प्राप्त हुआ, जो उपयोग में लाई जाती थीं और अधिक महत्वपूर्ण रूप में सिफिलिस के इलाज के लिए सालवर्सन को व्यवस्थित करने हेतु दुबारा उपयोग में लाई जाती थीं।",0,[],[]
276,13 मुख्य द्वीप माने जाते हैं।,0,[],[]
277,प्री-कोलम्बियन काल के दौरान दक्षिण अमेरिका के मूल निवासी ने द्वीपसमूह का दौरा किया था।,0,[],[]
279,इक्वाडोर ने 12 फ़रवरी 1832 में गैलापागोस द्वीप समूह पर कब्जा कर लिया था।,0,[],[]
280,"हिंदी में उत्तर: पांच द्वीप जिन पर लोग बसे हुए हैं, हैं: बाल्ट्रा, फ्लोरियाना, ईसाबेला, सैन क्रिस्टोबाल और सांताक्रूज।",0,[],[]
281,होटल अब्राज कुदाई में 70 रेस्त्रां होंगे।,0,[],[]
282,जापानी रक्षा मंत्रालय मित्सुबिशी एक्स-2 शीनशीन (Mitsubishi X-2 Shinshin) नामक उन्नत गुप्तता लड़ाकू विमान का विकास कर रहा है।,0,[],[]
285,मित्सुबिशी एक्स-2 शीनशीन (Mitsubishi X-2 Shinshin) विमान का नाम है।,0,[],[]
286,"IPv6 के लिए अपडेट OSPF Ver.3 हैं, जो RFC5340(2008) में दिए गए हैं।",0,[],[]
287,एरिया बॉर्डर रूटर (ABR),0,[],[]
288,OSPF प्रोटोकॉल नंबर 89 का उपयोग करता है।,0,[],[]
290,राउटर OSPF प्रोटोकॉल का उपयोग करता है।,0,[],[]
291,सिस्को मेट्रिक के अनुसार 100Mbit/s लिंक का खर्च 1 होगा।,0,[],[]
292,मेरे पास आपके प्रश्न का उत्तर नहीं है।,0,[],[]
293,मेरे पास आपके प्रश्न का उत्तर नहीं है।,0,[],[]
294,यह आसन्न रूप बनाता है सरसों के तेल और सन (अलसी) तेल के साथ।,0,[],[]
296,"जब बेल १६ वर्ष का था, तो वह एडिनबर्ग विश्वविद्यालय में भाग लिया था।",0,[],[]
297,"उत्तर: 650 कि॰मी॰ (2,130,000 फीट)",0,[],[]
298,550 से 700 मि॰मी॰ (21.7 से 27.6 इंच),0,[],[]
299,"बेलारूस रूस पर निर्भर है, जिसमें पेट्रोलियम भी शामिल है।",0,[],[]
300,2007 में बेलारुस की प्रजनन दर १.२२ थी।,0,[],[]
301,वर्ष २०१६ में बेलारूस की कुल जनसंख्या ९४.९ लाख थी।,0,[],[]
302,गोमेल की जनसंख्या ४ लाख ८१ हज़ार है।,0,[],[]
303,बेलारुस में प्रति महिला ०.८७ पुरुष हैं।,0,[],[]
304,1960 में संयुक्त राज्य अमेरिका में गर्भनिरोधक उपयोग के लिए अनुमोदित किया गया था।,0,[],[]
305,हिंदी में उत्तर: गर्भाशय के कैंसर के लिए परीक्षण की सिफारिश की जाती है।,0,[],[]
306,"जन्म नियंत्रण गोली सीजनल का नुकसान है कि यह रक्तस्राव के संभावित वापसी पर लगातार कम अवधि के लाभ देता है, लेकिन इसका उपयोग करने में सक्षम होने के बावजूद, इसका प्रभाव तीन महीने के लिए ही रहता है।",0,[],[]
307,गोलियों को Anya या Lybrel नामों से बाज़ार में बेचा गया है।,0,[],[]
310,"जर्मनी की सीमा उत्तर में उत्तरी समुद्र, डेनमार्क और बाल्टिक समुद्र, पूरब में पोलैंड और चेक गणराज्य, दक्षिण में आस्ट्रिया और स्विट्ज़रलैंड, पश्चिम में फ्रांस, लक्सेम्बर्ग, बेल्जियम और नीदरलैंड से लगती है।",0,[],[]
312,जर्मन भाषा लैटिन वर्णमाला का उपयोग कर लिखा गया है।,0,[],[]
313,जर्मन भाषाओं के भारोपीय भाषा परिवार के जर्मनिक शाखा से संबंध रखती है।,0,[],[]
314,उत्तर: पश्चिम जर्मनी।,0,[],[]
315,उत्तर: 2011 तक।,0,[],[]
317,मेरे पास आपके प्रश्न का उत्तर नहीं है।,0,[],[]
318,सन १९५५ में भारत रत्न से विभूषित किया गया था।,0,[],[]
319,विश्वेश्वरैया का जन्म 15 सितंबर 1861 को हुआ था।,0,[],[]
320,मेरे पास आपके प्रश्न का उत्तर नहीं है।,0,[],[]
321,जून १९६७ में हुआ।,0,[],[]
322,"हिंदी में उत्तर: अधिकांश व्यवसायी और विज्ञापनदाता ""Fr.""",0,[],[]
322,का प्रयोग करते हैं।,0,[],[]
323,"आरपी का अर्थ है ""रेप"" या ""रेपेन"", जिसका संबंध स्विस फ्रांक से है।",0,[],[]
324,"महिला निरोध निटराइल, लेटेक्स या पॉलीयूरेथेन से बने होते हैं।",0,[],[]
325,कंडोम में आजकल सबसे जयदा पुरुष निरोध का प्रयोग किया जाता है।,0,[],[]
326,"महिलाओं ने जन्म नहीं दिया है, उनमें विफलता दर 12% है।",0,[],[]
329,ट्यूबल बंधाव में गंभीर जटिलताओं का कारण 1 से 2 प्रतिशत मामलों में अवचेतक के कारण होता है।,0,[],[]
331,"प्रसव के पहले साल में विफलता की दर 4-7 प्रतिशत तक बढ़ती है और दो सालों में 13 प्रतिशत तक बढ़ जाती है, लेकिन सवाल में प्रसव के बाद किस महीने में विफलता की दरें 7.5% तक पाई गई थीं, इसका उत्तर नहीं है।",0,[],[]
332,"मेरे पास आपके प्रश्न का उत्तर है। स्तनपान करने वाले नवजात शिशुओं की विफलता की दर 2 प्रतिशत तक है, यदि नवजात के लिए स्तनपान ही एकमात्र आहार है तो प्रसव के 6 माह तक विफलता की दर 2 प्रतिशत तक है।",0,[],[]
334,मेरे पास आपके प्रश्न का उत्तर नहीं है।,0,[],[]
335,"जन्म नियंत्रण के माध्यम से इकठ्ठी हुई बचत ने परिवार नियोजन को सुविधाजनक बनाने में मदद की है, जिससे महिलाएं कार्यबल में शामिल हो पाती हैं और उनके बच्चों की शिक्षा तथा शरीर द्रव्यमान सूचकांक में सुधार होता है। इसके अलावा, जन्म नियंत्रण ने अनियोजित गर्भधारण को रोकने तथा यौन संचारित रोगों के विस्तार को रोकने में मदद की है।",0,[],[]
336,जन्म नियंत्रण उपायों के उपयोग से सबसे अधिक बचत होती है। संयुक्त राष्ट्र संघ के आंकलन के अनुसार प्रत्येक खर्च किये गये डॉलर से दो से लेकर छः डॉलर तक की बचत होती है।,0,[],[]
339,यौन संबंधो तथा गर्भधारण को लेकर बहुत सारी आम भ्रांतियां प्रचिलित हैं।,0,[],[]
340,"यूरेथेन प्लग का मतलब है एक इंट्रावास युक्ति जिसमें यूरेथेन प्लग को डिफरेंस में रखा जाता है जिससे कि यह अवरुद्ध हो जाए, जिसका उपयोग पुरुष नसबंदी के लिए किया जाता है।",0,[],[]
341,नपुंसक बनाने या अण्डकोष हटाने में कुछ प्रजनन अंगो को हटाना शामिल होता है।,0,[],[]
342,नए महल के साथ राजा को कैसलिंग करना चाहिए।,0,[],[]
343,पानी के कौनसे स्रोत पूर्व और पश्चिम में मिलते हैं?,0,[],[]
343,- लाप्टेव सागर और चुकची सागर।,0,[],[]
344,स्टैमेन ने माइक्रोफ्लोरा की जांच की थी।,0,[],[]
345,"मुक्त लेखन एक पूर्वलेखन तकनीक है जिसमें एक व्यक्ति वर्तनी, व्याकरण, या विषय के संबंध के बिना एक निर्धारित अवधि के लिए लगातार लिखता है।",0,[],[]
346,पुरुष सेक्स एएमएल के लिए अतिसंवेदनशील है।,0,[],[]
347,मेरे पास आपके प्रश्न का उत्तर नहीं है।,0,[],[]
348,"रुडॉल्फ विरचो को पैथोलॉजी में प्रकाश माइक्रोस्कोप के उपयोग में अग्रदूत के रूप में जाना जाता था और उन्होंने ""ल्यूकेमिया"" शब्द का प्रयोग सफेद रक्त कोशिकाओं के असामान्य अतिरिक्त वर्णन के लिए किया था।",0,[],[]
349,ल्यूकेमिया की खोज रुडॉल्फ विरचो ने की थी।,0,[],[]
351,फिल्म बर्फी का निर्देशन अनुराग बसु ने किया है।,0,[],[]
352,यह फिल्म भारत में लोकप्रिय थी।,0,[],[]
353,बर्फी के पिता मोटर चालक थे।,0,[],[]
355,मार्च 2011 में आरम्भ की।,0,[],[]
356,मार्च 2011 में बसु ने कोलकाता की यात्रा की।,0,[],[]
357,इगेओन (Aegaeon) शनि का एक प्राकृतिक उपग्रह है।,0,[],[]
358,इगेओन शनि के G रिंग के चमकदार खंड के भीतर परिक्रमा करता है।,0,[],[]
359,आर्मेनिया ४० से अधिक अंतर्राष्ट्रीय संगठनों का सदस्य है।,0,[],[]
360,"आर्मेनिया का कुल क्षेत्रफल ११,५०६ वर्ग मील है।",0,[],[]
361,आर्मेनिया में ८६६ ग्रामीण समुदाय हैं।,0,[],[]
363,नेटवर्क में प्रवेश करते ही उपकरण में सबसे पहली चीज पोर्ट का VLAN निर्धारित होना है।,0,[],[]
365,समोआई प्रथाओं को ध्यान में रखा गया था।,0,[],[]
366,फोनो में बहुमत से प्रधानमंत्री को चुना जाता है और सरकार बनाने के लिए राष्ट्र के प्रमुख द्वारा उनकी नियुक्ति होती है।,0,[],[]
367,पर्यटन क्षेत्र का विस्तार हुआ है।,0,[],[]
368,"समोआ की अर्थव्यवस्था पारंपरिक रूप से कृषि और स्थानीय स्तर पर मछली पकड़ने पर निर्भर रही है, लेकिन आधुनिक समय में विकास मदद, विदेश से पारिवारिक सदस्यों द्वारा भेजी गयी रकम और कृषि-उत्पाद का निर्यात देश की अर्थव्यवस्था के मुख्य घटक बन गये हैं।",0,[],[]
369,"समोआ सरकार ने वित्तीय क्षेत्र के अविनियमन, निवेश को प्रोत्साहन और सतत राजकोषीय अनुशासन का आह्वान किया है।",0,[],[]
370,समोआ में जर्मनों ने कोको बीन और रबर का उत्पादन किया था।,0,[],[]
375,समोआ ने पैसिफिक ट्राई-नेशंस में भी हिस्सा लिया है।,0,[],[]
376,समोआ ने लगभग 30 वर्षों से रग्बी यूनियन प्रतियोगिता में प्रदर्शन किया है।,0,[],[]
377,मेरे पास आपके प्रश्न का उत्तर नहीं है।,0,[],[]
378,जनवरी 1910 और दिसंबर 1910 के चुनावों ने एक त्रिशंकु संसद को जन्म दिया था।,0,[],[]
379,लेबर पार्टी का उदय हुआ था।,0,[],[]
380,मेरे पास आपके प्रश्न का उत्तर है। वर्ष 1929 के चुनाव के बाद से दो आम चुनाव हुए हैं - फरवरी 1974 का चुनाव और मई 2010 का चुनाव।,0,[],[]
381,1910 में संघीय चुनाव किस वर्ष बराबरी पर समाप्त हुआ था।,0,[],[]
382,त्रिशंकु सरकार होने को अक्सर नकारात्मक परिणाम के तौर पर देखा जाता है जिससे अपेक्षाकृत कमजोर और अस्थिर सरकार का जन्म होता है।,0,[],[]
383,चुनाव के बाद भ्रम की अवधि आवश्यक है क्योंकि प्रमुख पार्टी के नेता निर्दलीय और छोटे दलों के साथ बातचीत करके बहुमत स्थापित करने की कोशिश करते हैं।,0,[],[]
385,डेफैड एलिस-थॉमस को पीठासीन अधिकारी के रूप में फिर से चुना गया था।,0,[],[]
386,आइपॉड में स्क्रॉल करने के लिए क्लिक व्हील का इस्तेमाल किया जाता है।,0,[],[]
388,"आइसलैंड, ब्रिटेन और आयरलैंड को एक विशेष मामले के रूप में जाना जाता है, क्योंकि ये सभी देश द्वीप हैं, लेकिन यूरोप का हिस्सा हैं।",0,[],[]
389,१९वीं सदी में पश्चिमी यूरोपीयन का प्रभुत्व था।,0,[],[]
390,यूरोपीय संघ का विस्तार पूर्व की ओर हुआ है।,0,[],[]
391,न्यायपालिका के अधिकारी अपने कर्तव्यों का पालन लगभग विशेष रूप से करते हैं।,0,[],[]
392,"संधात्मक गणतंत्र लोकतांत्रिक संघीय गणराज्य का रूप है, जिसमें राष्ट्रपति दोनों राज्य और संघ सरकार का प्रमुख होता है और चार साल की अवधि के लिए चुना जाता है।",0,[],[]
393,ब्राजील में विधायिका को विधि का स्रोत कहा जाता है।,0,[],[]
394,मेरे पास आपके प्रश्न का उत्तर नहीं है।,0,[],[]
395,बाल्यावस्था प्रतिरक्षण के सामान्य कोर्स पांच खुराक के होते हैं जो 2 महीने से 15 वर्ष की आयु के बीच दी जाती हैं।,0,[],[]
396,"शोडो द्वीप (小豆島 शोदोशिमा) के नाम का अनुवाद ""छोटे बीन्स के द्वीप"" के रूप में किया जा सकता है।",0,[],[]
397,जापान के लिए द्वीप को पहली बार जैतून का सफलतापूर्वक उगाने में सफलता मिली।,0,[],[]
398,मिशन इंपॉसिबल - फॉलआउट फिल्म 2018 में बनी थी।,0,[],[]
399,"फिल्मांकन के लिए तैयार किया गया था 10 अप्रैल, 2017 को पेरिस में शुरू होने के लिए, लेकिन आधिकारिक तौर पर 8 अप्रैल को शुरू हुआ। इसलिए, फिल्मांकन के शुरुआत का महीना अप्रैल है।",0,[],[]
400,"उत्तर: यूनाइटेड किंगडम, न्यूजीलैंड और नॉर्वे में फिल्मांकन किया गया था।",0,[],[]
401,मेरे पास आपके प्रश्न का उत्तर नहीं है।,0,[],[]
402,भ्रम का अर्थ है - एक ऐसा विश्वास जो एक रोगात्मक स्थिति है।,0,[],[]
403,हिंदी में उत्तर: सैली क्रिस्टेन राइड के ऊपर विवाद था।,0,[],[]
404,मोनिका एन्ना मारिया बेलुची का जन्म ३० सितंबर १९६४ को हुआ था।,0,[],[]
405,जापान में स्थित है।,0,[],[]
406,जापान एल्प्स के अंदर तक फैला हुआ है।,0,[],[]
407,"पटाया शहर में नग प्रू, ना क्ल्यूआ, ह्वाई याई और नग प्ला लाई के कुछ हिस्से शामिल हैं।",0,[],[]
409,"पट्टाया 3 रोड उत्तर, दक्षिण और मध्य पट्टाया से जुड़ता है।",0,[],[]
410,उत्तर: 120 किलोमीटर होते हैं。,0,[],[]
411,मिनी दुनिया अनुभाग में स्टैच्यू ऑफ लिबर्टी का मॉडल मौजूद है।,0,[],[]
412,यह उत्तर है: थाईलैंड का हिस्सा है।,0,[],[]
413,मंदिर 1976 में बनाया गया था।,0,[],[]
414,"हिंदी में उत्तर: शहर के भीतर दो छोटे पहाड़, मोंक्स्बर्ग और कापुज़ीनरबर्ग, हरे फेफड़ों के रूप में कार्य करते हैं, जिससे शहर के वातावरण को स्वच्छ और स्वस्थ बनाया रहता है।",0,[],[]
415,साल्ज़बोर्ग के दक्षिण में पर्वत है।,0,[],[]
416,जुवावम को रोमन साम्राज्य द्वारा 15 ई.पू.,0,[],[]
416,के लगभग मिला दिया गया था और इसके बाद यह नोरिकम के रूप में विकसित हुआ।,0,[],[]
418,1906 में हार्ले डेविडसन के पहले कारखाने का निर्माण हुआ था।,0,[],[]
419,हार्ले-डेविडसन कंपनी के लिए इस रणनीति के परिणामस्वरूप कंपनी लगभग दिवालिया हो गयी और बाइकों की किस्म घटिया हुई।,0,[],[]
421,हार्ले-डेविडसन और बुएल के बीच पहला लेन-देन 1987 में हुआ था जब हार्ले-डेविडसन ने बुएल को पचास अधिशेष XR1000 इंजन की आपूर्ति की।,0,[],[]
422,मेरे पास आपके प्रश्न का उत्तर नहीं है।,0,[],[]
423,इलेक्ट्रा ग्लाइड्स की पहचान आप सामने से इसकी खूबसूरती से कर सकते हैं।,0,[],[]
424,बैटरी सीट के नीचे दाहिने शैडलबैग के भीतर से बाइक के पटरे में लगा गया थी।,0,[],[]
425,"हाँ, स्पोर्ट्सटर से इंजनों के जरिए अलग किया जा सकता है, जो इन डायना मोटरसाइकिलों की खासियत में से एक है।",0,[],[]
426,1957 में स्पोर्ट्सटर्स को जोड़ा गया था।,0,[],[]
427,"वी-रॉड में ""ओवरहेड कैम और लिक्विड कूलिंग व्यस्था के साथ 60 डिग्री वी-ट्विन इंजन"" होता है।",0,[],[]
428,प्रोजेक्ट क्वीन मैरी के लिए बोली लगाने के लिए आमंत्रित किया गये थे: 1.,0,[],[]
428,उत्तरी आयरलैंड के हरलैंड और वोल्फ 2.,0,[],[]
428,नोर्वे के एकर क्वानेर 3.,0,[],[]
428,इटली के फिनकेंटिअरी 4.,0,[],[]
428,जर्मनी के मेयर वर्फ्ट 5.,0,[],[]
428,फ़्रांस के चेन्तियर डे अटलांटिक,0,[],[]
430,"संयंत्र को मुख्य रूप से ऊर्जा भाप, जहाज के गैस टरबाइन और डीज़ल इंजन से प्राप्त होती है।",0,[],[]
431,ब्राइन (Brine),0,[],[]
433,तीन रानियाँ थीं।,0,[],[]
434,क्रूज़ का उत्तर 81 दिन है।,0,[],[]
436,नाश्ते या दोपहर की चाय में लोकप्रिय है।,0,[],[]
437,कैप्टन कोल्ड का ज्ञात उपनाम लेनर्ड स्नार्ट है।,0,[],[]
438,"मेरे पास आपके प्रश्न का उत्तर नहीं है। 'बोह लोह' अनानास के साथ मक्खन के टुकड़े के साथ डालकर दिया जाने वाला एक खाद्य है, लेकिन सेब फल नहीं है।",0,[],[]
439,मक्खन के टुकड़े के साथ डालकर देते हैं।,0,[],[]
440,मक्खन के स्थान पर कस्टर्ड का उपयोग किया जा सकता है।,0,[],[]
441,मेरे पास आपके प्रश्न का उत्तर नहीं है।,0,[],[]
442,यह सौर नीहारिका के निर्माण में अंतरतारकीय धूल तथा गैस (हाइड्रोजन और हीलियम) से बना था।,0,[],[]
443,मेरे पास आपके प्रश्न का उत्तर नहीं है।,0,[],[]
444,जुलाई में अश्क़ाबाद का सेल्सियस में औसतन उच्च तापमान 38.3 डिग्री सेल्सियस होता है।,0,[],[]
445,"शहर में फर्नीचर, वस्त्र, हस्तशिल्प, और लकड़ी का उत्पादन होता है।",0,[],[]
446,CACNA1C जीन में उत्परिवर्तन हो रहा है।,0,[],[]
448,जिन्ना के परिवार द्वारा उनका अन्तर्धार्मिक विवाह का व्यापक विरोध किया गया था।,0,[],[]
449,यरूशलेम था।,0,[],[]
450,प्रस्ताव 377 को आमंत्रित किया गया था।,0,[],[]
451,मेरे पास आपके प्रश्न का उत्तर नहीं है। सूची में कोई पाठ नहीं है जिसके आधार पर उत्तर तैयार किया जा सके।,0,[],[]
453,"डॉयल के पिता चार्ल्स अल्टामोंट डॉयल का देहांत 1893 में क्रिकटन रॉयल, डम्फ़्राइज में हुआ था।",0,[],[]
454,आर्थर कॉनन डॉयल का जन्म 22 मई 1859 को स्कॉटलैंड के एडिनबर्ग में हुआ था।,0,[],[]
455,मेरे पास आपके प्रश्न का उत्तर नहीं है।,0,[],[]
456,जीन लेना एनेट की मृत्यु 1997 में हुई थी।,0,[],[]
457,द क्राइम ऑफ द कांगो की रचना की गई थी।,0,[],[]
458,मेरे पास आपके प्रश्न का उत्तर नहीं है।,0,[],[]
459,डॉयल का शरीर विंडलेशाम के हॉल में खोजा गया था।,0,[],[]
460,आर्थर कानन डॉयल एडिनबर्ग में पैदा हुए थे।,0,[],[]
461,ग्रैनरी कच्ची मिट्टी को भूसे से प्रबलित (री-इनफोर्स) करके बनाई जाती है या धातु (जैसे गैल्वनाइज्ड आइरन) की डेहरी में बनाई जाती है।,0,[],[]
462,रेड दक्षिण अफ्रीका की मुद्रा को दक्षिण अफ्रीकी पाउंड का स्थान लिया गया।,0,[],[]
463,दक्षिण अफ्रीका के सबसे बड़े शहर जोहान्सबर्ग में स्थित विट्वाटर्सरेंड नामक टीले पर सोने की प्रचुरता मिल सकती है।,0,[],[]
464,तारा सूचीपत्र में तारे सूचीबद्ध किए गए हैं।,0,[],[]
465,प्रत्येक सिलेंडर में चार वाल्व हैं।,0,[],[]
466,"वेरॉन की इंजन क्षमता 7,993 घन सेंटीमीटर (487.8 घन इंच) है।",0,[],[]
467,"माइकेलिन पीएएक्स के फ़्लैट टायरों की कीमत कथित तौर पर 25,000 अमेरिकी डॉलर प्रति सेट है।",0,[],[]
468,डेविस ने सिविल युद्ध से पहले मिसिसिपी में एक बड़े कपास बागान का संचालन किया और 74 से ज्यादा दासों के स्वामी थे।,0,[],[]
469,मेरे पास आपके प्रश्न का उत्तर नहीं है।,0,[],[]
470,जेफरसन डेविस छह साल की सेवारत रहे लेफ्टिनेंट के रूप में संयुक्त राज्य सेना में कार्यरत रहे।,0,[],[]
471,मेरे पास आपके प्रश्न का उत्तर नहीं है।,0,[],[]
473,"धूम्रपान करने के कुछ अन्य साधन हैं - पाइप, सिगार, हुक्का एवं बॉन्ग।",0,[],[]
474,यूरोपीय अन्वेषण और अमेरिका की विजय के बाद तंबाकू धूम्रपान लोकप्रिय हो गया।,0,[],[]
475,धूम्रपान का इतिहास लगभग 5000 ई.पू.,0,[],[]
475,पुराना हो सकता है।,0,[],[]
476,फुटबॉल इराक का सबसे लोकप्रिय खेल है।,0,[],[]
477,1967 के रेफ़रेंडम से आदिवासी जनसमूह प्रभावित हुआ था।,0,[],[]
478,मेरे पास आपके प्रश्न का उत्तर नहीं है।,0,[],[]
479,"ऑस्ट्रेलियाई पहला विश्व युद्ध लड़ने में ब्रिटेन के साथ हो गया था और पश्चिमी प्रान्त में हुए कुछ प्रमुख लड़ाइयो में हिस्सा लिया था। कई ऑस्ट्रेलियाईयो का मानना है कि गलीपोली में ऑस्ट्रेलिया और न्यूजीलैंड के सैन्य दलों की हार, राष्ट्र के जन्म का कारण बनी।",0,[],[]
480,"प्रत्येक राज्य के पास अपना कानून या संसद है, जिसमें निचले सदन को विधान सभा के नाम से जाना जाता है और ऊपरी सदन को विधान परिषद नाम से जाना जाता है। हर राज्य में सरकार का मुखिया प्रधानमंत्री (premier) होता है और हर प्रदेश में मुख्य मंत्री।",0,[],[]
481,देश के दक्षिणी-पश्चिमी छोर में सामान्यतः उष्णदेशीय जलवायु पाई जाती है।,0,[],[]
482,ऑस्ट्रेलिया का खाता घाटा 50 वर्षो से भी ज्यादा के एकसमान बड़े चालू खाता घाटा है।,0,[],[]
483,"ऑस्ट्रेलियाई संस्कृति से संबद्ध मुख्य प्रभाव एंग्लो सेल्टिक है, जिसका प्राथमिक आधार 1788 से है।",0,[],[]
484,ऑस्ट्रेलियाई बैलेट कंपनी का नाम है।,0,[],[]
485,मेरे पास आपके प्रश्न का उत्तर नहीं है।,0,[],[]
486,"यह सेलेनियम आईडी सेलेनियम परीक्षण के लिए एक पूर्ण एकीकृत विकास पर्यावरण है, जो रिकॉर्डिंग, संपादन, और डिबगिंग परीक्षण की अनुमति देता है।",0,[],[]
487,मेरे पास आपके प्रश्न का उत्तर नहीं है।,0,[],[]
488,"सेलेनियम वेबड्राइवर आदेश लेने और स्वीकार करने के बाद, एक ब्राउज़र के लिए उन्हें भेजता है और परिणाम रेत्रिएवे जो एक ब्राउज़र विशेष ब्राउज़र ड्राइवर, के माध्यम से कार्यान्वित किया जाता है।",0,[],[]
490,निर्यात फसलों का अंतिम गंतव्य फारस की खाड़ी के रास्ते में शिराज के माध्यम से पार किया गया था।,0,[],[]
491,19वीं शताब्दी के दूसरे भाग में शिराज की अर्थव्यवस्था में बदलाव आया था।,0,[],[]
492,एलर्जी की दो प्रमुख प्रतिक्रिया हैं - फोटोडर्माटाइटिस और एनाफिलिक्स।,0,[],[]
493,"फुटबॉल ईरान में सबसे लोकप्रिय खेल है, जिसका उल्लेख सूची में किया गया है।",0,[],[]
495,ईरान को पुरस्कार मिले।,0,[],[]
496,कुश्ती।,0,[],[]
497,मेरे पास आपके प्रश्न का उत्तर नहीं है।,0,[],[]
498,मेरे पास आपके प्रश्न का उत्तर नहीं है।,0,[],[]
499,मतदान के तुरन्त बाद किया जाता है।,0,[],[]
500,मेरे पास आपके प्रश्न का उत्तर नहीं है।,0,[],[]
503,ट्रोब्रेंड द्वीप समूह पापुआ न्यू गिनी का हिस्सा हैं।,0,[],[]
504,संरक्षण की आवश्यकता है।,0,[],[]
505,किरिविना के मुख्य द्वीप पर रहते हैं।,0,[],[]
506,उत्तर: 201 देशों ने प्रतिस्पर्धा की थी।,0,[],[]
508,उत्तर: सोवियत सेना में शामिल की गई राष्ट्रीयताओं में यूक्रेनियन शामिल थे।,0,[],[]
510,मेरे पास आपके प्रश्न का उत्तर नहीं है।,0,[],[]
511,मई 1992 में यूक्रेन ने लिस्बन प्रटोकॉल पर हस्ताक्षर किए।,0,[],[]
512,प्रश्न का उत्तर नहीं है। प्रस्तुत सूची में कोई पाठ नहीं है जिसके आधार पर रीजन के उपयोग का प्रतिशत निर्धारित किया जा सके।,0,[],[]
513,उत्तर: 56%,0,[],[]
516,मेरे पास आपके प्रश्न का उत्तर नहीं है।,0,[],[]
517,स्रोत की निगरानी रखने वाली चीज़ का नाम अलेक्सा इंटरनेट है।,0,[],[]
518,जेम्स द्वितीय ने इंग्लैण्ड लौट आए।,0,[],[]
519,हेलमेट पहनना चाहिए।,0,[],[]
520,भारी कपड़ों के कारण स्केटर के लिए पानी में से निकल कर बर्फ के ऊपर आना बहुत मुश्किल और कई मामलों में असंभव होता है।,0,[],[]
521,मेरे पास आपके प्रश्न का उत्तर नहीं है।,0,[],[]
522,मेरे पास आपके प्रश्न का उत्तर नहीं है।,0,[],[]
523,"अटलांटिक की धाराएं गरम होती हैं क्योंकि वे गरम हुई अटलांटिक धाराएं हैं, जो गल्फ नदी से आती हैं।",0,[],[]
524,यूके इंग्लिश चैनल के द्वारा फ्रांस के उत्तर पश्चिमी तट से अलग होता है।,0,[],[]
525,"हाल की 2001 में जनगणना में, यूनाइटेड किंगडम की कुल आबादी 58789194 थी।",0,[],[]
526,लंदन में स्थित हैं।,0,[],[]
527,"हिंदी में उत्तर: क्रिकेट के लिए इंग्लैंड और वेल्स क्रिकेट बोर्ड द्वारा नियंत्रित इंग्लैंड क्रिकेट टीम, टेस्ट दर्जे के साथ UK की एकमात्र राष्ट्रीय टीम है। मुख्य काउंटी पक्षों से टीम के सदस्यों को तैयार किया जाता है और इसमें दोनों ही अंग्रेजी और वेल्श खिलाड़ियों में शामिल हैं।",0,[],[]
528,ह्यूग मैकडिअर्मिड और नील एम.,0,[],[]
528,गन ने स्कॉटिश नवजागरण में योगदान किया है।,0,[],[]
529,जेरेमी बेंटम और डेविड ह्यूम उल्लेखनीय ब्रिटिश दार्शनिक हैं।,0,[],[]
530,"""रानी""",0,[],[]
532,"ब्रिटानिया के पास एक कोरिंथियन हेलमेट, सफेद वस्त्र, पोसाईडन का तीन-आयामी त्रिशूल, एक ढाल और संघ का झंडा है।",0,[],[]
533,ब्रिटानिया के पीछे शेर की सवारी करती हुई दर्शाई जाती है।,0,[],[]
534,मेरे पास आपके प्रश्न का उत्तर नहीं है।,0,[],[]
535,मेरे पास आपके प्रश्न का उत्तर नहीं है।,0,[],[]
536,ध्रुव लगातार सूर्य का सामना करता है।,0,[],[]
537,"हाँ, युरेनस ग्रह अद्वितीय बनाता है क्योंकि इसका अक्षीय झुकाव ९७.७७ डिग्री है, जिसके कारण इसकी घूर्णन धूरी सौरमंडल तल के साथ करीब करीब समानांतर है। इसके अलावा, युरेनस की कक्षा के दूसरी ओर पर सूर्य के सामने के ध्रुवों का अभिविन्यास उलट है, जिसके कारण प्रत्येक ध्रुव ४२ वर्षों के आसपास लगातार उजाला पाता है, फिर अगले ४२ वर्ष अँधेरे में गुजारता है।",0,[],[]
538,युरेनस पर एक अद्भुत अक्षीय झुकाव है।,0,[],[]
539,"यूरेनस का आंतरिक ताप स्पष्ट रूप से अन्य वृहदाकार ग्रहों की तुलना में कम जान पड़ता है, खगोलीय शब्दों में, इसके पास एक निम्न तापीय प्रवाह है। युरेनस का आतंरिक तापमान इतना कम क्यों है यह अभी भी समझ से परे है। यूरेनस द्वारा अवरक्त वर्णक्रम (यानी गर्मी) के भाग से छोड़ी गई कुल शक्ति, उसके अपने वातावरण में अवशोषित सौर ऊर्जा की १.०६ ± ०.०८ गुना है। इसलिए, यूरेनस अंतरिक्ष में बहुत सारी ऊर्जा को बाहर निकालने के लिए जाना जाता है, इसमें से कितनी ऊर्जा ऊष्मा ऊर्जा से युक्त है, इसका उत्तर नहीं है, क्योंकि यूरेनस का आंतरिक ताप स्पष्ट रूप से अन्य वृहदाकार ग्रहों की तुलना में कम जान पड़ता है, और इसके पास एक निम्न तापीय प्रवाह है।",0,[],[]
540,गणित में अपसारी श्रेणी होती है।,0,[],[]
542,उत्तर: १९६५ (Translation: The answer is 1965),0,[],[]
543,मेरे पास आपके प्रश्न का उत्तर नहीं है।,0,[],[]
544,टीम ओलम्पिके डे मार्सिले को।,0,[],[]
545,एडिडास 1 की शुरुआत 2005 में हुई थी।,0,[],[]
546,"फूल नीले, गुलाबी, लाल और सफेद रंग के हो सकते हैं।",0,[],[]
547,मेरे पास आपके प्रश्न का उत्तर नहीं है।,0,[],[]
548,"हिंदी में उत्तर: मालदीव की संस्कृति कई स्रोतों से ली गई है, जिनमें से सबसे महत्वपूर्ण श्रीलंका और दक्षिण भारत के किनारे से इसकी निकटता है। जनसंख्या मुख्य रूप से मानव-दृष्टिकोण से भारत-आर्य है, इसलिए लोग अधिकांशतः भारत-आर्य मूल के हैं।",0,[],[]
549,मेरे पास आपके प्रश्न का उत्तर नहीं है।,0,[],[]
550,हिंदी गाने उत्तरी भारत की भाषाओं से संबंधित हैं और कई मालदीवियन गाने हिंदी धुनों पर आधारित हैं।,0,[],[]
551,मालदीवियों को भारत में लोकप्रिय होने वाली फिल्में पसंद हैं।,0,[],[]
552,मेरे पास आपके प्रश्न का उत्तर नहीं है।,0,[],[]
553,"गौड़ी की लोकप्रियता व्यापक है, क्योंकि उनके कार्य को अन्तराष्ट्रीय अपील प्राप्त है और कई अध्ययन इनकी वास्तुकला को समझने के लिए समर्पित किए गए हैं। वर्तमान में इनके कार्य के वास्तुकारों और आम जनता के बीच समान रूप से प्रशंसक मिलते हैं।",0,[],[]
554,ग्वैडी के कार्य को वास्तुकला के रूप में वर्गीकृत किया गया है।,0,[],[]
555,गौदी 1926 के दौरान सेंट फेलिप नेरी गिरजाघर तक की दैनिक सैर पर जाते थे।,0,[],[]
556,यह शृंखला केबल टेलीविज़न चैनल FX पर प्रसारण होता है।,0,[],[]
557,फोर्ड ने अमरीका और इंग्लैंड की जैगुआर के शेयरधारकों के सामने उनके शेयर खरीदने का प्रस्ताव रखा था।,0,[],[]
559,2 माह से कम उम्र के बच्चों में खांसी अक्सर नहीं होती है।,0,[],[]
560,लेख में निमोनिया की पहचान की गई है।,0,[],[]
561,वायरस लगभग 15% निमोनिया के मामलों के लिये बच्चों में प्रभावित करता है।,0,[],[]
562,"हां, मामलों की दर 20वीं शताब्दी के बाद के वर्षों में बढ़ रही है।",0,[],[]
563,"फेफड़ों के शामिल होने का कारण कई प्रकार के परजीवी हैं, जिनमें टोक्सोप्लाज़्मा गोन्डी, स्ट्रॉन्गीलॉएडस स्टेकोरालिस,ऐस्केरिस ल्युम्ब्रीकॉएड्स और प्लास्मोडियम मलेरियाशामिल हैं। ये परजीवी शरीर में त्वचा के साथ सीधे संपर्क, अंतर्ग्रहण, कीट के काटने से दाखिल होते हैं।",0,[],[]
565,यह बीमारी फेफड़ों में प्रवेश करती है।,0,[],[]
566,मेरे पास आपके प्रश्न का उत्तर नहीं है।,0,[],[]
567,मेरे पास आपके प्रश्न का उत्तर नहीं है।,0,[],[]
568,"जब बैक्टीरिया फेफड़ों में एल्वियोली और कोशिकाओं के बीच के क्षेत्र में प्रवेश करता है, तो न्यूट्रोफिल (रक्षक श्वेत रक्त कणिकायें) बैक्टीरिया को निष्क्रिय करने का प्रयास करते हैं। न्यूट्रोफिल साइटोकाइन मुक्त करते हैं जो प्रतिरक्षा तंत्र को सामान्य रूप से सक्रिय करता है। इसके कारण आम बैक्टीरिया जनित निमोनिया के कारण होने वाले बुखार, ठिठुरन और थकान जैसे लक्षण होते हैं।",0,[],[]
569,बैक्टीरिया एक जगह से दूसरी जगह जाने के लिए वायु में फैली संदूषित महीन बूंदों के माध्यम से फेफड़ों में पहुंच जाती हैं।,0,[],[]
570,साइटोकिन्स प्रतिरक्षा तंत्र में प्रतिक्रिया देते हैं।,0,[],[]
571,उपचार चिकित्सीय आधार पर होता है।,0,[],[]
572,"डॉक्टर किसी व्यक्ति के स्वास्थ्य का निर्धारण करने के लिए कई प्रक्रियाएं उपयोग करते हैं, लेकिन सबसे आम प्रक्रिया निदान के लिए सीने का रेडियोग्राफ है। इसके अलावा, डॉक्टर निदान के लिए इमेजिंग, सीटी स्कैन, लैब टेस्ट, और अन्य प्रक्रियाएं भी उपयोग करते हैं।",0,[],[]
573,मूत्र परीक्षणों में लेग्यिनेला और स्ट्रेप्टोकॉकस के एंटीजन के लिये मूत्र का परीक्षण अनुशंसित किया जाता है।,0,[],[]
574,"अनुसंधान के अनुसार, यदि पूरी दुनिया में उपयुक्त उपचार उपलब्ध होते तो बचपन में होने वाली मौतों में से 6,00,000 को कम किया जा सकता है।",0,[],[]
575,"टीकाकरण महत्वपूर्ण हैं क्योंकि वे बच्चों और वयस्कों दोनों में निमोनिया के विरुद्ध रक्षा प्रदान करते हैं, जिससे संक्रमण के जोखिम को कम किया जा सकता है। टीकाकरण से निमोनिया के विरुद्ध प्रभावी रक्षा प्रदान की जा सकती है, जिससे स्वास्थ्य सेवा कार्यकर्ताओं के लिए रोगियों के बीच वायरस जनित निमोनिया के जोखिम को कम किया जा सकता है।",0,[],[]
576,न्यूमोकोकल न्यूमोनिया को धूम्रपान अवसान और घर के भीतर लकड़ी या गोबर के साथ खाना पकाने से होने वाला भीतरी वायु प्रदूषण कम करना दोनो ही रोक सकती है।,0,[],[]
577,"हॉस्पिटल अक्वायर्ड निमोनिया के लिए सिफारिशों में तीसरी और चौथी पीढ़ी के सिफाल्सोपोरिन्स, कार्बापेनम, फ्लोरोक्विनालोन, एमीनोग्लाइकोसाइड और वैन्कोमिसिन शामिल हैं।",0,[],[]
578,कॉर्टिकॉस्टरॉएड का उपयोग विवादित है।,0,[],[]
579,मृत्युदर 10% तक उच्च हो सकती है और वे जिनको गहन देखभाल की जरूरत पड़ती है उनमें मृत्युदर 30–50% तक हो सकती है।,0,[],[]
580,"फेफड़े के फोड़े के लिए एक स्वीकार्य उपचार दीर्घ अवधि के एंटीबायोटिक के साथ है, लेकिन कभी-कभार फोड़ों को शल्यचिकित्सक या रेडियोलॉजिस्ट द्वारा निकाला जाना जरूरी हो जाता है।",0,[],[]
581,"निमोनिया के कारण श्वसन विफलता संक्रमण और सूजन के संयोजन की प्रतिक्रिया का परिणाम होता है। फेफड़ों में तरल भर जाता है और वे सख्त हो जाते हैं, जिसके कारण ऑक्सीजन निष्कर्षण में गंभीर कठिनाइयों के संयोजन के चलते उत्तरजीविता हेतु लंबी अवधि के लिये यांत्रिक श्वसन की आवश्यकता पड़ सकती है।",0,[],[]
582,निमोनिया है।,0,[],[]
583,मेरे पास आपके प्रश्न का उत्तर नहीं है।,0,[],[]
584,मेरे पास आपके प्रश्न का उत्तर नहीं है।,0,[],[]
585,पेनिसिलिन एंटीबायोटिक दवा की श्रेणी में आता है।,0,[],[]
586,"मेरे पास आपके प्रश्न का उत्तर नहीं है। निमोनिया के इलाज के लिए प्रति वर्ष कितने अरब डॉलर खर्च होते हैं, इसका उल्लेख नहीं है उपलब्ध जानकारी में।",0,[],[]
587,मेरे पास आपके प्रश्न का उत्तर नहीं है।,0,[],[]
588,मेरे पास आपके प्रश्न का उत्तर नहीं है।,0,[],[]
589,1878 में क्लब स्थापित किया गया था।,0,[],[]
590,"निडारिया (Cnidaria) एक जीववैज्ञानिक संघ है जिसमें १०,००० से अधिक सदस्यों वाले प्राणियों का संग्रह है।",0,[],[]
592,मेरे पास आपके प्रश्न का उत्तर नहीं है।,0,[],[]
593,"एक्सपी (XP) प्राप्त करने के बाद खिलाड़ी इमारतें, प्रशिक्षण इकाइयों का निर्माण, दुश्मनों को मारने और खज़ाने का संग्रह करने जैसे कार्यों को पूरा करके सक्षम हो जाता है।",0,[],[]
594,"XP का मतलब है ""एक्सपीरियंस प्वाइंट"" यानी अनुभव अंक। इन अंकों को खिलाड़ी अपने खेल के दौरान हासिल करते हैं, जैसे इमारतें, प्रशिक्षण इकाइयों का निर्माण, दुश्मनों को मारने और खज़ाने का संग्रह करने जैसे कार्यों को पूरा करके। XP अंकों का उपयोग खिलाड़ी के होम सिटी से शिपमेंट के लिए किया जाता है।",0,[],[]
595,"मेरे पास आपके प्रश्न का उत्तर नहीं है। एज ऑफ एंपाइयर्स III की इकाइयां हैं, लेकिन एज ऑफ एंपाइयर्स II के बारे में कोई जानकारी नहीं है।",0,[],[]
596,तसिया वैलेन्जा है।,0,[],[]
597,लीसी द पायरेट (Elizabeth Ramis) ने मॉर्गन पर हमला किया था।,0,[],[]
598,मेरे पास आपके प्रश्न का उत्तर नहीं है।,0,[],[]
599,नाथानिएल।,0,[],[]
600,मेरे पास आपके प्रश्न का उत्तर नहीं है।,0,[],[]
601,"4 जनवरी, 2005 को खेल की घोषणा की गई थी।",0,[],[]
605,मेयर एस्क्वायर के लिए लिखते थे।,0,[],[]
606,"मेयर के EP ""इनसाइड वौंट्स आउट"" में आठ गाने हैं।",0,[],[]
608,22% काले पदार्थ है।,0,[],[]
609,कुछ वैज्ञानिकों का मानना है कि सार तत्व का सबसे अच्छा साक्ष्य आइंस्टीन के समतुल्यता सिद्धांत के उल्लंघनों से एवं स्थान एवं समय में आधारभूत स्थिरांक की भिन्नता से आएगा.,0,[],[]
610,मेरे पास आपके प्रश्न का उत्तर नहीं है।,0,[],[]
611,इनसाइडर ट्रेडिंग को कुछ देशों में अवैध माना जाता है।,0,[],[]
612,"Google Translator Toolkit का सबसे अधिक उपयोग अनुवादकों और साहित्यिक संस्थानों में होगा। अनुवादकों के लिए यह टूलकिट उनके कार्य को आसान बनाता है और उन्हें अपने अनुवादों को व्यस्थित करने में मदद करता है। साहित्यिक संस्थानों के लिए यह टूलकिट उन्हें अपने साहित्यिक कार्यों को अनुवादित करने में मदद करता है, जिससे उन्हें अपने साहित्यिक कार्यों को व्यापक स्तर पर प्रस्तुत करने में मदद मिलती है।",0,[],[]
613,बंगाल के भीतर ऐतिहासिक रूप से संस्कृत लिखने के लिए ब्राम्ही लिपि का इस्तेमाल किया गया है।,0,[],[]
614,"हालांकि प्रश्न का संबंध रक्त परीक्षण तथा वायरल कल्चर से है, लेकिन उपलब्ध जानकारी से पता चलता है कि यदि कोई व्यक्ति मानक उपचार द्वारा बेहतर नहीं होता है तो अतिरिक्त परीक्षण किये जा सकते हैं, जिसमें बैक्टीरिया की जांच शामिल है।",0,[],[]
615,"डेंगू से पीड़ित 5% से कम व्यक्तियों को परिसंचरण आघात, डेंगू आघात सिन्ड्रोम तथा डेंगू रक्तस्रावी बुख़ार होता है।",0,[],[]
617,श्वसन विफलता (≥ 12 का अर्थ है) के लक्षणों के प्रमुख होने की संभावना नहीं हैं।,0,[],[]
618,"ऑक्सीजन संतृप्ति (रक्त में ऑक्सीजन की मात्रा) 92 प्रतिशत तक होना चाहिये और यदि ऑक्सीजन की आवश्यकता हो तो ""ब्लो-बाई"" दिये जाने (बच्चे के चेहरे के पास ऑक्सीजन स्रोत रखना) की अनुशंसा की जाती है।",0,[],[]
621,"वायरस जनित कंठ-रोग की अपेक्षित अवधि दो दिनों के भीतर बेहतर होना है, लेकिन सात दिनों तक बने रह सकते हैं।",0,[],[]
622,हिंदी में उत्तर: कंठ-रोग की संभावना 6 माह से 5-6 वर्ष के 15 प्रतिशत बच्चों में होती है। इसके अलावा 3 माह के या 15 वर्ष के बच्चों में भी कंठ-रोग होने की संभावना होती है।,0,[],[]
623,क्रुप (Croup),0,[],[]
624,"फ्रेंच वायरस क्रुप को ""अशुद्ध-क्रुप"" कहा जाता था।",0,[],[]
625,मनोविज्ञान विभाग की शुरुआत प्रायः वर्ष 1896 में पेंसिल्वैनिया विश्वविद्यालय में लाइटनर विट्मर (Lightner Witmer) द्वारा प्रथम मनोवैज्ञानिक चिकित्सालय की स्थापना के साथ माना जाता है।,0,[],[]
626,प्रमाणन 1927 तक प्रदान किया गया था।,0,[],[]
628,"रोटरी इंजन में सामान्य रूप से प्रत्येक पंक्ति में सिलिण्डरों की संख्या विषम (३, ५, ७ आदि) रक्खी जाती है।",0,[],[]
629,हस्तरेखा शास्त्र या काइरमैन्सी की सांस्कृतिक विविधताएं दुनिया भर में कई सांस्कृतिक विविधताओं के साथ देखा जाता है।,0,[],[]
630,रिंक (Rink),0,[],[]
631,संजय लीला भंसाली ने बाजीराव मस्तानी का निर्देशन किया है।,0,[],[]
632,अमेरिका ने नेवाडा का विस्तार 1848 में मैक्सिकन-अमेरिकी युद्ध के बाद किया था।,0,[],[]
634,मेरे पास आपके प्रश्न का उत्तर नहीं है।,0,[],[]
635,वेंडी फ्रीटाउन के कारावास में है।,0,[],[]
636,अंतरिक्ष यात्री वह व्यक्ति है जो पृथ्वी के वायुमंडल से ऊपर जाकर अंतरिक्ष में प्रवेश करे।,0,[],[]
637,ग्रह सौरमंडल में होते हैं।,0,[],[]
638,"शनि की भूमध्यरेखीय और ध्रुवीय त्रिज्याओं के बीच करीब 10% का फर्क है - क्रमशः 60,268 किमी बनाम 54,364 किमी।",0,[],[]
639,"शनि के कोर का व्यास लगभग 25,000 किमी माना जाता है।",0,[],[]
640,सौर वायु कणों को विक्षेपित किया जाता है।,0,[],[]
641,"रिया पर एक कमजोर वायुमंडल हो सकता है, जिसकी अपनी एक स्वयं की कमजोर वलय प्रणाली हो सकती है।",0,[],[]
642,टाइटन का वायुमंडल मोटा था की पुष्टि 1944 में हुई थी।,0,[],[]
644,मेरे पास आपके प्रश्न का उत्तर नहीं है।,0,[],[]
646,"शनि सबसे चमकीला तब दिखता है जब वह विमुखता पर है या इसके नजदीक है, अर्थात जब यह 180° के प्रसरकोण पर है और ग्रह विन्यास, आकाश में सूर्य के विपरीत दिखाई देता है।",0,[],[]
647,शनि के राशि चक्र के पृष्ठभूमि तारामंडल के खिलाफ क्रांतिवृत्त का एक पूरे परिपथ को बनाने के लिए लगभग 29½ साल लेता है।,0,[],[]
648,मेरे पास आपके प्रश्न का उत्तर नहीं है।,0,[],[]
650,रसायनशास्त्र में पीएचडी मिली थी।,0,[],[]
651,मेरे पास आपके प्रश्न का उत्तर नहीं है।,0,[],[]
652,मेरे पास आपके प्रश्न का उत्तर नहीं है। प्रश्न में कोई संबंधित जानकारी नहीं है जिसके आधार पर उत्तर तैयार किया जा सके।,0,[],[]
653,अमेरिका से थे।,0,[],[]
654,उत्तर: युद्धों के समय आवश्यकता के दबाव में शोध किया गया था।,0,[],[]
655,"कुनैन का प्राकृतिक स्रोत सिन्कोना के पेड़ हैं, जो अभी तक कुनैन के एकमात्र वाणिज्यिक, मितव्ययी व व्यवहारिक स्रोत हैं।",0,[],[]
656,अप्रैल से अप्रैल तक तेज उत्तर-पूर्वी हवाएँ बहना शुरू होती हैं।,0,[],[]
658,मेरे पास आपके प्रश्न का उत्तर नहीं है।,0,[],[]
659,कच्ची सड़कें हैं।,0,[],[]
660,१९८५ में वाशिंगटन विश्वविद्यालय से मेडिसिन की डिग्री हसिल की।,0,[],[]
661,"समय से पहले दफन करने के कारण निम्न में से किसी भी कारण से मौत हो सकती है: दम घुटना, निर्जलीकरण, भुखमरी, या (ठंडे मौसम में) हाइपोथर्मिया।",0,[],[]
662,सारा पॉलिन ने 2006 से 2009 तक अलास्का में गवर्नर के रूप में अपनी सेवा दी थी।,0,[],[]
665,"पॉलिन सार्वजनिक विद्यालयों में यौन शिक्षा का समर्थन करती हैं, जो गर्भनिरोध के साथ-साथ संयम को बढ़ावा देते हैं।",0,[],[]
666,18वीं शताब्दी के शुरुआती दौर में सैन्य गढ़ के रूप में स्पेनियो ने मोटेवीडियो की स्थापना की थी।,0,[],[]
667,उरुग्वे का समुद्र तट 410 मील (660 किमी) लंबा है।,0,[],[]
668,उरुग्वे को 25वां सबसे कम भ्रष्ट देशों में गिना जाता है।,0,[],[]
669,"परिणामों का अध्ययन और संग्रह का कोई संबंध हिन्द-यवन राज्य, संयुक्त राज्य अमेरिका जनगणना ब्यूरो, सिरैक्यूज़ स्नातक, प्राचीन एथेंस, प्लाज्मा और एड्रीनर्जिक से नहीं है। मेरे पास आपके प्रश्न का उत्तर नहीं है।",0,[],[]
670,क्लोनिडीन मस्तिष्क में मौजूद कैटेकोलामीन की नकल करता है।,0,[],[]
671,"द गुड, द बैड एंड द अग्ली को सर्वश्रेष्ठ पश्चिमी फिल्म के रूप में मान्यता मिली है।",0,[],[]
672,16 बिट रंग स्क्रीन लगा हुआ है।,0,[],[]
673,फ्लोरिडा बस विरोध 1956-1957 में हुआ था।,0,[],[]
674,लॉरी प्रिट्चेट को असफल अभियान के लिए दोषी ठहराया गया था।,0,[],[]
675,राजा को 12 अप्रैल 1963 को गिरफ्तार किया गया था।,0,[],[]
676,संवैधानिक नहीं हो सकता है वह आदेश जिसका पालन किया गया था और जिसके तहत ललकारा गया था और समर्थकों को गिरफ्तारी की तैयारी की गई थी।,0,[],[]
677,रेवरेंड ए.डी.,0,[],[]
677,किंग का घर था।,0,[],[]
678,मेरे पास आपके प्रश्न का उत्तर नहीं है।,0,[],[]
679,जिम क्लार्क थे।,0,[],[]
680,जिमी ली जैक्सन की हत्या के कारण एमएलके के मार्च की चिंगारी भड़की थी।,0,[],[]
681,उत्तर: 600 लोगों ने मार्च किया।,0,[],[]
682,मेरे पास आपके प्रश्न का उत्तर नहीं है।,0,[],[]
683,"हिंदी में उत्तर: 250,000 नए अश्वेत मतदाताओं को पंजीकृत किया गया था और चार साल के भीतर, दक्षिण में मतदाता पंजीकरण दोगुना से अधिक था।",0,[],[]
684,मेरे पास आपके प्रश्न का उत्तर नहीं है।,0,[],[]
685,"250,000 नए अश्वेत मतदाता पंजीकृत किया गया था।",0,[],[]
687,"नोबेल शांति पुरस्कार प्राप्त करने के बाद, किंग का कैरियर निराशायुक्त चुनौतियों से भरा हुआ था।",0,[],[]
688,फुटबॉल।,0,[],[]
689,जेनिस ऐलेन वोस ने पांच बार अंतरिक्ष में उड़ान भरी थी।,0,[],[]
690,"यूसीएलए (University of California, Los Angeles) का संक्षिप्त नाम है।",0,[],[]
691,उत्तर: उत्तरी परिसर और दक्षिणी परिसर।,0,[],[]
693,१९९१ के बाज़ार-आधारित सुधारों के बाद भारत विश्व की सबसे तेज़ विकसित होती बड़ी अर्थ-व्यवस्थाओं में से एक हो गया है।,0,[],[]
694,भारत की न्यायपालिका में २४ उच्च न्यायालयों का उपयोग किया जाता है।,0,[],[]
695,मेरे पास आपके प्रश्न का उत्तर नहीं है।,0,[],[]
696,मिलान में कैथोलिक धर्म प्रचलित है।,0,[],[]
697,सैन सिरो,0,[],[]
698,रोजर फ़ेडरर ने रफ़ाएल नदाल से हारा था।,0,[],[]
699,"""सज्जनों, यह कोई पाखंड नहीं है।""",0,[],[]
700,महारानी विक्टोरिया को क्लोरोफॉर्म दिया गया था।,0,[],[]
701,"महिलाएं विशेष रूप से पैरों और पेल्विस की हड्डियों के फ्रैक्चर से प्रभावित होती हैं, especialmente बुजुर्ग महिलाओं में।",0,[],[]
703,"मिटिओरा की एकल रचनाओं ने रेडियो पर उल्लेखनीय रूप से ध्यानाकर्षित किया, जिनमें शामिल हैं ""समवेयर आई बिलॉन्ग"", ""ब्रेकिंग द हैबिट"", ""फ़ेन्ट"" और ""नम्ब""।",0,[],[]
707,बैंड ने एल्बम के निर्माण में चौदह महीने व्यतीत किए।,0,[],[]
708,"लिंकिन पार्क के 2007 एल्बम ""मिनट्स टू मिडनाइट"" का निर्माण निर्माता रिक रूबिन ने किया था।",0,[],[]
709,"सेवाएँ एक संचार समझौते का पालन करती हैं, जैसा कि सामूहिक रूप से एक या अधिक सेवा-विवरण दस्तावेजों के द्वारा परिभाषित किया गया है।",0,[],[]
710,मेरे पास आपके प्रश्न का उत्तर नहीं है।,0,[],[]
711,युवा लड़कियां अपने लंबे बालों को स्विंग करके और संगीत के मजबूत धड़कन के समय में अपने शरीर को घुमाने के द्वारा नृत्य करती हैं।,0,[],[]
712,"हिंदी में उत्तर: वीवा, आसमां, श्वेता शेट्टी, जैस्मिन और स्टाइल भाई।",0,[],[]
713,लकड़ी में सेलूलोज की मात्रा करीब 50 प्रतिशत होती है।,0,[],[]
714,"बायोपॉलिमर कई बार विशिष्ट आकारों में दोहरे हो जाते हैं, जिससे उनके जैविक कार्यकलाप निर्धारित होते हैं।",0,[],[]
715,अमीनो एसिड अवशेषों के साथ पॉलिपेप्टाइड पाएंगे।,0,[],[]
716,मेरे पास आपके प्रश्न का उत्तर नहीं है।,0,[],[]
717,आप्टिकल ट्वीजर और परमाणु बल माइक्रोस्कोपी से बायोपॉलिमर के यांत्रिक गुणों को मापा जा सकता है।,0,[],[]
718,राज पूजा से प्यार होने के बावजूद टीना के प्रति आकर्षण रखता है।,0,[],[]
719,भारत में लौट आता है।,0,[],[]
721,परिवार नौकरी के लिए इंग्लैंड जाने के लिए जगह छोड़ कर गया था।,0,[],[]
722,पूजा और राज को एक दूसरे के लिए अपने प्यार की खोज करते हैं और शादी करने का फैसला करते हैं।,0,[],[]
725,शरद सक्सेना है विक्रम सिन्हा का दूसरा नाम।,0,[],[]
726,"कॉपरमाइन नदी १,००० फुट की ऊँचाई पर स्थित प्वाइंट झील से निकलती है।",0,[],[]
727,"हूलोक्स में लिंग भेद किया जाता है आंखों और मुँह के इर्द-गिर्द बने श्वेत चक्र के आधार पर। नर काले होते हैं और इनकी आँखों की भौं अलग-सी श्वेत दिखती हैं, जबकि मादाएँ भूरा-खाकी रंग रखती हैं जो गर्दन व छाती पर गाढ़ा और काला-सा होता है।",0,[],[]
728,जन्म के समय होल्स का रंग श्वेत या भूरा होता है।,0,[],[]
729,"मेरे पास आपके प्रश्न का उत्तर है। औसत जीवन प्रत्याशा का उल्लेख प्रजनन में नहीं किया गया है, लेकिन वन में इनका औसत जीवनकाल लगभग २५ वर्ष है।",0,[],[]
730,जन्म लेनें के ६ मास के बाद नरों का रंग काला होने लगता है।,0,[],[]
735,कांग ने एशर का उपयोग किया था।,0,[],[]
736,सेर्बेरस कोड,0,[],[]
737,मेरे पास आपके प्रश्न का उत्तर नहीं है।,0,[],[]
740,"2002 में इरना से ""दी स्कोर्पियन किंग"" के लिए गीत लिखने और प्रदर्शन करने को कहा गया।",0,[],[]
741,"गॉडस्मैक के एल्बम ""फेसलेस"" की पूरे संयुक्त राज्य अमेरिका में दस लाख से अधिक प्रतियाँ बिक गईं।",0,[],[]
743,मेरे पास आपके प्रश्न का उत्तर नहीं है।,0,[],[]
744,फिल्म क्रैश ने घरेलू रूप से 53.4 मिलियन डॉलर की कमाई की।,0,[],[]
745,उज्बेकिस्तान ने 1992 में यूनिफाइड टीम का हिस्सा था और ओलंपिक खेलों में भाग लिया।,0,[],[]
746,ब्रिटिश राजशाही का आधिकारिक निवास बकिंघम पैलेस में ब्रिटिश राजा या रानी रहता है।,0,[],[]
748,महल के कार्यालयों और स्टाफ़ के साथ-साथ महल की डिजाइन की त्रुटियों को ठीक करने के लिये प्रिंस अल्बर्ट ने स्वयं घर के कार्यालयों और स्टाफ़ के साथ-साथ महल की डिजाइन की त्रुटियों को ठीक करने का विचार किया।,0,[],[]
749,विंडसर कासल में ही आयोजित किये जाते थे।,0,[],[]
750,राजकीय कक्षों का केंद्र म्यूजिक रूम है।,0,[],[]
751,"चीनी लंच रूम की एक प्रमुख विशेषता लाल और नीले रंग का चीनी लंच रूम है, जो ब्राइटन बैंकटिंग और म्यूजिक रूम के हिस्सों से मिलकर बना है।",0,[],[]
752,मेरे पास आपके प्रश्न का उत्तर नहीं है।,0,[],[]
753,"दिल्ली दरबार के महल का माप 120 फीट लंबा, 59 फीट चौड़ा और 44 फीट ऊंचा है।",0,[],[]
755,म्युजिशियंस गैलरी में एक मिलिट्री बैंड बजाया जाता है।,0,[],[]
756,मखमल से बनाया जाता है।,0,[],[]
757,राजकीय भोज किसी राज्य के प्रमुख की राजकीय यात्रा की पहली शाम को आयोजित किये जाते हैं।,0,[],[]
758,स्पेस और लाइट का मनमोहक दृश्य दिखाई पड़ता है।,0,[],[]
759,मेरे पास आपके प्रश्न का उत्तर नहीं है।,0,[],[]
760,"महारानी के पहले तीन बच्चों का नामकरण पैलेस चैपेल में हुआ था, लेकिन डब्ल्यू डब्ल्यू2 के बाद से शाही नामकरण अक्सर म्यूजिक रूम में हुआ है।",0,[],[]
761,महारानी के पहले तीन बच्चों का नामकरण संगीत कक्ष में हुआ था।,0,[],[]
762,"छोटे समारोह अधिक संख्या में ""1844 रूम"" में होते हैं।",0,[],[]
763,रानी एलेक्जेंड्रा है।,0,[],[]
764,"द्वितीय विश्व युद्ध के दौरान ब्रिटेन के सभी सिनेमाघरों में शाही महल में बमबारी का प्रदर्शन किया गया क्योंकि यह एक सामान्य मुश्किल का प्रतिनिधित्व करता था, जिसका सामना आम जनता और अमीर दोनों ने किया था।",0,[],[]
765,"पूर्ण रूप से प्रतिबंध था युद्ध कालीन कवरेज का प्रतिबंध, जिसके तहत बम विस्फोटों की कवरेज पूरी तरह से प्रतिबंधित कर दी गई थी।",0,[],[]
766,"एडिनबर्ग की अर्थव्यवस्था में बैंकिंग 1695 से एक मुख्याधार रही है, जब से बैंक ऑफ़ स्काॅटलैंड की स्थापना हुई थी।",0,[],[]
768,लेक्स लूथर आर्खम असायलम से भाग निकलता है।,0,[],[]
769,बेन एफ्लेक की भूमिका कार्यकारी निर्माता के रूप में थी।,0,[],[]
770,भ्रष्टाचार के परिणामस्वरूप भारत का आंशिक नियंत्रण ब्रिटिश सरकार ने 1773 में ग्रहण किया।,0,[],[]
771,राष्ट्रपति निभाता है।,0,[],[]
772,परिषद को 3 सदस्यों तक सीमित कर दिया गया था १७८४ में।,0,[],[]
773,१७८६ में गवर्नर-जनरल की शक्ति में भारी वृद्धि हुई।,0,[],[]
774,मेरे पास आपके प्रश्न का उत्तर नहीं है।,0,[],[]
775,हिंदी में उत्तर: सरकारी विधानों पर काम करने वाला समूह राज्य परिषद है।,0,[],[]
776,मेरे पास आपके प्रश्न का उत्तर नहीं है।,0,[],[]
777,मेरे पास आपके प्रश्न का उत्तर नहीं है।,0,[],[]
778,वाइसरीगल लॉज (Viceregal Log),0,[],[]
779,ब्लैक रम्प्ड फ्लेमबैक की लम्बाई 26-29 सेंमी है।,0,[],[]
780,उत्तर: 1000 मीटर तक की कम ऊंचाई पर मिलती है।,0,[],[]
781,ऐमलथीया का रंग काफ़ी लाल है।,0,[],[]
782,"बाढ़ में डूबे हुए जानवरों की अनुमानित संख्या लगभग ३०,००० है।",0,[],[]
783,"बाढ़ के कारण ३०,००० लोगों को निकाला गया।",0,[],[]
784,मेरे पास आपके प्रश्न का उत्तर नहीं है। मीनार के बारे में कोई जानकारी उपलब्ध नहीं है।,0,[],[]
786,एडमंड बेक्केट डेनिसन का नाम उल्लेख किया गया है।,0,[],[]
787,पेंडुलम के शीर्ष पर पुराने सिक्कों का ढेर है ताकि घड़ी के समय को समायोजित करने के लिए है।,0,[],[]
788,घड़ी रखरखाव के दौरान इलेक्ट्रिक मोटर द्वारा संचालित होती है।,0,[],[]
789,"वेस्टमिंस्टर क्वार्टर में चार तिमाही घंटिया G, F, E और B बजती हैं।",0,[],[]
790,मेरे पास आपके प्रश्न का उत्तर नहीं है।,0,[],[]
791,बेला एक संकोची लड़की है।,0,[],[]
792,बेला समय के साथ एड्वर्ड के प्यार में पड़ जाती है।,0,[],[]
793,मेरे पास आपके प्रश्न का उत्तर नहीं है।,0,[],[]
794,"मृत ब्रिटिश सैनिकों के शवों को एक गहरे गड्ढे में दफना दिया गया था, लेकिन मृत भारतीय सिपाहियों के शवों को यूँ ही सड़ने के लिए छोड़ दिया गया था।",0,[],[]
795,मेरे पास आपके प्रश्न का उत्तर नहीं है।,0,[],[]
796,मेरे पास आपके प्रश्न का उत्तर नहीं है।,0,[],[]
797,मेरे पास आपके प्रश्न का उत्तर नहीं है।,0,[],[]
798,हिम्बा लोगों द्वारा बोली गई भाषा हीरीरो भाषा से मिलती जुलती है।,0,[],[]
799,"हीरीरोलैण्ड के क्षेत्रों में ओमाहिके क्षेत्र, ओट्जोज़ोण्ड्जुपा और कुनेने क्षेत्र शामिल हैं।",0,[],[]
801,भगवान विष्णु का प्रतिनिधित्व दस अवतारों द्वारा किया जाता है।,0,[],[]
802,चेक गणराज्य और स्लोवाकिया ने 1994 में ओलंपिक में स्वतंत्र टीमों को भेजा।,0,[],[]
803,1980,0,[],[]
804,लाओस में मुख्य राजधानी व्येन्त्यान मानी जाती है।,0,[],[]
805,"रोजमैरी, नी पोडरास्की",0,[],[]
806,रॉबर्ट्स ने फुटबॉल टीम के कप्तान थे।,0,[],[]
807,चूहा सबसे पहले आता है।,0,[],[]
808,अनुष्का शंकर ने अपने वयस्क जीवन में लंदन और दिल्ली के बीच विभाजित किया था।,0,[],[]
809,मेरे पास आपके प्रश्न का उत्तर नहीं है।,0,[],[]
811,मेरे पास आपके प्रश्न का उत्तर नहीं है।,0,[],[]
812,"बायरामोव की स्वदेश-भक्तिपूर्ण पेंटिंग का नाम ""सीमावर्ती सहायता"" है।",0,[],[]
813,मेरे पास आपके प्रश्न का उत्तर नहीं है।,0,[],[]
814,मेरे पास आपके प्रश्न का उत्तर नहीं है।,0,[],[]
815,बायरामोव ने सांस्कृतिक हस्तियां श्रृंखला की शुरुआत की।,0,[],[]
816,वर्ष 1984 में बायरामोव को द्वितीय पुरस्कार से सम्मानित किया गया था।,0,[],[]
817,मेरे पास आपके प्रश्न का उत्तर नहीं है।,0,[],[]
818,मेरे पास आपके प्रश्न का उत्तर नहीं है।,0,[],[]
819,चीन में 6वी जनसंख्या गणना 1 नवंबर 2010 को आयोजित की गई थी।,0,[],[]
820,"चीन की जनसंख्या वृद्धि दर केवल 0.59% है, जो दुनिया में 159 वें स्थान पर है।",0,[],[]
821,संवैधानिक अर्थशास्त्र के दायरे के भीतर आता है।,0,[],[]
822,जेम्स एम.,0,[],[]
823,"बैंक का काम सॉफ्टवेयर की मदद से कम किया गया है लेनदेन की रिकॉर्डिंग, पासबुक रखरखाव, ब्याज की तरह बैंकिंग के मुख्य कार्यों ऋण और जमा ग्राहक रिकॉर्ड, भुगतान और वापसी के संतुलन पर गणना करने के लिए। सॉफ्टवेयर ने बैंकों के ग्राहकों को संचालित करने की अनुमति देता है और कंप्यूटर के माध्यम से परस्पर है टेलीफोन, उपग्रह और इंटरनेट पर आधारित नेटवर्क।",0,[],[]
824,मुक्केबाजी (छह पदक) के साथ सबसे सफल खेल है।,0,[],[]
825,मेरे पास आपके प्रश्न का उत्तर नहीं है।,0,[],[]
826,मेरे पास आपके प्रश्न का उत्तर नहीं है।,0,[],[]
827,पाल्मा शहर का महल संग्रहालय 1932 में बना था।,0,[],[]
828,संसद भंग होने पर भारतीय संविधान की आवश्यकता होती है लोक सभा के चुनाव का आयोजन।,0,[],[]
829,मेरे पास आपके प्रश्न का उत्तर नहीं है।,0,[],[]
830,आग और भवन आवरण तापीय प्रतिरोध के प्रभाव का अध्ययन करने के लिए गर्मी प्रवाह सेन्सर का उपयोग किया जाता है।,0,[],[]
831,उज़बेक भाषा और उइग़ुर भाषा चग़ताई के सबसे क़रीब हैं।,0,[],[]
832,मेरे पास आपके प्रश्न का उत्तर नहीं है।,0,[],[]
833,कोर्निएन्को ने १९७७ में स्कूल से स्नातक होने पर किया था।,0,[],[]
835,मेरे पास आपके प्रश्न का उत्तर नहीं है।,0,[],[]
837,मेरे पास आपके प्रश्न का उत्तर नहीं है।,0,[],[]
838,"हाँ, जानवर अंततः तस्मानिया में संकटग्रस्त हो गए।",0,[],[]
839,"मछलियों का आकार छोटा होता है, लगभग १० सेंटीमीटर है।",0,[],[]
840,रग्बी है।,0,[],[]
841,15 अगस्त 2008 तक।,0,[],[]
842,मेरे पास आपके प्रश्न का उत्तर नहीं है।,0,[],[]
843,मेरे पास आपके प्रश्न का उत्तर नहीं है।,0,[],[]
845,2010 में ब्रिट अवार्ड्स में क्रिटिक्स चॉइस अवार्ड जीतीं।,0,[],[]
846,रन इन द लाइट (Run in the Light),0,[],[]
847,ब्राइट लाइट्स एल्बम को मार्च 2010 में रिलीज किया गया था।,0,[],[]
848,"""आपका सॉन्ग""",0,[],[]
849,हिंदी में उत्तर: पूर्ण एल्बम हैं।,0,[],[]
850,हेल्सीन,0,[],[]
851,"नए एल्बम का लीड सिंगल ""कुछ भी हो सकता है"" था।",0,[],[]
852,15 फरवरी की आधिकारिक रिलीज की तारीख से पहले वीडियो को 22 जनवरी को यूट्यूब पर जारी किया गया था।,0,[],[]
853,करीम झाँसी को मुंशी की उपाधि दी गई थी।,0,[],[]
854,अंग्रेज़ी Sweating Sickness (लातिन : sudor anglicus),0,[],[]
855,हेनरी सातवें का शासनकाल।,0,[],[]
857,मेरे पास आपके प्रश्न का उत्तर नहीं है।,0,[],[]
858,मार्गा फॉलस्टिच का पेशा रसायनज्ञ था।,0,[],[]
860,मेरे पास आपके प्रश्न का उत्तर नहीं है।,0,[],[]
861,जेना सोवियत व्यवसाय क्षेत्र से संबंधित थी।,0,[],[]
862,लैंडशॉट में एक नई शोध प्रयोगशाला का निर्माण किया गया था।,0,[],[]
865,मार्गा फ़ाउलस्टिच को १९७३ में सम्मानित किया गया था।,0,[],[]
866,लीग से दूर जाने पर विचार किया गया था दस क्लबों ने।,0,[],[]
867,"मेरे पास आपके प्रश्न का उत्तर नहीं है। प्रीमियर लीग में योगदान के लिए किस मीडिया प्रारूप को दर्शाया गया है, इसका उल्लेख नहीं है उपलब्ध जानकारी में।",0,[],[]
868,दास व्यापार।,0,[],[]
870,थ्रोनी आईलैंड के नाम से मशहूर था।,0,[],[]
871,वेस्टमिंस्टर को पहले थ्रोनी द्वीप कहा जाता था।,0,[],[]
872,कॉलिज ग्रीन हाउस ऑफ लॉर्ड्स के दूसरी तरफ के क्षेत्र का नाम है।,0,[],[]
873,पैलेस ऑफ वेस्टमिंस्टर में समितियों के कमरे और कार्यालय शीर्ष दो मंजिलों पर पाए जाते हैं।,0,[],[]
874,वेस्टमिंस्टर पैलेस में चार तल हैं।,0,[],[]
875,क्रॉसबैंचर्स ऊन की थैलियों विपरीत सदन के बीच में बेंच पर बैठते हैं।,0,[],[]
876,"सरकार का प्रत्येक सदस्य लार्ड्स का चैम्बर में भाग लेता है, जहां संसद का राजकीय उद्घाटन होता है।",0,[],[]
878,चैंबर में 650 में से 427 सदस्य बैठ सकते हैं।,0,[],[]
879,"19वीं शताब्दी से पहले घर का उद्देश्य प्रायः सुरक्षा और संरक्षण था। घर एक सुरक्षित स्थान था जहां लोग सुरक्षित रह सकते थे और अपने सामान और परिवार की सुरक्षा कर सकते थे। इसके अलावा, घर एक स्थान था जहां लोग अपने सामाजिक और आर्थिक संबंधों का निर्माण कर सकते थे।",0,[],[]
880,वेस्टमिंस्टर हॉल में नए राजाओं को सम्मानित करने का राज्याभिषेक भोज बारहवीं सदी से लेकर उन्नीसवीं सदी तक हुआ था।,0,[],[]
881,राज्य के अंतिम संस्कार वेस्टमिन्स्टर हॉल में होते हैं।,0,[],[]
882,चर्चिल ने हॉल का अंतिम बार 1965 में उपयोग किया था।,0,[],[]
883,1999 में सुधार किए गए थे।,0,[],[]
884,मेरे पास आपके प्रश्न का उत्तर नहीं है।,0,[],[]
885,"यदि विस्फोट सफल होता, तो राजा और उसके परिवार और अभिजात वर्ग के अधिकांश सदस्य मारे जाते और महल नष्ट हो जाता.",0,[],[]
886,एलिसा की भूमिका सारा कासिडी की १७ साल की बेटी है।,0,[],[]
887,इस गिरजाघर का निर्माण लुईस मेंदेज़ पेदल ने करवाया था।,0,[],[]
888,इलेक्ट्रॉनिक आर्ट्स ने सितम्बर 2007 में डेड स्पेस की घोषणा की।,0,[],[]
889,मेरे पास आपके प्रश्न का उत्तर नहीं है।,0,[],[]
890,इसकी लंबाई लगभग 100 किलोमीटर (62 मील) है।,0,[],[]
891,मेरे पास आपके प्रश्न का उत्तर नहीं है।,0,[],[]
892,मार्टी के साथ जबरदस्ती करने की कोशिश करता है।,0,[],[]
893,मेरे पास आपके प्रश्न का उत्तर नहीं है।,0,[],[]
894,"बैक टू द फ्यूचर प्रीमियर 3 जुलाई 1985 को उत्तर अमेरिका के 1,200 सिनेमाघरों में प्रदर्शित हुई थी।",0,[],[]
895,उत्तरी अमेरिका में बैक टू द फ्यूचर ने कुल 210.61 मिलियन डॉलर की कमाई की।,0,[],[]
896,मारुति उद्योग लिमिटेड की स्थापना फरवरी १९८१ में हुई थी।,0,[],[]
897,"स्केलेटन को 1928 में सेंट मोरिट्स में शीतकालीन ओलंपिक में लाया गया था, लेकिन फिर 1948 के शीतकालीन ओलंपिक में लड़े और बंद कर दिया गया। इसके बाद 2002 के शीतकालीन ओलंपिक में फिर से शुरू किया गया था।",0,[],[]
898,मेरे पास आपके प्रश्न का उत्तर नहीं है।,0,[],[]
899,लियोनेल गुरेन के अलावा निजी निवेशकों (80.5%) और ब्रिट एयर (19.5%) के स्वामित्व में है।,0,[],[]
900,डॉक्सिंग इफेक्ट का मतलब है कि किसी के पास कोई प्रासंगिक जानकारी नहीं है जिसके आधार पर उत्तर तैयार किया जा सके। मेरे पास आपके प्रश्न का उत्तर नहीं है।,0,[],[]
901,मेरे पास आपके प्रश्न का उत्तर नहीं है।,0,[],[]
902,बाल्टिक सागर है।,0,[],[]
903,उत्तर: उत्तर पोलैंड में कानूनी तौर पर झीलों और नदियों के साथ आर्द्रभूमि संरक्षित है।,0,[],[]
905,वाइकिंग लोग अपने मशहूर लांगशिपों में यात्रा करते थे।,0,[],[]
907,छवि विभेदन (Image resolution) अक्सर तस्वीरों के संबंध में कई तरीकों से मापा जाता है।,0,[],[]
908,3.1 मेगापिक्सेल हैं。,0,[],[]
909,- मेरे पास आपके प्रश्न का उत्तर नहीं है।,0,[],[]
910,लाल मस्जिद का निर्माण १९६५ में किया गया था।,0,[],[]
911,मेरे पास आपके प्रश्न का उत्तर नहीं है।,0,[],[]
912,कुरसन परिवार के पास ही मोरिसन की अप्रकाशित कविता का अधिकार है।,0,[],[]
916,तेल को फ़िल्टर और प्रक्षालित किया जाता है।,0,[],[]
917,मीनाक्षी शेषाद्रि को १९८१ में मिस इंडिया का ताज पहनाया गया था।,0,[],[]
919,जैकी से चेतावनी मिली है।,0,[],[]
920,मेरे पास आपके प्रश्न का उत्तर नहीं है।,0,[],[]
921,लुइस लेटरियर ने फिल्म का निर्देशन किया है।,0,[],[]
922,स्टर्न पर आक्रमण करता है।,0,[],[]
923,फ़ातिमा बेगम की नागरिकता भारतीय थी।,0,[],[]
924,बुलबुल-ए-पेरिसतान,0,[],[]
925,मेरे पास आपके प्रश्न का उत्तर नहीं है।,0,[],[]
926,समाजवादी देशों से आने वाले लोगों के लिए एक सितारा वाले सिक्के प्रयोग में लाए जाते थे।,0,[],[]
927,गरान ऍलड विक लिंडस्ट्रांड दवारा बनाई एक मूर्ति है जो ऊमेओ शहिर के ऊमेओ सैंट्रल स्टेशन के सामने उपस्थित है। यह 9 मीटर लंबी है।,0,[],[]
928,मेरे पास आपके प्रश्न का उत्तर नहीं है।,0,[],[]
929,मेरे पास आपके प्रश्न का उत्तर नहीं है।,0,[],[]
930,मोरक्को ने शीतकालीन ओलंपिक में छह अवसरों पर हिस्सा लिया है।,0,[],[]
931,मेरे पास आपके प्रश्न का उत्तर नहीं है।,0,[],[]
932,हत्तर को 25 सितम्बर 2016 को मारा गया था।,0,[],[]
933,"शाही लोग संप्रभु और उसके तत्काल परिवार के सदस्य देश के विभिन्न आधिकारिक, औपचारिक और प्रतिनिधि कार्यों का निर्वाह करते हैं।",0,[],[]
934,"1649 से 1660 में राजतंत्र की परंपरा को तोड़ने वाला पहला देश इंग्लैंड था। इस दौरान इंग्लैंड में अंग्रेज़ी राष्ट्रमंडल के नाम से एक क्षणिक गणतांत्रिक काल चला, जो तीन राज्यों के युद्ध के बाद अस्तिव में आया।",0,[],[]
935,मेरे पास आपके प्रश्न का उत्तर नहीं है।,0,[],[]
936,"तारे का नक्षत्रीय वर्गीकरण किया जाता है उसके सPECTRAL TYPE के आधार पर। बेटा ध्रुवमत्स्य एक K4 III श्रेणी का नारंगी दानव तारा है, जिसका मतलब है कि इसका सPECTRAL TYPE K4 III है।",0,[],[]
937,माउण्टबैटन योजना के नाम से जाना जाता है।,0,[],[]
938,हिंदू धर्म।,0,[],[]
939,उत्तर: जैक बार्ट्स है।,0,[],[]
940,अब्राहम लिंकन के पिता थाॅमस को बर्खास्त कर दिया गया था।,0,[],[]
941,एडम लिंकन का अपहरण करता है।,0,[],[]
942,मेरे पास आपके प्रश्न का उत्तर नहीं है।,0,[],[]
943,मेरे पास आपके प्रश्न का उत्तर नहीं है।,0,[],[]
944,मेरे पास आपके प्रश्न का उत्तर नहीं है।,0,[],[]
945,हिंदी में उत्तर: मेरे पास आपके प्रश्न का उत्तर नहीं है।,0,[],[]
946,मेरे पास आपके प्रश्न का उत्तर नहीं है।,0,[],[]
949,इथियोपिया को १९४२ से १९९१ तक १३ प्रान्तों में विभाजित किया गया था।,0,[],[]
950,नुप्त्से हिमालय के महालंगूर हिमाल नामक खण्ड के खुम्बु क्षेत्र में स्थित एक पर्वत है और एवरेस्ट पर्वत से २ किमी पश्चिम-दक्षिनपश्चिम में स्थित है।,0,[],[]
951,मज़दूरों पर सिलिका धूल का बुरा असर पड़ा क्योंकि उन्हें सुरक्षा उपकरण जैसे नकाब (मास्क) या श्वसन यंत्र नहीं प्रदान किए गए थे।,0,[],[]
952,इंजन सैन्य एवं नागरिक उड्डयन और अंतरिक्ष अन्वेषण कार्यक्रमों के लिए बनाए जाते हैं।,0,[],[]
953,यह इकाई टाइटेनियम का उत्पादन करती है।,0,[],[]
954,मेरे पास आपके प्रश्न का उत्तर नहीं है।,0,[],[]
955,नैन्सी सुलिवन।,0,[],[]
956,बेनोइट के घर में पाया गया था।,0,[],[]
957,डिर्क सेगर एक जर्मन पत्रकार थे।,0,[],[]
958,EVE का संक्षिप्त नाम एक्सट्राटेरेस्ट्रियल वेजीटेशन इवैल्यूटर है।,0,[],[]
959,मेरे पास आपके प्रश्न का उत्तर नहीं है।,0,[],[]
961,एलिज़ाबेथ की बहन राजकुमारी मार्गरेट है।,0,[],[]
962,द लिटिल प्रिन्सेज़ेज़ (The Little Princesses),0,[],[]
964,18 मई को।,0,[],[]
965,मेरे पास आपके प्रश्न का उत्तर नहीं है।,0,[],[]
966,20 से ज्यादा देशों को ब्रिटेन से स्वतंत्रता मिली।,0,[],[]
967,अफ्रीका उपनिवेश शासन से स्वतंत्र होना 1960 और 1970 के दशक में शुरू हुआ। इस दौरान ब्रिटिश उपनिवेश से स्वतंत्रता पाने वाले अफ्रीकी देशों की संख्या में तेजी से इज़ाफा हुआ। २० से ज्यादा देशों को ब्रिटेन से स्वतंत्रता मिली।,0,[],[]
968,मेरे पास आपके प्रश्न का उत्तर नहीं है।,0,[],[]
969,महारानी पर पास से ६ नकली गोलियाँ चलाई गईं थीं।,0,[],[]
970,महारानी ने उत्तरी आयरलैंड में शांति बहाली के ब्लेयर के प्रयासों की प्रशंसा की गई।,0,[],[]
971,मेरे पास आपके प्रश्न का उत्तर नहीं है।,0,[],[]
972,स्लोवाकिया ने पहली बार 1994 में ओलिंपिक खेलों में भाग लिया।,0,[],[]
973,मेरे पास आपके प्रश्न का उत्तर नहीं है।,0,[],[]
974,मेरे पास आपके प्रश्न का उत्तर नहीं है।,0,[],[]
975,मेरे पास आपके प्रश्न का उत्तर नहीं है।,0,[],[]
976,माइकल के साथ मेल है और बौद्धिक रूप से महोन की बराबरी पर है।,0,[],[]
977,पॉल शिउरिंग की रुचि थी।,0,[],[]
978,कनाडा में ओंटारियो में शामिल किया गया था।,0,[],[]
979,ऑस्ट्रेलिया ने श्रृंखला का प्रीमियर किया था।,0,[],[]
981,लिबरल फोरम आस्ट्रिया का एक उदार पंथी राजनीतिक दल है।,0,[],[]
982,"माउंट ताबवेमासना समुद्र स्तर से 6,165 फीट ऊपर है।",0,[],[]
983,प्रांतीय परिषदों (प्रोविंसियल काउंसिल),0,[],[]
984,देश में पेट्रोलियम भण्डार की कमी है।,0,[],[]
985,"फिल्म का हिंदी नाम ""हम दिल दे चुके सनम"" है।",0,[],[]
986,समीर का पात्र निभाने के लिए चुने गए अभिनेता का नाम सलमान खान है।,0,[],[]
989,"जब परजीवी जनित कारक माना जाता है, तो CSF (सेरोस्पिनल फ्लUID) में स्नोफिल्स (श्वेत रक्त कणिकाएं) की बहुतायत मौजूद होती है।",0,[],[]
990,"मेनिंजाइटिस मस्तिष्क की मेम्ब्रेन में संक्रमण के कारण होता है। इसके अलावा, यह गैर-संक्रामक कारकों के परिणामस्वरूप भी हो सकता है, जैसे कि मस्तिष्क आवरण में कैंसर, कुछ दवाएं, सरकॉएडोसिस, सिस्टोमिक लंप्स एराइथेमेटोसस, वैस्क्युलाइटिस, इपिडरमॉएड सिस्ट, डरमॉएड सिस्ट, सबअर्कनॉएड क्षेत्र में उत्तेजक पदार्थ, मोलारेट्स मेनिन्जाइटिस और माइग्रेन जैसे कारकों के कारण हो सकता है।",0,[],[]
992,वायरल मेनिंजाइटिस का कारण आम तौर पर एंटेरोवायरस के कारण होता है और सबसे आम रूप में यह मल संदूषण द्वारा फैलता है।,0,[],[]
993,मेरे पास आपके प्रश्न का उत्तर नहीं है।,0,[],[]
994,मस्तिष्क ज्वर से जीवित बचने वाले लोगों में बाद में असमर्थताएं होती हैं लगभग 15% लोगों में।,0,[],[]
995,हेमोफाइलस टीके के कारण मैनिंजाइटिस के मामलों में काफी कमी आई है।,0,[],[]
996,दिलबहार और नवबहार।,0,[],[]
997,आदिल को रिहा किया गया था।,0,[],[]
998,मेरे पास आपके प्रश्न का उत्तर नहीं है।,0,[],[]
1001,1976 में हुआ था।,0,[],[]
1002,शार्लेट मैरी म्यू एक अंग्रेजी कवियत्री थीं।,0,[],[]
1003,दक्षिण नाहानी नदी कनाडा के येलोनाईफ से ५०० किलोमीटर पश्चिम में स्थित है।,0,[],[]
1004,मेरे पास आपके प्रश्न का उत्तर नहीं है।,0,[],[]
1005,कोनरैड मारिया की मृत्यु 16 नवम्बर 1907 को हुई थी।,0,[],[]
1006,"परिवार का धर्म नहीं बताया गया है। लेकिन, स्टॉफ़ेनबर्ग परिवार दक्षिणी जर्मनी का सबसे पुराना और प्रतिष्ठित संभ्रांत कैथोलिक परिवारों में से एक है।",0,[],[]
1007,मेरे पास आपके प्रश्न का उत्तर नहीं है।,0,[],[]
1008,तख्तापलट विफल हो गया था।,0,[],[]
1009,नीना फ्रैन वों लेर्चेंनफील्ड से स्टॉफ़ेनबर्ग की पांच संतानें थीं।,0,[],[]
1011,"शैल के अनुसार हजेंस उनके $150,000 का कर्जदार है।",0,[],[]
1012,ओस्क्जुहलियो (Öskjuhlíð),0,[],[]
1013,रेक्जाविक विमानतल मुख्यत: घरेलू उड़ानों और ग्रीनलैंड और फ़रो द्वीप समूह तक की उड़ानों के लिए प्रयुक्त किया जाता है।,0,[],[]
1014,रेक्जाविक में दो बन्दरगाह हैं - पुराना बन्दरगाह और सुन्दाहोफ़्न।,0,[],[]
1016,2500 सैनिकों का वादा किया था।,0,[],[]
1017,पुणे भेजा गया।,0,[],[]
1019,मेरे पास आपके प्रश्न का उत्तर नहीं है।,0,[],[]
1020,मेरे पास आपके प्रश्न का उत्तर है। प्रत्येक तिमाही में पहले 5 महीनों में 28 SOLS है।,0,[],[]
1021,वर्ष में 12 महीने होते हैं।,0,[],[]
1022,गानगले ने 1975 में अमेरिकन वाइकिंग प्रोग्राम को सबसे पहली बार मान्यता देने का निर्णय किया था।,0,[],[]
1023,पश्चिमी शैली की शिक्षा भारत पर ब्रिटिश शासन के खिलाफ संघर्ष में सहायक नहीं होगी।,0,[],[]
1024,मेरे पास आपके प्रश्न का उत्तर नहीं है।,0,[],[]
1025,यह कार्य ८वीं से १२वीं शताब्दी के बीच के हैं।,0,[],[]
1026,१४वीं शताब्दी में सर्वदर्शनसंग्रह नाम से निकली थी।,0,[],[]
1027,"स्पेनी ग्रह युध में इस गिरजाघर का बहुत नुक्सान हुआ, इसलिए इसे अस्थायी रूप से जबरन बंद कर दिया गया था।",0,[],[]
1028,आभार से भविष्य कृतेसामाजिक व्यवहार सुदृढ़ हो सकता है।,0,[],[]
1031,तीन स्केलों की रचना की गई है।,0,[],[]
1032,"कृतज्ञता महसूस करने का लाभ है कि आभारी लोग ज्यादा खुश, कम उदास, कम थके हुए और अपने जीवन और सामाजिक रिश्तों से अधिक संतुष्ट होते हैं। आभारी लोगों में अपने वातावरण, व्यक्तिगत विकास, जीवन के उद्देश्य और आत्म स्वीकृति के लिए भी नियंत्रण स्तर उच्च होता है।",0,[],[]
1033,आभार (Gratitude) मानसिक स्वास्थ्य की सबसे मजबूत कड़ियों में से एक है और लोगों की बेहतर सोने में मदद भी करता है।,0,[],[]
1034,"आभारी लोगों के पास जीवन में आने वाली कठिनाइयों का सामना करने के लिए अधिक सकारात्मक तरीके होते हैं, उन्हें अन्य लोगों से समर्थन मिलने की संभावना अधिक होते है, वे अनुभव की पुनः व्याख्या करते है और उससे आगे बढ़ते है और समस्या के समाधान के लिए योजना बनाने में अधिक समय लगते हैं।",0,[],[]
1035,मेरे पास आपके प्रश्न का उत्तर नहीं है।,0,[],[]
1036,"आभार का कारण नहीं है, बल्कि आर्थिक उदारता के साथ सहसंबद्ध है। एक अध्ययन में पाया गया कि आभार आर्थिक उदारता के साथ सहसंबद्ध है और सीधे बढ़ी हुई मौद्रिक की मध्यस्थता के लिए बढे हुए आभार को दिखाया गया था।",0,[],[]
1038,जब किसी व्यक्ति का स्वास्थ्य उत्कृष्ट होता है तो आमतौर पर उसके पास आभार होता है।,0,[],[]
1039,राइफल की तीन किलोमीटर तक प्रहार करने वाली क्षमता है।,0,[],[]
1040,ड्वाइट डी.,0,[],[]
1041,"""एयर फोर्स वन""",0,[],[]
1043,जॉर्ज डब्ल्यू.बुश 9/11 के हमले के दौरान सारासोटा एम्मा ई.,0,[],[]
1043,बुकर प्राथमिक स्कूल में थे।,0,[],[]
1044,लिफ्टमास्टर एरिजोना में टुकसॉन के पिमा एयर एंड स्पेस संग्रहालय में प्रदर्शित है।,0,[],[]
1045,"देशपांडे के पहले उपन्यास का नाम ""द डार्क होल्ड्स नो टेरर"" है।",0,[],[]
1046,अल्फ़ा इंडी (α Indi) तारा पृथ्वी से 11.82 प्रकाश वर्ष दूर है (यह जानकारी हिन्दी तारामंडल का सब से रोशन तारा अल्फ़ा इंडी (α Indi) है जिसकी रोशनी (सापेक्ष कान्तिमान) 3.11 मैग्नीट्यूड है से प्राप्त हुई है।),0,[],[]
1047,"चार पात्र कैट, गारफील्ड, जॉन, और लेमैन थे।",0,[],[]
1048,इथियोपिया में बैंकिंग की शुरुआत १५ फ़रवरी १९०६ में हुई थी।,0,[],[]
1049,"सुल्तान महमद का पुत्र अहमद तृतीय था, जो उनके बाद अगला सुल्तान बना।",0,[],[]
1050,उत्तर: सुल्तान अहमद तृतीय ने पोलिश-लिथुआनियन राष्ट्रमंडल में रूस की दख़लअंदाज़ी के मामलों में हस्तक्षेप नहीं करने हेतु सहमत हुए।,0,[],[]
1051,नरम लकड़ी का यह पेड़ ३ से ७ मीटर लम्बा होता है।,0,[],[]
1052,भारतीय सेना के सैनिकों की मदद भारतीय वायु सेना करती है।,0,[],[]
1053,स्क्वाड्रन क्र.,0,[],[]
1053,1 का नाम था।,0,[],[]
1055,हिंदी में उत्तर: 1971 में हुआ था।,0,[],[]
1056,भारत ने पाकिस्तान के खिलाफ युद्ध में उतरा था।,0,[],[]
1058,ऑपरेशन मेघदूत शुरू किया गया था।,0,[],[]
1059,मेरे पास आपके प्रश्न का उत्तर नहीं है।,0,[],[]
1060,1924 ग्रीष्मकालीन ओलंपिक के बाद टेनिस को हटा दिया गया था।,0,[],[]
1061,मेरे पास आपके प्रश्न का उत्तर नहीं है।,0,[],[]
1062,ऊना कैस्टिला चैपलिन एक अभिनेत्री हैं।,0,[],[]
1063,"चैपलिन ने अपनी माता के साथ तीन फीचर फिल्मों में काम किया है: अकल्पनीय, ¿पारा क्यू सिर्व ओडी ओसो?",0,[],[]
1063,और इमागो मोर्टिस।,0,[],[]
1064,इक्वालाइज़र फिल्म 2014 में जारी की गई थी।,0,[],[]
1065,थोर फिल्म 2011 में रिलीज़ की गई थी।,0,[],[]
1066,1992 में यूनिफाइड टीम का हिस्सा थे।,0,[],[]
1067,इस प्रजाति को दक्षिणी भारत और श्रीलंका में समूहों में वितरित किया जाता है।,0,[],[]
1068,श्रीलंका की पहाड़ियों में पांच तक अंडे देखे गए हैं।,0,[],[]
1069,मेरे पास आपके प्रश्न का उत्तर नहीं है।,0,[],[]
1071,मेरे पास आपके प्रश्न का उत्तर नहीं है।,0,[],[]
1072,"हार्ट-स्पॉटेड कठफोड़वा (हेमीसिर्कस कैनेंटे) कठफोड़वा परिवार में पक्षियों की एक प्रजाति है जो सम्पूर्ण एशिया में पाया जाता है, विशेष रूप से दक्षिण-पश्चिमी और मध्य भारत के जंगलों में पाया जाता है।",0,[],[]
1073,"प्राकृतिक आवास उष्ण-कटिबंधीय तथा उपोष्ण-कटिबंधीय के जंगल भारत के हिमालय वनों, बांग्लादेश, म्यांमार, थाईलैंड, लाओस, कम्बोडिया तथा वियतनाम में पाए जाते हैं। भारत में वे पश्चिमी घाट तथा मध्य भारत के वनों में भी मिलते हैं।",0,[],[]
1074,मेरे पास आपके प्रश्न का उत्तर नहीं है।,0,[],[]
1075,"मेरे पास आपके प्रश्न का उत्तर नहीं है। लेकिन मैं आपको बता सकता हूँ कि आपके प्रश्न का संबंध किस सूची से है। आपके प्रश्न का संबंध ""निदान के लिये अक्सर सीने का रेडियोग्राफ उपयोग किया जाता है"" सूची से है, जिसमें निदान के लिए रेडियोग्राफ का उपयोग किया जाता है।",0,[],[]
1076,आख़ाल प्रान्त तुर्कमेनिस्तान की एक विलायत (यानि प्रान्त) है।,0,[],[]
1077,गुलाबो को विजय की कविताओं से अनुरक्त है और उससे प्रेम करने लग जाती है।,0,[],[]
1078,मेरे पास आपके प्रश्न का उत्तर नहीं है।,0,[],[]
1079,पैंटानल मुख्य रूप से ब्राज़ील के राज्य मातो ग्रोसो दो सुल में स्थित है।,0,[],[]
1080,पराग्वे नदी में पैंटानल के हिस्से वाले क्षेत्रों में जलस्तर दो से पाँच मीटर तक बढ जाता है।,0,[],[]
1081,रिपब्लिक ऑफ बेलारूस के उद्यमिता की स्टाईक कमेटी ने कैदियों की मदद की।,0,[],[]
1082,"नौकरशाह और उनका तत्काल परिवार यामेन से जुड़े आवास में सदियों से रह सकता था, लेकिन चिंग राजवंश के दौरान यह विशेषकर होता था जब किसी भी सरकारी अफ़सर के लिए अपने ही मातृप्रान्त में काम करने पर सख़्त​ मनाही थी।",0,[],[]
1083,नवंबर 2008 को रिलीज हुई।,0,[],[]
1084,सीबीएस कलर सिस्टम ब्लैक एंड व्हाइट सेट के साथ असंगत था।,0,[],[]
1085,"अमीन के शासन में 1,00,000 से 5,00,000 लोग मारे गए थे।",0,[],[]
1086,अमीन की मृत्यु लीबिया में हुई।,0,[],[]
1087,1998,0,[],[]
1088,एलिस सफेद खरगोश का पीछा करते हुए एक खरगोश की मांद के अन्दर जाती है।,0,[],[]
1090,लुईस कैरोल के उपन्यास ऐलिस एडवेंचर्स इन वंडरलैंड में सूअर का बच्चा था।,0,[],[]
1091,एलिस इन वंडरलैंड में नेव ऑफ़ हार्ट्स पर चोरी का मुकदमा चलाया जाता है।,0,[],[]
1092,मेरे पास आपके प्रश्न का उत्तर नहीं है।,0,[],[]
1095,अल-शौला (الشولاء‎),0,[],[]
1096,उत्तर: आयोवा,0,[],[]
1097,मेरे पास आपके प्रश्न का उत्तर नहीं है।,0,[],[]
1098,"खनन संसाधनों के प्रकार हैं: सीसा, कोयला, कुचला हुआ पत्थर, चूना पत्थर, मसाले, जड़ी-बूटियां, मसाले, चीज़, कृत्रिम योज्य, आलू, मक्का, मैदा, कसावा, क्रिस्प्स, नमक, सीजनिंग, जड़ी-बूटियां, मसाले, चीज़, कृत्रिम योज्य, बेकद ले'स, प्रिंगल्स, मॉन्स्टर मंच, टोटल रिकाल, द टर्मिनेटर, द रनिंग मैन, रेड प्लेनेट, मिशन टू मार्स, द लास्ट डे ऑन मार्स, एक्ज़ोडस : गाॅड्स एंड किंग्स, अमेरिकन गैंगस्टर, फ़िल्मांकन, साउंड स्टेज, निर्माण, सेट, स्पेससूट, वादी रम, मंगल, युनेस्को, जाॅर्डन, राॅयल ऑटोमोबाइल संग्रहालय, कैलिफोर्निया पुनर्मतदान, गवर्नर, डेविस, क्रूज़ बस्टामेंटे, टॉम मैक क्लिंटोक, झूस, मित्र देश, ब्रिटेन, अमेरिका, आईबीएम, मिसौरी, चूना पत्थर, सीसा, कोयला, कुचला हुआ पत्थर, पोर्टलैंड सीमेंट, सीमेंट, क्रिस्प्स, नमक, सीजनिंग, जड़ी-बूटियां, मसाले, चीज़, कृत्रिम योज्य, आलू, मक्का, मैदा, कसावा, क्रिस्प्स, नमक, सीजनिंग, जड़ी-बूटियां, मसाले, चीज़, कृत्रिम योज्य, बेकद ले'स, प्रिंगल्स, मॉन्स्टर मंच, टोटल रिकाल, द टर्मिनेटर, द रनिंग मैन, रेड प्लेनेट, मिशन टू मार्स, द लास्ट डे ऑन मार्स, एक्ज़ोडस : गाॅड्स एंड किंग्स, अमेरिकन गैंगस्टर, फ़िल्मांकन, साउंड स्टेज, निर्माण, सेट, स्पेससूट, वादी रम, मंगल, युनेस्को, जाॅर्डन, राॅयल ऑटोमोबाइल संग्रहालय, कैलिफोर्निया पुनर्मतदान, गवर्नर, डेविस, क्रूज़ बस्टामेंटे, टॉम मैक क्लिंटोक, झूस, मित्र देश, ब्रिटेन, अमेरिका, आईबीएम, मिसौरी, चूना पत्थर, सीसा, कोयला, कुचला हुआ पत्थर, पोर्टलैंड सीमेंट, सीमेंट, क्रिस्प्स, नमक, सीजनिंग, जड़ी-बूटियां, मसाले, चीज़, कृत्रिम योज्य, आलू, मक्का, मैदा, कसावा, क्रिस्प्स, नमक, सीजनिंग, जड़ी-बूटियां, मसाले, चीज़, कृत्रिम योज्य, बेकद ले'स, प्रिंगल्स, मॉन्स्टर मंच, टोटल रिकाल, द टर्मिनेटर, द रनिंग मैन, रेड प्लेनेट, मिशन टू मार्स, द लास्ट डे ऑन मार्स, एक्ज़ोडस : गाॅड्स एंड किंग्स, अमेरिकन गैंगस्टर, फ़िल्मांकन, साउंड स्टेज, निर्माण, सेट, स्पेससूट, वादी रम, मंगल, युनेस्को, जाॅर्डन, राॅयल ऑटोमोबाइल संग्रहालय, कैलिफ",0,[],[]
1099,विधायी शाखा के दो निकाय प्रतिनिधि सभा और सीनेट हैं।,0,[],[]
1100,उत्तर: २०११ में हुआ था।,0,[],[]
1101,अल्फ़ाज़ के दूसरे सीज़न में 13 एपिसोड थे।,0,[],[]
1102,मेरे पास आपके प्रश्न का उत्तर नहीं है।,0,[],[]
1103,मेरे पास आपके प्रश्न का उत्तर नहीं है।,0,[],[]
1104,वूल्वरिन में लोगन को चित्रित किया गया है।,0,[],[]
1105,लोगन युकोन में एक साधु के रूप में रहता है।,0,[],[]
1106,लोगन 1945 में POW था।,0,[],[]
1107,इशिरो के घर में लोगन और मारिको आये।,0,[],[]
1108,हराडा डॉ ग्रीन ने लोगन और मारिको की खोज की मांग की है।,0,[],[]
1110,लोगन के दिल पर परजीवी का प्रभाव था कि उसकी चिकित्सा क्षमता को दबाया जा सकता है।,0,[],[]
1112,शिंगेन मरता है।,0,[],[]
1113,मरिको याशिदा इंडस्ट्रीज के सीईओ बन जाती है।,0,[],[]
1114,लोगन संयुक्त राज्य अमेरिका में लौटता है।,0,[],[]
1115,मेरे पास आपके प्रश्न का उत्तर नहीं है।,0,[],[]
1116,"चांदी के रुपयों के अलावा, 1891 के पहले के अफगानिस्तान में तांबे के फालस और सोने के मोहर के साथ फैले हुए थे।",0,[],[]
1117,आंगवांतीबो मध्य अफ़्रीका में रहते हैं और उनका विस्तार नाइजीरिया और कैमरून से लेकर कांगो लोकतांत्रिक गणतंत्र के उत्तरी भाग तक है।,0,[],[]
1118,अंगवतीबोस का वजन ४०० ग्राम तक ही होता है।,0,[],[]
1119,मादाएँ १३० दिनों के लिये गर्भ धारण करती हैं।,0,[],[]
1120,पी॰ऍस॰आर॰ बी१२५७+१२ की खोज आलॅक्सान्डॅर वॉल्ष्टषान नामक पोलिश खगोलशास्त्री ने १९९० में की थी।,0,[],[]
1121,मेरे पास आपके प्रश्न का उत्तर नहीं है।,0,[],[]
1122,मेरे पास आपके प्रश्न का उत्तर नहीं है।,0,[],[]
1123,"इंगलैंड कई वर्षों तक स्कॉटलैंड, वेल्स और आयरलैंड के साथ खेलता रहा।",0,[],[]
1125,मेरे पास आपके प्रश्न का उत्तर नहीं है।,0,[],[]
1126,मेरे पास आपके प्रश्न का उत्तर नहीं है।,0,[],[]
1127,मार्कस अमीलियस लेपिडस को 216 ईसा पूर्व में सम्मानित किया गया था।,0,[],[]
1130,"मुंबई, महाराष्ट्र में स्थित है।",0,[],[]
1131,"ढांचा का भूक्षेत्र फल २,००,००० वर्ग फीट (१९००० वर्ग मीटर) है।",0,[],[]
1132,अंग्रेज़ो ने चढ़ाई करने का फैसला किया।,0,[],[]
1133,वर्ड्स एल्बम किस वर्ष में जारी किया गया?,0,[],[]
1133,-1992,0,[],[]
1134,ड्रीम थियेटर सितंबर 1985 में बना था।,0,[],[]
1135,"बर्कले कॉलेज ऑफ़ म्युज़िक में पढ़ाई के दौरान, ड्रीम थिएटर के रिहर्सल बर्कले के पूर्वाभ्यास कमरे में होते थे।",0,[],[]
1136,मेरे पास आपके प्रश्न का उत्तर नहीं है।,0,[],[]
1137,मेरे पास आपके प्रश्न का उत्तर नहीं है।,0,[],[]
1138,रिकॉर्ड लेबल ने ड्रीम थियेटर को ऐसा एल्बम लिखने के लिए मजबूर किया जो अधिक सुलभ हो।,0,[],[]
1139,ड्रीम थियेटर के साथ।,0,[],[]
1140,"ड्रीम थियेटर का टूर 2007 में सेन डिएगो, कैलिफोर्निया से शुरू हुआ था।",0,[],[]
1141,मेरे पास आपके प्रश्न का उत्तर नहीं है।,0,[],[]
1142,"शेरिनियन ने ""परफेक्ट स्ट्रेंजर"" के कवर का प्रदर्शन करते थे।",0,[],[]
1143,एफ.ए.,0,[],[]
1143,मिशेल-हेज की दत्तक बेटी अन्ना ली ग्विलेन मिशेल-हेज ने 1924 में रहस्यमय खोपड़ी की खोज की।,0,[],[]
1144,सर डेविड फेरियर का निधन १९२८ में हुआ था।,0,[],[]
1145,टोन नदी जापान के कांटो क्षेत्र में स्थित है।,0,[],[]
1146,चौदह वर्ष के थे।,0,[],[]
1147,हिंदी में उत्तर: किसी भोजन को हलाल मानने के लिए उसमें अल्कोहल नहीं होना चाहिए।,0,[],[]
1148,हलाल बाजार ब्रिटेन और अमेरिका में मुसलमानों के लिए बढ़ता उपभोक्ता बाजार है।,0,[],[]
1149,मादक पेय जैसे नशीले पदार्थ।,0,[],[]
1150,"गहरा चीरा जानवरों के गले के सामने, कैरोटिड धमनी, श्वासनली और गले की नसों को काट देता है।",0,[],[]
1151,1886 में फ्रैंकफर्ट शाखा स्थापित की गई थी।,0,[],[]
1152,मेरे पास आपके प्रश्न का उत्तर नहीं है।,0,[],[]
1153,थर्ड रेक (Third Reich) हिटलर के सत्ता में आने के साथ जुड़ा है।,0,[],[]
1154,ड्यूश बैंक 1957 में बना था।,0,[],[]
1155,मेरे पास आपके प्रश्न का उत्तर नहीं है।,0,[],[]
1156,मेरे पास आपके प्रश्न का उत्तर नहीं है।,0,[],[]
1157,"धन प्रबंधन का उद्देश्य निजी संपत्ति का सुरक्षित और सुविधाजनक प्रबंधन करना है, जिससे धनी व्यक्तियों और परिवारों को उनकी संपत्ति का पूरा लाभ मिल सके।",0,[],[]
1158,पुलिस की विशेष कार्यवाही टुकड़ी जी एस जी नियुक्त की गई थी।,0,[],[]
1159,"म्यूनिक में संकट के दौरान, रेलगाड़ियों के साथ यू-बान, ट्राम और बस सेवा और एस-बान सेवाएं रोक दी गई थीं। म्यूनिक मुख्य स्टेशन को खाली किया गया और म्यूनिक आने जाने वाली ट्रेनों को रद्द कर दिया गया था।",0,[],[]
1160,पाकिस्तान में स्थित है।,0,[],[]
1161,बट्टग्राम ज़िले का आधिकारिक रूप से दर्जा जुलाई १९९३ में दिया गया था।,0,[],[]
1162,"मनोहर आइच ""पॉकेट हरक्यूलिस"" के नाम से प्रसिद्ध थे।",0,[],[]
1163,मेरे पास आपके प्रश्न का उत्तर है। पहली उड़ान एंकरेज एवं ब्रिस्टल बे के बीच स्टिन्सों इंजन वाली 3 सीटों वाली विमान से भरी गई थी।,0,[],[]
1164,खेल सिद्धांतकार अपनी मान्यताओं की तुलना भौतिक-शास्त्र में प्रयुक्त धारणाओं से करते हैं।,0,[],[]
1165,"जीवविज्ञान में खेलों के लिये लाभ की व्याख्या अक्सर योग्यता के संबंध में की जाती है, और सबसे अच्छा संतुलन ज्ञात सर्वश्रेष्ठ संतुलन को विकासवादी स्थिर रणनीति (ESS) के रूप में जाना जाता है, जो नैश संतुलन होता है।",0,[],[]
1166,मेरे पास आपके प्रश्न का उत्तर है। गेम थ्योरी का आधार तर्क और कंप्यूटर विज्ञान में है।,0,[],[]
1168,"किसी गेम को सममित माना जाता है क्योंकि उसमें किसी विशिष्ट रणनीति के अनुसार खेलने का लाभ केवल अन्य प्रयुक्त रणनीतियों पर निर्भर करता है, न कि उन्हें खेलनेवालों पर।",0,[],[]
1169,इन दोनों खेलों में असममित रणनीति है।,0,[],[]
1170,मेरे पास आपके प्रश्न का उत्तर नहीं है।,0,[],[]
1171,खेल में पूर्णता की विशेषता यह है कि सभी खिलाड़ी अन्य खिलाड़ियों द्वारा पहले चली गई चालों के बारे में जानते हैं।,0,[],[]
1172,वास्तविक-विश्व के खिलाड़ियों के अलावा खेलों का अध्ययन अर्थशास्त्रियों और गणितज्ञ कर रहे हैं।,0,[],[]
1173,1713 में खेल सिद्धांत पर चर्चा की गई थी।,0,[],[]
1174,रीनहार्ड सेल्टन ने नैश संतुलन को परिष्कृत करने में मदद की थी।,0,[],[]
1176,मेरे पास आपके प्रश्न का उत्तर नहीं है।,0,[],[]
1177,कसाट की मृत्यु 1926 में हुई थी।,0,[],[]
1178,एम्मा 1972 में जारी हुई थी।,0,[],[]
1179,5 अप्रैल - 4 मई 1799.,0,[],[]
1180,जिम की लड़की का नाम सेसेलिया मेरी हाल्पर्ट है।,0,[],[]
1181,मेरे पास आपके प्रश्न का उत्तर नहीं है।,0,[],[]
1182,"लिंडी होप को संशोधित किया गया क्योंकि 1940 के आसपास लिंडी होप को तीव्र संगीत के अनुरूप बनाने के लिए संशोधित किया गया, जिससे बूगी वूगी शैली का जन्म हुआ।",0,[],[]
1183,आगरा जिले का क्षेत्रफल ४०२७ वर्ग किमी है।,0,[],[]
1184,आगरा का मुख्यालय आगरा नगर में है।,0,[],[]
1185,टार्ज़न ऑफ़ द एप्स की पूरी संडे स्ट्रिप 15 मार्च 1931 को शुरू हुई।,0,[],[]
1186,द लास्ट किश 2006 में बनी एक अमेरिकी रूमानी हास्य-नाटकीय फिल्म है।,0,[],[]
1187,फिल्म का निर्देशन टोनी गोल्डविन ने किया है।,0,[],[]
1188,गौड़ी हाउस-संग्रहालय 28 सितंबर 1963 को उद्घाटन किया गया था।,0,[],[]
1190,मेरे पास आपके प्रश्न का उत्तर नहीं है।,0,[],[]
1191,नैटिसिटी मुखौटा का निर्माण 1894 और 1930 के बीच किया गया था।,0,[],[]
1192,1977 में वॉयजर कार्यक्रम शुरू किया गया था।,0,[],[]
1193,मास्को में स्थापित वोदका की एक डिस्टिलरी में हुई थी।,0,[],[]
1195,मेरे पास आपके प्रश्न का उत्तर नहीं है।,0,[],[]
1196,मोदिग्लिआनी का जन्म 12 जुलाई 1884 को हुआ था।,0,[],[]
1197,मुंबई में टेलीविजन सेवा 1972 में उपलब्ध हुई थी।,0,[],[]
1201,"1896, 1900, 1908, 1912, 1920, और 1924.",0,[],[]
1202,1599 या 1600 की शुरूआत में लिखा हुआ मानते हैं और 1623 के फोलियो में पहली बार प्रकाशित हुआ।,0,[],[]
1203,हैमेन आया है।,0,[],[]
1205,वह वेंस में तीन साल तक रहीं।,0,[],[]
1206,मार्सुपियल शेरों की ऊंचाई ७५ सेमी (३० इंच) थी।,0,[],[]
1207,"कृत्रिम सामग्रियों के लिए चपड़ी की वार्निश, मोम, तेल, सपाट और नक्काशीदार डिजाइन, तंत्रवाद्य शिल्पी द्वारा निर्मित आवश्यकतानुसार डिजाइन किए हुए वाद्ययंत्र, सिरविहीन बेस, लुथाइट, बेसलैब आदि विकल्पों का प्रयोग किया जाता है।",0,[],[]
1208,इस तकनीक का उपयोग जॉन एंटविसल ने किया है।,0,[],[]
1209,किजिले डेरनेगी के पीछे वास्तव में क्रीसेण्ट-चन्द्रमा किजिले देर्नेगी का मुख्यालय है।,0,[],[]
1210,करेन लुजेन न्याबर्ग नासा की अंतरिक्ष यात्री थीं।,0,[],[]
1212,"चाट मसाला एक मसाला पाउडर मिश्रण है जिसमें आमचूर, जीरा, काला नमक, धनिया, अदरक, नमक, काली मिर्च, हींग और मिर्च पाउडर के मिश्रण से बनाया जाता है।",0,[],[]
1214,"लीड्स में ए62, ए63, ए64, ए65 और ए660 सड़कें हैं। इसके अलावा यह ए58 और ए61 पर स्थित है।",0,[],[]
1215,लीड्स सेंटर के लिए एम1 सड़क जाती है।,0,[],[]
1216,"लीड्स में ज्यादातर लोग ईसाई हैं, लेकिन कैथेड्रल नहीं है, क्योंकि लीड्स रिपन एवं लीड्स के एंग्लिकन डायोसीज का हिस्सा है और इस डायोसीज का कैथेड्रल रिपन में स्थित है। सबसे महत्वपूर्ण एंग्लिकन चर्च लीड्स पैरिश चर्च है। लीड्स में एक रोमन कैथोलिक कैथेड्रल मौजूद है जो लीड्स के रोमन कैथोलिक डायोसीज का एपिस्कोपल सीट है। कई अन्य ईसाई संप्रदाय और नए धार्मिक गतिविधियां लीड्स में स्थापित हैं।",0,[],[]
1218,मेरे पास आपके प्रश्न का उत्तर नहीं है।,0,[],[]
1219,"डी आर्किटेक्चर के लिए आधुनिक दिन का नाम ""De architectura libri decem"" है।",0,[],[]
1220,"टाइप 1 से पहले कारें नहीं आईं, क्योंकि टाइप 1 हार्ले-डेविडसन की पहली कार थी।",0,[],[]
1221,हिटलर चेकोस्लोवाकिया के राजनीतिक दौरे करते समय टाट्रा कारों के भीतर थे।,0,[],[]
1222,ब्राजील में बीटल का उत्पादन 1986 में बंद हुआ।,0,[],[]
1224,"शुरूआती 747 में, जहाँ विमानचालक बैठते हैं उसके पीछे संदूकनुमा छोटे से स्थान का क्या किया जाए, इसलिए शुरू में इसे बिना स्थाई बैठक व्यवस्था के विश्राम कक्ष के रूप में ""चिह्नित"" किया गया था।",0,[],[]
1225,"नए डिजाइन वाले हाई लिफ्ट उपकरणों को संरचनात्मक अतिरिक्तता, अतिरिक्त जलीय प्रणाली, चौगुने मुख्य लैंडिंग गियर और दोहरी नियंत्रण सतहों की विशेषता दी गई है।",0,[],[]
1226,"संयंत्र का निर्माण एवरेट, वॉशिंगटन के निकट सैनिक अड्डे पेन फील्ड के बगल में, सिएटल से लगभग 30 मील (48 किमी) उत्तर में किया गया था।",0,[],[]
1227,हवाई जहाज के इंजनों में उच्च-गति स्पंदन की समस्या का समाधान किया गया था।,0,[],[]
1228,SWAT टीम ने सिम्बायोनिज लिबरेशन आर्मी के साथ मुठभेड़ के बाद शरीर कवच और विभिन्न प्रकार के स्वचालित हथियारों के जारी करने की एक प्रवृत्ति ने जन्म लिया और 747 के जेटी9डी (JT9D) इंजन के साथ समस्या होने से उड़ान परीक्षण कार्यक्रम में बाधा आ गई।,0,[],[]
1229,एवरेट में कारखाने के निर्माण से बोइंग पर वित्तीय संकट आया।,0,[],[]
1230,"हिंदी में उत्तर: हवाई जहाज में यात्रियों की संख्या में गिरावट आती है जब विमान को पूरा भरा नहीं गया है और सिर्फ 70% सीटें ही भरी हुई हैं, जिसके कारण पूर्ण क्षमता से भरे हुए 747 को आवश्यक ईंधन का 95 प्रतिशत से अधिक इस्तेमाल हो रहा है।",0,[],[]
1231,अमेरिकन एयरलाइन्स ने अपने 747s की कोच सीटों की जगह पियानो बार बनाया.,0,[],[]
1232,"समस्याओं का हल काफी सुगमता से किया गया था। पेजरैंक प्रक्रिया का पेटेंट स्टैनफ़ोर्ड विश्वविद्यालय को दिया गया था, लेकिन गूगल के पास स्टैनफ़ोर्ड विश्वविद्यालय से प्राप्त विशिष्ट लाइसेंस अधिकार हैं, जिसके बदले विश्वविद्यालय को गूगल के 1.8 मिलियन शेयर मिले। 747 विमान का सेवा में प्रवेश काफी सुगमता से हो गया था, हालांकि तकनीकी समस्याएं सामने आईं, लेकिन वे अपेक्षाकृत छोटी थी और जल्दी हल की ली गई थी। लेकिन स्किजोफ्रेनिया का हल नहीं किया गया है, क्योंकि यह एक स्वास्थ्य समस्या है जिसका इलाज नहीं किया जा सकता है, बल्कि इसका प्रबंधन किया जा सकता है।",0,[],[]
1233,747-300 नाम के इस्तेमाल से पहले 747ईयूडी (747EUD) नाम रखा गया था।,0,[],[]
1234,बोइंग 747 में दो गलियारे होते हैं।,0,[],[]
1235,इस स्थान पर 366 से अधिक व्यक्ति रुक सकते हैं।,0,[],[]
1236,पैन अमेरिकन वर्ल्ड एयरवेज तथा ईरान एयर से अनुरोध किया गया था।,0,[],[]
1237,केएलएम ने कुल 10 747-200 के लिए परिवर्तित करवाया था।,0,[],[]
1238,3 श्रेणियों के विन्यास में 238 यात्रियों को ले जाया जा सकता है अगर कार्गो मुख्य डेक पर ले जाया जाता है।,0,[],[]
1239,सबेना ने सितम्बर 1990 में अंतिम 747-300 की सुपुर्दगी की थी।,0,[],[]
1240,मेरे पास आपके प्रश्न का उत्तर नहीं है।,0,[],[]
1241,"हिंदी में उत्तर: 747-8 विमान की लंबाई सबसे बड़ी है, जिसकी लंबाई 76.4 मीटर है।",0,[],[]
1242,747X को 430 यात्रियों को वहन करने के लिए बनाया गया था।,0,[],[]
1243,बोइंग ने 747X परिवार उत्पादन का औचित्य साबित करने पर्याप्त रूचि लुभाने में असमर्थ रहा था।,0,[],[]
1244,नैनोमीटर (Nanometer) है।,0,[],[]
1245,मार्च 2011 में फिल्मांकन शुरू हुआ।,0,[],[]
1246,एनजीसी ६९३४ (NGC 6934) एक गोल तारागुच्छ है।,0,[],[]
1247,"NGC 7006 की दूरी १,८५,००० प्रकाश वर्ष है।",0,[],[]
1248,"1980 के संपूर्ण दशक में साउथ अफ्रीका हाउस के बाहर निरंतर रंगभेद विरोधी प्रदर्शन किये गए थे। इसके अलावा, पोल टैक्स दंगे (1990), अफगानिस्तान की लड़ाई तथा ईराक की लड़ाई के विरोध में प्रदर्शन किये गए थे। 2005 में लन्दन में आंतंकवादियों द्वारा की गयी बमबारी के कुछ ही देर बाद चौक कड़ी सुरक्षा व्यवस्था का भी गवाह बना। 2009 में कैम्प फॉर क्लाइमेट एक्शन के प्रतिभागियों ने दो सप्ताहों के लिए चौक पर कब्ज़ा कर लिया था। 2011 में चौक पर उन प्रदर्शनकारियों द्वारा कब्ज़ा कर लिया गया था जो ब्रिटेन के बजट और इसके द्वारा प्रस्तावित बजट कटौतियों के विरोध में प्रदर्शन कर रहे थे।",0,[],[]
1251,उनके प्रतिद्वंद्वी बर्मिंघम सिटी और वेस्त ब्रोम्विछ अल्बिओन् हैं।,0,[],[]
1252,मेरे पास आपके प्रश्न का उत्तर नहीं है।,0,[],[]
1253,लेजरबीक नाम का मशीनी गिद्ध जैसा डिसेप्टिकाॅन्स ने जेरी की हत्या की है।,0,[],[]
1254,मेरे पास आपके प्रश्न का उत्तर नहीं है।,0,[],[]
1255,रैचेट सफेद और हरे रंग की एंबुलैंस में रूपांतरित होती है।,0,[],[]
1256,साउंडवेव - डिसेप्टिकाॅन्स का संपर्काधिकारी जो सिल्वर रंग की मर्सिडेस-बेंज़ एसएलएस एएमजी माॅडल की वाहन में बदल जाता है।,0,[],[]
1258,सर माइकल ओजियो (Sir Michael Ogio) पापुआ न्यू गिनी के नौंवे गवर्नर-जनरल थे।,0,[],[]
1260,वियेंटाइन है।,0,[],[]
1261,लेसर ने फ्रेंच पेंटिंग अकादमी की स्थापना की थी।,0,[],[]
1262,पद्म पुरस्कार भारत सरकार द्वारा जीवन के विभिन्न क्षेत्रों में विशिष्ट योगदान को मान्यता प्रदान करने के लिए दिया जाता है।,0,[],[]
1263,मेरे पास आपके प्रश्न का उत्तर नहीं है।,0,[],[]
1265,फिल्म के लिए बाज़ार और अनुमानित सफलता निर्माता और फिल्म वितरक द्वारा हासिल की जा सकती है। निर्माता और फिल्म वितरक फिल्म की संभावित वित्तीय सफलता की समीक्षा के लिए संपर्क किया जा सकता है और फिल्म के लिए बाज़ार की समीक्षा की जा सकती है।,0,[],[]
1266,"फिल्मों से कमाई के तरीके हैं: डीवीडी बिक्री, टेलीविजन प्रसारण, ऑनलाइन स्ट्रीमिंग, संगीत और साउंडट्रैक की बिक्री, मार्केटिंग और प्रोमोशन के लिए प्राप्त होने वाले प्रायोजन, और फिल्म के वितरण का अधिकार लेना जिससे कंपनी दुनिया भर में फिल्म का वितरण कर सकती है।",0,[],[]
1267,"""कट!""",0,[],[]
1268,हिंदी में उत्तर: सरकारें वित्तीय आय को विभाजित करती हैं। सरकारें कर राजस्व का उपयोग लाभदायक खर्च के लिए करती हैं और सकारात्मक बाह्यता होती है।,0,[],[]
1269,"महाश्वेता देवी एक पत्रकारीका, लेखिका, साहित्यकारीका और आंदोलनधर्मी थीं।",0,[],[]
1271,मेरे पास आपके प्रश्न का उत्तर नहीं है।,0,[],[]
1273,लाल फेरारी में शेयर दलाल में जो आदमी था उसका नाम बॉब ब्रिजेस था।,0,[],[]
1275,"""शेम"" होगा।",0,[],[]
1277,दवा प्रतिक्रियाओं में संघ अक्सर लुप्तप्रायः पौधे जातियों के लिए प्रतिबंधित होते हैं।,0,[],[]
1278,संयुक्त राज्य अमेरिका में।,0,[],[]
1279,मेरे पास आपके प्रश्न का उत्तर नहीं है।,0,[],[]
1281,मेरे पास आपके प्रश्न का उत्तर नहीं है।,0,[],[]
1282,काइटिन का उपयोग खाद्य पदार्थों एवं औषधियों को गाढ़ा और स्थिर करने के लिए किया जाता है।,0,[],[]
1283,मद्रिद स्पेन में स्थित थीसेन-बोरनेमिसा अजायबघर प्रादो अजायबघर के पास में स्थित है।,0,[],[]
1284,फतिह अकिन का जन्म 25 अगस्त 1973 को हुआ था।,0,[],[]
1285,फतेह अकिन को।,0,[],[]
1286,"बोइंग 737-200 विमान प्रारंभ में लंदन से लूटन, ग्लासगो और एडिनबर्घ के बीच यात्रा करता था।",0,[],[]
1287,मेरे पास आपके प्रश्न का उत्तर नहीं है।,0,[],[]
1288,वेनेज़ुएला ५.१% था।,0,[],[]
1289,६५ वर्ष होती है।,0,[],[]
1291,फिलिप जोएल ह्यूज को क्रिकेट के लिए जाना जाता है।,0,[],[]
1292,"केबल कॉलेज, ऑक्सफोर्ड में दर्शन, राजनीति और अर्थशास्त्र के अध्ययन के लिए दाखिला लिया था।",0,[],[]
1293,1974 में ख़ान ऑक्सफोर्ड विश्वविद्यालय की ब्लूज़ क्रिकेट टीम का हिस्सा थे।,0,[],[]
1295,362 विकेट,0,[],[]
1296,ख़ान का बैटिंग औसत 61.86 था।,0,[],[]
1297,362 विकेट,0,[],[]
1298,मेरे पास आपके प्रश्न का उत्तर नहीं है।,0,[],[]
1302,लाहौर में श्रीलंका के खिलाफ़ 1981-82 में 58 रनों में 8 विकेट लेकर।,0,[],[]
1303,गेंद के साथ छेड़-छाड़ करने का जिम्मेदार श्री ख़ान को समझा गया है।,0,[],[]
1305,एमडीटी का संक्षिप्त नाम मियांवाली विकास ट्रस्ट है।,0,[],[]
1306,झेजिआंग का अंग्रेजी नाम Zhejiang है।,0,[],[]
1308,मेरे पास आपके प्रश्न का उत्तर नहीं है।,0,[],[]
1309,मेरे पास आपके प्रश्न का उत्तर नहीं है।,0,[],[]
1310,"मेरे पास आपके प्रश्न का उत्तर नहीं है। MIC के माध्यम से सहायता के लिए अपील करने के लिए किस प्रकार के देश की आवश्यकता है, इसका उल्लेख नहीं है जो उपलब्ध जानकारी में है।",0,[],[]
1311,"फेमा का मतलब है Federal Emergency Management Agency, जिसका अर्थ है संघीय आपात प्रबंधन एजेंसी।",0,[],[]
1312,"ली ने सेंट फ्रांसिस ज़ेवियर कॉलेज में प्रवेश लिया था, जहां वह भाई एडवर्ड के मार्गदर्शन में रहे।",0,[],[]
1314,"एएस9000 के प्रमुख निर्माता हैं: अलाइड-सिग्नल (AlliedSignal), एलीसन इंजिन (Allison Engine), बोइंग (Boeing), जनरल इलेक्ट्रिक एयरक्राफ्ट इंजिन्स (General Electric Aircraft Engines), लॉकहीड-मार्टिन (Lockheed-Martin), मैक-डॉनल डगलस (McDonnell Douglas), नॉर्थरोप ग्रममैन (Northrop Grumman), प्रैट एण्ड ह्विटनी (Pratt & Whitney), रॉकवेल-कॉलिन्स (Rockwell-Collins), सिकोर्स्की एयरक्राफ्ट (Sikorsky Aircraft) और संडस्ट्रैंड (Sundstrand)।",0,[],[]
1317,"ISO/TS 16949:2009 प्रमुख मोटर वाहन निर्माताओं की एक सहमति-प्राप्त व्याख्या है, जो नवीनतम संस्करण ISO 9001:2008 पर आधारित है।",0,[],[]
1318,मेरे पास आपके प्रश्न का उत्तर नहीं है।,0,[],[]
1319,गुणवत्ता के पहले प्रमाणन चाहने वाली कंपनियों को अक्सर विफलता के खतरे के रूप में प्रमाणन की समस्या से निपटना पड़ता है।,0,[],[]
1320,इनफिनिटी वार मार्वेल सिनेमाटिक यूनिवर्स की १९वीं फिल्म है और द अवेंजर्स और अवेंजर्स: एज ऑफ़ अल्ट्रॉन की कड़ी में अगली फिल्म है।,0,[],[]
1321,फिल्म की घोषणा अक्टूबर २०१४ में अवेंजर्स: इन्फिनिटी वॉर - भाग १ के रूप में की गई थी।,0,[],[]
1322,"मार्वल की फिल्म का फिल्मांकन पाइनवुड एटलांटा स्टूडियो में जॉर्जिया की फाइट काउंटी में शुरू हुआ था, इसके बाद स्कॉटलैंड के एडिनबर्ग, ग्लासगो और स्कॉटिश हाइलैंड में जारी रखा गया था, हालांकि स्टूडियो संबंधी सभी काम कम्बरनॉल्ड के वार्डपार्क स्टूडियो में हुआ था।",0,[],[]
1323,"फिल्मांकन संयुक्त राज्य अमेरिका में हुआ, साथ ही स्कॉटलैंड और इंग्लैंड में भी कुछ दृश्य फिल्माए गए थे।",0,[],[]
1324,मेरे पास आपके प्रश्न का उत्तर नहीं है।,0,[],[]
1325,"बाल्टिक सागर एनजीओ फोरम के सदस्य राष्ट्र बेलारूस, डेनमार्क, एस्टोनिया, फिनलैंड, जर्मनी, आइसलैंड, लटविया, लिथुनिया, पोलैंड, रूस, नॉर्वे और स्वीडन हैं।",0,[],[]
1327,विश्व एनजीओ दिवस का उद्देश्य लोगों को एनजीओ के अंदर सक्रिय रूप से शामिल होने और एनजीओ तथा सार्वजनिक व निजी क्षेत्र दोनों के बीच अधिक सहजीवन को प्रोत्साहित करना है। इस दिन का नाम विश्व एनजीओ दिवस है।,0,[],[]
1328,मेरे पास आपके प्रश्न का उत्तर नहीं है।,0,[],[]
1330,"विश्व एनजीओ दिवस छह महाद्वीपों में मनाया जाता है, जिसमें न्यूजीलैंड और आस्ट्रेलिया से लेकर उत्तरी और दक्षिणी अमेरिका तक शामिल हैं।",0,[],[]
1331,"एसक्यूएल - सीक्वेंशिअल क्यूइंग लैंग्वेज (SQL) डाटाबेस में प्रयुक्त होने वाली क्वेरी भाषा का एक भाग है, जिसका नाम सीक्वेंशिअल क्यूइंग लैंग्वेज (SQL) से लिया गया है, न कि किसी व्यक्ति के नाम से।",0,[],[]
1333,"फाउंडेशन नागरिक शिक्षा, अन्तर्राष्ट्रीय राजनीतिक संवाद, और राजनीतिक परामर्श के माध्यम से संगठित उदारवाद को बढ़ावा देती है।",0,[],[]
1334,"यह संस्थापन के यूरोप, एशिया, अमेरिका, और अफ़्रीका में बहुत से कार्यालय हैं, लेकिन सूची में कोई स्थान जिसके कार्यालय का उल्लेख है, नहीं है। इसलिए, मेरे पास आपके प्रश्न का उत्तर नहीं है।",0,[],[]
1335,मेरे पास आपके प्रश्न का उत्तर नहीं है।,0,[],[]
1336,"पित्ताशय की पथरी के हमले के दौरान किसी को असुविधा पेट के ऊपरी दाहिने हिस्से में अत्यधिक दर्द, मिचली और उल्टी के रूप में हो सकती है।",0,[],[]
1337,"पिताशय की पपथरियों का एक संभव उपचार लिथोट्रिप्सी (एक्स्ट्राकॉर्पोरियल शॉक वेव थेरेपी) है, जिसमे अल्ट्रासोनिक शॉक तरंगों को पथरी के एक बिंदु पर एकत्रित करके उसे छोटे टुकड़ों में तोड़ दिया जाता है, जिसके बाद ये सरलता से मल के द्वारा निकल जाती हैं।",0,[],[]
1338,प्रस्ताव में कॉलेज को १०० एकड़ (४० हेक्टेयर) भूमि मिली थी।,0,[],[]
1339,मेरे पास आपके प्रश्न का उत्तर नहीं है।,0,[],[]
1340,"जिन लोगों में सिकल-सेल जीन उत्परिवर्तन है, उनमें रक्त कोशिकाएं डोनट के आकार से विकृत होकर स्पाइकी आकार की हो चुकी हैं।",0,[],[]
1341,"मनुष्यों में सामान्य तौर पर हीमोग्लोबिन A होता है, जो दो अल्फा और दो बीटा श्रृंखला से बना होता है, और यह मनुष्यों में सामान्य हीमोग्लोबिन का करीब 96-97% होता है।",0,[],[]
1342,"2007 में लगभग 260 किंडरगार्टन थे, जो 25000 से ज्यादा बच्चों को उनके जीवन के प्रारंभिक वर्षों में प्रोत्साहन दे रहे थे।",0,[],[]
1343,उत्तर: 58 प्रतिशत नामांकित बच्चों के लिए निजी रूप से सेवाएं देते हैं।,0,[],[]
1344,"मोरक्को में प्रीस्कूल को école maternelle, कुतब (Kuttab) या अर-रावड (Ar-Rawd) कहा जाता है। राज्य द्वारा संचालित निशुल्क, मेटरनेले स्कूल पूरे साम्राज्य में उपलब्ध हैं, जहां 2 से 5 साल के बच्चों को शिक्षा दी जाती है।",0,[],[]
1345,बच्चों के किंडरगार्टन जाने की न्यूनतम उम्र 2 साल है।,0,[],[]
1348,फूलों में ज्यादातर नस्लों में जायांग (pistil) और पुंकेसर (stamen) दोना होते हैं।,0,[],[]
1349,हरमाफ्रोडाइट (hermaphrodite),0,[],[]
1351,मेरे पास आपके प्रश्न का उत्तर नहीं है।,0,[],[]
1352,"जब किसी प्रजाति के सभी सदस्य मर जाते हैं, तो इसके परिणाम जटिल हो सकते हैं, क्योंकि इससे प्रजाति का विलोपन हो जाता है और इससे प्रकृति में संतुलन बिगड़ जाता है। इसके अलावा, प्रजाति के विलोपन से परागणकर्ताओं की जनसंख्या में कमी होने का खतरा भी है, जिससे और भी प्रजातियों का विलोपन हो सकता है।",0,[],[]
1354,आर्काफ्रुक्टुस लिआओनिंगजेनिसिस (Archaefructus liaoningensis) नामक फूल-पौधा जो 125 मिलियन साल पहले से अस्तित्व में था।,0,[],[]
1355,"फूल पौधे के तने के मध्य/केन्द्र भाग के अग्रभाग के बढ़ना रुक जाता है अथवा चपटे हो जाते हैं, जिसके कारण तने के अंत के बाह्य में लच्छेदार या गोलाकार रूप में कोने फूल जाते हैं।",0,[],[]
1356,फूल स्त्रीत्व (femininity) के साथ जोड़े जाते हैं और कई संस्कृतियों में स्त्रीत्व के प्रतीक के रूप में दिखाई देते हैं।,0,[],[]
1357,"हिंदू पौराणिक कथाओं में फूलों का महत्वपूर्ण स्थान है। विष्णु जो कि हिंदू प्रणाली में तीन मुख्य देवताओं में से एक हैं, को अधिकतर कमल (lotus) के फूल पर सीधा खड़ा चित्रित किया जाता है।",0,[],[]
1359,1986 में हुई थी।,0,[],[]
1360,नीरजा का परिवार मुंबई (पहले बंबई) में स्थानांतरित हो गया था।,0,[],[]
1361,नीरजा ने चालक दल को अपहर्ताओं की उपस्थिति के लिए चेतावनी दी।,0,[],[]
1363,जीनिस (GNIS)।,0,[],[]
1364,"डेटाबेस में स्थलाकृतिक मानचित्र और ग्रन्थसूची सन्दर्भ समाहित हैं, जिसमें पुस्तकों और ऐतिहासिक मानचित्रों को उद्धृत किया जाता है, जो किसी वैशिष्ट्य या स्थान नाम की पुष्टि करते हैं। इस डेटाबेस से किसी प्रविष्टि को हटाया नहीं जाता, केवल तब जब वह स्पष्ट रूप से दोहराई गई है।",0,[],[]
1367,"हेगेल अपने दर्शनशास्त्र में मनोविज्ञान और इतिहास को एकीकृत करता है क्योंकि वह मानता है कि मन और प्रकृति के द्वंद्व को दूर किया जाता है। उसके अनुसार, मनोविज्ञान और इतिहास दोनों ही आत्मा के विकास का हिस्सा हैं, जिसका अर्थ है कि मनोविज्ञान के माध्यम से इतिहास का विश्लेषण किया जा सकता है और इतिहास के माध्यम से मनोविज्ञान का विश्लेषण किया जा सकता है।",0,[],[]
1368,हेगेल ने फ्रांसीसी क्रांति की प्रशंसा की गई थी।,0,[],[]
1370,मेरे पास आपके प्रश्न का उत्तर नहीं है।,0,[],[]
1371,Gottfried Wilhelm Leibniz.,0,[],[]
1372,- मेरे पास आपके प्रश्न का उत्तर नहीं है।,0,[],[]
1373,डच हस्तक्षेप ने वर्ष 1861 में डेली को स्वतंत्र होने में मदद की।,0,[],[]
1375,सुल्तान ओस्मान महमूद परकासा आलम का जन्म ५ मई १९९८ में हुआ था।,0,[],[]
1376,"वॉरेन बफेट ओमाहा, नेब्रास्का में पैदा हुए थे।",0,[],[]
1377,यह प्रश्न का उत्तर नहीं है।,0,[],[]
1378,डॉ.,0,[],[]
1379,माताओं को अपने कम वजन के शिशुओं के साथ त्वचा से त्वचा संपर्क रखने का सुझाव दिया गया था।,0,[],[]
1380,संत ज़ेवियर ने ईसा मसीह की शिक्षाओं से जापान का परिचय करवाया था।,0,[],[]
1382,मेरे पास आपके प्रश्न का उत्तर नहीं है।,0,[],[]
1383,80-90% महिलाओं में सेल्युलाईट हो सकता है।,0,[],[]
1384,एनफील्ड ऑलडे (Enfield Allday) की एक चेसिस में रेनविक और बर्टेली ने अपने ओवरहेड कैम चार सिलेंडर इंजन का परीक्षण किया था।,0,[],[]
1385,"जोआन गम्पेर् के नेतृत्व में स्विस, अंग्रेजी और कैटलन फुटबॉल खिलाड़ियों के एक समूह द्वारा 1899 में स्थापित हुआ।",0,[],[]
1386,मेरे पास आपके प्रश्न का उत्तर नहीं है।,0,[],[]
1387,रियल मैड्रिड और बार्सिलोना को स्पेन के राष्ट्रीय प्रतियोगिताओं के दौरान कैटेलोनिया और कैस्टिले के प्रतिद्वंद्वियों के रूप में देखा गया है।,0,[],[]
1388,सातवें सीज़न में सात प्रकरण थे।,0,[],[]
1389,मेरे पास आपके प्रश्न का उत्तर नहीं है।,0,[],[]
1390,"न्यूकैसल युनाइटेड ने 1906-07 में लीग को नहीं जीता था। लेकिन, फर्ग्यूसन की कड़ी समीक्षा की गई जब यूनाइटेड के तीन खिलाड़ियों को प्रतिस्थापन को खरीदे बिना ही टीम छोड़ने की अनुमति दे दी गई थी।",0,[],[]
1391,"ह्युघी गैलेचर, नील हैरिस, स्टेन सीमोर और फ्रैंक हड्स्पेथ न्यूकैसल के प्रमुख खिलाड़ी थे।",0,[],[]
1392,सुनील शेट्टी मारधाड़ और हंसाने वाली फिल्मों के लिए जाने जाते हैं।,0,[],[]
1393,हुसमेट्टिन शलेबी मेवलाना का उत्तराधिकारी था।,0,[],[]
1394,मेरे पास आपके प्रश्न का उत्तर नहीं है।,0,[],[]
1395,मेरे पास आपके प्रश्न का उत्तर नहीं है।,0,[],[]
1396,उत्तर: 1678 में किला बनना शुरू हुआ।,0,[],[]
1397,मस्जिद।,0,[],[]
1399,लज्जा (शर्म)।,0,[],[]
1400,रक्तस्राव की अपेक्षा एनीमिया होने का अधिक असामान्य कारण अत्यधिक रक्त-स्राव बेहद कम होना है।,0,[],[]
1401,दर्द को कम होने में 2-3 दिनों में हो जाता है।,0,[],[]
1402,आंतरिक बवासीर में मल रक्त से लिपटा होता है और मल त्याग के दौरान गुदा से रक्त स्राव हो सकता है।,0,[],[]
1404,"रक्तस्राव कुशन किस स्तर पर एक प्रमुख स्वास्थ्य चिंता बन जाते हैं, इसका उत्तर नहीं है।",0,[],[]
1405,"डॉक्टर बवासीर होने पर शारीरिक परीक्षण से बता सकता है। गुदा तथा इसके आसपास के क्षेत्र को देख कर वाह्य या भ्रंश बवासीर का निदान किया जा सकता है। किसी गुदा परीक्षण को करके संभव गुदीय ट्यूमर, पॉलिप, बढ़े हुए प्रोस्टेट या फोड़े की पहचान की जाती है।",0,[],[]
1406,अधिक वज़न वाले लोगों को भार उठाने से बचना चाहिए।,0,[],[]
1409,"कार्यालय आधारित कई सारी प्रक्रियाएं निष्पादित की जा सकती हैं, जिनमें से अधिकांश सुरक्षित होती हैं, लेकिन बेहद कम पश्च प्रभाव जैसे कि पेरिएलन सेप्सिस हो सकते हैं।",0,[],[]
1410,जटिलता दर लगभग 3% तक होती है।,0,[],[]
1411,इंजेक्शन अर्श में लगाया जाता है।,0,[],[]
1412,"स्टेपल की जाने वाली बवासीर की शल्यक्रिया (हेमरॉएडेक्टमी) एक ऐसी प्रक्रिया है जिसमें अर्श के असमान्य रूप से वढ़े ऊतकों को हटाया जाता है, जिसके बाद शेष अर्श ऊतकों को वापस इसकी सामान्य शारीरिक स्थिति में रख दिया जाता है।",0,[],[]
1413,यह प्रश्न का उत्तर नहीं है।,0,[],[]
1414,हेमरॉएड रक्त का स्राव करते हैं।,0,[],[]
1415,ब्रेट पर बवासीर की शल्यक्रिया की गयी थी।,0,[],[]
1416,यूनाइटेड ब्रेवरीज समूह किंगफिशर एयरलाइंस की मूल कंपनी है।,0,[],[]
1417,किंगफिशर एयरलाइन्स की स्थापना २००३ में हुई थी और उसका मालिक यूनाइटेड ब्रेवरीज समूह था।,0,[],[]
1418,किंगफिशर एयरलाइन की शुरुआत 2003 में हुई थी।,0,[],[]
1419,"उत्तर: 15 अगस्त, 1537 को असुन्सियोन उपनिवेशिक बस्ती की स्थापना हुई।",0,[],[]
1420,राष्ट्रपति सरकार और राष्ट्र दोनों का प्रमुख होता है।,0,[],[]
1421,"विधायिका की शक्ति दो कक्षों में विभाजित होती है। एक कक्ष ""कैमरा डी दीपुताडोस"" या चैंबर ऑफ डेप्युटीज है जिसमें 80 सदस्य हैं, और दूसरा कक्ष ""कैमरा डी सेनाडोरेस"" या सीनेटर के चैंबर से बना है जिसमें 45 सदस्य हैं।",0,[],[]
1422,सौरमंडलीय विज्ञान (Astronomy),0,[],[]
1423,"न्यूट्रिनो का उत्पादन सूर्य की कोर में होता है, जहां नाभिकीय संलयन अभिक्रियाओं के दौरान हाइड्रोजन को हीलियम में बदला जाता है।",0,[],[]
1424,मेरे पास आपके प्रश्न का उत्तर नहीं है।,0,[],[]
1425,"महिलाओं में ट्राइकोमोनास योनिनालिस से संक्रमित अधिकांश लोगों में काफी वर्षों तक कोई लक्षण देखने को नहीं मिलता। लेकिन, लक्षण एक्सपोजर के 5 से 28 दिनों के भीतर प्रकट होते हैं।",0,[],[]
1426,मेरे पास आपके प्रश्न का उत्तर नहीं है।,0,[],[]
1427,बीटा एंड्रोमेडे के स्पष्ट दृश्य परिमाण की सीमा +2.01 से 2.10 के बीच बदलता रहता है।,0,[],[]
1428,"बीटा एंड्रोमेडा एक लाल दानव तारा है, जिसका वर्गीकरण M0 III है।",0,[],[]
1429,एबरडीन में ग्रे ग्रेनाइट इमारतों में स्थानीय रूप से उत्खनित ग्रे ग्रेनाइट का समावेश हुआ करता था।,0,[],[]
1430,उत्तर: 1647 में बुबोनिक प्लेग से एक चौथाई आबादी की मृत्यु हो गयी।,0,[],[]
1431,मेरे पास आपके प्रश्न का उत्तर नहीं है।,0,[],[]
1432,एबरडीन किले को 1308 में नष्ट किया गया था।,0,[],[]
1433,मेरे पास आपके प्रश्न का उत्तर नहीं है।,0,[],[]
1434,मेरे पास आपके प्रश्न का उत्तर नहीं है।,0,[],[]
1435,"एबरडीन में मछली पकड़ने, कपड़ा मिलों, जहाज निर्माण और कागज बनाने के काम होते रहे हैं, लेकिन इन उद्योगों का बड़े पैमाने पर प्रतिस्थापन किया जा चुका है।",0,[],[]
1436,"एबरडीन में मछली पकड़ने, कपड़ा मिलों, जहाज निर्माण और कागज बनाने के काम होते रहे हैं, लेकिन पिछले तीन दशकों से इलेक्ट्रॉनिक्स डिजाइन और विकास उद्योग में उच्च प्रौद्योगिकी विकास, कृषि व मछली पकड़ने के क्षेत्र में अनुसंधान तथा तेल उद्योग अब एबरडीन की अर्थव्यवस्था के प्रमुख हिस्सा बन चुके हैं।",0,[],[]
1437,मेरे पास आपके प्रश्न का उत्तर नहीं है।,0,[],[]
1438,अब A92 का उपयोग पर्यटक रास्ते के रूप में होता है।,0,[],[]
1439,अबू सुलेमान सऊदी अरब से हैं।,0,[],[]
1441,मेरे पास आपके प्रश्न का उत्तर नहीं है।,0,[],[]
1442,नाइट्रीकरण के पहले भाग में अमोनिया के आक्सीकरण से नाइट्राइट बनता है।,0,[],[]
1443,बेट्स कैम्ब्रिज में ढाई साल रहे।,0,[],[]
1444,2007 में ग्रेजुएशन की थी।,0,[],[]
1445,बेट्स एक बच्ची के रूप में हैकनी और तौन्त्न में रही थी।,0,[],[]
1446,"कैलिनिनग्राद की आबादी 431,902 थी। (यह सूची में उपलब्ध जानकारी के आधार पर उत्तर तैयार किया गया है।)",0,[],[]
1447,"मेराडोना की आयु 1 नवम्बर, 1976 को 16 साल थी।",0,[],[]
1448,"माराडोना का अपेक्षाकृत खराब प्रदर्शन 1990 के विश्व कप में क्यों हुआ, इसका कारण एक टखने की चोट थी।",0,[],[]
1449,"हान राजवंश की कहानी तीन महत्वपूर्ण गुट पे है जो हान राजवंश के अवशेष से उगते हैं, और जो बाद में तीन राज्य बान जाते हैं: ट्साओ वे, शू हान, और पूर्वी वू।",0,[],[]
1450,सेंट पीटरबर्ग में सीमेंस की शाखा 1855 में खोली गई थी।,0,[],[]
1451,ज्योति बसु का जन्म ८ जुलाई १९१४ को हुआ था।,0,[],[]
1452,ज्योति बसु १९६४ में भारतीय कम्युनिस्ट पार्टी के विभाजन के बाद नए भारत की कम्युनिस्ट पार्टी (मार्क्सवादी) के पोलित ब्यूरो के पहले नौ सदस्यों में से एक बने।,0,[],[]
1453,जेम्स व्हिटमोर की अभिनय कार्यशाला में कार्य किया।,0,[],[]
1454,मैक्स,0,[],[]
1456,"इटुरी वर्षा-वन अफ़्रीका के मध्य में स्थित कांगो लोकतान्त्रिक गणराज्य के पूर्वी प्रान्त (ओरियेन्ताल, Orientale) का एक पूर्वोत्तरी क्षेत्र है, जो ऐल्बर्ट झील से पश्चिम में स्थित है।",0,[],[]
1457,इटुरी प्रांत कांगो लोकतान्त्रिक गणराज्य के पूर्वी प्रान्त में स्थित था।,0,[],[]
1458,लंबे समय तक शराब के इस्तेमाल से मस्तिष्क के केन्द्रीय तंत्रिका तंत्र और परिधीय तंत्रिका तंत्र क्षतिग्रस्त हो सकता है।,0,[],[]
1459,तीव्र निकासी के लक्षण एक से तीन सप्ताह बाद कम होते हैं।,0,[],[]
1463,"इसके अलावा, शराबीपन का अधिक प्रचलन पुरुषों में होता है, हालांकि हाल के दशकों में महिला शराबियों के अनुपात में वृद्धि हुई है.",0,[],[]
1464,28 लाख से अधिक थी।,0,[],[]
1465,शराबीपन की परिभाषा कई बार बदली गई है।,0,[],[]
1466,"अली का वास्तविक नाम माहेर-शालाल-हैश-बाज़ नहीं था, बल्कि अली का जन्म नाम विलिसिया और फिलिप गिलमोर के पुत्र था।",0,[],[]
1467,यह उत्तर है: इजरायली अरबी था।,0,[],[]
1468,महिलाओं के लिए आरक्षित सीटें ६० हैं।,0,[],[]
1469,आरडीएफआरएस की स्थापना 2006 में हुई थी।,0,[],[]
1471,उन्होंने आधुनिक बल्लेबाजी का आविष्कार किया था।,0,[],[]
1472,क्रिस्टोफर नोलन की नागरिकता अंग्रेज-अमेरिकी है।,0,[],[]
1473,"नोलेन की अधिकांश फ़िल्मों में सह-लेखक उनके छोटे भाई, जोनाथन नोलेन हैं।",0,[],[]
1474,क्रिस्टिना नोलन की माँ ने अंग्रेजी पढ़ाया थी।,0,[],[]
1476,फ्रिएरे का पेशा एक शिक्षक था।,0,[],[]
1477,उसकी पत्नी एल्ज़ा मैया कोस्टा डी ओलिविरा एक शिक्षक थी।,0,[],[]
1478,फ्रीयर को सामाजिक सेवा के शिक्षा और संस्कृति विभाग के निदेशक नियुक्त किया गया था।,0,[],[]
1479,फ्रेयर को 70 दिनों के लिए एक गद्दार के रूप में कैद किया गया था।,0,[],[]
1480,काले विल्डबीस्ट के अयाल के रंग की सीमा क्रीम से लेकर काले रंग की होती है।,0,[],[]
1481,1996 में रिलीज किया गया था।,0,[],[]
1482,पार्मली ने दांतों के लोमक के प्रथम रूप का आविष्कार किया था।,0,[],[]
1483,फ्लॉस व्यावसायिक रूप से 1882 में उपलब्ध हुआ जब कॉडमैन एंड शर्टलेफ्ट कम्पनी ने मनुष्य के प्रयोग-योग्य मोमरहित रेशम के लोमक के उत्पादन के शुरू किये।,0,[],[]
1485,कैस्पारियन की परवरिश कैलिफ़ोर्निया की रेसेडा उपनगरी में हुई थी।,0,[],[]
1486,"अना कास्पारियन का जन्म 7 जुलाई 1986 को लॉस एंजिल्स, कैलिफ़ोर्निया में हुआ था।",0,[],[]
1487,अलका याज्ञिक की माँ शोभा याज्ञिक गायक थीं।,0,[],[]
1488,एलिजाबेथ हर्ले की माँ का व्यवसाय केंपशॉट इन्फेण्ट स्कूल में टीचर था।,0,[],[]
1489,1981-1982 की बात है जब मैं 16 वर्ष की थी।,0,[],[]
1490,टाइप ए1 (Type A1) असामान्य मौखिक ग्लूकोज़ सह्यता परीक्षण (ओजीटीटी (OGTT)) के माध्यम से अपने ग्लूकोज के स्तर की देखभाल की जा सकती है। इसमें भूखे रहने और भोजन के 2 घंटे बाद सामान्य रक्त ग्लूकोज़ स्तर होना चाहिए।,0,[],[]
1491,जब सामान्य सीमाओं के बाहर होते हैं तो ओजीटीटी (OGTT) का समावेश किया जाता है।,0,[],[]
1492,उत्तर: 1 व 2 घंटों के बाद मापा जाता है।,0,[],[]
1493,रक्त ग्लूकोज़ स्तरों की निगरानी रखी जाती है।,0,[],[]
1494,मेरे पास आपके प्रश्न का उत्तर नहीं है।,0,[],[]
1495,पद्मा लक्ष्मी टॉप शेफ के मेजबान का नाम था।,0,[],[]
1496,शादी 2 जुलाई 2007 को टूट गई थी।,0,[],[]
1497,मेरे पास आपके प्रश्न का उत्तर नहीं है।,0,[],[]
1498,"दाँत अगर रोगग्रस्त या टूटा हुआ है तो उसे बचाने के लिए अंत:दंत्य उपचार की आवश्यकता होती है। अंत:दंत्य उपचार दंत मज्जा के अध्ययन और उपचार से संबंधित एक दंत विशेषज्ञता है, जिसमें रूट कैनाल उपचार सबसे आम प्रक्रियाओं में से एक है। यदि दंत मज्जा रूग्ण या घायल हो जाती है, तो अंत:दंत्य उपचार दांत को बचाने के लिए आवश्यक होता है।",0,[],[]
1499,वर्ष 2008 में मुख्य-भूमि चीन में छींगमिंग त्यौहार को सार्वजनिक अवकाश के रूप में घोषित किया गया।,0,[],[]
1500,मेरे पास आपके प्रश्न का उत्तर नहीं है। प्रस्तुत सूची में कोई जानकारी नहीं है जिसके आधार पर 2011 में तुर्की जहाज निर्माण निर्यात की लागत का उत्तर दिया जा सके।,0,[],[]
1501,मंगोलिया की उपजाति साइगा (S. t. mongolica) पश्चिमी मंगोलिया में पाई जाती है।,0,[],[]
1502,साइगा अत्यंतनूतन युग (प्लाइस्टोसीन​) में उत्तर अमेरिका में भी रहते थे।,0,[],[]
1503,मेरे पास आपके प्रश्न का उत्तर नहीं है।,0,[],[]
1504,मेरे पास आपके प्रश्न का उत्तर नहीं है।,0,[],[]
1505,गुइयांग (贵阳) दक्षिणी चीन के गुइझोऊ प्रांत की राजधानी है।,0,[],[]
1506,"समुद्र की तुलना में गुइयांग १,१०० मीटर की ऊँचाई पर स्थित है, इसलिए गुइयांग समुद्र से १,१०० मीटर ऊँचा है।",0,[],[]
1507,गुइयांग दक्षिणी चीन के गुइझोऊ प्रांत की राजधानी है।,0,[],[]
1508,मेरे पास आपके प्रश्न का उत्तर नहीं है।,0,[],[]
1509,कोमोरोस शब्द की उत्पत्ति अरबी भाषा के शब्द क्वामार (चान्द) से हुई है।,0,[],[]
1510,"कोमोरोस में तीन आधिकारिक भाषाएँ हैं: शिकोमोरी, अरबी और फ़्राँसीसी।",0,[],[]
1511,ईसाई धर्म के साथ है।,0,[],[]
1512,सुन्नी इस्लाम कोमोरोस में कुल जनसंख्या का ९८% प्रतिनिधित्व करता है।,0,[],[]
1514,बियोवुल्फ़ ड्रेगन की हत्या करता है।,0,[],[]
1515,बियोवुल्फ़ राक्षसों और जानवरों से लड़ने के लिए लंबी दूरियों की यात्राएं करता है।,0,[],[]
1516,बाहरी दलों के साथ स्थिर मूल्य संकुचन जोखिम को सीमित करते हैं।,0,[],[]
1517,विलियम्स का जन्म १९६५ में हुआ था।,0,[],[]
1518,25 लाख में से एक थी।,0,[],[]
1519,मेरे पास आपके प्रश्न का उत्तर नहीं है।,0,[],[]
1520,एचआईवी परीक्षण के दो नाम हैं - एंजाइम-लिंक्ड इम्यूनोसार्बेंट एसे (एलिसा) और एंजाइम इम्यूनोएसे (ईआईए)।,0,[],[]
1521,मेरे पास आपके प्रश्न का उत्तर नहीं है।,0,[],[]
1522,मैरी प्रथम के पिता हेनरी अष्टम थे।,0,[],[]
1524,जॉगिंग दौड़ का ही एक रूप है जिसमें व्यक्ति धीमी गति से और इत्मीनान से लगातार दौड़ता रहता है।,0,[],[]
1526,"जुड़वाँ बच्चे कुछ मामलों में संयुक्त जुड़वां होते हैं, जिसका मतलब है कि वे एक ही गर्भ में पैदा हुए हैं, लेकिन एक ही शिशु के दो हिस्से हैं, जैसे एक ही सिर और दो हाथ-पैर। इसके अलावा, गर्भ में जुड़वां बच्चों द्वारा साझे किये गए वातावरण के कई स्तर हो सकते हैं, जिससे गर्भावस्था में जटिलता की संभावना बढ़ जाती है।",0,[],[]
1527,डेयरी उत्पादों में इंसुलिन जैसा वृद्धि कारक पाया गया है।,0,[],[]
1528,वैनिशिंग ट्विन सिंड्रोम।,0,[],[]
1529,मेरे पास आपके प्रश्न का उत्तर नहीं है।,0,[],[]
1530,स्तन पुटी (सिस्ट) की प्रगति हो सकती है।,0,[],[]
1531,"मैमोग्राम में स्तन का एक समर्पित मैमोग्राफी यूनिट के जरिये संपीड़न किया जाता है। समानांतर प्लेट संपीड़न से चित्र की गुणवत्ता बढ़ाने के लिए स्तन के ऊतकों को समतल किया जाता है और ऊतकों की मोटाई कम होने से एक्स-रे भीतर तक पहुंचती हैं और इससे विकरण का बिखराव (बिखराव चित्र की गुणवत्ता खराब करता है) कम होता है। मैमोग्राफी की स्क्रीनिंग में स्तन का सिर से लेकर पैर तक की (कार्नियोकैडुअल, सीसी) छवि और तिरछी छवि दोनों ली जाती हैं।",0,[],[]
1532,निस्सिन फूड्स त्वरित नूडल बनाती है।,0,[],[]
1534,कोपेनहेगन विश्वविद्यालय में पढ़ने गए।,0,[],[]
1535,हरriet बीचर स्टोव का जन्म 14 जून 1811 को हुआ था।,0,[],[]
1536,स्टो दंपत्ति के सात बच्चे थे।,0,[],[]
1537,पुस्तक की तीन लाख से अधिक प्रतियां एक वर्ष से कम समय में बिकीं।,0,[],[]
1538,"डिजिटल वॉटरमार्किंग में सिग्नल ऑडियो, चित्र या वीडियो हो सकता है।",0,[],[]
1539,"डिजिटल सिग्नल में प्रसारित किया जा सकता है, जैसे ऑडियो, चित्र या वीडियो आदि।",0,[],[]
1540,25 फ़रवरी 2005 को रोनाल्डिन्हो का बेटा पैदा हुआ था।,0,[],[]
1541,रोनाल्डिन्हो ने स्थानीय टीम के खिलाफ खेल में 23 में से 23 गोल किए थे।,0,[],[]
1542,रोनाल्डिन्हो ने 2001 में एक अनुबंध पर हस्ताक्षर किए।,0,[],[]
1544,अनाज की माल्टिंग करने से स्टार्च में शर्कराओं की दृष्टि से स्टार्च को शर्करा में परिवर्तित कर देता है।,0,[],[]
1545,पीले लेगर्स में औसतन 5% अल्कोहल होता है।,0,[],[]
1546,"मद्यनिर्माण उद्योग एक वैश्विक व्यापार है, जिसमें अनेक प्रभावी बहुराष्ट्रीय कंपनियां हजारों की संख्या में छोटे उत्पादक शराब की भट्टियों से शुरू कर आंचलिक सुराकर्मशालाओं तक शामिल हैं। 133 बिलियन लीटर (35 billion गैलन) बियर प्रतिवर्ष बिकता है - जिससे सन 2006 में वैश्विक राजस्व की कुल 294.5 बिलियन डॉलर (147.7 बिलियन पौण्ड) की आय हुई।",0,[],[]
1547,बियर दुनिया में सबसे पुराना और सबसे व्यापक रूप से मादक पेय में से एक है।,0,[],[]
1548,"आवाज़ के स्वर से भाषा का संचार कुल संचार का 4.3 गुना अवसरों पर होता है, जिसका अर्थ है कि चेहरे के भावों के ज़रिये ही संचार का माध्यम बनते हैं।",0,[],[]
1550,"मेरे पास आपके प्रश्न का उत्तर नहीं है। सामग्रियों के गुणों को मापने के लिए संगठनों को सी आई इकाइयों का उपयोग करना चाहिए, जो एक अंतर्राष्ट्रीय प्रणाली है जिसका उपयोग भौतिक मात्रा के शारीरिक आयाम को मापने के लिए किया जाता है।",0,[],[]
1551,"उत्तर: साल्सेट द्वीप, भारत के महाराष्ट्र प्रदेश में पश्चिमी तट पर स्थित एक द्वीप है, जहां इसका उल्लेख है।",0,[],[]
1552,मेरे पास आपके प्रश्न का उत्तर नहीं है।,0,[],[]
1553,किपलिंग के 1930 के दशक के आरंभ में अपने लेखन में सफलता नहीं मिली। उनकी गति धीमी हो गई थी और पहले के मुकाबले उनकी रचनाएं कम सफल थीं।,0,[],[]
1554,एमा लैविनिया गिफ़र्ड हार्डी की पहली पत्नी का प्रथम नाम था।,0,[],[]
1555,पर्वत।,0,[],[]
1556,पृथ्वी का धरातल उठता है विवर्तनिक बलों और ज्वालामुखी के माध्यम से।,0,[],[]
1557,"उत्थान के समय होने वाली घटना को ""उत्थान"" कहा जाता है।",0,[],[]
1558,माउंट फ़ूजी हिमालय के महालंगूर हिमाल नामक खण्ड के खुम्बु क्षेत्र में स्थित एक पर्वत है।,0,[],[]
1559,"कटाव पहाड़ों के कटाव के एजेंट, जैसे पानी, हवा, बर्फ, और गुरुत्वाकर्षण के कारण होता है, जो धीरे-धीरे uplifted क्षेत्र नीचे पहनने के अधीन हैं।",0,[],[]
1560,मेरे पास आपके प्रश्न का उत्तर नहीं है। सेण्ट थॉमस एक्विनास का जन्म 1225 में हुआ था।,0,[],[]
1561,मेरे पास आपके प्रश्न का उत्तर नहीं है।,0,[],[]
1562,मेरे पास आपके प्रश्न का उत्तर नहीं है।,0,[],[]
1563,कूपर्स एंड लिब्रैंड डेलोटी का नाम बदलकर कूपर्स एंड लिब्रैंड रखा गया था।,0,[],[]
1564,"प्रबंधन परामर्श सेवा (एमसीएस) का अर्थ है प्रबंधन परामर्श सेवा का संक्षिप्त रूप, जिसका अर्थ है कि यह एक प्रकार की सेवा है जिसमें एक फर्म या कंपनी के प्रबंधन के लिए सलाह और सुझाव दिए जाते हैं।",0,[],[]
1565,मेरे पास आपके प्रश्न का उत्तर नहीं है।,0,[],[]
1566,मेरे पास आपके प्रश्न का उत्तर नहीं है।,0,[],[]
1568,उत्तर: उत्तर अमेरिका में पीडब्ल्यूसी कार्यरत है।,0,[],[]
1569,मेरे पास आपके प्रश्न का उत्तर नहीं है।,0,[],[]
1571,"उत्तर: 2,111 मीटर (6,926 फीट)",0,[],[]
1572,मालमो है।,0,[],[]
1573,"स्वीडन के विदेशी पृष्ठभूमि वाले निवासी मुख्यतः सीरिया, फिनलैंड, इराक, पोलैंड, ईरान और सोमालिया से हैं।",0,[],[]
1574,स्वीडन में निर्यात उन्मुख मिश्रित अर्थव्यवस्था है।,0,[],[]
1575,स्वीडन हथियारों का नौवाँ सबसे बड़ा उत्पादक/निर्यातक देश है।,0,[],[]
1576,स्वीडन के सबसे प्रसिद्ध मूर्तिकारों में टोबीस सर्गल और कार्ल मिलस हैं।,0,[],[]
1578,मोर्स ने येल कॉलेज में बेंजामिन फ्रेंकलिन और जेरेमिया डे के द्वारा विद्युत विषय पर दिए गए वक्तव्यों में भाग लिया।,0,[],[]
1579,मोर्स की कला से प्रभावित था रेनेसेन्स की नयी शास्त्रीय कला से।,0,[],[]
1580,मेरे पास आपके प्रश्न का उत्तर नहीं है।,0,[],[]
1581,38 मील (61 कि॰मी॰),0,[],[]
1582,"उत्तर: उटिका, न्यूयॉर्क में हुआ था।",0,[],[]
1583,मेरे पास आपके प्रश्न का उत्तर नहीं है।,0,[],[]
1584,"हैंडबॉल के लिए नियमों का पहला सेट 1906 में लिखा गया था, जिसका लिखित स्वरूप डेनिश जिम शिक्षक, लेफ्टिनेंट और ओलंपिक पदक विजेता होल्गर नीलसन द्वारा प्रकाशित हुआ था।",0,[],[]
1585,हूप्स में बदलाव के बाद बॉल ने छेद में एक लंबे डावल से भोंक कर बाहर निकाला जा सका.,0,[],[]
1588,"FIBA का गठन आठ संस्थापक देश, अर्जेंटीना, चेकोस्लोवाकिया, ग्रीस, इटली, लातविया, पुर्तगाल, रोमानिया और स्विट्ज़रलैंड द्वारा किया गया था।",0,[],[]
1589,बास्केट से थ्री-पॉइंट आर्क 6.25 मीटर (20.5 फीट) है अंतर्राष्ट्रीय खेलों में और 23 फीट 9 इंच (7.24 मी॰) है NBA खेलों में。,0,[],[]
1590,"हिंदी में उत्तर: पहचान के संदर्भ में दक्षिण कोरियाई लोगों द्वारा महत्वपूर्ण तत्वों के रूप में देखी जाती है - नागरिकता से अधिक, आम भाषा और दौड़।",0,[],[]
1591,"1985 में, जनगणना कुल 40,466,577 थी।",0,[],[]
1592,1955 में दक्षिण कोरिया की आबादी 21.5 मिलियन थी।,0,[],[]
1593,"मेरे पास आपके प्रश्न का उत्तर नहीं है। दक्षिण कोरिया की पहली आधिकारिक जनगणना 1949 में हुई थी, जिसके अनुसार कुल आबादी 20,188,641 लोगों की थी।",0,[],[]
1594,होम्स और बेल दोनों के बीच एक समानता है कि वे दोनों छोटे-छोटे निरीक्षणों से बड़े निष्कर्ष निकालने के लिए जाने जाते थे।,0,[],[]
1595,उत्तर: कोकीन का सात प्रतिशत के घोल में उपयोग किया जाता है।,0,[],[]
1596,प्रत्येक प्रदर्शनी में चीजें हैं।,0,[],[]
1597,15 साल थी।,0,[],[]
1598,"जब देश अपनी सूची तैयार करते हैं, तो उन्हें अपनी स्थानीय आवश्यकताओं को ध्यान में रखना चाहिए। इसके अलावा, विश्व स्वास्थ्य संगठन की मॉडल प्रादर्श सूची का संदर्भ लेना चाहिए, जिसमें आवश्यक दवाओं की एक सूची प्रकाशित की गई है।",0,[],[]
1599,मेरे पास आपके प्रश्न का उत्तर नहीं है। सूची में कोई पाठ नहीं है जिसके आधार पर उत्तर तैयार किया जा सके।,0,[],[]
1600,मेरे पास आपके प्रश्न का उत्तर नहीं है।,0,[],[]
1601,सिस्टोस्कोपी के दो प्रकार हैं - फ्लेक्सिबल तथा रिजिड।,0,[],[]
1602,इंघम की मृत्यु 1974 में हुई थी।,0,[],[]
1603,"इस नेटवर्क में नहरें प्राकृतिक और कृत्रिम नहरों द्वारा जुड़ी हुई हैं, जिनमें ३८ नदियाँ जल लाती हैं।",0,[],[]
1605,म्यूनिख में परिवार के साथ नियमित रूप से दौरा के दौरान वह अक्सर उसके चचेरे भाई अल्बर्ट के साथ खेला करती थी।,0,[],[]
1606,"1933 में अल्बर्ट आइंस्टीन और एल्सा प्रिंसटन, न्यू जर्सी, संयुक्त राज्य अमेरिका में रहने लगे।",0,[],[]
1607,श्रम आंदोलन का लक्ष्य है बेहतर कार्य अवस्थाएं।,0,[],[]
1608,सर इसाक विवियन्स का पेशा क्रिकेटर था।,0,[],[]
1610,"प्रांत के नाम ""नखोन"" का अर्थ ""लगान-मुक्त नगर"" है।",0,[],[]
1611,मेरे पास आपके प्रश्न का उत्तर नहीं है।,0,[],[]
1612,मेरे पास आपके प्रश्न का उत्तर नहीं है।,0,[],[]
1613,हर्मन मिन्कोस्की संख्याओं की ज्यामिति का सृजन एवं विकास के लिए जाने जाते हैं।,0,[],[]
1614,मेक्सिको में इकतीस राज्य हैं।,0,[],[]
1616,"हाल ही में शुल्क मुक्त दुकानों की पद्धति को तात्त्विक डिजाइन में स्थानांतरित किया गया है, जिसका उपयोग दक्षिण और मध्य अमेरिका और कैरेबियन देशों में किया जाता है।",0,[],[]
1617,"मिग-25 की गति मैक 2.83 तक सीमित है, लेकिन सुरक्षा चिंताओं को नजरअंदाज करते हुए इसकी अधिकतम गति मैक 3.2 या अधिक तक पहुंच सकता है।",0,[],[]
1618,कांच से शुद्ध प्रिज्म का उल्लेख नहीं है इस सूची में इसलिए मेरे पास आपके प्रश्न का उत्तर नहीं है।,0,[],[]
1620,डाटा प्रवाह मशीनें अक्सर VHDL या वेरिलोग हार्डवेयर वर्णन भाषाओं का उपयोग करती हैं।,0,[],[]
1621,"बृहस्पति का अनेक अवसरों पर रोबोटिक अंतरिक्ष यान द्वारा अन्वेषण किया जाता रहा है, विशेष रूप से पहले पायोनियर और वॉयजर मिशन के दौरान और बाद में गैलिलियो यान के द्वारा। फरवरी २००७ में न्यू होराएज़न्ज़ प्लूटो सहित बृहस्पति की यात्रा करने वाला अंतिम अंतरिक्ष यान था।",0,[],[]
1622,"वातावरण में हाइड्रोजन, हीलियम, मीथेन, जल वाष्प, अमोनिया और सिलिकॉन आधारित यौगिक पाया जा सकता है।",0,[],[]
1623,बृहस्पति पर सौरमंडल का सबसे बड़ा ग्रहीय वायुमंडल है।,0,[],[]
1624,बृहस्पति ग्रह में विभिन्न अक्षांशों के बादलों के लिए उष्णकटिबंधीय क्षेत्र हैं।,0,[],[]
1626,शंकु आकार की सतह के साथ ऊर्जा का संचार होता है।,0,[],[]
1627,"बृहस्पति सूर्य, शुक्र ग्रह और हमारे चन्द्रमा के बाद आकाश में चौथा सबसे चमकदार निकाय है। इसकी स्थिति पृथ्वी के सन्दर्भ में बदलती है और इसका कोणीय व्यास भी बदलता है। इसकी चाल प्रत्येक चक्कर में एक बार अपसौर से होकर गुजरने के कारण बदलती है।",0,[],[]
1628,७वीं या ८वीं शताब्दी इपू में बृहस्पति का प्रेक्षण होता चला आ रहा है।,0,[],[]
1629,तरंग दैर्ध्य की अनुमानित सीमा दसियों मीटर की है।,0,[],[]
1631,"पायोनियर १० अंतरिक्ष यान सबसे उल्लेखनीय अंतरिक्ष यान है, क्योंकि यह बृहस्पति के इतना पर्याप्त करीब पहुचने वाला पहला अंतरिक्ष यान था और सौरमंडल के इस बड़े ग्रह के गुणों और तथ्यों की जानकारी वापस भेज सके।",0,[],[]
1632,"लाप्लास रेजोनेंस के कारण तीन बड़े चंद्रमाओं के गुरुत्वाकर्षण प्रभाव होता है, जो आयो, युरोपा और गैनिमीड की कक्षाओं को विकृत कर अंडाकार कर देते हैं।",0,[],[]
1633,बृहस्पति के चंद्रमाओं की कक्षाएं बृहस्पति के विषुववृत्त तल के नजदीक है और करीब-करीब वृत्ताकार है तथा बृहस्पति के साथ बने हुए लगते हैं।,0,[],[]
1634,बृहस्पति ग्रह का उल्लेख किया गया है।,0,[],[]
1635,उसकी मूल भाषा अज़ेरी है।,0,[],[]
1636,मेरे पास आपके प्रश्न का उत्तर नहीं है।,0,[],[]
1637,मेरे पास आपके प्रश्न का उत्तर नहीं है।,0,[],[]
1638,मेरे पास आपके प्रश्न का उत्तर नहीं है।,0,[],[]
1639,"राखी सावंत के भाई, राकेश सावंत फिल्म निर्देशक हैं।",0,[],[]
1640,"राखी सावंत कोई शो की मेजबान नहीं हैं। वह एक भारतीय नर्तक, अभिनेत्री, मॉडल और टेलिविज़न शो मेज़बान हैं, लेकिन किस शो की मेजबान नहीं हैं।",0,[],[]
1641,पॉल सोफस एप्सटीन का विचार था कि पॉलफ्लूक्त परिकल्पना गलत है।,0,[],[]
1642,महाद्वीपीय प्रवाह के अब व्यापक साक्ष्य हैं। विभिन्न महाद्वीपों के तटों पर मिलते-जुलते पौधे और पशुओं के जीवाश्म पाए जाने से ऐसा लगता है कि वे कभी जुड़े हुए थे।,0,[],[]
1643,मेरे पास आपके प्रश्न का उत्तर नहीं है।,0,[],[]
1644,परीक्षण प्लैटफ़ार्म का नाम बोइंग एक्स-40 है।,0,[],[]
1645,नमस्ते!,0,[],[]
1646,"माइग्रेन सिरदर्द से पीड़ित एक तिहाई लोगों को ऑरा के माध्यम इसका पूर्वाभास हो जाता है, जो कि क्षणिक दृष्य, संवेदन, भाषा या मोटर (गति पैदा करने वाली नसें) अवरोध होता है और यह संकेत देता है कि शीघ्र ही सिरदर्द होने वाला है। लगभग दो तिहाई मामले पारिवारिक ही होते हैं।",0,[],[]
1647,सिरदर्द में पर्यावरणीय और आनुवांशिकीय कारकों के मिश्रण से होते हैं।,0,[],[]
1648,"माइग्रेन के कारणों के बारे में अभी तक पूरी तरह से पता नहीं चला है, लेकिन माना जाता है कि इसका कारण पर्यावरणीय और आनुवांशिकीय कारकों के मिश्रण से होता है। लगभग दो तिहाई मामले पारिवारिक ही होते हैं, और अस्थिर हार्मोन स्तर भी एक भूमिका निभा सकते हैं।",0,[],[]
1649,72 घंटे से अधिक चलने वाले माइग्रेन को स्टेटस माइग्रेनॉसस के नाम से जाना जाता है।,0,[],[]
1650,"माइग्रेन का कारण आनुवंशिक प्रभाव के कारण होता है, जिसकी संभावना 34 से 51% है। जुड़वा बच्चों के अध्ययन संकेत करते हैं कि माइग्रेन सिर दर्द को विकसित होने में आनुवंशिक प्रभाव के कारण होती है।",0,[],[]
1651,"माइग्रेन्स के संबंध में पहले यह विश्वास किया जाता था कि उच्च बुद्धिमत्ता वाले लोगों काफी आम होता है, लेकिन ऐसा सही नहीं दिखता है।",0,[],[]
1653,रेटिनल माइग्रेन में माइग्रेन सिरदर्द शामिल होता है जिसके साथ दृश्य गड़बड़ी या एक आंख में भी अस्थायी अंधापन हो सकता है।,0,[],[]
1654,"माइग्रेन की सर्वाधिक संभावना वाले लोगों में व्यक्तिगत या विशिष्ट रूप से माइग्रेन के पारिवारिक इतिहास वाले लोग शामिल हैं। इसके अलावा, चक्रीय मितली सिंड्रोम और बचपन के कंपकपी के साथ हल्के चक्कर के लक्षणों के साथ लोगों में माइग्रेन की संभावना अधिक होती है।",0,[],[]
1655,मेरे पास आपके प्रश्न का उत्तर नहीं है।,0,[],[]
1657,मेरे पास आपके प्रश्न का उत्तर है। दवायें तब अधिक प्रभावी हैं जब दौरे की शुरुआती अवस्था में उपयोग की जायें।,0,[],[]
1658,"दवाओं के लगातार उपयोग से सिरदर्द हो सकता है, जिसमें सिर दर्द और अधिक गंभीर और बार-बार होने लगता है।",0,[],[]
1659,डाइहाइड्रोएरगॉटामीन को नाक में स्प्रे और इंजेक्शन द्वारा दिया जाता है।,0,[],[]
1660,माइग्रेन से पीड़ित लोगों में स्ट्रोक या दिल की बिमारी से होने वाली मृत्यु के खतरे में वृद्धि को ऑरा (माइग्रेन के साथ स्थानीय स्ट्रोक के लिये जोखिम पूर्ण कारक) से नहीं जोड़ा जाता है।,0,[],[]
1662,माइग्रेन्स का अनुभव सबसे ज्यादा बार 35 से 45 वर्ष की आयु वाले लोगों में होता है।,0,[],[]
1663,1918 में एर्गोटेमाइन को फफूंद एरगॉट से अलग किया गया था।,0,[],[]
1664,"मृत्यु का कारण संक्रमण था, जो ट्रेपेनेशन प्रक्रिया से होने वाले संक्रमण के कारण हुआ था।",0,[],[]
1665,"माइग्रेन शब्द का स्रोत प्राचीन मिस्र में लिखी गयी इबेरस पेपाइरस में दिया गया है, जिसमें सिरदर्द के प्राचीन विवरण दिये गये हैं। हेमीक्रानिया (आधा-सिर) शब्द का उपयोग किया गया था, जिससे अंततः शब्द माइग्रेन विकसित हुआ।",0,[],[]
1666,"माइग्रेन के प्रभाव काफी नकारात्मक हैं। इसके कारण काम की क्षमता एक तिहाई तक कम हो जाती है और प्रभावित व्यक्ति के परिवार पर भी काफी नकारात्मक प्रभाव पड़ता है। इसके अलावा, माइग्रेन चिकित्सीय लागत और उत्पादन क्षय के महत्वपूर्ण स्रोत हैं, जिसकी लागत प्रति वर्ष लगभग €27 बिलियन है।",0,[],[]
1667,"जब स्तन वजन में अत्यधिक वृद्धि होती है और कुल शरीर के वजन से लगभग ३% तक अधिक होता है, तो उसे स्तन अतिवृद्धि माना जाता है।",0,[],[]
1668,रूस ने अपने रासायनिक हथियारों के 94% के आसपास पूरी तरह से नष्ट कर दिया है।,0,[],[]
1669,ट्रैविस बिकल एक टैक्सी ड्राईवर बन जाता है।,0,[],[]
1670,मेरे पास आपके प्रश्न का उत्तर नहीं है।,0,[],[]
1671,मेरे पास आपके प्रश्न का उत्तर नहीं है।,0,[],[]
1672,फोस्टर की उम्र शूट-आउट के समय 13 साल थी।,0,[],[]
1673,"जॉन हिन्क्ले, जूनियर ने राष्ट्रपति रोनाल्ड रीगन की हत्या करने का प्रयास किया था।",0,[],[]
1674,जापान सेल्फ-डिफेंस फोर्सेस का संक्षिप्त नाम JSDF है।,0,[],[]
1675,"कुन्भोंग राजवंश बर्मी में ""ကုန်းဘောင်ခေတ်"" लिखा गया है।",0,[],[]
1676,मेरे पास आपके प्रश्न का उत्तर नहीं है।,0,[],[]
1677,महिलाएं हेप्थैथलॉन का आयोजन करती हैं।,0,[],[]
1678,मेरे पास आपके प्रश्न का उत्तर नहीं है।,0,[],[]
1679,तोकस्विग का जन्म 1958 में हुआ था।,0,[],[]
1680,"टोरमेट स्कूल, गिल्डफोर्ड के निकट एक स्वतंत्र लड़कियों के स्कूल में पढ़ती थी।",0,[],[]
1681,"लाल हिरण यूरोप, कॉकस पर्वत श्रंखला, अनातोलिया, मध्य पूर्व और मध्य एशिया में पाया जाता है।",0,[],[]
1683,प्रथम मध्यवर्ती काल के रूप में जाना जाता है।,0,[],[]
1685,"हिक्सोस के लिए एक और शब्द ""विदेशी शासक"" है।",0,[],[]
1686,"अखेनातेन के बाद फिरौन तुथंखमुन, आई और होरेमहेब थे।",0,[],[]
1687,लीबियाई लोगों के सरदार थे।,0,[],[]
1688,मेरे पास आपके प्रश्न का उत्तर नहीं है।,0,[],[]
1689,मेरे पास आपके प्रश्न का उत्तर नहीं है।,0,[],[]
1691,"प्राचीन मिस्रवासी बकरियों, मवेशियों और सूअरों के अतिरिक्त, पालतू पशुओं में भेड़, बकरी, पोल्ट्री (जैसे बतख, हंस और कबूतर), मधुमक्खियां, गधे और बैल भी शामिल थे।",0,[],[]
1692,सोने के पहले ज्ञात मानचित्र नूबिया में पाए गए थे।,0,[],[]
1693,"खनिजों का उपयोग प्राचीन मिस्र में इमारती और सजावटी पत्थरों, तांबा और सीसा अयस्क, सोना और क़ीमती पत्थरों के निर्माण के लिए किया जाता था। इन प्राकृतिक संसाधनों ने प्राचीन मिस्रवासियों को स्मारकों, प्रतिमा उत्कीर्णन, उपकरण बनाने और फैशन गहने के निर्माण की अनुमति दी.",0,[],[]
1694,"वादी हम्मामत के लिए उल्लेखनीय स्रोत थे - ग्रेनाइट, ग्रेवैक और सोने।",0,[],[]
1695,लौह भंडार ऊपरी मिस्र में पाए गए थे।,0,[],[]
1696,प्रथम राजवंशीय फैरो की कब्र में पाए गए फिलीस्तीनी शैली के तेल के कटोरे से मिलता है।,0,[],[]
1698,हिंदी में उत्तर: मिस्र की भाषा उत्तरी अफ्रीकी-एशियाई भाषा है जिसका बर्बर और सामी भाषाओं से निकट का संबंध है।,0,[],[]
1699,"प्रोटीन संरचना के निर्माण की तुलना में प्रोटीन अनुक्रम का निर्माण बहुत सरल है। हालांकि, प्रोटीन की संरचना, उसके अनुक्रम की तुलना में प्रोटीन की क्रियाओं की अधिक जानकारी देती है।",0,[],[]
1700,"आधुनिक मिस्र की अरबी भाषा में कॉप्टिक के निशान पाए जाते हैं, जिसका इस्तेमाल आज भी मिस्र के रूढ़िवादी चर्च में उपासना पद्धतियों में होता है।",0,[],[]
1701,"लेखकों ने याजकीय लेखन का उपयोग किया था, जो द्रुत और आसान था।",0,[],[]
1702,मेरे पास आपके प्रश्न का उत्तर नहीं है। हायरेटिक टेक्स्ट के बारे में कोई जानकारी उपलब्ध नहीं है।,0,[],[]
1704,"चित्रलिपि का उपयोग एक शब्द, एक ध्वनि या एक मूक निर्धारक का प्रतिनिधित्व करने के लिए किया जा सकता है।",0,[],[]
1705,मिस्र में लेखन सबसे अधिक शाही मकबरों में पाए गए मदों के लिए लेबल और टैग पर राजशाही से सम्बंधित रूप में पाया गया।,0,[],[]
1706,सिस्टरम एक खड़कता संगीत वाद्ययंत्र है जो विशेष रूप से धार्मिक समारोह में महत्वपूर्ण था।,0,[],[]
1707,"खुली छत का प्रयोजन गर्मी के दिनों में ठंडे बने रहने के लिए था। प्राचीन मिस्रवासी के आवास में खुली छत वाली रसोई होती थी, जिसमें आटा पीसने के लिए एक सान और रोटी पकाने के लिए एक छोटा अवन होता था।",0,[],[]
1708,नील नदी में।,0,[],[]
1709,दीवारों को सफेद रंग से सजाया जाता था और इन्हें रंगे हुए सन के कपड़े के पर्दे से ढका जा सकता था।,0,[],[]
1710,"हिंदी में उत्तर: मिस्रियों के लिए उपलब्ध गतिविधियों में शिकार, नौका विहार और संगीत शामिल थे।",0,[],[]
1711,"प्राचीन मिस्रवासी अवकाश में खेल और संगीत सहित कई गतिविधियों का आनंद लेते थे। सेनेट, एक बोर्ड गेम, जिसमें टुकड़े यादृच्छिक मौके के मुताबिक चलते थे, आरंभिक काल से विशेष रूप से लोकप्रिय था; एक और इसी तरह का खेल मेहेन था, जिसका गेम बोर्ड वृत्ताकार था। करतब दिखाना और गेंद के खेल बच्चों में लोकप्रिय थे और बेनी हसन में एक कब्र में कुश्ती को भी प्रलेखित किया गया है।",0,[],[]
1712,कृषक वर्ग साधारण घरों में रहते थे।,0,[],[]
1713,"हिंदी में उत्तर: मिस्रियों के अनुसार, देवताओं को प्रसन्न के लिए प्रसाद और पूजा के द्वारा संतुष्ट करना पड़ता था।",0,[],[]
1714,मेरे पास आपके प्रश्न का उत्तर नहीं है।,0,[],[]
1716,पुनर्माइलिनीकरण।,0,[],[]
1717,"उपचार के कई प्रतिकूल प्रभाव हैं, जिनमें से सबसे आम प्रभावों में से एक है ग्लाटिरामेर एसीटेट के इंजेक्शन वाली जगह और इंटरफेरॉन उपचारों में होने वाला जलन है। समय के साथ, इंजेक्शन वाली जगह पर वसा ऊतक के स्थानीय क्षति, जिसे लिपोट्रोफी कहा जाता है, के कारण एक दिखाई पड़ने वाला खरोंच विकसित हो सकता है। इंटरफेरॉन इन्फ्लूएंजा के समान लक्षण पैदा करते हैं; ग्लाटिरामेर का प्रयोग करने वाले कुछ मरीज इंजेक्शन के बाद होने वाली प्रतिक्रया का अनुभव करते हैं जिसकी अभिव्यक्ति तमतमाहट, सीने में जकड़न, दिल की धड़कनों, श्वासहिनता और चिंता के रूप में होती है, जो आम तौर पर तिस मिनटों से कम समय तक रहती हैं।",0,[],[]
1718,दवाई से अस्थिर मूत्राशय और संस्तम्भता (spasticity) के लक्षण सबसे अच्छी तरह से दूर होते हैं।,0,[],[]
1720,"इसका उत्पादन काले सरसों (ब्रैसिका निग्रा), भूरे रंग के भारतीय सरसों (ब्रैसिका जुनसिया) और सफेद सरसों (''ब्रैसिका हिर्टा) से किया जा सकता है।",0,[],[]
1721,"सरसों के तेल में इरुसिक एसिड अधिक प्रचलित है, जिसका प्रतिशत 42% है, जबकि ओलिक एसिड का प्रतिशत 12% है।",0,[],[]
1722,रसिया का जीपीएस के समकक्ष नाम ग्लोनास (GLONASS) है।,0,[],[]
1723,आईवाज़ोवस्की की मत्यु 19 अप्रैल (नई शैली में 2 मई) 1900 को फिओदोसिया में हुई।,0,[],[]
1724,"मामूट्टी ने तमिल, तेलुगु, हिंदी और अंग्रेजी फिल्में में अभिनय किया है।",0,[],[]
1725,एशियाई खेलों को एशियाड के नाम से भी जाना जाता है।,0,[],[]
1726,चीन के हांगझोऊ नगर में होगी।,0,[],[]
1727,फिल्म अगस्त रश एक अमेरिकी ड्रामा फिल्म है।,0,[],[]
1728,"AFP का अर्थ अल्फा-फिटोप्रोटीन होता है, जो एक प्रोटीन है जो मनुष्यों में जीन एएफपी द्वारा एनकोडेड है।",0,[],[]
1729,अफपी का स्तर गर्भ की पहली तिमाही के अंत तक भ्रूण सीरम में व्रद्धी होता है और फिर स्तर गिर जाता है।,0,[],[]
1730,मेरे पास आपके प्रश्न का उत्तर नहीं है।,0,[],[]
1731,"हिरागाना का विकास मानयोगाना के उपयोग से हुआ, जिसमें चीनी अक्षरों के अर्थ के बजाय उनके ध्वनि के लिए इस्तेमाल किया जाता था। मानयोगाना को घसीट शैली में लिखने से हिरागाना का विकास हुआ, जो महिलाओं के लिए सुलभ थी।",0,[],[]
1732,मानयोगाना (Man'yōgana) लेखन शैली का नाम है जो हीरागाना और काताकाना लेखन शैली से ली गई हैं।,0,[],[]
1733,"१,००६ अक्षर हैं।",0,[],[]
1734,१९८१ में जोयो कानजी शुरू किया गया था।,0,[],[]
1735,जापानी उपनामों को बनाने के लिए प्रयुक्त मिश्रण का एक भाग कुनयोमी होता है।,0,[],[]
1737,"मुहम्मद ने पहाड़ों पर हिरा की गुफा में अपनी इबादत के दौरान अपना पहला प्रकाशन प्राप्त किया था। इसके बाद, उन्हें 23 वर्षों की अवधि में पूरा क़ुरआन का खुलासा प्राप्त हुआ।",0,[],[]
1739,कुरान में 114 अध्याय हैं।,0,[],[]
1740,कुरान के बारे में कुछ विशेषज्ञों का दावा है कि इसके अंतिम अर्थ केवल भगवान के लिए जाना जाता है।,0,[],[]
1741,सलमान फारसी ने कुरान का पहला अनुवाद किया है।,0,[],[]
1743,दिसम्बर में लाया जाता है।,0,[],[]
1744,साहनी का जन्म 1 मई 1913 को हुआ था।,0,[],[]
1745,साहनी और उनकी पत्नी 1943 में भारत लौट आए।,0,[],[]
1749,कीज की अपने रोल के लिए रेमंड से काफी प्रशंसा मिली.,0,[],[]
1750,"कीज़ की तीसरी स्टूडियो एलबम ""एज आई एम (As I Am)"" को नवंबर 2007 में रिलीज़ की गई थी। इस एलबम ने सप्ताह में दूसरी सबसे अधिक प्रतियों की बिक्री करने वाली बनीं 2007 में ही।",0,[],[]
1751,मेरे पास आपके प्रश्न का उत्तर नहीं है।,0,[],[]
1752,मेरे पास आपके प्रश्न का उत्तर नहीं है।,0,[],[]
1754,"पेटेंट 62,85,999 स्टैनफ़ोर्ड विश्वविद्यालय से आया है।",0,[],[]
1755,"पेज को हाय रैंक मिल सकता है यदि वह उच्च पेजरैंक वाले अनेक पृष्ठों से लिंक बनाए हों। इसका मतलब है कि पेज को कई महत्वपूर्ण पृष्ठों से समर्थन मिला है, जिसके कारण उसका पेजरैंक बढ़ता है।",0,[],[]
1756,प्रायिकता 0 और 1 के बीच किसी संख्यात्मक मान के रूप में व्यक्त की जाती है।,0,[],[]
1757,मेरे पास आपके प्रश्न का उत्तर नहीं है।,0,[],[]
1758,पीटर डिंकलेज के पिता का पेशा बीमा सेल्समैन था।,0,[],[]
1759,BMI की गणना के लिए व्यक्ति का वजन और ऊंचाई का उपयोग किया जाता है। BMI = वजन (किग्रा) / ऊंचाई (मीटर)² के रूप में गणना की जाती है।,0,[],[]
1760,भारतीय स्वतंत्रता आंदोलन 20वीं सदी के प्रारंभिक दशकों में हुआ था।,0,[],[]
1762,त्वचा की सुरक्षा को शरीर की त्वचा की सुरक्षा के लिए स्वायत्त तंत्रिका प्रणाली करता है।,0,[],[]
1763,मेरे पास आपके प्रश्न का उत्तर नहीं है।,0,[],[]
1764,रुपया शब्द का अर्थ कच्ची चांदी होता है और रूप्यकम् का अर्थ चांदी का सिक्का है।,0,[],[]
1765,कोफ़ी अन्नान का जन्म 8 अप्रैल 1938 को हुआ था।,0,[],[]
1766,टैगोर ने सन १९१९ में नाइटहुड का परित्याग किया था।,0,[],[]
1767,"ऑक्सीकरण का प्रयास लोह के शुद्ध रूप प्राप्त करने का है, जिसमें कार्बन और अन्य अपद्रव्य हटाने का प्रयास किया जाता है।",0,[],[]
1768,"कुरान में एक अध्याय को ""सुरह"" कहा जाता है।",0,[],[]
1769,ओलम्पिक में दिए जाने वाले पदकों में से एक प्रकार स्वर्ण पदक है।,0,[],[]
1770,जब ओलंपिक टेबल पर राष्ट्र टाई हुए तब कांस्य पदक से सम्मानित किया गया।,0,[],[]
1773,मेरे पास आपके प्रश्न का उत्तर नहीं है।,0,[],[]
1774,"हाँ, मैं आपको ब्रैकीसिफैलिक कुत्ता नस्ल का एक उदाहरण दे सकता हूँ। ऑस्ट्रिया में स्थित एक स्थल रुद्ध देश है, जिसकी राजधानी वियना है और इसकी मुख्य भाषा जर्मन है।",0,[],[]
1775,लीबिया का नाम १९६९ के तख्ता-पलट के बाद 'लिबियन अरब रिपब्लिक' रखा गया था और १९७७ में इसका नाम बदलकर 'महान समाजवादी जनवादी लिबियाई अरब जम्हूरिया' रख दिया गया था।,0,[],[]
1776,"लीबिया के निर्देशांक हैं: अक्षांश 19 डिग्री और 34 डिग्री एन, और अक्षांश 9 डिग्री और 26 डिग्री ई के बीच हैं।",0,[],[]
1777,लीबिया में शुष्क और रेगिस्तानी जलवायु आम है।,0,[],[]
1778,फर्ग्युसन २००७ में ग्राइंड हाउस में थी।,0,[],[]
1779,17.90%,0,[],[]
1780,जापान है कावासाकी रोग से अतिसंवेदनशील देश।,0,[],[]
1781,मेरे पास आपके प्रश्न का उत्तर नहीं है।,0,[],[]
1782,मेरे पास आपके प्रश्न का उत्तर नहीं है।,0,[],[]
1784,इस प्रश्न का उत्तर नहीं है।,0,[],[]
1785,कीन अक्सर कॉर्क लौटने के लिए क्लब से कुछ दिनों की छुट्टी के लिए पूछा करता था।,0,[],[]
1786,"चिकित्सा का सामान्य क्षेत्र जो पिस्टोरिंग से जुड़ा हुआ है, वह है प्लास्टिक सर्जरी का क्षेत्र।",0,[],[]
1787,नेटफ्लिक्स की शुरुआत 1997 को हुई थी।,0,[],[]
1788,"त्रिफला में आमलाकी, हरिताकी और बिभिता‍की नाम के तीन महत्वपूर्ण घटक पाए जा सकते हैं।",0,[],[]
1789,मुरलीधरन ने मई 2004 में कोर्टनी वाल्श के 519 टेस्ट मैच के रिकार्ड से आगे निकल कर सर्वाधिक विकेट लेने वाले गेंदबाज बन गए।,0,[],[]
1790,फुटबॉल खिलाड़ी को एक महीने के लिए खेलने की अनुमति नहीं थी।,0,[],[]
1792,मूत्राशय के संक्रमण का दूसरा नाम निचले मूत्र पथ संक्रमण है।,0,[],[]
1793,बच्चों में मूत्र पथ संक्रमण (यूटीआई) का एकमात्र लक्षण बुखार हो सकता है।,0,[],[]
1794,महिलाओं में मूत्राशय संक्रमण के कारणों में सबसे ऊँची दर यौन सक्रियता की है।,0,[],[]
1795,"मूत्र कैथेटराइज़ेशन मूत्र पथ संक्रमणों का जोखिम 3 से 6 प्रतिशत, प्रतिदिन के बीच है।",0,[],[]
1796,"क्रेनबेरी रस या क्रेनबेरी पूरक अप्रभावी साबित होते हैं, जिसका मतलब है कि इन रसों ने रीढ़ की हड्डी में चोट लगने वाले लोगों में यूटीआई की रोकथाम और उसके इलाज में मदद नहीं करते।",0,[],[]
1797,महिलाओं का कल्चर नकारात्मक होता है किन्तु फिर भी वे एंटीबायोटिक उपचार से बेहतर हो सकते हैं।,0,[],[]
1798,"जटिल मामलों की पुष्टि मूत्र विश्लेषण द्वारा यूरीनरी नाइट्रेट, श्वेत रक्त कणिकाओं (ल्यूकोसाइट्स) या ल्यूकोसाइट ईस्टरेस की उपस्थिति को देख कर की जा सकती है। इसके अलावा यूरिन माइक्रोस्कोपी भी एक उपयोगी परीक्षण है, जो लाल रक्त कणिकाओं, श्वेत रक्त कणिकाओं या बैक्टीरिया की उपस्थिति की जांच करता है।",0,[],[]
1799,फोनाज़ोपिराइडिन को मूत्राशय संक्रमण के दौरान महसूस की जाने वाली जलन और व्यग्रता से आराम मिलाने के लिए दिया जाता है।,0,[],[]
1800,बच्चे अक्सर तीन दिन के एंटीबायोटिक उपचार पर प्रतिक्रिया दे देते हैं।,0,[],[]
1803,"मूत्र संबंधी संक्रमण के कारण अमेरिकियों पर काफी प्रभाव पड़ते हैं। हर वर्ष, लगभग 7 मिलियन कार्यालय दौरे, एक मिलियन आकस्मिक विभाग दौरे और एक लाख अस्पताल भर्ती मामले होते हैं। इन संक्रमणों की लागत काफी महत्वपूर्ण है, जिसका आधार काम पर समय की हानि और स्वास्थ्य देखभाल है। संयुक्त राज्य अमरीका में उपचार की प्रत्यक्ष वार्षिक लागत का आंकलन लगभग 1.6 बिलियन अमरीकी डॉलर है।",0,[],[]
1804,"रात्चाबुरी का अर्थ ""राजापुरी"" या ""राजा की नगरी"" है।",0,[],[]
1805,"हिंदी में उत्तर: सबसे छोटी संकल्प कल्पना मार्जरीन की उत्पत्ति हो सकती है, जिसका नाम मार्जरिक एसिड से लिया गया है और जिसका आविष्कार माइकेल यूजीन शेवरोल ने 1813 में किया था।",0,[],[]
1806,फरीद रफीक ज़कारिया का जन्म 20 जनवरी 1964 को हुआ था।,0,[],[]
1807,मेरे पास आपके प्रश्न का उत्तर नहीं है।,0,[],[]
1808,क्रोएशिया एयरलाइन्स का समझौता कई सारे एयरलाइन्स के साथ कोड साझेदारी समझौता है।,0,[],[]
1809,मेरे पास आपके प्रश्न का उत्तर नहीं है।,0,[],[]
1810,चेतना कई सेकंड के भीतर खो जाती है।,0,[],[]
1811,"CPR का अर्थ कार्डियोपल्मोनरी पुनर्जीवन है, जिसका उद्देश्य साँस ले रहा है और नैदानिक आदर्श उत्क्रमण के परिसंचरण रक्त के मृत राज्य द्वारा बहाल.",0,[],[]
1812,"हाँ, इलेक्ट्रोकेमिकल सेल Emf प्रदान करने में सक्षम हैं।",0,[],[]
1813,"चुय प्रांत के उत्तरी इलाक़े में चुय नदी का पानी सिंचाई के लिए उपलब्ध है, जिसके कारण जमीन के उपजाऊ होने में मदद करता है।",0,[],[]
1814,"हिंदी में उत्तर: इसका उपयोग न्यायिक, प्रशासनिक एवं निजी आँकड़ों के संग्रहण में किया जाता था।",0,[],[]
1815,मुगल सल्तनत के दौरान कैथी लिपि का प्रयोग काफी व्यापक था।,0,[],[]
1816,"जब एक गेंद खो जाती है, तो इसकी जगह एक सामान घिसावट वाली दूसरी गेंद ली जाती है।",0,[],[]
1817,नियम 13: फॉलो-ऑन कानून है।,0,[],[]
1819,"पारियों के बीच में और दोपहर का भोजन, चाय और ड्रिंक्स के बीच दस-मिनट का अंतराल होता है।",0,[],[]
1821,"प्राचीन संस्कृतियों की गिनतियों का अध्ययन सामाजिक और आर्थिक आंकड़ों का ट्रैक रखने के लिए किया जाता है, जैसे कि समूह के सदस्यों की, शिकारी पशुओं की, संपत्ति की या कर्ज की संख्या (अर्थात् लेखाकर्म)।",0,[],[]
1822,"मुनिख़ से समाजशास्त्र, दर्शनशास्त्र, मानस शास्त्र और राजनीति विज्ञान में पढ़ाई की थी।",0,[],[]
1823,"माप आमतौर पर रेखीय मान से व्यक्त किए जाते हैं, जैसे 1000 गज़ (अथवा 1000 मीटर) से देखने पर कितने फीट (अथवा मीटर) चौड़ाई दिखाई देगी या कितने डिग्री का कोणीय मान देखा जा सकता है।",0,[],[]
1824,आंखों में अधिक राहत के लिए फोकल की लंबाई बड़ी होनी चाहिए।,0,[],[]
1825,"जोसफ डेविड ने बास्केटबॉल के नियमों का समर्थन किया था, लेकिन जो पेरी किस बैंड से संबंधित नहीं है। जो पेरी एक अमेरिकी गिटारवादक और संगीतकार है, जो एरोस्मिथ बैंड का सदस्य है।",0,[],[]
1826,मंच के नाम के रूप में किस अंतिम नाम पर समझौता हुआ?,0,[],[]
1830,मेरे पास आपके प्रश्न का उत्तर नहीं है।,0,[],[]
1831,"हाँ, इक्वेटोरियल गिनी का द्वीप ऐनोबॉन भूमध्य रेखा से १५५ की.मी.",0,[],[]
1831,"(१०० मील) दक्षिण में है, लेकिन देश का बाकी हिस्सा उत्तर में निहित है।",0,[],[]
1832,जम्मू और श्रीनगर भारत के शहर हैं।,0,[],[]
1833,वर्ष 2006 में ओलंपिक में कर्लिंग ओलंपिक कार्यक्रम का पूरा हिस्सा पेश किया गया था।,0,[],[]
1834,प्रदर्शन कार्यक्रम के रूप में सूचीबद्ध नहीं है - कर्लिंग और सैन्य गश्ती।,0,[],[]
1835,मेरे पास आपके प्रश्न का उत्तर नहीं है।,0,[],[]
1836,मार्कस की मदत जॉन ने की थी।,0,[],[]
1837,"केट कॉनर के रूप में ब्राइस डलास हावर्ड के अनुसार, केट एक पशुचिकित्सक थीं, लेकिन फ़िल्म में वह अब एक चिकित्सक है।",0,[],[]
1838,मिनी बस दुर्घटना थी।,0,[],[]
1839,स्क्रिप्ट को संशोधित किया गया था फिल्मांकन से तीन हफ्ते पहले शॉन रयान ने किया था।,0,[],[]
1842,पूर्वकथा के चार अंक थे।,0,[],[]
1843,मेरे पास आपके प्रश्न का उत्तर नहीं है।,0,[],[]
1844,"शकीरा शब्द अरबी भाषा से आया है, जिसका अर्थ ""आभारी"" होता है।",0,[],[]
1845,शकीरा ने अपने दूसरे स्टूडियो एल्बम के बाद हाई स्कूल से स्नातक कर सके इसलिए ब्रेक लिया।,0,[],[]
1846,शकीरा ने टूर एंफिबियो मार्च 2000 में शुरू किया।,0,[],[]
1847,"शकीरा की पहली बड़ी हिट एल्बम का नाम ""ड्रीम थियेटर"" नहीं है, क्योंकि पाठ्य सामग्री में इसका उल्लेख नहीं है। हालांकि पाठ्य सामग्री में ड्रीम थियेटर के बारे में कुछ जानकारी है, लेकिन शकीरा की पहली बड़ी हिट एल्बम के बारे में कोई जानकारी नहीं है। मेरे पास आपके प्रश्न का उत्तर नहीं है।",0,[],[]
1848,उत्तर: इलाम,0,[],[]
1849,"हिंदी में उत्तर: एक टीम में 11 खिलाड़ी होते हैं, जिसमें एक विकेट कीपर और एक गेंदबाज शामिल होता है, और अन्य 9 खिलाड़ी कहीं भी रक्षण कर सकते हैं।",0,[],[]
1850,मेरे पास आपके प्रश्न का उत्तर नहीं है।,0,[],[]
1851,मेरे पास आपके प्रश्न का उत्तर नहीं है।,0,[],[]
1852,२०२० में मानवीय बॉक्सरों की जगह रोबोट बॉक्सरों ने ले ली है।,0,[],[]
1853,मेरे पास आपके प्रश्न का उत्तर नहीं है।,0,[],[]
1854,सरकार कार्यकारी शक्ति का उपयोग करती है।,0,[],[]
1855,नॉर्थवुड कोर।,0,[],[]
1856,प्रोसेसर अब उच्चतम क्लॉक गति या कम ताप उत्पन्न करते हुए संचालित किया जा सकता है।,0,[],[]
1857,2003 के सितंबर में इंटेल डेवलपर फोरम में पेंटियम 4 चरम संस्करण (पी4ईई) की घोषणा की गयी थी।,0,[],[]
1858,इंटेल ने नया कोर कोडनेम 'प्रेस्कॉट' 1 फ़रवरी 2004 को पेश किया।,0,[],[]
1859,कोर ने 90 एनएम प्रोसेस का उपयोग किया था।,0,[],[]
1860,"एबनर ने स्नातक स्तर की पढ़ाई के बाद एक अनुवादक, विदेशी भाषायों के अध्यापक एवं एक सूचना प्रौद्योगिकी परियोजना जैसे व्यवसायों पर केन्दित किया।",0,[],[]
1861,मेरे पास आपके प्रश्न का उत्तर नहीं है।,0,[],[]
1862,मंगोलिया ने 1976 शीतकालीन ओलंपिक खेलों में हिस्सा नहीं लिया था।,0,[],[]
1863,मेरे पास आपके प्रश्न का उत्तर नहीं है।,0,[],[]
1864,मेरे पास आपके प्रश्न का उत्तर नहीं है।,0,[],[]
1865,मेरे पास आपके प्रश्न का उत्तर नहीं है।,0,[],[]
1866,विंड्सर कासल के सेंट जॉर्ज चैपल में।,0,[],[]
1867,राष्ट्रीय नादम उलानबटार में होता है।,0,[],[]
1868,चीनियों की है।,0,[],[]
1869,मेरे पास आपके प्रश्न का उत्तर नहीं है।,0,[],[]
1870,नमक उत्पादक ने भुगतान के रूप में चांदी का इस्तेमाल किया।,0,[],[]
1871,1 ताइल में 100 कैंडरीन होते हैं।,0,[],[]
1873,सिल्वर डॉलर को स्थापित नहीं किया गया था। चीन गणराज्य की राष्ट्रीय मुद्रा के रूप में रजत डॉलर की स्थापना 1914 में की गई थी।,0,[],[]
1875,यह उत्तर नहीं है। उपलब्ध जानकारी में कोई संबंधित पाठ नहीं है जिसके आधार पर उत्तर तैयार किया जा सके।,0,[],[]
1877,मूल्यवर्गों की संख्या 12 है।,0,[],[]
1878,1 अक्टूबर 1999 के बाद से उत्पादित किए जाने लगे।,0,[],[]
1879,1999 से शुरू हुआ।,0,[],[]
1880,मेरे पास आपके प्रश्न का उत्तर नहीं है।,0,[],[]
1882,"सिया के चाचा केविन कोल्सन हैं, जो एक अभिनेता-गायक हैं।",0,[],[]
1883,सिया केट इसोबेले फरलर के पिता फिल कोल्सन एक संगीतकार हैं।,0,[],[]
1884,सिया ने लंदन चले गए और ब्रिटिश बैंड जामिरोकई के लिए एक पृष्ठभूमि गायक के रूप में प्रदर्शन किया।,0,[],[]
1885,मेरे पास आपके प्रश्न का उत्तर नहीं है।,0,[],[]
1889,जब सिया थाईलैंड में थी तब उसे लंदन में कार दुर्घटना में पोंटेफ़ेक्स की मृत्यु की खबर मिली थी।,0,[],[]
1890,"कब्र्स रोग, जिसकी विशेषता एक अति-सक्रिय थायराइड की विशेषता एक ऑटोइम्यून डिसऑर्डर है।",0,[],[]
1893,E80 सड़क नेटवर्क अटलांटिक महासागर पर लिस्बन तक जाता है।,0,[],[]
1895,"API का तात्पर्य है वेब सर्विस अप्लीकेशन प्रोग्रामिंग इंटरफेसेस, जो अन्य सॉफ्टवेयर को अपने साथ परस्पर क्रिया की अनुमति देने के लिए प्रदान करती है।",0,[],[]
1896,मेरे पास आपके प्रश्न का उत्तर नहीं है।,0,[],[]
1897,मूक संकेत में ब्लैक पॉवर सैल्यूट में क्या गलत समझा गया था?,0,[],[]
1897,"उत्तर: अश्वेत शक्ति सलामी को मूक संकेत में गलत समझा गया था कि यह अश्वेत शक्ति के प्रति सम्मान था, जबकि असल में यह मानव अधिकार के प्रति सम्मान था।",0,[],[]
1899,CEMS Global Alliance एक शिक्षा प्रबंधन में वैश्विक गठबंधन है जिसमें दुनिया के प्रमुख व्‍यावसायिक विद्यालयों और विश्वविद्यालयों का बहुराष्ट्रीय कंपनियों और गैर सरकारी संगठनों के साथ सहयोग है।,0,[],[]
1900,हिंदी में उत्तर: दो विदेशी भाषा की परीक्षा पूरी करनी होती है।,0,[],[]
1901,CEMS कार्यक्रम के लिए प्रमुख व्‍यावसायिक डिग्री की आवश्यकता है।,0,[],[]
1904,मेरे पास आपके प्रश्न का उत्तर नहीं है। सूची में उपलब्ध पाठ्य सामग्री में CEMS की घोषणा के बारे में कोई जानकारी नहीं है।,0,[],[]
1907,मेरे पास आपके प्रश्न का उत्तर नहीं है।,0,[],[]
1908,"जादू का व्युत्पत्ति मूल लैटिन शब्द ""मैजी"" से हुआ है, जिसे पारसियों के लिए प्रयुक्त किया जाता था।",0,[],[]
1909,मेरे पास आपके प्रश्न का उत्तर नहीं है।,0,[],[]
1910,पिता की मृत्यु २ फरवरी १९१३ को हुई।,0,[],[]
1911,रमाबाई।,0,[],[]
1914,रोड्सिया,0,[],[]
1915,"अर्ल वुड्स अफ्रीकी अमेरिकी, चीनी और मूल अमेरिकी वंशों का मिश्रण थे।",0,[],[]
1916,वुड्स अग्नि हाइड्रेंट दुर्घटना के समय एसयूवी कैडिलाक एसकेलेड से जा रहे थे।,0,[],[]
1918,कैथलीन,0,[],[]
1919,मेरे पास आपके प्रश्न का उत्तर नहीं है।,0,[],[]
1921,एसोसिएशन रुल लर्निंग के प्रयोग से सुपरमार्केट ग्राहकों की खरीददारी की आदतों पर डाटा इकट्ठा किया जाता है।,0,[],[]
1922,1970 के दशक से प्रवासन उच्च रहा है।,0,[],[]
1923,ज़ोरोस्ट्रियनवाद में हुआ है।,0,[],[]
1924,सफ़ेद पुट्ठे वाली मुनिया लगभग 10 से 11 सेमी लम्बी होती है।,0,[],[]
1925,"वयस्क सफ़ेद पुट्ठे वाली मुनिया के ऊपर और छाती के हिस्से पर भूरे रंग के होते हैं, नीचे की ओर हल्के रंग के होते हैं, और इनके पुट्ठे का रंग सफ़ेद होता है।",0,[],[]
1926,कुक के माता-पिता का नाम बेथ फोराकर (अविवाहित नाम फ्र्ये) और स्टेनली कुक है।,0,[],[]
1927,मेरे पास आपके प्रश्न का उत्तर नहीं है।,0,[],[]
1928,हिंदी में उत्तर: १९३३ में रॅफल्स होटेल की आर्थिक समस्याएँ ख़त्म हुई और रॅफल्स होटेल लिमिटेड के नाम से एक पब्लिक कंपनी की स्थापना की गयी।,0,[],[]
1929,डॉ स्टॉलमैन ने १९८३ में जीएनयू परियोजना (GNU Project) की सुरुवात की थी।,0,[],[]
1932,मेरे पास आपके प्रश्न का उत्तर नहीं है।,0,[],[]
1933,ईमैक्स एक टेक्स्ट एडिटर है।,0,[],[]
1934,"बर्फ़ीली सर्दियों का रिकार्ड 1983-84 में था, जब 98.4 इंच (250 से॰मी॰) हिमपात हुआ।",0,[],[]
1935,जुलाई 1936 में 108 °फ़ै (42 °से.),0,[],[]
1935,रहा है।,0,[],[]
1936,"मिनियापोलिस की अर्थव्यवस्था में वाणिज्य, वित्त, रेल और ट्रकिंग सेवाएं, स्वास्थ्य देखभाल और उद्योग पर आधारित है। छोटे घटक प्रकाशन, मिल, खाद्य प्रसंस्करण, ग्राफिक कला, बीमा, शिक्षा और उच्च प्रौद्योगिकी रहे हैं।",0,[],[]
1937,"मेरे पास आपके प्रश्न का उत्तर नहीं है। मिनियापोलिस इंस्टीट्यूट ऑफ आर्ट में 100,000 नमूनों के स्थाई संग्रह के साथ सबसे बड़ा कला संग्रहालय है, लेकिन प्रदर्शित कलाकृतियों की संख्या के बारे में कोई जानकारी नहीं मिली।",0,[],[]
1938,परिषद के पास बारह DFL सदस्य हैं।,0,[],[]
1940,नया संविधान 4 नवम्बर 1875 में तैयार और घोषित किया गया था।,0,[],[]
1941,टोंगा के पुराने झंडे का उदाहरण एक सफेद रंग की पृष्ठभूमि वाला लाल रंग के द्विशायिका क्रॉस से भरा हुआ था।,0,[],[]
1942,38.30%,0,[],[]
1943,चुनाव में हारने वाले लोपेज ओब्रादोर को 31.6% वोट मिले।,0,[],[]
1944,"क्लाउडी हेंगेरे को जीव विज्ञान और खेल चिकित्सा (१९८१), विमानन और अंतरिक्ष दवा (१९८२), और संधिशोथ में प्रमाण पत्र प्राप्त हुए।",0,[],[]
1945,क्लाउडी हेंगेरे १८ जून २००२ को ईएसए से सेवानिवृत्त हुई।,0,[],[]
1946,अमेरिका में रेबीज़ का सबसे आम स्रोत चमगादड़ का काटना है।,0,[],[]
1947,रेबीज़ इंसानों में अन्य जानवरों से संचारित होता है। जब कोई संक्रमित जानवर किसी अन्य जानवर या इंसान को खरोंचता या काटता है तब रेबीज़ संचारित हो सकता है। किसी संक्रमित जानवर के लार से भी रेबीज़ संचारित हो सकता है यदि लार किसी अन्य जानवर या मनुष्य के श्लेष्मा झिल्ली के संपर्क में आता है।,0,[],[]
1948,लुफ्थांसा ने ब्रसेल्स एयरलाइन्स में 45% की हिस्सेदारी लेने की घोषणा की थी।,0,[],[]
1949,"कार्यक्रम शुरू करने का एक विकल्प राइट-क्लिक करना और ""न्यू टास्क"" चुनना है।",0,[],[]
1950,मेरे पास आपके प्रश्न का उत्तर नहीं है।,0,[],[]
1952,मेरे पास आपके प्रश्न का उत्तर नहीं है।,0,[],[]
1953,मेरे पास आपके प्रश्न का उत्तर नहीं है।,0,[],[]
1954,"हिंदी में उत्तर: यूरो को आधिकारिक मुद्रा के रूप में 19 यूरोपीय देशों में इस्तेमाल किया जाता है, जिनमें आस्ट्रिया, बेल्जियम, साइप्रस, फिनलैंड, फ्रांस, जर्मनी, ग्रीस, आयरलैंड, इटली, लग्ज़म्बर्ग, माल्टा, नीदरलैंड, पुर्तगाल, स्लोवेनिया, स्लोवाकिया और स्पेन शामिल हैं। इसके अलावा पांच अन्य यूरोपीय देशों में भी यूरो का प्रचलन है, लेकिन आधिकारिक मुद्रा नहीं है।",0,[],[]
1955,यूरो का चलन 1999 में शुरू हुआ था।,0,[],[]
1956,31 दिसंबर 2002 के बाद पुर्तगाली एस्कुडोस मौद्रिक रूप से मूल्यरहित हो गया।,0,[],[]
1957,हिंदी में उत्तर: मेरे पास आपके प्रश्न का उत्तर नहीं है।,0,[],[]
1958,चेंजओवर की अवधि लगभग दो महीने तक चली गई थी।,0,[],[]
1959,"EBC का अर्थ है यूरोपीय सेंट्रल बैंक, जो फ्रैंकफर्ट (जर्मनी) में स्थित है और यूरोज़ोन की मौद्रिक नीति का प्रभारी है।",0,[],[]
1960,"ENIAC एक मॉड्यूलर कंप्यूटर था, जिसमें विभिन्न कार्यों के लिए व्यक्तिगत पैनल शामिल थे।",0,[],[]
1962,मेरे पास आपके प्रश्न का उत्तर नहीं है।,0,[],[]
1964,निजी कुंजी को पासफ्रेज़ से लॉक किया जा सकता है।,0,[],[]
1965,मार्च 2003 में वीडियो कोडिंग मानक का औपचारिक अनुमोदन मिला था।,0,[],[]
1966,सबसे बड़ा VBSMC ब्लॉक आकार 16×16 है।,0,[],[]
1967,फ्रेम नंबरिंग है जो उप अनुक्रमों के निर्माण की अनुमति देता है।,0,[],[]
1968,रूस में आयोजित किए जा रहे थे।,0,[],[]
1969,54 राष्ट्रों के 310 एथलीटों ने भाग लिया था।,0,[],[]
1970,"हताहत लोगों की संख्या 147 है, जिसमें 3 लोगों की मृत्यु हुई और 144 लोग घायल हुए।",0,[],[]
1971,"मैकडफ को राजा के कक्ष की ओर ले जाता है, जहां मैकडफ को डंकन की लाश का पता चलता है।",0,[],[]
1972,"मैकडफ और अंग्रेज सिवार्ड (द एल्डर), नॉर्थम्बरलैंड के अर्ल के साथ डनसिनेन कैसल के खिलाफ एक सेना का नेतृत्व करता है।",0,[],[]
1973,ज़ैडी स्मिथ की माँ का नाम यावोन बेली था।,0,[],[]
1974,उनके दो छोटे भाई हैं - डॉक्टर ब्राउन और ल्यूक स्कीज़।,0,[],[]
1975,मेरे पास आपके प्रश्न का उत्तर नहीं है।,0,[],[]
1976,जब वह एक किशोर थी उसके माता पिता ने तलाक ले लिया।,0,[],[]
1978,"सैंडलर की हाल की फिल्मों की लगभग समान रूप से सकारात्मक समीक्षाएं की गयीं, जिसकी शुरुआत पंच-ड्रंक लव (2002) से हुई।",0,[],[]
1979,मेरे पास आपके प्रश्न का उत्तर नहीं है।,0,[],[]
1980,"जिमी एन्जिल, मैरी, गुस्तावो हेनी और मिगुएल देल्गादो थे।",0,[],[]
1981,यात्रियों को भोजन की कमी और पूरी तरह से अंजान क्षेत्र के कारण काफ़ी कष्टप्रद पैदल यात्रा करनी पड़ी।,0,[],[]
1982,हसन इब्न अल हैतम का लैटिन नाम अल्हाज़ेन है।,0,[],[]
1983,हाइड्रोलिक परियोजना असवान में जारी होने की बात कही गई थी।,0,[],[]
1984,डांग ज़िला भारत के गुजरात राज्य में स्थित है।,0,[],[]
1985,लेन की मां के दो कैरिएर थे - नाइटक्लब नृत्यांगना और प्लेबॉय पत्रिका के बीच के पन्नों पर आने वाली महिला (मिस अक्टूबर 1957)।,0,[],[]
1986,मेरे पास आपके प्रश्न का उत्तर नहीं है।,0,[],[]
1987,भारत के संविधान का उत्तर है।,0,[],[]
1988,बर्फीला दृश्य अप्रैल २९ में एडलैयडी सेंट.,0,[],[]
1988,और चिंग लैन में फ़िल्माया गया था।,0,[],[]
1989,"फ़िल्मांकन का आरंभ अप्रैल १३, २०१५ से किया गया।",0,[],[]
1990,मैट डैमन ने मुख्य भूमिका की है।,0,[],[]
1991,मेरे पास आपके प्रश्न का उत्तर नहीं है।,0,[],[]
1992,वाटनी अत्यंत क्रुद्ध होता है क्योंकि टीम को उनके जिंदा बचने की खबर नहीं दी गई है।,0,[],[]
1993,फिल्मांकन का कार्य तकरीबन 70 दिनों के अंदर पूरा हुआ।,0,[],[]
1994,"मक्का मस्जिद हैदराबाद, भारत में है।",0,[],[]
1995,उत्तर: मई (May),0,[],[]
1997,मेरे पास आपके प्रश्न का उत्तर नहीं है।,0,[],[]
1998,अध्यक्ष का कार्यकाल 5 वर्षों का होता है।,0,[],[]
1999,मेरे पास आपके प्रश्न का उत्तर नहीं है।,0,[],[]