text_order_id,sentence,num_triplets,triplets,abbreviation
720,पूजा ने राज को टीना के नाम से लिखा क्योंकि टीना जल्द ही अन्य चीजों में व्यस्त हो जाती है और पूजा ने राज को टीना के नाम से लिखा ताकि टीना अपना वादा पूरा कर सके।,3,"[{'subject': {'upos': 'PROPN', 'text': 'पूजा', 'id': 1, 'deprel': 'nsubj', 'head': 9}, 'object': {'upos': 'PROPN', 'text': 'राज', 'id': 3, 'deprel': 'obj', 'head': 9}, 'verb': {'upos': 'VERB', 'text': 'लिखा', 'id': 9, 'deprel': 'root', 'head': 0}}, {'subject': {'upos': 'PROPN', 'text': 'पूजा', 'id': 22, 'deprel': 'nsubj', 'head': 30}, 'object': {'upos': 'PROPN', 'text': 'राज', 'id': 24, 'deprel': 'obj', 'head': 30}, 'verb': {'upos': 'VERB', 'text': 'लिखा', 'id': 30, 'deprel': 'conj', 'head': 18}}, {'subject': {'upos': 'PROPN', 'text': 'टीना', 'id': 32, 'deprel': 'nsubj', 'head': 36}, 'object': {'upos': 'NOUN', 'text': 'वादा', 'id': 34, 'deprel': 'obj', 'head': 36}, 'verb': {'upos': 'VERB', 'text': 'कर', 'id': 36, 'deprel': 'advcl', 'head': 30}}]","['SOV', 'SOV', 'SOV']"
733,मिलर ने कहा कि वे महा खलनायक मिथक को रखना चाहते हैं जो फ़िल्म में मूल कॉमिक को निर्धारित करता है। उन्होंने भी कहा कि वे उन चरित्रों को शक्तियों के साथ भरना चाहते हैं लेकिन इसे एक पैनल के लिए करना और फिर भूल जाना चाहते हैं।,3,"[{'subject': {'upos': 'PRON', 'text': 'उन्होंने', 'id': 1, 'deprel': 'nsubj', 'head': 3}, 'verb': {'upos': 'VERB', 'text': 'कहा', 'id': 3, 'deprel': 'root', 'head': 0}, 'object': {'upos': 'VERB', 'text': 'चाहते', 'id': 13, 'deprel': 'obj', 'head': 3}}, {'subject': {'upos': 'PRON', 'text': 'वे', 'id': 5, 'deprel': 'nsubj', 'head': 13}, 'object': {'upos': 'VERB', 'text': 'भरना', 'id': 12, 'deprel': 'obj', 'head': 13}, 'verb': {'upos': 'VERB', 'text': 'चाहते', 'id': 13, 'deprel': 'obj', 'head': 3}}, {'subject': {'upos': 'PRON', 'text': 'वे', 'id': 5, 'deprel': 'nsubj', 'head': 13}, 'object': {'upos': 'VERB', 'text': 'करना', 'id': 21, 'deprel': 'obj', 'head': 26}, 'verb': {'upos': 'VERB', 'text': 'चाहते', 'id': 26, 'deprel': 'conj', 'head': 13}}]","['SVO', 'SOV', 'SOV']"
248,"हिंदू धर्मग्रंथ बताते हैं कि वह जो आत्महत्या करता है, आत्माओं की दुनिया में चला जाता है और वहाँ वह तब तक रहता है जब तक कि उसका धरती पर जीवन तय था, यदि वह आत्महत्या न करता।",2,"[{'subject': {'upos': 'NOUN', 'text': 'धर्मग्रंथ', 'id': 2, 'deprel': 'nsubj', 'head': 3}, 'verb': {'upos': 'VERB', 'text': 'बताते', 'id': 3, 'deprel': 'root', 'head': 0}, 'object': {'upos': 'VERB', 'text': 'चला', 'id': 16, 'deprel': 'obj', 'head': 3}}, {'subject': {'upos': 'PRON', 'text': 'वह', 'id': 6, 'deprel': 'nsubj', 'head': 9}, 'object': {'upos': 'PRON', 'text': 'जो', 'id': 7, 'deprel': 'obj', 'head': 9}, 'verb': {'upos': 'VERB', 'text': 'करता', 'id': 9, 'deprel': 'acl:relcl', 'head': 12}}]","['SVO', 'SOV']"
328,महिलाएं अक्सर शुक्रवाहिकोच्छेदन उलटाव करवाना चाहती हैं क्योंकि डिंबवाहनी बंधन की तुलना में यह बारह गुना कम जटिलताएं और गंभीर जटिलताएं दिखाई देती हैं।,2,"[{'subject': {'upos': 'NOUN', 'text': 'महिलाएं', 'id': 1, 'deprel': 'nsubj', 'head': 6}, 'object': {'upos': 'VERB', 'text': 'करवाना', 'id': 5, 'deprel': 'obj', 'head': 6}, 'verb': {'upos': 'VERB', 'text': 'चाहती', 'id': 6, 'deprel': 'root', 'head': 0}}, {'subject': {'upos': 'PRON', 'text': 'यह', 'id': 14, 'deprel': 'nsubj', 'head': 22}, 'object': {'upos': 'NOUN', 'text': 'जटिलताएं', 'id': 18, 'deprel': 'obj', 'head': 22}, 'verb': {'upos': 'VERB', 'text': 'दिखाई', 'id': 22, 'deprel': 'advcl', 'head': 6}}]","['SOV', 'SOV']"
338,इस्लाम मानता है कि गर्भनिरोध को स्वीकार्य है लेकिन गर्भावस्था को समाप्त करना स्वीकार्य नहीं है।,2,"[{'subject': {'upos': 'PROPN', 'text': 'इस्लाम', 'id': 1, 'deprel': 'nsubj', 'head': 2}, 'verb': {'upos': 'VERB', 'text': 'मानता', 'id': 2, 'deprel': 'root', 'head': 0}, 'object': {'upos': 'ADJ', 'text': 'स्वीकार्य', 'id': 7, 'deprel': 'obj', 'head': 2}}, {'subject': {'upos': 'VERB', 'text': 'करना', 'id': 13, 'deprel': 'nsubj', 'head': 16}, 'object': {'upos': 'ADJ', 'text': 'स्वीकार्य', 'id': 14, 'deprel': 'obj', 'head': 16}, 'verb': {'upos': 'VERB', 'text': 'है', 'id': 16, 'deprel': 'conj', 'head': 7}}]","['SVO', 'SOV']"
742,"बैंड ने एल्बम को एक डिब्बे के सेट के रूप में रिलीज़ नहीं किया, क्योंकि वे इसे सर्वश्रेष्ठ गीतों का एल्बम जारी करने की योजना रद्द कर दी।",2,"[{'subject': {'upos': 'NOUN', 'text': 'बैंड', 'id': 1, 'deprel': 'nsubj', 'head': 14}, 'object': {'upos': 'NOUN', 'text': 'एल्बम', 'id': 3, 'deprel': 'obj', 'head': 14}, 'verb': {'upos': 'VERB', 'text': 'किया', 'id': 14, 'deprel': 'root', 'head': 0}}, {'subject': {'upos': 'PRON', 'text': 'वे', 'id': 17, 'deprel': 'nsubj', 'head': 28}, 'object': {'upos': 'NOUN', 'text': 'योजना', 'id': 26, 'deprel': 'obj', 'head': 28}, 'verb': {'upos': 'VERB', 'text': 'कर', 'id': 28, 'deprel': 'advcl', 'head': 14}}]","['SOV', 'SOV']"
767,पर्यटन बहुत पैसा कमाता है और आगंतुकों को स्कॉटलैंड में आकर्षित करता है।,2,"[{'subject': {'upos': 'NOUN', 'text': 'पर्यटन', 'id': 1, 'deprel': 'nsubj', 'head': 4}, 'object': {'upos': 'NOUN', 'text': 'पैसा', 'id': 3, 'deprel': 'obj', 'head': 4}, 'verb': {'upos': 'VERB', 'text': 'कमाता', 'id': 4, 'deprel': 'root', 'head': 0}}, {'subject': {'upos': 'NOUN', 'text': 'पर्यटन', 'id': 1, 'deprel': 'nsubj', 'head': 4}, 'object': {'upos': 'NOUN', 'text': 'आगंतुकों', 'id': 7, 'deprel': 'obj', 'head': 12}, 'verb': {'upos': 'VERB', 'text': 'करता', 'id': 12, 'deprel': 'conj', 'head': 4}}]","['SOV', 'SOV']"
864,फाउलस्टिच ने 44 साल तक स्कॉट एजी में काम किया और 1979 में सेवानिवृत्त होने के बाद दूरदराज के देशों की यात्रा की और ग्लास सम्मेलनों में व्याख्यान और प्रस्तुतियां दी।,2,"[{'subject': {'upos': 'PROPN', 'text': 'फाउलस्टिच', 'id': 1, 'deprel': 'nsubj', 'head': 10}, 'object': {'upos': 'NOUN', 'text': 'काम', 'id': 9, 'deprel': 'obj', 'head': 10}, 'verb': {'upos': 'VERB', 'text': 'किया', 'id': 10, 'deprel': 'root', 'head': 0}}, {'subject': {'upos': 'PROPN', 'text': 'फाउलस्टिच', 'id': 1, 'deprel': 'nsubj', 'head': 10}, 'object': {'upos': 'NOUN', 'text': 'व्याख्यान', 'id': 28, 'deprel': 'obj', 'head': 31}, 'verb': {'upos': 'VERB', 'text': 'दी', 'id': 31, 'deprel': 'conj', 'head': 23}}]","['SOV', 'SOV']"
906,"आत्म-चित्रांकन जब कलाकार खुद अपना चित्र बनाता है, तो उसे आत्म-चित्रांकन कहते हैं।",2,"[{'subject': {'upos': 'NOUN', 'text': 'आत्म-चित्रांकन', 'id': 1, 'deprel': 'nsubj', 'head': 7}, 'object': {'upos': 'NOUN', 'text': 'चित्र', 'id': 6, 'deprel': 'obj', 'head': 7}, 'verb': {'upos': 'VERB', 'text': 'बनाता', 'id': 7, 'deprel': 'acl:relcl', 'head': 10}}, {'subject': {'upos': 'PRON', 'text': 'उसे', 'id': 11, 'deprel': 'nsubj', 'head': 13}, 'object': {'upos': 'NOUN', 'text': 'आत्म-चित्रांकन', 'id': 12, 'deprel': 'obj', 'head': 13}, 'verb': {'upos': 'VERB', 'text': 'कहते', 'id': 13, 'deprel': 'root', 'head': 0}}]","['SOV', 'SOV']"
965,क्रॉफर्ड लिखती हैं कि राजा के कुछ सलाहकर एलिज़ाबेथ को राजकुमारी के लायक नहीं मानते थे क्योंकि वह बिना साम्राज्य के राजकुमार थीं।,2,"[{'subject': {'upos': 'PROPN', 'text': 'क्रॉफर्ड', 'id': 1, 'deprel': 'nsubj', 'head': 2}, 'verb': {'upos': 'VERB', 'text': 'लिखती', 'id': 2, 'deprel': 'root', 'head': 0}, 'object': {'upos': 'VERB', 'text': 'मानते', 'id': 15, 'deprel': 'obj', 'head': 2}}, {'subject': {'upos': 'NOUN', 'text': 'सलाहकर', 'id': 8, 'deprel': 'nsubj', 'head': 15}, 'object': {'upos': 'PROPN', 'text': 'एलिज़ाबेथ', 'id': 9, 'deprel': 'obj', 'head': 15}, 'verb': {'upos': 'VERB', 'text': 'मानते', 'id': 15, 'deprel': 'obj', 'head': 2}}]","['SVO', 'SOV']"
1230,एक हवाई जहाज में यात्रियों की संख्या में 1973 के तेल संकट के बाद गिरावट आई। यह संकट और अन्य देशों में आर्थिक समस्याओं के कारण यात्री यातायात में कमी हुई और इसलिए कई एयरलाइन्स ने 747 को किफायत से उड़ाने के लिए पर्याप्त यात्री नहीं मिले और उन्हें छोटे विमानों से प्रतिस्थापित कर दिया।,2,"[{'subject': {'upos': 'NOUN', 'text': 'एयरलाइन्स', 'id': 19, 'deprel': 'nsubj', 'head': 31}, 'object': {'upos': 'NOUN', 'text': 'यात्री', 'id': 29, 'deprel': 'obj', 'head': 31}, 'verb': {'upos': 'VERB', 'text': 'मिले', 'id': 31, 'deprel': 'conj', 'head': 15}}, {'subject': {'upos': 'NOUN', 'text': 'एयरलाइन्स', 'id': 19, 'deprel': 'nsubj', 'head': 31}, 'object': {'upos': 'PRON', 'text': 'उन्हें', 'id': 33, 'deprel': 'obj', 'head': 38}, 'verb': {'upos': 'VERB', 'text': 'कर', 'id': 38, 'deprel': 'conj', 'head': 31}}]","['SOV', 'SOV']"
1367,"हेगेल अपने दर्शनशास्त्र में मनोविज्ञान, राज्य, इतिहास, कला, धर्म और दर्शन को एकीकृत करता है। उनकी आत्मा की अवधारणा इन विषयों को दूर करती है और उन्हें एकीकृत करती है।",2,"[{'subject': {'upos': 'NOUN', 'text': 'अवधारणा', 'id': 4, 'deprel': 'nsubj', 'head': 9}, 'object': {'upos': 'NOUN', 'text': 'विषयों', 'id': 6, 'deprel': 'obj', 'head': 9}, 'verb': {'upos': 'VERB', 'text': 'करती', 'id': 9, 'deprel': 'root', 'head': 0}}, {'subject': {'upos': 'NOUN', 'text': 'अवधारणा', 'id': 4, 'deprel': 'nsubj', 'head': 9}, 'object': {'upos': 'PRON', 'text': 'उन्हें', 'id': 12, 'deprel': 'obj', 'head': 14}, 'verb': {'upos': 'VERB', 'text': 'करती', 'id': 14, 'deprel': 'conj', 'head': 9}}]","['SOV', 'SOV']"
1462,AMA नशीली दवा को एक बाध्यकारी दवा मानता है और कहता है कि यह विनाशकारी परिणाम देने वाली एक चिरकालिक पुनरावृत्ति वाला मस्तिष्क रोग है।,2,"[{'subject': {'upos': 'PROPN', 'text': 'AMA', 'id': 1, 'deprel': 'nsubj', 'head': 8}, 'object': {'upos': 'NOUN', 'text': 'दवा', 'id': 3, 'deprel': 'obj', 'head': 8}, 'verb': {'upos': 'VERB', 'text': 'मानता', 'id': 8, 'deprel': 'root', 'head': 0}}, {'subject': {'upos': 'PROPN', 'text': 'AMA', 'id': 1, 'deprel': 'nsubj', 'head': 8}, 'verb': {'upos': 'VERB', 'text': 'कहता', 'id': 11, 'deprel': 'conj', 'head': 8}, 'object': {'upos': 'NOUN', 'text': 'रोग', 'id': 24, 'deprel': 'obj', 'head': 11}}]","['SOV', 'SVO']"
1872,"प्रत्येक प्रांत में स्वतंत्रता की घोषणा के बाद, उन्होंने क़िंग से अपनी स्वतंत्रता घोषित की और अपनी सैन्य मुद्रा जारी की।",2,"[{'subject': {'upos': 'PRON', 'text': 'उन्होंने', 'id': 10, 'deprel': 'nsubj', 'head': 16}, 'object': {'upos': 'NOUN', 'text': 'स्वतंत्रता', 'id': 14, 'deprel': 'obj', 'head': 16}, 'verb': {'upos': 'VERB', 'text': 'की', 'id': 16, 'deprel': 'root', 'head': 0}}, {'subject': {'upos': 'PRON', 'text': 'उन्होंने', 'id': 10, 'deprel': 'nsubj', 'head': 16}, 'object': {'upos': 'NOUN', 'text': 'मुद्रा', 'id': 20, 'deprel': 'obj', 'head': 22}, 'verb': {'upos': 'VERB', 'text': 'की', 'id': 22, 'deprel': 'conj', 'head': 16}}]","['SOV', 'SOV']"
1930,"स्टालमैन ने फ्री सॉफ्टवेयर की वकालत करने एवं सॉफ्टवेयर पेटेट्स, डिजिटल राइट्स और दूसरे टेक्निकल लीगल सिस्टम्स जो यूजर से उनकी आज़ादी छीनते हैं, उनके विरुद्ध अभियान चलाया है।",2,"[{'subject': {'upos': 'PRON', 'text': 'जो', 'id': 19, 'deprel': 'nsubj', 'head': 24}, 'object': {'upos': 'NOUN', 'text': 'आज़ादी', 'id': 23, 'deprel': 'obj', 'head': 24}, 'verb': {'upos': 'VERB', 'text': 'छीनते', 'id': 24, 'deprel': 'acl:relcl', 'head': 27}}, {'subject': {'upos': 'PROPN', 'text': 'स्टालमैन', 'id': 1, 'deprel': 'nsubj', 'head': 30}, 'object': {'upos': 'NOUN', 'text': 'अभियान', 'id': 29, 'deprel': 'obj', 'head': 30}, 'verb': {'upos': 'VERB', 'text': 'चलाया', 'id': 30, 'deprel': 'root', 'head': 0}}]","['SOV', 'SOV']"
1947,"रेबीज़ का कारण संक्रमित जानवर को खरोंचना या काटना होता है, जिसने रेबीज़ वायरस को अन्य जानवर या मनुष्य में संचारित कर दिया।",2,"[{'subject': {'upos': 'NOUN', 'text': 'कारण', 'id': 3, 'deprel': 'nsubj', 'head': 7}, 'object': {'upos': 'NOUN', 'text': 'जानवर', 'id': 5, 'deprel': 'obj', 'head': 7}, 'verb': {'upos': 'VERB', 'text': 'खरोंचना', 'id': 7, 'deprel': 'root', 'head': 0}}, {'subject': {'upos': 'PRON', 'text': 'जिसने', 'id': 13, 'deprel': 'nsubj', 'head': 23}, 'object': {'upos': 'NOUN', 'text': 'वायरस', 'id': 15, 'deprel': 'obj', 'head': 23}, 'verb': {'upos': 'VERB', 'text': 'कर', 'id': 23, 'deprel': 'acl:relcl', 'head': 5}}]","['SOV', 'SOV']"
1957,"लक्समबर्ग, स्लोवेनिया और स्लोवाकिया ने अभी भी बैंकनोटों को स्वीकार किया है, जबकि बेल्जियम ने राष्ट्रीय केंद्रीय बैंकों द्वारा अनिश्चित काल तक सिक्कों को स्वीकार किया है।",2,"[{'subject': {'upos': 'PROPN', 'text': 'लक्समबर्ग', 'id': 1, 'deprel': 'nsubj', 'head': 12}, 'object': {'upos': 'NOUN', 'text': 'बैंकनोटों', 'id': 9, 'deprel': 'obj', 'head': 12}, 'verb': {'upos': 'VERB', 'text': 'किया', 'id': 12, 'deprel': 'root', 'head': 0}}, {'subject': {'upos': 'PROPN', 'text': 'बेल्जियम', 'id': 16, 'deprel': 'nsubj', 'head': 28}, 'object': {'upos': 'NOUN', 'text': 'सिक्कों', 'id': 25, 'deprel': 'obj', 'head': 28}, 'verb': {'upos': 'VERB', 'text': 'किया', 'id': 28, 'deprel': 'conj', 'head': 12}}]","['SOV', 'SOV']"
9,शिकायतकर्ताओं ने रसायनों के बारे में विस्तृत जानकारी मांगी और लोगों को लगातार होने वाली परेशानियों के लिए मुआवजे की मांग की।,1,"[{'subject': {'upos': 'NOUN', 'text': 'शिकायतकर्ताओं', 'id': 1, 'deprel': 'nsubj', 'head': 9}, 'object': {'upos': 'NOUN', 'text': 'जानकारी', 'id': 8, 'deprel': 'obj', 'head': 9}, 'verb': {'upos': 'VERB', 'text': 'मांगी', 'id': 9, 'deprel': 'root', 'head': 0}}]",['SOV']
13,"QoS बातचीत किसी विशेष सत्र के दौरान होती है जब नेटवर्क या प्रोटोकॉल निष्पादन के हासिल स्तर की देख-रेख कर सकता है, उदाहरण के लिए डेटा दर और विलंब, तथा गतिशील रूप से नेटवर्क नोड्स में अनुसूचन प्राथमिकताएं। यह ढहने की अवस्था के दौरान आरक्षित क्षमता को रिलीज़ कर सकता है।",1,"[{'subject': {'upos': 'PRON', 'text': 'यह', 'id': 1, 'deprel': 'nsubj', 'head': 11}, 'object': {'upos': 'NOUN', 'text': 'क्षमता', 'id': 8, 'deprel': 'obj', 'head': 11}, 'verb': {'upos': 'VERB', 'text': 'कर', 'id': 11, 'deprel': 'root', 'head': 0}}]",['SOV']
17,कम स्थिर बिट-दर और कम प्रसुप्ति का ठीक से काम करना आवश्यक है।,1,"[{'subject': {'upos': 'VERB', 'text': 'करना', 'id': 11, 'deprel': 'nsubj', 'head': 13}, 'object': {'upos': 'ADJ', 'text': 'आवश्यक', 'id': 12, 'deprel': 'obj', 'head': 13}, 'verb': {'upos': 'VERB', 'text': 'है', 'id': 13, 'deprel': 'root', 'head': 0}}]",['SOV']
18,"QoS अनुबंध यातायात को सीमित करते हैं जिसकी इंटरनेट को पेशकश की जा सकती है और इस तरह उसे अतिभारित बनने से रोकने के लिए, यातायात अनुरूपण लागू किया जा सकता है।",1,"[{'subject': {'upos': 'NOUN', 'text': 'अनुबंध', 'id': 2, 'deprel': 'nsubj', 'head': 6}, 'object': {'upos': 'NOUN', 'text': 'यातायात', 'id': 3, 'deprel': 'obj', 'head': 6}, 'verb': {'upos': 'VERB', 'text': 'करते', 'id': 6, 'deprel': 'root', 'head': 0}}]",['SOV']
23,रॉक्स ने अपनी भ्रूण चिकन के एक अंतस्था प्लेट के एक हिस्से को 1885 में अलग किया।,1,"[{'subject': {'upos': 'PROPN', 'text': 'रॉक्स', 'id': 1, 'deprel': 'nsubj', 'head': 17}, 'object': {'upos': 'NOUN', 'text': 'हिस्से', 'id': 12, 'deprel': 'obj', 'head': 17}, 'verb': {'upos': 'VERB', 'text': 'किया', 'id': 17, 'deprel': 'root', 'head': 0}}]",['SOV']
27,"1994 के अंत और शुरूआती 1995 के बीच, लेवेस्क ने लॉर्ड स्टीवन रीगल के साथ संक्षिप्त रूप से दल बनाया।",1,"[{'subject': {'upos': 'PROPN', 'text': 'लेवेस्क', 'id': 10, 'deprel': 'nsubj', 'head': 21}, 'object': {'upos': 'NOUN', 'text': 'दल', 'id': 20, 'deprel': 'obj', 'head': 21}, 'verb': {'upos': 'VERB', 'text': 'बनाया', 'id': 21, 'deprel': 'root', 'head': 0}}]",['SOV']
31,बोलिन लॉर्ड मेयर बनने से पहले रेशम और ऊन का व्यापारी था।,1,"[{'subject': {'upos': 'PROPN', 'text': 'बोलिन', 'id': 1, 'deprel': 'nsubj', 'head': 12}, 'object': {'upos': 'NOUN', 'text': 'व्यापारी', 'id': 11, 'deprel': 'obj', 'head': 12}, 'verb': {'upos': 'VERB', 'text': 'था', 'id': 12, 'deprel': 'root', 'head': 0}}]",['SOV']
34,हेनरी नॉरिस को यातना देना संभव नहीं था क्योंकि वह रईस था।,1,"[{'subject': {'upos': 'VERB', 'text': 'देना', 'id': 5, 'deprel': 'nsubj', 'head': 8}, 'object': {'upos': 'ADJ', 'text': 'संभव', 'id': 6, 'deprel': 'obj', 'head': 8}, 'verb': {'upos': 'VERB', 'text': 'था', 'id': 8, 'deprel': 'root', 'head': 0}}]",['SOV']
36,ईसाई बिशप जिन्हें आपकी पवित्र माँ ने उन विद्वानों के बीच से नियुक्त किया जो विशुद्ध सिद्धांत के समर्थक हैं।,1,"[{'subject': {'upos': 'PROPN', 'text': 'बिशप', 'id': 2, 'deprel': 'nsubj', 'head': 14}, 'object': {'upos': 'PRON', 'text': 'जिन्हें', 'id': 3, 'deprel': 'obj', 'head': 14}, 'verb': {'upos': 'VERB', 'text': 'किया', 'id': 14, 'deprel': 'root', 'head': 0}}]",['SOV']
62,गोवंशीय सोमेटोट्रापिन गोवंशीय गायों में दूध को प्रोत्साहित करता है।,1,"[{'subject': {'upos': 'PROPN', 'text': 'सोमेटोट्रापिन', 'id': 2, 'deprel': 'nsubj', 'head': 9}, 'object': {'upos': 'NOUN', 'text': 'दूध', 'id': 6, 'deprel': 'obj', 'head': 9}, 'verb': {'upos': 'VERB', 'text': 'करता', 'id': 9, 'deprel': 'root', 'head': 0}}]",['SOV']
71,कैथलिक व ग्रीक ऑर्थोडॉक्स चर्चों ने बैसिलिका के नियंत्रण को लेकर लड़ाई लड़ी।,1,"[{'subject': {'upos': 'NOUN', 'text': 'चर्चों', 'id': 5, 'deprel': 'nsubj', 'head': 13}, 'object': {'upos': 'NOUN', 'text': 'लड़ाई', 'id': 12, 'deprel': 'obj', 'head': 13}, 'verb': {'upos': 'VERB', 'text': 'लड़ी', 'id': 13, 'deprel': 'root', 'head': 0}}]",['SOV']
72,21 दिसम्बर 1995 साल में इसराइली सैनिकों ने बेथलहम को छोड़ दिया।,1,"[{'subject': {'upos': 'NOUN', 'text': 'सैनिकों', 'id': 7, 'deprel': 'nsubj', 'head': 11}, 'object': {'upos': 'PROPN', 'text': 'बेथलहम', 'id': 9, 'deprel': 'obj', 'head': 11}, 'verb': {'upos': 'VERB', 'text': 'छोड़', 'id': 11, 'deprel': 'root', 'head': 0}}]",['SOV']
73,"फिलिस्तीनी आतंकवादियों ने ईसा के जन्मस्थान पर बने चर्च (Church of the Nativity) में शरण ली, और जवाबी कार्रवाई के दौरान 39 दिनों के लिए IDF ने उस जगह को घेरा।",1,"[{'subject': {'upos': 'PROPN', 'text': 'IDF', 'id': 29, 'deprel': 'nsubj', 'head': 34}, 'object': {'upos': 'NOUN', 'text': 'जगह', 'id': 32, 'deprel': 'obj', 'head': 34}, 'verb': {'upos': 'VERB', 'text': 'घेरा।', 'id': 34, 'deprel': 'conj', 'head': 18}}]",['SOV']
79,"पेलेस्टिनीयन हेरिटेज सेंटर का लक्ष्य फिलिस्तीनी कशिदाकारी, कला और लोक-साहित्य को संरक्षित रखना और प्रचारित करना है।",1,"[{'subject': {'upos': 'NOUN', 'text': 'लक्ष्य', 'id': 5, 'deprel': 'nsubj', 'head': 14}, 'object': {'upos': 'NOUN', 'text': 'कशिदाकारी', 'id': 7, 'deprel': 'obj', 'head': 14}, 'verb': {'upos': 'VERB', 'text': 'रखना', 'id': 14, 'deprel': 'obj', 'head': 17}}]",['SOV']
92,"बोइंग को स्थानीय और राज्य सरकारों द्वारा प्रत्यक्ष आर्थिक समर्थन प्रदान किया गया है। इसके अलावा, अमरीकी सरकार का महत्वपूर्ण प्रौद्योगिकी विकास समर्थन भी बोइंग को महत्वपूर्ण समर्थन प्रदान करता है।",1,"[{'subject': {'upos': 'NOUN', 'text': 'समर्थन', 'id': 10, 'deprel': 'nsubj', 'head': 17}, 'object': {'upos': 'NOUN', 'text': 'समर्थन', 'id': 15, 'deprel': 'obj', 'head': 17}, 'verb': {'upos': 'VERB', 'text': 'करता', 'id': 17, 'deprel': 'root', 'head': 0}}]",['SOV']
113,गलत संख्याओं का कारण अस्थिर शोध है। यह शोध संख्या को अतिशयोक्तिपूर्ण ढंग से बढ़ा दे सकता है।,1,"[{'subject': {'upos': 'PRON', 'text': 'यह', 'id': 1, 'deprel': 'nsubj', 'head': 8}, 'object': {'upos': 'NOUN', 'text': 'संख्या', 'id': 3, 'deprel': 'obj', 'head': 8}, 'verb': {'upos': 'VERB', 'text': 'बढ़ा', 'id': 8, 'deprel': 'root', 'head': 0}}]",['SOV']
115,ऑस्ट्रेलिया द्वारा किए गए प्रयोगों का परिणाम था कि बुलबुले पानी के घनत्व में कमी लाकर एक स्केल माडल जहाज को डुबो सकते हैं।,1,"[{'subject': {'upos': 'NOUN', 'text': 'बुलबुले', 'id': 10, 'deprel': 'nsubj', 'head': 22}, 'object': {'upos': 'NOUN', 'text': 'जहाज', 'id': 20, 'deprel': 'obj', 'head': 22}, 'verb': {'upos': 'VERB', 'text': 'डुबो', 'id': 22, 'deprel': 'acl', 'head': 7}}]",['SOV']
117,अन्तराष्ट्रीय मानकीकरण संगठन (ISO) का उद्देश्य विश्वव्यापी औद्योगिक एवं वाणिज्यिक मानकों को घोषित करना है।,1,"[{'subject': {'upos': 'NOUN', 'text': 'उद्देश्य', 'id': 8, 'deprel': 'nsubj', 'head': 17}, 'object': {'upos': 'VERB', 'text': 'करना', 'id': 16, 'deprel': 'obj', 'head': 17}, 'verb': {'upos': 'VERB', 'text': 'है', 'id': 17, 'deprel': 'root', 'head': 0}}]",['SOV']
124,दाता को दान करने के बाद भी शारीरिक जांच की जाती है। ये कारक दान को सुरक्षित रखने के लिए अनिवार्य हैं।,1,"[{'subject': {'upos': 'NOUN', 'text': 'कारक', 'id': 2, 'deprel': 'nsubj', 'head': 10}, 'object': {'upos': 'ADJ', 'text': 'अनिवार्य', 'id': 9, 'deprel': 'obj', 'head': 10}, 'verb': {'upos': 'VERB', 'text': 'हैं', 'id': 10, 'deprel': 'root', 'head': 0}}]",['SOV']
148,स्कोडा इंजीनियरों ने फ़ेवरिट मॉडल को डिजाइन किया।,1,"[{'subject': {'upos': 'NOUN', 'text': 'इंजीनियरों', 'id': 2, 'deprel': 'nsubj', 'head': 8}, 'object': {'upos': 'NOUN', 'text': 'मॉडल', 'id': 5, 'deprel': 'obj', 'head': 8}, 'verb': {'upos': 'VERB', 'text': 'किया', 'id': 8, 'deprel': 'root', 'head': 0}}]",['SOV']
154,कुमार ने अपना वक्तव्य फेसबुक के माध्यम से दिया।,1,"[{'subject': {'upos': 'PROPN', 'text': 'कुमार', 'id': 1, 'deprel': 'nsubj', 'head': 9}, 'object': {'upos': 'NOUN', 'text': 'वक्तव्य', 'id': 4, 'deprel': 'obj', 'head': 9}, 'verb': {'upos': 'VERB', 'text': 'दिया', 'id': 9, 'deprel': 'root', 'head': 0}}]",['SOV']
155,पैट्रिक ने मार्था स्टीवर्ट लीविंग ओमनीमीडिया के मुख्य संचालन अधिकारी का पद लिया।,1,"[{'subject': {'upos': 'PROPN', 'text': 'पैट्रिक', 'id': 1, 'deprel': 'nsubj', 'head': 13}, 'object': {'upos': 'NOUN', 'text': 'पद', 'id': 12, 'deprel': 'obj', 'head': 13}, 'verb': {'upos': 'VERB', 'text': 'लिया', 'id': 13, 'deprel': 'root', 'head': 0}}]",['SOV']
156,स्टीवर्ट ने जेल से रिहाई के बाद एक अत्यंत प्रचारित वापसी प्रारंभ की।,1,"[{'subject': {'upos': 'PROPN', 'text': 'स्टीवर्ट', 'id': 1, 'deprel': 'nsubj', 'head': 13}, 'object': {'upos': 'NOUN', 'text': 'वापसी', 'id': 11, 'deprel': 'obj', 'head': 13}, 'verb': {'upos': 'VERB', 'text': 'की', 'id': 13, 'deprel': 'root', 'head': 0}}]",['SOV']
168,"सक्रिय होने की आवश्यकता नहीं है, क्योंकि असक्रिय या अव्यक्त संक्रमण वाले लोग भी दूसरों को रोग संचार कर सकते हैं, विशेष रूप से गुप्त ऊर्जा के अधीन रहने के दौरान।",1,"[{'subject': {'upos': 'NOUN', 'text': 'लोग', 'id': 14, 'deprel': 'nsubj', 'head': 20}, 'object': {'upos': 'NOUN', 'text': 'दूसरों', 'id': 16, 'deprel': 'obj', 'head': 20}, 'verb': {'upos': 'VERB', 'text': 'कर', 'id': 20, 'deprel': 'acl', 'head': 4}}]",['SOV']
175,अफ्रीका में सामान्यतः टीबी किशोरों और युवा वयस्कों को प्रभावित करता है।,1,"[{'subject': {'upos': 'PROPN', 'text': 'टीबी', 'id': 4, 'deprel': 'nsubj', 'head': 11}, 'object': {'upos': 'NOUN', 'text': 'किशोरों', 'id': 5, 'deprel': 'obj', 'head': 11}, 'verb': {'upos': 'VERB', 'text': 'करता', 'id': 11, 'deprel': 'root', 'head': 0}}]",['SOV']
188,"न, XP का निर्माण विभिन्न मूल्यों और सिद्धांतों के आधार पर किया गया था, जिनका उद्देश्य एक सिस्टम विकास परियोजना में निर्णयों को प्रोत्साहित करना था।",1,"[{'subject': {'upos': 'NOUN', 'text': 'उद्देश्य', 'id': 18, 'deprel': 'nsubj', 'head': 27}, 'object': {'upos': 'NOUN', 'text': 'निर्णयों', 'id': 24, 'deprel': 'obj', 'head': 27}, 'verb': {'upos': 'VERB', 'text': 'करना', 'id': 27, 'deprel': 'acl:relcl', 'head': 11}}]",['SOV']
190,"रॉयल्टी का भुगतान किए बिना किसान या सुनहरे चावल जेनेटिक्स का अनुवर्ती प्रयोक्ता प्रति वर्ष $10,000 से ज्यादा कमाने की अनुमति नहीं है। इसलिए किसान या सुनहरे चावल जेनेटिक्स का अनुवर्ती प्रयोक्ता प्रति वर्ष $10,000 से ज्यादा कमाने की अनुमति नहीं है, तब तक वाणिज्यिक उपयोग के लिए सिंजेन्टा को कोई रॉयल्टी नहीं देनी पड़ती।",1,"[{'subject': {'upos': 'PROPN', 'text': 'सिंजेन्टा', 'id': 27, 'deprel': 'nsubj', 'head': 32}, 'object': {'upos': 'NOUN', 'text': 'रॉयल्टी', 'id': 30, 'deprel': 'obj', 'head': 32}, 'verb': {'upos': 'VERB', 'text': 'देनी', 'id': 32, 'deprel': 'root', 'head': 0}}]",['SOV']
203,"बिग डाटा के साथ विविध जटिल डेटा विश्लेषण की आवश्यकता होती है जो नए तकनीकों और एकीकरण के रूपों के साथ प्रौद्योगिकियों की आवश्यकता करती है। यह भी उच्च मात्रा, उच्च वेग और उच्च किस्म की जानकारी संपत्ति को प्रसंस्करण करने, अंतर्दृष्टि की खोज और अनुकूलन करने के लिए आवश्यक है।",1,"[{'subject': {'upos': 'PRON', 'text': 'यह', 'id': 1, 'deprel': 'nsubj', 'head': 27}, 'object': {'upos': 'NOUN', 'text': 'मात्रा', 'id': 4, 'deprel': 'obj', 'head': 27}, 'verb': {'upos': 'VERB', 'text': 'है', 'id': 27, 'deprel': 'root', 'head': 0}}]",['SOV']
213,1956 में उन्होंने सिती हस्मा मोहम्मद अली से शादी की।,1,"[{'subject': {'upos': 'PRON', 'text': 'उन्होंने', 'id': 3, 'deprel': 'nsubj', 'head': 10}, 'object': {'upos': 'PROPN', 'text': 'अली', 'id': 7, 'deprel': 'obj', 'head': 10}, 'verb': {'upos': 'VERB', 'text': 'की', 'id': 10, 'deprel': 'root', 'head': 0}}]",['SOV']
224,कोस्ट गार्ड आंतरिक सुरक्षा बलों के घटकों के रूप में कार्य करता है।,1,"[{'subject': {'upos': 'PROPN', 'text': 'गार्ड', 'id': 2, 'deprel': 'nsubj', 'head': 12}, 'object': {'upos': 'NOUN', 'text': 'कार्य', 'id': 11, 'deprel': 'obj', 'head': 12}, 'verb': {'upos': 'VERB', 'text': 'करता', 'id': 12, 'deprel': 'root', 'head': 0}}]",['SOV']
237,ग्रामीण इलाकों में आत्महत्या इतनी आम है क्योंकि उनकी तुलना में बढ़ रही सापेक्ष गरीबी आत्महत्या के खतरे को बढ़ाती है और यहाँ वित्तीय परेशानियाँ होती हैं।,1,"[{'subject': {'upos': 'NOUN', 'text': 'गरीबी', 'id': 15, 'deprel': 'nsubj', 'head': 20}, 'object': {'upos': 'NOUN', 'text': 'खतरे', 'id': 18, 'deprel': 'obj', 'head': 20}, 'verb': {'upos': 'VERB', 'text': 'बढ़ाती', 'id': 20, 'deprel': 'advcl', 'head': 6}}]",['SOV']
241,लीथियम उन लोगों में जोखिम कम करने में प्रभावी है जिनमें द्विध्रुवीय विकार और एकध्रुवीय अवसाद समान्य जनसंख्या जितने स्तर पर दिखता है।,1,"[{'subject': {'upos': 'PROPN', 'text': 'लीथियम', 'id': 1, 'deprel': 'nsubj', 'head': 10}, 'object': {'upos': 'ADJ', 'text': 'प्रभावी', 'id': 9, 'deprel': 'obj', 'head': 10}, 'verb': {'upos': 'VERB', 'text': 'है', 'id': 10, 'deprel': 'root', 'head': 0}}]",['SOV']
246,उन्होंने आत्महत्या करने वाले लोगों को शहर से बाहर अकेले दफनाया।,1,"[{'subject': {'upos': 'PRON', 'text': 'उन्होंने', 'id': 1, 'deprel': 'nsubj', 'head': 11}, 'object': {'upos': 'NOUN', 'text': 'लोगों', 'id': 5, 'deprel': 'obj', 'head': 11}, 'verb': {'upos': 'VERB', 'text': 'दफनाया', 'id': 11, 'deprel': 'root', 'head': 0}}]",['SOV']
250,"ईसाई दार्शनिकों के विपरीत, कुछ लोग आत्महत्या को निजी चुनाव का न्यायसंगत मामला मानते हैं। उन्हें यह विश्वास है कि किसी को भी उसकी इच्छा के विरुद्ध सहन करने के लिए बाध्य नहीं किया जाना चाहिए, विशेष रूप से जब किसी को लाइलाज रोग, मानसिक रोग या अधिक उम्र की परिस्थितियों में मुख्य रूप से लागू होता है। वे यह भी तर्क देते हैं कि आत्महत्या असहनीय दर्द या अभिघात से पीड़ित लोगों के लिए अंतिम वैध उपाय हो सकती है।",1,"[{'subject': {'upos': 'PRON', 'text': 'वे', 'id': 1, 'deprel': 'nsubj', 'head': 5}, 'object': {'upos': 'PRON', 'text': 'यह', 'id': 2, 'deprel': 'obj', 'head': 5}, 'verb': {'upos': 'VERB', 'text': 'देते', 'id': 5, 'deprel': 'root', 'head': 0}}]",['SOV']
255,"एसिड कम करने वाली दवाएं कई जीवों से प्रभावित होने का जोखिम बढ़ाती हैं, जिनमें क्लोस्ट्रीडियम डिफिसाइल, सेल्मोनेला और कंपाइलोबैक्टर प्रजातियाँ शामिल हैं।",1,"[{'subject': {'upos': 'NOUN', 'text': 'दवाएं', 'id': 5, 'deprel': 'nsubj', 'head': 13}, 'object': {'upos': 'NOUN', 'text': 'जोखिम', 'id': 12, 'deprel': 'obj', 'head': 13}, 'verb': {'upos': 'VERB', 'text': 'बढ़ाती', 'id': 13, 'deprel': 'root', 'head': 0}}]",['SOV']
278,व्हेल-शिकारियों ने द्वीपों का पहला सटीक नेविगेशन चार्ट बनाया।,1,"[{'subject': {'upos': 'NOUN', 'text': 'व्हेल-शिकारियों', 'id': 1, 'deprel': 'nsubj', 'head': 9}, 'object': {'upos': 'NOUN', 'text': 'चार्ट', 'id': 8, 'deprel': 'obj', 'head': 9}, 'verb': {'upos': 'VERB', 'text': 'बनाया', 'id': 9, 'deprel': 'root', 'head': 0}}]",['SOV']
283,2016 वर्ष में एटीडी-एक्स ने अपनी पहली उड़ान दी थी।,1,"[{'subject': {'upos': 'PROPN', 'text': 'एटीडी-एक्स', 'id': 4, 'deprel': 'nsubj', 'head': 9}, 'object': {'upos': 'NOUN', 'text': 'उड़ान', 'id': 8, 'deprel': 'obj', 'head': 9}, 'verb': {'upos': 'VERB', 'text': 'दी', 'id': 9, 'deprel': 'root', 'head': 0}}]",['SOV']
295,प्रश्न का उत्तर नहीं है। दी गई जानकारी में किसी भी कलाकार ने किसी लैंडमार्क पर काम किया नहीं कहा गया है।,1,"[{'subject': {'upos': 'NOUN', 'text': 'कलाकार', 'id': 7, 'deprel': 'nsubj:pass', 'head': 15}, 'object': {'upos': 'VERB', 'text': 'किया', 'id': 13, 'deprel': 'obj', 'head': 15}, 'verb': {'upos': 'VERB', 'text': 'कहा', 'id': 15, 'deprel': 'root', 'head': 0}}]",['SOV']
323,"का अंग्रेजी रूप है, जो स्विस फ्रांक के सौंवे हिस्से को दर्शाता है।",1,"[{'subject': {'upos': 'PRON', 'text': 'जो', 'id': 6, 'deprel': 'nsubj', 'head': 13}, 'object': {'upos': 'NOUN', 'text': 'हिस्से', 'id': 11, 'deprel': 'obj', 'head': 13}, 'verb': {'upos': 'VERB', 'text': 'दर्शाता', 'id': 13, 'deprel': 'acl:relcl', 'head': 3}}]",['SOV']
337,120 मिलियन महिलाओं को इसका उपयोगकर्ता बनाने का लक्ष्य निर्धारित किया है।,1,"[{'subject': {'upos': 'NOUN', 'text': 'महिलाओं', 'id': 3, 'deprel': 'nsubj', 'head': 11}, 'object': {'upos': 'NOUN', 'text': 'लक्ष्य', 'id': 9, 'deprel': 'obj', 'head': 11}, 'verb': {'upos': 'VERB', 'text': 'किया', 'id': 11, 'deprel': 'root', 'head': 0}}]",['SOV']
353,उसके पिता मोटर चालक के रूप में काम करते थे।,1,"[{'subject': {'upos': 'NOUN', 'text': 'पिता', 'id': 2, 'deprel': 'nsubj', 'head': 9}, 'object': {'upos': 'NOUN', 'text': 'काम', 'id': 8, 'deprel': 'obj', 'head': 9}, 'verb': {'upos': 'VERB', 'text': 'करते', 'id': 9, 'deprel': 'root', 'head': 0}}]",['SOV']
362,शुरुआती नेटवर्क डिजाइनरों ने VLANs को एक बड़े ईथरनेट क्षेत्र में कोलिज़न डोमेन के आकार को कम करने के उद्देश्य से व्यवस्थित किया।,1,"[{'subject': {'upos': 'NOUN', 'text': 'डिजाइनरों', 'id': 3, 'deprel': 'nsubj', 'head': 23}, 'object': {'upos': 'NOUN', 'text': 'VLANs', 'id': 5, 'deprel': 'obj', 'head': 23}, 'verb': {'upos': 'VERB', 'text': 'किया', 'id': 23, 'deprel': 'root', 'head': 0}}]",['SOV']
363,नेटवर्क में प्रवेश करते ही उपकरण स्वचालित रूप से पोर्ट का VLAN निर्धारित कर लेता है।,1,"[{'subject': {'upos': 'NOUN', 'text': 'उपकरण', 'id': 6, 'deprel': 'nsubj', 'head': 14}, 'object': {'upos': 'NOUN', 'text': 'VLAN', 'id': 12, 'deprel': 'obj', 'head': 14}, 'verb': {'upos': 'VERB', 'text': 'कर', 'id': 14, 'deprel': 'root', 'head': 0}}]",['SOV']
364,"यदि कोई उपयोगकर्ता पोर्ट बदलता है और उसी VLAN के उपयोग की जरूरत है, तो मैन्युअल रूप से पोर्ट-टू-वीएलएएन असाइनमेंट केल्वर नेटवर्क व्यवस्थापक को करना होगा।",1,"[{'subject': {'upos': 'NOUN', 'text': 'उपयोगकर्ता', 'id': 3, 'deprel': 'nsubj', 'head': 5}, 'object': {'upos': 'NOUN', 'text': 'पोर्ट', 'id': 4, 'deprel': 'obj', 'head': 5}, 'verb': {'upos': 'VERB', 'text': 'बदलता', 'id': 5, 'deprel': 'advcl', 'head': 26}}]",['SOV']
372,रेल की पटरियाँ समोआ में कुछ बागान क्षेत्रों में देखी जा सकती हैं। यह जर्मन व्यापारी और उपनिवेशी ने बड़े स्तर पर बागान लगाने की शुरुआत करने के साथ-साथ नए उद्योग विकसित करने के लिए शुरू किया था।,1,"[{'object': {'upos': 'PRON', 'text': 'यह', 'id': 1, 'deprel': 'obj', 'head': 24}, 'subject': {'upos': 'NOUN', 'text': 'व्यापारी', 'id': 3, 'deprel': 'nsubj', 'head': 24}, 'verb': {'upos': 'VERB', 'text': 'किया', 'id': 24, 'deprel': 'root', 'head': 0}}]",['OSV']
373,समोआ देश यूरोप के सदियों के प्रभाव के बावजूद अपने रीति-रिवाजों को कायम रख रहा है।,1,"[{'subject': {'upos': 'NOUN', 'text': 'देश', 'id': 2, 'deprel': 'nsubj', 'head': 14}, 'object': {'upos': 'NOUN', 'text': 'रीति-रिवाजों', 'id': 11, 'deprel': 'obj', 'head': 14}, 'verb': {'upos': 'VERB', 'text': 'रख', 'id': 14, 'deprel': 'root', 'head': 0}}]",['SOV']
409,"पट्टाया 3 रोड उत्तर, दक्षिण और मध्य पट्टाया को जुड़ता है।",1,"[{'subject': {'upos': 'PROPN', 'text': 'रोड', 'id': 3, 'deprel': 'nsubj', 'head': 11}, 'object': {'upos': 'PROPN', 'text': 'उत्तर', 'id': 4, 'deprel': 'obj', 'head': 11}, 'verb': {'upos': 'VERB', 'text': 'जुड़ता', 'id': 11, 'deprel': 'root', 'head': 0}}]",['SOV']
417,विलियम और आर्थर ने अपनी मोटर-बायसाइकिल पर 1901 से 1903 तक काम किया।,1,"[{'subject': {'upos': 'PROPN', 'text': 'विलियम', 'id': 1, 'deprel': 'nsubj', 'head': 13}, 'object': {'upos': 'NOUN', 'text': 'काम', 'id': 12, 'deprel': 'obj', 'head': 13}, 'verb': {'upos': 'VERB', 'text': 'किया', 'id': 13, 'deprel': 'root', 'head': 0}}]",['SOV']
425,स्पोर्ट्सटर को और अद्वितीय बनाते हैं कि डायना मोटरसाइकिलों की इंजनों के जरिए अलग किया जा सकता है।,1,"[{'subject': {'upos': 'PROPN', 'text': 'स्पोर्ट्सटर', 'id': 1, 'deprel': 'nsubj', 'head': 5}, 'verb': {'upos': 'VERB', 'text': 'बनाते', 'id': 5, 'deprel': 'root', 'head': 0}, 'object': {'upos': 'VERB', 'text': 'किया', 'id': 15, 'deprel': 'obj', 'head': 5}}]",['SVO']
430,संयंत्र को ऊर्जा प्रथमि रूप से भाप तथा जहाज के गैस टरबाइन और डीज़ल इंजन से ठन्डे जल के द्वारा प्राप्त होती है।,1,"[{'object': {'upos': 'NOUN', 'text': 'संयंत्र', 'id': 1, 'deprel': 'obj', 'head': 22}, 'subject': {'upos': 'NOUN', 'text': 'ऊर्जा', 'id': 3, 'deprel': 'nsubj', 'head': 22}, 'verb': {'upos': 'VERB', 'text': 'होती', 'id': 22, 'deprel': 'root', 'head': 0}}]",['OSV']
434,क्वीन मैरी 2 ने अपनी विश्व यात्रा 81 दिन तक लंबी रही।,1,"[{'subject': {'upos': 'PROPN', 'text': '2', 'id': 3, 'deprel': 'nsubj', 'head': 12}, 'object': {'upos': 'NOUN', 'text': 'यात्रा', 'id': 7, 'deprel': 'obj', 'head': 12}, 'verb': {'upos': 'VERB', 'text': 'रही', 'id': 12, 'deprel': 'root', 'head': 0}}]",['SOV']
443,बादल घूर्णन-गति को बढ़ाता गया।,1,"[{'subject': {'upos': 'NOUN', 'text': 'बादल', 'id': 1, 'deprel': 'nsubj', 'head': 4}, 'object': {'upos': 'NOUN', 'text': 'घूर्णन-गति', 'id': 2, 'deprel': 'obj', 'head': 4}, 'verb': {'upos': 'VERB', 'text': 'बढ़ाता', 'id': 4, 'deprel': 'root', 'head': 0}}]",['SOV']
447,"जिन्ना ने कच्छी, सिन्घी और अंग्रेजी भाषाएं सीखीं।",1,"[{'subject': {'upos': 'PROPN', 'text': 'जिन्ना', 'id': 1, 'deprel': 'nsubj', 'head': 9}, 'object': {'upos': 'PROPN', 'text': 'कच्छी', 'id': 3, 'deprel': 'obj', 'head': 9}, 'verb': {'upos': 'VERB', 'text': 'सीखीं', 'id': 9, 'deprel': 'root', 'head': 0}}]",['SOV']
469,"मैक्सिकन-अमेरिकन युद्ध में जेफरसन डेविस ने लड़ाई लगभग 6 साल की सेवारत रहे। युद्ध 1846-1848 के बीच हुआ था, इसलिए डेविस ने लड़ाई को 1848 में समाप्त किया।",1,"[{'subject': {'upos': 'PROPN', 'text': 'डेविस', 'id': 9, 'deprel': 'nsubj', 'head': 16}, 'object': {'upos': 'NOUN', 'text': 'लड़ाई', 'id': 11, 'deprel': 'obj', 'head': 16}, 'verb': {'upos': 'VERB', 'text': 'किया', 'id': 16, 'deprel': 'root', 'head': 0}}]",['SOV']
472,"डेविस ने अपना संस्मरण ""द राइज़ एंड फॉल ऑफ़ कॉन्फेडरेट गवर्मेंट"" का शीर्षक के साथ 1881 में पूरा किया।",1,"[{'subject': {'upos': 'PROPN', 'text': 'डेविस', 'id': 1, 'deprel': 'nsubj', 'head': 21}, 'object': {'upos': 'NOUN', 'text': 'संस्मरण', 'id': 4, 'deprel': 'obj', 'head': 21}, 'verb': {'upos': 'VERB', 'text': 'किया', 'id': 21, 'deprel': 'root', 'head': 0}}]",['SOV']
475,"पुराना हो सकता है। इसलिए, सबसे पहले धूम्रपान रिकॉर्ड किया गया था 5000 ई.पू.",1,"[{'object': {'upos': 'NOUN', 'text': 'धूम्रपान', 'id': 5, 'deprel': 'obj', 'head': 7}, 'verb': {'upos': 'VERB', 'text': 'किया', 'id': 7, 'deprel': 'root', 'head': 0}, 'subject': {'upos': 'NOUN', 'text': 'ई.पू.', 'id': 11, 'deprel': 'nsubj:pass', 'head': 7}}]",['OVS']
488,सेलेनियम वेबड्राइवर आदेशों को एक ब्राउज़र के लिए भेजता है।,1,"[{'subject': {'upos': 'PROPN', 'text': 'सेलेनियम', 'id': 1, 'deprel': 'nsubj', 'head': 9}, 'object': {'upos': 'NOUN', 'text': 'आदेशों', 'id': 3, 'deprel': 'obj', 'head': 9}, 'verb': {'upos': 'VERB', 'text': 'भेजता', 'id': 9, 'deprel': 'root', 'head': 0}}]",['SOV']
494,ईरान ने 2012 में 12 ओलंपिक पदक जीते हैं।,1,"[{'subject': {'upos': 'PROPN', 'text': 'ईरान', 'id': 1, 'deprel': 'nsubj', 'head': 8}, 'object': {'upos': 'NOUN', 'text': 'पदक', 'id': 7, 'deprel': 'obj', 'head': 8}, 'verb': {'upos': 'VERB', 'text': 'जीते', 'id': 8, 'deprel': 'root', 'head': 0}}]",['SOV']
501,इन हमलों को समस्याग्रस्त माना जाता है क्योंकि वे उपयोगकर्ताओं के बैंक और अन्य सुरक्षित साइटों के लॉग-इन विवरणों को कैप्चर करके उपयोगकर्ताओं की जान-मान को खतरे में डाल सकते हैं।,1,"[{'subject': {'upos': 'PRON', 'text': 'वे', 'id': 9, 'deprel': 'nsubj', 'head': 29}, 'object': {'upos': 'NOUN', 'text': 'जान-मान', 'id': 25, 'deprel': 'obj', 'head': 29}, 'verb': {'upos': 'VERB', 'text': 'डाल', 'id': 29, 'deprel': 'advcl', 'head': 5}}]",['SOV']
502,"टैबनैबिंग विधि उपयोगकर्ता को सीधे धोखाधड़ी साइट पर लेती है, ब्राउज़र के खुले टैब में नकली पृष्ठ को लोड करती है।",1,"[{'subject': {'upos': 'NOUN', 'text': 'विधि', 'id': 2, 'deprel': 'nsubj', 'head': 9}, 'object': {'upos': 'NOUN', 'text': 'उपयोगकर्ता', 'id': 3, 'deprel': 'obj', 'head': 9}, 'verb': {'upos': 'VERB', 'text': 'लेती', 'id': 9, 'deprel': 'root', 'head': 0}}]",['SOV']
523,"अटलांटिक की धाराएं गल्फ नदी से गरम होती हैं और यह धाराएं हल्की सर्दियाँ लाती हैं, खासकर पश्चिम में, जहाँ विशेष रूप से उच्च भूमि में, सर्दियाँ गीली हैं।",1,"[{'subject': {'upos': 'NOUN', 'text': 'धाराएं', 'id': 12, 'deprel': 'nsubj', 'head': 15}, 'object': {'upos': 'NOUN', 'text': 'सर्दियाँ', 'id': 14, 'deprel': 'obj', 'head': 15}, 'verb': {'upos': 'VERB', 'text': 'लाती', 'id': 15, 'deprel': 'conj', 'head': 8}}]",['SOV']
541,निकोल ऑरेसम ने हरात्मक श्रेणी का अपसरण साबित किया है।,1,"[{'subject': {'upos': 'PROPN', 'text': 'ऑरेसम', 'id': 2, 'deprel': 'nsubj', 'head': 9}, 'object': {'upos': 'NOUN', 'text': 'अपसरण', 'id': 7, 'deprel': 'obj', 'head': 9}, 'verb': {'upos': 'VERB', 'text': 'किया', 'id': 9, 'deprel': 'root', 'head': 0}}]",['SOV']
543,पाकिस्तानी सैनिकों ने 5 अगस्त 1965 को कश्मीर की स्थानीय आबादी की वेषभूषा में नियंत्रण रेखा को पार कर भारतीय कश्मीर में प्रवेश कर लिया। भारतीय सेना ने स्थानीय आबादी से इसकी सूचना पाकर 15 अगस्त को नियंत्रण रेखा को पार किया।,1,"[{'subject': {'upos': 'PROPN', 'text': 'सेना', 'id': 2, 'deprel': 'nsubj', 'head': 17}, 'object': {'upos': 'NOUN', 'text': 'रेखा', 'id': 14, 'deprel': 'obj', 'head': 17}, 'verb': {'upos': 'VERB', 'text': 'किया', 'id': 17, 'deprel': 'root', 'head': 0}}]",['SOV']
544,टैपी ने 1993 तक टीम ओलम्पिके डे मार्सिले को नियंत्रित किया।,1,"[{'subject': {'upos': 'PROPN', 'text': 'टैपी', 'id': 1, 'deprel': 'nsubj', 'head': 11}, 'object': {'upos': 'PROPN', 'text': 'मार्सिले', 'id': 8, 'deprel': 'obj', 'head': 11}, 'verb': {'upos': 'VERB', 'text': 'किया', 'id': 11, 'deprel': 'root', 'head': 0}}]",['SOV']
549,सबसे पुरानी पीढ़ी मालदीवियों के लिए हिंदी फिल्में देखना और हिंदी गाने सुनना पसंद करते हैं।,1,"[{'subject': {'upos': 'NOUN', 'text': 'पीढ़ी', 'id': 3, 'deprel': 'nsubj', 'head': 15}, 'object': {'upos': 'VERB', 'text': 'देखना', 'id': 9, 'deprel': 'obj', 'head': 15}, 'verb': {'upos': 'VERB', 'text': 'करते', 'id': 15, 'deprel': 'root', 'head': 0}}]",['SOV']
551,मालदीवियन लोग पश्चिम भारत की हिंदी फिल्में पसंद करते हैं।,1,"[{'subject': {'upos': 'NOUN', 'text': 'लोग', 'id': 2, 'deprel': 'nsubj', 'head': 9}, 'object': {'upos': 'NOUN', 'text': 'फिल्में', 'id': 7, 'deprel': 'obj', 'head': 9}, 'verb': {'upos': 'VERB', 'text': 'करते', 'id': 9, 'deprel': 'root', 'head': 0}}]",['SOV']
553,गौड़ी के कार्य की लोकप्रियता अन्तरराष्ट्रीय तैरा में व्यापक है। वर्तमान में इनके कार्य के वास्तुकारों और आम जनता के बीच समान रूप से प्रशंसक मिलते हैं। यूनेस्को ने इनके सात कार्यो को विश्व विरासत स्थल घोषित किया है।,1,"[{'subject': {'upos': 'PROPN', 'text': 'यूनेस्को', 'id': 1, 'deprel': 'nsubj', 'head': 11}, 'object': {'upos': 'NOUN', 'text': 'कार्यो', 'id': 5, 'deprel': 'obj', 'head': 11}, 'verb': {'upos': 'VERB', 'text': 'किया', 'id': 11, 'deprel': 'root', 'head': 0}}]",['SOV']
558,कंपनी की C-टाइप की कार ने 1951 और 1953 में ले मैंस 25 घंटे जीते।,1,"[{'subject': {'upos': 'NOUN', 'text': 'कार', 'id': 5, 'deprel': 'nsubj', 'head': 15}, 'object': {'upos': 'NOUN', 'text': 'मैंस', 'id': 12, 'deprel': 'obj', 'head': 15}, 'verb': {'upos': 'VERB', 'text': 'जीते', 'id': 15, 'deprel': 'root', 'head': 0}}]",['SOV']
564,अधिकतर परजीवी गौण रूप से फेफड़ों को अपना शिकार बनाते हैं।,1,"[{'subject': {'upos': 'NOUN', 'text': 'परजीवी', 'id': 2, 'deprel': 'nsubj', 'head': 10}, 'object': {'upos': 'NOUN', 'text': 'फेफड़ों', 'id': 6, 'deprel': 'obj', 'head': 10}, 'verb': {'upos': 'VERB', 'text': 'बनाते', 'id': 10, 'deprel': 'root', 'head': 0}}]",['SOV']
575,"टीकाकरण महत्वपूर्ण है क्योंकि वे हमें विभिन्न रोगों जैसे इन्फ्लुएंज़ा, निमोनिया और वेरिसेला जैसे वायरसों और बैक्टीरिया के विरुद्ध रोकते हैं। ये टीकाए व्यक्तियों को बीमारी से बचाते हैं और रोग के जोखिम को कम करते हैं। व्यक्तियों को वार्षिक टीकाकरण लेना सुनिश्चित करने में मदद मिलता है कि वे स्वास्थ्य की दुर्भाग्यों से बचें।",1,"[{'subject': {'upos': 'PRON', 'text': 'वे', 'id': 13, 'deprel': 'nsubj', 'head': 18}, 'object': {'upos': 'NOUN', 'text': 'दुर्भाग्यों', 'id': 16, 'deprel': 'obj', 'head': 18}, 'verb': {'upos': 'VERB', 'text': 'बचें', 'id': 18, 'deprel': 'ccomp', 'head': 10}}]",['SOV']
584,"कार्ल फ्रेडलैन्डर और अल्बर्ट फ्रैन्केल ने 1882 और 1884 में स्ट्रेप्टोकॉकस निमोनिया और क्लेब्सिएला निमोनिया की पहचान की जिससे संबंधित आरंभिक कार्य किया था। फ्रेडलैन्डर के आरंभिक कार्य ने ग्राम स्टेन को पेश किया, जो एक मूलभूत प्रयोगशाला परीक्षण था जिसे आज भी बैक्टीरिया को पहचानने और वर्गीकृत करने में उपयोग किया जाता है।",1,"[{'subject': {'upos': 'NOUN', 'text': 'कार्य', 'id': 4, 'deprel': 'nsubj', 'head': 10}, 'object': {'upos': 'PROPN', 'text': 'स्टेन', 'id': 7, 'deprel': 'obj', 'head': 10}, 'verb': {'upos': 'VERB', 'text': 'किया', 'id': 10, 'deprel': 'root', 'head': 0}}]",['SOV']
602,"17 अक्टूबर, 2006 को एन्स्म्बल स्टूडियोज ने एज आॅफ एंपाइयर्स III नामक खेल के लिए द वॉरचिफ्स नामक विस्तार जारी किया गया था।",1,"[{'subject': {'upos': 'NOUN', 'text': 'स्टूडियोज', 'id': 7, 'deprel': 'nsubj:pass', 'head': 22}, 'object': {'upos': 'NOUN', 'text': 'विस्तार', 'id': 20, 'deprel': 'obj', 'head': 22}, 'verb': {'upos': 'VERB', 'text': 'किया', 'id': 22, 'deprel': 'root', 'head': 0}}]",['SOV']
624,"फ्रांसीसी नें वायरस-जनित कंठ-रोग को ""अशुद्ध-क्रुप"" कहा।",1,"[{'subject': {'upos': 'NOUN', 'text': 'फ्रांसीसी', 'id': 1, 'deprel': 'nsubj', 'head': 9}, 'object': {'upos': 'NOUN', 'text': 'कंठ-रोग', 'id': 4, 'deprel': 'obj', 'head': 9}, 'verb': {'upos': 'VERB', 'text': 'कहा', 'id': 9, 'deprel': 'root', 'head': 0}}]",['SOV']
633,शीर्ष पर मस्जिद बाबर द्वारा सन् १५१० में निर्मित की गई।,1,"[{'object': {'upos': 'NOUN', 'text': 'मस्जिद', 'id': 3, 'deprel': 'obj', 'head': 10}, 'subject': {'upos': 'PROPN', 'text': 'बाबर', 'id': 4, 'deprel': 'nsubj:pass', 'head': 10}, 'verb': {'upos': 'VERB', 'text': 'की', 'id': 10, 'deprel': 'root', 'head': 0}}]",['OSV']
636,अंतरिक्ष यात्री ऐसे व्यक्ति को कहते हैं जो पृथ्वी के वायुमंडल से ऊपर जाकर अंतरिक्ष में प्रवेश करते हैं।,1,"[{'subject': {'upos': 'NOUN', 'text': 'यात्री', 'id': 2, 'deprel': 'nsubj', 'head': 6}, 'object': {'upos': 'NOUN', 'text': 'व्यक्ति', 'id': 4, 'deprel': 'obj', 'head': 6}, 'verb': {'upos': 'VERB', 'text': 'कहते', 'id': 6, 'deprel': 'root', 'head': 0}}]",['SOV']
640,सूर्य से निकले सौर वायु कणों के दबाव के कारण शनि का चुम्बकीय क्षेत्र सौर वायु कणों को विक्षेपित करने में कुशल है।,1,"[{'subject': {'upos': 'NOUN', 'text': 'क्षेत्र', 'id': 14, 'deprel': 'nsubj', 'head': 23}, 'object': {'upos': 'ADJ', 'text': 'कुशल', 'id': 22, 'deprel': 'obj', 'head': 23}, 'verb': {'upos': 'VERB', 'text': 'है', 'id': 23, 'deprel': 'root', 'head': 0}}]",['SOV']
642,"20 वीं शताब्दी के दौरान, टाइटन के अनुसंधान ने 1944 में पुष्टि की कि इसका एक मोटा वायुमंडल था।",1,"[{'subject': {'upos': 'NOUN', 'text': 'अनुसंधान', 'id': 9, 'deprel': 'nsubj', 'head': 14}, 'verb': {'upos': 'VERB', 'text': 'की', 'id': 14, 'deprel': 'root', 'head': 0}, 'object': {'upos': 'NOUN', 'text': 'वायुमंडल', 'id': 19, 'deprel': 'obj', 'head': 14}}]",['SVO']
645,ऑर्बाइटर्स ने रिलीज़ होने से पहले दो टाइटन फ्लाईबाई किए।,1,"[{'subject': {'upos': 'NOUN', 'text': 'ऑर्बाइटर्स', 'id': 1, 'deprel': 'nsubj', 'head': 10}, 'object': {'upos': 'NOUN', 'text': 'टाइटन', 'id': 8, 'deprel': 'obj', 'head': 10}, 'verb': {'upos': 'VERB', 'text': 'किए', 'id': 10, 'deprel': 'root', 'head': 0}}]",['SOV']
652,भारत ने पहले परमाणु हमले करने का संकल्प नहीं लिया हुआ है।,1,"[{'subject': {'upos': 'PROPN', 'text': 'भारत', 'id': 1, 'deprel': 'nsubj', 'head': 10}, 'object': {'upos': 'NOUN', 'text': 'संकल्प', 'id': 8, 'deprel': 'obj', 'head': 10}, 'verb': {'upos': 'VERB', 'text': 'लिया', 'id': 10, 'deprel': 'root', 'head': 0}}]",['SOV']
657,पुर्तगाल ने बंदरगाहों के किनारे किलों का निर्माण करके पूर्व-सम्मान प्राप्त किया।,1,"[{'subject': {'upos': 'PROPN', 'text': 'पुर्तगाल', 'id': 1, 'deprel': 'nsubj', 'head': 12}, 'object': {'upos': 'NOUN', 'text': 'पूर्व-सम्मान', 'id': 10, 'deprel': 'obj', 'head': 12}, 'verb': {'upos': 'VERB', 'text': 'किया', 'id': 12, 'deprel': 'root', 'head': 0}}]",['SOV']
660,इवान कॉगल ने 1985 में मेडिसिन की डिग्री प्राप्त की।,1,"[{'subject': {'upos': 'PROPN', 'text': 'कॉगल', 'id': 2, 'deprel': 'nsubj', 'head': 10}, 'object': {'upos': 'NOUN', 'text': 'डिग्री', 'id': 8, 'deprel': 'obj', 'head': 10}, 'verb': {'upos': 'VERB', 'text': 'की', 'id': 10, 'deprel': 'root', 'head': 0}}]",['SOV']
663,टेड स्टीवंस सीनेटर ने पॉलिन से सार्वजनिक रूप से उनके वित्त के बारे में सवाल किया।,1,"[{'subject': {'upos': 'PROPN', 'text': 'सीनेटर', 'id': 3, 'deprel': 'nsubj', 'head': 16}, 'object': {'upos': 'PROPN', 'text': 'पॉलिन', 'id': 5, 'deprel': 'obj', 'head': 16}, 'verb': {'upos': 'VERB', 'text': 'किया', 'id': 16, 'deprel': 'root', 'head': 0}}]",['SOV']
664,पॉलिन ने अलास्का राज्य ने दैनिक भत्तों को करयोग्य आय के रूप में व्यवहार करने और उनके डब्ल्यू-2 फॉर्म पर शामिल करने का नियम अपनाया था।,1,"[{'subject': {'upos': 'PROPN', 'text': 'पॉलिन', 'id': 1, 'deprel': 'nsubj', 'head': 25}, 'object': {'upos': 'NOUN', 'text': 'नियम', 'id': 24, 'deprel': 'obj', 'head': 25}, 'verb': {'upos': 'VERB', 'text': 'अपनाया', 'id': 25, 'deprel': 'root', 'head': 0}}]",['SOV']
686,चुनाव में अश्वेतों ने जिम क्लार्क को हराया।,1,"[{'subject': {'upos': 'NOUN', 'text': 'अश्वेतों', 'id': 3, 'deprel': 'nsubj', 'head': 8}, 'object': {'upos': 'PROPN', 'text': 'क्लार्क', 'id': 6, 'deprel': 'obj', 'head': 8}, 'verb': {'upos': 'VERB', 'text': 'हराया', 'id': 8, 'deprel': 'root', 'head': 0}}]",['SOV']
693,"1991 में, भारत विश्व की सबसे तेज़ विकसित होती बड़ी अर्थ-व्यवस्थाओं में से एक हो गया है और इसे एक नव-औद्योगिकृत राष्ट्र माना जाता है।",1,"[{'subject': {'upos': 'PROPN', 'text': 'भारत', 'id': 4, 'deprel': 'nsubj', 'head': 16}, 'object': {'upos': 'PRON', 'text': 'इसे', 'id': 20, 'deprel': 'obj', 'head': 24}, 'verb': {'upos': 'VERB', 'text': 'माना', 'id': 24, 'deprel': 'conj', 'head': 16}}]",['SOV']
700,जॉन स्नो ने राजकुमार लियोपोल्ड के जन्म के समय महारानी विक्टोरिया को क्लोरोफॉर्म दिया।,1,"[{'subject': {'upos': 'PROPN', 'text': 'स्नो', 'id': 2, 'deprel': 'nsubj', 'head': 14}, 'object': {'upos': 'NOUN', 'text': 'क्लोरोफॉर्म', 'id': 13, 'deprel': 'obj', 'head': 14}, 'verb': {'upos': 'VERB', 'text': 'दिया', 'id': 14, 'deprel': 'root', 'head': 0}}]",['SOV']
702,"वर्ष 2000 में लिंकिन पार्क ने ""हायब्रिड थीयरी"" एल्बम जारी किया।",1,"[{'subject': {'upos': 'PROPN', 'text': 'पार्क', 'id': 5, 'deprel': 'nsubj', 'head': 13}, 'object': {'upos': 'NOUN', 'text': 'एल्बम', 'id': 11, 'deprel': 'obj', 'head': 13}, 'verb': {'upos': 'VERB', 'text': 'किया', 'id': 13, 'deprel': 'root', 'head': 0}}]",['SOV']
705,"बैंड ने ""सर्वश्रेष्ठ रैप/संग सहयोग"" के लिए ग्रैमी पुरस्कार जीता था।",1,"[{'subject': {'upos': 'NOUN', 'text': 'बैंड', 'id': 1, 'deprel': 'nsubj', 'head': 12}, 'object': {'upos': 'PROPN', 'text': 'पुरस्कार', 'id': 11, 'deprel': 'obj', 'head': 12}, 'verb': {'upos': 'VERB', 'text': 'जीता', 'id': 12, 'deprel': 'root', 'head': 0}}]",['SOV']
706,"बैंड ने अगस्त, 2006 में तीस से पचास गीत रिकॉर्ड किए।",1,"[{'subject': {'upos': 'NOUN', 'text': 'बैंड', 'id': 1, 'deprel': 'nsubj', 'head': 12}, 'object': {'upos': 'NOUN', 'text': 'गीत', 'id': 10, 'deprel': 'obj', 'head': 12}, 'verb': {'upos': 'VERB', 'text': 'किए', 'id': 12, 'deprel': 'root', 'head': 0}}]",['SOV']
722,"पूजा और राज को पूजा मिली, जो उन्हें पसंद होता था, मिली। यह पूजा वही थी जो उन्होंने सभी वर्षों में लिख रही थी।",1,"[{'object': {'upos': 'PRON', 'text': 'जो', 'id': 5, 'deprel': 'obj', 'head': 10}, 'subject': {'upos': 'PRON', 'text': 'उन्होंने', 'id': 6, 'deprel': 'nsubj', 'head': 10}, 'verb': {'upos': 'VERB', 'text': 'लिख', 'id': 10, 'deprel': 'acl:relcl', 'head': 2}}]",['OSV']
723,पूजा राज से शादी नहीं करने का फैसला करती है क्योंकि वह टीना के दिल को तोड़ना नहीं चाहती और राज के माता-पिता भी विवाह से सहमत नहीं हैं।,1,"[{'subject': {'upos': 'PRON', 'text': 'वह', 'id': 12, 'deprel': 'nsubj', 'head': 19}, 'object': {'upos': 'VERB', 'text': 'तोड़ना', 'id': 17, 'deprel': 'obj', 'head': 19}, 'verb': {'upos': 'VERB', 'text': 'चाहती', 'id': 19, 'deprel': 'advcl', 'head': 9}}]",['SOV']
724,कृष्णा अपनी शक्तियों को कभी उजागर नहीं करेगा।,1,"[{'subject': {'upos': 'PROPN', 'text': 'कृष्णा', 'id': 1, 'deprel': 'nsubj', 'head': 8}, 'object': {'upos': 'NOUN', 'text': 'शक्तियों', 'id': 3, 'deprel': 'obj', 'head': 8}, 'verb': {'upos': 'VERB', 'text': 'करेगा', 'id': 8, 'deprel': 'root', 'head': 0}}]",['SOV']
732,वेसली गिब्सन संत्रास दौरे से बचने के लिए उद्वेग-रोधी दवा लेता था।,1,"[{'subject': {'upos': 'PROPN', 'text': 'गिब्सन', 'id': 2, 'deprel': 'nsubj', 'head': 11}, 'object': {'upos': 'NOUN', 'text': 'दवा', 'id': 10, 'deprel': 'obj', 'head': 11}, 'verb': {'upos': 'VERB', 'text': 'लेता', 'id': 11, 'deprel': 'root', 'head': 0}}]",['SOV']
734,"कांग चाहता है कि अमेरिकी आणविक हथियारों के आयुध भंडारो को विस्फोट से तबाह किया जाए, ताकि अमेरिका को श्मशान बना दिया जा सके।",1,"[{'subject': {'upos': 'PROPN', 'text': 'कांग', 'id': 1, 'deprel': 'nsubj', 'head': 2}, 'verb': {'upos': 'VERB', 'text': 'चाहता', 'id': 2, 'deprel': 'root', 'head': 0}, 'object': {'upos': 'VERB', 'text': 'किया', 'id': 15, 'deprel': 'obj', 'head': 2}}]",['SVO']
744,फिल्म क्रैश ने घरेलू रूप से 53.4 मिलियन डॉलर कमाए।,1,"[{'subject': {'upos': 'NOUN', 'text': 'क्रैश', 'id': 2, 'deprel': 'nsubj', 'head': 10}, 'object': {'upos': 'NOUN', 'text': 'डॉलर', 'id': 9, 'deprel': 'obj', 'head': 10}, 'verb': {'upos': 'VERB', 'text': 'कमाए', 'id': 10, 'deprel': 'root', 'head': 0}}]",['SOV']
754,"अभिषेक समारोहों के दौरान, शूरवीरों ने अपना खिताब प्राप्त किया था और वे राजगद्दी के मंच पर एक गुम्बद युक्त मखमल के मंडप पर खड़े थे।",1,"[{'subject': {'upos': 'NOUN', 'text': 'शूरवीरों', 'id': 6, 'deprel': 'nsubj', 'head': 11}, 'object': {'upos': 'NOUN', 'text': 'खिताब', 'id': 9, 'deprel': 'obj', 'head': 11}, 'verb': {'upos': 'VERB', 'text': 'किया', 'id': 11, 'deprel': 'root', 'head': 0}}]",['SOV']
775,राज्य परिषद और विधान सभा का संयोजन सरकारी विधानों पर काम करता है।,1,"[{'subject': {'upos': 'NOUN', 'text': 'संयोजन', 'id': 7, 'deprel': 'nsubj', 'head': 12}, 'object': {'upos': 'NOUN', 'text': 'काम', 'id': 11, 'deprel': 'obj', 'head': 12}, 'verb': {'upos': 'VERB', 'text': 'करता', 'id': 12, 'deprel': 'root', 'head': 0}}]",['SOV']
785,ऑगुस्तुस पुगिन ने गिल्ड डायल के साथ 23 फुट लंबी घड़ियों को डिजाइन किया था।,1,"[{'subject': {'upos': 'PROPN', 'text': 'पुगिन', 'id': 2, 'deprel': 'nsubj', 'head': 14}, 'object': {'upos': 'NOUN', 'text': 'घड़ियों', 'id': 11, 'deprel': 'obj', 'head': 14}, 'verb': {'upos': 'VERB', 'text': 'किया', 'id': 14, 'deprel': 'root', 'head': 0}}]",['SOV']
822,बुकानन ने नवनिर्मित प्रयोग का अभ्यास करना शुरू कर दिया था।,1,"[{'subject': {'upos': 'PROPN', 'text': 'बुकानन', 'id': 1, 'deprel': 'nsubj', 'head': 9}, 'object': {'upos': 'VERB', 'text': 'करना', 'id': 7, 'deprel': 'obj', 'head': 9}, 'verb': {'upos': 'VERB', 'text': 'कर', 'id': 9, 'deprel': 'root', 'head': 0}}]",['SOV']
824,मुक्केबाजी सबसे आकर्षक साबित हुई है क्योंकि वेनेजुएला के एथलीटों ने इस खेल में कुल 6 पदक जीते हैं।,1,"[{'subject': {'upos': 'NOUN', 'text': 'एथलीटों', 'id': 10, 'deprel': 'nsubj', 'head': 18}, 'object': {'upos': 'NOUN', 'text': 'पदक', 'id': 17, 'deprel': 'obj', 'head': 18}, 'verb': {'upos': 'VERB', 'text': 'जीते', 'id': 18, 'deprel': 'advcl', 'head': 5}}]",['SOV']
825,राज के दोस्त उसे 'जादू' का नाम से बुलाते थे।,1,"[{'subject': {'upos': 'NOUN', 'text': 'दोस्त', 'id': 3, 'deprel': 'nsubj', 'head': 11}, 'object': {'upos': 'PRON', 'text': 'उसे', 'id': 4, 'deprel': 'obj', 'head': 11}, 'verb': {'upos': 'VERB', 'text': 'बुलाते', 'id': 11, 'deprel': 'root', 'head': 0}}]",['SOV']
827,1932 में पाल्मा शहर का महल संग्रहालय बना।,1,"[{'subject': {'upos': 'NOUN', 'text': 'महल', 'id': 6, 'deprel': 'nsubj', 'head': 8}, 'object': {'upos': 'NOUN', 'text': 'संग्रहालय', 'id': 7, 'deprel': 'obj', 'head': 8}, 'verb': {'upos': 'VERB', 'text': 'बना।', 'id': 8, 'deprel': 'root', 'head': 0}}]",['SOV']
831,उज़बेक भाषा और उइग़ुर भाषा चग़ताई से सबसे करीबी संबंध रखती हैं।,1,"[{'subject': {'upos': 'PROPN', 'text': 'उज़बेक', 'id': 1, 'deprel': 'nsubj', 'head': 11}, 'object': {'upos': 'NOUN', 'text': 'संबंध', 'id': 10, 'deprel': 'obj', 'head': 11}, 'verb': {'upos': 'VERB', 'text': 'रखती', 'id': 11, 'deprel': 'root', 'head': 0}}]",['SOV']
834,"कोर्निएंको रूस के चेल्या�बिंस्क में एक रेडियो उपकरण संयंत्र में, किरोवबोद में छतरियों की सेना में, मास्को मिलिशिया के लिए और बैकोनूर लॉन्च सुविधा में काम करते थे।",1,"[{'subject': {'upos': 'PROPN', 'text': 'कोर्निएंको', 'id': 1, 'deprel': 'nsubj', 'head': 30}, 'object': {'upos': 'NOUN', 'text': 'काम', 'id': 29, 'deprel': 'obj', 'head': 30}, 'verb': {'upos': 'VERB', 'text': 'करते', 'id': 30, 'deprel': 'root', 'head': 0}}]",['SOV']
836,कोर्निएंको ने RSC में अपना करियर अक्टूबर 1995 में शुरू किया।,1,"[{'subject': {'upos': 'PROPN', 'text': 'कोर्निएंको', 'id': 1, 'deprel': 'nsubj', 'head': 11}, 'object': {'upos': 'NOUN', 'text': 'करियर', 'id': 6, 'deprel': 'obj', 'head': 11}, 'verb': {'upos': 'VERB', 'text': 'किया', 'id': 11, 'deprel': 'root', 'head': 0}}]",['SOV']
843,"2010 में, एली गोल्डिंग ने बीबीसी की वार्षिक ध्वनि की शीर्ष पर शीर्ष स्थान पर दूसरी कलाकार बनकर और एक ही वर्ष में ब्रिट अवार्ड्स में क्रिटिक्स चॉइस पुरस्कार जीता।",1,"[{'subject': {'upos': 'PROPN', 'text': 'गोल्डिंग', 'id': 5, 'deprel': 'nsubj', 'head': 31}, 'object': {'upos': 'PROPN', 'text': 'पुरस्कार', 'id': 30, 'deprel': 'obj', 'head': 31}, 'verb': {'upos': 'VERB', 'text': 'जीता', 'id': 31, 'deprel': 'root', 'head': 0}}]",['SOV']
855,1485 ने इंग्लैंड के हेनरी VII का शासनकाल देखा।,1,"[{'subject': {'upos': 'PROPN', 'text': '1485', 'id': 1, 'deprel': 'nsubj', 'head': 9}, 'object': {'upos': 'NOUN', 'text': 'शासनकाल', 'id': 8, 'deprel': 'obj', 'head': 9}, 'verb': {'upos': 'VERB', 'text': 'देखा', 'id': 9, 'deprel': 'root', 'head': 0}}]",['SOV']
856,"पसीने की बीमारी प्लेग से अलग थी। प्लेग के नाम केवल विशिष्ट लक्षणों के कारण दिया गया था, बल्कि इसका अत्यधिक तेज़ी से फैलना और घातक होना भी एक कारण था।",1,"[{'subject': {'upos': 'VERB', 'text': 'फैलना', 'id': 18, 'deprel': 'nsubj', 'head': 25}, 'object': {'upos': 'NOUN', 'text': 'कारण', 'id': 24, 'deprel': 'obj', 'head': 25}, 'verb': {'upos': 'VERB', 'text': 'था', 'id': 25, 'deprel': 'advcl', 'head': 9}}]",['SOV']
859,1935 में फॉलस्टिच ने सहायक स्नातक के रूप में प्रशिक्षण देना शुरू किया था।,1,"[{'subject': {'upos': 'PROPN', 'text': 'फॉलस्टिच', 'id': 3, 'deprel': 'nsubj', 'head': 13}, 'object': {'upos': 'VERB', 'text': 'देना', 'id': 11, 'deprel': 'obj', 'head': 13}, 'verb': {'upos': 'VERB', 'text': 'किया', 'id': 13, 'deprel': 'root', 'head': 0}}]",['SOV']
869,गाम्बिया के कई जातीय समूहों के बीच आपसी मतभेद बहुत कम हैं और प्रत्येक समूह अपनी भाषा और परम्पराओं को सहेजे हुए हैं।,1,"[{'subject': {'upos': 'NOUN', 'text': 'समूह', 'id': 15, 'deprel': 'nsubj', 'head': 21}, 'object': {'upos': 'NOUN', 'text': 'भाषा', 'id': 17, 'deprel': 'obj', 'head': 21}, 'verb': {'upos': 'VERB', 'text': 'सहेजे', 'id': 21, 'deprel': 'conj', 'head': 11}}]",['SOV']
877,केदु क्षेत्र ने लॉर्ड्स के लिए एक बैठक कक्ष और संदेश केंद्र के रूप में कार्य किया।,1,"[{'subject': {'upos': 'NOUN', 'text': 'क्षेत्र', 'id': 2, 'deprel': 'nsubj', 'head': 17}, 'object': {'upos': 'NOUN', 'text': 'कार्य', 'id': 16, 'deprel': 'obj', 'head': 17}, 'verb': {'upos': 'VERB', 'text': 'किया', 'id': 17, 'deprel': 'root', 'head': 0}}]",['SOV']
900,"डॉक्सिंग इफेक्ट के कारण विभिन्न कारकों जैसे कानून प्रवर्तन, व्यापारिक आकलन, जोखिम विश्लेषण, ज़बरदस्ती वसूली, अवपीड़न, ऑनलाइन शर्मिंदा करना और स्वत: नियुक्त सतर्कता से प्रेरित न्याय आदि ने व्यवसाय की अवस्था को प्रभावित किया जा सकता है। यह व्यवसाय को नियंत्रण देता है और उसकी नियमित व्यवस्था को बिगड़ा सकता है।",1,"[{'subject': {'upos': 'PRON', 'text': 'यह', 'id': 1, 'deprel': 'nsubj', 'head': 5}, 'object': {'upos': 'NOUN', 'text': 'व्यवस्था', 'id': 10, 'deprel': 'obj', 'head': 12}, 'verb': {'upos': 'VERB', 'text': 'बिगड़ा', 'id': 12, 'deprel': 'conj', 'head': 5}}]",['SOV']
904,120 पार्क पोलैंड को सुरक्षित करते हैं।,1,"[{'subject': {'upos': 'NOUN', 'text': 'पार्क', 'id': 2, 'deprel': 'nsubj', 'head': 6}, 'object': {'upos': 'PROPN', 'text': 'पोलैंड', 'id': 3, 'deprel': 'obj', 'head': 6}, 'verb': {'upos': 'VERB', 'text': 'करते', 'id': 6, 'deprel': 'root', 'head': 0}}]",['SOV']
913,मॉरिसन ने अपनी पहली कविता 1969 मार्च में लॉस एंजिल्स के एक पेशेवर साउंड स्टूडियो में रिकॉर्ड करवाई।,1,"[{'subject': {'upos': 'PROPN', 'text': 'मॉरिसन', 'id': 1, 'deprel': 'nsubj', 'head': 18}, 'object': {'upos': 'NOUN', 'text': 'कविता', 'id': 5, 'deprel': 'obj', 'head': 18}, 'verb': {'upos': 'VERB', 'text': 'करवाई', 'id': 18, 'deprel': 'root', 'head': 0}}]",['SOV']
914,अंदी ने जेरी हॉपकिंस से बात की।,1,"[{'subject': {'upos': 'PROPN', 'text': 'अंदी', 'id': 1, 'deprel': 'nsubj', 'head': 7}, 'object': {'upos': 'PROPN', 'text': 'हॉपकिंस', 'id': 4, 'deprel': 'obj', 'head': 7}, 'verb': {'upos': 'VERB', 'text': 'की', 'id': 7, 'deprel': 'root', 'head': 0}}]",['SOV']
915,"विलियम ब्लेक, चार्ल्स बौडेलेर और आर्थर रिमबॉड ने मॉरिसन की सोच को प्रभावित किया।",1,"[{'subject': {'upos': 'PROPN', 'text': 'ब्लेक', 'id': 2, 'deprel': 'nsubj', 'head': 15}, 'object': {'upos': 'NOUN', 'text': 'सोच', 'id': 12, 'deprel': 'obj', 'head': 15}, 'verb': {'upos': 'VERB', 'text': 'किया', 'id': 15, 'deprel': 'root', 'head': 0}}]",['SOV']
918,"अधिकारी के चरित्र के बारे में, वह पता चलता है कि वह एक गुंडा है।",1,"[{'subject': {'upos': 'PRON', 'text': 'वह', 'id': 8, 'deprel': 'nsubj', 'head': 10}, 'verb': {'upos': 'VERB', 'text': 'चलता', 'id': 10, 'deprel': 'root', 'head': 0}, 'object': {'upos': 'NOUN', 'text': 'गुंडा', 'id': 15, 'deprel': 'obj', 'head': 10}}]",['SVO']
933,"संप्रभु और उसके तत्काल परिवार के सदस्य देश के विभिन्न आधिकारिक, औपचारिक और प्रतिनिधि कार्यों का निर्वाह करते हैं। इसके अलावा, वे शासन के अधिकतर निष्पक्ष तथा गैर-राजनैतिक कार्यों पर कार्य करते हैं।",1,"[{'subject': {'upos': 'PRON', 'text': 'वे', 'id': 4, 'deprel': 'nsubj', 'head': 14}, 'object': {'upos': 'NOUN', 'text': 'कार्य', 'id': 13, 'deprel': 'obj', 'head': 14}, 'verb': {'upos': 'VERB', 'text': 'करते', 'id': 14, 'deprel': 'root', 'head': 0}}]",['SOV']
948,डिस्कवरी चैनल ने टेलिविजन सिरीज ऐनिमल फेस-ऑफ प्रसारित किया।,1,"[{'subject': {'upos': 'NOUN', 'text': 'चैनल', 'id': 2, 'deprel': 'nsubj', 'head': 9}, 'object': {'upos': 'NOUN', 'text': 'सिरीज', 'id': 5, 'deprel': 'obj', 'head': 9}, 'verb': {'upos': 'VERB', 'text': 'किया', 'id': 9, 'deprel': 'root', 'head': 0}}]",['SOV']
960,एलिजाबेथ द्वितीय ने द्वितीय विश्व युद्ध में जनसे�वाओं में हिस्सा लेने वाली सहायक प्रादेशिक सेवा में काम किया।,1,"[{'subject': {'upos': 'PROPN', 'text': 'द्वितीय', 'id': 2, 'deprel': 'nsubj', 'head': 18}, 'object': {'upos': 'NOUN', 'text': 'काम', 'id': 17, 'deprel': 'obj', 'head': 18}, 'verb': {'upos': 'VERB', 'text': 'किया', 'id': 18, 'deprel': 'root', 'head': 0}}]",['SOV']
972,स्लोवाकिया ने ओलंपिक में भाग लेना 1994 में शुरू किया।,1,"[{'subject': {'upos': 'PROPN', 'text': 'स्लोवाकिया', 'id': 1, 'deprel': 'nsubj', 'head': 10}, 'object': {'upos': 'VERB', 'text': 'लेना', 'id': 6, 'deprel': 'obj', 'head': 10}, 'verb': {'upos': 'VERB', 'text': 'किया', 'id': 10, 'deprel': 'root', 'head': 0}}]",['SOV']
999,"बोइंग 737 एवं एयरबस ए 310, ए 320 ने सोविएट विमान का स्थान लिया।",1,"[{'subject': {'upos': 'PROPN', 'text': '737', 'id': 2, 'deprel': 'nsubj', 'head': 15}, 'object': {'upos': 'NOUN', 'text': 'स्थान', 'id': 14, 'deprel': 'obj', 'head': 15}, 'verb': {'upos': 'VERB', 'text': 'लिया', 'id': 15, 'deprel': 'root', 'head': 0}}]",['SOV']
1000,एयरलाइन ने मई 1995 में अपना नया नाम अपनाया।,1,"[{'subject': {'upos': 'NOUN', 'text': 'एयरलाइन', 'id': 1, 'deprel': 'nsubj', 'head': 9}, 'object': {'upos': 'NOUN', 'text': 'नाम', 'id': 8, 'deprel': 'obj', 'head': 9}, 'verb': {'upos': 'VERB', 'text': 'अपनाया', 'id': 9, 'deprel': 'root', 'head': 0}}]",['SOV']
1010,"पुरुषों की औसत आय $29,748 की तुलना में महिलाओं की औसत आय $25,734 है, इसलिए पुरुषों ने उच्चतर औसत आय अर्जित की।",1,"[{'subject': {'upos': 'NOUN', 'text': 'पुरुषों', 'id': 17, 'deprel': 'nsubj', 'head': 23}, 'object': {'upos': 'NOUN', 'text': 'आय', 'id': 21, 'deprel': 'obj', 'head': 23}, 'verb': {'upos': 'VERB', 'text': 'की', 'id': 23, 'deprel': 'root', 'head': 0}}]",['SOV']
1017,अंग्रेजों ने सेना को पुणे भेजी।,1,"[{'subject': {'upos': 'NOUN', 'text': 'अंग्रेजों', 'id': 1, 'deprel': 'nsubj', 'head': 6}, 'object': {'upos': 'NOUN', 'text': 'सेना', 'id': 3, 'deprel': 'obj', 'head': 6}, 'verb': {'upos': 'VERB', 'text': 'भेजी', 'id': 6, 'deprel': 'root', 'head': 0}}]",['SOV']
1018,"ऑस्ट्रेलिया में ओलंपिक आंदोलन को विकसित, प्रोत्साहित और सुरक्षित करने के लिए ऑस्ट्रेलियाई ओलंपिक समिति जिम्मेदार है।",1,"[{'subject': {'upos': 'PROPN', 'text': 'समिति', 'id': 16, 'deprel': 'nsubj', 'head': 18}, 'object': {'upos': 'ADJ', 'text': 'जिम्मेदार', 'id': 17, 'deprel': 'obj', 'head': 18}, 'verb': {'upos': 'VERB', 'text': 'है', 'id': 18, 'deprel': 'root', 'head': 0}}]",['SOV']
1032,"कृतज्ञता महसूस करने का लाभ खुशी का स्तर बढ़ाना, अवसाद और तनाव को कम करना, नकारात्मक विचारों से दूर रहना और सकारात्मक तरीकों से समस्याओं का सामना करना है।",1,"[{'subject': {'upos': 'NOUN', 'text': 'लाभ', 'id': 5, 'deprel': 'nsubj', 'head': 30}, 'object': {'upos': 'VERB', 'text': 'बढ़ाना', 'id': 9, 'deprel': 'obj', 'head': 30}, 'verb': {'upos': 'VERB', 'text': 'करना', 'id': 30, 'deprel': 'root', 'head': 0}}]",['SOV']
1040,ऐसेनहोवर ने एयर फोर्स वन की तरह अधिकांश सुरक्षा प्रस्ताव स्थापित किए।,1,"[{'subject': {'upos': 'PROPN', 'text': 'ऐसेनहोवर', 'id': 1, 'deprel': 'nsubj', 'head': 12}, 'object': {'upos': 'NOUN', 'text': 'प्रस्ताव', 'id': 10, 'deprel': 'obj', 'head': 12}, 'verb': {'upos': 'VERB', 'text': 'किए', 'id': 12, 'deprel': 'root', 'head': 0}}]",['SOV']
1058,1984 में भारत ने ऑपरेशन मेघदूत लॉन्च किया था।,1,"[{'subject': {'upos': 'PROPN', 'text': 'भारत', 'id': 3, 'deprel': 'nsubj', 'head': 8}, 'object': {'upos': 'NOUN', 'text': 'ऑपरेशन', 'id': 5, 'deprel': 'obj', 'head': 8}, 'verb': {'upos': 'VERB', 'text': 'किया', 'id': 8, 'deprel': 'root', 'head': 0}}]",['SOV']
1069,"नहीं, मुहम्मद की आवाज़ किसी भी माध्यम में सुनने में सक्षम नहीं हैं।",1,"[{'subject': {'upos': 'NOUN', 'text': 'आवाज़', 'id': 5, 'deprel': 'nsubj', 'head': 14}, 'object': {'upos': 'ADJ', 'text': 'सक्षम', 'id': 12, 'deprel': 'obj', 'head': 14}, 'verb': {'upos': 'VERB', 'text': 'हैं', 'id': 14, 'deprel': 'root', 'head': 0}}]",['SOV']
1093,सूत्र त्रिकोणमिति और समिश्र संख्याएँ आपस में जोड़ता है।,1,"[{'subject': {'upos': 'NOUN', 'text': 'सूत्र', 'id': 1, 'deprel': 'nsubj', 'head': 8}, 'object': {'upos': 'NOUN', 'text': 'त्रिकोणमिति', 'id': 2, 'deprel': 'obj', 'head': 8}, 'verb': {'upos': 'VERB', 'text': 'जोड़ता', 'id': 8, 'deprel': 'root', 'head': 0}}]",['SOV']
1109,नोबोरो मोरी ने मारिको को खत्म किया था।,1,"[{'subject': {'upos': 'PROPN', 'text': 'मोरी', 'id': 2, 'deprel': 'nsubj', 'head': 7}, 'object': {'upos': 'PROPN', 'text': 'मारिको', 'id': 4, 'deprel': 'obj', 'head': 7}, 'verb': {'upos': 'VERB', 'text': 'किया', 'id': 7, 'deprel': 'root', 'head': 0}}]",['SOV']
1111,"लोगन को एक मशीन में रखा जाता है, जो उसकी चिकित्सा कारक निकालने की योजना का खुलासा करती है और उसे रजत सामुराई के सामने पेश करती है।",1,"[{'subject': {'upos': 'PRON', 'text': 'जो', 'id': 10, 'deprel': 'nsubj', 'head': 19}, 'object': {'upos': 'PRON', 'text': 'उसे', 'id': 22, 'deprel': 'obj', 'head': 28}, 'verb': {'upos': 'VERB', 'text': 'करती', 'id': 28, 'deprel': 'conj', 'head': 19}}]",['SOV']
1120,पी॰ऍस॰आर॰ बी१२५७+१२ को आलॅक्सान्डॅर वॉल्ष्षान (Aleksander Wolszczan) नामक पोलिश खगोलशास्त्री ने १९९० में ढूँढा था।,1,"[{'object': {'upos': 'PROPN', 'text': 'बी१२५७+१२', 'id': 2, 'deprel': 'obj', 'head': 16}, 'subject': {'upos': 'NOUN', 'text': 'खगोलशास्त्री', 'id': 12, 'deprel': 'nsubj', 'head': 16}, 'verb': {'upos': 'VERB', 'text': 'ढूँढा', 'id': 16, 'deprel': 'root', 'head': 0}}]",['OSV']
1128,किलियन मर्फ़ी ने थियेटर में जाने से पहले रॉक संगीतकार के रूप में अपना काम शुरू किया था।,1,"[{'subject': {'upos': 'PROPN', 'text': 'मर्फ़ी', 'id': 2, 'deprel': 'nsubj', 'head': 17}, 'object': {'upos': 'NOUN', 'text': 'काम', 'id': 15, 'deprel': 'obj', 'head': 17}, 'verb': {'upos': 'VERB', 'text': 'किया', 'id': 17, 'deprel': 'root', 'head': 0}}]",['SOV']
1142,"शेरिनियन नाईटमेयर बैंड के रूप में ""परफेक्ट स्ट्रेंजर"" के कवर गाना प्रस्तुत करते थे। अवसर पर वे ""सुसाइड सोल्यूशन"" भी प्रस्तुत कर सकते थे।",1,"[{'subject': {'upos': 'PRON', 'text': 'वे', 'id': 3, 'deprel': 'nsubj', 'head': 10}, 'object': {'upos': 'PROPN', 'text': 'सोल्यूशन', 'id': 6, 'deprel': 'obj', 'head': 10}, 'verb': {'upos': 'VERB', 'text': 'कर', 'id': 10, 'deprel': 'root', 'head': 0}}]",['SOV']
1146,ब्राउनिंग ने ग्रीक का अध्ययन शुरू किया जब उनकी आयु 14 साल थी।,1,"[{'subject': {'upos': 'PROPN', 'text': 'ब्राउनिंग', 'id': 1, 'deprel': 'nsubj', 'head': 7}, 'object': {'upos': 'NOUN', 'text': 'अध्ययन', 'id': 5, 'deprel': 'obj', 'head': 7}, 'verb': {'upos': 'VERB', 'text': 'किया', 'id': 7, 'deprel': 'root', 'head': 0}}]",['SOV']
1152,"जर्मन बैंकों ने संकटपूर्ण आर्थिक घटना को ""स्वर्ण काल"" की ओर वापसी के रूप में वर्गीकृत किया।",1,"[{'subject': {'upos': 'NOUN', 'text': 'बैंकों', 'id': 2, 'deprel': 'nsubj', 'head': 19}, 'object': {'upos': 'NOUN', 'text': 'घटना', 'id': 6, 'deprel': 'obj', 'head': 19}, 'verb': {'upos': 'VERB', 'text': 'किया', 'id': 19, 'deprel': 'root', 'head': 0}}]",['SOV']
1154,ड्यूश बैंक का निर्माण 1948 में हुआ था। यह ड्यूश बैंक के 10 स्थानीय बैंकों के विलय के द्वारा बनाया गया था।,1,"[{'object': {'upos': 'PRON', 'text': 'यह', 'id': 1, 'deprel': 'obj', 'head': 12}, 'subject': {'upos': 'NOUN', 'text': 'विलय', 'id': 9, 'deprel': 'nsubj:pass', 'head': 12}, 'verb': {'upos': 'VERB', 'text': 'बनाया', 'id': 12, 'deprel': 'root', 'head': 0}}]",['OSV']
1159,म्यूनिक मुख्य स्टेशन को खाली किया गया और म्यूनिक आने जाने वाली ट्रेनों को रद्द कर दिया गया था। क्षेत्रीय और अंतर-नगरीय ट्रेनों ने गोलियों की अदला-बदली क्षेत्र को जाने वाली तथा वहाँ से आने वाली सेवाओं को रद्द कर दिया गया था।,1,"[{'subject': {'upos': 'NOUN', 'text': 'ट्रेनों', 'id': 4, 'deprel': 'nsubj:pass', 'head': 21}, 'object': {'upos': 'VERB', 'text': 'जाने', 'id': 11, 'deprel': 'obj', 'head': 21}, 'verb': {'upos': 'VERB', 'text': 'कर', 'id': 21, 'deprel': 'root', 'head': 0}}]",['SOV']
1161,बट्टग्राम ज़िला १९९३ जुलाई में एक अलग ज़िले का दर्जा दे दिया गया।,1,"[{'subject': {'upos': 'NOUN', 'text': 'ज़िला', 'id': 2, 'deprel': 'nsubj:pass', 'head': 11}, 'object': {'upos': 'NOUN', 'text': 'दर्जा', 'id': 10, 'deprel': 'obj', 'head': 11}, 'verb': {'upos': 'VERB', 'text': 'दे', 'id': 11, 'deprel': 'root', 'head': 0}}]",['SOV']
1174,रीनहार्ड सेल्टन ने उपखेल पूर्ण संतुलनों की समाधान अवधारणा प्रस्तुत करके नैश संतुलन को परिष्कृत किया।,1,"[{'subject': {'upos': 'PROPN', 'text': 'सेल्टन', 'id': 2, 'deprel': 'nsubj', 'head': 16}, 'object': {'upos': 'NOUN', 'text': 'संतुलन', 'id': 13, 'deprel': 'obj', 'head': 16}, 'verb': {'upos': 'VERB', 'text': 'किया', 'id': 16, 'deprel': 'root', 'head': 0}}]",['SOV']
1189,1899 में बासीगुलपो ने 60 घर बनाने की परियोजना चुनी।,1,"[{'subject': {'upos': 'PROPN', 'text': 'बासीगुलपो', 'id': 3, 'deprel': 'nsubj', 'head': 10}, 'object': {'upos': 'NOUN', 'text': 'परियोजना', 'id': 9, 'deprel': 'obj', 'head': 10}, 'verb': {'upos': 'VERB', 'text': 'चुनी।', 'id': 10, 'deprel': 'root', 'head': 0}}]",['SOV']
1199,द्वारा दिया गया सुझाव डाइम पर आधारित मुद्रा बहाल करना था।,1,"[{'subject': {'upos': 'NOUN', 'text': 'सुझाव', 'id': 4, 'deprel': 'nsubj', 'head': 10}, 'object': {'upos': 'NOUN', 'text': 'मुद्रा', 'id': 8, 'deprel': 'obj', 'head': 10}, 'verb': {'upos': 'VERB', 'text': 'करना', 'id': 10, 'deprel': 'root', 'head': 0}}]",['SOV']
1200,"थॉमस जॅफ़रसन, बेंजामिन फ्रैंकलिन, ऐलॅक्सैन्डर हैमिलटन और डेविड रिटनहाउस ने संयुक्त राज्य के कांग्रेस को सुझाव दिया कि दशमलव के आधार पर सिक्के जारी किए जाएं।",1,"[{'subject': {'upos': 'PROPN', 'text': 'जॅफ़रसन', 'id': 2, 'deprel': 'nsubj', 'head': 19}, 'verb': {'upos': 'VERB', 'text': 'दिया', 'id': 19, 'deprel': 'root', 'head': 0}, 'object': {'upos': 'VERB', 'text': 'किए', 'id': 27, 'deprel': 'obj', 'head': 19}}]",['SVO']
1210,"न्याबर्ग नासा की अंतरिक्ष यात्री है और उन्होंने १९९१ में अपना अंतरिक्ष कैरियर शुरू किया। इसलिए, उनके लिए जिसके लिए काम किया गया नहीं दिया गया है, लेकिन उन्होंने नासा के लिए काम किया है। इसलिए उत्तर है: न्याबर्ग नासा के लिए काम किया था।",1,"[{'subject': {'upos': 'PROPN', 'text': 'न्याबर्ग', 'id': 5, 'deprel': 'nsubj', 'head': 10}, 'object': {'upos': 'NOUN', 'text': 'काम', 'id': 9, 'deprel': 'obj', 'head': 10}, 'verb': {'upos': 'VERB', 'text': 'किया', 'id': 10, 'deprel': 'acl', 'head': 2}}]",['SOV']
1211,न्याबर्ग ने एक्सपीडिशन-36 और एक्सपीडिशन-37 पर फ्लाइट इंजिनियर के रूप में काम किया।,1,"[{'subject': {'upos': 'PROPN', 'text': 'न्याबर्ग', 'id': 1, 'deprel': 'nsubj', 'head': 13}, 'object': {'upos': 'NOUN', 'text': 'काम', 'id': 12, 'deprel': 'obj', 'head': 13}, 'verb': {'upos': 'VERB', 'text': 'किया', 'id': 13, 'deprel': 'root', 'head': 0}}]",['SOV']
1213,"कारण हैं कि कोई यह प्रक्रिया (खतना) करेगा वैसे ही कारण जिनके लिए अन्य लोग भी इसे करते हैं, जैसे धार्मिक, सामाजिक या सांस्कृतिक कारणों से।",1,"[{'subject': {'upos': 'NOUN', 'text': 'लोग', 'id': 17, 'deprel': 'nsubj', 'head': 20}, 'object': {'upos': 'PRON', 'text': 'इसे', 'id': 19, 'deprel': 'obj', 'head': 20}, 'verb': {'upos': 'VERB', 'text': 'करते', 'id': 20, 'deprel': 'acl:relcl', 'head': 6}}]",['SOV']
1223,बोइंग 707 और डगलस डीसी-8 ने लंबी दूरी की यात्रा को बदल दिया है।,1,"[{'subject': {'upos': 'PROPN', 'text': '707', 'id': 2, 'deprel': 'nsubj', 'head': 12}, 'object': {'upos': 'NOUN', 'text': 'यात्रा', 'id': 10, 'deprel': 'obj', 'head': 12}, 'verb': {'upos': 'VERB', 'text': 'बदल', 'id': 12, 'deprel': 'root', 'head': 0}}]",['SOV']
1225,नए डिजाइन वाले हाई लिफ्ट उपकरणों की विशेषता यह थी कि वे नई डिजाइन में उद्योग में प्रयुक्त सर्वाधिक उन्नत उच्च-उठान उपकरण शामिल किए गए थे।,1,"[{'subject': {'upos': 'PRON', 'text': 'वे', 'id': 12, 'deprel': 'nsubj:pass', 'head': 24}, 'object': {'upos': 'NOUN', 'text': 'उपकरण', 'id': 22, 'deprel': 'obj', 'head': 24}, 'verb': {'upos': 'VERB', 'text': 'किए', 'id': 24, 'deprel': 'acl', 'head': 9}}]",['SOV']
1231,अमेरिकन एयरलाइंस ने अपने 747 की कोच सीटों को पियानो बार से प्रतिस्थापित करके अधिक ग्राहकों को आकर्षित किया।,1,"[{'subject': {'upos': 'PROPN', 'text': 'एयरलाइंस', 'id': 2, 'deprel': 'nsubj', 'head': 19}, 'object': {'upos': 'NOUN', 'text': 'ग्राहकों', 'id': 16, 'deprel': 'obj', 'head': 19}, 'verb': {'upos': 'VERB', 'text': 'किया', 'id': 19, 'deprel': 'root', 'head': 0}}]",['SOV']
1239,क्वांटास ने अंतिम 747-300 प्राप्त किया।,1,"[{'subject': {'upos': 'PROPN', 'text': 'क्वांटास', 'id': 1, 'deprel': 'nsubj', 'head': 6}, 'object': {'upos': 'NUM', 'text': '747-300', 'id': 4, 'deprel': 'obj', 'head': 6}, 'verb': {'upos': 'VERB', 'text': 'किया', 'id': 6, 'deprel': 'root', 'head': 0}}]",['SOV']
1249,एस्टन विला ने अपना पहला आधिकारिक मैच रग्बी टीम के खिलाफ खेला था जिसमें नियम रग्बी और फुटबॉल का मिश्रित नियम था।,1,"[{'subject': {'upos': 'PROPN', 'text': 'विला', 'id': 2, 'deprel': 'nsubj', 'head': 12}, 'object': {'upos': 'NOUN', 'text': 'मैच', 'id': 7, 'deprel': 'obj', 'head': 12}, 'verb': {'upos': 'VERB', 'text': 'खेला', 'id': 12, 'deprel': 'root', 'head': 0}}]",['SOV']
1250,सॉन्डर्सने टीम को एकजुट रखा जो 1980-81 में एक सातवें शीर्ष लीग खिताब जीतने में सफल हुई।,1,"[{'subject': {'upos': 'PROPN', 'text': 'सॉन्डर्सने', 'id': 1, 'deprel': 'nsubj', 'head': 5}, 'object': {'upos': 'NOUN', 'text': 'टीम', 'id': 2, 'deprel': 'obj', 'head': 5}, 'verb': {'upos': 'VERB', 'text': 'रखा', 'id': 5, 'deprel': 'root', 'head': 0}}]",['SOV']
1254,पैट्रिक डेम्पसे गुप्त रूप से डेसेप्टिकॉन्स के पक्ष में काम कर रहा है।,1,"[{'subject': {'upos': 'PROPN', 'text': 'डेम्पसे', 'id': 2, 'deprel': 'nsubj', 'head': 11}, 'object': {'upos': 'NOUN', 'text': 'काम', 'id': 10, 'deprel': 'obj', 'head': 11}, 'verb': {'upos': 'VERB', 'text': 'कर', 'id': 11, 'deprel': 'root', 'head': 0}}]",['SOV']
1256,साउंडवेव कौन सा संपर्काधिकारी डिसेप्टिकाॅन्स के लिए कार्य करता है।,1,"[{'subject': {'upos': 'NOUN', 'text': 'साउंडवेव', 'id': 1, 'deprel': 'nsubj', 'head': 9}, 'object': {'upos': 'NOUN', 'text': 'कार्य', 'id': 8, 'deprel': 'obj', 'head': 9}, 'verb': {'upos': 'VERB', 'text': 'करता', 'id': 9, 'deprel': 'root', 'head': 0}}]",['SOV']
1259,फिस्क ने 1976 वर्ष में बेरूत में रहना शुरू किया था।,1,"[{'subject': {'upos': 'PROPN', 'text': 'फिस्क', 'id': 1, 'deprel': 'nsubj', 'head': 10}, 'object': {'upos': 'VERB', 'text': 'रहना', 'id': 8, 'deprel': 'obj', 'head': 10}, 'verb': {'upos': 'VERB', 'text': 'किया', 'id': 10, 'deprel': 'root', 'head': 0}}]",['SOV']
1264,"एक स्टेप आउटलाइन तैयार करते हैं, जो पूरी कहानी को एक-अनुच्छेद के दृश्यों में विभाजित कर देता है जिसका पूरा ध्यान नाटकीय संरचना पर होता है।",1,"[{'subject': {'upos': 'PRON', 'text': 'जो', 'id': 8, 'deprel': 'nsubj', 'head': 17}, 'object': {'upos': 'NOUN', 'text': 'कहानी', 'id': 10, 'deprel': 'obj', 'head': 17}, 'verb': {'upos': 'VERB', 'text': 'कर', 'id': 17, 'deprel': 'acl:relcl', 'head': 3}}]",['SOV']
1269,"महाश्वेता देवी एक पत्रकारी, लेखिका, साहित्यकारी और आंदोलनधर्मी के रूप में काम करती थीं।",1,"[{'subject': {'upos': 'PROPN', 'text': 'देवी', 'id': 2, 'deprel': 'nsubj', 'head': 15}, 'object': {'upos': 'NOUN', 'text': 'काम', 'id': 14, 'deprel': 'obj', 'head': 15}, 'verb': {'upos': 'VERB', 'text': 'करती', 'id': 15, 'deprel': 'root', 'head': 0}}]",['SOV']
1270,अमेरिकी शीट संगीत प्रकाशन उद्योग ने रैगटाइम संगीत तैयार किया।,1,"[{'subject': {'upos': 'PROPN', 'text': 'उद्योग', 'id': 5, 'deprel': 'nsubj', 'head': 10}, 'object': {'upos': 'NOUN', 'text': 'संगीत', 'id': 8, 'deprel': 'obj', 'head': 10}, 'verb': {'upos': 'VERB', 'text': 'किया', 'id': 10, 'deprel': 'root', 'head': 0}}]",['SOV']
1280,फ्रांस ने अधिकतर पदक शीतकालीन ओलंपिक खेलों के अल्पाइन स्कीइंग में जीते हैं।,1,"[{'subject': {'upos': 'PROPN', 'text': 'फ्रांस', 'id': 1, 'deprel': 'nsubj', 'head': 12}, 'object': {'upos': 'NOUN', 'text': 'पदक', 'id': 4, 'deprel': 'obj', 'head': 12}, 'verb': {'upos': 'VERB', 'text': 'जीते', 'id': 12, 'deprel': 'root', 'head': 0}}]",['SOV']
1297,उसने टेस्ट क्रिकेट में 362 विकेट लिए।,1,"[{'subject': {'upos': 'PRON', 'text': 'उसने', 'id': 1, 'deprel': 'nsubj', 'head': 7}, 'object': {'upos': 'NOUN', 'text': 'विकेट', 'id': 6, 'deprel': 'obj', 'head': 7}, 'verb': {'upos': 'VERB', 'text': 'लिए', 'id': 7, 'deprel': 'root', 'head': 0}}]",['SOV']
1298,"खान ने 48 टेस्ट मैच खेले, जिसमें से 14 पाकिस्तान ने जीते, 8 में हार गए और बाकी 26 बिना हार-जीत के समाप्त हो गए। उन्होंने भी 139 एक-दिवसीय मैच खेले, जिनमें से 77 में जीत, 57 में हार हासिल हुई और एक बराबर का खेल रहा।",1,"[{'subject': {'upos': 'PRON', 'text': 'उन्होंने', 'id': 1, 'deprel': 'nsubj', 'head': 6}, 'object': {'upos': 'NOUN', 'text': 'मैच', 'id': 5, 'deprel': 'obj', 'head': 6}, 'verb': {'upos': 'VERB', 'text': 'खेले', 'id': 6, 'deprel': 'root', 'head': 0}}]",['SOV']
1299,इंग्लैंड के खिलाफ खान ने अपनी गेंदबाजी और बल्लेबाजी औसत दोनों में शीर्ष स्थान हासिल किया।,1,"[{'subject': {'upos': 'PROPN', 'text': 'खान', 'id': 4, 'deprel': 'nsubj', 'head': 16}, 'object': {'upos': 'NOUN', 'text': 'स्थान', 'id': 14, 'deprel': 'obj', 'head': 16}, 'verb': {'upos': 'VERB', 'text': 'किया', 'id': 16, 'deprel': 'root', 'head': 0}}]",['SOV']
1301,खान ने कुल 88 विकेट ली।,1,"[{'subject': {'upos': 'PROPN', 'text': 'खान', 'id': 1, 'deprel': 'nsubj', 'head': 6}, 'object': {'upos': 'NOUN', 'text': 'विकेट', 'id': 5, 'deprel': 'obj', 'head': 6}, 'verb': {'upos': 'VERB', 'text': 'ली', 'id': 6, 'deprel': 'root', 'head': 0}}]",['SOV']
1304,खान ने टेस्ट मैचों के दौरान गेंद के किनारे खरोंचने और सीम को उठाने वाली शर्मनाक आदत 1994 में स्वीकार की।,1,"[{'subject': {'upos': 'PROPN', 'text': 'खान', 'id': 1, 'deprel': 'nsubj', 'head': 21}, 'object': {'upos': 'VERB', 'text': 'खरोंचने', 'id': 10, 'deprel': 'obj', 'head': 21}, 'verb': {'upos': 'VERB', 'text': 'की', 'id': 21, 'deprel': 'root', 'head': 0}}]",['SOV']
1313,ली ने दिसंबर 1960 में अपनी हाई स्कूल की शिक्षा पूरी की।,1,"[{'subject': {'upos': 'PROPN', 'text': 'ली', 'id': 1, 'deprel': 'nsubj', 'head': 12}, 'object': {'upos': 'NOUN', 'text': 'शिक्षा', 'id': 10, 'deprel': 'obj', 'head': 12}, 'verb': {'upos': 'VERB', 'text': 'की', 'id': 12, 'deprel': 'root', 'head': 0}}]",['SOV']
1316,"GM, फोर्ड (Ford), क्रिसलर (Chrysler) ने QS 9000 व्याख्या पर सहमति व्यक्त की।",1,"[{'subject': {'upos': 'PROPN', 'text': 'GM', 'id': 1, 'deprel': 'nsubj', 'head': 19}, 'object': {'upos': 'NOUN', 'text': 'सहमति', 'id': 17, 'deprel': 'obj', 'head': 19}, 'verb': {'upos': 'VERB', 'text': 'की', 'id': 19, 'deprel': 'root', 'head': 0}}]",['SOV']
1320,इनफिनिटी वॉर मार्वेल सिनेमाटिक यूनिवर्स की 19वीं फिल्म की कड़ी का काम करती है।,1,"[{'subject': {'upos': 'NOUN', 'text': 'वॉर', 'id': 2, 'deprel': 'nsubj', 'head': 13}, 'object': {'upos': 'NOUN', 'text': 'काम', 'id': 12, 'deprel': 'obj', 'head': 13}, 'verb': {'upos': 'VERB', 'text': 'करती', 'id': 13, 'deprel': 'root', 'head': 0}}]",['SOV']
1326,NGO का उद्देश्य लोगों को एनजीओ के अंदर सक्रिय रूप से शामिल होने और एनजीओ तथा सार्वजनिक व निजी क्षेत्र दोनों के बीच अधिक सहजीवन को प्रोत्साहित करना है।,1,"[{'subject': {'upos': 'NOUN', 'text': 'उद्देश्य', 'id': 3, 'deprel': 'nsubj', 'head': 28}, 'object': {'upos': 'NOUN', 'text': 'लोगों', 'id': 4, 'deprel': 'obj', 'head': 28}, 'verb': {'upos': 'VERB', 'text': 'करना', 'id': 28, 'deprel': 'root', 'head': 0}}]",['SOV']
1329,एनजीओ में लोगों को अधिक सक्रिय होने के लिए प्रेरित करने का उद्देश्य एनजीओ के अंदर सक्रिय रूप से शामिल होना और एनजीओ तथा सार्वजनिक व निजी क्षेत्र दोनों के बीच अधिक सहजीवन को प्रोत्साहित करना है।,1,"[{'subject': {'upos': 'NOUN', 'text': 'उद्देश्य', 'id': 13, 'deprel': 'nsubj', 'head': 36}, 'object': {'upos': 'NOUN', 'text': 'सहजीवन', 'id': 33, 'deprel': 'obj', 'head': 36}, 'verb': {'upos': 'VERB', 'text': 'करना', 'id': 36, 'deprel': 'root', 'head': 0}}]",['SOV']
1346,तीन साल की उम्र से सभी बच्चे अनिवार्य स्कूल शुरू कर दें।,1,"[{'subject': {'upos': 'NOUN', 'text': 'बच्चे', 'id': 7, 'deprel': 'nsubj', 'head': 11}, 'object': {'upos': 'NOUN', 'text': 'स्कूल', 'id': 9, 'deprel': 'obj', 'head': 11}, 'verb': {'upos': 'VERB', 'text': 'कर', 'id': 11, 'deprel': 'root', 'head': 0}}]",['SOV']
1350,"जानवरों को फूलों के मधुरसीय अंग, गंध और रंग आकर्षित करता है।",1,"[{'subject': {'upos': 'NOUN', 'text': 'जानवरों', 'id': 1, 'deprel': 'nsubj', 'head': 12}, 'object': {'upos': 'NOUN', 'text': 'अंग', 'id': 6, 'deprel': 'obj', 'head': 12}, 'verb': {'upos': 'VERB', 'text': 'करता', 'id': 12, 'deprel': 'root', 'head': 0}}]",['SOV']
1358,लोग फूलों के आसपास रहना चाहते हैं क्योंकि यह मनचाहे दिखाई देता है और फूलों की गंध मनचाही होती है।,1,"[{'subject': {'upos': 'NOUN', 'text': 'लोग', 'id': 1, 'deprel': 'nsubj', 'head': 6}, 'object': {'upos': 'VERB', 'text': 'रहना', 'id': 5, 'deprel': 'obj', 'head': 6}, 'verb': {'upos': 'VERB', 'text': 'चाहते', 'id': 6, 'deprel': 'root', 'head': 0}}]",['SOV']
1360,नीरजा का परिवार खाड़ी देश को स्थानांतरित हुआ।,1,"[{'subject': {'upos': 'NOUN', 'text': 'परिवार', 'id': 3, 'deprel': 'nsubj', 'head': 8}, 'object': {'upos': 'NOUN', 'text': 'देश', 'id': 5, 'deprel': 'obj', 'head': 8}, 'verb': {'upos': 'VERB', 'text': 'हुआ', 'id': 8, 'deprel': 'root', 'head': 0}}]",['SOV']
1368,हेगेल ने फ्रांसीसी क्रांति की जीत को प्रशंसा किया।,1,"[{'subject': {'upos': 'PROPN', 'text': 'हेगेल', 'id': 1, 'deprel': 'nsubj', 'head': 9}, 'object': {'upos': 'NOUN', 'text': 'जीत', 'id': 6, 'deprel': 'obj', 'head': 9}, 'verb': {'upos': 'VERB', 'text': 'किया', 'id': 9, 'deprel': 'root', 'head': 0}}]",['SOV']
1372,"भगवान ने विकास ब्रह्मांड के विकास में एक आवश्यक चरण के रूप में बनाया था, जो मनुष्य का पतन से आत्म-जागरूकता की इच्छा का परिणाम बनाने के लिए था।",1,"[{'subject': {'upos': 'NOUN', 'text': 'भगवान', 'id': 1, 'deprel': 'nsubj', 'head': 14}, 'object': {'upos': 'NOUN', 'text': 'विकास', 'id': 3, 'deprel': 'obj', 'head': 14}, 'verb': {'upos': 'VERB', 'text': 'बनाया', 'id': 14, 'deprel': 'root', 'head': 0}}]",['SOV']
1374,"अली मुगलयत सयाह ने अचेह के सल्तनत की स्थापना की और उन्होंने अभियान को 1520 में उत्तरी सुमात्रा पर अपना नियंत्रण बढ़ाने के लिए शुरू किया। इसलिए, अली ने उत्तरी सुमात्रा को 1520 में नियंत्रित किया।",1,"[{'subject': {'upos': 'PROPN', 'text': 'अली', 'id': 3, 'deprel': 'nsubj', 'head': 11}, 'object': {'upos': 'PROPN', 'text': 'सुमात्रा', 'id': 6, 'deprel': 'obj', 'head': 11}, 'verb': {'upos': 'VERB', 'text': 'किया', 'id': 11, 'deprel': 'root', 'head': 0}}]",['SOV']
1378,"सैनाब्रिया ने इस नई पद्धति को प्रस्तुत किया, क्योंकि वह समय से पहले और कम वजन के शिशुओं के लिए स्वास्थ्�ya देखभाल और तकनीकी सहायता उपलब्ध नहीं होने के कारण था।",1,"[{'subject': {'upos': 'PROPN', 'text': 'सैनाब्रिया', 'id': 1, 'deprel': 'nsubj', 'head': 8}, 'object': {'upos': 'NOUN', 'text': 'पद्धति', 'id': 5, 'deprel': 'obj', 'head': 8}, 'verb': {'upos': 'VERB', 'text': 'किया', 'id': 8, 'deprel': 'root', 'head': 0}}]",['SOV']
1402,मल रक्त से लिपटा होता है यह एक स्थिति होती है जिसे हेमाटोचेज़िया कहते हैं।,1,"[{'object': {'upos': 'PRON', 'text': 'जिसे', 'id': 12, 'deprel': 'obj', 'head': 14}, 'subject': {'upos': 'PROPN', 'text': 'हेमाटोचेज़िया', 'id': 13, 'deprel': 'nsubj', 'head': 14}, 'verb': {'upos': 'VERB', 'text': 'कहते', 'id': 14, 'deprel': 'acl:relcl', 'head': 9}}]",['OSV']
1427,"बेटा ऐन्ड्रौमिडे का पृथ्वी से दिखने वाला सब से रोशन तारा है और पृथ्वी से दिखने वाले तारों में से 55वाँ सब से रोशन तारा है। इसका औसत सापेक्ष कांतिमान +2.01 से 2.10 के बीच बदलता रहता है, लेकिन व्यापक दृश्य परिमाण की सीमा यहाँ नहीं दी गई है।",1,"[{'subject': {'upos': 'NOUN', 'text': 'कांतिमान', 'id': 4, 'deprel': 'nsubj', 'head': 10}, 'object': {'upos': 'NOUN', 'text': 'सीमा', 'id': 19, 'deprel': 'obj', 'head': 22}, 'verb': {'upos': 'VERB', 'text': 'दी', 'id': 22, 'deprel': 'conj', 'head': 10}}]",['SOV']
1441,टॉम क्रूज ने निकोल किडमैन से तलाक 2001 फरवरी में लिया।,1,"[{'subject': {'upos': 'PROPN', 'text': 'क्रूज', 'id': 2, 'deprel': 'nsubj', 'head': 11}, 'object': {'upos': 'NOUN', 'text': 'तलाक', 'id': 7, 'deprel': 'obj', 'head': 11}, 'verb': {'upos': 'VERB', 'text': 'लिया', 'id': 11, 'deprel': 'root', 'head': 0}}]",['SOV']
1442,ऑक्सीकरण के पहले भाग कार्बन डाइऑक्साइड को अमोनिया में बदलता है।,1,"[{'subject': {'upos': 'NOUN', 'text': 'भाग', 'id': 4, 'deprel': 'nsubj', 'head': 10}, 'object': {'upos': 'NOUN', 'text': 'डाइऑक्साइड', 'id': 6, 'deprel': 'obj', 'head': 10}, 'verb': {'upos': 'VERB', 'text': 'बदलता', 'id': 10, 'deprel': 'root', 'head': 0}}]",['SOV']
1444,उसने कैम्ब्रिज विश्वविद्यालय से 2007 में अंग्रेजी साहित्य की डिग्री अर्जित की।,1,"[{'subject': {'upos': 'PRON', 'text': 'उसने', 'id': 1, 'deprel': 'nsubj', 'head': 12}, 'object': {'upos': 'NOUN', 'text': 'डिग्री', 'id': 10, 'deprel': 'obj', 'head': 12}, 'verb': {'upos': 'VERB', 'text': 'की', 'id': 12, 'deprel': 'root', 'head': 0}}]",['SOV']
1453,"डीन ने जनवरी 1951 में यूएलसीए (UCLA) को छोड़ने से पहले मैकबेथ में कार्य किया। इसके अलावा, उन्होंने जेम्स व्हिटमोर की अभिनय कार्यशाला में अभिनय करना शुरू किया। लेकिन दिया गया प्रश्न में UCLA की अभिनय कार्यशाला का नाम नहीं दिया गया है। इसलिए, उत्तर दिया गया प्रश्न के अनुसार है: डीन ने UCLA में मैकबेथ में कार्य किया।",1,"[{'subject': {'upos': 'PROPN', 'text': 'डीन', 'id': 1, 'deprel': 'nsubj', 'head': 8}, 'object': {'upos': 'NOUN', 'text': 'कार्य', 'id': 7, 'deprel': 'obj', 'head': 8}, 'verb': {'upos': 'VERB', 'text': 'किया', 'id': 8, 'deprel': 'root', 'head': 0}}]",['SOV']
1470,डॉकिन्स की पुष्टि के बाद उन्होंने अपने धार्मिक विश्वास के शेष भाग में हार गए। उन्हें विज्ञान और विकास प्रक्रियाओं की समझ ने धार्मिक विश्वास को झेलने के लिए प्रेरित किया।,1,"[{'object': {'upos': 'PRON', 'text': 'उन्हें', 'id': 1, 'deprel': 'obj', 'head': 16}, 'subject': {'upos': 'NOUN', 'text': 'समझ', 'id': 7, 'deprel': 'nsubj', 'head': 16}, 'verb': {'upos': 'VERB', 'text': 'किया', 'id': 16, 'deprel': 'root', 'head': 0}}]",['OSV']
1474,नोलन की माँ ने उड़ान परिचारक और अंग्रेजी शिक्षिका के रूप में काम किया।,1,"[{'subject': {'upos': 'NOUN', 'text': 'माँ', 'id': 3, 'deprel': 'nsubj', 'head': 14}, 'object': {'upos': 'NOUN', 'text': 'काम', 'id': 13, 'deprel': 'obj', 'head': 14}, 'verb': {'upos': 'VERB', 'text': 'किया', 'id': 14, 'deprel': 'root', 'head': 0}}]",['SOV']
1475,नोलेन ने मात्र सात वर्ष की उम्र में फिल्में बनाना शुरू किया।,1,"[{'subject': {'upos': 'PROPN', 'text': 'नोलेन', 'id': 1, 'deprel': 'nsubj', 'head': 12}, 'object': {'upos': 'VERB', 'text': 'बनाना', 'id': 10, 'deprel': 'obj', 'head': 12}, 'verb': {'upos': 'VERB', 'text': 'किया', 'id': 12, 'deprel': 'root', 'head': 0}}]",['SOV']
1484,"डर्माटोफेजिया के प्रभाव में अंगुलियों की त्वचा को दांतों से काटने या खाने लगना, रक्त बाहर निकलना, त्वचा में रंग विकार, अंगुली के पोर को काटना, दर्द और खून निकलना और अंगुलियों का मांस खाना शामिल हैं।",1,"[{'subject': {'upos': 'VERB', 'text': 'खाना', 'id': 39, 'deprel': 'nsubj', 'head': 41}, 'object': {'upos': 'ADJ', 'text': 'शामिल', 'id': 40, 'deprel': 'obj', 'head': 41}, 'verb': {'upos': 'VERB', 'text': 'हैं', 'id': 41, 'deprel': 'root', 'head': 0}}]",['SOV']
1513,बियोवुल्फ़ को पता चला कि उसका साम्राज्य एक ड्रेगन से आतंकित है।,1,"[{'subject': {'upos': 'PROPN', 'text': 'बियोवुल्फ़', 'id': 1, 'deprel': 'nsubj', 'head': 4}, 'verb': {'upos': 'VERB', 'text': 'चला', 'id': 4, 'deprel': 'root', 'head': 0}, 'object': {'upos': 'ADJ', 'text': 'आतंकित', 'id': 11, 'deprel': 'obj', 'head': 4}}]",['SVO']
1514,बियोवुल्फ़ ड्रेगन को मार देता है।,1,"[{'subject': {'upos': 'PROPN', 'text': 'बियोवुल्फ़', 'id': 1, 'deprel': 'nsubj', 'head': 4}, 'object': {'upos': 'PROPN', 'text': 'ड्रेगन', 'id': 2, 'deprel': 'obj', 'head': 4}, 'verb': {'upos': 'VERB', 'text': 'मार', 'id': 4, 'deprel': 'root', 'head': 0}}]",['SOV']
1523,दौड़ने का मुख्य उद्देश्य शरीर की फिटनेस को बढ़ाना होता है।,1,"[{'subject': {'upos': 'NOUN', 'text': 'उद्देश्य', 'id': 4, 'deprel': 'nsubj', 'head': 9}, 'object': {'upos': 'NOUN', 'text': 'फिटनेस', 'id': 7, 'deprel': 'obj', 'head': 9}, 'verb': {'upos': 'VERB', 'text': 'बढ़ाना', 'id': 9, 'deprel': 'root', 'head': 0}}]",['SOV']
1532,निस्सिन फूड्स त्वरित नूडल बनाती है। वे त्वरित रैमेन नूडल उत्पाद को बेचते हैं।,1,"[{'subject': {'upos': 'PRON', 'text': 'वे', 'id': 1, 'deprel': 'nsubj', 'head': 7}, 'object': {'upos': 'PROPN', 'text': 'उत्पाद', 'id': 5, 'deprel': 'obj', 'head': 7}, 'verb': {'upos': 'VERB', 'text': 'बेचते', 'id': 7, 'deprel': 'root', 'head': 0}}]",['SOV']
1533,सोरेंसन ने 1901 से 1938 तक कार्ल्सबर्ग प्रयोगशाला के प्रमुख के रूप में काम किया।,1,"[{'subject': {'upos': 'PROPN', 'text': 'सोरेंसन', 'id': 1, 'deprel': 'nsubj', 'head': 15}, 'object': {'upos': 'NOUN', 'text': 'काम', 'id': 14, 'deprel': 'obj', 'head': 15}, 'verb': {'upos': 'VERB', 'text': 'किया', 'id': 15, 'deprel': 'root', 'head': 0}}]",['SOV']
1541,रोनाल्डिन्हो ने स्थानीय टीम के खिलाफ खेल में 23 गोल में से सभी 23 गोल दागे।,1,"[{'subject': {'upos': 'PROPN', 'text': 'रोनाल्डिन्हो', 'id': 1, 'deprel': 'nsubj', 'head': 16}, 'object': {'upos': 'NOUN', 'text': 'गोल', 'id': 15, 'deprel': 'obj', 'head': 16}, 'verb': {'upos': 'VERB', 'text': 'दागे', 'id': 16, 'deprel': 'root', 'head': 0}}]",['SOV']
1543,रोनाल्डिन्हो ने सितंबर 2005 में FIFPro विश्व खिलाड़ी का खिताब जीता।,1,"[{'subject': {'upos': 'PROPN', 'text': 'रोनाल्डिन्हो', 'id': 1, 'deprel': 'nsubj', 'head': 11}, 'object': {'upos': 'NOUN', 'text': 'खिताब', 'id': 10, 'deprel': 'obj', 'head': 11}, 'verb': {'upos': 'VERB', 'text': 'जीता', 'id': 11, 'deprel': 'root', 'head': 0}}]",['SOV']
1567,एचआरएस पेंशन पर अधिक ध्यान केंद्रित करता है।,1,"[{'subject': {'upos': 'PROPN', 'text': 'एचआरएस', 'id': 1, 'deprel': 'nsubj', 'head': 7}, 'object': {'upos': 'NOUN', 'text': 'ध्यान', 'id': 5, 'deprel': 'obj', 'head': 7}, 'verb': {'upos': 'VERB', 'text': 'करता', 'id': 7, 'deprel': 'root', 'head': 0}}]",['SOV']
1577,सीडब्ल्यू ने श्रृंखला को रद्द किया।,1,"[{'subject': {'upos': 'PROPN', 'text': 'सीडब्ल्यू', 'id': 1, 'deprel': 'nsubj', 'head': 6}, 'object': {'upos': 'NOUN', 'text': 'श्रृंखला', 'id': 3, 'deprel': 'obj', 'head': 6}, 'verb': {'upos': 'VERB', 'text': 'किया', 'id': 6, 'deprel': 'root', 'head': 0}}]",['SOV']
1598,"देशों को अपनी सूची तैयार करते समय आवश्यक दवाओं की स्थानीय आवश्यकताओं, पर्याप्त मात्रा में उपलब्धता, समुचित रूप से तैयारी और उन्हें जनता द्वारा वहन करने योग्य मूल्य पर (सस्ते दर पर) उपलब्धता का ध्यान रखना चाहिए।",1,"[{'object': {'upos': 'PRON', 'text': 'उन्हें', 'id': 24, 'deprel': 'obj', 'head': 28}, 'subject': {'upos': 'NOUN', 'text': 'जनता', 'id': 25, 'deprel': 'nsubj', 'head': 28}, 'verb': {'upos': 'VERB', 'text': 'करने', 'id': 28, 'deprel': 'amod', 'head': 30}}]",['OSV']
1615,मिग-25 को कम ऊंचाई पर उड़ना मुश्किल है।,1,"[{'subject': {'upos': 'VERB', 'text': 'उड़ना', 'id': 6, 'deprel': 'nsubj', 'head': 8}, 'object': {'upos': 'ADJ', 'text': 'मुश्किल', 'id': 7, 'deprel': 'obj', 'head': 8}, 'verb': {'upos': 'VERB', 'text': 'है', 'id': 8, 'deprel': 'root', 'head': 0}}]",['SOV']
1619,"शाहरुख खान की उत्पादन कंपनी रेड चिलीज़ एंटरटेनमेंट ने अपनी पहली फिल्म ""ना"" को 30 अप्रैल 2004 को रिलीज किया।",1,"[{'subject': {'upos': 'PROPN', 'text': 'एंटरटेनमेंट', 'id': 8, 'deprel': 'nsubj', 'head': 22}, 'object': {'upos': 'PROPN', 'text': 'ना', 'id': 14, 'deprel': 'obj', 'head': 22}, 'verb': {'upos': 'VERB', 'text': 'किया', 'id': 22, 'deprel': 'root', 'head': 0}}]",['SOV']
1621,"रोबोटिक अंतरिक्ष यान ने बृहस्पति का दौरा किया है, विशेष रूप से पहले पायोनियर और वॉयजर मिशन के दौरान और बाद में गैलिलियो यान ने इसका दौरा किया है।",1,"[{'subject': {'upos': 'NOUN', 'text': 'यान', 'id': 3, 'deprel': 'nsubj', 'head': 8}, 'verb': {'upos': 'VERB', 'text': 'किया', 'id': 8, 'deprel': 'root', 'head': 0}, 'object': {'upos': 'VERB', 'text': 'किया', 'id': 29, 'deprel': 'obj', 'head': 8}}]",['SVO']
1630,बृहस्पति का वातावरण तापीय विकिरण उत्पन्न करता है।,1,"[{'subject': {'upos': 'NOUN', 'text': 'वातावरण', 'id': 3, 'deprel': 'nsubj', 'head': 7}, 'object': {'upos': 'NOUN', 'text': 'विकिरण', 'id': 5, 'deprel': 'obj', 'head': 7}, 'verb': {'upos': 'VERB', 'text': 'करता', 'id': 7, 'deprel': 'root', 'head': 0}}]",['SOV']
1656,कनपटी धमनीशोथ 50 से अधिक वर्ष की उम्र के लोगों को होता है।,1,"[{'subject': {'upos': 'NOUN', 'text': 'धमनीशोथ', 'id': 2, 'deprel': 'nsubj', 'head': 12}, 'object': {'upos': 'NOUN', 'text': 'लोगों', 'id': 10, 'deprel': 'obj', 'head': 12}, 'verb': {'upos': 'VERB', 'text': 'होता', 'id': 12, 'deprel': 'root', 'head': 0}}]",['SOV']
1668,रूस ने 94% के आसपास रासायनिक हथियारों को नष्ट किया।,1,"[{'subject': {'upos': 'PROPN', 'text': 'रूस', 'id': 1, 'deprel': 'nsubj', 'head': 10}, 'object': {'upos': 'NOUN', 'text': 'हथियारों', 'id': 7, 'deprel': 'obj', 'head': 10}, 'verb': {'upos': 'VERB', 'text': 'किया', 'id': 10, 'deprel': 'root', 'head': 0}}]",['SOV']
1669,ट्रेविस एक टैक्सी ड्राईवर पेशा अपनाता है।,1,"[{'subject': {'upos': 'PROPN', 'text': 'ट्रेविस', 'id': 1, 'deprel': 'nsubj', 'head': 6}, 'object': {'upos': 'NOUN', 'text': 'ड्राईवर', 'id': 4, 'deprel': 'obj', 'head': 6}, 'verb': {'upos': 'VERB', 'text': 'अपनाता', 'id': 6, 'deprel': 'root', 'head': 0}}]",['SOV']
1670,"नет, चोर निकलने की कोशिश करने के बाद किराना दुकानदार ने उसे भागने के लिए उकसाया। चोर वहाँ से जाने की कोशिश करता था लेकिन किराना दुकानदार उसे भागने के लिए उकसाया था।",1,"[{'subject': {'upos': 'NOUN', 'text': 'दुकानदार', 'id': 11, 'deprel': 'nsubj', 'head': 16}, 'object': {'upos': 'PRON', 'text': 'उसे', 'id': 12, 'deprel': 'obj', 'head': 16}, 'verb': {'upos': 'VERB', 'text': 'उकसाया', 'id': 16, 'deprel': 'conj', 'head': 7}}]",['SOV']
1684,नेभेपेट्रे मंटूहोटेप II के सेनापतित्व में थेबन बलों ने हेराक्लियोपोलिटन शासकों को हरा दिया था।,1,"[{'subject': {'upos': 'NOUN', 'text': 'बलों', 'id': 8, 'deprel': 'nsubj', 'head': 13}, 'object': {'upos': 'NOUN', 'text': 'शासकों', 'id': 11, 'deprel': 'obj', 'head': 13}, 'verb': {'upos': 'VERB', 'text': 'हरा', 'id': 13, 'deprel': 'root', 'head': 0}}]",['SOV']
1690,मिश्रवासियों ने पौधों और जानवरों को लौकिक अवस्था का एक अनिवार्य हिस्सा माना है।,1,"[{'subject': {'upos': 'NOUN', 'text': 'मिश्रवासियों', 'id': 1, 'deprel': 'nsubj', 'head': 13}, 'object': {'upos': 'NOUN', 'text': 'पौधों', 'id': 3, 'deprel': 'obj', 'head': 13}, 'verb': {'upos': 'VERB', 'text': 'माना', 'id': 13, 'deprel': 'root', 'head': 0}}]",['SOV']
1691,"प्राचीन मिस्रवासी भेड़, पोल्ट्री (बतख, हंस और कबूतर), मधुमक्खियों, गधे, बैल, घोड़े, हेरोडोटस के अनुसार घरेलू पशु और अफ्रीका के अंदरूनी क्षेत्रों से आयातित विदेशी जानवर जैसे शेर राजा को पालते थे।",1,"[{'subject': {'upos': 'NOUN', 'text': 'शेर', 'id': 37, 'deprel': 'nsubj', 'head': 40}, 'object': {'upos': 'NOUN', 'text': 'राजा', 'id': 38, 'deprel': 'obj', 'head': 40}, 'verb': {'upos': 'VERB', 'text': 'पालते', 'id': 40, 'deprel': 'root', 'head': 0}}]",['SOV']
1703,"चौथी सदी में चित्रलिपि लेखन को पढ़ सकने वाले पुजारी की संख्या ज्ञात नहीं है। लेकिन जानकारी में यह बताया गया है कि चित्रलिपि लेखन का ज्ञान चौथी शताब्दी तक रहा, लेकिन उसके अंत तक सिर्फ चंद पुजारी इसे पढ़ सकते थे।",1,"[{'subject': {'upos': 'NOUN', 'text': 'पुजारी', 'id': 24, 'deprel': 'nsubj', 'head': 26}, 'object': {'upos': 'PRON', 'text': 'इसे', 'id': 25, 'deprel': 'obj', 'head': 26}, 'verb': {'upos': 'VERB', 'text': 'पढ़', 'id': 26, 'deprel': 'conj', 'head': 16}}]",['SOV']
1713,"मिस्रियों के अनुसार, देवताओं को प्रसन्न करने के लिए पूजा और प्रसाद आवश्यक था।",1,"[{'subject': {'upos': 'NOUN', 'text': 'पूजा', 'id': 11, 'deprel': 'nsubj', 'head': 15}, 'object': {'upos': 'ADJ', 'text': 'आवश्यक', 'id': 14, 'deprel': 'obj', 'head': 15}, 'verb': {'upos': 'VERB', 'text': 'था', 'id': 15, 'deprel': 'root', 'head': 0}}]",['SOV']
1715,"रक्त-मस्तिष्क अवरोध अपनी अखंडता छोड़कर अवरोध उत्पन्न करने वाले ठोस जोड़ों की अखंडता को कम करता है। जब यह अवरोध संक्रमण या विषाणु के समाप्त होने के बाद अपनी अखंडता पुनः प्राप्त करता है, तो T कोशिकाएं मस्तिष्क के अंदर फंस जाती हैं।",1,"[{'subject': {'upos': 'NOUN', 'text': 'अवरोध', 'id': 3, 'deprel': 'nsubj', 'head': 16}, 'object': {'upos': 'NOUN', 'text': 'अखंडता', 'id': 13, 'deprel': 'obj', 'head': 16}, 'verb': {'upos': 'VERB', 'text': 'करता', 'id': 16, 'deprel': 'acl:relcl', 'head': 19}}]",['SOV']
1731,"हिरागाना का विकास इस प्रकार हुआ: मानयोगाना को घसीट शैली में लिखने से हिरागाना, या ओननादे (महिला का हाथ) का विकास हुआ। मठ के छात्रों ने मानयोगाना अक्षरों को केवल एक घटक तत्त्व में सरलीकृत किया।",1,"[{'subject': {'upos': 'NOUN', 'text': 'छात्रों', 'id': 3, 'deprel': 'nsubj', 'head': 14}, 'object': {'upos': 'NOUN', 'text': 'अक्षरों', 'id': 6, 'deprel': 'obj', 'head': 14}, 'verb': {'upos': 'VERB', 'text': 'किया', 'id': 14, 'deprel': 'root', 'head': 0}}]",['SOV']
1736,जापानी स्कूली बच्चों से उम्मीद की जाती है कि वे बुनियादी 1006 कानजी अक्षर (क्योइकु कानजी) कक्षा 6 तक सीख सकें।,1,"[{'subject': {'upos': 'PRON', 'text': 'वे', 'id': 10, 'deprel': 'nsubj', 'head': 22}, 'object': {'upos': 'NOUN', 'text': 'अक्षर', 'id': 14, 'deprel': 'obj', 'head': 22}, 'verb': {'upos': 'VERB', 'text': 'सीख', 'id': 22, 'deprel': 'obj', 'head': 6}}]",['SOV']
1748,2006 में एलिशिया कीज़ ने तीन एनएएसीपी अवार्ड जीते।,1,"[{'subject': {'upos': 'PROPN', 'text': 'कीज़', 'id': 4, 'deprel': 'nsubj', 'head': 9}, 'object': {'upos': 'NOUN', 'text': 'अवार्ड', 'id': 8, 'deprel': 'obj', 'head': 9}, 'verb': {'upos': 'VERB', 'text': 'जीते', 'id': 9, 'deprel': 'root', 'head': 0}}]",['SOV']
1755,पेज को हाय रैंक मिल सकता है यदि उसके साथ उच्च पेजरैंक वाले अनेक पृष्ठों ने लिंक बनाए हों।,1,"[{'subject': {'upos': 'NOUN', 'text': 'पृष्ठों', 'id': 15, 'deprel': 'nsubj', 'head': 18}, 'object': {'upos': 'NOUN', 'text': 'लिंक', 'id': 17, 'deprel': 'obj', 'head': 18}, 'verb': {'upos': 'VERB', 'text': 'बनाए', 'id': 18, 'deprel': 'advcl', 'head': 5}}]",['SOV']
1781,"गैस्ट्रोसिस का कारण ज्ञात नहीं है, लेकिन कुछ मामलों में अनुवांशिक कारण हो सकते हैं, और गर्भावस्था के दौरान मां को उजागर करने के लिए पर्यावरणीय कारक भी हो सकते हैं। अतिरिक्त कारण यह है कि छोटी उम्र में मां बनना और माँ बनने वाली महिलाओं का शराब या तंबाकू का सेवन करना भी शामिल है।",1,"[{'subject': {'upos': 'VERB', 'text': 'करना', 'id': 22, 'deprel': 'nsubj', 'head': 25}, 'object': {'upos': 'ADJ', 'text': 'शामिल', 'id': 24, 'deprel': 'obj', 'head': 25}, 'verb': {'upos': 'VERB', 'text': 'है', 'id': 25, 'deprel': 'acl', 'head': 3}}]",['SOV']
1782,बुच क्या पैक करना भूल गई थी?,1,"[{'subject': {'upos': 'PROPN', 'text': 'बुच', 'id': 1, 'deprel': 'nsubj', 'head': 5}, 'object': {'upos': 'VERB', 'text': 'करना', 'id': 4, 'deprel': 'obj', 'head': 5}, 'verb': {'upos': 'VERB', 'text': 'भूल', 'id': 5, 'deprel': 'root', 'head': 0}}]",['SOV']
1783,भारत में मुस्लिमों ने आर्थिक उदय और सांस्कृतिक प्रभुत्व में महत्त्वपूर्ण भूमिका निभाई है।,1,"[{'subject': {'upos': 'NOUN', 'text': 'मुस्लिमों', 'id': 3, 'deprel': 'nsubj', 'head': 13}, 'object': {'upos': 'NOUN', 'text': 'भूमिका', 'id': 12, 'deprel': 'obj', 'head': 13}, 'verb': {'upos': 'VERB', 'text': 'निभाई', 'id': 13, 'deprel': 'root', 'head': 0}}]",['SOV']
1787,"नेटफ्लिक्स की शुरुआत 1997 के बाद हुई। विशेष रूप से, नेटफ्लिक्स ने अपने जालस्थल को 29 अगस्त 1997 में खोला।",1,"[{'subject': {'upos': 'PROPN', 'text': 'नेटफ्लिक्स', 'id': 5, 'deprel': 'nsubj', 'head': 14}, 'object': {'upos': 'NOUN', 'text': 'जालस्थल', 'id': 8, 'deprel': 'obj', 'head': 14}, 'verb': {'upos': 'VERB', 'text': 'खोला', 'id': 14, 'deprel': 'root', 'head': 0}}]",['SOV']
1791,"करीना की अभिनय प्रतिभा का वर्णन ""बहुत बढ़िया (Fantabulous)"" के शब्दों से किया गया है। यह शब्द उनकी विषम भूमिकाओं को हेंडल करने वाले अद्वितीय विश्वास को व्यक्त करता है।",1,"[{'subject': {'upos': 'NOUN', 'text': 'शब्द', 'id': 2, 'deprel': 'nsubj', 'head': 14}, 'object': {'upos': 'NOUN', 'text': 'विश्वास', 'id': 11, 'deprel': 'obj', 'head': 14}, 'verb': {'upos': 'VERB', 'text': 'करता', 'id': 14, 'deprel': 'root', 'head': 0}}]",['SOV']
1802,"उन लोगों के लिए जो अधिक गंभीर लक्षण प्रदर्शित करते हैं, उन्हें अस्पताल में भर्ती किया जा सकता है।",1,"[{'subject': {'upos': 'PRON', 'text': 'जो', 'id': 5, 'deprel': 'nsubj', 'head': 10}, 'object': {'upos': 'NOUN', 'text': 'लक्षण', 'id': 8, 'deprel': 'obj', 'head': 10}, 'verb': {'upos': 'VERB', 'text': 'करते', 'id': 10, 'deprel': 'acl:relcl', 'head': 13}}]",['SOV']
1820,"मैच दोनों टीमें एक बराबर संख्या में रन बनाती हैं जब तक सभी पारियां पूरी नहीं हो जातीं, या मैच समय सीमा के बाहर जाता है।",1,"[{'subject': {'upos': 'NOUN', 'text': 'मैच', 'id': 1, 'deprel': 'nsubj', 'head': 9}, 'object': {'upos': 'NOUN', 'text': 'रन', 'id': 8, 'deprel': 'obj', 'head': 9}, 'verb': {'upos': 'VERB', 'text': 'बनाती', 'id': 9, 'deprel': 'root', 'head': 0}}]",['SOV']
1827,"9 अगस्त 1995 को निस्सिन फूड्स के संगीतकारों की लंबी लाइन में शामिल होकर श्वार्ज़नेगर ने ""अनप्लग्ड"" में काम किया।",1,"[{'subject': {'upos': 'PROPN', 'text': 'श्वार्ज़नेगर', 'id': 15, 'deprel': 'nsubj', 'head': 22}, 'object': {'upos': 'NOUN', 'text': 'काम', 'id': 21, 'deprel': 'obj', 'head': 22}, 'verb': {'upos': 'VERB', 'text': 'किया', 'id': 22, 'deprel': 'root', 'head': 0}}]",['SOV']
1828,बैंड ने क्रिस और फ्रेहले को संपर्क किया।,1,"[{'subject': {'upos': 'NOUN', 'text': 'बैंड', 'id': 1, 'deprel': 'nsubj', 'head': 8}, 'object': {'upos': 'PROPN', 'text': 'क्रिस', 'id': 3, 'deprel': 'obj', 'head': 8}, 'verb': {'upos': 'VERB', 'text': 'किया', 'id': 8, 'deprel': 'root', 'head': 0}}]",['SOV']
1837,"चिकित्सक बनने से पहले, केट का पेशा पशुचिकित्सक था।",1,"[{'subject': {'upos': 'NOUN', 'text': 'पेशा', 'id': 8, 'deprel': 'nsubj', 'head': 10}, 'object': {'upos': 'NOUN', 'text': 'पशुचिकित्सक', 'id': 9, 'deprel': 'obj', 'head': 10}, 'verb': {'upos': 'VERB', 'text': 'था', 'id': 10, 'deprel': 'root', 'head': 0}}]",['SOV']
1851,"50 के दशक के मध्य में मैथेसन ने ""स्टील"" लिखा था।",1,"[{'subject': {'upos': 'PROPN', 'text': 'मैथेसन', 'id': 7, 'deprel': 'nsubj', 'head': 12}, 'object': {'upos': 'PROPN', 'text': 'स्टील', 'id': 10, 'deprel': 'obj', 'head': 12}, 'verb': {'upos': 'VERB', 'text': 'लिखा', 'id': 12, 'deprel': 'root', 'head': 0}}]",['SOV']
1852,"हारने पर, बॉक्सर को रिकी को $20,000 देना होता है।",1,"[{'subject': {'upos': 'NOUN', 'text': 'बॉक्सर', 'id': 4, 'deprel': 'nsubj', 'head': 9}, 'object': {'upos': 'NUM', 'text': '$20,000', 'id': 8, 'deprel': 'obj', 'head': 9}, 'verb': {'upos': 'VERB', 'text': 'देना', 'id': 9, 'deprel': 'root', 'head': 0}}]",['SOV']
1858,1 फ़रवरी 2004 को इंटेल ने कोर कोडनाम 'प्रेस्कॉट' को पेश किया।,1,"[{'subject': {'upos': 'PROPN', 'text': 'इंटेल', 'id': 5, 'deprel': 'nsubj', 'head': 14}, 'object': {'upos': 'PROPN', 'text': 'प्रेस्कॉट', 'id': 10, 'deprel': 'obj', 'head': 14}, 'verb': {'upos': 'VERB', 'text': 'किया', 'id': 14, 'deprel': 'root', 'head': 0}}]",['SOV']
1860,"स्नातक स्तर की पढ़ाई के बाद इब्नेर ने एक अनुवादक, विदेशी भाषाओं के अध्यापक तथा एक सूचना प्रौद्योगिकी परियोजना विषयों पर कार्य किया।",1,"[{'subject': {'upos': 'PROPN', 'text': 'इब्नेर', 'id': 7, 'deprel': 'nsubj', 'head': 24}, 'object': {'upos': 'NOUN', 'text': 'कार्य', 'id': 23, 'deprel': 'obj', 'head': 24}, 'verb': {'upos': 'VERB', 'text': 'किया', 'id': 24, 'deprel': 'root', 'head': 0}}]",['SOV']
1874,कुआमिनटांग चीन को रजत मानक पर लौटा 1949 में।,1,"[{'subject': {'upos': 'PROPN', 'text': 'कुआमिनटांग', 'id': 1, 'deprel': 'nsubj', 'head': 7}, 'object': {'upos': 'PROPN', 'text': 'चीन', 'id': 2, 'deprel': 'obj', 'head': 7}, 'verb': {'upos': 'VERB', 'text': 'लौटा', 'id': 7, 'deprel': 'root', 'head': 0}}]",['SOV']
1881,सिया ने क्रिस्प बैंड को शुरू किया।,1,"[{'subject': {'upos': 'PROPN', 'text': 'सिया', 'id': 1, 'deprel': 'nsubj', 'head': 7}, 'object': {'upos': 'NOUN', 'text': 'बैंड', 'id': 4, 'deprel': 'obj', 'head': 7}, 'verb': {'upos': 'VERB', 'text': 'किया', 'id': 7, 'deprel': 'root', 'head': 0}}]",['SOV']
1886,सिया ने 2010 के एआरआईए संगीत पुरस्कारों में दो पुरस्कार जीते।,1,"[{'subject': {'upos': 'PROPN', 'text': 'सिया', 'id': 1, 'deprel': 'nsubj', 'head': 11}, 'object': {'upos': 'NOUN', 'text': 'पुरस्कार', 'id': 10, 'deprel': 'obj', 'head': 11}, 'verb': {'upos': 'VERB', 'text': 'जीते', 'id': 11, 'deprel': 'root', 'head': 0}}]",['SOV']
1888,"2011 में, साईं ने जेडी सैमसन के साथ रिश्ते टूट दिया।",1,"[{'subject': {'upos': 'PROPN', 'text': 'साईं', 'id': 4, 'deprel': 'nsubj', 'head': 11}, 'object': {'upos': 'NOUN', 'text': 'रिश्ते', 'id': 10, 'deprel': 'obj', 'head': 11}, 'verb': {'upos': 'VERB', 'text': 'टूट', 'id': 11, 'deprel': 'root', 'head': 0}}]",['SOV']
1894,"फ़ीडबर्नर ब्लॉगर्स, पोडकास्ट और अन्य वेब-आधारित सामग्री प्रकाशकों को प्रबंधन उपकरण प्रदान करता है।",1,"[{'subject': {'upos': 'PROPN', 'text': 'फ़ीडबर्नर', 'id': 1, 'deprel': 'nsubj', 'head': 14}, 'object': {'upos': 'NOUN', 'text': 'ब्लॉगर्स', 'id': 2, 'deprel': 'obj', 'head': 14}, 'verb': {'upos': 'VERB', 'text': 'करता', 'id': 14, 'deprel': 'root', 'head': 0}}]",['SOV']
1896,डिग्ग और del.icio.us ने स्वतः लिंक प्रदान किए हैं।,1,"[{'subject': {'upos': 'PROPN', 'text': 'डिग्ग', 'id': 1, 'deprel': 'nsubj', 'head': 9}, 'object': {'upos': 'NOUN', 'text': 'लिंक', 'id': 7, 'deprel': 'obj', 'head': 9}, 'verb': {'upos': 'VERB', 'text': 'किए', 'id': 9, 'deprel': 'root', 'head': 0}}]",['SOV']
1897,"मूक संकेत में ब्लैक पॉवर सैल्यूट में कोई गलत समझाव नहीं दिया गया था। यह दो अश्वेत एथलीट टॉमी स्मिथ और जॉन कार्लोस ने अमेरिकी राष्ट्र गान के दौरान काले दस्ताने पहने हुए मुट्ठी उठाकर उड़ाने वाला संकेत था, जिसे दोनों ने ""मानव अधिकार सलामी"" के रूप में व्याख्या की थी।",1,"[{'object': {'upos': 'PRON', 'text': 'जिसे', 'id': 27, 'deprel': 'obj', 'head': 39}, 'subject': {'upos': 'NOUN', 'text': 'दोनों', 'id': 28, 'deprel': 'nsubj', 'head': 39}, 'verb': {'upos': 'VERB', 'text': 'की', 'id': 39, 'deprel': 'acl:relcl', 'head': 24}}]",['OSV']
1903,यह उपयोगकर्ता को याद रखने के लिए उपयोगी है।,1,"[{'subject': {'upos': 'PRON', 'text': 'यह', 'id': 1, 'deprel': 'nsubj', 'head': 9}, 'object': {'upos': 'ADJ', 'text': 'उपयोगी', 'id': 8, 'deprel': 'obj', 'head': 9}, 'verb': {'upos': 'VERB', 'text': 'है', 'id': 9, 'deprel': 'root', 'head': 0}}]",['SOV']
1906,स्थानीय समितियाँ सीईएमएस पूर्व छात्रों के साथ संपर्क रखने और व्यव्यसायिक और सामाजिक गतिविधियों का आयोजन करने के लिए उत्तरदायी हैं।,1,"[{'subject': {'upos': 'NOUN', 'text': 'समितियाँ', 'id': 2, 'deprel': 'nsubj', 'head': 21}, 'object': {'upos': 'ADJ', 'text': 'उत्तरदायी', 'id': 20, 'deprel': 'obj', 'head': 21}, 'verb': {'upos': 'VERB', 'text': 'हैं', 'id': 21, 'deprel': 'root', 'head': 0}}]",['SOV']
1907,सीईएमएस स्नातकों द्वारा १९९३ में स्थापित की गई थी।,1,"[{'object': {'upos': 'PROPN', 'text': 'सीईएमएस', 'id': 1, 'deprel': 'obj', 'head': 7}, 'subject': {'upos': 'NOUN', 'text': 'स्नातकों', 'id': 2, 'deprel': 'nsubj:pass', 'head': 7}, 'verb': {'upos': 'VERB', 'text': 'की', 'id': 7, 'deprel': 'root', 'head': 0}}]",['OSV']
1912,भारत भर में कई सार्वजनिक सभाओं पर आम्बेडकर ने अपने धर्म-परिवर्तन का संदेश पुन:पुन: प्रस्तुत किया।,1,"[{'subject': {'upos': 'PROPN', 'text': 'आम्बेडकर', 'id': 8, 'deprel': 'nsubj', 'head': 17}, 'object': {'upos': 'NOUN', 'text': 'संदेश', 'id': 13, 'deprel': 'obj', 'head': 17}, 'verb': {'upos': 'VERB', 'text': 'किया', 'id': 17, 'deprel': 'root', 'head': 0}}]",['SOV']
1913,"26 नवंबर 1949 को, संविधान सभा द्वारा भारतीय संविधान अपनाया गया था।",1,"[{'subject': {'upos': 'PROPN', 'text': 'सभा', 'id': 7, 'deprel': 'nsubj:pass', 'head': 11}, 'object': {'upos': 'NOUN', 'text': 'संविधान', 'id': 10, 'deprel': 'obj', 'head': 11}, 'verb': {'upos': 'VERB', 'text': 'अपनाया', 'id': 11, 'deprel': 'root', 'head': 0}}]",['SOV']
1917,सूरीनाम ने नीदरलैंड से स्वतंत्रता प्राप्त की।,1,"[{'subject': {'upos': 'PROPN', 'text': 'सूरीनाम', 'id': 1, 'deprel': 'nsubj', 'head': 7}, 'object': {'upos': 'NOUN', 'text': 'स्वतंत्रता', 'id': 5, 'deprel': 'obj', 'head': 7}, 'verb': {'upos': 'VERB', 'text': 'की', 'id': 7, 'deprel': 'root', 'head': 0}}]",['SOV']
1920,सुपरमार्केट ग्राहकों की खरीददारी की आदतों पर डाटा इकट्ठा करता है।,1,"[{'subject': {'upos': 'NOUN', 'text': 'सुपरमार्केट', 'id': 1, 'deprel': 'nsubj', 'head': 10}, 'object': {'upos': 'NOUN', 'text': 'डाटा', 'id': 8, 'deprel': 'obj', 'head': 10}, 'verb': {'upos': 'VERB', 'text': 'करता', 'id': 10, 'deprel': 'root', 'head': 0}}]",['SOV']
1931,स्टॉलमैन ने 1967 से 1969 के बीच कोलंबिया यूनिवर्सिटी के हाई स्कूल स्टूडेंट्स के लिए चलाये जाने वाले शनिवार के प्रोग्राम में और रॉकफेलर विश्वविद्यालय के जीवविज्ञान डिपार्टमेंट में वॉलन्टरी लेबोरेटरी असिस्टेंट के रूप में स्वैच्छिक रूप से अपना समय बिताया।,1,"[{'subject': {'upos': 'PROPN', 'text': 'स्टॉलमैन', 'id': 1, 'deprel': 'nsubj', 'head': 41}, 'object': {'upos': 'NOUN', 'text': 'समय', 'id': 40, 'deprel': 'obj', 'head': 41}, 'verb': {'upos': 'VERB', 'text': 'बिताया', 'id': 41, 'deprel': 'root', 'head': 0}}]",['SOV']
1939,राजा ने अपना शासन 1845 में शुरू किया।,1,"[{'subject': {'upos': 'PROPN', 'text': 'राजा', 'id': 1, 'deprel': 'nsubj', 'head': 8}, 'object': {'upos': 'NOUN', 'text': 'शासन', 'id': 4, 'deprel': 'obj', 'head': 8}, 'verb': {'upos': 'VERB', 'text': 'किया', 'id': 8, 'deprel': 'root', 'head': 0}}]",['SOV']
1941,ध्वज पूर्व स्वरूप में सफेद रंग की पृष्ठभूमि वाला लाल रंग के द्विशायिका क्रॉस से भरा हुआ था।,1,"[{'subject': {'upos': 'NOUN', 'text': 'ध्वज', 'id': 1, 'deprel': 'nsubj', 'head': 16}, 'object': {'upos': 'NOUN', 'text': 'क्रॉस', 'id': 14, 'deprel': 'obj', 'head': 16}, 'verb': {'upos': 'VERB', 'text': 'भरा', 'id': 16, 'deprel': 'root', 'head': 0}}]",['SOV']
1956,31 दिसंबर 2002 के बाद पुर्तगाली एस्कुडो ने मौद्रिक मूल्य को खो दिया।,1,"[{'subject': {'upos': 'PROPN', 'text': 'एस्कुडो', 'id': 7, 'deprel': 'nsubj', 'head': 12}, 'object': {'upos': 'NOUN', 'text': 'मूल्य', 'id': 10, 'deprel': 'obj', 'head': 12}, 'verb': {'upos': 'VERB', 'text': 'खो', 'id': 12, 'deprel': 'root', 'head': 0}}]",['SOV']
1975,विश्वविद्यालय में स्मिथ ने एक जाज गायक के रूप में पैसा कमाया।,1,"[{'subject': {'upos': 'PROPN', 'text': 'स्मिथ', 'id': 3, 'deprel': 'nsubj', 'head': 12}, 'object': {'upos': 'NOUN', 'text': 'पैसा', 'id': 11, 'deprel': 'obj', 'head': 12}, 'verb': {'upos': 'VERB', 'text': 'कमाया', 'id': 12, 'deprel': 'root', 'head': 0}}]",['SOV']
1977,"1995 में उन्होंने फिल्म ""बिली मैडिसन"" में प्रधान भूमिका निभाई।",1,"[{'subject': {'upos': 'PRON', 'text': 'उन्होंने', 'id': 3, 'deprel': 'nsubj', 'head': 12}, 'object': {'upos': 'NOUN', 'text': 'भूमिका', 'id': 11, 'deprel': 'obj', 'head': 12}, 'verb': {'upos': 'VERB', 'text': 'निभाई', 'id': 12, 'deprel': 'root', 'head': 0}}]",['SOV']
1983,इब्न अल-हेथम को असवान में एक हाइड्रोलिक परियोजना का एहसास करने के लिए फातिमिद खलीफ अल-हाकिम द्वारा आमंत्रित किया गया था।,1,"[{'object': {'upos': 'PROPN', 'text': 'अल-हेथम', 'id': 2, 'deprel': 'obj', 'head': 19}, 'subject': {'upos': 'PROPN', 'text': 'अल-हाकिम', 'id': 16, 'deprel': 'nsubj:pass', 'head': 19}, 'verb': {'upos': 'VERB', 'text': 'किया', 'id': 19, 'deprel': 'root', 'head': 0}}]",['OSV']
1990,फिल्म में मुख्य किरदार मैट डैमन ने निभाई थी।,1,"[{'object': {'upos': 'NOUN', 'text': 'किरदार', 'id': 4, 'deprel': 'obj', 'head': 8}, 'subject': {'upos': 'PROPN', 'text': 'डैमन', 'id': 6, 'deprel': 'nsubj', 'head': 8}, 'verb': {'upos': 'VERB', 'text': 'निभाई', 'id': 8, 'deprel': 'root', 'head': 0}}]",['OSV']
0,झील से उत्तर पूर्व की ओर बढ़ते हुए व्यापक और सुव्यवस्थित ग्रूम झील की सड़कें ग्रूम लेक रोड की ओर जाती थीं।,0,[],[]
1,"सक्रिय एयरलाइन उपयोग के अलावा, छोटी रनवे वाली बड़ी हवाई अड्डों को सेवा देने वाली सड़कें बड़े खेतों और पशु-फार्मों तक जाती हैं।",0,[],[]
2,ग्रूम झील का प्रयोग विमान परीक्षण के लिए पट्टी बनाई गई थी।,0,[],[]
3,प्रारंभिक U-2 वितरण के साथ लॉकहीड था।,0,[],[]
4,परस्पर विरोधी व्यक्तियों को तुरंत निष्कासित करने का जोखिम।,0,[],[]
5,नेलिस का एक प्रतिबंधित हवाई क्षेत्र है।,0,[],[]
6,रुटगर्स विश्वविद्यालय के जीव रसायन विज्ञानियों ने शिकायतकर्ताओं से ली गयी बायोप्सी का विश्लेषण किया।,0,[],[]
7,जोनाथन टर्ली ने रॉबर्ट फ्रॉस्ट और वाल्टर कास्ज़ा के मुकदमे में उनका प्रतिनिधित्व किया था।,0,[],[]
8,"ग्रूम के खुले गड्ढों और खाइयों में विशाल मात्रा में अज्ञात रसायनों को जलाया गया था। इसके कारण शिकायतकर्ताओं को लगातार त्वचा, कलेजे और श्वसन सम्बन्धी परेशानियाँ हुईं और फ्रोस्ट और कास्ज़ा की मौत का भी कारण यही था।",0,[],[]
10,"द स्पेस रिव्यू नामक एयरोस्पेस पत्रिका में ""एस्ट्रौनॉट्स एंड एरिया 51: द स्काईलैब इन्सीडेंट"" नामक लेख 2006 जनवरी में प्रकाशित हुआ था।",0,[],[]
11,"एरिया 51, आधुनिक UFO और षड्यंत्र सिद्धांतों के लिए एक रुचिकर स्थान बन गया है।",0,[],[]
12,सेवा की गुणवत्ता (Service Quality) की गारंटी है।,0,[],[]
14,रूटर्स और स्विच निष्पादन को अपेक्षित सेवाओं के अनुरूप बनाने के लिए विभिन्न कतार रणनीतियों का उपयोग करते हैं।,0,[],[]
15,मेरे पास आपके प्रश्न का उत्तर नहीं है।,0,[],[]
16,"पैकेट को वरीयता दी जाती है जब कतार के साथ इंटरफेस से एक पैकेट को अग्रेषित किया जाना हो। यह तरीके से जितना जिटल कम होता है, उतना अग्रेषित होता है।",0,[],[]
19,मेरे पास आपके प्रश्न का उत्तर नहीं है।,0,[],[]
20,QoS के लिए एनक्रिप्टेड ट्रैफिक को निरीक्षण करने के लिए इंटरनेट पर एनक्रिप्टेड ट्रैफिक के प्रदर्शन को डाउनग्रेड करना चाहिए।,0,[],[]
21,प्राइमेट में संवेदनशील क्षेत्र अग्रभाग और हाथ पैरों पर पाए जाते हैं।,0,[],[]
22,कोशिका संवर्धन तकनीकें 1940 और 1950 के दशक में अत्यंत उन्नत थीं।,0,[],[]
24,प्राथमिक कोशिकाएं,0,[],[]
25,मुगल वंश 1526 में स्थापित किया गया था।,0,[],[]
26,"इस समय लेवेस्क ने अपने अंतिम दांव-पेंच, पेडिग्री का उपयोग करके मैच समाप्त करने का प्रयास किया था।",0,[],[]
28,मेरे पास आपके प्रश्न का उत्तर नहीं है।,0,[],[]
29,हेम्सले को मैनकाइंड से हारना पड़ा।,0,[],[]
30,हेनरी अष्टम का नाम था।,0,[],[]
32,यूरोप में थॉमस बोलिन के आकर्षण से मैक्समिलन प्रथम और पवित्र रोमन सम्राट की बेटी आर्कडचेज़ मार्गरेट ऑफ़ ऑस्ट्रिया सहित कई प्रशंसकों को आकर्षित हुआ।,0,[],[]
33,फ़्रांस के फ़्रांसिस प्रथम के समर्थन की आवश्यकता थी।,0,[],[]
35,ऐनी को 17 मई 1536 को मार डाला गया था।,0,[],[]
37,300,0,[],[]
38,गाथा में ३०० लोग शामिल किए गए हैं।,0,[],[]
39,"गोर्गो थी, राजा लियोनिडैस की पत्नी।",0,[],[]
40,पश्चिम में पर्वतीय प्रायद्वीप का उल्लेख इस सूची में नहीं मिला है। मेरे पास आपके प्रश्न का उत्तर नहीं है।,0,[],[]
41,मेरे पास आपके प्रश्न का उत्तर नहीं है।,0,[],[]
42,मेरे पास आपके प्रश्न का उत्तर नहीं है।,0,[],[]
43,प्रश्न का उत्तर सूची में दिए गए पाठ से प्राप्त नहीं किया जा सकता है। मेरे पास आपके प्रश्न का उत्तर नहीं है।,0,[],[]
44,मेरे पास आपके प्रश्न का उत्तर नहीं है।,0,[],[]
45,"किम्ची एक किण्वित और बहुधा मसालेदार सब्ज़ी वाला भिजन है, जो प्रत्येक भोजन के दौरान परोसा जाता है और विख्यात कोरियाई व्यंजनों में से एक है।",0,[],[]
46,ताइक्वांडो कोरिया में मुख्य रूप से उत्पन्न हुआ था।,0,[],[]
47,1988,0,[],[]
48,मेरे पास आपके प्रश्न का उत्तर नहीं है।,0,[],[]
49,सीओपीडी की लक्षण अस्पष्ट हैं और कई पुनरावृत्तियाँ मौजूद होती हैं।,0,[],[]
50,"क्रोनिक ब्रोंकाइटिस के कुछ मामलों में, खांसी नहीं भी हो सकती है या केवल कभी-कभी होती है या उत्पादक नहीं भी हो सकती है।",0,[],[]
51,सीओपीडी से पीड़ित लोगों में कफ को निगला या थूकना होने के कारण गंभीर खांसी के चलते पसली में फ्रैक्चर या हल्की सी बेहोशी हो सकती है।,0,[],[]
52,80-95%,0,[],[]
53,संयुक्त राज्य अमरीका के कार्यस्थलों से आते हैं।,0,[],[]
54,कुछ देशों में पुरुषों में मृत्यु-दर घट गई है लेकिन महिलाओं में बढ़ गई है।,0,[],[]
55,संयुक्त राज्य अमरीका में वयस्क जनसंख्या का लगभग 6.3% अर्थात कुल 15 मिलियन लोगों में सीओपीडी का निदान हुआ है।,0,[],[]
56,मेरे पास आपके प्रश्न का उत्तर नहीं है।,0,[],[]
57,वृद्धि हार्मोन-मुक्तिकारक हार्मोन या सोमेटोक्रिनिन.,0,[],[]
58,बचपन में ग्रोथ हॉर्मोन के कारण ऊंचाई में वृद्धि होती है।,0,[],[]
59,कैल्शियम के धारण में वृद्धि हुई है।,0,[],[]
60,"निहित जानकारी के आधार पर, तंत्रिका पर दबाव की स्थिति का उदाहरण कार्पल टनेल रोगसमूह है।",0,[],[]
61,"हां, उपचार गंभीर दुष्प्रभाव पैदा कर सकता है। बाल्यकाल में शुरू हुई या वयस्कावस्था में शुरू हुई जीएच (GH) की कमी से ग्रस्त वयस्कों में उपचार के दौरान भी दुष्प्रभाव हो सकते हैं, जिनमें चर्बी में कमी, दुबलेपन में वृद्धि, हड्डी के घनत्व में वृद्धि, बेहतर रक्तवसा स्तर, हृदय-नलिका जोखम कारकों में कमी और स्वस्थ होने की बेहतर मानसिक-सामाजिक अनुभूति शामिल हैं। लेकिन, यहाँ दिए गए पाठ से स्पष्ट नहीं होता कि ये दुष्प्रभाव गंभीर हैं या नहीं।",0,[],[]
63,जेनेन्टेक ने पहले एफडीए अनुमोदित rHGH का उत्पादन किया।,0,[],[]
64,अनुबंधित वस्तुओं के विज्ञापन में यह दावा करने के लिए आवश्यक होता है कि स्वास्थ्य विषयक दावे एफडीए द्वारा अनुमोदित नहीं हैं।,0,[],[]
65,1981 से 2001 के बीच जॉन वेल्च जूनियर जनरल इलेक्ट्रिक के अध्यक्ष और सीईओ रहे।,0,[],[]
66,"व्लादीमीर पुतिन पैदा हुए थे लेनिनग्राद शहर में, जो वर्तमान में सेंट पीटर्बर्ग के नाम से जाना जाता है।",0,[],[]
67,सांस्कृतिक अभिव्यक्ति के विषयों में से एक विषय लोकप्रिय और स्थानीय शैली और विषय है।,0,[],[]
68,राज्य है कोरिया में साहित्य और कला के उत्पादन का प्रभारी।,0,[],[]
69,साहित्य को देश की विचारधारा का एक हिस्सा माना जाता है।,0,[],[]
70,ग्रीक ऑर्थोडक्स पादरियों को उनके स्थान से हटा दिया गया था और लैटिन पादरियों की नियुक्ति की गई।,0,[],[]
74,शहर में 8 भाग हैं।,0,[],[]
75,बेथलहम को भूमध्यसागरीय जलवायु वाला माना जाता है।,0,[],[]
76,16वीं शताब्दी के अंत में ऑटोमन साम्राज्य में करदाता वयस्क पुरुषों की संख्या 287 थी।,0,[],[]
77,मेरे पास आपके प्रश्न का उत्तर नहीं है।,0,[],[]
78,थिएटर की प्रदर्शनी 31 त्रि-आयामी (3D) मॉडल पर्यटकों को ईसा के जीवन के महत्वपूर्ण चरणों को चित्रित करती है। इसमें एक बीस मिनट का एनीमेटेड शो प्रस्तुत किया जाता है।,0,[],[]
80,मेरे पास आपके प्रश्न का उत्तर नहीं है।,0,[],[]
81,हेरोडिया में टैक्सी स्टेशन कोई नहीं है।,0,[],[]
82,इसराइली परमिट के बिना बेथलहम से पवित्र स्थलों तक जाने की क्षमता पर परिवर्तन कर देती है।,0,[],[]
83,इसराइली सुरक्षा निर्देशों के अधीन हैं।,0,[],[]
84,हैम्बर्ग (जर्मनी),0,[],[]
85,A340 में चार इंजन हैं।,0,[],[]
86,एयरबस ने A300 का निर्माण किया था।,0,[],[]
87,4-5%,0,[],[]
88,एयरबस ए३२० की फाइनल असेंबली हैम्बर्ग में करने का प्रस्ताव देता है।,0,[],[]
89,"नाटो से मिलकर बने देशों की सूची नहीं मिली है। लेकिन एयरबस A400M परियोजना के तहत संयुक्त राज्य अमेरिका, बेल्जियम, फ्रांस, जर्मनी, लक्ज़ेम्बर्ग, स्पेन, तुर्की और यूक्रेन ने शामिल होने की कोशिश की है।",0,[],[]
90,प्रारंभिक सहायता कहलाती है।,0,[],[]
91,"एयरबस ने अमरीकी और यूरोपीय सरकारों द्वारा प्रतिपूर्ति प्रारंभ निवेश (RLI) के रूप में ""प्रारंभिक सहायता"" के रूप में लागत का 33% तक का पौराणिक निवेश प्राप्त किया है। यह निवेश ब्याज और अनिश्चितकालीन रॉयल्टी के साथ लौटाया जाता है, लेकिन केवल तभी जब वायुयान वाणिज्यिक रूप से सफल हो जाता है। यह प्रणाली 1992 के समझौते और WTO नियमों का पालन करती है।",0,[],[]
93,बड़े ए 380 के बाद बोर्डोक्स से ट्युलाउज़ असेम्बली संयंत्र तक लाए जाते हैं।,0,[],[]
94,मेरे पास आपके प्रश्न का उत्तर नहीं है।,0,[],[]
95,एयरबस के A380 के पास बड़ा वर्क शेयर मूल्य है।,0,[],[]
96,"सवाल के उत्तर के लिए दिए गए पाठ से जोड़कर निम्नलिखित उत्तर दिया जा सकता है: साथ ही कार्बन के उत्सर्जन में कमी नहीं की, लेकिन वैकल्पिक ईंधन का उपयोग करने से सल्फ़र के उत्सर्जन से मुक्ति मिली है।",0,[],[]
97,हेनरी अलेक्जैंडर मरे का जन्म 13 मई 1893 ई० में हुआ था।,0,[],[]
98,संस्मरण काबुलीवालार बंगाली बौ उपलब्ध पाठ से एक कृति का नाम है जो 1997 में रिलीज़ हुई है।,0,[],[]
99,मेरे पास आपके प्रश्न का उत्तर नहीं है।,0,[],[]
100,फीफा के चार प्रतिनिधि बोर्ड में शामिल हैं।,0,[],[]
101,इंग्लैंड के पहले फुटबॉल लीग में 12 क्लब थे।,0,[],[]
102,IFAB का तात्पर्य अंतरराष्ट्रीय फुटबॉल एसोसिएशन बोर्ड का है।,0,[],[]
103,"अधिकतम ग्यारह खिलाड़ी एक टीम बनाते हैं, लेकिन गोलकीपर के अलावा एकमात्र खिलाड़ी गेंद को हाथ या बाँह से पकड़ सकता है और वह गोल के सामने क्षेत्र तक जा सकता है। अतिरिक्त खिलाड़ी (substitute) को भी शामिल किया जा सकता है। आमतौर पर सात खिलाड़ियों की आवश्यकता होती है।",0,[],[]
104,"फुटबॉल के खेल के दौरान, दो सहायक रेफरी लीड रेफरी की मदद करते हैं। इसके अलावा, उच्च स्तरीय खेलों में एक चौथा अधिकारी भी होता है।",0,[],[]
105,गहने या घड़ी।,0,[],[]
106,"यदि कोई खिलाड़ी किसी अन्य खिलाड़ी द्वारा खेल में प्रतिस्थापित किया जाता है, तो उस खिलाड़ी को खेल के दौरान थकान, तकनीकी या असमंजस के कारण चोट या थकान से प्रतिस्थापित करने का कारण माना जाता है। उस खिलाड़ी को खेल के बाद बदला जा सकता है।",0,[],[]
107,1998 और 2002 के विश्व कप तक।,0,[],[]
108,"जब एक खिलाड़ी को लाल कार्ड मिलता है, तो उसे मैदान से बाहर भेज दिया जाता है और उसके बाद उसी खेल में दूसरा खिलाड़ी नहीं आ सकता है।",0,[],[]
109,अपेर्तुरा और क्लौसुरा,0,[],[]
110,मेरे पास आपके प्रश्न का उत्तर नहीं है।,0,[],[]
111,मेरे पास आपके प्रश्न का उत्तर नहीं है।,0,[],[]
112,प्रश्न का उत्तर उपलब्ध जानकारी से नहीं तय किया जा सकता।,0,[],[]
114,"मीथेन के आवधिक निसरण का दूसरा नाम ""मिट्टी का ज्वालामुखी"" है।",0,[],[]
116,"फ्लाइट सेन जूआन, पुएर्टो रीको से आ रही थी।",0,[],[]
118,"ISO का मतलब अन्तराष्ट्रीय मानकीकरण संगठन है, जो विभिन्न राष्ट्रों के मानक संगठनों के प्रतिनिधियों से गठित है और विश्वव्यापी औद्योगिक एवं वाणिज्यिक मानकों को घोषित करने की कार्यक्षमता रखता है।",0,[],[]
119,"ISO कभी-कभी तकनीकी/पारिभाषिक शुद्धिपत्र (Technical Corrigendum) जारी करता है। ये वर्तमान मानकों के संशोधन होते हैं, जो कि क्षुद्र तकनीकी/पारिभाषिक त्रुटियों, प्रयोगनीयता सुधार या सीमित तरीके से प्रयोज्यता बढाने हेतु किए जाते हैं।",0,[],[]
120,लालसा के साथ भोजन के प्रति जुनूनी प्रत्याशा तथा सुस्वाद व्यंजनों तथा महंगे भोजनों को पाने और खाने की लगातार ललक बनाए रखने के व्यवहार जुड़े थे।,0,[],[]
121,डांटे के शुद्धिकरण में ईर्ष्या के लिए सजा आंखों की तार से बंद कर दी जाने का दण्ड है।,0,[],[]
122,58.44 ग्राम,0,[],[]
123,"स्क्रीनिंग का प्रमुख भाग दाता के चिकित्सा इतिहास का परीक्षण, उनकी शारीरिक जांच और जांच में एचआईवी और वायरल हैपेटाइटिस जैसी बीमारियों के परीक्षण शामिल होता है।",0,[],[]
124,दान को प्रभावित करने वाले कारक इस प्रकार हैं: 1.,0,[],[]
124,दाता की आयु और स्वास्थ्य शिकारी रक्त-आधान के जरिये बीमारियों के रूप में रोगों का उपयोग न करने के लिए दाता की जांच की जाती है। 2.,0,[],[]
124,दाता के चिकित्सा इतिहास के बारे में पूछा जाता है। 3.,0,[],[]
124,दाता की एक संक्षिप्त शारीरिक जांच की जाती है। 4.,0,[],[]
124,दाता ने दान किया हुआ खून के बीच निर्धारित अवधि का इंतजार करना पड़ता है। 5.,0,[],[]
125,होमोलॉगस,0,[],[]
126,"एक रक्तदान सत्र लोग इसका आयोजन शौपिंग सेंटर, कार्यस्थल, विद्यालय या पूजा स्थल जैसे सामुदायिक स्थानों में कर सकते हैं।",0,[],[]
127,"कुछ देशों में, जैसे कि संयुक्त राज्य अमेरिका में, जवाब दानकर्ता के रक्त से जुड़ा होता है, न कि रक्त दाता के नाम से। इसलिए, दानदाताओं के नाम रखे जाते हैं।",0,[],[]
128,रक्तदाताओं की जांच की जाती है क्योंकि प्रापक के लिए रक्त असुरक्षित हो सकता है।,0,[],[]
129,"परीक्षण का एक प्रकार है। दाताओं से दवा सेवन, खास तौर पर डुस्टैस्टैराइड, के बारे में भी पूछताछ की जाती है क्योंकि प्रापक गर्भवती महिला के लिए यह खतरनाक हो सकता है। इसी तरह, विभिन्न बीमारियों के जोखिम कारकों के बारे में भी पूछताछ की जाती है। इस प्रकार के परीक्षण को स्क्रीनिंग कहा जाता है।",0,[],[]
130,1990 में बैक्टीरिया का वर्गीकरण बदल गया।,0,[],[]
131,"पामीर-अलाई पर्वत प्रणाली का सर्वोच्च शिखर 'पिक तन्दिकूल' है, जिसकी ऊंचाई ५,५४४ मीटर है।",0,[],[]
132,पानी प्रकाश संश्लेषण और श्वसन के लिए महत्वपूर्ण है।,0,[],[]
133,"वैज्ञानिक शब्द ""जल विज्ञान चक्र"" का प्रयोग किया जाता है।",0,[],[]
134,वाष्पित पानी के स्रोत में महासागरों और अन्य जल निकायों से हवा में वाष्पीकरण होता है।,0,[],[]
135,"प्रश्न का उत्तर दिया गया पाठ से मिलता है कि भारी शृंखलाएं γ, α और δ का स्थिर क्षेत्र तीन अग्रानुक्रमों से बनता है। इसलिए उत्तर है: तीन अग्रानुक्रम से बनती हैं।",0,[],[]
136,प्रश्न का उत्तर नहीं है। दी गई जानकारी में एक भारी श्रृंखला में कितने अमीनो अम्ल होते हैं यह विशेष विषय पर कोई जानकारी नहीं है।,0,[],[]
137,मेरे पास आपके प्रश्न का उत्तर नहीं है।,0,[],[]
138,"प्रतिपिंड (एंटीबॉडी) के Fab (फ्रेगमेंट, एंटीजन बाइंडिंग) क्षेत्र की तरह, यह एक स्थिर तथा एक अस्थिर क्षेत्र से बनता है।",0,[],[]
139,मेरे पास आपके प्रश्न का उत्तर नहीं है।,0,[],[]
140,इन एंटीबॉडीज़ में उत्कृष्ट उत्प्रेरक प्रणाली की संपूरक प्रणाली होती है।,0,[],[]
141,कई विभिन्न तरह के रोगाणुओं के कारण एंटीबॉडी प्रतिक्रिया शुरू हो सकती है।,0,[],[]
142,लक्षित मोनोक्लोनल प्रतिपिंड (एंटीबॉडी) चिकित्सा द्वारा किया जाता है।,0,[],[]
143,"Rh एंटीजन लाल रक्त कोशिकाओं में पाया जाता है। यह एंटीजन रीसस पोजिटिव (Rh+) लोगों में पाया जाता है, जबकि रीसस नेगेटिव (Rh-) लोगों में नहीं पाया जाता है।",0,[],[]
144,26 वर्षीय थी।,0,[],[]
145,मेरे पास आपके प्रश्न का उत्तर नहीं है।,0,[],[]
146,"स्कोडा के 130 ब्रेक अश्वशक्ति के इंजन है, जिसकी क्वान्टिटी 1,289 घन सेंटीमीटर (78.7 घन इंच) है।",0,[],[]
147,मेरे पास आपके प्रश्न का उत्तर नहीं है।,0,[],[]
149,ऑक्टेविया मॉडल ऑक्टेविया गोल्फ़ Mk5 फ़्लोरपैन पर आधारित था और फाबिया A0 फ़्लोरपैन पर आधारित था।,0,[],[]
150,"हिन्दी फिल्म के विभिन्न क्षेत्रों में सर्वश्रेष्ठ योगदान के लिए प्रतिवर्ष प्रदान किये जाने वाले फिल्मफेयर पुरस्कार अंग्रेजी की फ़िल्मफ़ेयर पत्रिका द्वारा हिन्दी फिल्म के लिए दिए जाते हैं। इसलिए, फिल्मफेयर पुरस्कारों को हिन्दी जातीयता के नाम से बुलाया जाता है।",0,[],[]
151,"किताब' में पारम्परिक मुसलमान परिवार में प्रचलित विभिन्न मुद्दों पर महिलाओं के खिलाफ हो रहे सामाजिक भेदभाव को चित्रित किया गया है। यह नाटक लड़कियों के लिए आहार की अनुपलब्धता, खराब शिक्षा, और बहुविवाह की प्रथा जैसे कई भेदभाव विषयों पर चर्चा करता है।",0,[],[]
152,मुस्लिम लड़की की दो मुख्य इच्छाएँ थीं: 1.,0,[],[]
152,मुअज़्ज़िन बनना। 2.,0,[],[]
152,अजान बोलना।,0,[],[]
153,"पिता के अनुसार, महिलाओं को पुरुषों के मुकाबले हर चीज का आधा हिस्सा मिलना चाहिए।",0,[],[]
157,"बेडिंग, बाथ, कुकवेयर और डिनरवेयर से मैसी के मिल सकते हैं।",0,[],[]
158,"नामा समूह दक्षिण अफ़्रीका, नामीबिया और बोत्स्वाना का एक लोक-समुदाय है।",0,[],[]
159,टम्बलर 2 फरवरी 2007 को लॉन्च किया गया।,0,[],[]
160,11 वर्ष की थी।,0,[],[]
161,उसके माता-पिता अलग हो गए जब वह 17 वर्ष की था।,0,[],[]
162,अब्दुल्ला यामीन ने चीन सरकार के साथ मुक्त व्यापार अनुबंध पर हस्ताक्षर किया और भारत और चीन के सम्बन्ध अच्छे करने के लिए कार्रवाई की।,0,[],[]
163,"सक्रिय टीबी का निदान रेडियोलोजी (जैसे छाती का एक्स-रे), माइक्रोस्कोपिक जांच और शरीर के तरलों की माइक्रोबायोलॉजिकल कल्चर पर निर्भर करता है।",0,[],[]
164,"तपेदिक फेफड़ों को प्रभावित कर सकता है और लक्षणों में सीने में दर्द, लंबी अवधि तक खांसी और बलगम शामिल हो सकते हैं। लगभग 25% लोगों को किसी भी तरह के लक्षण नहीं आ सकते हैं। तपेदिक लक्षणों के साथ रक्त आने भी शामिल हो सकते हैं और बहुत दुर्लभ मामलों में फुफ्फुसीय धमनियों तक पहुंच सकता है।",0,[],[]
165,तपेदिक संक्रमण फुफ्फुसीय धमनी तक पहुंच सकता है जिसके कारण भारी रक्तस्राव (रासमुस्सेन एन्युरिस्म) हो सकता है।,0,[],[]
166,फैला हुआ टीबी,0,[],[]
167,क्षयरोग का जोखिम एचआईवी से बढ़ जाता है।,0,[],[]
169,"टीकाकरण से मायकोबैक्टीरिया में एम.सजुल्गाई, एम.",0,[],[]
169,मारिनम और एम.,0,[],[]
169,कानसासी प्रभावित होते हैं।,0,[],[]
170,"विश्व स्वास्थ्य संगठन के संशोधित उपचार पथ्य के माध्यम से तपेदिक की रोकथाम और नियंत्रण में कुछ सफलता हासिल हुई है और मामलों की संख्या में थोड़ी सी कमी आयी है। इसलिए, WHO तपेदिक की रोकथाम और नियंत्रण में कामयाब रहा है।",0,[],[]
171,कमी आई है।,0,[],[]
172,पूरी तरह से अतिसंवेदनशील एमटीबी वाले व्यक्ति में द्वितीयक (अधिग्रहीत) प्रतिरोध विकसित हो सकता है जब वह उपचार के दौरान दवा लेने में विफल रहता है।,0,[],[]
173,टीबी संक्रमण के बाद अगला चरण प्रगति होना है। यह तब होता है जब बेसिली या यकृत की प्रतिरक्षा प्रणाली पर काबू नहीं पाता और संक्रमण की संख्या बढ़ना शुरू कर देता है।,0,[],[]
174,"पाठ्य सामग्री में ऐसा विशेष जानकारी नहीं मिल रहा है कि कितने प्रतिशत संक्रमण का कोई लक्षण नहीं होता। इसलिए, मेरे पास आपके प्रश्न का उत्तर नहीं है।",0,[],[]
176,तपेदिक।,0,[],[]
177,टीकाकरण उपचार में एक महत्वपूर्ण भूमिका निभाता है क्योंकि यह अनेक रोगों के उपचार में मदद करता है और लोगों को रोगों से बचाता है। इसके द्वारा उपलब्ध टीकों की प्रभावकारिता में सुधार करने का प्रयास किया जाता है तथा नये और बेहतर टीके भी विकसित किए जा रहे हैं।,0,[],[]
178,न्यूज़ीलैंड ने हिरण झुंडों तथा पशुओं से माइकोबैक्टीरियम बोविस द्वारा होने वाले वोबाइन तपेदिक को समाप्त करने का प्रयास कर रहा है।,0,[],[]
179,बिल गेट्स ने ऑपरेटिंग सिस्टम के सुविधाजनक प्रयोग और प्लग एंड प्ले (PnP) के लिए वर्धित समर्थन पर प्रकाश डाला।,0,[],[]
180,मेरे पास आपके प्रश्न का उत्तर नहीं है।,0,[],[]
181,मेरे पास आपके प्रश्न का उत्तर नहीं है।,0,[],[]
182,12,0,[],[]
183,मेरे पास आपके प्रश्न का उत्तर नहीं है।,0,[],[]
184,सॉफ्टवेयर विकास परियोजनाओं में प्राकृतिक और वांछनीय परिवर्तन होते हैं।,0,[],[]
185,"कोड की परिभाषा है: कोड ऐसे सॉफ्टवेयर निर्देश हैं, जिन्हें कम्प्यूटर समझ सकता हो, और ये सिस्टम विकास प्रक्रिया का एकमात्र वास्तविक रूप से महत्वपूर्ण उत्पाद है।",0,[],[]
186,"सिस्टम में उपस्थित दोषों को एक ऐसा ईकाई परीक्षण लिखकर सरलता से संप्रेषित किया जा सकता है, जो यह साबित करता हो कि कोड का विशिष्ट भाग टूट जाएगा। यह परीक्षण फीडबैक का एक रूप है जो निकट संबंधित होता है।",0,[],[]
187,सिद्धांतों का अभिप्राय एक सिस्टम विकास परियोजना में निर्णयों को प्रोत्साहित करने का होता है। सिद्धांत मूल्यों से अधिक दृढ़ होने चाहिये और किसी व्यावहारिक परिस्थिति में वे अधिक सरलता से एक मार्गदर्शन में अनुवादित होने चाहिये।,0,[],[]
189,प्रति वर्ष VAD के कारण 1-2 मिलियन मौतें होती हैं।,0,[],[]
191,"जब तक एक किसान या सुनहले चावल जेनेटिक्स का अनुवर्ती प्रयोक्ता प्रति वर्ष 10,000 अमरीकी डॉलर से ज्यादा नहीं कमाता है, तब तक रॉयल्टी की आवश्यकता नहीं है।",0,[],[]
192,मेरे पास आपके प्रश्न का उत्तर नहीं है।,0,[],[]
193,ऑरेगोन,0,[],[]
194,सरकार के मंत्रियों को कैबिनेट मंत्री के रूप में जाना जाता है।,0,[],[]
195,अधिनियम को 1977 में मान्यता दी गई थी।,0,[],[]
196,अंतरिक्ष यान,0,[],[]
197,सवाल के उत्तर देने के लिए दिए गए पाठ से कोई संबंध नहीं है। मेरे पास आपके प्रश्न का उत्तर नहीं है।,0,[],[]
198,मेरे पास आपके प्रश्न का उत्तर नहीं है।,0,[],[]
199,स्वस्थतम की उत्तरजीविता प्राकृतिक वरण की गलत अवधारणा है।,0,[],[]
200,मेंडल ने जीन्स को फैक्टर्स के रूप में नाम दिया था। लेकिन बाद में यह नाम जीन नाम परिवर्तित हो गया।,0,[],[]
201,मेरे पास आपके प्रश्न का उत्तर नहीं है।,0,[],[]
202,फ्लीज का पूर्वज बिच्छू मक्खी है।,0,[],[]
204,डेटा विलंबता या स्मृति में डेटा के दूसरे छोर पर अच्छा नहीं होता है।,0,[],[]
205,10% वार्षिक दर से उद्योग बड़ा रहा था।,0,[],[]
206,15 अरब$,0,[],[]
207,"डेटा विश्लेषण की दक्षता नाम जो सरकारी प्रक्रियाओं में लागत, उत्पादकता और नवाचार की क्षमता की अनुमति देता है।",0,[],[]
208,बड़े डेटा विश्लेषण ने मदद की।,0,[],[]
209,"परम उद्देश्य की सेवा के लिए या संप्रेषित, एक संदेश या सामग्री उपभोक्ताओं की मानसिकता के साथ लाइन में है।",0,[],[]
210,"टेस्ला की बहनों के नाम एंजिनिया, मिल्का और मारिका थे।",0,[],[]
211,ड्राफ्ट्समैन,0,[],[]
212,टेस्ला की मृत्यु 7 जनवरी 1943 को हुई।,0,[],[]
214,"द्वितीय विश्व युद्ध के दौरान स्कूलों के बंद होने के कारण, महाथिर वह कॉफी और अन्य खाद्य पदार्थ बेचने के व्यवसाय में चले गये।",0,[],[]
215,मेरे पास आपके प्रश्न का उत्तर नहीं है।,0,[],[]
216,अब्दुल रजाक हुसैन ने अब्दुल रहमान की जगह ली।,0,[],[]
217,तुन का खिताब.,0,[],[]
218,पाकतन हरपन में उन्हें अध्यक्ष और उम्मीदवार बनने का प्रस्तावित किया गया था।,0,[],[]
219,बोर्नियो द्वीप स्थित है।,0,[],[]
220,फिलीपीन मीडिया आमतौर पर फ़िलिपीनी टागालोग भाषा और इंग्लिश भाषा का उपयोग करती है।,0,[],[]
221,फिलिपिनो भाषा अधिकतर मेट्रो मनीला एवं अन्य शहरी क्षेत्रों में सुना जा सकता है।,0,[],[]
222,भाप आसवन का उपयोग ताप संवेदी पदार्थों को पृथक करने के लिए किया जाता है।,0,[],[]
223,तुर्की सशस्त्र सेनाएँ (TAF) सेना और नौसेना के लिए युद्ध अधीनस्थ हैं।,0,[],[]
225,अमेरिका और कनाडा मानक का अनुसरण नहीं करते हैं।,0,[],[]
226,सी श्रृंखला की परिभाषा उपलब्ध पाठ्य सामग्री में मिल सकती है। सी श्रृंखला की शीटों का क्षेत्रफल A और B श्रृंखला के शीटों के क्षेत्रफलों का ज्यामितीय मध्यमान है।,0,[],[]
227,हाइड्रोजन,0,[],[]
228,नैण्ड गेट को कार्यात्मक पूर्णता कहा जाता है।,0,[],[]
229,अल्कोहल से उपचार किए गए लोगों में से लगभग 2.2–3.4% वे लोग हैं जिन्होने अपने जीवन में आत्महत्या से मृत्यु प्राप्त करने का प्रयास किया है।,0,[],[]
230,"आमतौर पर, शराब से संबंधित आत्महत्या का संबंध पुरुषों से होता है।",0,[],[]
231,कोकीन और मेथाम्फेटामीन प्रयोक्ताओं को इस अवस्था की वापसी का सबसे अधिक जोखिम होता है।,0,[],[]
232,पत्नियों की तुलना में लती जुआरियों में आत्महत्या की दर तीन गुना अधिक होती है।,0,[],[]
233,"लती जुआरी में जोखिम के कारकों में मानसिक व्याधियां, अल्कोहल तथा नशीली दवाओं का सेवन शामिल हैं।",0,[],[]
234,अवसादग्रस्तता और शराब के अत्यधिक सेवन को समायोजित कर दिया गया।,0,[],[]
235,"अवसाद के लक्षण निराशा, जीवन में आनंद की कमी, व्यग्रता तथा समस्याओं को हल करने की क्षमता की कमी शामिल होते हैं।",0,[],[]
236,कुछ लोग धमकी अथवा पक्षपात से बचने के लिए आत्महत्या कर लेते हैं। बचपन में हुआ यौन शोषण तथा पालक घर में व्यतीत समय भी जोखिम के कारक हैं। यौन शोषण को कुल जोखिम के 20% को योगदान का कारक माना जाता है।,0,[],[]
238,बढ़ता है आत्महत्या का जोखिम।,0,[],[]
239,कोयले तथा पुलों व सबवे प्लेटफॉर्मों पर बैरियर तक पहुंच कम करना।,0,[],[]
240,मानसिक स्वास्थ्य समस्याओं से पीड़ित लोगों के लिए कई प्रकार के उपचार उपलब्ध हैं। ये उपचार उन्हें आत्महत्या के जोखिम से बचाने में मदद कर सकते हैं।,0,[],[]
242,चीन और भारत में आत्महत्या की दर सबसे अधिक है।,0,[],[]
243,"पश्चिमी दुनिया में, पुरुष ने महिलाओं की तुलना में तीन से चार गुना तक अधिक बार आत्महत्या की है।",0,[],[]
244,"चीन में पुरुषों की आत्महत्या की दर 0.9 है, जो महिलाओं की तुलना में अधिक है।",0,[],[]
245,दक्षिण पूर्व एशिया,0,[],[]
247,आत्महत्या को अंततः गैरकानूनी घोषित किया गया क्योंकि इसकी आर्थिक लागत कारण राज्य के विरुद्ध अपराध माना गया।,0,[],[]
249,प्रायोपवेशन वह लोगों के लिए अनुमत है जिनके जीवन में अब कोई इच्छा या महत्वकांक्षा नहीं रह गई है।,0,[],[]
251,पी एफिड कीड़े चिपचिपा द्रव छोड़कर दुश्मनों पर हावी हो सकते हैं।,0,[],[]
252,"वायरल संक्रमण के लक्षण में बुखार, थकान, सिरदर्द और मांसपेशियों में दर्द शामिल होते हैं। कुछ स्थितियों में मल खूनी हो सकता है।",0,[],[]
253,गैर संक्रामक कारणों से की वायरल होने की संभावना कम है।,0,[],[]
254,बैक्टीरिया एस्केरेशिया कॉलि जठरांत्र शोथ का एक प्राथमिक कारण है।,0,[],[]
256,"नहीं, एंटीबायोटिक स्टैफलोकॉकस ऑरीस संक्रामक दस्त की रोकथाम करने में असफल रहते हैं।",0,[],[]
257,खाने में जीवाणु लगने के बाद जीवाणु बढ़ते हैं और इस भोजन का उपभोग करने वालों में संक्रमण का खतरा बढ़ता है।,0,[],[]
258,सबसे आम बैक्टीरिया जो बच्चों में बीमारियों का कारण बनता है एस्केरेशिया कॉलि।,0,[],[]
259,"विकासशील देशों में गैस्ट्रोएंटेराइटिस से पीड़ित लोगों के लिए सबसे आम कारण बैक्टीरिया हैं, जिनमें सबसे आम प्रकार एस्केरेशिया कॉलि, साल्मोनेला, शिगेला और कंपाइलोबैक्टर प्रजातियाँ शामिल हैं।",0,[],[]
260,मेरे पास आपके प्रश्न का उत्तर नहीं है।,0,[],[]
261,पुनर्जलीकरण का तरीका मौखिक पुनर्जलीकरण चिकित्सा है। यदि चेतना का स्तर कम हो या निर्जलीकरण गंभीर स्तर का हो तो इसे नसों के माध्यम से देने की आवश्यकता भी पड़ सकती है।,0,[],[]
262,"BRAT आहार की सिफारिश नहीं की जाती है क्योंकि यह अपर्याप्त पोषक तत्व होता है और सामान्य भोजन से बेहतर नहीं होता है। इसलिए, कोई उत्पाद नहीं है जो BRAT आहार के समान लाभकारी हो सके।",0,[],[]
263,बीट आहार में अपवाद स्वरूप साधारण शर्करा की उच्च मात्रा वाले खाद्य पदार्थ समाविष्ट नहीं होते हैं।,0,[],[]
264,"एंटीबायोटिक के उपयोग का परिणाम गंभीर रूप से घायल कर देना या उसके साथ युद्ध करने में सफल न होने से आमतौर पर आम होता है। यदि बैक्टीरिया या प्रोटोज़ोन जो कि इलाज के लिए उत्तरदायी हैं, उनमें शिंगेला साल्मोनेला टाइफी और जियार्डिया प्रजातियां शामिल हैं, तो एंटीबायोटिक दवाओं का उपयोग करके उनका उपचार किया जा सकता है। लेकिन यदि लक्षण विशेष रूप से गंभीर हों या अतिसंवेदनशील बैक्टीरिया की पहचान हो या उसका संदेह हो तो कभी-कभी उनकी अनुशंसा की जाती है।",0,[],[]
265,मेरे पास आपके प्रश्न का उत्तर नहीं है।,0,[],[]
266,अमेरिका में रोटावायरस के कारण एक वर्ष में एक बिलियन अमरीकी डॉलर का अनुमानित व्यय होता है।,0,[],[]
267,आयशा टाकिया का जन्म 10 जनवरी 1986 में हुआ था।,0,[],[]
268,"एचआईवी असुरक्षित यौन संपर्क, रक्त आधारित रूप से (रक्त आधार, संदूषित सुइयों और सिरिंजों का दुबारा उपयोग), माँ से बच्चे को प्रसव के दौरान और परिवार के सदस्यों के बीच संचरित होता है।",0,[],[]
269,हेपेटाइटिस बी वायरस एक गैर-रेट्रोवायरस वायरस है जो अभी भी अपनी प्रतिकृति प्रक्रिया में रिवर्स ट्रांसक्रिप्शन का उपयोग करता है।,0,[],[]
270,"पूर्वी यूरोप, रूस और जापान में बच्चों में HBV का पारंपरिक रूप से फैलाव दिखाई देता है।",0,[],[]
271,10% से अधिक,0,[],[]
272,चेचक का प्रकोप 1883 में ब्रेमेन में हुआ था।,0,[],[]
273,हेपाटाइटिस बी से ग्रसित हो गए।,0,[],[]
274,लुरमैन का शोधपत्र हेपेटाइटि�स बी वायरस के कारण हुई एक महामारी पर था।,0,[],[]
275,1883 में चेचक का प्रकोप घटित हुआ। इसके बाद कई हफ्तों और महीनों के दौरान विभिन्न प्रकोपों की सूचना मिली।,0,[],[]
276,13 मुख्य द्वीप माने जाते हैं।,0,[],[]
277,स्पेनिशों के आने से बहुत पहले मूल निवासी इन द्वीपों पर आते रहते थे।,0,[],[]
279,इक्वाडोर ने 1832 में गैलापागोस द्वीप समूह पर कब्जा किया था।,0,[],[]
280,पांच आबाद द्वीप हैं।,0,[],[]
281,70,0,[],[]
282,"जापानी रक्षा मंत्रालय ने एक उन्नत गुप्तता लड़ाकू विमान, मित्सुबिशी एक्स-2 शीनशीन का विकास करने की कोशिश की है।",0,[],[]
284,मेरे पास आपके प्रश्न का उत्तर नहीं है।,0,[],[]
285,मेरे पास आपके प्रश्न का उत्तर नहीं है।,0,[],[]
286,RFC5340(2008) के अपडेट हैं।,0,[],[]
287,इंटरकनेक्टिंग राउटर का नाम एरिया बॉर्डर रूटर (ABR) है।,0,[],[]
288,OSPF इस प्रोटोकॉल नंबर 89 का उपयोग करता है।,0,[],[]
289,रूटर्स खुद को हैलो OSPF प्रोटोकॉल पैकेट में देखते हैं जब वे एक सिरे से दूसरे सिरे तक प्रतिक्रिया करते हैं। इस समय से डिटेक्शन शुरू होता है।,0,[],[]
290,राउटर ने OSPF प्रोटोकॉल का उपयोग किया।,0,[],[]
291,1,0,[],[]
292,RID (रूटर ID) के साथ हैलो भेजने वाला रूटर जीतता है।,0,[],[]
293,"यदि वर्तमान डीआर (DR) अलग हो जाता है, तो वर्तमान बीडीआर (BDR) नया DR बन जाएगा और दूसरे BDR को चुनने के लिए एक नया चुनाव होगा।",0,[],[]
294,मेरे पास आपके प्रश्न का उत्तर नहीं है।,0,[],[]
296,मेरे पास आपके प्रश्न का उत्तर नहीं है।,0,[],[]
297,650 कि॰मी॰,0,[],[]
298,बेलारूस की औसत वार्षिक वर्षा 550 से 700 मिमी है।,0,[],[]
299,रूस पर निर्भर है।,0,[],[]
300,2007 में बेलारुस की प्रजनन दर 1.22 थी।,0,[],[]
301,मेरे पास आपके प्रश्न का उत्तर नहीं है।,0,[],[]
302,गोमेल की जनसंख्या 4 लाख 81 हज़ार की है।,0,[],[]
303,बेलारुस में प्रति महिला 0.87 पुरुष हैं।,0,[],[]
304,यूएस में जन्म नियंत्रण की गोली उपयोग के लिए 1960 में स्वीकृत की गई थी।,0,[],[]
305,मेरे पास आपके प्रश्न का उत्तर नहीं है।,0,[],[]
306,मेरे पास आपके प्रश्न का उत्तर नहीं है।,0,[],[]
307,गोलियों को विपणन Anya और Lybrel नाम से बाज़ार में बेचा गया।,0,[],[]
308,माहवारी के पहले दिन के पांच दिनों के भीतर शुरू किए जाने पर COCP कारगर हो सकते हैं।,0,[],[]
309,"गोली का असर कम करने वाली दवाएँ रिफैम्पिसिन, बार्बिटुरेट्स, फ़िनाइटोइन और कार्बामाजेपिन हैं।",0,[],[]
310,"जर्मनी की सीमा उत्तरी समुद्र, डेनमार्क और बाल्टिक समुद्र से लगती है। दक्षिण में आस्ट्रिया और स्विट्ज़रलैंड, और पश्चिम में फ्रांस, लक्सेम्बर्ग, बेल्जियम और नीदरलैंड से लगती है।",0,[],[]
311,मध्य एवं दक्षिणी जर्मनी महाद्वीपी प्रकार की जलवायु के क्षेत्र में सम्मिलित किए जाते हैं।,0,[],[]
312,जर्मन लैटिन वर्णमाला का उपयोग कर लिखा गया है।,0,[],[]
313,जर्मन भाषाओं के पश्चिमी समूह से संबंध रखती है।,0,[],[]
314,पूर्वी जर्मनी का हिस्सा 1945 के आप्रवासन के माध्यम से धार्मि�क रूप से अधिक अविविध हो गया।,0,[],[]
315,2011 तक एक तिहाई जर्मन आधिकारिक तौर पर धार्मिक संघ के मान्यता प्राप्त सदस्य नहीं थे।,0,[],[]
316,विज्ञान और प्रौद्योगिकी के क्षेत्र में बहुत योगदान दिया है।,0,[],[]
317,दिया गया जानकारी से पुरस्कार कितनी बार दिया जाता है यह स्पष्ट नहीं है। इसलिए उत्तर है: मेरे पास आपके प्रश्न का उत्तर नहीं है।,0,[],[]
318,सन 1955 में सर मोक्षगुंडम विश्वेश्वरय्या को भारत रत्न मिला।,0,[],[]
319,विश्वेश्वरैया का जन्म 15 सितंबर 1861 को हुआ था।,0,[],[]
320,विश्वेश्वरैया की माता का नाम वेंकाचम्मा था।,0,[],[]
321,जून में हुआ।,0,[],[]
322,अधिकांशतः बैंक और वित्तीय संस्थाओं द्वारा Fr.,0,[],[]
322,का प्रयोग किया जाता है।,0,[],[]
323,आरपी जर्मन में रापेन (Rp.),0,[],[]
324,"महिला निरोध निटराइल, लेटेक्स या पॉलीयूरेथेन से बने होते हैं।",0,[],[]
325,मेरे पास आपके प्रश्न का उत्तर नहीं है।,0,[],[]
326,12%,0,[],[]
327,स्तनपान को प्रभावित नहीं करता है।,0,[],[]
329,ट्यूबल बंधाव में गंभीर जटिलताओं का कारण डिंबवाहनी खोलने या डिंबवाहनियों को फिर से जोड़ने या वासा डिफरेंशिया को फिर से जोड़ने के लिए शुक्रवाहिकोच्छेदन उलटाव का प्रयास करना हो सकता है।,0,[],[]
330,स्त्री के भीतर महिला का प्राकृतिक प्रसवोत्तर बांझपन घटती है।,0,[],[]
331,प्रसव के बाद 6 माह से कम के बच्चे की उपस्थिति में विफलता की दर 7.5% तक पाई गई थी।,0,[],[]
332,10%,0,[],[]
333,"गर्भधारण की दर लेवोनॉर्गेस्ट्रेल गोलियां ले लिए जाने के बाद 70 प्रतिशत कम हो जाती है। अर्थात् यदि असुरक्षित संभोग के बाद इन गोलियां ले ली जाती हैं, तो गर्भधारण की दर लगभग 70 प्रतिशत कम हो जाती है।",0,[],[]
334,लेवेनोगेस्ट्रल से कम कारगर है।,0,[],[]
335,मेरे पास आपके प्रश्न का उत्तर नहीं है।,0,[],[]
336,कॉपर IUDs का उपयोग सबसे अधिक बचत प्रदान करता है।,0,[],[]
339,यौन संबंधो तथा गर्भधारण के बारे में कई सारी आम भ्रांतियां प्रचिलित हैं।,0,[],[]
340,यूरेथेन प्लग एक पुरुषों के लिए जन्म नियंत्रण के लिए एक विधि है जिसमें यूरेथेन प्लग को डिफरेंस में रखा जाता है जिससे कि यह अवरुद्ध हो जाए।,0,[],[]
341,"नपुंसक बनाना या अण्डकोष हटाना जिसमें कुछ प्रजनन अंगों को हटाना शामिल होता है, आम तौर पर घरेलू पालतू जानवरों में जन्म नियंत्रण के लिए उपयोग किया जाता है।",0,[],[]
342,मेरे पास आपके प्रश्न का उत्तर नहीं है।,0,[],[]
343,मेरे पास आपके प्रश्न का उत्तर नहीं है।,0,[],[]
344,स्टैमेन ने दही में लैक्टिक अम्ल जीवाणुओं की खोज की।,0,[],[]
345,"मुक्त लेखन एक पूर्वलेखन तकनीक है जिसमें एक व्यक्ति वर्तनी, व्याकरण, या विषय के संबंध के बिना एक निर्धारित अवधि के लिए लगातार लिखता है। यह कच्चे, अक्सर अनुपयोगी सामग्री का उत्पादन करता है, लेकिन लेखकों को उदासीनता और आत्म-आलोचना के अवरोधों को दूर करने में सहायता करता है।",0,[],[]
346,मेरे पास आपके प्रश्न का उत्तर नहीं है।,0,[],[]
347,ग्रुएल की तरह उपस्थिति सफेद कॉर्पसकल के कारण थी।,0,[],[]
348,विरचौ को पैथोलॉजी में प्रकाश माइक्रोस्कोप के उपयोग में अग्रदूत के रूप में जाना जाता था।,0,[],[]
349,ल्यूकेमिया की खोज रुडॉल्फ विरचो द्वारा की गई थी।,0,[],[]
350,मेरे पास आपके प्रश्न का उत्तर नहीं है।,0,[],[]
351,अनुराग बसु ने फिल्म बर्फी का निर्देशन किया।,0,[],[]
352,भारत और विदेशों में यह फिल्म लोकप्रिय थी।,0,[],[]
354,बर्फी ने निरुत्साहित होकर झिलमिल को फिरौती इकट्ठा करने वाले स्थान से भगा लेने का विचार किया था।,0,[],[]
355,प्रिंसिपल फोटोग्राफी 20 मार्च 2011 को शुरू हुई।,0,[],[]
356,बसु ने मार्च 2011 में कोलकाता की यात्रा की।,0,[],[]
357,इगेओन,0,[],[]
358,इगेओन शनि के G रिंग के चमकदार खंड के भीतर रहकर परिक्रमा करता है।,0,[],[]
359,आर्मेनिया ४० से अधिक अंतर्राष्ट्रीय संगठनों का सदस्य है।,0,[],[]
360,"आर्मेनिया का कुल क्षेत्रफल 29,800 किमी² (11,506 वर्ग मील) है।",0,[],[]
361,866,0,[],[]
365,समोआई प्रथाओं के मद्देनजर संशोधित किया गया था।,0,[],[]
366,"प्रधानमंत्री की पसंद के 12 कैबिनेट पदों की नियुक्ति राष्ट्र प्रमुख द्वारा होती है, जो फोनो के सतत विश्वास का मामला है। फोनो में बहुमत से प्रधानमंत्री को चुना जाता है और सरकार बनाने के लिए राष्ट्र के प्रमुख द्वारा उनकी नियुक्ति होती है। इसलिए, प्रधान मंत्री का चुनाव फोनो में बहुमत से किया जाता है और उनकी नियुक्ति राष्ट्र प्रमुख द्वारा की जाती है।",0,[],[]
367,पर्यटन क्षेत्र का विस्तार हुआ।,0,[],[]
368,"समोआ अपने जीडीपी के लिए कृषि और निर्यात से निर्भर है, जिसमें नारियल क्रीम, नारियल तेल और कोपरा शामिल हैं। आधुनिक समय में, पर्यटन भी एक महत्वपूर्ण कारक बन गया है।",0,[],[]
369,"समोआ की सरकार वित्तीय क्षेत्र के अविनियमन, निवेश को प्रोत्साहन और सतत राजकोषीय अनुशासन का आह्वान कर रही है।",0,[],[]
370,"समोआ में जर्मनों ने बागान लगाकर कोपरे, कोको फली और रबर का उत्पादन किया।",0,[],[]
371,केले वास्तव में समोआ में अन्य देशों को नहीं भेजा जाता है।,0,[],[]
374,अल्बर्ट वेंड्ट एक महत्वपूर्ण समोआई लेखक हैं।,0,[],[]
375,समोआ ने पैसिफिक ट्राई-नेशंस में भी हिस्सा लिया।,0,[],[]
376,रग्बी विश्व कप,0,[],[]
377,व्हिग्स और टोरी।,0,[],[]
378,चुनाव जनवरी 1910 और दिसंबर 1910 में आयोजित किए गए।,0,[],[]
379,लेबर पार्टी का उदय हुआ था।,0,[],[]
380,"दिए गए जानकारी में, 1929 के चुनाव के बाद से दो आम चुनाव हुए हैं।",0,[],[]
381,सवाल का उत्तर देने के लिए दिए गए पाठ से कोई जानकारी नहीं है। मेरे पास आपके प्रश्न का उत्तर नहीं है।,0,[],[]
382,त्रिशंकु सरकार होने को अक्सर नकारात्मक परिणाम के तौर पर संदर्भित किया जाता है।,0,[],[]
383,"चुनाव के बाद अनिश्चितता की अवधि आवश्यक है क्योंकि प्रमुख पार्टी के नेताओं ने छोटे दलों के साथ बातचीत करके बहुमत स्थापित करने की कोशिश की और निर्णायक चुनाव परिणामों के आदी देशों में त्रिशंकु संसद का निर्माण होता है, जो अक्सर नकारात्मक परिणाम के रूप में देखा जाता है।",0,[],[]
384,11,0,[],[]
385,डेफैड एलिस-थॉमस को फिर से पीठासीन अधिकारी के रूप में चुना गया था।,0,[],[]
386,IPod पर स्क्रॉल करने के लिए क्लिक व्हील का इस्तेमाल किया जाता है।,0,[],[]
387,"नहीं, आईपोड संगत नहीं है प्रतिस्पर्धा म्यूजिक स्टोर्स से क्योंकि आईपोड डीआरएम प्रौद्योगिकी का उपयोग नहीं करता है।",0,[],[]
388,"दिए गए जानकारी से यह स्पष्ट नहीं है कि आइसलैंड, ब्रिटेन और किसी अन्य क्षेत्र को एक विशेष मामले के रूप में क्यों जाना जाता है। इन देशों के बारे में केवल यह बताया गया है कि वे यूरोप का हिस्सा हैं। इसलिए, उत्तर निर्धारित नहीं है। मेरे पास आपके प्रश्न का उत्तर नहीं है।",0,[],[]
389,16 और 20 वीं सदी के बीच पश्चिमी यूरोपीयन का प्रभुत्व था।,0,[],[]
390,पूर्व की ओर।,0,[],[]
391,न्यायिक अधिकारी न्यायिक कर्तव्यों का पालन लगभग विशेष रूप से करते हैं।,0,[],[]
392,मेरे पास आपके प्रश्न का उत्तर नहीं है।,0,[],[]
393,ब्राजील में विधानसभा विधि का स्रोत कहलाती है।,0,[],[]
394,प्रश्न का उत्तर दिए गए माध्यम से नहीं तैयार किया जा सकता है।,0,[],[]
395,2 महीने से 15 वर्ष की आयु के बीच।,0,[],[]
396,शोदो द्वीप,0,[],[]
397,"द्वीप, जैतून का सफलतापूर्वक उगाने के लिए जापान का पहला क्षेत्र था। इसलिए, जापान के लिए द्वीप को पहली बार ओलिव द्वीप के रूप में उगाने में सफलता मिली।",0,[],[]
398,मिशन इंपॉसिबल - फॉलआउट फिल्म 2018 में बनी थी।,0,[],[]
399,"फिल्मांकन 10 अप्रैल, 2017 को पेरिस में शुरू होने के लिए तैयार किया गया था। अन्य स्थानों में यूनाइटेड किंगडम, न्यूजीलैंड और नॉर्वे शामिल हैं। फिल्मांकन आधिकारिक तौर पर 8 अप्रैल को शुरू हुआ। इसलिए, फिल्मांकन की संभावना अप्रैल महीने में हो सकती है।",0,[],[]
400,"यूनाइटेड किंगडम, न्यूजीलैंड और नॉर्वे में फिल्मांकन किया गया था।",0,[],[]
401,मेरे पास आपके प्रश्न का उत्तर नहीं है।,0,[],[]
402,"पैथोलॉजी के अनुसार, भ्रम शब्द का अर्थ एक रोगात्मक स्थिति है, जो गलत या अपूर्ण जानकारी, सिद्धांत, मूर्खता, आत्मचेतना, भ्रम, या धारणा के अन्य प्रभावों से पैदा होने वाले विश्वास के रूप में देखा जाता है।",0,[],[]
403,मेरे पास आपके प्रश्न का उत्तर नहीं है।,0,[],[]
404,मोनिका एन्ना मारिया बेलुची का जन्म 30 सितंबर 1964 के दिन हुआ था।,0,[],[]
405,शिज़ूओका प्रान्त जापान में स्थित हैं।,0,[],[]
406,जापान एल्प्स के भीतर शिज़ुओका प्रान्त स्थित है।,0,[],[]
407,"पटाया शहर में ताम्बोन नोंग प्रुए, क्लया और हैव ईया और नोंग प्लाईया के कुछ हिस्से शामिल हैं।",0,[],[]
408,पटाया शहर भारत के तालुका नोंग प्रुई और क्लुई और हैव याई और नोंग प्लाई लाई के कुछ हिस्सों में स्थित है।,0,[],[]
410,75 मील लगभग 120.7 किलोमीटर होते हैं।,0,[],[]
411,मेरे पास आपके प्रश्न का उत्तर नहीं है।,0,[],[]
412,थाईलैंड,0,[],[]
413,मंदिर 1976 में बनाया गया था।,0,[],[]
414,शहर के भीतर दो छोटे हिट उबड़ खाबड़ मैदानों के विपरीत कार्य करते हैं।,0,[],[]
415,उबड़ खाबड़ मैदान।,0,[],[]
416,जुवावम रोमन प्रांत के एक महत्वपूर्ण कस्बे नॉरिकम के रूप में विकसित हुआ।,0,[],[]
418,1906 में,0,[],[]
419,"इस रणनीति के परिणामस्वरूप डेविडसन कंपनी की विस्तृत संकट में आने और बाइकों की किस्मों की कमी हुई। ये बाइक महंगी और प्रदर्शन, संचालन तथा गुणवत्ता में घटिया थीं। बिक्री घट गई और कंपनी लगभग दिवालिया हो गई।",0,[],[]
420,रीगन,0,[],[]
421,हार्ले-डेविडसन ने 1987 में बुएल को पचास अधिशेष XR1000 इंजन की आपूर्ति की।,0,[],[]
422,मेरे पास आपके प्रश्न का उत्तर नहीं है।,0,[],[]
423,"इलेक्ट्रा ग्लाइड्स को सामने से इसकी खूबसूरती से पहचाना जा सकता है। ज्यादातर इलेक्ट्रा ग्लाइड में फॉर्क-माउंटेड लगा होता है और इसके आकर को देखते हुए यह ""बैटविंग"" कहलाता है।",0,[],[]
424,1994 के मॉडल में बैटरी टार्मिनल के नीचे दाहिने शैडलबैग के भीतर रखी गई थी। 1997 में बड़ी बैटरी को सीट के भीतर लाया गया था।,0,[],[]
426,2003 मॉडल साल तक स्पोर्ट्सटर में इंजन को जरूर फ्रेम में मढ़ दिया गया।,0,[],[]
427,वी-रॉड में ओवरहेड कैम और लिक्विड कूलिंग वाला 60 डिग्री वी-ट्विन इंजन होता है।,0,[],[]
428,"हरलैंड और वोल्फ, नोर्वे के एकर क्वानेर, इटली के फिनकेंटिअरी, जर्मनी के मेयर वर्फ्ट और फ़्रांस के चेन्तियर डे अटलांटिक को इस परियोजना पर बोली लगाने के लिए आमंत्रित किया गया था।",0,[],[]
429,क्वीन मैरी 2 की कलाकृति विकसित करने वाले कलाकार सोलह अलग-अलग राज्यों से हैं।,0,[],[]
431,ब्राइन,0,[],[]
432,2006,0,[],[]
433,"तीन रानियाँ थीं। क्वीन मैरी 2, क्वीन एलिजाबेथ 2 और क्वीन एलिजाबेथ 2 की सेवानिवृति के बाद क्वीन मैरी 2।",0,[],[]
435,चीनी शैली की पश्चिमी ब्रेड में नरमता और मीठाई का उपयोग किया जाता है।,0,[],[]
436,नाश्ते या दोपहर की चाय में यह लोकप्रिय है।,0,[],[]
437,निर्दिष्ट उपनाम या ज्ञात उपनाम की इस सूची में नहीं मिली है। मेरे पास आपके प्रश्न का उत्तर नहीं है।,0,[],[]
438,मेरे पास आपके प्रश्न का उत्तर नहीं है।,0,[],[]
439,मक्खन के टुकड़े डाला जाता है।,0,[],[]
440,मेरे पास आपके प्रश्न का उत्तर नहीं है।,0,[],[]
441,मेरे पास आपके प्रश्न का उत्तर नहीं है।,0,[],[]
442,हाइड्रोजन व हीलियम,0,[],[]
444,38.3 डिग्री सेल्सियस,0,[],[]
445,"शहर में फर्नीचर, वस्त्र, हस्तशिल्प और लकड़ी का उत्पादन होता है।",0,[],[]
446,CACNA1C जीन में उत्परिवर्तन हो रहा है।,0,[],[]
448,जिन्ना के परिवार द्वारा उसका व्यापक विरोध किया गया था।,0,[],[]
449,यरूशलेम,0,[],[]
450,377,0,[],[]
451,प्रश्न का उत्तर नहीं है। दिए गए पाठ में वीटो के बारे में कोई जानकारी नहीं है।,0,[],[]
452,1995,0,[],[]
453,"डॉयल के पिता का देहांत 1893 में क्रिकटन रॉयल, डम्फ़्राइज में हुआ था।",0,[],[]
454,डॉयल का जन्म 22 मई 1859 को हुआ था।,0,[],[]
455,उसकी माँ का जन्म नाम जन्म नाम मेरी फोली था।,0,[],[]
456,1997,0,[],[]
457,"1909 में, कांगो के उपनिवेश में भयावहता की भर्त्सना करने वाला लेखन ""द क्राइम ऑफ द कांगो"" हुआ।",0,[],[]
458,बेरट्रम फ्लेचर रॉबिन्सन ने मदद की।,0,[],[]
459,डॉयल का शरीर ईस्ट ससेक्स के क्रोबोरो में खोजा गया था। वे विंडलेशाम के हॉल में अपनी छाती को मुट्ठी से दबाए जाने से पता चला गया था।,0,[],[]
460,एडिनबर्ग में पैदा हुए थे।,0,[],[]
461,ग्रैनरी प्रायः धरातल से कुछ ऊपर बनाई जाती हैं।,0,[],[]
462,मेरे पास आपके प्रश्न का उत्तर नहीं है।,0,[],[]
463,"जोहान्सबर्ग के पास विट्वाटर्सरेंड नामक टीले पर सोने की प्रचुरता मिल सकती है, क्योंकि यह दक्षिण अफ्रीका का सबसे बड़ा शहर है और यहाँ सोना बहुत प्रक्षेपित है।",0,[],[]
464,तारा सूचीपत्र में पिछले कुछ वर्षों में विभिन्न प्रयोजनों के लिए बनाए गए अलग-अलग तारा सूचीपत्र और कई अलग-अलग प्राचीन लोगों द्वारा संकलित तारे की सूची संकलित हुई थी।,0,[],[]
465,प्रत्येक सिलेंडर में चार वाल्व हैं।,0,[],[]
466,"वेरॉन की इंजन क्षमता 7,993 घन सेंटीमीटर (487.8 घन इंच) का विस्थापन वाली है।",0,[],[]
467,"माइकेलिन पीएएक्स के फ़्लैट टायरों की कीमत प्रति सेट 25,000 अमेरिकी डॉलर है।",0,[],[]
468,"सिविल युद्ध से पहले, डेविस ने मिसिसिपी में एक बड़े कपास बागान का संचालन किया और 74 से ज्यादा दासों के स्वामी थे।",0,[],[]
470,जेफरसन डेविस लेफ्टिनेंट के रूप में संयुक्त राज्य सेना में छह साल की सेवा रहे।,0,[],[]
471,मेरे पास आपके प्रश्न का उत्तर नहीं है।,0,[],[]
473,"धूम्रपान करने के कुछ अन्य साधन पाइप, सिगार, हुक्का और बॉन्ग हैं।",0,[],[]
474,"यूरोपीय अन्वेषण और अमेरिका की विजय के बाद, तंबाकू धूम्रपान लोकप्रिय हो गया।",0,[],[]
475,धूम्रपान का इतिहास लगभग 5000 ई.पू.,0,[],[]
475,के आसपास।,0,[],[]
476,फुटबॉल,0,[],[]
477,1967 के रेफ़रेंडम से आदिवासियों प्रभावित हुए थे।,0,[],[]
478,1 जनवरी 1901 से 1927 तक चला।,0,[],[]
479,ऑस्ट्रेलियाई लड़े विश्व युद्ध के दौरान पश्चिमी प्रान्त में।,0,[],[]
480,"प्रत्येक राज्य के पास एक विधान सभा है। दक्षिण ऑस्ट्रेलिया और तस्मानिया में यह संयोजन सभा के रूप में जानी जाती है, जबकि अन्य राज्यों में यह विधान सभा के रूप में जानी जाती है।",0,[],[]
481,देश के दक्षिणी-पश्चिमी छोर में सामान्यतः समशीतोष्ण जलवायु पाई जाती है।,0,[],[]
482,"ऑस्ट्रेलिया का भुगतान संतुलित है जो GDP के 7% से ज्यादा नकारात्मक है और 50 वर्षो से भी ज्यादा के एकसमान बड़े चालू खाता घाटा है। इसलिए, ऑस्ट्रेलिया का खाता घाटा 50 वर्षो से तक रहा है।",0,[],[]
483,"ऑस्ट्रेलियाई संस्कृति का मुख्य प्रभाव एंग्लो सेल्टिक संस्कृति से आया है, जो देश का प्राथमिक आधार रहा है। देश के प्राकृतिक वातावरण और स्वदेशी संस्कृतियों से कई विशेषताएँ भी शामिल हैं। 20वीं सदी के मध्य से, ऑस्ट्रेलियाई संस्कृति अमेरिकी संस्कृति, ऑस्ट्रेलिया के एशियाई पड़ोसी और बड़े पैमाने पर अंग्रेजी भाषा न बोले जाने वाले देशों के अप्रवासियों से प्रभावित रही है।",0,[],[]
484,"ऑस्ट्रेलिया परिषद से आर्थिक सहायता पाने वाली ऑस्ट्रेलियाई प्रदर्शन कलाओं की कुछ कंपनियों में बैलेट कंपनी शामिल हो सकती है, लेकिन विशेष एक बैले कंपनी का नाम यहाँ दिए गए पाठ से नहीं उल्लेखित है। इसलिए, मेरे पास आपके प्रश्न का उत्तर नहीं है।",0,[],[]
485,मेरे पास आपके प्रश्न का उत्तर नहीं है।,0,[],[]
486,"सेलेनियम आईडी सेलेनियम परीक्षण के लिए एक पूर्ण एकीकृत विकास पर्यावरण (आईडी) है। यह रिकॉर्डिंग, संपादन, और डिबगिंग परीक्षण की अनुमति देता है। इससे कार्यात्मक परीक्षण के लिए रिकॉर्डिंग, संपादन और डिबगिंग किए जा सकते हैं।",0,[],[]
487,फ़ायरफ़ॉक्स,0,[],[]
489,सेलेनियम ग्रिड टेस्ट ब्राउज़र उदाहरणों का उपयोग करके एक सर्वर हब के रूप में कार्य कर सकता है। यह कई मशीनों पर समानांतर में परीक्षण चलाता है और विभिन्न प्रकार के ब्राउज़र संस्करणों और विन्यासों का परीक्षण करता है।,0,[],[]
490,"निर्यात फसलों का अंतिम गंतव्य हिंदचीन प्रायद्वीप के कुछ शहरों जैसे मुंबई, कलकत्ता, पोर्ट सैद, इस्तांबुल और हांगकांग था।",0,[],[]
491,शिराज की अर्थव्यवस्था में बदलाव आया था।,0,[],[]
492,बड़ी एलर्जी जैसे फोटोडर्माटाइटिस और एनाफिलिक्स दो प्रमुख प्रतिक्रियाएँ हैं।,0,[],[]
493,फुटबॉल ईरान में सबसे लोकप्रिय खेल है और इसकी लोकप्रियता बढ़ रही है।,0,[],[]
495,"�रान मिले 4 स्वर्ण पदक सहित 12 पदक। इसलिए, पुरस्कार ईरान को मिले।",0,[],[]
496,इरान अपने राष्ट्रीय खेल के बारे में बात करते समय कुश्ती की बात करता है।,0,[],[]
497,अभिक्षमता से आशय निश्चित प्रकार के कार्य को कर सकने की क्षमता से है। इसे 'योग्यता' माना जा सकता है।,0,[],[]
498,मेरे पास आपके प्रश्न का उत्तर नहीं है।,0,[],[]
499,एकाध घण्टे में मतदान के तुरन्त बाद।,0,[],[]
500,फ़िशिंग तकनीक को 1987 में विस्तार से वर्णित किया गया था।,0,[],[]
503,पापुआ न्यू गिनी का हिस्सा हैं।,0,[],[]
504,संरक्षण की आवश्यकता है।,0,[],[]
505,किरिविना के मुख्य द्वीप पर अधिकांश लोग रहते हैं।,0,[],[]
506,600,0,[],[]
507,यूक्रेन इतिहास में पहली बार सोवियत संघ के आक्रमण के बाद 1939 में एकजुट हुआ था।,0,[],[]
508,यूक्रेन और सोवियत सेना में शामिल हुए थे।,0,[],[]
509,"युक्रेनियाई लोग विजय दिवस, दस यूक्रेनी राष्ट्रीय छुट्टियों में से एक का जश्न मनाते हैं।",0,[],[]
510,मेरे पास आपके प्रश्न का उत्तर नहीं है।,0,[],[]
511,यूक्रेन ने मई 1992 में लिस्बन प्रटोकॉल पर हस्ताक्षर किए।,0,[],[]
512,मेरे पास आपके प्रश्न का उत्तर नहीं है।,0,[],[]
513,56%,0,[],[]
514,वेब ट्रैफिक को मापने का तरीका वेब सर्वर लॉग फाइलों में ट्रैफिक आंकड़ों का विश्लेषण करके किया जा सकता है।,0,[],[]
515,एक व्यक्ति को औसत पृष्ठ अवधि की जानकारी देती है कि जितना अधिक पृष्ठों को देखा जाता है उतना ही बेहतर यह आपकी कंपनी के लिए होता है।,0,[],[]
516,मेरे पास आपके प्रश्न का उत्तर नहीं है।,0,[],[]
517,सन्दर्भदाता; मेजबान लिंक के (स्पष्ट) स्रोत की निगरानी रख सकता है और यह निर्धारित कर सकता है कि कौन सी साइटें किसी विशेष पृष्ठ के लिए सबसे अधिक ट्रैफिक पैदा कर रही हैं। इस चीज़ का नाम संदर्भदाता है।,0,[],[]
518,इंग्लैंड,0,[],[]
519,सिर के आघात से बचाने के लिए हेलमेट पहनना चाहिए।,0,[],[]
520,बर्फ के लगातार टूटते चले जाने वाले चादरों और भारी कपड़ों के कारण स्केटर के लिए पानी में से निकलना कठिन होता है।,0,[],[]
521,"नहीं, कोई भी संसद कानून पारित नहीं कर सकती जो आगामी सरकार नहीं बदल सकती है।",0,[],[]
522,मंत्री बनते हैं।,0,[],[]
524,यूनाइटेड किंगडम फ्रांस के उत्तर पश्चिमी तट के 35 km के भीतर इंग्लिश चैनल के द्वारा अलग होता है।,0,[],[]
525,"यूनाइटेड किंगडम में मध्य 2007 तक लगभग 60,975,000 लोग रहते थे।",0,[],[]
526,लंदन,0,[],[]
527,"इंग्लैंड और वेल्स क्रिकेट बोर्ड द्वारा नियंत्रित इंग्लैंड क्रिकेट टीम है, जो इंग्लैंड और वेल्स के खिलाड़ियों से तैयार की जाती है। वेल्स और इंग्लैंड अलग राष्ट्रीय टीमों की तरह खेलते हैं।",0,[],[]
528,मैकडीआरमिड और गुन ने स्कॉटिश नवजागरण में योगदान किया।,0,[],[]
529,जेरेमी बेंटम और शानिल उल्लेखनीय ब्रिटिश दार्शनिक हैं।,0,[],[]
530,रानी,0,[],[]
531,"बुलडॉग कभी यूनाइटेड किंगडम के प्रतीक के रूप में प्रयोग किया जाता है और विंस्टन चर्चिल के नाजी जर्मनी की अवज्ञा से संबंधित है। इसलिए, चर्चिल ने नाज़ियों को हराने के लिए बुलडॉग का प्रतिनिधित्व किया जाता है।",0,[],[]
532,ब्रिटानिया को भूरे या सुनहरे बालों वाली एक जवान औत के रूप में प्रतीक किया गया है।,0,[],[]
533,ब्रिटिश प्रतीक ब्रिटिया कभी शेर के पीछे सवारी करती हुई दर्शाई जाती हैं।,0,[],[]
534,मेरे पास आपके प्रश्न का उत्तर नहीं है।,0,[],[]
535,दो हफ्ते,0,[],[]
536,युरेनस के एक ध्रुव लगातार सूर्य का सामना करता है।,0,[],[]
537,"नहीं, युरेनस अन्य ग्रहों की तुलना में अद्वितीय नहीं बनाता है। यह ग्रह अपने अक्षीय झुकाव और घूर्णन धूरी के कारण अन्य ग्रहों से अलग है, लेकिन यह अद्वितीय नहीं बनाता है।",0,[],[]
538,यूरेनस पर एक अद्भुत अक्षीय झुकाव है।,0,[],[]
539,"यूरेनस द्वारा अवरक्त वर्णक्रम से छोड़ी गई कुल शक्ति, उसके अपने वातावरण में अवशोषित सौर ऊर्जा की 1.06 ± 0.08 गुना है। यह अंक ऊष्मा ऊर्जा से युक्त ऊर्जा की मात्रा को प्रदर्शित कर सकता है, लेकिन सूची में यह विशेष रूप से ऊष्मा ऊर्जा की मात्रा के बारे में साबित नहीं है। इसलिए, यूरेनस द्वारा बाहर निकाली गई ऊर्जा में ऊष्मा ऊर्जा की गणना करने के लिए अधिक जानकारी आवश्यक है। दिए गए जानकारी के आधार पर यह नहीं किया जा सकता।",0,[],[]
540,मेरे पास आपके प्रश्न का उत्तर नहीं है। दी गई जानकारी में विचलन श्रृंखला के बारे में कोई जानकारी नहीं है।,0,[],[]
542,1965,0,[],[]
545,एडिडास 1 2005 में पेश किया गया था।,0,[],[]
546,"फूल नीले, गुलाबी, लाल और सफेद रंग के हो सकते हैं।",0,[],[]
547,मेरे पास आपके प्रश्न का उत्तर नहीं है।,0,[],[]
548,लोग अधिकांशतः भारत-आर्य मूल के हैं।,0,[],[]
550,हिंदी गाने उत्तर भारतीय भाषाओं से संबंधित धुनों पर आधारित हैं।,0,[],[]
552,प्रश्न का उत्तर दी गई सूची में पाए गए पाठ से निकाला गया नहीं। मेरे पास आपके प्रश्न का उत्तर नहीं है।,0,[],[]
554,गौदी के कार्य को अन्तराष्ट्रीय अपील प्राप्त है तथा कई अध्ययन इनकी वास्तुकला को समझने के लिए समर्पित किए गए हैं। वर्तमान में इनके कार्य के वास्तुकारों और आम जनता के बीच समान रूप से प्रशंसक मिलते हैं।,0,[],[]
555,गौदी 7 जून 1926 को प्रतिदिन सैर करने जाते थे।,0,[],[]
556,FX चैनल पर है।,0,[],[]
557,फोर्ड ने जैगुआर के शेयर खरीदने का प्रयास किया।,0,[],[]
559,5 वर्ष से कम उम्र के बच्चों में बुखार और खांसी अक्सर नहीं होते हैं।,0,[],[]
560,लेख में लगभग 100 विभिन्न संक्रामक एजेंटों की पहचान की गई है।,0,[],[]
561,15%,0,[],[]
562,"हिस्टोप्लाज्मोसिस मिसिसिपी नदी घाटी में और कॉकिडियोआइडोमाइकोसिस, दक्षिणपश्चिम संयुक्त राज्य अमेरिका में मामलों की दर में वृद्धि हुई है।",0,[],[]
563,"कुछ परजीवी जीव फेफड़ों में शामिल होने का कारण उनकी दूसरे स्थानों से द्वितीयक रूप में शामिल होना है। इसके अलावा, फेफड़ों में शामिल होने से गंभीर स्नोफीलिक प्रतिक्रिया उत्पन्न हो सकती है, जिसके कारण स्नोफीलिक निमोनिया हो सकता है।",0,[],[]
565,फेफड़ों में प्रवेश करती है।,0,[],[]
566,अपनी आँखों या नाकों को छूते हैं।,0,[],[]
567,वायरस रक्त के माध्यम से फेफड़े तक पहुंच सकते हैं।,0,[],[]
568,"बैक्टीरिया फेफड़ों में एल्वियोली और कोशिकाओं के बीच के क्षेत्र में प्रवेश करने पर, न्यूट्रोफिल साइटोकाइन मुक्त हो जाते हैं जो प्रतिरक्षा तंत्र को सक्रिय करते हैं। यह निमोनिया की विकास का कारण बन सकता है, जिसमें बुखार, ठिठुरन और थकान जैसे लक्षण हो सकते हैं।",0,[],[]
569,रक्त द्वारा।,0,[],[]
570,प्रतिरक्षा तंत्र में साइटोकिन्स प्रतिक्रिया देते हैं।,0,[],[]
571,उपचार अक्सर समुदाय में इन्फ्लुएंज़ा की उपस्थिति या तीव्र इन्फ्लुएंज़ा परीक्षण पर आधारित होता है।,0,[],[]
572,रेडियोग्राफ एक प्रक्रिया है जिसका उपयोग डॉक्टर व्यक्ति के स्वास्थ्य का निर्धारण करने के लिए करते हैं।,0,[],[]
573,"लगभग उपलब्ध पाठ्य सामग्री से यह स्पष्ट है कि गंभीर उत्पादक कफ़ से पीड़ित लोगों में माइक्रोबैक्टीरियम ट्यूबक्यूलोसिस के लिए मूत्र परीक्षण किया जाना चाहिए। इसके अलावा, वायरस जनित संक्रमण को पहचानने के लिए नियमित माइक्रोबायोलॉजिकल परीक्षण या पॉलीमरेस चेन प्रतिक्रिया (पीसीआर) के साथ वायरस या इसके एंटीजन की पहचान की पुष्टि की जा सकती है।",0,[],[]
574,"यदि वैश्विक रूप से उपयुक्त उपचार उपलब्ध होते तो बचपन में होने वाली मौतों में से 6,00,000 को कम किया जा सकता था।",0,[],[]
576,हाथों की स्वच्छता और अपनी बांह पर खांसना प्रभावी रोकथाम उपाय हो सकता है।,0,[],[]
577,"हॉस्पिटल अक्वायर्ड निमोनिया के लिए सिफारिशों में तीसरी और चौथी पीढ़ी के सिफाल्सोपोरिन्स, कार्बापेनम, फ्लोरोक्विनालोन, एमीनोग्लाइकोसाइड और वैन्कोमिसिन शामिल हैं।",0,[],[]
578,कॉर्टिकॉस्टरॉएड का उपयोग विवादित है।,0,[],[]
579,10% तक उच्च हो सकती है।,0,[],[]
580,फेफड़े के फोड़े के लिए एक स्वीकार्य उपचार दीर्घ अवधि के एंटीबायोटिक होते हैं। कभी-कभार फोड़ों को शल्यचिकित्सक या रेडियोलॉजिस्ट द्वारा निकाला जाना जरूरी हो जाता है।,0,[],[]
581,निमोनिया फेफड़ों में तरल भर जाता है और वे सख्त हो जाते हैं। इस सख्ती के साथ एल्वियोलर तरल के कारण ऑक्सीजन निष्कर्षण में गंभीर कठिनाइयों के संयोजन के चलते उत्तरजीविता हेतु लंबी अवधि के लिये यांत्रिक श्वसन की आवश्यकता पड़ सकती है।,0,[],[]
582,निमोनिया,0,[],[]
583,कार्ल फ्रेडलैन्डर ने 1882 में स्ट्रेप्टोकॉकस निमोनिया का पता लगाया था।,0,[],[]
585,मेरे पास आपके प्रश्न का उत्तर नहीं है।,0,[],[]
586,मेरे पास आपके प्रश्न का उत्तर नहीं है।,0,[],[]
587,अनेक जीन कुष्ठरोग के प्रति संवेदनशीलता से जुड़े हुए हैं।,0,[],[]
588,मेरे पास आपके प्रश्न का उत्तर नहीं है।,0,[],[]
589,1878,0,[],[]
590,"निडारिया (Cnidaria) एक जीववैज्ञानिक संघ है जो समुद्री और मीठे जलाशयों में मिलता है। यह अपनी निडोसाइट नामक विशेष कोशिकाओं के लिए जाना जाता है, जो विषैली वस्तुएँ छोड़कर अन्य प्राणियों का शिकार करती हैं। इनके शरीर का अधिकांश भाग मीसोग्लीया नामक एक जेली जैसी सामग्री का बना होता है और वे व्यासीय सममिति वाले होते हैं।",0,[],[]
591,14 9 2 और 1876 ईसवी के बीच होता है।,0,[],[]
592,"दिए गए मस्केटीर्स की संख्या अधिक है। दिए गए उदाहरण में, ""द जनरल"" को बारह मस्केटीर्स और भारी तोपखाने का एक टुकड़ा मिलता है, जबकि ""द नॅचुरलिस्ट"" को चार गायें मिलती हैं। इसलिए, दिए गए मस्केटीर्स की संख्या अधिक है।",0,[],[]
593,XP (अनुभव),0,[],[]
594,XP का मतलब अनुभव है।,0,[],[]
595,मेरे पास आपके प्रश्न का उत्तर नहीं है।,0,[],[]
596,सोलांजे,0,[],[]
597,लीसी द पायरेट ने मॉर्गन पर हमला किया।,0,[],[]
598,मेरे पास आपके प्रश्न का उत्तर नहीं है।,0,[],[]
599,नाथानिएल,0,[],[]
600,चंद्रमा के झील का नक्शा ओसस के सर्किल के नेता बीमोंट की ओर से पाया गया था।,0,[],[]
601,"खेल की घोषणा 4 जनवरी, 2005 को की गई।",0,[],[]
603,अंतरराष्ट्रीय मंच द्वारा एकीकृत होना।,0,[],[]
604,प्रश्न का उत्तर नहीं है।,0,[],[]
605,मेयर एस्क्वायर के लिए लिखते थे।,0,[],[]
606,इस सूची में यह जानकारी नहीं है कि मेयर के EP में कितने गाने हैं। मेरे पास आपके प्रश्न का उत्तर नहीं है।,0,[],[]
607,अदिश क्षेत्र जैसे सार तत्व या मॉड्यूली गुप्त ऊर्जा के दो प्रस्तावित रूप हैं जो अंतरिक्ष में योगदान देते हैं।,0,[],[]
608,22%,0,[],[]
609,सार तत्व के सबसे अच्छे सबूत।,0,[],[]
610,ब्रह्मांडीय त्वरण से संबंधित।,0,[],[]
611,मेरे पास आपके प्रश्न का उत्तर नहीं है।,0,[],[]
612,अनुवादकों के पेशे में।,0,[],[]
613,मेरे पास आपके प्रश्न का उत्तर नहीं है।,0,[],[]
614,"यदि कोई व्यक्ति मानक उपचार द्वारा बेहतर नहीं होता है, तो बैक्टीरिया की जांच के लिए अतिरिक्त परीक्षण किये जा सकते हैं।",0,[],[]
615,गंभीर कंठ-रोग के लक्षण घरघराहट और छाती की दीवार का आंकुचन होता है।,0,[],[]
616,3 से 5 का कुल स्कोर आवश्यक है।,0,[],[]
617,"श्वसन विफलता, भौंकने जैसी खांसी और घरघराहट।",0,[],[]
618,अंतःश्वासनली इंट्यूबेशन की आवश्यकता होती है।,0,[],[]
619,बुडासोनाइड इंजेक्शन द्वारा और इसमें साँस लेने से दोनों तरीकों द्वारा ली जा सकती है।,0,[],[]
620,"गर्म भाप को सांस में लेने का इलाज पारंपरिक स्व-देखभाल उपचार के रूप में गर्म भाप या वाष्पीकृत हवा का श्वसन किया जाता है, लेकिन आजकल इसका उपयोग कम ही किया जाता है। इसकी प्रभावशीलता का समर्थन काफी कम प्रमाण है।",0,[],[]
621,"वायरस जनित कंठ-रोग की अपेक्षित अवधि दो दिनों के भीतर बेहतर हो जाती है, लेकिन सात दिनों तक बने रह सकती है।",0,[],[]
622,15 वर्ष से 5-6 वर्ष तक,0,[],[]
623,18वीं सदी में 6 महीने और 5 वर्ष की आयु के बीच होने वाले एक श्वसन संक्रमण को क्रुप या डिप्थीरिया के कारण होने वाला क्रुप कहा जाता था।,0,[],[]
625,मनोविज्ञान विभाग की शुरुआत 1896 में पेंसिल्वैनिया विश्वविद्यालय में लाइटनर विट्मर द्वारा प्रथम मनोवैज्ञानिक चिकित्सालय की स्थापना के साथ हुई।,0,[],[]
626,प्रश्न का उत्तर देने के लिए दिए गए पाठ से निर्धारित समय नहीं मिल रहा है। मेरे पास आपके प्रश्न का उत्तर नहीं है।,0,[],[]
627,मेरे पास आपके प्रश्न का उत्तर नहीं है।,0,[],[]
628,"यूनिवर्सल स्टूडियो फ्लोरिडा, यूनिवर्सल स्टूडियो हॉलीवुड और यूनिवर्सल स्टूडियो जापान में फिल्माई गई टर्मिनेटर 2 के मुख्य कलाकारों के साथ T2 3-D: Battle Across Time का एक लघु-सीक्वेल है, जिसमें घूर्णी इंजन के बारे में कोई वर्णन नहीं किया गया है। इसलिए, मेरे पास आपके प्रश्न का उत्तर नहीं है।",0,[],[]
629,हस्तरेखा शास्त्र या काइरमैन्सी कला कई सांस्कृतिक विविधताओं के साथ दुनिया भर में देखी जाती है।,0,[],[]
630,खेलने की स्ट्रिप्स को लॉन बाउल्स कहा जाता है।,0,[],[]
631,संजय लीला भंसाली ने बाजीराव मस्तानी का निर्देशन किया।,0,[],[]
632,अमेरिका ने नेवाडा क्षेत्र पर 1848 में कब्जा कर लिया।,0,[],[]
634,मेरे पास आपके प्रश्न का उत्तर नहीं है।,0,[],[]
635,फ्रीटाउन के कारावास में।,0,[],[]
637,शनि ग्रह ध्रुवों पर चपटा और भूमध्यरेखा पर उभरा हुआ है। इसकी भूमध्यरेखीय और ध्रुवीय त्रिज्याओं के बीच करीब 10% का फर्क है।,0,[],[]
638,करीब 10%,0,[],[]
639,"शनि के कोर का व्यास लगभग 25,000 किमी माना जाता है।",0,[],[]
641,रिया पर एक स्वयं की कमजोर वायुमंडल प्रणाली हो सकती है।,0,[],[]
643,अंतरिक्ष यान ने शनि के छल्लों और उसके चन्द्रमाओं का अध्ययन किया।,0,[],[]
644,मेरे पास आपके प्रश्न का उत्तर नहीं है।,0,[],[]
646,"शनि अपनी सर्वाधिक चमक पर दिखाई देता है जब यह विमुखता पर या इसके नजदीक है, जिसका मतलब है यह 180° के प्रसरकोण पर होता है और ग्रह आकाश में सूर्य के विपरीत दिखाई देता है।",0,[],[]
647,29½ साल,0,[],[]
648,"इश्तार टेरा (Ishtar Terra) शुक्र ग्रह पर दो मुख्य उच्चभूमि क्षेत्रों में से एक है। यह नाम अकाडिनी देवी इश्तार पर रखा गया है, लेकिन यह किसी व्यक्ति को नहीं दर्शाता। इसका वर्णन उच्चभूमि के क्षेत्र के रूप में किया गया है।",0,[],[]
649,सरुहाशी कटसुको एक जापानी भूरसायनविद थी।,0,[],[]
650,कात्सुको सारुहाशी ने १९५७ में रसायनशास्त्र में टोक्यो विश्वविद्यालय से डॉक्टरेट उपाधि अर्जित की। इसलिए उत्तर है: रसायनशास्त्र,0,[],[]
651,भारतीय सरकार के रक्षा मंत्रालय (रक्षा मंत्रालय) करता है।,0,[],[]
653,अमरीका से।,0,[],[]
654,युद्धों के समय आवश्यकता के दबाव के कारण शोध किया गया।,0,[],[]
655,कुनैन की प्राकृतिक स्रोत सिन्कोना के पेड़ से मिल सकती है।,0,[],[]
656,तेज उत्तरी-पूर्वी हवाएँ अप्रैल से अप्रैल तक बहना शुरू होती हैं।,0,[],[]
658,1799 में।,0,[],[]
659,कच्ची सड़कें अभी भी बड़ी संख्या में रह गई हैं। वे विशेष रूप से ग्रामीण क्षेत्रों में उपयोग में लाई जाने वाली सड़कें हैं।,0,[],[]
661,"समय से पहले दफन करने के कारण निर्जलीकरण, भुखमरी, या ठंडे मौसम में हाइपोथर्मिया या दम घुटना हो सकता है।",0,[],[]
662,2009 तक,0,[],[]
665,पॉलिन सार्वजनिक विद्यालयों में यौन शिक्षा के पक्ष में हैं जो गर्भनिरोध के साथ-साथ संयम को बढ़ावा देते हैं।,0,[],[]
666,मॉंटेवीडियो की स्थापना 18वीं सदी के शुरुआती दौर में हुई थी।,0,[],[]
667,उरुग्वे का तट 660 किमी (410 मील) लंबा है।,0,[],[]
668,उरुग्वे को भ्रष्टाचार धारणा सूचकांक में 25वां स्थान पर रखा गया है।,0,[],[]
669,"परिणामों का अध्ययन और संग्रह करने के लिए विभिन्न तरीकों का उपयोग किया जाता है, जिनमें से कुछ इस प्रकार के हैं: 1.",0,[],[]
669,24 घंटे के मूत्र संग्रह से कैटेकोलामीन और मेटानेफ्रिन की माप। 2.,0,[],[]
669,प्लाज्मा में कैटेकोलामीन और मेटानेफ्रिन की माप। 3.,0,[],[]
669,यूरीनरी मेटानेफ्रिन और वीएमए के स्तरों का अनुसरण। 4.,0,[],[]
669,"सिर, गर्दन और छाती और पेट की टी2 भारित एमआरआई या कंप्यूटरीकृत टोमोग्राफी द्वारा ट्यूमर की स्थिति का दर्शान। 5.",0,[],[]
669,आयोडीन-123 मेटा-आयोडोबेंजीलग्वानिडीन इमेजिंग के द्वारा ट्यूमरों की स्थिति का दर्शान।,0,[],[]
670,क्लोनिडीन कैटेकोलामीन की नकल करता है।,0,[],[]
671,"द गुड, द बैड एंड द अग्ली",0,[],[]
672,16 बिट रंग.,0,[],[]
673,फ्लोरिडा बस विरोध 1956-1957 के दौरान हुआ।,0,[],[]
674,मेरे पास आपके प्रश्न का उत्तर नहीं है।,0,[],[]
675,12 अप्रैल 1963 को राजा को गिरफ्तार किया गया।,0,[],[]
676,"अस्थमा के जोखिम कारकों के बारे में बताया गया है, लेकिन संवैधानिक नहीं हो सकने वाली बातों के बारे में कोई जानकारी नहीं मिली है। मेरे पास आपके प्रश्न का उत्तर नहीं है।",0,[],[]
677,गेस्टोन मोटेल में अनौपचारिक रूप से SCLC का मुख्यालय रहता था और राजा के भाई रेवरेंड ए.डी.,0,[],[]
677,किंग का घर था।,0,[],[]
678,"""आई हैव ए ड्रीम""",0,[],[]
679,सेल्मा का शेरिफ जिम क्लार्क था।,0,[],[]
680,जैक्सन की मौत के कारण एमएलके के मार्च की चिंगारी भड़की।,0,[],[]
681,600 लोगों ने 54 मील की दूरी पर मार्च किया।,0,[],[]
682,मेरे पास आपके प्रश्न का उत्तर नहीं है।,0,[],[]
683,"चार साल के भीतर, दक्षिण एशिया में मतदाता पंजीकरण दोगुना से अधिक वृद्धि हुई।",0,[],[]
684,मिसिसिपी,0,[],[]
685,"250,000 नए अश्वेत मतदाताओं को पंजीकृत किया गया था।",0,[],[]
687,"नोबेल शांति पुरस्कार प्राप्त करने के बाद, किंग के कैरियर में निराशायुक्त चुनौतियाँ थीं। ये चुनौतियाँ 1964 का नागरिक अधिकार अधिनियम के लिए युद्ध और 1965 का मतदान अधिकार अधिनियम के लिए युद्ध से रिलेटेड थीं।",0,[],[]
688,फुटबॉल,0,[],[]
689,पांच बार उसने अंतरिक्ष में उड़ान भरी थी।,0,[],[]
690,मेरे पास आपके प्रश्न का उत्तर नहीं है।,0,[],[]
691,"उत्तर दिए गए पाठ से पता चलता है कि विश्वविद्यालय के पूर्वी दिशा में बने परिसरों का नाम ""उत्तरी परिसर"" दिया गया है।",0,[],[]
692,"भारतीयों को गरीबी, भ्रष्टाचार, कुपोषण, अपर्याप्त सार्वजनिक स्वास्थ्य-सेवा और आतंकवाद की चुनौतियां सामने आती हैं।",0,[],[]
694,भारत की न्यायपालिका में 24 उच्च न्यायालयों का उपयोग किया जाता है।,0,[],[]
695,मेरे पास आपके प्रश्न का उत्तर नहीं है।,0,[],[]
696,मिलान में कैथोलिक धर्म है।,0,[],[]
697,"सामान्य रूप से सिर्फ ""सैन सिरो"" के नाम से जाना जाता है।",0,[],[]
698,फेडरर ने रफ़ाएल नदाल से हारा था।,0,[],[]
699,"वॉरेन ने कहा, ""सज्जनों, यह कोई पाखंड नहीं है।""",0,[],[]
701,बुजुर्ग महिलाएँ विशेष रूप से पैरों और पेल्विस की हड्डियों के फ्रैक्चर से प्रभावित होती हैं।,0,[],[]
703,रेडियो पर उल्लेखनीय रूप से ध्यानाकर्षित किया।,0,[],[]
704,"लिंकिन पार्क ने मिटिओरा एल्बम की सफलता के बाद एक नया पروजेक्ट रेवल्यूशन गठित किया। इसके अतिरिक्त, वे ग्रीष्मकालीन सैनिटेरियम टूर 2003 में भी शामिल हुए।",0,[],[]
707,बैंड ने एल्बम के निर्माण में लगभग 14 महीने का समय व्यतीत किया। यह जानकारी उपलब्ध पाठ्य सामग्री में दी गई है।,0,[],[]
708,"लिंकिन पार्क के 2007 एल्बम ""मिनट्स टू मिडनाइट"" का निर्माण निर्माता रिक रूबिन ने किया था।",0,[],[]
709,"सेवाएँ एक संचार समझौते का पालन करती हैं, जैसा कि सामूहिक रूप से एक या अधिक सेवा-विवरण दस्तावेजों के द्वारा परिभाषित किया गया है।",0,[],[]
710,मेरे पास आपके प्रश्न का उत्तर नहीं है।,0,[],[]
711,युवा लड़कियां अपने लंबे बालों को स्विंग करके और संगीत के मजबूत धड़कन के समय में अपने शरीर को घुमाने के द्वारा नृत्य किया।,0,[],[]
712,"वीवा, आसमां, श्वेता शेट्टी, जैस्मीन और स्टाइल भाई इंडी-पॉप कलाकार हैं।",0,[],[]
713,50 प्रतिशत,0,[],[]
714,"कई बायोपॉलिमर स्वतः ही विशिष्ट आकारों में दोहरे हो जाते हैं, जिससे उनके जैविक कार्यकलाप निर्धारित होते हैं।",0,[],[]
715,पाएंगे पॉलिपेप्टाइड श्रंखला।,0,[],[]
716,मेरे पास आपके प्रश्न का उत्तर नहीं है।,0,[],[]
717,अक्सिटल ट्वीजर या परमाणु बल माइक्रोस्कोपी।,0,[],[]
718,टीना के प्रति आकर्षण रखता है।,0,[],[]
719,राज आखिर भारत पर छुट्टी पर लौट आता है।,0,[],[]
721,प्रश्न का उत्तर उपलब्ध जानकारी में नहीं पाया गया है।,0,[],[]
725,विक्रम सिन्हा का दूसरा नाम शरद सक्सेना है।,0,[],[]
726,कॉपरमाइन नदी प्वाइंट झील से उठती है।,0,[],[]
727,हूलौक्स में लिंग भेद नहीं किया जाता है। यह पाठ सूची में नहीं दिया गया है और इस प्रश्न का उत्तर देने के लिए उपलब्ध जानकारी का उपयोग नहीं किया जा सकता।,0,[],[]
728,मेरे पास आपके प्रश्न का उत्तर नहीं है।,0,[],[]
729,प्रश्न का उत्तर दिए गए पाठ्य सामग्री में नहीं मिल रहा है।,0,[],[]
730,6 मास बाद पुरुषों के बालों का रंग गहरा हो जाता है और फिर काले हो जाते हैं।,0,[],[]
731,मेरे पास आपके प्रश्न का उत्तर नहीं है।,0,[],[]
735,मेरे पास आपके प्रश्न का उत्तर नहीं है।,0,[],[]
736,सवाल के उत्तर के लिए दिए गए पाठ सूची में कोई जानकारी नहीं है।,0,[],[]
737,मेरे पास आपके प्रश्न का उत्तर नहीं है।,0,[],[]
738,मेरे पास आपके प्रश्न का उत्तर नहीं है।,0,[],[]
739,"मर्सिडीज-बेंज कार निर्माता दुनिया भर में कई देशों में उपलब्ध कराता है, लेकिन वाहन दुनिया भर में कई देशों में निर्मित होते हैं। विशेष रूप से, स्मार्ट कार डेमलर एजी द्वारा निर्मित की जाती है। इसलिए, यहाँ विशेष स्थान या उत्पादन केंद्र का उल्लेख नहीं मिला है।",0,[],[]
740,2002 में इरना से संगीत बनाने का निवेदन किया गया था।,0,[],[]
741,269000,0,[],[]
743,प्रत्येक थाई आप्रवासी के लिए 500 डॉलर ऑफर किया जाता है।,0,[],[]
745,मेरे पास आपके प्रश्न का उत्तर नहीं है।,0,[],[]
746,"ब्रिटिश राजकीय निवास में राजकीय आयोजनों और शाही आतिथ्य की तुलना में बकिंघम पैलेस एक आधिकारिक निवास स्थान है जहाँ ब्रिटिश शाही परंपरा का निवास होता है। वास्तव में, यहाँ ब्रिटिश शाही परंपरा के दौरान राजकीय और शाही निवासी रहते हैं। लेकिन विशेष दिनों या आयोजनों के दौरान यहाँ शाही निवासी रह सकते हैं। इसलिए, यह कि कौन बकिंघम पैलेस में रहता है, वह विशेष मौसम या घटना के आधार पर बदलता है।",0,[],[]
747,19वीं सदी में रानी के मकान के विस्तार का डिजाइन वास्तुकारों जॉन नैश और एडवर्ड ब्लोर द्वारा किया गया।,0,[],[]
748,महल की चिमनी से धुंआ निकलता था जिससे आग को बुझा देना पड़ता था। प्रांगण में बर्फ़ की फ़ुहारें आती थीं। वेंटिलेशन खराब था जिससे इंटीरियर से बदबू आती थी। नीचे के फ़्लोरों पर गैस तैयार करने की गंभीर चिंता उत्पन्न हो गई। स्टाफ़ नकारा और सुस्त थे और महल गंदा था।,0,[],[]
749,विंडसर कासल में किए जाते थे।,0,[],[]
750,म्यूजिक रूम है।,0,[],[]
751,चीनी लंच रूम की एक प्रमुख विशेषता डब्ल्यू.एम.,0,[],[]
751,फ़ीथम द्वारा डिजाइन की गयी एक चिमनी है।,0,[],[]
752,मेरे पास आपके प्रश्न का उत्तर नहीं है।,0,[],[]
753,"दिल्ली दरबार के महल का माप 36.6 मी॰ (120.08 फीट) लंबा, 18 मी॰ (59.06 फीट) चौड़ा और 13.5 मी॰ (44.29 फीट) ऊँचा (120’ x 59’ x 44’ 3.5”) है।",0,[],[]
755,"महल के अभिषेक समारोह के दौरान, म्युजिशियंस गैलरी में एक मिलिट्री बैंड बजाया जाता है।",0,[],[]
756,मेरे पास आपके प्रश्न का उत्तर नहीं है।,0,[],[]
757,राजकीय भोज राज्य के प्रमुख की राजकीय यात्रा की पहली शाम के औपचारिक डिनर के दौरान तैयार किए जाते हैं।,0,[],[]
758,सभी क्रिस्टल कैंडल और स्कॉंसेज़ के प्रतिबिंब विशाल उत्तरी दरवाजों से दिखाई देते थे जहाँ से स्पेस और लाइट का मनमोहक दृश्य दिखाई पड़ता था।,0,[],[]
759,बकिंघम पलिलेस में स्वागत का सबसे बड़ा और आधिकारिक स्वागत का कारण है क्योंकि महारानी लंदन में रहनेवाले विदेशी राजनैतिक समूह के सदस्यों से मिलने के लिए यह आयोजित किया जाता है और इसमें सभी राजकीय कक्षों का इस्तेमाल किया जाता है।,0,[],[]
760,मेरे पास आपके प्रश्न का उत्तर नहीं है।,0,[],[]
761,महारानी के तीन बच्चों का नामकरण संगीत कक्ष में हुआ था।,0,[],[]
762,1844 रूम में अधिक संख्या में छोटे समारोह होते हैं।,0,[],[]
763,रानी एलेक्जेंड्रा है।,0,[],[]
764,मेरे पास आपके प्रश्न का उत्तर नहीं है।,0,[],[]
765,युद्ध कालीन बम विस्फोटों की कवरेज पूरी तरह प्रतिबंधित कर दी गयी थी।,0,[],[]
766,1695 से एडिनबर्ग का बैंकिंग एक मुख्याधार रहा है।,0,[],[]
768,लेक्स लूथर आर्खम असायलम से भाग निकलता है।,0,[],[]
769,फिल्म में बेन एफ्लेक की भूमिका कार्यकारी निर्माता के रूप में थी।,0,[],[]
770,ब्रिटिश सरकार ने 1773 में रेगुलेशन एक्ट अधिनियम के तहत भारत का प्रशासन आंशिक रूप से नियंत्रण ले लिया।,0,[],[]
771,गवर्नर-जनरल की भूमिका वर्तमान में औपचारिक ही निभाई जाती है।,0,[],[]
772,"1784 में, परिषद को तीन सदस्य तक सीमित कर दिया गया।",0,[],[]
773,1786,0,[],[]
774,मेरे पास आपके प्रश्न का उत्तर नहीं है।,0,[],[]
776,मेरे पास आपके प्रश्न का उत्तर नहीं है।,0,[],[]
777,मेरे पास आपके प्रश्न का उत्तर नहीं है।,0,[],[]
778,वाइसरीगल लॉज,0,[],[]
779,ब्लैक-रम्प्ड फ्लेमबैक की लम्बाई की सीमा 26-29 सेंमी है।,0,[],[]
780,1000 मीटर तक,0,[],[]
781,ऐमलथीया का रंग काफ़ी लाल है।,0,[],[]
782,"उपलब्ध पाठ्य सामग्री के आधार पर, बाढ़ में डूबे हुए जानवरों की अनुमानित संख्या लगभग ३०,००० है।",0,[],[]
783,"बाढ़ के कारण 30,000 लोगों को उनके घरों से हटाना पड़ा।",0,[],[]
784,कास्ट आयरन का उपयोग हुआ।,0,[],[]
786,एडमंड बेक्केट डेनिसन,0,[],[]
787,पेंडुलम के ऊपर पुराने सिक्कों का ढेर रखा जाता है क्योंकि यह घड़ी के समय को समायोजित करने के लिए है। सिक्का जोड़ने से पेंडुलम की लंबाई कम हो जाती है और इसलिए घड़ी की गति परिवर्तित हो जाती है।,0,[],[]
788,"रखरखाव कार्य के दौरान, घड़ी मूल तंत्र द्वारा संचालित नहीं होती है बल्कि एक इलेक्ट्रिक मोटर द्वारा संचालित होती है।",0,[],[]
789,"ग्रेट बेल के साथ, वेस्टमिंस्टर क्वार्टर में चार तिमाही घंटो का संचय किया गया है जो तिमाही घंटो पर वेस्टमिंस्टर क्वार्टरों को प्ले करते हैं। ये चार तिमाही घंटिया Gसाँचा:Music, Fसाँचा:Music, E और B हैं। इसलिए, अलावा से, वेस्टमिंस्टर क्वार्टर में ये चार घंटी बजती हैं: Gसाँचा:Music, Fसाँचा:Music, E और B।",0,[],[]
790,मेरे पास आपके प्रश्न का उत्तर नहीं है।,0,[],[]
791,बेला अनुभवहीन और संकोची लड़की है।,0,[],[]
792,बेला समय के साथ एड्वर्ड के प्यार में पड़ जाती है।,0,[],[]
793,मेरे पास आपके प्रश्न का उत्तर नहीं है।,0,[],[]
794,मृत ब्रिटिश सैनिकों के शवों गड्ढे में दफनाए गए तो मृत देशी सैनिकों के शव छोड़ दिए गए।,0,[],[]
795,मेरे पास आपके प्रश्न का उत्तर नहीं है।,0,[],[]
796,प्रश्न का उत्तर सूची में दिए गए पाठ से नहीं तय किया जा सकता है।,0,[],[]
797,विण्डहोइक में यथेष्ट संख्या में हीरीरोभाषी अल्पसंख्यक रहते हैं।,0,[],[]
798,हीरीरो भाषा से मिलती जुलती है।,0,[],[]
799,"हीरीरोलैण्ड द्वारा शामिल किए गए क्षेत्र ओमाहिके, ओट्जोज़ोण्ड्जुपा और कुनेने क्षेत्र हैं।",0,[],[]
800,हीरीरो भाषा सीखी जाती है।,0,[],[]
801,दस अवतारों द्वारा।,0,[],[]
802,चेक गणराज्य और स्लोवाकिया。,0,[],[]
803,1980 के बाद पहली बार इटली ओलंपिक में स्वर्ण पदक नहीं जीता था।,0,[],[]
804,लाओस की मुख्य राजधानी व्येन्त्यान मानी जाती है। लाओस की राजधानी नोंग खाइ (शहर) से केवल २५ किमी दूर है।,0,[],[]
805,रॉबर्ट्स की माँ का पहला नाम रोजमैरी था।,0,[],[]
806,रॉबर्ट फुटबॉल टीम के कप्तान थे।,0,[],[]
807,चीता सबसे पहले आता है।,0,[],[]
808,"अनुष्का वयस्क होने के दौरान लंदन और एन्किनिटस, कैलिफोर्निया पर रहीं।",0,[],[]
809,53,0,[],[]
810,बायरामोव के शुरुआती परिदृश्य कामों के लिए आलोचकों से उच्च प्रशंसा अर्जित की गई।,0,[],[]
811,"नहीं, पिछले वर्ष बेरामोव एक कला प्रशिक्षक नहीं था। 1965 से 1968 तक बेरामोव अश्गाबात स्थित तुर्कमेन राज्य कला महाविद्यालय में Shota Rustaveli के एक कला शिक्षक के रूप में कार्य किया।",0,[],[]
812,"बायरामोव की स्वदेश-भक्तिपूर्ण पेंटिंग का नाम ""सीमावर्ती सहायता"" था।",0,[],[]
813,तुर्कमेन कालीन निर्माताओं को 1971 में चित्रित किया गया था।,0,[],[]
814,150 से अधिक वर्षों के लिए।,0,[],[]
815,बायरामोव ने सांस्कृतिक हस्तियां श्रृंखला की शुरुआत की।,0,[],[]
816,1984 वर्ष में बायरामोव को द्वितीय पुरस्कार दिया गया था।,0,[],[]
817,"1985 में, बेरामोव ने अपनी सबसे गहरी कृति की रचना सुनहरी धुंध नामक श्रद्धांजलि की।",0,[],[]
818,सह-नियुक्त कलाकारों के नाम ताहिर सलहोव और तुरगुंबई सदयकोव हैं।,0,[],[]
819,मेरे पास आपके प्रश्न का उत्तर नहीं है।,0,[],[]
820,चीन की जनसंख्या वृद्धि दर केवल 0.59% है।,0,[],[]
821,"संवैधानिक मामलों पर अर्थशास्त्र के साधनों का प्रयोग करके ""संवैधानिक अर्थशास्त्र"" के दायरे के भीतर पाया जा सकता है।",0,[],[]
822,जेम्स एम.,0,[],[]
823,मेरे पास आपके प्रश्न का उत्तर नहीं है।,0,[],[]
826,मेरे पास आपके प्रश्न का उत्तर नहीं है।,0,[],[]
828,मेरे पास आपके प्रश्न का उत्तर नहीं है।,0,[],[]
829,मेरे पास आपके प्रश्न का उत्तर नहीं है।,0,[],[]
830,मेरे पास आपके प्रश्न का उत्तर नहीं है।,0,[],[]
832,मेरे पास आपके प्रश्न का उत्तर नहीं है।,0,[],[]
833,1977 में स्नातक किया।,0,[],[]
835,1991 के शुरूआती 1991 तक कोर्निएन्को ने व्यावसायिक कंपनियों के लिए काम किया। 1991 से दिसंबर 1992 तक वह ओ.ओ.ओ ट्रांसवोस्तोक तकनीकी और उत्पादन विभाग के निदेशक थे। जनवरी 1993 से अप्रैल 1995 तक वह एलएलसी ईएसटीई जनरल डायरेक्टर थे।,0,[],[]
837,"तस्मानियाई डैविल के लिए, यह सामूहिक स्थान पर मलत्याग करता है।",0,[],[]
838,दिए गए पाठ से स्पष्ट है कि डैविल जानवर तस्मानिया में लगभग 3000 साल पहले संकटग्रस्त हो गए। यह वजह से हुआ कि यूरोपीय मूल के लोग ने उन्हें शिकार किया और उनका जीवन खतरनाक बनाया। इसलिए उत्तर है: दांतों का शिकार और यूरोपीय लोगों द्वारा शिकार करना।,0,[],[]
839,"मछलियों का आकार छोटा होता है, लगभग 10 सेंटीमीटर।",0,[],[]
840,रग्बी विश्व कप,0,[],[]
841,2008 अगस्त 15 तक,0,[],[]
842,मेरे पास आपके प्रश्न का उत्तर नहीं है।,0,[],[]
844,5 साल की उम्र में।,0,[],[]
845,2010,0,[],[]
846,रन इन द लाइट,0,[],[]
847,ब्राइट लाइट एल्बम 1 नवंबर 2010 को रिलीज़ किया गया।,0,[],[]
848,"2010 में, एल्टन जॉन की ""आपका सॉन्ग"" को कवर किया गया था।",0,[],[]
849,पूर्ण एल्बम।,0,[],[]
850,गोल्डिंग के दूसरे एल्बम का नाम है हैलसीन।,0,[],[]
851,कुछ भी हो सकता है,0,[],[]
852,15 फरवरी 2015,0,[],[]
853,करीम को मुंशी की उपाधि दी गई।,0,[],[]
854,"अंग्रेज़ी स्वेटिंग सिकनेस का दूसरा नाम ""लातिन : sudor anglicus"" है।",0,[],[]
857,फ्रांस में हुई।,0,[],[]
858,Marga Faulstich का पेशा काँच रसायनज्ञ था।,0,[],[]
860,प्रश्न के उत्तर के लिए दिए गए पाठ से कोई जानकारी नहीं है।,0,[],[]
861,जेना का संबंध स्कॉट में था।,0,[],[]
862,प्रश्न का उत्तर सूची में दिए गए पाठ से निकाला गया नहीं जाता है।,0,[],[]
863,मार्गा का मुख्य फोकस नए ऑप्टिकल चश्मे के अनुसंधान और विकास पर था।,0,[],[]
865,1973 में सम्मानित किया गया।,0,[],[]
866,देश की शीर्ष टीमों ने स्पोर्ट में लगाए जा रहे पैसे के बढ़ते प्रवाह का लाभ उठाने के उद्देश्य से एक बार फिर से फुटबॉल लीग छोड़ने पर विचार किया।,0,[],[]
867,टेलीविजन,0,[],[]
868,दास व्यापार था।,0,[],[]
870,थ्रोनी आईलैंड,0,[],[]
871,वेस्टमिंस्टर को पहले थ्रोनी आईलैंड के नाम से मशहूर था।,0,[],[]
872,कॉलिज ग्रीन,0,[],[]
873,शीर्ष दो मंजिलों में पैलेस ऑफ वेस्टमिंस्टर में समितियों के कमरे और कार्यालय पाए जा सकते हैं।,0,[],[]
874,वेस्टमिंस्टर पैलेस में शीर्ष दो मंजिलें हैं।,0,[],[]
875,क्रॉसबैंचर्स ऊन की थैलियों विपरीत सदन के बीच में बैठते हैं।,0,[],[]
876,लार्ड्स का चैम्बर में राजकीय उद्घाटन समारोह में सरकार का प्रत्येक सदस्य भाग लेता है।,0,[],[]
878,650 में से 427 सदस्य ही चैंबर में बैठ सकते हैं।,0,[],[]
879,मेरे पास आपके प्रश्न का उत्तर नहीं है।,0,[],[]
880,वेस्टमिंस्टर हॉल में नए राजाओं को सम्मानित करने का राज्याभिषेक भोज बारहवीं सदी से लेकर उन्नीसवीं सदी तक हुआ था।,0,[],[]
881,वेस्टमिन्स्टर हॉल में होते हैं।,0,[],[]
882,चर्चिल ने हॉल का अंतिम बार उपयोग 1965 में किया।,0,[],[]
883,"1999 में किये गए सुधारों के तहत, हाउस ऑफ कॉमंस ग्रैंड समिति कक्ष का उपयोग एक अतिरिक्त बहस कक्ष के रूप में किया गया।",0,[],[]
884,दो सदन हैं।,0,[],[]
885,"यदि विस्फोट सफल होता, तो वेस्टमिन्स्टर के पैलेस, राजा और उसके परिवार, और अभिजात वर्ग के अधिकांश सदस्य मारे जाते।",0,[],[]
886,एलिसा की भूमिका एलिसाबेत शू की 17 साल की बेटी निर्माण की गई है।,0,[],[]
887,मेरे पास आपके प्रश्न का उत्तर नहीं है।,0,[],[]
888,इलेक्ट्रॉनिक आर्ट्स ने 2007 में डेड स्पेस की घोषणा की।,0,[],[]
889,मेरे पास आपके प्रश्न का उत्तर नहीं है।,0,[],[]
890,इसकी लंबाई लगभग 100 किलोमीटर (62 मील) है।,0,[],[]
891,मेरे पास आपके प्रश्न का उत्तर नहीं है।,0,[],[]
892,मार्टी के साथ।,0,[],[]
893,शुक्रवार को रात 10 बजे से सुबह के 6 – 7 बजे तक शूटिंग करते थे।,0,[],[]
894,"बैक टू द फ्यूचर 1985 जुलाई 19 को उत्तर अमेरिका के 1,200 सिनेमाघरों में प्रदर्शित हुई।",0,[],[]
895,उत्तरी अमेरिका में फ़िल्म बैक टू द फ्यूचर ने कुल 210.61 मिलियन डॉलर की कमाई की।,0,[],[]
896,मारुति उद्योग मिलिटरी लिमिटेड 1981 फरवरी में स्थापित किया गया था।,0,[],[]
897,स्केलेटन को 2002 के शीतकालीन ओलंपिक में लाया गया था।,0,[],[]
898,मेरे पास आपके प्रश्न का उत्तर नहीं है।,0,[],[]
899,ब्रिट एयर,0,[],[]
901,मेरे पास आपके प्रश्न का उत्तर नहीं है।,0,[],[]
902,बाल्टिक सागर,0,[],[]
903,"सेंट्रल पोलैंड में कानूनी तौर पर आर्द्रभूमि, झीलों और नदियों संरक्षित हैं।",0,[],[]
905,वाइकिंग लोग विस्तुला और ओडेर नदियों के माध्यम से यात्रा करते थे।,0,[],[]
907,तस्वीरों के संबंध में अक्सर विभेदन है जो कई तरीकों से मापा जाता है।,0,[],[]
908,3.1 मेगापिक्सेल,0,[],[]
909,कम्बरबैच को फिल्म में मुख्य भूमिका निभाने का चयन किया गया था।,0,[],[]
910,2019,0,[],[]
911,"दिए गए पाठ सामग्री में ""वेटिंग फॉर द सन"" गाने को किसने गाया नहीं दिखाया गया है। मेरे पास आपके प्रश्न का उत्तर नहीं है।",0,[],[]
912,कुरसन परिवार के अधिकार में है।,0,[],[]
916,"मेल्टिंग और गोंद हटाने (डिगमिंग) प्रक्रिया के बाद तेल को फ़िल्टर और प्रक्षालित किया जाता है। इसके बाद तेल की गंध और रंग को हटाया जाता है और यह वसा अम्लों से मुक्त कर एक परिष्कृत, प्रक्षालित, निर्गन्धीकृत ताड़ के तेल या आरबीडीपीओ (RBDPO) उत्पादित किया जाता है।",0,[],[]
917,1981 में,0,[],[]
919,श्रीकांत माथुर को जैकी से चेतावनी मिली है।,0,[],[]
920,मेरे पास आपके प्रश्न का उत्तर नहीं है।,0,[],[]
921,"फिल्म ""द इन्क्रेडिबल हल्क"" का निर्देशन लुइस लेटरियर द्वारा किया गया था।",0,[],[]
922,स्टर्न पर आक्रमण करता है।,0,[],[]
923,फ़ातिमा बेगम की नागरिकता भारतीय थी।,0,[],[]
924,"बेगम अपनी 1926 की फिल्म बुलबुल-ए-पेरिसतान को भारतीय सिनेमा का पहला महिला निदेशक बन गई। इसलिए, 1926 की बेगम भारतीय फैंटसी फिल्म का नाम बुलबुल-ए-पेरिसतान है।",0,[],[]
925,"बिरहल एस्टेट 53,000 एकर में फैला है।",0,[],[]
926,सितारे वाले सिक्के समाजवादी देशों से आने वालों के लिए प्रयोग में लाए जाते थे।,0,[],[]
927,गरान ऍल्ड विक लिंडस्ट्रांड द्वारा बनाई गई मूर्ति 9 मीटर लंबी है।,0,[],[]
928,मेरे पास आपके प्रश्न का उत्तर नहीं है।,0,[],[]
929,मेरे पास आपके प्रश्न का उत्तर नहीं है।,0,[],[]
930,मोरक्को ने शीतकालीन ओलंपिक में 6 बार हिस्सा लिया है।,0,[],[]
931,नाहिद हत्तार का धर्म ईसाई था।,0,[],[]
932,25 सितम्बर 2016 को हत्तर मारा गया था।,0,[],[]
934,"अंग्रेजी था। 1649 से 1660 तक अंग्रेजी राष्ट्रमंडल नामक एक क्षणिक गणतांत्रिक काल चला, जो तीन राज्यों के युद्ध के बाद अस्तित्व में आया।",0,[],[]
935,मेरे पास आपके प्रश्न का उत्तर नहीं है।,0,[],[]
936,K4 III,0,[],[]
937,3 जून प्लान को माउंटबैटन योजना का नाम दिया गया।,0,[],[]
938,हिन्दू धर्म।,0,[],[]
939,खेतों का मालिक जैक बार्ट्स है।,0,[],[]
940,थाॅमस को बर्खास्त कर दिया जाता है।,0,[],[]
941,प्रश्न का उत्तर उपलब्ध पाठ्य सामग्री से नहीं तय किया जा सकता।,0,[],[]
942,मेरे पास आपके प्रश्न का उत्तर नहीं है।,0,[],[]
943,मेरे पास आपके प्रश्न का उत्तर नहीं है।,0,[],[]
944,मेरे पास आपके प्रश्न का उत्तर नहीं है।,0,[],[]
945,मेरे पास आपके प्रश्न का उत्तर नहीं है।,0,[],[]
946,मेरे पास आपके प्रश्न का उत्तर नहीं है।,0,[],[]
947,मेरे पास आपके प्रश्न का उत्तर नहीं है।,0,[],[]
949,इथियोपिया को १९४२ से १९९१ तक १३ प्रान्तों में विभाजित था।,0,[],[]
950,नुप्त्से या नुब्चे (Nuptse) एवरेस्ट पर्वत से २ किमी पश्चिम-दक्षिणपश्चिम में स्थित है।,0,[],[]
951,सिलिका की धूल के संपर्क में आने से मौत की दर बढ़ गई और कई मौतों का कारण बन गई। सिलिकोसिस बीमारी से 109 मौतें हुईं और एक काँग्रेशनल सुनवाई के अनुसार मरने वालों की संख्या 476 थी।,0,[],[]
952,"इंजन Corporate Group के लिए बनाए जाते हैं, जो सैन्य एवं नागरिक उड्डयन और अंतरिक्ष अन्वेषण कार्यक्रमों के लिए इंजनों के उत्पादन के लिए जिम्मेदार है।",0,[],[]
953,टाइटेनियम,0,[],[]
954,रेसलमैनिया XX में बेनोइट ने ट्रिपल एच को अपनी चिह्नक समर्पण चाल के ठोके रूप से वर्ल्ड हैवीवेट चैम्पियनशिप जीत ली और रेसलमैनिया की मुख्य प्रतियोगिता को पहली बार समर्पण में अंत किया। इस बात पर ध्यान दें कि यह उत्तर दिए गए पाठ से निकाला गया है।,0,[],[]
955,नैन्सी सुलिवन।,0,[],[]
956,बेनोइट के घर पाया गया।,0,[],[]
957,डिर्क सागेर एक जर्मन पत्रकार थे।,0,[],[]
958,एलिसा,0,[],[]
959,ऑटोपायलट के लिए राफ्ल की आवाज का उपयोग एक्सियॉम के ऑटोपायलट की आवाज से किया गया है।,0,[],[]
961,राजकुमारी मार्गरेट है।,0,[],[]
962,"पुस्तक का नाम ""एलिज़ाबेथ और अपनी बहन"" या ""The Little Princes"" है।",0,[],[]
963,वॉटसन की शादी के बारे में कोई जानकारी नहीं है। इस प्रश्न का उत्तर दिए गए पाठ से नहीं तैयार किया जा सकता।,0,[],[]
964,18 मई को पहला शाही अटलांटिक-पार दूरभाष वार्ता की।,0,[],[]
966,20 से ज्यादा देशों को ब्रिटेन से स्वतंत्रता मिली।,0,[],[]
967,1960 और 1970 के दौरान अफ्रीका उपनिवेश शासन से स्वतंत्र होना शुरू हुआ।,0,[],[]
968,प्रश्न का उत्तर उपलब्ध जानकारी में नहीं मिला। मेरे पास आपके प्रश्न का उत्तर नहीं है।,0,[],[]
969,महारानी पर नकली गोलियां चलाई गईं।,0,[],[]
970,महारानी ने उत्तरी आयरलैंड में शांति बहाली के ब्लेयर के प्रयासों की प्रशंसा की।,0,[],[]
971,मेरे पास आपके प्रश्न का उत्तर नहीं है।,0,[],[]
973,मेरे पास आपके प्रश्न का उत्तर नहीं है।,0,[],[]
974,प्रिज़न ब्रेक के पायलट स्क्रिप्ट के आधार पर फिल्म के लिए अभिनेता लिनकोलन बॉरोज को लिया गया।,0,[],[]
975,मेरे पास आपके प्रश्न का उत्तर नहीं है।,0,[],[]
976,माइकल है।,0,[],[]
977,स्टीवन स्पीलबर्ग की रुचि थी।,0,[],[]
978,कनाडा को शिकागो ओ-हेयर इंटरनेशनल एयरपोर्ट और ओंटारियो के साथ शामिल किया गया था।,0,[],[]
979,ऑस्ट्रेलिया टेलीविजन नेटवर्क सेवेन ने प्रिज़न ब्रेक का प्रीमियर किया था।,0,[],[]
980,रीजन 2 में सीज़न 4 का रिलीज़ 19 मई 2008 को किया गया था।,0,[],[]
981,आस्ट्रिया में है।,0,[],[]
982,"माउंट ताबवेमासना समुद्र स्तर से 6,165 फीट ऊपर है।",0,[],[]
983,प्रोविंसियल काउंसिल।,0,[],[]
984,"देश में मैंगनीज की कमी है। 1978 में मैंगनीज का खनन रुक गया था, लेकिन निर्यात न किये गए मैंगनीज का निर्यात करने के लिए 2006 में एक समझौता हुआ था।",0,[],[]
985,"हम दिल दे चुके सनम 1999 में बनी हिन्दी भाषा की नाटकीय प्रेमकहानी फ़िल्म है। इसका हिंदी नाम ""आई हैव गिवेन माई हार्ट अवे, डार्लिंग"" का हिंदी अनुवाद है। इसलिए, इस फिल्म का हिंदी नाम ""आई हैव गिवेन माई हार्ट अवे, डार्लिंग"" है।",0,[],[]
986,सूची में कोई जानकारी समीर के अभिनेत्री के नाम नहीं दी गई है। इसलिए उत्तर नहीं मिल सका।,0,[],[]
987,"मस्तिष्क ज्वर होने के कई कारण हो सकते हैं, जिनमें वायरस, बैक्टीरिया, फंगी और प्रोटोज़ोआ शामिल हैं। यह भी हो सकता है कि कोई बैक्टीरिया जनित संक्रमण नहीं होता, जिसे असेप्टिक मस्तिष्क ज्वर कहा जाता है।",0,[],[]
988,"हां, प्रतिरक्षा शक्ति के नुकसान से संबंधित है। फफूंद जनित मस्तिष्क ज्वर के जोखिम कारकों में इम्युनोसप्रेसेन्ट (जैसे अंग प्रत्यारोपण के बाद) और HIV/AIDS शामिल हैं, जो प्रतिरक्षा की हानि का कारण बनते हैं।",0,[],[]
989,CSF में स्नोफिल्स (एक प्रकार की श्वेत रक्त कणिकाएं) की अधिक मात्रा मौजूद होती है।,0,[],[]
990,"मेनिंजाइटिस अक्सर गैर-संक्रामक कारकों के परिणामस्वरूप होती है, जैसे कि मस्तिष्क आवरण में कैंसर, कुछ दवाएं, या भड़काऊ परिस्थितियाँ जैसे सरकॉएडोसिस।",0,[],[]
991,ड्यूरा मेटर झिल्ली खोपड़ी दोनो से जुड़ी होती है।,0,[],[]
992,वायरल मेनिंजाइटिस का सबसे आम कारण एंटेरोवायरस है।,0,[],[]
993,मेरे पास आपके प्रश्न का उत्तर नहीं है।,0,[],[]
994,15%,0,[],[]
995,हेमोफाइलस टीके के कारण काफी कमी आई है।,0,[],[]
996,प्रश्न के अनुसार दिए गए जानकारी में सुल्तान की पत्नियों के नाम नहीं उल्लिखित हैं। इसलिए उत्तर नहीं मिल सका।,0,[],[]
997,अंत में आदिल को रिहा किया गया था।,0,[],[]
998,मेरे पास आपके प्रश्न का उत्तर नहीं है।,0,[],[]
1001,सेवोरा का जन्म १९७६ में हुआ था।,0,[],[]
1002,शार्लेट का व्यवसाय कविता लेखन था।,0,[],[]
1003,दक्षिण नाहानी नदी (अंग्रेज़ी: South Nahanni River) कनाडा के येलोनाईफ से ५०० किलोमीटर पश्चिम में स्थित है।,0,[],[]
1004,"दक्षिण नहानी नदी का उद्गम स्थल मैकेन्ज़ी के पहाड़ों पर माउंट क्रिस्टी के पश्चिमी ढ़लानों पर 1,600 मीटर (5,200 फीट) की ऊँचाई पर है।",0,[],[]
1005,कोनरैड मारिया की मृत्यु 16 नवम्बर 1907 को हुई।,0,[],[]
1006,"परिवार का धर्म कथनित रूप से कहा गया नहीं है। लेकिन दिए गए पाठ से यह स्पष्ट है कि शेंक की उपाधि वाले ग्राफ हैं और वे शेंक कुलीनता का वंशानुगत खिताब धर्मित कर सकते हैं। शेंक परिवार दक्षिणी जर्मनी का सबसे पुराना और प्रतिष्ठित संभ्रांत कैथोलिक परिवारों में से एक है। इसलिए, शेंक की उपाधि वाले परिवार का धर्म कैथोलिक लगभग संभव है।",0,[],[]
1007,मेरे पास आपके प्रश्न का उत्तर नहीं है।,0,[],[]
1008,"तख्तापलट विफल हो गया। जब जोसेफ गोबेल्स ने रेडियो द्वारा घोषणा की कि हिटलर बच गया है और बाद में हिटलर ने व्यक्तिगत रूप से रेडियो पर भाषण दिया, तो साजिशकर्ताओं को तख्तापलट विफल हो गया है लगने लगा।",0,[],[]
1009,उनकी पांच संतानें थीं।,0,[],[]
1011,"शैल के अनुसार हजेंस उनके $150,000 का कर्जदार है।",0,[],[]
1012,ओस्क्जुहलियो,0,[],[]
1013,रेक्जाविक विमानतल को मुख्यतः घरेलू उड़ानों और ग्रीनलैंड और फ़रो द्वीप समूह तक की उड़ानों के लिए उपयोग किया जाता है।,0,[],[]
1014,रेक्जाविक में दो बंदरगाह हैं।,0,[],[]
1015,"नाना फडणवीस के नेतृत्व में बारह मराठा प्रमुखों ने शिशु को नए पेशवा के रूप में नामित करने और उनके राज्याधिकारी के रूप में शासन करने का प्रयास निर्देशित किया। इसलिए, उत्तर होगा 12।",0,[],[]
1016,"ब्रिटिशों ने रघुनाथराव को 2,500 सैनिक प्रदान करने का वादा किया।",0,[],[]
1019,ऑस्ट्रेलिया,0,[],[]
1020,प्रत्येक तिमाही में पहले 5 महीनों में 28 सूर्य हैं।,0,[],[]
1021,वर्ष में 12 महीने होते हैं।,0,[],[]
1022,गानगाले ने 1971 में अमेरिकन वाइकिंग प्रोग्राम को सबसे पहली बार मान्यता देने का निर्णय किया।,0,[],[]
1023,पश्चिमी शैली की शिक्षा भारत पर ब्रिटिश शासन के खिलाफ संघर्ष में सहायक नहीं होगी।,0,[],[]
1024,फरवरी 2001 में शुरू हुई।,0,[],[]
1025,मेरे पास आपके प्रश्न का उत्तर नहीं है।,0,[],[]
1026,सर्वदर्शनसंग्रह 14वीं शताब्दी में लिखा गया था।,0,[],[]
1027,मेरे पास आपके प्रश्न का उत्तर नहीं है।,0,[],[]
1028,आभार संरक्षकों से भविष्य कृतेसामाजिक व्यवहार को सुदृढ़ करने में सहायता कर सकता है।,0,[],[]
1029,अनुभव करना चाहिए कि वे आभारी रहते हैं।,0,[],[]
1030,आभार की उत्पत्ति ईसाई धर्म से होती है।,0,[],[]
1031,3,0,[],[]
1033,"आभारी लोगों में जीवन में आने वाली कठिनाइयों का सामना करने के लिए अधिक सकारात्मक तरीके होते हैं और वे सोने से पहले नकारात्मक विचारों के बारे में कम सोचते हैं, जिससे वे बेहतर नींद मिलती है। इस प्रकार, आभार का गुण मानसिक स्वास्थ्य की सबसे मजबूत कड़ियों में से एक है और लोगों की बेहतर सोने में मदद भी करता है।",0,[],[]
1034,"आभारी लोगों के पास जीवन में आने वाली कठिनाइयों का सामना करने के लिए अधिक सकारात्मक तरीके होते हैं, उन्हें अन्य लोगों से समर्थन मिलने की संभावना अधिक होती है, वे अनुभव की पुनः व्याख्या करते है और उससे आगे बढ़ते है और समस्या के समाधान के लिए योजना बनाने में अधिक समय लगते हैं। उनका नकारात्मक रणनीति कम होती है।",0,[],[]
1035,अध्ययनों से पता चला है कि आभारी लोगों में खुशी का स्तर अधिक और अवसाद और तनाव का स्तर कम होने की संभावना होती है।,0,[],[]
1036,"यहाँ दिए गए पाठ से यह स्पष्ट नहीं होता कि धन देने में वृद्धि का कारण क्या था। इन पाठों से आभार की व्यक्ति की परोपकारी प्रवृत्ति में सुधार दिखाई देता है और यह आभार आर्थिक उदारता के साथ संबंधित है, लेकिन धन देने की वृद्धि के विशेष कारण यहाँ दिए गए पाठ से स्पष्ट नहीं हो सकते। इसलिए, मेरे पास आपके प्रश्न का उत्तर नहीं है।",0,[],[]
1037,मनुष्य के कल्याण में एक महत्वपूर्ण कारण आभार है।,0,[],[]
1038,मेरे पास आपके प्रश्न का उत्तर नहीं है।,0,[],[]
1039,राइफल की तीन किलोमीटर तक प्रहार करने की क्षमता है।,0,[],[]
1040,ड्वाइट डी.,0,[],[]
1041,"राष्ट्रपति के विमान के लिए विशेष कॉल चिन्ह ""एयर फोर्स वन"" है।",0,[],[]
1042,"राष्ट्रपति रोनाल्ड रीगन ने दो बार कार्य किया, लेकिन विशेष रूप से उनके कार्यकाल की दauer नहीं दी गई है। इसलिए, यहाँ एक नया पाठ तैयार करते हैं: मेरे पास आपके प्रश्न का उत्तर नहीं है।",0,[],[]
1043,9/11 के दौरान राष्ट्रपति जॉर्ज डब्ल्यू.,0,[],[]
1043,बुश सारासोटा एम्मा ई.,0,[],[]
1043,बुकर प्राथमिक स्कूल में थे।,0,[],[]
1044,लिफ्टमास्टर एरिजोना में टुकसॉन के पिमा एयर एंड स्पेस संग्रहालय में प्रदर्शित है।,0,[],[]
1045,"देशपांडे के पहले उपन्यास का नाम ""द डार्क होल्ड्स नो टेरर"" था।",0,[],[]
1046,पृथ्वी से अल्फी इंडी 3.11 मैग्नीट्यूड रोशनी के वर्षों की दूरी पर है। यह जानकारी हिन्दी तारामंडल के सब से रोशन तारा अल्फ़ा इंडी के बारे में दी गई जानकारी से ली गई है।,0,[],[]
1047,"चार पात्र कैट्स डेविस, गारफील्ड, जॉन आर्बक्ल और लेमैन थे।",0,[],[]
1048,इथियोपिया में बैंकिंग १९०६ में शुरू हुई।,0,[],[]
1049,सुल्तान महमद तृतीय का पुत्र अहमद तृतीय उनके बाद अगला सुल्तान बना।,0,[],[]
1050,मेरे पास आपके प्रश्न का उत्तर नहीं है।,0,[],[]
1051,3 से 7 मीटर तक बढ़ता है।,0,[],[]
1052,भारतीय वायु सेना करता है।,0,[],[]
1053,प्रथम आईएएफ कमीशंड स्क्वाड्रन का नाम स्कवॉड्रन क्र.,0,[],[]
1053,1 था।,0,[],[]
1054,मेरे पास आपके प्रश्न का उत्तर नहीं है।,0,[],[]
1055,1971 के अंत में हमला किया गया था।,0,[],[]
1056,भारत बांग्लादेश के खिलाफ युद्ध में उतरा था।,0,[],[]
1057,सियाचिन का कट्टरपंथी सैन्य संचालन 13 अप्रैल 1984 को शुरू किया गया था।,0,[],[]
1059,मेरे पास आपके प्रश्न का उत्तर नहीं है।,0,[],[]
1060,1924 ग्रीष्मकालीन ओलंपिक के बाद टेनिस को हटा दिया गया था।,0,[],[]
1061,कांस्य पदक था।,0,[],[]
1062,ऊना कैस्टिला चैपलिन का पेशा अभिनय है।,0,[],[]
1063,"अनुसार दी गई जानकारी, चैपलिन ने अपनी माता के साथ तीन फिल्मों में काम किया है: अकल्पनीय, ¿पारा क्यू सिर्व ओडी ओसो?",0,[],[]
1063,और इमागो मोर्टिस।,0,[],[]
1064,2014,0,[],[]
1065,2011,0,[],[]
1066,यूक्रेन के एथलीटों ने 1992 में यूनिफाइड टीम का हिस्सा बनकर यूनाइटेड टीम में भाग लिया।,0,[],[]
1067,चिड़ियों को दक्षिणी भारत और श्रीलंका में समूहों में वितरित किया जाता है।,0,[],[]
1068,पक्षियों के लिए श्रीलंका की पहाड़ियों में अंडे देने की संभावना पांच तक होती है।,0,[],[]
1070,प्रकाश अंग संगीत ने मुहम्मद की उपस्थिति का संकेत दिया।,0,[],[]
1071,"हमजा, जयद या बिलाल थे।",0,[],[]
1072,हार्ट-स्पॉटेड कठफोड़वा अपृष्ठवंशियों की चारा खोजने के लिए दक्षिण-पश्चिमी और मध्य भारत के जंगलों में पाए जाते हैं।,0,[],[]
1073,"भारत के हिमालय वनों व बांग्लादेश के साथ-साथ म्यांमार, थाईलैंड, लाओस, कम्बोडिया तथा वियतनाम तक पाए जाते हैं।",0,[],[]
1074,वे सर्दियों के दौरान ड्रम करती हैं।,0,[],[]
1075,मेरे पास आपके प्रश्न का उत्तर नहीं है।,0,[],[]
1076,आख़ाल प्रान्त तुर्कमेनिस्तान का एक प्रान्त है।,0,[],[]
1077,गुलाबो विजय की कविताओं से प्रेमी है।,0,[],[]
1078,13 साल,0,[],[]
1079,पैंटानल मुख्य रूप से ब्राज़ील के राज्य मातो ग्रोसो और ब्राज़ील की सीमा पार बोलीविया और पराग्वे में स्थित है।,0,[],[]
1080,"पराग्वे नदी में पैंटानल के हिस्से वाले क्षेत्रों में जलस्तर दो से पाँच मीटर तक बढ़ जाता है, इसलिए यहाँ सबसे अधिक उतार-चढाव होता है।",0,[],[]
1081,स्टाईक कमेटी ने कैदियों की मदद की।,0,[],[]
1082,नौकरशाह और उनका तत्काल परिवार यामेन से जुड़े आवास में चिंग राजवंश के दौरान रह सकता था।,0,[],[]
1083,फिल्म फोर क्राइस्टमास 2008 नवंबर में रिलीज़ हुई।,0,[],[]
1084,सीबीएस-टीवी की कलर सिस्टम ब्लैक-एंड-व्हाइट सेट के साथ असंगत थी।,0,[],[]
1085,"अमीन के शासन में 1,00,000 से 5,00,000 लोग मारे गए थे।",0,[],[]
1086,16 अगस्त 2003 को अमीन की मृत्यु सAUDी अरब में हुई।,0,[],[]
1087,1998,0,[],[]
1088,एलिस कहाँ चली जाती है: खरगोश की मांद के अन्दर।,0,[],[]
1089,एलिस ने मशरूम का उपयोग करके अपने वास्तविक कद में लौटी।,0,[],[]
1090,मेरे पास आपके प्रश्न का उत्तर नहीं है।,0,[],[]
1091,नेव ऑफ़ हार्ट्स पर चोरी का मुकदमा चलाया जाता है।,0,[],[]
1092,"जूरी में विभिन्न जानवर सम्मिलित हैं, जिनमें बिल दि लिज़र्ड भी शामिल है और व्हाईट रैबिट न्यायालय का तुर्यवादक है। किंग ऑफ़ हार्ट्स न्यायाधीश है।",0,[],[]
1094,मेरे पास आपके प्रश्न का उत्तर नहीं है।,0,[],[]
1095,"अरबी संस्कृति में बिच्छू की अनोखी पूंछ विशेषता को ""अल-शौला"" (الشولاء‎) नाम से जाना जाता है।",0,[],[]
1096,आयोवा,0,[],[]
1097,मिशन इंपॉसिबल - फॉलआउट फिल्म से यह नहीं पता कि सबसे बड़ा जर्मन वंश समूह कहाँ पर है। इसलिए उत्तर है: मेरे पास आपके प्रश्न का उत्तर नहीं है।,0,[],[]
1098,"खनन संसाधनों के प्रकार मिसौरी में चूना पत्थर, सीसा, कोयला और कुचला हुआ पत्थर हैं।",0,[],[]
1099,प्रतिनिधि सभा और सीनेट होते हैं।,0,[],[]
1100,2011,0,[],[]
1101,अल्फ़ाज़ के दूसरे सीज़न में 13 एपिसोड थे।,0,[],[]
1102,मेरे पास आपके प्रश्न का उत्तर नहीं है।,0,[],[]
1103,मेरे पास आपके प्रश्न का उत्तर नहीं है।,0,[],[]
1104,द वूल्वरिन में वूल्वरिन चरित्र को चित्रित किया गया है।,0,[],[]
1105,लोगन युकोन में एक साधु के रूप में रहता है।,0,[],[]
1106,"1945 में, लोगन को नागासाकी के पास एक जापानी पीओडबल्यु शिविर में रखा गया था। इसलिए, लोगन 1945 में POW था।",0,[],[]
1107,लोगन और मारिको नागासाकी में इशिरो के घर की यात्रा करते हैं।,0,[],[]
1108,हराडा डॉ ग्रीन ने लोगन और मारिको की खोज की मांग की।,0,[],[]
1110,लोगन के दिल पर परजीवी की खोज का प्रभाव था कि उसकी चिकित्सा क्षमता को दबाया जा सकता था।,0,[],[]
1112,मारिया मरती है।,0,[],[]
1113,मेरे पास आपके प्रश्न का उत्तर नहीं है।,0,[],[]
1114,"लोगन लौटता है लंदन, यूनाइटेड किंगडम में। यह मध्य क्रेडिट दृश्य में दिए गए अनुसार है, जहाँ लोगन दो साल बाद लौटता है और एरिक लेहेंशर के साथ मिलता है, जो एक हवाई अड्डे पर स्थित है लंदन में।",0,[],[]
1115,"नहीं, 1891 में तीन धातुओं के बीच कोई निश्चित विनिमय दर नहीं थी।",0,[],[]
1116,"1891 के पहले, अफगानिस्तान में चांदी के रुपये, तांबे के फालस और सोने के मोहर चलन में थे।",0,[],[]
1117,"आंगवांतीबो नाइजीरिया, कैमरून और कांगो लोकतांत्रिक गणतंत्र के उत्तरी भाग तक विस्तारित रहते हैं।",0,[],[]
1118,अंगवांतीबो का वजन ४०० ग्राम तक होता है।,0,[],[]
1119,गर्भधारण 130 दिनों के लिए होता है।,0,[],[]
1121,प्रश्न के अनुसार दिए गए जानकारी में उपनाम नहीं मिल रहा है। मेरे पास आपके प्रश्न का उत्तर नहीं है।,0,[],[]
1122,"न्यू यार्क में बमबारी करने की योजना बनाने वाले व्यक्ति ने चार लोगों को सिनागोग में बमबारी करने और अमेरिकी सैनिक विमानों पर मिसाइल चलाने का षड्यंत्र रचने का आरोप लगाया गया है, लेकिन विशेष जानकारी की व्यक्ति की योजना बनाने के लिए विशेष शहर का उल्लेख नहीं किया गया है। इसलिए, यहाँ एक नया पाठ तैयार किया जाएगा: मेरे पास आपके प्रश्न का उत्तर नहीं है।",0,[],[]
1123,"इंग्लैंड कई वर्षों तक ब्रिटिश होम चैंपियनशिप में स्कॉटलैंड, वेल्स और आयरलैंड के साथ खेला।",0,[],[]
1124,हंगरी ने 1953 में वेम्बली में एक विदेशी टीम को 7-1 से हराया। यह इंग्लैंड की सबसे बड़ी हार के रूप में जानी जाती है।,0,[],[]
1125,मेरे पास आपके प्रश्न का उत्तर नहीं है।,0,[],[]
1126,"हां, वाल्टर शेवहार्ट अग्रणी एसपीसी थे।",0,[],[]
1127,मार्कस एमीलियस लेडिपिडस को 216 ईसा पूर्व में सम्मानित किया गया था।,0,[],[]
1129,विलय ने स्पेरी को बुरोफ्स के साथ 4.8 बिलियन डॉलर में खरीदा। यूनिसिस कंपनी का नाम चार्ल्स अयूब द्वारा चुना गया था। यह विलय कंप्यूटर उद्योग में सबसे बड़ा था।,0,[],[]
1130,"RIL का मुख्यालय मुंबई, महाराष्ट्र में है।",0,[],[]
1131,"ढांचा 2,00,000 वर्ग फीट (19,000 वर्ग मीटर) का है।",0,[],[]
1132,अंग्रेज़ो ने चढ़ाई करने का फैसला किया।,0,[],[]
1133,1992,0,[],[]
1134,ड्रीम थियेटर 1985 में बना।,0,[],[]
1135,ड्रीम थिएटर के रिहर्सल बर्कले के पूर्वाभ्यास कमरे में होते थे।,0,[],[]
1136,मेरे पास आपके प्रश्न का उत्तर नहीं है।,0,[],[]
1137,"ड्रीम थियेटर ने अवेक एल्बम के बाद अधिक टूर करने की इच्छुक नहीं थी और नई शैली में संगीत करने की रुचि नहीं थी। इसलिए, वे ड्रीम थियेटर को छोड़कर अपनी व्यक्तिगत रूचि पर ध्यान केंद्रित करने की ओर चले गए।",0,[],[]
1138,रिकॉर्ड लेबल ने ड्रीम थियेटर को ऐसा एल्बम लिखने के लिए मजबूर किया जो अधिक सुलभ हो।,0,[],[]
1139,ड्रीम थियेटर के साथ।,0,[],[]
1140,"सूची में ड्रीम थियेटर का 2007 में टूर किस अमेरिकी शहर से शुरू हुआ था इसका विशेष वर्णन नहीं मिला। लेकिन दिया गया अन्य जानकारी से पता चलता है कि ड्रीम थियेटर का उत्तर अमेरिकी लेग ऑफ़ द टूर 24 जुलाई 2007 को सेन डिएगो, कैलिफोर्निया से शुरू हुआ था। इसलिए, उत्तर है: सेन डिएगो",0,[],[]
1141,मेरे पास आपके प्रश्न का उत्तर नहीं है।,0,[],[]
1143,1990 में अन्ना ली ग्विलेन मिशेल-हेजस ने रहस्यमय खोपड़ी की खोज की।,0,[],[]
1144,सर डेविड फेरियर का निधन 1928 में हुआ था।,0,[],[]
1145,टोन नदी जापान के कांटो क्षेत्र में स्थित है।,0,[],[]
1147,अल्कोहल नहीं होना चाहिए।,0,[],[]
1148,हलाल बाजार ब्रिटेन और अमेरिका में बढ़ रहा है।,0,[],[]
1149,रक्त और मादक पेय जैसे नशीले पदार्थ को हलाल नहीं माना जाता।,0,[],[]
1150,गहरा चीरा जानवर को वध करने में मदद करता है।,0,[],[]
1151,1886 में,0,[],[]
1153,थर्ड रेक हिटलर के सत्ता में आने के साथ जुड़ा है।,0,[],[]
1155,"1959 में, बैंक ने छोटे निजी ऋणों के द्वारा खुदरा बैंकिंग में प्रवेश किया।",0,[],[]
1156,प्रश्न का उत्तर देने के लिए दिए गए पाठ से जुड़े विवरण नहीं मिल रहे हैं। मेरे पास आपके प्रश्न का उत्तर नहीं है।,0,[],[]
1157,धन प्रबंधन का उद्देश्य व्यक्तियों या परिवारों के धन को सुरक्षित रखना और उसका सुधार करना है। यह विभिन्न निवेश विकल्पों का उपयोग करके धन को बढ़ावा देने और खराब प्रवाह को रोकने में मदद करता है।,0,[],[]
1158,पुलिस की विशेष कार्यवाही टुकड़ी जी एस जी नियुक्त की गई थी।,0,[],[]
1160,पाकिस्तान में स्थित है।,0,[],[]
1162,पॉकेट हरक्यूलिस के लिए प्रसिद्ध थे।,0,[],[]
1163,पहली उड़ान एंकरेज एवं ब्रिस्टल बे के बीच थी।,0,[],[]
1164,खेल सिद्धांतकार अपनी मान्यताओं की तुलना भौतिक-शास्त्रियों द्वारा प्रयुक्त प्रतिमानों के साथ करते हैं।,0,[],[]
1165,"तर्कसंगतता के साथ संगत संतुलन तार्किकता के विचारों पर अधिक ध्यान केंद्रित किया जाता है और इसके विकासवादी शक्तियों द्वारा बनाये रखे जाते हैं। इसलिए, योग्यता के संबंध में और विकासवादी शक्तियों पर अधिक ध्यान केंद्रित किया जाता है, इसलिए यह तार्किक संतुलन तर्कसंगतता के साथ संगत संतुलन से अधिक प्रासंगिक है।",0,[],[]
1166,तार्किक सिद्धांतों में है।,0,[],[]
1167,नैश सौदेबाज़ी खेल (Nash bargaining game) का प्रयोग करने की कोशिश की।,0,[],[]
1168,"किसी खेल को सममित माना जाता है, यदि उसमें किसी विशिष्ट रणनीति के लाभ निर्भर करता है, जो केवल अन्य प्रयुक्त रणनीतियों पर निर्भर करता है, न कि उन्हें खेलनेवालों पर। यदि रणनीतियों से मिलनेवाले मुनाफ़े को बदले बिना खिलाड़ियों की पहचान बदली जा सकती हो, तो खेल सममित होता है।",0,[],[]
1169,इन दोनों खेलों में असममित रणनीति है।,0,[],[]
1170,शून्य-राशि खेल में जाना जाता है।,0,[],[]
1171,खेल में पूर्णता की विशेषता यह है कि सभी खिलाड़ी अन्य खिलाड़ियों द्वारा पहले चली गई चालों के बारे में जानते हैं। यह अनुक्रमिक खेलों का एक महत्वपूर्ण उप-समुच्चय बनाती है।,0,[],[]
1172,शुद्ध गणितज्ञ ने वास्तविक-विश्व के खिलाड़ियों के अलावा खेलों का अध्ययन किया।,0,[],[]
1173,1713 में खेल सिद्धांत पर चर्चा की गई थी।,0,[],[]
1175,मेरे पास आपके प्रश्न का उत्तर नहीं है।,0,[],[]
1176,मेरे पास आपके प्रश्न का उत्तर नहीं है।,0,[],[]
1177,1926,0,[],[]
1178,1972,0,[],[]
1179,श्रीरिंगपट्टम की घेराबंदी 5 अप्रैल से 4 मई 1799 तक हुई।,0,[],[]
1180,जिम की लड़की का नाम सेसेलिया मेरी हाल्पर्ट है।,0,[],[]
1181,मेरे पास आपके प्रश्न का उत्तर नहीं है।,0,[],[]
1182,लिंडी हॉप को संशोधित किया गया था ताकि यह तीव्र संगीत के अनुरूप बन जाए और बूगी वूगी शैली का जन्म हो जाए।,0,[],[]
1183,आगरा जिले का क्षेत्रफल ४०२७ वर्ग किमी है।,0,[],[]
1184,आगरा का मुख्यालय आगरा नगर में है।,0,[],[]
1185,टार्ज़न ऑफ़ द एप्स की पूरी संडे स्ट्रिप 15 मार्च 1931 को शुरू हुई।,0,[],[]
1186,द लास्ट किस 2006 में रिलीज़ हुआ था।,0,[],[]
1187,टोनी गोल्डविन ने फिल्म का निर्देशन किया।,0,[],[]
1188,28 सितंबर 1963 को गौड़ी हाउस-संग्रहालय का घर-अजायबघर के तौर पर उदघाटन किया गया था।,0,[],[]
1190,वर्तमान में डॉ.,0,[],[]
1190,त्रीआस ए दोमेनेच के निवास का नाम एक अजायबघर है।,0,[],[]
1191,नैटिसिटी मुखौटा 1894 और 1930 के बीच किया गया था।,0,[],[]
1192,मेरे पास आपके प्रश्न का उत्तर नहीं है।,0,[],[]
1193,स्मिरनॉफ़ के लिए पहला डिस्टिलरी मास्को में स्थित था।,0,[],[]
1194,"जायके हैं ग्रीन एप्पल, ऑरेंज, क्रेनबेरी, रास्पबेरी, साइट्रस (नींबू), वनीला, स्ट्राबेरी, काले चेरी, तरबूज, लाइम, ब्लूबेरी, सफेद अंगूर, तरबूज (हनीड्यू/कैंटालोप), अनार, पैसनफ्रूट, नाशपाती और हाल ही में अनारस।",0,[],[]
1195,यह सूची में एस.,0,[],[]
1195,स्टेनोफिला के बारे में कोई जानकारी नहीं है। मेरे पास आपके प्रश्न का उत्तर नहीं है।,0,[],[]
1196,मोदिग्लिआनी का जन्म 12 जुलाई 1884 में हुआ था।,0,[],[]
1197,मुंबई में टेलीविजन सेवा 1972 में उपलब्ध हुई थी।,0,[],[]
1198,मेरे पास आपके प्रश्न का उत्तर नहीं है।,0,[],[]
1201,"1896, 1900, 1908, 1912, 1920 और 1924 में घटनाओं का मंचन किया गया था।",0,[],[]
1202,ऐज़ यू लाइक इट नाटक 1623 के फोलियो में पहली बार प्रकाशित हुआ।,0,[],[]
1203,हैमेन आया।,0,[],[]
1204,खान ने अक्टूबर 2002 में राष्ट्रीय चुनावों में भाग लिया और अपने गृह शहर मियांवाली से सांसद (एमपी) चुने गये।,0,[],[]
1205,तीन साल तक।,0,[],[]
1206,मार्सुपियल शेरों की ऊंचाई कंधे में 75 सेमी (30 इंच) और सर-से-दुम तक 150 सेमी (59 इंच) थी।,0,[],[]
1207,कृत्रिम सामग्रियों के लिए ठप्पा ढलाई तकनीक और बेसलैब जैसी अद्वितीय उत्पादन तकनीकों का प्रयोग किया जाता है।,0,[],[]
1208,द हू के बेसवादक जॉन एंटविसल ने इस तकनीक का उपयोग किया।,0,[],[]
1209,किजिले डेरनेगी के पीछे वास्तव में एक गुवेन पार्क और कई वृक्ष और बैठने की बेञ्चें छुपी हुई हैं।,0,[],[]
1212,"चाट मसाला में आमचूर, जीरा, काला नमक, धनिया, अदरक, नमक, काली मिर्च, हींग और मिर्च पाउडर शामिल होते हैं।",0,[],[]
1214,"लीड्स में ए62, ए63, ए64, ए65 और ए660 सड़कें हैं। यहाँ एम1 और एम62 भी हैं। लीड्स उत्तरी मोटरमार्ग नेटवर्क का एक प्रमुख केंद्र है और शहरी मोटरमार्ग नेटवर्क भी मौजूद है। इसके अलावा, इनर रिंग रोड और आउटर रिंग रोड भी मौजूद हैं।",0,[],[]
1215,"लीड्स सिटी सेंटर के लिए रेडियल एम621 ट्रैफिक को एम62 और एम1 से सेंट्रल लीड्स के भीतर ले जाता है। इसके अलावा, लीड्स सेंटर का एक हिस्सा पैदल यात्रियों के लिए है और यह केवल-दक्षिणावर्त लूप रोड से घिरा हुआ है।",0,[],[]
1216,लीड्स में ईसाई धर्म के लोग ज्यादातर रहते हैं। यहाँ एक उपयुक्त उत्तर है: �साई धर्म के लोग ज्यादातर रहते हैं।,0,[],[]
1217,"GP का मूल अर्थ ""सरकारी प्रयोजनों"" है।",0,[],[]
1218,मेरे पास आपके प्रश्न का उत्तर नहीं है।,0,[],[]
1219,"डी आर्किटेक्चर के लिए आधुनिक दिन का नाम ""डी आर्कीटेक्चरा"" है।",0,[],[]
1220,मेरे पास आपके प्रश्न का उत्तर नहीं है।,0,[],[]
1221,हिटलर टाट्रा कारों में चला था।,0,[],[]
1222,1986 में ब्राजील में उत्पादन बंद हुआ।,0,[],[]
1224,"शुरूआती 747 में, विमानचालक बैठते थे उसके पीछे एक संदूकनुमा छोटे स्थान था, जिसे शुरू में विश्राम कक्ष के रूप में ""चिह्नित"" किया गया था।",0,[],[]
1226,"संयंत्र का निर्माण एवरेट, वॉशिंगटन के निकट सैनिक अड्डे पेन फील्ड के बगल में किया गया।",0,[],[]
1227,"पंखों (डैनों) में दुर्घटनाग्रस्त होने वाले 747 विमानों में उच्च-गति स्पंदन की समस्या को, बाह्य इंजन के खोल में निशेषित यूरेनियम संतुलन भार के रूप में प्रवेश कराकर, आंशिक रूप से हल किया गया था।",0,[],[]
1228,747 के जेटी9डी इंजन के साथ समस्याएँ होने से उड़ान परीक्षण कार्यक्रम में बाधा आ गई। कठिनाइयों में थ्रॉटल्स की तीव्र गति के कारण इंजन का बंद होना तथा कुछ समय की सेवा के बाद टरबाईन की बॉडी का विरूपण शामिल थे।,0,[],[]
1229,एवरेट में कारखाने के निर्माण से बोइंग पर वित्तीय संकट आया।,0,[],[]
1232,प्रश्न का उत्तर नहीं है।,0,[],[]
1233,747-300 आया।,0,[],[]
1234,बोइंग 747 के भीतर दो गलियारे होते हैं।,0,[],[]
1235,मेरे पास आपके प्रश्न का उत्तर नहीं है।,0,[],[]
1236,पैन अमेरिकन वर्ल्ड एयरवेज और ईरान एयर।,0,[],[]
1237,केएलएम द्वारा दस टैक्सिंग 747-200 के लिए जिम्मेदार था।,0,[],[]
1238,238,0,[],[]
1240,मेरे पास आपके प्रश्न का उत्तर नहीं है।,0,[],[]
1241,747-8 की लंबाई सबसे बड़ी है।,0,[],[]
1242,747X को 500 यात्रियों को वहन करने के लिए बनाया गया था।,0,[],[]
1243,747X परिवार ने उत्पादन का औचित्य साबित करने पर्याप्त रूचि लुभाने में असमर्थ रहा।,0,[],[]
1244,निम्नलिखित पाठ सूची से यह जानकारी नहीं मिल पाई गई है। मेरे पास आपके प्रश्न का उत्तर नहीं है।,0,[],[]
1245,फिल्मांकन मार्च 2011 में शुरू हुआ।,0,[],[]
1246,एनजीसी 6934 (NGC 6934) एक गोल तारागुच्छ है।,0,[],[]
1247,"NGC 7006, 1,85,000 प्रकाश वर्ष की दूरी पर स्थित है।",0,[],[]
1248,1980 के संपूर्ण दशक में निरंतर रंगभेद विरोधी प्रदर्शन हुए थे। दंगे और विभिन्न लड़ाई के विरोध में प्रदर्शन भी कई बार किये गए थे। लंदन की बमबारी के बाद भी यह चौक प्रदर्शनों का महत्वपूर्ण स्थान रहा।,0,[],[]
1251,"एस्टन विला के कट्टर प्रतिद्वंद्वियों में दूसरा सिटी डर्बी शामिल है, जो बर्मिंघम सिटी है।",0,[],[]
1252,निम्नलिखित पाठ सूची में आर्क की दुर्घटना के परिणामस्वरूप उत्पन्न खुलासे के लिए नासा और अमेरिकी राष्ट्रपति जॉन एफ.,0,[],[]
1252,कैनेडी ने एक जांच अभियान गठित किया था। लेकिन यह विशेष रूप से आर्क की दुर्घटना को लगाने के लिए किसी को निर्दिष्ट व्यक्ति का उल्लेख नहीं करता है। इसलिए: मेरे पास आपके प्रश्न का उत्तर नहीं है।,0,[],[]
1253,लेजरबीक नाम का मशीनी गिद्ध जैसा डिसेप्टिकाॅन्स सैम को जेरी की हत्या कर दिया है।,0,[],[]
1255,रैचेट जिस एंबुलैंस में रूपांतरित होती है वह सफेद और हरे रंग की है।,0,[],[]
1257,"राजकुमार फ़िलिप, एडिनबर्घ के ड्यूक से शादी की थी।",0,[],[]
1258,सर माइकल ओजियो' पापुआ न्यू गिनी के नौंवे गवर्नर-जनरल थे।,0,[],[]
1260,वियेंटाइन,0,[],[]
1261,टी'चाल्ला ने एन-ज़ोबू की मृत्यु हुई इमारत के रूप में एक आउटरीच सेंटर की स्थापना की।,0,[],[]
1262,पद्म श्री दिया जाता है जीवन के विभिन्न क्षेत्रों में विशिष्ट योगदान देने वाले भारतीय नागरिकों को सम्मानित करने के लिए।,0,[],[]
1263,25-30 पृष्ठ।,0,[],[]
1265,"फिल्म के लिए बाज़ार और अनुमानित सफलता निर्माता, पटकथा कवरेज़, फिल्म वितरक और इनके संबंधित पार्टियों द्वारा हासिल की जा सकती हैं।",0,[],[]
1266,"फिल्में केवल सिनेमाघरों में रिलीज से लाभ नहीं कमातीं, इसलिए फिल्म कंपनियां डीवीडी बिक्री और दुनिया भर में उसके वितरण का अधिकार ले लेती हैं।",0,[],[]
1267,रैप या मूविंग ऑन की घोषणा करता है।,0,[],[]
1268,मेरे पास आपके प्रश्न का उत्तर नहीं है।,0,[],[]
1271,मॉन्स्टर ट्रक का नाम बिगफुट था।,0,[],[]
1272,"पॉल गार्डनर 1980 के दशक के प्रारम्भ में अपने नन्हे बेटे क्रिस्टोफर, जूनियर को पालते हुए बेघर होने का सामना करते थे। उन्होंने 2006 में अपनी स्वयं की स्टोकब्रोकरेज कंपनी गार्डनर रिच एंड को.",0,[],[]
1272,"के सीईओ के रूप में काम किया। उन्होंने अपनी माता बेट्टी जीन ट्रिपलेट, नी गार्डनर से आध्यात्मिक आनुवंशिकी मिली और अपने बच्चों की उनसे काफी उम्मीदों को दिया। उनकी दृढ़ता और सफलता का श्रेय उनकी माता और अपने बच्चों से मिली आध्यात्मिक आनुवंशिकी और उनके बच्चों की उम्मीदों से है।",0,[],[]
1273,लाल फेरारी में था।,0,[],[]
1274,क्रिस गार्डनर दान करता है।,0,[],[]
1275,"""शेम""",0,[],[]
1276,"एसजेएस (SJS) मरीज में बिगड़े हुए कार्य शामिल बुखार, गले में ख़राश, थकान, मुंह और होंठ में तथा कभी-कभी जननांग और गुदा क्षेत्रों में लक्षण दिखाई देने वाले अल्सर और अन्य घाव, और मुंह में बेहद कष्ट देना।",0,[],[]
1277,मेरे पास आपके प्रश्न का उत्तर नहीं है।,0,[],[]
1278,प्रत्येक वर्ष यूनाइटेड स्टेट्स में लगभग 300 नए स्टीवेंस-जॉनसन सिंड्रोम के मामले प्रकाश में आते हैं।,0,[],[]
1279,मेरे पास आपके प्रश्न का उत्तर नहीं है।,0,[],[]
1281,मेरे पास आपके प्रश्न का उत्तर नहीं है।,0,[],[]
1282,गाढ़ा और स्थिर करने के लिए काइटिन का उपयोग किया जाता है।,0,[],[]
1283,थिसेन-बोरनेमिसा अजायबघर के पास है।,0,[],[]
1284,फेथ एकिन का जन्म 25 अगस्त 1973 को हुआ था।,0,[],[]
1285,मेरे पास आपके प्रश्न का उत्तर नहीं है।,0,[],[]
1286,बोइंग 737-200 विमान लंदन लूटन से ग्लासगो और एडिनबर्घ के रूट पर यात्रा करता था।,0,[],[]
1287,मेरे पास आपके प्रश्न का उत्तर नहीं है।,0,[],[]
1288,5.10%,0,[],[]
1289,सुप्रीम कोर्ट के न्यायाधीश 65 वर्ष की आयु में निवृत्त होते हैं।,0,[],[]
1290,मेरे पास आपके प्रश्न का उत्तर नहीं है।,0,[],[]
1291,फिलिप जोएल ह्यूज को ऑस्ट्रेलिया क्रिकेट टीम के खिलाड़ी जाना जाता है।,0,[],[]
1292,"इमरान ख़ान ने रॉयल ग्रामर स्कूल वर्सेस्टर में शिक्षा ग्रहण की। इसके बाद उन्होंने केबल कॉलेज, ऑक्सफोर्ड में दर्शन, राजनीति और अर्थशास्त्र के अध्ययन के लिए दाखिला लिया। तो उत्तर है: रॉयल ग्रामर स्कूल वर्सेस्टर और केबल कॉलेज, ऑक्सफोर्ड।",0,[],[]
1293,"1974 में, ख़ान वोर्सेस्टरशायर में गेंदबाजी कर रहे थे।",0,[],[]
1294,88,0,[],[]
1295,362,0,[],[]
1296,उनका बैटिंग औसत 61.86 था।,0,[],[]
1300,सवाल का उत्तर सूची में दिए गए पाठ से नहीं तय किया जा सकता।,0,[],[]
1302,लाहौर में श्रीलंका के खिलाफ़ 1981-82 में खान ने अपनी सर्वश्रेष्ठ टेस्ट गेंदबाजी की।,0,[],[]
1303,ख़ान को समझा गया।,0,[],[]
1305,मेरे पास आपके प्रश्न का उत्तर नहीं है।,0,[],[]
1306,Zhejiang,0,[],[]
1307,"मेनका गांधी ने अपनी शिक्षा लारेंस स्कूल, सनवर तथा लेडी श्रीराम कालेज, नयी दिल्ली से प्राप्त की।",0,[],[]
1308,मेरे पास आपके प्रश्न का उत्तर नहीं है।,0,[],[]
1309,रिकवरी चरण से पहले तत्काल खतरा कम हो जाने पर उबरने का चरण शुरू होता है।,0,[],[]
1310,एक बड़ी आपदा से प्रभावित संघ के अंदर या बाहर का कोई भी देश की आवश्यकता है।,0,[],[]
1311,फ़ेमा आपात प्रबंधन के लिए अग्रणी एजेंसी है।,0,[],[]
1312,ली के बारे में सेंट फ्रांसिस जेवियर कॉलेज के बारे में उल्लेख किया गया है।,0,[],[]
1314,"एएस9000 के प्रमुख निर्माता अलाइड-सिग्नल, एलीसन इंजिन, बोइंग, जनरल इलेक्ट्रिक एयरक्राफ्ट इंजिन्स, लॉकहीड-मार्टिन, मैक-डॉनल डगलस, नॉर्थरोप ग्रममैन, प्रैट एण्ड ह्विटनी, रॉकवेल-कॉलिन्स, सिकोर्स्की एयरक्राफ्ट और संडस्ट्रैंड हैं।",0,[],[]
1315,ISO/TS 16949,0,[],[]
1317,ISO/TS 16949:2009 में ISO 9001:2008 और मोटर वाहन उद्योग की विशिष्ट आवश्यकताओं की पूरी विषय-वस्तु शामिल हैं।,0,[],[]
1318,ISO/TS 29001,0,[],[]
1319,गुणवत्ता के पहले प्रमाणन चाहने वाली कंपनियों को अक्सर विफलता का खतरा अनुभव करना पड़ता है।,0,[],[]
1321,फिल्म के बारे में घोषणा अक्टूबर २०१४ में अवेंजर्स: इन्फिनिटी वॉर - भाग १ के रूप में की गई थी।,0,[],[]
1322,"फ़िल्मांकन जॉर्जिया की फाइट काउंटी के पाइनवुड एटलांटा स्टूडियो में शुरू हुआ। फिर यह स्कॉटलैंड के एडिनबर्ग, ग्लासगो और स्कॉटिश हाइलैंड में जारी रखा गया। इसके बाद डरहम कैथेड्रल, एटलांटा के डाउनटाउन, सेंट्रल पार्क और न्यू यॉर्क के क्वीन्स में भी फिल्मांकन की प्रक्रिया चली।",0,[],[]
1323,"फ़िल्मांकन जॉर्जिया की फाइट काउंटी के पाइनवुड एटलांटा स्टूडियो में शुरू हुआ। इसके बाद स्कॉटलैंड, इंग्लैंड, डरहम, ग्लासगो, स्कॉटिश हाइलैंड, इंग्लैंड के डरहम कैथेड्रल, एटलांटा डाउनटाउन, एटलांटा के सेंट्रल पार्क और न्यू यॉर्क के क्वीन्स में भी फिल्मांकन की प्रक्रिया चली।",0,[],[]
1324,"नहीं, 2016 से पहले संयुक्त राष्ट्र द्वारा विश्व एनजीओ दिवस को मान्यता दी गई थी। यह दिवस 2014 में पहली बार चिह्नित किया गया था।",0,[],[]
1325,"बाल्टिक सागर एनजीओ के सदस्य राष्ट्र इस प्रकार हैं: बेलारूस, डेनमार्क, एस्टोनिया, फिनलैंड, जर्मनी, आइसलैंड, लटविया, लिथूनिया, पोलैंड, रूस, नॉर्वे और स्वीडन।",0,[],[]
1327,विश्व एनजीओ दिवस,0,[],[]
1328,मेरे पास आपके प्रश्न का उत्तर नहीं है।,0,[],[]
1330,छह महाद्वीपों में मनाया जाता है।,0,[],[]
1331,एसक्यूएल (SQL) क्वेरी भाषा का नाम सह-संस्थापक माइकल विदेनिउस की पुत्री के नाम पर है।,0,[],[]
1332,"फ़्रॅडरिक नॉमन था, जो एक अग्रणी जर्मन मुक्त विचारक और राजनीतिज्ञ थे और प्रोटेस्टेंट धर्मशास्त्र को अपनाया था।",0,[],[]
1333,"यह संस्थापन नागरिक शिक्षा, अन्तर्राष्ट्रीय राजनीतिक संवाद और राजनीतिक परामर्श के माध्यम से संगठित उदारवाद को बढ़ावा देता है।",0,[],[]
1334,"यह संस्थापन यूरोप, एशिया, अमेरिका, और अफ़्रीका में बहुत से कार्यालय है।",0,[],[]
1335,मेरे पास आपके प्रश्न का उत्तर नहीं है।,0,[],[]
1336,पित्त पथरी के हमले के दौरान किसी को असुविधा पेट के ऊपरी दाहिने हिस्से में हो सकती है।,0,[],[]
1337,पिताशय की पथरियों का एक संभव उपचार एंडोस्कोपी रेट्रोग्रेड स्फिन्क्ट्रोटॉमी (ईआरएस (ERS)) और एंडोस्कोपिक रेट्रोग्रेड कोलएंजियोपैन्क्रियेटोग्राफी (ईआरसीपी (ERCP)) है। यहाँ तक कि लिथोट्रिप्सी भी एक उपचार है जो पित्त पथरियों को तोड़कर हटा सकती है।,0,[],[]
1338,"प्रस्ताव में कॉलेज को 100 एकड़ जमीन मिली। यह जानकारी दूसरे दिए गए पाठ से मिली है, जहाँ लेफ्टर्ड यूनिवर्सिटी के प्रस्ताव में 150,000 अमेरिकी डॉलर और काउंटी से 50,000 डॉलर के साथ 100 एकड़ (40 हेक्टेयर) भूमि सम्मिलित थी।",0,[],[]
1339,मेरे पास आपके प्रश्न का उत्तर नहीं है।,0,[],[]
1340,सेनेगल और सऊदी-एशियाई स्वरूप में ऐसी रक्त कोशिकाएं होती हैं जो डोनट के आकार से विकृत होकर स्पाइकी आकार की हो चुकी हैं।,0,[],[]
1341,मनुष्यों में सामान्य तौर पर हीमोग्लोबिन A होता है।,0,[],[]
1342,260,0,[],[]
1343,58 प्रतिशत नामांकित बच्चों के लिए निजी रूप से किंडरगार्टन सेवाएं देते हैं। लेकिन निजी स्कूल जाने वाले विद्यार्टी की प्रतिशत संख्या यहाँ दी गई जानकारी से नहीं निर्धारित की जा सकती।,0,[],[]
1344,"मोरक्को में, 2 से 5 साल के बच्चों को राज्य द्वारा संचालित निशुल्क मेटरनेले स्कूलों में शिक्षा दी जाती है। ये स्कूल पूरे साम्राज्य में उपलब्ध हैं और अनिवार्य नहीं हैं।",0,[],[]
1345,2 साल,0,[],[]
1347,मधुमक्खियों और फूलों के बीच कुछ समान गुण हैं: 1.,0,[],[]
1347,खुशबू 2.,0,[],[]
1347,रंग 3.,0,[],[]
1347,पराग या मधु (nectar),0,[],[]
1348,जायांग और पुंकेसर दोनों अनूठी अंग हैं जो अधिकांश फूलों में मिलते हैं।,0,[],[]
1349,उभयलैंगीय,0,[],[]
1351,दो मुख्य परागण के तरीके हैं।,0,[],[]
1352,"मरने वाले किसी प्रजाति के सभी सदस्यों का नकारात्मक प्रभाव उस प्रजाति के अन्य सदस्यों पर भी जटिल हो सकता है, क्योंकि घनिष्ट सम्बन्धों के विलोपन के फलस्वरूप लगभग दुसरे सदस्य का भी विलोपन हो सकता है।",0,[],[]
1353,कुक्रौंधों (Dandelion) हमेशा स्वनिषेचित होते हैं क्योंकि वे अतिवादी स्वनिषेचन करने वाले फूल हैं।,0,[],[]
1354,"फूल-पौधा जो 125 मिलियन वर्ष पहले से अस्तित्व में था, आर्काफ्रुक्टुस लियाओनिंगजेनिसिस है।",0,[],[]
1355,फूल तने के अंत के बाहर विकसित होते हैं।,0,[],[]
1356,फूल मासूमियत और स्त्रीत्व के साथ संबंधित हैं।,0,[],[]
1357,हिंदू किंवदंतियों / पौराणिक कथाओं में कमल (लोटस) पौधा महत्वपूर्ण स्थिति में है।,0,[],[]
1359,भनोट की मृत्यु 1986 में हुई थी।,0,[],[]
1361,चालक दल को चेतावनी देने के लिए किसी व्यक्ति का उल्लेख यहाँ नहीं मिला। मेरे पास आपके प्रश्न का उत्तर नहीं है।,0,[],[]
1362,उन्हें अशोक चक्र पुरस्कार दिया गया क्योंकि वे अदभुत वीरता और साहस के लिए मरणोपरांत सम्मानित की गई थीं।,0,[],[]
1363,भौगोलिक नाम सूचना प्रणाली या GNIS.,0,[],[]
1364,डेटाबेस के अंतर्गत दिखाई दे सकने वाले नाम वैशिष्ट्य के अन्य नाम या आधिकारिक संघीय नामों के विकल्प हो सकते हैं।,0,[],[]
1365,जेम्स-लैंग सिद्धांत के नाम सिद्धांत के प्रस्तावकों जेम्स और लैंग के नाम पर रखा गया है। यह सिद्धांत शरीर की जोड़ों के बदलावों से भावनाओं का उत्पन्न होना तथा इन भावनाओं को अपनी क्रियाओं से जोड़ने की व्याख्या करता है।,0,[],[]
1366,तर्क देने या मूल्यांकन की एक संज्ञानात्मक क्रिया की आवश्यकता होती है।,0,[],[]
1369,होडर्लिन ने मध्यस्थता की।,0,[],[]
1370,1797 में लिखी गई थी।,0,[],[]
1371,प्रश्न का उत्तर उपलब्ध जानकारी में नहीं पाया गया है।,0,[],[]
1373,"नेदरलैंड ईस्ट इंडीज ने 1861 में डच हस्तक्षेप किया, जिसके परिणामस्वरूप नेदरलैंड ईस्ट इंडीज के साथ 1862 में अनुबंध हुआ, जिससे एसी और सियाक से डेली की आजादी को पहचानने में मदद मिली।",0,[],[]
1375,सुल्तान का जन्म मई महीने में हुआ था।,0,[],[]
1376,वॉरेन बफेट नेब्रास्का राज्य में पैदा हुए थे।,0,[],[]
1377,मेरे पास आपके प्रश्न का उत्तर नहीं है।,0,[],[]
1378,डॉ.,0,[],[]
1379,माताओं को सुझाव दिया गया कि वे अपने कम वजन के शिशुओं के साथ त्वचा से त्वचा संपर्क रखें।,0,[],[]
1380,संत ज़ेवियर ने ईसा मसीह की शिक्षाओं से जापान का परिचय किया।,0,[],[]
1381,1974 में प्राप्त किया।,0,[],[]
1382,मेरे पास आपके प्रश्न का उत्तर नहीं है।,0,[],[]
1383,80-90%,0,[],[]
1384,रेनविक और बर्टेली ने अपने ओवरहेड कैम चार सिलेंडर इंजन का परीक्षण एनफील्ड ऑलडे (Enfield Allday) की चेसिस पर किया।,0,[],[]
1385,क्लब पहली बार 1899 में स्थापित हुआ।,0,[],[]
1386,कॉन्ट्रैक्ट के साथ चार अंतरराष्ट्रीय खिलाड़ी नाम नहीं दिए गए हैं। यहाँ दिए गए पाठ से यह स्पष्ट नहीं है कि कॉन्ट्रैक्ट किन खिलाड़ियों के साथ हैं। मेरे पास आपके प्रश्न का उत्तर नहीं है।,0,[],[]
1387,रियल मैड्रिड और बार्सिलोना के बीच यह भयंकर प्रतिद्वंद्विता है।,0,[],[]
1388,सातवें सीज़न में सात एपिसोड थे।,0,[],[]
1389,यह सत्र मुख्य रूप से उत्तरी आयरलैंड पर फिल्माया गया है।,0,[],[]
1390,मेरे पास आपके प्रश्न का उत्तर नहीं है।,0,[],[]
1391,"1927 में न्यूकैसल के प्रमुख खिलाड़ियों में ह्युघी गैलेचर, नील हैरिस, स्टेन सीमोर और फ्रैंक हड्स्पेथ शामिल थे।",0,[],[]
1392,सुनील शेट्टी विशेषकर हिन्दी भाषा में मारधाड़ और हँसाने वाली फिल्मों के लिए जाने जाते हैं।,0,[],[]
1393,हुसमेट्टिन शलेबी,0,[],[]
1394,प्रश्न का उत्तर दिए गए पाठ सूची में नहीं मिल रहा है।,0,[],[]
1395,काटाफैलस की लकड़ी की नक्काशी का प्रदर्शन किया।,0,[],[]
1396,1678 में किला बनना शुरू हुआ।,0,[],[]
1397,"दी गई सूची में तीन इमारतों के नाम उल्लेखित हैं: दीवान-ए-आम, मस्जिद और पूर्व में हम्माम। इनमें से मस्जिद इस प्रश्न का उत्तर है। इसलिए, उत्तर है: मस्जिद",0,[],[]
1398,बवासीर के संदर्भ में गलत तरीके से संदर्भित लक्षण हैं।,0,[],[]
1399,बवासीर के कारण लोगों में लज्जा और सामना करने में दिक्कत उत्पन्न हो सकती है।,0,[],[]
1400,मेरे पास आपके प्रश्न का उत्तर नहीं है।,0,[],[]
1401,दर्द को कम होने में आम तौर पर 2 - 3 दिनों में समय लगता है।,0,[],[]
1403,लक्षणात्मक बवासीर के जोखिम बढ़ाने के कारकों के बारे में सोचा गया था।,0,[],[]
1404,मेरे पास आपके प्रश्न का उत्तर नहीं है।,0,[],[]
1405,बवासीर होने पर वाह्य या भ्रंश गुदा को देखकर या गुदा परीक्षण से डॉक्टर यह निदान कर सकता है। यदि दर्द हो तो आंतरिक बवासीर की देख कर पुष्टि करने के लिए एनोस्कोपी की जरूरत पड़ सकती है।,0,[],[]
1406,अधिक वज़न वाले लोगों को वजन कम करना तथा अधिक भार उठाने से बचना चाहिए।,0,[],[]
1407,"बचाव के कुछ उपाय शामिल हैं जैसे कि कब्ज़ तथा डायरिया से बचना, जिसके लिए उच्च रेशेदार भोजन तथा पर्याप्त तरल को पीना या रेशेदार पूरकों को लेना तथा पर्याप्त व्यायाम करना शामिल है।",0,[],[]
1408,14 दिन से अधिक की अवधि तक स्टेरॉइड-समाहित एजेंटों का उपयोग नहीं किया जाना चाहिए।,0,[],[]
1409,कार्यालय आधारित कई सारी प्रक्रियाएं निष्पादित की जाती हैं।,0,[],[]
1410,जटिलता की दर 3% तक होती है।,0,[],[]
1411,इंजेक्शन अर्श में लगाया जाता है।,0,[],[]
1412,स्टेपल की जाने वाली बवासीर की शल्यक्रिया (हेमरॉएडेक्टमी) एक प्रक्रिया है जिसमें अर्श के असमान्य रूप से वढ़े ऊतकों को हटाया जाता है और शेष अर्श ऊतकों को वापस इसकी सामान्य शारीरिक स्थिति में रख दिया जाता है। यह आम तौर पर लाक्षणिक बवासीर के वापस होने की संभावना कम करने के लिए की जाती है।,0,[],[]
1413,दिए गए पाठ में यह निर्धारित नहीं किया गया कि कितने लिंगों ने घटना का अनुभव किया। मेरे पास आपके प्रश्न का उत्तर नहीं है।,0,[],[]
1414,रक्त,0,[],[]
1415,ब्रेट पर बवासीर के कारण छोटी सी शल्य क्रिया की गयी।,0,[],[]
1416,यूनाइटेड ब्रेवरीज समूह।,0,[],[]
1417,किंगफिशर एयरलाइन्स की स्थापना 2003 में हुई थी और यह बेंगलुरू स्थित यूनाइटेड ब्रेवरीज समूह के स्वामित्व में है।,0,[],[]
1418,किंगफिशर एयरलाइन की शुरुआत 2003 में हुई थी।,0,[],[]
1419,"असुन्सियोन उपनिवेशिक बस्ती की स्थापना 15 अगस्त, 1537 को हुई।",0,[],[]
1420,राष्ट्रपति कार्यकारी शक्ति और राष्ट्रिय न्यायपालिका का प्रमुख होता है।,0,[],[]
1421,"विधायिका की शक्ति किसी भी कक्ष में नहीं विभाजित होती, बल्कि दो कक्षों में विभाजित होती है।",0,[],[]
1422,न्यूक्लियोकोस्मोक्रोनोलोजी।,0,[],[]
1423,न्यूट्रिनो का उत्पादन सूर्�ya की कोर में होता है।,0,[],[]
1424,मेरे पास आपके प्रश्न का उत्तर नहीं है।,0,[],[]
1425,"आपका प्रश्न सूची में दिए गए पाठ से निकटतम नहीं है, लेकिन ट्राइकोमोनास योनिनालिस से संक्रमित महिलाओं में लक्षण आमतौर पर एक्सपोजर के 5 से 28 दिनों के भीतर प्रकट होते हैं। इसलिए, आपके प्रश्न का उत्तर है: महिलाओं में ट्राइकोमोनास योनिनालिस से संक्रमण के लक्षण 5 से 28 दिनों के बाद दिखाई देते हैं।",0,[],[]
1426,मेरे पास आपके प्रश्न का उत्तर नहीं है।,0,[],[]
1428,बीटा एंड्रोमेडा का वर्गीकरण M0 III श्रेणी के तहत किया गया है।,0,[],[]
1429,ग्रे ग्रेनाइट शहर में एबरडीन की इमारतों में इस्तेमाल किया गया।,0,[],[]
1430,ब्यूबॉनिक प्लेग का प्रमुख प्रकोप 1647 में हुआ।,0,[],[]
1431,प्रश्न का उत्तर दिए गए माध्यम से प्राप्त जानकारी में शहर को गिराया गया साल नहीं दिखता है। मेरे पास आपके प्रश्न का उत्तर नहीं है।,0,[],[]
1432,"1308 में एबरडीन किले की घेराबंदी की गयी थी, जिसके बाद अंग्रेज सेना का कत्लेआम हुआ और शहर की जनता के लिए एबरडीन पर फिर से कब्जा कर लिया गया। लेकिन एबरडीन किले को नष्ट किया गया वर्ष सूची में नहीं मिल रहा है। मेरे पास आपके प्रश्न का उत्तर नहीं है।",0,[],[]
1433,प्रश्न में सुधार की ओर चलाई गई विवरणों का उल्लेख नहीं है। मेरे पास आपके प्रश्न का उत्तर नहीं है।,0,[],[]
1434,मेरे पास आपके प्रश्न का उत्तर नहीं है।,0,[],[]
1435,"परंपरागत रूप से, एबरडीन में कपड़ा मिलों, जहाज निर्माण और कागज बनाने के काम होते रहे हैं। इन उद्योगों का बड़े पैमाने पर प्रतिस्थापन किया जा चुका है।",0,[],[]
1436,"एबरडीन में कागज बनाने, मछली पकड़ने, कपड़ा मिलों और जहाज निर्माण जैसी गतिविधियाँ की जा सकती हैं। अब तक, इलेक्ट्रॉनिक्स डिजाइन और विकास उद्योग, आर्थिक विकास और कृषि व मछली पकड़ने के क्षेत्र में अनुसंधान भी इस शहर के महत्वपूर्ण हिस्से बन चुके हैं।",0,[],[]
1437,A93 का दूसरा मार्ग है।,0,[],[]
1438,पर्यटक मार्ग के रूप में।,0,[],[]
1439,सूची में ऐसा अनुमान नहीं लगता है कि आबूसलायमन किस देश से है। इसलिए उत्तर है: मेरे पास आपके प्रश्न का उत्तर नहीं है।,0,[],[]
1440,यूनाइटेड आर्टिस्ट्स फ़िल्म स्टूडियो का प्रबंधत्व ग्रहण किया था।,0,[],[]
1443,बेट्स कैम्ब्रिज में तीन साल रही।,0,[],[]
1445,"बेट्स अपने बचपन के दौरान ऑक्सफोर्ड, हैकनी और तौन्त्न में रही थी।",0,[],[]
1446,"2010 में कैलिनिनग्राद की आबादी 431,902 थी।",0,[],[]
1447,मेरे पास आपके प्रश्न का उत्तर नहीं है।,0,[],[]
1448,1990 के विश्व कप में अर्जेंटीना के कप्तान माराडोना ने अपेक्षाकृत खराब प्रदर्शन किया क्योंकि एक टखने की चोट ने उनके समग्र प्रदर्शन को प्रभावित किया था। यह चोट उनके चार साल पहले के मुकाबले उनकी बहुत कम प्रभावशाली रहने का कारण बन गई थी।,0,[],[]
1449,"हान राजवंश की कहानी तीन राज्य ट्साओ वे, शू हान और पूर्वी वू के बीच सैनिक और निजी लड़ाई, षड्यंत्र और संघर्ष के बारे में बताती है।",0,[],[]
1450,मेरे पास आपके प्रश्न का उत्तर नहीं है।,0,[],[]
1451,बसु का जन्म 8 जुलाई 1914 को हुआ था।,0,[],[]
1452,1964 में,0,[],[]
1454,उसके कुत्ते का नाम मैक्स था।,0,[],[]
1455,"सैलिनास घाटी, कैलिफोर्निया में रखीं।",0,[],[]
1456,इटुरी वर्षा-वन अफ़्रीका के मध्य में स्थित कांगो लोकतान्त्रिक गणराज्य के पूर्वी प्रान्त में स्थित है।,0,[],[]
1457,इटुरी प्रांत कांगो लोकतान्त्रिक गणराज्य के पूर्वी प्रान्त में स्थित था।,0,[],[]
1458,मेरे पास आपके प्रश्न का उत्तर नहीं है।,0,[],[]
1459,तीव्र वापसी के लक्षण एक से तीन सप्ताह तक चलते हैं।,0,[],[]
1460,AUDIT शराब सेवन विकार पहचान परीक्षण का एक विश्व स्वास्थ्य संगठन द्वारा विकसित जांच प्रश्नावली है।,0,[],[]
1461,"शराब पर निर्भरता की एक पहचान अनुसार, DSM-IV के अनुसार शराबखोरी का निदान शराबीपन के परिभाषा का एक दृष्टिकोण प्रस्तुत करता है।",0,[],[]
1463,"शराबीपन का निर्धारण 50-60 प्रतिशत अनुवांशिक आधार पर होता है और 40-50 प्रतिशत परिवेशित प्रभावों के लिए रहता है। इसलिए, यह दोनों पुरुषों और महिलाओं में हो सकता है।",0,[],[]
1464,2001 में युनाइटेड किंगडम में स्वतंत्र शराबियों की संख्या 28 लाख से अधिक थी।,0,[],[]
1465,मेरे पास आपके प्रश्न का उत्तर नहीं है।,0,[],[]
1466,अली का वास्तविक नाम विलिसिया गिलमोर था।,0,[],[]
1467,पूर्व यरुशलम से।,0,[],[]
1468,60 सीटें महिलाओं के लिए आरक्षित होती हैं।,0,[],[]
1469,2006 में आरडीएफआरएस की स्थापना हुई थी।,0,[],[]
1471,हरफनमौला ने बल्लेबाजी का आविष्कार किया था।,0,[],[]
1472,क्रिस्टोफर नोलन की नागरिकता अंग्रेज-अमेरिकी है।,0,[],[]
1473,नोलेन की अधिकांश फ़िल्मों में सह-लेखक जोनाथन नोलेन है।,0,[],[]
1476,फ्रेइरे का पेशा शिक्षक था।,0,[],[]
1477,प्रश्न का उत्तर सूची में दिए गए पाठ से प्राप्त नहीं किया जा सकता। मेरे पास आपके प्रश्न का उत्तर नहीं है।,0,[],[]
1478,फ्रीयर को 1946 में पार्नम्बुको की स्थिति में सामाजिक सेवा के शिक्षा और संस्कृति विभाग के निदेशक नियुक्त किया गया था।,0,[],[]
1479,फ्रेयर को गद्दार होने का परिणाम 70 दिनों की कैद भुगतना पड़ा।,0,[],[]
1480,काले विल्डबीस्ट के अयाल का रंग क्रीम से लेकर काले तक होता है।,0,[],[]
1481,1996 में रिलीज किया गया।,0,[],[]
1482,पार्मली ने दांतों के लोमक के प्रथम रूप का अन्वेषण किया था।,0,[],[]
1483,मेरे पास आपके प्रश्न का उत्तर नहीं है।,0,[],[]
1485,कैस्परियन की परवरिश कैलिफ़ोर्निया की रेसेडा उपनगरी में हुई थी।,0,[],[]
1486,अना का जन्म 7 जुलाई 1986 हुआ।,0,[],[]
1487,शोभा याज्ञिक गायक है।,0,[],[]
1488,एलिजाबेथ हर्ली की माँ का व्यवसाय एंग्लीकन माँ केंपशॉट इन्फेण्ट स्कूल में टीचर था।,0,[],[]
1489,1981-1982 में,0,[],[]
1490,"टाइप ए1 में, आहार का संशोधन ग्लूकोज़ स्तर को नियंत्रित करने के लिए पर्याप्त होता है।",0,[],[]
1491,"यदि रैंडम रक्त ग्लूकोज़ परीक्षण के परिणाम सामान्य सीमाओं के बाहर होते हैं, तो ओजीटीटी (OGTT) का समावेश किया जाता है।",0,[],[]
1492,3 घंटों के रक्त ग्लूकोज़ स्तर परीक्षण को 3 घंटों के बाद मापा जाता है।,0,[],[]
1493,गर्भावस्था के दौरान रक्त ग्लूकोज़ स्तरों पर निगरानी रखी जाती है।,0,[],[]
1494,2000-2500 किलो कैलोरी।,0,[],[]
1495,पद्मा लक्ष्मी,0,[],[]
1496,रुश्दी और पद्मा लक्ष्मी की शादी 2 जुलाई 2007 को टूट गई थी।,0,[],[]
1497,"कई लोगों पर हमले हुए, कई गंभीर रूप से घायल हुए और यहाँ तक कि मारे भी गए।",0,[],[]
1498,अंत:दंत्य उपचार।,0,[],[]
1499,मुख्य-भूमि चीन में छींगमिंग त्यौहार को वर्ष 2008 में सार्वजनिक अवकाश के रूप में घोषित किया गया।,0,[],[]
1500,मेरे पास आपके प्रश्न का उत्तर नहीं है।,0,[],[]
1501,मंगोलिया की उपजाति केवल पश्चिमी मंगोलिया में पाई जाती है।,0,[],[]
1502,साइगा अत्यंतनूतन युग (प्लाइस्टोसीन) में रहते थे।,0,[],[]
1503,मेरे पास आपके प्रश्न का उत्तर नहीं है।,0,[],[]
1504,मेरे पास आपके प्रश्न का उत्तर नहीं है।,0,[],[]
1505,गुइयांग दक्षिणी चीन के गुइझोऊ प्रांत की राजधानी है।,0,[],[]
1506,"गुइयांग समुद्र की तुलना में १,१०० मीटर ऊँचा है।",0,[],[]
1507,गुइयांग गुइझोऊ प्रांत की राजधानी है।,0,[],[]
1508,मेरे पास आपके प्रश्न का उत्तर नहीं है।,0,[],[]
1509,कोमोरोस शब्द की उत्पत्ति अरबी भाषा के शब्द क्वामार (चान्द) से हुई है।,0,[],[]
1510,"कोमोरोस में तीन आधिकारिक भाषाएं हैं: शिकोमोरी, अरबी और फ़्राँसीसी।",0,[],[]
1511,फ्राँस से आए आप्रवासियों की पहचान ईसाई धर्म के साथ है।,0,[],[]
1512,98%,0,[],[]
1515,राक्षसों और जानवरों से लड़ाई करता है।,0,[],[]
1516,बाहरी दलों के साथ स्थिर मूल्य संकुचन जोखिम को सीमित करते हैं।,0,[],[]
1517,विलियम्स का जन्म 1965 में हुआ था।,0,[],[]
1518,2001 में अमेरिका में खून चढ़ाने से हुए एचआईवी का जोखम प्रत्येक रक्त चढ़ाने की क्रिया के लिए 25 लाख में से एक था।,0,[],[]
1519,वयस्कों के नैतिक नैदानिक परीक्षण के लिए विकसित किया गया है।,0,[],[]
1520,एचआईवी परीक्षण के दो नाम एंजाइम-लिंक्ड इम्यूनोसार्बेंट एसे (एलिसा) और एंजाइम इम्यूनोएसे (ईआईए) हैं।,0,[],[]
1521,एंजाइम से संलग्न एक प्रोब से दर्शाया जाता है।,0,[],[]
1522,मैरी के पिता हेनरी अष्टम थे।,0,[],[]
1524,"जॉगिंग धीमी गति से और इत्मीनान से लगातार दौड़ना है, जिससे शरीर की फिटनेस को बढ़ावा दिया जा सके।",0,[],[]
1525,गंभीर धावक जॉगिंग का उपयोग अंतराल प्रशिक्षण के दौरान एक सक्रिय रिकवरी के रूप में करते हैं। वे तेज 400 मीटर की पुनरावृत्ति के बाद 8-मिनट मील की गति से जॉग कर सकते हैं।,0,[],[]
1526,"जुड़वाँ बच्चे कुछ मामलों में संयुक्त जुड़वां हो सकते हैं। दूसरे मामले में, वे गर्भावस्था में जटिलताओं का कारण बन सकते हैं।",0,[],[]
1527,डेयरी उत्पादों में विकास हार्मोनों का पार्श्व प्रभाव पाया गया है।,0,[],[]
1528,वैनिशिंग ट्विन सिंड्रोम,0,[],[]
1529,प्रश्न का उत्तर नहीं है।,0,[],[]
1530,स्तन सिस्ट फाइब्रोसाइटिक बीमारी का हिस्सा हो सकता है।,0,[],[]
1531,"स्तन का सिर से लेकर पैर तक की (कार्नियोकैडुअल, सीसी) छवि और तिरछी छवि दोनों ली जाती हैं।",0,[],[]
1534,कोपेनहेगन विश्वविद्यालय में पढ़ने गए।,0,[],[]
1535,स्टोव का जन्म 14 जून 1811 में हुआ था।,0,[],[]
1536,स्टो दंपत्ति के सात बच्चे थे।,0,[],[]
1537,सूची में यह जानकारी नहीं है कि कितनी प्रतियाँ एक वर्ष से कम समय में बिकीं। मेरे पास आपके प्रश्न का उत्तर नहीं है।,0,[],[]
1538,"डिजिटल वॉटरमार्किंग में सिग्नल ऑडियो, चित्र या वीडियो में डिजिटल सिग्नल के रूप में अंतःस्थापित किया जाता है।",0,[],[]
1539,"वाटरमार्क को ऑडियो, चित्र या वीडियो में प्रसारित किया जा सकता है।",0,[],[]
1540,25 फ़रवरी 2005 को।,0,[],[]
1542,"2001 में, रोनाल्डिन्हो ने फ्रांस के पेरिस सेंट-जर्मन के साथ €5.1 मिलियन के अंतरण में पांच साल के अनुबंध पर हस्ताक्षर किया।",0,[],[]
1544,अनाज की माल्टिंग करने से स्टार्च में शर्कराओं की दृष्टि से उफनाने योग्य शर्कराएँ पैदा होती हैं।,0,[],[]
1545,4% से 6% की रेंज में होता है।,0,[],[]
1546,मद्यनिर्माण उद्योग एक वैश्विक व्यापार है जिसमें प्रभावी बहुराष्ट्रीय कंपनियां छोटे उत्पादक से शुरू कर आंचलिक सुराकर्मशालाओं तक शामिल हैं। इस उद्योग में हजारों की संख्या में छोटे उत्पादक शराब की भट्टियों से शुरू कर आंचलिक सुराकर्मशालाओं तक शामिल हैं।,0,[],[]
1547,बियर,0,[],[]
1548,बातचीत में आवाज के स्वर से भाषा का लगभग 38% संचार होता है।,0,[],[]
1549,"सबसे बड़ा नहीं होने के बावजूद, पोर्ट ऑफ बैटन रूज निपटने में सक्षम है दूर नदी के ऊपर मिसिसिपी नदी बंदरगाह पनमक्ष् जहाजों से निपटने में।",0,[],[]
1550,संगठनों को भौतिक मात्राओं के आयाम आधारित इकाइयों का उपयोग करना चाहिए।,0,[],[]
1551,मेरे पास आपके प्रश्न का उत्तर नहीं है।,0,[],[]
1552,मेरे पास आपके प्रश्न का उत्तर नहीं है।,0,[],[]
1553,"1930 के दशक के आरंभ में, किपलिंग को अपने लेखन में बरकरार सफलता मिली थी, लेकिन उनकी गति धीमी रही और उनकी रचनाएं पहले की तुलना में कम सफल थीं।",0,[],[]
1554,हार्डी की पत्नी का प्रथम नाम एमा लैविनिया गिफ़र्ड था।,0,[],[]
1555,पर्वत आमतौर पर एक पहाड़ी की अपेक्षा अधिक ढलानदार है।,0,[],[]
1556,पर्वत विवर्तनिक बलों या ज्वालामुखी के माध्यम से पृथ्वी का धरातल उठता है।,0,[],[]
1557,उत्थान के समय होने वाली घटना को इसोस्टैटिक उत्थान कहा जाता है।,0,[],[]
1558,जापान में माउंट फ़ूजी एक ज्वालामुखी है।,0,[],[]
1559,"कटाव के कारणों में शामिल होते हैं: पानी, हवा, बर्फ और गुरुत्वाकर्षण।",0,[],[]
1560,ऑमस ऑफ एक्विनो का जन्म 1225 में हुआ था।,0,[],[]
1561,मेरे पास आपके प्रश्न का उत्तर नहीं है।,0,[],[]
1562,"1998 में दोनों कंपनियों का विलय हुआ था, जिससे नई कंपनी बनाई गयी थी। इन दो कंपनियों का इतिहास उन्नीसवीं सदी से शुरू होता था।",0,[],[]
1563,कूपर्स एंड लिब्रैंड डेलोटी का नाम 1992 में कूपर्स एंड लिब्रैंड के रूप में बदला गया था।,0,[],[]
1564,"MCS का अर्थ ""मैनेजमेंट कनसल्टेंस सर्विस"" होता है।",0,[],[]
1565,मेरे पास आपके प्रश्न का उत्तर नहीं है।,0,[],[]
1566,मेरे पास आपके प्रश्न का उत्तर नहीं है।,0,[],[]
1568,"अकेले यूरोप का हिस्सा अकेले 45% है। इसके अलावा पीडब्ल्यूसी कुछ मार्केटों में भी कार्यरत है, जिनमें संयुक्त राज्य अमेरिका और युनाइटेड किंगडम शामिल हैं।",0,[],[]
1569,"केंद्र पार्टी को 437,389 वोट मिले।",0,[],[]
1570,"मिरांडा हाउस, दिल्ली विश्वविद्यालय से डिग्री प्राप्त की।",0,[],[]
1571,"2,111 मीटर",0,[],[]
1572,तीसरा सबसे बड़ा शहर मालमो है।,0,[],[]
1573,"स्वीडन के विदेशी पृष्ठभूमि वाले निवासी मुख्यतः सीरिया, फिनलैंड, इराक, पोलैंड, ईरान और सोमालिया से हैं।",0,[],[]
1574,स्वीडन की एक निर्यात उन्मुख मिश्रित अर्थव्यवस्था है।,0,[],[]
1575,"स्वीडन है, विश्व में हथियारों का नौवाँ सबसे बड़ा उत्पादक/निर्यातक।",0,[],[]
1576,स्वीडन के सबसे प्रसिद्ध मूर्तिकार टोबीस सर्गल और कार्ल मिलस हैं।,0,[],[]
1578,"येल कॉलेज में, येल में अध्ययन करते समय सेम्युल मोर्स ने बेंजामिन फ्रेंकलिन और जेरेमिया डे के द्वारा विद्युत विषय पर दिए गए वक्तव्यों में भाग लिया।",0,[],[]
1579,रेनेसेन्स की नयी शास्त्रीय कला से प्रभावित था।,0,[],[]
1580,द डाइंग हर्क्युलेज,0,[],[]
1581,38-मील (61 कि॰मी॰),0,[],[]
1582,"उत्तर: सारा एलिजाबेथ ग्रिस्वोल्ड का विवाह उटिका, न्यूयॉर्क में हुआ था।",0,[],[]
1583,10 दीनार का बैंकनोट 1971 में चलन में आया था।,0,[],[]
1584,हैंडबॉल के लिए नियमों का पहला सेट 1906 में लिखा गया था।,0,[],[]
1585,बॉल केवल आर-पार हो जाती थी।,0,[],[]
1586,निर्दिष्ट चीज़ को पूरा करने के लिए 50 के दशक में बास्केटबॉल का रंग नारंगी बनाया गया था।,0,[],[]
1587,महिला बास्केटबॉल चैंपियनशिप में 1926 में एमेच्योर एथलेटिक यूनियन ने पुरुषों के पूरे नियमों का समर्थन किया। यह निर्देशन दिया कि प्रत्येक टीम में छह से नौ खिलाड़ियों और 11 अधिकारियों को रखना चाहिए।,0,[],[]
1588,"अर्जेंटीना, चेकोस्लोवाकिया, ग्रीस, इटली, लातविया, पुर्तगाल, रोमानिया और स्विट्ज़रलैंड ने FIBA का गठन किया।",0,[],[]
1589,थ्री-पॉइंट आर्क टोकरी से निम्नलिखित दूरी पर होता है: - अंतर्राष्ट्रीय खेलों में: 6.25 मीटर (20.5 फीट) - NBA खेलों में: 23 फीट 9 इंच (7.24 मी॰),0,[],[]
1590,"दक्षिण कोरियाई लोगों द्वारा आम भाषा और दौड़ नागरिकता की राजनीतिक विचारधारा के अनुसार देखा जाता है, जो महत्वपूर्ण तत्व हैं।",0,[],[]
1591,"40,466,577",0,[],[]
1592,1955 में दक्षिण कोरिया की आबादी की गणना दी गई जनसंख्या वृद्धि डेटा से निकालने पर लगभग 21.5 मिलियन थी।,0,[],[]
1593,"1949 में पहली आधिकारिक जनगणना के अनुसार, दक्षिण कोरिया की कुल आबादी 20,188,641 लोग थी।",0,[],[]
1594,छोटे-छोटे निरीक्षणों से बड़े निष्कर्ष निकालने की क्षमता।,0,[],[]
1595,मेरे पास आपके प्रश्न का उत्तर नहीं है।,0,[],[]
1596,प्रत्येक प्रदर्श में बेकर स्ट्रीट बैठक का पुनर्निमाण है।,0,[],[]
1597,15 साल थी।,0,[],[]
1599,मेरे पास आपके प्रश्न का उत्तर नहीं है।,0,[],[]
1600,मेरे पास आपके प्रश्न का उत्तर नहीं है।,0,[],[]
1601,सिस्टोस्कोपी के प्रकार फ्लेक्सिबल और रिजिड हैं।,0,[],[]
1602,मेरे पास आपके प्रश्न का उत्तर नहीं है।,0,[],[]
1603,इस जानकारी में नहरों की व्याख्या नहीं मिली है। मेरे पास आपके प्रश्न का उत्तर नहीं है।,0,[],[]
1604,मेरे पास आपके प्रश्न का उत्तर नहीं है।,0,[],[]
1605,मुख्य रूप से रुडोल्फ हेकिंगेन में वह अक्सर अपने परिवार के साथ जाती थी।,0,[],[]
1606,"1933 में, अल्बर्ट आइंस्टीन और एल्सा प्रिंसटन, न्यू जर्सी, संयुक्त राज्य अमेरिका में रहने लगे।",0,[],[]
1607,श्रम आंदोलन का लक्ष्य बेहतर कार्य अवस्थाएं हैं।,0,[],[]
1608,सर इसाक विवियन्स का पेशा क्रिकेट के खिलाड़ी था।,0,[],[]
1609,8540,0,[],[]
1610,"प्रांत के नाम का अर्थ ""लगान-मुक्त नगर"" है।",0,[],[]
1611,मेरे पास आपके प्रश्न का उत्तर नहीं है।,0,[],[]
1612,"जोखिम विश्लेषण को अद्यतन करने के दो प्राथमिक कारण हैं, इसलिए इसे कम से कम दो बार अद्यतन किया जाता है।",0,[],[]
1613,हर्मन मिन्कोवस्की संख्याओं की ज्यामिति का सृजन एवं विकास करके जाने जाते हैं।,0,[],[]
1614,"मेक्सिको में 11 करोड़ की अनुमानित जनसंख्या के साथ, 21 राज्य और एक संघीय जिला है। इसमें राजधानी शामिल है। इसलिए, मेक्सिको में कुल 22 राज्य और एक संघीय जिला हैं। लेकिन आपके प्रश्न में दिए गए जानकारी के अनुसार यह 21 राज्य हैं। इसलिए, उत्तर 21 राज्य हैं।",0,[],[]
1616,मेरे पास आपके प्रश्न का उत्तर नहीं है।,0,[],[]
1617,"मिग-25 की अनिवार्य गति मैक 2.83 तक पहुंच सकता है, लेकिन यह इंजन की क्षति के जोखिम के साथ मैक 3.2 या अधिक की अधिकतम गति तक पहुंच सकता है।",0,[],[]
1618,मेरे पास आपके प्रश्न का उत्तर नहीं है।,0,[],[]
1620,डाटा प्रवाह मशीनें आमतौर पर VHDL या Verilog हार्डवेयर वर्णन भाषाओं का उपयोग कर डिजाइन किया जाता है।,0,[],[]
1622,"वातावरण में मीथेन, जल वाष्प, अमोनिया, सिलिकॉन आधारित यौगिक, कार्बन, इथेन, हाइड्रोजन सल्फाइड, फोस्फाइन, सल्फर, बेंजीन और अन्य हाइड्रोकार्बन पाया जा सकता है।",0,[],[]
1623,बृहस्पति से संबंधित है।,0,[],[]
1624,हल्के रंग के क्षेत्रों (zones) और गहरे रंग की पट्टियों (belts) हैं।,0,[],[]
1625,बृहस्पति के विषुववृत्त तल में एक प्लाज्मा चादर बनाती है जो चुम्बकीय डिस्क की तुलना में चुंबकीय द्विध्रुवीय विरूपण का कारण बनाती है।,0,[],[]
1626,शंकु आकार की सतह के साथ ऊर्जा का संचार होता है।,0,[],[]
1627,"बृहस्पति कक्षीय दौड़ में सूर्य के चारों ओर पृथ्वी की तुलना में तेजी से चलता है। यह पृथ्वी को बृहस्पति की ओर ले जाता है और इस तरह की दौड़ का एक चक्कर पृथ्वी के लिए लगभग 398.2 दिन लगता है। यह अवधि को संयुति काल कहा जाता है। इस दौरान, बृहस्पति रात्रि आसमान में पीछे जाता हुआ प्रतीत होता है, एक पश्च गति का प्रदर्शन करता है।",0,[],[]
1628,7वीं या 8वीं शताब्दी इपू.,0,[],[]
1629,उपलब्ध जानकारी में तरंग दैर्ध्य की अनुमानित सीमा नहीं दी गई है।,0,[],[]
1631,पायोनियर 10 अंतरिक्ष यान सबसे उल्लेखनीय अंतरिक्ष यान है।,0,[],[]
1632,तीन चंद्रमाओं के कारण लैप्लास रेजोनेंस होता है।,0,[],[]
1633,बृहस्पति के चंद्रमाओं की नियमित चन्द्रमाएँ हैं।,0,[],[]
1634,बृहस्पति,0,[],[]
1635,इल्हाम हेदर ओगलू ओगलू की मूल भाषा अज़रबैजानी है।,0,[],[]
1636,बंगलादेश लिबरेशन वार्ट (1971 का बांग्लादेश स्वतंत्रता युद्ध) के बाद बंगलादेश अलग हुआ।,0,[],[]
1637,"स्मारक की मुख्य संरचना 7 समद्विबाहु त्रिकोणीय पिरामिड आकार की संरचनाओं से बनी है। इसलिए, वास्तुकला की दीवारें 7 त्रिकोणीय आकार की हैं।",0,[],[]
1638,मेरे पास आपके प्रश्न का उत्तर नहीं है।,0,[],[]
1639,राकेश का पेशा संगीत निर्देशन है।,0,[],[]
1640,राखी सावंत टेलिविज़न शो मेज़बान है। शो का नाम जानकारी में नहीं दिया गया है।,0,[],[]
1641,पॉल सोफस एप्सटीन का विचार था कि पॉलफ्लूक्त परिकल्पना गलत है।,0,[],[]
1642,मेरे पास आपके प्रश्न का उत्तर नहीं है।,0,[],[]
1643,"पेर्मो-कार्बोनीफेरस हिमनद तलछट की श्रृंखलाएं और ओरीएंटेड हिमनद श्रृंखला नमक जमाव से बने सतत हिमनद द्वारा महाद्वीपीय प्रवाह के सिद्धांत की अधिकता प्रदर्शित की गई है। ये श्रृंखलाएं भूमध्य रेखा से दूर तथा ध्रुवों की ओर जाती हुई हिमनदीय बहाव को दर्शाती हैं, जो महाद्वीपीय प्रवाह के सिद्धांत को सही दिखाती हैं। इसलिए, शोधकर्ताओं को महाद्वीपीय प्रवाह के सिद्धांत की अधिकता है।",0,[],[]
1644,बोइंग एक्स-40,0,[],[]
1645,"पहला एक्स-40 परीक्षण 11 अगस्त 1998 को 06:59 पर हॉलीमन एएफबी, न्यू मैक्सिको में हुआ था।",0,[],[]
1646,परिवार में चलने वाले सिर दर्द के मामलों का प्रतिशत लगभग दो तिहाई होते हैं।,0,[],[]
1647,सिरदर्द में पर्यावरणीय और आनुवांशिकीय कारकों की भूमिका मानी जाती है।,0,[],[]
1648,माइग्रेन का आभासी कारण पर्यावरणीय और आनुवांशिक कारकों के मिश्रण होता है।,0,[],[]
1649,72 घंटे से अधिक.,0,[],[]
1650,अनुवांशिक विकार माइग्रेन का कारण आनुवंशिक प्रभाव के कारण बन सकता है। विशिष्ट जीन के वेरिएंट की संख्या जोखिम को बढ़ावा दे सकती है।,0,[],[]
1651,"पहले माना जाता था कि उच्च बुद्धिमत्ता वाले लोग माइग्रेन से अधिक पीड़ित होते हैं, लेकिन यह अब सही नहीं दिखता है।",0,[],[]
1652,आधारी धमनी ब्रेनस्टेम आपूर्ति करती है।,0,[],[]
1653,रेटिनल माइग्रेन के लक्षण में माइग्रेन सिरदर्द शामिल होता है जिसके साथ दृश्य गड़बड़ी या एक आंख में भी अस्थायी अंधापन हो सकता है।,0,[],[]
1654,माइग्रेन होने की सर्वाधिक संभावना वे लोगों में होती है जिनके पारिवारिक इतिहास में माइग्रेन का इतिहास है।,0,[],[]
1655,"सबूतों से पता चला था कि ब्रिटिश म्यूजियम के कपाल की एक नकल है, जो आकार में लगभग बिल्कुल समान है लेकिन आंखों और दांतों की अधिक विस्तृत गढ़ाई युक्त है।",0,[],[]
1657,दवाई की शुरुआती अवस्था में इस्तेमाल करना चाहिए।,0,[],[]
1658,दवाओं के लगातार उपयोग से अति प्रयोग से होने वाला सिरदर्द उत्पन्न होता है।,0,[],[]
1659,डाइहाइड्रोएरगॉटामीन को ट्रिप्टन्स के रूप में निर्धारित किया जा सकता है।,0,[],[]
1660,मेरे पास आपके प्रश्न का उत्तर नहीं है।,0,[],[]
1661,10% से अधिक लोग पूरी दुनिया में माइग्रेन से पीड़ित हैं।,0,[],[]
1662,35 से 45 वर्ष की आयु के लोगों में माइग्रेन अधिक आम तौर पर दिखाई देते हैं।,0,[],[]
1663,1918 में एर्गोटेमाइन को फफूंद एरगॉट से अलग किया गया था।,0,[],[]
1664,मुख्यतः त्रेपेनेशन प्रक्रिया से गुजरने वाले लोगों की मृत्यु का कारण संक्रमण था। यह प्रक्रिया के कारण लोगों में संक्रमण होता था जिसमें अधिकतर लोग मर जाते थे।,0,[],[]
1665,माइग्रेन शब्द का उत्पन्न गेलन ने शब्द हेमीक्रानिया (आधा-सिर) का उपयोग करके किया था। इस शब्द से आधी सिरदर्द का अर्थ लिया गया था और इसके बाद शब्द माइग्रेन विकसित हुआ।,0,[],[]
1666,माइग्रेन के प्रभाव शामिल चिकित्सीय लागत और उत्पादन क्षय के महत्वपूर्ण स्रोत हैं। प्रभावित व्यक्ति की कार्यक्षमता एक तिहाई तक कम हो जाती है और उनके परिवार पर भी काफी नकारात्मक प्रभाव पड़ता है।,0,[],[]
1667,"स्तन अतिवृद्धि स्तिथि में, स्तन ऊतकों का वजन अत्यधिक बढ़ सकता है, जो कुल शरीर के वजन से लगभग 3% तक अधिक हो सकता है। इसलिए, यहाँ दिए गए जानकारी से यह स्पष्ट है कि जब स्तन अतिवृद्धि होती है तो वह बहुत अधिक स्तन वजन वाली स्थिति होती है।",0,[],[]
1671,मेरे पास आपके प्रश्न का उत्तर नहीं है।,0,[],[]
1672,13 साल की थी।,0,[],[]
1673,"जॉन हिन्क्ले, जूनियर ने राष्ट्रपति रोनाल्ड रीगन की हत्या करने का प्रयास किया था।",0,[],[]
1674,जापान सेल्फ-डिफेंस फोर्सेस का संक्षिप्त नाम JSDF है।,0,[],[]
1675,कुन्भोंग राजवंश बर्मी भाषा में कुन्भोंखेत् के रूप में लिखा गया है।,0,[],[]
1676,मेरे पास आपके प्रश्न का उत्तर नहीं है।,0,[],[]
1677,हेप्थैथलॉन का आयोजन करती हैं।,0,[],[]
1678,मेरे पास आपके प्रश्न का उत्तर नहीं है।,0,[],[]
1679,तोकस्विग का जन्म 1958 में हुआ था।,0,[],[]
1680,"टोकस्विग ने टोरमेट स्कूल, गिल्डफोर्ड के निकट एक स्वतंत्र लड़कियों के स्कूल में पढ़ाई की।",0,[],[]
1681,कॉकस पर्वत श्रंखला में पाया जा सकता है।,0,[],[]
1682,मेरे पास आपके प्रश्न का उत्तर नहीं है।,0,[],[]
1683,प्रथम मध्यवर्ती काल का अकाल।,0,[],[]
1685,"हिक्सोस के लिए एक और शब्द ""विदेशी शासक"" है।",0,[],[]
1686,तुथंखमुन,0,[],[]
1687,लीबियाई सामंतों थे।,0,[],[]
1688,671 और 667 ई.पू.,0,[],[]
1688,"के बीच असीरिया ने मिस्र पर हमला शुरू किया। इससे पालन करते हुए, उनके बीच युद्ध 671 और 667 ई.पू.",0,[],[]
1688,के बीच हुआ।,0,[],[]
1689,प्रश्न के उत्तर के लिए दिए गए जानकारी में विशेष रूप से संकेत नहीं मिल रहा है। इसलिए: मेरे पास आपके प्रश्न का उत्तर नहीं है।,0,[],[]
1692,नूबिया में पाए गए थे।,0,[],[]
1693,"खनिजों का उपयोग विभिन्न उपकरणों और संरचनाओं के निर्माण में किया जाता है, जैसे कि इमारती और सजावटी पत्थर, तांबा, सीसा अयस्क, सोना और क़ीमती पत्थर। यह भी शवलेपन, चकमक पत्थर और टिकाऊ तीर बनाने में लगाया जाता है।",0,[],[]
1694,"वादी हम्मामत के लिए उल्लेखनीय स्रोत वादी हम्मामत ग्रेनाइट, ग्रेवैक और सोने का था।",0,[],[]
1695,ऊपरी मिस्र में पाए गए थे।,0,[],[]
1696,फिलिस्तीनी शैली के तेल के कटोरे से सबूत मिला है।,0,[],[]
1697,"मिस्र मुख्य रूप से अनाज, सोना, सन के कपड़े और पेपिरस का निर्यात करता था।",0,[],[]
1698,मेरे पास आपके प्रश्न का उत्तर नहीं है।,0,[],[]
1699,मेरे पास आपके प्रश्न का उत्तर नहीं है।,0,[],[]
1700,आधुनिक मिस्र की अरबी भाषा में कॉप्टिक के निशान पाए जा सकते हैं।,0,[],[]
1701,लेखकों ने याजकीय प्रवाही लेखन का उपयोग किया था।,0,[],[]
1702,मेरे पास आपके प्रश्न का उत्तर नहीं है।,0,[],[]
1704,"चित्रलिपि एक शब्द, एक ध्वनि या एक मूक निर्धारक का प्रतिनिधित्व कर सकती है।",0,[],[]
1705,शाही मकबरों में पाए गए मदों पर लेबल और टैग पर राजशाही से सम्बंधित लेखन पहली बार दिखाई देने के बाद मिस्र में लेखन सबसे अधिक पाए गए।,0,[],[]
1706,सिस्ट्रम एक खड़कता संगीत वाद्ययंत्र है जो विशेष रूप से धार्मिक समारोह में महत्वपूर्ण था।,0,[],[]
1707,खुली छत का प्रयोजन था गर्मी के दिनों में घर को ठंडा रखना।,0,[],[]
1708,नाइल नदी में स्नान किया था।,0,[],[]
1709,दीवारों पर सफेद रंग लगाया जाता था और इन्हें रंगे हुए सन के कपड़े के पर्दे से ढका जा सकता था।,0,[],[]
1710,शांति और प्रगतिशील सद्भावना की छांव में रहने वाले गतिविधियाँ जैसे खेल और संगीत सहित आनंद लेने की अवसर थे। धनी मिस्रियों को शिकार और नौका विहार भी पसंद था।,0,[],[]
1711,युवा लोगों ने देखना और गेंद के खेल का आनंद लिया था।,0,[],[]
1712,कृषक वर्ग साधारण घरों में रहते थे।,0,[],[]
1714,टीकाओं के अन्य जोखिम कारकों में धूम्रपान शामिल है।,0,[],[]
1716,पुनर्माइलिनीकरण,0,[],[]
1717,"उपचार के प्रतिकूल प्रभावों में ग्लाटिरामेर एसीटेट के इंजेक्शन वाली जगह पर वसा ऊतक के स्थानीय क्षति (लिपोट्रोफी) और जलन शामिल हैं। इंटरफेरॉन उपचारों से भी लक्षण जैसे तमतमाहट, सीने में जकड़न, दिल की धड़कनों, श्वासहिनता और चिंता आते हैं। बहुत कम आम होने वाले प्रभाव में गुर्दे की क्षति, ह्रदय संबंधी गंभीर विषाक्तता, बांझपन और माइटॉक्सैनट्रोन का गंभीर मज्जाभ (ल्यूकेमिया) शामिल हैं।",0,[],[]
1718,मेरे पास आपके प्रश्न का उत्तर नहीं है।,0,[],[]
1719,एमएस आम तौर पर महिलाओं में दिखाई देता है।,0,[],[]
1720,"इस तेल का उत्पादन काले सरसों (ब्रैसिका निग्रा), भूरे रंग के भारतीय सरसों (ब्रैसिका जुनसिया) और सफेद सरसों (''ब्रैसिका हिर्टा) से किया जा सकता है।",0,[],[]
1721,इरुसिक एसिड अधिक प्रचलित है। सरसों के तेल में इरुसिक एसिड 42% और ओलिक एसिड 12% होता है।,0,[],[]
1722,रसिया का जीपीएस के समकक्ष नाम ग्लोनास (GLONASS) है।,0,[],[]
1723,19 अप्रैल 1900 को।,0,[],[]
1724,"मामूट्टी ने तमिल, तेलुगु, हिंदी और अंग्रेजी फिल्मों में अभिनय किया है, इसलिए उन्होंने चार गैर-मलयालम फिल्मों में अभिनय किया है।",0,[],[]
1725,एशियाई खेलों को एशियाड के नाम से भी जाना जाता है।,0,[],[]
1726,चीन के हांगझोऊ नगर द्वारा आयोजित किया जायेगा।,0,[],[]
1727,अगस्त रश एक अमेरिकी ड्रामा फिल्म थी।,0,[],[]
1728,अल्फा-फिटोप्रोटीन (Alpha-Fiteloprotein) का अर्थ होता है।,0,[],[]
1729,अफ़पीएफ का स्तर गर्भ की पहली तिमाही के अंत तक भ्रूण सीरम में वृद्धि होती है।,0,[],[]
1730,मेरे पास आपके प्रश्न का उत्तर नहीं है।,0,[],[]
1732,मेरे पास आपके प्रश्न का उत्तर नहीं है।,0,[],[]
1733,"क्योइकु कानजी में 1,006 अक्षर हैं।",0,[],[]
1734,1981 में जोयो कानजी को पेश किया गया।,0,[],[]
1735,कुनयोमी और ओनयोमी के मिश्रण होता है।,0,[],[]
1737,मुस्लिम पैगंबर को ईश्वर से पूरा क़ुरआन का खुलासा 23 वर्षों की अवधि में मिला।,0,[],[]
1738,"परीक्षण दर्शाया कि चर्मपत्र 568 और 645 के बीच था, तथा 95% से अधिक संभावना है।",0,[],[]
1739,कुरान में 114 अध्याय हैं।,0,[],[]
1740,कुरानिक शाब्दिकता और सलाफिस और जहीरिस के विशेषज्ञों का दावा है कि कुरान को केवल इसके स्पष्ट अर्थ में ही लिया जाना चाहिए।,0,[],[]
1741,सलमान फारसी ने कुरान का पहला अनुवाद किया है।,0,[],[]
1742,कुरान को कॉलिग्राफर्स और प्रतिवादियों द्वारा बनाई गई पांडुलिपियों में प्रसारित किया गया था।,0,[],[]
1743,दिसम्बर महीने लाया जाता है।,0,[],[]
1744,साहनी का जन्म 1 मई 1913 को हुआ था।,0,[],[]
1745,साहनी और उनकी पत्नी 1943 में भारत लौट आए।,0,[],[]
1746,प्रश्न का उत्तर उपलब्ध जानकारी में नहीं मिल रहा है।,0,[],[]
1747,"अगले वर्ष, कीज़ ने आठ रीमिक्स और सात अनप्लग्ड संस्करण का उत्पादन किया।",0,[],[]
1749,"कीज़ की अपनी रोल में ""स्मोकिन एसेस"" फिल्म से काफी प्रशंसा मिली।",0,[],[]
1750,2007,0,[],[]
1751,"प्रमुख कानूनी विद्वानों ने समाज में आधुनिक निगमों की बदलती भूमिका पर पुनर्विचार किया, वह 1929 के वाल स्ट्रीट गिरावट के तत्काल बाद थी।",0,[],[]
1752,मेरे पास बुतरस-घाली के पिता की जानकारी नहीं है।,0,[],[]
1753,1992 में,0,[],[]
1754,पेजरैंक का पेटेंट स्टैनफ़ोर्ड विश्वविद्यालय से आया है।,0,[],[]
1756,प्रायिकता व्यक्त की गयी है।,0,[],[]
1757,रैंडम सर्फ़र के मॉडल का उपयोग करता है।,0,[],[]
1758,पीटर डिंकलेजिस के पिता का पेशा बीमा सेल्समैन था।,0,[],[]
1759,"वयस्कों के लिए बीएमआई की गणना समान तरीके से की जाती है, लेकिन तब सामान उम्र के अन्य बच्चों के लिए प्रारूपिक मान से तुलना की जाती है। कम वजन और अधिक वजन की निर्धारित सीमा के बजाय बीएमआई प्रतिशतक समान लिंग और आयु के बच्चों के साथ तुलना की अनुमति देता है।",0,[],[]
1760,भारतीय स्वतंत्रता आंदोलन भारत की स्वतंत्रता की दिनांक 15 अगस्त 1947 के आगमन से शुरू हुई थी।,0,[],[]
1761,होंठ जल्दी सूख जाते हैं और कट-फट जाते हैं।,0,[],[]
1762,पसीने तथा शारीरिक तैल नहीं करते हुए त्वचा तप्तमान नियंत्रित करने तथा रोगाणुओं से बचने की सुरक्षा प्रदान करता है।,0,[],[]
1763,मेरे पास आपके प्रश्न का उत्तर नहीं है।,0,[],[]
1764,रुपया शब्द का अर्थ चांदी का सिक्का है।,0,[],[]
1765,कोफी अन्नान का जन्म 8 अप्रैल 1938 को घाना के कुमसी नामक शहर में हुआ था।,0,[],[]
1766,मेरे पास आपके प्रश्न का उत्तर नहीं है।,0,[],[]
1767,मेरे पास आपके प्रश्न का उत्तर नहीं है।,0,[],[]
1768,एक अध्याय को सुर कहा जाता है।,0,[],[]
1769,रजत पदक।,0,[],[]
1770,मेरे पास आपके प्रश्न का उत्तर नहीं है।,0,[],[]
1771,मेरे पास आपके प्रश्न का उत्तर नहीं है।,0,[],[]
1772,फीफा (FIFA) ऑल-स्टार टीम में नामित किया गया था।,0,[],[]
1773,मेरे पास आपके प्रश्न का उत्तर नहीं है।,0,[],[]
1774,बॉक्सर कुत्ता एक ब्रैकीसिफैलिक कुत्ता नस्ल का उदाहरण है।,0,[],[]
1775,1969 में लीबिया का नाम बदलकर 'लिबियन अरब रिपब्लिक' रखा गया।,0,[],[]
1776,"लीबिया के निर्देशांक 19 डिग्री और 34 डिग्री एन, और 9 डिग्री और 26 डिग्री ई के बीच हैं।",0,[],[]
1777,लीबिया में गिब्ली धूल से भरे सिरोको और ओसा आम हैं।,0,[],[]
1778,फर्जी 2007 और 2009 के बीच ग्राइंडहाउस में थी।,0,[],[]
1779,7.50%,0,[],[]
1780,जापान,0,[],[]
1782,बहुत ही महत्वपूर्ण घडी।,0,[],[]
1784,फुटबॉल,0,[],[]
1785,कीन अक्सर कॉर्क लौटने के लिए क्लब से अकसर कुछ दिनों की छुट्टी के लिये अनुरोध करता था।,0,[],[]
1786,मेरे पास आपके प्रश्न का उत्तर नहीं है।,0,[],[]
1788,"त्रिफला में आमलाकी, हरिताकी और बिभिता के रासायनिक यौगिक पाए जा सकते हैं।",0,[],[]
1789,शेन वार्न ने मई 2004 में मुरलीधरन के 532 विकेटों के रिकार्ड तोड़ दिया।,0,[],[]
1790,एक महीने का प्रतिबंध लगा दिया गया था।,0,[],[]
1792,मूत्राशय के संक्रमण का दूसरा नाम मूत्राशय संक्रमण है।,0,[],[]
1793,बच्चों में यूटीआई का एकमात्र लक्षण बुखार हो सकता है।,0,[],[]
1794,यौन सक्रियता से जुड़े कारणों की दर सबसे ऊँची है।,0,[],[]
1795,मूत्र कैथेटराइज़ेशन मूत्र मार्ग के संक्रमण का जोखिम 3 से 6 प्रतिशत बढ़ाता है।,0,[],[]
1796,"क्रेनबेरी रस या क्रेनबेरी पूरक, रीढ़ की हड्डी में चोट लगने वाले लोगों में यूटीआई की रोकथाम और उसके इलाज में मदद नहीं करते हैं।",0,[],[]
1797,महिलायें,0,[],[]
1798,"जटिल मामलों की पुष्टि करने के लिए यूरीनरी नाइट्रेट, श्वेत रक्त कणिकाओं (ल्यूकोसाइट्स) या ल्यूकोसाइट ईस्टरेस की उपस्थिति को देखकर यूरिन माइक्रोस्कोपी या मूत्र विश्लेषण किया जा सकता है।",0,[],[]
1799,"फोनाज़ोपिराइडिन को एंटीबायोटिक के साथ दिया जाता है, जिससे मूत्राशय संक्रमण के दौरान महसूस की जाने वाली जलन और व्यग्रता से आराम मिल सके।",0,[],[]
1800,बच्चे के लिए UTIs के लिए तीन दिनों का एंटीबायोटिक उपचार आम तौर पर पर्याप्त होता है।,0,[],[]
1801,कुछ देशों में ट्राइमेथोप्रिम को TMP/SMX के बराबर माना जाता है।,0,[],[]
1803,अमेरिकियों पर मूत्र संबंधी संक्रमण के प्रभाव निम्नलिखित हैं: 1.,0,[],[]
1803,काम पर समय की हानि 2.,0,[],[]
1803,स्वास्थ्य देखभाल की लागत 3.,0,[],[]
1803,लगभग 1.6 बिलियन अमेरिकी डॉलर की प्रत्यक्ष वार्षिक लागत,0,[],[]
1804,"रात्चाबुरी का अर्थ ""राजापुरी"" या ""राजा की नगरी"" है।",0,[],[]
1805,मेरे पास आपके प्रश्न का उत्तर नहीं है।,0,[],[]
1806,रफीक फरीद का जन्म 20 जनवरी 1964 में हुआ था।,0,[],[]
1807,प्रश्न का उत्तर दिया गया पाठ से नहीं लिया जा सका। मेरे पास आपके प्रश्न का उत्तर नहीं है।,0,[],[]
1808,क्रोएशिया एयरलाइन की कई सारी एयरलाइन के साथ कोड साझेदारी समझौते हैं।,0,[],[]
1809,मेरे पास आपके प्रश्न का उत्तर नहीं है।,0,[],[]
1810,चेतना नैदानिक मौत की शुरुआत में लगभग 20 से 30 सेकंड के भीतर शून्य हो जाती है।,0,[],[]
1811,"CPR का अर्थ ""कार्डियोपल्मोनरी पुनर्जीवन"" है।",0,[],[]
1812,मेरे पास आपके प्रश्न का उत्तर नहीं है।,0,[],[]
1813,चुय नदी का पानी मदद करता है।,0,[],[]
1814,"इसका उपयोग न्यायिक, प्रशासनिक एवं निजी आँकड़ों के संग्रहण में किया जाता था।",0,[],[]
1815,16 वी सदी से 1880 के दशक तक。,0,[],[]
1816,"जब एक गेंद खो जाती है, तो इसकी जगह इसके सामान घिसावट वाली एक दूसरी गेंद ली जाती है।",0,[],[]
1817,नियम 13 से फॉलो-ऑन का संबंध है।,0,[],[]
1818,कोई अन्य बल्लेबाज खेलने के लिए फिट नहीं होना।,0,[],[]
1819,"पारियों के बीच और दोपहर का भोजन, चाय और ड्रिंक्स के बीच का अंतराल दस मिनट का होता हैं।",0,[],[]
1821,"प्राचीन संस्कृतियों की गिनतियों का अध्ययन सामाजिक और आर्थिक आंकड़ों को ट्रैक करने के लिए किया जाता है, जैसे कि समूह के सदस्यों की, शिकारी पशुओं की, संपत्ति की या कर्ज की संख्या।",0,[],[]
1822,1966 में बेक ने फ्रायबर्ग विश्वविद्यालय में पढ़ाई की थी।,0,[],[]
1823,रेखीय मान से व्यक्त किया जाता है।,0,[],[]
1824,"छोटी आई रिलीफ वाली दूरबीनों के प्रयोग में राहत की अधिक दिक्कत हो सकती है, इसलिए आंखों में अधिक राहत के लिए फोकल लंबाई बड़ी होनी चाहिए।",0,[],[]
1825,पेरी की संबंधित बैंड की जानकारी यहाँ नहीं मिली है।,0,[],[]
1826,मेरे पास आपके प्रश्न का उत्तर नहीं है।,0,[],[]
1829,2001 में क्रिस ने बैंड से छोड़ दिया।,0,[],[]
1830,मेरे पास आपके प्रश्न का उत्तर नहीं है।,0,[],[]
1831,इक्वेटोरियल गिनी,0,[],[]
1832,भारत के शहर हैं।,0,[],[]
1833,कर्लिंग ओलंपिक कार्यक्रम का पूरा हिस्सा पेश किया गया था।,0,[],[]
1834,सैन्य गश्ती सूचीबद्ध नहीं है।,0,[],[]
1835,मेरे पास आपके प्रश्न का उत्तर नहीं है।,0,[],[]
1836,मार्कस की मदत जॉन ने की।,0,[],[]
1838,दक्षिण अफ्रीका में एक मिनी बस दुर्घटना हुई।,0,[],[]
1839,"पॉल हेगिस ने ब्रंकाटो और फेरिस की पटकथा को फिर से लिखा, और शॉन रयान ने फ़िल्मांकन से तीन हफ्ते पहले एक और संशोधन किया। इसलिए, स्क्रिप्ट को संशोधित किया गया था फ़िल्मांकन से तीन हफ्ते पहले।",0,[],[]
1840,पटकथा में योगदान दिया।,0,[],[]
1841,स्कोर के लेखक ने इसकी रचना जनवरी 2009 में शुरू की थी।,0,[],[]
1842,चार,0,[],[]
1843,मेरे पास आपके प्रश्न का उत्तर नहीं है।,0,[],[]
1844,अरबी भाषा से आया है।,0,[],[]
1845,शकीरा ने अपने दूसरे स्टूडियो एल्बम के बाद एक अंतराल लेने का फैसला किया ताकि वह हाई स्कूल से स्नातक कर सके।,0,[],[]
1846,शकीरा ने टूर एंफिबियो मार्च 2000 में शुरू किया।,0,[],[]
1847,मेरे पास आपके प्रश्न का उत्तर नहीं है।,0,[],[]
1848,इलाम,0,[],[]
1849,11,0,[],[]
1850,मेरे पास आपके प्रश्न का उत्तर नहीं है।,0,[],[]
1853,मेरे पास आपके प्रश्न का उत्तर नहीं है।,0,[],[]
1854,सरकार कार्यकारी शक्ति का उपयोग करती है।,0,[],[]
1855,नॉर्थवुड,0,[],[]
1856,"प्रोसेसर ट्रांजिस्टरों से तैयार होकर, उच्चतम क्लॉक गति या कम ताप उत्पन्न करते हुए उसी के समान गति से संचालित हो सकता है।",0,[],[]
1857,"2003 के सितंबर में, एथलॉन64 और एथलॉन64 एफएक्स का ऐलान किया गया था।",0,[],[]
1859,90 एनएम,0,[],[]
1861,मेरे पास आपके प्रश्न का उत्तर नहीं है।,0,[],[]
1862,"1976 शीतकालीन ओलंपिक खेलों में मंगोलिया नहीं था। यह जानकारी 1964 से शुरू होने वाले मंगोलिया के शीतकालीन ओलंपिक खेलों के हिस्से लेकर दी गई है, लेकिन 1976 के बारे में कोई विवरण नहीं है। इसलिए, मेरे पास आपके प्रश्न का उत्तर नहीं है।",0,[],[]
1863,"निर्दिष्ट एक मंगोलियाई व्यक्ति का नाम नहीं मिला, लेकिन जानकारी में यह लिखा है कि मंगोलियाई एथलीटों ने कुल 26 पदक जीते हैं, सभी ग्रीष्मकालीन ओलंपिक प्रतियोगिताओं में। यहाँ विशेष व्यक्ति का नाम नहीं दिया गया है।",0,[],[]
1864,मेरे पास आपके प्रश्न का उत्तर नहीं है।,0,[],[]
1865,मेरे पास आपके प्रश्न का उत्तर नहीं है।,0,[],[]
1866,विंड्सर कासल के सेंट जॉर्ज चैपल में हुई थी।,0,[],[]
1867,राष्ट्रीय नादम मंगोलियाई राजधानी उलानबटार में आयोजित किया जाता है।,0,[],[]
1868,चीन की है।,0,[],[]
1869,ताइल या ताइल लियांग के रूप में नामित थे।,0,[],[]
1870,नमक उत्पादक ने भुगतान के रूप में चांदी का इस्तेमाल किया।,0,[],[]
1871,1 ताइल में 100 कैंडरीन होते हैं।,0,[],[]
1873,मेरे पास आपके प्रश्न का उत्तर नहीं है।,0,[],[]
1875,मेरे पास आपके प्रश्न का उत्तर नहीं है।,0,[],[]
1876,"1937 में मुद्रा चीन में विधिमान्य मुद्रा बनी, जिसे बाद में कठपुतली बैंकों के निर्गमों द्वारा प्रतिस्थापित किया गया। हांगकांग डॉलर 1941 से 1945 के बीच हांगकांग में बना रहा। इसलिए, हांग कांग डॉलर की कानूनी निविदा बनावट की वर्ष संख्या 1937 में ही नहीं है, बल्कि इसकी वास्तविक व्यापारिक वैधता 1941 से शुरू हुई। दिया गया जानकारी के आधार पर, हांग कांग डॉलर की कानूनी निविदा बनावट की वर्ष संख्या 1937 में नहीं है।",0,[],[]
1877,रॅन्मिन्बी नोट के मूल्यवर्गों की संख्या 12 है।,0,[],[]
1878,करंट ऑफ़ चाइना के नवीनतम संस्करण का सर्कुलेशन 1 अक्टूबर 1999 के बाद शुरू हुआ था।,0,[],[]
1879,1999 से शुरू हुआ।,0,[],[]
1880,अपने दिए गए पाठ से यह स्पष्ट नहीं है कि 2005 के आसपास उन्होंने किस देश का दौरा किया। इसलिए उत्तर है: मेरे पास आपके प्रश्न का उत्तर नहीं है।,0,[],[]
1882,सिया के चाचा केविन कोल्सन हैं।,0,[],[]
1883,"सिया के पिता फिल कोल्सन हैं, एक संगीतकार।",0,[],[]
1884,सिया ने क्रिस्प के विघटन के बाद ब्रिटिश बैंड जामिरोकई के लिए एक पृष्ठभूमि गायक के रूप में प्रदर्शन किया।,0,[],[]
1885,रंग छोटा याद किया एल्बम में चार एकल और 12 सिंगल्स मैच के तहत शामिल रविवार टूर्नामेंट की विवरणें निहित हैं। लेकिन दिए गए पाठों में से कोई ऐसा जानकारी नहीं मिल रहा है।,0,[],[]
1887,"बैयन्से, काइली मिनोग, फ्लो रिडा और रिहाना।",0,[],[]
1889,"जब वह थाईलैंड में थी, तब सिया को लंदन में कार दुर्घटना में पोंटेक्स की मृत्यु हो गई लगने वाली खबर मिली।",0,[],[]
1890,काव्य में उल्लिखित रोग से ग्रसित होने का वर्णन नहीं किया गया है।,0,[],[]
1891,प्रश्न का उत्तर उपलब्ध जानकारी में नहीं पाया गया है। मेरे पास आपके प्रश्न का उत्तर नहीं है।,0,[],[]
1892,"महाविद्यालय में विकास स्वरूप ने मनोविज्ञान, दर्शनशास्त्र और इतिहास विषयों का पढ़ावा किया।",0,[],[]
1893,"E80 सड़क नेटवर्क निस, प्रिस्टीना, डुब्रोवनिक, पिस्कारा, रोम, जेनोआ, नीस, तुलूज़, बर्गोस, वालडोलिड और सालामानका इत्यादि शहरों से होते हुए अंत में अटलांटिक महासागर पर लिस्बन तक जारी रहा।",0,[],[]
1895,API का तात्पर्य वेब सर्विस अप्लीकेशन प्रोग्रामिंग इंटरफेस का है।,0,[],[]
1898,प्रश्न का उत्तर सूची में दिए गए पाठ से निकाला गया नहीं जाता है। मेरे पास आपके प्रश्न का उत्तर नहीं है।,0,[],[]
1899,"CEMS Global Alliance वैश्विक गठबंधन में 5 महाद्वीपों से 30 शैक्षणिक संस्थान, 72 से अधिक कंपनी और दुनिया भर से 5 सामाजिक भागीदारों के साथ बहुराष्ट्रीय कंपनियों और गैर सरकारी संगठनों के साथ सामाजिक सहयोग का हिस्सा है।",0,[],[]
1900,2,0,[],[]
1901,"CEMS कार्यक्रम के लिए आवश्यक डिग्री स्तर एक प्रमुख व्यावसायिक डिग्री है, जो विश्वविद्यालय से प्राप्त की जाती है, और इसके बाद CEMS से डिग्री प्राप्त करना आवश्यक है। इस प्रकार, शैक्षिक सदस्यों के बीच चयन प्रक्रिया एक ""दोहरे डिग्री"" के रूप में जानी जाती है।",0,[],[]
1902,"CEMS के वर्तमान में 70+ कॉरपोरेट साझेदार हैं जो मानव संसाधन कार्यक्रमों के लिए योगदान देते हैं। इसलिए, उत्तर है 70+.",0,[],[]
1904,CEMS ने पीआरएम (जिम्मेदार प्रबंधन शिक्षा सिद्धांतों) की घोषणा की।,0,[],[]
1905,"सीईएमएस पूर्व छात्र संघ का नेतृत्व छात्र संघ मंडल करता है और साख पत्र के माध्यम से संघ की गतिविधियों और विकास पर चर्चा करने के लिए संघ में नियमित रूप से मिलता है। इसलिए, साख पत्र और सीईएमएस पूर्व छात्रों के बीच संपर्�कता रखने का जिम्मेदारी करता है।",0,[],[]
1908,जादू का व्युत्पत्ति लैटिन शब्द मैजी से हुआ है।,0,[],[]
1909,मेरे पास आपके प्रश्न का उत्तर नहीं है।,0,[],[]
1910,2 फरवरी 1913 को उनका पिता मर गया।,0,[],[]
1911,रमाबाई,0,[],[]
1914,1928 के तहत ओलंपिक खेलों में जिम्बाब्वे का नाम रोड्सिया था।,0,[],[]
1915,"अर्ल अर्द्ध एशियाई, एक-चौथाई अफ्रीकी-अमेरिकी, आठवां भाग मूल अमेरिकी तथा आठवां भाग डच सम्मिलित हुए।",0,[],[]
1916,वुड्स की दुर्घटना के समय उन्होंने एक चाइल्ड्रेक एसकेलेड वाहन से जा रहे थे।,0,[],[]
1918,उनकी पुत्री का नाम कैथलीन है।,0,[],[]
1919,"यदि किसी ईमेल को स्पैम के रूप में नहीं पहचाना जाता है, तो उसे वैध ईमेल के रूप में कहा जाता है।",0,[],[]
1921,एसोसिएशन रुल लर्निंग का उपयोग करते हैं।,0,[],[]
1922,1970 के दशक से प्रवासन उच्च रहा है।,0,[],[]
1923,मेरे पास आपके प्रश्न का उत्तर नहीं है।,0,[],[]
1924,सफेद पुट्ठे वाली मुनिया लगभग 10 से 11 सेमी लंबी होती है।,0,[],[]
1925,वयस्क पक्षी ऊपर और छाती के हिस्से पर भूरे होते हैं और नीचे की ओर हल्के रंग के होते हैं।,0,[],[]
1926,कुक के माता-पिता का नाम बेथ फोराकर और स्टेनली कुक हैं।,0,[],[]
1927,मेरे पास आपके प्रश्न का उत्तर नहीं है।,0,[],[]
1928,1933 में रॅफल्स होटेल की आर्थिक समस्याएँ खत्म हुई और इसकी लिमिटेड कंपनी की स्थापना की गयी।,0,[],[]
1929,1983 में स्टॉलमैन का पेशा था मुक्त सॉफ्टवेयर आंदोलन का संस्थापक और निर्माता।,0,[],[]
1932,1985,0,[],[]
1933,मेरे पास आपके प्रश्न का उत्तर नहीं है।,0,[],[]
1934,1983-84 में दर्ज की गयी थीं।,0,[],[]
1935,संयुक्त राज्य अमेरिका के मिनियापोलिस-सेंट पॉल महानगरीय क्षेत्र में दर्ज सबसे गर्म तापमान 108 °फ़ै (42 °से.),0,[],[]
1935,जुलाई 1936 में रिकॉर्ड किया गया था।,0,[],[]
1936,"मिनियापोलिस की अर्थव्यवस्था आज वाणिज्य, वित्त, रेल और ट्रकिंग सेवाएं, स्वास्थ्य देखभाल और उद्योग पर आधारित है। छोटे घटक प्रकाशन, मिल, खाद्य प्रसंस्करण, ग्राफिक कला, बीमा, शिक्षा और उच्च प्रौद्योगिकी भी शामिल हैं। उद्योग धातु और ऑटोमोटिव उत्पाद, रासायनिक और कृषि उत्पाद, इलेक्ट्रॉनिक्स, कंप्यूटर, परिशुद्ध चिकित्सा उपकरण और साधन, प्लास्टिक और मशीनरी का उत्पादन करता है।",0,[],[]
1937,"प्रश्न के उत्तर के लिए दिए गए जानकारी में विशेष रूप से संक्षिप्त तौर पर निर्धारित जानकारी नहीं है। इसलिए, निम्नलिखित पाठ तैयार किया गया है: मेरे पास आपके प्रश्न का उत्तर नहीं है।",0,[],[]
1938,परिषद के 12 सदस्य डीएफ़एल से हैं।,0,[],[]
1940,4 नवम्बर 1875,0,[],[]
1942,38.30%,0,[],[]
1943,चुनाव में हारने वाले लोपेज़ ओब्रादोर को 38.2% वोट मिले।,0,[],[]
1944,"क्लौडी हेग्नेरे को जीव विज्ञान और खेल चिकित्सा, विमानन और अंतरिक्ष दवा, और संधिशोथ में प्रमाणपत्र मिले।",0,[],[]
1945,ईएसए से क्लाउडी हैगनरे २००२ को सेवानिवृत्त हुई।,0,[],[]
1946,"अमेरिका में, मनुष्यों में रेबीज़ संक्रमण का सबसे आम स्रोत चमगादड़ का काटना है, और 5% से कम मामले कुत्तों से होते हैं।",0,[],[]
1948,लुफ्थांसा ने ब्रसेल्स एयरलाइन्स में 45% की हिस्सेदारी लेने की घोषणा की।,0,[],[]
1949,मेरे पास आपके प्रश्न का उत्तर नहीं है।,0,[],[]
1950,मेरे पास आपके प्रश्न का उत्तर नहीं है।,0,[],[]
1951,यूजर्स टैब से उपयोगकर्ता संपर्क तोड़ सकता है या लॉग ऑफ हो सकता है।,0,[],[]
1952,"उपयोगकर्ता बिना प्रशासनिक विशेषाधिकारों के लॉग इन कर सकता है, लेकिन वे ""प्रोसेसेज"" टैब में जा सकते हैं और एडमिनिस्ट्रेटिव राइट्स को सत्यापित करने के लिए ""शो प्रोसेसेज फ्रॉम दर यूजर्स"" पर क्लिक करना आवश्यक होगा। यह उन्हें एडमिनिस्ट्रेटिव खातों में आगे बढ़ने की अनुमति देता है।",0,[],[]
1953,मेरे पास आपके प्रश्न का उत्तर नहीं है।,0,[],[]
1954,19 जगहों पर यूरो को आधिकारिक मुद्रा जैसे इस्तेमाल किया जाता है।,0,[],[]
1955,यूरो का चलन 1999 में शुरू हुआ।,0,[],[]
1958,चेंजओवर की अवधि लगभग दो महीने तक रही।,0,[],[]
1959,मेरे पास आपके प्रश्न का उत्तर नहीं है।,0,[],[]
1960,ENIAC एक मॉड्यूलर कंप्यूटर था।,0,[],[]
1961,मेरे पास आपके प्रश्न का उत्तर नहीं है।,0,[],[]
1962,ट्यूबों की दो दिनों में लगभग एक ट्यूब अधिक टिकाऊ होती हैं।,0,[],[]
1963,"ENIAC को प्रचालन के जटिल अनुक्रमों के लिए प्रोग्रामित किया जा सकता था, जिसमें पाश, शाखाएं और उपनेमकाएं शामिल हो सकते थे। एक समस्या को लेने और मशीन पर मानचित्रण का कार्य जटिल था और आमतौर पर इसमें कई सप्ताह लग जाते थे।",0,[],[]
1964,निजी कुंजी को पासफ्रेज़ से लॉक किया जा सकता है।,0,[],[]
1965,वीडियो कोडिंग मानक का औपचारिक अनुमोदन मार्च 2003 में मिला।,0,[],[]
1966,16×16,0,[],[]
1967,फ्रेम नंबरिंग,0,[],[]
1968,रूस में आयोजित किए जा रहे थे।,0,[],[]
1969,310 एथलीटों ने भाग लिया।,0,[],[]
1970,तीन लोगों की मृत्यु हुई।,0,[],[]
1971,मैकडफ को किंग्स चैंबर में मैकबेथ के सोये हुए सेवकों की लाश मिलती है।,0,[],[]
1972,डनसिनेन कैसल के खिलाफ चढ़ाई की थी।,0,[],[]
1973,स्मिथ की माँ का नाम यावोन बेली था।,0,[],[]
1974,ज़ैडी स्मिथ के पास दो छोटे भाई हैं।,0,[],[]
1976,उसके माता-पिता ने तलाक उसके किशोर उम्र में लिया। वह उस समय 14 साल की थी।,0,[],[]
1978,सैंडलर को सकारात्मक समीक्षाएं पंच-ड्रंक लव (2002) के साथ शुरू हुईं।,0,[],[]
1979,मेरे पास आपके प्रश्न का उत्तर नहीं है।,0,[],[]
1980,"1937 में फ्लेमिंगो एल रिओ पर सवार थे: जिमी एन्जिल, मैरी, गुस्तावो हेनी और मिगुएल देल्गादो।",0,[],[]
1981,यात्रियों को भोजन की कमी और पूरी तरह से अंजान क्षेत्र के कारण उतरने की यात्रा करनी पड़ी थी।,0,[],[]
1982,हसन इब्न अल हैतम का लैटिन नाम Al-hazen है।,0,[],[]
1984,डांग भारत के गुजरात राज्य में स्थित है।,0,[],[]
1985,कॉलीन फैरिंगटन के दो कैरिएर थे - नाइटक्लब नृत्यांगना और प्लेबॉय पत्रिका मिस अक्टूबर 1957 के बीच के पन्नों पर आने वाली महिला।,0,[],[]
1986,दिल्ली और पुद्दुचेरी का प्रभार है।,0,[],[]
1987,मेरे पास आपके प्रश्न का उत्तर नहीं है।,0,[],[]
1988,बर्फीला दृश्य को 29 अप्रैल 2015 में एडलैयडी सेंट और चिंग लैन में फिल्माया गया।,0,[],[]
1989,फ़िल्मांकन कब शुरू हुआ?,0,[],[]
1989,"उत्तर: फ़िल्मांकन का आरंभ अप्रैल 13, 2015 से किया गया।",0,[],[]
1991,"द मार्टियन का प्रिमियर 2015 के सितम्बर 11 को टोरांटो अंतर्राष्ट्रीय फिल्म फेस्टिवल में हुआ। फिर अक्टूबर 2, 2015 को संयुक्त राष्ट्र के थियेटर में प्रदर्शित किया गया।",0,[],[]
1992,वाटनी अत्यंत क्रुद्ध होता है क्योंकि टीम को उनके जीवन की खबर नहीं दी गई थी।,0,[],[]
1993,वादी रम में फिल्मांकन कार्य तकरीबन 70 दिनों के अंदर पूरा हुआ।,0,[],[]
1994,"मक्का मस्जिद हैदराबाद, भारत में स्थित है।",0,[],[]
1995,"सवाल में दिए गए जानकारी के अनुसार, बम विस्फोट की तारीख 18 मई 2007 को दी गई है। इसलिए, बम विस्फोट नई दिल्ली से २०० किमी दूर फतेहपुर सीकरी के मक्का मस्जिद में 18 मई 2007 को हुआ था।",0,[],[]
1996,"बोर्ड ऑफ गवर्नर्स ने बोर्ड ऑफ डायरेक्टर्स और उनके सहायक के रूप में 12 सदस्यों को चुन सकता है। इसलिए, गवर्नर बोर्ड निदेशक मंडल के 12 सदस्य चुन सकता है।",0,[],[]
1997,मेरे पास आपके प्रश्न का उत्तर नहीं है।,0,[],[]
1998,अध्यक्ष का कार्यकाल 5 वर्षों का होता है।,0,[],[]
1999,बैंक का अध्यक्ष हमेशा कोई जापानी आदमी होता है क्योंकि यह परंपरागत रूप से इस तरह है और जापान बैंक के सर्वाधिक बड़े शेयरधारकों में से एक है।,0,[],[]