{
 "info": {
  "mtssquad": {
   "table": "v1"
  }
 },
 "benchmark_sizes": 1000,
 "reader_params": {
  "prompts": {
   "assistant": "\u041e\u0442\u0432\u0435\u0447\u0430\u0439 \u043d\u0430 \u043e\u0442\u0432\u0435\u0442\u044b, \u0438\u0441\u043f\u043e\u043b\u044c\u0437\u0443\u044f \u0438\u043d\u0444\u043e\u0440\u043c\u0430\u0446\u0438\u044e \u0438\u0437 \u0442\u0435\u043a\u0441\u0442\u043e\u0432 \u0432 \u0441\u043f\u0438\u0441\u043a\u0435 \u043d\u0438\u0436\u0435:",
   "system": "\u0422\u044b \u0432\u043e\u043f\u0440\u043e\u0441\u043d\u043e-\u043e\u0442\u0432\u0435\u0442\u043d\u0430\u044f \u0441\u0438\u0441\u0442\u0435\u043c\u0430. \u0412\u0441\u0435 \u043e\u0442\u0432\u0435\u0442\u044b \u0433\u0435\u043d\u0435\u0440\u0438\u0440\u0443\u0439 \u043d\u0430 \u0440\u0443\u0441\u0441\u043a\u043e\u043c \u044f\u0437\u044b\u043a\u0435. \u041f\u043e \u0432\u043e\u043f\u0440\u043e\u0441\u0430\u043c \u043e\u0442\u0432\u0435\u0447\u0430\u0439 \u043a\u0440\u0430\u0442\u043a\u043e, \u0447\u0451\u0442\u043a\u043e \u0438 \u043a\u043e\u043d\u043a\u0440\u0435\u0442\u043d\u043e. \u041d\u0435 \u0433\u0435\u043d\u0435\u0440\u0438\u0440\u0443\u0439 \u0438\u0437\u043b\u0438\u0448\u043d\u044e\u044e \u0438\u043d\u0444\u043e\u0440\u043c\u0430\u0446\u0438\u044e."
  },
  "gen": {
   "max_new_tokens": 512,
   "eos_token_id": 79097
  }
 },
 "reader_scores": {
  "mtssquad": {
   "BLEU2": 0.38079,
   "BLEU1": 0.46252,
   "ExactMatch": 0.048,
   "METEOR": 0.63282,
   "BertScore": {
    "precision": 0.39476,
    "recall": 0.39823,
    "f1": 0.39576,
    "hash": "/trinity/home/team06/workspace/mikhail_workspace/rag_project/models/ru_electra_medium_LNone_no-idf"
   },
   "elapsed_time_sec": 1297.616
  }
 }
}